"GEO_ID","NAME","B14001_001E","B14001_001M","B14001_002E","B14001_002M","B14001_003E","B14001_003M","B14001_004E","B14001_004M","B14001_005E","B14001_005M","B14001_006E","B14001_006M","B14001_007E","B14001_007M","B14001_008E","B14001_008M","B14001_009E","B14001_009M","B14001_010E","B14001_010M",
"Geography","Geographic Area Name","Estimate!!Total:","Margin of Error!!Total:","Estimate!!Total:!!Enrolled in school:","Margin of Error!!Total:!!Enrolled in school:","Estimate!!Total:!!Enrolled in school:!!Enrolled in nursery school, preschool","Margin of Error!!Total:!!Enrolled in school:!!Enrolled in nursery school, preschool","Estimate!!Total:!!Enrolled in school:!!Enrolled in kindergarten","Margin of Error!!Total:!!Enrolled in school:!!Enrolled in kindergarten","Estimate!!Total:!!Enrolled in school:!!Enrolled in grade 1 to grade 4","Margin of Error!!Total:!!Enrolled in school:!!Enrolled in grade 1 to grade 4","Estimate!!Total:!!Enrolled in school:!!Enrolled in grade 5 to grade 8","Margin of Error!!Total:!!Enrolled in school:!!Enrolled in grade 5 to grade 8","Estimate!!Total:!!Enrolled in school:!!Enrolled in grade 9 to grade 12","Margin of Error!!Total:!!Enrolled in school:!!Enrolled in grade 9 to grade 12","Estimate!!Total:!!Enrolled in school:!!Enrolled in college, undergraduate years","Margin of Error!!Total:!!Enrolled in school:!!Enrolled in college, undergraduate years","Estimate!!Total:!!Enrolled in school:!!Graduate or professional school","Margin of Error!!Total:!!Enrolled in school:!!Graduate or professional school","Estimate!!Total:!!Not enrolled in school","Margin of Error!!Total:!!Not enrolled in school",
"1400000US06073000100","Census Tract 1; San Diego County; California","2850","322","716","125","68","62","31","32","119","76","105","69","229","106","117","69","47","37","2134","274",
"1400000US06073000201","Census Tract 2.01; San Diego County; California","2251","333","459","112","44","43","7","11","77","54","135","60","111","61","21","22","64","51","1792","262",
"1400000US06073000202","Census Tract 2.02; San Diego County; California","3677","516","343","155","29","38","51","48","39","50","60","56","39","62","79","72","46","54","3334","446",
"1400000US06073000301","Census Tract 3.01; San Diego County; California","2299","364","244","131","0","14","0","14","32","37","0","14","27","44","121","77","64","53","2055","368",
"1400000US06073000302","Census Tract 3.02; San Diego County; California","2873","327","131","95","0","14","13","21","0","14","38","42","0","14","24","29","56","85","2742","319",
"1400000US06073000400","Census Tract 4; San Diego County; California","4219","491","532","221","0","14","32","45","8","18","64","76","12","12","118","91","298","182","3687","551",
"1400000US06073000500","Census Tract 5; San Diego County; California","2833","356","399","143","34","38","0","14","54","46","77","80","61","61","41","38","132","82","2434","296",
"1400000US06073000600","Census Tract 6; San Diego County; California","3179","344","261","113","0","14","38","29","34","55","0","14","0","14","103","67","86","72","2918","359",
"1400000US06073000700","Census Tract 7; San Diego County; California","4176","538","470","216","48","42","25","42","25","41","0","14","28","52","208","126","136","117","3706","521",
"1400000US06073000800","Census Tract 8; San Diego County; California","5210","602","834","257","39","37","50","44","62","57","83","65","115","94","249","144","236","190","4376","655",
"1400000US06073000901","Census Tract 9.01; San Diego County; California","3539","389","423","223","0","14","0","14","0","14","48","41","0","14","206","162","169","127","3116","377",
"1400000US06073000902","Census Tract 9.02; San Diego County; California","2432","326","290","155","10","20","0","14","31","39","10","24","38","47","127","115","74","58","2142","284",
"1400000US06073001000","Census Tract 10; San Diego County; California","4859","569","798","277","0","14","84","62","112","64","169","160","86","90","157","104","190","110","4061","444",
"1400000US06073001100","Census Tract 11; San Diego County; California","2989","375","550","177","41","65","25","30","98","64","82","67","33","33","168","120","103","73","2439","307",
"1400000US06073001201","Census Tract 12.01; San Diego County; California","1982","544","517","323","0","14","12","20","0","14","56","73","18","28","370","308","61","66","1465","326",
"1400000US06073001202","Census Tract 12.02; San Diego County; California","3020","461","540","136","10","17","0","14","69","59","76","66","43","37","225","131","117","82","2480","450",
"1400000US06073001301","Census Tract 13.01; San Diego County; California","2816","463","455","168","0","14","30","33","51","36","62","59","36","37","222","143","54","42","2361","381",
"1400000US06073001302","Census Tract 13.02; San Diego County; California","3170","282","572","205","16","23","37","26","35","30","57","49","25","27","229","168","173","91","2598","289",
"1400000US06073001400","Census Tract 14; San Diego County; California","3251","361","451","159","41","29","6","10","84","46","11","13","81","50","33","35","195","140","2800","325",
"1400000US06073001500","Census Tract 15; San Diego County; California","3898","297","629","126","166","80","0","14","96","52","82","54","63","54","144","75","78","60","3269","310",
"1400000US06073001600","Census Tract 16; San Diego County; California","5819","1028","1440","600","17","31","172","187","344","191","178","108","207","158","498","314","24","36","4379","806",
"1400000US06073001700","Census Tract 17; San Diego County; California","4743","495","817","277","104","117","0","14","23","48","141","138","81","89","346","181","122","85","3926","463",
"1400000US06073001801","Census Tract 18.01; San Diego County; California","1925","304","422","199","56","58","8","18","68","61","54","60","62","57","158","112","16","18","1503","304",
"1400000US06073001802","Census Tract 18.02; San Diego County; California","3475","598","651","315","30","44","39","53","22","32","75","49","42","38","233","149","210","214","2824","377",
"1400000US06073001900","Census Tract 19; San Diego County; California","3084","339","416","130","8","14","44","30","99","62","70","53","21","23","135","111","39","33","2668","312",
"1400000US06073002001","Census Tract 20.01; San Diego County; California","3496","458","580","167","30","45","49","56","97","63","155","65","106","69","72","41","71","52","2916","435",
"1400000US06073002002","Census Tract 20.02; San Diego County; California","2658","389","547","156","40","40","105","41","118","144","41","48","142","52","71","72","30","26","2111","311",
"1400000US06073002100","Census Tract 21; San Diego County; California","5184","831","1142","329","46","39","54","57","65","57","173","144","234","224","381","177","189","161","4042","675",
"1400000US06073002201","Census Tract 22.01; San Diego County; California","3127","693","764","265","42","59","55","48","226","150","91","90","112","96","193","136","45","55","2363","580",
"1400000US06073002202","Census Tract 22.02; San Diego County; California","4481","629","1423","301","0","14","56","34","349","143","347","187","262","95","294","243","115","107","3058","447",
"1400000US06073002301","Census Tract 23.01; San Diego County; California","3174","595","742","229","0","14","103","63","42","42","125","96","106","80","196","127","170","152","2432","451",
"1400000US06073002302","Census Tract 23.02; San Diego County; California","5983","1611","1650","561","86","116","16","32","232","124","290","175","327","190","681","421","18","31","4333","1229",
"1400000US06073002401","Census Tract 24.01; San Diego County; California","4128","693","1154","369","27","33","49","45","223","132","248","189","210","165","247","102","150","96","2974","383",
"1400000US06073002402","Census Tract 24.02; San Diego County; California","4528","634","1087","224","40","44","7","15","245","84","303","128","275","87","172","96","45","40","3441","587",
"1400000US06073002501","Census Tract 25.01; San Diego County; California","4845","484","1502","318","103","84","55","52","260","82","330","98","289","115","421","188","44","43","3343","347",
"1400000US06073002502","Census Tract 25.02; San Diego County; California","6938","906","1917","491","47","56","22","46","636","200","725","294","210","112","205","125","72","72","5021","588",
"1400000US06073002601","Census Tract 26.01; San Diego County; California","5596","774","1506","417","113","116","90","78","399","223","141","108","502","187","214","85","47","53","4090","582",
"1400000US06073002602","Census Tract 26.02; San Diego County; California","4428","751","1099","262","0","14","32","36","245","121","217","95","289","117","283","123","33","49","3329","702",
"1400000US06073002702","Census Tract 27.02; San Diego County; California","5473","574","1361","376","119","95","0","19","257","138","211","136","378","224","268","155","128","92","4112","381",
"1400000US06073002703","Census Tract 27.03; San Diego County; California","6876","1238","1742","428","43","42","10","18","366","235","261","141","514","184","504","389","44","42","5134","894",
"1400000US06073002705","Census Tract 27.05; San Diego County; California","4469","632","1038","340","52","54","47","58","227","252","176","87","183","97","327","141","26","35","3431","460",
"1400000US06073002707","Census Tract 27.07; San Diego County; California","5064","1045","1017","358","0","19","77","81","192","93","246","146","339","196","163","95","0","19","4047","981",
"1400000US06073002708","Census Tract 27.08; San Diego County; California","4607","593","1660","432","18","31","111","87","272","181","398","197","330","170","425","247","106","148","2947","439",
"1400000US06073002709","Census Tract 27.09; San Diego County; California","3856","804","1258","496","39","58","34","31","285","172","347","226","351","214","202","104","0","14","2598","425",
"1400000US06073002710","Census Tract 27.10; San Diego County; California","3993","508","1034","239","120","77","60","55","227","110","192","98","175","107","222","142","38","46","2959","491",
"1400000US06073002711","Census Tract 27.11; San Diego County; California","3455","454","1286","325","81","55","46","34","144","69","351","142","133","87","450","181","81","65","2169","231",
"1400000US06073002712","Census Tract 27.12; San Diego County; California","5005","733","1543","337","60","72","106","83","220","115","230","98","204","116","625","225","98","88","3462","576",
"1400000US06073002801","Census Tract 28.01; San Diego County; California","5214","428","4324","380","18","17","0","19","45","40","40","35","41","26","4088","369","92","61","890","153",
"1400000US06073002803","Census Tract 28.03; San Diego County; California","5377","538","1114","240","0","19","0","19","208","145","152","94","252","102","422","179","80","75","4263","471",
"1400000US06073002804","Census Tract 28.04; San Diego County; California","5939","985","3620","1015","17","20","74","85","173","103","114","79","79","64","2978","873","185","135","2319","339",
"1400000US06073002902","Census Tract 29.02; San Diego County; California","5803","573","1603","583","47","74","59","73","234","123","102","102","109","112","934","507","118","109","4200","452",
"1400000US06073002903","Census Tract 29.03; San Diego County; California","4201","772","1289","710","103","75","0","14","254","106","95","72","119","61","644","694","74","60","2912","286",
"1400000US06073002904","Census Tract 29.04; San Diego County; California","9627","1026","6460","826","96","78","0","19","215","55","215","120","75","85","5651","861","208","148","3167","586",
"1400000US06073002905","Census Tract 29.05; San Diego County; California","4494","537","1089","277","0","14","41","59","149","120","145","102","140","74","526","189","88","67","3405","363",
"1400000US06073003001","Census Tract 30.01; San Diego County; California","4112","553","1066","269","68","59","53","53","181","159","153","70","200","98","336","128","75","96","3046","443",
"1400000US06073003003","Census Tract 30.03; San Diego County; California","4746","554","1023","282","74","80","9","14","214","82","244","133","228","109","254","125","0","14","3723","445",
"1400000US06073003004","Census Tract 30.04; San Diego County; California","5312","700","1704","322","11","18","16","26","379","156","310","109","417","143","499","193","72","68","3608","636",
"1400000US06073003101","Census Tract 31.01; San Diego County; California","4058","699","1206","439","62","58","34","35","204","152","280","153","224","140","367","183","35","39","2852","461",
"1400000US06073003103","Census Tract 31.03; San Diego County; California","6130","791","1508","263","20","31","90","69","248","100","398","190","327","138","357","135","68","48","4622","686",
"1400000US06073003105","Census Tract 31.05; San Diego County; California","4850","971","1319","525","66","86","94","122","205","151","260","117","236","173","442","384","16","20","3531","707",
"1400000US06073003107","Census Tract 31.07; San Diego County; California","5415","697","1266","247","74","59","41","33","398","138","177","82","226","99","310","130","40","38","4149","674",
"1400000US06073003108","Census Tract 31.08; San Diego County; California","3310","341","889","174","40","44","23","33","253","75","158","60","145","56","162","58","108","58","2421","286",
"1400000US06073003109","Census Tract 31.09; San Diego County; California","3082","545","481","153","0","14","22","21","107","59","74","54","36","24","195","122","47","27","2601","475",
"1400000US06073003111","Census Tract 31.11; San Diego County; California","5972","851","1797","555","7","12","175","157","363","155","283","135","506","278","388","159","75","66","4175","533",
"1400000US06073003112","Census Tract 31.12; San Diego County; California","4132","620","1083","258","64","75","101","80","425","144","201","112","130","78","125","90","37","40","3049","458",
"1400000US06073003113","Census Tract 31.13; San Diego County; California","4601","522","1121","224","9","14","25","29","130","67","229","103","289","83","322","90","117","59","3480","400",
"1400000US06073003114","Census Tract 31.14; San Diego County; California","3160","523","671","226","45","45","22","24","180","89","124","70","35","28","249","162","16","14","2489","422",
"1400000US06073003115","Census Tract 31.15; San Diego County; California","5833","520","1448","322","40","43","161","107","375","155","223","91","244","116","367","159","38","34","4385","461",
"1400000US06073003201","Census Tract 32.01; San Diego County; California","4941","1132","1158","413","6","9","29","33","390","214","294","171","136","97","298","191","5","9","3783","846",
"1400000US06073003202","Census Tract 32.02; San Diego County; California","4867","634","1170","246","54","54","107","76","197","99","308","140","169","116","313","136","22","31","3697","511",
"1400000US06073003204","Census Tract 32.04; San Diego County; California","3449","560","755","244","38","51","23","25","110","67","218","77","130","84","196","92","40","43","2694","440",
"1400000US06073003207","Census Tract 32.07; San Diego County; California","5691","757","1125","330","0","19","160","139","490","223","160","109","94","74","221","143","0","19","4566","605",
"1400000US06073003208","Census Tract 32.08; San Diego County; California","6524","1384","1929","736","0","19","100","110","618","464","309","182","215","125","629","368","58","60","4595","947",
"1400000US06073003209","Census Tract 32.09; San Diego County; California","5280","785","1118","272","8","14","0","19","244","111","224","125","256","110","280","133","106","81","4162","701",
"1400000US06073003211","Census Tract 32.11; San Diego County; California","3070","438","843","219","13","16","86","68","179","69","222","77","108","62","166","76","69","73","2227","315",
"1400000US06073003212","Census Tract 32.12; San Diego County; California","3628","413","836","213","43","39","13","21","191","82","140","78","193","96","236","128","20","23","2792","300",
"1400000US06073003213","Census Tract 32.13; San Diego County; California","3914","483","907","305","7","14","10","16","196","104","224","114","198","131","201","90","71","64","3007","460",
"1400000US06073003214","Census Tract 32.14; San Diego County; California","4300","533","980","238","22","33","57","54","298","108","240","112","119","68","156","88","88","84","3320","460",
"1400000US06073003301","Census Tract 33.01; San Diego County; California","3373","604","1157","241","33","30","92","61","364","163","305","122","144","105","173","81","46","38","2216","433",
"1400000US06073003303","Census Tract 33.03; San Diego County; California","4286","529","1512","328","24","38","10","18","422","142","291","129","329","151","298","191","138","101","2774","435",
"1400000US06073003304","Census Tract 33.04; San Diego County; California","3181","434","1210","314","60","60","54","51","262","106","177","95","335","136","290","156","32","47","1971","241",
"1400000US06073003305","Census Tract 33.05; San Diego County; California","6105","940","2359","473","23","39","216","106","245","110","843","308","608","210","388","154","36","37","3746","610",
"1400000US06073003401","Census Tract 34.01; San Diego County; California","5941","774","1074","375","57","66","70","77","155","117","24","37","144","121","410","276","214","139","4867","830",
"1400000US06073003403","Census Tract 34.03; San Diego County; California","3329","444","930","199","48","45","36","38","118","71","206","106","219","106","244","215","59","57","2399","377",
"1400000US06073003404","Census Tract 34.04; San Diego County; California","4512","794","1654","450","24","30","21","31","294","209","357","141","388","165","552","224","18","22","2858","522",
"1400000US06073003501","Census Tract 35.01; San Diego County; California","3414","522","1006","284","87","83","49","49","128","91","232","127","195","120","292","123","23","41","2408","431",
"1400000US06073003502","Census Tract 35.02; San Diego County; California","4518","1120","1017","292","37","42","34","37","196","88","208","92","294","190","212","142","36","43","3501","1045",
"1400000US06073003601","Census Tract 36.01; San Diego County; California","3047","902","1025","419","49","39","97","56","229","199","188","102","309","145","114","58","39","29","2022","503",
"1400000US06073003602","Census Tract 36.02; San Diego County; California","3143","689","1027","339","0","14","103","102","97","85","232","104","325","138","163","64","107","68","2116","403",
"1400000US06073003603","Census Tract 36.03; San Diego County; California","3243","445","927","269","29","41","47","54","127","125","154","104","306","131","239","99","25","34","2316","327",
"1400000US06073003800","Census Tract 38; San Diego County; California","4573","127","427","124","0","14","0","14","0","14","0","14","17","28","342","118","68","55","4146","160",
"1400000US06073003901","Census Tract 39.01; San Diego County; California","4067","669","1126","285","80","78","0","14","170","98","192","99","433","162","200","110","51","49","2941","518",
"1400000US06073003902","Census Tract 39.02; San Diego County; California","3595","646","873","256","0","14","32","29","186","104","193","99","192","116","221","91","49","40","2722","472",
"1400000US06073004000","Census Tract 40; San Diego County; California","4013","788","1247","545","74","94","140","92","239","103","295","264","271","144","204","118","24","25","2766","452",
"1400000US06073004101","Census Tract 41.01; San Diego County; California","3854","534","475","204","0","14","8","12","7","12","110","116","96","106","121","96","133","91","3379","500",
"1400000US06073004102","Census Tract 41.02; San Diego County; California","2070","475","396","114","0","14","0","14","27","37","98","47","42","35","155","95","74","46","1674","484",
"1400000US06073004200","Census Tract 42; San Diego County; California","5302","611","1347","358","29","38","8","22","256","133","285","140","299","133","294","157","176","110","3955","496",
"1400000US06073004300","Census Tract 43; San Diego County; California","4086","544","747","213","72","53","28","29","163","79","184","85","133","80","121","72","46","29","3339","434",
"1400000US06073004400","Census Tract 44; San Diego County; California","3862","515","604","213","76","53","23","29","133","83","154","105","91","74","57","48","70","52","3258","393",
"1400000US06073004501","Census Tract 45.01; San Diego County; California","2532","241","328","147","8","13","14","20","59","66","19","24","8","24","168","73","52","49","2204","242",
"1400000US06073004600","Census Tract 46; San Diego County; California","2021","378","171","90","0","14","0","14","32","31","24","27","0","14","87","54","28","48","1850","373",
"1400000US06073004700","Census Tract 47; San Diego County; California","1529","303","341","110","0","14","0","14","61","38","100","78","65","38","77","48","38","33","1188","280",
"1400000US06073004800","Census Tract 48; San Diego County; California","3234","629","648","272","100","116","30","58","108","87","146","168","105","86","137","88","22","36","2586","532",
"1400000US06073004900","Census Tract 49; San Diego County; California","5302","850","1300","380","96","94","217","217","118","92","307","145","230","90","257","154","75","75","4002","624",
"1400000US06073005000","Census Tract 50; San Diego County; California","1815","346","507","165","43","43","27","38","82","54","57","44","166","104","132","71","0","14","1308","301",
"1400000US06073005101","Census Tract 51.01; San Diego County; California","3953","886","761","604","71","117","14","22","123","118","220","185","108","137","175","132","50","42","3192","398",
"1400000US06073005102","Census Tract 51.02; San Diego County; California","5101","459","645","260","32","51","0","19","0","19","0","19","0","19","475","244","138","98","4456","511",
"1400000US06073005103","Census Tract 51.03; San Diego County; California","2920","506","624","251","23","32","11","27","38","37","86","64","287","182","179","144","0","14","2296","370",
"1400000US06073005201","Census Tract 52.01; San Diego County; California","3503","546","895","381","73","110","0","14","70","106","155","157","36","43","458","275","103","72","2608","425",
"1400000US06073005202","Census Tract 52.02; San Diego County; California","5665","715","942","358","95","47","13","20","17","57","145","105","0","19","338","195","334","252","4723","724",
"1400000US06073005301","Census Tract 53.01; San Diego County; California","3849","427","433","207","0","14","0","14","0","14","0","14","50","81","360","180","23","35","3416","420",
"1400000US06073005302","Census Tract 53.02; San Diego County; California","4408","418","627","244","27","41","0","14","23","34","0","14","93","58","263","161","221","202","3781","409",
"1400000US06073005401","Census Tract 54.01; San Diego County; California","1825","401","82","52","0","14","0","14","0","14","0","14","0","14","15","26","67","44","1743","408",
"1400000US06073005402","Census Tract 54.02; San Diego County; California","4518","849","452","214","55","63","0","14","25","35","0","14","38","53","257","173","77","118","4066","817",
"1400000US06073005403","Census Tract 54.03; San Diego County; California","2386","360","196","114","0","14","0","14","0","14","0","14","32","32","36","48","128","96","2190","338",
"1400000US06073005500","Census Tract 55; San Diego County; California","290","116","69","78","0","14","19","24","19","25","19","25","6","12","6","12","0","14","221","49",
"1400000US06073005601","Census Tract 56.01; San Diego County; California","2803","545","172","138","0","14","0","14","0","14","0","14","57","93","0","14","115","100","2631","517",
"1400000US06073005602","Census Tract 56.02; San Diego County; California","2055","268","281","123","72","52","5","28","0","14","0","14","0","14","183","143","21","31","1774","299",
"1400000US06073005700","Census Tract 57; San Diego County; California","2379","201","310","185","0","14","0","14","0","14","34","52","54","100","172","81","50","39","2069","256",
"1400000US06073005801","Census Tract 58.01; San Diego County; California","1913","307","260","148","0","14","0","14","0","14","54","86","25","39","87","88","94","75","1653","246",
"1400000US06073005802","Census Tract 58.02; San Diego County; California","2897","472","175","98","0","14","3","15","39","42","0","14","0","14","53","56","80","59","2722","437",
"1400000US06073005900","Census Tract 59; San Diego County; California","3124","368","459","181","0","14","0","14","11","20","43","43","18","27","86","66","301","165","2665","321",
"1400000US06073006000","Census Tract 60; San Diego County; California","4862","437","538","231","22","39","28","45","0","14","47","61","54","49","187","130","200","154","4324","385",
"1400000US06073006100","Census Tract 61; San Diego County; California","2094","370","542","194","0","14","0","14","16","28","92","65","138","110","165","98","131","66","1552","262",
"1400000US06073006200","Census Tract 62; San Diego County; California","28","3","0","14","0","14","0","14","0","14","0","14","0","14","0","14","0","14","28","3",
"1400000US06073006300","Census Tract 63; San Diego County; California","2038","118","304","226","0","14","0","14","0","14","0","14","137","148","167","98","0","14","1734","252",
"1400000US06073006500","Census Tract 65; San Diego County; California","3636","403","428","150","0","14","3","11","261","85","12","19","33","41","119","105","0","14","3208","366",
"1400000US06073006600","Census Tract 66; San Diego County; California","1842","267","732","160","183","87","51","42","208","73","165","72","49","39","53","35","23","23","1110","167",
"1400000US06073006801","Census Tract 68.01; San Diego County; California","3037","521","617","188","53","47","85","74","23","27","41","52","59","60","273","152","83","58","2420","472",
"1400000US06073006802","Census Tract 68.02; San Diego County; California","5283","579","840","283","69","73","25","36","133","102","117","91","92","60","331","148","73","88","4443","545",
"1400000US06073006900","Census Tract 69; San Diego County; California","5894","1045","1579","562","116","74","54","55","342","127","556","438","95","80","354","358","62","57","4315","592",
"1400000US06073007002","Census Tract 70.02; San Diego County; California","2930","283","526","157","71","45","20","22","99","58","132","63","139","64","50","40","15","20","2404","254",
"1400000US06073007100","Census Tract 71; San Diego County; California","4135","601","684","267","34","38","55","44","121","79","51","66","129","106","118","98","176","86","3451","530",
"1400000US06073007200","Census Tract 72; San Diego County; California","5610","316","2585","169","59","45","51","37","219","68","159","81","145","79","1892","99","60","41","3025","298",
"1400000US06073007302","Census Tract 73.02; San Diego County; California","2543","398","721","189","37","31","26","18","241","181","132","68","170","57","76","39","39","26","1822","280",
"1400000US06073007303","Census Tract 73.03; San Diego County; California","1568","187","224","95","7","12","0","14","6","9","49","41","42","32","72","63","48","37","1344","173",
"1400000US06073007304","Census Tract 73.04; San Diego County; California","3716","513","711","389","25","33","0","14","38","31","41","54","36","41","421","376","150","86","3005","444",
"1400000US06073007401","Census Tract 74.01; San Diego County; California","2566","471","446","146","121","68","0","14","84","50","27","35","38","36","115","96","61","66","2120","434",
"1400000US06073007402","Census Tract 74.02; San Diego County; California","3510","615","714","251","180","188","14","23","167","116","53","47","139","129","24","29","137","70","2796","491",
"1400000US06073007501","Census Tract 75.01; San Diego County; California","3784","699","659","287","95","86","64","52","44","53","0","14","0","14","211","130","245","246","3125","518",
"1400000US06073007502","Census Tract 75.02; San Diego County; California","2919","332","385","121","18","25","0","14","78","40","32","30","41","43","110","61","106","81","2534","300",
"1400000US06073007601","Census Tract 76.01; San Diego County; California","1755","440","314","133","1","11","0","14","55","53","0","14","58","57","179","172","21","29","1441","366",
"1400000US06073007602","Census Tract 76.02; San Diego County; California","1774","458","191","264","0","14","0","14","0","14","0","14","0","14","180","265","11","17","1583","423",
"1400000US06073007701","Census Tract 77.01; San Diego County; California","3872","801","414","158","43","51","26","43","10","19","0","14","122","100","103","89","110","105","3458","752",
"1400000US06073007702","Census Tract 77.02; San Diego County; California","3335","553","560","225","19","28","0","14","58","94","47","44","70","66","174","109","192","189","2775","439",
"1400000US06073007800","Census Tract 78; San Diego County; California","5709","931","1196","307","114","171","73","86","290","175","251","110","101","92","204","122","163","95","4513","955",
"1400000US06073007905","Census Tract 79.05; San Diego County; California","2674","396","483","151","32","29","0","14","75","88","6","10","37","44","216","134","117","89","2191","344",
"1400000US06073007907","Census Tract 79.07; San Diego County; California","3059","439","698","243","8","14","0","14","21","29","12","33","58","58","476","249","123","92","2361","310",
"1400000US06073007908","Census Tract 79.08; San Diego County; California","3086","467","447","200","13","20","0","14","0","14","0","14","64","62","217","138","153","80","2639","496",
"1400000US06073007910","Census Tract 79.10; San Diego County; California","2972","459","266","82","51","42","11","17","0","14","0","14","33","34","87","52","84","60","2706","463",
"1400000US06073007911","Census Tract 79.11; San Diego County; California","2419","311","349","177","0","14","0","14","24","37","11","20","84","59","182","152","48","44","2070","312",
"1400000US06073007912","Census Tract 79.12; San Diego County; California","1657","232","144","100","0","14","0","14","19","25","19","25","0","14","18","29","88","68","1513","207",
"1400000US06073008002","Census Tract 80.02; San Diego County; California","2581","301","630","147","0","14","36","37","179","102","139","72","108","69","138","58","30","27","1951","228",
"1400000US06073008003","Census Tract 80.03; San Diego County; California","3429","536","443","121","26","28","47","34","56","51","71","49","64","46","77","59","102","74","2986","509",
"1400000US06073008006","Census Tract 80.06; San Diego County; California","3768","498","605","162","19","23","32","37","117","78","71","65","122","129","78","60","166","105","3163","448",
"1400000US06073008101","Census Tract 81.01; San Diego County; California","3411","595","471","159","9","18","24","29","62","67","63","55","104","64","114","77","95","62","2940","542",
"1400000US06073008102","Census Tract 81.02; San Diego County; California","3403","480","554","107","15","20","35","30","103","55","149","57","191","66","61","43","0","14","2849","448",
"1400000US06073008201","Census Tract 82.01; San Diego County; California","1785","268","243","103","29","26","11","16","113","71","25","25","31","26","15","33","19","29","1542","256",
"1400000US06073008202","Census Tract 82.02; San Diego County; California","1190","235","30","29","0","14","0","14","0","14","0","14","0","14","13","15","17","25","1160","228",
"1400000US06073008301","Census Tract 83.01; San Diego County; California","3086","320","563","138","115","82","30","32","144","72","130","75","77","48","11","17","56","39","2523","284",
"1400000US06073008303","Census Tract 83.03; San Diego County; California","2976","580","702","312","39","29","98","142","199","170","71","40","159","70","90","67","46","36","2274","311",
"1400000US06073008305","Census Tract 83.05; San Diego County; California","11120","400","10533","369","0","21","17","14","29","22","4","8","64","50","8655","475","1764","354","587","160",
"1400000US06073008306","Census Tract 83.06; San Diego County; California","2651","268","626","141","39","35","1","10","112","53","213","84","106","63","87","56","68","58","2025","199",
"1400000US06073008307","Census Tract 83.07; San Diego County; California","4100","703","1134","409","101","100","135","130","199","206","151","77","237","119","230","162","81","57","2966","383",
"1400000US06073008310","Census Tract 83.10; San Diego County; California","6350","734","1477","348","240","110","124","73","182","102","222","169","276","127","290","149","143","103","4873","619",
"1400000US06073008311","Census Tract 83.11; San Diego County; California","2676","313","646","111","14","23","10","18","187","84","100","58","137","69","144","86","54","55","2030","269",
"1400000US06073008312","Census Tract 83.12; San Diego County; California","4054","531","1273","295","33","40","78","73","121","76","170","86","162","91","433","225","276","148","2781","344",
"1400000US06073008313","Census Tract 83.13; San Diego County; California","2095","254","576","135","80","41","24","27","84","58","104","46","177","76","64","50","43","35","1519","185",
"1400000US06073008324","Census Tract 83.24; San Diego County; California","6838","686","1595","322","272","181","33","52","180","94","332","161","405","149","162","132","211","138","5243","641",
"1400000US06073008327","Census Tract 83.27; San Diego County; California","5740","723","1227","392","136","179","38","46","177","109","130","83","439","220","228","179","79","74","4513","475",
"1400000US06073008328","Census Tract 83.28; San Diego County; California","7510","790","2618","405","106","95","19","30","386","159","831","257","826","266","316","175","134","121","4892","596",
"1400000US06073008330","Census Tract 83.30; San Diego County; California","5120","789","1764","560","230","146","111","154","573","352","235","103","488","152","127","88","0","19","3356","296",
"1400000US06073008331","Census Tract 83.31; San Diego County; California","2605","411","726","173","25","18","29","26","116","45","150","60","241","92","131","88","34","23","1879","257",
"1400000US06073008336","Census Tract 83.36; San Diego County; California","2040","195","480","111","35","27","29","20","107","50","121","48","78","31","84","43","26","15","1560","152",
"1400000US06073008337","Census Tract 83.37; San Diego County; California","4761","688","1276","328","98","74","30","27","252","165","312","143","366","102","173","70","45","60","3485","496",
"1400000US06073008339","Census Tract 83.39; San Diego County; California","1774","282","560","210","8","13","18","21","14","17","14","18","18","24","412","196","76","51","1214","190",
"1400000US06073008343","Census Tract 83.43; San Diego County; California","4015","431","1308","388","35","34","26","32","40","32","156","76","84","60","854","372","113","85","2707","378",
"1400000US06073008344","Census Tract 83.44; San Diego County; California","3256","450","663","190","62","43","19","21","179","88","104","87","146","71","146","87","7","12","2593","366",
"1400000US06073008345","Census Tract 83.45; San Diego County; California","3977","612","1043","329","50","54","132","165","173","161","202","153","134","97","267","152","85","62","2934","395",
"1400000US06073008346","Census Tract 83.46; San Diego County; California","4100","360","843","194","107","56","40","28","171","72","98","59","128","62","222","93","77","92","3257","270",
"1400000US06073008347","Census Tract 83.47; San Diego County; California","6313","685","1436","341","10","18","91","68","343","89","133","101","157","110","549","229","153","93","4877","545",
"1400000US06073008348","Census Tract 83.48; San Diego County; California","4936","472","845","188","34","33","62","39","182","65","145","75","158","87","208","82","56","37","4091","450",
"1400000US06073008349","Census Tract 83.49; San Diego County; California","3424","407","743","194","55","56","142","134","132","71","126","62","66","41","152","69","70","69","2681","281",
"1400000US06073008350","Census Tract 83.50; San Diego County; California","6253","697","1532","329","96","90","76","55","318","126","267","131","141","95","437","177","197","141","4721","547",
"1400000US06073008351","Census Tract 83.51; San Diego County; California","4873","772","1132","306","36","42","49","35","64","46","185","110","233","99","316","138","249","189","3741","607",
"1400000US06073008352","Census Tract 83.52; San Diego County; California","3677","1187","1105","574","205","253","44","46","180","157","105","62","271","159","211","104","89","89","2572","656",
"1400000US06073008353","Census Tract 83.53; San Diego County; California","4167","521","972","217","64","70","40","33","175","80","148","89","165","94","290","109","90","90","3195","394",
"1400000US06073008355","Census Tract 83.55; San Diego County; California","2922","210","588","128","12","16","5","8","128","55","142","59","126","65","119","46","56","37","2334","215",
"1400000US06073008356","Census Tract 83.56; San Diego County; California","3917","563","890","327","118","143","0","14","279","152","112","71","135","104","187","95","59","38","3027","376",
"1400000US06073008357","Census Tract 83.57; San Diego County; California","4489","501","1105","272","46","42","39","34","117","69","147","76","184","99","492","230","80","59","3384","348",
"1400000US06073008358","Census Tract 83.58; San Diego County; California","5754","959","1183","404","59","63","28","44","257","169","187","80","82","57","447","252","123","93","4571","707",
"1400000US06073008359","Census Tract 83.59; San Diego County; California","4114","605","895","213","18","22","8","13","198","96","105","102","187","94","275","100","104","58","3219","463",
"1400000US06073008360","Census Tract 83.60; San Diego County; California","6312","1546","1801","786","148","113","0","19","535","317","506","465","42","49","447","169","123","81","4511","1021",
"1400000US06073008361","Census Tract 83.61; San Diego County; California","2713","359","880","277","0","14","45","58","19","25","48","24","57","48","579","254","132","77","1833","264",
"1400000US06073008362","Census Tract 83.62; San Diego County; California","3262","612","863","370","25","30","56","42","108","52","95","139","209","172","245","115","125","87","2399","370",
"1400000US06073008363","Census Tract 83.63; San Diego County; California","5495","587","2963","526","99","32","58","48","36","58","58","86","130","94","2198","547","384","154","2532","361",
"1400000US06073008364","Census Tract 83.64; San Diego County; California","4338","496","1498","335","17","27","20","31","76","68","115","71","69","61","742","274","459","229","2840","437",
"1400000US06073008365","Census Tract 83.65; San Diego County; California","2526","323","593","114","35","25","18","17","97","48","73","29","154","49","145","64","71","40","1933","282",
"1400000US06073008366","Census Tract 83.66; San Diego County; California","6992","1083","1860","516","97","69","71","58","374","212","529","244","420","122","193","118","176","117","5132","678",
"1400000US06073008367","Census Tract 83.67; San Diego County; California","3376","376","1081","178","47","51","45","34","215","93","354","120","154","51","176","110","90","77","2295","342",
"1400000US06073008368","Census Tract 83.68; San Diego County; California","5978","670","1637","351","77","55","44","39","300","111","409","147","486","154","252","123","69","69","4341","477",
"1400000US06073008369","Census Tract 83.69; San Diego County; California","4601","1285","1091","461","27","39","131","203","337","237","176","104","175","79","107","70","138","89","3510","1027",
"1400000US06073008370","Census Tract 83.70; San Diego County; California","3636","451","936","201","88","80","66","47","144","73","217","114","215","82","119","67","87","53","2700","362",
"1400000US06073008371","Census Tract 83.71; San Diego County; California","4078","664","1105","415","124","93","58","40","235","173","292","206","141","70","185","83","70","60","2973","374",
"1400000US06073008372","Census Tract 83.72; San Diego County; California","3703","493","1135","253","95","76","18","27","179","101","346","140","240","104","188","117","69","50","2568","350",
"1400000US06073008373","Census Tract 83.73; San Diego County; California","3263","476","700","201","34","34","59","41","146","55","148","86","193","127","115","66","5","12","2563","405",
"1400000US06073008374","Census Tract 83.74; San Diego County; California","3824","472","1205","198","82","62","44","41","332","162","234","81","387","127","103","58","23","31","2619","362",
"1400000US06073008375","Census Tract 83.75; San Diego County; California","4239","564","1114","389","6","17","2","16","5","18","61","72","29","51","807","333","204","220","3125","641",
"1400000US06073008376","Census Tract 83.76; San Diego County; California","6305","1199","1968","728","0","19","37","44","217","222","185","179","235","228","1026","538","268","172","4337","696",
"1400000US06073008377","Census Tract 83.77; San Diego County; California","1967","295","737","227","0","14","3","14","72","48","0","14","43","44","435","188","184","105","1230","220",
"1400000US06073008378","Census Tract 83.78; San Diego County; California","843","153","495","151","0","14","21","34","18","27","8","1","0","14","367","134","81","46","348","122",
"1400000US06073008379","Census Tract 83.79; San Diego County; California","3958","569","1326","459","22","34","0","14","61","61","85","72","25","43","989","461","144","106","2632","515",
"1400000US06073008380","Census Tract 83.80; San Diego County; California","6593","966","1640","513","36","41","38","59","350","187","148","120","150","122","643","324","275","161","4953","757",
"1400000US06073008381","Census Tract 83.81; San Diego County; California","3056","1021","617","306","28","41","37","44","115","81","75","39","67","46","84","54","211","259","2439","753",
"1400000US06073008501","Census Tract 85.01; San Diego County; California","5589","830","1380","430","44","41","33","50","209","85","296","235","303","193","395","141","100","86","4209","481",
"1400000US06073008502","Census Tract 85.02; San Diego County; California","6367","1299","1361","513","110","71","43","49","91","74","247","97","531","474","251","97","88","94","5006","944",
"1400000US06073008503","Census Tract 85.03; San Diego County; California","7614","1728","2113","951","61","53","51","48","176","100","415","276","701","515","479","236","230","220","5501","943",
"1400000US06073008504","Census Tract 85.04; San Diego County; California","5435","712","947","212","200","114","23","43","179","109","52","53","116","91","336","147","41","38","4488","690",
"1400000US06073008505","Census Tract 85.05; San Diego County; California","5392","591","1603","451","17","29","17","30","349","146","209","149","252","138","636","414","123","171","3789","381",
"1400000US06073008506","Census Tract 85.06; San Diego County; California","3924","434","967","235","110","64","0","14","167","87","182","81","192","153","208","108","108","56","2957","285",
"1400000US06073008507","Census Tract 85.07; San Diego County; California","6455","866","1453","297","81","79","78","72","364","142","201","119","384","195","221","118","124","88","5002","786",
"1400000US06073008509","Census Tract 85.09; San Diego County; California","6451","749","1143","285","54","55","80","67","182","108","231","145","161","122","211","121","224","119","5308","660",
"1400000US06073008510","Census Tract 85.10; San Diego County; California","5721","570","958","294","60","72","37","61","170","123","61","60","276","137","208","123","146","86","4763","580",
"1400000US06073008511","Census Tract 85.11; San Diego County; California","5562","976","925","288","96","107","36","46","117","92","233","216","22","51","311","134","110","83","4637","899",
"1400000US06073008512","Census Tract 85.12; San Diego County; California","4051","332","944","189","44","36","60","42","201","66","128","64","194","88","228","112","89","44","3107","256",
"1400000US06073008513","Census Tract 85.13; San Diego County; California","2827","356","586","166","23","26","56","37","122","49","112","65","110","83","163","95","0","14","2241","290",
"1400000US06073008600","Census Tract 86; San Diego County; California","6054","1002","1784","466","191","148","266","143","254","253","419","142","266","199","230","144","158","112","4270","763",
"1400000US06073008701","Census Tract 87.01; San Diego County; California","3007","380","1031","253","137","123","57","40","223","129","107","55","145","76","222","113","140","91","1976","270",
"1400000US06073008702","Census Tract 87.02; San Diego County; California","4860","618","1199","369","87","55","22","25","86","57","122","99","233","116","564","314","85","77","3661","433",
"1400000US06073008800","Census Tract 88; San Diego County; California","5954","862","1373","362","50","59","82","71","203","90","217","98","262","134","464","147","95","75","4581","628",
"1400000US06073008901","Census Tract 89.01; San Diego County; California","5474","822","1387","511","186","80","153","139","44","53","51","59","42","41","704","492","207","106","4087","414",
"1400000US06073008902","Census Tract 89.02; San Diego County; California","3898","562","741","291","45","38","33","29","22","34","82","105","13","25","484","269","62","58","3157","485",
"1400000US06073009000","Census Tract 90; San Diego County; California","3594","451","1141","207","23","31","39","33","116","75","71","52","185","82","554","98","153","167","2453","341",
"1400000US06073009101","Census Tract 91.01; San Diego County; California","5299","686","895","217","172","100","115","97","120","108","167","108","54","49","206","119","61","46","4404","666",
"1400000US06073009102","Census Tract 91.02; San Diego County; California","4143","827","1000","477","13","20","35","47","17","26","55","53","124","82","701","467","55","50","3143","540",
"1400000US06073009103","Census Tract 91.03; San Diego County; California","3814","470","803","263","102","120","30","31","204","105","103","70","189","106","147","67","28","29","3011","331",
"1400000US06073009104","Census Tract 91.04; San Diego County; California","2999","326","779","184","95","68","39","28","149","61","177","55","123","90","183","93","13","20","2220","257",
"1400000US06073009107","Census Tract 91.07; San Diego County; California","5078","625","1412","383","25","39","0","19","95","85","0","19","122","100","1019","346","151","106","3666","516",
"1400000US06073009108","Census Tract 91.08; San Diego County; California","2062","326","474","205","46","35","0","14","70","52","66","54","134","122","104","51","54","44","1588","180",
"1400000US06073009109","Census Tract 91.09; San Diego County; California","3281","74","3142","83","5","7","0","14","0","14","5","7","0","14","3061","99","71","51","139","52",
"1400000US06073009201","Census Tract 92.01; San Diego County; California","5762","902","1482","390","208","126","60","78","327","168","110","76","286","246","445","207","46","43","4280","775",
"1400000US06073009203","Census Tract 92.03; San Diego County; California","4409","435","1131","462","79","76","7","21","45","61","37","55","98","100","595","410","270","191","3278","427",
"1400000US06073009204","Census Tract 92.04; San Diego County; California","4069","1217","823","299","34","41","35","37","136","97","79","46","165","147","296","228","78","57","3246","1148",
"1400000US06073009301","Census Tract 93.01; San Diego County; California","4992","1085","1252","391","93","67","123","66","289","184","162","166","138","111","384","226","63","47","3740","791",
"1400000US06073009305","Census Tract 93.05; San Diego County; California","5598","875","1251","366","69","60","19","31","297","239","139","84","128","94","473","194","126","87","4347","759",
"1400000US06073009306","Census Tract 93.06; San Diego County; California","5309","722","1196","269","84","67","155","78","353","114","192","124","44","52","285","177","83","57","4113","654",
"1400000US06073009307","Census Tract 93.07; San Diego County; California","4825","552","975","294","0","14","0","14","94","92","33","62","53","79","423","148","372","198","3850","518",
"1400000US06073009308","Census Tract 93.08; San Diego County; California","4169","866","606","227","0","14","0","14","0","14","43","60","26","52","409","161","128","138","3563","837",
"1400000US06073009400","Census Tract 94; San Diego County; California","4148","355","1034","227","59","35","57","35","269","115","195","106","155","84","269","136","30","31","3114","237",
"1400000US06073009502","Census Tract 95.02; San Diego County; California","3672","422","773","140","35","35","44","41","210","93","149","70","131","70","120","61","84","46","2899","391",
"1400000US06073009504","Census Tract 95.04; San Diego County; California","6303","661","1866","301","220","139","111","66","378","116","374","152","419","121","295","172","69","69","4437","491",
"1400000US06073009505","Census Tract 95.05; San Diego County; California","6177","675","1260","359","111","72","66","62","164","151","318","163","238","112","256","120","107","102","4917","538",
"1400000US06073009506","Census Tract 95.06; San Diego County; California","4188","405","1043","204","108","52","69","43","287","74","142","74","255","153","135","57","47","37","3145","282",
"1400000US06073009507","Census Tract 95.07; San Diego County; California","3789","475","900","227","60","54","92","74","119","68","272","156","152","99","129","59","76","48","2889","364",
"1400000US06073009509","Census Tract 95.09; San Diego County; California","5358","712","960","402","91","54","0","19","263","295","61","95","193","88","290","210","62","58","4398","621",
"1400000US06073009510","Census Tract 95.10; San Diego County; California","3767","1081","1377","444","23","31","114","71","493","254","238","134","190","129","241","130","78","61","2390","886",
"1400000US06073009511","Census Tract 95.11; San Diego County; California","3828","1011","2163","836","129","84","162","53","709","303","419","208","287","214","413","196","44","38","1665","319",
"1400000US06073009602","Census Tract 96.02; San Diego County; California","3936","536","1090","289","144","142","67","58","201","119","187","72","179","86","215","96","97","49","2846","326",
"1400000US06073009603","Census Tract 96.03; San Diego County; California","6382","790","1598","422","35","42","0","19","264","171","338","120","0","19","898","301","63","56","4784","612",
"1400000US06073009604","Census Tract 96.04; San Diego County; California","3425","453","558","159","25","28","28","36","70","45","42","36","92","55","254","127","47","39","2867","426",
"1400000US06073009703","Census Tract 97.03; San Diego County; California","3373","297","695","170","86","50","55","39","143","86","110","73","88","51","193","93","20","21","2678","224",
"1400000US06073009704","Census Tract 97.04; San Diego County; California","6408","969","1627","399","180","245","73","84","263","141","316","122","318","176","425","177","52","39","4781","683",
"1400000US06073009705","Census Tract 97.05; San Diego County; California","3789","320","985","199","52","54","91","63","69","48","245","153","252","93","255","109","21","28","2804","299",
"1400000US06073009706","Census Tract 97.06; San Diego County; California","6885","783","1917","362","193","107","60","49","349","139","605","270","497","156","137","83","76","64","4968","537",
"1400000US06073009801","Census Tract 98.01; San Diego County; California","5099","853","971","323","98","79","41","66","280","204","127","76","174","114","226","129","25","41","4128","764",
"1400000US06073009802","Census Tract 98.02; San Diego County; California","6802","958","2074","397","141","93","157","110","511","246","259","141","352","144","399","158","255","243","4728","662",
"1400000US06073009804","Census Tract 98.04; San Diego County; California","5437","751","1507","427","55","44","51","48","393","156","317","140","265","116","386","234","40","39","3930","440",
"1400000US06073009805","Census Tract 98.05; San Diego County; California","4182","360","921","222","81","58","37","37","123","70","146","67","294","156","197","148","43","35","3261","254",
"1400000US06073009901","Census Tract 99.01; San Diego County; California","1310","137","242","120","0","14","0","14","0","14","0","14","0","14","145","102","97","35","1068","176",
"1400000US06073009902","Census Tract 99.02; San Diego County; California","0","14","0","14","0","14","0","14","0","14","0","14","0","14","0","14","0","14","0","14",
"1400000US06073010001","Census Tract 100.01; San Diego County; California","3749","679","841","258","63","56","53","63","237","121","183","87","174","126","131","97","0","14","2908","630",
"1400000US06073010003","Census Tract 100.03; San Diego County; California","4817","827","794","328","25","31","26","35","127","96","104","69","295","248","202","104","15","24","4023","627",
"1400000US06073010004","Census Tract 100.04; San Diego County; California","4535","1111","1398","632","0","14","22","28","211","114","447","396","308","210","379","162","31","42","3137","538",
"1400000US06073010005","Census Tract 100.05; San Diego County; California","6224","819","1189","344","64","66","11","24","339","149","208","147","182","119","385","190","0","19","5035","623",
"1400000US06073010009","Census Tract 100.09; San Diego County; California","5070","758","1353","370","42","50","135","114","312","152","210","123","214","116","357","151","83","84","3717","577",
"1400000US06073010010","Census Tract 100.10; San Diego County; California","4672","597","1251","389","27","30","103","75","291","207","255","130","221","117","325","137","29","45","3421","356",
"1400000US06073010011","Census Tract 100.11; San Diego County; California","3924","957","1226","507","27","31","42","32","395","350","157","81","272","151","311","100","22","18","2698","498",
"1400000US06073010012","Census Tract 100.12; San Diego County; California","4965","834","1624","426","129","119","66","65","335","197","245","136","517","218","330","132","2","10","3341","513",
"1400000US06073010013","Census Tract 100.13; San Diego County; California","4965","832","1551","367","79","74","96","80","305","104","355","231","312","113","404","145","0","19","3414","532",
"1400000US06073010015","Census Tract 100.15; San Diego County; California","4962","1090","1193","418","83","58","6","12","319","97","255","216","225","118","202","73","103","97","3769","781",
"1400000US06073010016","Census Tract 100.16; San Diego County; California","3170","142","220","87","0","14","0","14","0","14","0","14","89","49","131","58","0","14","2950","160",
"1400000US06073010017","Census Tract 100.17; San Diego County; California","6380","1084","1831","534","35","32","108","89","367","239","316","162","483","272","429","191","93","89","4549","714",
"1400000US06073010018","Census Tract 100.18; San Diego County; California","6361","701","1810","327","0","19","35","34","401","145","443","242","378","151","483","151","70","63","4551","528",
"1400000US06073010019","Census Tract 100.19; San Diego County; California","3485","485","1244","321","23","30","138","95","189","144","278","145","111","78","407","116","98","80","2241","359",
"1400000US06073010103","Census Tract 101.03; San Diego County; California","6235","964","1351","441","114","176","36","46","304","165","273","131","348","168","260","222","16","26","4884","685",
"1400000US06073010104","Census Tract 101.04; San Diego County; California","3019","581","563","171","18","25","0","14","125","92","150","75","111","68","143","81","16","25","2456","528",
"1400000US06073010106","Census Tract 101.06; San Diego County; California","4521","558","1223","305","23","33","5","10","282","138","309","178","188","107","416","160","0","14","3298","466",
"1400000US06073010107","Census Tract 101.07; San Diego County; California","5533","761","1673","342","81","60","21","26","272","137","177","103","417","186","577","208","128","116","3860","577",
"1400000US06073010109","Census Tract 101.09; San Diego County; California","4151","883","1229","457","14","20","25","30","175","98","247","198","419","203","337","213","12","17","2922","540",
"1400000US06073010110","Census Tract 101.10; San Diego County; California","6893","834","2339","419","118","87","59","61","478","233","541","220","560","216","534","198","49","47","4554","625",
"1400000US06073010111","Census Tract 101.11; San Diego County; California","3639","653","1022","337","0","14","49","40","203","138","274","139","270","184","211","86","15","18","2617","426",
"1400000US06073010112","Census Tract 101.12; San Diego County; California","4940","792","1643","386","25","26","42","46","311","182","575","242","379","140","257","132","54","49","3297","505",
"1400000US06073010201","Census Tract 102.01; San Diego County; California","3266","285","1033","375","29","39","26","40","140","130","14","23","408","277","400","173","16","18","2233","340",
"1400000US06073010202","Census Tract 102.02; San Diego County; California","3573","651","817","238","0","14","6","18","202","126","242","145","175","91","180","141","12","20","2756","605",
"1400000US06073010300","Census Tract 103; San Diego County; California","3818","618","790","201","103","85","25","32","176","85","122","87","92","69","221","112","51","52","3028","528",
"1400000US06073010401","Census Tract 104.01; San Diego County; California","2153","434","444","158","16","17","9","13","86","55","113","58","91","60","109","69","20","25","1709","363",
"1400000US06073010402","Census Tract 104.02; San Diego County; California","5098","526","1355","255","45","47","64","62","480","183","287","117","153","68","251","92","75","54","3743","414",
"1400000US06073010501","Census Tract 105.01; San Diego County; California","1254","187","323","110","49","50","5","8","26","20","30","28","42","31","103","70","68","55","931","140",
"1400000US06073010502","Census Tract 105.02; San Diego County; California","5280","648","1078","410","0","19","80","106","255","161","298","202","244","171","201","163","0","19","4202","406",
"1400000US06073010601","Census Tract 106.01; San Diego County; California","2009","303","268","100","8","12","14","15","109","81","42","29","27","27","39","32","29","27","1741","258",
"1400000US06073010800","Census Tract 108; San Diego County; California","2381","449","574","247","11","15","0","14","76","73","132","124","242","123","88","75","25","25","1807","290",
"1400000US06073010900","Census Tract 109; San Diego County; California","1601","272","502","149","42","54","41","37","101","52","95","52","119","65","62","33","42","28","1099","170",
"1400000US06073011000","Census Tract 110; San Diego County; California","2875","431","489","172","27","40","24","37","100","57","166","108","115","62","57","47","0","14","2386","372",
"1400000US06073011100","Census Tract 111; San Diego County; California","3551","572","1013","443","4","7","46","46","162","85","191","125","216","116","357","292","37","40","2538","335",
"1400000US06073011300","Census Tract 113; San Diego County; California","2299","182","257","203","0","14","5","8","17","26","18","26","11","10","201","196","5","7","2042","278",
"1400000US06073011601","Census Tract 116.01; San Diego County; California","5365","664","1334","378","16","25","48","76","332","154","297","142","271","144","360","248","10","16","4031","545",
"1400000US06073011602","Census Tract 116.02; San Diego County; California","3677","723","949","307","0","14","0","14","164","155","259","126","399","262","107","72","20","31","2728","614",
"1400000US06073011700","Census Tract 117; San Diego County; California","7257","933","2245","555","78","120","81","128","393","192","405","254","710","262","555","279","23","47","5012","605",
"1400000US06073011801","Census Tract 118.01; San Diego County; California","3178","412","738","154","0","14","86","61","184","120","209","109","82","46","177","96","0","14","2440","351",
"1400000US06073011802","Census Tract 118.02; San Diego County; California","6833","950","2454","495","27","46","157","128","384","169","682","239","890","342","286","150","28","34","4379","626",
"1400000US06073011902","Census Tract 119.02; San Diego County; California","5950","773","1070","375","31","32","104","84","121","115","98","60","245","89","471","331","0","19","4880","536",
"1400000US06073012002","Census Tract 120.02; San Diego County; California","3557","610","1042","421","57","45","30","41","144","96","248","139","176","125","376","246","11","17","2515","250",
"1400000US06073012003","Census Tract 120.03; San Diego County; California","2878","437","686","193","0","14","55","48","124","88","220","138","112","53","142","71","33","28","2192","300",
"1400000US06073012101","Census Tract 121.01; San Diego County; California","2045","387","380","125","24","35","45","39","7","11","63","52","64","43","128","99","49","59","1665","363",
"1400000US06073012102","Census Tract 121.02; San Diego County; California","2650","448","702","218","18","26","44","48","128","104","204","89","69","52","191","85","48","37","1948","329",
"1400000US06073012200","Census Tract 122; San Diego County; California","3246","516","994","277","39","33","68","59","176","89","237","92","129","57","241","112","104","134","2252","342",
"1400000US06073012302","Census Tract 123.02; San Diego County; California","1419","192","224","101","0","14","10","16","45","25","22","28","46","41","35","28","66","45","1195","150",
"1400000US06073012303","Census Tract 123.03; San Diego County; California","3331","406","835","226","67","60","21","25","191","101","133","76","50","53","300","146","73","60","2496","269",
"1400000US06073012304","Census Tract 123.04; San Diego County; California","4514","927","1001","305","3","18","79","60","162","64","198","123","185","145","319","186","55","49","3513","726",
"1400000US06073012401","Census Tract 124.01; San Diego County; California","3382","468","780","162","12","21","74","67","97","64","200","69","195","86","189","107","13","20","2602","416",
"1400000US06073012402","Census Tract 124.02; San Diego County; California","5465","819","1699","520","11","27","130","102","470","343","313","143","569","213","168","120","38","39","3766","484",
"1400000US06073012501","Census Tract 125.01; San Diego County; California","3814","532","1067","233","44","55","97","83","184","146","166","90","288","98","252","100","36","41","2747","429",
"1400000US06073012502","Census Tract 125.02; San Diego County; California","4565","665","1386","364","51","45","115","102","424","208","238","122","160","99","354","154","44","34","3179","412",
"1400000US06073012600","Census Tract 126; San Diego County; California","4549","698","1098","440","0","14","47","65","279","143","210","142","297","220","249","115","16","21","3451","455",
"1400000US06073012700","Census Tract 127; San Diego County; California","4790","701","1397","221","194","127","27","44","366","145","170","142","127","67","484","185","29","36","3393","614",
"1400000US06073012800","Census Tract 128; San Diego County; California","3689","583","869","270","39","42","33","40","129","79","132","93","222","144","277","155","37","58","2820","390",
"1400000US06073012900","Census Tract 129; San Diego County; California","3538","604","1094","257","54","68","68","69","198","70","362","206","148","70","158","88","106","94","2444","421",
"1400000US06073013000","Census Tract 130; San Diego County; California","5203","664","1123","244","84","53","125","71","220","113","160","86","215","103","223","89","96","82","4080","621",
"1400000US06073013102","Census Tract 131.02; San Diego County; California","6871","1042","2030","531","261","178","151","144","340","203","337","206","570","271","329","166","42","51","4841","667",
"1400000US06073013103","Census Tract 131.03; San Diego County; California","2322","502","450","159","28","39","22","27","75","48","79","58","139","95","101","48","6","10","1872","405",
"1400000US06073013104","Census Tract 131.04; San Diego County; California","5446","774","1258","247","21","24","44","46","236","118","283","121","292","120","305","129","77","57","4188","719",
"1400000US06073013203","Census Tract 132.03; San Diego County; California","5784","819","1589","334","90","105","60","79","252","178","443","199","557","178","172","121","15","24","4195","619",
"1400000US06073013204","Census Tract 132.04; San Diego County; California","4173","714","827","251","32","42","45","47","79","56","168","86","152","93","282","112","69","66","3346","570",
"1400000US06073013205","Census Tract 132.05; San Diego County; California","2152","342","574","157","0","14","18","20","166","94","74","47","176","74","107","55","33","30","1578","266",
"1400000US06073013206","Census Tract 132.06; San Diego County; California","6001","785","1582","387","198","243","108","171","345","239","311","206","319","205","267","130","34","38","4419","545",
"1400000US06073013301","Census Tract 133.01; San Diego County; California","4735","696","976","258","12","19","30","28","268","119","242","90","166","91","187","84","71","96","3759","526",
"1400000US06073013302","Census Tract 133.02; San Diego County; California","6458","2327","1795","821","18","54","75","53","608","402","458","307","348","251","265","117","23","28","4663","1618",
"1400000US06073013303","Census Tract 133.03; San Diego County; California","4622","562","1308","283","50","64","0","14","227","111","87","58","508","158","399","137","37","45","3314","440",
"1400000US06073013306","Census Tract 133.06; San Diego County; California","3987","440","1233","242","45","36","37","36","306","161","134","73","339","120","302","156","70","54","2754","307",
"1400000US06073013307","Census Tract 133.07; San Diego County; California","4420","975","1222","426","0","14","50","38","150","135","303","174","238","143","472","244","9","16","3198","691",
"1400000US06073013308","Census Tract 133.08; San Diego County; California","3841","702","1023","213","12","21","35","35","167","87","66","52","403","157","312","133","28","32","2818","662",
"1400000US06073013309","Census Tract 133.09; San Diego County; California","6814","869","1842","316","14","23","11","17","543","210","231","103","296","143","718","199","29","29","4972","676",
"1400000US06073013312","Census Tract 133.12; San Diego County; California","2862","445","894","251","23","33","22","33","138","83","291","141","244","97","145","71","31","26","1968","305",
"1400000US06073013315","Census Tract 133.15; San Diego County; California","3777","508","1155","299","149","97","42","43","133","77","229","81","302","173","189","113","111","80","2622","339",
"1400000US06073013316","Census Tract 133.16; San Diego County; California","7155","1123","2537","612","81","88","184","129","398","242","486","214","659","301","707","285","22","27","4618","727",
"1400000US06073013317","Census Tract 133.17; San Diego County; California","16860","1831","5783","975","194","154","267","174","1175","432","1382","361","1208","458","1284","531","273","199","11077","1161",
"1400000US06073013318","Census Tract 133.18; San Diego County; California","7624","1200","2992","765","196","164","92","118","370","206","805","337","609","301","799","305","121","100","4632","619",
"1400000US06073013319","Census Tract 133.19; San Diego County; California","9275","1675","3244","925","99","102","176","238","796","377","636","278","627","386","722","271","188","141","6031","897",
"1400000US06073013320","Census Tract 133.20; San Diego County; California","5956","761","1935","371","148","112","77","55","428","145","253","122","472","189","386","114","171","106","4021","522",
"1400000US06073013321","Census Tract 133.21; San Diego County; California","7698","1193","2807","792","100","90","118","95","527","311","453","225","751","399","722","267","136","111","4891","587",
"1400000US06073013322","Census Tract 133.22; San Diego County; California","4299","323","1848","377","226","132","0","14","475","152","369","142","314","205","280","111","184","105","2451","216",
"1400000US06073013323","Census Tract 133.23; San Diego County; California","6781","1159","2234","427","50","65","295","120","278","125","535","222","419","177","626","303","31","25","4547","1027",
"1400000US06073013324","Census Tract 133.24; San Diego County; California","2769","288","1162","274","12","21","135","101","131","96","305","164","219","111","256","202","104","83","1607","204",
"1400000US06073013325","Census Tract 133.25; San Diego County; California","5383","694","1608","279","66","84","50","68","160","89","288","164","354","193","669","453","21","26","3775","710",
"1400000US06073013326","Census Tract 133.26; San Diego County; California","4469","1266","1721","986","79","86","21","31","148","68","171","83","303","124","957","988","42","55","2748","450",
"1400000US06073013327","Census Tract 133.27; San Diego County; California","5259","1066","1282","252","100","93","100","80","298","112","169","104","257","153","330","142","28","34","3977","1087",
"1400000US06073013401","Census Tract 134.01; San Diego County; California","4519","738","1214","510","41","54","20","30","300","139","344","271","286","222","206","81","17","25","3305","366",
"1400000US06073013409","Census Tract 134.09; San Diego County; California","5693","609","1609","351","55","51","31","31","283","102","286","108","342","158","612","233","0","19","4084","425",
"1400000US06073013411","Census Tract 134.11; San Diego County; California","4870","456","1403","224","86","51","76","49","258","98","200","100","286","119","450","159","47","35","3467","336",
"1400000US06073013412","Census Tract 134.12; San Diego County; California","5163","510","1416","278","181","114","100","82","207","93","210","98","279","82","311","134","128","99","3747","522",
"1400000US06073013414","Census Tract 134.14; San Diego County; California","7018","1095","2060","541","86","98","75","88","268","109","409","146","486","260","618","287","118","97","4958","891",
"1400000US06073013415","Census Tract 134.15; San Diego County; California","1529","160","312","57","20","29","9","16","63","27","61","26","91","37","42","37","26","23","1217","148",
"1400000US06073013416","Census Tract 134.16; San Diego County; California","3900","596","1011","242","66","61","0","14","144","104","378","198","126","74","242","103","55","56","2889","431",
"1400000US06073013417","Census Tract 134.17; San Diego County; California","2061","283","660","169","43","26","7","12","185","89","146","96","66","38","198","89","15","19","1401","196",
"1400000US06073013418","Census Tract 134.18; San Diego County; California","5435","795","1520","348","75","75","35","43","285","156","267","120","497","267","258","136","103","101","3915","585",
"1400000US06073013420","Census Tract 134.20; San Diego County; California","3080","479","1056","239","56","47","39","57","73","52","248","106","339","197","198","115","103","68","2024","304",
"1400000US06073013421","Census Tract 134.21; San Diego County; California","4121","585","894","253","56","49","97","152","120","71","113","56","225","87","249","105","34","31","3227","434",
"1400000US06073013422","Census Tract 134.22; San Diego County; California","3948","766","1049","410","16","23","40","36","121","77","304","123","180","115","304","234","84","66","2899","485",
"1400000US06073013423","Census Tract 134.23; San Diego County; California","3411","375","1339","282","39","44","68","52","294","153","272","127","367","172","226","128","73","73","2072","245",
"1400000US06073013424","Census Tract 134.24; San Diego County; California","6116","1323","1624","260","35","51","178","103","313","103","246","104","409","162","398","159","45","45","4492","1351",
"1400000US06073013425","Census Tract 134.25; San Diego County; California","1886","329","554","126","27","29","0","14","38","35","187","83","137","64","113","49","52","33","1332","307",
"1400000US06073013503","Census Tract 135.03; San Diego County; California","5697","775","1539","567","0","19","60","93","265","186","453","182","414","253","347","238","0","19","4158","438",
"1400000US06073013504","Census Tract 135.04; San Diego County; California","4032","613","1123","329","74","46","13","16","166","109","169","70","204","115","418","242","79","45","2909","372",
"1400000US06073013505","Census Tract 135.05; San Diego County; California","5312","975","1154","402","38","31","10","17","186","123","228","148","303","201","347","185","42","44","4158","846",
"1400000US06073013506","Census Tract 135.06; San Diego County; California","4216","441","1067","245","0","14","129","83","144","114","312","159","188","96","257","117","37","32","3149","363",
"1400000US06073013601","Census Tract 136.01; San Diego County; California","4972","725","1098","330","72","64","69","64","311","91","191","180","246","159","122","68","87","64","3874","480",
"1400000US06073013604","Census Tract 136.04; San Diego County; California","5360","681","1156","350","0","19","15","31","367","189","243","161","230","221","269","173","32","50","4204","492",
"1400000US06073013605","Census Tract 136.05; San Diego County; California","6012","731","1432","319","45","47","122","83","200","241","317","138","411","141","301","136","36","54","4580","636",
"1400000US06073013607","Census Tract 136.07; San Diego County; California","2123","557","578","204","32","37","0","14","0","14","209","170","124","97","210","99","3","8","1545","411",
"1400000US06073013608","Census Tract 136.08; San Diego County; California","3613","531","783","277","10","16","12","24","198","117","194","161","170","99","149","101","50","65","2830","438",
"1400000US06073013701","Census Tract 137.01; San Diego County; California","2477","328","645","200","44","39","6","9","170","88","136","71","147","96","109","62","33","39","1832","208",
"1400000US06073013702","Census Tract 137.02; San Diego County; California","5470","677","1615","307","46","52","113","84","309","124","412","142","290","129","434","195","11","21","3855","529",
"1400000US06073013801","Census Tract 138.01; San Diego County; California","5324","1155","1140","273","14","22","55","41","248","81","247","121","321","169","226","101","29","29","4184","960",
"1400000US06073013802","Census Tract 138.02; San Diego County; California","2994","229","727","136","17","21","8","13","80","58","203","75","274","90","131","69","14","14","2267","201",
"1400000US06073013903","Census Tract 139.03; San Diego County; California","3380","377","854","320","76","67","8","16","183","153","106","63","210","135","219","119","52","59","2526","353",
"1400000US06073013905","Census Tract 139.05; San Diego County; California","4198","695","1151","372","43","32","55","84","238","191","314","164","193","91","241","114","67","74","3047","419",
"1400000US06073013906","Census Tract 139.06; San Diego County; California","4587","744","1116","273","87","56","23","42","346","185","278","101","217","83","149","77","16","24","3471","658",
"1400000US06073013907","Census Tract 139.07; San Diego County; California","3487","439","908","203","84","92","30","36","200","80","126","81","295","143","165","83","8","14","2579","326",
"1400000US06073013908","Census Tract 139.08; San Diego County; California","3818","531","903","251","25","28","28","38","172","106","216","63","219","128","233","124","10","16","2915","433",
"1400000US06073013909","Census Tract 139.09; San Diego County; California","4742","1093","1029","326","0","14","29","42","162","93","214","85","219","91","344","199","61","55","3713","868",
"1400000US06073014001","Census Tract 140.01; San Diego County; California","4740","677","1023","284","110","62","99","86","233","130","147","77","126","75","279","147","29","37","3717","502",
"1400000US06073014002","Census Tract 140.02; San Diego County; California","4053","563","1313","303","31","37","75","62","362","169","362","136","301","115","174","74","8","14","2740","374",
"1400000US06073014101","Census Tract 141.01; San Diego County; California","3991","545","731","160","61","44","31","36","260","77","89","67","111","73","149","64","30","29","3260","495",
"1400000US06073014102","Census Tract 141.02; San Diego County; California","3518","483","1110","329","0","14","54","54","194","80","367","128","146","79","332","157","17","17","2408","339",
"1400000US06073014200","Census Tract 142; San Diego County; California","6895","697","1836","335","148","116","91","72","264","117","244","147","288","137","725","329","76","66","5059","606",
"1400000US06073014300","Census Tract 143; San Diego County; California","4173","596","1279","316","39","43","114","113","255","135","259","115","380","207","218","90","14","14","2894","385",
"1400000US06073014400","Census Tract 144; San Diego County; California","4337","447","1020","199","50","57","11","17","318","195","207","94","255","112","170","84","9","13","3317","371",
"1400000US06073014500","Census Tract 145; San Diego County; California","3902","684","1209","386","80","78","24","30","130","68","473","260","271","132","184","81","47","40","2693","369",
"1400000US06073014601","Census Tract 146.01; San Diego County; California","4642","526","1138","319","17","27","0","14","252","184","258","154","157","100","290","215","164","202","3504","409",
"1400000US06073014602","Census Tract 146.02; San Diego County; California","4793","544","1016","217","134","88","74","68","261","113","196","92","129","68","188","124","34","33","3777","470",
"1400000US06073014701","Census Tract 147.01; San Diego County; California","3517","612","793","180","26","43","20","32","157","83","114","62","150","82","203","107","123","90","2724","571",
"1400000US06073014702","Census Tract 147.02; San Diego County; California","3795","683","920","294","51","59","0","14","223","104","257","155","133","79","199","103","57","47","2875","482",
"1400000US06073014803","Census Tract 148.03; San Diego County; California","4585","496","948","262","62","72","21","35","62","61","241","155","230","146","204","131","128","95","3637","412",
"1400000US06073014804","Census Tract 148.04; San Diego County; California","4249","622","1054","432","51","52","124","84","102","68","202","161","74","79","420","270","81","59","3195","324",
"1400000US06073014805","Census Tract 148.05; San Diego County; California","4862","530","956","309","91","91","30","40","266","135","183","127","171","126","109","72","106","65","3906","367",
"1400000US06073014806","Census Tract 148.06; San Diego County; California","3231","621","715","285","26","32","1","27","186","97","158","78","48","50","274","237","22","27","2516","541",
"1400000US06073014901","Census Tract 149.01; San Diego County; California","4603","559","1224","354","22","22","37","53","251","100","239","109","292","140","290","153","93","70","3379","423",
"1400000US06073014902","Census Tract 149.02; San Diego County; California","2972","277","618","132","18","24","0","14","102","47","86","48","90","63","243","84","79","49","2354","224",
"1400000US06073015001","Census Tract 150.01; San Diego County; California","4064","969","1110","538","53","51","74","53","250","199","175","85","177","150","288","197","93","70","2954","491",
"1400000US06073015002","Census Tract 150.02; San Diego County; California","2915","558","900","298","0","14","0","14","345","220","128","141","163","137","163","96","101","85","2015","490",
"1400000US06073015100","Census Tract 151; San Diego County; California","4636","763","1368","413","6","10","158","146","151","82","396","236","277","133","236","129","144","116","3268","419",
"1400000US06073015200","Census Tract 152; San Diego County; California","3677","462","789","210","29","37","64","31","80","41","114","62","231","96","201","149","70","54","2888","393",
"1400000US06073015301","Census Tract 153.01; San Diego County; California","3277","545","824","238","0","14","33","45","114","91","109","94","379","179","165","80","24","34","2453","389",
"1400000US06073015302","Census Tract 153.02; San Diego County; California","4395","478","1017","242","75","78","64","52","112","74","265","147","242","131","167","114","92","82","3378","373",
"1400000US06073015403","Census Tract 154.03; San Diego County; California","2563","302","744","126","19","22","48","34","195","91","180","63","165","74","107","58","30","26","1819","243",
"1400000US06073015405","Census Tract 154.05; San Diego County; California","5421","576","1345","243","26","31","85","68","263","144","263","99","330","139","330","112","48","42","4076","466",
"1400000US06073015406","Census Tract 154.06; San Diego County; California","2622","490","619","160","74","73","37","30","69","51","53","34","148","87","199","111","39","46","2003","390",
"1400000US06073015407","Census Tract 154.07; San Diego County; California","3444","492","880","198","113","109","95","80","215","122","170","111","64","50","184","113","39","36","2564","424",
"1400000US06073015408","Census Tract 154.08; San Diego County; California","4303","865","852","382","32","26","67","84","99","74","135","106","291","166","199","149","29","28","3451","601",
"1400000US06073015501","Census Tract 155.01; San Diego County; California","5444","527","1239","250","34","50","121","71","128","80","297","120","252","139","267","91","140","84","4205","463",
"1400000US06073015502","Census Tract 155.02; San Diego County; California","2878","405","735","175","30","23","30","30","150","73","157","79","197","110","171","99","0","14","2143","301",
"1400000US06073015601","Census Tract 156.01; San Diego County; California","6010","769","1382","452","74","71","0","19","111","97","305","172","413","262","417","210","62","50","4628","829",
"1400000US06073015602","Census Tract 156.02; San Diego County; California","2675","380","689","183","1","6","42","48","201","86","123","80","150","74","172","82","0","14","1986","306",
"1400000US06073015701","Census Tract 157.01; San Diego County; California","6110","1047","1435","612","0","19","0","19","480","264","379","277","416","205","134","130","26","44","4675","802",
"1400000US06073015704","Census Tract 157.04; San Diego County; California","4659","808","1526","432","69","68","252","132","216","85","212","98","337","153","395","180","45","46","3133","530",
"1400000US06073015705","Census Tract 157.05; San Diego County; California","3701","326","568","217","0","14","11","18","202","104","89","65","91","87","144","96","31","36","3133","327",
"1400000US06073015706","Census Tract 157.06; San Diego County; California","2377","459","552","208","1","11","37","51","151","131","172","89","76","53","115","54","0","14","1825","317",
"1400000US06073015801","Census Tract 158.01; San Diego County; California","3866","685","1095","385","0","14","125","156","297","193","148","146","270","181","255","202","0","14","2771","440",
"1400000US06073015802","Census Tract 158.02; San Diego County; California","4357","617","1168","321","116","74","59","54","59","50","266","102","260","105","389","241","19","19","3189","379",
"1400000US06073015901","Census Tract 159.01; San Diego County; California","3094","558","1151","351","145","135","139","98","231","145","180","109","159","99","219","135","78","87","1943","411",
"1400000US06073015902","Census Tract 159.02; San Diego County; California","5237","824","2016","629","153","133","68","53","324","137","349","196","532","274","576","239","14","23","3221","436",
"1400000US06073016000","Census Tract 160; San Diego County; California","2388","401","516","182","25","21","40","36","133","63","72","46","30","25","170","97","46","51","1872","343",
"1400000US06073016100","Census Tract 161; San Diego County; California","6031","873","1783","526","134","142","11","22","378","132","350","186","454","350","403","200","53","44","4248","530",
"1400000US06073016201","Census Tract 162.01; San Diego County; California","5405","630","1578","443","164","101","47","59","497","228","233","143","261","129","289","153","87","90","3827","346",
"1400000US06073016202","Census Tract 162.02; San Diego County; California","3258","614","1161","472","72","93","112","156","102","102","126","93","250","182","458","217","41","38","2097","308",
"1400000US06073016301","Census Tract 163.01; San Diego County; California","5024","678","1541","440","90","80","106","123","266","110","294","146","341","187","385","192","59","53","3483","435",
"1400000US06073016302","Census Tract 163.02; San Diego County; California","5430","869","2144","611","18","18","143","84","577","317","447","209","323","126","591","258","45","35","3286","456",
"1400000US06073016401","Census Tract 164.01; San Diego County; California","4878","623","1355","294","88","85","67","50","205","91","369","168","166","102","391","159","69","64","3523","502",
"1400000US06073016403","Census Tract 164.03; San Diego County; California","5146","1097","1986","751","56","44","24","34","655","373","400","261","390","198","295","155","166","155","3160","466",
"1400000US06073016404","Census Tract 164.04; San Diego County; California","3993","521","956","271","0","14","61","67","173","116","230","136","116","77","357","180","19","28","3037","391",
"1400000US06073016502","Census Tract 165.02; San Diego County; California","7257","1045","2275","922","176","134","62","72","531","218","330","207","398","240","722","550","56","58","4982","648",
"1400000US06073016503","Census Tract 165.03; San Diego County; California","2845","384","773","155","64","61","87","71","226","96","116","49","98","61","175","104","7","12","2072","324",
"1400000US06073016504","Census Tract 165.04; San Diego County; California","6262","1000","1870","523","47","57","183","124","451","208","75","70","553","230","445","242","116","85","4392","713",
"1400000US06073016606","Census Tract 166.06; San Diego County; California","3525","494","808","208","38","39","21","29","128","73","214","94","161","92","208","117","38","37","2717","430",
"1400000US06073016607","Census Tract 166.07; San Diego County; California","6721","558","1613","320","34","38","77","86","360","241","288","135","345","120","456","249","53","62","5108","468",
"1400000US06073016608","Census Tract 166.08; San Diego County; California","2385","316","608","198","11","15","39","30","119","58","216","125","96","58","116","49","11","12","1777","186",
"1400000US06073016609","Census Tract 166.09; San Diego County; California","5392","522","1439","270","0","19","50","69","327","125","211","98","282","111","477","171","92","67","3953","471",
"1400000US06073016610","Census Tract 166.10; San Diego County; California","4605","828","1597","577","54","52","62","52","323","169","378","186","287","180","444","300","49","46","3008","421",
"1400000US06073016613","Census Tract 166.13; San Diego County; California","1844","262","497","111","14","16","65","60","52","29","120","66","119","54","102","44","25","20","1347","185",
"1400000US06073016614","Census Tract 166.14; San Diego County; California","3948","407","1033","162","112","71","86","67","166","75","224","110","225","98","169","79","51","40","2915","371",
"1400000US06073016615","Census Tract 166.15; San Diego County; California","4067","414","756","203","57","47","15","17","143","98","187","82","117","61","210","72","27","23","3311","353",
"1400000US06073016616","Census Tract 166.16; San Diego County; California","3425","312","775","189","17","21","12","20","165","94","209","96","224","137","125","63","23","23","2650","263",
"1400000US06073016617","Census Tract 166.17; San Diego County; California","3577","508","783","191","109","88","129","100","81","55","183","110","124","77","157","97","0","14","2794","453",
"1400000US06073016618","Census Tract 166.18; San Diego County; California","3478","494","762","282","13","21","9","15","120","76","157","111","196","121","248","146","19","23","2716","319",
"1400000US06073016619","Census Tract 166.19; San Diego County; California","4160","501","730","196","87","66","38","41","176","64","130","101","163","137","75","66","61","58","3430","487",
"1400000US06073016620","Census Tract 166.20; San Diego County; California","2232","358","619","223","141","82","36","30","172","103","74","47","52","35","117","82","27","36","1613","209",
"1400000US06073016621","Census Tract 166.21; San Diego County; California","4123","426","1095","209","116","88","29","28","231","100","192","90","202","148","257","116","68","59","3028","387",
"1400000US06073016703","Census Tract 167.03; San Diego County; California","2947","811","870","525","51","41","361","522","85","57","93","59","99","62","169","84","12","19","2077","400",
"1400000US06073016704","Census Tract 167.04; San Diego County; California","7326","1178","2593","811","258","302","38","41","409","185","524","258","690","380","562","229","112","99","4733","691",
"1400000US06073016705","Census Tract 167.05; San Diego County; California","4639","551","1337","384","23","32","37","39","321","174","341","122","347","149","236","169","32","50","3302","366",
"1400000US06073016706","Census Tract 167.06; San Diego County; California","2624","361","729","185","13","19","14","21","113","66","144","55","241","111","198","129","6","9","1895","239",
"1400000US06073016804","Census Tract 168.04; San Diego County; California","8987","1443","2808","792","216","181","192","133","610","277","568","282","804","484","403","227","15","26","6179","984",
"1400000US06073016806","Census Tract 168.06; San Diego County; California","3955","426","1332","287","39","35","35","51","276","84","291","124","271","120","414","136","6","11","2623","318",
"1400000US06073016807","Census Tract 168.07; San Diego County; California","7664","1099","1848","490","137","137","88","98","280","172","317","149","674","375","218","123","134","117","5816","815",
"1400000US06073016809","Census Tract 168.09; San Diego County; California","5741","545","1983","316","131","77","97","100","388","141","412","111","368","122","495","135","92","65","3758","462",
"1400000US06073016810","Census Tract 168.10; San Diego County; California","2869","281","786","130","6","10","79","46","140","62","145","60","154","71","240","87","22","21","2083","207",
"1400000US06073016811","Census Tract 168.11; San Diego County; California","4926","709","1294","412","93","79","37","39","237","203","225","139","308","112","339","230","55","53","3632","472",
"1400000US06073016812","Census Tract 168.12; San Diego County; California","2883","383","448","162","51","48","28","42","44","44","42","33","140","80","109","66","34","43","2435","344",
"1400000US06073016813","Census Tract 168.13; San Diego County; California","3104","286","552","149","112","87","42","37","163","109","77","53","61","49","57","37","40","44","2552","274",
"1400000US06073016901","Census Tract 169.01; San Diego County; California","7053","1380","1630","442","85","110","117","99","205","140","619","328","326","181","278","165","0","19","5423","1096",
"1400000US06073016902","Census Tract 169.02; San Diego County; California","2331","294","397","103","20","18","6","8","47","20","79","33","140","57","100","48","5","6","1934","255",
"1400000US06073017006","Census Tract 170.06; San Diego County; California","2945","581","644","220","30","25","85","47","232","128","122","92","90","44","72","55","13","16","2301","486",
"1400000US06073017009","Census Tract 170.09; San Diego County; California","4015","380","1202","193","44","35","35","29","256","148","232","85","290","111","277","122","68","42","2813","311",
"1400000US06073017010","Census Tract 170.10; San Diego County; California","3005","319","706","174","142","73","23","26","148","72","112","59","205","99","54","45","22","24","2299","310",
"1400000US06073017014","Census Tract 170.14; San Diego County; California","2674","382","25","25","0","14","0","14","0","14","0","14","0","14","16","20","9","15","2649","381",
"1400000US06073017018","Census Tract 170.18; San Diego County; California","4535","636","1181","328","28","31","71","76","191","120","188","109","220","126","398","224","85","54","3354","438",
"1400000US06073017020","Census Tract 170.20; San Diego County; California","4224","419","1088","245","50","37","10","16","82","70","265","99","343","133","237","153","101","61","3136","342",
"1400000US06073017021","Census Tract 170.21; San Diego County; California","3036","813","489","115","26","29","38","35","106","64","148","48","80","61","25","28","66","93","2547","730",
"1400000US06073017022","Census Tract 170.22; San Diego County; California","5464","502","1459","316","168","107","25","29","204","101","299","154","255","126","426","234","82","55","4005","457",
"1400000US06073017031","Census Tract 170.31; San Diego County; California","3406","287","972","131","55","44","81","48","166","70","269","79","170","70","166","69","65","46","2434","236",
"1400000US06073017033","Census Tract 170.33; San Diego County; California","5336","725","1511","350","144","142","173","115","260","143","346","101","296","85","203","95","89","50","3825","441",
"1400000US06073017034","Census Tract 170.34; San Diego County; California","5537","884","1685","496","115","69","84","51","206","86","249","81","503","250","462","235","66","61","3852","625",
"1400000US06073017035","Census Tract 170.35; San Diego County; California","3185","337","880","189","147","47","59","44","114","41","143","80","174","79","185","81","58","40","2305","310",
"1400000US06073017036","Census Tract 170.36; San Diego County; California","3205","353","746","198","75","65","38","32","248","94","87","59","148","57","82","58","68","60","2459","263",
"1400000US06073017037","Census Tract 170.37; San Diego County; California","5150","657","1438","363","150","117","29","33","314","149","222","98","353","163","325","153","45","38","3712","409",
"1400000US06073017039","Census Tract 170.39; San Diego County; California","6406","845","1678","515","234","124","22","34","383","304","346","213","278","137","380","286","35","42","4728","437",
"1400000US06073017040","Census Tract 170.40; San Diego County; California","3928","434","802","163","39","31","37","38","134","71","161","80","253","104","145","74","33","33","3126","360",
"1400000US06073017041","Census Tract 170.41; San Diego County; California","5432","491","1479","246","123","139","165","114","475","164","274","137","184","103","212","127","46","50","3953","384",
"1400000US06073017043","Census Tract 170.43; San Diego County; California","5492","790","1610","428","53","58","52","55","253","169","375","192","268","108","368","154","241","140","3882","471",
"1400000US06073017044","Census Tract 170.44; San Diego County; California","5509","619","1646","407","139","82","80","59","379","133","519","279","350","177","152","112","27","32","3863","334",
"1400000US06073017045","Census Tract 170.45; San Diego County; California","2272","179","679","106","38","22","11","9","156","60","162","50","190","55","91","49","31","24","1593","140",
"1400000US06073017046","Census Tract 170.46; San Diego County; California","3657","508","871","334","40","41","76","54","131","59","168","50","226","192","163","122","67","60","2786","272",
"1400000US06073017047","Census Tract 170.47; San Diego County; California","4137","653","1171","313","58","44","38","38","264","114","438","238","255","119","78","43","40","43","2966","463",
"1400000US06073017048","Census Tract 170.48; San Diego County; California","6131","628","2105","385","79","63","331","335","319","144","393","89","305","159","507","191","171","130","4026","431",
"1400000US06073017049","Census Tract 170.49; San Diego County; California","2876","299","895","200","18","17","30","36","184","89","217","72","104","58","312","106","30","21","1981","201",
"1400000US06073017050","Census Tract 170.50; San Diego County; California","2849","409","610","114","12","18","31","35","153","70","160","82","141","59","79","52","34","35","2239","407",
"1400000US06073017051","Census Tract 170.51; San Diego County; California","4750","648","896","261","95","71","17","27","123","76","194","202","162","86","183","98","122","88","3854","505",
"1400000US06073017052","Census Tract 170.52; San Diego County; California","5052","721","1365","413","166","129","90","54","128","105","233","102","163","131","499","333","86","69","3687","500",
"1400000US06073017053","Census Tract 170.53; San Diego County; California","3423","405","917","144","55","50","0","14","180","93","257","80","207","84","113","69","105","84","2506","365",
"1400000US06073017054","Census Tract 170.54; San Diego County; California","5679","707","1384","368","107","99","138","98","385","107","236","88","382","287","100","71","36","34","4295","416",
"1400000US06073017055","Census Tract 170.55; San Diego County; California","4806","513","1374","358","35","37","111","79","249","126","297","139","332","136","231","97","119","87","3432","367",
"1400000US06073017056","Census Tract 170.56; San Diego County; California","4254","578","1130","315","72","44","56","47","134","76","280","111","177","90","275","161","136","131","3124","302",
"1400000US06073017057","Census Tract 170.57; San Diego County; California","3802","700","915","290","40","40","62","60","249","89","305","266","70","70","124","71","65","72","2887","474",
"1400000US06073017058","Census Tract 170.58; San Diego County; California","4210","744","855","218","59","69","42","34","180","90","120","71","162","63","241","158","51","36","3355","696",
"1400000US06073017059","Census Tract 170.59; San Diego County; California","3294","440","625","156","10","16","20","24","81","55","124","54","108","62","253","122","29","39","2669","428",
"1400000US06073017060","Census Tract 170.60; San Diego County; California","3244","662","671","213","33","42","10","18","149","71","154","126","108","51","192","106","25","27","2573","528",
"1400000US06073017061","Census Tract 170.61; San Diego County; California","3616","872","676","225","63","82","0","14","62","42","103","36","278","150","138","113","32","31","2940","827",
"1400000US06073017062","Census Tract 170.62; San Diego County; California","4716","709","1553","401","201","305","92","73","250","120","312","138","464","149","202","92","32","40","3163","411",
"1400000US06073017063","Census Tract 170.63; San Diego County; California","4115","532","930","255","56","55","43","37","133","63","222","94","198","112","215","110","63","71","3185","429",
"1400000US06073017064","Census Tract 170.64; San Diego County; California","8092","2746","2347","474","26","35","38","45","323","141","596","205","923","348","272","140","169","115","5745","2640",
"1400000US06073017065","Census Tract 170.65; San Diego County; California","9458","1447","3105","741","462","425","126","104","918","303","854","275","287","215","183","176","275","279","6353","1199",
"1400000US06073017066","Census Tract 170.66; San Diego County; California","5053","514","1072","409","41","52","0","19","71","65","159","136","424","235","303","230","74","99","3981","355",
"1400000US06073017067","Census Tract 170.67; San Diego County; California","2908","301","829","208","13","15","107","71","127","89","223","107","134","65","162","77","63","50","2079","193",
"1400000US06073017068","Census Tract 170.68; San Diego County; California","4485","638","1167","271","80","47","152","90","262","103","136","61","357","200","156","90","24","27","3318","445",
"1400000US06073017069","Census Tract 170.69; San Diego County; California","2089","216","599","125","38","29","44","27","92","62","71","56","155","63","182","71","17","19","1490","130",
"1400000US06073017070","Census Tract 170.70; San Diego County; California","5302","384","1871","243","167","121","91","77","304","126","391","125","502","178","306","159","110","67","3431","323",
"1400000US06073017071","Census Tract 170.71; San Diego County; California","4977","974","1369","448","329","199","24","25","283","120","499","428","171","78","63","43","0","19","3608","622",
"1400000US06073017104","Census Tract 171.04; San Diego County; California","3899","498","916","247","8","12","34","36","158","93","259","96","274","115","159","143","24","25","2983","319",
"1400000US06073017106","Census Tract 171.06; San Diego County; California","4147","635","1047","346","124","97","76","81","191","88","329","215","262","134","55","58","10","17","3100","386",
"1400000US06073017107","Census Tract 171.07; San Diego County; California","3099","461","985","195","58","47","133","83","231","129","162","129","265","134","91","52","45","42","2114","295",
"1400000US06073017108","Census Tract 171.08; San Diego County; California","4098","416","970","188","96","53","32","29","259","102","287","95","149","75","128","69","19","30","3128","313",
"1400000US06073017109","Census Tract 171.09; San Diego County; California","6227","627","1788","245","185","77","101","78","250","92","419","121","496","183","304","141","33","37","4439","531",
"1400000US06073017111","Census Tract 171.11; San Diego County; California","4275","1200","989","615","46","42","36","30","477","588","138","107","172","104","86","90","34","33","3286","656",
"1400000US06073017112","Census Tract 171.12; San Diego County; California","2183","279","730","161","62","47","0","14","120","76","202","77","197","84","115","70","34","45","1453","208",
"1400000US06073017113","Census Tract 171.13; San Diego County; California","5099","1119","1679","720","49","50","40","46","363","209","795","519","235","98","151","90","46","36","3420","549",
"1400000US06073017201","Census Tract 172.01; San Diego County; California","2127","316","167","70","0","14","0","14","0","14","58","51","75","41","34","51","0","14","1960","322",
"1400000US06073017202","Census Tract 172.02; San Diego County; California","1663","300","325","101","36","38","23","32","60","40","28","25","74","45","91","59","13","20","1338","257",
"1400000US06073017303","Census Tract 173.03; San Diego County; California","3473","681","945","432","168","208","17","25","230","133","224","130","156","80","114","70","36","27","2528","377",
"1400000US06073017305","Census Tract 173.05; San Diego County; California","2992","480","494","187","62","41","9","16","51","34","103","102","161","96","77","63","31","46","2498","431",
"1400000US06073017306","Census Tract 173.06; San Diego County; California","2538","282","489","153","42","52","0","14","101","76","113","76","127","87","91","64","15","21","2049","230",
"1400000US06073017307","Census Tract 173.07; San Diego County; California","2274","389","362","146","10","16","10","16","20","23","178","79","80","44","64","62","0","14","1912","297",
"1400000US06073017308","Census Tract 173.08; San Diego County; California","2319","377","444","157","35","40","0","14","133","92","75","45","57","36","135","106","9","14","1875","325",
"1400000US06073017403","Census Tract 174.03; San Diego County; California","4592","610","1069","362","97","76","0","14","244","100","237","121","250","176","189","151","52","46","3523","346",
"1400000US06073017405","Census Tract 174.05; San Diego County; California","3890","1787","938","713","97","75","17","29","325","379","359","337","90","88","33","31","17","26","2952","1098",
"1400000US06073017406","Census Tract 174.06; San Diego County; California","2680","407","591","207","72","71","6","14","118","68","41","44","135","111","178","143","41","43","2089","293",
"1400000US06073017407","Census Tract 174.07; San Diego County; California","3067","556","651","274","32","40","0","14","140","97","102","67","314","217","55","57","8","14","2416","391",
"1400000US06073017408","Census Tract 174.08; San Diego County; California","2355","296","325","127","0","14","19","24","40","64","51","64","63","53","140","93","12","20","2030","257",
"1400000US06073017501","Census Tract 175.01; San Diego County; California","2785","486","403","213","0","14","72","74","10","16","84","62","48","46","77","64","112","142","2382","336",
"1400000US06073017502","Census Tract 175.02; San Diego County; California","3381","432","674","136","92","51","88","120","41","34","118","65","170","72","128","46","37","34","2707","351",
"1400000US06073017601","Census Tract 176.01; San Diego County; California","4945","510","1045","293","121","120","48","57","248","107","232","123","289","186","66","57","41","52","3900","422",
"1400000US06073017603","Census Tract 176.03; San Diego County; California","2948","481","569","213","21","23","15","21","59","34","117","55","277","199","71","53","9","12","2379","326",
"1400000US06073017605","Census Tract 176.05; San Diego County; California","3913","610","1282","357","39","33","40","44","395","179","117","64","433","226","188","134","70","84","2631","339",
"1400000US06073017606","Census Tract 176.06; San Diego County; California","3609","498","840","257","88","78","82","70","193","104","111","89","198","114","140","81","28","34","2769","375",
"1400000US06073017701","Census Tract 177.01; San Diego County; California","5061","641","1023","284","79","69","0","19","52","47","116","105","255","157","464","248","57","51","4038","509",
"1400000US06073017702","Census Tract 177.02; San Diego County; California","3121","436","621","154","13","17","30","30","108","66","67","54","117","90","217","103","69","65","2500","410",
"1400000US06073017801","Census Tract 178.01; San Diego County; California","6548","750","1056","328","18","24","49","60","191","107","278","157","259","154","234","139","27","37","5492","649",
"1400000US06073017808","Census Tract 178.08; San Diego County; California","5275","689","1106","264","124","80","72","66","266","105","166","93","337","143","75","53","66","62","4169","576",
"1400000US06073017809","Census Tract 178.09; San Diego County; California","2564","299","714","164","37","21","17","16","133","65","176","87","206","82","111","64","34","27","1850","203",
"1400000US06073017810","Census Tract 178.10; San Diego County; California","5037","776","1332","372","157","140","51","59","328","149","202","124","162","90","416","164","16","26","3705","534",
"1400000US06073017811","Census Tract 178.11; San Diego County; California","6216","528","1600","326","280","118","92","75","287","139","314","123","176","101","382","264","69","64","4616","477",
"1400000US06073017813","Census Tract 178.13; San Diego County; California","4583","723","1128","287","38","49","9","16","135","81","277","125","447","240","222","211","0","14","3455","516",
"1400000US06073017901","Census Tract 179.01; San Diego County; California","3567","607","639","176","36","42","0","14","62","41","78","50","41","33","330","153","92","85","2928","623",
"1400000US06073017902","Census Tract 179.02; San Diego County; California","2972","769","657","174","14","25","60","46","175","64","100","85","142","91","166","106","0","14","2315","739",
"1400000US06073018000","Census Tract 180; San Diego County; California","3408","436","651","185","26","32","59","90","130","103","10","17","168","138","199","88","59","39","2757","335",
"1400000US06073018101","Census Tract 181.01; San Diego County; California","3338","415","534","172","48","42","0","14","49","47","165","66","117","61","132","130","23","23","2804","384",
"1400000US06073018102","Census Tract 181.02; San Diego County; California","2380","536","362","123","14","23","49","24","57","44","69","66","14","21","109","81","50","47","2018","499",
"1400000US06073018201","Census Tract 182.01; San Diego County; California","2973","401","571","109","0","14","0","14","115","89","250","111","104","60","102","69","0","14","2402","392",
"1400000US06073018202","Census Tract 182.02; San Diego County; California","3504","757","979","314","30","32","23","41","193","66","60","62","153","93","470","282","50","58","2525","509",
"1400000US06073018301","Census Tract 183.01; San Diego County; California","862","165","43","38","6","6","0","14","0","14","15","24","7","10","0","14","15","22","819","146",
"1400000US06073018302","Census Tract 183.02; San Diego County; California","1214","231","221","129","0","14","0","14","20","31","36","23","34","23","106","114","25","32","993","170",
"1400000US06073018400","Census Tract 184; San Diego County; California","3540","434","435","170","0","14","12","18","58","49","34","27","101","66","159","104","71","60","3105","380",
"1400000US06073018504","Census Tract 185.04; San Diego County; California","6675","1057","990","511","59","93","5","14","200","216","315","266","199","173","195","157","17","29","5685","739",
"1400000US06073018509","Census Tract 185.09; San Diego County; California","5467","761","1350","284","44","52","80","60","131","92","223","100","270","104","412","175","190","210","4117","650",
"1400000US06073018510","Census Tract 185.10; San Diego County; California","2943","377","972","198","30","36","45","49","236","124","238","113","192","70","224","100","7","12","1971","233",
"1400000US06073018511","Census Tract 185.11; San Diego County; California","4225","473","763","205","8","12","46","39","205","95","128","76","84","57","262","117","30","32","3462","447",
"1400000US06073018512","Census Tract 185.12; San Diego County; California","3586","554","500","300","0","14","0","14","67","105","65","71","23","36","328","235","17","22","3086","392",
"1400000US06073018515","Census Tract 185.15; San Diego County; California","4815","763","1104","341","0","19","142","127","153","108","188","136","276","233","345","131","0","19","3711","561",
"1400000US06073018516","Census Tract 185.16; San Diego County; California","3661","514","895","294","78","63","52","43","212","157","98","48","218","199","147","69","90","63","2766","319",
"1400000US06073018517","Census Tract 185.17; San Diego County; California","3751","604","712","288","9","14","28","43","58","44","200","251","187","96","143","87","87","77","3039","405",
"1400000US06073018518","Census Tract 185.18; San Diego County; California","3167","958","680","293","84","55","19","22","122","63","133","93","171","116","134","113","17","16","2487","686",
"1400000US06073018519","Census Tract 185.19; San Diego County; California","5883","910","1956","569","71","61","45","42","389","258","404","234","538","193","477","196","32","29","3927","456",
"1400000US06073018520","Census Tract 185.20; San Diego County; California","5116","489","1344","233","0","19","78","70","304","90","268","109","237","120","431","160","26","32","3772","396",
"1400000US06073018521","Census Tract 185.21; San Diego County; California","4723","526","1214","331","65","45","49","49","130","75","464","301","232","103","219","112","55","45","3509","382",
"1400000US06073018522","Census Tract 185.22; San Diego County; California","5057","454","1256","301","89","63","108","66","419","168","231","101","155","95","147","100","107","72","3801","358",
"1400000US06073018523","Census Tract 185.23; San Diego County; California","5084","729","1266","358","52","47","100","67","162","116","275","96","280","197","368","164","29","33","3818","485",
"1400000US06073018524","Census Tract 185.24; San Diego County; California","3325","777","989","409","30","36","21","25","69","57","227","197","264","246","318","155","60","55","2336","417",
"1400000US06073018525","Census Tract 185.25; San Diego County; California","3883","502","775","238","14","17","106","84","153","110","79","59","210","129","187","106","26","34","3108","391",
"1400000US06073018601","Census Tract 186.01; San Diego County; California","4553","602","1133","283","59","43","36","34","102","86","241","98","225","74","426","166","44","44","3420","414",
"1400000US06073018608","Census Tract 186.08; San Diego County; California","3209","387","657","175","54","68","0","14","183","116","145","96","138","76","127","65","10","16","2552","321",
"1400000US06073018609","Census Tract 186.09; San Diego County; California","6051","724","1647","312","44","53","47","40","409","214","309","102","525","198","243","113","70","54","4404","534",
"1400000US06073018612","Census Tract 186.12; San Diego County; California","4805","882","1440","426","101","118","32","36","328","187","313","145","290","125","342","236","34","40","3365","593",
"1400000US06073018613","Census Tract 186.13; San Diego County; California","3505","578","964","360","54","47","21","27","59","62","236","201","299","157","280","138","15","14","2541","360",
"1400000US06073018615","Census Tract 186.15; San Diego County; California","3032","1379","988","652","24","28","74","44","268","245","194","207","137","72","247","198","44","62","2044","749",
"1400000US06073018616","Census Tract 186.16; San Diego County; California","3307","565","871","344","4","9","147","80","49","68","84","83","124","74","427","313","36","57","2436","317",
"1400000US06073018617","Census Tract 186.17; San Diego County; California","3423","347","892","167","0","14","66","57","125","77","210","79","212","104","229","86","50","36","2531","263",
"1400000US06073018618","Census Tract 186.18; San Diego County; California","3607","563","1055","304","106","75","91","71","167","90","203","114","189","86","251","117","48","63","2552","321",
"1400000US06073018619","Census Tract 186.19; San Diego County; California","4992","474","1534","294","35","34","80","55","447","186","290","123","227","101","327","157","128","96","3458","301",
"1400000US06073018620","Census Tract 186.20; San Diego County; California","2272","329","741","234","17","33","5","9","103","98","147","123","289","110","152","76","28","30","1531","180",
"1400000US06073018621","Census Tract 186.21; San Diego County; California","1794","309","454","145","11","19","41","29","124","69","135","84","44","36","89","78","10","18","1340","244",
"1400000US06073018622","Census Tract 186.22; San Diego County; California","5009","999","1513","574","174","169","32","47","304","243","349","188","239","115","310","316","105","81","3496","605",
"1400000US06073018700","Census Tract 187; San Diego County; California","37695","2143","7003","1227","377","210","568","356","1482","488","1322","658","426","241","2610","792","218","136","30692","1409",
"1400000US06073018801","Census Tract 188.01; San Diego County; California","3264","490","637","198","36","53","4","9","54","36","162","73","227","175","131","97","23","34","2627","367",
"1400000US06073018803","Census Tract 188.03; San Diego County; California","4565","670","954","479","8","12","14","18","262","194","212","159","289","182","147","82","22","25","3611","364",
"1400000US06073018804","Census Tract 188.04; San Diego County; California","4855","482","732","157","34","40","30","42","177","93","104","62","180","111","120","84","87","108","4123","458",
"1400000US06073018805","Census Tract 188.05; San Diego County; California","4070","1278","1237","835","73","60","0","14","330","232","352","424","262","222","199","96","21","26","2833","511",
"1400000US06073018903","Census Tract 189.03; San Diego County; California","5331","1093","1203","239","36","37","16","20","262","134","332","157","371","187","172","90","14","20","4128","1018",
"1400000US06073018904","Census Tract 189.04; San Diego County; California","6448","879","1635","364","127","102","124","103","552","279","318","144","316","141","198","103","0","19","4813","589",
"1400000US06073018905","Census Tract 189.05; San Diego County; California","5763","715","1759","632","116","94","54","73","757","491","159","120","320","177","338","168","15","27","4004","458",
"1400000US06073018906","Census Tract 189.06; San Diego County; California","5879","790","1761","433","152","130","49","63","359","230","341","200","352","168","478","194","30","39","4118","521",
"1400000US06073019001","Census Tract 190.01; San Diego County; California","6227","896","1146","218","14","27","82","93","204","66","295","136","263","144","214","109","74","86","5081","898",
"1400000US06073019002","Census Tract 190.02; San Diego County; California","4482","517","1169","261","81","55","44","36","339","155","211","94","255","104","204","96","35","27","3313","384",
"1400000US06073019103","Census Tract 191.03; San Diego County; California","6232","878","1232","294","0","19","10","17","262","109","303","150","351","119","285","122","21","33","5000","702",
"1400000US06073019105","Census Tract 191.05; San Diego County; California","7694","802","1527","318","23","33","11","20","230","140","295","129","394","151","420","194","154","98","6167","703",
"1400000US06073019107","Census Tract 191.07; San Diego County; California","2421","407","537","213","62","75","49","32","115","53","134","87","101","53","47","27","29","22","1884","269",
"1400000US06073019108","Census Tract 191.08; San Diego County; California","2280","309","514","119","25","23","20","17","176","79","121","44","63","25","108","67","1","2","1766","243",
"1400000US06073019109","Census Tract 191.09; San Diego County; California","4412","918","1235","160","42","40","76","64","298","116","213","107","264","80","312","135","30","36","3177","901",
"1400000US06073019110","Census Tract 191.10; San Diego County; California","4772","699","1294","440","79","53","82","62","195","77","195","91","291","134","295","140","157","128","3478","504",
"1400000US06073019111","Census Tract 191.11; San Diego County; California","3521","679","963","412","68","76","38","37","278","169","137","100","197","83","167","85","78","81","2558","376",
"1400000US06073019203","Census Tract 192.03; San Diego County; California","2705","356","646","204","43","40","16","19","117","66","177","116","114","101","112","58","67","52","2059","226",
"1400000US06073019205","Census Tract 192.05; San Diego County; California","6106","971","1593","428","38","56","54","71","163","146","545","233","424","146","311","200","58","61","4513","689",
"1400000US06073019206","Census Tract 192.06; San Diego County; California","5591","755","1659","391","100","72","86","63","244","134","488","225","262","119","470","189","9","15","3932","462",
"1400000US06073019208","Census Tract 192.08; San Diego County; California","3445","610","649","220","60","69","44","47","195","129","47","40","103","72","190","143","10","17","2796","508",
"1400000US06073019209","Census Tract 192.09; San Diego County; California","2634","477","510","242","0","14","19","35","47","56","165","98","110","85","80","67","89","95","2124","344",
"1400000US06073019210","Census Tract 192.10; San Diego County; California","5896","983","1829","557","12","19","84","75","563","279","205","116","472","284","461","289","32","38","4067","545",
"1400000US06073019301","Census Tract 193.01; San Diego County; California","6002","909","1260","272","103","100","183","91","169","72","264","133","277","114","231","96","33","39","4742","839",
"1400000US06073019303","Census Tract 193.03; San Diego County; California","7642","1180","1518","363","154","169","84","82","151","99","240","131","377","232","435","163","77","72","6124","969",
"1400000US06073019304","Census Tract 193.04; San Diego County; California","3090","324","520","189","9","14","83","60","133","96","77","69","47","42","105","75","66","54","2570","298",
"1400000US06073019305","Census Tract 193.05; San Diego County; California","4013","604","845","208","59","68","0","14","187","100","132","91","73","50","347","133","47","40","3168","576",
"1400000US06073019403","Census Tract 194.03; San Diego County; California","5606","630","1437","375","213","110","21","33","189","143","191","132","96","76","676","284","51","53","4169","426",
"1400000US06073019404","Census Tract 194.04; San Diego County; California","3366","327","987","185","0","14","95","61","149","73","187","83","283","79","270","74","3","6","2379","252",
"1400000US06073019405","Census Tract 194.05; San Diego County; California","3820","570","768","208","0","14","9","17","229","75","133","103","167","78","133","73","97","85","3052","455",
"1400000US06073019406","Census Tract 194.06; San Diego County; California","4513","724","754","164","67","51","69","60","106","60","170","119","163","102","132","78","47","52","3759","675",
"1400000US06073019501","Census Tract 195.01; San Diego County; California","3162","500","874","237","6","10","79","53","151","64","163","75","215","86","235","89","25","27","2288","371",
"1400000US06073019502","Census Tract 195.02; San Diego County; California","5569","933","1831","484","80","80","75","75","268","135","616","189","558","307","203","86","31","36","3738","595",
"1400000US06073019503","Census Tract 195.03; San Diego County; California","5021","567","1363","316","55","41","159","75","406","144","313","141","216","99","180","90","34","33","3658","380",
"1400000US06073019601","Census Tract 196.01; San Diego County; California","6237","983","1809","583","80","93","215","198","313","241","304","166","485","246","262","127","150","103","4428","523",
"1400000US06073019602","Census Tract 196.02; San Diego County; California","5785","809","1811","610","149","74","12","20","390","148","442","247","416","223","356","160","46","35","3974","356",
"1400000US06073019701","Census Tract 197.01; San Diego County; California","7224","1100","1776","616","141","103","101","107","288","184","311","151","592","464","299","211","44","59","5448","688",
"1400000US06073019702","Census Tract 197.02; San Diego County; California","4698","564","962","218","154","110","77","82","130","86","176","110","212","98","188","157","25","37","3736","499",
"1400000US06073019803","Census Tract 198.03; San Diego County; California","5676","614","1359","260","63","55","48","50","179","107","254","70","574","265","200","118","41","51","4317","650",
"1400000US06073019804","Census Tract 198.04; San Diego County; California","4299","515","1226","307","83","52","109","97","251","169","318","105","297","119","112","70","56","33","3073","286",
"1400000US06073019805","Census Tract 198.05; San Diego County; California","3952","579","773","188","91","84","5","9","170","107","139","99","173","68","195","106","0","14","3179","471",
"1400000US06073019808","Census Tract 198.08; San Diego County; California","4584","737","612","310","69","73","31","45","22","33","297","287","83","75","70","64","40","47","3972","549",
"1400000US06073019809","Census Tract 198.09; San Diego County; California","4147","631","764","143","39","34","24","28","185","80","142","38","156","67","199","83","19","19","3383","549",
"1400000US06073019810","Census Tract 198.10; San Diego County; California","6485","1242","2468","982","64","58","147","148","788","445","674","261","473","242","266","119","56","62","4017","510",
"1400000US06073019811","Census Tract 198.11; San Diego County; California","6168","696","1554","503","113","83","107","98","511","399","390","230","176","105","191","118","66","85","4614","379",
"1400000US06073019902","Census Tract 199.02; San Diego County; California","4077","602","1196","285","163","133","172","77","364","158","163","98","123","62","211","144","0","14","2881","385",
"1400000US06073019903","Census Tract 199.03; San Diego County; California","4869","737","1230","353","38","37","149","89","273","161","349","166","245","95","151","99","25","26","3639","564",
"1400000US06073019904","Census Tract 199.04; San Diego County; California","5969","672","1257","354","46","68","180","128","331","135","170","98","171","159","281","159","78","75","4712","503",
"1400000US06073019905","Census Tract 199.05; San Diego County; California","5300","961","1201","467","163","175","39","32","154","75","296","134","334","162","182","84","33","35","4099","575",
"1400000US06073020015","Census Tract 200.15; San Diego County; California","5295","973","1400","460","65","53","99","77","182","78","294","179","369","288","306","206","85","62","3895","652",
"1400000US06073020017","Census Tract 200.17; San Diego County; California","2910","299","756","203","0","14","0","14","85","65","204","85","168","91","288","119","11","17","2154","326",
"1400000US06073020019","Census Tract 200.19; San Diego County; California","7203","1132","1076","328","21","40","0","19","402","135","275","173","249","194","106","102","23","38","6127","1006",
"1400000US06073020021","Census Tract 200.21; San Diego County; California","5370","572","1786","358","94","72","52","63","361","104","370","133","466","193","343","136","100","71","3584","465",
"1400000US06073020023","Census Tract 200.23; San Diego County; California","3705","386","746","193","66","49","23","25","195","86","100","54","99","48","242","117","21","23","2959","278",
"1400000US06073020024","Census Tract 200.24; San Diego County; California","4054","473","921","189","114","68","75","64","208","99","175","121","53","47","226","98","70","62","3133","419",
"1400000US06073020025","Census Tract 200.25; San Diego County; California","5013","540","1809","394","82","73","54","33","339","116","347","179","260","107","669","225","58","45","3204","341",
"1400000US06073020026","Census Tract 200.26; San Diego County; California","4292","391","1012","180","69","39","31","30","207","94","258","103","135","65","220","91","92","52","3280","336",
"1400000US06073020028","Census Tract 200.28; San Diego County; California","3389","347","1226","221","50","41","20","37","159","102","278","110","368","111","351","137","0","14","2163","263",
"1400000US06073020029","Census Tract 200.29; San Diego County; California","6645","766","1579","339","27","39","44","49","275","135","209","143","368","204","412","260","244","146","5066","660",
"1400000US06073020030","Census Tract 200.30; San Diego County; California","7949","1496","2667","877","91","126","19","31","536","298","1033","546","599","254","308","208","81","84","5282","807",
"1400000US06073020031","Census Tract 200.31; San Diego County; California","6403","1517","2185","879","65","82","231","289","194","115","847","576","592","298","213","115","43","36","4218","889",
"1400000US06073020032","Census Tract 200.32; San Diego County; California","3193","345","693","123","48","45","10","17","163","77","126","65","203","111","69","77","74","51","2500","327",
"1400000US06073020033","Census Tract 200.33; San Diego County; California","3891","654","861","212","70","60","7","13","178","90","163","69","170","79","238","131","35","33","3030","558",
"1400000US06073020034","Census Tract 200.34; San Diego County; California","2464","249","773","123","70","41","16","17","246","83","161","57","140","61","122","51","18","17","1691","178",
"1400000US06073020035","Census Tract 200.35; San Diego County; California","6247","701","1973","479","213","125","124","127","293","254","569","245","405","177","209","100","160","119","4274","458",
"1400000US06073020036","Census Tract 200.36; San Diego County; California","3391","598","1171","375","165","263","7","12","199","121","274","119","200","65","209","127","117","150","2220","295",
"1400000US06073020037","Census Tract 200.37; San Diego County; California","4300","980","1366","591","45","56","76","78","195","193","47","55","485","250","318","225","200","135","2934","531",
"1400000US06073020038","Census Tract 200.38; San Diego County; California","5506","913","1756","515","102","77","75","71","473","221","199","102","329","99","373","157","205","241","3750","544",
"1400000US06073020039","Census Tract 200.39; San Diego County; California","1871","256","625","168","10","14","24","25","116","90","212","79","98","64","153","90","12","15","1246","192",
"1400000US06073020040","Census Tract 200.40; San Diego County; California","4183","540","1356","311","70","44","66","62","147","92","220","123","257","134","459","179","137","73","2827","325",
"1400000US06073020041","Census Tract 200.41; San Diego County; California","3104","355","1034","175","152","79","16","19","71","76","190","108","172","74","339","127","94","73","2070","289",
"1400000US06073020042","Census Tract 200.42; San Diego County; California","4679","1564","1468","955","126","146","0","14","173","138","467","424","345","202","357","376","0","14","3211","700",
"1400000US06073020043","Census Tract 200.43; San Diego County; California","5162","428","1969","226","89","59","227","176","477","176","441","123","545","161","162","117","28","28","3193","337",
"1400000US06073020044","Census Tract 200.44; San Diego County; California","8540","1299","2449","525","168","99","159","134","568","254","662","288","363","157","419","197","110","85","6091","1098",
"1400000US06073020105","Census Tract 201.05; San Diego County; California","3791","410","1034","246","20","17","32","32","72","62","181","117","338","128","248","127","143","103","2757","356",
"1400000US06073020106","Census Tract 201.06; San Diego County; California","3659","506","936","166","29","36","0","14","133","84","362","131","186","106","209","119","17","29","2723","401",
"1400000US06073020107","Census Tract 201.07; San Diego County; California","4373","857","1205","346","191","234","65","39","152","96","222","84","225","125","293","136","57","64","3168","614",
"1400000US06073020108","Census Tract 201.08; San Diego County; California","4537","425","1211","270","83","58","117","80","303","121","215","78","256","104","221","117","16","27","3326","358",
"1400000US06073020109","Census Tract 201.09; San Diego County; California","4545","618","1153","247","7","13","6","13","84","71","283","99","276","110","472","201","25","26","3392","531",
"1400000US06073020110","Census Tract 201.10; San Diego County; California","8717","1567","2362","662","16","25","1","2","605","293","751","220","505","277","428","367","56","49","6355","1044",
"1400000US06073020111","Census Tract 201.11; San Diego County; California","3800","397","955","201","47","58","58","62","198","81","191","120","86","75","362","113","13","22","2845","336",
"1400000US06073020202","Census Tract 202.02; San Diego County; California","6384","1007","1677","283","0","19","59","53","271","84","540","187","304","127","428","179","75","68","4707","873",
"1400000US06073020206","Census Tract 202.06; San Diego County; California","4757","623","1260","234","36","53","103","109","199","91","348","150","270","127","296","105","8","14","3497","582",
"1400000US06073020207","Census Tract 202.07; San Diego County; California","4674","649","1330","353","62","58","97","89","243","101","333","146","273","136","288","131","34","41","3344","546",
"1400000US06073020208","Census Tract 202.08; San Diego County; California","3401","1117","1018","445","29","36","41","41","243","200","295","156","180","104","230","140","0","14","2383","718",
"1400000US06073020209","Census Tract 202.09; San Diego County; California","4358","455","1363","245","67","61","65","57","266","133","295","113","144","83","483","150","43","54","2995","312",
"1400000US06073020210","Census Tract 202.10; San Diego County; California","4266","780","884","288","90","77","34","42","154","97","212","165","227","144","167","86","0","14","3382","650",
"1400000US06073020211","Census Tract 202.11; San Diego County; California","5432","896","1503","474","99","103","18","33","367","161","335","208","183","106","386","167","115","104","3929","615",
"1400000US06073020213","Census Tract 202.13; San Diego County; California","3896","788","1324","399","87","72","68","74","397","203","237","77","263","130","255","201","17","18","2572","473",
"1400000US06073020214","Census Tract 202.14; San Diego County; California","4454","622","1184","269","43","51","67","66","132","81","276","113","206","81","352","128","108","78","3270","505",
"1400000US06073020304","Census Tract 203.04; San Diego County; California","5888","721","935","252","103","83","89","77","181","125","151","84","165","127","211","118","35","38","4953","640",
"1400000US06073020305","Census Tract 203.05; San Diego County; California","6160","723","1200","305","195","143","67","60","112","91","85","71","235","211","392","221","114","92","4960","619",
"1400000US06073020308","Census Tract 203.08; San Diego County; California","6586","1085","1383","405","109","130","65","80","40","49","436","308","394","242","242","176","97","82","5203","870",
"1400000US06073020309","Census Tract 203.09; San Diego County; California","4449","616","1135","235","44","51","51","51","111","79","273","100","366","168","262","128","28","44","3314","521",
"1400000US06073020310","Census Tract 203.10; San Diego County; California","8661","1139","3747","511","194","183","203","148","539","187","288","165","404","188","2012","399","107","105","4914","842",
"1400000US06073020311","Census Tract 203.11; San Diego County; California","3921","457","608","162","100","70","105","96","223","156","43","44","84","62","45","39","8","13","3313","397",
"1400000US06073020312","Census Tract 203.12; San Diego County; California","3739","371","748","246","55","54","7","13","119","65","153","107","107","76","199","117","108","76","2991","389",
"1400000US06073020313","Census Tract 203.13; San Diego County; California","2566","319","267","135","43","45","32","43","27","26","50","47","36","39","27","27","52","43","2299","278",
"1400000US06073020401","Census Tract 204.01; San Diego County; California","2204","231","403","113","24","24","36","35","86","59","79","47","45","31","88","46","45","32","1801","177",
"1400000US06073020403","Census Tract 204.03; San Diego County; California","3880","490","865","200","40","47","15","25","138","63","172","106","259","165","155","81","86","74","3015","375",
"1400000US06073020404","Census Tract 204.04; San Diego County; California","5246","614","1217","414","23","29","11","14","224","86","127","66","209","129","463","232","160","145","4029","419",
"1400000US06073020405","Census Tract 204.05; San Diego County; California","3388","344","692","188","35","33","24","26","174","136","115","55","201","69","114","47","29","26","2696","238",
"1400000US06073020500","Census Tract 205; San Diego County; California","4187","648","1011","248","106","77","57","52","125","100","330","140","239","106","130","75","24","38","3176","533",
"1400000US06073020601","Census Tract 206.01; San Diego County; California","5926","850","1653","392","64","55","91","67","457","304","300","115","341","134","303","120","97","57","4273","603",
"1400000US06073020602","Census Tract 206.02; San Diego County; California","6004","565","1421","307","79","81","46","61","305","163","214","164","494","241","191","103","92","83","4583","352",
"1400000US06073020705","Census Tract 207.05; San Diego County; California","4683","495","1156","212","14","21","77","51","289","99","165","89","329","148","234","111","48","44","3527","406",
"1400000US06073020706","Census Tract 207.06; San Diego County; California","5871","667","1349","243","130","106","31","45","234","102","327","160","181","103","403","119","43","41","4522","637",
"1400000US06073020707","Census Tract 207.07; San Diego County; California","5082","581","1628","359","188","266","5","10","372","154","354","206","369","144","330","136","10","17","3454","405",
"1400000US06073020708","Census Tract 207.08; San Diego County; California","3645","380","774","171","74","63","9","14","158","80","174","114","140","103","150","79","69","56","2871","305",
"1400000US06073020710","Census Tract 207.10; San Diego County; California","1672","276","323","114","8","12","0","14","132","90","42","30","57","43","59","55","25","18","1349","209",
"1400000US06073020711","Census Tract 207.11; San Diego County; California","3536","660","1020","224","79","75","84","51","239","96","137","58","181","57","197","73","103","55","2516","593",
"1400000US06073020712","Census Tract 207.12; San Diego County; California","3922","405","748","173","84","56","28","32","110","71","92","59","171","81","210","84","53","61","3174","391",
"1400000US06073020801","Census Tract 208.01; San Diego County; California","5022","514","942","220","9","19","15","24","123","73","128","57","412","115","222","123","33","33","4080","463",
"1400000US06073020805","Census Tract 208.05; San Diego County; California","3716","479","936","219","79","65","16","25","172","77","334","118","261","121","66","70","8","12","2780","370",
"1400000US06073020806","Census Tract 208.06; San Diego County; California","4984","598","1271","265","72","80","97","88","250","119","234","122","233","140","280","121","105","99","3713","486",
"1400000US06073020807","Census Tract 208.07; San Diego County; California","2921","386","671","163","25","38","48","43","58","48","177","85","244","86","107","62","12","20","2250","344",
"1400000US06073020810","Census Tract 208.10; San Diego County; California","4900","542","1108","164","42","31","130","76","171","89","296","133","302","95","142","98","25","29","3792","536",
"1400000US06073020811","Census Tract 208.11; San Diego County; California","5784","889","1684","423","131","100","21","34","380","151","391","222","438","281","290","165","33","36","4100","571",
"1400000US06073020812","Census Tract 208.12; San Diego County; California","2090","791","394","205","0","14","42","43","44","28","52","52","223","185","29","32","4","9","1696","617",
"1400000US06073020813","Census Tract 208.13; San Diego County; California","5582","1641","1713","1211","9","14","17","28","331","265","373","233","362","243","602","534","19","24","3869","597",
"1400000US06073020902","Census Tract 209.02; San Diego County; California","2341","530","501","267","0","14","0","14","138","94","146","96","38","46","179","177","0","14","1840","310",
"1400000US06073020903","Census Tract 209.03; San Diego County; California","2851","417","366","114","4","5","43","35","39","24","117","50","66","52","56","29","41","37","2485","405",
"1400000US06073020904","Census Tract 209.04; San Diego County; California","2656","527","350","243","5","9","36","61","82","76","86","80","96","90","38","50","7","10","2306","459",
"1400000US06073021001","Census Tract 210.01; San Diego County; California","1889","384","76","92","0","14","8","14","0","14","0","14","31","48","37","46","0","14","1813","362",
"1400000US06073021002","Census Tract 210.02; San Diego County; California","1551","519","222","169","0","14","0","14","0","14","0","14","117","94","105","99","0","14","1329","436",
"1400000US06073021101","Census Tract 211.01; San Diego County; California","4632","840","1139","266","4","5","43","47","306","167","313","140","169","80","221","124","83","78","3493","789",
"1400000US06073021102","Census Tract 211.02; San Diego County; California","3035","522","570","199","0","14","8","12","107","76","203","74","83","45","169","151","0","14","2465","500",
"1400000US06073021202","Census Tract 212.02; San Diego County; California","3151","517","627","165","9","20","0","14","159","95","161","57","202","103","82","72","14","22","2524","420",
"1400000US06073021204","Census Tract 212.04; San Diego County; California","5915","666","1281","241","141","86","59","40","315","115","260","82","241","99","195","91","70","60","4634","576",
"1400000US06073021205","Census Tract 212.05; San Diego County; California","6888","776","1230","394","22","40","195","142","165","132","449","242","214","138","185","137","0","19","5658","660",
"1400000US06073021206","Census Tract 212.06; San Diego County; California","3008","675","830","342","0","14","0","14","131","97","135","72","290","159","265","172","9","15","2178","374",
"1400000US06073021302","Census Tract 213.02; San Diego County; California","6459","1070","1337","304","7","14","76","51","411","149","368","169","268","122","207","107","0","19","5122","1005",
"1400000US06073021304","Census Tract 213.04; San Diego County; California","3066","672","766","281","155","246","17","18","135","42","181","82","121","67","125","54","32","36","2300","465",
"1400000US06073021305","Census Tract 213.05; San Diego County; California","3828","451","922","204","0","14","42","47","177","92","192","60","134","59","213","72","164","131","2906","337",
"1400000US06073021306","Census Tract 213.06; San Diego County; California","4572","574","1356","222","31","37","27","43","287","136","174","70","461","171","334","131","42","44","3216","532",
"1400000US06073021401","Census Tract 214.01; San Diego County; California","3930","357","1107","201","25","41","109","66","337","132","143","61","131","88","274","136","88","66","2823","322",
"1400000US06073021402","Census Tract 214.02; San Diego County; California","3245","1023","733","341","0","14","0","14","99","101","79","70","145","128","322","208","88","85","2512","759",
"1400000US06073021501","Census Tract 215.01; San Diego County; California","3695","890","1185","322","77","71","30","28","176","79","159","67","524","301","138","95","81","58","2510","625",
"1400000US06073021502","Census Tract 215.02; San Diego County; California","9260","878","3048","586","103","69","223","124","740","312","482","173","1124","376","348","228","28","33","6212","572",
"1400000US06073021600","Census Tract 216; San Diego County; California","2881","409","580","225","37","31","22","24","78","51","173","65","44","38","152","111","74","82","2301","307",
"1400000US06073021800","Census Tract 218; San Diego County; California","1887","284","412","134","92","59","8","12","94","66","54","41","37","37","113","73","14","14","1475","239",
"1400000US06073021900","Census Tract 219; San Diego County; California","5749","516","814","216","21","24","68","57","81","61","102","70","115","70","358","127","69","40","4935","428",
"1400000US06073022000","Census Tract 220; San Diego County; California","4393","798","966","256","14","23","56","56","230","145","268","96","243","131","147","100","8","15","3427","650",
"1400000US06073022101","Census Tract 221.01; San Diego County; California","2514","229","633","134","0","14","0","14","160","133","204","63","157","77","34","46","78","53","1881","168",
"1400000US06073022102","Census Tract 221.02; San Diego County; California","7089","1003","2124","605","38","52","123","79","242","168","545","287","862","379","162","112","152","122","4965","605",
"1400000US06073990100","Census Tract 9901; San Diego County; California","0","14","0","14","0","14","0","14","0","14","0","14","0","14","0","14","0","14","0","14",
