{
"type": "FeatureCollection",
"name": "school_locations",
"crs": { "type": "name", "properties": { "name": "urn:ogc:def:crs:OGC:1.3:CRS84" } },
"features": [
{ "type": "Feature", "properties": { "name": "Iftin Charter", "district": "San Diego County Office of Education", "type": "Elementary", "education_site_type": "K-12 School", "address": "5465 El Cajon Blvd.", "city": "San Diego", "zip": "92115-3620", "tract_geoid": "06073002702", "source": "CDE California Public Schools / School Sites 2024-25" }, "geometry": { "type": "Point", "coordinates": [ -117.077442890261693, 32.757133770119779 ] } },
{ "type": "Feature", "properties": { "name": "San Pasqual Academy", "district": "San Diego County Office of Education", "type": "Juvenile Court", "education_site_type": "K-12 School", "address": "17701 San Pasqual Valley Rd.", "city": "Escondido", "zip": "92025-5301", "tract_geoid": "06073020801", "source": "CDE California Public Schools / School Sites 2024-25" }, "geometry": { "type": "Point", "coordinates": [ -116.947990889936236, 33.087252819557591 ] } },
{ "type": "Feature", "properties": { "name": "Davila Day", "district": "San Diego County Office of Education", "type": "Special Education", "education_site_type": "K-12 School", "address": "540 G St.", "city": "Chula Vista", "zip": "91910-3604", "tract_geoid": "06073012700", "source": "CDE California Public Schools / School Sites 2024-25" }, "geometry": { "type": "Point", "coordinates": [ -117.087982880297034, 32.63454075010435 ] } },
{ "type": "Feature", "properties": { "name": "Monarch", "district": "San Diego County Office of Education", "type": "County Community", "education_site_type": "K-12 School", "address": "1625 Newton Ave.", "city": "San Diego", "zip": "92113-1012", "tract_geoid": "06073005103", "source": "CDE California Public Schools / School Sites 2024-25" }, "geometry": { "type": "Point", "coordinates": [ -117.15040689973678, 32.702399759947419 ] } },
{ "type": "Feature", "properties": { "name": "Howard Gardner Community Charter", "district": "San Diego County Office of Education", "type": "Elementary", "education_site_type": "K-12 School", "address": "647 E St.", "city": "Chula Vista", "zip": "91910-2119", "tract_geoid": "06073012502", "source": "CDE California Public Schools / School Sites 2024-25" }, "geometry": { "type": "Point", "coordinates": [ -117.095508879522598, 32.641280759573597 ] } },
{ "type": "Feature", "properties": { "name": "San Diego County Community", "district": "San Diego County Office of Education", "type": "County Community", "education_site_type": "K-12 School", "address": "6401 Linda Vista Rd., Rm. 216", "city": "San Diego", "zip": "92111-7399", "tract_geoid": "06073008901", "source": "CDE California Public Schools / School Sites 2024-25" }, "geometry": { "type": "Point", "coordinates": [ -117.179873909790658, 32.769634769900676 ] } },
{ "type": "Feature", "properties": { "name": "San Diego County Court", "district": "San Diego County Office of Education", "type": "Juvenile Court", "education_site_type": "K-12 School", "address": "2801 Meadow Lark Dr.", "city": "San Diego", "zip": "92123", "tract_geoid": "06073008702", "source": "CDE California Public Schools / School Sites 2024-25" }, "geometry": { "type": "Point", "coordinates": [ -117.153733910457532, 32.794397770451447 ] } },
{ "type": "Feature", "properties": { "name": "Audeo Charter II", "district": "San Diego County Office of Education", "type": "K-12", "education_site_type": "K-12 School", "address": "3821 Plaza Drive, Ste. 402", "city": "Oceanside", "zip": "92056-4605", "tract_geoid": "06073019805", "source": "CDE California Public Schools / School Sites 2024-25" }, "geometry": { "type": "Point", "coordinates": [ -117.291467959796421, 33.180851809618318 ] } },
{ "type": "Feature", "properties": { "name": "Scholarship Prep - Oceanside", "district": "San Diego County Office of Education", "type": "Elementary", "education_site_type": "K-12 School", "address": "4070 Mission Ave.", "city": "Oceanside", "zip": "92057-6402", "tract_geoid": "06073018521", "source": "CDE California Public Schools / School Sites 2024-25" }, "geometry": { "type": "Point", "coordinates": [ -117.317530969876017, 33.231837809771413 ] } },
{ "type": "Feature", "properties": { "name": "Community Montessori", "district": "San Diego County Office of Education", "type": "Elementary", "education_site_type": "K-12 School", "address": "1441 Montiel Rd., Ste. 143", "city": "Escondido", "zip": "92026-2242", "tract_geoid": "06073020309", "source": "CDE California Public Schools / School Sites 2024-25" }, "geometry": { "type": "Point", "coordinates": [ -117.112165920209605, 33.129496810010146 ] } },
{ "type": "Feature", "properties": { "name": "Dimensions Collaborative", "district": "San Diego County Office of Education", "type": "K-12", "education_site_type": "K-12 School", "address": "1441 Montiel Rd., Ste. 143", "city": "Escondido", "zip": "92026-2242", "tract_geoid": "06073020309", "source": "CDE California Public Schools / School Sites 2024-25" }, "geometry": { "type": "Point", "coordinates": [ -117.112165920209605, 33.129496810010146 ] } },
{ "type": "Feature", "properties": { "name": "Pacific Springs Charter", "district": "San Diego County Office of Education", "type": "K-12", "education_site_type": "K-12 School", "address": "2371 Fenton St.", "city": "Chula Vista", "zip": "91914-3511", "tract_geoid": "06073013424", "source": "CDE California Public Schools / School Sites 2024-25" }, "geometry": { "type": "Point", "coordinates": [ -116.964070004396305, 32.652445996247721 ] } },
{ "type": "Feature", "properties": { "name": "Classical Academy Vista", "district": "San Diego County Office of Education", "type": "Elementary", "education_site_type": "K-12 School", "address": "2022 University Dr", "city": "Vista", "zip": "92083-7736", "tract_geoid": "06073019902", "source": "CDE California Public Schools / School Sites 2024-25" }, "geometry": { "type": "Point", "coordinates": [ -117.220700940473364, 33.172492810389635 ] } },
{ "type": "Feature", "properties": { "name": "Dual Language Immersion North County", "district": "San Diego County Office of Education", "type": "Elementary", "education_site_type": "K-12 School", "address": "2030 University Dr.", "city": "Vista", "zip": "92803-7736", "tract_geoid": "06073019902", "source": "CDE California Public Schools / School Sites 2024-25" }, "geometry": { "type": "Point", "coordinates": [ -117.220095940333493, 33.17257680956002 ] } },
{ "type": "Feature", "properties": { "name": "JCS - Manzanita", "district": "San Diego County Office of Education", "type": "K-12", "education_site_type": "K-12 School", "address": "5300 Jackson Dr.", "city": "La Mesa", "zip": "91942-6014", "tract_geoid": "06073014803", "source": "CDE California Public Schools / School Sites 2024-25" }, "geometry": { "type": "Point", "coordinates": [ -117.014001880071362, 32.775774769564428 ] } },
{ "type": "Feature", "properties": { "name": "North Coastal Consortium Schools", "district": "San Diego County Office of Education", "type": "Special Education", "education_site_type": "K-12 School", "address": "255 Pico Ave., Rm. 220", "city": "San Marcos", "zip": "92069-3709", "tract_geoid": "06073020028", "source": "CDE California Public Schools / School Sites 2024-25" }, "geometry": { "type": "Point", "coordinates": [ -117.165207930429233, 33.142197809895265 ] } },
{ "type": "Feature", "properties": { "name": "San Diego County Special Education", "district": "San Diego County Office of Education", "type": "Special Education", "education_site_type": "K-12 School", "address": "525 Third St.", "city": "Imperial Beach", "zip": "91932-1101", "tract_geoid": "06073010501", "source": "CDE California Public Schools / School Sites 2024-25" }, "geometry": { "type": "Point", "coordinates": [ -117.126223030129438, 32.586850019652871 ] } },
{ "type": "Feature", "properties": { "name": "Literacy First Charter", "district": "San Diego County Office of Education", "type": "K-12", "education_site_type": "K-12 School", "address": "799 East Washington Ave.", "city": "El Cajon", "zip": "92020-5327", "tract_geoid": "06073015407", "source": "CDE California Public Schools / School Sites 2024-25" }, "geometry": { "type": "Point", "coordinates": [ -116.952622869751522, 32.787252779890117 ] } },
{ "type": "Feature", "properties": { "name": "Joan MacQueen Middle", "district": "Alpine Union Elementary", "type": "Middle", "education_site_type": "K-12 School", "address": "2001 Tavern Rd.", "city": "Alpine", "zip": "91901-3129", "tract_geoid": "06073021205", "source": "CDE California Public Schools / School Sites 2024-25" }, "geometry": { "type": "Point", "coordinates": [ -116.774338840502253, 32.824469790247974 ] } },
{ "type": "Feature", "properties": { "name": "Shadow Hills Elementary", "district": "Alpine Union Elementary", "type": "Elementary", "education_site_type": "K-12 School", "address": "8770 Harbison Canyon Rd.", "city": "Alpine", "zip": "91901-2615", "tract_geoid": "06073015502", "source": "CDE California Public Schools / School Sites 2024-25" }, "geometry": { "type": "Point", "coordinates": [ -116.815920849652798, 32.832506789747683 ] } },
{ "type": "Feature", "properties": { "name": "Boulder Oaks Elementary", "district": "Alpine Union Elementary", "type": "Elementary", "education_site_type": "K-12 School", "address": "2320 Tavern Rd.", "city": "Alpine", "zip": "91901-3134", "tract_geoid": "06073021205", "source": "CDE California Public Schools / School Sites 2024-25" }, "geometry": { "type": "Point", "coordinates": [ -116.777661840411469, 32.8187857896894 ] } },
{ "type": "Feature", "properties": { "name": "Mountain View Learning Academy", "district": "Alpine Union Elementary", "type": "Alternative Schools of Choice", "education_site_type": "K-12 School", "address": "8770 Harbison Canyon Rd.", "city": "Alpine", "zip": "91901-2615", "tract_geoid": "06073015502", "source": "CDE California Public Schools / School Sites 2024-25" }, "geometry": { "type": "Point", "coordinates": [ -116.815920849652798, 32.832506789747683 ] } },
{ "type": "Feature", "properties": { "name": "Creekside Early Learning Center", "district": "Alpine Union Elementary", "type": "Elementary", "education_site_type": "K-12 School", "address": "8818 Harbison Canyon Rd.", "city": "Alpine", "zip": "91901-2616", "tract_geoid": "06073015502", "source": "CDE California Public Schools / School Sites 2024-25" }, "geometry": { "type": "Point", "coordinates": [ -116.815670850414563, 32.833314790209073 ] } },
{ "type": "Feature", "properties": { "name": "San Diego Workforce Innovation High", "district": "Borrego Springs Unified", "type": "High", "education_site_type": "K-12 School", "address": "2 Euclid Ave. Ste. A", "city": "National City", "zip": "91950-1967", "tract_geoid": "06073011902", "source": "CDE California Public Schools / School Sites 2024-25" }, "geometry": { "type": "Point", "coordinates": [ -117.085551890337669, 32.689684760241583 ] } },
{ "type": "Feature", "properties": { "name": "Borrego Springs High", "district": "Borrego Springs Unified", "type": "High", "education_site_type": "K-12 School", "address": "2281 Diegueno Rd.", "city": "Borrego Springs", "zip": "92004-0235", "tract_geoid": "06073021002", "source": "CDE California Public Schools / School Sites 2024-25" }, "geometry": { "type": "Point", "coordinates": [ -116.382745800339563, 33.264568869786878 ] } },
{ "type": "Feature", "properties": { "name": "Borrego Springs Elementary", "district": "Borrego Springs Unified", "type": "Elementary", "education_site_type": "K-12 School", "address": "1315 Palm Canyon Dr.", "city": "Borrego Springs", "zip": "92004-0235", "tract_geoid": "06073021002", "source": "CDE California Public Schools / School Sites 2024-25" }, "geometry": { "type": "Point", "coordinates": [ -116.347211799603386, 33.256201870228033 ] } },
{ "type": "Feature", "properties": { "name": "Borrego Springs Middle", "district": "Borrego Springs Unified", "type": "Middle", "education_site_type": "K-12 School", "address": "2255 Diegueno Rd.", "city": "Borrego Springs", "zip": "92004", "tract_geoid": "06073021002", "source": "CDE California Public Schools / School Sites 2024-25" }, "geometry": { "type": "Point", "coordinates": [ -116.382822800221987, 33.264961869646967 ] } },
{ "type": "Feature", "properties": { "name": "EJE Elementary Academy Charter", "district": "Cajon Valley Union", "type": "Elementary", "education_site_type": "K-12 School", "address": "851 South Johnson Ave.", "city": "El Cajon", "zip": "92020-5811", "tract_geoid": "06073015902", "source": "CDE California Public Schools / School Sites 2024-25" }, "geometry": { "type": "Point", "coordinates": [ -116.970322870044882, 32.785011780045828 ] } },
{ "type": "Feature", "properties": { "name": "Los Coches Creek Middle", "district": "Cajon Valley Union", "type": "Middle", "education_site_type": "K-12 School", "address": "9669 Dunbar Ln.", "city": "El Cajon", "zip": "92021-2619", "tract_geoid": "06073016812", "source": "CDE California Public Schools / School Sites 2024-25" }, "geometry": { "type": "Point", "coordinates": [ -116.818311850200885, 32.860004799889104 ] } },
{ "type": "Feature", "properties": { "name": "EJE Middle Academy", "district": "Cajon Valley Union", "type": "Middle", "education_site_type": "K-12 School", "address": "851 South Johnson Ave.", "city": "El Cajon", "zip": "92020-5811", "tract_geoid": "06073015902", "source": "CDE California Public Schools / School Sites 2024-25" }, "geometry": { "type": "Point", "coordinates": [ -116.970322870044882, 32.785011780045828 ] } },
{ "type": "Feature", "properties": { "name": "Empower", "district": "Cajon Valley Union", "type": "Special Education", "education_site_type": "K-12 School", "address": "165 Roanoke Rd.", "city": "El Cajon", "zip": "92020-4015", "tract_geoid": "06073015801", "source": "CDE California Public Schools / School Sites 2024-25" }, "geometry": { "type": "Point", "coordinates": [ -116.953834869743062, 32.796116780177002 ] } },
{ "type": "Feature", "properties": { "name": "Kidinnu Academy", "district": "Cajon Valley Union", "type": "Elementary", "education_site_type": "K-12 School", "address": "1025 North Second St.", "city": "El Cajon", "zip": "92021-5844", "tract_geoid": "06073016401", "source": "CDE California Public Schools / School Sites 2024-25" }, "geometry": { "type": "Point", "coordinates": [ -116.934846869478775, 32.809282779799993 ] } },
{ "type": "Feature", "properties": { "name": "Bostonia Global", "district": "Cajon Valley Union", "type": "K-12", "education_site_type": "K-12 School", "address": "1390 Broadway", "city": "El Cajon", "zip": "92021-5812", "tract_geoid": "06073016401", "source": "CDE California Public Schools / School Sites 2024-25" }, "geometry": { "type": "Point", "coordinates": [ -116.931269870120786, 32.809166780002514 ] } },
{ "type": "Feature", "properties": { "name": "Anza Elementary", "district": "Cajon Valley Union", "type": "Elementary", "education_site_type": "K-12 School", "address": "1005 South Anza St.", "city": "El Cajon", "zip": "92020-8602", "tract_geoid": "06073015407", "source": "CDE California Public Schools / School Sites 2024-25" }, "geometry": { "type": "Point", "coordinates": [ -116.947311869496403, 32.781504780177727 ] } },
{ "type": "Feature", "properties": { "name": "Cajon Valley Middle", "district": "Cajon Valley Union", "type": "Middle", "education_site_type": "K-12 School", "address": "550 Park Ave.", "city": "El Cajon", "zip": "92020-3922", "tract_geoid": "06073016301", "source": "CDE California Public Schools / School Sites 2024-25" }, "geometry": { "type": "Point", "coordinates": [ -116.956111869696926, 32.799704780275952 ] } },
{ "type": "Feature", "properties": { "name": "Chase Avenue Elementary", "district": "Cajon Valley Union", "type": "Elementary", "education_site_type": "K-12 School", "address": "195 East Chase Ave.", "city": "El Cajon", "zip": "92020-6201", "tract_geoid": "06073015302", "source": "CDE California Public Schools / School Sites 2024-25" }, "geometry": { "type": "Point", "coordinates": [ -116.960411870471177, 32.779504780198593 ] } },
{ "type": "Feature", "properties": { "name": "Crest Elementary", "district": "Cajon Valley Union", "type": "Elementary", "education_site_type": "K-12 School", "address": "2000 Suncrest Blvd.", "city": "El Cajon", "zip": "92021-4249", "tract_geoid": "06073015501", "source": "CDE California Public Schools / School Sites 2024-25" }, "geometry": { "type": "Point", "coordinates": [ -116.866011859798164, 32.805204789995713 ] } },
{ "type": "Feature", "properties": { "name": "Flying Hills School of Arts", "district": "Cajon Valley Union", "type": "Elementary", "education_site_type": "K-12 School", "address": "1251 Finch St.", "city": "El Cajon", "zip": "92020-1433", "tract_geoid": "06073016201", "source": "CDE California Public Schools / School Sites 2024-25" }, "geometry": { "type": "Point", "coordinates": [ -116.981911879943397, 32.812304780052223 ] } },
{ "type": "Feature", "properties": { "name": "Fuerte Elementary", "district": "Cajon Valley Union", "type": "Elementary", "education_site_type": "K-12 School", "address": "11625 Fuerte Dr.", "city": "El Cajon", "zip": "92020-8309", "tract_geoid": "06073013605", "source": "CDE California Public Schools / School Sites 2024-25" }, "geometry": { "type": "Point", "coordinates": [ -116.946511870271976, 32.761504779656903 ] } },
{ "type": "Feature", "properties": { "name": "Greenfield Middle", "district": "Cajon Valley Union", "type": "Middle", "education_site_type": "K-12 School", "address": "1495 Greenfield Dr.", "city": "El Cajon", "zip": "92021-3414", "tract_geoid": "06073016401", "source": "CDE California Public Schools / School Sites 2024-25" }, "geometry": { "type": "Point", "coordinates": [ -116.928811870046843, 32.810304779684976 ] } },
{ "type": "Feature", "properties": { "name": "Johnson Elementary", "district": "Cajon Valley Union", "type": "Elementary", "education_site_type": "K-12 School", "address": "500 West Madison", "city": "El Cajon", "zip": "92020-3211", "tract_geoid": "06073016202", "source": "CDE California Public Schools / School Sites 2024-25" }, "geometry": { "type": "Point", "coordinates": [ -116.968911870134804, 32.801204779960372 ] } },
{ "type": "Feature", "properties": { "name": "Lexington Elementary", "district": "Cajon Valley Union", "type": "Elementary", "education_site_type": "K-12 School", "address": "1145 Redwood Ave.", "city": "El Cajon", "zip": "92019-4739", "tract_geoid": "06073015704", "source": "CDE California Public Schools / School Sites 2024-25" }, "geometry": { "type": "Point", "coordinates": [ -116.944129869746178, 32.790240779695871 ] } },
{ "type": "Feature", "properties": { "name": "Madison Avenue Elementary", "district": "Cajon Valley Union", "type": "Elementary", "education_site_type": "K-12 School", "address": "1615 East Madison Ave.", "city": "El Cajon", "zip": "92019-1046", "tract_geoid": "06073015602", "source": "CDE California Public Schools / School Sites 2024-25" }, "geometry": { "type": "Point", "coordinates": [ -116.920711869480257, 32.799904779764034 ] } },
{ "type": "Feature", "properties": { "name": "Magnolia Elementary", "district": "Cajon Valley Union", "type": "Elementary", "education_site_type": "K-12 School", "address": "650 Greenfield Dr.", "city": "El Cajon", "zip": "92021-2957", "tract_geoid": "06073016504", "source": "CDE California Public Schools / School Sites 2024-25" }, "geometry": { "type": "Point", "coordinates": [ -116.954311870044805, 32.814204780434061 ] } },
{ "type": "Feature", "properties": { "name": "Meridian Elementary", "district": "Cajon Valley Union", "type": "Elementary", "education_site_type": "K-12 School", "address": "651 South Third St.", "city": "El Cajon", "zip": "92019-2517", "tract_geoid": "06073015601", "source": "CDE California Public Schools / School Sites 2024-25" }, "geometry": { "type": "Point", "coordinates": [ -116.926211869648569, 32.78850478009543 ] } },
{ "type": "Feature", "properties": { "name": "Naranca Elementary", "district": "Cajon Valley Union", "type": "Elementary", "education_site_type": "K-12 School", "address": "1030 Naranca Ave.", "city": "El Cajon", "zip": "92021-5615", "tract_geoid": "06073016302", "source": "CDE California Public Schools / School Sites 2024-25" }, "geometry": { "type": "Point", "coordinates": [ -116.947611870410569, 32.80490477975917 ] } },
{ "type": "Feature", "properties": { "name": "Rios Elementary", "district": "Cajon Valley Union", "type": "Elementary", "education_site_type": "K-12 School", "address": "14314 Rios Canyon Rd.", "city": "El Cajon", "zip": "92021-2725", "tract_geoid": "06073015501", "source": "CDE California Public Schools / School Sites 2024-25" }, "geometry": { "type": "Point", "coordinates": [ -116.872711860097169, 32.84080478990537 ] } },
{ "type": "Feature", "properties": { "name": "W. D. Hall Elementary", "district": "Cajon Valley Union", "type": "Elementary", "education_site_type": "K-12 School", "address": "1376 Pepper Dr.", "city": "El Cajon", "zip": "92021-1460", "tract_geoid": "06073016806", "source": "CDE California Public Schools / School Sites 2024-25" }, "geometry": { "type": "Point", "coordinates": [ -116.930711870002781, 32.82140478981465 ] } },
{ "type": "Feature", "properties": { "name": "Avocado Elementary", "district": "Cajon Valley Union", "type": "Elementary", "education_site_type": "K-12 School", "address": "3845 Avocado School Rd.", "city": "La Mesa", "zip": "91941-7319", "tract_geoid": "06073013607", "source": "CDE California Public Schools / School Sites 2024-25" }, "geometry": { "type": "Point", "coordinates": [ -116.959811869512421, 32.750604770425134 ] } },
{ "type": "Feature", "properties": { "name": "Montgomery Middle", "district": "Cajon Valley Union", "type": "Middle", "education_site_type": "K-12 School", "address": "1570 Melody Ln.", "city": "El Cajon", "zip": "92019-2015", "tract_geoid": "06073015602", "source": "CDE California Public Schools / School Sites 2024-25" }, "geometry": { "type": "Point", "coordinates": [ -116.921011869522133, 32.797204780349446 ] } },
{ "type": "Feature", "properties": { "name": "Vista Grande Elementary", "district": "Cajon Valley Union", "type": "Elementary", "education_site_type": "K-12 School", "address": "1908 Vista Grande Rd.", "city": "El Cajon", "zip": "92019-3823", "tract_geoid": "06073015405", "source": "CDE California Public Schools / School Sites 2024-25" }, "geometry": { "type": "Point", "coordinates": [ -116.916011860156004, 32.765104780001252 ] } },
{ "type": "Feature", "properties": { "name": "Rancho San Diego Elementary", "district": "Cajon Valley Union", "type": "Elementary", "education_site_type": "K-12 School", "address": "12151 Calle Albara", "city": "El Cajon", "zip": "92019-4825", "tract_geoid": "06073013608", "source": "CDE California Public Schools / School Sites 2024-25" }, "geometry": { "type": "Point", "coordinates": [ -116.933711870415294, 32.753704780352194 ] } },
{ "type": "Feature", "properties": { "name": "Jamacha Elementary", "district": "Cajon Valley Union", "type": "Elementary", "education_site_type": "K-12 School", "address": "2962 Jamul Dr.", "city": "El Cajon", "zip": "92019-4640", "tract_geoid": "06073021305", "source": "CDE California Public Schools / School Sites 2024-25" }, "geometry": { "type": "Point", "coordinates": [ -116.911784859603387, 32.739406779817202 ] } },
{ "type": "Feature", "properties": { "name": "Blossom Valley Elementary", "district": "Cajon Valley Union", "type": "Elementary", "education_site_type": "K-12 School", "address": "9863 Oakmont Terr.", "city": "El Cajon", "zip": "92021-2300", "tract_geoid": "06073016813", "source": "CDE California Public Schools / School Sites 2024-25" }, "geometry": { "type": "Point", "coordinates": [ -116.845711859855683, 32.861404790362997 ] } },
{ "type": "Feature", "properties": { "name": "Hillsdale Middle", "district": "Cajon Valley Union", "type": "Middle", "education_site_type": "K-12 School", "address": "1301 Brabham St.", "city": "El Cajon", "zip": "92019-4374", "tract_geoid": "06073013608", "source": "CDE California Public Schools / School Sites 2024-25" }, "geometry": { "type": "Point", "coordinates": [ -116.932311859878155, 32.748504779708519 ] } },
{ "type": "Feature", "properties": { "name": "Cajon Valley Home", "district": "Cajon Valley Union", "type": "Alternative Schools of Choice", "education_site_type": "K-12 School", "address": "2962 Jamul Dr.", "city": "El Cajon", "zip": "92019-4640", "tract_geoid": "06073021305", "source": "CDE California Public Schools / School Sites 2024-25" }, "geometry": { "type": "Point", "coordinates": [ -116.911784859603387, 32.739406779817202 ] } },
{ "type": "Feature", "properties": { "name": "Ada W. Harris Elementary", "district": "Cardiff Elementary", "type": "Elementary", "education_site_type": "K-12 School", "address": "1508 Windsor Rd.", "city": "Cardiff-by-the-Sea", "zip": "92007-1356", "tract_geoid": "06073017405", "source": "CDE California Public Schools / School Sites 2024-25" }, "geometry": { "type": "Point", "coordinates": [ -117.274673939622787, 33.031155790352614 ] } },
{ "type": "Feature", "properties": { "name": "Cardiff Elementary", "district": "Cardiff Elementary", "type": "Elementary", "education_site_type": "K-12 School", "address": "1888 Montgomery Ave.", "city": "Cardiff-by-the-Sea", "zip": "92007-2313", "tract_geoid": "06073017407", "source": "CDE California Public Schools / School Sites 2024-25" }, "geometry": { "type": "Point", "coordinates": [ -117.283986950439783, 33.025209789706018 ] } },
{ "type": "Feature", "properties": { "name": "Hedenkamp (Anne and William) Elementary", "district": "Chula Vista Elementary", "type": "Elementary", "education_site_type": "K-12 School", "address": "930 East Palomar", "city": "Chula Vista", "zip": "91913-2895", "tract_geoid": "06073013326", "source": "CDE California Public Schools / School Sites 2024-25" }, "geometry": { "type": "Point", "coordinates": [ -117.014844870088027, 32.61657676004328 ] } },
{ "type": "Feature", "properties": { "name": "Liberty Elementary", "district": "Chula Vista Elementary", "type": "Elementary", "education_site_type": "K-12 School", "address": "2175 Proctor Valley Rd.", "city": "Chula Vista", "zip": "91914-4026", "tract_geoid": "06073013423", "source": "CDE California Public Schools / School Sites 2024-25" }, "geometry": { "type": "Point", "coordinates": [ -116.977407869694815, 32.664931760221222 ] } },
{ "type": "Feature", "properties": { "name": "Salt Creek Elementary", "district": "Chula Vista Elementary", "type": "Elementary", "education_site_type": "K-12 School", "address": "1055 Hunte Pkwy.", "city": "Chula Vista", "zip": "91914-3622", "tract_geoid": "06073013425", "source": "CDE California Public Schools / School Sites 2024-25" }, "geometry": { "type": "Point", "coordinates": [ -116.948777859766722, 32.647981759845976 ] } },
{ "type": "Feature", "properties": { "name": "Veterans Elementary", "district": "Chula Vista Elementary", "type": "Elementary", "education_site_type": "K-12 School", "address": "1550 Magdalena Ave.", "city": "Chula Vista", "zip": "91913-3948", "tract_geoid": "06073013318", "source": "CDE California Public Schools / School Sites 2024-25" }, "geometry": { "type": "Point", "coordinates": [ -116.97723385969563, 32.624021759956818 ] } },
{ "type": "Feature", "properties": { "name": "Wolf Canyon Elementary", "district": "Chula Vista Elementary", "type": "Elementary", "education_site_type": "K-12 School", "address": "1950 Wolf Canyon Loop", "city": "Chula Vista", "zip": "91913-3948", "tract_geoid": "06073013317", "source": "CDE California Public Schools / School Sites 2024-25" }, "geometry": { "type": "Point", "coordinates": [ -116.974418860362931, 32.611311759572068 ] } },
{ "type": "Feature", "properties": { "name": "Leonardo da Vinci Health Sciences Charter", "district": "Chula Vista Elementary", "type": "Elementary", "education_site_type": "K-12 School", "address": "229 East Naples", "city": "Chula Vista", "zip": "91911-2332", "tract_geoid": "06073013301", "source": "CDE California Public Schools / School Sites 2024-25" }, "geometry": { "type": "Point", "coordinates": [ -117.048464880493484, 32.621119760183227 ] } },
{ "type": "Feature", "properties": { "name": "Camarena (Enrique S.) Elementary", "district": "Chula Vista Elementary", "type": "Elementary", "education_site_type": "K-12 School", "address": "1650 Exploration Falls Dr.", "city": "Chula Vista", "zip": "91915-1961", "tract_geoid": "06073013321", "source": "CDE California Public Schools / School Sites 2024-25" }, "geometry": { "type": "Point", "coordinates": [ -116.958225859593227, 32.623146759951105 ] } },
{ "type": "Feature", "properties": { "name": "Muraoka (Saburo) Elementary", "district": "Chula Vista Elementary", "type": "Elementary", "education_site_type": "K-12 School", "address": "1644 Santa Alexia Ave.", "city": "Chula Vista", "zip": "91915", "tract_geoid": "06073013317", "source": "CDE California Public Schools / School Sites 2024-25" }, "geometry": { "type": "Point", "coordinates": [ -116.992302859692373, 32.614655759869933 ] } },
{ "type": "Feature", "properties": { "name": "Learning Choice Academy - Chula Vista", "district": "Chula Vista Elementary", "type": "K-12", "education_site_type": "K-12 School", "address": "881 Kuhn Dr. Ste., 106", "city": "Chula Vista", "zip": "91914-3563", "tract_geoid": "06073013424", "source": "CDE California Public Schools / School Sites 2024-25" }, "geometry": { "type": "Point", "coordinates": [ -116.965437860054038, 32.652378760082506 ] } },
{ "type": "Feature", "properties": { "name": "Fahari L. Jeffers Elementary", "district": "Chula Vista Elementary", "type": "Elementary", "education_site_type": "K-12 School", "address": "1145 Camino Prado", "city": "Chula Vista", "zip": "91913", "tract_geoid": "06073013317", "source": "CDE California Public Schools / School Sites 2024-25" }, "geometry": { "type": "Point", "coordinates": [ -116.998250859888756, 32.598906750152437 ] } },
{ "type": "Feature", "properties": { "name": "Sonia Sotomayor Elementary", "district": "Chula Vista Elementary", "type": "Elementary", "education_site_type": "K-12 School", "address": "1790 Santa Christina Ave.", "city": "Chula Vista", "zip": "91913", "tract_geoid": "06073013317", "source": "CDE California Public Schools / School Sites 2024-25" }, "geometry": { "type": "Point", "coordinates": [ -116.993572693038644, 32.609789953048249 ] } },
{ "type": "Feature", "properties": { "name": "Castle Park Elementary", "district": "Chula Vista Elementary", "type": "Elementary", "education_site_type": "K-12 School", "address": "25 Emerson St.", "city": "Chula Vista", "zip": "91910-3309", "tract_geoid": "06073013102", "source": "CDE California Public Schools / School Sites 2024-25" }, "geometry": { "type": "Point", "coordinates": [ -117.057109879999345, 32.614253750396266 ] } },
{ "type": "Feature", "properties": { "name": "Allen (Ella B.) Elementary", "district": "Chula Vista Elementary", "type": "Elementary", "education_site_type": "K-12 School", "address": "4300 Allen School Rd.", "city": "Bonita", "zip": "91902-2309", "tract_geoid": "06073013412", "source": "CDE California Public Schools / School Sites 2024-25" }, "geometry": { "type": "Point", "coordinates": [ -117.033410870382951, 32.656522759913429 ] } },
{ "type": "Feature", "properties": { "name": "Rohr (Fred H.) Elementary", "district": "Chula Vista Elementary", "type": "Elementary", "education_site_type": "K-12 School", "address": "1540 Malta Ave.", "city": "Chula Vista", "zip": "91911-5999", "tract_geoid": "06073013306", "source": "CDE California Public Schools / School Sites 2024-25" }, "geometry": { "type": "Point", "coordinates": [ -117.041576869888729, 32.601785750072182 ] } },
{ "type": "Feature", "properties": { "name": "Rogers (Greg) Elementary", "district": "Chula Vista Elementary", "type": "Elementary", "education_site_type": "K-12 School", "address": "510 East Naples St.", "city": "Chula Vista", "zip": "91911-2519", "tract_geoid": "06073013309", "source": "CDE California Public Schools / School Sites 2024-25" }, "geometry": { "type": "Point", "coordinates": [ -117.035406869896775, 32.622058759679064 ] } },
{ "type": "Feature", "properties": { "name": "Halecrest Elementary", "district": "Chula Vista Elementary", "type": "Elementary", "education_site_type": "K-12 School", "address": "475 East J St.", "city": "Chula Vista", "zip": "91910-6499", "tract_geoid": "06073013409", "source": "CDE California Public Schools / School Sites 2024-25" }, "geometry": { "type": "Point", "coordinates": [ -117.044676880501797, 32.634971759943397 ] } },
{ "type": "Feature", "properties": { "name": "Harborside Elementary", "district": "Chula Vista Elementary", "type": "Elementary", "education_site_type": "K-12 School", "address": "681 Naples St.", "city": "Chula Vista", "zip": "91911-1619", "tract_geoid": "06073013103", "source": "CDE California Public Schools / School Sites 2024-25" }, "geometry": { "type": "Point", "coordinates": [ -117.086158879790446, 32.608193750314008 ] } },
{ "type": "Feature", "properties": { "name": "Cook (Hazel Goes) Elementary", "district": "Chula Vista Elementary", "type": "Elementary", "education_site_type": "K-12 School", "address": "875 Cuyamaca Ave.", "city": "Chula Vista", "zip": "91911-1501", "tract_geoid": "06073013301", "source": "CDE California Public Schools / School Sites 2024-25" }, "geometry": { "type": "Point", "coordinates": [ -117.055615880182998, 32.62594275967632 ] } },
{ "type": "Feature", "properties": { "name": "Hilltop Drive Elementary", "district": "Chula Vista Elementary", "type": "Elementary", "education_site_type": "K-12 School", "address": "30 Murray St.", "city": "Chula Vista", "zip": "91910-6020", "tract_geoid": "06073012900", "source": "CDE California Public Schools / School Sites 2024-25" }, "geometry": { "type": "Point", "coordinates": [ -117.064291879967215, 32.631543759568082 ] } },
{ "type": "Feature", "properties": { "name": "Lauderbach (J. Calvin) Elementary", "district": "Chula Vista Elementary", "type": "Elementary", "education_site_type": "K-12 School", "address": "390 Palomar St.", "city": "Chula Vista", "zip": "91911-3182", "tract_geoid": "06073013203", "source": "CDE California Public Schools / School Sites 2024-25" }, "geometry": { "type": "Point", "coordinates": [ -117.069781880267655, 32.606645749704036 ] } },
{ "type": "Feature", "properties": { "name": "Montgomery (John J.) Elementary", "district": "Chula Vista Elementary", "type": "Elementary", "education_site_type": "K-12 School", "address": "1601 Fourth Ave.", "city": "Chula Vista", "zip": "91911-5799", "tract_geoid": "06073013204", "source": "CDE California Public Schools / School Sites 2024-25" }, "geometry": { "type": "Point", "coordinates": [ -117.068480880210359, 32.597685750162157 ] } },
{ "type": "Feature", "properties": { "name": "Kellogg (Karl H.) Elementary", "district": "Chula Vista Elementary", "type": "Elementary", "education_site_type": "K-12 School", "address": "229 East Naples St.", "city": "Chula Vista", "zip": "91911-2399", "tract_geoid": "06073013301", "source": "CDE California Public Schools / School Sites 2024-25" }, "geometry": { "type": "Point", "coordinates": [ -117.04846986969703, 32.620338750158467 ] } },
{ "type": "Feature", "properties": { "name": "Rice (Lilian J.) Elementary", "district": "Chula Vista Elementary", "type": "Elementary", "education_site_type": "K-12 School", "address": "915 Fourth Ave.", "city": "Chula Vista", "zip": "91911-2098", "tract_geoid": "06073013102", "source": "CDE California Public Schools / School Sites 2024-25" }, "geometry": { "type": "Point", "coordinates": [ -117.075238880029062, 32.618618749654928 ] } },
{ "type": "Feature", "properties": { "name": "Loma Verde Elementary", "district": "Chula Vista Elementary", "type": "Elementary", "education_site_type": "K-12 School", "address": "1450 Loma Ln.", "city": "Chula Vista", "zip": "91911-5310", "tract_geoid": "06073013307", "source": "CDE California Public Schools / School Sites 2024-25" }, "geometry": { "type": "Point", "coordinates": [ -117.050309870108848, 32.601722750026418 ] } },
{ "type": "Feature", "properties": { "name": "Feaster (Mae L.) Charter", "district": "Chula Vista Elementary", "type": "Elementary", "education_site_type": "K-12 School", "address": "670 Flower St.", "city": "Chula Vista", "zip": "91910-1327", "tract_geoid": "06073012502", "source": "CDE California Public Schools / School Sites 2024-25" }, "geometry": { "type": "Point", "coordinates": [ -117.096918890353436, 32.642069759888116 ] } },
{ "type": "Feature", "properties": { "name": "Finney (Myrtle S.) Elementary", "district": "Chula Vista Elementary", "type": "Elementary", "education_site_type": "K-12 School", "address": "3950 Byrd St.", "city": "San Diego", "zip": "92154-1799", "tract_geoid": "06073010001", "source": "CDE California Public Schools / School Sites 2024-25" }, "geometry": { "type": "Point", "coordinates": [ -117.049294870395002, 32.585104750180015 ] } },
{ "type": "Feature", "properties": { "name": "Palomar Elementary", "district": "Chula Vista Elementary", "type": "Elementary", "education_site_type": "K-12 School", "address": "300 East Palomar St.", "city": "Chula Vista", "zip": "91911-3799", "tract_geoid": "06073013303", "source": "CDE California Public Schools / School Sites 2024-25" }, "geometry": { "type": "Point", "coordinates": [ -117.043161870036897, 32.612816750124708 ] } },
{ "type": "Feature", "properties": { "name": "Mueller Charter (Robert L.)", "district": "Chula Vista Elementary", "type": "K-12", "education_site_type": "K-12 School", "address": "715 I St.", "city": "Chula Vista", "zip": "91910-5112", "tract_geoid": "06073012600", "source": "CDE California Public Schools / School Sites 2024-25" }, "geometry": { "type": "Point", "coordinates": [ -117.093823880298601, 32.626910749673918 ] } },
{ "type": "Feature", "properties": { "name": "Rosebank Elementary", "district": "Chula Vista Elementary", "type": "Elementary", "education_site_type": "K-12 School", "address": "80 Flower St.", "city": "Chula Vista", "zip": "91911-1997", "tract_geoid": "06073012303", "source": "CDE California Public Schools / School Sites 2024-25" }, "geometry": { "type": "Point", "coordinates": [ -117.072574880190516, 32.649492759829393 ] } },
{ "type": "Feature", "properties": { "name": "Silver Wing Elementary", "district": "Chula Vista Elementary", "type": "Elementary", "education_site_type": "K-12 School", "address": "3730 Arey Dr.", "city": "San Diego", "zip": "92154-2422", "tract_geoid": "06073010011", "source": "CDE California Public Schools / School Sites 2024-25" }, "geometry": { "type": "Point", "coordinates": [ -117.05317986950449, 32.57959574988238 ] } },
{ "type": "Feature", "properties": { "name": "Sunnyside Elementary", "district": "Chula Vista Elementary", "type": "Elementary", "education_site_type": "K-12 School", "address": "5430 San Miguel Rd.", "city": "Bonita", "zip": "91902-2209", "tract_geoid": "06073013422", "source": "CDE California Public Schools / School Sites 2024-25" }, "geometry": { "type": "Point", "coordinates": [ -117.014251869592513, 32.673594760362533 ] } },
{ "type": "Feature", "properties": { "name": "Valle Lindo Elementary", "district": "Chula Vista Elementary", "type": "Elementary", "education_site_type": "K-12 School", "address": "1515 Oleander Ave.", "city": "Chula Vista", "zip": "91911-5699", "tract_geoid": "06073013312", "source": "CDE California Public Schools / School Sites 2024-25" }, "geometry": { "type": "Point", "coordinates": [ -117.031811870058476, 32.604519749654116 ] } },
{ "type": "Feature", "properties": { "name": "Valley Vista Elementary", "district": "Chula Vista Elementary", "type": "Elementary", "education_site_type": "K-12 School", "address": "3724 Valley Vista Way", "city": "Bonita", "zip": "91902-1139", "tract_geoid": "06073003204", "source": "CDE California Public Schools / School Sites 2024-25" }, "geometry": { "type": "Point", "coordinates": [ -117.048208880248623, 32.660002759910178 ] } },
{ "type": "Feature", "properties": { "name": "Vista Square Elementary", "district": "Chula Vista Elementary", "type": "Elementary", "education_site_type": "K-12 School", "address": "540 G St.", "city": "Chula Vista", "zip": "91910-3604", "tract_geoid": "06073012700", "source": "CDE California Public Schools / School Sites 2024-25" }, "geometry": { "type": "Point", "coordinates": [ -117.087339880118975, 32.634861750209431 ] } },
{ "type": "Feature", "properties": { "name": "Parkview Elementary", "district": "Chula Vista Elementary", "type": "Elementary", "education_site_type": "K-12 School", "address": "575 Juniper St.", "city": "Chula Vista", "zip": "91911-3826", "tract_geoid": "06073013309", "source": "CDE California Public Schools / School Sites 2024-25" }, "geometry": { "type": "Point", "coordinates": [ -117.031915870066172, 32.613719750323973 ] } },
{ "type": "Feature", "properties": { "name": "Juarez-Lincoln Elementary", "district": "Chula Vista Elementary", "type": "Elementary", "education_site_type": "K-12 School", "address": "849 Twining Ave.", "city": "San Diego", "zip": "92154-2599", "tract_geoid": "06073010003", "source": "CDE California Public Schools / School Sites 2024-25" }, "geometry": { "type": "Point", "coordinates": [ -117.044519869947081, 32.580590749941734 ] } },
{ "type": "Feature", "properties": { "name": "Los Altos Elementary", "district": "Chula Vista Elementary", "type": "Elementary", "education_site_type": "K-12 School", "address": "1332 Kenalan Dr.", "city": "San Diego", "zip": "92154-3731", "tract_geoid": "06073010004", "source": "CDE California Public Schools / School Sites 2024-25" }, "geometry": { "type": "Point", "coordinates": [ -117.050099869626152, 32.57206374959172 ] } },
{ "type": "Feature", "properties": { "name": "Tiffany (Burton C.) Elementary", "district": "Chula Vista Elementary", "type": "Elementary", "education_site_type": "K-12 School", "address": "1691 Elmhurst St.", "city": "Chula Vista", "zip": "91913-2612", "tract_geoid": "06073013416", "source": "CDE California Public Schools / School Sites 2024-25" }, "geometry": { "type": "Point", "coordinates": [ -116.991037869787235, 32.645643759582399 ] } },
{ "type": "Feature", "properties": { "name": "Otay Elementary", "district": "Chula Vista Elementary", "type": "Elementary", "education_site_type": "K-12 School", "address": "1651 Albany Ave.", "city": "Chula Vista", "zip": "91911-5801", "tract_geoid": "06073013307", "source": "CDE California Public Schools / School Sites 2024-25" }, "geometry": { "type": "Point", "coordinates": [ -117.057221869574661, 32.596361749565169 ] } },
{ "type": "Feature", "properties": { "name": "Chula Vista Hills Elementary", "district": "Chula Vista Elementary", "type": "Elementary", "education_site_type": "K-12 School", "address": "980 Buena Vista Way", "city": "Chula Vista", "zip": "91910-7133", "tract_geoid": "06073013414", "source": "CDE California Public Schools / School Sites 2024-25" }, "geometry": { "type": "Point", "coordinates": [ -117.003506870202244, 32.636772759600575 ] } },
{ "type": "Feature", "properties": { "name": "EastLake Elementary", "district": "Chula Vista Elementary", "type": "Elementary", "education_site_type": "K-12 School", "address": "1955 Hillside Dr.", "city": "Chula Vista", "zip": "91913-1263", "tract_geoid": "06073013417", "source": "CDE California Public Schools / School Sites 2024-25" }, "geometry": { "type": "Point", "coordinates": [ -116.984457869773934, 32.655309760439998 ] } },
{ "type": "Feature", "properties": { "name": "Clear View", "district": "Chula Vista Elementary", "type": "Elementary", "education_site_type": "K-12 School", "address": "455 Windrose Way", "city": "Chula Vista", "zip": "91910-7400", "tract_geoid": "06073013412", "source": "CDE California Public Schools / School Sites 2024-25" }, "geometry": { "type": "Point", "coordinates": [ -117.045286880227039, 32.645350760268329 ] } },
{ "type": "Feature", "properties": { "name": "Discovery Charter", "district": "Chula Vista Elementary", "type": "Elementary", "education_site_type": "K-12 School", "address": "1100 Camino Biscay", "city": "Chula Vista", "zip": "91910-7737", "tract_geoid": "06073013420", "source": "CDE California Public Schools / School Sites 2024-25" }, "geometry": { "type": "Point", "coordinates": [ -117.016331869832825, 32.64186476032588 ] } },
{ "type": "Feature", "properties": { "name": "Olympic View Elementary", "district": "Chula Vista Elementary", "type": "Elementary", "education_site_type": "K-12 School", "address": "1220 South Greensview Dr.", "city": "Chula Vista", "zip": "91915-2127", "tract_geoid": "06073013316", "source": "CDE California Public Schools / School Sites 2024-25" }, "geometry": { "type": "Point", "coordinates": [ -116.965163860123923, 32.637584760014626 ] } },
{ "type": "Feature", "properties": { "name": "Casillas (Joseph) Elementary", "district": "Chula Vista Elementary", "type": "Elementary", "education_site_type": "K-12 School", "address": "1130 East J St.", "city": "Chula Vista", "zip": "91910-7164", "tract_geoid": "06073013414", "source": "CDE California Public Schools / School Sites 2024-25" }, "geometry": { "type": "Point", "coordinates": [ -117.010628869873202, 32.629301759628852 ] } },
{ "type": "Feature", "properties": { "name": "Chula Vista Learning Community Charter", "district": "Chula Vista Elementary", "type": "K-12", "education_site_type": "K-12 School", "address": "590 K St.", "city": "Chula Vista", "zip": "91911-1118", "tract_geoid": "06073013000", "source": "CDE California Public Schools / School Sites 2024-25" }, "geometry": { "type": "Point", "coordinates": [ -117.083160879968304, 32.620238750438581 ] } },
{ "type": "Feature", "properties": { "name": "Marshall (Thurgood) Elementary", "district": "Chula Vista Elementary", "type": "Elementary", "education_site_type": "K-12 School", "address": "2295 MacKenzie Creek Rd.", "city": "Chula Vista", "zip": "91914-3537", "tract_geoid": "06073013424", "source": "CDE California Public Schools / School Sites 2024-25" }, "geometry": { "type": "Point", "coordinates": [ -116.966706860276688, 32.659891760187392 ] } },
{ "type": "Feature", "properties": { "name": "Arroyo Vista Charter", "district": "Chula Vista Elementary", "type": "Elementary", "education_site_type": "K-12 School", "address": "2491 School House Rd.", "city": "Chula Vista", "zip": "91915-2534", "tract_geoid": "06073013319", "source": "CDE California Public Schools / School Sites 2024-25" }, "geometry": { "type": "Point", "coordinates": [ -116.953098860441202, 32.638777759696779 ] } },
{ "type": "Feature", "properties": { "name": "Heritage Elementary", "district": "Chula Vista Elementary", "type": "Elementary", "education_site_type": "K-12 School", "address": "1450 Santa Lucia Rd.", "city": "Chula Vista", "zip": "91913-1480", "tract_geoid": "06073013322", "source": "CDE California Public Schools / School Sites 2024-25" }, "geometry": { "type": "Point", "coordinates": [ -116.996967870370199, 32.626431759989252 ] } },
{ "type": "Feature", "properties": { "name": "McMillin (Corky) Elementary", "district": "Chula Vista Elementary", "type": "Elementary", "education_site_type": "K-12 School", "address": "1201 Santa Cora Ave.", "city": "Chula Vista", "zip": "91913-1799", "tract_geoid": "06073013323", "source": "CDE California Public Schools / School Sites 2024-25" }, "geometry": { "type": "Point", "coordinates": [ -116.98364585997264, 32.633404759806048 ] } },
{ "type": "Feature", "properties": { "name": "Coronado High", "district": "Coronado Unified", "type": "High", "education_site_type": "K-12 School", "address": "650 D Ave.", "city": "Coronado", "zip": "92118-2113", "tract_geoid": "06073010800", "source": "CDE California Public Schools / School Sites 2024-25" }, "geometry": { "type": "Point", "coordinates": [ -117.178290899537529, 32.692090760154237 ] } },
{ "type": "Feature", "properties": { "name": "Coronado Village Elementary", "district": "Coronado Unified", "type": "Elementary", "education_site_type": "K-12 School", "address": "600 Sixth St.", "city": "Coronado", "zip": "92118-1600", "tract_geoid": "06073010800", "source": "CDE California Public Schools / School Sites 2024-25" }, "geometry": { "type": "Point", "coordinates": [ -117.181576900330313, 32.693424759985774 ] } },
{ "type": "Feature", "properties": { "name": "Silver Strand Elementary", "district": "Coronado Unified", "type": "Elementary", "education_site_type": "K-12 School", "address": "1350 Leyte Rd.", "city": "Coronado", "zip": "92118-3124", "tract_geoid": "06073021600", "source": "CDE California Public Schools / School Sites 2024-25" }, "geometry": { "type": "Point", "coordinates": [ -117.14410689005021, 32.644002750203718 ] } },
{ "type": "Feature", "properties": { "name": "Coronado Middle", "district": "Coronado Unified", "type": "Middle", "education_site_type": "K-12 School", "address": "550 F Ave.", "city": "Coronado", "zip": "92118-2110", "tract_geoid": "06073011100", "source": "CDE California Public Schools / School Sites 2024-25" }, "geometry": { "type": "Point", "coordinates": [ -117.179789900098982, 32.694486760049124 ] } },
{ "type": "Feature", "properties": { "name": "The Heights Charter", "district": "Dehesa Elementary", "type": "Elementary", "education_site_type": "K-12 School", "address": "2710 Alpine Blvd., Ste. E", "city": "Alpine", "zip": "91901-2389", "tract_geoid": "06073021205", "source": "CDE California Public Schools / School Sites 2024-25" }, "geometry": { "type": "Point", "coordinates": [ -116.754981840407794, 32.835305800203201 ] } },
{ "type": "Feature", "properties": { "name": "Cabrillo Point Academy", "district": "Dehesa Elementary", "type": "K-12", "education_site_type": "K-12 School", "address": "13915 Danielson St. Ste 200", "city": "Poway", "zip": "92064-8884", "tract_geoid": "06073017049", "source": "CDE California Public Schools / School Sites 2024-25" }, "geometry": { "type": "Point", "coordinates": [ -117.030147899609275, 32.939957790047103 ] } },
{ "type": "Feature", "properties": { "name": "Pacific Coast Academy", "district": "Dehesa Elementary", "type": "K-12", "education_site_type": "K-12 School", "address": "13915 Danielson St. #103", "city": "Poway", "zip": "92064-8884", "tract_geoid": "06073017049", "source": "CDE California Public Schools / School Sites 2024-25" }, "geometry": { "type": "Point", "coordinates": [ -117.030147899609275, 32.939957790047103 ] } },
{ "type": "Feature", "properties": { "name": "Dehesa Elementary", "district": "Dehesa Elementary", "type": "Elementary", "education_site_type": "K-12 School", "address": "4612 Dehesa Rd.", "city": "El Cajon", "zip": "92019-2922", "tract_geoid": "06073015501", "source": "CDE California Public Schools / School Sites 2024-25" }, "geometry": { "type": "Point", "coordinates": [ -116.85044884994555, 32.781581779896719 ] } },
{ "type": "Feature", "properties": { "name": "Sycamore Ridge", "district": "Del Mar Union Elementary", "type": "Elementary", "education_site_type": "K-12 School", "address": "5333 Old Carmel Valley Rd.", "city": "San Diego", "zip": "92130-2650", "tract_geoid": "06073021502", "source": "CDE California Public Schools / School Sites 2024-25" }, "geometry": { "type": "Point", "coordinates": [ -117.198811929572088, 32.954404790419737 ] } },
{ "type": "Feature", "properties": { "name": "Ocean Air", "district": "Del Mar Union Elementary", "type": "Elementary", "education_site_type": "K-12 School", "address": "11444 Canter Heights Dr.", "city": "San Diego", "zip": "92130-6974", "tract_geoid": "06073008374", "source": "CDE California Public Schools / School Sites 2024-25" }, "geometry": { "type": "Point", "coordinates": [ -117.214711930000462, 32.928104779623574 ] } },
{ "type": "Feature", "properties": { "name": "Pacific Sky", "district": "Del Mar Union Elementary", "type": "Elementary", "education_site_type": "K-12 School", "address": "6631 Solterra Vista Pkwy.", "city": "San Diego", "zip": "92130", "tract_geoid": "06073021502", "source": "CDE California Public Schools / School Sites 2024-25" }, "geometry": { "type": "Point", "coordinates": [ -117.174283919630213, 32.962884789769589 ] } },
{ "type": "Feature", "properties": { "name": "Del Mar Heights Elementary", "district": "Del Mar Union Elementary", "type": "Elementary", "education_site_type": "K-12 School", "address": "13555 Boquita Dr.", "city": "Del Mar", "zip": "92014-3453", "tract_geoid": "06073008324", "source": "CDE California Public Schools / School Sites 2024-25" }, "geometry": { "type": "Point", "coordinates": [ -117.249711930433747, 32.944904780178689 ] } },
{ "type": "Feature", "properties": { "name": "Del Mar Hills Elementary", "district": "Del Mar Union Elementary", "type": "Elementary", "education_site_type": "K-12 School", "address": "14085 Mango Dr.", "city": "Del Mar", "zip": "92014-0640", "tract_geoid": "06073008324", "source": "CDE California Public Schools / School Sites 2024-25" }, "geometry": { "type": "Point", "coordinates": [ -117.246211930282612, 32.953404790418745 ] } },
{ "type": "Feature", "properties": { "name": "Carmel Del Mar Elementary", "district": "Del Mar Union Elementary", "type": "Elementary", "education_site_type": "K-12 School", "address": "12345 Carmel Park Dr.", "city": "San Diego", "zip": "92130-2222", "tract_geoid": "06073008331", "source": "CDE California Public Schools / School Sites 2024-25" }, "geometry": { "type": "Point", "coordinates": [ -117.22865793040198, 32.940793780008086 ] } },
{ "type": "Feature", "properties": { "name": "Ashley Falls Elementary", "district": "Del Mar Union Elementary", "type": "Elementary", "education_site_type": "K-12 School", "address": "13030 Ashley Falls Dr.", "city": "San Diego", "zip": "92130-3717", "tract_geoid": "06073021501", "source": "CDE California Public Schools / School Sites 2024-25" }, "geometry": { "type": "Point", "coordinates": [ -117.209011930024914, 32.956204790126712 ] } },
{ "type": "Feature", "properties": { "name": "Sage Canyon", "district": "Del Mar Union Elementary", "type": "Elementary", "education_site_type": "K-12 School", "address": "5290 Harvest Run Dr.", "city": "San Diego", "zip": "92130-4875", "tract_geoid": "06073008372", "source": "CDE California Public Schools / School Sites 2024-25" }, "geometry": { "type": "Point", "coordinates": [ -117.203911919773745, 32.92610478016519 ] } },
{ "type": "Feature", "properties": { "name": "Torrey Hills", "district": "Del Mar Union Elementary", "type": "Elementary", "education_site_type": "K-12 School", "address": "10830 Calle Mar de Mariposa", "city": "San Diego", "zip": "92130-8657", "tract_geoid": "06073008371", "source": "CDE California Public Schools / School Sites 2024-25" }, "geometry": { "type": "Point", "coordinates": [ -117.223511930165017, 32.914204779655932 ] } },
{ "type": "Feature", "properties": { "name": "Paul Ecke-Central Elementary", "district": "Encinitas Union Elementary", "type": "Elementary", "education_site_type": "K-12 School", "address": "185 Union St.", "city": "Encinitas", "zip": "92024-2119", "tract_geoid": "06073017702", "source": "CDE California Public Schools / School Sites 2024-25" }, "geometry": { "type": "Point", "coordinates": [ -117.296411950205282, 33.057304789879915 ] } },
{ "type": "Feature", "properties": { "name": "Ocean Knoll Elementary", "district": "Encinitas Union Elementary", "type": "Elementary", "education_site_type": "K-12 School", "address": "910 Melba Rd.", "city": "Encinitas", "zip": "92024-3901", "tract_geoid": "06073017502", "source": "CDE California Public Schools / School Sites 2024-25" }, "geometry": { "type": "Point", "coordinates": [ -117.271611940180705, 33.04020479029073 ] } },
{ "type": "Feature", "properties": { "name": "Capri Elementary", "district": "Encinitas Union Elementary", "type": "Elementary", "education_site_type": "K-12 School", "address": "941 Capri Rd.", "city": "Encinitas", "zip": "92024-1214", "tract_geoid": "06073017601", "source": "CDE California Public Schools / School Sites 2024-25" }, "geometry": { "type": "Point", "coordinates": [ -117.288611950335394, 33.075304800374205 ] } },
{ "type": "Feature", "properties": { "name": "Park Dale Lane Elementary", "district": "Encinitas Union Elementary", "type": "Elementary", "education_site_type": "K-12 School", "address": "2050 Park Dale Ln.", "city": "Encinitas", "zip": "92024-4324", "tract_geoid": "06073017104", "source": "CDE California Public Schools / School Sites 2024-25" }, "geometry": { "type": "Point", "coordinates": [ -117.242511939675737, 33.047404799754815 ] } },
{ "type": "Feature", "properties": { "name": "Flora Vista Elementary", "district": "Encinitas Union Elementary", "type": "Elementary", "education_site_type": "K-12 School", "address": "1690 Wandering Rd.", "city": "Encinitas", "zip": "92024-2417", "tract_geoid": "06073017108", "source": "CDE California Public Schools / School Sites 2024-25" }, "geometry": { "type": "Point", "coordinates": [ -117.253611939830179, 33.05610479985679 ] } },
{ "type": "Feature", "properties": { "name": "La Costa Heights Elementary", "district": "Encinitas Union Elementary", "type": "Elementary", "education_site_type": "K-12 School", "address": "3035 Levante St.", "city": "Carlsbad", "zip": "92009-8331", "tract_geoid": "06073020035", "source": "CDE California Public Schools / School Sites 2024-25" }, "geometry": { "type": "Point", "coordinates": [ -117.243511939810531, 33.080204800013242 ] } },
{ "type": "Feature", "properties": { "name": "Mission Estancia Elementary", "district": "Encinitas Union Elementary", "type": "Elementary", "education_site_type": "K-12 School", "address": "3330 Calle Barcelona", "city": "Carlsbad", "zip": "92009-9319", "tract_geoid": "06073017109", "source": "CDE California Public Schools / School Sites 2024-25" }, "geometry": { "type": "Point", "coordinates": [ -117.240411940329395, 33.072204799561653 ] } },
{ "type": "Feature", "properties": { "name": "Olivenhain Pioneer Elementary", "district": "Encinitas Union Elementary", "type": "Elementary", "education_site_type": "K-12 School", "address": "8000 Calle Acervo", "city": "Carlsbad", "zip": "92009-8900", "tract_geoid": "06073017109", "source": "CDE California Public Schools / School Sites 2024-25" }, "geometry": { "type": "Point", "coordinates": [ -117.23881193979102, 33.061704799882712 ] } },
{ "type": "Feature", "properties": { "name": "El Camino Creek Elementary", "district": "Encinitas Union Elementary", "type": "Elementary", "education_site_type": "K-12 School", "address": "7885 Paseo Aliso", "city": "Carlsbad", "zip": "92009-9028", "tract_geoid": "06073020035", "source": "CDE California Public Schools / School Sites 2024-25" }, "geometry": { "type": "Point", "coordinates": [ -117.260611939972563, 33.076004800088562 ] } },
{ "type": "Feature", "properties": { "name": "Heritage K-8 Charter", "district": "Escondido Union", "type": "Elementary", "education_site_type": "K-12 School", "address": "1855 East Valley Pkwy.", "city": "Escondido", "zip": "92027-2517", "tract_geoid": "06073020207", "source": "CDE California Public Schools / School Sites 2024-25" }, "geometry": { "type": "Point", "coordinates": [ -117.054224909952225, 33.135945819602703 ] } },
{ "type": "Feature", "properties": { "name": "Bear Valley Middle", "district": "Escondido Union", "type": "Middle", "education_site_type": "K-12 School", "address": "3003 Bear Valley Pkwy.", "city": "Escondido", "zip": "92025-7618", "tract_geoid": "06073020708", "source": "CDE California Public Schools / School Sites 2024-25" }, "geometry": { "type": "Point", "coordinates": [ -117.057311910516546, 33.084304809715512 ] } },
{ "type": "Feature", "properties": { "name": "Farr Avenue Elementary", "district": "Escondido Union", "type": "Elementary", "education_site_type": "K-12 School", "address": "933 Farr Ave.", "city": "Escondido", "zip": "92026-3121", "tract_geoid": "06073020109", "source": "CDE California Public Schools / School Sites 2024-25" }, "geometry": { "type": "Point", "coordinates": [ -117.077210919984836, 33.13815681969281 ] } },
{ "type": "Feature", "properties": { "name": "Reidy Creek Elementary", "district": "Escondido Union", "type": "Elementary", "education_site_type": "K-12 School", "address": "2869 North Broadway", "city": "Escondido", "zip": "92026-8802", "tract_geoid": "06073020111", "source": "CDE California Public Schools / School Sites 2024-25" }, "geometry": { "type": "Point", "coordinates": [ -117.091511919904562, 33.171704819789156 ] } },
{ "type": "Feature", "properties": { "name": "Bernardo Elementary", "district": "Escondido Union", "type": "Elementary", "education_site_type": "K-12 School", "address": "1122 Mountain Heights Dr.", "city": "Escondido", "zip": "92029-5634", "tract_geoid": "06073020405", "source": "CDE California Public Schools / School Sites 2024-25" }, "geometry": { "type": "Point", "coordinates": [ -117.092211919695657, 33.085804809855688 ] } },
{ "type": "Feature", "properties": { "name": "Quantum Academy", "district": "Escondido Union", "type": "Elementary", "education_site_type": "K-12 School", "address": "420 North Falconer Rd.", "city": "Escondido", "zip": "92027-5331", "tract_geoid": "06073020712", "source": "CDE California Public Schools / School Sites 2024-25" }, "geometry": { "type": "Point", "coordinates": [ -117.034958910181501, 33.143771819564847 ] } },
{ "type": "Feature", "properties": { "name": "Limitless Learning Academy", "district": "Escondido Union", "type": "Alternative Schools of Choice", "education_site_type": "K-12 School", "address": "1400 West Ninth Ave.", "city": "Escondido", "zip": "92029-2204", "tract_geoid": "06073020500", "source": "CDE California Public Schools / School Sites 2024-25" }, "geometry": { "type": "Point", "coordinates": [ -117.101481919655654, 33.110410810231521 ] } },
{ "type": "Feature", "properties": { "name": "Central Elementary", "district": "Escondido Union", "type": "Elementary", "education_site_type": "K-12 School", "address": "122 West Fourth Ave.", "city": "Escondido", "zip": "92025-4134", "tract_geoid": "06073020601", "source": "CDE California Public Schools / School Sites 2024-25" }, "geometry": { "type": "Point", "coordinates": [ -117.079811919875652, 33.118504810158846 ] } },
{ "type": "Feature", "properties": { "name": "Conway Elementary", "district": "Escondido Union", "type": "Elementary", "education_site_type": "K-12 School", "address": "1325 Conway Dr.", "city": "Escondido", "zip": "92027-1629", "tract_geoid": "06073020107", "source": "CDE California Public Schools / School Sites 2024-25" }, "geometry": { "type": "Point", "coordinates": [ -117.075111919760914, 33.146704820099558 ] } },
{ "type": "Feature", "properties": { "name": "Del Dios Academy of Arts and Sciences", "district": "Escondido Union", "type": "Middle", "education_site_type": "K-12 School", "address": "1400 West Ninth Ave.", "city": "Escondido", "zip": "92025-2204", "tract_geoid": "06073020500", "source": "CDE California Public Schools / School Sites 2024-25" }, "geometry": { "type": "Point", "coordinates": [ -117.101481919655654, 33.110410810231521 ] } },
{ "type": "Feature", "properties": { "name": "Felicita Elementary", "district": "Escondido Union", "type": "Elementary", "education_site_type": "K-12 School", "address": "737 West 13th Ave.", "city": "Escondido", "zip": "92025-5510", "tract_geoid": "06073020500", "source": "CDE California Public Schools / School Sites 2024-25" }, "geometry": { "type": "Point", "coordinates": [ -117.083311919852505, 33.10530481034634 ] } },
{ "type": "Feature", "properties": { "name": "Mission Middle", "district": "Escondido Union", "type": "Middle", "education_site_type": "K-12 School", "address": "939 East Mission Ave.", "city": "Escondido", "zip": "92026-2216", "tract_geoid": "06073020202", "source": "CDE California Public Schools / School Sites 2024-25" }, "geometry": { "type": "Point", "coordinates": [ -117.074011920252971, 33.133804809575807 ] } },
{ "type": "Feature", "properties": { "name": "Juniper Elementary", "district": "Escondido Union", "type": "Elementary", "education_site_type": "K-12 School", "address": "1809 South Juniper St.", "city": "Escondido", "zip": "92025-6240", "tract_geoid": "06073020707", "source": "CDE California Public Schools / School Sites 2024-25" }, "geometry": { "type": "Point", "coordinates": [ -117.068611909773978, 33.105104809590024 ] } },
{ "type": "Feature", "properties": { "name": "Lincoln Elementary", "district": "Escondido Union", "type": "Elementary", "education_site_type": "K-12 School", "address": "1029 North Broadway", "city": "Escondido", "zip": "92026-3043", "tract_geoid": "06073020108", "source": "CDE California Public Schools / School Sites 2024-25" }, "geometry": { "type": "Point", "coordinates": [ -117.087882920067059, 33.134512810347836 ] } },
{ "type": "Feature", "properties": { "name": "Oak Hill Elementary", "district": "Escondido Union", "type": "Elementary", "education_site_type": "K-12 School", "address": "1820 Oak Hill Dr.", "city": "Escondido", "zip": "92027-1629", "tract_geoid": "06073020207", "source": "CDE California Public Schools / School Sites 2024-25" }, "geometry": { "type": "Point", "coordinates": [ -117.050211909660746, 33.130804819902643 ] } },
{ "type": "Feature", "properties": { "name": "Rose Elementary", "district": "Escondido Union", "type": "Elementary", "education_site_type": "K-12 School", "address": "906 North Rose Ave.", "city": "Escondido", "zip": "92027-1629", "tract_geoid": "06073020206", "source": "CDE California Public Schools / School Sites 2024-25" }, "geometry": { "type": "Point", "coordinates": [ -117.06461192009985, 33.142804820194378 ] } },
{ "type": "Feature", "properties": { "name": "Glen View Elementary", "district": "Escondido Union", "type": "Elementary", "education_site_type": "K-12 School", "address": "2201 East Mission Ave.", "city": "Escondido", "zip": "92027-1629", "tract_geoid": "06073020208", "source": "CDE California Public Schools / School Sites 2024-25" }, "geometry": { "type": "Point", "coordinates": [ -117.052611910033505, 33.146304819941058 ] } },
{ "type": "Feature", "properties": { "name": "Orange Glen Elementary", "district": "Escondido Union", "type": "Elementary", "education_site_type": "K-12 School", "address": "2861 Valley Pkwy.", "city": "Escondido", "zip": "92027-2930", "tract_geoid": "06073020712", "source": "CDE California Public Schools / School Sites 2024-25" }, "geometry": { "type": "Point", "coordinates": [ -117.035170910102906, 33.145434819560535 ] } },
{ "type": "Feature", "properties": { "name": "Miller Elementary", "district": "Escondido Union", "type": "Elementary", "education_site_type": "K-12 School", "address": "1975 Miller Ave.", "city": "Escondido", "zip": "92025-5932", "tract_geoid": "06073020403", "source": "CDE California Public Schools / School Sites 2024-25" }, "geometry": { "type": "Point", "coordinates": [ -117.079911910268365, 33.097004810116118 ] } },
{ "type": "Feature", "properties": { "name": "Hidden Valley Middle", "district": "Escondido Union", "type": "Middle", "education_site_type": "K-12 School", "address": "2700 Reed Rd.", "city": "Escondido", "zip": "92027-1629", "tract_geoid": "06073020712", "source": "CDE California Public Schools / School Sites 2024-25" }, "geometry": { "type": "Point", "coordinates": [ -117.035011910052916, 33.134004819690006 ] } },
{ "type": "Feature", "properties": { "name": "North Broadway Elementary", "district": "Escondido Union", "type": "Elementary", "education_site_type": "K-12 School", "address": "2301 North Broadway", "city": "Escondido", "zip": "92026-1412", "tract_geoid": "06073020105", "source": "CDE California Public Schools / School Sites 2024-25" }, "geometry": { "type": "Point", "coordinates": [ -117.09381191998429, 33.162704820068122 ] } },
{ "type": "Feature", "properties": { "name": "Rincon Middle", "district": "Escondido Union", "type": "Middle", "education_site_type": "K-12 School", "address": "925 Lehner Ave.", "city": "Escondido", "zip": "92026-1512", "tract_geoid": "06073020107", "source": "CDE California Public Schools / School Sites 2024-25" }, "geometry": { "type": "Point", "coordinates": [ -117.081611919507083, 33.157704819713842 ] } },
{ "type": "Feature", "properties": { "name": "L. R. Green Elementary", "district": "Escondido Union", "type": "Elementary", "education_site_type": "K-12 School", "address": "3115 Las Palmas Ave.", "city": "Escondido", "zip": "92025-7300", "tract_geoid": "06073020708", "source": "CDE California Public Schools / School Sites 2024-25" }, "geometry": { "type": "Point", "coordinates": [ -117.060311910102627, 33.084904809766947 ] } },
{ "type": "Feature", "properties": { "name": "Pioneer Elementary", "district": "Escondido Union", "type": "Elementary", "education_site_type": "K-12 School", "address": "980 North Ash St.", "city": "Escondido", "zip": "92027-1629", "tract_geoid": "06073020211", "source": "CDE California Public Schools / School Sites 2024-25" }, "geometry": { "type": "Point", "coordinates": [ -117.07218991954889, 33.138969810291215 ] } },
{ "type": "Feature", "properties": { "name": "Rock Springs Elementary", "district": "Escondido Union", "type": "Elementary", "education_site_type": "K-12 School", "address": "1155 Deodar Rd.", "city": "Escondido", "zip": "92026-2200", "tract_geoid": "06073020309", "source": "CDE California Public Schools / School Sites 2024-25" }, "geometry": { "type": "Point", "coordinates": [ -117.106711920358606, 33.137804810292295 ] } },
{ "type": "Feature", "properties": { "name": "Classical Academy", "district": "Escondido Union", "type": "Elementary", "education_site_type": "K-12 School", "address": "2950 South Bear Valley Pkwy.", "city": "Escondido", "zip": "92025-7446", "tract_geoid": "06073020706", "source": "CDE California Public Schools / School Sites 2024-25" }, "geometry": { "type": "Point", "coordinates": [ -117.055494910311481, 33.084042809991416 ] } },
{ "type": "Feature", "properties": { "name": "Classical Academy High", "district": "Escondido Union High", "type": "High", "education_site_type": "K-12 School", "address": "207 East Pennsylvania Ave.", "city": "Escondido", "zip": "92025-2808", "tract_geoid": "06073020214", "source": "CDE California Public Schools / School Sites 2024-25" }, "geometry": { "type": "Point", "coordinates": [ -117.080642919772785, 33.124277810384399 ] } },
{ "type": "Feature", "properties": { "name": "Del Lago Academy - Campus of Applied Science", "district": "Escondido Union High", "type": "High", "education_site_type": "K-12 School", "address": "1740 Scenic Trail Way", "city": "Escondido", "zip": "92029-4211", "tract_geoid": "06073020404", "source": "CDE California Public Schools / School Sites 2024-25" }, "geometry": { "type": "Point", "coordinates": [ -117.104040920436844, 33.09960180960843 ] } },
{ "type": "Feature", "properties": { "name": "Altus Schools North County", "district": "Escondido Union High", "type": "K-12", "education_site_type": "K-12 School", "address": "200 East Via Rancho Pkwy.", "city": "Escondido", "zip": "92025-8006", "tract_geoid": "06073020708", "source": "CDE California Public Schools / School Sites 2024-25" }, "geometry": { "type": "Point", "coordinates": [ -117.065679910516934, 33.071600810311679 ] } },
{ "type": "Feature", "properties": { "name": "San Pasqual High", "district": "Escondido Union High", "type": "High", "education_site_type": "K-12 School", "address": "3300 Bear Valley Pkwy.", "city": "Escondido", "zip": "92025-7636", "tract_geoid": "06073020706", "source": "CDE California Public Schools / School Sites 2024-25" }, "geometry": { "type": "Point", "coordinates": [ -117.056592909902832, 33.076364809863293 ] } },
{ "type": "Feature", "properties": { "name": "Escondido Charter High", "district": "Escondido Union High", "type": "High", "education_site_type": "K-12 School", "address": "1868 East Valley Pkwy.", "city": "Escondido", "zip": "92027-2525", "tract_geoid": "06073020207", "source": "CDE California Public Schools / School Sites 2024-25" }, "geometry": { "type": "Point", "coordinates": [ -117.055177910329263, 33.136543820076959 ] } },
{ "type": "Feature", "properties": { "name": "Valley High (Continuation)", "district": "Escondido Union High", "type": "Continuation", "education_site_type": "K-12 School", "address": "410 North Hidden Trails Rd.", "city": "Escondido", "zip": "92027-5333", "tract_geoid": "06073020711", "source": "CDE California Public Schools / School Sites 2024-25" }, "geometry": { "type": "Point", "coordinates": [ -117.031915909592954, 33.150610819646552 ] } },
{ "type": "Feature", "properties": { "name": "Escondido High", "district": "Escondido Union High", "type": "High", "education_site_type": "K-12 School", "address": "1535 North Broadway", "city": "Escondido", "zip": "92026-2015", "tract_geoid": "06073020105", "source": "CDE California Public Schools / School Sites 2024-25" }, "geometry": { "type": "Point", "coordinates": [ -117.091418919895091, 33.145646819954067 ] } },
{ "type": "Feature", "properties": { "name": "Orange Glen High", "district": "Escondido Union High", "type": "High", "education_site_type": "K-12 School", "address": "2200 Glen Ridge Rd.", "city": "Escondido", "zip": "92027-4115", "tract_geoid": "06073020712", "source": "CDE California Public Schools / School Sites 2024-25" }, "geometry": { "type": "Point", "coordinates": [ -117.04146191021897, 33.129737819803232 ] } },
{ "type": "Feature", "properties": { "name": "Santa Margarita Academy", "district": "Fallbrook Union Elementary", "type": "Community Day", "education_site_type": "K-12 School", "address": "400 West Elder St.", "city": "Fallbrook", "zip": "92028-2108", "tract_geoid": "06073018904", "source": "CDE California Public Schools / School Sites 2024-25" }, "geometry": { "type": "Point", "coordinates": [ -117.255150970450785, 33.380102829568031 ] } },
{ "type": "Feature", "properties": { "name": "Maie Ellis Elementary", "district": "Fallbrook Union Elementary", "type": "Alternative Schools of Choice", "education_site_type": "K-12 School", "address": "400 West Elder St.", "city": "Fallbrook", "zip": "92028-2108", "tract_geoid": "06073018904", "source": "CDE California Public Schools / School Sites 2024-25" }, "geometry": { "type": "Point", "coordinates": [ -117.255150970450785, 33.380102829568031 ] } },
{ "type": "Feature", "properties": { "name": "La Paloma Elementary", "district": "Fallbrook Union Elementary", "type": "Elementary", "education_site_type": "K-12 School", "address": "300 Heald Ln.", "city": "Fallbrook", "zip": "92028-2108", "tract_geoid": "06073018904", "source": "CDE California Public Schools / School Sites 2024-25" }, "geometry": { "type": "Point", "coordinates": [ -117.235109960429071, 33.379383839866492 ] } },
{ "type": "Feature", "properties": { "name": "James E. Potter Intermediate", "district": "Fallbrook Union Elementary", "type": "Middle", "education_site_type": "K-12 School", "address": "1743 Reche Rd.", "city": "Fallbrook", "zip": "92028-2108", "tract_geoid": "06073018801", "source": "CDE California Public Schools / School Sites 2024-25" }, "geometry": { "type": "Point", "coordinates": [ -117.221828960472436, 33.368625830026801 ] } },
{ "type": "Feature", "properties": { "name": "Fallbrook STEM Academy", "district": "Fallbrook Union Elementary", "type": "Elementary", "education_site_type": "K-12 School", "address": "405 West Fallbrook St.", "city": "Fallbrook", "zip": "92028-2108", "tract_geoid": "06073018904", "source": "CDE California Public Schools / School Sites 2024-25" }, "geometry": { "type": "Point", "coordinates": [ -117.255110970150128, 33.377409829612759 ] } },
{ "type": "Feature", "properties": { "name": "Mary Fay Pendleton Elementary", "district": "Fallbrook Union Elementary", "type": "Elementary", "education_site_type": "K-12 School", "address": "110 Marine Dr.", "city": "Oceanside", "zip": "92058-8234", "tract_geoid": "06073018700", "source": "CDE California Public Schools / School Sites 2024-25" }, "geometry": { "type": "Point", "coordinates": [ -117.304509969920204, 33.325216829595497 ] } },
{ "type": "Feature", "properties": { "name": "San Onofre Elementary", "district": "Fallbrook Union Elementary", "type": "Elementary", "education_site_type": "K-12 School", "address": "200 Pate Rd.", "city": "San Clemente", "zip": "92672-2517", "tract_geoid": "06073018700", "source": "CDE California Public Schools / School Sites 2024-25" }, "geometry": { "type": "Point", "coordinates": [ -117.57459702004904, 33.389791820335311 ] } },
{ "type": "Feature", "properties": { "name": "Fallbrook Virtual Academy", "district": "Fallbrook Union Elementary", "type": "Alternative Schools of Choice", "education_site_type": "K-12 School", "address": "300 Heald Ln.", "city": "Fallbrook", "zip": "92028-2108", "tract_geoid": "06073018904", "source": "CDE California Public Schools / School Sites 2024-25" }, "geometry": { "type": "Point", "coordinates": [ -117.235109960429071, 33.379383839866492 ] } },
{ "type": "Feature", "properties": { "name": "Live Oak Elementary", "district": "Fallbrook Union Elementary", "type": "Elementary", "education_site_type": "K-12 School", "address": "1978 Reche Rd.", "city": "Fallbrook", "zip": "92028-2108", "tract_geoid": "06073019001", "source": "CDE California Public Schools / School Sites 2024-25" }, "geometry": { "type": "Point", "coordinates": [ -117.216723959615436, 33.370337830385161 ] } },
{ "type": "Feature", "properties": { "name": "William H. Frazier Elementary", "district": "Fallbrook Union Elementary", "type": "Elementary", "education_site_type": "K-12 School", "address": "1835 Gum Tree Ln.", "city": "Fallbrook", "zip": "92028-2108", "tract_geoid": "06073019001", "source": "CDE California Public Schools / School Sites 2024-25" }, "geometry": { "type": "Point", "coordinates": [ -117.22474596047563, 33.387037839831386 ] } },
{ "type": "Feature", "properties": { "name": "Oasis High (Alternative)", "district": "Fallbrook Union High", "type": "Alternative Schools of Choice", "education_site_type": "K-12 School", "address": "2208 South Stage Coach Ln.", "city": "Fallbrook", "zip": "92028-4500", "tract_geoid": "06073018801", "source": "CDE California Public Schools / School Sites 2024-25" }, "geometry": { "type": "Point", "coordinates": [ -117.236603959767507, 33.351452830272237 ] } },
{ "type": "Feature", "properties": { "name": "Fallbrook High", "district": "Fallbrook Union High", "type": "High", "education_site_type": "K-12 School", "address": "2400 South Stage Coach Ln.", "city": "Fallbrook", "zip": "92028-4429", "tract_geoid": "06073018801", "source": "CDE California Public Schools / School Sites 2024-25" }, "geometry": { "type": "Point", "coordinates": [ -117.24111195980349, 33.348604829644493 ] } },
{ "type": "Feature", "properties": { "name": "Ivy High (Continuation)", "district": "Fallbrook Union High", "type": "Continuation", "education_site_type": "K-12 School", "address": "1056 Winterhaven Rd.", "city": "Fallbrook", "zip": "92028-4500", "tract_geoid": "06073018801", "source": "CDE California Public Schools / School Sites 2024-25" }, "geometry": { "type": "Point", "coordinates": [ -117.236787960159134, 33.347697830103101 ] } },
{ "type": "Feature", "properties": { "name": "MERIT Academy", "district": "Grossmont Union High", "type": "Special Education", "education_site_type": "K-12 School", "address": "1600 North Cuyamaca St.", "city": "El Cajon", "zip": "92020-1109", "tract_geoid": "06073016201", "source": "CDE California Public Schools / School Sites 2024-25" }, "geometry": { "type": "Point", "coordinates": [ -116.980756880312313, 32.817470780098986 ] } },
{ "type": "Feature", "properties": { "name": "REACH Academy", "district": "Grossmont Union High", "type": "Special Education", "education_site_type": "K-12 School", "address": "230 Jamacha Rd.", "city": "El Cajon", "zip": "92019-2359", "tract_geoid": "06073015704", "source": "CDE California Public Schools / School Sites 2024-25" }, "geometry": { "type": "Point", "coordinates": [ -116.935598869757484, 32.793431780296956 ] } },
{ "type": "Feature", "properties": { "name": "IDEA Center", "district": "Grossmont Union High", "type": "Alternative Schools of Choice", "education_site_type": "K-12 School", "address": "1600 North Cuyamaca St.", "city": "El Cajon", "zip": "92020-1187", "tract_geoid": "06073016201", "source": "CDE California Public Schools / School Sites 2024-25" }, "geometry": { "type": "Point", "coordinates": [ -116.980756880312313, 32.817470780098986 ] } },
{ "type": "Feature", "properties": { "name": "The Learning Choice Academy - East County", "district": "Grossmont Union High", "type": "K-12", "education_site_type": "K-12 School", "address": "4215 Spring St. Ste. 104", "city": "La Mesa", "zip": "91941-7965", "tract_geoid": "06073014901", "source": "CDE California Public Schools / School Sites 2024-25" }, "geometry": { "type": "Point", "coordinates": [ -117.013542879462051, 32.75568677041673 ] } },
{ "type": "Feature", "properties": { "name": "Valhalla High", "district": "Grossmont Union High", "type": "High", "education_site_type": "K-12 School", "address": "1725 Hillsdale Rd.", "city": "El Cajon", "zip": "92019-3742", "tract_geoid": "06073013604", "source": "CDE California Public Schools / School Sites 2024-25" }, "geometry": { "type": "Point", "coordinates": [ -116.921486860145293, 32.760608780038581 ] } },
{ "type": "Feature", "properties": { "name": "West Hills High", "district": "Grossmont Union High", "type": "High", "education_site_type": "K-12 School", "address": "8756 Mast Blvd.", "city": "Santee", "zip": "92071-2046", "tract_geoid": "06073016606", "source": "CDE California Public Schools / School Sites 2024-25" }, "geometry": { "type": "Point", "coordinates": [ -117.015755890422199, 32.847856780065612 ] } },
{ "type": "Feature", "properties": { "name": "Steele Canyon High", "district": "Grossmont Union High", "type": "High", "education_site_type": "K-12 School", "address": "12440 Campo Rd.", "city": "Spring Valley", "zip": "91978-2331", "tract_geoid": "06073021305", "source": "CDE California Public Schools / School Sites 2024-25" }, "geometry": { "type": "Point", "coordinates": [ -116.9251638599508, 32.730126770376835 ] } },
{ "type": "Feature", "properties": { "name": "Elite Academy", "district": "Grossmont Union High", "type": "Special Education", "education_site_type": "K-12 School", "address": "230 Jamacha Blvd.", "city": "El Cajon", "zip": "92019-2359", "tract_geoid": "06073015704", "source": "CDE California Public Schools / School Sites 2024-25" }, "geometry": { "type": "Point", "coordinates": [ -116.935845869977342, 32.793728780265106 ] } },
{ "type": "Feature", "properties": { "name": "Grossmont Middle College High", "district": "Grossmont Union High", "type": "Alternative Schools of Choice", "education_site_type": "K-12 School", "address": "8800 Grossmont College Dr.", "city": "El Cajon", "zip": "92020-1765", "tract_geoid": "06073016619", "source": "CDE California Public Schools / School Sites 2024-25" }, "geometry": { "type": "Point", "coordinates": [ -117.006358879669193, 32.816397780255748 ] } },
{ "type": "Feature", "properties": { "name": "El Cajon Valley High", "district": "Grossmont Union High", "type": "High", "education_site_type": "K-12 School", "address": "1035 East Madison Ave.", "city": "El Cajon", "zip": "92021-6226", "tract_geoid": "06073015701", "source": "CDE California Public Schools / School Sites 2024-25" }, "geometry": { "type": "Point", "coordinates": [ -116.94763186972051, 32.799186780220097 ] } },
{ "type": "Feature", "properties": { "name": "El Capitan High", "district": "Grossmont Union High", "type": "High", "education_site_type": "K-12 School", "address": "10410 Ashwood St.", "city": "Lakeside", "zip": "92040-2406", "tract_geoid": "06073016804", "source": "CDE California Public Schools / School Sites 2024-25" }, "geometry": { "type": "Point", "coordinates": [ -116.916737869513597, 32.867748789592746 ] } },
{ "type": "Feature", "properties": { "name": "Granite Hills High", "district": "Grossmont Union High", "type": "High", "education_site_type": "K-12 School", "address": "1719 East Madison Ave.", "city": "El Cajon", "zip": "92019-1052", "tract_geoid": "06073015602", "source": "CDE California Public Schools / School Sites 2024-25" }, "geometry": { "type": "Point", "coordinates": [ -116.916044869602715, 32.799551779581243 ] } },
{ "type": "Feature", "properties": { "name": "Chaparral High", "district": "Grossmont Union High", "type": "Continuation", "education_site_type": "K-12 School", "address": "1600 North Cuyamaca St.", "city": "El Cajon", "zip": "92020-1187", "tract_geoid": "06073016201", "source": "CDE California Public Schools / School Sites 2024-25" }, "geometry": { "type": "Point", "coordinates": [ -116.980756880312313, 32.817470780098986 ] } },
{ "type": "Feature", "properties": { "name": "Grossmont High", "district": "Grossmont Union High", "type": "High", "education_site_type": "K-12 School", "address": "1100 Murray Dr.", "city": "La Mesa", "zip": "91944-1043", "tract_geoid": "06073016000", "source": "CDE California Public Schools / School Sites 2024-25" }, "geometry": { "type": "Point", "coordinates": [ -116.986913879934889, 32.781415780017774 ] } },
{ "type": "Feature", "properties": { "name": "Helix High", "district": "Grossmont Union High", "type": "High", "education_site_type": "K-12 School", "address": "7323 University Ave.", "city": "La Mesa", "zip": "91941-6055", "tract_geoid": "06073014601", "source": "CDE California Public Schools / School Sites 2024-25" }, "geometry": { "type": "Point", "coordinates": [ -117.037606879640379, 32.754872770084219 ] } },
{ "type": "Feature", "properties": { "name": "Monte Vista High", "district": "Grossmont Union High", "type": "High", "education_site_type": "K-12 School", "address": "3230 Sweetwater Springs Blvd.", "city": "Spring Valley", "zip": "91977-6934", "tract_geoid": "06073013503", "source": "CDE California Public Schools / School Sites 2024-25" }, "geometry": { "type": "Point", "coordinates": [ -116.973654870314178, 32.737615770272853 ] } },
{ "type": "Feature", "properties": { "name": "Mount Miguel High", "district": "Grossmont Union High", "type": "High", "education_site_type": "K-12 School", "address": "8585 Blossom Ln.", "city": "Spring Valley", "zip": "91977-3765", "tract_geoid": "06073014002", "source": "CDE California Public Schools / School Sites 2024-25" }, "geometry": { "type": "Point", "coordinates": [ -117.017055879665477, 32.722730769861883 ] } },
{ "type": "Feature", "properties": { "name": "Santana High", "district": "Grossmont Union High", "type": "High", "education_site_type": "K-12 School", "address": "9915 North Magnolia Ave.", "city": "Santee", "zip": "92071-1903", "tract_geoid": "06073016607", "source": "CDE California Public Schools / School Sites 2024-25" }, "geometry": { "type": "Point", "coordinates": [ -116.969209880050812, 32.857367789756609 ] } },
{ "type": "Feature", "properties": { "name": "Jamul Elementary", "district": "Jamul-Dulzura Union Elementary", "type": "Elementary", "education_site_type": "K-12 School", "address": "14567 Lyons Valley Rd.", "city": "Jamul", "zip": "91935-3324", "tract_geoid": "06073021304", "source": "CDE California Public Schools / School Sites 2024-25" }, "geometry": { "type": "Point", "coordinates": [ -116.853159850204818, 32.729362779866683 ] } },
{ "type": "Feature", "properties": { "name": "Oak Grove Middle", "district": "Jamul-Dulzura Union Elementary", "type": "Middle", "education_site_type": "K-12 School", "address": "14344 Olive Vista Dr.", "city": "Jamul", "zip": "91935-3223", "tract_geoid": "06073021304", "source": "CDE California Public Schools / School Sites 2024-25" }, "geometry": { "type": "Point", "coordinates": [ -116.862479850328839, 32.723552779852824 ] } },
{ "type": "Feature", "properties": { "name": "Greater San Diego Academy", "district": "Jamul-Dulzura Union Elementary", "type": "K-12", "education_site_type": "K-12 School", "address": "14545 Lyons Valley Rd.", "city": "Jamul", "zip": "91935-3208", "tract_geoid": "06073021304", "source": "CDE California Public Schools / School Sites 2024-25" }, "geometry": { "type": "Point", "coordinates": [ -116.8561118500986, 32.729004780410065 ] } },
{ "type": "Feature", "properties": { "name": "Diego Valley East Public Charter", "district": "Julian Union Elementary", "type": "K-12", "education_site_type": "K-12 School", "address": "511 North Second St.", "city": "El Cajon", "zip": "92021-6449", "tract_geoid": "06073016403", "source": "CDE California Public Schools / School Sites 2024-25" }, "geometry": { "type": "Point", "coordinates": [ -116.935451870492713, 32.800664780184832 ] } },
{ "type": "Feature", "properties": { "name": "JCS - Mountain Oaks", "district": "Julian Union Elementary", "type": "Elementary", "education_site_type": "K-12 School", "address": "539 Encinitas Blvd.", "city": "Encinitas", "zip": "92024-3748", "tract_geoid": "06073017502", "source": "CDE California Public Schools / School Sites 2024-25" }, "geometry": { "type": "Point", "coordinates": [ -117.279901939615002, 33.045334790094792 ] } },
{ "type": "Feature", "properties": { "name": "JCS - Cedar Cove", "district": "Julian Union Elementary", "type": "K-12", "education_site_type": "K-12 School", "address": "1221 Encinitas Blvd.", "city": "Encinitas", "zip": "92024-3840", "tract_geoid": "06073017403", "source": "CDE California Public Schools / School Sites 2024-25" }, "geometry": { "type": "Point", "coordinates": [ -117.264439939846284, 33.04361078999753 ] } },
{ "type": "Feature", "properties": { "name": "Brookfield Engineering Science Technology Academy", "district": "Julian Union Elementary", "type": "K-12", "education_site_type": "K-12 School", "address": "1704 Cape Horn", "city": "Julian", "zip": "92036", "tract_geoid": "06073020904", "source": "CDE California Public Schools / School Sites 2024-25" }, "geometry": { "type": "Point", "coordinates": [ -116.594876829700397, 33.078794829702694 ] } },
{ "type": "Feature", "properties": { "name": "Julian Charter", "district": "Julian Union Elementary", "type": "K-12", "education_site_type": "K-12 School", "address": "1704 Cape Horn", "city": "Julian", "zip": "92036", "tract_geoid": "06073020904", "source": "CDE California Public Schools / School Sites 2024-25" }, "geometry": { "type": "Point", "coordinates": [ -116.594875830479154, 33.07878882969014 ] } },
{ "type": "Feature", "properties": { "name": "Julian Elementary", "district": "Julian Union Elementary", "type": "Elementary", "education_site_type": "K-12 School", "address": "1704 Cape Horn Ave.", "city": "Julian", "zip": "92036-0337", "tract_geoid": "06073020904", "source": "CDE California Public Schools / School Sites 2024-25" }, "geometry": { "type": "Point", "coordinates": [ -116.594876829700397, 33.078794829702694 ] } },
{ "type": "Feature", "properties": { "name": "Julian Junior High", "district": "Julian Union Elementary", "type": "Middle", "education_site_type": "K-12 School", "address": "1704 Cape Horn Ave.", "city": "Julian", "zip": "92036-0337", "tract_geoid": "06073020904", "source": "CDE California Public Schools / School Sites 2024-25" }, "geometry": { "type": "Point", "coordinates": [ -116.594876829700397, 33.078794829702694 ] } },
{ "type": "Feature", "properties": { "name": "Julian High", "district": "Julian Union High", "type": "High", "education_site_type": "K-12 School", "address": "1656 Highway 78", "city": "Julian", "zip": "92036-0417", "tract_geoid": "06073020904", "source": "CDE California Public Schools / School Sites 2024-25" }, "geometry": { "type": "Point", "coordinates": [ -116.595296829559985, 33.077253830127304 ] } },
{ "type": "Feature", "properties": { "name": "River Valley Charter", "district": "Lakeside Union Elementary", "type": "High", "education_site_type": "K-12 School", "address": "9707 1/2 Marilla Dr.", "city": "Lakeside", "zip": "92040-2868", "tract_geoid": "06073016706", "source": "CDE California Public Schools / School Sites 2024-25" }, "geometry": { "type": "Point", "coordinates": [ -116.939240869722724, 32.853305790150749 ] } },
{ "type": "Feature", "properties": { "name": "Lakeside Farms Elementary", "district": "Lakeside Union Elementary", "type": "Elementary", "education_site_type": "K-12 School", "address": "11915 Lakeside Ave.", "city": "Lakeside", "zip": "92040-0578", "tract_geoid": "06073016901", "source": "CDE California Public Schools / School Sites 2024-25" }, "geometry": { "type": "Point", "coordinates": [ -116.935646869871064, 32.866440789916084 ] } },
{ "type": "Feature", "properties": { "name": "Lakeside Middle", "district": "Lakeside Union Elementary", "type": "Middle", "education_site_type": "K-12 School", "address": "11833 Woodside Ave.", "city": "Lakeside", "zip": "92040-0578", "tract_geoid": "06073016706", "source": "CDE California Public Schools / School Sites 2024-25" }, "geometry": { "type": "Point", "coordinates": [ -116.938053869586824, 32.85467079005268 ] } },
{ "type": "Feature", "properties": { "name": "Lakeview Elementary", "district": "Lakeside Union Elementary", "type": "Elementary", "education_site_type": "K-12 School", "address": "9205 Lakeview Rd.", "city": "Lakeside", "zip": "92040-0578", "tract_geoid": "06073016811", "source": "CDE California Public Schools / School Sites 2024-25" }, "geometry": { "type": "Point", "coordinates": [ -116.903563869508304, 32.843796789545976 ] } },
{ "type": "Feature", "properties": { "name": "Lindo Park Elementary", "district": "Lakeside Union Elementary", "type": "Elementary", "education_site_type": "K-12 School", "address": "12824 Lakeshore Dr.", "city": "Lakeside", "zip": "92040-0578", "tract_geoid": "06073016804", "source": "CDE California Public Schools / School Sites 2024-25" }, "geometry": { "type": "Point", "coordinates": [ -116.914017869550051, 32.859370789601911 ] } },
{ "type": "Feature", "properties": { "name": "Riverview Elementary", "district": "Lakeside Union Elementary", "type": "Elementary", "education_site_type": "K-12 School", "address": "9308 Winter Gardens Blvd.", "city": "Lakeside", "zip": "92040-4539", "tract_geoid": "06073016705", "source": "CDE California Public Schools / School Sites 2024-25" }, "geometry": { "type": "Point", "coordinates": [ -116.932074870133491, 32.846969789592087 ] } },
{ "type": "Feature", "properties": { "name": "Winter Gardens Elementary", "district": "Lakeside Union Elementary", "type": "Elementary", "education_site_type": "K-12 School", "address": "8501 Pueblo Rd.", "city": "Lakeside", "zip": "92040-5406", "tract_geoid": "06073016806", "source": "CDE California Public Schools / School Sites 2024-25" }, "geometry": { "type": "Point", "coordinates": [ -116.930276869759297, 32.83139978981341 ] } },
{ "type": "Feature", "properties": { "name": "Tierra del Sol Middle", "district": "Lakeside Union Elementary", "type": "Middle", "education_site_type": "K-12 School", "address": "9611 Petite Ln.", "city": "Lakeside", "zip": "92040-4317", "tract_geoid": "06073016810", "source": "CDE California Public Schools / School Sites 2024-25" }, "geometry": { "type": "Point", "coordinates": [ -116.911034870196275, 32.853800789904902 ] } },
{ "type": "Feature", "properties": { "name": "DREAM Academy", "district": "Lakeside Union Elementary", "type": "Alternative Schools of Choice", "education_site_type": "K-12 School", "address": "11838 Valle Vista Rd", "city": "Lakeside", "zip": "92040-1046", "tract_geoid": "06073016901", "source": "CDE California Public Schools / School Sites 2024-25" }, "geometry": { "type": "Point", "coordinates": [ -116.946654880419501, 32.891651789991059 ] } },
{ "type": "Feature", "properties": { "name": "Lemon Crest Elementary", "district": "Lakeside Union Elementary", "type": "Elementary", "education_site_type": "K-12 School", "address": "12463 Lemon Crest Dr.", "city": "Lakeside", "zip": "92040-0578", "tract_geoid": "06073016807", "source": "CDE California Public Schools / School Sites 2024-25" }, "geometry": { "type": "Point", "coordinates": [ -116.921221869944631, 32.852145790044531 ] } },
{ "type": "Feature", "properties": { "name": "Barona Indian Charter", "district": "Lakeside Union Elementary", "type": "Elementary", "education_site_type": "K-12 School", "address": "1095 Barona Rd.", "city": "Lakeside", "zip": "92040-1541", "tract_geoid": "06073016902", "source": "CDE California Public Schools / School Sites 2024-25" }, "geometry": { "type": "Point", "coordinates": [ -116.855268860130451, 32.942009799887714 ] } },
{ "type": "Feature", "properties": { "name": "La Mesa Arts Academy", "district": "La Mesa-Spring Valley", "type": "Elementary", "education_site_type": "K-12 School", "address": "4200 Parks Ave.", "city": "La Mesa", "zip": "91942-6212", "tract_geoid": "06073014602", "source": "CDE California Public Schools / School Sites 2024-25" }, "geometry": { "type": "Point", "coordinates": [ -117.030211880077104, 32.754904770197903 ] } },
{ "type": "Feature", "properties": { "name": "Science, Technology, Engineering, Arts, and Math Academy at La Presa", "district": "La Mesa-Spring Valley", "type": "Middle", "education_site_type": "K-12 School", "address": "1001 Leland St.", "city": "Spring Valley", "zip": "91977-4819", "tract_geoid": "06073013908", "source": "CDE California Public Schools / School Sites 2024-25" }, "geometry": { "type": "Point", "coordinates": [ -117.004611870271177, 32.711904770438942 ] } },
{ "type": "Feature", "properties": { "name": "Spring Valley Academy", "district": "La Mesa-Spring Valley", "type": "Middle", "education_site_type": "K-12 School", "address": "3900 Conrad Dr.", "city": "Spring Valley", "zip": "91977-1437", "tract_geoid": "06073013701", "source": "CDE California Public Schools / School Sites 2024-25" }, "geometry": { "type": "Point", "coordinates": [ -116.987811870493289, 32.750104770462634 ] } },
{ "type": "Feature", "properties": { "name": "Sparrow Academy", "district": "La Mesa-Spring Valley", "type": "Elementary", "education_site_type": "K-12 School", "address": "5150 Wilson St.", "city": "La Mesa", "zip": "91942-9017", "tract_geoid": "06073014902", "source": "CDE California Public Schools / School Sites 2024-25" }, "geometry": { "type": "Point", "coordinates": [ -117.007158015439288, 32.773085010373386 ] } },
{ "type": "Feature", "properties": { "name": "Avondale Elementary", "district": "La Mesa-Spring Valley", "type": "Elementary", "education_site_type": "K-12 School", "address": "8401 Stansbury St.", "city": "Spring Valley", "zip": "91977-3737", "tract_geoid": "06073014002", "source": "CDE California Public Schools / School Sites 2024-25" }, "geometry": { "type": "Point", "coordinates": [ -117.017840880371793, 32.718523769670604 ] } },
{ "type": "Feature", "properties": { "name": "Bancroft Elementary", "district": "La Mesa-Spring Valley", "type": "Elementary", "education_site_type": "K-12 School", "address": "8805 Tyler St.", "city": "Spring Valley", "zip": "91977-3336", "tract_geoid": "06073013906", "source": "CDE California Public Schools / School Sites 2024-25" }, "geometry": { "type": "Point", "coordinates": [ -117.007511880160706, 32.729304769843623 ] } },
{ "type": "Feature", "properties": { "name": "Casa de Oro Elementary", "district": "La Mesa-Spring Valley", "type": "Elementary", "education_site_type": "K-12 School", "address": "10227 Ramona Dr.", "city": "Spring Valley", "zip": "91977-1720", "tract_geoid": "06073013601", "source": "CDE California Public Schools / School Sites 2024-25" }, "geometry": { "type": "Point", "coordinates": [ -116.973111869980016, 32.747304769946325 ] } },
{ "type": "Feature", "properties": { "name": "Fletcher Hills Elementary", "district": "La Mesa-Spring Valley", "type": "Elementary", "education_site_type": "K-12 School", "address": "2330 Center Pl.", "city": "El Cajon", "zip": "92020-2809", "tract_geoid": "06073016100", "source": "CDE California Public Schools / School Sites 2024-25" }, "geometry": { "type": "Point", "coordinates": [ -116.995211879641118, 32.801004779727656 ] } },
{ "type": "Feature", "properties": { "name": "Highlands Elementary", "district": "La Mesa-Spring Valley", "type": "Elementary", "education_site_type": "K-12 School", "address": "3131 South Barcelona St.", "city": "Spring Valley", "zip": "91977-3003", "tract_geoid": "06073013503", "source": "CDE California Public Schools / School Sites 2024-25" }, "geometry": { "type": "Point", "coordinates": [ -116.980511869618269, 32.737604770084019 ] } },
{ "type": "Feature", "properties": { "name": "Kempton Street Literacy Academy", "district": "La Mesa-Spring Valley", "type": "Elementary", "education_site_type": "K-12 School", "address": "740 Kempton St.", "city": "Spring Valley", "zip": "91977-5017", "tract_geoid": "06073013908", "source": "CDE California Public Schools / School Sites 2024-25" }, "geometry": { "type": "Point", "coordinates": [ -117.002611870268353, 32.710804770451318 ] } },
{ "type": "Feature", "properties": { "name": "La Mesa Dale Elementary", "district": "La Mesa-Spring Valley", "type": "Elementary", "education_site_type": "K-12 School", "address": "4251 Olive Ave.", "city": "La Mesa", "zip": "91941", "tract_geoid": "06073014601", "source": "CDE California Public Schools / School Sites 2024-25" }, "geometry": { "type": "Point", "coordinates": [ -117.034076680363526, 32.756150680452301 ] } },
{ "type": "Feature", "properties": { "name": "La Presa Elementary", "district": "La Mesa-Spring Valley", "type": "Elementary", "education_site_type": "K-12 School", "address": "519 La Presa St.", "city": "Spring Valley", "zip": "91977-6011", "tract_geoid": "06073013903", "source": "CDE California Public Schools / School Sites 2024-25" }, "geometry": { "type": "Point", "coordinates": [ -116.992811870166605, 32.706504769627138 ] } },
{ "type": "Feature", "properties": { "name": "Lemon Avenue Elementary", "district": "La Mesa-Spring Valley", "type": "Elementary", "education_site_type": "K-12 School", "address": "8787 Lemon Ave.", "city": "La Mesa", "zip": "91941-5214", "tract_geoid": "06073014901", "source": "CDE California Public Schools / School Sites 2024-25" }, "geometry": { "type": "Point", "coordinates": [ -117.008211880159323, 32.767604770445928 ] } },
{ "type": "Feature", "properties": { "name": "Maryland Avenue Elementary", "district": "La Mesa-Spring Valley", "type": "Elementary", "education_site_type": "K-12 School", "address": "5400 Maryland Ave.", "city": "La Mesa", "zip": "91941-5214", "tract_geoid": "06073014805", "source": "CDE California Public Schools / School Sites 2024-25" }, "geometry": { "type": "Point", "coordinates": [ -117.039311880118277, 32.776504769832606 ] } },
{ "type": "Feature", "properties": { "name": "Murray Manor Elementary", "district": "La Mesa-Spring Valley", "type": "Elementary", "education_site_type": "K-12 School", "address": "8305 El Paso St.", "city": "La Mesa", "zip": "91942-2704", "tract_geoid": "06073014803", "source": "CDE California Public Schools / School Sites 2024-25" }, "geometry": { "type": "Point", "coordinates": [ -117.019711880403463, 32.787904779883831 ] } },
{ "type": "Feature", "properties": { "name": "Northmont Elementary", "district": "La Mesa-Spring Valley", "type": "Elementary", "education_site_type": "K-12 School", "address": "9405 Gregory St.", "city": "La Mesa", "zip": "91942-3811", "tract_geoid": "06073015100", "source": "CDE California Public Schools / School Sites 2024-25" }, "geometry": { "type": "Point", "coordinates": [ -116.993611879532125, 32.790504780087943 ] } },
{ "type": "Feature", "properties": { "name": "Parkway Sports and Health Science Academy", "district": "La Mesa-Spring Valley", "type": "Middle", "education_site_type": "K-12 School", "address": "9009 Park Plaza Dr.", "city": "La Mesa", "zip": "91942-3400", "tract_geoid": "06073015001", "source": "CDE California Public Schools / School Sites 2024-25" }, "geometry": { "type": "Point", "coordinates": [ -117.003511880306007, 32.790504779820317 ] } },
{ "type": "Feature", "properties": { "name": "Rancho Elementary", "district": "La Mesa-Spring Valley", "type": "Elementary", "education_site_type": "K-12 School", "address": "8845 Noeline Ave.", "city": "Spring Valley", "zip": "91977-5716", "tract_geoid": "06073003108", "source": "CDE California Public Schools / School Sites 2024-25" }, "geometry": { "type": "Point", "coordinates": [ -117.015911880370354, 32.704304769910642 ] } },
{ "type": "Feature", "properties": { "name": "Rolando Elementary", "district": "La Mesa-Spring Valley", "type": "Elementary", "education_site_type": "K-12 School", "address": "6925 Tower St.", "city": "La Mesa", "zip": "91941-5214", "tract_geoid": "06073014702", "source": "CDE California Public Schools / School Sites 2024-25" }, "geometry": { "type": "Point", "coordinates": [ -117.048211889519493, 32.762804770308328 ] } },
{ "type": "Feature", "properties": { "name": "Murdock Elementary", "district": "La Mesa-Spring Valley", "type": "Elementary", "education_site_type": "K-12 School", "address": "4354 Conrad Dr.", "city": "La Mesa", "zip": "91941-5214", "tract_geoid": "06073013701", "source": "CDE California Public Schools / School Sites 2024-25" }, "geometry": { "type": "Point", "coordinates": [ -116.9854118705167, 32.759904770338792 ] } },
{ "type": "Feature", "properties": { "name": "Loma Elementary", "district": "La Mesa-Spring Valley", "type": "Elementary", "education_site_type": "K-12 School", "address": "10355 Loma Ln.", "city": "Spring Valley", "zip": "91978-1517", "tract_geoid": "06073013505", "source": "CDE California Public Schools / School Sites 2024-25" }, "geometry": { "type": "Point", "coordinates": [ -116.967611870296778, 32.736104770099992 ] } },
{ "type": "Feature", "properties": { "name": "Sweetwater Springs Elementary", "district": "La Mesa-Spring Valley", "type": "Elementary", "education_site_type": "K-12 School", "address": "10129 Austin Dr.", "city": "Spring Valley", "zip": "91977-6903", "tract_geoid": "06073013504", "source": "CDE California Public Schools / School Sites 2024-25" }, "geometry": { "type": "Point", "coordinates": [ -116.974611869884882, 32.730804769653773 ] } },
{ "type": "Feature", "properties": { "name": "Lemon Grove Academy Elementary", "district": "Lemon Grove", "type": "Elementary", "education_site_type": "K-12 School", "address": "7885 Golden Ave.", "city": "Lemon Grove", "zip": "91945-1830", "tract_geoid": "06073014001", "source": "CDE California Public Schools / School Sites 2024-25" }, "geometry": { "type": "Point", "coordinates": [ -117.028985880501224, 32.741606769612879 ] } },
{ "type": "Feature", "properties": { "name": "Lemon Grove Early Childhood Education Center", "district": "Lemon Grove", "type": "Elementary", "education_site_type": "K-12 School", "address": "8425 Palm St.", "city": "Lemon Grove", "zip": "91945-3314", "tract_geoid": "06073014002", "source": "CDE California Public Schools / School Sites 2024-25" }, "geometry": { "type": "Point", "coordinates": [ -117.019186880006998, 32.734232770428697 ] } },
{ "type": "Feature", "properties": { "name": "Lemon Grove Academy for the Sciences and Humanities", "district": "Lemon Grove", "type": "Middle", "education_site_type": "K-12 School", "address": "7866 Lincoln St.", "city": "Lemon Grove", "zip": "91945-2542", "tract_geoid": "06073014001", "source": "CDE California Public Schools / School Sites 2024-25" }, "geometry": { "type": "Point", "coordinates": [ -117.029054880240139, 32.739244770417564 ] } },
{ "type": "Feature", "properties": { "name": "Monterey Heights Elementary", "district": "Lemon Grove", "type": "Elementary", "education_site_type": "K-12 School", "address": "7550 Canton Dr.", "city": "Lemon Grove", "zip": "91945-2515", "tract_geoid": "06073014101", "source": "CDE California Public Schools / School Sites 2024-25" }, "geometry": { "type": "Point", "coordinates": [ -117.033111879907338, 32.722404769913346 ] } },
{ "type": "Feature", "properties": { "name": "Mt. Vernon Elementary", "district": "Lemon Grove", "type": "Elementary", "education_site_type": "K-12 School", "address": "8350 Mount Vernon St.", "city": "Lemon Grove", "zip": "91945-3336", "tract_geoid": "06073014002", "source": "CDE California Public Schools / School Sites 2024-25" }, "geometry": { "type": "Point", "coordinates": [ -117.020411880541317, 32.732504769570575 ] } },
{ "type": "Feature", "properties": { "name": "San Altos Elementary", "district": "Lemon Grove", "type": "Elementary", "education_site_type": "K-12 School", "address": "1750 Madera St.", "city": "Lemon Grove", "zip": "91945-2515", "tract_geoid": "06073014200", "source": "CDE California Public Schools / School Sites 2024-25" }, "geometry": { "type": "Point", "coordinates": [ -117.047111879891119, 32.723804770396733 ] } },
{ "type": "Feature", "properties": { "name": "San Miguel Elementary", "district": "Lemon Grove", "type": "Elementary", "education_site_type": "K-12 School", "address": "7059 San Miguel Ave.", "city": "Lemon Grove", "zip": "91945-2515", "tract_geoid": "06073014200", "source": "CDE California Public Schools / School Sites 2024-25" }, "geometry": { "type": "Point", "coordinates": [ -117.04591188014129, 32.734704770001706 ] } },
{ "type": "Feature", "properties": { "name": "Vista La Mesa Academy", "district": "Lemon Grove", "type": "Elementary", "education_site_type": "K-12 School", "address": "3900 Violet St.", "city": "La Mesa", "zip": "91941-7542", "tract_geoid": "06073014500", "source": "CDE California Public Schools / School Sites 2024-25" }, "geometry": { "type": "Point", "coordinates": [ -117.046611880484861, 32.74800476965104 ] } },
{ "type": "Feature", "properties": { "name": "San Diego Virtual", "district": "Mountain Empire Unified", "type": "K-12", "education_site_type": "K-12 School", "address": "600 West Broadway Ste. 230", "city": "San Diego", "zip": "92101-3359", "tract_geoid": "06073005402", "source": "CDE California Public Schools / School Sites 2024-25" }, "geometry": { "type": "Point", "coordinates": [ -117.168550969966589, 32.71680098972223 ] } },
{ "type": "Feature", "properties": { "name": "Mountain Empire Junior High", "district": "Mountain Empire Unified", "type": "Middle", "education_site_type": "K-12 School", "address": "3305 Buckman Springs Rd.", "city": "Pine Valley", "zip": "91962-4005", "tract_geoid": "06073021101", "source": "CDE California Public Schools / School Sites 2024-25" }, "geometry": { "type": "Point", "coordinates": [ -116.492194000220636, 32.734242010049734 ] } },
{ "type": "Feature", "properties": { "name": "Motivated Youth Academy", "district": "Mountain Empire Unified", "type": "K-12", "education_site_type": "K-12 School", "address": "500 La Terraza Blvd. #150", "city": "Escondido", "zip": "92025-3875", "tract_geoid": "06073020500", "source": "CDE California Public Schools / School Sites 2024-25" }, "geometry": { "type": "Point", "coordinates": [ -117.095965919745652, 33.112579809973319 ] } },
{ "type": "Feature", "properties": { "name": "JCS - Pine Valley", "district": "Mountain Empire Unified", "type": "K-12", "education_site_type": "K-12 School", "address": "28876 Old Highway 80", "city": "Pine Valley", "zip": "91962", "tract_geoid": "06073020902", "source": "CDE California Public Schools / School Sites 2024-25" }, "geometry": { "type": "Point", "coordinates": [ -116.528611800388532, 32.821994810045062 ] } },
{ "type": "Feature", "properties": { "name": "Sunrise High (Continuation)", "district": "Mountain Empire Unified", "type": "Continuation", "education_site_type": "K-12 School", "address": "7454 Pine Blvd.", "city": "Pine Valley", "zip": "91962-4005", "tract_geoid": "06073020902", "source": "CDE California Public Schools / School Sites 2024-25" }, "geometry": { "type": "Point", "coordinates": [ -116.526092979706689, 32.820858270048397 ] } },
{ "type": "Feature", "properties": { "name": "Hillside Junior/Senior High", "district": "Mountain Empire Unified", "type": "Alternative Schools of Choice", "education_site_type": "K-12 School", "address": "7454 Pine Blvd.", "city": "Pine Valley", "zip": "91962-4005", "tract_geoid": "06073020902", "source": "CDE California Public Schools / School Sites 2024-25" }, "geometry": { "type": "Point", "coordinates": [ -116.526092979706689, 32.820858270048397 ] } },
{ "type": "Feature", "properties": { "name": "Mountain Empire High", "district": "Mountain Empire Unified", "type": "High", "education_site_type": "K-12 School", "address": "3305 Buckman Springs Rd.", "city": "Pine Valley", "zip": "91962-4005", "tract_geoid": "06073021101", "source": "CDE California Public Schools / School Sites 2024-25" }, "geometry": { "type": "Point", "coordinates": [ -116.492814790223434, 32.733851800320963 ] } },
{ "type": "Feature", "properties": { "name": "Campo Elementary", "district": "Mountain Empire Unified", "type": "Elementary", "education_site_type": "K-12 School", "address": "1654 Buckman Springs Rd.", "city": "Campo", "zip": "91906-2004", "tract_geoid": "06073021101", "source": "CDE California Public Schools / School Sites 2024-25" }, "geometry": { "type": "Point", "coordinates": [ -116.48675978004421, 32.642787789642774 ] } },
{ "type": "Feature", "properties": { "name": "Descanso Elementary", "district": "Mountain Empire Unified", "type": "Elementary", "education_site_type": "K-12 School", "address": "24842 Viejas Blvd.", "city": "Descanso", "zip": "91916-9757", "tract_geoid": "06073021202", "source": "CDE California Public Schools / School Sites 2024-25" }, "geometry": { "type": "Point", "coordinates": [ -116.613584820051955, 32.85894680990743 ] } },
{ "type": "Feature", "properties": { "name": "Clover Flat Elementary", "district": "Mountain Empire Unified", "type": "Elementary", "education_site_type": "K-12 School", "address": "39639 Old Highway 80", "city": "Boulevard", "zip": "91905-9733", "tract_geoid": "06073021102", "source": "CDE California Public Schools / School Sites 2024-25" }, "geometry": { "type": "Point", "coordinates": [ -116.295830750449809, 32.667480799670997 ] } },
{ "type": "Feature", "properties": { "name": "Potrero Elementary", "district": "Mountain Empire Unified", "type": "Elementary", "education_site_type": "K-12 School", "address": "24875 Potrero Valley Rd.", "city": "Potrero", "zip": "91963-4110", "tract_geoid": "06073021101", "source": "CDE California Public Schools / School Sites 2024-25" }, "geometry": { "type": "Point", "coordinates": [ -116.612693799520031, 32.610359779659177 ] } },
{ "type": "Feature", "properties": { "name": "Integrity Charter", "district": "National Elementary", "type": "Elementary", "education_site_type": "K-12 School", "address": "701 National City Blvd.", "city": "National City", "zip": "91950-1123", "tract_geoid": "06073011801", "source": "CDE California Public Schools / School Sites 2024-25" }, "geometry": { "type": "Point", "coordinates": [ -117.106751890027596, 32.676354759991462 ] } },
{ "type": "Feature", "properties": { "name": "Central Elementary", "district": "National Elementary", "type": "Elementary", "education_site_type": "K-12 School", "address": "933 E Ave.", "city": "National City", "zip": "91950-3416", "tract_geoid": "06073011700", "source": "CDE California Public Schools / School Sites 2024-25" }, "geometry": { "type": "Point", "coordinates": [ -117.101011890454771, 32.676104760421389 ] } },
{ "type": "Feature", "properties": { "name": "El Toyon Elementary", "district": "National Elementary", "type": "Elementary", "education_site_type": "K-12 School", "address": "2000 East Division St.", "city": "National City", "zip": "91950-1823", "tract_geoid": "06073011902", "source": "CDE California Public Schools / School Sites 2024-25" }, "geometry": { "type": "Point", "coordinates": [ -117.088711889521036, 32.688004760077483 ] } },
{ "type": "Feature", "properties": { "name": "John A. Otis Elementary", "district": "National Elementary", "type": "Elementary", "education_site_type": "K-12 School", "address": "621 East 18th St.", "city": "National City", "zip": "91950-4630", "tract_geoid": "06073011700", "source": "CDE California Public Schools / School Sites 2024-25" }, "geometry": { "type": "Point", "coordinates": [ -117.09670289002203, 32.669457759900432 ] } },
{ "type": "Feature", "properties": { "name": "Ira Harbison", "district": "National Elementary", "type": "Elementary", "education_site_type": "K-12 School", "address": "3235 EastEighth St.", "city": "National City", "zip": "91950-3116", "tract_geoid": "06073011902", "source": "CDE California Public Schools / School Sites 2024-25" }, "geometry": { "type": "Point", "coordinates": [ -117.073240880392916, 32.685789760061908 ] } },
{ "type": "Feature", "properties": { "name": "Kimball", "district": "National Elementary", "type": "Elementary", "education_site_type": "K-12 School", "address": "302 West 18th St.", "city": "National City", "zip": "91950-5526", "tract_geoid": "06073021900", "source": "CDE California Public Schools / School Sites 2024-25" }, "geometry": { "type": "Point", "coordinates": [ -117.106511889822698, 32.665904759706734 ] } },
{ "type": "Feature", "properties": { "name": "Las Palmas", "district": "National Elementary", "type": "Elementary", "education_site_type": "K-12 School", "address": "1900 East 18th St.", "city": "National City", "zip": "91950-5013", "tract_geoid": "06073012102", "source": "CDE California Public Schools / School Sites 2024-25" }, "geometry": { "type": "Point", "coordinates": [ -117.083811880366184, 32.67140476025925 ] } },
{ "type": "Feature", "properties": { "name": "Lincoln Acres", "district": "National Elementary", "type": "Elementary", "education_site_type": "K-12 School", "address": "2200 Lanoitan Ave.", "city": "National City", "zip": "91950-6298", "tract_geoid": "06073012102", "source": "CDE California Public Schools / School Sites 2024-25" }, "geometry": { "type": "Point", "coordinates": [ -117.076311879888735, 32.67010476037229 ] } },
{ "type": "Feature", "properties": { "name": "Olivewood", "district": "National Elementary", "type": "Elementary", "education_site_type": "K-12 School", "address": "2505 F Ave.", "city": "National City", "zip": "91950-7017", "tract_geoid": "06073011602", "source": "CDE California Public Schools / School Sites 2024-25" }, "geometry": { "type": "Point", "coordinates": [ -117.094111890283855, 32.662404759992548 ] } },
{ "type": "Feature", "properties": { "name": "Palmer Way", "district": "National Elementary", "type": "Elementary", "education_site_type": "K-12 School", "address": "2900 Palmer St.", "city": "National City", "zip": "91950-5251", "tract_geoid": "06073012003", "source": "CDE California Public Schools / School Sites 2024-25" }, "geometry": { "type": "Point", "coordinates": [ -117.076211879592123, 32.679504760116544 ] } },
{ "type": "Feature", "properties": { "name": "Rancho de la Nacion", "district": "National Elementary", "type": "Elementary", "education_site_type": "K-12 School", "address": "1830 East Division St.", "city": "National City", "zip": "91950-1850", "tract_geoid": "06073011902", "source": "CDE California Public Schools / School Sites 2024-25" }, "geometry": { "type": "Point", "coordinates": [ -117.09061188986054, 32.687704759981315 ] } },
{ "type": "Feature", "properties": { "name": "Stone Ranch Elementary", "district": "Poway Unified", "type": "Elementary", "education_site_type": "K-12 School", "address": "16150 4S Ranch Pkwy.", "city": "San Diego", "zip": "92127-4431", "tract_geoid": "06073017070", "source": "CDE California Public Schools / School Sites 2024-25" }, "geometry": { "type": "Point", "coordinates": [ -117.11751191014865, 33.004604800102683 ] } },
{ "type": "Feature", "properties": { "name": "Oak Valley Middle", "district": "Poway Unified", "type": "Middle", "education_site_type": "K-12 School", "address": "16055 Winecreek Rd.", "city": "San Diego", "zip": "92127-3719", "tract_geoid": "06073017070", "source": "CDE California Public Schools / School Sites 2024-25" }, "geometry": { "type": "Point", "coordinates": [ -117.109611910513962, 33.000104800398667 ] } },
{ "type": "Feature", "properties": { "name": "Monterey Ridge Elementary", "district": "Poway Unified", "type": "Elementary", "education_site_type": "K-12 School", "address": "17117 4S Ranch Pkwy.", "city": "San Diego", "zip": "92127-8853", "tract_geoid": "06073017064", "source": "CDE California Public Schools / School Sites 2024-25" }, "geometry": { "type": "Point", "coordinates": [ -117.108911910398575, 33.026904799950898 ] } },
{ "type": "Feature", "properties": { "name": "Del Sur Elementary", "district": "Poway Unified", "type": "Elementary", "education_site_type": "K-12 School", "address": "15665 Paseo Del Sur", "city": "San Diego", "zip": "92127-6144", "tract_geoid": "06073017065", "source": "CDE California Public Schools / School Sites 2024-25" }, "geometry": { "type": "Point", "coordinates": [ -117.140811919829048, 33.018504800435522 ] } },
{ "type": "Feature", "properties": { "name": "Willow Grove Elementary", "district": "Poway Unified", "type": "Elementary", "education_site_type": "K-12 School", "address": "14727 Via Azul", "city": "San Diego", "zip": "92127-4813", "tract_geoid": "06073017062", "source": "CDE California Public Schools / School Sites 2024-25" }, "geometry": { "type": "Point", "coordinates": [ -117.162211919660365, 32.993804790073952 ] } },
{ "type": "Feature", "properties": { "name": "Del Norte High", "district": "Poway Unified", "type": "High", "education_site_type": "K-12 School", "address": "16601 Nighthawk Ln.", "city": "San Diego", "zip": "92127-4457", "tract_geoid": "06073017065", "source": "CDE California Public Schools / School Sites 2024-25" }, "geometry": { "type": "Point", "coordinates": [ -117.121611919590364, 33.015104799950457 ] } },
{ "type": "Feature", "properties": { "name": "Design 39 Campus", "district": "Poway Unified", "type": "Elementary", "education_site_type": "K-12 School", "address": "17050 Del Sur Ridge Rd.", "city": "San Diego", "zip": "92127-4463", "tract_geoid": "06073017065", "source": "CDE California Public Schools / School Sites 2024-25" }, "geometry": { "type": "Point", "coordinates": [ -117.122599919584928, 33.017931799546197 ] } },
{ "type": "Feature", "properties": { "name": "Poway to Palomar Middle College High", "district": "Poway Unified", "type": "High", "education_site_type": "K-12 School", "address": "11111 Rancho Bernardo Rd.", "city": "San Diego", "zip": "92127-1411", "tract_geoid": "06073017071", "source": "CDE California Public Schools / School Sites 2024-25" }, "geometry": { "type": "Point", "coordinates": [ -117.089499909984269, 33.023249799795487 ] } },
{ "type": "Feature", "properties": { "name": "Mt. Carmel High", "district": "Poway Unified", "type": "High", "education_site_type": "K-12 School", "address": "9550 Carmel Mountain Rd.", "city": "San Diego", "zip": "92129-2799", "tract_geoid": "06073017033", "source": "CDE California Public Schools / School Sites 2024-25" }, "geometry": { "type": "Point", "coordinates": [ -117.122111909605607, 32.966704790070871 ] } },
{ "type": "Feature", "properties": { "name": "Rancho Bernardo High", "district": "Poway Unified", "type": "High", "education_site_type": "K-12 School", "address": "13010 Paseo Lucido", "city": "San Diego", "zip": "92128-4499", "tract_geoid": "06073017051", "source": "CDE California Public Schools / School Sites 2024-25" }, "geometry": { "type": "Point", "coordinates": [ -117.066211899572721, 32.995404800105533 ] } },
{ "type": "Feature", "properties": { "name": "Westview High", "district": "Poway Unified", "type": "High", "education_site_type": "K-12 School", "address": "13500 Camino Del Sur", "city": "San Diego", "zip": "92129-4465", "tract_geoid": "06073008367", "source": "CDE California Public Schools / School Sites 2024-25" }, "geometry": { "type": "Point", "coordinates": [ -117.14841191968776, 32.967104790203571 ] } },
{ "type": "Feature", "properties": { "name": "Abraxas Continuation High", "district": "Poway Unified", "type": "Continuation", "education_site_type": "K-12 School", "address": "12450 Glenoak Rd.", "city": "Poway", "zip": "92064-3299", "tract_geoid": "06073017040", "source": "CDE California Public Schools / School Sites 2024-25" }, "geometry": { "type": "Point", "coordinates": [ -117.060911900520509, 32.97430479986825 ] } },
{ "type": "Feature", "properties": { "name": "Poway High", "district": "Poway Unified", "type": "High", "education_site_type": "K-12 School", "address": "15500 Espola Rd.", "city": "Poway", "zip": "92064-2299", "tract_geoid": "06073017053", "source": "CDE California Public Schools / School Sites 2024-25" }, "geometry": { "type": "Point", "coordinates": [ -117.025511899854678, 32.999004800442727 ] } },
{ "type": "Feature", "properties": { "name": "Garden Road Elementary", "district": "Poway Unified", "type": "Elementary", "education_site_type": "K-12 School", "address": "14614 Garden Rd.", "city": "Poway", "zip": "92064-5299", "tract_geoid": "06073017010", "source": "CDE California Public Schools / School Sites 2024-25" }, "geometry": { "type": "Point", "coordinates": [ -117.011911890527372, 32.956604800099782 ] } },
{ "type": "Feature", "properties": { "name": "Meadowbrook Middle", "district": "Poway Unified", "type": "Middle", "education_site_type": "K-12 School", "address": "12320 Meadowbrook Ln.", "city": "Poway", "zip": "92064-3599", "tract_geoid": "06073017050", "source": "CDE California Public Schools / School Sites 2024-25" }, "geometry": { "type": "Point", "coordinates": [ -117.06491190031501, 32.965104799748602 ] } },
{ "type": "Feature", "properties": { "name": "Midland Elementary", "district": "Poway Unified", "type": "Elementary", "education_site_type": "K-12 School", "address": "13910 Midland Rd.", "city": "Poway", "zip": "92064-4024", "tract_geoid": "06073017041", "source": "CDE California Public Schools / School Sites 2024-25" }, "geometry": { "type": "Point", "coordinates": [ -117.036911900501977, 32.967004799950203 ] } },
{ "type": "Feature", "properties": { "name": "Pomerado Elementary", "district": "Poway Unified", "type": "Elementary", "education_site_type": "K-12 School", "address": "12321 Ninth St.", "city": "Poway", "zip": "92064-3597", "tract_geoid": "06073017050", "source": "CDE California Public Schools / School Sites 2024-25" }, "geometry": { "type": "Point", "coordinates": [ -117.064111900456368, 32.958104799740816 ] } },
{ "type": "Feature", "properties": { "name": "Valley Elementary", "district": "Poway Unified", "type": "Elementary", "education_site_type": "K-12 School", "address": "13000 Bowron Rd.", "city": "Poway", "zip": "92064-5799", "tract_geoid": "06073017048", "source": "CDE California Public Schools / School Sites 2024-25" }, "geometry": { "type": "Point", "coordinates": [ -117.046211899691016, 32.953904790304939 ] } },
{ "type": "Feature", "properties": { "name": "Los Penasquitos Elementary", "district": "Poway Unified", "type": "Elementary", "education_site_type": "K-12 School", "address": "14125 Cuca St.", "city": "San Diego", "zip": "92129-1852", "tract_geoid": "06073017035", "source": "CDE California Public Schools / School Sites 2024-25" }, "geometry": { "type": "Point", "coordinates": [ -117.097111909666978, 32.969904799604741 ] } },
{ "type": "Feature", "properties": { "name": "Westwood Elementary", "district": "Poway Unified", "type": "Elementary", "education_site_type": "K-12 School", "address": "17449 Matinal Rd.", "city": "San Diego", "zip": "92127-1299", "tract_geoid": "06073017031", "source": "CDE California Public Schools / School Sites 2024-25" }, "geometry": { "type": "Point", "coordinates": [ -117.086811909629006, 33.030204800070734 ] } },
{ "type": "Feature", "properties": { "name": "Twin Peaks Middle", "district": "Poway Unified", "type": "Middle", "education_site_type": "K-12 School", "address": "14640 Tierra Bonita Rd.", "city": "Poway", "zip": "92064-3091", "tract_geoid": "06073017054", "source": "CDE California Public Schools / School Sites 2024-25" }, "geometry": { "type": "Point", "coordinates": [ -117.029111900407543, 32.979004800444557 ] } },
{ "type": "Feature", "properties": { "name": "Painted Rock Elementary", "district": "Poway Unified", "type": "Elementary", "education_site_type": "K-12 School", "address": "16711 Martincoit Rd.", "city": "Poway", "zip": "92064-1628", "tract_geoid": "06073017053", "source": "CDE California Public Schools / School Sites 2024-25" }, "geometry": { "type": "Point", "coordinates": [ -117.039011899529385, 33.016204799651334 ] } },
{ "type": "Feature", "properties": { "name": "Black Mountain Middle", "district": "Poway Unified", "type": "Middle", "education_site_type": "K-12 School", "address": "9353 Oviedo St.", "city": "San Diego", "zip": "92129-2198", "tract_geoid": "06073017033", "source": "CDE California Public Schools / School Sites 2024-25" }, "geometry": { "type": "Point", "coordinates": [ -117.125211909702102, 32.969104790068855 ] } },
{ "type": "Feature", "properties": { "name": "Sunset Hills Elementary", "district": "Poway Unified", "type": "Elementary", "education_site_type": "K-12 School", "address": "9291 Oviedo St.", "city": "San Diego", "zip": "92129-2199", "tract_geoid": "06073017033", "source": "CDE California Public Schools / School Sites 2024-25" }, "geometry": { "type": "Point", "coordinates": [ -117.126711909963603, 32.968304790399735 ] } },
{ "type": "Feature", "properties": { "name": "Tierra Bonita Elementary", "district": "Poway Unified", "type": "Elementary", "education_site_type": "K-12 School", "address": "14678 Tierra Bonita Rd.", "city": "Poway", "zip": "92064-3090", "tract_geoid": "06073017054", "source": "CDE California Public Schools / School Sites 2024-25" }, "geometry": { "type": "Point", "coordinates": [ -117.028711900152558, 32.980804799828675 ] } },
{ "type": "Feature", "properties": { "name": "Rolling Hills Elementary", "district": "Poway Unified", "type": "Elementary", "education_site_type": "K-12 School", "address": "15255 Penasquitos Dr.", "city": "San Diego", "zip": "92129-1016", "tract_geoid": "06073017034", "source": "CDE California Public Schools / School Sites 2024-25" }, "geometry": { "type": "Point", "coordinates": [ -117.092511910134547, 32.990204799719784 ] } },
{ "type": "Feature", "properties": { "name": "Chaparral Elementary", "district": "Poway Unified", "type": "Elementary", "education_site_type": "K-12 School", "address": "17250 Tannin Dr.", "city": "Poway", "zip": "92064-1123", "tract_geoid": "06073017020", "source": "CDE California Public Schools / School Sites 2024-25" }, "geometry": { "type": "Point", "coordinates": [ -117.050811900181046, 33.023904799783033 ] } },
{ "type": "Feature", "properties": { "name": "Sundance Elementary", "district": "Poway Unified", "type": "Elementary", "education_site_type": "K-12 School", "address": "8944 Twin Trails Dr.", "city": "San Diego", "zip": "92129-2334", "tract_geoid": "06073008337", "source": "CDE California Public Schools / School Sites 2024-25" }, "geometry": { "type": "Point", "coordinates": [ -117.134611909777959, 32.960804790324964 ] } },
{ "type": "Feature", "properties": { "name": "Canyon View Elementary", "district": "Poway Unified", "type": "Elementary", "education_site_type": "K-12 School", "address": "9225 Adolphia St.", "city": "San Diego", "zip": "92129-3525", "tract_geoid": "06073017037", "source": "CDE California Public Schools / School Sites 2024-25" }, "geometry": { "type": "Point", "coordinates": [ -117.128811909720469, 32.945604789900358 ] } },
{ "type": "Feature", "properties": { "name": "Bernardo Heights Middle", "district": "Poway Unified", "type": "Middle", "education_site_type": "K-12 School", "address": "12990 Paseo Lucido", "city": "San Diego", "zip": "92128-4479", "tract_geoid": "06073017051", "source": "CDE California Public Schools / School Sites 2024-25" }, "geometry": { "type": "Point", "coordinates": [ -117.065611909613878, 32.997804800197201 ] } },
{ "type": "Feature", "properties": { "name": "Deer Canyon Elementary", "district": "Poway Unified", "type": "Elementary", "education_site_type": "K-12 School", "address": "13455 Russet Leaf Ln.", "city": "San Diego", "zip": "92129-4411", "tract_geoid": "06073008368", "source": "CDE California Public Schools / School Sites 2024-25" }, "geometry": { "type": "Point", "coordinates": [ -117.142911920530921, 32.96360478991825 ] } },
{ "type": "Feature", "properties": { "name": "Morning Creek Elementary", "district": "Poway Unified", "type": "Elementary", "education_site_type": "K-12 School", "address": "10925 Morning Creek Dr., South", "city": "San Diego", "zip": "92128-4047", "tract_geoid": "06073017039", "source": "CDE California Public Schools / School Sites 2024-25" }, "geometry": { "type": "Point", "coordinates": [ -117.095611909990296, 32.953304790229893 ] } },
{ "type": "Feature", "properties": { "name": "Turtleback Elementary", "district": "Poway Unified", "type": "Elementary", "education_site_type": "K-12 School", "address": "15855 Turtleback Rd.", "city": "San Diego", "zip": "92127-2044", "tract_geoid": "06073017069", "source": "CDE California Public Schools / School Sites 2024-25" }, "geometry": { "type": "Point", "coordinates": [ -117.087311910221899, 33.004404799963993 ] } },
{ "type": "Feature", "properties": { "name": "Adobe Bluffs Elementary", "district": "Poway Unified", "type": "Elementary", "education_site_type": "K-12 School", "address": "8707 Adobe Bluffs Dr.", "city": "San Diego", "zip": "92129-4448", "tract_geoid": "06073008368", "source": "CDE California Public Schools / School Sites 2024-25" }, "geometry": { "type": "Point", "coordinates": [ -117.14101191963988, 32.973304790060723 ] } },
{ "type": "Feature", "properties": { "name": "Highland Ranch Elementary", "district": "Poway Unified", "type": "Elementary", "education_site_type": "K-12 School", "address": "14840 Waverley Downs Way", "city": "San Diego", "zip": "92128-3702", "tract_geoid": "06073017055", "source": "CDE California Public Schools / School Sites 2024-25" }, "geometry": { "type": "Point", "coordinates": [ -117.07201190050877, 32.984204799613146 ] } },
{ "type": "Feature", "properties": { "name": "Mesa Verde Middle", "district": "Poway Unified", "type": "Middle", "education_site_type": "K-12 School", "address": "8375 Entreken Way", "city": "San Diego", "zip": "92129-4405", "tract_geoid": "06073008368", "source": "CDE California Public Schools / School Sites 2024-25" }, "geometry": { "type": "Point", "coordinates": [ -117.146711920013374, 32.961804790310154 ] } },
{ "type": "Feature", "properties": { "name": "Park Village Elementary", "district": "Poway Unified", "type": "Elementary", "education_site_type": "K-12 School", "address": "7930 Park Village Rd.", "city": "San Diego", "zip": "92129-3781", "tract_geoid": "06073008366", "source": "CDE California Public Schools / School Sites 2024-25" }, "geometry": { "type": "Point", "coordinates": [ -117.150811920462942, 32.941404790190639 ] } },
{ "type": "Feature", "properties": { "name": "Shoal Creek Elementary", "district": "Poway Unified", "type": "Elementary", "education_site_type": "K-12 School", "address": "11775 Shoal Creek Dr.", "city": "San Diego", "zip": "92128-4573", "tract_geoid": "06073017039", "source": "CDE California Public Schools / School Sites 2024-25" }, "geometry": { "type": "Point", "coordinates": [ -117.082011910327068, 32.96720479974951 ] } },
{ "type": "Feature", "properties": { "name": "Creekside Elementary", "district": "Poway Unified", "type": "Elementary", "education_site_type": "K-12 School", "address": "12362 Springhurst Dr.", "city": "San Diego", "zip": "92128-6366", "tract_geoid": "06073017067", "source": "CDE California Public Schools / School Sites 2024-25" }, "geometry": { "type": "Point", "coordinates": [ -117.076411900001304, 32.94430478984134 ] } },
{ "type": "Feature", "properties": { "name": "Future Bound Independent Study Secondary", "district": "Ramona City Unified", "type": "Alternative Schools of Choice", "education_site_type": "K-12 School", "address": "720 Ninth St.", "city": "Ramona", "zip": "92065-2348", "tract_geoid": "06073020813", "source": "CDE California Public Schools / School Sites 2024-25" }, "geometry": { "type": "Point", "coordinates": [ -116.863531870212, 33.039150810178263 ] } },
{ "type": "Feature", "properties": { "name": "Mountain Valley Academy", "district": "Ramona City Unified", "type": "Alternative Schools of Choice", "education_site_type": "K-12 School", "address": "1010 Ramona St.", "city": "Ramona", "zip": "92065-3222", "tract_geoid": "06073020806", "source": "CDE California Public Schools / School Sites 2024-25" }, "geometry": { "type": "Point", "coordinates": [ -116.87845587003595, 33.026430809797574 ] } },
{ "type": "Feature", "properties": { "name": "Ramona Community Montessori", "district": "Ramona City Unified", "type": "Alternative Schools of Choice", "education_site_type": "K-12 School", "address": "1010 Ramona St.", "city": "Ramona", "zip": "92065-3222", "tract_geoid": "06073020806", "source": "CDE California Public Schools / School Sites 2024-25" }, "geometry": { "type": "Point", "coordinates": [ -116.87845587003595, 33.026430809797574 ] } },
{ "type": "Feature", "properties": { "name": "Montecito High (Continuation)", "district": "Ramona City Unified", "type": "Continuation", "education_site_type": "K-12 School", "address": "720 Ninth St.", "city": "Ramona", "zip": "92065-2348", "tract_geoid": "06073020813", "source": "CDE California Public Schools / School Sites 2024-25" }, "geometry": { "type": "Point", "coordinates": [ -116.863531870212, 33.039150810178263 ] } },
{ "type": "Feature", "properties": { "name": "Ramona High", "district": "Ramona City Unified", "type": "High", "education_site_type": "K-12 School", "address": "1401 Hanson Ln.", "city": "Ramona", "zip": "92065-3304", "tract_geoid": "06073020806", "source": "CDE California Public Schools / School Sites 2024-25" }, "geometry": { "type": "Point", "coordinates": [ -116.869149870424238, 33.026926810390115 ] } },
{ "type": "Feature", "properties": { "name": "Hanson Elementary", "district": "Ramona City Unified", "type": "Elementary", "education_site_type": "K-12 School", "address": "2520 Boundary Ave.", "city": "Ramona", "zip": "92065-3106", "tract_geoid": "06073020801", "source": "CDE California Public Schools / School Sites 2024-25" }, "geometry": { "type": "Point", "coordinates": [ -116.890234879893598, 33.017473810060316 ] } },
{ "type": "Feature", "properties": { "name": "Ramona Elementary", "district": "Ramona City Unified", "type": "Elementary", "education_site_type": "K-12 School", "address": "415 Eighth St.", "city": "Ramona", "zip": "92065-2346", "tract_geoid": "06073020813", "source": "CDE California Public Schools / School Sites 2024-25" }, "geometry": { "type": "Point", "coordinates": [ -116.865253869761546, 33.042014820379272 ] } },
{ "type": "Feature", "properties": { "name": "James Dukes Elementary", "district": "Ramona City Unified", "type": "Elementary", "education_site_type": "K-12 School", "address": "24908 Abalar Way", "city": "Ramona", "zip": "92065-4649", "tract_geoid": "06073020811", "source": "CDE California Public Schools / School Sites 2024-25" }, "geometry": { "type": "Point", "coordinates": [ -116.791292860309113, 33.009108810212766 ] } },
{ "type": "Feature", "properties": { "name": "Olive Peirce Middle", "district": "Ramona City Unified", "type": "Middle", "education_site_type": "K-12 School", "address": "1521 Hanson Ln.", "city": "Ramona", "zip": "92065-3306", "tract_geoid": "06073020806", "source": "CDE California Public Schools / School Sites 2024-25" }, "geometry": { "type": "Point", "coordinates": [ -116.872336869989823, 33.026485809801343 ] } },
{ "type": "Feature", "properties": { "name": "Mt. Woodson Elementary", "district": "Ramona City Unified", "type": "Elementary", "education_site_type": "K-12 School", "address": "17427 Archie Moore Rd.", "city": "Ramona", "zip": "92065-6907", "tract_geoid": "06073020801", "source": "CDE California Public Schools / School Sites 2024-25" }, "geometry": { "type": "Point", "coordinates": [ -116.957681890302965, 33.032577809994315 ] } },
{ "type": "Feature", "properties": { "name": "Barnett Elementary", "district": "Ramona City Unified", "type": "Elementary", "education_site_type": "K-12 School", "address": "23925 Couna Way", "city": "Ramona", "zip": "92065-4120", "tract_geoid": "06073020810", "source": "CDE California Public Schools / School Sites 2024-25" }, "geometry": { "type": "Point", "coordinates": [ -116.810520859474835, 33.017479810257576 ] } },
{ "type": "Feature", "properties": { "name": "R. Roger Rowe Elementary", "district": "Rancho Santa Fe Elementary", "type": "Elementary", "education_site_type": "K-12 School", "address": "5927 La Granada", "city": "Rancho Santa Fe", "zip": "92067-0809", "tract_geoid": "06073017106", "source": "CDE California Public Schools / School Sites 2024-25" }, "geometry": { "type": "Point", "coordinates": [ -117.207087929976268, 33.021211799855834 ] } },
{ "type": "Feature", "properties": { "name": "R. Roger Rowe Middle", "district": "Rancho Santa Fe Elementary", "type": "Middle", "education_site_type": "K-12 School", "address": "5927 La Granada", "city": "Rancho Santa Fe", "zip": "92067-0809", "tract_geoid": "06073017106", "source": "CDE California Public Schools / School Sites 2024-25" }, "geometry": { "type": "Point", "coordinates": [ -117.207087929976268, 33.021211799855834 ] } },
{ "type": "Feature", "properties": { "name": "High Tech Middle", "district": "San Diego Unified", "type": "Middle", "education_site_type": "K-12 School", "address": "2359 Truxtun Rd.", "city": "San Diego", "zip": "92106-6049", "tract_geoid": "06073021401", "source": "CDE California Public Schools / School Sites 2024-25" }, "geometry": { "type": "Point", "coordinates": [ -117.217852909625933, 32.73539475981201 ] } },
{ "type": "Feature", "properties": { "name": "KIPP Adelante Preparatory Academy", "district": "San Diego Unified", "type": "Middle", "education_site_type": "K-12 School", "address": "426 Euclid Ave.", "city": "San Diego", "zip": "92114-2203", "tract_geoid": "06073003304", "source": "CDE California Public Schools / School Sites 2024-25" }, "geometry": { "type": "Point", "coordinates": [ -117.08914089027968, 32.708557759627077 ] } },
{ "type": "Feature", "properties": { "name": "High Tech High International", "district": "San Diego Unified", "type": "High", "education_site_type": "K-12 School", "address": "2855 Farragut Rd.", "city": "San Diego", "zip": "92106-6029", "tract_geoid": "06073021401", "source": "CDE California Public Schools / School Sites 2024-25" }, "geometry": { "type": "Point", "coordinates": [ -117.219096909823136, 32.733181759871059 ] } },
{ "type": "Feature", "properties": { "name": "Learning Choice Academy", "district": "San Diego Unified", "type": "K-12", "education_site_type": "K-12 School", "address": "4635 Clairemont Mesa Blvd.", "city": "San Diego", "zip": "92117-1082", "tract_geoid": "06073008506", "source": "CDE California Public Schools / School Sites 2024-25" }, "geometry": { "type": "Point", "coordinates": [ -117.190546919521779, 32.834155770146722 ] } },
{ "type": "Feature", "properties": { "name": "Kearny Digital Media & Design", "district": "San Diego Unified", "type": "High", "education_site_type": "K-12 School", "address": "1954 Komet Way", "city": "San Diego", "zip": "92111-5731", "tract_geoid": "06073008701", "source": "CDE California Public Schools / School Sites 2024-25" }, "geometry": { "type": "Point", "coordinates": [ -117.160338909774012, 32.800385769646923 ] } },
{ "type": "Feature", "properties": { "name": "Kearny School of Biomedical Science and Technology", "district": "San Diego Unified", "type": "High", "education_site_type": "K-12 School", "address": "1954 Komet Way", "city": "San Diego", "zip": "92111-5731", "tract_geoid": "06073008701", "source": "CDE California Public Schools / School Sites 2024-25" }, "geometry": { "type": "Point", "coordinates": [ -117.160338909774012, 32.800385769646923 ] } },
{ "type": "Feature", "properties": { "name": "Kearny College Connections", "district": "San Diego Unified", "type": "High", "education_site_type": "K-12 School", "address": "1954 Komet Way", "city": "San Diego", "zip": "92111-5731", "tract_geoid": "06073008701", "source": "CDE California Public Schools / School Sites 2024-25" }, "geometry": { "type": "Point", "coordinates": [ -117.160338909774012, 32.800385769646923 ] } },
{ "type": "Feature", "properties": { "name": "Kearny Eng Innov & Design", "district": "San Diego Unified", "type": "High", "education_site_type": "K-12 School", "address": "1954 Komet Way", "city": "San Diego", "zip": "92111-5731", "tract_geoid": "06073008701", "source": "CDE California Public Schools / School Sites 2024-25" }, "geometry": { "type": "Point", "coordinates": [ -117.160338909774012, 32.800385769646923 ] } },
{ "type": "Feature", "properties": { "name": "Crawford High", "district": "San Diego Unified", "type": "High", "education_site_type": "K-12 School", "address": "4191 Colts Way", "city": "San Diego", "zip": "92115-6023", "tract_geoid": "06073002702", "source": "CDE California Public Schools / School Sites 2024-25" }, "geometry": { "type": "Point", "coordinates": [ -117.076546889923478, 32.75250376981748 ] } },
{ "type": "Feature", "properties": { "name": "San Diego High", "district": "San Diego Unified", "type": "High", "education_site_type": "K-12 School", "address": "1405 Park Blvd.", "city": "San Diego", "zip": "92101-4722", "tract_geoid": "06073005602", "source": "CDE California Public Schools / School Sites 2024-25" }, "geometry": { "type": "Point", "coordinates": [ -117.153230899676572, 32.720130759682625 ] } },
{ "type": "Feature", "properties": { "name": "San Diego Metro Career and Tech", "district": "San Diego Unified", "type": "Alternative Schools of Choice", "education_site_type": "K-12 School", "address": "7250 Mesa College Dr., Rm. K-203", "city": "San Diego", "zip": "92111-4902", "tract_geoid": "06073008510", "source": "CDE California Public Schools / School Sites 2024-25" }, "geometry": { "type": "Point", "coordinates": [ -117.170542909549837, 32.804717770186478 ] } },
{ "type": "Feature", "properties": { "name": "High Tech Middle Media Arts", "district": "San Diego Unified", "type": "Middle", "education_site_type": "K-12 School", "address": "2230 Truxtun Rd., 2nd Fl.", "city": "San Diego", "zip": "92106-6125", "tract_geoid": "06073021401", "source": "CDE California Public Schools / School Sites 2024-25" }, "geometry": { "type": "Point", "coordinates": [ -117.219849910481003, 32.734610760161786 ] } },
{ "type": "Feature", "properties": { "name": "Golden Hill K-8", "district": "San Diego Unified", "type": "Elementary", "education_site_type": "K-12 School", "address": "1240 33rd St.", "city": "San Diego", "zip": "92102-2409", "tract_geoid": "06073004101", "source": "CDE California Public Schools / School Sites 2024-25" }, "geometry": { "type": "Point", "coordinates": [ -117.123458899757395, 32.718425760308243 ] } },
{ "type": "Feature", "properties": { "name": "Porter Elementary", "district": "San Diego Unified", "type": "Elementary", "education_site_type": "K-12 School", "address": "4800 T St.", "city": "San Diego", "zip": "92113-5006", "tract_geoid": "06073003305", "source": "CDE California Public Schools / School Sites 2024-25" }, "geometry": { "type": "Point", "coordinates": [ -117.092927889799654, 32.701605759614012 ] } },
{ "type": "Feature", "properties": { "name": "Cherokee Point Elementary", "district": "San Diego Unified", "type": "Elementary", "education_site_type": "K-12 School", "address": "3735 38th St.", "city": "San Diego", "zip": "92105-2414", "tract_geoid": "06073002401", "source": "CDE California Public Schools / School Sites 2024-25" }, "geometry": { "type": "Point", "coordinates": [ -117.110711900300359, 32.747415769611166 ] } },
{ "type": "Feature", "properties": { "name": "Ibarra Elementary", "district": "San Diego Unified", "type": "Elementary", "education_site_type": "K-12 School", "address": "4877 Orange Ave.", "city": "San Diego", "zip": "92115-4947", "tract_geoid": "06073002707", "source": "CDE California Public Schools / School Sites 2024-25" }, "geometry": { "type": "Point", "coordinates": [ -117.089277889830157, 32.752546770343564 ] } },
{ "type": "Feature", "properties": { "name": "High Tech High Media Arts", "district": "San Diego Unified", "type": "High", "education_site_type": "K-12 School", "address": "2230 Truxtun Rd. Third Fl.", "city": "San Diego", "zip": "92106-6039", "tract_geoid": "06073021401", "source": "CDE California Public Schools / School Sites 2024-25" }, "geometry": { "type": "Point", "coordinates": [ -117.219849910481003, 32.734610760161786 ] } },
{ "type": "Feature", "properties": { "name": "King-Chavez Arts and Athletics Academy", "district": "San Diego Unified", "type": "Elementary", "education_site_type": "K-12 School", "address": "415 31st St.", "city": "San Diego", "zip": "92102-4236", "tract_geoid": "06073004000", "source": "CDE California Public Schools / School Sites 2024-25" }, "geometry": { "type": "Point", "coordinates": [ -117.126734890381357, 32.709806760415397 ] } },
{ "type": "Feature", "properties": { "name": "Magnolia Science Academy San Diego", "district": "San Diego Unified", "type": "Middle", "education_site_type": "K-12 School", "address": "6525 Estrella Ave.", "city": "San Diego", "zip": "92120-2707", "tract_geoid": "06073009604", "source": "CDE California Public Schools / School Sites 2024-25" }, "geometry": { "type": "Point", "coordinates": [ -117.087523890184556, 32.792087770283153 ] } },
{ "type": "Feature", "properties": { "name": "Normal Heights Elementary", "district": "San Diego Unified", "type": "Elementary", "education_site_type": "K-12 School", "address": "3750 Ward Rd.", "city": "San Diego", "zip": "92116-3737", "tract_geoid": "06073001801", "source": "CDE California Public Schools / School Sites 2024-25" }, "geometry": { "type": "Point", "coordinates": [ -117.112782900531826, 32.760897769997378 ] } },
{ "type": "Feature", "properties": { "name": "Albert Einstein Academies", "district": "San Diego Unified", "type": "Elementary", "education_site_type": "K-12 School", "address": "3035 Ash St.", "city": "San Diego", "zip": "92102-1718", "tract_geoid": "06073004800", "source": "CDE California Public Schools / School Sites 2024-25" }, "geometry": { "type": "Point", "coordinates": [ -117.13846190019693, 32.710194759841997 ] } },
{ "type": "Feature", "properties": { "name": "King-Chavez Preparatory Academy", "district": "San Diego Unified", "type": "Middle", "education_site_type": "K-12 School", "address": "500 30th St.", "city": "San Diego", "zip": "92102-3090", "tract_geoid": "06073004000", "source": "CDE California Public Schools / School Sites 2024-25" }, "geometry": { "type": "Point", "coordinates": [ -117.130513890264496, 32.710848760448442 ] } },
{ "type": "Feature", "properties": { "name": "Lincoln High", "district": "San Diego Unified", "type": "High", "education_site_type": "K-12 School", "address": "4777 Imperial Ave.", "city": "San Diego", "zip": "92113-2071", "tract_geoid": "06073003305", "source": "CDE California Public Schools / School Sites 2024-25" }, "geometry": { "type": "Point", "coordinates": [ -117.089537890516425, 32.70349876000855 ] } },
{ "type": "Feature", "properties": { "name": "Rodriguez Elementary", "district": "San Diego Unified", "type": "Elementary", "education_site_type": "K-12 School", "address": "825 South 31st St.", "city": "San Diego", "zip": "92113-2525", "tract_geoid": "06073003902", "source": "CDE California Public Schools / School Sites 2024-25" }, "geometry": { "type": "Point", "coordinates": [ -117.126554889919987, 32.698426759904748 ] } },
{ "type": "Feature", "properties": { "name": "Joyner Elementary", "district": "San Diego Unified", "type": "Elementary", "education_site_type": "K-12 School", "address": "4271 Myrtle Ave.", "city": "San Diego", "zip": "92105-3426", "tract_geoid": "06073002501", "source": "CDE California Public Schools / School Sites 2024-25" }, "geometry": { "type": "Point", "coordinates": [ -117.102873890343773, 32.7417097696624 ] } },
{ "type": "Feature", "properties": { "name": "Health Sciences High and Middle College", "district": "San Diego Unified", "type": "High", "education_site_type": "K-12 School", "address": "3910 University Ave., Ste. 100", "city": "San Diego", "zip": "92105-7302", "tract_geoid": "06073002201", "source": "CDE California Public Schools / School Sites 2024-25" }, "geometry": { "type": "Point", "coordinates": [ -117.110058900399068, 32.750009770065525 ] } },
{ "type": "Feature", "properties": { "name": "Innovation Middle", "district": "San Diego Unified", "type": "Middle", "education_site_type": "K-12 School", "address": "5095 Arvinels Ave.", "city": "San Diego", "zip": "92117-2303", "tract_geoid": "06073008505", "source": "CDE California Public Schools / School Sites 2024-25" }, "geometry": { "type": "Point", "coordinates": [ -117.17474190964289, 32.837779779734696 ] } },
{ "type": "Feature", "properties": { "name": "Millennial Tech Middle", "district": "San Diego Unified", "type": "Middle", "education_site_type": "K-12 School", "address": "1110 Carolina Ln.", "city": "San Diego", "zip": "92102-3713", "tract_geoid": "06073003404", "source": "CDE California Public Schools / School Sites 2024-25" }, "geometry": { "type": "Point", "coordinates": [ -117.088975890317215, 32.717091759854966 ] } },
{ "type": "Feature", "properties": { "name": "Innovations Academy", "district": "San Diego Unified", "type": "Elementary", "education_site_type": "K-12 School", "address": "5454 Ruffin Rd.", "city": "San Diego", "zip": "92123-1313", "tract_geoid": "06073008511", "source": "CDE California Public Schools / School Sites 2024-25" }, "geometry": { "type": "Point", "coordinates": [ -117.127342900221464, 32.834284779610073 ] } },
{ "type": "Feature", "properties": { "name": "East Village Middle College High", "district": "San Diego Unified", "type": "Alternative Schools of Choice", "education_site_type": "K-12 School", "address": "1313 Park Blvd.", "city": "San Diego", "zip": "92101-4717", "tract_geoid": "06073005201", "source": "CDE California Public Schools / School Sites 2024-25" }, "geometry": { "type": "Point", "coordinates": [ -117.15304090003545, 32.718556760349095 ] } },
{ "type": "Feature", "properties": { "name": "King-Chavez Community High", "district": "San Diego Unified", "type": "High", "education_site_type": "K-12 School", "address": "201 A St.", "city": "San Diego", "zip": "92101-4003", "tract_geoid": "06073005302", "source": "CDE California Public Schools / School Sites 2024-25" }, "geometry": { "type": "Point", "coordinates": [ -117.1626418997093, 32.718654759648196 ] } },
{ "type": "Feature", "properties": { "name": "Gompers Preparatory Academy", "district": "San Diego Unified", "type": "K-12", "education_site_type": "K-12 School", "address": "1005 47th St.", "city": "San Diego", "zip": "92102-3626", "tract_geoid": "06073003404", "source": "CDE California Public Schools / School Sites 2024-25" }, "geometry": { "type": "Point", "coordinates": [ -117.091574890190799, 32.7160387596318 ] } },
{ "type": "Feature", "properties": { "name": "iHigh Virtual Academy", "district": "San Diego Unified", "type": "Alternative Schools of Choice", "education_site_type": "K-12 School", "address": "3939 Conde St.", "city": "San Diego", "zip": "92110-3012", "tract_geoid": "06073006500", "source": "CDE California Public Schools / School Sites 2024-25" }, "geometry": { "type": "Point", "coordinates": [ -117.194707909804791, 32.750871760268076 ] } },
{ "type": "Feature", "properties": { "name": "San Diego Global Vision Academy", "district": "San Diego Unified", "type": "Elementary", "education_site_type": "K-12 School", "address": "3430 School St.", "city": "San Diego", "zip": "92116-3423", "tract_geoid": "06073001802", "source": "CDE California Public Schools / School Sites 2024-25" }, "geometry": { "type": "Point", "coordinates": [ -117.119072899530295, 32.762645769746733 ] } },
{ "type": "Feature", "properties": { "name": "School for Entrepreneurship and Technology", "district": "San Diego Unified", "type": "High", "education_site_type": "K-12 School", "address": "3540 Aero Ct.", "city": "San Diego", "zip": "92123-1711", "tract_geoid": "06073009201", "source": "CDE California Public Schools / School Sites 2024-25" }, "geometry": { "type": "Point", "coordinates": [ -117.148883909553348, 32.807074770405677 ] } },
{ "type": "Feature", "properties": { "name": "Old Town Academy K-8 Charter", "district": "San Diego Unified", "type": "Elementary", "education_site_type": "K-12 School", "address": "2120 San Diego Ave.", "city": "San Diego", "zip": "92110-2901", "tract_geoid": "06073006500", "source": "CDE California Public Schools / School Sites 2024-25" }, "geometry": { "type": "Point", "coordinates": [ -117.189200910285365, 32.746652759666446 ] } },
{ "type": "Feature", "properties": { "name": "Knox Middle", "district": "San Diego Unified", "type": "Middle", "education_site_type": "K-12 School", "address": "1098 South 49th St.", "city": "San Diego", "zip": "92113-3599", "tract_geoid": "06073003305", "source": "CDE California Public Schools / School Sites 2024-25" }, "geometry": { "type": "Point", "coordinates": [ -117.089824889747845, 32.695525760111153 ] } },
{ "type": "Feature", "properties": { "name": "City Heights Preparatory Charter", "district": "San Diego Unified", "type": "K-12", "education_site_type": "K-12 School", "address": "4260 54th St.", "city": "San Diego", "zip": "92115-6009", "tract_geoid": "06073002708", "source": "CDE California Public Schools / School Sites 2024-25" }, "geometry": { "type": "Point", "coordinates": [ -117.080118890484812, 32.754041770410524 ] } },
{ "type": "Feature", "properties": { "name": "Kavod Charter", "district": "San Diego Unified", "type": "Elementary", "education_site_type": "K-12 School", "address": "6991 Balboa Ave.", "city": "San Diego", "zip": "92111-3447", "tract_geoid": "06073008509", "source": "CDE California Public Schools / School Sites 2024-25" }, "geometry": { "type": "Point", "coordinates": [ -117.168149910297856, 32.819579769643234 ] } },
{ "type": "Feature", "properties": { "name": "Home & Hosp/Transition Support", "district": "San Diego Unified", "type": "K-12", "education_site_type": "K-12 School", "address": "4100 Normal St., Annex 14", "city": "San Diego", "zip": "92103", "tract_geoid": "06073000600", "source": "CDE California Public Schools / School Sites 2024-25" }, "geometry": { "type": "Point", "coordinates": [ -117.147486900253455, 32.754568770079736 ] } },
{ "type": "Feature", "properties": { "name": "e3 Civic High", "district": "San Diego Unified", "type": "High", "education_site_type": "K-12 School", "address": "395 11th Ave., 6th Fl.", "city": "San Diego", "zip": "92101", "tract_geoid": "06073005102", "source": "CDE California Public Schools / School Sites 2024-25" }, "geometry": { "type": "Point", "coordinates": [ -117.154252899572441, 32.708847760109386 ] } },
{ "type": "Feature", "properties": { "name": "Empower Language Academy", "district": "San Diego Unified", "type": "Elementary", "education_site_type": "K-12 School", "address": "6402 Linda Vista Rd.", "city": "San Diego", "zip": "92111-6013", "tract_geoid": "06073009000", "source": "CDE California Public Schools / School Sites 2024-25" }, "geometry": { "type": "Point", "coordinates": [ -117.179725909498131, 32.772257769788517 ] } },
{ "type": "Feature", "properties": { "name": "Elevate", "district": "San Diego Unified", "type": "Elementary", "education_site_type": "K-12 School", "address": "2285 Murray Ridge Rd.", "city": "San Diego", "zip": "92123-3934", "tract_geoid": "06073009204", "source": "CDE California Public Schools / School Sites 2024-25" }, "geometry": { "type": "Point", "coordinates": [ -117.144167899862154, 32.786563769855107 ] } },
{ "type": "Feature", "properties": { "name": "High Tech Elementary", "district": "San Diego Unified", "type": "Elementary", "education_site_type": "K-12 School", "address": "2150 Cushing Rd.", "city": "San Diego", "zip": "92106-6189", "tract_geoid": "06073021401", "source": "CDE California Public Schools / School Sites 2024-25" }, "geometry": { "type": "Point", "coordinates": [ -117.217701910311447, 32.732064760362171 ] } },
{ "type": "Feature", "properties": { "name": "Ingenuity Charter", "district": "San Diego Unified", "type": "K-12", "education_site_type": "K-12 School", "address": "6130 Skyline Dr.", "city": "San Diego", "zip": "92114-5620", "tract_geoid": "06073003112", "source": "CDE California Public Schools / School Sites 2024-25" }, "geometry": { "type": "Point", "coordinates": [ -117.065843880207836, 32.70212076026079 ] } },
{ "type": "Feature", "properties": { "name": "Jonas Salk Elementary", "district": "San Diego Unified", "type": "Elementary", "education_site_type": "K-12 School", "address": "7825 Flanders Dr.", "city": "San Diego", "zip": "92126-3449", "tract_geoid": "06073008350", "source": "CDE California Public Schools / School Sites 2024-25" }, "geometry": { "type": "Point", "coordinates": [ -117.155623909901493, 32.905388780282756 ] } },
{ "type": "Feature", "properties": { "name": "Urban Discovery Academy Charter", "district": "San Diego Unified", "type": "K-12", "education_site_type": "K-12 School", "address": "840 14th St.", "city": "San Diego", "zip": "92101-6608", "tract_geoid": "06073005201", "source": "CDE California Public Schools / School Sites 2024-25" }, "geometry": { "type": "Point", "coordinates": [ -117.152274900043977, 32.714216759706332 ] } },
{ "type": "Feature", "properties": { "name": "America's Finest Charter", "district": "San Diego Unified", "type": "K-12", "education_site_type": "K-12 School", "address": "730 45th St.", "city": "San Diego", "zip": "92102-3619", "tract_geoid": "06073003404", "source": "CDE California Public Schools / School Sites 2024-25" }, "geometry": { "type": "Point", "coordinates": [ -117.098058889543111, 32.712843759915131 ] } },
{ "type": "Feature", "properties": { "name": "Logan Memorial Educational Campus", "district": "San Diego Unified", "type": "K-12", "education_site_type": "K-12 School", "address": "2875 Ocean View Blvd", "city": "San Diego", "zip": "92113-1334", "tract_geoid": "06073003902", "source": "CDE California Public Schools / School Sites 2024-25" }, "geometry": { "type": "Point", "coordinates": [ -117.132726899564503, 32.700578760026659 ] } },
{ "type": "Feature", "properties": { "name": "Mountain View", "district": "San Diego Unified", "type": "Elementary", "education_site_type": "K-12 School", "address": "3550 Logan Ave.", "city": "San Diego", "zip": "92113-2712", "tract_geoid": "06073003502", "source": "CDE California Public Schools / School Sites 2024-25" }, "geometry": { "type": "Point", "coordinates": [ -117.117862890517159, 32.698104759733361 ] } },
{ "type": "Feature", "properties": { "name": "Nipaquay Elementary", "district": "San Diego Unified", "type": "Elementary", "education_site_type": "K-12 School", "address": "7900 Civita Blvd.", "city": "San Diego", "zip": "92108-3283", "tract_geoid": "06073009203", "source": "CDE California Public Schools / School Sites 2024-25" }, "geometry": { "type": "Point", "coordinates": [ -117.149515899468142, 32.777908770257177 ] } },
{ "type": "Feature", "properties": { "name": "John Muir Language Academy", "district": "San Diego Unified", "type": "Elementary", "education_site_type": "K-12 School", "address": "4431 Mt. Herbert Ave.", "city": "San Diego", "zip": "92117-4728", "tract_geoid": "06073008504", "source": "CDE California Public Schools / School Sites 2024-25" }, "geometry": { "type": "Point", "coordinates": [ -117.193970909678271, 32.823166770372872 ] } },
{ "type": "Feature", "properties": { "name": "Canyon Hills High", "district": "San Diego Unified", "type": "High", "education_site_type": "K-12 School", "address": "5156 Santo Rd.", "city": "San Diego", "zip": "92124-2037", "tract_geoid": "06073009502", "source": "CDE California Public Schools / School Sites 2024-25" }, "geometry": { "type": "Point", "coordinates": [ -117.104780900398225, 32.826413779808014 ] } },
{ "type": "Feature", "properties": { "name": "Mira Mesa High", "district": "San Diego Unified", "type": "High", "education_site_type": "K-12 School", "address": "10510 Marauder Way", "city": "San Diego", "zip": "92126-3275", "tract_geoid": "06073008358", "source": "CDE California Public Schools / School Sites 2024-25" }, "geometry": { "type": "Point", "coordinates": [ -117.141853909628608, 32.910706780179247 ] } },
{ "type": "Feature", "properties": { "name": "Twain High", "district": "San Diego Unified", "type": "Continuation", "education_site_type": "K-12 School", "address": "6402 Linda Vista Rd.", "city": "San Diego", "zip": "92111-7320", "tract_geoid": "06073009000", "source": "CDE California Public Schools / School Sites 2024-25" }, "geometry": { "type": "Point", "coordinates": [ -117.179725909498131, 32.772257769788517 ] } },
{ "type": "Feature", "properties": { "name": "University City High", "district": "San Diego Unified", "type": "High", "education_site_type": "K-12 School", "address": "6949 Genesee Ave.", "city": "San Diego", "zip": "92122-2455", "tract_geoid": "06073008344", "source": "CDE California Public Schools / School Sites 2024-25" }, "geometry": { "type": "Point", "coordinates": [ -117.205440919742088, 32.860687779923616 ] } },
{ "type": "Feature", "properties": { "name": "Whittier K-12", "district": "San Diego Unified", "type": "Opportunity", "education_site_type": "K-12 School", "address": "3401 Clairemont Dr.", "city": "San Diego", "zip": "92117-5938", "tract_geoid": "06073009102", "source": "CDE California Public Schools / School Sites 2024-25" }, "geometry": { "type": "Point", "coordinates": [ -117.198010910263918, 32.803440770333829 ] } },
{ "type": "Feature", "properties": { "name": "San Diego SCPA", "district": "San Diego Unified", "type": "K-12", "education_site_type": "K-12 School", "address": "2425 Dusk Dr.", "city": "San Diego", "zip": "92139-2412", "tract_geoid": "06073003208", "source": "CDE California Public Schools / School Sites 2024-25" }, "geometry": { "type": "Point", "coordinates": [ -117.048578880298095, 32.679788759969455 ] } },
{ "type": "Feature", "properties": { "name": "Mt. Everest Academy", "district": "San Diego Unified", "type": "Alternative Schools of Choice", "education_site_type": "K-12 School", "address": "4350 Mt. Everest Blvd.", "city": "San Diego", "zip": "92117-4847", "tract_geoid": "06073008504", "source": "CDE California Public Schools / School Sites 2024-25" }, "geometry": { "type": "Point", "coordinates": [ -117.18656291025583, 32.819876769868713 ] } },
{ "type": "Feature", "properties": { "name": "Scripps Ranch High", "district": "San Diego Unified", "type": "High", "education_site_type": "K-12 School", "address": "10410 Falcon Way", "city": "San Diego", "zip": "92131-1126", "tract_geoid": "06073017022", "source": "CDE California Public Schools / School Sites 2024-25" }, "geometry": { "type": "Point", "coordinates": [ -117.111728909507761, 32.908711790314605 ] } },
{ "type": "Feature", "properties": { "name": "Altus Schools Charter School of San Diego", "district": "San Diego Unified", "type": "K-12", "education_site_type": "K-12 School", "address": "10170 Huennekens St.", "city": "San Diego", "zip": "92121-2964", "tract_geoid": "06073008350", "source": "CDE California Public Schools / School Sites 2024-25" }, "geometry": { "type": "Point", "coordinates": [ -117.184159920500022, 32.902754779752655 ] } },
{ "type": "Feature", "properties": { "name": "TRACE", "district": "San Diego Unified", "type": "Special Education", "education_site_type": "K-12 School", "address": "4063 Polk Ave.", "city": "San Diego", "zip": "92105-1436", "tract_geoid": "06073002202", "source": "CDE California Public Schools / School Sites 2024-25" }, "geometry": { "type": "Point", "coordinates": [ -117.107585034378502, 32.751215996323069 ] } },
{ "type": "Feature", "properties": { "name": "ALBA", "district": "San Diego Unified", "type": "Community Day", "education_site_type": "K-12 School", "address": "4041 Oregon St.", "city": "San Diego", "zip": "92104-1706", "tract_geoid": "06073001302", "source": "CDE California Public Schools / School Sites 2024-25" }, "geometry": { "type": "Point", "coordinates": [ -117.134861899824614, 32.750770770173148 ] } },
{ "type": "Feature", "properties": { "name": "Preuss School UCSD", "district": "San Diego Unified", "type": "K-12", "education_site_type": "K-12 School", "address": "9500 Gilman Dr.", "city": "La Jolla", "zip": "92093-0536", "tract_geoid": "06073008305", "source": "CDE California Public Schools / School Sites 2024-25" }, "geometry": { "type": "Point", "coordinates": [ -117.222260919928559, 32.882988780026061 ] } },
{ "type": "Feature", "properties": { "name": "Clairemont High", "district": "San Diego Unified", "type": "High", "education_site_type": "K-12 School", "address": "4150 Ute Dr.", "city": "San Diego", "zip": "92117-5853", "tract_geoid": "06073009101", "source": "CDE California Public Schools / School Sites 2024-25" }, "geometry": { "type": "Point", "coordinates": [ -117.203682919610173, 32.809385769586726 ] } },
{ "type": "Feature", "properties": { "name": "High Tech High", "district": "San Diego Unified", "type": "High", "education_site_type": "K-12 School", "address": "2861 Womble Rd.", "city": "San Diego", "zip": "92106-6025", "tract_geoid": "06073021401", "source": "CDE California Public Schools / School Sites 2024-25" }, "geometry": { "type": "Point", "coordinates": [ -117.217542910452792, 32.734862759906086 ] } },
{ "type": "Feature", "properties": { "name": "Altus Schools Audeo", "district": "San Diego Unified", "type": "K-12", "education_site_type": "K-12 School", "address": "10170 Huennekens St.", "city": "San Diego", "zip": "92121-2964", "tract_geoid": "06073009307", "source": "CDE California Public Schools / School Sites 2024-25" }, "geometry": { "type": "Point", "coordinates": [ -117.120228899774133, 32.778769770323976 ] } },
{ "type": "Feature", "properties": { "name": "Creative Performing and Media Arts", "district": "San Diego Unified", "type": "Middle", "education_site_type": "K-12 School", "address": "5050 Conrad Ave.", "city": "San Diego", "zip": "92117-1401", "tract_geoid": "06073008505", "source": "CDE California Public Schools / School Sites 2024-25" }, "geometry": { "type": "Point", "coordinates": [ -117.182419910474621, 32.836652779680918 ] } },
{ "type": "Feature", "properties": { "name": "Henry High", "district": "San Diego Unified", "type": "High", "education_site_type": "K-12 School", "address": "6702 Wandermere Dr.", "city": "San Diego", "zip": "92120-3250", "tract_geoid": "06073009706", "source": "CDE California Public Schools / School Sites 2024-25" }, "geometry": { "type": "Point", "coordinates": [ -117.051456889727689, 32.797172780029967 ] } },
{ "type": "Feature", "properties": { "name": "Hoover High", "district": "San Diego Unified", "type": "High", "education_site_type": "K-12 School", "address": "4474 El Cajon Blvd.", "city": "San Diego", "zip": "92115-4312", "tract_geoid": "06073002301", "source": "CDE California Public Schools / School Sites 2024-25" }, "geometry": { "type": "Point", "coordinates": [ -117.098016889685141, 32.756032770376038 ] } },
{ "type": "Feature", "properties": { "name": "La Jolla High", "district": "San Diego Unified", "type": "High", "education_site_type": "K-12 School", "address": "750 Nautilus St.", "city": "La Jolla", "zip": "92037-6103", "tract_geoid": "06073008101", "source": "CDE California Public Schools / School Sites 2024-25" }, "geometry": { "type": "Point", "coordinates": [ -117.27276893046772, 32.833430769790155 ] } },
{ "type": "Feature", "properties": { "name": "Madison High", "district": "San Diego Unified", "type": "High", "education_site_type": "K-12 School", "address": "4833 Doliva Dr.", "city": "San Diego", "zip": "92117-3211", "tract_geoid": "06073008507", "source": "CDE California Public Schools / School Sites 2024-25" }, "geometry": { "type": "Point", "coordinates": [ -117.17385991049791, 32.831117769808031 ] } },
{ "type": "Feature", "properties": { "name": "Mission Bay High", "district": "San Diego Unified", "type": "High", "education_site_type": "K-12 School", "address": "2475 Grand Ave.", "city": "San Diego", "zip": "92109-4825", "tract_geoid": "06073007800", "source": "CDE California Public Schools / School Sites 2024-25" }, "geometry": { "type": "Point", "coordinates": [ -117.223887920193391, 32.800346770152487 ] } },
{ "type": "Feature", "properties": { "name": "Morse High", "district": "San Diego Unified", "type": "High", "education_site_type": "K-12 School", "address": "6905 Skyline Dr.", "city": "San Diego", "zip": "92114-5928", "tract_geoid": "06073003114", "source": "CDE California Public Schools / School Sites 2024-25" }, "geometry": { "type": "Point", "coordinates": [ -117.048042880241198, 32.701109769583141 ] } },
{ "type": "Feature", "properties": { "name": "Point Loma High", "district": "San Diego Unified", "type": "High", "education_site_type": "K-12 School", "address": "2335 Chatsworth Blvd.", "city": "San Diego", "zip": "92106-1646", "tract_geoid": "06073006900", "source": "CDE California Public Schools / School Sites 2024-25" }, "geometry": { "type": "Point", "coordinates": [ -117.225587910219829, 32.739950760400298 ] } },
{ "type": "Feature", "properties": { "name": "Garfield High", "district": "San Diego Unified", "type": "Continuation", "education_site_type": "K-12 School", "address": "1255 16th St.", "city": "San Diego", "zip": "92101-4759", "tract_geoid": "06073005201", "source": "CDE California Public Schools / School Sites 2024-25" }, "geometry": { "type": "Point", "coordinates": [ -117.149216900166564, 32.718408760154638 ] } },
{ "type": "Feature", "properties": { "name": "Adams Elementary", "district": "San Diego Unified", "type": "Elementary", "education_site_type": "K-12 School", "address": "4672 35th St.", "city": "San Diego", "zip": "92116-3536", "tract_geoid": "06073001802", "source": "CDE California Public Schools / School Sites 2024-25" }, "geometry": { "type": "Point", "coordinates": [ -117.118052899727118, 32.76176576999616 ] } },
{ "type": "Feature", "properties": { "name": "Alcott Elementary", "district": "San Diego Unified", "type": "Elementary", "education_site_type": "K-12 School", "address": "4680 Hidalgo Ave.", "city": "San Diego", "zip": "92117-2503", "tract_geoid": "06073008501", "source": "CDE California Public Schools / School Sites 2024-25" }, "geometry": { "type": "Point", "coordinates": [ -117.221108919510797, 32.832641769608699 ] } },
{ "type": "Feature", "properties": { "name": "Angier Elementary", "district": "San Diego Unified", "type": "Elementary", "education_site_type": "K-12 School", "address": "8450 Hurlbut St.", "city": "San Diego", "zip": "92123-2013", "tract_geoid": "06073009201", "source": "CDE California Public Schools / School Sites 2024-25" }, "geometry": { "type": "Point", "coordinates": [ -117.145695909696613, 32.805184770158696 ] } },
{ "type": "Feature", "properties": { "name": "Audubon K-8", "district": "San Diego Unified", "type": "Elementary", "education_site_type": "K-12 School", "address": "8111 San Vicente", "city": "San Diego", "zip": "92114-4836", "tract_geoid": "06073003105", "source": "CDE California Public Schools / School Sites 2024-25" }, "geometry": { "type": "Point", "coordinates": [ -117.03064288033913, 32.710689769569022 ] } },
{ "type": "Feature", "properties": { "name": "Baker Elementary", "district": "San Diego Unified", "type": "Elementary", "education_site_type": "K-12 School", "address": "4041 T St.", "city": "San Diego", "zip": "92113-1808", "tract_geoid": "06073003502", "source": "CDE California Public Schools / School Sites 2024-25" }, "geometry": { "type": "Point", "coordinates": [ -117.107508890135136, 32.698517759966883 ] } },
{ "type": "Feature", "properties": { "name": "Balboa Elementary", "district": "San Diego Unified", "type": "Elementary", "education_site_type": "K-12 School", "address": "1844 South 40th St.", "city": "San Diego", "zip": "92113-4017", "tract_geoid": "06073003603", "source": "CDE California Public Schools / School Sites 2024-25" }, "geometry": { "type": "Point", "coordinates": [ -117.108381890362722, 32.68726176015759 ] } },
{ "type": "Feature", "properties": { "name": "Barnard Elementary", "district": "San Diego Unified", "type": "Elementary", "education_site_type": "K-12 School", "address": "2445 Fogg St.", "city": "San Diego", "zip": "92109-4855", "tract_geoid": "06073007800", "source": "CDE California Public Schools / School Sites 2024-25" }, "geometry": { "type": "Point", "coordinates": [ -117.22475592047806, 32.802295770187776 ] } },
{ "type": "Feature", "properties": { "name": "Bay Park Elementary", "district": "San Diego Unified", "type": "Elementary", "education_site_type": "K-12 School", "address": "2433 Denver St.", "city": "San Diego", "zip": "92110-3338", "tract_geoid": "06073009103", "source": "CDE California Public Schools / School Sites 2024-25" }, "geometry": { "type": "Point", "coordinates": [ -117.203573910149984, 32.787378769766597 ] } },
{ "type": "Feature", "properties": { "name": "Bird Rock Elementary", "district": "San Diego Unified", "type": "Elementary", "education_site_type": "K-12 School", "address": "5371 La Jolla Hermosa Ave.", "city": "La Jolla", "zip": "92037-8016", "tract_geoid": "06073008006", "source": "CDE California Public Schools / School Sites 2024-25" }, "geometry": { "type": "Point", "coordinates": [ -117.264162930290439, 32.810811770215238 ] } },
{ "type": "Feature", "properties": { "name": "Birney Elementary", "district": "San Diego Unified", "type": "Elementary", "education_site_type": "K-12 School", "address": "4345 Campus Ave.", "city": "San Diego", "zip": "92103-2406", "tract_geoid": "06073000600", "source": "CDE California Public Schools / School Sites 2024-25" }, "geometry": { "type": "Point", "coordinates": [ -117.14815889974308, 32.756202769549112 ] } },
{ "type": "Feature", "properties": { "name": "Boone Elementary", "district": "San Diego Unified", "type": "Elementary", "education_site_type": "K-12 School", "address": "7330 Brookhaven Rd.", "city": "San Diego", "zip": "92114-7115", "tract_geoid": "06073003115", "source": "CDE California Public Schools / School Sites 2024-25" }, "geometry": { "type": "Point", "coordinates": [ -117.03702388002516, 32.695391769714327 ] } },
{ "type": "Feature", "properties": { "name": "Burbank Elementary", "district": "San Diego Unified", "type": "Elementary", "education_site_type": "K-12 School", "address": "2146 Julian Ave.", "city": "San Diego", "zip": "92113-1237", "tract_geoid": "06073004900", "source": "CDE California Public Schools / School Sites 2024-25" }, "geometry": { "type": "Point", "coordinates": [ -117.138493899959741, 32.700501759848095 ] } },
{ "type": "Feature", "properties": { "name": "Cabrillo Elementary", "district": "San Diego Unified", "type": "Elementary", "education_site_type": "K-12 School", "address": "3120 Talbot St.", "city": "San Diego", "zip": "92106-2447", "tract_geoid": "06073007100", "source": "CDE California Public Schools / School Sites 2024-25" }, "geometry": { "type": "Point", "coordinates": [ -117.233476910322551, 32.720797760130701 ] } },
{ "type": "Feature", "properties": { "name": "Cadman Elementary", "district": "San Diego Unified", "type": "Elementary", "education_site_type": "K-12 School", "address": "4370 Kamloop Ave.", "city": "San Diego", "zip": "92117-4543", "tract_geoid": "06073008503", "source": "CDE California Public Schools / School Sites 2024-25" }, "geometry": { "type": "Point", "coordinates": [ -117.215720919534988, 32.822136770261402 ] } },
{ "type": "Feature", "properties": { "name": "Carson Elementary", "district": "San Diego Unified", "type": "Elementary", "education_site_type": "K-12 School", "address": "6905 Kramer St.", "city": "San Diego", "zip": "92111-7021", "tract_geoid": "06073008901", "source": "CDE California Public Schools / School Sites 2024-25" }, "geometry": { "type": "Point", "coordinates": [ -117.171049909889135, 32.776701769782932 ] } },
{ "type": "Feature", "properties": { "name": "Carver Elementary", "district": "San Diego Unified", "type": "Elementary", "education_site_type": "K-12 School", "address": "3251 Juanita St.", "city": "San Diego", "zip": "92105-3807", "tract_geoid": "06073002711", "source": "CDE California Public Schools / School Sites 2024-25" }, "geometry": { "type": "Point", "coordinates": [ -117.070705890332434, 32.739853769742339 ] } },
{ "type": "Feature", "properties": { "name": "Central Elementary", "district": "San Diego Unified", "type": "Elementary", "education_site_type": "K-12 School", "address": "3878 Orange Ave.", "city": "San Diego", "zip": "92105", "tract_geoid": "06073002201", "source": "CDE California Public Schools / School Sites 2024-25" }, "geometry": { "type": "Point", "coordinates": [ -117.11076331032622, 32.75330838025954 ] } },
{ "type": "Feature", "properties": { "name": "Chesterton Elementary", "district": "San Diego Unified", "type": "Elementary", "education_site_type": "K-12 School", "address": "7335 Wheatley St.", "city": "San Diego", "zip": "92111-5824", "tract_geoid": "06073008701", "source": "CDE California Public Schools / School Sites 2024-25" }, "geometry": { "type": "Point", "coordinates": [ -117.162995909519452, 32.793443770172111 ] } },
{ "type": "Feature", "properties": { "name": "Chollas/Mead Elementary", "district": "San Diego Unified", "type": "Elementary", "education_site_type": "K-12 School", "address": "401 North 45th St.", "city": "San Diego", "zip": "92102-4732", "tract_geoid": "06073003404", "source": "CDE California Public Schools / School Sites 2024-25" }, "geometry": { "type": "Point", "coordinates": [ -117.097603889546804, 32.710365760185709 ] } },
{ "type": "Feature", "properties": { "name": "Pendleton Elementary", "district": "San Diego Unified", "type": "Elementary", "education_site_type": "K-12 School", "address": "6506 Solita Ave.", "city": "San Diego", "zip": "92115-4244", "tract_geoid": "06073002902", "source": "CDE California Public Schools / School Sites 2024-25" }, "geometry": { "type": "Point", "coordinates": [ -117.058246890122149, 32.763082769633655 ] } },
{ "type": "Feature", "properties": { "name": "Crown Point Elementary", "district": "San Diego Unified", "type": "Elementary", "education_site_type": "K-12 School", "address": "4033 Ingraham St.", "city": "San Diego", "zip": "92109-5946", "tract_geoid": "06073007702", "source": "CDE California Public Schools / School Sites 2024-25" }, "geometry": { "type": "Point", "coordinates": [ -117.238586919780431, 32.79317176969915 ] } },
{ "type": "Feature", "properties": { "name": "Cubberley Elementary", "district": "San Diego Unified", "type": "Elementary", "education_site_type": "K-12 School", "address": "3201 Marathon Dr.", "city": "San Diego", "zip": "92123-2638", "tract_geoid": "06073009306", "source": "CDE California Public Schools / School Sites 2024-25" }, "geometry": { "type": "Point", "coordinates": [ -117.126655900497013, 32.801472769949108 ] } },
{ "type": "Feature", "properties": { "name": "Curie Elementary", "district": "San Diego Unified", "type": "Elementary", "education_site_type": "K-12 School", "address": "4080 Governor Dr.", "city": "San Diego", "zip": "92122-2523", "tract_geoid": "06073008344", "source": "CDE California Public Schools / School Sites 2024-25" }, "geometry": { "type": "Point", "coordinates": [ -117.202620919539413, 32.855114770172484 ] } },
{ "type": "Feature", "properties": { "name": "Darnall Charter", "district": "San Diego Unified", "type": "Elementary", "education_site_type": "K-12 School", "address": "6020 Hughes St.", "city": "San Diego", "zip": "92115-6520", "tract_geoid": "06073002703", "source": "CDE California Public Schools / School Sites 2024-25" }, "geometry": { "type": "Point", "coordinates": [ -117.066977890422947, 32.747001769812897 ] } },
{ "type": "Feature", "properties": { "name": "Dewey Elementary", "district": "San Diego Unified", "type": "Elementary", "education_site_type": "K-12 School", "address": "3251 Rosecrans St.", "city": "San Diego", "zip": "92110-4835", "tract_geoid": "06073006600", "source": "CDE California Public Schools / School Sites 2024-25" }, "geometry": { "type": "Point", "coordinates": [ -117.207655910493884, 32.74695476043258 ] } },
{ "type": "Feature", "properties": { "name": "Edison Elementary", "district": "San Diego Unified", "type": "Elementary", "education_site_type": "K-12 School", "address": "4077 35th St.", "city": "San Diego", "zip": "92104-2291", "tract_geoid": "06073001600", "source": "CDE California Public Schools / School Sites 2024-25" }, "geometry": { "type": "Point", "coordinates": [ -117.117805900207955, 32.751124770357308 ] } },
{ "type": "Feature", "properties": { "name": "Ralph Waldo Emerson Elementary", "district": "San Diego Unified", "type": "Elementary", "education_site_type": "K-12 School", "address": "3510 Newton Ave.", "city": "San Diego", "zip": "92113-3118", "tract_geoid": "06073003601", "source": "CDE California Public Schools / School Sites 2024-25" }, "geometry": { "type": "Point", "coordinates": [ -117.117641889579872, 32.695236760126299 ] } },
{ "type": "Feature", "properties": { "name": "Encanto Elementary", "district": "San Diego Unified", "type": "Elementary", "education_site_type": "K-12 School", "address": "822 65th St.", "city": "San Diego", "zip": "92114-2818", "tract_geoid": "06073003004", "source": "CDE California Public Schools / School Sites 2024-25" }, "geometry": { "type": "Point", "coordinates": [ -117.058527879834543, 32.714362769570435 ] } },
{ "type": "Feature", "properties": { "name": "Euclid Elementary", "district": "San Diego Unified", "type": "Elementary", "education_site_type": "K-12 School", "address": "4166 Euclid Ave.", "city": "San Diego", "zip": "92105-1910", "tract_geoid": "06073002302", "source": "CDE California Public Schools / School Sites 2024-25" }, "geometry": { "type": "Point", "coordinates": [ -117.092612890070058, 32.752436770270883 ] } },
{ "type": "Feature", "properties": { "name": "Field Elementary", "district": "San Diego Unified", "type": "Elementary", "education_site_type": "K-12 School", "address": "4375 Bannock Ave.", "city": "San Diego", "zip": "92117-2810", "tract_geoid": "06073008504", "source": "CDE California Public Schools / School Sites 2024-25" }, "geometry": { "type": "Point", "coordinates": [ -117.19869491988932, 32.832945770316016 ] } },
{ "type": "Feature", "properties": { "name": "Fletcher Elementary", "district": "San Diego Unified", "type": "Elementary", "education_site_type": "K-12 School", "address": "7666 Bobolink Way", "city": "San Diego", "zip": "92123-3701", "tract_geoid": "06073008702", "source": "CDE California Public Schools / School Sites 2024-25" }, "geometry": { "type": "Point", "coordinates": [ -117.159489900308301, 32.785372770139496 ] } },
{ "type": "Feature", "properties": { "name": "Florence Elementary", "district": "San Diego Unified", "type": "Elementary", "education_site_type": "K-12 School", "address": "3914 First Ave.", "city": "San Diego", "zip": "92103-3089", "tract_geoid": "06073000400", "source": "CDE California Public Schools / School Sites 2024-25" }, "geometry": { "type": "Point", "coordinates": [ -117.164356900509617, 32.748912760287801 ] } },
{ "type": "Feature", "properties": { "name": "Foster Elementary", "district": "San Diego Unified", "type": "Elementary", "education_site_type": "K-12 School", "address": "6550 51st St.", "city": "San Diego", "zip": "92120-2794", "tract_geoid": "06073009604", "source": "CDE California Public Schools / School Sites 2024-25" }, "geometry": { "type": "Point", "coordinates": [ -117.084581890355366, 32.79249677022986 ] } },
{ "type": "Feature", "properties": { "name": "Franklin Elementary", "district": "San Diego Unified", "type": "Elementary", "education_site_type": "K-12 School", "address": "4481 Copeland Ave.", "city": "San Diego", "zip": "92116-4802", "tract_geoid": "06073002100", "source": "CDE California Public Schools / School Sites 2024-25" }, "geometry": { "type": "Point", "coordinates": [ -117.103711890329521, 32.758385769614918 ] } },
{ "type": "Feature", "properties": { "name": "Freese Elementary", "district": "San Diego Unified", "type": "Elementary", "education_site_type": "K-12 School", "address": "8140 Greenlawn Dr.", "city": "San Diego", "zip": "92114-7309", "tract_geoid": "06073003107", "source": "CDE California Public Schools / School Sites 2024-25" }, "geometry": { "type": "Point", "coordinates": [ -117.027533880449411, 32.704405769890357 ] } },
{ "type": "Feature", "properties": { "name": "Fulton K-8", "district": "San Diego Unified", "type": "Elementary", "education_site_type": "K-12 School", "address": "7055 Skyline Dr.", "city": "San Diego", "zip": "92114-5930", "tract_geoid": "06073003114", "source": "CDE California Public Schools / School Sites 2024-25" }, "geometry": { "type": "Point", "coordinates": [ -117.046333879806994, 32.702220760354749 ] } },
{ "type": "Feature", "properties": { "name": "Gage Elementary", "district": "San Diego Unified", "type": "Elementary", "education_site_type": "K-12 School", "address": "6811 Bisby Lake Ave.", "city": "San Diego", "zip": "92119-1918", "tract_geoid": "06073009804", "source": "CDE California Public Schools / School Sites 2024-25" }, "geometry": { "type": "Point", "coordinates": [ -117.014956880390187, 32.806834779687868 ] } },
{ "type": "Feature", "properties": { "name": "Garfield Elementary", "district": "San Diego Unified", "type": "Elementary", "education_site_type": "K-12 School", "address": "4487 Oregon St.", "city": "San Diego", "zip": "92116-3018", "tract_geoid": "06073001202", "source": "CDE California Public Schools / School Sites 2024-25" }, "geometry": { "type": "Point", "coordinates": [ -117.134722900162586, 32.758391769700161 ] } },
{ "type": "Feature", "properties": { "name": "Grant K-8", "district": "San Diego Unified", "type": "Elementary", "education_site_type": "K-12 School", "address": "1425 Washington Pl.", "city": "San Diego", "zip": "92103-1792", "tract_geoid": "06073000202", "source": "CDE California Public Schools / School Sites 2024-25" }, "geometry": { "type": "Point", "coordinates": [ -117.176217910237469, 32.749610759829956 ] } },
{ "type": "Feature", "properties": { "name": "Green Elementary", "district": "San Diego Unified", "type": "Elementary", "education_site_type": "K-12 School", "address": "7030 Wandermere Pl.", "city": "San Diego", "zip": "92119-2969", "tract_geoid": "06073009706", "source": "CDE California Public Schools / School Sites 2024-25" }, "geometry": { "type": "Point", "coordinates": [ -117.044778890488701, 32.796758780336368 ] } },
{ "type": "Feature", "properties": { "name": "Hamilton Elementary", "district": "San Diego Unified", "type": "Elementary", "education_site_type": "K-12 School", "address": "2807 Fairmount Ave.", "city": "San Diego", "zip": "92105-4635", "tract_geoid": "06073002602", "source": "CDE California Public Schools / School Sites 2024-25" }, "geometry": { "type": "Point", "coordinates": [ -117.1002458894976, 32.73550377022795 ] } },
{ "type": "Feature", "properties": { "name": "Hardy Elementary", "district": "San Diego Unified", "type": "Elementary", "education_site_type": "K-12 School", "address": "5420 Montezuma Rd.", "city": "San Diego", "zip": "92115-1329", "tract_geoid": "06073002801", "source": "CDE California Public Schools / School Sites 2024-25" }, "geometry": { "type": "Point", "coordinates": [ -117.079250890130069, 32.772012769655568 ] } },
{ "type": "Feature", "properties": { "name": "Hawthorne Elementary", "district": "San Diego Unified", "type": "Elementary", "education_site_type": "K-12 School", "address": "4750 Lehrer Dr.", "city": "San Diego", "zip": "92117-1358", "tract_geoid": "06073008505", "source": "CDE California Public Schools / School Sites 2024-25" }, "geometry": { "type": "Point", "coordinates": [ -117.189256919784299, 32.839004769683164 ] } },
{ "type": "Feature", "properties": { "name": "Hearst Elementary", "district": "San Diego Unified", "type": "Elementary", "education_site_type": "K-12 School", "address": "6230 Del Cerro Blvd.", "city": "San Diego", "zip": "92120-4604", "tract_geoid": "06073009705", "source": "CDE California Public Schools / School Sites 2024-25" }, "geometry": { "type": "Point", "coordinates": [ -117.064318890461749, 32.7831837702713 ] } },
{ "type": "Feature", "properties": { "name": "Holmes Elementary", "district": "San Diego Unified", "type": "Elementary", "education_site_type": "K-12 School", "address": "4902 Mt. Ararat Dr.", "city": "San Diego", "zip": "92111-3808", "tract_geoid": "06073008512", "source": "CDE California Public Schools / School Sites 2024-25" }, "geometry": { "type": "Point", "coordinates": [ -117.189662910258917, 32.810562770178549 ] } },
{ "type": "Feature", "properties": { "name": "Horton Elementary", "district": "San Diego Unified", "type": "Elementary", "education_site_type": "K-12 School", "address": "5050 Guymon St.", "city": "San Diego", "zip": "92102-3734", "tract_geoid": "06073003404", "source": "CDE California Public Schools / School Sites 2024-25" }, "geometry": { "type": "Point", "coordinates": [ -117.087072890409559, 32.712305759734697 ] } },
{ "type": "Feature", "properties": { "name": "Fay Elementary", "district": "San Diego Unified", "type": "Elementary", "education_site_type": "K-12 School", "address": "4080 52nd St.", "city": "San Diego", "zip": "92105-2209", "tract_geoid": "06073002708", "source": "CDE California Public Schools / School Sites 2024-25" }, "geometry": { "type": "Point", "coordinates": [ -117.083945889997338, 32.751050769888714 ] } },
{ "type": "Feature", "properties": { "name": "Jefferson Elementary", "district": "San Diego Unified", "type": "Elementary", "education_site_type": "K-12 School", "address": "3770 Utah St.", "city": "San Diego", "zip": "92104-3532", "tract_geoid": "06073001400", "source": "CDE California Public Schools / School Sites 2024-25" }, "geometry": { "type": "Point", "coordinates": [ -117.133098900184578, 32.747904769643952 ] } },
{ "type": "Feature", "properties": { "name": "Johnson Elementary", "district": "San Diego Unified", "type": "Elementary", "education_site_type": "K-12 School", "address": "1355 Kelton Rd.", "city": "San Diego", "zip": "92114-1229", "tract_geoid": "06073003001", "source": "CDE California Public Schools / School Sites 2024-25" }, "geometry": { "type": "Point", "coordinates": [ -117.075196890354405, 32.72005776041815 ] } },
{ "type": "Feature", "properties": { "name": "Jones Elementary", "district": "San Diego Unified", "type": "Elementary", "education_site_type": "K-12 School", "address": "2751 Greyling Dr.", "city": "San Diego", "zip": "92123-2836", "tract_geoid": "06073009204", "source": "CDE California Public Schools / School Sites 2024-25" }, "geometry": { "type": "Point", "coordinates": [ -117.141869900468919, 32.795712769779399 ] } },
{ "type": "Feature", "properties": { "name": "Juarez Elementary", "district": "San Diego Unified", "type": "Elementary", "education_site_type": "K-12 School", "address": "2633 Melbourne Dr.", "city": "San Diego", "zip": "92123-3535", "tract_geoid": "06073009305", "source": "CDE California Public Schools / School Sites 2024-25" }, "geometry": { "type": "Point", "coordinates": [ -117.125219900492354, 32.792085769967684 ] } },
{ "type": "Feature", "properties": { "name": "Keiller Leadership Academy", "district": "San Diego Unified", "type": "Elementary", "education_site_type": "K-12 School", "address": "7270 Lisbon St.", "city": "San Diego", "zip": "92114-3007", "tract_geoid": "06073014102", "source": "CDE California Public Schools / School Sites 2024-25" }, "geometry": { "type": "Point", "coordinates": [ -117.042186879591569, 32.712668770269978 ] } },
{ "type": "Feature", "properties": { "name": "La Jolla Elementary", "district": "San Diego Unified", "type": "Elementary", "education_site_type": "K-12 School", "address": "1111 Marine St.", "city": "La Jolla", "zip": "92037-5131", "tract_geoid": "06073008303", "source": "CDE California Public Schools / School Sites 2024-25" }, "geometry": { "type": "Point", "coordinates": [ -117.270607929546074, 32.839075770002559 ] } },
{ "type": "Feature", "properties": { "name": "Lafayette Elementary", "district": "San Diego Unified", "type": "Elementary", "education_site_type": "K-12 School", "address": "6125 Printwood Way", "city": "San Diego", "zip": "92117-3346", "tract_geoid": "06073008507", "source": "CDE California Public Schools / School Sites 2024-25" }, "geometry": { "type": "Point", "coordinates": [ -117.169380909840015, 32.827153770293833 ] } },
{ "type": "Feature", "properties": { "name": "Pacific View Leadership Elementary", "district": "San Diego Unified", "type": "Elementary", "education_site_type": "K-12 School", "address": "6196 Childs Ave.", "city": "San Diego", "zip": "92139-3612", "tract_geoid": "06073003212", "source": "CDE California Public Schools / School Sites 2024-25" }, "geometry": { "type": "Point", "coordinates": [ -117.056784880064981, 32.671116759571305 ] } },
{ "type": "Feature", "properties": { "name": "Linda Vista Elementary", "district": "San Diego Unified", "type": "Elementary", "education_site_type": "K-12 School", "address": "2772 Ulric St.", "city": "San Diego", "zip": "92111-5530", "tract_geoid": "06073008600", "source": "CDE California Public Schools / School Sites 2024-25" }, "geometry": { "type": "Point", "coordinates": [ -117.173411909579599, 32.793104770277772 ] } },
{ "type": "Feature", "properties": { "name": "Clairemont Canyons Academy", "district": "San Diego Unified", "type": "Elementary", "education_site_type": "K-12 School", "address": "4133 Mt. Albertine Ave.", "city": "San Diego", "zip": "92111-3128", "tract_geoid": "06073008509", "source": "CDE California Public Schools / School Sites 2024-25" }, "geometry": { "type": "Point", "coordinates": [ -117.170525909478371, 32.819295769852026 ] } },
{ "type": "Feature", "properties": { "name": "Loma Portal Elementary", "district": "San Diego Unified", "type": "Elementary", "education_site_type": "K-12 School", "address": "3341 Browning St.", "city": "San Diego", "zip": "92106-1599", "tract_geoid": "06073006900", "source": "CDE California Public Schools / School Sites 2024-25" }, "geometry": { "type": "Point", "coordinates": [ -117.22107790972197, 32.740020760260634 ] } },
{ "type": "Feature", "properties": { "name": "Longfellow UTK-8", "district": "San Diego Unified", "type": "Elementary", "education_site_type": "K-12 School", "address": "5055 July St.", "city": "San Diego", "zip": "92110-1114", "tract_geoid": "06073009104", "source": "CDE California Public Schools / School Sites 2024-25" }, "geometry": { "type": "Point", "coordinates": [ -117.188326910420585, 32.783205769635636 ] } },
{ "type": "Feature", "properties": { "name": "Perkins K-8", "district": "San Diego Unified", "type": "Elementary", "education_site_type": "K-12 School", "address": "1770 Main St.", "city": "San Diego", "zip": "92113-2104", "tract_geoid": "06073005103", "source": "CDE California Public Schools / School Sites 2024-25" }, "geometry": { "type": "Point", "coordinates": [ -117.148430899648787, 32.700811759869275 ] } },
{ "type": "Feature", "properties": { "name": "Marshall Elementary", "district": "San Diego Unified", "type": "Elementary", "education_site_type": "K-12 School", "address": "3550 Altadena Ave.", "city": "San Diego", "zip": "92105-3698", "tract_geoid": "06073002709", "source": "CDE California Public Schools / School Sites 2024-25" }, "geometry": { "type": "Point", "coordinates": [ -117.086423889634546, 32.743559770127519 ] } },
{ "type": "Feature", "properties": { "name": "Marvin Elementary", "district": "San Diego Unified", "type": "Elementary", "education_site_type": "K-12 School", "address": "5720 Brunswick Ave.", "city": "San Diego", "zip": "92120-1905", "tract_geoid": "06073009703", "source": "CDE California Public Schools / School Sites 2024-25" }, "geometry": { "type": "Point", "coordinates": [ -117.06838889052797, 32.796310770140728 ] } },
{ "type": "Feature", "properties": { "name": "McKinley Elementary", "district": "San Diego Unified", "type": "Elementary", "education_site_type": "K-12 School", "address": "3045 Felton St.", "city": "San Diego", "zip": "92104-5218", "tract_geoid": "06073004200", "source": "CDE California Public Schools / School Sites 2024-25" }, "geometry": { "type": "Point", "coordinates": [ -117.121737900294178, 32.736804769852583 ] } },
{ "type": "Feature", "properties": { "name": "Language Academy", "district": "San Diego Unified", "type": "Elementary", "education_site_type": "K-12 School", "address": "4961 64th St.", "city": "San Diego", "zip": "92115-2602", "tract_geoid": "06073002904", "source": "CDE California Public Schools / School Sites 2024-25" }, "geometry": { "type": "Point", "coordinates": [ -117.061887890391858, 32.768180769887628 ] } },
{ "type": "Feature", "properties": { "name": "Harriet Tubman Village Charter", "district": "San Diego Unified", "type": "Elementary", "education_site_type": "K-12 School", "address": "6880 Mohawk St.", "city": "San Diego", "zip": "92115-1728", "tract_geoid": "06073002905", "source": "CDE California Public Schools / School Sites 2024-25" }, "geometry": { "type": "Point", "coordinates": [ -117.04968188991775, 32.770111770098119 ] } },
{ "type": "Feature", "properties": { "name": "Oak Park Elementary", "district": "San Diego Unified", "type": "Elementary", "education_site_type": "K-12 School", "address": "2606 54th St.", "city": "San Diego", "zip": "92105-4999", "tract_geoid": "06073002705", "source": "CDE California Public Schools / School Sites 2024-25" }, "geometry": { "type": "Point", "coordinates": [ -117.080631889854416, 32.73290776959125 ] } },
{ "type": "Feature", "properties": { "name": "Ocean Beach Elementary", "district": "San Diego Unified", "type": "Elementary", "education_site_type": "K-12 School", "address": "4741 Santa Monica Ave.", "city": "San Diego", "zip": "92107-2297", "tract_geoid": "06073007502", "source": "CDE California Public Schools / School Sites 2024-25" }, "geometry": { "type": "Point", "coordinates": [ -117.24683691947817, 32.745213759753113 ] } },
{ "type": "Feature", "properties": { "name": "Pacific Beach Elementary", "district": "San Diego Unified", "type": "Elementary", "education_site_type": "K-12 School", "address": "1234 Tourmaline St.", "city": "San Diego", "zip": "92109-1856", "tract_geoid": "06073008006", "source": "CDE California Public Schools / School Sites 2024-25" }, "geometry": { "type": "Point", "coordinates": [ -117.250591919954942, 32.809028769609434 ] } },
{ "type": "Feature", "properties": { "name": "Paradise Hills Elementary", "district": "San Diego Unified", "type": "Elementary", "education_site_type": "K-12 School", "address": "5816 Alleghany St.", "city": "San Diego", "zip": "92139-1799", "tract_geoid": "06073003201", "source": "CDE California Public Schools / School Sites 2024-25" }, "geometry": { "type": "Point", "coordinates": [ -117.067298880175485, 32.679903759742807 ] } },
{ "type": "Feature", "properties": { "name": "Perry Elementary", "district": "San Diego Unified", "type": "Elementary", "education_site_type": "K-12 School", "address": "6290 Oriskany Rd.", "city": "San Diego", "zip": "92139-1142", "tract_geoid": "06073003201", "source": "CDE California Public Schools / School Sites 2024-25" }, "geometry": { "type": "Point", "coordinates": [ -117.059606880472657, 32.685963760376673 ] } },
{ "type": "Feature", "properties": { "name": "Riley/New Dawn", "district": "San Diego Unified", "type": "Special Education", "education_site_type": "K-12 School", "address": "5650 Mt. Ackerly Dr.", "city": "San Diego", "zip": "92111-4016", "tract_geoid": "06073008513", "source": "CDE California Public Schools / School Sites 2024-25" }, "geometry": { "type": "Point", "coordinates": [ -117.179047909735829, 32.80934176992087 ] } },
{ "type": "Feature", "properties": { "name": "Rolando Park Elementary", "district": "San Diego Unified", "type": "Elementary", "education_site_type": "K-12 School", "address": "6620 Marlowe Dr.", "city": "San Diego", "zip": "92115-6740", "tract_geoid": "06073002903", "source": "CDE California Public Schools / School Sites 2024-25" }, "geometry": { "type": "Point", "coordinates": [ -117.054703890339383, 32.746395769708585 ] } },
{ "type": "Feature", "properties": { "name": "Ross Elementary", "district": "San Diego Unified", "type": "Elementary", "education_site_type": "K-12 School", "address": "7470 Bagdad St.", "city": "San Diego", "zip": "92111-4317", "tract_geoid": "06073008510", "source": "CDE California Public Schools / School Sites 2024-25" }, "geometry": { "type": "Point", "coordinates": [ -117.162049909953254, 32.811820770074775 ] } },
{ "type": "Feature", "properties": { "name": "Rowan Elementary", "district": "San Diego Unified", "type": "Elementary", "education_site_type": "K-12 School", "address": "1755 Rowan St.", "city": "San Diego", "zip": "92105-5631", "tract_geoid": "06073002502", "source": "CDE California Public Schools / School Sites 2024-25" }, "geometry": { "type": "Point", "coordinates": [ -117.11206288953349, 32.723960759990675 ] } },
{ "type": "Feature", "properties": { "name": "Sequoia Elementary", "district": "San Diego Unified", "type": "Elementary", "education_site_type": "K-12 School", "address": "4690 Limerick Ave.", "city": "San Diego", "zip": "92117-3220", "tract_geoid": "06073008507", "source": "CDE California Public Schools / School Sites 2024-25" }, "geometry": { "type": "Point", "coordinates": [ -117.179493910512932, 32.828981770389845 ] } },
{ "type": "Feature", "properties": { "name": "Sessions Elementary", "district": "San Diego Unified", "type": "Elementary", "education_site_type": "K-12 School", "address": "2150 Beryl St.", "city": "San Diego", "zip": "92109-3617", "tract_geoid": "06073007800", "source": "CDE California Public Schools / School Sites 2024-25" }, "geometry": { "type": "Point", "coordinates": [ -117.23276492033736, 32.809131769861878 ] } },
{ "type": "Feature", "properties": { "name": "Sherman Elementary", "district": "San Diego Unified", "type": "Elementary", "education_site_type": "K-12 School", "address": "301 22nd St.", "city": "San Diego", "zip": "92102-2918", "tract_geoid": "06073004700", "source": "CDE California Public Schools / School Sites 2024-25" }, "geometry": { "type": "Point", "coordinates": [ -117.143312899685441, 32.709104760200525 ] } },
{ "type": "Feature", "properties": { "name": "Silver Gate Elementary", "district": "San Diego Unified", "type": "Elementary", "education_site_type": "K-12 School", "address": "1499 Venice St.", "city": "San Diego", "zip": "92107-3699", "tract_geoid": "06073007302", "source": "CDE California Public Schools / School Sites 2024-25" }, "geometry": { "type": "Point", "coordinates": [ -117.244208920266942, 32.732715760061801 ] } },
{ "type": "Feature", "properties": { "name": "Spreckels Elementary", "district": "San Diego Unified", "type": "Elementary", "education_site_type": "K-12 School", "address": "6033 Stadium St.", "city": "San Diego", "zip": "92122-3399", "tract_geoid": "06073008307", "source": "CDE California Public Schools / School Sites 2024-25" }, "geometry": { "type": "Point", "coordinates": [ -117.213026919564612, 32.849833769977636 ] } },
{ "type": "Feature", "properties": { "name": "King-Chavez Primary Academy", "district": "San Diego Unified", "type": "Elementary", "education_site_type": "K-12 School", "address": "415 31st St.", "city": "San Diego", "zip": "92102-4236", "tract_geoid": "06073004000", "source": "CDE California Public Schools / School Sites 2024-25" }, "geometry": { "type": "Point", "coordinates": [ -117.126734890381357, 32.709806760415397 ] } },
{ "type": "Feature", "properties": { "name": "Sunset View Elementary", "district": "San Diego Unified", "type": "Elementary", "education_site_type": "K-12 School", "address": "4365 Hill St.", "city": "San Diego", "zip": "92107-4199", "tract_geoid": "06073007200", "source": "CDE California Public Schools / School Sites 2024-25" }, "geometry": { "type": "Point", "coordinates": [ -117.250270920276023, 32.724335760169005 ] } },
{ "type": "Feature", "properties": { "name": "Toler Elementary", "district": "San Diego Unified", "type": "Elementary", "education_site_type": "K-12 School", "address": "3350 Baker St.", "city": "San Diego", "zip": "92117-6017", "tract_geoid": "06073009101", "source": "CDE California Public Schools / School Sites 2024-25" }, "geometry": { "type": "Point", "coordinates": [ -117.210256920479964, 32.801448769844122 ] } },
{ "type": "Feature", "properties": { "name": "Torrey Pines Elementary", "district": "San Diego Unified", "type": "Elementary", "education_site_type": "K-12 School", "address": "8350 Cliffridge Ave.", "city": "La Jolla", "zip": "92037-2106", "tract_geoid": "06073008313", "source": "CDE California Public Schools / School Sites 2024-25" }, "geometry": { "type": "Point", "coordinates": [ -117.243658920437056, 32.859174769630563 ] } },
{ "type": "Feature", "properties": { "name": "Valencia Park Elementary", "district": "San Diego Unified", "type": "Elementary", "education_site_type": "K-12 School", "address": "5880 Skyline Dr.", "city": "San Diego", "zip": "92114-5599", "tract_geoid": "06073003111", "source": "CDE California Public Schools / School Sites 2024-25" }, "geometry": { "type": "Point", "coordinates": [ -117.071349879718198, 32.701831760089547 ] } },
{ "type": "Feature", "properties": { "name": "Washington Elementary", "district": "San Diego Unified", "type": "Elementary", "education_site_type": "K-12 School", "address": "1789 State St.", "city": "San Diego", "zip": "92101-2598", "tract_geoid": "06073005801", "source": "CDE California Public Schools / School Sites 2024-25" }, "geometry": { "type": "Point", "coordinates": [ -117.166157900040517, 32.723804760014744 ] } },
{ "type": "Feature", "properties": { "name": "Webster Elementary", "district": "San Diego Unified", "type": "Elementary", "education_site_type": "K-12 School", "address": "4801 Elm St.", "city": "San Diego", "zip": "92102-1354", "tract_geoid": "06073003401", "source": "CDE California Public Schools / School Sites 2024-25" }, "geometry": { "type": "Point", "coordinates": [ -117.093004889596727, 32.723929770038907 ] } },
{ "type": "Feature", "properties": { "name": "Wegeforth Elementary", "district": "San Diego Unified", "type": "Elementary", "education_site_type": "K-12 School", "address": "3443 Ediwhar Ave.", "city": "San Diego", "zip": "92123-2207", "tract_geoid": "06073009301", "source": "CDE California Public Schools / School Sites 2024-25" }, "geometry": { "type": "Point", "coordinates": [ -117.135886899559949, 32.80542477042998 ] } },
{ "type": "Feature", "properties": { "name": "Benchley/Weinberger Elementary", "district": "San Diego Unified", "type": "Elementary", "education_site_type": "K-12 School", "address": "6269 Twin Lake Dr.", "city": "San Diego", "zip": "92119-3051", "tract_geoid": "06073009801", "source": "CDE California Public Schools / School Sites 2024-25" }, "geometry": { "type": "Point", "coordinates": [ -117.032213880179796, 32.794140780384659 ] } },
{ "type": "Feature", "properties": { "name": "Whitman Elementary", "district": "San Diego Unified", "type": "Elementary", "education_site_type": "K-12 School", "address": "4050 Appleton St.", "city": "San Diego", "zip": "92117-1101", "tract_geoid": "06073008502", "source": "CDE California Public Schools / School Sites 2024-25" }, "geometry": { "type": "Point", "coordinates": [ -117.204291920126764, 32.836799769666619 ] } },
{ "type": "Feature", "properties": { "name": "Bell Middle", "district": "San Diego Unified", "type": "Middle", "education_site_type": "K-12 School", "address": "620 Briarwood Rd.", "city": "San Diego", "zip": "92139-1399", "tract_geoid": "06073003209", "source": "CDE California Public Schools / School Sites 2024-25" }, "geometry": { "type": "Point", "coordinates": [ -117.038085879929753, 32.688511759680488 ] } },
{ "type": "Feature", "properties": { "name": "Correia Middle", "district": "San Diego Unified", "type": "Middle", "education_site_type": "K-12 School", "address": "4302 Valeta St.", "city": "San Diego", "zip": "92107-1510", "tract_geoid": "06073007401", "source": "CDE California Public Schools / School Sites 2024-25" }, "geometry": { "type": "Point", "coordinates": [ -117.231936919831412, 32.748649760378441 ] } },
{ "type": "Feature", "properties": { "name": "Dana", "district": "San Diego Unified", "type": "Middle", "education_site_type": "K-12 School", "address": "1775 Chatsworth Blvd.", "city": "San Diego", "zip": "92106-3709", "tract_geoid": "06073007002", "source": "CDE California Public Schools / School Sites 2024-25" }, "geometry": { "type": "Point", "coordinates": [ -117.233806910268086, 32.733245759622882 ] } },
{ "type": "Feature", "properties": { "name": "Lewis Middle", "district": "San Diego Unified", "type": "Middle", "education_site_type": "K-12 School", "address": "5170 Greenbrier Ave.", "city": "San Diego", "zip": "92120-1220", "tract_geoid": "06073009602", "source": "CDE California Public Schools / School Sites 2024-25" }, "geometry": { "type": "Point", "coordinates": [ -117.079041889503713, 32.79639777015732 ] } },
{ "type": "Feature", "properties": { "name": "Mann Middle", "district": "San Diego Unified", "type": "Middle", "education_site_type": "K-12 School", "address": "4345 54th St.", "city": "San Diego", "zip": "92115-5336", "tract_geoid": "06073002702", "source": "CDE California Public Schools / School Sites 2024-25" }, "geometry": { "type": "Point", "coordinates": [ -117.078901890080544, 32.756092770128944 ] } },
{ "type": "Feature", "properties": { "name": "Marston Middle", "district": "San Diego Unified", "type": "Middle", "education_site_type": "K-12 School", "address": "3799 Clairemont Dr.", "city": "San Diego", "zip": "92117-5915", "tract_geoid": "06073009102", "source": "CDE California Public Schools / School Sites 2024-25" }, "geometry": { "type": "Point", "coordinates": [ -117.200125920512548, 32.808823769912053 ] } },
{ "type": "Feature", "properties": { "name": "Montgomery Middle", "district": "San Diego Unified", "type": "Middle", "education_site_type": "K-12 School", "address": "2470 Ulric St.", "city": "San Diego", "zip": "92111-6099", "tract_geoid": "06073008600", "source": "CDE California Public Schools / School Sites 2024-25" }, "geometry": { "type": "Point", "coordinates": [ -117.172055910337932, 32.788569770370898 ] } },
{ "type": "Feature", "properties": { "name": "Muirlands Middle", "district": "San Diego Unified", "type": "Middle", "education_site_type": "K-12 School", "address": "1056 Nautilus St.", "city": "La Jolla", "zip": "92037-6299", "tract_geoid": "06073008303", "source": "CDE California Public Schools / School Sites 2024-25" }, "geometry": { "type": "Point", "coordinates": [ -117.268452929796354, 32.832676770036478 ] } },
{ "type": "Feature", "properties": { "name": "Pacific Beach Middle", "district": "San Diego Unified", "type": "Middle", "education_site_type": "K-12 School", "address": "4676 Ingraham St.", "city": "San Diego", "zip": "92109-3192", "tract_geoid": "06073007912", "source": "CDE California Public Schools / School Sites 2024-25" }, "geometry": { "type": "Point", "coordinates": [ -117.242264919862734, 32.801830769588392 ] } },
{ "type": "Feature", "properties": { "name": "Roosevelt International Middle", "district": "San Diego Unified", "type": "Middle", "education_site_type": "K-12 School", "address": "3366 Park Blvd.", "city": "San Diego", "zip": "92103-5299", "tract_geoid": "06073005602", "source": "CDE California Public Schools / School Sites 2024-25" }, "geometry": { "type": "Point", "coordinates": [ -117.148106900347841, 32.740416759875053 ] } },
{ "type": "Feature", "properties": { "name": "Taft Middle", "district": "San Diego Unified", "type": "Middle", "education_site_type": "K-12 School", "address": "9191 Gramercy Dr.", "city": "San Diego", "zip": "92123-4015", "tract_geoid": "06073009301", "source": "CDE California Public Schools / School Sites 2024-25" }, "geometry": { "type": "Point", "coordinates": [ -117.130388899629864, 32.801710770426148 ] } },
{ "type": "Feature", "properties": { "name": "The O'Farrell Charter", "district": "San Diego Unified", "type": "K-12", "education_site_type": "K-12 School", "address": "6130 Skyline Dr.", "city": "San Diego", "zip": "92114-5620", "tract_geoid": "06073003112", "source": "CDE California Public Schools / School Sites 2024-25" }, "geometry": { "type": "Point", "coordinates": [ -117.065843880207836, 32.70212076026079 ] } },
{ "type": "Feature", "properties": { "name": "Pershing Middle", "district": "San Diego Unified", "type": "Middle", "education_site_type": "K-12 School", "address": "8204 San Carlos Dr.", "city": "San Diego", "zip": "92119-2636", "tract_geoid": "06073009801", "source": "CDE California Public Schools / School Sites 2024-25" }, "geometry": { "type": "Point", "coordinates": [ -117.020581879659758, 32.802067779621474 ] } },
{ "type": "Feature", "properties": { "name": "Wilson Middle", "district": "San Diego Unified", "type": "Middle", "education_site_type": "K-12 School", "address": "3838 Orange Ave.", "city": "San Diego", "zip": "92105-1038", "tract_geoid": "06073002201", "source": "CDE California Public Schools / School Sites 2024-25" }, "geometry": { "type": "Point", "coordinates": [ -117.111102899887129, 32.753973770435053 ] } },
{ "type": "Feature", "properties": { "name": "Miramar Ranch Elementary", "district": "San Diego Unified", "type": "Elementary", "education_site_type": "K-12 School", "address": "10770 Red Cedar Dr.", "city": "San Diego", "zip": "92131-1204", "tract_geoid": "06073017022", "source": "CDE California Public Schools / School Sites 2024-25" }, "geometry": { "type": "Point", "coordinates": [ -117.098243899755175, 32.909528790389494 ] } },
{ "type": "Feature", "properties": { "name": "Mason Elementary", "district": "San Diego Unified", "type": "Elementary", "education_site_type": "K-12 School", "address": "10340 San Ramon Dr.", "city": "San Diego", "zip": "92126-3235", "tract_geoid": "06073008358", "source": "CDE California Public Schools / School Sites 2024-25" }, "geometry": { "type": "Point", "coordinates": [ -117.139976909622476, 32.90642478037325 ] } },
{ "type": "Feature", "properties": { "name": "Penn Elementary", "district": "San Diego Unified", "type": "Elementary", "education_site_type": "K-12 School", "address": "2797 Utica Dr.", "city": "San Diego", "zip": "92139-3843", "tract_geoid": "06073003208", "source": "CDE California Public Schools / School Sites 2024-25" }, "geometry": { "type": "Point", "coordinates": [ -117.047292879821626, 32.673901759761996 ] } },
{ "type": "Feature", "properties": { "name": "Ericson Elementary", "district": "San Diego Unified", "type": "Elementary", "education_site_type": "K-12 School", "address": "11174 Westonhill Dr.", "city": "San Diego", "zip": "92126-1943", "tract_geoid": "06073008352", "source": "CDE California Public Schools / School Sites 2024-25" }, "geometry": { "type": "Point", "coordinates": [ -117.136505910361294, 32.926589790059211 ] } },
{ "type": "Feature", "properties": { "name": "Hickman Elementary", "district": "San Diego Unified", "type": "Elementary", "education_site_type": "K-12 School", "address": "10850 Montongo St.", "city": "San Diego", "zip": "92126-2629", "tract_geoid": "06073008349", "source": "CDE California Public Schools / School Sites 2024-25" }, "geometry": { "type": "Point", "coordinates": [ -117.152941909486529, 32.914578790395304 ] } },
{ "type": "Feature", "properties": { "name": "Sandburg Elementary", "district": "San Diego Unified", "type": "Elementary", "education_site_type": "K-12 School", "address": "11230 Avenida del Gato", "city": "San Diego", "zip": "92126-1235", "tract_geoid": "06073008347", "source": "CDE California Public Schools / School Sites 2024-25" }, "geometry": { "type": "Point", "coordinates": [ -117.149012910362643, 32.926246789596007 ] } },
{ "type": "Feature", "properties": { "name": "Tierrasanta Elementary", "district": "San Diego Unified", "type": "Elementary", "education_site_type": "K-12 School", "address": "5450 La Cuenta Dr.", "city": "San Diego", "zip": "92124-1417", "tract_geoid": "06073009505", "source": "CDE California Public Schools / School Sites 2024-25" }, "geometry": { "type": "Point", "coordinates": [ -117.096843899810068, 32.829438779545512 ] } },
{ "type": "Feature", "properties": { "name": "Walker Elementary", "district": "San Diego Unified", "type": "Elementary", "education_site_type": "K-12 School", "address": "9225 Hillery Dr.", "city": "San Diego", "zip": "92126-2908", "tract_geoid": "06073008358", "source": "CDE California Public Schools / School Sites 2024-25" }, "geometry": { "type": "Point", "coordinates": [ -117.126262910451985, 32.912299790401228 ] } },
{ "type": "Feature", "properties": { "name": "Miller Elementary", "district": "San Diego Unified", "type": "Elementary", "education_site_type": "K-12 School", "address": "4343 Shields St.", "city": "San Diego", "zip": "92124-2933", "tract_geoid": "06073009510", "source": "CDE California Public Schools / School Sites 2024-25" }, "geometry": { "type": "Point", "coordinates": [ -117.106043899657365, 32.818138779623986 ] } },
{ "type": "Feature", "properties": { "name": "Hancock Elementary", "district": "San Diego Unified", "type": "Elementary", "education_site_type": "K-12 School", "address": "3303 Taussig St.", "city": "San Diego", "zip": "92124-3501", "tract_geoid": "06073009511", "source": "CDE California Public Schools / School Sites 2024-25" }, "geometry": { "type": "Point", "coordinates": [ -117.108466900044618, 32.806220770075178 ] } },
{ "type": "Feature", "properties": { "name": "Standley Middle", "district": "San Diego Unified", "type": "Middle", "education_site_type": "K-12 School", "address": "6298 Radcliffe Dr.", "city": "San Diego", "zip": "92122-3330", "tract_geoid": "06073008307", "source": "CDE California Public Schools / School Sites 2024-25" }, "geometry": { "type": "Point", "coordinates": [ -117.206626920071045, 32.852939770282319 ] } },
{ "type": "Feature", "properties": { "name": "Dailard Elementary", "district": "San Diego Unified", "type": "Elementary", "education_site_type": "K-12 School", "address": "6425 Cibola Rd.", "city": "San Diego", "zip": "92120-2125", "tract_geoid": "06073009704", "source": "CDE California Public Schools / School Sites 2024-25" }, "geometry": { "type": "Point", "coordinates": [ -117.053524890284109, 32.804945779787609 ] } },
{ "type": "Feature", "properties": { "name": "Wangenheim Middle", "district": "San Diego Unified", "type": "Middle", "education_site_type": "K-12 School", "address": "9230 Gold Coast Dr.", "city": "San Diego", "zip": "92126-3799", "tract_geoid": "06073008358", "source": "CDE California Public Schools / School Sites 2024-25" }, "geometry": { "type": "Point", "coordinates": [ -117.125560909986987, 32.906954790450634 ] } },
{ "type": "Feature", "properties": { "name": "Doyle Elementary", "district": "San Diego Unified", "type": "Elementary", "education_site_type": "K-12 School", "address": "3950 Berino Ct.", "city": "San Diego", "zip": "92122-1601", "tract_geoid": "06073008343", "source": "CDE California Public Schools / School Sites 2024-25" }, "geometry": { "type": "Point", "coordinates": [ -117.220891919488352, 32.862980779815828 ] } },
{ "type": "Feature", "properties": { "name": "Farb Middle", "district": "San Diego Unified", "type": "Middle", "education_site_type": "K-12 School", "address": "4880 La Cuenta Dr.", "city": "San Diego", "zip": "92124-3015", "tract_geoid": "06073009509", "source": "CDE California Public Schools / School Sites 2024-25" }, "geometry": { "type": "Point", "coordinates": [ -117.100798900210833, 32.820282779735905 ] } },
{ "type": "Feature", "properties": { "name": "Jerabek Elementary", "district": "San Diego Unified", "type": "Elementary", "education_site_type": "K-12 School", "address": "10050 Avenida Magnifica", "city": "San Diego", "zip": "92131-1426", "tract_geoid": "06073017047", "source": "CDE California Public Schools / School Sites 2024-25" }, "geometry": { "type": "Point", "coordinates": [ -117.084144900411786, 32.90799478971195 ] } },
{ "type": "Feature", "properties": { "name": "Vista Grande Elementary", "district": "San Diego Unified", "type": "Elementary", "education_site_type": "K-12 School", "address": "5606 Antigua Blvd.", "city": "San Diego", "zip": "92124-1306", "tract_geoid": "06073009502", "source": "CDE California Public Schools / School Sites 2024-25" }, "geometry": { "type": "Point", "coordinates": [ -117.108574899599901, 32.834143779980351 ] } },
{ "type": "Feature", "properties": { "name": "Bethune K-8", "district": "San Diego Unified", "type": "Elementary", "education_site_type": "K-12 School", "address": "6835 Benjamin Holt Rd.", "city": "San Diego", "zip": "92114-7827", "tract_geoid": "06073003109", "source": "CDE California Public Schools / School Sites 2024-25" }, "geometry": { "type": "Point", "coordinates": [ -117.049517880143981, 32.689149759698445 ] } },
{ "type": "Feature", "properties": { "name": "De Portola Middle", "district": "San Diego Unified", "type": "Middle", "education_site_type": "K-12 School", "address": "11010 Clairemont Mesa Blvd.", "city": "San Diego", "zip": "92124-1507", "tract_geoid": "06073009505", "source": "CDE California Public Schools / School Sites 2024-25" }, "geometry": { "type": "Point", "coordinates": [ -117.091283900391375, 32.829596780384172 ] } },
{ "type": "Feature", "properties": { "name": "Zamorano Elementary", "district": "San Diego Unified", "type": "Elementary", "education_site_type": "K-12 School", "address": "2655 Casey St.", "city": "San Diego", "zip": "92139-2989", "tract_geoid": "06073003209", "source": "CDE California Public Schools / School Sites 2024-25" }, "geometry": { "type": "Point", "coordinates": [ -117.037950880485397, 32.680267760210675 ] } },
{ "type": "Feature", "properties": { "name": "Challenger Middle", "district": "San Diego Unified", "type": "Middle", "education_site_type": "K-12 School", "address": "10810 Parkdale Ave.", "city": "San Diego", "zip": "92126-2599", "tract_geoid": "06073008348", "source": "CDE California Public Schools / School Sites 2024-25" }, "geometry": { "type": "Point", "coordinates": [ -117.157397909529863, 32.913299779550123 ] } },
{ "type": "Feature", "properties": { "name": "Hage Elementary", "district": "San Diego Unified", "type": "Elementary", "education_site_type": "K-12 School", "address": "9750 Galvin Ave.", "city": "San Diego", "zip": "92126-4823", "tract_geoid": "06073008355", "source": "CDE California Public Schools / School Sites 2024-25" }, "geometry": { "type": "Point", "coordinates": [ -117.120931909541241, 32.921080790114054 ] } },
{ "type": "Feature", "properties": { "name": "Kumeyaay Elementary", "district": "San Diego Unified", "type": "Elementary", "education_site_type": "K-12 School", "address": "6475 Antigua Blvd.", "city": "San Diego", "zip": "92124-4031", "tract_geoid": "06073009505", "source": "CDE California Public Schools / School Sites 2024-25" }, "geometry": { "type": "Point", "coordinates": [ -117.090234899656025, 32.835763779703399 ] } },
{ "type": "Feature", "properties": { "name": "Nye Elementary", "district": "San Diego Unified", "type": "Elementary", "education_site_type": "K-12 School", "address": "981 Valencia Pkwy.", "city": "San Diego", "zip": "92114-6574", "tract_geoid": "06073003113", "source": "CDE California Public Schools / School Sites 2024-25" }, "geometry": { "type": "Point", "coordinates": [ -117.069095880393263, 32.696093759914042 ] } },
{ "type": "Feature", "properties": { "name": "Dingeman Elementary", "district": "San Diego Unified", "type": "Elementary", "education_site_type": "K-12 School", "address": "11840 Scripps Creek Dr.", "city": "San Diego", "zip": "92131-3701", "tract_geoid": "06073017044", "source": "CDE California Public Schools / School Sites 2024-25" }, "geometry": { "type": "Point", "coordinates": [ -117.091317899558732, 32.933443789612291 ] } },
{ "type": "Feature", "properties": { "name": "McGill School of Success", "district": "San Diego Unified", "type": "Elementary", "education_site_type": "K-12 School", "address": "3025 Fir St.", "city": "San Diego", "zip": "92102-1123", "tract_geoid": "06073004400", "source": "CDE California Public Schools / School Sites 2024-25" }, "geometry": { "type": "Point", "coordinates": [ -117.129655900260943, 32.725124760325961 ] } },
{ "type": "Feature", "properties": { "name": "Clark Middle", "district": "San Diego Unified", "type": "Middle", "education_site_type": "K-12 School", "address": "4388 Thorn St.", "city": "San Diego", "zip": "92105-4238", "tract_geoid": "06073002601", "source": "CDE California Public Schools / School Sites 2024-25" }, "geometry": { "type": "Point", "coordinates": [ -117.10002689033378, 32.740639769925806 ] } },
{ "type": "Feature", "properties": { "name": "Kimbrough Elementary", "district": "San Diego Unified", "type": "Elementary", "education_site_type": "K-12 School", "address": "321 Hoitt St.", "city": "San Diego", "zip": "92102-3132", "tract_geoid": "06073004000", "source": "CDE California Public Schools / School Sites 2024-25" }, "geometry": { "type": "Point", "coordinates": [ -117.131821899515714, 32.709643760226093 ] } },
{ "type": "Feature", "properties": { "name": "Chavez Elementary", "district": "San Diego Unified", "type": "Elementary", "education_site_type": "K-12 School", "address": "1404 South 40th St.", "city": "San Diego", "zip": "92113-4037", "tract_geoid": "06073003602", "source": "CDE California Public Schools / School Sites 2024-25" }, "geometry": { "type": "Point", "coordinates": [ -117.108505890201386, 32.691762759822339 ] } },
{ "type": "Feature", "properties": { "name": "Rosa Parks Elementary", "district": "San Diego Unified", "type": "Elementary", "education_site_type": "K-12 School", "address": "4510 Landis St.", "city": "San Diego", "zip": "92105-2822", "tract_geoid": "06073002601", "source": "CDE California Public Schools / School Sites 2024-25" }, "geometry": { "type": "Point", "coordinates": [ -117.097696889647906, 32.74664276993262 ] } },
{ "type": "Feature", "properties": { "name": "Marshall Middle", "district": "San Diego Unified", "type": "Middle", "education_site_type": "K-12 School", "address": "9700 Avenue of Nations", "city": "San Diego", "zip": "92131-2135", "tract_geoid": "06073009504", "source": "CDE California Public Schools / School Sites 2024-25" }, "geometry": { "type": "Point", "coordinates": [ -117.09924790012748, 32.896154780090534 ] } },
{ "type": "Feature", "properties": { "name": "Museum", "district": "San Diego Unified", "type": "Elementary", "education_site_type": "K-12 School", "address": "211 Maple St.", "city": "San Diego", "zip": "92103-6527", "tract_geoid": "06073006000", "source": "CDE California Public Schools / School Sites 2024-25" }, "geometry": { "type": "Point", "coordinates": [ -117.162411900066672, 32.73213775992194 ] } },
{ "type": "Feature", "properties": { "name": "Holly Drive Leadership Academy", "district": "San Diego Unified", "type": "Elementary", "education_site_type": "K-12 School", "address": "4801 Elm St.", "city": "San Diego", "zip": "92102-1354", "tract_geoid": "06073003401", "source": "CDE California Public Schools / School Sites 2024-25" }, "geometry": { "type": "Point", "coordinates": [ -117.091964889481957, 32.72272676976651 ] } },
{ "type": "Feature", "properties": { "name": "High Tech Elementary Explorer", "district": "San Diego Unified", "type": "Elementary", "education_site_type": "K-12 School", "address": "2230 Truxtun Rd. 1st Fl.", "city": "San Diego", "zip": "92106-6128", "tract_geoid": "06073021401", "source": "CDE California Public Schools / School Sites 2024-25" }, "geometry": { "type": "Point", "coordinates": [ -117.219849910481003, 32.734610760161786 ] } },
{ "type": "Feature", "properties": { "name": "Scripps Elementary", "district": "San Diego Unified", "type": "Elementary", "education_site_type": "K-12 School", "address": "11778 Cypress Canyon Rd.", "city": "San Diego", "zip": "92131-3743", "tract_geoid": "06073017044", "source": "CDE California Public Schools / School Sites 2024-25" }, "geometry": { "type": "Point", "coordinates": [ -117.082542899557069, 32.930171790045641 ] } },
{ "type": "Feature", "properties": { "name": "San Diego Cooperative Charter", "district": "San Diego Unified", "type": "Elementary", "education_site_type": "K-12 School", "address": "7260 Linda Vista Rd.", "city": "San Diego", "zip": "92111-6128", "tract_geoid": "06073008600", "source": "CDE California Public Schools / School Sites 2024-25" }, "geometry": { "type": "Point", "coordinates": [ -117.167335910137112, 32.791310770157374 ] } },
{ "type": "Feature", "properties": { "name": "King-Chavez Academy of Excellence", "district": "San Diego Unified", "type": "Elementary", "education_site_type": "K-12 School", "address": "2716 Marcy Ave.", "city": "San Diego", "zip": "92113-2412", "tract_geoid": "06073004900", "source": "CDE California Public Schools / School Sites 2024-25" }, "geometry": { "type": "Point", "coordinates": [ -117.136123899753841, 32.698012760268398 ] } },
{ "type": "Feature", "properties": { "name": "Canyon Crest Academy", "district": "San Dieguito Union High", "type": "High", "education_site_type": "K-12 School", "address": "5951 Village Center Loop Rd.", "city": "San Diego", "zip": "92130-2499", "tract_geoid": "06073021502", "source": "CDE California Public Schools / School Sites 2024-25" }, "geometry": { "type": "Point", "coordinates": [ -117.189411920307364, 32.958204789975674 ] } },
{ "type": "Feature", "properties": { "name": "Pacific Trails Middle", "district": "San Dieguito Union High", "type": "Middle", "education_site_type": "K-12 School", "address": "5975 Village Center Loop Rd.", "city": "San Diego", "zip": "92130-2499", "tract_geoid": "06073021502", "source": "CDE California Public Schools / School Sites 2024-25" }, "geometry": { "type": "Point", "coordinates": [ -117.185725920158831, 32.958948790234224 ] } },
{ "type": "Feature", "properties": { "name": "Torrey Pines High", "district": "San Dieguito Union High", "type": "High", "education_site_type": "K-12 School", "address": "3710 Del Mar Heights Rd.", "city": "San Diego", "zip": "92130-1316", "tract_geoid": "06073008327", "source": "CDE California Public Schools / School Sites 2024-25" }, "geometry": { "type": "Point", "coordinates": [ -117.22531192969943, 32.957904790287166 ] } },
{ "type": "Feature", "properties": { "name": "La Costa Canyon High", "district": "San Dieguito Union High", "type": "High", "education_site_type": "K-12 School", "address": "1 Maverick Way", "city": "Carlsbad", "zip": "92009-8957", "tract_geoid": "06073017113", "source": "CDE California Public Schools / School Sites 2024-25" }, "geometry": { "type": "Point", "coordinates": [ -117.228211939902494, 33.07300480038986 ] } },
{ "type": "Feature", "properties": { "name": "Sunset High (Continuation)", "district": "San Dieguito Union High", "type": "Continuation", "education_site_type": "K-12 School", "address": "684 Requeza St.", "city": "Encinitas", "zip": "92024-3703", "tract_geoid": "06073017502", "source": "CDE California Public Schools / School Sites 2024-25" }, "geometry": { "type": "Point", "coordinates": [ -117.277811940445574, 33.044104790198794 ] } },
{ "type": "Feature", "properties": { "name": "San Dieguito HS Academy", "district": "San Dieguito Union High", "type": "High", "education_site_type": "K-12 School", "address": "800 Santa Fe Dr.", "city": "Encinitas", "zip": "92024-3357", "tract_geoid": "06073017502", "source": "CDE California Public Schools / School Sites 2024-25" }, "geometry": { "type": "Point", "coordinates": [ -117.274611940141369, 33.037904790120287 ] } },
{ "type": "Feature", "properties": { "name": "Oak Crest Middle", "district": "San Dieguito Union High", "type": "Middle", "education_site_type": "K-12 School", "address": "675 Balour Dr.", "city": "Encinitas", "zip": "92024-3996", "tract_geoid": "06073017403", "source": "CDE California Public Schools / School Sites 2024-25" }, "geometry": { "type": "Point", "coordinates": [ -117.265611940456139, 33.042604789564002 ] } },
{ "type": "Feature", "properties": { "name": "Earl Warren Middle", "district": "San Dieguito Union High", "type": "Middle", "education_site_type": "K-12 School", "address": "155 Stevens St.", "city": "Solana Beach", "zip": "92075-2038", "tract_geoid": "06073017307", "source": "CDE California Public Schools / School Sites 2024-25" }, "geometry": { "type": "Point", "coordinates": [ -117.26311194002929, 32.994204789922776 ] } },
{ "type": "Feature", "properties": { "name": "Diegueno Middle", "district": "San Dieguito Union High", "type": "Middle", "education_site_type": "K-12 School", "address": "2150 Village Park Way", "city": "Encinitas", "zip": "92024-5400", "tract_geoid": "06073017107", "source": "CDE California Public Schools / School Sites 2024-25" }, "geometry": { "type": "Point", "coordinates": [ -117.24211193983578, 33.058604799757546 ] } },
{ "type": "Feature", "properties": { "name": "Carmel Valley Middle", "district": "San Dieguito Union High", "type": "Middle", "education_site_type": "K-12 School", "address": "3800 Mykonos Ln.", "city": "San Diego", "zip": "92130-3572", "tract_geoid": "06073008369", "source": "CDE California Public Schools / School Sites 2024-25" }, "geometry": { "type": "Point", "coordinates": [ -117.231811929969325, 32.947004780442796 ] } },
{ "type": "Feature", "properties": { "name": "San Pasqual Union Elementary", "district": "San Pasqual Union Elementary", "type": "Elementary", "education_site_type": "K-12 School", "address": "15305 Rockwood Rd.", "city": "Escondido", "zip": "92027-6700", "tract_geoid": "06073020711", "source": "CDE California Public Schools / School Sites 2024-25" }, "geometry": { "type": "Point", "coordinates": [ -117.011770900373804, 33.110560820331372 ] } },
{ "type": "Feature", "properties": { "name": "Cajon Park Elementary", "district": "Santee", "type": "Elementary", "education_site_type": "K-12 School", "address": "10300 Magnolia Ave.", "city": "Santee", "zip": "92071-1704", "tract_geoid": "06073016609", "source": "CDE California Public Schools / School Sites 2024-25" }, "geometry": { "type": "Point", "coordinates": [ -116.971911880263491, 32.864704790309503 ] } },
{ "type": "Feature", "properties": { "name": "Carlton Hills Elementary", "district": "Santee", "type": "Elementary", "education_site_type": "K-12 School", "address": "9353 Pike Rd.", "city": "Santee", "zip": "92071-2515", "tract_geoid": "06073016614", "source": "CDE California Public Schools / School Sites 2024-25" }, "geometry": { "type": "Point", "coordinates": [ -116.996011880044136, 32.847604780112242 ] } },
{ "type": "Feature", "properties": { "name": "Chet F. Harritt Elementary", "district": "Santee", "type": "Elementary", "education_site_type": "K-12 School", "address": "8120 Arlette St.", "city": "Santee", "zip": "92071-3513", "tract_geoid": "06073016619", "source": "CDE California Public Schools / School Sites 2024-25" }, "geometry": { "type": "Point", "coordinates": [ -117.018111889683695, 32.831704779771023 ] } },
{ "type": "Feature", "properties": { "name": "Pepper Drive Elementary", "district": "Santee", "type": "Elementary", "education_site_type": "K-12 School", "address": "1935 Marlinda Way", "city": "El Cajon", "zip": "92020-1155", "tract_geoid": "06073016704", "source": "CDE California Public Schools / School Sites 2024-25" }, "geometry": { "type": "Point", "coordinates": [ -116.953111869493711, 32.827404789824783 ] } },
{ "type": "Feature", "properties": { "name": "PRIDE Academy at Prospect Avenue", "district": "Santee", "type": "Elementary", "education_site_type": "K-12 School", "address": "9303 Prospect Ave.", "city": "Santee", "zip": "92071-3798", "tract_geoid": "06073016616", "source": "CDE California Public Schools / School Sites 2024-25" }, "geometry": { "type": "Point", "coordinates": [ -116.995611879654433, 32.833004780014349 ] } },
{ "type": "Feature", "properties": { "name": "Sycamore Canyon Elementary", "district": "Santee", "type": "Elementary", "education_site_type": "K-12 School", "address": "10201 Settle Rd.", "city": "Santee", "zip": "92071-1099", "tract_geoid": "06073016621", "source": "CDE California Public Schools / School Sites 2024-25" }, "geometry": { "type": "Point", "coordinates": [ -117.005111890448276, 32.862904789563622 ] } },
{ "type": "Feature", "properties": { "name": "Carlton Oaks Elementary", "district": "Santee", "type": "Elementary", "education_site_type": "K-12 School", "address": "9353 Wethersfield Rd.", "city": "Santee", "zip": "92071-2354", "tract_geoid": "06073016606", "source": "CDE California Public Schools / School Sites 2024-25" }, "geometry": { "type": "Point", "coordinates": [ -117.013811880336803, 32.844404780236609 ] } },
{ "type": "Feature", "properties": { "name": "Rio Seco Elementary", "district": "Santee", "type": "Elementary", "education_site_type": "K-12 School", "address": "9545 Cuyamaca St.", "city": "Santee", "zip": "92071-2674", "tract_geoid": "06073016615", "source": "CDE California Public Schools / School Sites 2024-25" }, "geometry": { "type": "Point", "coordinates": [ -116.982311880109435, 32.85130478976243 ] } },
{ "type": "Feature", "properties": { "name": "Hill Creek Elementary", "district": "Santee", "type": "Elementary", "education_site_type": "K-12 School", "address": "9665 Jeremy St.", "city": "Santee", "zip": "92071-2836", "tract_geoid": "06073016607", "source": "CDE California Public Schools / School Sites 2024-25" }, "geometry": { "type": "Point", "coordinates": [ -116.962111880004542, 32.85260479040668 ] } },
{ "type": "Feature", "properties": { "name": "Santee Alternative", "district": "Santee", "type": "Alternative Schools of Choice", "education_site_type": "K-12 School", "address": "10250 El Nopal", "city": "Santee", "zip": "92071", "tract_geoid": "06073016609", "source": "CDE California Public Schools / School Sites 2024-25" }, "geometry": { "type": "Point", "coordinates": [ -116.971911879964367, 32.862901789639672 ] } },
{ "type": "Feature", "properties": { "name": "Santee Success Program", "district": "Santee", "type": "Community Day", "education_site_type": "K-12 School", "address": "10280 North Magnolia Ave.", "city": "Santee", "zip": "92071-1998", "tract_geoid": "06073016609", "source": "CDE California Public Schools / School Sites 2024-25" }, "geometry": { "type": "Point", "coordinates": [ -116.972311879479989, 32.865404789811237 ] } },
{ "type": "Feature", "properties": { "name": "Willow Elementary", "district": "San Ysidro Elementary", "type": "Elementary", "education_site_type": "K-12 School", "address": "226 Willow Rd.", "city": "San Ysidro", "zip": "92173-3096", "tract_geoid": "06073010009", "source": "CDE California Public Schools / School Sites 2024-25" }, "geometry": { "type": "Point", "coordinates": [ -117.041511869568041, 32.548104750189111 ] } },
{ "type": "Feature", "properties": { "name": "Vista Del Mar", "district": "San Ysidro Elementary", "type": "Middle", "education_site_type": "K-12 School", "address": "4885 Del Sol Blvd.", "city": "San Diego", "zip": "92154-8401", "tract_geoid": "06073010017", "source": "CDE California Public Schools / School Sites 2024-25" }, "geometry": { "type": "Point", "coordinates": [ -117.028511870499713, 32.570804750297519 ] } },
{ "type": "Feature", "properties": { "name": "Smythe Elementary", "district": "San Ysidro Elementary", "type": "Elementary", "education_site_type": "K-12 School", "address": "1880 Smythe Ave.", "city": "San Ysidro", "zip": "92173-1599", "tract_geoid": "06073010005", "source": "CDE California Public Schools / School Sites 2024-25" }, "geometry": { "type": "Point", "coordinates": [ -117.050311869626597, 32.563404749966118 ] } },
{ "type": "Feature", "properties": { "name": "La Mirada Elementary", "district": "San Ysidro Elementary", "type": "Elementary", "education_site_type": "K-12 School", "address": "222 Avenida de la Madrid", "city": "San Ysidro", "zip": "92173-1508", "tract_geoid": "06073010005", "source": "CDE California Public Schools / School Sites 2024-25" }, "geometry": { "type": "Point", "coordinates": [ -117.046511869872887, 32.563604749764153 ] } },
{ "type": "Feature", "properties": { "name": "Sunset Elementary", "district": "San Ysidro Elementary", "type": "Elementary", "education_site_type": "K-12 School", "address": "3825 Sunset Ln.", "city": "San Ysidro", "zip": "92173-3334", "tract_geoid": "06073010013", "source": "CDE California Public Schools / School Sites 2024-25" }, "geometry": { "type": "Point", "coordinates": [ -117.050211869768361, 32.557604749947402 ] } },
{ "type": "Feature", "properties": { "name": "San Ysidro Middle", "district": "San Ysidro Elementary", "type": "Middle", "education_site_type": "K-12 School", "address": "4345 Otay Mesa Rd.", "city": "San Ysidro", "zip": "92173-1623", "tract_geoid": "06073010015", "source": "CDE California Public Schools / School Sites 2024-25" }, "geometry": { "type": "Point", "coordinates": [ -117.038611870222027, 32.560404750095316 ] } },
{ "type": "Feature", "properties": { "name": "Ocean View Hills", "district": "San Ysidro Elementary", "type": "Elementary", "education_site_type": "K-12 School", "address": "4919 Del Sol Blvd.", "city": "San Diego", "zip": "92154-8488", "tract_geoid": "06073010017", "source": "CDE California Public Schools / School Sites 2024-25" }, "geometry": { "type": "Point", "coordinates": [ -117.024911869952234, 32.571704749702484 ] } },
{ "type": "Feature", "properties": { "name": "Solana Pacific Elementary", "district": "Solana Beach Elementary", "type": "Elementary", "education_site_type": "K-12 School", "address": "3901 Townsgate Dr.", "city": "San Diego", "zip": "92130-2584", "tract_geoid": "06073008369", "source": "CDE California Public Schools / School Sites 2024-25" }, "geometry": { "type": "Point", "coordinates": [ -117.231111930192611, 32.951404789873834 ] } },
{ "type": "Feature", "properties": { "name": "Solana Ranch Elementary", "district": "Solana Beach Elementary", "type": "Elementary", "education_site_type": "K-12 School", "address": "13605 Pacific Highlands Ranch Pkwy.", "city": "San Diego", "zip": "92130-5791", "tract_geoid": "06073008328", "source": "CDE California Public Schools / School Sites 2024-25" }, "geometry": { "type": "Point", "coordinates": [ -117.191685919840538, 32.965851790418441 ] } },
{ "type": "Feature", "properties": { "name": "Skyline Elementary", "district": "Solana Beach Elementary", "type": "Elementary", "education_site_type": "K-12 School", "address": "606 Lomas Santa Fe Dr.", "city": "Solana Beach", "zip": "92075-1400", "tract_geoid": "06073017303", "source": "CDE California Public Schools / School Sites 2024-25" }, "geometry": { "type": "Point", "coordinates": [ -117.261911940081873, 32.997304790335576 ] } },
{ "type": "Feature", "properties": { "name": "Solana Vista Elementary", "district": "Solana Beach Elementary", "type": "Elementary", "education_site_type": "K-12 School", "address": "780 Santa Victoria Ave.", "city": "Solana Beach", "zip": "92075-1535", "tract_geoid": "06073017305", "source": "CDE California Public Schools / School Sites 2024-25" }, "geometry": { "type": "Point", "coordinates": [ -117.250511939973563, 33.003804790414868 ] } },
{ "type": "Feature", "properties": { "name": "Solana Highlands Elementary", "district": "Solana Beach Elementary", "type": "Elementary", "education_site_type": "K-12 School", "address": "3520 Long Run Dr.", "city": "San Diego", "zip": "92130-1808", "tract_geoid": "06073008327", "source": "CDE California Public Schools / School Sites 2024-25" }, "geometry": { "type": "Point", "coordinates": [ -117.239911930492809, 32.954904780102055 ] } },
{ "type": "Feature", "properties": { "name": "Solana Santa Fe Elementary", "district": "Solana Beach Elementary", "type": "Elementary", "education_site_type": "K-12 School", "address": "6570 El Apajo", "city": "Rancho Santa Fe", "zip": "92067-8940", "tract_geoid": "06073017061", "source": "CDE California Public Schools / School Sites 2024-25" }, "geometry": { "type": "Point", "coordinates": [ -117.192111930121101, 32.99710478993908 ] } },
{ "type": "Feature", "properties": { "name": "Carmel Creek Elementary", "district": "Solana Beach Elementary", "type": "Elementary", "education_site_type": "K-12 School", "address": "4210 Carmel Center Rd.", "city": "San Diego", "zip": "92130-2480", "tract_geoid": "06073008330", "source": "CDE California Public Schools / School Sites 2024-25" }, "geometry": { "type": "Point", "coordinates": [ -117.225711930214914, 32.951404789866146 ] } },
{ "type": "Feature", "properties": { "name": "Bayside STEAM Academy", "district": "South Bay Union", "type": "Elementary", "education_site_type": "K-12 School", "address": "490 Emory St.", "city": "Imperial Beach", "zip": "91932-1524", "tract_geoid": "06073010502", "source": "CDE California Public Schools / School Sites 2024-25" }, "geometry": { "type": "Point", "coordinates": [ -117.112837880295544, 32.588693750132123 ] } },
{ "type": "Feature", "properties": { "name": "Central Elementary", "district": "South Bay Union", "type": "Elementary", "education_site_type": "K-12 School", "address": "1290 Ebony Ave.", "city": "Imperial Beach", "zip": "91932-2920", "tract_geoid": "06073010401", "source": "CDE California Public Schools / School Sites 2024-25" }, "geometry": { "type": "Point", "coordinates": [ -117.106336880083973, 32.578019749769616 ] } },
{ "type": "Feature", "properties": { "name": "Emory Elementary", "district": "South Bay Union", "type": "Elementary", "education_site_type": "K-12 School", "address": "1915 Coronado Ave.", "city": "San Diego", "zip": "92154-2021", "tract_geoid": "06073010110", "source": "CDE California Public Schools / School Sites 2024-25" }, "geometry": { "type": "Point", "coordinates": [ -117.092207880014939, 32.575459749719641 ] } },
{ "type": "Feature", "properties": { "name": "Imperial Beach Charter", "district": "South Bay Union", "type": "Elementary", "education_site_type": "K-12 School", "address": "650 Imperial Beach Blvd.", "city": "Imperial Beach", "zip": "91932-2706", "tract_geoid": "06073010202", "source": "CDE California Public Schools / School Sites 2024-25" }, "geometry": { "type": "Point", "coordinates": [ -117.119474880419546, 32.578851749914769 ] } },
{ "type": "Feature", "properties": { "name": "Nestor Language Academy Charter", "district": "South Bay Union", "type": "Elementary", "education_site_type": "K-12 School", "address": "1455 Hollister St.", "city": "San Diego", "zip": "92154-4063", "tract_geoid": "06073010112", "source": "CDE California Public Schools / School Sites 2024-25" }, "geometry": { "type": "Point", "coordinates": [ -117.083048880364188, 32.570266750229493 ] } },
{ "type": "Feature", "properties": { "name": "Oneonta Elementary", "district": "South Bay Union", "type": "Elementary", "education_site_type": "K-12 School", "address": "1311 Tenth St.", "city": "Imperial Beach", "zip": "91932-3403", "tract_geoid": "06073010300", "source": "CDE California Public Schools / School Sites 2024-25" }, "geometry": { "type": "Point", "coordinates": [ -117.111530880521613, 32.572912750085116 ] } },
{ "type": "Feature", "properties": { "name": "Sunnyslope Elementary", "district": "South Bay Union", "type": "Elementary", "education_site_type": "K-12 School", "address": "2500 Elm Ave.", "city": "San Diego", "zip": "92154-1498", "tract_geoid": "06073010107", "source": "CDE California Public Schools / School Sites 2024-25" }, "geometry": { "type": "Point", "coordinates": [ -117.079570879469273, 32.581004750405562 ] } },
{ "type": "Feature", "properties": { "name": "Godfrey G. Berry Elementary", "district": "South Bay Union", "type": "Elementary", "education_site_type": "K-12 School", "address": "2001 Rimbey St.", "city": "San Diego", "zip": "92154-3032", "tract_geoid": "06073010110", "source": "CDE California Public Schools / School Sites 2024-25" }, "geometry": { "type": "Point", "coordinates": [ -117.09100088008131, 32.567413750234302 ] } },
{ "type": "Feature", "properties": { "name": "Howard Pence Elementary", "district": "South Bay Union", "type": "Elementary", "education_site_type": "K-12 School", "address": "877 Via Tonga Ct.", "city": "San Diego", "zip": "92154-2256", "tract_geoid": "06073010010", "source": "CDE California Public Schools / School Sites 2024-25" }, "geometry": { "type": "Point", "coordinates": [ -117.061805869625005, 32.578478749802329 ] } },
{ "type": "Feature", "properties": { "name": "George Nicoloff Elementary", "district": "South Bay Union", "type": "Elementary", "education_site_type": "K-12 School", "address": "1777 Howard Ave.", "city": "San Ysidro", "zip": "92173-1235", "tract_geoid": "06073010111", "source": "CDE California Public Schools / School Sites 2024-25" }, "geometry": { "type": "Point", "coordinates": [ -117.065829869763789, 32.566080749977118 ] } },
{ "type": "Feature", "properties": { "name": "Teofilo Mendoza", "district": "South Bay Union", "type": "Elementary", "education_site_type": "K-12 School", "address": "2050 Coronado Ave.", "city": "San Diego", "zip": "92154-2034", "tract_geoid": "06073010110", "source": "CDE California Public Schools / School Sites 2024-25" }, "geometry": { "type": "Point", "coordinates": [ -117.089507880248007, 32.577417750031096 ] } },
{ "type": "Feature", "properties": { "name": "Spencer Valley Elementary", "district": "Spencer Valley Elementary", "type": "Elementary", "education_site_type": "K-12 School", "address": "4414 Highway 78 and 79", "city": "Santa Ysabel", "zip": "92070-0159", "tract_geoid": "06073020903", "source": "CDE California Public Schools / School Sites 2024-25" }, "geometry": { "type": "Point", "coordinates": [ -116.645296839552259, 33.096710829784016 ] } },
{ "type": "Feature", "properties": { "name": "Olympian High", "district": "Sweetwater Union High", "type": "High", "education_site_type": "K-12 School", "address": "1925 Magdalena Ave.", "city": "Chula Vista", "zip": "91913-3973", "tract_geoid": "06073013317", "source": "CDE California Public Schools / School Sites 2024-25" }, "geometry": { "type": "Point", "coordinates": [ -116.974380860304109, 32.608376759984807 ] } },
{ "type": "Feature", "properties": { "name": "East Hills Academy", "district": "Sweetwater Union High", "type": "Special Education", "education_site_type": "K-12 School", "address": "1791 Rock Mountain Rd.", "city": "Chula Vista", "zip": "91913", "tract_geoid": "06073013317", "source": "CDE California Public Schools / School Sites 2024-25" }, "geometry": { "type": "Point", "coordinates": [ -116.972297859980031, 32.608087760408196 ] } },
{ "type": "Feature", "properties": { "name": "Hawking S.T.E.A.M. Charter", "district": "Sweetwater Union High", "type": "K-12", "education_site_type": "K-12 School", "address": "489 E St.", "city": "Chula Vista", "zip": "91910-2445", "tract_geoid": "06073012402", "source": "CDE California Public Schools / School Sites 2024-25" }, "geometry": { "type": "Point", "coordinates": [ -117.088957879841388, 32.642918759862141 ] } },
{ "type": "Feature", "properties": { "name": "Launch Virtual Academy", "district": "Sweetwater Union High", "type": "Alternative Schools of Choice", "education_site_type": "K-12 School", "address": "2710 Iris Ave.", "city": "San Diego", "zip": "92154-3338", "tract_geoid": "06073010106", "source": "CDE California Public Schools / School Sites 2024-25" }, "geometry": { "type": "Point", "coordinates": [ -117.074430880133804, 32.569781749906916 ] } },
{ "type": "Feature", "properties": { "name": "Southwest Senior High", "district": "Sweetwater Union High", "type": "High", "education_site_type": "K-12 School", "address": "1685 Hollister St.", "city": "San Diego", "zip": "92154-4548", "tract_geoid": "06073010112", "source": "CDE California Public Schools / School Sites 2024-25" }, "geometry": { "type": "Point", "coordinates": [ -117.082802879649449, 32.566867750288345 ] } },
{ "type": "Feature", "properties": { "name": "Bonita Vista Senior High", "district": "Sweetwater Union High", "type": "High", "education_site_type": "K-12 School", "address": "751 Otay Lakes Rd.", "city": "Chula Vista", "zip": "91913-2004", "tract_geoid": "06073013416", "source": "CDE California Public Schools / School Sites 2024-25" }, "geometry": { "type": "Point", "coordinates": [ -116.998280870297336, 32.646169759616626 ] } },
{ "type": "Feature", "properties": { "name": "Castle Park Senior High", "district": "Sweetwater Union High", "type": "High", "education_site_type": "K-12 School", "address": "1395 Hilltop Dr.", "city": "Chula Vista", "zip": "91911-4529", "tract_geoid": "06073013303", "source": "CDE California Public Schools / School Sites 2024-25" }, "geometry": { "type": "Point", "coordinates": [ -117.051654869995488, 32.606965750382351 ] } },
{ "type": "Feature", "properties": { "name": "Eastlake High", "district": "Sweetwater Union High", "type": "High", "education_site_type": "K-12 School", "address": "1120 Eastlake Pkwy.", "city": "Chula Vista", "zip": "91915-2102", "tract_geoid": "06073013316", "source": "CDE California Public Schools / School Sites 2024-25" }, "geometry": { "type": "Point", "coordinates": [ -116.96759486051721, 32.640355760382334 ] } },
{ "type": "Feature", "properties": { "name": "Chula Vista Senior High", "district": "Sweetwater Union High", "type": "High", "education_site_type": "K-12 School", "address": "820 Fourth Ave.", "city": "Chula Vista", "zip": "91911-1102", "tract_geoid": "06073013000", "source": "CDE California Public Schools / School Sites 2024-25" }, "geometry": { "type": "Point", "coordinates": [ -117.078353879537502, 32.621741750146391 ] } },
{ "type": "Feature", "properties": { "name": "Options Secondary", "district": "Sweetwater Union High", "type": "Alternative Schools of Choice", "education_site_type": "K-12 School", "address": "3250 Palm Ave.", "city": "San Diego", "zip": "92154-1507", "tract_geoid": "06073010001", "source": "CDE California Public Schools / School Sites 2024-25" }, "geometry": { "type": "Point", "coordinates": [ -117.064227962720992, 32.585749012605575 ] } },
{ "type": "Feature", "properties": { "name": "MAAC Community Charter", "district": "Sweetwater Union High", "type": "High", "education_site_type": "K-12 School", "address": "1385 Third Ave.", "city": "Chula Vista", "zip": "91911-4302", "tract_geoid": "06073013203", "source": "CDE California Public Schools / School Sites 2024-25" }, "geometry": { "type": "Point", "coordinates": [ -117.064300880169171, 32.604525750429779 ] } },
{ "type": "Feature", "properties": { "name": "Alta Vista Academy", "district": "Sweetwater Union High", "type": "Community Day", "education_site_type": "K-12 School", "address": "730 Medical Center Ct.", "city": "Chula Vista", "zip": "91911-6618", "tract_geoid": "06073013327", "source": "CDE California Public Schools / School Sites 2024-25" }, "geometry": { "type": "Point", "coordinates": [ -117.025095869861445, 32.618787759824691 ] } },
{ "type": "Feature", "properties": { "name": "San Ysidro High", "district": "Sweetwater Union High", "type": "High", "education_site_type": "K-12 School", "address": "5353 Airway Rd.", "city": "San Diego", "zip": "92154-4806", "tract_geoid": "06073010015", "source": "CDE California Public Schools / School Sites 2024-25" }, "geometry": { "type": "Point", "coordinates": [ -117.0171188694721, 32.565185750308018 ] } },
{ "type": "Feature", "properties": { "name": "Otay Ranch Senior High", "district": "Sweetwater Union High", "type": "High", "education_site_type": "K-12 School", "address": "1250 Olympic Pkwy.", "city": "Chula Vista", "zip": "91913-1900", "tract_geoid": "06073013317", "source": "CDE California Public Schools / School Sites 2024-25" }, "geometry": { "type": "Point", "coordinates": [ -116.990471860502154, 32.620065759824328 ] } },
{ "type": "Feature", "properties": { "name": "Palomar High", "district": "Sweetwater Union High", "type": "Continuation", "education_site_type": "K-12 School", "address": "480 Palomar St.", "city": "Chula Vista", "zip": "91911-3098", "tract_geoid": "06073013206", "source": "CDE California Public Schools / School Sites 2024-25" }, "geometry": { "type": "Point", "coordinates": [ -117.073752879757038, 32.605127750028537 ] } },
{ "type": "Feature", "properties": { "name": "Hilltop Senior High", "district": "Sweetwater Union High", "type": "High", "education_site_type": "K-12 School", "address": "555 Claire Ave.", "city": "Chula Vista", "zip": "91910-6105", "tract_geoid": "06073013401", "source": "CDE California Public Schools / School Sites 2024-25" }, "geometry": { "type": "Point", "coordinates": [ -117.058642880136006, 32.636988759655452 ] } },
{ "type": "Feature", "properties": { "name": "Mar Vista Senior High", "district": "Sweetwater Union High", "type": "High", "education_site_type": "K-12 School", "address": "505 Elm Ave.", "city": "Imperial Beach", "zip": "91932-2027", "tract_geoid": "06073010202", "source": "CDE California Public Schools / School Sites 2024-25" }, "geometry": { "type": "Point", "coordinates": [ -117.121828880497446, 32.579269749981847 ] } },
{ "type": "Feature", "properties": { "name": "Sweetwater High", "district": "Sweetwater Union High", "type": "High", "education_site_type": "K-12 School", "address": "2900 Highland Ave.", "city": "National City", "zip": "91950-7415", "tract_geoid": "06073011602", "source": "CDE California Public Schools / School Sites 2024-25" }, "geometry": { "type": "Point", "coordinates": [ -117.093928890311844, 32.65955376043533 ] } },
{ "type": "Feature", "properties": { "name": "Montgomery Senior High", "district": "Sweetwater Union High", "type": "High", "education_site_type": "K-12 School", "address": "3250 Palm Ave.", "city": "San Diego", "zip": "92154-1507", "tract_geoid": "06073010001", "source": "CDE California Public Schools / School Sites 2024-25" }, "geometry": { "type": "Point", "coordinates": [ -117.064824870223262, 32.584603749914066 ] } },
{ "type": "Feature", "properties": { "name": "Bonita Vista Middle", "district": "Sweetwater Union High", "type": "Middle", "education_site_type": "K-12 School", "address": "650 Otay Lakes Rd.", "city": "Chula Vista", "zip": "91910-6910", "tract_geoid": "06073013421", "source": "CDE California Public Schools / School Sites 2024-25" }, "geometry": { "type": "Point", "coordinates": [ -117.006106869918696, 32.6488847595595 ] } },
{ "type": "Feature", "properties": { "name": "Castle Park Middle", "district": "Sweetwater Union High", "type": "Middle", "education_site_type": "K-12 School", "address": "160 Quintard St.", "city": "Chula Vista", "zip": "91911-4414", "tract_geoid": "06073013203", "source": "CDE California Public Schools / School Sites 2024-25" }, "geometry": { "type": "Point", "coordinates": [ -117.059263879615131, 32.605857750431085 ] } },
{ "type": "Feature", "properties": { "name": "Chula Vista Middle", "district": "Sweetwater Union High", "type": "Middle", "education_site_type": "K-12 School", "address": "415 Fifth Ave.", "city": "Chula Vista", "zip": "91910-4305", "tract_geoid": "06073012700", "source": "CDE California Public Schools / School Sites 2024-25" }, "geometry": { "type": "Point", "coordinates": [ -117.086063880395244, 32.634756750069911 ] } },
{ "type": "Feature", "properties": { "name": "Granger Junior High", "district": "Sweetwater Union High", "type": "Middle", "education_site_type": "K-12 School", "address": "2101 Granger Ave.", "city": "National City", "zip": "91950-6299", "tract_geoid": "06073012102", "source": "CDE California Public Schools / School Sites 2024-25" }, "geometry": { "type": "Point", "coordinates": [ -117.073261880314703, 32.672054760077941 ] } },
{ "type": "Feature", "properties": { "name": "Mar Vista Academy", "district": "Sweetwater Union High", "type": "Middle", "education_site_type": "K-12 School", "address": "1267 Thermal Ave.", "city": "San Diego", "zip": "92154-2802", "tract_geoid": "06073010104", "source": "CDE California Public Schools / School Sites 2024-25" }, "geometry": { "type": "Point", "coordinates": [ -117.096783880480558, 32.573179750079269 ] } },
{ "type": "Feature", "properties": { "name": "National City Middle", "district": "Sweetwater Union High", "type": "Middle", "education_site_type": "K-12 School", "address": "1701 D Ave.", "city": "National City", "zip": "91950-4535", "tract_geoid": "06073011700", "source": "CDE California Public Schools / School Sites 2024-25" }, "geometry": { "type": "Point", "coordinates": [ -117.099424890030676, 32.66928975968834 ] } },
{ "type": "Feature", "properties": { "name": "Hilltop Middle", "district": "Sweetwater Union High", "type": "Middle", "education_site_type": "K-12 School", "address": "44 East J St.", "city": "Chula Vista", "zip": "91910-6115", "tract_geoid": "06073013401", "source": "CDE California Public Schools / School Sites 2024-25" }, "geometry": { "type": "Point", "coordinates": [ -117.060851880039337, 32.630915760044637 ] } },
{ "type": "Feature", "properties": { "name": "Southwest Middle", "district": "Sweetwater Union High", "type": "Middle", "education_site_type": "K-12 School", "address": "2710 Iris St.", "city": "San Diego", "zip": "92154-3338", "tract_geoid": "06073010106", "source": "CDE California Public Schools / School Sites 2024-25" }, "geometry": { "type": "Point", "coordinates": [ -117.073844880484202, 32.569534749841267 ] } },
{ "type": "Feature", "properties": { "name": "Montgomery Middle", "district": "Sweetwater Union High", "type": "Middle", "education_site_type": "K-12 School", "address": "1051 Picador Blvd.", "city": "San Diego", "zip": "92154-3548", "tract_geoid": "06073010011", "source": "CDE California Public Schools / School Sites 2024-25" }, "geometry": { "type": "Point", "coordinates": [ -117.055532869726946, 32.576748749822407 ] } },
{ "type": "Feature", "properties": { "name": "Rancho del Rey Middle", "district": "Sweetwater Union High", "type": "Middle", "education_site_type": "K-12 School", "address": "1174 East J St.", "city": "Chula Vista", "zip": "91910-7040", "tract_geoid": "06073013414", "source": "CDE California Public Schools / School Sites 2024-25" }, "geometry": { "type": "Point", "coordinates": [ -117.008295870119511, 32.629604760219152 ] } },
{ "type": "Feature", "properties": { "name": "Eastlake Middle", "district": "Sweetwater Union High", "type": "Middle", "education_site_type": "K-12 School", "address": "900 Duncan Ranch Rd.", "city": "Chula Vista", "zip": "91914-2626", "tract_geoid": "06073013425", "source": "CDE California Public Schools / School Sites 2024-25" }, "geometry": { "type": "Point", "coordinates": [ -116.947451860545499, 32.65476475961654 ] } },
{ "type": "Feature", "properties": { "name": "Vallecitos Elementary", "district": "Vallecitos Elementary", "type": "Elementary", "education_site_type": "K-12 School", "address": "5211 Fifth St.", "city": "Rainbow", "zip": "92028-9795", "tract_geoid": "06073019002", "source": "CDE California Public Schools / School Sites 2024-25" }, "geometry": { "type": "Point", "coordinates": [ -117.149240949739365, 33.413515839705859 ] } },
{ "type": "Feature", "properties": { "name": "T.H.E Leadership Academy", "district": "Vista Unified", "type": "Elementary", "education_site_type": "K-12 School", "address": "1550 Temple Heights Dr.", "city": "Oceanside", "zip": "92056-3066", "tract_geoid": "06073019305", "source": "CDE California Public Schools / School Sites 2024-25" }, "geometry": { "type": "Point", "coordinates": [ -117.27011195980883, 33.21830481040044 ] } },
{ "type": "Feature", "properties": { "name": "Hannalei Elementary", "district": "Vista Unified", "type": "Elementary", "education_site_type": "K-12 School", "address": "120 Hannalei Dr.", "city": "Vista", "zip": "92083-7625", "tract_geoid": "06073019902", "source": "CDE California Public Schools / School Sites 2024-25" }, "geometry": { "type": "Point", "coordinates": [ -117.216411950471738, 33.178104810253068 ] } },
{ "type": "Feature", "properties": { "name": "Foothill Oak Elementary", "district": "Vista Unified", "type": "Elementary", "education_site_type": "K-12 School", "address": "1370 Oak Dr.", "city": "Vista", "zip": "92084-4001", "tract_geoid": "06073019210", "source": "CDE California Public Schools / School Sites 2024-25" }, "geometry": { "type": "Point", "coordinates": [ -117.222611949891231, 33.218104820184827 ] } },
{ "type": "Feature", "properties": { "name": "SIATech", "district": "Vista Unified", "type": "High", "education_site_type": "K-12 School", "address": "2611 Temple Heights Dr., Ste. A", "city": "Oceanside", "zip": "92056-3582", "tract_geoid": "06073019403", "source": "CDE California Public Schools / School Sites 2024-25" }, "geometry": { "type": "Point", "coordinates": [ -117.270142959965, 33.215854810113527 ] } },
{ "type": "Feature", "properties": { "name": "Maryland Elementary", "district": "Vista Unified", "type": "Elementary", "education_site_type": "K-12 School", "address": "700 North Ave.", "city": "Vista", "zip": "92084-2906", "tract_geoid": "06073019403", "source": "CDE California Public Schools / School Sites 2024-25" }, "geometry": { "type": "Point", "coordinates": [ -117.259099950400909, 33.215038820313424 ] } },
{ "type": "Feature", "properties": { "name": "North County Trade Tech High", "district": "Vista Unified", "type": "High", "education_site_type": "K-12 School", "address": "1132 N Melrose Drive, Ste. 501", "city": "Vista", "zip": "92083-3467", "tract_geoid": "06073019404", "source": "CDE California Public Schools / School Sites 2024-25" }, "geometry": { "type": "Point", "coordinates": [ -117.255271949900148, 33.213014819698358 ] } },
{ "type": "Feature", "properties": { "name": "Vista Magnet Middle School of Technology, Science, and Math", "district": "Vista Unified", "type": "Middle", "education_site_type": "K-12 School", "address": "151 Civic Center Dr.", "city": "Vista", "zip": "92084-6035", "tract_geoid": "06073019503", "source": "CDE California Public Schools / School Sites 2024-25" }, "geometry": { "type": "Point", "coordinates": [ -117.237258949983342, 33.203942809579267 ] } },
{ "type": "Feature", "properties": { "name": "Major General Raymond Murray High", "district": "Vista Unified", "type": "Continuation", "education_site_type": "K-12 School", "address": "215 North Melrose Dr.", "city": "Vista", "zip": "92083-5720", "tract_geoid": "06073019503", "source": "CDE California Public Schools / School Sites 2024-25" }, "geometry": { "type": "Point", "coordinates": [ -117.254811950183708, 33.199004809765036 ] } },
{ "type": "Feature", "properties": { "name": "Mission Vista High", "district": "Vista Unified", "type": "Alternative Schools of Choice", "education_site_type": "K-12 School", "address": "1306 Melrose Dr.", "city": "Oceanside", "zip": "92057-4649", "tract_geoid": "06073018612", "source": "CDE California Public Schools / School Sites 2024-25" }, "geometry": { "type": "Point", "coordinates": [ -117.264174959991522, 33.256035820358946 ] } },
{ "type": "Feature", "properties": { "name": "Guajome Learning Centers", "district": "Vista Unified", "type": "K-12", "education_site_type": "K-12 School", "address": "2000 North Santa Fe Ave.", "city": "Vista", "zip": "92083-1534", "tract_geoid": "06073019303", "source": "CDE California Public Schools / School Sites 2024-25" }, "geometry": { "type": "Point", "coordinates": [ -117.249513950166843, 33.229586819681877 ] } },
{ "type": "Feature", "properties": { "name": "Vista Visions Academy", "district": "Vista Unified", "type": "Alternative Schools of Choice", "education_site_type": "K-12 School", "address": "1575 Bonair Dr.", "city": "Vista", "zip": "92084-3572", "tract_geoid": "06073019210", "source": "CDE California Public Schools / School Sites 2024-25" }, "geometry": { "type": "Point", "coordinates": [ -117.219269950179864, 33.222623819777361 ] } },
{ "type": "Feature", "properties": { "name": "Bella Mente Montessori Academy", "district": "Vista Unified", "type": "Elementary", "education_site_type": "K-12 School", "address": "1737 West Vista Way", "city": "Vista", "zip": "92083-2112", "tract_geoid": "06073019405", "source": "CDE California Public Schools / School Sites 2024-25" }, "geometry": { "type": "Point", "coordinates": [ -117.27836996028698, 33.189539810227764 ] } },
{ "type": "Feature", "properties": { "name": "Vista Adult Transition Center", "district": "Vista Unified", "type": "Special Education", "education_site_type": "K-12 School", "address": "325 East Bobier Dr.", "city": "Vista", "zip": "92084-3027", "tract_geoid": "06073019206", "source": "CDE California Public Schools / School Sites 2024-25" }, "geometry": { "type": "Point", "coordinates": [ -117.241111949594114, 33.22070482010583 ] } },
{ "type": "Feature", "properties": { "name": "Rancho Buena Vista High", "district": "Vista Unified", "type": "High", "education_site_type": "K-12 School", "address": "1601 Longhorn Dr.", "city": "Vista", "zip": "92081-5423", "tract_geoid": "06073019810", "source": "CDE California Public Schools / School Sites 2024-25" }, "geometry": { "type": "Point", "coordinates": [ -117.24761194979034, 33.163904809758215 ] } },
{ "type": "Feature", "properties": { "name": "Guajome Park Academy Charter", "district": "Vista Unified", "type": "K-12", "education_site_type": "K-12 School", "address": "2000 North Santa Fe Ave.", "city": "Vista", "zip": "92083-1534", "tract_geoid": "06073019303", "source": "CDE California Public Schools / School Sites 2024-25" }, "geometry": { "type": "Point", "coordinates": [ -117.249513950166843, 33.229586819681877 ] } },
{ "type": "Feature", "properties": { "name": "Alta Vista High (Continuation)", "district": "Vista Unified", "type": "Continuation", "education_site_type": "K-12 School", "address": "1575 Bonair Dr.", "city": "Vista", "zip": "92084-3572", "tract_geoid": "06073019210", "source": "CDE California Public Schools / School Sites 2024-25" }, "geometry": { "type": "Point", "coordinates": [ -117.219269950179864, 33.222623819777361 ] } },
{ "type": "Feature", "properties": { "name": "Vista High", "district": "Vista Unified", "type": "High", "education_site_type": "K-12 School", "address": "1 Panther Way", "city": "Vista", "zip": "92084-3101", "tract_geoid": "06073019205", "source": "CDE California Public Schools / School Sites 2024-25" }, "geometry": { "type": "Point", "coordinates": [ -117.240311950310399, 33.222504819613789 ] } },
{ "type": "Feature", "properties": { "name": "Bobier Elementary", "district": "Vista Unified", "type": "Elementary", "education_site_type": "K-12 School", "address": "550 Beaumont Dr.", "city": "Vista", "zip": "92084-1903", "tract_geoid": "06073019601", "source": "CDE California Public Schools / School Sites 2024-25" }, "geometry": { "type": "Point", "coordinates": [ -117.224802473429065, 33.197308347128661 ] } },
{ "type": "Feature", "properties": { "name": "California Avenue Elementary", "district": "Vista Unified", "type": "Special Education", "education_site_type": "K-12 School", "address": "215 West California Ave.", "city": "Vista", "zip": "92083-3622", "tract_geoid": "06073019501", "source": "CDE California Public Schools / School Sites 2024-25" }, "geometry": { "type": "Point", "coordinates": [ -117.247311950203041, 33.207804810418821 ] } },
{ "type": "Feature", "properties": { "name": "Grapevine Elementary", "district": "Vista Unified", "type": "Elementary", "education_site_type": "K-12 School", "address": "630 Grapevine Rd.", "city": "Vista", "zip": "92083-5599", "tract_geoid": "06073019405", "source": "CDE California Public Schools / School Sites 2024-25" }, "geometry": { "type": "Point", "coordinates": [ -117.274811959592995, 33.200004810127226 ] } },
{ "type": "Feature", "properties": { "name": "Monte Vista Elementary", "district": "Vista Unified", "type": "Elementary", "education_site_type": "K-12 School", "address": "1720 Monte Vista Rd.", "city": "Vista", "zip": "92084-7122", "tract_geoid": "06073019602", "source": "CDE California Public Schools / School Sites 2024-25" }, "geometry": { "type": "Point", "coordinates": [ -117.212511939633501, 33.190804810423479 ] } },
{ "type": "Feature", "properties": { "name": "Vista Academy of Visual and Performing Arts", "district": "Vista Unified", "type": "Elementary", "education_site_type": "K-12 School", "address": "600 North Santa Fe Ave.", "city": "Vista", "zip": "92083-3631", "tract_geoid": "06073019501", "source": "CDE California Public Schools / School Sites 2024-25" }, "geometry": { "type": "Point", "coordinates": [ -117.245211949706842, 33.207804810230243 ] } },
{ "type": "Feature", "properties": { "name": "Vista Innovation and Design Academy", "district": "Vista Unified", "type": "Middle", "education_site_type": "K-12 School", "address": "2245 Foothill Dr.", "city": "Vista", "zip": "92084-5806", "tract_geoid": "06073019602", "source": "CDE California Public Schools / School Sites 2024-25" }, "geometry": { "type": "Point", "coordinates": [ -117.205556606846017, 33.204354511210219 ] } },
{ "type": "Feature", "properties": { "name": "Casita Center for Science/Math/Technology", "district": "Vista Unified", "type": "Elementary", "education_site_type": "K-12 School", "address": "260 Cedar Dr.", "city": "Vista", "zip": "92083-5108", "tract_geoid": "06073018519", "source": "CDE California Public Schools / School Sites 2024-25" }, "geometry": { "type": "Point", "coordinates": [ -117.284811960289787, 33.190104810271052 ] } },
{ "type": "Feature", "properties": { "name": "Alamosa Park Elementary", "district": "Vista Unified", "type": "Elementary", "education_site_type": "K-12 School", "address": "5130 Alamosa Park Dr.", "city": "Oceanside", "zip": "92057-6301", "tract_geoid": "06073018525", "source": "CDE California Public Schools / School Sites 2024-25" }, "geometry": { "type": "Point", "coordinates": [ -117.281811960530334, 33.239204819891874 ] } },
{ "type": "Feature", "properties": { "name": "Roosevelt Middle", "district": "Vista Unified", "type": "Middle", "education_site_type": "K-12 School", "address": "850 Sagewood Dr.", "city": "Oceanside", "zip": "92057-6937", "tract_geoid": "06073018525", "source": "CDE California Public Schools / School Sites 2024-25" }, "geometry": { "type": "Point", "coordinates": [ -117.281711959556375, 33.236304820020017 ] } },
{ "type": "Feature", "properties": { "name": "Lake Elementary", "district": "Vista Unified", "type": "Elementary", "education_site_type": "K-12 School", "address": "4950 Lake Blvd.", "city": "Oceanside", "zip": "92056-4749", "tract_geoid": "06073019809", "source": "CDE California Public Schools / School Sites 2024-25" }, "geometry": { "type": "Point", "coordinates": [ -117.256611950190646, 33.174204809615375 ] } },
{ "type": "Feature", "properties": { "name": "Empresa Elementary", "district": "Vista Unified", "type": "Elementary", "education_site_type": "K-12 School", "address": "4850 Avenida Empresa", "city": "Oceanside", "zip": "92056-6541", "tract_geoid": "06073019301", "source": "CDE California Public Schools / School Sites 2024-25" }, "geometry": { "type": "Point", "coordinates": [ -117.287611960427029, 33.22380481022568 ] } },
{ "type": "Feature", "properties": { "name": "Breeze Hill Elementary", "district": "Vista Unified", "type": "Elementary", "education_site_type": "K-12 School", "address": "1111 Melrose Way", "city": "Vista", "zip": "92083-6505", "tract_geoid": "06073019701", "source": "CDE California Public Schools / School Sites 2024-25" }, "geometry": { "type": "Point", "coordinates": [ -117.254611949685668, 33.185304810339375 ] } },
{ "type": "Feature", "properties": { "name": "Mission Meadows Elementary", "district": "Vista Unified", "type": "Elementary", "education_site_type": "K-12 School", "address": "5657 Spur Ave.", "city": "Oceanside", "zip": "92056-5714", "tract_geoid": "06073019303", "source": "CDE California Public Schools / School Sites 2024-25" }, "geometry": { "type": "Point", "coordinates": [ -117.256911960107715, 33.246204820209847 ] } },
{ "type": "Feature", "properties": { "name": "Madison Middle", "district": "Vista Unified", "type": "Middle", "education_site_type": "K-12 School", "address": "4930 Lake Blvd.", "city": "Oceanside", "zip": "92056-4749", "tract_geoid": "06073019809", "source": "CDE California Public Schools / School Sites 2024-25" }, "geometry": { "type": "Point", "coordinates": [ -117.258511950506787, 33.174704810168485 ] } },
{ "type": "Feature", "properties": { "name": "Calavera Hills Middle", "district": "Carlsbad Unified", "type": "Middle", "education_site_type": "K-12 School", "address": "4104 Tamarack Ave.", "city": "Carlsbad", "zip": "92008-7101", "tract_geoid": "06073019810", "source": "CDE California Public Schools / School Sites 2024-25" }, "geometry": { "type": "Point", "coordinates": [ -117.289911960206723, 33.172804809958606 ] } },
{ "type": "Feature", "properties": { "name": "Poinsettia Elementary", "district": "Carlsbad Unified", "type": "Elementary", "education_site_type": "K-12 School", "address": "2445 Mica Rd.", "city": "Carlsbad", "zip": "92009-1733", "tract_geoid": "06073020030", "source": "CDE California Public Schools / School Sites 2024-25" }, "geometry": { "type": "Point", "coordinates": [ -117.254852950447614, 33.117715799864648 ] } },
{ "type": "Feature", "properties": { "name": "Sage Creek High", "district": "Carlsbad Unified", "type": "High", "education_site_type": "K-12 School", "address": "3900 Bobcat Blvd.", "city": "Carlsbad", "zip": "92010-5573", "tract_geoid": "06073019810", "source": "CDE California Public Schools / School Sites 2024-25" }, "geometry": { "type": "Point", "coordinates": [ -117.284783959675693, 33.158488810331392 ] } },
{ "type": "Feature", "properties": { "name": "Carlsbad Village Academy", "district": "Carlsbad Unified", "type": "Continuation", "education_site_type": "K-12 School", "address": "3557 Lancer Way", "city": "Carlsbad", "zip": "92008-2785", "tract_geoid": "06073017801", "source": "CDE California Public Schools / School Sites 2024-25" }, "geometry": { "type": "Point", "coordinates": [ -117.329307960253487, 33.16366880012211 ] } },
{ "type": "Feature", "properties": { "name": "Carlsbad High", "district": "Carlsbad Unified", "type": "High", "education_site_type": "K-12 School", "address": "3557 Lancer Way", "city": "Carlsbad", "zip": "92008-2729", "tract_geoid": "06073017801", "source": "CDE California Public Schools / School Sites 2024-25" }, "geometry": { "type": "Point", "coordinates": [ -117.329307960253487, 33.16366880012211 ] } },
{ "type": "Feature", "properties": { "name": "Carlsbad Seaside Academy", "district": "Carlsbad Unified", "type": "Alternative Schools of Choice", "education_site_type": "K-12 School", "address": "3557 Lancer Way", "city": "Carlsbad", "zip": "92008-2785", "tract_geoid": "06073017801", "source": "CDE California Public Schools / School Sites 2024-25" }, "geometry": { "type": "Point", "coordinates": [ -117.329307960253487, 33.16366880012211 ] } },
{ "type": "Feature", "properties": { "name": "Buena Vista Elementary", "district": "Carlsbad Unified", "type": "Elementary", "education_site_type": "K-12 School", "address": "1330 Buena Vista Way", "city": "Carlsbad", "zip": "92008-1535", "tract_geoid": "06073017801", "source": "CDE California Public Schools / School Sites 2024-25" }, "geometry": { "type": "Point", "coordinates": [ -117.342611970495952, 33.169804809936352 ] } },
{ "type": "Feature", "properties": { "name": "Jefferson Elementary", "district": "Carlsbad Unified", "type": "Elementary", "education_site_type": "K-12 School", "address": "3743 Jefferson St.", "city": "Carlsbad", "zip": "92008-3336", "tract_geoid": "06073017902", "source": "CDE California Public Schools / School Sites 2024-25" }, "geometry": { "type": "Point", "coordinates": [ -117.33931196050149, 33.152304800284021 ] } },
{ "type": "Feature", "properties": { "name": "Magnolia Elementary", "district": "Carlsbad Unified", "type": "Elementary", "education_site_type": "K-12 School", "address": "1905 Magnolia Ave.", "city": "Carlsbad", "zip": "92008-2632", "tract_geoid": "06073017809", "source": "CDE California Public Schools / School Sites 2024-25" }, "geometry": { "type": "Point", "coordinates": [ -117.32651196045434, 33.159504800053234 ] } },
{ "type": "Feature", "properties": { "name": "Valley Middle", "district": "Carlsbad Unified", "type": "Middle", "education_site_type": "K-12 School", "address": "1645 Magnolia Ave.", "city": "Carlsbad", "zip": "92008-2626", "tract_geoid": "06073017809", "source": "CDE California Public Schools / School Sites 2024-25" }, "geometry": { "type": "Point", "coordinates": [ -117.329411959916257, 33.157904800431275 ] } },
{ "type": "Feature", "properties": { "name": "Kelly Elementary", "district": "Carlsbad Unified", "type": "Elementary", "education_site_type": "K-12 School", "address": "4885 Kelly Dr.", "city": "Carlsbad", "zip": "92008-3734", "tract_geoid": "06073017810", "source": "CDE California Public Schools / School Sites 2024-25" }, "geometry": { "type": "Point", "coordinates": [ -117.312211960224772, 33.147304799989357 ] } },
{ "type": "Feature", "properties": { "name": "Hope Elementary", "district": "Carlsbad Unified", "type": "Elementary", "education_site_type": "K-12 School", "address": "3010 Tamarack Ave.", "city": "Carlsbad", "zip": "92010-7097", "tract_geoid": "06073019803", "source": "CDE California Public Schools / School Sites 2024-25" }, "geometry": { "type": "Point", "coordinates": [ -117.304485960123898, 33.170818810226585 ] } },
{ "type": "Feature", "properties": { "name": "Aviara Oaks Elementary", "district": "Carlsbad Unified", "type": "Elementary", "education_site_type": "K-12 School", "address": "6900 Ambrosia Ln.", "city": "Carlsbad", "zip": "92009-2430", "tract_geoid": "06073022102", "source": "CDE California Public Schools / School Sites 2024-25" }, "geometry": { "type": "Point", "coordinates": [ -117.277411949595972, 33.104004799575904 ] } },
{ "type": "Feature", "properties": { "name": "Pacific Rim Elementary", "district": "Carlsbad Unified", "type": "Elementary", "education_site_type": "K-12 School", "address": "1100 Camino De Las Ondas", "city": "Carlsbad", "zip": "92009-3400", "tract_geoid": "06073017811", "source": "CDE California Public Schools / School Sites 2024-25" }, "geometry": { "type": "Point", "coordinates": [ -117.305311950508354, 33.110904800346063 ] } },
{ "type": "Feature", "properties": { "name": "Aviara Oaks Middle", "district": "Carlsbad Unified", "type": "Middle", "education_site_type": "K-12 School", "address": "6880 Ambrosia Ln.", "city": "Carlsbad", "zip": "92011-5057", "tract_geoid": "06073022102", "source": "CDE California Public Schools / School Sites 2024-25" }, "geometry": { "type": "Point", "coordinates": [ -117.277411949595972, 33.104004799575904 ] } },
{ "type": "Feature", "properties": { "name": "Calavera Hills Elementary", "district": "Carlsbad Unified", "type": "Elementary", "education_site_type": "K-12 School", "address": "4100 Tamarack Ave.", "city": "Carlsbad", "zip": "92008-7101", "tract_geoid": "06073019810", "source": "CDE California Public Schools / School Sites 2024-25" }, "geometry": { "type": "Point", "coordinates": [ -117.29111595995505, 33.173116810207802 ] } },
{ "type": "Feature", "properties": { "name": "Louise Foussat Elementary", "district": "Oceanside Unified", "type": "Elementary", "education_site_type": "K-12 School", "address": "3800 Pala Rd.", "city": "Oceanside", "zip": "92058-0678", "tract_geoid": "06073018613", "source": "CDE California Public Schools / School Sites 2024-25" }, "geometry": { "type": "Point", "coordinates": [ -117.328934969763651, 33.238887810372489 ] } },
{ "type": "Feature", "properties": { "name": "Cesar Chavez Middle", "district": "Oceanside Unified", "type": "Middle", "education_site_type": "K-12 School", "address": "202 Oleander Dr.", "city": "Oceanside", "zip": "92057-6122", "tract_geoid": "06073018521", "source": "CDE California Public Schools / School Sites 2024-25" }, "geometry": { "type": "Point", "coordinates": [ -117.302185959474613, 33.242067820038763 ] } },
{ "type": "Feature", "properties": { "name": "Coastal Academy Charter", "district": "Oceanside Unified", "type": "K-12", "education_site_type": "K-12 School", "address": "4096 Calle Platino", "city": "Oceanside", "zip": "92056-5805", "tract_geoid": "06073018522", "source": "CDE California Public Schools / School Sites 2024-25" }, "geometry": { "type": "Point", "coordinates": [ -117.292731959847956, 33.207430810313291 ] } },
{ "type": "Feature", "properties": { "name": "Surfside Academy", "district": "Oceanside Unified", "type": "Alternative Schools of Choice", "education_site_type": "K-12 School", "address": "1125 South Ditmar St.", "city": "Oceanside", "zip": "92054-5103", "tract_geoid": "06073018201", "source": "CDE California Public Schools / School Sites 2024-25" }, "geometry": { "type": "Point", "coordinates": [ -117.368203970105355, 33.185133809791196 ] } },
{ "type": "Feature", "properties": { "name": "Oceanside Unified School District Adult Transition Program", "district": "Oceanside Unified", "type": "Special Education", "education_site_type": "K-12 School", "address": "707 Carey Rd.", "city": "Oceanside", "zip": "92058-2311", "tract_geoid": "06073018616", "source": "CDE California Public Schools / School Sites 2024-25" }, "geometry": { "type": "Point", "coordinates": [ -117.36233096962772, 33.20878780972712 ] } },
{ "type": "Feature", "properties": { "name": "Pacific View Charter", "district": "Oceanside Unified", "type": "K-12", "education_site_type": "K-12 School", "address": "3670 Ocean Ranch Blvd.", "city": "Oceanside", "zip": "92056-2669", "tract_geoid": "06073018522", "source": "CDE California Public Schools / School Sites 2024-25" }, "geometry": { "type": "Point", "coordinates": [ -117.313518960051695, 33.211431810400605 ] } },
{ "type": "Feature", "properties": { "name": "Oceanside High", "district": "Oceanside Unified", "type": "High", "education_site_type": "K-12 School", "address": "1 Pirates Cove", "city": "Oceanside", "zip": "92054-3066", "tract_geoid": "06073018400", "source": "CDE California Public Schools / School Sites 2024-25" }, "geometry": { "type": "Point", "coordinates": [ -117.373477969893869, 33.197518809653552 ] } },
{ "type": "Feature", "properties": { "name": "El Camino High", "district": "Oceanside Unified", "type": "High", "education_site_type": "K-12 School", "address": "400 Rancho del Oro Dr.", "city": "Oceanside", "zip": "92057-8316", "tract_geoid": "06073018522", "source": "CDE California Public Schools / School Sites 2024-25" }, "geometry": { "type": "Point", "coordinates": [ -117.31736096953945, 33.218679810220358 ] } },
{ "type": "Feature", "properties": { "name": "Surfside High (Continuation)", "district": "Oceanside Unified", "type": "Continuation", "education_site_type": "K-12 School", "address": "1125 South Ditmar St.", "city": "Oceanside", "zip": "92054-5103", "tract_geoid": "06073018201", "source": "CDE California Public Schools / School Sites 2024-25" }, "geometry": { "type": "Point", "coordinates": [ -117.368203970105355, 33.185133809791196 ] } },
{ "type": "Feature", "properties": { "name": "Jefferson Middle", "district": "Oceanside Unified", "type": "Middle", "education_site_type": "K-12 School", "address": "823 Acacia St.", "city": "Oceanside", "zip": "92058-2305", "tract_geoid": "06073018616", "source": "CDE California Public Schools / School Sites 2024-25" }, "geometry": { "type": "Point", "coordinates": [ -117.362944970244456, 33.210050810320375 ] } },
{ "type": "Feature", "properties": { "name": "Laurel Elementary", "district": "Oceanside Unified", "type": "Elementary", "education_site_type": "K-12 School", "address": "1410 Laurel St.", "city": "Oceanside", "zip": "92058-2217", "tract_geoid": "06073018615", "source": "CDE California Public Schools / School Sites 2024-25" }, "geometry": { "type": "Point", "coordinates": [ -117.37358296992862, 33.207823810416031 ] } },
{ "type": "Feature", "properties": { "name": "Libby Elementary", "district": "Oceanside Unified", "type": "Elementary", "education_site_type": "K-12 School", "address": "423 West Redondo Dr.", "city": "Oceanside", "zip": "92057-4316", "tract_geoid": "06073018618", "source": "CDE California Public Schools / School Sites 2024-25" }, "geometry": { "type": "Point", "coordinates": [ -117.305362970287192, 33.251750820186892 ] } },
{ "type": "Feature", "properties": { "name": "Lincoln Middle", "district": "Oceanside Unified", "type": "Middle", "education_site_type": "K-12 School", "address": "2000 California St.", "city": "Oceanside", "zip": "92054-5683", "tract_geoid": "06073018504", "source": "CDE California Public Schools / School Sites 2024-25" }, "geometry": { "type": "Point", "coordinates": [ -117.350908970036812, 33.189749810228349 ] } },
{ "type": "Feature", "properties": { "name": "Mission Elementary", "district": "Oceanside Unified", "type": "Elementary", "education_site_type": "K-12 School", "address": "2100 Mission Ave.", "city": "Oceanside", "zip": "92058-2327", "tract_geoid": "06073018616", "source": "CDE California Public Schools / School Sites 2024-25" }, "geometry": { "type": "Point", "coordinates": [ -117.362361969847683, 33.206980810036093 ] } },
{ "type": "Feature", "properties": { "name": "North Terrace Elementary", "district": "Oceanside Unified", "type": "Elementary", "education_site_type": "K-12 School", "address": "141 Santa Rosa Dr.", "city": "Oceanside", "zip": "92058-6880", "tract_geoid": "06073018700", "source": "CDE California Public Schools / School Sites 2024-25" }, "geometry": { "type": "Point", "coordinates": [ -117.379004970468657, 33.217315810207928 ] } },
{ "type": "Feature", "properties": { "name": "Palmquist Elementary", "district": "Oceanside Unified", "type": "Elementary", "education_site_type": "K-12 School", "address": "1999 California St.", "city": "Oceanside", "zip": "92054-5685", "tract_geoid": "06073018504", "source": "CDE California Public Schools / School Sites 2024-25" }, "geometry": { "type": "Point", "coordinates": [ -117.35063196949109, 33.188036810090139 ] } },
{ "type": "Feature", "properties": { "name": "Pablo Tac School of the Arts", "district": "Oceanside Unified", "type": "Elementary", "education_site_type": "K-12 School", "address": "3535 Hacienda Dr.", "city": "Oceanside", "zip": "92054-3854", "tract_geoid": "06073018510", "source": "CDE California Public Schools / School Sites 2024-25" }, "geometry": { "type": "Point", "coordinates": [ -117.334811969577785, 33.220104809959679 ] } },
{ "type": "Feature", "properties": { "name": "Santa Margarita Elementary", "district": "Oceanside Unified", "type": "Elementary", "education_site_type": "K-12 School", "address": "1 Carnes Rd.", "city": "Oceanside", "zip": "92058-6699", "tract_geoid": "06073018700", "source": "CDE California Public Schools / School Sites 2024-25" }, "geometry": { "type": "Point", "coordinates": [ -117.377999980084667, 33.233322810154434 ] } },
{ "type": "Feature", "properties": { "name": "South Oceanside Elementary", "district": "Oceanside Unified", "type": "Elementary", "education_site_type": "K-12 School", "address": "1806 South Horne St.", "city": "Oceanside", "zip": "92054-6017", "tract_geoid": "06073018101", "source": "CDE California Public Schools / School Sites 2024-25" }, "geometry": { "type": "Point", "coordinates": [ -117.357497970378745, 33.177560810230531 ] } },
{ "type": "Feature", "properties": { "name": "Del Rio Elementary", "district": "Oceanside Unified", "type": "Elementary", "education_site_type": "K-12 School", "address": "5200 North River Rd.", "city": "Oceanside", "zip": "92057-3811", "tract_geoid": "06073018620", "source": "CDE California Public Schools / School Sites 2024-25" }, "geometry": { "type": "Point", "coordinates": [ -117.295524959831909, 33.256399820118013 ] } },
{ "type": "Feature", "properties": { "name": "Christa McAuliffe Elementary", "district": "Oceanside Unified", "type": "Elementary", "education_site_type": "K-12 School", "address": "3701 Kelton Dr.", "city": "Oceanside", "zip": "92056-6311", "tract_geoid": "06073018516", "source": "CDE California Public Schools / School Sites 2024-25" }, "geometry": { "type": "Point", "coordinates": [ -117.306757960137503, 33.200416809909186 ] } },
{ "type": "Feature", "properties": { "name": "Ivey Ranch Elementary", "district": "Oceanside Unified", "type": "Elementary", "education_site_type": "K-12 School", "address": "4275 Via Rancho Rd.", "city": "Oceanside", "zip": "92057-8534", "tract_geoid": "06073018522", "source": "CDE California Public Schools / School Sites 2024-25" }, "geometry": { "type": "Point", "coordinates": [ -117.301559959973531, 33.218761809750518 ] } },
{ "type": "Feature", "properties": { "name": "Martin Luther King Jr. Middle", "district": "Oceanside Unified", "type": "Middle", "education_site_type": "K-12 School", "address": "1290 Ivey Ranch Rd.", "city": "Oceanside", "zip": "92057-8535", "tract_geoid": "06073018522", "source": "CDE California Public Schools / School Sites 2024-25" }, "geometry": { "type": "Point", "coordinates": [ -117.309681960385632, 33.215144810251353 ] } },
{ "type": "Feature", "properties": { "name": "Stuart Mesa Elementary", "district": "Oceanside Unified", "type": "Elementary", "education_site_type": "K-12 School", "address": "100 Yamanaka Way", "city": "Oceanside", "zip": "92058-8016", "tract_geoid": "06073018700", "source": "CDE California Public Schools / School Sites 2024-25" }, "geometry": { "type": "Point", "coordinates": [ -117.408213979522969, 33.253802809901131 ] } },
{ "type": "Feature", "properties": { "name": "Nichols Elementary", "district": "Oceanside Unified", "type": "Elementary", "education_site_type": "K-12 School", "address": "4250 Old Grove Rd.", "city": "Oceanside", "zip": "92057-6539", "tract_geoid": "06073018521", "source": "CDE California Public Schools / School Sites 2024-25" }, "geometry": { "type": "Point", "coordinates": [ -117.315508969589303, 33.237854810413573 ] } },
{ "type": "Feature", "properties": { "name": "San Elijo Middle", "district": "San Marcos Unified", "type": "Middle", "education_site_type": "K-12 School", "address": "1600 Schoolhouse Way", "city": "San Marcos", "zip": "92078-1079", "tract_geoid": "06073017112", "source": "CDE California Public Schools / School Sites 2024-25" }, "geometry": { "type": "Point", "coordinates": [ -117.197211930489871, 33.098904799669313 ] } },
{ "type": "Feature", "properties": { "name": "Mission Hills High", "district": "San Marcos Unified", "type": "High", "education_site_type": "K-12 School", "address": "1 Mission Hills Ct.", "city": "San Marcos", "zip": "92069-1965", "tract_geoid": "06073020023", "source": "CDE California Public Schools / School Sites 2024-25" }, "geometry": { "type": "Point", "coordinates": [ -117.144411930352291, 33.145304809957132 ] } },
{ "type": "Feature", "properties": { "name": "San Elijo Elementary", "district": "San Marcos Unified", "type": "Elementary", "education_site_type": "K-12 School", "address": "1615 Schoolhouse Way", "city": "San Marcos", "zip": "92078-1080", "tract_geoid": "06073020043", "source": "CDE California Public Schools / School Sites 2024-25" }, "geometry": { "type": "Point", "coordinates": [ -117.195683939699705, 33.100614799931854 ] } },
{ "type": "Feature", "properties": { "name": "Joli Ann Leichtag Elementary", "district": "San Marcos Unified", "type": "Elementary", "education_site_type": "K-12 School", "address": "653 Poinsettia Ave.", "city": "Vista", "zip": "92081-8113", "tract_geoid": "06073020017", "source": "CDE California Public Schools / School Sites 2024-25" }, "geometry": { "type": "Point", "coordinates": [ -117.211511939890357, 33.15590480981885 ] } },
{ "type": "Feature", "properties": { "name": "Double Peak", "district": "San Marcos Unified", "type": "Elementary", "education_site_type": "K-12 School", "address": "111 San Elijo Rd.", "city": "San Marcos", "zip": "92078-2051", "tract_geoid": "06073020043", "source": "CDE California Public Schools / School Sites 2024-25" }, "geometry": { "type": "Point", "coordinates": [ -117.166069930400781, 33.10609880992159 ] } },
{ "type": "Feature", "properties": { "name": "Pivot Charter School - San Diego II", "district": "San Marcos Unified", "type": "K-12", "education_site_type": "K-12 School", "address": "1030 La Bonita Dr. Ste. 100", "city": "San Marcos", "zip": "92078-5291", "tract_geoid": "06073020042", "source": "CDE California Public Schools / School Sites 2024-25" }, "geometry": { "type": "Point", "coordinates": [ -117.208531940216119, 33.124904809881272 ] } },
{ "type": "Feature", "properties": { "name": "Twin Oaks High", "district": "San Marcos Unified", "type": "Continuation", "education_site_type": "K-12 School", "address": "158 Cassou Rd.", "city": "San Marcos", "zip": "92069-9702", "tract_geoid": "06073020038", "source": "CDE California Public Schools / School Sites 2024-25" }, "geometry": { "type": "Point", "coordinates": [ -117.158811929677455, 33.180204820022325 ] } },
{ "type": "Feature", "properties": { "name": "Foothills High", "district": "San Marcos Unified", "type": "Alternative Schools of Choice", "education_site_type": "K-12 School", "address": "158 Cassou Rd.", "city": "San Marcos", "zip": "92069-9702", "tract_geoid": "06073020038", "source": "CDE California Public Schools / School Sites 2024-25" }, "geometry": { "type": "Point", "coordinates": [ -117.158811929966703, 33.180104820074312 ] } },
{ "type": "Feature", "properties": { "name": "San Marcos High", "district": "San Marcos Unified", "type": "High", "education_site_type": "K-12 School", "address": "1615 San Marcos Blvd.", "city": "San Marcos", "zip": "92078-4020", "tract_geoid": "06073020026", "source": "CDE California Public Schools / School Sites 2024-25" }, "geometry": { "type": "Point", "coordinates": [ -117.206311939896864, 33.130404810179201 ] } },
{ "type": "Feature", "properties": { "name": "La Mirada Academy", "district": "San Marcos Unified", "type": "Elementary", "education_site_type": "K-12 School", "address": "3697 La Mirada Dr.", "city": "San Marcos", "zip": "92078-2312", "tract_geoid": "06073020037", "source": "CDE California Public Schools / School Sites 2024-25" }, "geometry": { "type": "Point", "coordinates": [ -117.202659939516664, 33.143347809881654 ] } },
{ "type": "Feature", "properties": { "name": "Richland Elementary", "district": "San Marcos Unified", "type": "Elementary", "education_site_type": "K-12 School", "address": "910 Richland Rd.", "city": "San Marcos", "zip": "92069-2199", "tract_geoid": "06073020040", "source": "CDE California Public Schools / School Sites 2024-25" }, "geometry": { "type": "Point", "coordinates": [ -117.141181930152527, 33.156224810098315 ] } },
{ "type": "Feature", "properties": { "name": "San Marcos Elementary", "district": "San Marcos Unified", "type": "Elementary", "education_site_type": "K-12 School", "address": "1 Tiger Way", "city": "San Marcos", "zip": "92069-2703", "tract_geoid": "06073020028", "source": "CDE California Public Schools / School Sites 2024-25" }, "geometry": { "type": "Point", "coordinates": [ -117.168301930028449, 33.141284810012188 ] } },
{ "type": "Feature", "properties": { "name": "San Marcos Middle", "district": "San Marcos Unified", "type": "Middle", "education_site_type": "K-12 School", "address": "650 West Mission Rd.", "city": "San Marcos", "zip": "92069-1555", "tract_geoid": "06073020021", "source": "CDE California Public Schools / School Sites 2024-25" }, "geometry": { "type": "Point", "coordinates": [ -117.175011930492659, 33.147004809894327 ] } },
{ "type": "Feature", "properties": { "name": "Woodland Park Middle", "district": "San Marcos Unified", "type": "Middle", "education_site_type": "K-12 School", "address": "1270 Rock Springs Rd.", "city": "San Marcos", "zip": "92069-3220", "tract_geoid": "06073020024", "source": "CDE California Public Schools / School Sites 2024-25" }, "geometry": { "type": "Point", "coordinates": [ -117.130611929643933, 33.149104810004133 ] } },
{ "type": "Feature", "properties": { "name": "La Costa Meadows Elementary", "district": "San Marcos Unified", "type": "Elementary", "education_site_type": "K-12 School", "address": "6889 El Fuerte St.", "city": "Carlsbad", "zip": "92009-5923", "tract_geoid": "06073020033", "source": "CDE California Public Schools / School Sites 2024-25" }, "geometry": { "type": "Point", "coordinates": [ -117.24161193969563, 33.103304799760039 ] } },
{ "type": "Feature", "properties": { "name": "Knob Hill Elementary", "district": "San Marcos Unified", "type": "Elementary", "education_site_type": "K-12 School", "address": "1825 Knob Hill Rd.", "city": "San Marcos", "zip": "92069-3301", "tract_geoid": "06073020025", "source": "CDE California Public Schools / School Sites 2024-25" }, "geometry": { "type": "Point", "coordinates": [ -117.12071192977379, 33.139104809994073 ] } },
{ "type": "Feature", "properties": { "name": "Paloma Elementary", "district": "San Marcos Unified", "type": "Elementary", "education_site_type": "K-12 School", "address": "660 Camino Magnifico", "city": "San Marcos", "zip": "92069-7323", "tract_geoid": "06073020021", "source": "CDE California Public Schools / School Sites 2024-25" }, "geometry": { "type": "Point", "coordinates": [ -117.185811940378912, 33.159604809858699 ] } },
{ "type": "Feature", "properties": { "name": "Discovery Elementary", "district": "San Marcos Unified", "type": "Elementary", "education_site_type": "K-12 School", "address": "730 Applewilde Dr.", "city": "San Marcos", "zip": "92078-4969", "tract_geoid": "06073020026", "source": "CDE California Public Schools / School Sites 2024-25" }, "geometry": { "type": "Point", "coordinates": [ -117.190611940421974, 33.127704809668032 ] } },
{ "type": "Feature", "properties": { "name": "Twin Oaks Elementary", "district": "San Marcos Unified", "type": "Elementary", "education_site_type": "K-12 School", "address": "1 Cassou Rd.", "city": "San Marcos", "zip": "92069-9831", "tract_geoid": "06073020040", "source": "CDE California Public Schools / School Sites 2024-25" }, "geometry": { "type": "Point", "coordinates": [ -117.156911930147331, 33.178004820078435 ] } },
{ "type": "Feature", "properties": { "name": "Carrillo Elementary", "district": "San Marcos Unified", "type": "Elementary", "education_site_type": "K-12 School", "address": "2875 Poinsettia Ln.", "city": "Carlsbad", "zip": "92009-3041", "tract_geoid": "06073020031", "source": "CDE California Public Schools / School Sites 2024-25" }, "geometry": { "type": "Point", "coordinates": [ -117.237511940054532, 33.120904810356691 ] } },
{ "type": "Feature", "properties": { "name": "All Tribes Elementary Charter", "district": "Warner Unified", "type": "Elementary", "education_site_type": "K-12 School", "address": "34320 Valley Center Rd., Ste. B", "city": "Valley Center", "zip": "92082-6046", "tract_geoid": "06073019110", "source": "CDE California Public Schools / School Sites 2024-25" }, "geometry": { "type": "Point", "coordinates": [ -116.954273910073312, 33.277776840352267 ] } },
{ "type": "Feature", "properties": { "name": "San Diego Mission Academy", "district": "Warner Unified", "type": "K-12", "education_site_type": "K-12 School", "address": "737 Windy Point Dr. Ste. 101", "city": "San Marcos", "zip": "92069-1935", "tract_geoid": "06073020038", "source": "CDE California Public Schools / School Sites 2024-25" }, "geometry": { "type": "Point", "coordinates": [ -117.16440796726134, 33.151902986203098 ] } },
{ "type": "Feature", "properties": { "name": "Warner Junior/Senior High", "district": "Warner Unified", "type": "High", "education_site_type": "K-12 School", "address": "30951 Highway 79", "city": "Warner Springs", "zip": "92086", "tract_geoid": "06073020903", "source": "CDE California Public Schools / School Sites 2024-25" }, "geometry": { "type": "Point", "coordinates": [ -116.64311684994513, 33.274336849905836 ] } },
{ "type": "Feature", "properties": { "name": "Warner Elementary", "district": "Warner Unified", "type": "Elementary", "education_site_type": "K-12 School", "address": "30951 Highway 79", "city": "Warner Springs", "zip": "92086-0008", "tract_geoid": "06073020903", "source": "CDE California Public Schools / School Sites 2024-25" }, "geometry": { "type": "Point", "coordinates": [ -116.64311684994513, 33.274336849905836 ] } },
{ "type": "Feature", "properties": { "name": "All Tribes Charter", "district": "Warner Unified", "type": "K-12", "education_site_type": "K-12 School", "address": "34320 Valley Center Rd.", "city": "Valley Center", "zip": "92082-6046", "tract_geoid": "06073019110", "source": "CDE California Public Schools / School Sites 2024-25" }, "geometry": { "type": "Point", "coordinates": [ -116.954273910073312, 33.277776840352267 ] } },
{ "type": "Feature", "properties": { "name": "Lilac", "district": "Valley Center-Pauma Unified", "type": "Elementary", "education_site_type": "K-12 School", "address": "30109 Lilac Rd.", "city": "Valley Center", "zip": "92082-3318", "tract_geoid": "06073019103", "source": "CDE California Public Schools / School Sites 2024-25" }, "geometry": { "type": "Point", "coordinates": [ -117.069111929468647, 33.258004830312444 ] } },
{ "type": "Feature", "properties": { "name": "Valley Center High", "district": "Valley Center-Pauma Unified", "type": "High", "education_site_type": "K-12 School", "address": "31322 Cole Grade Rd.", "city": "Valley Center", "zip": "92082-3867", "tract_geoid": "06073019103", "source": "CDE California Public Schools / School Sites 2024-25" }, "geometry": { "type": "Point", "coordinates": [ -117.024611920054312, 33.279704839784571 ] } },
{ "type": "Feature", "properties": { "name": "Oak Glen High", "district": "Valley Center-Pauma Unified", "type": "Continuation", "education_site_type": "K-12 School", "address": "14172 West Oak Glen Rd.", "city": "Valley Center", "zip": "92082-4123", "tract_geoid": "06073019103", "source": "CDE California Public Schools / School Sites 2024-25" }, "geometry": { "type": "Point", "coordinates": [ -117.025211919758092, 33.281204830394422 ] } },
{ "type": "Feature", "properties": { "name": "Valley Center Prep", "district": "Valley Center-Pauma Unified", "type": "Alternative Schools of Choice", "education_site_type": "K-12 School", "address": "28751-U Cole Grade Rd.", "city": "Valley Center", "zip": "92082", "tract_geoid": "06073019111", "source": "CDE California Public Schools / School Sites 2024-25" }, "geometry": { "type": "Point", "coordinates": [ -117.022219919595074, 33.235394829749801 ] } },
{ "type": "Feature", "properties": { "name": "Pauma Elementary", "district": "Valley Center-Pauma Unified", "type": "Elementary", "education_site_type": "K-12 School", "address": "33158 Cole Grade Rd.", "city": "Pauma Valley", "zip": "92061-9578", "tract_geoid": "06073019109", "source": "CDE California Public Schools / School Sites 2024-25" }, "geometry": { "type": "Point", "coordinates": [ -117.000711920277638, 33.315704840145699 ] } },
{ "type": "Feature", "properties": { "name": "Valley Center Middle", "district": "Valley Center-Pauma Unified", "type": "Middle", "education_site_type": "K-12 School", "address": "28102 North Lake Wohlford Rd.", "city": "Valley Center", "zip": "92082-6740", "tract_geoid": "06073019111", "source": "CDE California Public Schools / School Sites 2024-25" }, "geometry": { "type": "Point", "coordinates": [ -116.977311909729281, 33.225504830343311 ] } },
{ "type": "Feature", "properties": { "name": "Valley Center Primary", "district": "Valley Center-Pauma Unified", "type": "Elementary", "education_site_type": "K-12 School", "address": "14249 Fruitvale Rd.", "city": "Valley Center", "zip": "92082-5907", "tract_geoid": "06073019111", "source": "CDE California Public Schools / School Sites 2024-25" }, "geometry": { "type": "Point", "coordinates": [ -117.021011919494285, 33.240704829699553 ] } },
{ "type": "Feature", "properties": { "name": "Valley Center Elementary", "district": "Valley Center-Pauma Unified", "type": "Elementary", "education_site_type": "K-12 School", "address": "28751 Cole Grade Rd.", "city": "Valley Center", "zip": "92082-6575", "tract_geoid": "06073019111", "source": "CDE California Public Schools / School Sites 2024-25" }, "geometry": { "type": "Point", "coordinates": [ -117.022219919595074, 33.235394829749801 ] } },
{ "type": "Feature", "properties": { "name": "High Tech High Chula Vista", "district": "SBC - High Tech High", "type": "High", "education_site_type": "K-12 School", "address": "1945 Discovery Falls Drive", "city": "Chula Vista", "zip": "91915-2037", "tract_geoid": "06073013319", "source": "CDE California Public Schools / School Sites 2024-25" }, "geometry": { "type": "Point", "coordinates": [ -116.95428786029521, 32.616014760040102 ] } },
{ "type": "Feature", "properties": { "name": "High Tech High North County", "district": "SBC - High Tech High", "type": "High", "education_site_type": "K-12 School", "address": "1420 San Marcos Boulevard", "city": "San Marcos", "zip": "92078-4017", "tract_geoid": "06073020029", "source": "CDE California Public Schools / School Sites 2024-25" }, "geometry": { "type": "Point", "coordinates": [ -117.20223894007745, 33.132375810131563 ] } },
{ "type": "Feature", "properties": { "name": "High Tech Middle North County", "district": "SBC - High Tech High", "type": "Middle", "education_site_type": "K-12 School", "address": "1460 West San Marcos Boulevard", "city": "San Marcos", "zip": "92078-4017", "tract_geoid": "06073020029", "source": "CDE California Public Schools / School Sites 2024-25" }, "geometry": { "type": "Point", "coordinates": [ -117.20223894007745, 33.132375810131563 ] } },
{ "type": "Feature", "properties": { "name": "High Tech Middle Chula Vista", "district": "SBC - High Tech High", "type": "Middle", "education_site_type": "K-12 School", "address": "1949 Discovery Falls Drive", "city": "Chula Vista", "zip": "91915-2037", "tract_geoid": "06073013319", "source": "CDE California Public Schools / School Sites 2024-25" }, "geometry": { "type": "Point", "coordinates": [ -116.953249859513178, 32.61671476003481 ] } },
{ "type": "Feature", "properties": { "name": "High Tech Elementary Chula Vista", "district": "SBC - High Tech High", "type": "Elementary", "education_site_type": "K-12 School", "address": "1949 Discovery Falls Drive", "city": "Chula Vista", "zip": "91915-2037", "tract_geoid": "06073013319", "source": "CDE California Public Schools / School Sites 2024-25" }, "geometry": { "type": "Point", "coordinates": [ -116.953249859513178, 32.61671476003481 ] } },
{ "type": "Feature", "properties": { "name": "High Tech Elementary North County", "district": "SBC - High Tech High", "type": "Elementary", "education_site_type": "K-12 School", "address": "1480 West San Marcos Boulevard", "city": "San Marcos", "zip": "92078-4017", "tract_geoid": "06073020029", "source": "CDE California Public Schools / School Sites 2024-25" }, "geometry": { "type": "Point", "coordinates": [ -117.201801939752045, 33.133994809694087 ] } },
{ "type": "Feature", "properties": { "name": "High Tech High Mesa", "district": "SBC - High Tech High", "type": "High", "education_site_type": "K-12 School", "address": "5331 Mount Alifan", "city": "San Diego", "zip": "92111-2622", "tract_geoid": "06073008513", "source": "CDE California Public Schools / School Sites 2024-25" }, "geometry": { "type": "Point", "coordinates": [ -117.181810909488235, 32.815568770165761 ] } },
{ "type": "Feature", "properties": { "name": "High Tech Middle Mesa", "district": "SBC - High Tech High", "type": "Middle", "education_site_type": "K-12 School", "address": "5331 Mount Alifan Drive Building 400", "city": "San Diego", "zip": "92111-2622", "tract_geoid": "06073008513", "source": "CDE California Public Schools / School Sites 2024-25" }, "geometry": { "type": "Point", "coordinates": [ -117.181810909488235, 32.815568770165761 ] } },
{ "type": "Feature", "properties": { "name": "High Tech Elementary Mesa", "district": "SBC - High Tech High", "type": "Elementary", "education_site_type": "K-12 School", "address": "5331 Mount Alifan Drive Building 200", "city": "San Diego", "zip": "92111-2622", "tract_geoid": "06073008513", "source": "CDE California Public Schools / School Sites 2024-25" }, "geometry": { "type": "Point", "coordinates": [ -117.181810909488235, 32.815568770165761 ] } },
{ "type": "Feature", "properties": { "name": "Bonsall West Elementary", "district": "Bonsall Unified", "type": "Elementary", "education_site_type": "K-12 School", "address": "5050 El Mirlo Dr.", "city": "Oceanside", "zip": "92057-2704", "tract_geoid": "06073018619", "source": "CDE California Public Schools / School Sites 2024-25" }, "geometry": { "type": "Point", "coordinates": [ -117.29235295984806, 33.264144820362951 ] } },
{ "type": "Feature", "properties": { "name": "Bonsall High", "district": "Bonsall Unified", "type": "High", "education_site_type": "K-12 School", "address": "7350 West Lilac Rd.", "city": "Bonsall", "zip": "92003-4316", "tract_geoid": "06073018803", "source": "CDE California Public Schools / School Sites 2024-25" }, "geometry": { "type": "Point", "coordinates": [ -117.175052949792772, 33.29735982968532 ] } },
{ "type": "Feature", "properties": { "name": "Bonsall Elementary", "district": "Bonsall Unified", "type": "Elementary", "education_site_type": "K-12 School", "address": "31555 Old River Rd.", "city": "Bonsall", "zip": "92003-5112", "tract_geoid": "06073018803", "source": "CDE California Public Schools / School Sites 2024-25" }, "geometry": { "type": "Point", "coordinates": [ -117.218525949744645, 33.28716381995541 ] } },
{ "type": "Feature", "properties": { "name": "Norman L. Sullivan Middle", "district": "Bonsall Unified", "type": "Middle", "education_site_type": "K-12 School", "address": "7350 West Lilac Rd.", "city": "Bonsall", "zip": "92003-5112", "tract_geoid": "06073018803", "source": "CDE California Public Schools / School Sites 2024-25" }, "geometry": { "type": "Point", "coordinates": [ -117.175052949792772, 33.29735982968532 ] } },
{ "type": "Feature", "properties": { "name": "Vivian Banks Charter", "district": "Bonsall Unified", "type": "Elementary", "education_site_type": "K-12 School", "address": "11800 Pala Mission Rd.", "city": "Pala", "zip": "92059", "tract_geoid": "06073019108", "source": "CDE California Public Schools / School Sites 2024-25" }, "geometry": { "type": "Point", "coordinates": [ -117.073428929531957, 33.365784840419529 ] } },
{ "type": "Feature", "properties": { "name": "Altus Schools East County", "district": "SBE - Altus Schools East County", "type": "High", "education_site_type": "K-12 School", "address": "111 Fletcher Parkway", "city": "El Cajon", "zip": "92020-2510", "tract_geoid": "06073016202", "source": "CDE California Public Schools / School Sites 2024-25" }, "geometry": { "type": "Point", "coordinates": [ -116.963111870398038, 32.807004779966434 ] } },
{ "type": "Feature", "properties": { "name": "Altus Schools South Bay", "district": "SBE - Altus Schools South Bay", "type": "High", "education_site_type": "K-12 School", "address": "3252 Bonita Road", "city": "Chula Vista", "zip": "91910-3200", "tract_geoid": "06073013412", "source": "CDE California Public Schools / School Sites 2024-25" }, "geometry": { "type": "Point", "coordinates": [ -117.053432880210849, 32.648834760115967 ] } },
{ "type": "Feature", "properties": { "name": "Vista Springs Charter", "district": "SBE - Vista Springs Charter", "type": "K-12", "education_site_type": "K-12 School", "address": "700 East Bobier Ave.", "city": "Vista", "zip": "92084-3804", "tract_geoid": "06073019205", "source": "CDE California Public Schools / School Sites 2024-25" }, "geometry": { "type": "Point", "coordinates": [ -117.234416949943224, 33.220731820208648 ] } },
{ "type": "Feature", "properties": { "name": "College Preparatory Middle", "district": "SBE - College Preparatory Middle", "type": "Middle", "education_site_type": "K-12 School", "address": "10269 Madrid Way", "city": "Spring Valley", "zip": "91977-1928", "tract_geoid": "06073013601", "source": "CDE California Public Schools / School Sites 2024-25" }, "geometry": { "type": "Point", "coordinates": [ -116.971310870415849, 32.745834770461755 ] } },
{ "type": "Feature", "properties": { "name": "Baypoint Preparatory Academy - San Diego", "district": "SBE - Baypoint Preparatory Academy San Diego", "type": "Elementary", "education_site_type": "K-12 School", "address": "520 E. Carmel St.", "city": "San Marcos", "zip": "92078-3811", "tract_geoid": "06073020310", "source": "CDE California Public Schools / School Sites 2024-25" }, "geometry": { "type": "Point", "coordinates": [ -117.150066929885739, 33.138602810313685 ] } }
]
}
