{
"type": "FeatureCollection",
"name": "service_locations",
"crs": { "type": "name", "properties": { "name": "urn:ogc:def:crs:OGC:1.3:CRS84" } },
"features": [
{ "type": "Feature", "properties": { "service_id": "0", "provider_name": "A Reason To Survive (ARTS)", "site_name": "ARTS Center", "name": "ARTS Center", "type": "Transition Pathways and Intensive Wraparound Support", "programs": "Community ARTS; ARTS 4 Justice; ARTS @ Work; ARTS on Campus", "address": "200 E 12th Street", "city": "National City", "zip": "91950", "lat": 32.672109, "lon": -117.102995, "tract_geoid": "06073011700", "total_population": 7364, "closest_stop_name": "National City Bl & W 12th St (City Hall)", "closest_stop_dist_m": "221", "source": "http://www.areasontosurvive.org/", "geocode_status": null, "geocode_source": null, "geocode_review_needed": "No", "tier_num": 4, "tier_label": "Tier 4: Transition Pathways and Intensive Wraparound Support", "tier_weight": 2.5, "count_in_youth_supports": 1, "indicator_basic_navigation": 0, "indicator_youth_development": 1, "indicator_barrier_reduction": 0, "indicator_transition_pathways": 1, "indicator_segment_specific": 1 }, "geometry": { "type": "Point", "coordinates": [ -117.102995, 32.672109 ] } },
{ "type": "Feature", "properties": { "service_id": "1", "provider_name": "A Step Beyond", "site_name": "A Step Beyond", "name": "A Step Beyond", "type": "Transition Pathways and Intensive Wraparound Support", "programs": "Dance; academics; family services; creative youth development", "address": "340 N Escondido Blvd", "city": "Escondido", "zip": "92025", "lat": 33.124017, "lon": -117.084696, "tract_geoid": "06073020214", "total_population": 4643, "closest_stop_name": "Broadway & Sherman Pl", "closest_stop_dist_m": "189", "source": "https://a-step-beyond.org/contact/", "geocode_status": null, "geocode_source": null, "geocode_review_needed": "No", "tier_num": 4, "tier_label": "Tier 4: Transition Pathways and Intensive Wraparound Support", "tier_weight": 2.5, "count_in_youth_supports": 1, "indicator_basic_navigation": 0, "indicator_youth_development": 1, "indicator_barrier_reduction": 0, "indicator_transition_pathways": 1, "indicator_segment_specific": 0 }, "geometry": { "type": "Point", "coordinates": [ -117.084696, 33.124017 ] } },
{ "type": "Feature", "properties": { "service_id": "2", "provider_name": "Able-Disabled Advocacy", "site_name": "Able-Disabled Advocacy", "name": "Able-Disabled Advocacy", "type": "Transition Pathways and Intensive Wraparound Support", "programs": "CAREERworks; Youth Training Programs", "address": "4283 El Cajon Blvd, Suite 110", "city": "San Diego", "zip": "92105", "lat": 32.754843, "lon": -117.102179, "tract_geoid": "06073002202", "total_population": 4604, "closest_stop_name": "43rd St & El Cajon Bl", "closest_stop_dist_m": "21", "source": "https://www.able2work.org/programs/youthbuild/", "geocode_status": null, "geocode_source": null, "geocode_review_needed": "No", "tier_num": 4, "tier_label": "Tier 4: Transition Pathways and Intensive Wraparound Support", "tier_weight": 2.5, "count_in_youth_supports": 1, "indicator_basic_navigation": 0, "indicator_youth_development": 0, "indicator_barrier_reduction": 0, "indicator_transition_pathways": 1, "indicator_segment_specific": 0 }, "geometry": { "type": "Point", "coordinates": [ -117.102179, 32.754843 ] } },
{ "type": "Feature", "properties": { "service_id": "3", "provider_name": "Access Inc.", "site_name": "Access Inc.", "name": "Access Inc.", "type": "Transition Pathways and Intensive Wraparound Support", "programs": "Leadership development; paid/unpaid work experience; workforce prep; entrepreneurship; financial literacy; legal aid", "address": "2612 Daniel Ave", "city": "San Diego", "zip": "92111", "lat": 32.79251, "lon": -117.164219, "tract_geoid": "06073008701", "total_population": 3169, "closest_stop_name": "Linda Vista Rd & Genesee Av", "closest_stop_dist_m": "121", "source": "https://www.access2jobs.org/", "geocode_status": null, "geocode_source": null, "geocode_review_needed": "No", "tier_num": 4, "tier_label": "Tier 4: Transition Pathways and Intensive Wraparound Support", "tier_weight": 2.5, "count_in_youth_supports": 1, "indicator_basic_navigation": 0, "indicator_youth_development": 1, "indicator_barrier_reduction": 1, "indicator_transition_pathways": 1, "indicator_segment_specific": 0 }, "geometry": { "type": "Point", "coordinates": [ -117.164219, 32.79251 ] } },
{ "type": "Feature", "properties": { "service_id": "4", "provider_name": "Access Youth Academy", "site_name": "Access Youth Academy", "name": "Access Youth Academy", "type": "Transition Pathways and Intensive Wraparound Support", "programs": "Academic enrichment; squash; mentoring; leadership; college preparation; workforce/life skills", "address": "704 Euclid Ave", "city": "San Diego", "zip": "92114", "lat": 32.7125378, "lon": -117.0851068, "tract_geoid": "06073003404", "total_population": 4586, "closest_stop_name": "Euclid Av & Guymon St", "closest_stop_dist_m": "36", "source": "https://www.accessyouthacademy.org/", "geocode_status": null, "geocode_source": null, "geocode_review_needed": "No", "tier_num": 4, "tier_label": "Tier 4: Transition Pathways and Intensive Wraparound Support", "tier_weight": 2.5, "count_in_youth_supports": 1, "indicator_basic_navigation": 0, "indicator_youth_development": 1, "indicator_barrier_reduction": 0, "indicator_transition_pathways": 1, "indicator_segment_specific": 0 }, "geometry": { "type": "Point", "coordinates": [ -117.0851068, 32.7125378 ] } },
{ "type": "Feature", "properties": { "service_id": "5", "provider_name": "ASCENDtials", "site_name": "ASCENDtials", "name": "ASCENDtials", "type": "Transition Pathways and Intensive Wraparound Support", "programs": "Education tools; workforce/community empowerment; youth/community programming", "address": "505 W Broadway", "city": "San Diego", "zip": "92101", "lat": 32.71564102, "lon": -117.1682205, "tract_geoid": "06073005402", "total_population": 4577, "closest_stop_name": "Broadway & Kettner Bl", "closest_stop_dist_m": "55", "source": "https://ascendtials.org/", "geocode_status": null, "geocode_source": null, "geocode_review_needed": "No", "tier_num": 4, "tier_label": "Tier 4: Transition Pathways and Intensive Wraparound Support", "tier_weight": 2.5, "count_in_youth_supports": 1, "indicator_basic_navigation": 0, "indicator_youth_development": 0, "indicator_barrier_reduction": 0, "indicator_transition_pathways": 1, "indicator_segment_specific": 0 }, "geometry": { "type": "Point", "coordinates": [ -117.1682205, 32.71564102 ] } },
{ "type": "Feature", "properties": { "service_id": "6", "provider_name": "Barrio Logan College Institute (BLCI)", "site_name": "Barrio Logan College Institute", "name": "Barrio Logan College Institute", "type": "Transition Pathways and Intensive Wraparound Support", "programs": "Tutoring; postsecondary preparation; workforce preparation; financial literacy", "address": "2114 National Ave", "city": "San Diego", "zip": "92113", "lat": 32.69693756, "lon": -117.1396866, "tract_geoid": "06073005000", "total_population": 1919, "closest_stop_name": "Logan Av & Sampson St", "closest_stop_dist_m": "112", "source": "https://blci.org/", "geocode_status": null, "geocode_source": null, "geocode_review_needed": "No", "tier_num": 4, "tier_label": "Tier 4: Transition Pathways and Intensive Wraparound Support", "tier_weight": 2.5, "count_in_youth_supports": 1, "indicator_basic_navigation": 0, "indicator_youth_development": 1, "indicator_barrier_reduction": 0, "indicator_transition_pathways": 1, "indicator_segment_specific": 0 }, "geometry": { "type": "Point", "coordinates": [ -117.1396866, 32.69693756 ] } },
{ "type": "Feature", "properties": { "service_id": "7", "provider_name": "Basic Assistance to Students in the Community (BASIC)", "site_name": "BASIC", "name": "BASIC", "type": "Barrier-Reduction and Targeted Support", "programs": "Cradle-to-graduation support; scholarships; education support", "address": "Christmas Cir Box 1914", "city": "Borrego Springs", "zip": "92004", "lat": 33.2572002, "lon": -116.3749364, "tract_geoid": "06073021002", "total_population": 1551, "closest_stop_name": "Christmas Circle & Palm Canyon Rd", "closest_stop_dist_m": "84", "source": "https://www.borregobasic.org/", "geocode_status": null, "geocode_source": null, "geocode_review_needed": "No", "tier_num": 3, "tier_label": "Tier 3: Barrier-Reduction and Targeted Support", "tier_weight": 2.0, "count_in_youth_supports": 1, "indicator_basic_navigation": 0, "indicator_youth_development": 0, "indicator_barrier_reduction": 1, "indicator_transition_pathways": 0, "indicator_segment_specific": 0 }, "geometry": { "type": "Point", "coordinates": [ -116.3749364, 33.2572002 ] } },
{ "type": "Feature", "properties": { "service_id": "8", "provider_name": "Best Buddies - San Diego Office", "site_name": "Best Buddies San Diego Office", "name": "Best Buddies San Diego Office", "type": "Transition Pathways and Intensive Wraparound Support", "programs": "Friendship; integrated employment; leadership development; family support", "address": "3517 Camino del Rio South, Suite 203", "city": "San Diego", "zip": "92108", "lat": 32.7774078, "lon": -117.1173668, "tract_geoid": "06073009307", "total_population": 4846, "closest_stop_name": "Camino Del Rio S & 3505", "closest_stop_dist_m": "70", "source": "https://www.bestbuddies.org/california/office-directory/", "geocode_status": null, "geocode_source": null, "geocode_review_needed": "No", "tier_num": 4, "tier_label": "Tier 4: Transition Pathways and Intensive Wraparound Support", "tier_weight": 2.5, "count_in_youth_supports": 1, "indicator_basic_navigation": 0, "indicator_youth_development": 1, "indicator_barrier_reduction": 1, "indicator_transition_pathways": 1, "indicator_segment_specific": 0 }, "geometry": { "type": "Point", "coordinates": [ -117.1173668, 32.7774078 ] } },
{ "type": "Feature", "properties": { "service_id": "9", "provider_name": "Big Brothers Big Sisters of San Diego County", "site_name": "Big Brothers Big Sisters of San Diego County", "name": "Big Brothers Big Sisters of San Diego County", "type": "Youth Development and Enrichment", "programs": "One-to-one mentoring", "address": "4305 University Ave, Suite 590", "city": "San Diego", "zip": "92105", "lat": 32.749171, "lon": -117.1014307, "tract_geoid": "06073002402", "total_population": 4665, "closest_stop_name": "Fairmount Av & University Av", "closest_stop_dist_m": "81", "source": "https://sdbigs.org/", "geocode_status": null, "geocode_source": null, "geocode_review_needed": "No", "tier_num": 2, "tier_label": "Tier 2: Youth Development and Enrichment", "tier_weight": 1.5, "count_in_youth_supports": 1, "indicator_basic_navigation": 0, "indicator_youth_development": 1, "indicator_barrier_reduction": 0, "indicator_transition_pathways": 0, "indicator_segment_specific": 0 }, "geometry": { "type": "Point", "coordinates": [ -117.1014307, 32.749171 ] } },
{ "type": "Feature", "properties": { "service_id": "10", "provider_name": "Birthline of San Diego County", "site_name": "Birthline of San Diego County", "name": "Birthline of San Diego County", "type": "Barrier-Reduction and Targeted Support", "programs": "Pregnancy support; parenting support; family resources; referrals", "address": "3660 Clairemont Drive, Suite 4", "city": "San Diego", "zip": "92117", "lat": 32.8076168, "lon": -117.2014432, "tract_geoid": "06073009101", "total_population": 5425, "closest_stop_name": "Clairemont Dr & 3660", "closest_stop_dist_m": "33", "source": "https://birthlineofsandiego.org/", "geocode_status": null, "geocode_source": null, "geocode_review_needed": "No", "tier_num": 3, "tier_label": "Tier 3: Barrier-Reduction and Targeted Support", "tier_weight": 2.0, "count_in_youth_supports": 1, "indicator_basic_navigation": 0, "indicator_youth_development": 0, "indicator_barrier_reduction": 1, "indicator_transition_pathways": 0, "indicator_segment_specific": 0 }, "geometry": { "type": "Point", "coordinates": [ -117.2014432, 32.8076168 ] } },
{ "type": "Feature", "properties": { "service_id": "11", "provider_name": "BLAC (Black Leadership Alliance Coalition)", "site_name": "BLAC", "name": "BLAC", "type": "Transition Pathways and Intensive Wraparound Support", "programs": "Leadership development; career skills; identity development; workforce readiness", "address": "2575 Imperial Ave", "city": "San Diego", "zip": "92102", "lat": 32.7061023, "lon": -117.138477, "tract_geoid": "06073004800", "total_population": 3272, "closest_stop_name": "Imperial Av & 26th St", "closest_stop_dist_m": "33", "source": "https://www.blacleadership.org/", "geocode_status": null, "geocode_source": null, "geocode_review_needed": "No", "tier_num": 4, "tier_label": "Tier 4: Transition Pathways and Intensive Wraparound Support", "tier_weight": 2.5, "count_in_youth_supports": 1, "indicator_basic_navigation": 0, "indicator_youth_development": 1, "indicator_barrier_reduction": 0, "indicator_transition_pathways": 1, "indicator_segment_specific": 0 }, "geometry": { "type": "Point", "coordinates": [ -117.138477, 32.7061023 ] } },
{ "type": "Feature", "properties": { "service_id": "12", "provider_name": "Black Tech Link", "site_name": "Black Tech Link - San Diego", "name": "Black Tech Link - San Diego", "type": "Transition Pathways and Intensive Wraparound Support", "programs": "Workforce preparation; entrepreneurship; technical education; networking", "address": "1240 E Plaza Blvd, Suite 604-452", "city": "National City", "zip": "91950", "lat": 32.676025, "lon": -117.092788, "tract_geoid": "06073011700", "total_population": 7364, "closest_stop_name": "Plaza Bl & N Av", "closest_stop_dist_m": "126", "source": "https://blacktechlink.org/contact-us/", "geocode_status": null, "geocode_source": null, "geocode_review_needed": "No", "tier_num": 4, "tier_label": "Tier 4: Transition Pathways and Intensive Wraparound Support", "tier_weight": 2.5, "count_in_youth_supports": 1, "indicator_basic_navigation": 0, "indicator_youth_development": 0, "indicator_barrier_reduction": 0, "indicator_transition_pathways": 1, "indicator_segment_specific": 0 }, "geometry": { "type": "Point", "coordinates": [ -117.092788, 32.676025 ] } },
{ "type": "Feature", "properties": { "service_id": "13", "provider_name": "Blue Heart Foundation", "site_name": "The Blue Heart Foundation", "name": "The Blue Heart Foundation", "type": "Transition Pathways and Intensive Wraparound Support", "programs": "Blue Heart Academy; mentoring; academic, emotional, cultural, college/career preparation", "address": "4331 El Cedro Ct", "city": "San Diego", "zip": "92154", "lat": 32.579883, "lon": -117.040847, "tract_geoid": "06073010003", "total_population": 4876, "closest_stop_name": "Palm Av & Kostner Dr", "closest_stop_dist_m": "416", "source": "https://theblueheartfoundation.org/", "geocode_status": null, "geocode_source": null, "geocode_review_needed": "No", "tier_num": 4, "tier_label": "Tier 4: Transition Pathways and Intensive Wraparound Support", "tier_weight": 2.5, "count_in_youth_supports": 1, "indicator_basic_navigation": 0, "indicator_youth_development": 1, "indicator_barrier_reduction": 0, "indicator_transition_pathways": 1, "indicator_segment_specific": 0 }, "geometry": { "type": "Point", "coordinates": [ -117.040847, 32.579883 ] } },
{ "type": "Feature", "properties": { "service_id": "14", "provider_name": "Boys & Girls Club of East County", "site_name": "El Cajon Clubhouse", "name": "El Cajon Clubhouse", "type": "Youth Development and Enrichment", "programs": "After-school programs; day camps; youth development", "address": "1171 E Madison Ave", "city": "El Cajon", "zip": "92021", "lat": 32.8002613, "lon": -116.9415418, "tract_geoid": "06073016302", "total_population": 5669, "closest_stop_name": "Madison Av & 1st St (Wells Park)", "closest_stop_dist_m": "176", "source": "https://bgcec.org/locations/", "geocode_status": null, "geocode_source": null, "geocode_review_needed": "No", "tier_num": 2, "tier_label": "Tier 2: Youth Development and Enrichment", "tier_weight": 1.5, "count_in_youth_supports": 1, "indicator_basic_navigation": 0, "indicator_youth_development": 1, "indicator_barrier_reduction": 0, "indicator_transition_pathways": 0, "indicator_segment_specific": 0 }, "geometry": { "type": "Point", "coordinates": [ -116.9415418, 32.8002613 ] } },
{ "type": "Feature", "properties": { "service_id": "15", "provider_name": "Boys & Girls Club of East County", "site_name": "La Mesa Clubhouse", "name": "La Mesa Clubhouse", "type": "Youth Development and Enrichment", "programs": "After-school programs; day camps; youth development", "address": "7600 Junior High Drive", "city": "La Mesa", "zip": "91942", "lat": 32.7532843, "lon": -117.0329537, "tract_geoid": "06073014602", "total_population": 5155, "closest_stop_name": "University Av & Lowell St", "closest_stop_dist_m": "620", "source": "https://bgcec.org/locations/", "geocode_status": null, "geocode_source": null, "geocode_review_needed": "No", "tier_num": 2, "tier_label": "Tier 2: Youth Development and Enrichment", "tier_weight": 1.5, "count_in_youth_supports": 1, "indicator_basic_navigation": 0, "indicator_youth_development": 1, "indicator_barrier_reduction": 0, "indicator_transition_pathways": 0, "indicator_segment_specific": 0 }, "geometry": { "type": "Point", "coordinates": [ -117.0329537, 32.7532843 ] } },
{ "type": "Feature", "properties": { "service_id": "16", "provider_name": "Boys & Girls Club of East County", "site_name": "La Mesa Teen Center", "name": "La Mesa Teen Center", "type": "Youth Development and Enrichment", "programs": "Teen programming; youth development", "address": "7775 Junior High Drive", "city": "La Mesa", "zip": "91942", "lat": 32.7559582, "lon": -117.0289777, "tract_geoid": "06073014602", "total_population": 5155, "closest_stop_name": "University Av & Parks Av", "closest_stop_dist_m": "614", "source": "https://bgcec.org/locations/", "geocode_status": null, "geocode_source": null, "geocode_review_needed": "No", "tier_num": 2, "tier_label": "Tier 2: Youth Development and Enrichment", "tier_weight": 1.5, "count_in_youth_supports": 1, "indicator_basic_navigation": 1, "indicator_youth_development": 1, "indicator_barrier_reduction": 0, "indicator_transition_pathways": 0, "indicator_segment_specific": 0 }, "geometry": { "type": "Point", "coordinates": [ -117.0289777, 32.7559582 ] } },
{ "type": "Feature", "properties": { "service_id": "17", "provider_name": "Boys & Girls Club of East County", "site_name": "Lakeside Clubhouse", "name": "Lakeside Clubhouse", "type": "Youth Development and Enrichment", "programs": "After-school programs; day camps; youth development", "address": "12824 Lakeshore Drive", "city": "Lakeside", "zip": "92040", "lat": 32.8600048, "lon": -116.9138603, "tract_geoid": "06073016804", "total_population": 9452, "closest_stop_name": "Maple View St & Ashwood St", "closest_stop_dist_m": "539", "source": "https://bgcec.org/locations/", "geocode_status": null, "geocode_source": null, "geocode_review_needed": "No", "tier_num": 2, "tier_label": "Tier 2: Youth Development and Enrichment", "tier_weight": 1.5, "count_in_youth_supports": 1, "indicator_basic_navigation": 0, "indicator_youth_development": 1, "indicator_barrier_reduction": 0, "indicator_transition_pathways": 0, "indicator_segment_specific": 0 }, "geometry": { "type": "Point", "coordinates": [ -116.9138603, 32.8600048 ] } },
{ "type": "Feature", "properties": { "service_id": "18", "provider_name": "Boys & Girls Club of East County", "site_name": "Santee Clubhouse", "name": "Santee Clubhouse", "type": "Youth Development and Enrichment", "programs": "After-school programs; day camps; youth development", "address": "8820 Tamberly Way", "city": "Santee", "zip": "92071", "lat": 32.838464904140999, "lon": -116.97940009732299, "tract_geoid": "06073016617", "total_population": 3607, "closest_stop_name": "Mission Gorge Rd & Tamberly Wy", "closest_stop_dist_m": "78", "source": "https://bgcec.org/locations/", "geocode_status": "Match", "geocode_source": null, "geocode_review_needed": "No", "tier_num": 2, "tier_label": "Tier 2: Youth Development and Enrichment", "tier_weight": 1.5, "count_in_youth_supports": 1, "indicator_basic_navigation": 0, "indicator_youth_development": 1, "indicator_barrier_reduction": 0, "indicator_transition_pathways": 0, "indicator_segment_specific": 0 }, "geometry": { "type": "Point", "coordinates": [ -116.979400097322994, 32.838464904140999 ] } },
{ "type": "Feature", "properties": { "service_id": "19", "provider_name": "Boys & Girls Clubs of Greater San Diego", "site_name": "Neville & Helen Baker Family Branch", "name": "Neville & Helen Baker Family Branch", "type": "Youth Development and Enrichment", "programs": "Afterschool program; youth development; enrichment", "address": "835 W 15th Ave", "city": "Escondido", "zip": "92025", "lat": 33.103956920587997, "lon": -117.08266907724401, "tract_geoid": "06073020403", "total_population": 4089, "closest_stop_name": "Escondido Bl & 15th Av", "closest_stop_dist_m": "802", "source": "https://www.sdyouth.org/sign-up/", "geocode_status": "Match", "geocode_source": null, "geocode_review_needed": "No", "tier_num": 2, "tier_label": "Tier 2: Youth Development and Enrichment", "tier_weight": 1.5, "count_in_youth_supports": 1, "indicator_basic_navigation": 0, "indicator_youth_development": 1, "indicator_barrier_reduction": 0, "indicator_transition_pathways": 0, "indicator_segment_specific": 0 }, "geometry": { "type": "Point", "coordinates": [ -117.082669077244006, 33.103956920587997 ] } },
{ "type": "Feature", "properties": { "service_id": "20", "provider_name": "Boys & Girls Clubs of Greater San Diego", "site_name": "Borrego Springs Branch", "name": "Borrego Springs Branch", "type": "Youth Development and Enrichment", "programs": "Afterschool program; youth development", "address": "630 Cahuilla Road", "city": "Borrego Springs", "zip": "92004", "lat": 33.263611428575999, "lon": -116.37688372016, "tract_geoid": "06073021002", "total_population": 1551, "closest_stop_name": "Christmas Circle & Palm Canyon Rd", "closest_stop_dist_m": "753", "source": "https://www.sdyouth.org/sign-up/", "geocode_status": "Match", "geocode_source": null, "geocode_review_needed": "No", "tier_num": 2, "tier_label": "Tier 2: Youth Development and Enrichment", "tier_weight": 1.5, "count_in_youth_supports": 1, "indicator_basic_navigation": 0, "indicator_youth_development": 1, "indicator_barrier_reduction": 0, "indicator_transition_pathways": 0, "indicator_segment_specific": 0 }, "geometry": { "type": "Point", "coordinates": [ -116.376883720159995, 33.263611428575999 ] } },
{ "type": "Feature", "properties": { "service_id": "21", "provider_name": "Boys & Girls Clubs of Greater San Diego", "site_name": "Conrad Prebys Ramona Branch", "name": "Conrad Prebys Ramona Branch", "type": "Youth Development and Enrichment", "programs": "Afterschool program; youth development", "address": "622 E Street", "city": "Ramona", "zip": "92065", "lat": 33.043471166781998, "lon": -116.861227939272, "tract_geoid": "06073020813", "total_population": 5898, "closest_stop_name": "Main St & 6th St", "closest_stop_dist_m": "240", "source": "https://www.sdyouth.org/sign-up/", "geocode_status": "Match", "geocode_source": null, "geocode_review_needed": "No", "tier_num": 2, "tier_label": "Tier 2: Youth Development and Enrichment", "tier_weight": 1.5, "count_in_youth_supports": 1, "indicator_basic_navigation": 0, "indicator_youth_development": 1, "indicator_barrier_reduction": 0, "indicator_transition_pathways": 0, "indicator_segment_specific": 0 }, "geometry": { "type": "Point", "coordinates": [ -116.861227939271998, 33.043471166781998 ] } },
{ "type": "Feature", "properties": { "service_id": "22", "provider_name": "Boys & Girls Clubs of Greater San Diego", "site_name": "Del Dios Academy School Site", "name": "Del Dios Academy School Site", "type": "Youth Development and Enrichment", "programs": "School-site youth development", "address": "1400 W 9th Ave", "city": "Escondido", "zip": "92029", "lat": 33.109487350446003, "lon": -117.10042960286501, "tract_geoid": "06073020500", "total_population": 4261, "closest_stop_name": "Valley Pkwy & 9th Av", "closest_stop_dist_m": "327", "source": "https://www.sdyouth.org/sign-up/", "geocode_status": "Match", "geocode_source": null, "geocode_review_needed": "No", "tier_num": 2, "tier_label": "Tier 2: Youth Development and Enrichment", "tier_weight": 1.5, "count_in_youth_supports": 1, "indicator_basic_navigation": 0, "indicator_youth_development": 1, "indicator_barrier_reduction": 0, "indicator_transition_pathways": 0, "indicator_segment_specific": 0 }, "geometry": { "type": "Point", "coordinates": [ -117.100429602865006, 33.109487350446003 ] } },
{ "type": "Feature", "properties": { "service_id": "23", "provider_name": "Boys & Girls Clubs of Greater San Diego", "site_name": "Mollenkopf Family Branch", "name": "Mollenkopf Family Branch", "type": "Youth Development and Enrichment", "programs": "Afterschool program; youth development", "address": "16118 4S Ranch Parkway", "city": "San Diego", "zip": "92127", "lat": 33.004016990822002, "lon": -117.115904167292, "tract_geoid": "06073017070", "total_population": 5572, "closest_stop_name": "Camino Del Norte & Bernardo Center Dr", "closest_stop_dist_m": "2242", "source": "https://www.sdyouth.org/sign-up/", "geocode_status": "Match", "geocode_source": null, "geocode_review_needed": "No", "tier_num": 2, "tier_label": "Tier 2: Youth Development and Enrichment", "tier_weight": 1.5, "count_in_youth_supports": 1, "indicator_basic_navigation": 0, "indicator_youth_development": 1, "indicator_barrier_reduction": 0, "indicator_transition_pathways": 0, "indicator_segment_specific": 0 }, "geometry": { "type": "Point", "coordinates": [ -117.115904167292001, 33.004016990822002 ] } },
{ "type": "Feature", "properties": { "service_id": "24", "provider_name": "Boys & Girls Clubs of Greater San Diego", "site_name": "Hidden Valley Middle School Site", "name": "Hidden Valley Middle School Site", "type": "Youth Development and Enrichment", "programs": "School-site youth development", "address": "2700 Reed Road", "city": "Escondido", "zip": "92027", "lat": 33.133141314132999, "lon": -117.034572504286, "tract_geoid": "06073020712", "total_population": 3987, "closest_stop_name": "Citrus Av & Citron Pl", "closest_stop_dist_m": "432", "source": "https://www.sdyouth.org/sign-up/", "geocode_status": "Match", "geocode_source": null, "geocode_review_needed": "No", "tier_num": 2, "tier_label": "Tier 2: Youth Development and Enrichment", "tier_weight": 1.5, "count_in_youth_supports": 1, "indicator_basic_navigation": 0, "indicator_youth_development": 1, "indicator_barrier_reduction": 0, "indicator_transition_pathways": 0, "indicator_segment_specific": 0 }, "geometry": { "type": "Point", "coordinates": [ -117.034572504286004, 33.133141314132999 ] } },
{ "type": "Feature", "properties": { "service_id": "25", "provider_name": "Boys & Girls Clubs of Greater San Diego", "site_name": "James A. Bronner Family Branch", "name": "James A. Bronner Family Branch", "type": "Youth Development and Enrichment", "programs": "Afterschool program; youth development", "address": "28751 Cole Grade Road", "city": "Valley Center", "zip": "92082", "lat": 33.236048907354999, "lon": -117.02389233730101, "tract_geoid": "06073019111", "total_population": 3678, "closest_stop_name": "Valley Center Rd & Cole Grade Rd", "closest_stop_dist_m": "547", "source": "https://www.sdyouth.org/sign-up/", "geocode_status": "Match", "geocode_source": null, "geocode_review_needed": "No", "tier_num": 2, "tier_label": "Tier 2: Youth Development and Enrichment", "tier_weight": 1.5, "count_in_youth_supports": 1, "indicator_basic_navigation": 0, "indicator_youth_development": 1, "indicator_barrier_reduction": 0, "indicator_transition_pathways": 0, "indicator_segment_specific": 0 }, "geometry": { "type": "Point", "coordinates": [ -117.023892337301007, 33.236048907354999 ] } },
{ "type": "Feature", "properties": { "service_id": "26", "provider_name": "Boys & Girls Clubs of Greater San Diego", "site_name": "Lilac School", "name": "Lilac School", "type": "Youth Development and Enrichment", "programs": "School-site youth development", "address": "30109 Lilac Road", "city": "Valley Center", "zip": "92082", "lat": 33.256309460974997, "lon": -117.068362324257, "tract_geoid": "06073019103", "total_population": 6413, "closest_stop_name": "Valley Center Rd & Miller Rd", "closest_stop_dist_m": "4316", "source": "https://www.sdyouth.org/sign-up/", "geocode_status": "Match", "geocode_source": null, "geocode_review_needed": "No", "tier_num": 2, "tier_label": "Tier 2: Youth Development and Enrichment", "tier_weight": 1.5, "count_in_youth_supports": 1, "indicator_basic_navigation": 0, "indicator_youth_development": 1, "indicator_barrier_reduction": 0, "indicator_transition_pathways": 0, "indicator_segment_specific": 0 }, "geometry": { "type": "Point", "coordinates": [ -117.068362324256995, 33.256309460974997 ] } },
{ "type": "Feature", "properties": { "service_id": "27", "provider_name": "Boys & Girls Clubs of Greater San Diego", "site_name": "Pauma School", "name": "Pauma School", "type": "Youth Development and Enrichment", "programs": "School-site youth development", "address": "33158 Cole Grade Road", "city": "Pauma Valley", "zip": "92061", "lat": 33.315279648859999, "lon": -117.000037617663, "tract_geoid": "06073019109", "total_population": 4608, "closest_stop_name": "Hwy 76 & Cole Grade Rd", "closest_stop_dist_m": "771", "source": "https://www.sdyouth.org/sign-up/", "geocode_status": "Match", "geocode_source": null, "geocode_review_needed": "No", "tier_num": 2, "tier_label": "Tier 2: Youth Development and Enrichment", "tier_weight": 1.5, "count_in_youth_supports": 1, "indicator_basic_navigation": 0, "indicator_youth_development": 1, "indicator_barrier_reduction": 0, "indicator_transition_pathways": 0, "indicator_segment_specific": 0 }, "geometry": { "type": "Point", "coordinates": [ -117.000037617662997, 33.315279648859999 ] } },
{ "type": "Feature", "properties": { "service_id": "28", "provider_name": "Boys & Girls Clubs of Greater San Diego", "site_name": "Primary Elementary School", "name": "Primary Elementary School", "type": "Youth Development and Enrichment", "programs": "School-site youth development", "address": "14249 Fruitvale Road", "city": "Valley Center", "zip": "92082", "lat": 33.241318617727998, "lon": -117.02046704966, "tract_geoid": "06073019111", "total_population": 3678, "closest_stop_name": "Valley Center Rd & Cole Grade Rd", "closest_stop_dist_m": "1166", "source": "https://www.sdyouth.org/sign-up/", "geocode_status": "Match", "geocode_source": null, "geocode_review_needed": "No", "tier_num": 2, "tier_label": "Tier 2: Youth Development and Enrichment", "tier_weight": 1.5, "count_in_youth_supports": 1, "indicator_basic_navigation": 0, "indicator_youth_development": 1, "indicator_barrier_reduction": 0, "indicator_transition_pathways": 0, "indicator_segment_specific": 0 }, "geometry": { "type": "Point", "coordinates": [ -117.020467049659999, 33.241318617727998 ] } },
{ "type": "Feature", "properties": { "service_id": "29", "provider_name": "Boys & Girls Clubs of Greater San Diego", "site_name": "Rincon Middle School Site", "name": "Rincon Middle School Site", "type": "Youth Development and Enrichment", "programs": "School-site youth development", "address": "925 Lehner Ave", "city": "Escondido", "zip": "92026", "lat": 33.157658087666, "lon": -117.082745025706, "tract_geoid": "06073020107", "total_population": 4681, "closest_stop_name": "Broadway & Sundance MHP", "closest_stop_dist_m": "911", "source": "https://www.sdyouth.org/sign-up/", "geocode_status": "Match", "geocode_source": null, "geocode_review_needed": "No", "tier_num": 2, "tier_label": "Tier 2: Youth Development and Enrichment", "tier_weight": 1.5, "count_in_youth_supports": 1, "indicator_basic_navigation": 0, "indicator_youth_development": 1, "indicator_barrier_reduction": 0, "indicator_transition_pathways": 0, "indicator_segment_specific": 0 }, "geometry": { "type": "Point", "coordinates": [ -117.082745025706004, 33.157658087666 ] } },
{ "type": "Feature", "properties": { "service_id": "30", "provider_name": "Boys & Girls Clubs of Greater San Diego", "site_name": "Sulpizio Family Branch", "name": "Sulpizio Family Branch", "type": "Youth Development and Enrichment", "programs": "Afterschool program; youth development", "address": "12988 Bowron Road", "city": "Poway", "zip": "92064", "lat": 32.952580217818003, "lon": -117.045310688317, "tract_geoid": "06073017048", "total_population": 6422, "closest_stop_name": "Poway Rd & Bowron Road", "closest_stop_dist_m": "420", "source": "https://www.sdyouth.org/sign-up/", "geocode_status": "Match", "geocode_source": null, "geocode_review_needed": "No", "tier_num": 2, "tier_label": "Tier 2: Youth Development and Enrichment", "tier_weight": 1.5, "count_in_youth_supports": 1, "indicator_basic_navigation": 0, "indicator_youth_development": 1, "indicator_barrier_reduction": 0, "indicator_transition_pathways": 0, "indicator_segment_specific": 0 }, "geometry": { "type": "Point", "coordinates": [ -117.045310688317002, 32.952580217818003 ] } },
{ "type": "Feature", "properties": { "service_id": "31", "provider_name": "Boys & Girls Clubs of Greater San Diego", "site_name": "William J. Oakes Branch", "name": "William J. Oakes Branch", "type": "Youth Development and Enrichment", "programs": "Afterschool program; youth development", "address": "2930 Marcy Ave", "city": "San Diego", "zip": "92113", "lat": 32.697628535425999, "lon": -117.13018540307, "tract_geoid": "06073003902", "total_population": 3786, "closest_stop_name": "National Av & 30th St", "closest_stop_dist_m": "186", "source": "https://www.sdyouth.org/sign-up/", "geocode_status": "Match", "geocode_source": null, "geocode_review_needed": "No", "tier_num": 2, "tier_label": "Tier 2: Youth Development and Enrichment", "tier_weight": 1.5, "count_in_youth_supports": 1, "indicator_basic_navigation": 0, "indicator_youth_development": 1, "indicator_barrier_reduction": 0, "indicator_transition_pathways": 0, "indicator_segment_specific": 0 }, "geometry": { "type": "Point", "coordinates": [ -117.130185403070001, 32.697628535425999 ] } },
{ "type": "Feature", "properties": { "service_id": "32", "provider_name": "Boys & Girls Clubs of Greater San Diego", "site_name": "Ron Roberts Family Branch", "name": "Ron Roberts Family Branch", "type": "Youth Development and Enrichment", "programs": "Afterschool program; youth development", "address": "2230 E Jewett St", "city": "San Diego", "zip": "92111", "lat": 32.784840167288003, "lon": -117.172112328078, "tract_geoid": "06073008600", "total_population": 6204, "closest_stop_name": "Linda Vista Rd & Linda Vista Plaza", "closest_stop_dist_m": "87", "source": "https://www.sdyouth.org/sign-up/", "geocode_status": "Match", "geocode_source": null, "geocode_review_needed": "No", "tier_num": 2, "tier_label": "Tier 2: Youth Development and Enrichment", "tier_weight": 1.5, "count_in_youth_supports": 1, "indicator_basic_navigation": 0, "indicator_youth_development": 1, "indicator_barrier_reduction": 0, "indicator_transition_pathways": 0, "indicator_segment_specific": 0 }, "geometry": { "type": "Point", "coordinates": [ -117.172112328078001, 32.784840167288003 ] } },
{ "type": "Feature", "properties": { "service_id": "33", "provider_name": "Boys & Girls Clubs of Greater San Diego", "site_name": "King-Chavez Primary Academy", "name": "King-Chavez Primary Academy", "type": "Youth Development and Enrichment", "programs": "School-site youth development", "address": "415 31st Street", "city": "San Diego", "zip": "92102", "lat": 32.709749332881003, "lon": -117.127342011191, "tract_geoid": "06073004000", "total_population": 4253, "closest_stop_name": "Market St & 31st St", "closest_stop_dist_m": "203", "source": "https://www.sdyouth.org/sign-up/", "geocode_status": "Match", "geocode_source": null, "geocode_review_needed": "No", "tier_num": 2, "tier_label": "Tier 2: Youth Development and Enrichment", "tier_weight": 1.5, "count_in_youth_supports": 1, "indicator_basic_navigation": 0, "indicator_youth_development": 1, "indicator_barrier_reduction": 0, "indicator_transition_pathways": 0, "indicator_segment_specific": 0 }, "geometry": { "type": "Point", "coordinates": [ -117.127342011191004, 32.709749332881003 ] } },
{ "type": "Feature", "properties": { "service_id": "34", "provider_name": "Boys & Girls Clubs of Greater San Diego", "site_name": "King-Chavez Preparatory Academy", "name": "King-Chavez Preparatory Academy", "type": "Youth Development and Enrichment", "programs": "School-site youth development", "address": "500 30th St", "city": "San Diego", "zip": "92102", "lat": 32.710634572151001, "lon": -117.130289442668, "tract_geoid": "06073004000", "total_population": 4253, "closest_stop_name": "Market St & 30th St", "closest_stop_dist_m": "103", "source": "https://www.sdyouth.org/sign-up/", "geocode_status": "Match", "geocode_source": null, "geocode_review_needed": "No", "tier_num": 2, "tier_label": "Tier 2: Youth Development and Enrichment", "tier_weight": 1.5, "count_in_youth_supports": 1, "indicator_basic_navigation": 0, "indicator_youth_development": 1, "indicator_barrier_reduction": 0, "indicator_transition_pathways": 0, "indicator_segment_specific": 0 }, "geometry": { "type": "Point", "coordinates": [ -117.130289442668001, 32.710634572151001 ] } },
{ "type": "Feature", "properties": { "service_id": "35", "provider_name": "Boys & Girls Clubs of Greater San Diego", "site_name": "King-Chavez Arts & Athletics Academy", "name": "King-Chavez Arts & Athletics Academy", "type": "Youth Development and Enrichment", "programs": "School-site youth development", "address": "415 31st Street", "city": "San Diego", "zip": "92102", "lat": 32.709749332881003, "lon": -117.127342011191, "tract_geoid": "06073004000", "total_population": 4253, "closest_stop_name": "Market St & 31st St", "closest_stop_dist_m": "203", "source": "https://www.sdyouth.org/sign-up/", "geocode_status": "Match", "geocode_source": null, "geocode_review_needed": "No", "tier_num": 2, "tier_label": "Tier 2: Youth Development and Enrichment", "tier_weight": 1.5, "count_in_youth_supports": 1, "indicator_basic_navigation": 0, "indicator_youth_development": 1, "indicator_barrier_reduction": 0, "indicator_transition_pathways": 0, "indicator_segment_specific": 0 }, "geometry": { "type": "Point", "coordinates": [ -117.127342011191004, 32.709749332881003 ] } },
{ "type": "Feature", "properties": { "service_id": "36", "provider_name": "Boys & Girls Clubs of Greater San Diego", "site_name": "King-Chavez Academy of Excellence", "name": "King-Chavez Academy of Excellence", "type": "Youth Development and Enrichment", "programs": "School-site youth development", "address": "2716 Marcy Ave", "city": "San Diego", "zip": "92113", "lat": 32.697607961034997, "lon": -117.13482511737401, "tract_geoid": "06073004900", "total_population": 5366, "closest_stop_name": "National Av & 27th St", "closest_stop_dist_m": "205", "source": "https://www.sdyouth.org/sign-up/", "geocode_status": "Match", "geocode_source": null, "geocode_review_needed": "No", "tier_num": 2, "tier_label": "Tier 2: Youth Development and Enrichment", "tier_weight": 1.5, "count_in_youth_supports": 1, "indicator_basic_navigation": 0, "indicator_youth_development": 1, "indicator_barrier_reduction": 0, "indicator_transition_pathways": 0, "indicator_segment_specific": 0 }, "geometry": { "type": "Point", "coordinates": [ -117.134825117374007, 32.697607961034997 ] } },
{ "type": "Feature", "properties": { "service_id": "37", "provider_name": "Boys & Girls Clubs of Greater San Diego", "site_name": "Geneius Branch / Encanto Branch", "name": "Geneius Branch / Encanto Branch", "type": "Youth Development and Enrichment", "programs": "Afterschool program; youth development", "address": "6785 Imperial Ave", "city": "San Diego", "zip": "92114", "lat": 32.711268005991997, "lon": -117.051600019875, "tract_geoid": "06073003103", "total_population": 6442, "closest_stop_name": "Imperial Av & 68th St", "closest_stop_dist_m": "27", "source": "https://www.sdyouth.org/sign-up/", "geocode_status": "Match", "geocode_source": null, "geocode_review_needed": "No", "tier_num": 2, "tier_label": "Tier 2: Youth Development and Enrichment", "tier_weight": 1.5, "count_in_youth_supports": 1, "indicator_basic_navigation": 0, "indicator_youth_development": 1, "indicator_barrier_reduction": 0, "indicator_transition_pathways": 0, "indicator_segment_specific": 0 }, "geometry": { "type": "Point", "coordinates": [ -117.051600019874996, 32.711268005991997 ] } },
{ "type": "Feature", "properties": { "service_id": "38", "provider_name": "Boys & Girls Clubs of Greater San Diego", "site_name": "Clairemont Branch", "name": "Clairemont Branch", "type": "Youth Development and Enrichment", "programs": "Afterschool program; youth development", "address": "4635 Clairemont Mesa Blvd", "city": "San Diego", "zip": "92117", "lat": 32.834412930870997, "lon": -117.190725303307, "tract_geoid": "06073008506", "total_population": 4027, "closest_stop_name": "Clairemont Mesa Bl & Frink Av", "closest_stop_dist_m": "42", "source": "https://www.sdyouth.org/sign-up/", "geocode_status": "Match", "geocode_source": null, "geocode_review_needed": "No", "tier_num": 2, "tier_label": "Tier 2: Youth Development and Enrichment", "tier_weight": 1.5, "count_in_youth_supports": 1, "indicator_basic_navigation": 0, "indicator_youth_development": 1, "indicator_barrier_reduction": 0, "indicator_transition_pathways": 0, "indicator_segment_specific": 0 }, "geometry": { "type": "Point", "coordinates": [ -117.190725303307005, 32.834412930870997 ] } },
{ "type": "Feature", "properties": { "service_id": "39", "provider_name": "Boys & Girls Clubs of Greater San Diego", "site_name": "Bob Payne Family Branch", "name": "Bob Payne Family Branch", "type": "Youth Development and Enrichment", "programs": "Afterschool program; youth development", "address": "1430 D Ave", "city": "National City", "zip": "91950", "lat": 32.672030432733997, "lon": -117.10094758195601, "tract_geoid": "06073011700", "total_population": 7364, "closest_stop_name": "D Av & E 15th St", "closest_stop_dist_m": "76", "source": "https://www.sdyouth.org/sign-up/", "geocode_status": "Match", "geocode_source": null, "geocode_review_needed": "No", "tier_num": 2, "tier_label": "Tier 2: Youth Development and Enrichment", "tier_weight": 1.5, "count_in_youth_supports": 1, "indicator_basic_navigation": 0, "indicator_youth_development": 1, "indicator_barrier_reduction": 0, "indicator_transition_pathways": 0, "indicator_segment_specific": 0 }, "geometry": { "type": "Point", "coordinates": [ -117.100947581956007, 32.672030432733997 ] } },
{ "type": "Feature", "properties": { "service_id": "40", "provider_name": "Boys & Girls Clubs of Greater San Diego", "site_name": "Administrative Offices / Resource & Training Center", "name": "Administrative Offices / Resource & Training Center", "type": "Youth Development and Enrichment", "programs": "Administration; resource and training center", "address": "4635 Clairemont Mesa Blvd", "city": "San Diego", "zip": "92117", "lat": 32.834412930870997, "lon": -117.190725303307, "tract_geoid": "06073008506", "total_population": 4027, "closest_stop_name": "Clairemont Mesa Bl & Frink Av", "closest_stop_dist_m": "42", "source": "https://www.sdyouth.org/sign-up/", "geocode_status": "Match", "geocode_source": null, "geocode_review_needed": "No", "tier_num": 0, "tier_label": "Not counted in Youth Supports", "tier_weight": 0.0, "count_in_youth_supports": 0, "indicator_basic_navigation": 0, "indicator_youth_development": 1, "indicator_barrier_reduction": 0, "indicator_transition_pathways": 0, "indicator_segment_specific": 0 }, "geometry": { "type": "Point", "coordinates": [ -117.190725303307005, 32.834412930870997 ] } },
{ "type": "Feature", "properties": { "service_id": "41", "provider_name": "Boys & Girls Clubs of North County", "site_name": "Administrative Office", "name": "Administrative Office", "type": "Youth Development and Enrichment", "programs": "Administration", "address": "205 W Alvarado St", "city": "Fallbrook", "zip": "92028", "lat": 33.382123461154997, "lon": -117.25255166482199, "tract_geoid": "06073018904", "total_population": 6860, "closest_stop_name": "Ivy St & Vine St", "closest_stop_dist_m": "253", "source": "https://bgcnorthcounty.org/join-a-club/clubhouse-location/", "geocode_status": "Match", "geocode_source": null, "geocode_review_needed": "No", "tier_num": 0, "tier_label": "Not counted in Youth Supports", "tier_weight": 0.0, "count_in_youth_supports": 0, "indicator_basic_navigation": 0, "indicator_youth_development": 1, "indicator_barrier_reduction": 0, "indicator_transition_pathways": 0, "indicator_segment_specific": 0 }, "geometry": { "type": "Point", "coordinates": [ -117.252551664821993, 33.382123461154997 ] } },
{ "type": "Feature", "properties": { "service_id": "42", "provider_name": "Boys & Girls Clubs of North County", "site_name": "Ingold Clubhouse", "name": "Ingold Clubhouse", "type": "Youth Development and Enrichment", "programs": "Afterschool program; youth development", "address": "445 E Ivy St", "city": "Fallbrook", "zip": "92028", "lat": 33.383619297891002, "lon": -117.247581448036, "tract_geoid": "06073018904", "total_population": 6860, "closest_stop_name": "Alvarado St & 388", "closest_stop_dist_m": "174", "source": "https://bgcnorthcounty.org/join-a-club/clubhouse-location/", "geocode_status": "Match", "geocode_source": null, "geocode_review_needed": "No", "tier_num": 2, "tier_label": "Tier 2: Youth Development and Enrichment", "tier_weight": 1.5, "count_in_youth_supports": 1, "indicator_basic_navigation": 0, "indicator_youth_development": 1, "indicator_barrier_reduction": 0, "indicator_transition_pathways": 0, "indicator_segment_specific": 0 }, "geometry": { "type": "Point", "coordinates": [ -117.247581448036001, 33.383619297891002 ] } },
{ "type": "Feature", "properties": { "service_id": "43", "provider_name": "Boys & Girls Clubs of North County", "site_name": "Fallbrook STEM Academy", "name": "Fallbrook STEM Academy", "type": "Youth Development and Enrichment", "programs": "School-site youth development", "address": "405 W Fallbrook St", "city": "Fallbrook", "zip": "92028", "lat": 33.376741461923999, "lon": -117.25520892236, "tract_geoid": "06073018904", "total_population": 6860, "closest_stop_name": "S Mission Rd & Fallbrook St", "closest_stop_dist_m": "189", "source": "https://bgcnorthcounty.org/join-a-club/school-sites/", "geocode_status": "Match", "geocode_source": null, "geocode_review_needed": "No", "tier_num": 2, "tier_label": "Tier 2: Youth Development and Enrichment", "tier_weight": 1.5, "count_in_youth_supports": 1, "indicator_basic_navigation": 0, "indicator_youth_development": 1, "indicator_barrier_reduction": 0, "indicator_transition_pathways": 0, "indicator_segment_specific": 0 }, "geometry": { "type": "Point", "coordinates": [ -117.255208922359998, 33.376741461923999 ] } },
{ "type": "Feature", "properties": { "service_id": "44", "provider_name": "Boys & Girls Clubs of North County", "site_name": "Maie Ellis Elementary", "name": "Maie Ellis Elementary", "type": "Youth Development and Enrichment", "programs": "School-site youth development", "address": "400 W Elder St", "city": "Fallbrook", "zip": "92028", "lat": 33.380195445737002, "lon": -117.25414283688499, "tract_geoid": "06073018904", "total_population": 6860, "closest_stop_name": "S Mission Rd & Beech St", "closest_stop_dist_m": "186", "source": "https://bgcnorthcounty.org/join-a-club/school-sites/", "geocode_status": "Match", "geocode_source": null, "geocode_review_needed": "No", "tier_num": 2, "tier_label": "Tier 2: Youth Development and Enrichment", "tier_weight": 1.5, "count_in_youth_supports": 1, "indicator_basic_navigation": 0, "indicator_youth_development": 1, "indicator_barrier_reduction": 0, "indicator_transition_pathways": 0, "indicator_segment_specific": 0 }, "geometry": { "type": "Point", "coordinates": [ -117.254142836884995, 33.380195445737002 ] } },
{ "type": "Feature", "properties": { "service_id": "45", "provider_name": "Boys & Girls Clubs of North County", "site_name": "Live Oak Elementary", "name": "Live Oak Elementary", "type": "Youth Development and Enrichment", "programs": "School-site youth development", "address": "1978 Reche Rd", "city": "Fallbrook", "zip": "92028", "lat": 33.369235946011003, "lon": -117.217843438763, "tract_geoid": "06073019001", "total_population": 6507, "closest_stop_name": "Alvarado St & Brandon Rd", "closest_stop_dist_m": "2922", "source": "https://bgcnorthcounty.org/join-a-club/school-sites/", "geocode_status": "Match", "geocode_source": null, "geocode_review_needed": "No", "tier_num": 2, "tier_label": "Tier 2: Youth Development and Enrichment", "tier_weight": 1.5, "count_in_youth_supports": 1, "indicator_basic_navigation": 0, "indicator_youth_development": 1, "indicator_barrier_reduction": 0, "indicator_transition_pathways": 0, "indicator_segment_specific": 0 }, "geometry": { "type": "Point", "coordinates": [ -117.217843438762998, 33.369235946011003 ] } },
{ "type": "Feature", "properties": { "service_id": "46", "provider_name": "Boys & Girls Clubs of North County", "site_name": "William H. Frazier Elementary", "name": "William H. Frazier Elementary", "type": "Youth Development and Enrichment", "programs": "School-site youth development", "address": "1835 Gum Tree Ln", "city": "Fallbrook", "zip": "92028", "lat": 33.387462867634, "lon": -117.224559415733, "tract_geoid": "06073019001", "total_population": 6507, "closest_stop_name": "Mission Rd & Brandon Rd", "closest_stop_dist_m": "1810", "source": "https://bgcnorthcounty.org/join-a-club/school-sites/", "geocode_status": "Match", "geocode_source": null, "geocode_review_needed": "No", "tier_num": 2, "tier_label": "Tier 2: Youth Development and Enrichment", "tier_weight": 1.5, "count_in_youth_supports": 1, "indicator_basic_navigation": 0, "indicator_youth_development": 1, "indicator_barrier_reduction": 0, "indicator_transition_pathways": 0, "indicator_segment_specific": 0 }, "geometry": { "type": "Point", "coordinates": [ -117.224559415732998, 33.387462867634 ] } },
{ "type": "Feature", "properties": { "service_id": "47", "provider_name": "Boys & Girls Clubs of North County", "site_name": "La Paloma Elementary", "name": "La Paloma Elementary", "type": "Youth Development and Enrichment", "programs": "School-site youth development", "address": "300 Heald Lane", "city": "Fallbrook", "zip": "92028", "lat": 33.378093869308003, "lon": -117.23539542451, "tract_geoid": "06073018904", "total_population": 6860, "closest_stop_name": "Alvarado St & Brandon Rd", "closest_stop_dist_m": "1018", "source": "https://bgcnorthcounty.org/join-a-club/school-sites/", "geocode_status": "Match", "geocode_source": null, "geocode_review_needed": "No", "tier_num": 2, "tier_label": "Tier 2: Youth Development and Enrichment", "tier_weight": 1.5, "count_in_youth_supports": 1, "indicator_basic_navigation": 0, "indicator_youth_development": 1, "indicator_barrier_reduction": 0, "indicator_transition_pathways": 0, "indicator_segment_specific": 0 }, "geometry": { "type": "Point", "coordinates": [ -117.235395424510003, 33.378093869308003 ] } },
{ "type": "Feature", "properties": { "service_id": "48", "provider_name": "Boys & Girls Clubs of North County", "site_name": "Turnagain Apartments", "name": "Turnagain Apartments", "type": "Youth Development and Enrichment", "programs": "Afterschool site", "address": "920 E Mission Rd", "city": "Fallbrook", "zip": "92028", "lat": 33.386730864889998, "lon": -117.24175623072701, "tract_geoid": "06073018903", "total_population": 5530, "closest_stop_name": "Mission Rd & Brandon Rd", "closest_stop_dist_m": "307", "source": "https://bgcnorthcounty.org/join-a-club/school-sites/", "geocode_status": "Match", "geocode_source": null, "geocode_review_needed": "No", "tier_num": 2, "tier_label": "Tier 2: Youth Development and Enrichment", "tier_weight": 1.5, "count_in_youth_supports": 1, "indicator_basic_navigation": 0, "indicator_youth_development": 1, "indicator_barrier_reduction": 0, "indicator_transition_pathways": 0, "indicator_segment_specific": 0 }, "geometry": { "type": "Point", "coordinates": [ -117.241756230727006, 33.386730864889998 ] } },
{ "type": "Feature", "properties": { "service_id": "49", "provider_name": "Boys & Girls Clubs of North County", "site_name": "Vallecitos Elementary School", "name": "Vallecitos Elementary School", "type": "Youth Development and Enrichment", "programs": "School-site youth development", "address": "5211 Fifth Street", "city": "Fallbrook", "zip": "92028", "lat": 33.413859860526003, "lon": -117.149504573222, "tract_geoid": "06073019002", "total_population": 4928, "closest_stop_name": "Pala Casino", "closest_stop_dist_m": "8104", "source": "https://bgcnorthcounty.org/join-a-club/school-sites/", "geocode_status": "Match", "geocode_source": null, "geocode_review_needed": "No", "tier_num": 2, "tier_label": "Tier 2: Youth Development and Enrichment", "tier_weight": 1.5, "count_in_youth_supports": 1, "indicator_basic_navigation": 0, "indicator_youth_development": 1, "indicator_barrier_reduction": 0, "indicator_transition_pathways": 0, "indicator_segment_specific": 0 }, "geometry": { "type": "Point", "coordinates": [ -117.149504573222004, 33.413859860526003 ] } },
{ "type": "Feature", "properties": { "service_id": "50", "provider_name": "Boys & Girls Club of South County", "site_name": "Odermatt Club & Administrative Office", "name": "Odermatt Club & Administrative Office", "type": "Youth Development and Enrichment", "programs": "Afterschool program; youth development", "address": "847 Encina Ave", "city": "Imperial Beach", "zip": "91932", "lat": 32.580118779979998, "lon": -117.115735920772, "tract_geoid": "06073010300", "total_population": 3884, "closest_stop_name": "9th St & Elm Av", "closest_stop_dist_m": "134", "source": "https://www.bgcscounty.org/program-services/locations", "geocode_status": "Match", "geocode_source": null, "geocode_review_needed": "No", "tier_num": 0, "tier_label": "Not counted in Youth Supports", "tier_weight": 0.0, "count_in_youth_supports": 0, "indicator_basic_navigation": 0, "indicator_youth_development": 1, "indicator_barrier_reduction": 0, "indicator_transition_pathways": 0, "indicator_segment_specific": 0 }, "geometry": { "type": "Point", "coordinates": [ -117.115735920771996, 32.580118779979998 ] } },
{ "type": "Feature", "properties": { "service_id": "51", "provider_name": "Boys & Girls Club of South County", "site_name": "Imperial Beach Club Site", "name": "Imperial Beach Club Site", "type": "Youth Development and Enrichment", "programs": "Afterschool program; youth development", "address": "425 Imperial Beach Blvd", "city": "Imperial Beach", "zip": "91932", "lat": 32.576544958120998, "lon": -117.123090608201, "tract_geoid": "06073010201", "total_population": 3327, "closest_stop_name": "Imperial Beach Bl & 4th St", "closest_stop_dist_m": "51", "source": "https://www.linkedin.com/company/bgcsouthcounty", "geocode_status": "Match", "geocode_source": null, "geocode_review_needed": "No", "tier_num": 2, "tier_label": "Tier 2: Youth Development and Enrichment", "tier_weight": 1.5, "count_in_youth_supports": 1, "indicator_basic_navigation": 0, "indicator_youth_development": 1, "indicator_barrier_reduction": 0, "indicator_transition_pathways": 0, "indicator_segment_specific": 0 }, "geometry": { "type": "Point", "coordinates": [ -117.123090608200997, 32.576544958120998 ] } },
{ "type": "Feature", "properties": { "service_id": "52", "provider_name": "Boys to Men Mentoring", "site_name": "Main Office", "name": "Main Office", "type": "Youth Development and Enrichment", "programs": "Open Community Mentoring; In-School Mentoring; Adventure Mountain Weekends", "address": "3322 Sweetwater Springs Blvd, Suite 102", "city": "Spring Valley", "zip": "91977", "lat": 32.738846745655003, "lon": -116.97250181712199, "tract_geoid": "06073013503", "total_population": 6247, "closest_stop_name": "Sweetwater Springs Bl & Rothgard Rd", "closest_stop_dist_m": "28", "source": "https://boystomen.org/san-diego/", "geocode_status": "Match", "geocode_source": null, "geocode_review_needed": "No", "tier_num": 2, "tier_label": "Tier 2: Youth Development and Enrichment", "tier_weight": 1.5, "count_in_youth_supports": 1, "indicator_basic_navigation": 0, "indicator_youth_development": 1, "indicator_barrier_reduction": 0, "indicator_transition_pathways": 0, "indicator_segment_specific": 0 }, "geometry": { "type": "Point", "coordinates": [ -116.972501817121994, 32.738846745655003 ] } },
{ "type": "Feature", "properties": { "service_id": "53", "provider_name": "Braille Institute - San Diego Office", "site_name": "San Diego Center", "name": "San Diego Center", "type": "Transition Pathways and Intensive Wraparound Support", "programs": "Tutoring & Dropout Prevention; School Supplies/Fees Assistance; General Workforce Preparation; Disability Support", "address": "9635 Granite Ridge Drive, Suite 130", "city": "San Diego", "zip": "92123", "lat": 32.805670565635999, "lon": -117.12081182294, "tract_geoid": "06073009306", "total_population": 5589, "closest_stop_name": "Daley Center Dr & Aero Dr", "closest_stop_dist_m": "323", "source": "https://www.brailleinstitute.org/locations/san-diego/", "geocode_status": "Match", "geocode_source": null, "geocode_review_needed": "No", "tier_num": 4, "tier_label": "Tier 4: Transition Pathways and Intensive Wraparound Support", "tier_weight": 2.5, "count_in_youth_supports": 1, "indicator_basic_navigation": 0, "indicator_youth_development": 1, "indicator_barrier_reduction": 1, "indicator_transition_pathways": 1, "indicator_segment_specific": 1 }, "geometry": { "type": "Point", "coordinates": [ -117.120811822939999, 32.805670565635999 ] } },
{ "type": "Feature", "properties": { "service_id": "54", "provider_name": "Brother Benno’s", "site_name": "Brother Benno's Center", "name": "Brother Benno's Center", "type": "Barrier-Reduction and Targeted Support", "programs": "Basic needs; meals; mail services; housing assistance; recovery support; benefits support", "address": "3260 Production Avenue", "city": "Oceanside", "zip": "92058", "lat": 33.215294344938002, "lon": -117.34861204642699, "tract_geoid": "06073018616", "total_population": 3358, "closest_stop_name": "Mission Av & Carolyn Cir", "closest_stop_dist_m": "213", "source": "https://brotherbenno.org/contact/", "geocode_status": "Match", "geocode_source": null, "geocode_review_needed": "No", "tier_num": 3, "tier_label": "Tier 3: Barrier-Reduction and Targeted Support", "tier_weight": 2.0, "count_in_youth_supports": 1, "indicator_basic_navigation": 0, "indicator_youth_development": 0, "indicator_barrier_reduction": 1, "indicator_transition_pathways": 0, "indicator_segment_specific": 0 }, "geometry": { "type": "Point", "coordinates": [ -117.348612046426993, 33.215294344938002 ] } },
{ "type": "Feature", "properties": { "service_id": "55", "provider_name": "Building Skills Partnership", "site_name": "San Diego Office", "name": "San Diego Office", "type": "Transition Pathways and Intensive Wraparound Support", "programs": "Occupational Skills Training; Financial Literacy; Workforce Development", "address": "4001 El Cajon Blvd", "city": "San Diego", "zip": "92105", "lat": 32.755113936061001, "lon": -117.10816297641099, "tract_geoid": "06073002202", "total_population": 4604, "closest_stop_name": "I-15 Ramp & El Cajon Bl", "closest_stop_dist_m": "20", "source": "https://www.buildingskills.org/contact", "geocode_status": "Match", "geocode_source": null, "geocode_review_needed": "No", "tier_num": 4, "tier_label": "Tier 4: Transition Pathways and Intensive Wraparound Support", "tier_weight": 2.5, "count_in_youth_supports": 1, "indicator_basic_navigation": 0, "indicator_youth_development": 0, "indicator_barrier_reduction": 0, "indicator_transition_pathways": 1, "indicator_segment_specific": 0 }, "geometry": { "type": "Point", "coordinates": [ -117.108162976410995, 32.755113936061001 ] } },
{ "type": "Feature", "properties": { "service_id": "56", "provider_name": "Casa de Amistad", "site_name": "Casa de Amistad", "name": "Casa de Amistad", "type": "Transition Pathways and Intensive Wraparound Support", "programs": "Tutoring & Dropout Prevention; School Supplies/Fees Assistance; General Workforce Preparation", "address": "120 Stevens Avenue", "city": "Solana Beach", "zip": "92075", "lat": 32.995771024223998, "lon": -117.262461838126, "tract_geoid": "06073017308", "total_population": 2388, "closest_stop_name": "Lomas Santa Fe Dr & Hilmen Dr", "closest_stop_dist_m": "169", "source": "https://www.casadeamistad.org/contact", "geocode_status": "Match", "geocode_source": null, "geocode_review_needed": "No", "tier_num": 4, "tier_label": "Tier 4: Transition Pathways and Intensive Wraparound Support", "tier_weight": 2.5, "count_in_youth_supports": 1, "indicator_basic_navigation": 0, "indicator_youth_development": 1, "indicator_barrier_reduction": 0, "indicator_transition_pathways": 1, "indicator_segment_specific": 0 }, "geometry": { "type": "Point", "coordinates": [ -117.262461838126001, 32.995771024223998 ] } },
{ "type": "Feature", "properties": { "service_id": "57", "provider_name": "Casa De Amparo", "site_name": "Casa de Amparo", "name": "Casa de Amparo", "type": "Transition Pathways and Intensive Wraparound Support", "programs": "Tutoring; Alternative Secondary School Services; Workforce Preparation; Housing Assistance; Transportation; Referrals", "address": "325 Buena Creek Road", "city": "San Marcos", "zip": "92069", "lat": 33.183058028066, "lon": -117.160350409119, "tract_geoid": "06073020038", "total_population": 5685, "closest_stop_name": "Mission Rd & Mulberry Dr", "closest_stop_dist_m": "4325", "source": "https://www.casadeamparo.org/contact", "geocode_status": "Match", "geocode_source": null, "geocode_review_needed": "No", "tier_num": 4, "tier_label": "Tier 4: Transition Pathways and Intensive Wraparound Support", "tier_weight": 2.5, "count_in_youth_supports": 1, "indicator_basic_navigation": 0, "indicator_youth_development": 1, "indicator_barrier_reduction": 1, "indicator_transition_pathways": 1, "indicator_segment_specific": 0 }, "geometry": { "type": "Point", "coordinates": [ -117.160350409119005, 33.183058028066 ] } },
{ "type": "Feature", "properties": { "service_id": "58", "provider_name": "Casa Familiar", "site_name": "Andrea Skorepa Social Services Center", "name": "Andrea Skorepa Social Services Center", "type": "Barrier-Reduction and Targeted Support", "programs": "Referrals; Social Services; Family/Community Support", "address": "119 W Hall Ave", "city": "San Ysidro", "zip": "92173", "lat": 32.554672548233, "lon": -117.04540293194501, "tract_geoid": "06073010013", "total_population": 5259, "closest_stop_name": "San Ysidro Bl & Cypress Dr", "closest_stop_dist_m": "200", "source": "https://www.casafamiliar.org/faq_category/location/", "geocode_status": "Match", "geocode_source": null, "geocode_review_needed": "No", "tier_num": 3, "tier_label": "Tier 3: Barrier-Reduction and Targeted Support", "tier_weight": 2.0, "count_in_youth_supports": 1, "indicator_basic_navigation": 0, "indicator_youth_development": 0, "indicator_barrier_reduction": 1, "indicator_transition_pathways": 0, "indicator_segment_specific": 0 }, "geometry": { "type": "Point", "coordinates": [ -117.045402931945006, 32.554672548233 ] } },
{ "type": "Feature", "properties": { "service_id": "59", "provider_name": "Casa Familiar", "site_name": "Financial Opportunities Center", "name": "Financial Opportunities Center", "type": "Barrier-Reduction and Targeted Support", "programs": "Financial Opportunity; Workforce/Financial Navigation", "address": "161 W San Ysidro Blvd", "city": "San Diego", "zip": "92173", "lat": 32.553261904685002, "lon": -117.04658244519401, "tract_geoid": "06073010013", "total_population": 5259, "closest_stop_name": "San Ysidro Bl & Via De San Ysidro", "closest_stop_dist_m": "81", "source": "https://www.casafamiliar.org/faq_category/location/", "geocode_status": "Match", "geocode_source": null, "geocode_review_needed": "No", "tier_num": 4, "tier_label": "Tier 4: Transition Pathways and Intensive Wraparound Support", "tier_weight": 2.5, "count_in_youth_supports": 1, "indicator_basic_navigation": 1, "indicator_youth_development": 0, "indicator_barrier_reduction": 1, "indicator_transition_pathways": 1, "indicator_segment_specific": 0 }, "geometry": { "type": "Point", "coordinates": [ -117.046582445194005, 32.553261904685002 ] } },
{ "type": "Feature", "properties": { "service_id": "60", "provider_name": "Casa Familiar", "site_name": "The Front Arte & Cultura", "name": "The Front Arte & Cultura", "type": "Youth Development and Enrichment", "programs": "Arts, Culture, Youth/Community Engagement", "address": "147 W San Ysidro Blvd", "city": "San Diego", "zip": "92173", "lat": 32.553047538390999, "lon": -117.046096968684, "tract_geoid": "06073010013", "total_population": 5259, "closest_stop_name": "San Ysidro Bl & Via De San Ysidro", "closest_stop_dist_m": "31", "source": "https://www.casafamiliar.org/faq-items/the-front-arte-cultura/", "geocode_status": "Match", "geocode_source": null, "geocode_review_needed": "No", "tier_num": 2, "tier_label": "Tier 2: Youth Development and Enrichment", "tier_weight": 1.5, "count_in_youth_supports": 1, "indicator_basic_navigation": 0, "indicator_youth_development": 1, "indicator_barrier_reduction": 0, "indicator_transition_pathways": 0, "indicator_segment_specific": 0 }, "geometry": { "type": "Point", "coordinates": [ -117.046096968683997, 32.553047538390999 ] } },
{ "type": "Feature", "properties": { "service_id": "61", "provider_name": "Casa Familiar", "site_name": "San Ysidro Recreation & Community Center", "name": "San Ysidro Recreation & Community Center", "type": "Youth Development and Enrichment", "programs": "Youth Services; Community Center Programming", "address": "268 East Park Ave", "city": "San Ysidro", "zip": "92173", "lat": 32.556593410281003, "lon": -117.044010552492, "tract_geoid": "06073010013", "total_population": 5259, "closest_stop_name": "Beyer Blvd Station", "closest_stop_dist_m": "281", "source": "https://www.casafamiliar.org/faq-items/san-ysidro-recreation-and-community-center/", "geocode_status": "Match", "geocode_source": null, "geocode_review_needed": "No", "tier_num": 2, "tier_label": "Tier 2: Youth Development and Enrichment", "tier_weight": 1.5, "count_in_youth_supports": 1, "indicator_basic_navigation": 0, "indicator_youth_development": 1, "indicator_barrier_reduction": 0, "indicator_transition_pathways": 0, "indicator_segment_specific": 0 }, "geometry": { "type": "Point", "coordinates": [ -117.044010552491997, 32.556593410281003 ] } },
{ "type": "Feature", "properties": { "service_id": "62", "provider_name": "Casa Familiar", "site_name": "San Ysidro Civic Center", "name": "San Ysidro Civic Center", "type": "Youth Development and Enrichment", "programs": "Community/Civic Center Services", "address": "212 West Park Ave", "city": "San Ysidro", "zip": "92173", "lat": 32.554856224293999, "lon": -117.04444193917, "tract_geoid": "06073010013", "total_population": 5259, "closest_stop_name": "San Ysidro Bl & Cypress Dr", "closest_stop_dist_m": "250", "source": "https://www.casafamiliar.org/faq_category/location/", "geocode_status": "Match", "geocode_source": null, "geocode_review_needed": "No", "tier_num": 2, "tier_label": "Tier 2: Youth Development and Enrichment", "tier_weight": 1.5, "count_in_youth_supports": 1, "indicator_basic_navigation": 0, "indicator_youth_development": 1, "indicator_barrier_reduction": 0, "indicator_transition_pathways": 0, "indicator_segment_specific": 0 }, "geometry": { "type": "Point", "coordinates": [ -117.04444193917, 32.554856224293999 ] } },
{ "type": "Feature", "properties": { "service_id": "63", "provider_name": "Center for Community Solutions - Catholic Charities Diocese of San Diego", "site_name": "Center for Community Solutions - Coastal Office", "name": "Center for Community Solutions - Coastal Office", "type": "Barrier-Reduction and Targeted Support", "programs": "Housing Assistance; Legal Aid; Counseling; Support Services", "address": "4508 Mission Bay Drive", "city": "San Diego", "zip": "92109", "lat": 32.803330313886001, "lon": -117.217046119302, "tract_geoid": "06073007800", "total_population": 5853, "closest_stop_name": "Grand Av & Mission Bay Dr", "closest_stop_dist_m": "104", "source": "https://www.ccssd.org/contact-us", "geocode_status": "Match", "geocode_source": null, "geocode_review_needed": "No", "tier_num": 3, "tier_label": "Tier 3: Barrier-Reduction and Targeted Support", "tier_weight": 2.0, "count_in_youth_supports": 1, "indicator_basic_navigation": 0, "indicator_youth_development": 0, "indicator_barrier_reduction": 1, "indicator_transition_pathways": 0, "indicator_segment_specific": 0 }, "geometry": { "type": "Point", "coordinates": [ -117.217046119301997, 32.803330313886001 ] } },
{ "type": "Feature", "properties": { "service_id": "64", "provider_name": "Center for Community Solutions - Catholic Charities Diocese of San Diego", "site_name": "Center for Community Solutions - North County Office", "name": "Center for Community Solutions - North County Office", "type": "Barrier-Reduction and Targeted Support", "programs": "Housing Assistance; Legal Aid; Counseling; Support Services", "address": "210 S Juniper St, Suite 101", "city": "Escondido", "zip": "92025", "lat": 33.122006967132997, "lon": -117.077947528205, "tract_geoid": "06073020602", "total_population": 6320, "closest_stop_name": "Valley Pkwy & Juniper St", "closest_stop_dist_m": "266", "source": "https://www.ccssd.org/contact-us", "geocode_status": "Match", "geocode_source": null, "geocode_review_needed": "No", "tier_num": 3, "tier_label": "Tier 3: Barrier-Reduction and Targeted Support", "tier_weight": 2.0, "count_in_youth_supports": 1, "indicator_basic_navigation": 0, "indicator_youth_development": 0, "indicator_barrier_reduction": 1, "indicator_transition_pathways": 0, "indicator_segment_specific": 0 }, "geometry": { "type": "Point", "coordinates": [ -117.077947528205002, 33.122006967132997 ] } },
{ "type": "Feature", "properties": { "service_id": "65", "provider_name": "Center for Employment Opportunities - San Diego", "site_name": "CEO San Diego", "name": "CEO San Diego", "type": "Transition Pathways and Intensive Wraparound Support", "programs": "Paid Work Experience; Occupational Skills Training; General Workforce Preparation", "address": "303 A Street, Suite 100", "city": "San Diego", "zip": "92101", "lat": 32.718780943125999, "lon": -117.161944540316, "tract_geoid": "06073005302", "total_population": 4426, "closest_stop_name": "4th Av & Ash St", "closest_stop_dist_m": "111", "source": "https://www.ceoworks.org/locations/san-diego", "geocode_status": "Match", "geocode_source": null, "geocode_review_needed": "No", "tier_num": 4, "tier_label": "Tier 4: Transition Pathways and Intensive Wraparound Support", "tier_weight": 2.5, "count_in_youth_supports": 1, "indicator_basic_navigation": 0, "indicator_youth_development": 0, "indicator_barrier_reduction": 0, "indicator_transition_pathways": 1, "indicator_segment_specific": 0 }, "geometry": { "type": "Point", "coordinates": [ -117.161944540316, 32.718780943125999 ] } },
{ "type": "Feature", "properties": { "service_id": "66", "provider_name": "Chicano Federation", "site_name": "Central Office", "name": "Central Office", "type": "Transition Pathways and Intensive Wraparound Support", "programs": "Leadership Development; Workforce Preparation; Housing Assistance; Referrals; Transportation; Childcare", "address": "3180 University Ave, Suite 400", "city": "San Diego", "zip": "92104", "lat": 32.748532529127999, "lon": -117.12553689977599, "tract_geoid": "06073001600", "total_population": 6014, "closest_stop_name": "University Av & Herman Av", "closest_stop_dist_m": "15", "source": "https://chicanofed.org/contact", "geocode_status": "Match", "geocode_source": null, "geocode_review_needed": "No", "tier_num": 4, "tier_label": "Tier 4: Transition Pathways and Intensive Wraparound Support", "tier_weight": 2.5, "count_in_youth_supports": 1, "indicator_basic_navigation": 0, "indicator_youth_development": 1, "indicator_barrier_reduction": 1, "indicator_transition_pathways": 1, "indicator_segment_specific": 0 }, "geometry": { "type": "Point", "coordinates": [ -117.125536899775994, 32.748532529127999 ] } },
{ "type": "Feature", "properties": { "service_id": "67", "provider_name": "Community Research Foundation Behavioral Healthcare", "site_name": "CRF Behavioral Healthcare Headquarters", "name": "CRF Behavioral Healthcare Headquarters", "type": "Barrier-Reduction and Targeted Support", "programs": "Housing Assistance; Health Services; Transportation; Benefits Assistance; Support Services", "address": "1202 Morena Boulevard, Suite 100", "city": "San Diego", "zip": "92110", "lat": 32.769881089201, "lon": -117.201630138927, "tract_geoid": "06073009108", "total_population": 2133, "closest_stop_name": "Morena Bl & Naples St", "closest_stop_dist_m": "18", "source": "https://www.crfbehavioralhealthcare.org/", "geocode_status": "Match", "geocode_source": null, "geocode_review_needed": "No", "tier_num": 3, "tier_label": "Tier 3: Barrier-Reduction and Targeted Support", "tier_weight": 2.0, "count_in_youth_supports": 1, "indicator_basic_navigation": 0, "indicator_youth_development": 0, "indicator_barrier_reduction": 1, "indicator_transition_pathways": 0, "indicator_segment_specific": 0 }, "geometry": { "type": "Point", "coordinates": [ -117.201630138927001, 32.769881089201 ] } },
{ "type": "Feature", "properties": { "service_id": "68", "provider_name": "Community Resource Center", "site_name": "Social Services / Administration / Food & Nutrition Center", "name": "Social Services / Administration / Food & Nutrition Center", "type": "Barrier-Reduction and Targeted Support", "programs": "Housing Assistance; Counseling; Health/Support Services", "address": "650 2nd Street", "city": "Encinitas", "zip": "92024", "lat": 33.043908659141998, "lon": -117.294583819671, "tract_geoid": "06073017501", "total_population": 2855, "closest_stop_name": "Encinitas Station Stall 5", "closest_stop_dist_m": "232", "source": "https://crcncc.org/contact/", "geocode_status": "Match", "geocode_source": null, "geocode_review_needed": "No", "tier_num": 3, "tier_label": "Tier 3: Barrier-Reduction and Targeted Support", "tier_weight": 2.0, "count_in_youth_supports": 1, "indicator_basic_navigation": 0, "indicator_youth_development": 0, "indicator_barrier_reduction": 1, "indicator_transition_pathways": 0, "indicator_segment_specific": 0 }, "geometry": { "type": "Point", "coordinates": [ -117.294583819671004, 33.043908659141998 ] } },
{ "type": "Feature", "properties": { "service_id": "69", "provider_name": "Community Resource Center", "site_name": "Encinitas Resale Store", "name": "Encinitas Resale Store", "type": "Barrier-Reduction and Targeted Support", "programs": "Resale Store / Community Support", "address": "1331 Encinitas Blvd", "city": "Encinitas", "zip": "92024", "lat": 33.045899914219, "lon": -117.260681134167, "tract_geoid": "06073017403", "total_population": 4730, "closest_stop_name": "Encinitas Bl & Beechtree Dr", "closest_stop_dist_m": "134", "source": "https://crcncc.org/contact/", "geocode_status": "Match", "geocode_source": null, "geocode_review_needed": "No", "tier_num": 3, "tier_label": "Tier 3: Barrier-Reduction and Targeted Support", "tier_weight": 2.0, "count_in_youth_supports": 1, "indicator_basic_navigation": 0, "indicator_youth_development": 0, "indicator_barrier_reduction": 1, "indicator_transition_pathways": 0, "indicator_segment_specific": 0 }, "geometry": { "type": "Point", "coordinates": [ -117.260681134167001, 33.045899914219 ] } },
{ "type": "Feature", "properties": { "service_id": "70", "provider_name": "Computers 2 Kids (C2K)", "site_name": "Computers 2 Kids", "name": "Computers 2 Kids", "type": "Youth Development and Enrichment", "programs": "School Supplies/Technology Assistance; Education & Employment Support", "address": "8324 Miramar Mall", "city": "San Diego", "zip": "92121", "lat": 32.880109338742002, "lon": -117.183013379735, "tract_geoid": "06073008350", "total_population": 6722, "closest_stop_name": "Miramar Rd & Miramar Mall", "closest_stop_dist_m": "333", "source": "https://c2k.org/", "geocode_status": "Match", "geocode_source": null, "geocode_review_needed": "No", "tier_num": 2, "tier_label": "Tier 2: Youth Development and Enrichment", "tier_weight": 1.5, "count_in_youth_supports": 1, "indicator_basic_navigation": 0, "indicator_youth_development": 1, "indicator_barrier_reduction": 0, "indicator_transition_pathways": 0, "indicator_segment_specific": 0 }, "geometry": { "type": "Point", "coordinates": [ -117.183013379735002, 32.880109338742002 ] } },
{ "type": "Feature", "properties": { "service_id": "71", "provider_name": "David’s Harp Foundation", "site_name": "David's Harp Foundation", "name": "David's Harp Foundation", "type": "Transition Pathways and Intensive Wraparound Support", "programs": "School supplies/fees assistance; Leadership Development; Paid and Unpaid Work Experiences; Occupational Skills Training; Referrals; Creative/media education", "address": "705 16th Street", "city": "San Diego", "zip": "92101", "lat": 32.712723471528001, "lon": -117.149396504834, "tract_geoid": "06073005201", "total_population": 3503, "closest_stop_name": "Market St & 16th St", "closest_stop_dist_m": "123", "source": "https://davidsharpfoundation.org/contact-us/", "geocode_status": "Match", "geocode_source": null, "geocode_review_needed": "No", "tier_num": 4, "tier_label": "Tier 4: Transition Pathways and Intensive Wraparound Support", "tier_weight": 2.5, "count_in_youth_supports": 1, "indicator_basic_navigation": 0, "indicator_youth_development": 1, "indicator_barrier_reduction": 0, "indicator_transition_pathways": 1, "indicator_segment_specific": 0 }, "geometry": { "type": "Point", "coordinates": [ -117.149396504834002, 32.712723471528001 ] } },
{ "type": "Feature", "properties": { "service_id": "72", "provider_name": "Deaf Community Services of San Diego County", "site_name": "Deaf Community Services Headquarters", "name": "Deaf Community Services Headquarters", "type": "Transition Pathways and Intensive Wraparound Support", "programs": "General Workforce Preparation; Reasonable Accommodations; Other Education & Employment Services", "address": "2240 Cleveland Ave", "city": "National City", "zip": "91950", "lat": 32.661088385112997, "lon": -117.110346610696, "tract_geoid": "06073021900", "total_population": 5794, "closest_stop_name": "24th Street Station", "closest_stop_dist_m": "231", "source": "https://deafcommunityservices.org/contact/", "geocode_status": "Match", "geocode_source": null, "geocode_review_needed": "No", "tier_num": 4, "tier_label": "Tier 4: Transition Pathways and Intensive Wraparound Support", "tier_weight": 2.5, "count_in_youth_supports": 1, "indicator_basic_navigation": 0, "indicator_youth_development": 0, "indicator_barrier_reduction": 1, "indicator_transition_pathways": 1, "indicator_segment_specific": 0 }, "geometry": { "type": "Point", "coordinates": [ -117.110346610695998, 32.661088385112997 ] } },
{ "type": "Feature", "properties": { "service_id": "73", "provider_name": "DETOUR", "site_name": "DETOUR Empowers", "name": "DETOUR Empowers", "type": "Transition Pathways and Intensive Wraparound Support", "programs": "College/career access; Leadership Development; Paid and Unpaid Work Experiences; Occupational Skills Training; Workforce Preparation; Follow Up Services; Work attire/tools assistance; Referrals; Transportation", "address": "404 Euclid Avenue, Suite 329", "city": "San Diego", "zip": "92114", "lat": 32.708965058715997, "lon": -117.085059881181, "tract_geoid": "06073003304", "total_population": 3319, "closest_stop_name": "Euclid Av & Unity Place Drwy", "closest_stop_dist_m": "8", "source": "https://detourempowers.org/contact/", "geocode_status": "Match", "geocode_source": null, "geocode_review_needed": "No", "tier_num": 4, "tier_label": "Tier 4: Transition Pathways and Intensive Wraparound Support", "tier_weight": 2.5, "count_in_youth_supports": 1, "indicator_basic_navigation": 0, "indicator_youth_development": 1, "indicator_barrier_reduction": 1, "indicator_transition_pathways": 1, "indicator_segment_specific": 0 }, "geometry": { "type": "Point", "coordinates": [ -117.085059881180996, 32.708965058715997 ] } },
{ "type": "Feature", "properties": { "service_id": "74", "provider_name": "Dreams & Ducats", "site_name": "DREAMS+DUCATS", "name": "DREAMS+DUCATS", "type": "Transition Pathways and Intensive Wraparound Support", "programs": "School supplies/fees assistance; Leadership Development; Occupational Skills Training; Workforce Preparation; Entrepreneurship Skills Training; Other Education & Employment Services", "address": "1007 5th Ave, Apt 504", "city": "San Diego", "zip": "92101", "lat": 32.715812470282003, "lon": -117.160090994065, "tract_geoid": "06073005301", "total_population": 3849, "closest_stop_name": "Broadway & 5th Av", "closest_stop_dist_m": "7", "source": "https://dreamsducats.org/", "geocode_status": "Match", "geocode_source": null, "geocode_review_needed": "No", "tier_num": 4, "tier_label": "Tier 4: Transition Pathways and Intensive Wraparound Support", "tier_weight": 2.5, "count_in_youth_supports": 1, "indicator_basic_navigation": 0, "indicator_youth_development": 1, "indicator_barrier_reduction": 0, "indicator_transition_pathways": 1, "indicator_segment_specific": 0 }, "geometry": { "type": "Point", "coordinates": [ -117.160090994065001, 32.715812470282003 ] } },
{ "type": "Feature", "properties": { "service_id": "75", "provider_name": "Dreams & Ducats", "site_name": "San Diego Made Factory", "name": "San Diego Made Factory", "type": "Transition Pathways and Intensive Wraparound Support", "programs": "Financial wellness/community learning event site", "address": "2031 Commercial Street", "city": "San Diego", "zip": "92113", "lat": 32.705172943908003, "lon": -117.145482057021, "tract_geoid": "06073004900", "total_population": 5366, "closest_stop_name": "Imperial Av & 21st St", "closest_stop_dist_m": "152", "source": "https://www.sandiego.gov/event/dreams-ducats-presents-cream", "geocode_status": "Match", "geocode_source": null, "geocode_review_needed": "No", "tier_num": 4, "tier_label": "Tier 4: Transition Pathways and Intensive Wraparound Support", "tier_weight": 2.5, "count_in_youth_supports": 1, "indicator_basic_navigation": 0, "indicator_youth_development": 0, "indicator_barrier_reduction": 0, "indicator_transition_pathways": 1, "indicator_segment_specific": 0 }, "geometry": { "type": "Point", "coordinates": [ -117.145482057020999, 32.705172943908003 ] } },
{ "type": "Feature", "properties": { "service_id": "76", "provider_name": "Epiphany Women In Focus", "site_name": "T.H.E C.I.R.C.L.E by Epiphany", "name": "T.H.E C.I.R.C.L.E by Epiphany", "type": "Transition Pathways and Intensive Wraparound Support", "programs": "General Workforce Preparation; Housing Assistance; Referrals; Legal Aid Services; Restorative practices; Healing circles", "address": "5081 Logan Avenue", "city": "San Diego", "zip": "92113", "lat": 32.696703941891002, "lon": -117.085926345765, "tract_geoid": "06073003305", "total_population": 6200, "closest_stop_name": "Logan Av & Euclid Av", "closest_stop_dist_m": "70", "source": "https://thecirclebyepiphany.org/", "geocode_status": "Match", "geocode_source": null, "geocode_review_needed": "No", "tier_num": 4, "tier_label": "Tier 4: Transition Pathways and Intensive Wraparound Support", "tier_weight": 2.5, "count_in_youth_supports": 1, "indicator_basic_navigation": 0, "indicator_youth_development": 0, "indicator_barrier_reduction": 1, "indicator_transition_pathways": 1, "indicator_segment_specific": 0 }, "geometry": { "type": "Point", "coordinates": [ -117.085926345765003, 32.696703941891002 ] } },
{ "type": "Feature", "properties": { "service_id": "77", "provider_name": "Epiphany Women In Focus", "site_name": "Epiphany Women In Focus Alternate Listing", "name": "Epiphany Women In Focus Alternate Listing", "type": "Transition Pathways and Intensive Wraparound Support", "programs": "General Workforce Preparation; Housing Assistance; Referrals; Legal Aid Services; Restorative practices; Healing circles", "address": "6125 Imperial Ave", "city": "San Diego", "zip": "92114", "lat": 32.709546080471, "lon": -117.06582479058901, "tract_geoid": "06073003112", "total_population": 4261, "closest_stop_name": "Imperial Av & 62nd St", "closest_stop_dist_m": "155", "source": "https://business.sdblackchamber.org/list/member/epiphany-women-in-focus-102", "geocode_status": "Match", "geocode_source": null, "geocode_review_needed": "No", "tier_num": 4, "tier_label": "Tier 4: Transition Pathways and Intensive Wraparound Support", "tier_weight": 2.5, "count_in_youth_supports": 1, "indicator_basic_navigation": 0, "indicator_youth_development": 0, "indicator_barrier_reduction": 1, "indicator_transition_pathways": 1, "indicator_segment_specific": 0 }, "geometry": { "type": "Point", "coordinates": [ -117.065824790589005, 32.709546080471 ] } },
{ "type": "Feature", "properties": { "service_id": "78", "provider_name": "Epiphany Women In Focus", "site_name": "Epiphany Women In Focus IRS/Mailing Listing", "name": "Epiphany Women In Focus IRS/Mailing Listing", "type": "Transition Pathways and Intensive Wraparound Support", "programs": "General Workforce Preparation; Housing Assistance; Referrals; Legal Aid Services; Restorative practices; Healing circles", "address": "1730 Euclid Ave, Unit 1", "city": "San Diego", "zip": "92105", "lat": 32.723352169218998, "lon": -117.08500655695801, "tract_geoid": "06073003401", "total_population": 6109, "closest_stop_name": "Euclid Av & 54th St", "closest_stop_dist_m": "11", "source": "https://www.charitynavigator.org/ein/270160478", "geocode_status": "Match", "geocode_source": null, "geocode_review_needed": "No", "tier_num": 4, "tier_label": "Tier 4: Transition Pathways and Intensive Wraparound Support", "tier_weight": 2.5, "count_in_youth_supports": 1, "indicator_basic_navigation": 0, "indicator_youth_development": 0, "indicator_barrier_reduction": 1, "indicator_transition_pathways": 1, "indicator_segment_specific": 0 }, "geometry": { "type": "Point", "coordinates": [ -117.085006556958007, 32.723352169218998 ] } },
{ "type": "Feature", "properties": { "service_id": "79", "provider_name": "Escondido Education COMPACT", "site_name": "Escondido Education COMPACT New Office", "name": "Escondido Education COMPACT New Office", "type": "Transition Pathways and Intensive Wraparound Support", "programs": "Tutoring & Dropout Prevention; Leadership Development; Workforce Preparation; Transportation; Benefits Assistance; Juvenile Diversion; Case Management", "address": "355 W Grand Ave", "city": "Escondido", "zip": "92025", "lat": 33.119883077444001, "lon": -117.084887744646, "tract_geoid": "06073020214", "total_population": 4643, "closest_stop_name": "Valley Pkwy & Escondido Bl", "closest_stop_dist_m": "133", "source": "https://www.educationcompact.org/", "geocode_status": "Match", "geocode_source": null, "geocode_review_needed": "No", "tier_num": 4, "tier_label": "Tier 4: Transition Pathways and Intensive Wraparound Support", "tier_weight": 2.5, "count_in_youth_supports": 1, "indicator_basic_navigation": 0, "indicator_youth_development": 1, "indicator_barrier_reduction": 1, "indicator_transition_pathways": 1, "indicator_segment_specific": 0 }, "geometry": { "type": "Point", "coordinates": [ -117.084887744645997, 33.119883077444001 ] } },
{ "type": "Feature", "properties": { "service_id": "80", "provider_name": "Escondido Education COMPACT", "site_name": "Escondido Education COMPACT Older/Main Listed Office", "name": "Escondido Education COMPACT Older/Main Listed Office", "type": "Transition Pathways and Intensive Wraparound Support", "programs": "Tutoring & Dropout Prevention; Leadership Development; Workforce Preparation; Transportation; Benefits Assistance; Juvenile Diversion; Case Management", "address": "220 S Broadway", "city": "Escondido", "zip": "92025", "lat": 33.120572878118999, "lon": -117.080627957345, "tract_geoid": "06073020601", "total_population": 6208, "closest_stop_name": "2nd Av & Broadway", "closest_stop_dist_m": "32", "source": "https://www.educationcompact.org/contact-us", "geocode_status": "Match", "geocode_source": null, "geocode_review_needed": "No", "tier_num": 4, "tier_label": "Tier 4: Transition Pathways and Intensive Wraparound Support", "tier_weight": 2.5, "count_in_youth_supports": 1, "indicator_basic_navigation": 0, "indicator_youth_development": 1, "indicator_barrier_reduction": 1, "indicator_transition_pathways": 1, "indicator_segment_specific": 0 }, "geometry": { "type": "Point", "coordinates": [ -117.080627957345001, 33.120572878118999 ] } },
{ "type": "Feature", "properties": { "service_id": "81", "provider_name": "Family Health Centers of San Diego", "site_name": "FamilyHealth-Youth Counseling Center", "name": "FamilyHealth-Youth Counseling Center", "type": "Move to Health Opportunity domain", "programs": "Drug & Mental Health Counseling; Health Services", "address": "2130 National Avenue", "city": "San Diego", "zip": "92113", "lat": 32.6982799, "lon": -117.1409288, "tract_geoid": "06073005000", "total_population": 1919, "closest_stop_name": "Logan Av & Sampson St", "closest_stop_dist_m": "142", "source": "https://www.fhcsd.org/familyhealth-youth-counseling-center/", "geocode_status": null, "geocode_source": null, "geocode_review_needed": "No", "tier_num": 0, "tier_label": "Not counted in Youth Supports", "tier_weight": 0.0, "count_in_youth_supports": 0, "indicator_basic_navigation": 0, "indicator_youth_development": 0, "indicator_barrier_reduction": 0, "indicator_transition_pathways": 0, "indicator_segment_specific": 0 }, "geometry": { "type": "Point", "coordinates": [ -117.1409288, 32.6982799 ] } },
{ "type": "Feature", "properties": { "service_id": "82", "provider_name": "Family Health Centers of San Diego", "site_name": "Healthy Development Services - Central", "name": "Healthy Development Services - Central", "type": "Move to Health Opportunity domain", "programs": "Healthy Development Services; pediatric developmental services; social-emotional/behavioral services; parent coaching and therapy", "address": "2044 1st Avenue #200", "city": "San Diego", "zip": "92101", "lat": 32.7266381, "lon": -117.1641901, "tract_geoid": "06073005700", "total_population": 2451, "closest_stop_name": "1st Av & Grape St", "closest_stop_dist_m": "87", "source": "https://www.fhcsd.org/healthy-development-services-central/", "geocode_status": null, "geocode_source": null, "geocode_review_needed": "No", "tier_num": 0, "tier_label": "Not counted in Youth Supports", "tier_weight": 0.0, "count_in_youth_supports": 0, "indicator_basic_navigation": 0, "indicator_youth_development": 0, "indicator_barrier_reduction": 0, "indicator_transition_pathways": 0, "indicator_segment_specific": 0 }, "geometry": { "type": "Point", "coordinates": [ -117.1641901, 32.7266381 ] } },
{ "type": "Feature", "properties": { "service_id": "83", "provider_name": "Family Health Centers of San Diego", "site_name": "Family Health Centers of San Diego Administration", "name": "Family Health Centers of San Diego Administration", "type": "Administrative / not a service site", "programs": "Administrative office only", "address": "823 Gateway Center Way", "city": "San Diego", "zip": "92102", "lat": 32.714955633674002, "lon": -117.113935427524, "tract_geoid": "06073003403", "total_population": 3416, "closest_stop_name": "Market St & Gateway Center Wy", "closest_stop_dist_m": "393", "source": "https://www.fhcsd.org/contact-us/", "geocode_status": "Match", "geocode_source": null, "geocode_review_needed": "No", "tier_num": 0, "tier_label": "Not counted in Youth Supports", "tier_weight": 0.0, "count_in_youth_supports": 0, "indicator_basic_navigation": 0, "indicator_youth_development": 0, "indicator_barrier_reduction": 0, "indicator_transition_pathways": 0, "indicator_segment_specific": 0 }, "geometry": { "type": "Point", "coordinates": [ -117.113935427523998, 32.714955633674002 ] } },
{ "type": "Feature", "properties": { "service_id": "84", "provider_name": "Father Joe’s Villages", "site_name": "Father Joe's Villages / St. Vincent de Paul Village", "name": "Father Joe's Villages / St. Vincent de Paul Village", "type": "Transition Pathways and Intensive Wraparound Support", "programs": "Tutoring & Dropout Prevention; Occupational Skills Training; General Workforce Preparation; Housing Assistance; Drug & Mental Health Counseling; Other Support Services", "address": "3350 E Street", "city": "San Diego", "zip": "92102", "lat": 32.714512532977999, "lon": -117.121594662113, "tract_geoid": "06073004101", "total_population": 4155, "closest_stop_name": "Market St & 33rd St", "closest_stop_dist_m": "312", "source": "https://my.neighbor.org/contact-us/", "geocode_status": "Match", "geocode_source": null, "geocode_review_needed": "No", "tier_num": 4, "tier_label": "Tier 4: Transition Pathways and Intensive Wraparound Support", "tier_weight": 2.5, "count_in_youth_supports": 1, "indicator_basic_navigation": 0, "indicator_youth_development": 1, "indicator_barrier_reduction": 0, "indicator_transition_pathways": 1, "indicator_segment_specific": 0 }, "geometry": { "type": "Point", "coordinates": [ -117.121594662112997, 32.714512532977999 ] } },
{ "type": "Feature", "properties": { "service_id": "85", "provider_name": "Father Joe’s Villages", "site_name": "Thrift Store / Retail Customer Service", "name": "Thrift Store / Retail Customer Service", "type": "Transition Pathways and Intensive Wraparound Support", "programs": "Retail / social enterprise support", "address": "815 33rd Street", "city": "San Diego", "zip": "92102", "lat": 32.713996172312001, "lon": -117.12307150829299, "tract_geoid": "06073004101", "total_population": 4155, "closest_stop_name": "Market St & 33rd St", "closest_stop_dist_m": "233", "source": "https://my.neighbor.org/contact-us/", "geocode_status": "Match", "geocode_source": null, "geocode_review_needed": "No", "tier_num": 4, "tier_label": "Tier 4: Transition Pathways and Intensive Wraparound Support", "tier_weight": 2.5, "count_in_youth_supports": 1, "indicator_basic_navigation": 0, "indicator_youth_development": 0, "indicator_barrier_reduction": 0, "indicator_transition_pathways": 1, "indicator_segment_specific": 0 }, "geometry": { "type": "Point", "coordinates": [ -117.123071508292995, 32.713996172312001 ] } },
{ "type": "Feature", "properties": { "service_id": "86", "provider_name": "Feeding San Diego", "site_name": "Feeding San Diego Physical Address", "name": "Feeding San Diego Physical Address", "type": "Barrier-Reduction and Targeted Support", "programs": "Food support; basic needs support; outreach; CalFresh connection", "address": "9477 Waples St., Ste. 100", "city": "San Diego", "zip": "92121", "lat": 32.902287201737003, "lon": -117.18362233211499, "tract_geoid": "06073008350", "total_population": 6722, "closest_stop_name": "Mira Mesa Bl & Huennekens St", "closest_stop_dist_m": "148", "source": "https://feedingsandiego.org/connect-with-us/", "geocode_status": "Match", "geocode_source": null, "geocode_review_needed": "No", "tier_num": 3, "tier_label": "Tier 3: Barrier-Reduction and Targeted Support", "tier_weight": 2.0, "count_in_youth_supports": 1, "indicator_basic_navigation": 0, "indicator_youth_development": 0, "indicator_barrier_reduction": 1, "indicator_transition_pathways": 0, "indicator_segment_specific": 0 }, "geometry": { "type": "Point", "coordinates": [ -117.183622332114993, 32.902287201737003 ] } },
{ "type": "Feature", "properties": { "service_id": "87", "provider_name": "Financial Coach 4 U", "site_name": "Community Actors Theatre", "name": "Community Actors Theatre", "type": "Transition Pathways and Intensive Wraparound Support", "programs": "Financial literacy workshop/event site", "address": "2957 54th St", "city": "San Diego", "zip": "92105", "lat": 32.736247290093999, "lon": -117.07933798580299, "tract_geoid": "06073002711", "total_population": 3645, "closest_stop_name": "54th St & College Grove Dr", "closest_stop_dist_m": "17", "source": "https://www.facebook.com/financialcoach4u/", "geocode_status": "Match", "geocode_source": null, "geocode_review_needed": "No", "tier_num": 4, "tier_label": "Tier 4: Transition Pathways and Intensive Wraparound Support", "tier_weight": 2.5, "count_in_youth_supports": 1, "indicator_basic_navigation": 0, "indicator_youth_development": 0, "indicator_barrier_reduction": 0, "indicator_transition_pathways": 1, "indicator_segment_specific": 0 }, "geometry": { "type": "Point", "coordinates": [ -117.079337985802994, 32.736247290093999 ] } },
{ "type": "Feature", "properties": { "service_id": "88", "provider_name": "First Gen Scholars", "site_name": "Southeastern Live Well Center", "name": "Southeastern Live Well Center", "type": "Youth Development and Enrichment", "programs": "College access programming; club/cohort programming", "address": "5101 Market St", "city": "San Diego", "zip": "92114", "lat": 32.710383843376, "lon": -117.08489684634201, "tract_geoid": "06073003001", "total_population": 4537, "closest_stop_name": "Euclid Ave Station", "closest_stop_dist_m": "93", "source": "https://www.instagram.com/1stgenscholars/", "geocode_status": "Match", "geocode_source": null, "geocode_review_needed": "No", "tier_num": 2, "tier_label": "Tier 2: Youth Development and Enrichment", "tier_weight": 1.5, "count_in_youth_supports": 1, "indicator_basic_navigation": 0, "indicator_youth_development": 1, "indicator_barrier_reduction": 0, "indicator_transition_pathways": 0, "indicator_segment_specific": 0 }, "geometry": { "type": "Point", "coordinates": [ -117.084896846342005, 32.710383843376 ] } },
{ "type": "Feature", "properties": { "service_id": "89", "provider_name": "Girl Scouts San Diego", "site_name": "Balboa Campus", "name": "Balboa Campus", "type": "Transition Pathways and Intensive Wraparound Support", "programs": "Leadership Development; Post-Secondary Preparation & Transition; General Workforce Preparation; Other Education & Employment Services", "address": "1231 Upas St", "city": "San Diego", "zip": "92103", "lat": 32.741064940023001, "lon": -117.153064497456, "tract_geoid": "06073005602", "total_population": 2096, "closest_stop_name": "Park Bl & Zoo Dr", "closest_stop_dist_m": "521", "source": "https://www.sdgirlscouts.org/en/discover/our-council/our-locations.html", "geocode_status": "Match", "geocode_source": null, "geocode_review_needed": "No", "tier_num": 4, "tier_label": "Tier 4: Transition Pathways and Intensive Wraparound Support", "tier_weight": 2.5, "count_in_youth_supports": 1, "indicator_basic_navigation": 0, "indicator_youth_development": 1, "indicator_barrier_reduction": 0, "indicator_transition_pathways": 1, "indicator_segment_specific": 0 }, "geometry": { "type": "Point", "coordinates": [ -117.153064497456, 32.741064940023001 ] } },
{ "type": "Feature", "properties": { "service_id": "90", "provider_name": "Girl Scouts San Diego", "site_name": "Whispering Oaks", "name": "Whispering Oaks", "type": "Transition Pathways and Intensive Wraparound Support", "programs": "Leadership Development; outdoor/camp programming", "address": "4949 Pine Hills Road", "city": "Julian", "zip": "92036", "lat": 33.038293949991001, "lon": -116.62633029258301, "tract_geoid": "06073020904", "total_population": 2750, "closest_stop_name": "Hwy 78 & Pine Hills Rd", "closest_stop_dist_m": "4504", "source": "https://www.sdgirlscouts.org/en/discover/our-council/our-locations.html", "geocode_status": "Match", "geocode_source": null, "geocode_review_needed": "No", "tier_num": 4, "tier_label": "Tier 4: Transition Pathways and Intensive Wraparound Support", "tier_weight": 2.5, "count_in_youth_supports": 1, "indicator_basic_navigation": 0, "indicator_youth_development": 1, "indicator_barrier_reduction": 0, "indicator_transition_pathways": 1, "indicator_segment_specific": 0 }, "geometry": { "type": "Point", "coordinates": [ -116.626330292583006, 33.038293949991001 ] } },
{ "type": "Feature", "properties": { "service_id": "91", "provider_name": "Girl Scouts San Diego", "site_name": "Camp Winacka", "name": "Camp Winacka", "type": "Transition Pathways and Intensive Wraparound Support", "programs": "Leadership Development; outdoor/camp programming", "address": "4720 Boulder Creek Road", "city": "Julian", "zip": "92036", "lat": 33.035491883303997, "lon": -116.63452162805299, "tract_geoid": "06073020902", "total_population": 2402, "closest_stop_name": "Hwy 78 & Pine Hills Rd", "closest_stop_dist_m": "5008", "source": "https://www.sdgirlscouts.org/en/discover/our-council/our-locations.html", "geocode_status": "Match", "geocode_source": null, "geocode_review_needed": "No", "tier_num": 4, "tier_label": "Tier 4: Transition Pathways and Intensive Wraparound Support", "tier_weight": 2.5, "count_in_youth_supports": 1, "indicator_basic_navigation": 0, "indicator_youth_development": 1, "indicator_barrier_reduction": 0, "indicator_transition_pathways": 1, "indicator_segment_specific": 0 }, "geometry": { "type": "Point", "coordinates": [ -116.634521628052994, 33.035491883303997 ] } },
{ "type": "Feature", "properties": { "service_id": "92", "provider_name": "Girls on the Run San Diego", "site_name": "Girls on the Run San Diego", "name": "Girls on the Run San Diego", "type": "Youth Development and Enrichment", "programs": "Leadership Development; youth enrichment; social-emotional learning through running", "address": "5694 Mission Center Road, Suite 602-336", "city": "San Diego", "zip": "92108", "lat": 32.776900856091999, "lon": -117.15449767819401, "tract_geoid": "06073008702", "total_population": 4980, "closest_stop_name": "Mission Valley Rd & Mission Center Rd", "closest_stop_dist_m": "139", "source": "https://www.gotrsd.org/organization", "geocode_status": "Match", "geocode_source": null, "geocode_review_needed": "No", "tier_num": 2, "tier_label": "Tier 2: Youth Development and Enrichment", "tier_weight": 1.5, "count_in_youth_supports": 1, "indicator_basic_navigation": 0, "indicator_youth_development": 1, "indicator_barrier_reduction": 0, "indicator_transition_pathways": 0, "indicator_segment_specific": 0 }, "geometry": { "type": "Point", "coordinates": [ -117.154497678194005, 32.776900856091999 ] } },
{ "type": "Feature", "properties": { "service_id": "93", "provider_name": "Global Communities", "site_name": "Global Communities San Diego Office", "name": "Global Communities San Diego Office", "type": "Barrier-Reduction and Targeted Support", "programs": "Leadership Development; Health Services; Referrals; Transportation; Human Trafficking Prevention; Project ROOTS", "address": "5151 Murphy Canyon Rd, Suite 320", "city": "San Diego", "zip": "92123", "lat": 32.831676520492998, "lon": -117.120497726637, "tract_geoid": "06073008511", "total_population": 5607, "closest_stop_name": "Clairemont Mesa Bl & Murphy Canyon Rd", "closest_stop_dist_m": "148", "source": "https://globalcommunities-archive.org/contact-us/", "geocode_status": "Match", "geocode_source": null, "geocode_review_needed": "No", "tier_num": 3, "tier_label": "Tier 3: Barrier-Reduction and Targeted Support", "tier_weight": 2.0, "count_in_youth_supports": 1, "indicator_basic_navigation": 0, "indicator_youth_development": 1, "indicator_barrier_reduction": 1, "indicator_transition_pathways": 0, "indicator_segment_specific": 0 }, "geometry": { "type": "Point", "coordinates": [ -117.120497726636998, 32.831676520492998 ] } },
{ "type": "Feature", "properties": { "service_id": "94", "provider_name": "Good for Others", "site_name": "Southeastern Live Well Center", "name": "Southeastern Live Well Center", "type": "Transition Pathways and Intensive Wraparound Support", "programs": "Workforce training / nonprofit-sector training event site", "address": "5101 Market St", "city": "San Diego", "zip": "92114", "lat": 32.710383843376, "lon": -117.08489684634201, "tract_geoid": "06073003001", "total_population": 4537, "closest_stop_name": "Euclid Ave Station", "closest_stop_dist_m": "93", "source": "https://www.facebook.com/GoodForOthersFoundation/", "geocode_status": "Match", "geocode_source": null, "geocode_review_needed": "No", "tier_num": 4, "tier_label": "Tier 4: Transition Pathways and Intensive Wraparound Support", "tier_weight": 2.5, "count_in_youth_supports": 1, "indicator_basic_navigation": 0, "indicator_youth_development": 0, "indicator_barrier_reduction": 0, "indicator_transition_pathways": 1, "indicator_segment_specific": 0 }, "geometry": { "type": "Point", "coordinates": [ -117.084896846342005, 32.710383843376 ] } },
{ "type": "Feature", "properties": { "service_id": "95", "provider_name": "Goodwill Industries", "site_name": "Goodwill Industries of San Diego County Headquarters", "name": "Goodwill Industries of San Diego County Headquarters", "type": "Transition Pathways and Intensive Wraparound Support", "programs": "Paid and Unpaid Work Experiences; Occupational Skills Training; General Workforce Preparation", "address": "3663 Rosecrans Street", "city": "San Diego", "zip": "92110", "lat": 32.751012111161998, "lon": -117.204874693535, "tract_geoid": "06073006500", "total_population": 3645, "closest_stop_name": "Rosecrans St & Sports Arena Bl", "closest_stop_dist_m": "14", "source": "https://sdgoodwill.org/aboutus/contact/", "geocode_status": "Match", "geocode_source": null, "geocode_review_needed": "No", "tier_num": 4, "tier_label": "Tier 4: Transition Pathways and Intensive Wraparound Support", "tier_weight": 2.5, "count_in_youth_supports": 1, "indicator_basic_navigation": 0, "indicator_youth_development": 0, "indicator_barrier_reduction": 0, "indicator_transition_pathways": 1, "indicator_segment_specific": 0 }, "geometry": { "type": "Point", "coordinates": [ -117.204874693535004, 32.751012111161998 ] } },
{ "type": "Feature", "properties": { "service_id": "96", "provider_name": "Harmonium San Diego", "site_name": "Administrative Office", "name": "Administrative Office", "type": "Barrier-Reduction and Targeted Support", "programs": "Referrals; Transportation; Benefits Assistance; Housing Assistance; Other Support Services; Youth/education programs", "address": "5440 Morehouse Dr, Suite 1000", "city": "San Diego", "zip": "92121", "lat": 32.893794745736002, "lon": -117.20069731538, "tract_geoid": "06073008346", "total_population": 4307, "closest_stop_name": "Morehouse Dr & Scranton Rd", "closest_stop_dist_m": "69", "source": "https://www.harmoniumsd.org/contact", "geocode_status": "Match", "geocode_source": null, "geocode_review_needed": "No", "tier_num": 0, "tier_label": "Not counted in Youth Supports", "tier_weight": 0.0, "count_in_youth_supports": 0, "indicator_basic_navigation": 0, "indicator_youth_development": 0, "indicator_barrier_reduction": 1, "indicator_transition_pathways": 0, "indicator_segment_specific": 0 }, "geometry": { "type": "Point", "coordinates": [ -117.200697315379998, 32.893794745736002 ] } },
{ "type": "Feature", "properties": { "service_id": "97", "provider_name": "Home of Guiding Hands", "site_name": "San Diego County Office", "name": "San Diego County Office", "type": "Transition Pathways and Intensive Wraparound Support", "programs": "Alternative Secondary School Services; General Workforce Preparation; Other Education & Employment Services; Transportation", "address": "1908 Friendship Drive", "city": "El Cajon", "zip": "92020", "lat": 32.823246507039997, "lon": -116.97841961435699, "tract_geoid": "06073016202", "total_population": 3470, "closest_stop_name": "Gillespie Field Station", "closest_stop_dist_m": "516", "source": "https://www.guidinghands.org/contact-us/", "geocode_status": "Match", "geocode_source": null, "geocode_review_needed": "No", "tier_num": 4, "tier_label": "Tier 4: Transition Pathways and Intensive Wraparound Support", "tier_weight": 2.5, "count_in_youth_supports": 1, "indicator_basic_navigation": 0, "indicator_youth_development": 0, "indicator_barrier_reduction": 1, "indicator_transition_pathways": 1, "indicator_segment_specific": 0 }, "geometry": { "type": "Point", "coordinates": [ -116.978419614356994, 32.823246507039997 ] } },
{ "type": "Feature", "properties": { "service_id": "98", "provider_name": "Home Start, Inc", "site_name": "Admin Offices", "name": "Admin Offices", "type": "Transition Pathways and Intensive Wraparound Support", "programs": "General Workforce Preparation; Housing Assistance; Other Support Services; Community navigation", "address": "5005 Texas St, Suite 203", "city": "San Diego", "zip": "92108", "lat": 32.766831698597002, "lon": -117.139051880453, "tract_geoid": "06073001100", "total_population": 3068, "closest_stop_name": "Texas St & Camino Del Rio S", "closest_stop_dist_m": "96", "source": "https://home-start.org/our-locations/", "geocode_status": "Match", "geocode_source": null, "geocode_review_needed": "No", "tier_num": 4, "tier_label": "Tier 4: Transition Pathways and Intensive Wraparound Support", "tier_weight": 2.5, "count_in_youth_supports": 1, "indicator_basic_navigation": 1, "indicator_youth_development": 0, "indicator_barrier_reduction": 1, "indicator_transition_pathways": 1, "indicator_segment_specific": 0 }, "geometry": { "type": "Point", "coordinates": [ -117.139051880452996, 32.766831698597002 ] } },
{ "type": "Feature", "properties": { "service_id": "99", "provider_name": "Home Start, Inc", "site_name": "Communities in Action Office", "name": "Communities in Action Office", "type": "Transition Pathways and Intensive Wraparound Support", "programs": "Communities in Action; community/family support; case management", "address": "404 Euclid Avenue, Suite 328", "city": "San Diego", "zip": "92114", "lat": 32.708965058715997, "lon": -117.085059881181, "tract_geoid": "06073003304", "total_population": 3319, "closest_stop_name": "Euclid Av & Unity Place Drwy", "closest_stop_dist_m": "8", "source": "https://home-start.org/our-locations/", "geocode_status": "Match", "geocode_source": null, "geocode_review_needed": "No", "tier_num": 4, "tier_label": "Tier 4: Transition Pathways and Intensive Wraparound Support", "tier_weight": 2.5, "count_in_youth_supports": 1, "indicator_basic_navigation": 0, "indicator_youth_development": 0, "indicator_barrier_reduction": 1, "indicator_transition_pathways": 1, "indicator_segment_specific": 0 }, "geometry": { "type": "Point", "coordinates": [ -117.085059881180996, 32.708965058715997 ] } },
{ "type": "Feature", "properties": { "service_id": "100", "provider_name": "Home Start, Inc", "site_name": "Housing Programs Central", "name": "Housing Programs Central", "type": "Transition Pathways and Intensive Wraparound Support", "programs": "Housing Programs", "address": "3510 Adams Ave", "city": "San Diego", "zip": "92116", "lat": 32.763373526926998, "lon": -117.11701888441701, "tract_geoid": "06073001801", "total_population": 1982, "closest_stop_name": "Adams Av & 35th St", "closest_stop_dist_m": "39", "source": "https://home-start.org/our-locations/", "geocode_status": "Match", "geocode_source": null, "geocode_review_needed": "No", "tier_num": 4, "tier_label": "Tier 4: Transition Pathways and Intensive Wraparound Support", "tier_weight": 2.5, "count_in_youth_supports": 1, "indicator_basic_navigation": 0, "indicator_youth_development": 0, "indicator_barrier_reduction": 0, "indicator_transition_pathways": 1, "indicator_segment_specific": 0 }, "geometry": { "type": "Point", "coordinates": [ -117.117018884417007, 32.763373526926998 ] } },
{ "type": "Feature", "properties": { "service_id": "101", "provider_name": "Home Start, Inc", "site_name": "First 5 First Steps", "name": "First 5 First Steps", "type": "Barrier-Reduction and Targeted Support", "programs": "First 5 First Steps; family/child support", "address": "250 E Chase Ave, Suite 204", "city": "El Cajon", "zip": "92020", "lat": 32.780437516844003, "lon": -116.95945967301, "tract_geoid": "06073015301", "total_population": 3347, "closest_stop_name": "Magnolia Av & Chase Bl", "closest_stop_dist_m": "265", "source": "https://home-start.org/our-locations/", "geocode_status": "Match", "geocode_source": null, "geocode_review_needed": "No", "tier_num": 3, "tier_label": "Tier 3: Barrier-Reduction and Targeted Support", "tier_weight": 2.0, "count_in_youth_supports": 1, "indicator_basic_navigation": 0, "indicator_youth_development": 0, "indicator_barrier_reduction": 1, "indicator_transition_pathways": 0, "indicator_segment_specific": 0 }, "geometry": { "type": "Point", "coordinates": [ -116.959459673010002, 32.780437516844003 ] } },
{ "type": "Feature", "properties": { "service_id": "102", "provider_name": "Home Start, Inc", "site_name": "Housing Programs East", "name": "Housing Programs East", "type": "Transition Pathways and Intensive Wraparound Support", "programs": "Housing Programs", "address": "333 East Main Street", "city": "El Cajon", "zip": "92020", "lat": 32.794875923661998, "lon": -116.95832836898001, "tract_geoid": "06073015802", "total_population": 4479, "closest_stop_name": "Claydelle Av & E Main St", "closest_stop_dist_m": "49", "source": "https://home-start.org/our-locations/", "geocode_status": "Match", "geocode_source": null, "geocode_review_needed": "No", "tier_num": 4, "tier_label": "Tier 4: Transition Pathways and Intensive Wraparound Support", "tier_weight": 2.5, "count_in_youth_supports": 1, "indicator_basic_navigation": 0, "indicator_youth_development": 0, "indicator_barrier_reduction": 0, "indicator_transition_pathways": 1, "indicator_segment_specific": 0 }, "geometry": { "type": "Point", "coordinates": [ -116.958328368980006, 32.794875923661998 ] } },
{ "type": "Feature", "properties": { "service_id": "103", "provider_name": "Home Start, Inc", "site_name": "Community Services for Families - East", "name": "Community Services for Families - East", "type": "Barrier-Reduction and Targeted Support", "programs": "Community Services for Families", "address": "1150 Broadway, Suite 220", "city": "El Cajon", "zip": "92021", "lat": 32.807765863957002, "lon": -116.94233249374901, "tract_geoid": "06073016502", "total_population": 7767, "closest_stop_name": "Broadway & 1st St", "closest_stop_dist_m": "181", "source": "https://home-start.org/our-locations/", "geocode_status": "Match", "geocode_source": null, "geocode_review_needed": "No", "tier_num": 3, "tier_label": "Tier 3: Barrier-Reduction and Targeted Support", "tier_weight": 2.0, "count_in_youth_supports": 1, "indicator_basic_navigation": 0, "indicator_youth_development": 0, "indicator_barrier_reduction": 1, "indicator_transition_pathways": 0, "indicator_segment_specific": 0 }, "geometry": { "type": "Point", "coordinates": [ -116.942332493749007, 32.807765863957002 ] } },
{ "type": "Feature", "properties": { "service_id": "104", "provider_name": "Home Start, Inc", "site_name": "Community Services for Families - East County Intake Office", "name": "Community Services for Families - East County Intake Office", "type": "Barrier-Reduction and Targeted Support", "programs": "Community Services for Families intake", "address": "1150 Broadway, Suite 220", "city": "El Cajon", "zip": "92021", "lat": 32.807765863957002, "lon": -116.94233249374901, "tract_geoid": "06073016502", "total_population": 7767, "closest_stop_name": "Broadway & 1st St", "closest_stop_dist_m": "181", "source": "https://home-start.org/our-locations/", "geocode_status": "Match", "geocode_source": null, "geocode_review_needed": "No", "tier_num": 3, "tier_label": "Tier 3: Barrier-Reduction and Targeted Support", "tier_weight": 2.0, "count_in_youth_supports": 1, "indicator_basic_navigation": 0, "indicator_youth_development": 0, "indicator_barrier_reduction": 1, "indicator_transition_pathways": 0, "indicator_segment_specific": 0 }, "geometry": { "type": "Point", "coordinates": [ -116.942332493749007, 32.807765863957002 ] } },
{ "type": "Feature", "properties": { "service_id": "105", "provider_name": "Home Start, Inc", "site_name": "Thrift Boutique & Bright Futures Candles", "name": "Thrift Boutique & Bright Futures Candles", "type": "Transition Pathways and Intensive Wraparound Support", "programs": "Thrift Boutique / Bright Futures Candles", "address": "3611 Adams Ave", "city": "San Diego", "zip": "92116", "lat": 32.763249263239999, "lon": -117.114889628323, "tract_geoid": "06073001801", "total_population": 1982, "closest_stop_name": "Adams Av & Cherokee Av", "closest_stop_dist_m": "50", "source": "https://home-start.org/our-locations/", "geocode_status": "Match", "geocode_source": null, "geocode_review_needed": "No", "tier_num": 4, "tier_label": "Tier 4: Transition Pathways and Intensive Wraparound Support", "tier_weight": 2.5, "count_in_youth_supports": 1, "indicator_basic_navigation": 0, "indicator_youth_development": 0, "indicator_barrier_reduction": 0, "indicator_transition_pathways": 1, "indicator_segment_specific": 0 }, "geometry": { "type": "Point", "coordinates": [ -117.114889628322999, 32.763249263239999 ] } },
{ "type": "Feature", "properties": { "service_id": "106", "provider_name": "Homework SD (Building Justice)", "site_name": "Building Justice / HoMEwork SD", "name": "Building Justice / HoMEwork SD", "type": "Transition Pathways and Intensive Wraparound Support", "programs": "Leadership Development; Paid and Unpaid Work Experiences; Occupational Skills Training; General Workforce Preparation; reentry support", "address": "1091 Calle Del Amor", "city": "Chula Vista", "zip": "91910", "lat": 32.635697075693002, "lon": -117.014082064344, "tract_geoid": "06073013414", "total_population": 7406, "closest_stop_name": "East H St & Paseo Ranchero", "closest_stop_dist_m": "384", "source": "https://business.sdblackchamber.org/list/member/building-justice-4769", "geocode_status": "Match", "geocode_source": null, "geocode_review_needed": "No", "tier_num": 4, "tier_label": "Tier 4: Transition Pathways and Intensive Wraparound Support", "tier_weight": 2.5, "count_in_youth_supports": 1, "indicator_basic_navigation": 0, "indicator_youth_development": 1, "indicator_barrier_reduction": 0, "indicator_transition_pathways": 1, "indicator_segment_specific": 1 }, "geometry": { "type": "Point", "coordinates": [ -117.014082064343995, 32.635697075693002 ] } },
{ "type": "Feature", "properties": { "service_id": "107", "provider_name": "Hope through Housing Foundation", "site_name": "Hope through Housing Foundation San Diego Listing", "name": "Hope through Housing Foundation San Diego Listing", "type": "Transition Pathways and Intensive Wraparound Support", "programs": "San Diego resident services / local listing", "address": "5252 El Cajon Blvd", "city": "San Diego", "zip": "92115", "lat": 32.757456201126999, "lon": -117.082406210646, "tract_geoid": "06073002803", "total_population": 5457, "closest_stop_name": "El Cajon Bl & 52nd St", "closest_stop_dist_m": "55", "source": "https://sandiegogives.mightycause.com/organization/Hope-Through-Housing-Foundation", "geocode_status": "Match", "geocode_source": null, "geocode_review_needed": "No", "tier_num": 4, "tier_label": "Tier 4: Transition Pathways and Intensive Wraparound Support", "tier_weight": 2.5, "count_in_youth_supports": 1, "indicator_basic_navigation": 0, "indicator_youth_development": 0, "indicator_barrier_reduction": 0, "indicator_transition_pathways": 1, "indicator_segment_specific": 0 }, "geometry": { "type": "Point", "coordinates": [ -117.082406210645999, 32.757456201126999 ] } },
{ "type": "Feature", "properties": { "service_id": "108", "provider_name": "Horn of Africa Community of North America", "site_name": "Horn of Africa Community of North America", "name": "Horn of Africa Community of North America", "type": "Youth Development and Enrichment", "programs": "Leadership Development; refugee youth/community support; cultural education; social services", "address": "5348 University Avenue, Suite 101", "city": "San Diego", "zip": "92105", "lat": 32.749032370428999, "lon": -117.080471027936, "tract_geoid": "06073002708", "total_population": 4839, "closest_stop_name": "University Av & Shiloh Rd", "closest_stop_dist_m": "59", "source": "https://hornafrica.org/", "geocode_status": "Match", "geocode_source": null, "geocode_review_needed": "No", "tier_num": 3, "tier_label": "Tier 3: Barrier-Reduction and Targeted Support", "tier_weight": 2.0, "count_in_youth_supports": 1, "indicator_basic_navigation": 0, "indicator_youth_development": 1, "indicator_barrier_reduction": 1, "indicator_transition_pathways": 0, "indicator_segment_specific": 1 }, "geometry": { "type": "Point", "coordinates": [ -117.080471027935999, 32.749032370428999 ] } },
{ "type": "Feature", "properties": { "service_id": "109", "provider_name": "House of Metamorphosis, Inc", "site_name": "House of Metamorphosis", "name": "House of Metamorphosis", "type": "Barrier-Reduction and Targeted Support / Health Opportunity", "programs": "Drug & Mental Health Counseling; Other Support Services", "address": "4017 42nd Street", "city": "San Diego", "zip": "92105", "lat": 32.749980038084999, "lon": -117.10438329281899, "tract_geoid": "06073002202", "total_population": 4604, "closest_stop_name": "University Av & Van Dyke Av", "closest_stop_dist_m": "67", "source": "https://houseofmetamorphosis.org/contact-us/", "geocode_status": "Match", "geocode_source": null, "geocode_review_needed": "No", "tier_num": 3, "tier_label": "Tier 3: Barrier-Reduction and Targeted Support", "tier_weight": 2.0, "count_in_youth_supports": 1, "indicator_basic_navigation": 0, "indicator_youth_development": 0, "indicator_barrier_reduction": 1, "indicator_transition_pathways": 0, "indicator_segment_specific": 0 }, "geometry": { "type": "Point", "coordinates": [ -117.104383292818994, 32.749980038084999 ] } },
{ "type": "Feature", "properties": { "service_id": "110", "provider_name": "House of Metamorphosis, Inc", "site_name": "House of Metamorphosis Residential Listing", "name": "House of Metamorphosis Residential Listing", "type": "Barrier-Reduction and Targeted Support / Health Opportunity", "programs": "Residential treatment / SUD support", "address": "2970 Market Street", "city": "San Diego", "zip": "92102", "lat": 32.711701090887999, "lon": -117.130740925026, "tract_geoid": "06073004101", "total_population": 4155, "closest_stop_name": "Market St & 30th St", "closest_stop_dist_m": "28", "source": "https://recovery.com/residential/house-of-metamorphosis-san-diego/", "geocode_status": "Match", "geocode_source": null, "geocode_review_needed": "No", "tier_num": 3, "tier_label": "Tier 3: Barrier-Reduction and Targeted Support", "tier_weight": 2.0, "count_in_youth_supports": 1, "indicator_basic_navigation": 0, "indicator_youth_development": 0, "indicator_barrier_reduction": 1, "indicator_transition_pathways": 0, "indicator_segment_specific": 0 }, "geometry": { "type": "Point", "coordinates": [ -117.130740925026004, 32.711701090887999 ] } },
{ "type": "Feature", "properties": { "service_id": "111", "provider_name": "Interfaith Community Services", "site_name": "Betty and Melvin Cohn Center / Headquarters", "name": "Betty and Melvin Cohn Center / Headquarters", "type": "Transition Pathways and Intensive Wraparound Support", "programs": "Tutoring; Alternative Secondary School Services; Workforce Preparation; Housing Assistance; Health/Behavioral Health support", "address": "550 W Washington Ave", "city": "Escondido", "zip": "92025", "lat": 33.124798953292, "lon": -117.090975663024, "tract_geoid": "06073020313", "total_population": 2675, "closest_stop_name": "Washington Av & Quince St", "closest_stop_dist_m": "29", "source": "https://www.interfaithservices.org/", "geocode_status": "Match", "geocode_source": null, "geocode_review_needed": "No", "tier_num": 4, "tier_label": "Tier 4: Transition Pathways and Intensive Wraparound Support", "tier_weight": 2.5, "count_in_youth_supports": 1, "indicator_basic_navigation": 0, "indicator_youth_development": 1, "indicator_barrier_reduction": 0, "indicator_transition_pathways": 1, "indicator_segment_specific": 0 }, "geometry": { "type": "Point", "coordinates": [ -117.090975663023997, 33.124798953292 ] } },
{ "type": "Feature", "properties": { "service_id": "112", "provider_name": "Interfaith Community Services", "site_name": "Kind Threads", "name": "Kind Threads", "type": "Transition Pathways and Intensive Wraparound Support", "programs": "Kind Threads resale / supportive program asset", "address": "251 N City Dr, Suite 121B", "city": "San Marcos", "zip": "92078", "lat": 33.134263325866002, "lon": -117.162488831229, "tract_geoid": "06073020310", "total_population": 9019, "closest_stop_name": "Discovery St & Rush Dr", "closest_stop_dist_m": "453", "source": "https://www.interfaithservices.org/", "geocode_status": "Match", "geocode_source": null, "geocode_review_needed": "No", "tier_num": 4, "tier_label": "Tier 4: Transition Pathways and Intensive Wraparound Support", "tier_weight": 2.5, "count_in_youth_supports": 1, "indicator_basic_navigation": 0, "indicator_youth_development": 0, "indicator_barrier_reduction": 0, "indicator_transition_pathways": 1, "indicator_segment_specific": 0 }, "geometry": { "type": "Point", "coordinates": [ -117.162488831228998, 33.134263325866002 ] } },
{ "type": "Feature", "properties": { "service_id": "113", "provider_name": "Interfaith Community Services", "site_name": "Coastal / Oceanside Family Shelter Site", "name": "Coastal / Oceanside Family Shelter Site", "type": "Transition Pathways and Intensive Wraparound Support", "programs": "Family shelter / homeless prevention services", "address": "4700 North River Road", "city": "Oceanside", "zip": "92057", "lat": 33.245323480170001, "lon": -117.309944074893, "tract_geoid": "06073018609", "total_population": 6249, "closest_stop_name": "N River Rd & Calle Montecito", "closest_stop_dist_m": "68", "source": "https://ceqanet.lci.ca.gov/2025050931", "geocode_status": "Match", "geocode_source": null, "geocode_review_needed": "No", "tier_num": 4, "tier_label": "Tier 4: Transition Pathways and Intensive Wraparound Support", "tier_weight": 2.5, "count_in_youth_supports": 1, "indicator_basic_navigation": 0, "indicator_youth_development": 0, "indicator_barrier_reduction": 0, "indicator_transition_pathways": 1, "indicator_segment_specific": 1 }, "geometry": { "type": "Point", "coordinates": [ -117.309944074892996, 33.245323480170001 ] } },
{ "type": "Feature", "properties": { "service_id": "114", "provider_name": "International Rescue Committee (IRC)", "site_name": "IRC San Diego Office", "name": "IRC San Diego Office", "type": "Transition Pathways and Intensive Wraparound Support", "programs": "Tutoring; postsecondary preparation; occupational skills training; workforce preparation; financial literacy; referrals; transportation", "address": "5348 University Ave, Suite 205", "city": "San Diego", "zip": "92105", "lat": 32.749032370428999, "lon": -117.080471027936, "tract_geoid": "06073002708", "total_population": 4839, "closest_stop_name": "University Av & Shiloh Rd", "closest_stop_dist_m": "59", "source": "https://welcome.rescue.org/us/en/san-diego-ca/life/visiting-office", "geocode_status": "Match", "geocode_source": null, "geocode_review_needed": "No", "tier_num": 4, "tier_label": "Tier 4: Transition Pathways and Intensive Wraparound Support", "tier_weight": 2.5, "count_in_youth_supports": 1, "indicator_basic_navigation": 0, "indicator_youth_development": 1, "indicator_barrier_reduction": 1, "indicator_transition_pathways": 1, "indicator_segment_specific": 0 }, "geometry": { "type": "Point", "coordinates": [ -117.080471027935999, 32.749032370428999 ] } },
{ "type": "Feature", "properties": { "service_id": "115", "provider_name": "Jewish Family Service of San Diego (JFS)", "site_name": "Joan & Irwin Jacobs Campus / Turk Family Center", "name": "Joan & Irwin Jacobs Campus / Turk Family Center", "type": "Transition Pathways and Intensive Wraparound Support", "programs": "School supplies/fees assistance; workforce preparation; housing; referrals; legal aid; support services", "address": "8804 Balboa Avenue", "city": "San Diego", "zip": "92123", "lat": 32.820294872935001, "lon": -117.139086368105, "tract_geoid": "06073008511", "total_population": 5607, "closest_stop_name": "Balboa Av & 8865", "closest_stop_dist_m": "139", "source": "https://www.jfssd.org/about-us/locations/", "geocode_status": "Match", "geocode_source": null, "geocode_review_needed": "No", "tier_num": 4, "tier_label": "Tier 4: Transition Pathways and Intensive Wraparound Support", "tier_weight": 2.5, "count_in_youth_supports": 1, "indicator_basic_navigation": 0, "indicator_youth_development": 0, "indicator_barrier_reduction": 1, "indicator_transition_pathways": 1, "indicator_segment_specific": 0 }, "geometry": { "type": "Point", "coordinates": [ -117.139086368104998, 32.820294872935001 ] } },
{ "type": "Feature", "properties": { "service_id": "116", "provider_name": "Jewish Family Service of San Diego (JFS)", "site_name": "Joan & Irwin Jacobs Campus / Community Services Building", "name": "Joan & Irwin Jacobs Campus / Community Services Building", "type": "Transition Pathways and Intensive Wraparound Support", "programs": "Community services; immigration services", "address": "8788 Balboa Avenue", "city": "San Diego", "zip": "92123", "lat": 32.820251648726, "lon": -117.139370543328, "tract_geoid": "06073008511", "total_population": 5607, "closest_stop_name": "Balboa Av & 8865", "closest_stop_dist_m": "166", "source": "https://www.jfssd.org/about-us/locations/", "geocode_status": "Match", "geocode_source": null, "geocode_review_needed": "No", "tier_num": 4, "tier_label": "Tier 4: Transition Pathways and Intensive Wraparound Support", "tier_weight": 2.5, "count_in_youth_supports": 1, "indicator_basic_navigation": 0, "indicator_youth_development": 0, "indicator_barrier_reduction": 0, "indicator_transition_pathways": 1, "indicator_segment_specific": 0 }, "geometry": { "type": "Point", "coordinates": [ -117.139370543327999, 32.820251648726 ] } },
{ "type": "Feature", "properties": { "service_id": "117", "provider_name": "Junior Achievement of San Diego County", "site_name": "Junior Achievement of San Diego County / Mission Fed JA Finance Park", "name": "Junior Achievement of San Diego County / Mission Fed JA Finance Park", "type": "Transition Pathways and Intensive Wraparound Support", "programs": "Postsecondary preparation; leadership development; paid/unpaid work experiences; workforce preparation; entrepreneurship; financial literacy", "address": "4756 Mission Gorge Place", "city": "San Diego", "zip": "92120", "lat": 32.782480497244002, "lon": -117.091890284684, "tract_geoid": "06073009604", "total_population": 3532, "closest_stop_name": "Union Grantville Station", "closest_stop_dist_m": "529", "source": "https://jausa.ja.org/office/109304", "geocode_status": "Match", "geocode_source": null, "geocode_review_needed": "No", "tier_num": 4, "tier_label": "Tier 4: Transition Pathways and Intensive Wraparound Support", "tier_weight": 2.5, "count_in_youth_supports": 1, "indicator_basic_navigation": 0, "indicator_youth_development": 1, "indicator_barrier_reduction": 0, "indicator_transition_pathways": 1, "indicator_segment_specific": 0 }, "geometry": { "type": "Point", "coordinates": [ -117.091890284683998, 32.782480497244002 ] } },
{ "type": "Feature", "properties": { "service_id": "118", "provider_name": "Just In Time for Foster Youth", "site_name": "Main Office & The Hub", "name": "Main Office & The Hub", "type": "Transition Pathways and Intensive Wraparound Support", "programs": "Postsecondary preparation; school supplies; paid/unpaid work experiences; workforce preparation; financial literacy; transportation", "address": "4560 Alvarado Canyon Rd, Suite 2G", "city": "San Diego", "zip": "92120", "lat": 32.779962550866003, "lon": -117.09987306891399, "tract_geoid": "06073009604", "total_population": 3532, "closest_stop_name": "Camino Del Rio N & Mission Gorge Rd", "closest_stop_dist_m": "205", "source": "https://jitfosteryouth.org/contact-us/", "geocode_status": "Match", "geocode_source": null, "geocode_review_needed": "No", "tier_num": 4, "tier_label": "Tier 4: Transition Pathways and Intensive Wraparound Support", "tier_weight": 2.5, "count_in_youth_supports": 1, "indicator_basic_navigation": 0, "indicator_youth_development": 0, "indicator_barrier_reduction": 1, "indicator_transition_pathways": 1, "indicator_segment_specific": 1 }, "geometry": { "type": "Point", "coordinates": [ -117.099873068913993, 32.779962550866003 ] } },
{ "type": "Feature", "properties": { "service_id": "119", "provider_name": "Karen Organization of San Diego", "site_name": "Karen Organization of San Diego", "name": "Karen Organization of San Diego", "type": "Barrier-Reduction and Targeted Support", "programs": "Tutoring; postsecondary preparation; referrals; benefits assistance; legal aid; refugee/community support", "address": "5354 University Ave, Suite 1", "city": "San Diego", "zip": "92105", "lat": 32.749019014083999, "lon": -117.08035193392401, "tract_geoid": "06073002708", "total_population": 4839, "closest_stop_name": "University Av & Shiloh Rd", "closest_stop_dist_m": "69", "source": "https://karensandiego.org/", "geocode_status": "Match", "geocode_source": null, "geocode_review_needed": "No", "tier_num": 3, "tier_label": "Tier 3: Barrier-Reduction and Targeted Support", "tier_weight": 2.0, "count_in_youth_supports": 1, "indicator_basic_navigation": 0, "indicator_youth_development": 1, "indicator_barrier_reduction": 1, "indicator_transition_pathways": 0, "indicator_segment_specific": 1 }, "geometry": { "type": "Point", "coordinates": [ -117.080351933924007, 32.749019014083999 ] } },
{ "type": "Feature", "properties": { "service_id": "120", "provider_name": "Kids’ Turn San Diego", "site_name": "Kids' Turn San Diego", "name": "Kids' Turn San Diego", "type": "Move to Health Opportunity domain", "programs": "Drug & Mental Health Counseling; family workshops; counseling support", "address": "4909 Murphy Canyon Rd, Suite 515", "city": "San Diego", "zip": "92123", "lat": 32.829348481197997, "lon": -117.119849879573, "tract_geoid": "06073008511", "total_population": 5607, "closest_stop_name": "Clairemont Mesa Bl & Murphy Canyon Rd", "closest_stop_dist_m": "407", "source": "https://kidsturnsd.org/", "geocode_status": "Match", "geocode_source": null, "geocode_review_needed": "No", "tier_num": 0, "tier_label": "Not counted in Youth Supports", "tier_weight": 0.0, "count_in_youth_supports": 0, "indicator_basic_navigation": 0, "indicator_youth_development": 0, "indicator_barrier_reduction": 0, "indicator_transition_pathways": 0, "indicator_segment_specific": 0 }, "geometry": { "type": "Point", "coordinates": [ -117.119849879572996, 32.829348481197997 ] } },
{ "type": "Feature", "properties": { "service_id": "121", "provider_name": "Kitchens for Good", "site_name": "Teaching Campus", "name": "Teaching Campus", "type": "Transition Pathways and Intensive Wraparound Support", "programs": "Paid and Unpaid Work Experiences; Entrepreneurship Skills Training; Culinary Apprenticeship; Baking Apprenticeship; Customer Service Apprenticeship", "address": "2799 Health Center Drive", "city": "San Diego", "zip": "92123", "lat": 32.794844825388999, "lon": -117.157404378506, "tract_geoid": "06073008702", "total_population": 4980, "closest_stop_name": "Vista Hill Av & Health Center Dr", "closest_stop_dist_m": "32", "source": "https://kitchensforgood.org/contact/", "geocode_status": "Match", "geocode_source": null, "geocode_review_needed": "No", "tier_num": 4, "tier_label": "Tier 4: Transition Pathways and Intensive Wraparound Support", "tier_weight": 2.5, "count_in_youth_supports": 1, "indicator_basic_navigation": 0, "indicator_youth_development": 0, "indicator_barrier_reduction": 0, "indicator_transition_pathways": 1, "indicator_segment_specific": 0 }, "geometry": { "type": "Point", "coordinates": [ -117.157404378506001, 32.794844825388999 ] } },
{ "type": "Feature", "properties": { "service_id": "122", "provider_name": "Kitchens for Good", "site_name": "Kitchens for Good SHOP", "name": "Kitchens for Good SHOP", "type": "Transition Pathways and Intensive Wraparound Support", "programs": "Shop; social enterprise; kitchenware resale supporting apprenticeship programs", "address": "980 Hornblend Street", "city": "San Diego", "zip": "92109", "lat": 32.796416513242001, "lon": -117.251947626053, "tract_geoid": "06073007910", "total_population": 3021, "closest_stop_name": "Grand Av & Cass St", "closest_stop_dist_m": "106", "source": "https://kitchensforgood.org/shop/", "geocode_status": "Match", "geocode_source": null, "geocode_review_needed": "No", "tier_num": 4, "tier_label": "Tier 4: Transition Pathways and Intensive Wraparound Support", "tier_weight": 2.5, "count_in_youth_supports": 1, "indicator_basic_navigation": 0, "indicator_youth_development": 0, "indicator_barrier_reduction": 0, "indicator_transition_pathways": 1, "indicator_segment_specific": 0 }, "geometry": { "type": "Point", "coordinates": [ -117.251947626052996, 32.796416513242001 ] } },
{ "type": "Feature", "properties": { "service_id": "123", "provider_name": "La Maestra Foundation Generations Center for Youth Advancement", "site_name": "Generations Center for Youth, Adults & Seniors", "name": "Generations Center for Youth, Adults & Seniors", "type": "Transition Pathways and Intensive Wraparound Support", "programs": "Tutoring & Dropout Prevention; Post-Secondary Preparation & Transition; Leadership Development; Paid and Unpaid Work Experiences; General Workforce Preparation; Reasonable Accommodations; Referrals; Childcare/Dependent Care", "address": "4135 Fairmount Avenue", "city": "San Diego", "zip": "92105", "lat": 32.752055774576, "lon": -117.10077947366101, "tract_geoid": "06073002302", "total_population": 6030, "closest_stop_name": "Fairmount Av & Orange Av", "closest_stop_dist_m": "89", "source": "https://lamaestrafoundation.org/generations-center-for-youth-adults/", "geocode_status": "Match", "geocode_source": null, "geocode_review_needed": "No", "tier_num": 4, "tier_label": "Tier 4: Transition Pathways and Intensive Wraparound Support", "tier_weight": 2.5, "count_in_youth_supports": 1, "indicator_basic_navigation": 0, "indicator_youth_development": 1, "indicator_barrier_reduction": 1, "indicator_transition_pathways": 1, "indicator_segment_specific": 0 }, "geometry": { "type": "Point", "coordinates": [ -117.100779473661007, 32.752055774576 ] } },
{ "type": "Feature", "properties": { "service_id": "124", "provider_name": "La Maestra Foundation Generations Center for Youth Advancement", "site_name": "Financial Literacy Site", "name": "Financial Literacy Site", "type": "Transition Pathways and Intensive Wraparound Support", "programs": "Financial Literacy; economic empowerment; microcredit / financial navigation", "address": "4147 Fairmount Avenue", "city": "San Diego", "zip": "92105", "lat": 32.752254437498998, "lon": -117.100776882391, "tract_geoid": "06073002302", "total_population": 6030, "closest_stop_name": "Fairmount Av & Orange Av", "closest_stop_dist_m": "68", "source": "https://lamaestrafoundation.org/locations/", "geocode_status": "Match", "geocode_source": null, "geocode_review_needed": "No", "tier_num": 4, "tier_label": "Tier 4: Transition Pathways and Intensive Wraparound Support", "tier_weight": 2.5, "count_in_youth_supports": 1, "indicator_basic_navigation": 1, "indicator_youth_development": 0, "indicator_barrier_reduction": 1, "indicator_transition_pathways": 1, "indicator_segment_specific": 0 }, "geometry": { "type": "Point", "coordinates": [ -117.100776882391003, 32.752254437498998 ] } },
{ "type": "Feature", "properties": { "service_id": "125", "provider_name": "La Maestra Foundation Generations Center for Youth Advancement", "site_name": "Community Garden", "name": "Community Garden", "type": "Youth Development and Enrichment", "programs": "Community garden; youth/community engagement", "address": "4029 Fairmount Avenue", "city": "San Diego", "zip": "92105", "lat": 32.750045139465001, "lon": -117.10080507808399, "tract_geoid": "06073002302", "total_population": 6030, "closest_stop_name": "Fairmount Av & University Av", "closest_stop_dist_m": "4", "source": "https://lamaestrafoundation.org/locations/", "geocode_status": "Match", "geocode_source": null, "geocode_review_needed": "No", "tier_num": 2, "tier_label": "Tier 2: Youth Development and Enrichment", "tier_weight": 1.5, "count_in_youth_supports": 1, "indicator_basic_navigation": 0, "indicator_youth_development": 1, "indicator_barrier_reduction": 0, "indicator_transition_pathways": 0, "indicator_segment_specific": 0 }, "geometry": { "type": "Point", "coordinates": [ -117.100805078083994, 32.750045139465001 ] } },
{ "type": "Feature", "properties": { "service_id": "126", "provider_name": "La Maestra Foundation Generations Center for Youth Advancement", "site_name": "Transitional Housing", "name": "Transitional Housing", "type": "Barrier-Reduction and Targeted Support", "programs": "Transitional Housing", "address": "4029 Fairmount Avenue", "city": "San Diego", "zip": "92105", "lat": 32.750045139465001, "lon": -117.10080507808399, "tract_geoid": "06073002302", "total_population": 6030, "closest_stop_name": "Fairmount Av & University Av", "closest_stop_dist_m": "4", "source": "https://lamaestrafoundation.org/locations/", "geocode_status": "Match", "geocode_source": null, "geocode_review_needed": "No", "tier_num": 3, "tier_label": "Tier 3: Barrier-Reduction and Targeted Support", "tier_weight": 2.0, "count_in_youth_supports": 1, "indicator_basic_navigation": 0, "indicator_youth_development": 0, "indicator_barrier_reduction": 1, "indicator_transition_pathways": 0, "indicator_segment_specific": 0 }, "geometry": { "type": "Point", "coordinates": [ -117.100805078083994, 32.750045139465001 ] } },
{ "type": "Feature", "properties": { "service_id": "127", "provider_name": "La Maestra Foundation Generations Center for Youth Advancement", "site_name": "La Maestra Foundation / City Heights Main Site", "name": "La Maestra Foundation / City Heights Main Site", "type": "Barrier-Reduction and Targeted Support", "programs": "Foundation / clinic-adjacent social services", "address": "4060 Fairmount Avenue", "city": "San Diego", "zip": "92105", "lat": 32.750668227242002, "lon": -117.100937575998, "tract_geoid": "06073002202", "total_population": 4604, "closest_stop_name": "Fairmount Av & University Av", "closest_stop_dist_m": "72", "source": "https://lamaestra.org/index.php/city-heights/", "geocode_status": "Match", "geocode_source": null, "geocode_review_needed": "No", "tier_num": 3, "tier_label": "Tier 3: Barrier-Reduction and Targeted Support", "tier_weight": 2.0, "count_in_youth_supports": 1, "indicator_basic_navigation": 0, "indicator_youth_development": 0, "indicator_barrier_reduction": 1, "indicator_transition_pathways": 0, "indicator_segment_specific": 0 }, "geometry": { "type": "Point", "coordinates": [ -117.100937575998003, 32.750668227242002 ] } },
{ "type": "Feature", "properties": { "service_id": "128", "provider_name": "Legal Aid Society of San Diego", "site_name": "Gregory Evans Knoll Midtown Office", "name": "Gregory Evans Knoll Midtown Office", "type": "Barrier-Reduction and Targeted Support", "programs": "Benefits Assistance; Legal Aid Services; youth/family legal support", "address": "1764 San Diego Avenue, Suite 100", "city": "San Diego", "zip": "92110", "lat": 32.743589394821001, "lon": -117.18340678684, "tract_geoid": "06073006500", "total_population": 3645, "closest_stop_name": "Washington St & India St", "closest_stop_dist_m": "208", "source": "https://www.lassd.org/contact-us/", "geocode_status": "Match", "geocode_source": null, "geocode_review_needed": "No", "tier_num": 3, "tier_label": "Tier 3: Barrier-Reduction and Targeted Support", "tier_weight": 2.0, "count_in_youth_supports": 1, "indicator_basic_navigation": 0, "indicator_youth_development": 0, "indicator_barrier_reduction": 1, "indicator_transition_pathways": 0, "indicator_segment_specific": 0 }, "geometry": { "type": "Point", "coordinates": [ -117.183406786839996, 32.743589394821001 ] } },
{ "type": "Feature", "properties": { "service_id": "129", "provider_name": "Legal Aid Society of San Diego", "site_name": "Southeast San Diego Office", "name": "Southeast San Diego Office", "type": "Barrier-Reduction and Targeted Support", "programs": "Benefits Assistance; Legal Aid Services", "address": "110 S. Euclid Avenue", "city": "San Diego", "zip": "92114", "lat": 32.703959715613998, "lon": -117.085070202739, "tract_geoid": "06073003305", "total_population": 6200, "closest_stop_name": "Euclid Av & Brooks Huffman Plaza", "closest_stop_dist_m": "12", "source": "https://www.lassd.org/contact-us/", "geocode_status": "Match", "geocode_source": null, "geocode_review_needed": "No", "tier_num": 3, "tier_label": "Tier 3: Barrier-Reduction and Targeted Support", "tier_weight": 2.0, "count_in_youth_supports": 1, "indicator_basic_navigation": 0, "indicator_youth_development": 0, "indicator_barrier_reduction": 1, "indicator_transition_pathways": 0, "indicator_segment_specific": 0 }, "geometry": { "type": "Point", "coordinates": [ -117.085070202739004, 32.703959715613998 ] } },
{ "type": "Feature", "properties": { "service_id": "130", "provider_name": "License to Freedom", "site_name": "License to Freedom", "name": "License to Freedom", "type": "Barrier-Reduction and Targeted Support", "programs": "Tutoring & Dropout Prevention; Post-Secondary Preparation & Transition; Leadership Development; Other Education & Employment Services; culturally responsive support; youth enrichment; legal/human rights support; economic development; family/community engagement", "address": "131 Avocado Ave", "city": "El Cajon", "zip": "92020", "lat": 32.794111612414, "lon": -116.95754353980099, "tract_geoid": "06073015802", "total_population": 4479, "closest_stop_name": "E Main St & Ballantyne St", "closest_stop_dist_m": "110", "source": "https://licensetofreedom.org/contact/", "geocode_status": "Match", "geocode_source": null, "geocode_review_needed": "No", "tier_num": 4, "tier_label": "Tier 4: Transition Pathways and Intensive Wraparound Support", "tier_weight": 2.5, "count_in_youth_supports": 1, "indicator_basic_navigation": 0, "indicator_youth_development": 1, "indicator_barrier_reduction": 1, "indicator_transition_pathways": 1, "indicator_segment_specific": 0 }, "geometry": { "type": "Point", "coordinates": [ -116.957543539800994, 32.794111612414 ] } },
{ "type": "Feature", "properties": { "service_id": "131", "provider_name": "Lifeline Community Services", "site_name": "San Diego Office", "name": "San Diego Office", "type": "Transition Pathways and Intensive Wraparound Support", "programs": "Tutoring & Dropout Prevention; School Supplies/Fees Assistance; Leadership Development; General Workforce Preparation; Work Attire/Tools Assistance; Housing Assistance; Behavioral Health; Transportation", "address": "3890 Murphy Canyon Rd, Suite 250", "city": "San Diego", "zip": "92123", "lat": 32.814426045857999, "lon": -117.11614210548601, "tract_geoid": "06073008511", "total_population": 5607, "closest_stop_name": "Ruffin Rd & 3939", "closest_stop_dist_m": "467", "source": "https://www.lifelinecs.org/location-hours", "geocode_status": "Match", "geocode_source": null, "geocode_review_needed": "No", "tier_num": 4, "tier_label": "Tier 4: Transition Pathways and Intensive Wraparound Support", "tier_weight": 2.5, "count_in_youth_supports": 1, "indicator_basic_navigation": 0, "indicator_youth_development": 1, "indicator_barrier_reduction": 1, "indicator_transition_pathways": 1, "indicator_segment_specific": 0 }, "geometry": { "type": "Point", "coordinates": [ -117.116142105486006, 32.814426045857999 ] } },
{ "type": "Feature", "properties": { "service_id": "132", "provider_name": "Lifeline Community Services", "site_name": "Oceanside Office", "name": "Oceanside Office", "type": "Transition Pathways and Intensive Wraparound Support", "programs": "Tutoring & Dropout Prevention; School Supplies/Fees Assistance; Leadership Development; General Workforce Preparation; Work Attire/Tools Assistance; Housing Assistance; Behavioral Health; Transportation", "address": "707 Oceanside Blvd", "city": "Oceanside", "zip": "92054", "lat": 33.184413921671002, "lon": -117.36774387954701, "tract_geoid": "06073018201", "total_population": 3025, "closest_stop_name": "Oceanside Blvd & Ditmar St", "closest_stop_dist_m": "48", "source": "https://www.lifelinecs.org/location-hours", "geocode_status": "Match", "geocode_source": null, "geocode_review_needed": "No", "tier_num": 4, "tier_label": "Tier 4: Transition Pathways and Intensive Wraparound Support", "tier_weight": 2.5, "count_in_youth_supports": 1, "indicator_basic_navigation": 0, "indicator_youth_development": 1, "indicator_barrier_reduction": 1, "indicator_transition_pathways": 1, "indicator_segment_specific": 0 }, "geometry": { "type": "Point", "coordinates": [ -117.367743879547007, 33.184413921671002 ] } },
{ "type": "Feature", "properties": { "service_id": "133", "provider_name": "Lifeline Community Services", "site_name": "Club Crown Heights La Escuelita", "name": "Club Crown Heights La Escuelita", "type": "Youth Development and Enrichment", "programs": "Positive youth development; Club Crown Heights; youth support", "address": "1210 Division St", "city": "Oceanside", "zip": "92054", "lat": 33.196237825369003, "lon": -117.372127844541, "tract_geoid": "06073018202", "total_population": 3550, "closest_stop_name": "Center Av & Horne St", "closest_stop_dist_m": "115", "source": "https://www.lifelinecs.org/location-hours", "geocode_status": "Match", "geocode_source": null, "geocode_review_needed": "No", "tier_num": 2, "tier_label": "Tier 2: Youth Development and Enrichment", "tier_weight": 1.5, "count_in_youth_supports": 1, "indicator_basic_navigation": 0, "indicator_youth_development": 1, "indicator_barrier_reduction": 0, "indicator_transition_pathways": 0, "indicator_segment_specific": 0 }, "geometry": { "type": "Point", "coordinates": [ -117.372127844540998, 33.196237825369003 ] } },
{ "type": "Feature", "properties": { "service_id": "134", "provider_name": "Lifeline Community Services", "site_name": "The House Drop-In Center", "name": "The House Drop-In Center", "type": "Transition Pathways and Intensive Wraparound Support", "programs": "LifeSpring Drop-In Center; transitional housing program office; TAY support; JIT partner site", "address": "302 N Indiana Ave", "city": "Vista", "zip": "92084", "lat": 33.203833489719997, "lon": -117.243649544915, "tract_geoid": "06073019502", "total_population": 5706, "closest_stop_name": "Vista Transit Center", "closest_stop_dist_m": "147", "source": "https://www.lifelinecs.org/location-hours", "geocode_status": "Match", "geocode_source": null, "geocode_review_needed": "No", "tier_num": 4, "tier_label": "Tier 4: Transition Pathways and Intensive Wraparound Support", "tier_weight": 2.5, "count_in_youth_supports": 1, "indicator_basic_navigation": 0, "indicator_youth_development": 0, "indicator_barrier_reduction": 0, "indicator_transition_pathways": 1, "indicator_segment_specific": 1 }, "geometry": { "type": "Point", "coordinates": [ -117.243649544915002, 33.203833489719997 ] } },
{ "type": "Feature", "properties": { "service_id": "135", "provider_name": "MAAC", "site_name": "Main MAAC Office", "name": "Main MAAC Office", "type": "Transition Pathways and Intensive Wraparound Support", "programs": "Alternative Secondary School Services; Postsecondary Preparation; Educational Testing Assistance; Leadership Development; Paid and Unpaid Work Experiences; Occupational Skills Training; General Workforce Preparation; Integrated Education/Workforce Training; Financial Literacy; Follow Up Services; Work Attire/Tools; Training Fees; Transportation; Childcare; Benefits Assistance", "address": "1355 Third Ave", "city": "Chula Vista", "zip": "91911", "lat": 32.604906178282, "lon": -117.065600278669, "tract_geoid": "06073013203", "total_population": 6018, "closest_stop_name": "3rd Av & Quintard St", "closest_stop_dist_m": "97", "source": "https://maacproject.org/", "geocode_status": "Match", "geocode_source": null, "geocode_review_needed": "No", "tier_num": 4, "tier_label": "Tier 4: Transition Pathways and Intensive Wraparound Support", "tier_weight": 2.5, "count_in_youth_supports": 1, "indicator_basic_navigation": 0, "indicator_youth_development": 1, "indicator_barrier_reduction": 1, "indicator_transition_pathways": 1, "indicator_segment_specific": 0 }, "geometry": { "type": "Point", "coordinates": [ -117.065600278668995, 32.604906178282 ] } },
{ "type": "Feature", "properties": { "service_id": "136", "provider_name": "MAAC", "site_name": "MAAC Community Charter School", "name": "MAAC Community Charter School", "type": "Transition Pathways and Intensive Wraparound Support", "programs": "Alternative Secondary School Services; high school diploma pathway; youth education pathway", "address": "1385 Third Ave", "city": "Chula Vista", "zip": "91911", "lat": 32.603882326457999, "lon": -117.06520207020399, "tract_geoid": "06073013203", "total_population": 6018, "closest_stop_name": "3rd Av & Quintard St", "closest_stop_dist_m": "16", "source": "https://www.cde.ca.gov/schooldirectory/details?cdscode=37684113731304", "geocode_status": "Match", "geocode_source": null, "geocode_review_needed": "No", "tier_num": 4, "tier_label": "Tier 4: Transition Pathways and Intensive Wraparound Support", "tier_weight": 2.5, "count_in_youth_supports": 1, "indicator_basic_navigation": 0, "indicator_youth_development": 0, "indicator_barrier_reduction": 0, "indicator_transition_pathways": 1, "indicator_segment_specific": 0 }, "geometry": { "type": "Point", "coordinates": [ -117.065202070203995, 32.603882326457999 ] } },
{ "type": "Feature", "properties": { "service_id": "137", "provider_name": "MAAC", "site_name": "MAAC Community Room", "name": "MAAC Community Room", "type": "Barrier-Reduction and Targeted Support", "programs": "Economic mobility; resource navigation; community room; VITA/tax assistance", "address": "1387 Third Ave", "city": "Chula Vista", "zip": "91911", "lat": 32.603814082191001, "lon": -117.06517532583599, "tract_geoid": "06073013203", "total_population": 6018, "closest_stop_name": "3rd Av & Quintard St", "closest_stop_dist_m": "21", "source": "https://maacproject.org/vita/", "geocode_status": "Match", "geocode_source": null, "geocode_review_needed": "No", "tier_num": 3, "tier_label": "Tier 3: Barrier-Reduction and Targeted Support", "tier_weight": 2.0, "count_in_youth_supports": 1, "indicator_basic_navigation": 1, "indicator_youth_development": 0, "indicator_barrier_reduction": 1, "indicator_transition_pathways": 0, "indicator_segment_specific": 0 }, "geometry": { "type": "Point", "coordinates": [ -117.065175325835995, 32.603814082191001 ] } },
{ "type": "Feature", "properties": { "service_id": "138", "provider_name": "MAAC", "site_name": "Laurel Tree STEP Center", "name": "Laurel Tree STEP Center", "type": "Barrier-Reduction and Targeted Support", "programs": "STEP Center; case management; resource navigation; job search; resume/interview coaching; vocational training referrals; benefits/resources", "address": "1307 Laurel Tree Ln", "city": "Carlsbad", "zip": "92011", "lat": 33.120238731611003, "lon": -117.29961986348, "tract_geoid": "06073022102", "total_population": 7247, "closest_stop_name": "Palomar Airport Rd & Aviara Pkwy", "closest_stop_dist_m": "425", "source": "https://maacproject.org/step-centers/", "geocode_status": "Match", "geocode_source": null, "geocode_review_needed": "No", "tier_num": 3, "tier_label": "Tier 3: Barrier-Reduction and Targeted Support", "tier_weight": 2.0, "count_in_youth_supports": 1, "indicator_basic_navigation": 1, "indicator_youth_development": 0, "indicator_barrier_reduction": 1, "indicator_transition_pathways": 0, "indicator_segment_specific": 0 }, "geometry": { "type": "Point", "coordinates": [ -117.299619863480004, 33.120238731611003 ] } },
{ "type": "Feature", "properties": { "service_id": "139", "provider_name": "MAAC", "site_name": "Mercado STEP Center", "name": "Mercado STEP Center", "type": "Barrier-Reduction and Targeted Support", "programs": "STEP Center; case management; resource navigation; job search; resume/interview coaching; vocational training referrals; benefits/resources", "address": "2001 Newton Ave", "city": "San Diego", "zip": "92113", "lat": 32.698642587073003, "lon": -117.144208349588, "tract_geoid": "06073005000", "total_population": 1919, "closest_stop_name": "Main St & Cesar E Chavez Pkwy", "closest_stop_dist_m": "204", "source": "https://maacproject.org/step-centers/", "geocode_status": "Match", "geocode_source": null, "geocode_review_needed": "No", "tier_num": 3, "tier_label": "Tier 3: Barrier-Reduction and Targeted Support", "tier_weight": 2.0, "count_in_youth_supports": 1, "indicator_basic_navigation": 1, "indicator_youth_development": 0, "indicator_barrier_reduction": 1, "indicator_transition_pathways": 0, "indicator_segment_specific": 0 }, "geometry": { "type": "Point", "coordinates": [ -117.144208349587998, 32.698642587073003 ] } },
{ "type": "Feature", "properties": { "service_id": "140", "provider_name": "MAAC", "site_name": "San Martin de Porres STEP Center", "name": "San Martin de Porres STEP Center", "type": "Barrier-Reduction and Targeted Support", "programs": "STEP Center; case management; resource navigation; job search; resume/interview coaching; vocational training referrals; benefits/resources", "address": "9119 Jamacha Rd", "city": "Spring Valley", "zip": "91977", "lat": 32.714769103346001, "lon": -117.003251320959, "tract_geoid": "06073013908", "total_population": 3853, "closest_stop_name": "Jamacha Rd & Kempton St", "closest_stop_dist_m": "137", "source": "https://maacproject.org/step-centers/", "geocode_status": "Match", "geocode_source": null, "geocode_review_needed": "No", "tier_num": 3, "tier_label": "Tier 3: Barrier-Reduction and Targeted Support", "tier_weight": 2.0, "count_in_youth_supports": 1, "indicator_basic_navigation": 1, "indicator_youth_development": 0, "indicator_barrier_reduction": 1, "indicator_transition_pathways": 0, "indicator_segment_specific": 0 }, "geometry": { "type": "Point", "coordinates": [ -117.003251320958995, 32.714769103346001 ] } },
{ "type": "Feature", "properties": { "service_id": "141", "provider_name": "MAAC", "site_name": "Villa Lakeshore STEP Center", "name": "Villa Lakeshore STEP Center", "type": "Barrier-Reduction and Targeted Support", "programs": "STEP Center; case management; resource navigation; job search; resume/interview coaching; vocational training referrals; benefits/resources", "address": "12606 Lakeshore Dr", "city": "Lakeside", "zip": "92040", "lat": 32.860265508121003, "lon": -116.91948315913, "tract_geoid": "06073016804", "total_population": 9452, "closest_stop_name": "Maine Av & Laurel St", "closest_stop_dist_m": "321", "source": "https://maacproject.org/step-centers/", "geocode_status": "Match", "geocode_source": null, "geocode_review_needed": "No", "tier_num": 3, "tier_label": "Tier 3: Barrier-Reduction and Targeted Support", "tier_weight": 2.0, "count_in_youth_supports": 1, "indicator_basic_navigation": 1, "indicator_youth_development": 0, "indicator_barrier_reduction": 1, "indicator_transition_pathways": 0, "indicator_segment_specific": 0 }, "geometry": { "type": "Point", "coordinates": [ -116.919483159129996, 32.860265508121003 ] } },
{ "type": "Feature", "properties": { "service_id": "142", "provider_name": "MAAC", "site_name": "Hillside Views STEP Center", "name": "Hillside Views STEP Center", "type": "Barrier-Reduction and Targeted Support", "programs": "STEP Center; case management; resource navigation; job search; resume/interview coaching; vocational training referrals; benefits/resources", "address": "5447 Bayview Heights Pl", "city": "San Diego", "zip": "92105", "lat": 32.724333178941997, "lon": -117.079523889679, "tract_geoid": "06073002712", "total_population": 5309, "closest_stop_name": "Bayview Heights Dr & Bayview Heights Pl", "closest_stop_dist_m": "136", "source": "https://maacproject.org/step-centers/", "geocode_status": "Match", "geocode_source": null, "geocode_review_needed": "No", "tier_num": 3, "tier_label": "Tier 3: Barrier-Reduction and Targeted Support", "tier_weight": 2.0, "count_in_youth_supports": 1, "indicator_basic_navigation": 1, "indicator_youth_development": 0, "indicator_barrier_reduction": 1, "indicator_transition_pathways": 0, "indicator_segment_specific": 0 }, "geometry": { "type": "Point", "coordinates": [ -117.079523889678995, 32.724333178941997 ] } },
{ "type": "Feature", "properties": { "service_id": "143", "provider_name": "MAAC", "site_name": "Valencia Pointe STEP Center", "name": "Valencia Pointe STEP Center", "type": "Barrier-Reduction and Targeted Support", "programs": "STEP Center; case management; resource navigation; job search; resume/interview coaching; vocational training referrals; benefits/resources", "address": "5930 Division St", "city": "San Diego", "zip": "92114", "lat": 32.694096107390997, "lon": -117.069054560464, "tract_geoid": "06073003113", "total_population": 4701, "closest_stop_name": "Ava St & Division St", "closest_stop_dist_m": "50", "source": "https://maacproject.org/step-centers/", "geocode_status": "Match", "geocode_source": null, "geocode_review_needed": "No", "tier_num": 3, "tier_label": "Tier 3: Barrier-Reduction and Targeted Support", "tier_weight": 2.0, "count_in_youth_supports": 1, "indicator_basic_navigation": 1, "indicator_youth_development": 0, "indicator_barrier_reduction": 1, "indicator_transition_pathways": 0, "indicator_segment_specific": 0 }, "geometry": { "type": "Point", "coordinates": [ -117.069054560463996, 32.694096107390997 ] } },
{ "type": "Feature", "properties": { "service_id": "144", "provider_name": "MAAC", "site_name": "Seniors on Broadway STEP Center", "name": "Seniors on Broadway STEP Center", "type": "Barrier-Reduction and Targeted Support", "programs": "STEP Center; case management; resource navigation; job search; resume/interview coaching; vocational training referrals; benefits/resources", "address": "845 Broadway", "city": "Chula Vista", "zip": "91911", "lat": 32.619190735152998, "lon": -117.084785416591, "tract_geoid": "06073013000", "total_population": 5469, "closest_stop_name": "Broadway & K St", "closest_stop_dist_m": "107", "source": "https://maacproject.org/step-centers/", "geocode_status": "Match", "geocode_source": null, "geocode_review_needed": "No", "tier_num": 3, "tier_label": "Tier 3: Barrier-Reduction and Targeted Support", "tier_weight": 2.0, "count_in_youth_supports": 1, "indicator_basic_navigation": 1, "indicator_youth_development": 0, "indicator_barrier_reduction": 1, "indicator_transition_pathways": 0, "indicator_segment_specific": 0 }, "geometry": { "type": "Point", "coordinates": [ -117.084785416591004, 32.619190735152998 ] } },
{ "type": "Feature", "properties": { "service_id": "145", "provider_name": "MAAC", "site_name": "Copper Creek STEP Center", "name": "Copper Creek STEP Center", "type": "Barrier-Reduction and Targeted Support", "programs": "STEP Center; case management; resource navigation; job search; resume/interview coaching; vocational training referrals; benefits/resources", "address": "1730 Elfin Forest Road", "city": "San Marcos", "zip": "92078", "lat": 33.096614608174001, "lon": -117.196767398554, "tract_geoid": "06073017113", "total_population": 5175, "closest_stop_name": "Rancho Santa Fe Rd & San Elijo Rd", "closest_stop_dist_m": "2378", "source": "https://maacproject.org/step-centers/", "geocode_status": "Match", "geocode_source": null, "geocode_review_needed": "No", "tier_num": 3, "tier_label": "Tier 3: Barrier-Reduction and Targeted Support", "tier_weight": 2.0, "count_in_youth_supports": 1, "indicator_basic_navigation": 1, "indicator_youth_development": 0, "indicator_barrier_reduction": 1, "indicator_transition_pathways": 0, "indicator_segment_specific": 0 }, "geometry": { "type": "Point", "coordinates": [ -117.196767398554002, 33.096614608174001 ] } },
{ "type": "Feature", "properties": { "service_id": "146", "provider_name": "MAAC", "site_name": "Kettner Crossing STEP Center", "name": "Kettner Crossing STEP Center", "type": "Barrier-Reduction and Targeted Support", "programs": "STEP Center; case management; resource navigation; job search; resume/interview coaching; vocational training referrals; benefits/resources", "address": "1590 Kettner Boulevard", "city": "San Diego", "zip": "92101", "lat": 32.721810073047003, "lon": -117.16923820042, "tract_geoid": "06073005802", "total_population": 2948, "closest_stop_name": "Kettner Bl & Cedar St", "closest_stop_dist_m": "40", "source": "https://maacproject.org/step-centers/", "geocode_status": "Match", "geocode_source": null, "geocode_review_needed": "No", "tier_num": 3, "tier_label": "Tier 3: Barrier-Reduction and Targeted Support", "tier_weight": 2.0, "count_in_youth_supports": 1, "indicator_basic_navigation": 1, "indicator_youth_development": 0, "indicator_barrier_reduction": 1, "indicator_transition_pathways": 0, "indicator_segment_specific": 0 }, "geometry": { "type": "Point", "coordinates": [ -117.169238200419997, 32.721810073047003 ] } },
{ "type": "Feature", "properties": { "service_id": "147", "provider_name": "MAAC", "site_name": "MAAC VITA - Chula Vista", "name": "MAAC VITA - Chula Vista", "type": "Barrier-Reduction and Targeted Support", "programs": "VITA; tax assistance; income support navigation", "address": "1387 Third Ave", "city": "Chula Vista", "zip": "91911", "lat": 32.603814082191001, "lon": -117.06517532583599, "tract_geoid": "06073013203", "total_population": 6018, "closest_stop_name": "3rd Av & Quintard St", "closest_stop_dist_m": "21", "source": "https://maacproject.org/vita/", "geocode_status": "Match", "geocode_source": null, "geocode_review_needed": "No", "tier_num": 3, "tier_label": "Tier 3: Barrier-Reduction and Targeted Support", "tier_weight": 2.0, "count_in_youth_supports": 1, "indicator_basic_navigation": 1, "indicator_youth_development": 0, "indicator_barrier_reduction": 1, "indicator_transition_pathways": 0, "indicator_segment_specific": 0 }, "geometry": { "type": "Point", "coordinates": [ -117.065175325835995, 32.603814082191001 ] } },
{ "type": "Feature", "properties": { "service_id": "148", "provider_name": "MAAC", "site_name": "MAAC VITA - San Martin", "name": "MAAC VITA - San Martin", "type": "Barrier-Reduction and Targeted Support", "programs": "VITA; tax assistance; income support navigation", "address": "9119 Jamacha Road", "city": "Spring Valley", "zip": "91977", "lat": 32.714769103346001, "lon": -117.003251320959, "tract_geoid": "06073013908", "total_population": 3853, "closest_stop_name": "Jamacha Rd & Kempton St", "closest_stop_dist_m": "137", "source": "https://maacproject.org/vita/", "geocode_status": "Match", "geocode_source": null, "geocode_review_needed": "No", "tier_num": 3, "tier_label": "Tier 3: Barrier-Reduction and Targeted Support", "tier_weight": 2.0, "count_in_youth_supports": 1, "indicator_basic_navigation": 1, "indicator_youth_development": 0, "indicator_barrier_reduction": 1, "indicator_transition_pathways": 0, "indicator_segment_specific": 0 }, "geometry": { "type": "Point", "coordinates": [ -117.003251320958995, 32.714769103346001 ] } },
{ "type": "Feature", "properties": { "service_id": "149", "provider_name": "MAAC", "site_name": "MAAC VITA - Vista Headquarters", "name": "MAAC VITA - Vista Headquarters", "type": "Barrier-Reduction and Targeted Support", "programs": "VITA; tax assistance; income support navigation", "address": "956 Vale Terrace Drive", "city": "Vista", "zip": "92084", "lat": 33.209198321264999, "lon": -117.23024374638401, "tract_geoid": "06073019601", "total_population": 6425, "closest_stop_name": "Williamston St & Vale Terrace Dr", "closest_stop_dist_m": "102", "source": "https://maacproject.org/vita/", "geocode_status": "Match", "geocode_source": null, "geocode_review_needed": "No", "tier_num": 3, "tier_label": "Tier 3: Barrier-Reduction and Targeted Support", "tier_weight": 2.0, "count_in_youth_supports": 1, "indicator_basic_navigation": 1, "indicator_youth_development": 0, "indicator_barrier_reduction": 1, "indicator_transition_pathways": 0, "indicator_segment_specific": 0 }, "geometry": { "type": "Point", "coordinates": [ -117.230243746384005, 33.209198321264999 ] } },
{ "type": "Feature", "properties": { "service_id": "150", "provider_name": "MAAC", "site_name": "MAAC VITA - Mercado", "name": "MAAC VITA - Mercado", "type": "Barrier-Reduction and Targeted Support", "programs": "VITA; tax assistance; income support navigation", "address": "2001 Newton Avenue", "city": "San Diego", "zip": "92113", "lat": 32.698642587073003, "lon": -117.144208349588, "tract_geoid": "06073005000", "total_population": 1919, "closest_stop_name": "Main St & Cesar E Chavez Pkwy", "closest_stop_dist_m": "204", "source": "https://maacproject.org/vita/", "geocode_status": "Match", "geocode_source": null, "geocode_review_needed": "No", "tier_num": 3, "tier_label": "Tier 3: Barrier-Reduction and Targeted Support", "tier_weight": 2.0, "count_in_youth_supports": 1, "indicator_basic_navigation": 1, "indicator_youth_development": 0, "indicator_barrier_reduction": 1, "indicator_transition_pathways": 0, "indicator_segment_specific": 0 }, "geometry": { "type": "Point", "coordinates": [ -117.144208349587998, 32.698642587073003 ] } },
{ "type": "Feature", "properties": { "service_id": "151", "provider_name": "MAAC", "site_name": "Admin Office - North Campus", "name": "Admin Office - North Campus", "type": "Barrier-Reduction and Targeted Support", "programs": "Admin Office - North Campus; child-development administration; potential resource navigation", "address": "956 Vale Terrace Drive", "city": "Vista", "zip": "92084", "lat": 33.209198321264999, "lon": -117.23024374638401, "tract_geoid": "06073019601", "total_population": 6425, "closest_stop_name": "Williamston St & Vale Terrace Dr", "closest_stop_dist_m": "102", "source": "https://maacproject.org/headstart/", "geocode_status": "Match", "geocode_source": null, "geocode_review_needed": "No", "tier_num": 3, "tier_label": "Tier 3: Barrier-Reduction and Targeted Support", "tier_weight": 2.0, "count_in_youth_supports": 1, "indicator_basic_navigation": 1, "indicator_youth_development": 0, "indicator_barrier_reduction": 1, "indicator_transition_pathways": 0, "indicator_segment_specific": 0 }, "geometry": { "type": "Point", "coordinates": [ -117.230243746384005, 33.209198321264999 ] } },
{ "type": "Feature", "properties": { "service_id": "152", "provider_name": "MANA de North County San Diego", "site_name": "MANA de North County San Diego", "name": "MANA de North County San Diego", "type": "Youth Development and Enrichment", "programs": "School Supplies/Fees Assistance; Leadership Development; Other Education & Employment Services; Hermanitas mentoring", "address": "857 Masters Dr", "city": "Oceanside", "zip": "92057", "lat": 33.235972083082999, "lon": -117.288545139711, "tract_geoid": "06073018525", "total_population": 3963, "closest_stop_name": "College Blvd & Frazee Rd", "closest_stop_dist_m": "391", "source": "https://www.mightycause.com/organization/Mana-De-North-County-San-Diego", "geocode_status": "Match", "geocode_source": null, "geocode_review_needed": "No", "tier_num": 2, "tier_label": "Tier 2: Youth Development and Enrichment", "tier_weight": 1.5, "count_in_youth_supports": 1, "indicator_basic_navigation": 0, "indicator_youth_development": 1, "indicator_barrier_reduction": 0, "indicator_transition_pathways": 0, "indicator_segment_specific": 0 }, "geometry": { "type": "Point", "coordinates": [ -117.288545139711005, 33.235972083082999 ] } },
{ "type": "Feature", "properties": { "service_id": "153", "provider_name": "MANA de North County San Diego", "site_name": "Palomar College Event Site", "name": "Palomar College Event Site", "type": "Youth Development and Enrichment", "programs": "Hermanitas mentoring; Latina youth leadership; conference/event programming", "address": "1140 W Mission Rd", "city": "San Marcos", "zip": "92069", "lat": 33.147078907172002, "lon": -117.184642674548, "tract_geoid": "06073020021", "total_population": 5534, "closest_stop_name": "Palomar College Station", "closest_stop_dist_m": "63", "source": "https://manadenorthcountysd.org/events-2/", "geocode_status": "Match", "geocode_source": null, "geocode_review_needed": "No", "tier_num": 2, "tier_label": "Tier 2: Youth Development and Enrichment", "tier_weight": 1.5, "count_in_youth_supports": 1, "indicator_basic_navigation": 0, "indicator_youth_development": 1, "indicator_barrier_reduction": 0, "indicator_transition_pathways": 0, "indicator_segment_specific": 0 }, "geometry": { "type": "Point", "coordinates": [ -117.184642674548002, 33.147078907172002 ] } },
{ "type": "Feature", "properties": { "service_id": "154", "provider_name": "MANA de North County San Diego", "site_name": "Holiday Posada Event Site", "name": "Holiday Posada Event Site", "type": "Youth Development and Enrichment", "programs": "Hermanitas mentoring; Latina youth leadership; community event programming", "address": "956 Vale Terrace Dr", "city": "Vista", "zip": "92084", "lat": 33.209198321264999, "lon": -117.23024374638401, "tract_geoid": "06073019601", "total_population": 6425, "closest_stop_name": "Williamston St & Vale Terrace Dr", "closest_stop_dist_m": "102", "source": "https://manadenorthcountysd.org/join-us-for-our-holiday-posada/", "geocode_status": "Match", "geocode_source": null, "geocode_review_needed": "No", "tier_num": 2, "tier_label": "Tier 2: Youth Development and Enrichment", "tier_weight": 1.5, "count_in_youth_supports": 1, "indicator_basic_navigation": 0, "indicator_youth_development": 1, "indicator_barrier_reduction": 0, "indicator_transition_pathways": 0, "indicator_segment_specific": 0 }, "geometry": { "type": "Point", "coordinates": [ -117.230243746384005, 33.209198321264999 ] } },
{ "type": "Feature", "properties": { "service_id": "155", "provider_name": "MANA de San Diego", "site_name": "MANA de San Diego Office / Public Listing", "name": "MANA de San Diego Office / Public Listing", "type": "Youth Development and Enrichment", "programs": "Postsecondary Preparation & Transition; School Supplies/Fees Assistance; Leadership Development; Other Education & Employment Services; Hermanitas mentoring; college success; scholarships", "address": "404 Euclid Ave, Suite 308", "city": "San Diego", "zip": "92114", "lat": 32.708965058715997, "lon": -117.085059881181, "tract_geoid": "06073003304", "total_population": 3319, "closest_stop_name": "Euclid Av & Unity Place Drwy", "closest_stop_dist_m": "8", "source": "https://app.candid.org/profile/7385671/mana-de-san-diego-33-0821060", "geocode_status": "Match", "geocode_source": null, "geocode_review_needed": "No", "tier_num": 2, "tier_label": "Tier 2: Youth Development and Enrichment", "tier_weight": 1.5, "count_in_youth_supports": 1, "indicator_basic_navigation": 0, "indicator_youth_development": 1, "indicator_barrier_reduction": 0, "indicator_transition_pathways": 0, "indicator_segment_specific": 0 }, "geometry": { "type": "Point", "coordinates": [ -117.085059881180996, 32.708965058715997 ] } },
{ "type": "Feature", "properties": { "service_id": "156", "provider_name": "McAlister Institute", "site_name": "Administrative Office", "name": "Administrative Office", "type": "Move to Health Opportunity domain", "programs": "Drug & Mental Health Counseling; substance use treatment; recovery support", "address": "1400 N. Johnson Avenue, Suite 101", "city": "El Cajon", "zip": "92020", "lat": 32.814313513389997, "lon": -116.971076298852, "tract_geoid": "06073016202", "total_population": 3470, "closest_stop_name": "Fletcher Pkwy & Johnson Av", "closest_stop_dist_m": "775", "source": "https://mcalisterinc.org/contact-us/", "geocode_status": "Match", "geocode_source": null, "geocode_review_needed": "No", "tier_num": 0, "tier_label": "Not counted in Youth Supports", "tier_weight": 0.0, "count_in_youth_supports": 0, "indicator_basic_navigation": 0, "indicator_youth_development": 0, "indicator_barrier_reduction": 0, "indicator_transition_pathways": 0, "indicator_segment_specific": 0 }, "geometry": { "type": "Point", "coordinates": [ -116.971076298851997, 32.814313513389997 ] } },
{ "type": "Feature", "properties": { "service_id": "157", "provider_name": "McAlister Institute", "site_name": "East County Regional Recovery Center", "name": "East County Regional Recovery Center", "type": "Move to Health Opportunity domain", "programs": "Adult outpatient treatment; case management; mental health services; vocational support; housing linkages", "address": "1365 N. Johnson Avenue, Suite 111", "city": "El Cajon", "zip": "92020", "lat": 32.813883809193001, "lon": -116.970935617368, "tract_geoid": "06073016202", "total_population": 3470, "closest_stop_name": "Fletcher Pkwy & Johnson Av", "closest_stop_dist_m": "725", "source": "https://mcalisterinc.org/programs/", "geocode_status": "Match", "geocode_source": null, "geocode_review_needed": "No", "tier_num": 0, "tier_label": "Not counted in Youth Supports", "tier_weight": 0.0, "count_in_youth_supports": 0, "indicator_basic_navigation": 0, "indicator_youth_development": 0, "indicator_barrier_reduction": 1, "indicator_transition_pathways": 0, "indicator_segment_specific": 0 }, "geometry": { "type": "Point", "coordinates": [ -116.970935617367999, 32.813883809193001 ] } },
{ "type": "Feature", "properties": { "service_id": "158", "provider_name": "McAlister Institute", "site_name": "North Coastal Regional Recovery Center - Oceanside", "name": "North Coastal Regional Recovery Center - Oceanside", "type": "Move to Health Opportunity domain", "programs": "Adult outpatient treatment; case management; mental health services; vocational support", "address": "1701 Mission Avenue, Suite 310", "city": "Oceanside", "zip": "92058", "lat": 33.202685946305003, "lon": -117.367044460944, "tract_geoid": "06073018509", "total_population": 5559, "closest_stop_name": "Barnes St & Mission Av", "closest_stop_dist_m": "125", "source": "https://mcalisterinc.org/programs/", "geocode_status": "Match", "geocode_source": null, "geocode_review_needed": "No", "tier_num": 0, "tier_label": "Not counted in Youth Supports", "tier_weight": 0.0, "count_in_youth_supports": 0, "indicator_basic_navigation": 0, "indicator_youth_development": 0, "indicator_barrier_reduction": 1, "indicator_transition_pathways": 0, "indicator_segment_specific": 0 }, "geometry": { "type": "Point", "coordinates": [ -117.367044460944001, 33.202685946305003 ] } },
{ "type": "Feature", "properties": { "service_id": "159", "provider_name": "McAlister Institute", "site_name": "North Inland Regional Recovery Center", "name": "North Inland Regional Recovery Center", "type": "Move to Health Opportunity domain", "programs": "Adult outpatient treatment; case management; mental health services; vocational support", "address": "200 East Washington Avenue, Suite 100", "city": "Escondido", "zip": "92025", "lat": 33.127420913409999, "lon": -117.082560922239, "tract_geoid": "06073020214", "total_population": 4643, "closest_stop_name": "Washington Av & Juniper St", "closest_stop_dist_m": "105", "source": "https://mcalisterinc.org/programs/", "geocode_status": "Match", "geocode_source": null, "geocode_review_needed": "No", "tier_num": 0, "tier_label": "Not counted in Youth Supports", "tier_weight": 0.0, "count_in_youth_supports": 0, "indicator_basic_navigation": 0, "indicator_youth_development": 0, "indicator_barrier_reduction": 1, "indicator_transition_pathways": 0, "indicator_segment_specific": 0 }, "geometry": { "type": "Point", "coordinates": [ -117.082560922238997, 33.127420913409999 ] } },
{ "type": "Feature", "properties": { "service_id": "160", "provider_name": "McAlister Institute", "site_name": "North Inland Women and Adolescent Recovery Center", "name": "North Inland Women and Adolescent Recovery Center", "type": "Move to Health Opportunity domain", "programs": "Women and adolescent recovery; substance use treatment; parenting support", "address": "751 Rancheros Drive, Suite 5", "city": "San Marcos", "zip": "92069", "lat": 33.138204116799002, "lon": -117.158420721189, "tract_geoid": "06073020023", "total_population": 3942, "closest_stop_name": "Mission Rd & Val Preda Rd", "closest_stop_dist_m": "441", "source": "https://mcalisterinc.org/programs/", "geocode_status": "Match", "geocode_source": null, "geocode_review_needed": "No", "tier_num": 0, "tier_label": "Not counted in Youth Supports", "tier_weight": 0.0, "count_in_youth_supports": 0, "indicator_basic_navigation": 0, "indicator_youth_development": 0, "indicator_barrier_reduction": 0, "indicator_transition_pathways": 0, "indicator_segment_specific": 0 }, "geometry": { "type": "Point", "coordinates": [ -117.158420721189003, 33.138204116799002 ] } },
{ "type": "Feature", "properties": { "service_id": "161", "provider_name": "McAlister Institute", "site_name": "South Bay Regional Recovery Center", "name": "South Bay Regional Recovery Center", "type": "Move to Health Opportunity domain", "programs": "Adult outpatient treatment; case management; mental health services; vocational support", "address": "1180 Third Avenue, Suite C3", "city": "Chula Vista", "zip": "91911", "lat": 32.610946440893997, "lon": -117.068100550335, "tract_geoid": "06073013102", "total_population": 7058, "closest_stop_name": "3rd Av & Oxford St", "closest_stop_dist_m": "24", "source": "https://mcalisterinc.org/programs/", "geocode_status": "Match", "geocode_source": null, "geocode_review_needed": "No", "tier_num": 0, "tier_label": "Not counted in Youth Supports", "tier_weight": 0.0, "count_in_youth_supports": 0, "indicator_basic_navigation": 0, "indicator_youth_development": 0, "indicator_barrier_reduction": 1, "indicator_transition_pathways": 0, "indicator_segment_specific": 0 }, "geometry": { "type": "Point", "coordinates": [ -117.068100550335004, 32.610946440893997 ] } },
{ "type": "Feature", "properties": { "service_id": "162", "provider_name": "McAlister Institute", "site_name": "East Teen Recovery Center", "name": "East Teen Recovery Center", "type": "Move to Health Opportunity domain", "programs": "Teen Recovery Center; adolescent substance use treatment; after-school treatment; counseling", "address": "550 Fesler Street, Suite G1", "city": "El Cajon", "zip": "92020", "lat": 32.808833463253002, "lon": -116.968610819124, "tract_geoid": "06073016202", "total_population": 3470, "closest_stop_name": "Fletcher Pkwy & Johnson Av", "closest_stop_dist_m": "164", "source": "https://mcalisterinc.org/programs/", "geocode_status": "Match", "geocode_source": null, "geocode_review_needed": "No", "tier_num": 0, "tier_label": "Not counted in Youth Supports", "tier_weight": 0.0, "count_in_youth_supports": 0, "indicator_basic_navigation": 0, "indicator_youth_development": 1, "indicator_barrier_reduction": 0, "indicator_transition_pathways": 0, "indicator_segment_specific": 0 }, "geometry": { "type": "Point", "coordinates": [ -116.968610819123995, 32.808833463253002 ] } },
{ "type": "Feature", "properties": { "service_id": "163", "provider_name": "McAlister Institute", "site_name": "South Teen Recovery Center", "name": "South Teen Recovery Center", "type": "Move to Health Opportunity domain", "programs": "Teen Recovery Center; adolescent substance use treatment; after-school treatment; counseling", "address": "371 E Street, Suite 150", "city": "Chula Vista", "zip": "91910", "lat": 32.643965263049999, "lon": -117.084224688874, "tract_geoid": "06073012402", "total_population": 5604, "closest_stop_name": "E St & 4th Av", "closest_stop_dist_m": "35", "source": "https://mcalisterinc.org/programs/", "geocode_status": "Match", "geocode_source": null, "geocode_review_needed": "No", "tier_num": 0, "tier_label": "Not counted in Youth Supports", "tier_weight": 0.0, "count_in_youth_supports": 0, "indicator_basic_navigation": 0, "indicator_youth_development": 1, "indicator_barrier_reduction": 0, "indicator_transition_pathways": 0, "indicator_segment_specific": 0 }, "geometry": { "type": "Point", "coordinates": [ -117.084224688874002, 32.643965263049999 ] } },
{ "type": "Feature", "properties": { "service_id": "164", "provider_name": "McAlister Institute", "site_name": "Recovery and Bridge Center", "name": "Recovery and Bridge Center", "type": "Move to Health Opportunity domain", "programs": "Sobering support; diversion; service navigation", "address": "2506 Market St", "city": "San Diego", "zip": "92102", "lat": 32.711659534235999, "lon": -117.139646198504, "tract_geoid": "06073004102", "total_population": 2103, "closest_stop_name": "Market St & 25th St", "closest_stop_dist_m": "71", "source": "https://mcalisterinc.org/programs/", "geocode_status": "Match", "geocode_source": null, "geocode_review_needed": "No", "tier_num": 0, "tier_label": "Not counted in Youth Supports", "tier_weight": 0.0, "count_in_youth_supports": 0, "indicator_basic_navigation": 1, "indicator_youth_development": 0, "indicator_barrier_reduction": 1, "indicator_transition_pathways": 0, "indicator_segment_specific": 0 }, "geometry": { "type": "Point", "coordinates": [ -117.139646198503996, 32.711659534235999 ] } },
{ "type": "Feature", "properties": { "service_id": "165", "provider_name": "Metro United Methodist Urban Ministry / Metro Community Ministries", "site_name": "San Diego Regional Office", "name": "San Diego Regional Office", "type": "Transition Pathways and Intensive Wraparound Support", "programs": "Alternative Secondary School Services; Postsecondary Preparation; Leadership Development; Paid and Unpaid Work Experiences; Referrals; Youth Interventions; Reentry Services", "address": "7065 El Cajon Boulevard", "city": "San Diego", "zip": "92115", "lat": 32.768660914258, "lon": -117.045645137642, "tract_geoid": "06073002905", "total_population": 4818, "closest_stop_name": "El Cajon Bl & 70th St", "closest_stop_dist_m": "91", "source": "https://mcmserves.org/san-diego/", "geocode_status": "Match", "geocode_source": null, "geocode_review_needed": "No", "tier_num": 4, "tier_label": "Tier 4: Transition Pathways and Intensive Wraparound Support", "tier_weight": 2.5, "count_in_youth_supports": 1, "indicator_basic_navigation": 0, "indicator_youth_development": 1, "indicator_barrier_reduction": 0, "indicator_transition_pathways": 1, "indicator_segment_specific": 1 }, "geometry": { "type": "Point", "coordinates": [ -117.045645137641998, 32.768660914258 ] } },
{ "type": "Feature", "properties": { "service_id": "166", "provider_name": "Monarch School", "site_name": "Nat and Flora Bosa Campus", "name": "Nat and Flora Bosa Campus", "type": "Unclassified from appendix / likely Education + Wraparound", "programs": "School and wraparound support for unhoused students", "address": "1625 Newton Avenue", "city": "San Diego", "zip": "92113", "lat": 32.702998879623003, "lon": -117.150479005995, "tract_geoid": "06073005103", "total_population": 2980, "closest_stop_name": "National Av & 16th St", "closest_stop_dist_m": "131", "source": "https://monarchschools.org/contact/", "geocode_status": "Match", "geocode_source": null, "geocode_review_needed": "No", "tier_num": 0, "tier_label": "Not counted in Youth Supports", "tier_weight": 0.0, "count_in_youth_supports": 0, "indicator_basic_navigation": 0, "indicator_youth_development": 0, "indicator_barrier_reduction": 0, "indicator_transition_pathways": 0, "indicator_segment_specific": 0 }, "geometry": { "type": "Point", "coordinates": [ -117.150479005994995, 32.702998879623003 ] } },
{ "type": "Feature", "properties": { "service_id": "167", "provider_name": "NAMI San Diego", "site_name": "C2C Clubhouse", "name": "C2C Clubhouse", "type": "Barrier-Reduction and Targeted Support", "programs": "Peer support; clubhouse programming; mental health support", "address": "308 G Street", "city": "San Diego", "zip": "92101", "lat": 32.712613535251002, "lon": -117.161835518475, "tract_geoid": "06073005302", "total_population": 4426, "closest_stop_name": "4th Av & G St", "closest_stop_dist_m": "76", "source": "https://namisandiego.org/direct-services/", "geocode_status": "Match", "geocode_source": null, "geocode_review_needed": "No", "tier_num": 3, "tier_label": "Tier 3: Barrier-Reduction and Targeted Support", "tier_weight": 2.0, "count_in_youth_supports": 1, "indicator_basic_navigation": 0, "indicator_youth_development": 0, "indicator_barrier_reduction": 1, "indicator_transition_pathways": 0, "indicator_segment_specific": 0 }, "geometry": { "type": "Point", "coordinates": [ -117.161835518475002, 32.712613535251002 ] } },
{ "type": "Feature", "properties": { "service_id": "168", "provider_name": "NAMI San Diego", "site_name": "Casa del Centro Clubhouse", "name": "Casa del Centro Clubhouse", "type": "Barrier-Reduction and Targeted Support", "programs": "Peer support; clubhouse programming; mental health support", "address": "2754 Imperial Avenue", "city": "San Diego", "zip": "92102", "lat": 32.706430534595, "lon": -117.13445519450801, "tract_geoid": "06073004800", "total_population": 3272, "closest_stop_name": "Imperial Av & Hensley St", "closest_stop_dist_m": "23", "source": "https://namisandiego.org/", "geocode_status": "Match", "geocode_source": null, "geocode_review_needed": "No", "tier_num": 3, "tier_label": "Tier 3: Barrier-Reduction and Targeted Support", "tier_weight": 2.0, "count_in_youth_supports": 1, "indicator_basic_navigation": 0, "indicator_youth_development": 0, "indicator_barrier_reduction": 1, "indicator_transition_pathways": 0, "indicator_segment_specific": 0 }, "geometry": { "type": "Point", "coordinates": [ -117.134455194508007, 32.706430534595 ] } },
{ "type": "Feature", "properties": { "service_id": "169", "provider_name": "National Conflict Resolution Center", "site_name": "Main Office", "name": "Main Office", "type": "Youth Development and Enrichment", "programs": "Other Education & Employment Services; restorative practices; community mediation; avoiding pipeline to prison; youth/community conflict resolution", "address": "401 B Street, Suite 1400", "city": "San Diego", "zip": "92101", "lat": 32.717754943201001, "lon": -117.161028998514, "tract_geoid": "06073005301", "total_population": 3849, "closest_stop_name": "4th Av & B St", "closest_stop_dist_m": "57", "source": "https://ncrconline.com/mediation-conflict-resolution/about-ncrc/contact-us/", "geocode_status": "Match", "geocode_source": null, "geocode_review_needed": "No", "tier_num": 2, "tier_label": "Tier 2: Youth Development and Enrichment", "tier_weight": 1.5, "count_in_youth_supports": 1, "indicator_basic_navigation": 0, "indicator_youth_development": 1, "indicator_barrier_reduction": 0, "indicator_transition_pathways": 0, "indicator_segment_specific": 0 }, "geometry": { "type": "Point", "coordinates": [ -117.161028998513999, 32.717754943201001 ] } },
{ "type": "Feature", "properties": { "service_id": "170", "provider_name": "National Conflict Resolution Center", "site_name": "City Heights Office", "name": "City Heights Office", "type": "Youth Development and Enrichment", "programs": "Restorative practices; community mediation; youth/community conflict resolution", "address": "4305 University Ave, Suite 110", "city": "San Diego", "zip": "92105", "lat": 32.749560936400002, "lon": -117.10184591661699, "tract_geoid": "06073002402", "total_population": 4665, "closest_stop_name": "Fairmount Av & University Av", "closest_stop_dist_m": "87", "source": "https://ncrconline.com/mediation-conflict-resolution/about-ncrc/contact-us/", "geocode_status": "Match", "geocode_source": null, "geocode_review_needed": "No", "tier_num": 2, "tier_label": "Tier 2: Youth Development and Enrichment", "tier_weight": 1.5, "count_in_youth_supports": 1, "indicator_basic_navigation": 0, "indicator_youth_development": 1, "indicator_barrier_reduction": 0, "indicator_transition_pathways": 0, "indicator_segment_specific": 0 }, "geometry": { "type": "Point", "coordinates": [ -117.101845916616995, 32.749560936400002 ] } },
{ "type": "Feature", "properties": { "service_id": "171", "provider_name": "National Conflict Resolution Center", "site_name": "Southeast San Diego Office", "name": "Southeast San Diego Office", "type": "Youth Development and Enrichment", "programs": "Restorative practices; community mediation; youth/community conflict resolution", "address": "220 Euclid Ave, Suite 110", "city": "San Diego", "zip": "92114", "lat": 32.706318702131, "lon": -117.0850704162, "tract_geoid": "06073003304", "total_population": 3319, "closest_stop_name": "Euclid Av & Euclid Health Center", "closest_stop_dist_m": "102", "source": "https://ncrconline.com/mediation-conflict-resolution/about-ncrc/contact-us/", "geocode_status": "Match", "geocode_source": null, "geocode_review_needed": "No", "tier_num": 2, "tier_label": "Tier 2: Youth Development and Enrichment", "tier_weight": 1.5, "count_in_youth_supports": 1, "indicator_basic_navigation": 0, "indicator_youth_development": 1, "indicator_barrier_reduction": 0, "indicator_transition_pathways": 0, "indicator_segment_specific": 0 }, "geometry": { "type": "Point", "coordinates": [ -117.085070416199997, 32.706318702131 ] } },
{ "type": "Feature", "properties": { "service_id": "172", "provider_name": "Neighborhood House - Project Enable", "site_name": "Project Enable Clinic", "name": "Project Enable Clinic", "type": "Transition Pathways and Intensive Wraparound Support", "programs": "Tutoring & Dropout Prevention; Postsecondary Preparation; Paid and Unpaid Work Experiences; Financial Literacy; Health Services; Benefits Assistance; Other Support Services", "address": "286 Euclid Avenue, Suite 102", "city": "San Diego", "zip": "92114", "lat": 32.707435866095999, "lon": -117.085070204971, "tract_geoid": "06073003304", "total_population": 3319, "closest_stop_name": "Euclid Av & Euclid Health Center", "closest_stop_dist_m": "22", "source": "https://www.neighborhoodhouse.org/nha-programs/project-enable/", "geocode_status": "Match", "geocode_source": null, "geocode_review_needed": "No", "tier_num": 4, "tier_label": "Tier 4: Transition Pathways and Intensive Wraparound Support", "tier_weight": 2.5, "count_in_youth_supports": 1, "indicator_basic_navigation": 0, "indicator_youth_development": 1, "indicator_barrier_reduction": 1, "indicator_transition_pathways": 1, "indicator_segment_specific": 0 }, "geometry": { "type": "Point", "coordinates": [ -117.085070204971004, 32.707435866095999 ] } },
{ "type": "Feature", "properties": { "service_id": "173", "provider_name": "Neighborhood House Association", "site_name": "Neighborhood House Association Headquarters", "name": "Neighborhood House Association Headquarters", "type": "Transition Pathways and Intensive Wraparound Support", "programs": "Agency headquarters / administrative", "address": "5660 Copley Drive", "city": "San Diego", "zip": "92111", "lat": 32.839999717062, "lon": -117.16658054185601, "tract_geoid": "06073008511", "total_population": 5607, "closest_stop_name": "Clairemont Mesa Bl & Shawline St (Kaiser)", "closest_stop_dist_m": "866", "source": "https://www.neighborhoodhouse.org/", "geocode_status": "Match", "geocode_source": null, "geocode_review_needed": "No", "tier_num": 0, "tier_label": "Not counted in Youth Supports", "tier_weight": 0.0, "count_in_youth_supports": 0, "indicator_basic_navigation": 0, "indicator_youth_development": 0, "indicator_barrier_reduction": 0, "indicator_transition_pathways": 1, "indicator_segment_specific": 0 }, "geometry": { "type": "Point", "coordinates": [ -117.166580541856007, 32.839999717062 ] } },
{ "type": "Feature", "properties": { "service_id": "174", "provider_name": "Nile Sisters Development Initiative", "site_name": "Primary Office", "name": "Primary Office", "type": "Transition Pathways and Intensive Wraparound Support", "programs": "School Supplies/Fees Assistance; Leadership Development; Occupational Skills Training; General Workforce Preparation; Referrals; immigrant/refugee family support", "address": "4265 Fairmount Avenue, Suite 130", "city": "San Diego", "zip": "92105", "lat": 32.754424498939997, "lon": -117.100747176848, "tract_geoid": "06073002302", "total_population": 6030, "closest_stop_name": "Fairmount Av & El Cajon Bl", "closest_stop_dist_m": "43", "source": "https://nilesisters.org/contact/", "geocode_status": "Match", "geocode_source": null, "geocode_review_needed": "No", "tier_num": 4, "tier_label": "Tier 4: Transition Pathways and Intensive Wraparound Support", "tier_weight": 2.5, "count_in_youth_supports": 1, "indicator_basic_navigation": 0, "indicator_youth_development": 1, "indicator_barrier_reduction": 1, "indicator_transition_pathways": 1, "indicator_segment_specific": 1 }, "geometry": { "type": "Point", "coordinates": [ -117.100747176848003, 32.754424498939997 ] } },
{ "type": "Feature", "properties": { "service_id": "175", "provider_name": "Nile Sisters Development Initiative", "site_name": "Additional San Diego Location / LearnMore Listing", "name": "Additional San Diego Location / LearnMore Listing", "type": "Transition Pathways and Intensive Wraparound Support", "programs": "Healthcare workforce training; refugee/immigrant support; LearnMore", "address": "5532 El Cajon Blvd, Suite 2", "city": "San Diego", "zip": "92115", "lat": 32.758409084069001, "lon": -117.075701896331, "tract_geoid": "06073002804", "total_population": 6071, "closest_stop_name": "El Cajon Bl & 56th St", "closest_stop_dist_m": "62", "source": "https://www.linkedin.com/company/nile-sisters-development-initiative", "geocode_status": "Match", "geocode_source": null, "geocode_review_needed": "No", "tier_num": 4, "tier_label": "Tier 4: Transition Pathways and Intensive Wraparound Support", "tier_weight": 2.5, "count_in_youth_supports": 1, "indicator_basic_navigation": 0, "indicator_youth_development": 0, "indicator_barrier_reduction": 1, "indicator_transition_pathways": 1, "indicator_segment_specific": 1 }, "geometry": { "type": "Point", "coordinates": [ -117.075701896330997, 32.758409084069001 ] } },
{ "type": "Feature", "properties": { "service_id": "176", "provider_name": "North County African American Women’s Association", "site_name": "NCAAWA Public Listing / Primary", "name": "NCAAWA Public Listing / Primary", "type": "Transition Pathways and Intensive Wraparound Support", "programs": "School Supplies/Fees Assistance; Leadership Development; General Workforce Preparation; Financial Literacy; Other Education & Employment Services", "address": "4140 Oceanside Blvd", "city": "Oceanside", "zip": "92056", "lat": 33.206494351220996, "lon": -117.287746285106, "tract_geoid": "06073018522", "total_population": 5332, "closest_stop_name": "Oceanside Blvd & Avenida Del Oro", "closest_stop_dist_m": "104", "source": "https://www.linkedin.com/company/ncaawa", "geocode_status": "Match", "geocode_source": null, "geocode_review_needed": "No", "tier_num": 4, "tier_label": "Tier 4: Transition Pathways and Intensive Wraparound Support", "tier_weight": 2.5, "count_in_youth_supports": 1, "indicator_basic_navigation": 0, "indicator_youth_development": 1, "indicator_barrier_reduction": 0, "indicator_transition_pathways": 1, "indicator_segment_specific": 0 }, "geometry": { "type": "Point", "coordinates": [ -117.287746285105996, 33.206494351220996 ] } },
{ "type": "Feature", "properties": { "service_id": "177", "provider_name": "North County African American Women’s Association", "site_name": "NCAAWA Public Listing / Mission Ave", "name": "NCAAWA Public Listing / Mission Ave", "type": "Transition Pathways and Intensive Wraparound Support", "programs": "School Supplies/Fees Assistance; Leadership Development; General Workforce Preparation; Financial Literacy; Other Education & Employment Services", "address": "1831 Mission Ave", "city": "Oceanside", "zip": "92058", "lat": 33.203529328161999, "lon": -117.365426243025, "tract_geoid": "06073018509", "total_population": 5559, "closest_stop_name": "Mission Av & 1863", "closest_stop_dist_m": "9", "source": "https://www.linkedin.com/company/ncaawa", "geocode_status": "Match", "geocode_source": null, "geocode_review_needed": "No", "tier_num": 4, "tier_label": "Tier 4: Transition Pathways and Intensive Wraparound Support", "tier_weight": 2.5, "count_in_youth_supports": 1, "indicator_basic_navigation": 0, "indicator_youth_development": 1, "indicator_barrier_reduction": 0, "indicator_transition_pathways": 1, "indicator_segment_specific": 0 }, "geometry": { "type": "Point", "coordinates": [ -117.365426243024999, 33.203529328161999 ] } },
{ "type": "Feature", "properties": { "service_id": "178", "provider_name": "North County LGBTQ Resource Center", "site_name": "North County LGBTQ Resource Center", "name": "North County LGBTQ Resource Center", "type": "Youth Development and Enrichment", "programs": "Leadership Development; Other Education & Employment Services; Project Youth; LGBTQ youth support", "address": "1919 Apple Street", "city": "Oceanside", "zip": "92054", "lat": 33.195442362323, "lon": -117.35586379506201, "tract_geoid": "06073018509", "total_population": 5559, "closest_stop_name": "Oceanside Blvd & Crouch St", "closest_stop_dist_m": "175", "source": "https://www.ncresourcecenter.org/contact", "geocode_status": "Match", "geocode_source": null, "geocode_review_needed": "No", "tier_num": 2, "tier_label": "Tier 2: Youth Development and Enrichment", "tier_weight": 1.5, "count_in_youth_supports": 1, "indicator_basic_navigation": 0, "indicator_youth_development": 1, "indicator_barrier_reduction": 0, "indicator_transition_pathways": 0, "indicator_segment_specific": 1 }, "geometry": { "type": "Point", "coordinates": [ -117.355863795062007, 33.195442362323 ] } },
{ "type": "Feature", "properties": { "service_id": "179", "provider_name": "North County LGBTQ Resource Center", "site_name": "Project Youth / NC LGBTQ Resource Center", "name": "Project Youth / NC LGBTQ Resource Center", "type": "Youth Development and Enrichment", "programs": "Project Youth; LGBTQ youth activities and organizing", "address": "1919 Apple Street", "city": "Oceanside", "zip": "92054", "lat": 33.195442362323, "lon": -117.35586379506201, "tract_geoid": "06073018509", "total_population": 5559, "closest_stop_name": "Oceanside Blvd & Crouch St", "closest_stop_dist_m": "175", "source": "https://www.ncresourcecenter.org/project-youth", "geocode_status": "Match", "geocode_source": null, "geocode_review_needed": "No", "tier_num": 2, "tier_label": "Tier 2: Youth Development and Enrichment", "tier_weight": 1.5, "count_in_youth_supports": 1, "indicator_basic_navigation": 0, "indicator_youth_development": 1, "indicator_barrier_reduction": 0, "indicator_transition_pathways": 0, "indicator_segment_specific": 1 }, "geometry": { "type": "Point", "coordinates": [ -117.355863795062007, 33.195442362323 ] } },
{ "type": "Feature", "properties": { "service_id": "180", "provider_name": "Ocean Discovery Institute", "site_name": "Living Lab / Ocean Discovery Institute", "name": "Living Lab / Ocean Discovery Institute", "type": "Transition Pathways and Intensive Wraparound Support", "programs": "Tutoring & Dropout Prevention; Postsecondary Preparation; Leadership Development; General Workforce Preparation; Follow Up Services; STEM/science youth development", "address": "4255 Thorn Street", "city": "San Diego", "zip": "92105", "lat": 32.740236937615997, "lon": -117.10390804762601, "tract_geoid": "06073002501", "total_population": 5046, "closest_stop_name": "Myrtle Av & 42nd St", "closest_stop_dist_m": "210", "source": "https://oceandiscoveryinstitute.org/contact-us/", "geocode_status": "Match", "geocode_source": null, "geocode_review_needed": "No", "tier_num": 4, "tier_label": "Tier 4: Transition Pathways and Intensive Wraparound Support", "tier_weight": 2.5, "count_in_youth_supports": 1, "indicator_basic_navigation": 0, "indicator_youth_development": 1, "indicator_barrier_reduction": 0, "indicator_transition_pathways": 1, "indicator_segment_specific": 0 }, "geometry": { "type": "Point", "coordinates": [ -117.103908047626007, 32.740236937615997 ] } },
{ "type": "Feature", "properties": { "service_id": "181", "provider_name": "Operation Hope - North County", "site_name": "Main Shelter / Operation HOPE-North County", "name": "Main Shelter / Operation HOPE-North County", "type": "Transition Pathways and Intensive Wraparound Support", "programs": "Tutoring & Dropout Prevention; School Supplies/Fees Assistance; Financial Literacy; Housing Assistance; Referrals; Other Support Services", "address": "859 E. Vista Way", "city": "Vista", "zip": "92084", "lat": 33.210362170225999, "lon": -117.23377537319099, "tract_geoid": "06073019601", "total_population": 6425, "closest_stop_name": "E Vista Way & Townsite Dr", "closest_stop_dist_m": "25", "source": "https://operationhopeshelter.org/contact-us/", "geocode_status": "Match", "geocode_source": null, "geocode_review_needed": "No", "tier_num": 4, "tier_label": "Tier 4: Transition Pathways and Intensive Wraparound Support", "tier_weight": 2.5, "count_in_youth_supports": 1, "indicator_basic_navigation": 0, "indicator_youth_development": 1, "indicator_barrier_reduction": 0, "indicator_transition_pathways": 1, "indicator_segment_specific": 0 }, "geometry": { "type": "Point", "coordinates": [ -117.233775373190994, 33.210362170225999 ] } },
{ "type": "Feature", "properties": { "service_id": "182", "provider_name": "Operation Hope - North County", "site_name": "Annex / Client Boutique", "name": "Annex / Client Boutique", "type": "Barrier-Reduction and Targeted Support", "programs": "Donation/client boutique support", "address": "852 Townsite Dr", "city": "Vista", "zip": "92084", "lat": 33.209388524312999, "lon": -117.234681435678, "tract_geoid": "06073019601", "total_population": 6425, "closest_stop_name": "E Vista Way & Townsite Dr", "closest_stop_dist_m": "77", "source": "https://breedelsordo.com/operationhope/contact-us/", "geocode_status": "Match", "geocode_source": null, "geocode_review_needed": "No", "tier_num": 3, "tier_label": "Tier 3: Barrier-Reduction and Targeted Support", "tier_weight": 2.0, "count_in_youth_supports": 1, "indicator_basic_navigation": 0, "indicator_youth_development": 0, "indicator_barrier_reduction": 1, "indicator_transition_pathways": 0, "indicator_segment_specific": 0 }, "geometry": { "type": "Point", "coordinates": [ -117.234681435677999, 33.209388524312999 ] } },
{ "type": "Feature", "properties": { "service_id": "183", "provider_name": "Outdoor Outreach", "site_name": "Main Office", "name": "Main Office", "type": "Transition Pathways and Intensive Wraparound Support", "programs": "Paid and Unpaid Work Experiences; Other Education & Employment Services; outdoor youth development; leadership; environmental/outdoor access", "address": "3980 Sherman St., Suite 160", "city": "San Diego", "zip": "92110", "lat": 32.756879223574998, "lon": -117.206423926086, "tract_geoid": "06073006500", "total_population": 3645, "closest_stop_name": "Sports Arena Bl & 3250", "closest_stop_dist_m": "447", "source": "https://www.outdooroutreach.org/contact/", "geocode_status": "Match", "geocode_source": null, "geocode_review_needed": "No", "tier_num": 4, "tier_label": "Tier 4: Transition Pathways and Intensive Wraparound Support", "tier_weight": 2.5, "count_in_youth_supports": 1, "indicator_basic_navigation": 0, "indicator_youth_development": 1, "indicator_barrier_reduction": 0, "indicator_transition_pathways": 1, "indicator_segment_specific": 0 }, "geometry": { "type": "Point", "coordinates": [ -117.206423926086003, 32.756879223574998 ] } },
{ "type": "Feature", "properties": { "service_id": "184", "provider_name": "Palomar Family Counseling Service", "site_name": "Escondido Center & Administrative Office", "name": "Escondido Center & Administrative Office", "type": "Move to Health Opportunity domain", "programs": "Drug & Mental Health Counseling; children/youth/family counseling; prevention and early intervention", "address": "1002 E. Grand Avenue", "city": "Escondido", "zip": "92025", "lat": 33.126378954541998, "lon": -117.06841317137901, "tract_geoid": "06073020202", "total_population": 6550, "closest_stop_name": "Grand Av & Date St", "closest_stop_dist_m": "114", "source": "https://palomarfamilycounseling.com/contact-us/", "geocode_status": "Match", "geocode_source": null, "geocode_review_needed": "No", "tier_num": 0, "tier_label": "Not counted in Youth Supports", "tier_weight": 0.0, "count_in_youth_supports": 0, "indicator_basic_navigation": 0, "indicator_youth_development": 0, "indicator_barrier_reduction": 0, "indicator_transition_pathways": 0, "indicator_segment_specific": 0 }, "geometry": { "type": "Point", "coordinates": [ -117.068413171379007, 33.126378954541998 ] } },
{ "type": "Feature", "properties": { "service_id": "185", "provider_name": "Palomar Family Counseling Service", "site_name": "Vista Center", "name": "Vista Center", "type": "Move to Health Opportunity domain", "programs": "Drug & Mental Health Counseling; children/youth/family counseling; prevention and early intervention", "address": "945 Vale Terrace Drive", "city": "Vista", "zip": "92084", "lat": 33.209182503698003, "lon": -117.23056934077201, "tract_geoid": "06073019601", "total_population": 6425, "closest_stop_name": "Williamston St & Vale Terrace Dr", "closest_stop_dist_m": "130", "source": "https://palomarfamilycounseling.com/contact-us/", "geocode_status": "Match", "geocode_source": null, "geocode_review_needed": "No", "tier_num": 0, "tier_label": "Not counted in Youth Supports", "tier_weight": 0.0, "count_in_youth_supports": 0, "indicator_basic_navigation": 0, "indicator_youth_development": 0, "indicator_barrier_reduction": 0, "indicator_transition_pathways": 0, "indicator_segment_specific": 0 }, "geometry": { "type": "Point", "coordinates": [ -117.230569340772007, 33.209182503698003 ] } },
{ "type": "Feature", "properties": { "service_id": "186", "provider_name": "Pathways Community Services - Kickstart Program", "site_name": "Kickstart / Clarvida San Diego County Children", "name": "Kickstart / Clarvida San Diego County Children", "type": "Move to Health Opportunity domain", "programs": "Drug & Mental Health Counseling; early psychosis prevention/intervention; youth/family support", "address": "6160 Mission Gorge Rd., Suite 100", "city": "San Diego", "zip": "92120", "lat": 32.786635678643002, "lon": -117.097808188345, "tract_geoid": "06073009603", "total_population": 6548, "closest_stop_name": "Mission Gorge Rd & Vandever Av", "closest_stop_dist_m": "90", "source": "https://www.clarvida.com/locations/san-diego-county-children-kickstart-program/", "geocode_status": "Match", "geocode_source": null, "geocode_review_needed": "No", "tier_num": 0, "tier_label": "Not counted in Youth Supports", "tier_weight": 0.0, "count_in_youth_supports": 0, "indicator_basic_navigation": 0, "indicator_youth_development": 0, "indicator_barrier_reduction": 1, "indicator_transition_pathways": 0, "indicator_segment_specific": 0 }, "geometry": { "type": "Point", "coordinates": [ -117.097808188344999, 32.786635678643002 ] } },
{ "type": "Feature", "properties": { "service_id": "187", "provider_name": "Pro Kids, First Tee - San Diego", "site_name": "City Heights Location / Colina Park Golf Course", "name": "City Heights Location / Colina Park Golf Course", "type": "Transition Pathways and Intensive Wraparound Support", "programs": "Tutoring & Dropout Prevention; Postsecondary Preparation; School Supplies/Fees Assistance; General Workforce Preparation; youth golf/life skills/learning center", "address": "4085 52nd Street", "city": "San Diego", "zip": "92105", "lat": 32.751135477529999, "lon": -117.083525873638, "tract_geoid": "06073002708", "total_population": 4839, "closest_stop_name": "University Av & 52nd St", "closest_stop_dist_m": "218", "source": "https://thefirstteesandiego.org/about/contact-us/", "geocode_status": "Match", "geocode_source": null, "geocode_review_needed": "No", "tier_num": 4, "tier_label": "Tier 4: Transition Pathways and Intensive Wraparound Support", "tier_weight": 2.5, "count_in_youth_supports": 1, "indicator_basic_navigation": 0, "indicator_youth_development": 1, "indicator_barrier_reduction": 0, "indicator_transition_pathways": 1, "indicator_segment_specific": 0 }, "geometry": { "type": "Point", "coordinates": [ -117.083525873637996, 32.751135477529999 ] } },
{ "type": "Feature", "properties": { "service_id": "188", "provider_name": "Pro Kids, First Tee - San Diego", "site_name": "Oceanside Location / Ely Callaway Golf & Learning Center", "name": "Oceanside Location / Ely Callaway Golf & Learning Center", "type": "Transition Pathways and Intensive Wraparound Support", "programs": "Tutoring & Dropout Prevention; Postsecondary Preparation; School Supplies/Fees Assistance; General Workforce Preparation; youth golf/life skills/learning center", "address": "821 Douglas Drive", "city": "Oceanside", "zip": "92058", "lat": 33.252105134262997, "lon": -117.3218229007, "tract_geoid": "06073018608", "total_population": 3223, "closest_stop_name": "Douglas Dr & Point Degada", "closest_stop_dist_m": "232", "source": "https://thefirstteesandiego.org/programs/locations/oceanside/", "geocode_status": "Match", "geocode_source": null, "geocode_review_needed": "No", "tier_num": 4, "tier_label": "Tier 4: Transition Pathways and Intensive Wraparound Support", "tier_weight": 2.5, "count_in_youth_supports": 1, "indicator_basic_navigation": 0, "indicator_youth_development": 1, "indicator_barrier_reduction": 0, "indicator_transition_pathways": 1, "indicator_segment_specific": 0 }, "geometry": { "type": "Point", "coordinates": [ -117.321822900699999, 33.252105134262997 ] } },
{ "type": "Feature", "properties": { "service_id": "189", "provider_name": "Project A.W.A.R.E Enterprises, Inc.", "site_name": "Project AWARE Enterprises", "name": "Project AWARE Enterprises", "type": "Basic Youth Access and Navigation", "programs": "Other Education & Employment Services; harm reduction education; community/youth support; restorative/gang prevention programming", "address": "7931 Broadway", "city": "Lemon Grove", "zip": "91945", "lat": 32.742684854742002, "lon": -117.028000968863, "tract_geoid": "06073014400", "total_population": 4426, "closest_stop_name": "Broadway & Grove St", "closest_stop_dist_m": "47", "source": "https://projectawareenterprises.org/programs/", "geocode_status": "Match", "geocode_source": null, "geocode_review_needed": "No", "tier_num": 3, "tier_label": "Tier 3: Barrier-Reduction and Targeted Support", "tier_weight": 2.0, "count_in_youth_supports": 1, "indicator_basic_navigation": 1, "indicator_youth_development": 0, "indicator_barrier_reduction": 1, "indicator_transition_pathways": 0, "indicator_segment_specific": 0 }, "geometry": { "type": "Point", "coordinates": [ -117.028000968862997, 32.742684854742002 ] } },
{ "type": "Feature", "properties": { "service_id": "190", "provider_name": "Project Next", "site_name": "San Marcos High School Future Center", "name": "San Marcos High School Future Center", "type": "Transition Pathways and Intensive Wraparound Support", "programs": "Postsecondary Preparation & Transition; School Supplies/Fees Assistance; General Workforce Preparation; Financial Literacy; Employment/Training Fees; Future Centers", "address": "1615 W San Marcos Blvd", "city": "San Marcos", "zip": "92078", "lat": 33.131270847206999, "lon": -117.205407306514, "tract_geoid": "06073020026", "total_population": 4447, "closest_stop_name": "San Marcos Bl & Knights Realm", "closest_stop_dist_m": "89", "source": "https://www.projectnext.org/future-centers", "geocode_status": "Match", "geocode_source": null, "geocode_review_needed": "No", "tier_num": 4, "tier_label": "Tier 4: Transition Pathways and Intensive Wraparound Support", "tier_weight": 2.5, "count_in_youth_supports": 1, "indicator_basic_navigation": 0, "indicator_youth_development": 0, "indicator_barrier_reduction": 0, "indicator_transition_pathways": 1, "indicator_segment_specific": 0 }, "geometry": { "type": "Point", "coordinates": [ -117.205407306514005, 33.131270847206999 ] } },
{ "type": "Feature", "properties": { "service_id": "191", "provider_name": "Project Next", "site_name": "Twin Oaks High School Future Center", "name": "Twin Oaks High School Future Center", "type": "Transition Pathways and Intensive Wraparound Support", "programs": "Postsecondary Preparation & Transition; School Supplies/Fees Assistance; General Workforce Preparation; Financial Literacy; Employment/Training Fees; Future Centers", "address": "158 Cassou Rd", "city": "San Marcos", "zip": "92069", "lat": 33.179690845886, "lon": -117.158668319567, "tract_geoid": "06073020038", "total_population": 5685, "closest_stop_name": "Mission Rd & Mulberry Dr", "closest_stop_dist_m": "3927", "source": "https://www.projectnext.org/future-centers", "geocode_status": "Match", "geocode_source": null, "geocode_review_needed": "No", "tier_num": 4, "tier_label": "Tier 4: Transition Pathways and Intensive Wraparound Support", "tier_weight": 2.5, "count_in_youth_supports": 1, "indicator_basic_navigation": 0, "indicator_youth_development": 0, "indicator_barrier_reduction": 0, "indicator_transition_pathways": 1, "indicator_segment_specific": 0 }, "geometry": { "type": "Point", "coordinates": [ -117.158668319566999, 33.179690845886 ] } },
{ "type": "Feature", "properties": { "service_id": "192", "provider_name": "Project Next", "site_name": "Escondido High School Future Center", "name": "Escondido High School Future Center", "type": "Transition Pathways and Intensive Wraparound Support", "programs": "Postsecondary Preparation & Transition; School Supplies/Fees Assistance; General Workforce Preparation; Financial Literacy; Employment/Training Fees; Future Centers", "address": "1535 N Broadway", "city": "Escondido", "zip": "92026", "lat": 33.143964899628998, "lon": -117.09023882332301, "tract_geoid": "06073020105", "total_population": 3990, "closest_stop_name": "Broadway & Sheridan Av", "closest_stop_dist_m": "41", "source": "https://www.projectnext.org/future-centers", "geocode_status": "Match", "geocode_source": null, "geocode_review_needed": "No", "tier_num": 4, "tier_label": "Tier 4: Transition Pathways and Intensive Wraparound Support", "tier_weight": 2.5, "count_in_youth_supports": 1, "indicator_basic_navigation": 0, "indicator_youth_development": 0, "indicator_barrier_reduction": 0, "indicator_transition_pathways": 1, "indicator_segment_specific": 0 }, "geometry": { "type": "Point", "coordinates": [ -117.090238823323006, 33.143964899628998 ] } },
{ "type": "Feature", "properties": { "service_id": "193", "provider_name": "Promises2Kids", "site_name": "Main Office", "name": "Main Office", "type": "Transition Pathways and Intensive Wraparound Support", "programs": "Tutoring & Dropout Prevention; Alternative Secondary School Services; Postsecondary Preparation; Educational Testing Assistance; School Supplies/Fees Assistance; Leadership Development; General Workforce Preparation; Financial Literacy; Follow Up Services; Work Attire/Tools; Employment/Training Fees; Reasonable Accommodations; Housing Assistance; Referrals; Transportation; Childcare; Benefits Assistance", "address": "3255 Camino Del Rio S.", "city": "San Diego", "zip": "92108", "lat": 32.775160256242003, "lon": -117.12317767117, "tract_geoid": "06073009307", "total_population": 4846, "closest_stop_name": "Camino Del Rio S & Mission City Pkwy", "closest_stop_dist_m": "66", "source": "https://promises2kids.org/contact/", "geocode_status": "Match", "geocode_source": null, "geocode_review_needed": "No", "tier_num": 4, "tier_label": "Tier 4: Transition Pathways and Intensive Wraparound Support", "tier_weight": 2.5, "count_in_youth_supports": 1, "indicator_basic_navigation": 0, "indicator_youth_development": 1, "indicator_barrier_reduction": 1, "indicator_transition_pathways": 1, "indicator_segment_specific": 0 }, "geometry": { "type": "Point", "coordinates": [ -117.123177671169998, 32.775160256242003 ] } },
{ "type": "Feature", "properties": { "service_id": "194", "provider_name": "ProPhound Kids", "site_name": "ProPhound Kids Alternate Social Listing", "name": "ProPhound Kids Alternate Social Listing", "type": "Basic Youth Access and Navigation", "programs": "Other Education & Employment Services; youth creative expression; substance-abuse prevention", "address": "2533 Northside Drive", "city": "San Diego", "zip": "92108", "lat": 32.784955599614001, "lon": -117.128679085946, "tract_geoid": "06073009305", "total_population": 6104, "closest_stop_name": "Fenton Parkway Station", "closest_stop_dist_m": "747", "source": "https://www.facebook.com/prophoundkids/", "geocode_status": "Match", "geocode_source": null, "geocode_review_needed": "No", "tier_num": 3, "tier_label": "Tier 3: Barrier-Reduction and Targeted Support", "tier_weight": 2.0, "count_in_youth_supports": 1, "indicator_basic_navigation": 1, "indicator_youth_development": 0, "indicator_barrier_reduction": 1, "indicator_transition_pathways": 0, "indicator_segment_specific": 0 }, "geometry": { "type": "Point", "coordinates": [ -117.128679085946004, 32.784955599614001 ] } },
{ "type": "Feature", "properties": { "service_id": "195", "provider_name": "Rainbow Spaces", "site_name": "San Diego Central Library", "name": "San Diego Central Library", "type": "Transition Pathways and Intensive Wraparound Support", "programs": "LGBTQ youth events; Dungeons & Dragons; community youth programming", "address": "330 Park Blvd", "city": "San Diego", "zip": "92101", "lat": 32.708221736939997, "lon": -117.154113225956, "tract_geoid": "06073005102", "total_population": 5116, "closest_stop_name": "11th Av & K St", "closest_stop_dist_m": "37", "source": "https://www.rainbowspaces.org/lgbtqyouthevents", "geocode_status": "Match", "geocode_source": null, "geocode_review_needed": "No", "tier_num": 4, "tier_label": "Tier 4: Transition Pathways and Intensive Wraparound Support", "tier_weight": 2.5, "count_in_youth_supports": 1, "indicator_basic_navigation": 1, "indicator_youth_development": 0, "indicator_barrier_reduction": 0, "indicator_transition_pathways": 1, "indicator_segment_specific": 1 }, "geometry": { "type": "Point", "coordinates": [ -117.154113225955996, 32.708221736939997 ] } },
{ "type": "Feature", "properties": { "service_id": "196", "provider_name": "Rainbow Spaces", "site_name": "Logan Heights Library", "name": "Logan Heights Library", "type": "Transition Pathways and Intensive Wraparound Support", "programs": "LGBTQ youth events; Dungeons & Dragons; community youth programming", "address": "567 S 28th St", "city": "San Diego", "zip": "92113", "lat": 32.700305663727001, "lon": -117.133761620719, "tract_geoid": "06073003902", "total_population": 3786, "closest_stop_name": "Ocean View Bl & 28th St", "closest_stop_dist_m": "98", "source": "https://sandiego.librarymarket.com/event/copy-rainbow-spaces-dungeons-dragons-calabozos-y-dragones-437229", "geocode_status": "Match", "geocode_source": null, "geocode_review_needed": "No", "tier_num": 4, "tier_label": "Tier 4: Transition Pathways and Intensive Wraparound Support", "tier_weight": 2.5, "count_in_youth_supports": 1, "indicator_basic_navigation": 1, "indicator_youth_development": 0, "indicator_barrier_reduction": 0, "indicator_transition_pathways": 1, "indicator_segment_specific": 1 }, "geometry": { "type": "Point", "coordinates": [ -117.133761620719, 32.700305663727001 ] } },
{ "type": "Feature", "properties": { "service_id": "197", "provider_name": "Reality Changers", "site_name": "Reality Changers Office", "name": "Reality Changers Office", "type": "Transition Pathways and Intensive Wraparound Support", "programs": "Tutoring & Dropout Prevention; Postsecondary Preparation; Leadership Development; Paid and Unpaid Work Experiences; General Workforce Preparation; Financial Literacy; Other Education & Employment Services", "address": "4305 University Ave, Suite 510", "city": "San Diego", "zip": "92105", "lat": 32.749560936400002, "lon": -117.10184591661699, "tract_geoid": "06073002402", "total_population": 4665, "closest_stop_name": "Fairmount Av & University Av", "closest_stop_dist_m": "87", "source": "https://realitychangers.org/contact/", "geocode_status": "Match", "geocode_source": null, "geocode_review_needed": "No", "tier_num": 4, "tier_label": "Tier 4: Transition Pathways and Intensive Wraparound Support", "tier_weight": 2.5, "count_in_youth_supports": 1, "indicator_basic_navigation": 0, "indicator_youth_development": 1, "indicator_barrier_reduction": 0, "indicator_transition_pathways": 1, "indicator_segment_specific": 0 }, "geometry": { "type": "Point", "coordinates": [ -117.101845916616995, 32.749560936400002 ] } },
{ "type": "Feature", "properties": { "service_id": "198", "provider_name": "Reality Changers", "site_name": "Reality Changers Education Center", "name": "Reality Changers Education Center", "type": "Transition Pathways and Intensive Wraparound Support", "programs": "Tutoring & Dropout Prevention; Postsecondary Preparation; college readiness; youth education", "address": "1400 Park Boulevard", "city": "San Diego", "zip": "92101", "lat": 32.719383782099001, "lon": -117.153849791651, "tract_geoid": "06073005602", "total_population": 2096, "closest_stop_name": "Park Bl & B St", "closest_stop_dist_m": "121", "source": "https://realitychangers.org/contact/", "geocode_status": "Match", "geocode_source": null, "geocode_review_needed": "No", "tier_num": 4, "tier_label": "Tier 4: Transition Pathways and Intensive Wraparound Support", "tier_weight": 2.5, "count_in_youth_supports": 1, "indicator_basic_navigation": 0, "indicator_youth_development": 1, "indicator_barrier_reduction": 0, "indicator_transition_pathways": 1, "indicator_segment_specific": 0 }, "geometry": { "type": "Point", "coordinates": [ -117.153849791650998, 32.719383782099001 ] } },
{ "type": "Feature", "properties": { "service_id": "199", "provider_name": "Reality Changers", "site_name": "Reality Changers City Heights Headquarters", "name": "Reality Changers City Heights Headquarters", "type": "Transition Pathways and Intensive Wraparound Support", "programs": "Headquarters / staff office", "address": "4251 37th Street", "city": "San Diego", "zip": "92105", "lat": 32.754257551096003, "lon": -117.113562694644, "tract_geoid": "06073002201", "total_population": 3170, "closest_stop_name": "El Cajon Bl & 37th St", "closest_stop_dist_m": "97", "source": "https://realitychangers.org/careers/", "geocode_status": "Match", "geocode_source": null, "geocode_review_needed": "No", "tier_num": 4, "tier_label": "Tier 4: Transition Pathways and Intensive Wraparound Support", "tier_weight": 2.5, "count_in_youth_supports": 1, "indicator_basic_navigation": 0, "indicator_youth_development": 0, "indicator_barrier_reduction": 0, "indicator_transition_pathways": 1, "indicator_segment_specific": 0 }, "geometry": { "type": "Point", "coordinates": [ -117.113562694644003, 32.754257551096003 ] } },
{ "type": "Feature", "properties": { "service_id": "200", "provider_name": "Red Cross Women Infants and Children (WIC) Program", "site_name": "College Area Office", "name": "College Area Office", "type": "Barrier-Reduction and Targeted Support", "programs": "Referrals to Health & Community Services; WIC nutrition support; breastfeeding support; community referrals", "address": "5821 University Ave", "city": "San Diego", "zip": "92115", "lat": 32.749305470751999, "lon": -117.07202450342101, "tract_geoid": "06073002703", "total_population": 7111, "closest_stop_name": "University Av & 58th St", "closest_stop_dist_m": "26", "source": "https://sandiegowic.org/contact/", "geocode_status": "Match", "geocode_source": null, "geocode_review_needed": "No", "tier_num": 3, "tier_label": "Tier 3: Barrier-Reduction and Targeted Support", "tier_weight": 2.0, "count_in_youth_supports": 1, "indicator_basic_navigation": 0, "indicator_youth_development": 0, "indicator_barrier_reduction": 1, "indicator_transition_pathways": 0, "indicator_segment_specific": 0 }, "geometry": { "type": "Point", "coordinates": [ -117.072024503421005, 32.749305470751999 ] } },
{ "type": "Feature", "properties": { "service_id": "201", "provider_name": "Red Cross Women Infants and Children (WIC) Program", "site_name": "Euclid Office / Jackie Robinson Family YMCA", "name": "Euclid Office / Jackie Robinson Family YMCA", "type": "Barrier-Reduction and Targeted Support", "programs": "Referrals to Health & Community Services; WIC nutrition support; breastfeeding support; community referrals", "address": "151 YMCA Way", "city": "San Diego", "zip": "92102", "lat": 32.705080532872998, "lon": -117.097419435295, "tract_geoid": "06073003301", "total_population": 3548, "closest_stop_name": "Imperial Av & 45th St", "closest_stop_dist_m": "98", "source": "https://sandiegowic.org/euclid-moving/", "geocode_status": "Match", "geocode_source": null, "geocode_review_needed": "No", "tier_num": 3, "tier_label": "Tier 3: Barrier-Reduction and Targeted Support", "tier_weight": 2.0, "count_in_youth_supports": 1, "indicator_basic_navigation": 0, "indicator_youth_development": 0, "indicator_barrier_reduction": 1, "indicator_transition_pathways": 0, "indicator_segment_specific": 0 }, "geometry": { "type": "Point", "coordinates": [ -117.097419435294995, 32.705080532872998 ] } },
{ "type": "Feature", "properties": { "service_id": "202", "provider_name": "Red Cross Women Infants and Children (WIC) Program", "site_name": "El Cajon Office", "name": "El Cajon Office", "type": "Barrier-Reduction and Targeted Support", "programs": "Referrals to Health & Community Services; WIC nutrition support; breastfeeding support; community referrals", "address": "564 North 2nd St", "city": "El Cajon", "zip": "92021", "lat": 32.801397154210001, "lon": -116.935806466651, "tract_geoid": "06073016302", "total_population": 5669, "closest_stop_name": "Madison Av & 2nd St", "closest_stop_dist_m": "160", "source": "https://sandiegowic.org/contact/", "geocode_status": "Match", "geocode_source": null, "geocode_review_needed": "No", "tier_num": 3, "tier_label": "Tier 3: Barrier-Reduction and Targeted Support", "tier_weight": 2.0, "count_in_youth_supports": 1, "indicator_basic_navigation": 0, "indicator_youth_development": 0, "indicator_barrier_reduction": 1, "indicator_transition_pathways": 0, "indicator_segment_specific": 0 }, "geometry": { "type": "Point", "coordinates": [ -116.935806466651002, 32.801397154210001 ] } },
{ "type": "Feature", "properties": { "service_id": "203", "provider_name": "Red Cross Women Infants and Children (WIC) Program", "site_name": "Oceanside Office", "name": "Oceanside Office", "type": "Barrier-Reduction and Targeted Support", "programs": "Referrals to Health & Community Services; WIC nutrition support; breastfeeding support; community referrals", "address": "1906 Oceanside Blvd", "city": "Oceanside", "zip": "92054", "lat": 33.193476166910003, "lon": -117.356539196501, "tract_geoid": "06073018509", "total_population": 5559, "closest_stop_name": "Oceanside Blvd & 1906", "closest_stop_dist_m": "35", "source": "https://sandiegowic.org/contact/", "geocode_status": "Match", "geocode_source": null, "geocode_review_needed": "No", "tier_num": 3, "tier_label": "Tier 3: Barrier-Reduction and Targeted Support", "tier_weight": 2.0, "count_in_youth_supports": 1, "indicator_basic_navigation": 0, "indicator_youth_development": 0, "indicator_barrier_reduction": 1, "indicator_transition_pathways": 0, "indicator_segment_specific": 0 }, "geometry": { "type": "Point", "coordinates": [ -117.356539196501004, 33.193476166910003 ] } },
{ "type": "Feature", "properties": { "service_id": "204", "provider_name": "RISE San Diego", "site_name": "RISE San Diego", "name": "RISE San Diego", "type": "Transition Pathways and Intensive Wraparound Support", "programs": "Leadership Development; Paid and Unpaid Work Experiences; Virtual Education & Employment Services; leadership/civic capacity building", "address": "404 Euclid Ave, Suite 329", "city": "San Diego", "zip": "92114", "lat": 32.708965058715997, "lon": -117.085059881181, "tract_geoid": "06073003304", "total_population": 3319, "closest_stop_name": "Euclid Av & Unity Place Drwy", "closest_stop_dist_m": "8", "source": "https://www.risesandiego.org/contact-us", "geocode_status": "Match", "geocode_source": null, "geocode_review_needed": "No", "tier_num": 4, "tier_label": "Tier 4: Transition Pathways and Intensive Wraparound Support", "tier_weight": 2.5, "count_in_youth_supports": 1, "indicator_basic_navigation": 0, "indicator_youth_development": 1, "indicator_barrier_reduction": 0, "indicator_transition_pathways": 1, "indicator_segment_specific": 0 }, "geometry": { "type": "Point", "coordinates": [ -117.085059881180996, 32.708965058715997 ] } },
{ "type": "Feature", "properties": { "service_id": "205", "provider_name": "Rise Up Industries", "site_name": "Rise Up Industries / Market Street Facility", "name": "Rise Up Industries / Market Street Facility", "type": "Transition Pathways and Intensive Wraparound Support", "programs": "Tutoring & Dropout Prevention; Leadership Development; Paid and Unpaid Work Experiences; Occupational Skills Training; General Workforce Preparation; Entrepreneurship Skills Training; reentry; apprenticeship; youth leadership", "address": "5275 Market St", "city": "San Diego", "zip": "92114", "lat": 32.710357982383002, "lon": -117.08268557280699, "tract_geoid": "06073003001", "total_population": 4537, "closest_stop_name": "Roswell St & 51st St", "closest_stop_dist_m": "194", "source": "https://riseupindustries.org/contact-us/", "geocode_status": "Match", "geocode_source": null, "geocode_review_needed": "No", "tier_num": 4, "tier_label": "Tier 4: Transition Pathways and Intensive Wraparound Support", "tier_weight": 2.5, "count_in_youth_supports": 1, "indicator_basic_navigation": 0, "indicator_youth_development": 1, "indicator_barrier_reduction": 0, "indicator_transition_pathways": 1, "indicator_segment_specific": 1 }, "geometry": { "type": "Point", "coordinates": [ -117.082685572806994, 32.710357982383002 ] } },
{ "type": "Feature", "properties": { "service_id": "206", "provider_name": "Rise Up Industries", "site_name": "Rise Up Industries Apprenticeship Program", "name": "Rise Up Industries Apprenticeship Program", "type": "Transition Pathways and Intensive Wraparound Support", "programs": "Reentry Program; paid apprenticeship; CNC/machine training; wraparound support", "address": "5275 Market St, Ste. 1", "city": "San Diego", "zip": "92114", "lat": 32.710357982383002, "lon": -117.08268557280699, "tract_geoid": "06073003001", "total_population": 4537, "closest_stop_name": "Roswell St & 51st St", "closest_stop_dist_m": "194", "source": "https://www.dir.ca.gov/databases/das/results_aigdetail.asp?varOccId=10990", "geocode_status": "Match", "geocode_source": null, "geocode_review_needed": "No", "tier_num": 4, "tier_label": "Tier 4: Transition Pathways and Intensive Wraparound Support", "tier_weight": 2.5, "count_in_youth_supports": 1, "indicator_basic_navigation": 0, "indicator_youth_development": 0, "indicator_barrier_reduction": 0, "indicator_transition_pathways": 1, "indicator_segment_specific": 1 }, "geometry": { "type": "Point", "coordinates": [ -117.082685572806994, 32.710357982383002 ] } },
{ "type": "Feature", "properties": { "service_id": "207", "provider_name": "Rotary District 5340", "site_name": "Rotary District 5340 Public Listing", "name": "Rotary District 5340 Public Listing", "type": "Youth Development and Enrichment", "programs": "Leadership Development; Other Education & Employment Services; youth leadership programs; RYLA; LEAD; Interact", "address": "5052 Clairemont Dr #178651", "city": "San Diego", "zip": "92117", "lat": 32.833564005831001, "lon": -117.20177002497201, "tract_geoid": "06073008502", "total_population": 6507, "closest_stop_name": "Clairemont Mesa Bl & Clairemont Dr", "closest_stop_dist_m": "108", "source": "https://www.linkedin.com/company/rotary5340", "geocode_status": "Match", "geocode_source": null, "geocode_review_needed": "No", "tier_num": 2, "tier_label": "Tier 2: Youth Development and Enrichment", "tier_weight": 1.5, "count_in_youth_supports": 1, "indicator_basic_navigation": 0, "indicator_youth_development": 1, "indicator_barrier_reduction": 0, "indicator_transition_pathways": 0, "indicator_segment_specific": 0 }, "geometry": { "type": "Point", "coordinates": [ -117.201770024972006, 32.833564005831001 ] } },
{ "type": "Feature", "properties": { "service_id": "208", "provider_name": "Safe Harbor Coronado", "site_name": "Safe Harbor Coronado", "name": "Safe Harbor Coronado", "type": "Transition Pathways and Intensive Wraparound Support / Health Opportunity", "programs": "Leadership Development; Paid and Unpaid Work Experiences; Other Education & Employment Services; Drug & Mental Health Counseling; youth/family counseling; prevention programming", "address": "1009 C Avenue", "city": "Coronado", "zip": "92118", "lat": 32.685263406929998, "lon": -117.178669091722, "tract_geoid": "06073021800", "total_population": 1937, "closest_stop_name": "Orange Av & C Av", "closest_stop_dist_m": "82", "source": "https://safeharborcoronado.org/", "geocode_status": "Match", "geocode_source": null, "geocode_review_needed": "No", "tier_num": 4, "tier_label": "Tier 4: Transition Pathways and Intensive Wraparound Support", "tier_weight": 2.5, "count_in_youth_supports": 1, "indicator_basic_navigation": 0, "indicator_youth_development": 1, "indicator_barrier_reduction": 0, "indicator_transition_pathways": 1, "indicator_segment_specific": 0 }, "geometry": { "type": "Point", "coordinates": [ -117.178669091722, 32.685263406929998 ] } },
{ "type": "Feature", "properties": { "service_id": "209", "provider_name": "Safe Harbor Coronado", "site_name": "Safe Harbor Counseling", "name": "Safe Harbor Counseling", "type": "Move to Health Opportunity domain", "programs": "Counseling; youth and family mental health support", "address": "1009 C Avenue", "city": "Coronado", "zip": "92118", "lat": 32.685263406929998, "lon": -117.178669091722, "tract_geoid": "06073021800", "total_population": 1937, "closest_stop_name": "Orange Av & C Av", "closest_stop_dist_m": "82", "source": "https://safeharborcoronado.org/counseling", "geocode_status": "Match", "geocode_source": null, "geocode_review_needed": "No", "tier_num": 0, "tier_label": "Not counted in Youth Supports", "tier_weight": 0.0, "count_in_youth_supports": 0, "indicator_basic_navigation": 0, "indicator_youth_development": 0, "indicator_barrier_reduction": 0, "indicator_transition_pathways": 0, "indicator_segment_specific": 0 }, "geometry": { "type": "Point", "coordinates": [ -117.178669091722, 32.685263406929998 ] } },
{ "type": "Feature", "properties": { "service_id": "210", "provider_name": "Salvation Army", "site_name": "Kroc Corps Community Center", "name": "Kroc Corps Community Center", "type": "Youth Development and Enrichment", "programs": "Leadership Development; Other Education & Employment Services; youth/family/community programming", "address": "6845 University Ave", "city": "San Diego", "zip": "92115", "lat": 32.755072043302, "lon": -117.050475628374, "tract_geoid": "06073002903", "total_population": 4517, "closest_stop_name": "University Av & 69th St", "closest_stop_dist_m": "81", "source": "https://sd.kroccenter.org/kroc-san-diego/", "geocode_status": "Match", "geocode_source": null, "geocode_review_needed": "No", "tier_num": 2, "tier_label": "Tier 2: Youth Development and Enrichment", "tier_weight": 1.5, "count_in_youth_supports": 1, "indicator_basic_navigation": 0, "indicator_youth_development": 1, "indicator_barrier_reduction": 0, "indicator_transition_pathways": 0, "indicator_segment_specific": 0 }, "geometry": { "type": "Point", "coordinates": [ -117.050475628374002, 32.755072043302 ] } },
{ "type": "Feature", "properties": { "service_id": "211", "provider_name": "Salvation Army", "site_name": "San Diego Regional Office", "name": "San Diego Regional Office", "type": "Youth Development and Enrichment", "programs": "Community center; family/youth/community services", "address": "6605 University Ave", "city": "San Diego", "zip": "92115", "lat": 32.755310819811001, "lon": -117.054711574058, "tract_geoid": "06073002903", "total_population": 4517, "closest_stop_name": "University Av & Aragon Dr", "closest_stop_dist_m": "25", "source": "https://sandiego.salvationarmy.org/", "geocode_status": "Match", "geocode_source": null, "geocode_review_needed": "No", "tier_num": 2, "tier_label": "Tier 2: Youth Development and Enrichment", "tier_weight": 1.5, "count_in_youth_supports": 1, "indicator_basic_navigation": 0, "indicator_youth_development": 1, "indicator_barrier_reduction": 0, "indicator_transition_pathways": 0, "indicator_segment_specific": 0 }, "geometry": { "type": "Point", "coordinates": [ -117.054711574058004, 32.755310819811001 ] } },
{ "type": "Feature", "properties": { "service_id": "212", "provider_name": "Salvation Army", "site_name": "El Cajon Red Shield / Corps Community Center", "name": "El Cajon Red Shield / Corps Community Center", "type": "Youth Development and Enrichment", "programs": "Community center; family/youth/community services", "address": "1011 E. Main Street", "city": "El Cajon", "zip": "92021", "lat": 32.794857923121, "lon": -116.94770992436599, "tract_geoid": "06073015706", "total_population": 2458, "closest_stop_name": "E Main St & Anza St", "closest_stop_dist_m": "14", "source": "https://sandiego.salvationarmy.org/", "geocode_status": "Match", "geocode_source": null, "geocode_review_needed": "No", "tier_num": 2, "tier_label": "Tier 2: Youth Development and Enrichment", "tier_weight": 1.5, "count_in_youth_supports": 1, "indicator_basic_navigation": 0, "indicator_youth_development": 1, "indicator_barrier_reduction": 0, "indicator_transition_pathways": 0, "indicator_segment_specific": 0 }, "geometry": { "type": "Point", "coordinates": [ -116.947709924365995, 32.794857923121 ] } },
{ "type": "Feature", "properties": { "service_id": "213", "provider_name": "Salvation Army", "site_name": "Escondido Corps Community Center", "name": "Escondido Corps Community Center", "type": "Youth Development and Enrichment", "programs": "Community center; family/youth/community services", "address": "1301 Las Villas Way", "city": "Escondido", "zip": "92026", "lat": 33.138163899254998, "lon": -117.093401573219, "tract_geoid": "06073020308", "total_population": 6685, "closest_stop_name": "Escondido Bl & El Norte Pkwy", "closest_stop_dist_m": "93", "source": "https://sandiego.salvationarmy.org/", "geocode_status": "Match", "geocode_source": null, "geocode_review_needed": "No", "tier_num": 2, "tier_label": "Tier 2: Youth Development and Enrichment", "tier_weight": 1.5, "count_in_youth_supports": 1, "indicator_basic_navigation": 0, "indicator_youth_development": 1, "indicator_barrier_reduction": 0, "indicator_transition_pathways": 0, "indicator_segment_specific": 0 }, "geometry": { "type": "Point", "coordinates": [ -117.093401573218998, 33.138163899254998 ] } },
{ "type": "Feature", "properties": { "service_id": "214", "provider_name": "Salvation Army", "site_name": "Oceanside Corps Community Center", "name": "Oceanside Corps Community Center", "type": "Youth Development and Enrichment", "programs": "Community center; family/youth/community services", "address": "3935 Lake Boulevard", "city": "Oceanside", "zip": "92056", "lat": 33.180108943067999, "lon": -117.289206837988, "tract_geoid": "06073019805", "total_population": 4245, "closest_stop_name": "Lake Bl & Thunder Dr", "closest_stop_dist_m": "20", "source": "https://sandiego.salvationarmy.org/", "geocode_status": "Match", "geocode_source": null, "geocode_review_needed": "No", "tier_num": 2, "tier_label": "Tier 2: Youth Development and Enrichment", "tier_weight": 1.5, "count_in_youth_supports": 1, "indicator_basic_navigation": 0, "indicator_youth_development": 1, "indicator_barrier_reduction": 0, "indicator_transition_pathways": 0, "indicator_segment_specific": 0 }, "geometry": { "type": "Point", "coordinates": [ -117.289206837988004, 33.180108943067999 ] } },
{ "type": "Feature", "properties": { "service_id": "215", "provider_name": "Salvation Army", "site_name": "Centre City Corps Community Center", "name": "Centre City Corps Community Center", "type": "Barrier-Reduction and Targeted Support", "programs": "Shelter; homeless outreach; family services", "address": "825 7th Avenue", "city": "San Diego", "zip": "92101", "lat": 32.713917092942999, "lon": -117.15826204403299, "tract_geoid": "06073005301", "total_population": 3849, "closest_stop_name": "7th Av & F St", "closest_stop_dist_m": "46", "source": "https://sandiego.salvationarmy.org/", "geocode_status": "Match", "geocode_source": null, "geocode_review_needed": "No", "tier_num": 3, "tier_label": "Tier 3: Barrier-Reduction and Targeted Support", "tier_weight": 2.0, "count_in_youth_supports": 1, "indicator_basic_navigation": 0, "indicator_youth_development": 0, "indicator_barrier_reduction": 1, "indicator_transition_pathways": 0, "indicator_segment_specific": 1 }, "geometry": { "type": "Point", "coordinates": [ -117.158262044032995, 32.713917092942999 ] } },
{ "type": "Feature", "properties": { "service_id": "216", "provider_name": "Salvation Army", "site_name": "Door of Hope / Haven Interim Shelter / Citadel Site", "name": "Door of Hope / Haven Interim Shelter / Citadel Site", "type": "Barrier-Reduction and Targeted Support", "programs": "Family shelter; interim housing; housing support", "address": "2799 Health Center Drive", "city": "San Diego", "zip": "92123", "lat": 32.794844825388999, "lon": -117.157404378506, "tract_geoid": "06073008702", "total_population": 4980, "closest_stop_name": "Vista Hill Av & Health Center Dr", "closest_stop_dist_m": "32", "source": "https://sd.kroccenter.org/kroc-san-diego/assistance/", "geocode_status": "Match", "geocode_source": null, "geocode_review_needed": "No", "tier_num": 3, "tier_label": "Tier 3: Barrier-Reduction and Targeted Support", "tier_weight": 2.0, "count_in_youth_supports": 1, "indicator_basic_navigation": 0, "indicator_youth_development": 0, "indicator_barrier_reduction": 1, "indicator_transition_pathways": 0, "indicator_segment_specific": 0 }, "geometry": { "type": "Point", "coordinates": [ -117.157404378506001, 32.794844825388999 ] } },
{ "type": "Feature", "properties": { "service_id": "217", "provider_name": "Salvation Army", "site_name": "Adult Rehabilitation Center", "name": "Adult Rehabilitation Center", "type": "Not Youth Supports", "programs": "Adult rehabilitation", "address": "7455 Otay Mesa Road", "city": "San Diego", "zip": "92154", "lat": 32.567824744820001, "lon": -116.98050985030601, "tract_geoid": "06073010015", "total_population": 5159, "closest_stop_name": "Otay Mesa Rd & Britannia Bl", "closest_stop_dist_m": "30", "source": "https://sandiego.salvationarmy.org/", "geocode_status": "Match", "geocode_source": null, "geocode_review_needed": "No", "tier_num": 0, "tier_label": "Not counted in Youth Supports", "tier_weight": 0.0, "count_in_youth_supports": 0, "indicator_basic_navigation": 0, "indicator_youth_development": 0, "indicator_barrier_reduction": 0, "indicator_transition_pathways": 0, "indicator_segment_specific": 0 }, "geometry": { "type": "Point", "coordinates": [ -116.980509850306007, 32.567824744820001 ] } },
{ "type": "Feature", "properties": { "service_id": "218", "provider_name": "San Diego American Indian Health Center - Youth Outreach Center", "site_name": "Youth Center", "name": "Youth Center", "type": "Basic Youth Access and Navigation", "programs": "Other Education & Employment Services; Health Services; Native youth outreach", "address": "2560 First Ave, Suite 103", "city": "San Diego", "zip": "92103", "lat": 32.731997724128, "lon": -117.164012177107, "tract_geoid": "06073006000", "total_population": 4964, "closest_stop_name": "1st Av & Laurel St", "closest_stop_dist_m": "51", "source": "https://www.sdaihc.org/youth-outreach/", "geocode_status": "Match", "geocode_source": null, "geocode_review_needed": "No", "tier_num": 3, "tier_label": "Tier 3: Barrier-Reduction and Targeted Support", "tier_weight": 2.0, "count_in_youth_supports": 1, "indicator_basic_navigation": 1, "indicator_youth_development": 0, "indicator_barrier_reduction": 1, "indicator_transition_pathways": 0, "indicator_segment_specific": 0 }, "geometry": { "type": "Point", "coordinates": [ -117.164012177106997, 32.731997724128 ] } },
{ "type": "Feature", "properties": { "service_id": "219", "provider_name": "San Diego American Indian Health Center - Youth Outreach Center", "site_name": "Main Health Center / Clinic", "name": "Main Health Center / Clinic", "type": "Move to Health Opportunity domain", "programs": "Health Services; behavioral health; primary care", "address": "2630 First Ave", "city": "San Diego", "zip": "92103", "lat": 32.732760702591001, "lon": -117.164014670554, "tract_geoid": "06073006000", "total_population": 4964, "closest_stop_name": "1st Av & Nutmeg St", "closest_stop_dist_m": "50", "source": "https://www.sdaihc.org/contacts/", "geocode_status": "Match", "geocode_source": null, "geocode_review_needed": "No", "tier_num": 0, "tier_label": "Not counted in Youth Supports", "tier_weight": 0.0, "count_in_youth_supports": 0, "indicator_basic_navigation": 0, "indicator_youth_development": 0, "indicator_barrier_reduction": 0, "indicator_transition_pathways": 0, "indicator_segment_specific": 0 }, "geometry": { "type": "Point", "coordinates": [ -117.164014670553996, 32.732760702591001 ] } },
{ "type": "Feature", "properties": { "service_id": "220", "provider_name": "San Diego Center for Children", "site_name": "Main Campus / Academy", "name": "Main Campus / Academy", "type": "Move to Health or Education support", "programs": "Assistance with School Supplies & Fees; Drug & Mental Health Counseling; Health Services", "address": "3002 Armstrong Street", "city": "San Diego", "zip": "92111", "lat": 32.800439135231997, "lon": -117.165482665036, "tract_geoid": "06073008701", "total_population": 3169, "closest_stop_name": "Mesa College Dr & Armstrong St", "closest_stop_dist_m": "342", "source": "https://www.centerforchildren.org/contact/", "geocode_status": "Match", "geocode_source": null, "geocode_review_needed": "No", "tier_num": 0, "tier_label": "Not counted in Youth Supports", "tier_weight": 0.0, "count_in_youth_supports": 0, "indicator_basic_navigation": 0, "indicator_youth_development": 0, "indicator_barrier_reduction": 0, "indicator_transition_pathways": 0, "indicator_segment_specific": 0 }, "geometry": { "type": "Point", "coordinates": [ -117.165482665035995, 32.800439135231997 ] } },
{ "type": "Feature", "properties": { "service_id": "221", "provider_name": "San Diego Center for Children", "site_name": "FFAST / Mission Valley Office", "name": "FFAST / Mission Valley Office", "type": "Barrier-Reduction and Targeted Support / Health Opportunity", "programs": "Foster youth support; FFAST; therapeutic foster care; wraparound support", "address": "2655 Camino del Rio North, Suite 450", "city": "San Diego", "zip": "92108", "lat": 32.772709183232003, "lon": -117.134580597105, "tract_geoid": "06073009307", "total_population": 4846, "closest_stop_name": "Camino Del Rio N & 2655", "closest_stop_dist_m": "13", "source": "https://www.centerforchildren.org/our-services/foster-youth/ffast/", "geocode_status": "Match", "geocode_source": null, "geocode_review_needed": "No", "tier_num": 3, "tier_label": "Tier 3: Barrier-Reduction and Targeted Support", "tier_weight": 2.0, "count_in_youth_supports": 1, "indicator_basic_navigation": 0, "indicator_youth_development": 0, "indicator_barrier_reduction": 1, "indicator_transition_pathways": 0, "indicator_segment_specific": 1 }, "geometry": { "type": "Point", "coordinates": [ -117.134580597105, 32.772709183232003 ] } },
{ "type": "Feature", "properties": { "service_id": "222", "provider_name": "San Diego Center for Children", "site_name": "East County Outpatient Program", "name": "East County Outpatient Program", "type": "Move to Health Opportunity domain", "programs": "Outpatient mental health; school-based behavioral health", "address": "6386 Alvarado Ct., Suite 310", "city": "San Diego", "zip": "92120", "lat": 32.777228019688998, "lon": -117.062155558222, "tract_geoid": "06073002904", "total_population": 9700, "closest_stop_name": "UCSD Health East Station", "closest_stop_dist_m": "493", "source": "https://www.sandiegocounty.gov/content/dam/sdc/hhsa/programs/bhs/CYF/East%20Region%20Services%20Directory_Updated%20March%202025.pdf", "geocode_status": "Match", "geocode_source": null, "geocode_review_needed": "No", "tier_num": 0, "tier_label": "Not counted in Youth Supports", "tier_weight": 0.0, "count_in_youth_supports": 0, "indicator_basic_navigation": 0, "indicator_youth_development": 0, "indicator_barrier_reduction": 0, "indicator_transition_pathways": 0, "indicator_segment_specific": 0 }, "geometry": { "type": "Point", "coordinates": [ -117.062155558222003, 32.777228019688998 ] } },
{ "type": "Feature", "properties": { "service_id": "223", "provider_name": "San Diego Center for the Blind and Vision Impaired", "site_name": "San Diego Center", "name": "San Diego Center", "type": "Barrier-Reduction and Targeted Support", "programs": "Drug & Mental Health Counseling; Transportation; vision rehabilitation", "address": "5922 El Cajon Boulevard", "city": "San Diego", "zip": "92115", "lat": 32.759961521472, "lon": -117.07008436822299, "tract_geoid": "06073002804", "total_population": 6071, "closest_stop_name": "El Cajon Bl & 59th St", "closest_stop_dist_m": "23", "source": "https://www.sdcb.org/client-programs/", "geocode_status": "Match", "geocode_source": null, "geocode_review_needed": "No", "tier_num": 3, "tier_label": "Tier 3: Barrier-Reduction and Targeted Support", "tier_weight": 2.0, "count_in_youth_supports": 1, "indicator_basic_navigation": 0, "indicator_youth_development": 0, "indicator_barrier_reduction": 1, "indicator_transition_pathways": 0, "indicator_segment_specific": 0 }, "geometry": { "type": "Point", "coordinates": [ -117.070084368222993, 32.759961521472 ] } },
{ "type": "Feature", "properties": { "service_id": "224", "provider_name": "San Diego Center for the Blind and Vision Impaired", "site_name": "Vista Center", "name": "Vista Center", "type": "Barrier-Reduction and Targeted Support", "programs": "Drug & Mental Health Counseling; Transportation; vision rehabilitation", "address": "1385 Bonair Road", "city": "Vista", "zip": "92084", "lat": 33.217908909278997, "lon": -117.219578159017, "tract_geoid": "06073019210", "total_population": 6167, "closest_stop_name": "Oak Dr & Monte Mar Rd", "closest_stop_dist_m": "223", "source": "https://www.sdcb.org/client-programs/", "geocode_status": "Match", "geocode_source": null, "geocode_review_needed": "No", "tier_num": 3, "tier_label": "Tier 3: Barrier-Reduction and Targeted Support", "tier_weight": 2.0, "count_in_youth_supports": 1, "indicator_basic_navigation": 0, "indicator_youth_development": 0, "indicator_barrier_reduction": 1, "indicator_transition_pathways": 0, "indicator_segment_specific": 0 }, "geometry": { "type": "Point", "coordinates": [ -117.219578159017004, 33.217908909278997 ] } },
{ "type": "Feature", "properties": { "service_id": "225", "provider_name": "San Diego Financial Literacy Center", "site_name": "Military & Veterans Resource Center - Escondido", "name": "Military & Veterans Resource Center - Escondido", "type": "Transition Pathways and Intensive Wraparound Support", "programs": "Financial literacy; military/veteran family resource support", "address": "649 W. Mission Ave., Room 2400", "city": "Escondido", "zip": "92025", "lat": 33.127500930879997, "lon": -117.094318284686, "tract_geoid": "06073020313", "total_population": 2675, "closest_stop_name": "Mission Av & Quince St", "closest_stop_dist_m": "47", "source": "https://sdflc.org/", "geocode_status": "Match", "geocode_source": null, "geocode_review_needed": "No", "tier_num": 4, "tier_label": "Tier 4: Transition Pathways and Intensive Wraparound Support", "tier_weight": 2.5, "count_in_youth_supports": 1, "indicator_basic_navigation": 0, "indicator_youth_development": 0, "indicator_barrier_reduction": 0, "indicator_transition_pathways": 1, "indicator_segment_specific": 0 }, "geometry": { "type": "Point", "coordinates": [ -117.094318284685997, 33.127500930879997 ] } },
{ "type": "Feature", "properties": { "service_id": "226", "provider_name": "San Diego Financial Literacy Center", "site_name": "Military & Veterans Resource Center - National City", "name": "Military & Veterans Resource Center - National City", "type": "Transition Pathways and Intensive Wraparound Support", "programs": "Financial literacy; military/veteran family resource support", "address": "401 Mile of Cars Way, Suite 300", "city": "National City", "zip": "91950", "lat": 32.661205446758999, "lon": -117.104701844479, "tract_geoid": "06073021900", "total_population": 5794, "closest_stop_name": "Mile Of Cars Wy & Hoover Av", "closest_stop_dist_m": "39", "source": "https://sdflc.org/", "geocode_status": "Match", "geocode_source": null, "geocode_review_needed": "No", "tier_num": 4, "tier_label": "Tier 4: Transition Pathways and Intensive Wraparound Support", "tier_weight": 2.5, "count_in_youth_supports": 1, "indicator_basic_navigation": 0, "indicator_youth_development": 0, "indicator_barrier_reduction": 0, "indicator_transition_pathways": 1, "indicator_segment_specific": 0 }, "geometry": { "type": "Point", "coordinates": [ -117.104701844478996, 32.661205446758999 ] } },
{ "type": "Feature", "properties": { "service_id": "227", "provider_name": "San Diego Futures Foundation", "site_name": "SDFF City Heights Office", "name": "SDFF City Heights Office", "type": "Youth Development and Enrichment", "programs": "Assistance with School Supplies & Fees; Virtual Education & Employment Services; digital access", "address": "4283 El Cajon Blvd, Suite 220", "city": "San Diego", "zip": "92105", "lat": 32.755068935785999, "lon": -117.102666991503, "tract_geoid": "06073002202", "total_population": 4604, "closest_stop_name": "43rd St & El Cajon Bl", "closest_stop_dist_m": "69", "source": "https://sdfutures.org/contact-us", "geocode_status": "Match", "geocode_source": null, "geocode_review_needed": "No", "tier_num": 2, "tier_label": "Tier 2: Youth Development and Enrichment", "tier_weight": 1.5, "count_in_youth_supports": 1, "indicator_basic_navigation": 0, "indicator_youth_development": 1, "indicator_barrier_reduction": 0, "indicator_transition_pathways": 0, "indicator_segment_specific": 0 }, "geometry": { "type": "Point", "coordinates": [ -117.102666991503, 32.755068935785999 ] } },
{ "type": "Feature", "properties": { "service_id": "228", "provider_name": "San Diego Refugee Tutoring", "site_name": "Ibarra Elementary School Program Site", "name": "Ibarra Elementary School Program Site", "type": "Youth Development and Enrichment", "programs": "Tutoring & Dropout Prevention; school supplies; refugee youth academic support", "address": "4877 Orange Ave", "city": "San Diego", "zip": "92115", "lat": 32.753025935384997, "lon": -117.090027981288, "tract_geoid": "06073002707", "total_population": 5333, "closest_stop_name": "El Cajon Bl & Euclid Av", "closest_stop_dist_m": "371", "source": "https://ibarra.sandiegounified.org/programs/community_partners", "geocode_status": "Match", "geocode_source": null, "geocode_review_needed": "No", "tier_num": 4, "tier_label": "Tier 4: Transition Pathways and Intensive Wraparound Support", "tier_weight": 2.5, "count_in_youth_supports": 1, "indicator_basic_navigation": 0, "indicator_youth_development": 1, "indicator_barrier_reduction": 1, "indicator_transition_pathways": 1, "indicator_segment_specific": 1 }, "geometry": { "type": "Point", "coordinates": [ -117.090027981288003, 32.753025935384997 ] } },
{ "type": "Feature", "properties": { "service_id": "229", "provider_name": "San Diego Rescue Mission", "site_name": "Main Facility / Residential Program", "name": "Main Facility / Residential Program", "type": "Transition Pathways and Intensive Wraparound Support", "programs": "Educational Testing Assistance; school supplies; work attire/tools; housing; health; referrals; transportation; childcare; benefits; legal aid", "address": "120 Elm Street", "city": "San Diego", "zip": "92101", "lat": 32.724115533975997, "lon": -117.163652280625, "tract_geoid": "06073005700", "total_population": 2451, "closest_stop_name": "1st Av & Elm St", "closest_stop_dist_m": "24", "source": "https://www.sdrescue.org/contact-us/", "geocode_status": "Match", "geocode_source": null, "geocode_review_needed": "No", "tier_num": 4, "tier_label": "Tier 4: Transition Pathways and Intensive Wraparound Support", "tier_weight": 2.5, "count_in_youth_supports": 1, "indicator_basic_navigation": 0, "indicator_youth_development": 0, "indicator_barrier_reduction": 1, "indicator_transition_pathways": 1, "indicator_segment_specific": 0 }, "geometry": { "type": "Point", "coordinates": [ -117.163652280625001, 32.724115533975997 ] } },
{ "type": "Feature", "properties": { "service_id": "230", "provider_name": "San Diego Rescue Mission", "site_name": "South County Lighthouse", "name": "South County Lighthouse", "type": "Transition Pathways and Intensive Wraparound Support", "programs": "Emergency shelter; housing; support services", "address": "2400 Euclid Avenue", "city": "National City", "zip": "91950", "lat": 32.668430595994998, "lon": -117.076854760156, "tract_geoid": "06073012200", "total_population": 3306, "closest_stop_name": "Euclid Av & 24th St", "closest_stop_dist_m": "22", "source": "https://www.sdrescue.org/contact-us/", "geocode_status": "Match", "geocode_source": null, "geocode_review_needed": "No", "tier_num": 4, "tier_label": "Tier 4: Transition Pathways and Intensive Wraparound Support", "tier_weight": 2.5, "count_in_youth_supports": 1, "indicator_basic_navigation": 0, "indicator_youth_development": 0, "indicator_barrier_reduction": 0, "indicator_transition_pathways": 1, "indicator_segment_specific": 0 }, "geometry": { "type": "Point", "coordinates": [ -117.076854760155996, 32.668430595994998 ] } },
{ "type": "Feature", "properties": { "service_id": "231", "provider_name": "San Diego Rescue Mission", "site_name": "Children’s Resource Center / Main Facility", "name": "Children’s Resource Center / Main Facility", "type": "Transition Pathways and Intensive Wraparound Support", "programs": "Children/family support; educational support; parenting tools", "address": "120 Elm Street", "city": "San Diego", "zip": "92101", "lat": 32.724115533975997, "lon": -117.163652280625, "tract_geoid": "06073005700", "total_population": 2451, "closest_stop_name": "1st Av & Elm St", "closest_stop_dist_m": "24", "source": "https://www.sdrescue.org/get-involved/take-a-tour/", "geocode_status": "Match", "geocode_source": null, "geocode_review_needed": "No", "tier_num": 4, "tier_label": "Tier 4: Transition Pathways and Intensive Wraparound Support", "tier_weight": 2.5, "count_in_youth_supports": 1, "indicator_basic_navigation": 0, "indicator_youth_development": 0, "indicator_barrier_reduction": 1, "indicator_transition_pathways": 1, "indicator_segment_specific": 0 }, "geometry": { "type": "Point", "coordinates": [ -117.163652280625001, 32.724115533975997 ] } },
{ "type": "Feature", "properties": { "service_id": "232", "provider_name": "San Diego Squared (SD2)", "site_name": "SD2 Mailing Address", "name": "SD2 Mailing Address", "type": "Transition Pathways and Intensive Wraparound Support", "programs": "Tutoring & Dropout Prevention; school supplies; paid/unpaid work experiences; workforce prep; STEM mentorship", "address": "1100 Market St. #338", "city": "San Diego", "zip": "92101", "lat": 32.711578535005998, "lon": -117.154585004867, "tract_geoid": "06073005202", "total_population": 5665, "closest_stop_name": "11th Av & Market St", "closest_stop_dist_m": "22", "source": "https://sd2.org/donate/", "geocode_status": "Match", "geocode_source": null, "geocode_review_needed": "No", "tier_num": 4, "tier_label": "Tier 4: Transition Pathways and Intensive Wraparound Support", "tier_weight": 2.5, "count_in_youth_supports": 1, "indicator_basic_navigation": 0, "indicator_youth_development": 1, "indicator_barrier_reduction": 0, "indicator_transition_pathways": 1, "indicator_segment_specific": 0 }, "geometry": { "type": "Point", "coordinates": [ -117.154585004867002, 32.711578535005998 ] } },
{ "type": "Feature", "properties": { "service_id": "233", "provider_name": "San Diego Youth Services", "site_name": "Administrative Office", "name": "Administrative Office", "type": "Transition Pathways and Intensive Wraparound Support", "programs": "Leadership Development; work experience; occupational skills; workforce prep; housing; counseling; referrals; support services", "address": "3255 Wing Street", "city": "San Diego", "zip": "92110", "lat": 32.749652103229003, "lon": -117.212807205278, "tract_geoid": "06073006802", "total_population": 5531, "closest_stop_name": "Midway Dr & Fordham St", "closest_stop_dist_m": "166", "source": "https://sdyouthservices.org/contact/", "geocode_status": "Match", "geocode_source": null, "geocode_review_needed": "No", "tier_num": 0, "tier_label": "Not counted in Youth Supports", "tier_weight": 0.0, "count_in_youth_supports": 0, "indicator_basic_navigation": 0, "indicator_youth_development": 1, "indicator_barrier_reduction": 0, "indicator_transition_pathways": 1, "indicator_segment_specific": 0 }, "geometry": { "type": "Point", "coordinates": [ -117.212807205277997, 32.749652103229003 ] } },
{ "type": "Feature", "properties": { "service_id": "234", "provider_name": "San Diego Youth Services", "site_name": "Golden Hill Youth Center / TAY Academy", "name": "Golden Hill Youth Center / TAY Academy", "type": "Transition Pathways and Intensive Wraparound Support", "programs": "Homeless/housing support; TAY Academy; drop-in resource center; Storefront shelter linkage", "address": "2220 Broadway", "city": "San Diego", "zip": "92102", "lat": 32.715844533949003, "lon": -117.14380747204601, "tract_geoid": "06073004600", "total_population": 2046, "closest_stop_name": "Broadway & 22nd St", "closest_stop_dist_m": "4", "source": "https://sdyouthservices.org/services/homeless-housing-and-support/", "geocode_status": "Match", "geocode_source": null, "geocode_review_needed": "No", "tier_num": 4, "tier_label": "Tier 4: Transition Pathways and Intensive Wraparound Support", "tier_weight": 2.5, "count_in_youth_supports": 1, "indicator_basic_navigation": 0, "indicator_youth_development": 0, "indicator_barrier_reduction": 0, "indicator_transition_pathways": 1, "indicator_segment_specific": 1 }, "geometry": { "type": "Point", "coordinates": [ -117.143807472046007, 32.715844533949003 ] } },
{ "type": "Feature", "properties": { "service_id": "235", "provider_name": "San Diego Youth Services", "site_name": "Our Safe Place Central Drop-In Center / Golden Hill Youth Center", "name": "Our Safe Place Central Drop-In Center / Golden Hill Youth Center", "type": "Barrier-Reduction and Targeted Support / Health Opportunity", "programs": "LGBTQ+ youth drop-in; Our Safe Place", "address": "2220 Broadway", "city": "San Diego", "zip": "92102", "lat": 32.715844533949003, "lon": -117.14380747204601, "tract_geoid": "06073004600", "total_population": 2046, "closest_stop_name": "Broadway & 22nd St", "closest_stop_dist_m": "4", "source": "https://sdyouthservices.org/services/our-safe-place/", "geocode_status": "Match", "geocode_source": null, "geocode_review_needed": "No", "tier_num": 3, "tier_label": "Tier 3: Barrier-Reduction and Targeted Support", "tier_weight": 2.0, "count_in_youth_supports": 1, "indicator_basic_navigation": 0, "indicator_youth_development": 0, "indicator_barrier_reduction": 1, "indicator_transition_pathways": 0, "indicator_segment_specific": 1 }, "geometry": { "type": "Point", "coordinates": [ -117.143807472046007, 32.715844533949003 ] } },
{ "type": "Feature", "properties": { "service_id": "236", "provider_name": "San Diego Youth Services", "site_name": "Our Safe Place East County Drop-In Center / Spring Valley East Community Center", "name": "Our Safe Place East County Drop-In Center / Spring Valley East Community Center", "type": "Barrier-Reduction and Targeted Support / Health Opportunity", "programs": "LGBTQ+ youth drop-in; Our Safe Place", "address": "3845 Spring Dr, Room 13", "city": "Spring Valley", "zip": "91977", "lat": 32.748645791994001, "lon": -117.003255487034, "tract_geoid": "06073013801", "total_population": 5381, "closest_stop_name": "Bancroft Dr & Spring Valley Elementary", "closest_stop_dist_m": "96", "source": "https://sdyouthservices.org/services/our-safe-place/", "geocode_status": "Match", "geocode_source": null, "geocode_review_needed": "No", "tier_num": 3, "tier_label": "Tier 3: Barrier-Reduction and Targeted Support", "tier_weight": 2.0, "count_in_youth_supports": 1, "indicator_basic_navigation": 0, "indicator_youth_development": 0, "indicator_barrier_reduction": 1, "indicator_transition_pathways": 0, "indicator_segment_specific": 1 }, "geometry": { "type": "Point", "coordinates": [ -117.003255487033996, 32.748645791994001 ] } },
{ "type": "Feature", "properties": { "service_id": "237", "provider_name": "San Diego Youth Services", "site_name": "East County Behavioral Health Clinic", "name": "East County Behavioral Health Clinic", "type": "Move to Health Opportunity domain", "programs": "Youth behavioral health; East County services", "address": "1870 Cordell Ct, Suite 101", "city": "El Cajon", "zip": "92020", "lat": 32.821736285221, "lon": -116.983435509749, "tract_geoid": "06073016201", "total_population": 5537, "closest_stop_name": "Gillespie Field Station", "closest_stop_dist_m": "572", "source": "https://www.sandiegocounty.gov/content/dam/sdc/hhsa/programs/bhs/CYF/East%20Region%20Services%20Directory_Updated%20Sept.%202025.pdf", "geocode_status": "Match", "geocode_source": null, "geocode_review_needed": "No", "tier_num": 0, "tier_label": "Not counted in Youth Supports", "tier_weight": 0.0, "count_in_youth_supports": 0, "indicator_basic_navigation": 0, "indicator_youth_development": 0, "indicator_barrier_reduction": 0, "indicator_transition_pathways": 0, "indicator_segment_specific": 0 }, "geometry": { "type": "Point", "coordinates": [ -116.983435509749, 32.821736285221 ] } },
{ "type": "Feature", "properties": { "service_id": "238", "provider_name": "SAY San Diego", "site_name": "Main Office", "name": "Main Office", "type": "Youth Development and Enrichment", "programs": "Leadership Development; Other Education & Employment Services; youth/family/community support", "address": "4775 Viewridge Avenue", "city": "San Diego", "zip": "92123", "lat": 32.824146315808001, "lon": -117.121078430753, "tract_geoid": "06073008511", "total_population": 5607, "closest_stop_name": "Balboa Av & Viewridge Av", "closest_stop_dist_m": "425", "source": "https://www.saysandiego.org/about/contact/", "geocode_status": "Match", "geocode_source": null, "geocode_review_needed": "No", "tier_num": 2, "tier_label": "Tier 2: Youth Development and Enrichment", "tier_weight": 1.5, "count_in_youth_supports": 1, "indicator_basic_navigation": 0, "indicator_youth_development": 1, "indicator_barrier_reduction": 0, "indicator_transition_pathways": 0, "indicator_segment_specific": 0 }, "geometry": { "type": "Point", "coordinates": [ -117.121078430753002, 32.824146315808001 ] } },
{ "type": "Feature", "properties": { "service_id": "239", "provider_name": "SAY San Diego", "site_name": "Mid-City Family Resource Center", "name": "Mid-City Family Resource Center", "type": "Youth Development and Enrichment", "programs": "Family Resource Center; community navigation; family/youth support", "address": "4275 El Cajon Blvd, Suite 101", "city": "San Diego", "zip": "92105", "lat": 32.755070964519, "lon": -117.10276800376499, "tract_geoid": "06073002202", "total_population": 4604, "closest_stop_name": "El Cajon Bl & Copeland Av", "closest_stop_dist_m": "77", "source": "https://www.saysandiego.org/about/contact/", "geocode_status": "Match", "geocode_source": null, "geocode_review_needed": "No", "tier_num": 3, "tier_label": "Tier 3: Barrier-Reduction and Targeted Support", "tier_weight": 2.0, "count_in_youth_supports": 1, "indicator_basic_navigation": 1, "indicator_youth_development": 1, "indicator_barrier_reduction": 1, "indicator_transition_pathways": 0, "indicator_segment_specific": 0 }, "geometry": { "type": "Point", "coordinates": [ -117.102768003764993, 32.755070964519 ] } },
{ "type": "Feature", "properties": { "service_id": "240", "provider_name": "SBCS (formerly South Bay Community Services)", "site_name": "Current SBCS / Center for Impact", "name": "Current SBCS / Center for Impact", "type": "Transition Pathways and Intensive Wraparound Support", "programs": "Alternative Secondary School Services; Leadership Development; Paid/Unpaid Work Experiences; Occupational Skills Training; Workforce Preparation; Financial Literacy; Housing; Behavioral Health; Referrals; Support Services", "address": "318 4th Avenue", "city": "Chula Vista", "zip": "91910", "lat": 32.639340339299999, "lon": -117.083734347844, "tract_geoid": "06073012700", "total_population": 4956, "closest_stop_name": "4th Av & F St", "closest_stop_dist_m": "26", "source": "https://sbcssandiego.org/contact/", "geocode_status": "Match", "geocode_source": null, "geocode_review_needed": "No", "tier_num": 4, "tier_label": "Tier 4: Transition Pathways and Intensive Wraparound Support", "tier_weight": 2.5, "count_in_youth_supports": 1, "indicator_basic_navigation": 0, "indicator_youth_development": 1, "indicator_barrier_reduction": 0, "indicator_transition_pathways": 1, "indicator_segment_specific": 0 }, "geometry": { "type": "Point", "coordinates": [ -117.083734347844, 32.639340339299999 ] } },
{ "type": "Feature", "properties": { "service_id": "241", "provider_name": "SBCS (formerly South Bay Community Services)", "site_name": "SBCS Mailing Address / Legacy Main Agency", "name": "SBCS Mailing Address / Legacy Main Agency", "type": "Transition Pathways and Intensive Wraparound Support", "programs": "Agency mailing / older main agency address", "address": "430 F Street", "city": "Chula Vista", "zip": "91910", "lat": 32.639731203933998, "lon": -117.08523102079199, "tract_geoid": "06073012700", "total_population": 4956, "closest_stop_name": "4th Av & F St", "closest_stop_dist_m": "134", "source": "https://sbcssandiego.org/contact/", "geocode_status": "Match", "geocode_source": null, "geocode_review_needed": "No", "tier_num": 4, "tier_label": "Tier 4: Transition Pathways and Intensive Wraparound Support", "tier_weight": 2.5, "count_in_youth_supports": 1, "indicator_basic_navigation": 0, "indicator_youth_development": 0, "indicator_barrier_reduction": 0, "indicator_transition_pathways": 1, "indicator_segment_specific": 0 }, "geometry": { "type": "Point", "coordinates": [ -117.085231020791994, 32.639731203933998 ] } },
{ "type": "Feature", "properties": { "service_id": "242", "provider_name": "SBCS (formerly South Bay Community Services)", "site_name": "School-Based Screening & Early Intervention - South", "name": "School-Based Screening & Early Intervention - South", "type": "Transition Pathways and Intensive Wraparound Support / Health Opportunity", "programs": "School-based screening/intervention; behavioral health; youth/family support", "address": "318 4th Avenue", "city": "Chula Vista", "zip": "91910", "lat": 32.639340339299999, "lon": -117.083734347844, "tract_geoid": "06073012700", "total_population": 4956, "closest_stop_name": "4th Av & F St", "closest_stop_dist_m": "26", "source": "https://www.sandiegocounty.gov/content/dam/sdc/hhsa/programs/bhs/CYF/CYF%20Services%20Directory%20April%202026%20Update-Accessible_Final.pdf", "geocode_status": "Match", "geocode_source": null, "geocode_review_needed": "No", "tier_num": 4, "tier_label": "Tier 4: Transition Pathways and Intensive Wraparound Support", "tier_weight": 2.5, "count_in_youth_supports": 1, "indicator_basic_navigation": 0, "indicator_youth_development": 0, "indicator_barrier_reduction": 1, "indicator_transition_pathways": 1, "indicator_segment_specific": 0 }, "geometry": { "type": "Point", "coordinates": [ -117.083734347844, 32.639340339299999 ] } },
{ "type": "Feature", "properties": { "service_id": "243", "provider_name": "SBCS (formerly South Bay Community Services)", "site_name": "Mi Escuelita Therapeutic Preschool", "name": "Mi Escuelita Therapeutic Preschool", "type": "Not core Youth Supports age range", "programs": "Mi Escuelita Therapeutic Preschool", "address": "318 4th Avenue", "city": "Chula Vista", "zip": "91910", "lat": 32.639340339299999, "lon": -117.083734347844, "tract_geoid": "06073012700", "total_population": 4956, "closest_stop_name": "4th Av & F St", "closest_stop_dist_m": "26", "source": "https://sbcssandiego.org/mi-escuelita/", "geocode_status": "Match", "geocode_source": null, "geocode_review_needed": "No", "tier_num": 0, "tier_label": "Not counted in Youth Supports", "tier_weight": 0.0, "count_in_youth_supports": 0, "indicator_basic_navigation": 0, "indicator_youth_development": 0, "indicator_barrier_reduction": 0, "indicator_transition_pathways": 0, "indicator_segment_specific": 0 }, "geometry": { "type": "Point", "coordinates": [ -117.083734347844, 32.639340339299999 ] } },
{ "type": "Feature", "properties": { "service_id": "244", "provider_name": "Second Chance", "site_name": "Main Office / Employment & Reentry Services", "name": "Main Office / Employment & Reentry Services", "type": "Transition Pathways and Intensive Wraparound Support", "programs": "Tutoring & Dropout Prevention; Postsecondary Preparation; Testing Assistance; School Supplies/Fees; Leadership; Paid/Unpaid Work Experiences; Occupational Skills Training; Workforce Preparation; Financial Literacy; Follow-Up; Work Attire/Tools; Training Fees; Referrals; Transportation; Benefits", "address": "6145 Imperial Avenue", "city": "San Diego", "zip": "92114", "lat": 32.709621033392999, "lon": -117.065166275371, "tract_geoid": "06073003112", "total_population": 4261, "closest_stop_name": "Imperial Av & 62nd St", "closest_stop_dist_m": "93", "source": "https://www.secondchanceprogram.org/contact-1", "geocode_status": "Match", "geocode_source": null, "geocode_review_needed": "No", "tier_num": 4, "tier_label": "Tier 4: Transition Pathways and Intensive Wraparound Support", "tier_weight": 2.5, "count_in_youth_supports": 1, "indicator_basic_navigation": 0, "indicator_youth_development": 1, "indicator_barrier_reduction": 1, "indicator_transition_pathways": 1, "indicator_segment_specific": 1 }, "geometry": { "type": "Point", "coordinates": [ -117.065166275370999, 32.709621033392999 ] } },
{ "type": "Feature", "properties": { "service_id": "245", "provider_name": "Second Chance", "site_name": "Second Chance Youth Garden", "name": "Second Chance Youth Garden", "type": "Transition Pathways and Intensive Wraparound Support", "programs": "Youth Garden; paid youth work experience; urban farming; nutrition; job readiness", "address": "6145 Imperial Avenue", "city": "San Diego", "zip": "92114", "lat": 32.709621033392999, "lon": -117.065166275371, "tract_geoid": "06073003112", "total_population": 4261, "closest_stop_name": "Imperial Av & 62nd St", "closest_stop_dist_m": "93", "source": "https://www.secondchanceprogram.org/youthp", "geocode_status": "Match", "geocode_source": null, "geocode_review_needed": "No", "tier_num": 4, "tier_label": "Tier 4: Transition Pathways and Intensive Wraparound Support", "tier_weight": 2.5, "count_in_youth_supports": 1, "indicator_basic_navigation": 0, "indicator_youth_development": 0, "indicator_barrier_reduction": 0, "indicator_transition_pathways": 1, "indicator_segment_specific": 0 }, "geometry": { "type": "Point", "coordinates": [ -117.065166275370999, 32.709621033392999 ] } },
{ "type": "Feature", "properties": { "service_id": "246", "provider_name": "Second Chance", "site_name": "Strive Future Leaders", "name": "Strive Future Leaders", "type": "Transition Pathways and Intensive Wraparound Support", "programs": "Youth workforce readiness; court-involved youth support; certifications; life skills", "address": "6145 Imperial Avenue", "city": "San Diego", "zip": "92114", "lat": 32.709621033392999, "lon": -117.065166275371, "tract_geoid": "06073003112", "total_population": 4261, "closest_stop_name": "Imperial Av & 62nd St", "closest_stop_dist_m": "93", "source": "https://www.secondchanceprogram.org/youthp", "geocode_status": "Match", "geocode_source": null, "geocode_review_needed": "No", "tier_num": 4, "tier_label": "Tier 4: Transition Pathways and Intensive Wraparound Support", "tier_weight": 2.5, "count_in_youth_supports": 1, "indicator_basic_navigation": 0, "indicator_youth_development": 1, "indicator_barrier_reduction": 0, "indicator_transition_pathways": 1, "indicator_segment_specific": 0 }, "geometry": { "type": "Point", "coordinates": [ -117.065166275370999, 32.709621033392999 ] } },
{ "type": "Feature", "properties": { "service_id": "247", "provider_name": "Sherman Heights Community Center", "site_name": "Sherman Heights Community Center", "name": "Sherman Heights Community Center", "type": "Transition Pathways and Intensive Wraparound Support", "programs": "Postsecondary Preparation & Transition; Paid and Unpaid Work Experiences; Other Education & Employment Services; community/cultural programming", "address": "2258 Island Avenue", "city": "San Diego", "zip": "92102", "lat": 32.710516534568001, "lon": -117.143500803093, "tract_geoid": "06073004700", "total_population": 1538, "closest_stop_name": "Market St & 22nd St", "closest_stop_dist_m": "106", "source": "https://shermanheightscc.org/", "geocode_status": "Match", "geocode_source": null, "geocode_review_needed": "No", "tier_num": 4, "tier_label": "Tier 4: Transition Pathways and Intensive Wraparound Support", "tier_weight": 2.5, "count_in_youth_supports": 1, "indicator_basic_navigation": 0, "indicator_youth_development": 0, "indicator_barrier_reduction": 0, "indicator_transition_pathways": 1, "indicator_segment_specific": 0 }, "geometry": { "type": "Point", "coordinates": [ -117.143500803093005, 32.710516534568001 ] } },
{ "type": "Feature", "properties": { "service_id": "248", "provider_name": "Solutions for Change", "site_name": "Solutions Family Center and Administration Offices / Main Campus", "name": "Solutions Family Center and Administration Offices / Main Campus", "type": "Transition Pathways and Intensive Wraparound Support", "programs": "Tutoring & Dropout Prevention; Alternative Secondary School Services; Leadership Development; Occupational Skills Training; Workforce Preparation; Financial Literacy; Housing Assistance; Drug & Mental Health Counseling", "address": "722 W. California Avenue", "city": "Vista", "zip": "92083", "lat": 33.211466382386, "lon": -117.251267500176, "tract_geoid": "06073019501", "total_population": 3250, "closest_stop_name": "Los Angeles Dr & Georgia Ln", "closest_stop_dist_m": "186", "source": "https://solutionsforchange.org/who-we-are/contact-us.html", "geocode_status": "Match", "geocode_source": null, "geocode_review_needed": "No", "tier_num": 4, "tier_label": "Tier 4: Transition Pathways and Intensive Wraparound Support", "tier_weight": 2.5, "count_in_youth_supports": 1, "indicator_basic_navigation": 0, "indicator_youth_development": 1, "indicator_barrier_reduction": 0, "indicator_transition_pathways": 1, "indicator_segment_specific": 0 }, "geometry": { "type": "Point", "coordinates": [ -117.251267500175999, 33.211466382386 ] } },
{ "type": "Feature", "properties": { "service_id": "249", "provider_name": "Somali Bantu Association of America", "site_name": "Main Office / Immigration Office", "name": "Main Office / Immigration Office", "type": "Transition Pathways and Intensive Wraparound Support", "programs": "Tutoring & Dropout Prevention; Workforce Preparation; Financial Literacy; Housing; Counseling; Health; Referrals; Legal Aid; Support Services; Virtual Services", "address": "5532 El Cajon Blvd, #4", "city": "San Diego", "zip": "92115", "lat": 32.758409084069001, "lon": -117.075701896331, "tract_geoid": "06073002804", "total_population": 6071, "closest_stop_name": "El Cajon Bl & 56th St", "closest_stop_dist_m": "62", "source": "https://sbaoa.org/contact/", "geocode_status": "Match", "geocode_source": null, "geocode_review_needed": "No", "tier_num": 4, "tier_label": "Tier 4: Transition Pathways and Intensive Wraparound Support", "tier_weight": 2.5, "count_in_youth_supports": 1, "indicator_basic_navigation": 0, "indicator_youth_development": 1, "indicator_barrier_reduction": 1, "indicator_transition_pathways": 1, "indicator_segment_specific": 0 }, "geometry": { "type": "Point", "coordinates": [ -117.075701896330997, 32.758409084069001 ] } },
{ "type": "Feature", "properties": { "service_id": "250", "provider_name": "Somali Bantu Association of America", "site_name": "Community Resource Center", "name": "Community Resource Center", "type": "Transition Pathways and Intensive Wraparound Support", "programs": "Community Resource Center; walk-in support; benefits/resources; refugee/community navigation", "address": "5532 El Cajon Blvd, #6", "city": "San Diego", "zip": "92115", "lat": 32.758409084069001, "lon": -117.075701896331, "tract_geoid": "06073002804", "total_population": 6071, "closest_stop_name": "El Cajon Bl & 56th St", "closest_stop_dist_m": "62", "source": "https://sbaoa.org/contact/", "geocode_status": "Match", "geocode_source": null, "geocode_review_needed": "No", "tier_num": 4, "tier_label": "Tier 4: Transition Pathways and Intensive Wraparound Support", "tier_weight": 2.5, "count_in_youth_supports": 1, "indicator_basic_navigation": 1, "indicator_youth_development": 0, "indicator_barrier_reduction": 1, "indicator_transition_pathways": 1, "indicator_segment_specific": 1 }, "geometry": { "type": "Point", "coordinates": [ -117.075701896330997, 32.758409084069001 ] } },
{ "type": "Feature", "properties": { "service_id": "251", "provider_name": "Somali Bantu Association of America", "site_name": "Training Center", "name": "Training Center", "type": "Transition Pathways and Intensive Wraparound Support", "programs": "Training Center; ESL/digital/workforce-related training; education support", "address": "5532 El Cajon Blvd, #2", "city": "San Diego", "zip": "92115", "lat": 32.758409084069001, "lon": -117.075701896331, "tract_geoid": "06073002804", "total_population": 6071, "closest_stop_name": "El Cajon Bl & 56th St", "closest_stop_dist_m": "62", "source": "https://sbaoa.org/contact/", "geocode_status": "Match", "geocode_source": null, "geocode_review_needed": "No", "tier_num": 4, "tier_label": "Tier 4: Transition Pathways and Intensive Wraparound Support", "tier_weight": 2.5, "count_in_youth_supports": 1, "indicator_basic_navigation": 0, "indicator_youth_development": 0, "indicator_barrier_reduction": 0, "indicator_transition_pathways": 1, "indicator_segment_specific": 0 }, "geometry": { "type": "Point", "coordinates": [ -117.075701896330997, 32.758409084069001 ] } },
{ "type": "Feature", "properties": { "service_id": "252", "provider_name": "Somali Family Service of San Diego", "site_name": "City Heights Office", "name": "City Heights Office", "type": "Transition Pathways and Intensive Wraparound Support", "programs": "Leadership Development; Paid/Unpaid Work Experiences; Occupational Skills Training; Workforce Preparation; Integrated Education/Workforce Training; Entrepreneurship; Financial Literacy; Accommodations; Housing; Counseling; Referrals; Transportation; Childcare; Benefits; Virtual Services", "address": "5348 University Ave, Unit #203", "city": "San Diego", "zip": "92105", "lat": 32.749032370428999, "lon": -117.080471027936, "tract_geoid": "06073002708", "total_population": 4839, "closest_stop_name": "University Av & Shiloh Rd", "closest_stop_dist_m": "59", "source": "https://somalifamilyservice.org/", "geocode_status": "Match", "geocode_source": null, "geocode_review_needed": "No", "tier_num": 4, "tier_label": "Tier 4: Transition Pathways and Intensive Wraparound Support", "tier_weight": 2.5, "count_in_youth_supports": 1, "indicator_basic_navigation": 0, "indicator_youth_development": 1, "indicator_barrier_reduction": 1, "indicator_transition_pathways": 1, "indicator_segment_specific": 0 }, "geometry": { "type": "Point", "coordinates": [ -117.080471027935999, 32.749032370428999 ] } },
{ "type": "Feature", "properties": { "service_id": "253", "provider_name": "Somali Family Service of San Diego", "site_name": "Ihsan Center", "name": "Ihsan Center", "type": "Transition Pathways and Intensive Wraparound Support", "programs": "Youth/family support; immigrant/refugee services; community resource navigation", "address": "5296 University Ave, Suite F2", "city": "San Diego", "zip": "92105", "lat": 32.749117526817997, "lon": -117.081609164479, "tract_geoid": "06073002708", "total_population": 4839, "closest_stop_name": "University Av & Shiloh Rd", "closest_stop_dist_m": "24", "source": "https://somalifamilyservice.org/", "geocode_status": "Match", "geocode_source": null, "geocode_review_needed": "No", "tier_num": 4, "tier_label": "Tier 4: Transition Pathways and Intensive Wraparound Support", "tier_weight": 2.5, "count_in_youth_supports": 1, "indicator_basic_navigation": 1, "indicator_youth_development": 0, "indicator_barrier_reduction": 1, "indicator_transition_pathways": 1, "indicator_segment_specific": 1 }, "geometry": { "type": "Point", "coordinates": [ -117.081609164479005, 32.749117526817997 ] } },
{ "type": "Feature", "properties": { "service_id": "254", "provider_name": "Somali Family Service of San Diego", "site_name": "El Cajon Office", "name": "El Cajon Office", "type": "Transition Pathways and Intensive Wraparound Support", "programs": "Immigrant/refugee services; family/community support; economic development; health/wellness", "address": "1625 E Main St, Suite 206", "city": "El Cajon", "zip": "92021", "lat": 32.808721258543997, "lon": -116.92094246854801, "tract_geoid": "06073016401", "total_population": 5194, "closest_stop_name": "E Main St & Broadway", "closest_stop_dist_m": "77", "source": "https://somalifamilyservice.org/", "geocode_status": "Match", "geocode_source": null, "geocode_review_needed": "No", "tier_num": 4, "tier_label": "Tier 4: Transition Pathways and Intensive Wraparound Support", "tier_weight": 2.5, "count_in_youth_supports": 1, "indicator_basic_navigation": 0, "indicator_youth_development": 0, "indicator_barrier_reduction": 1, "indicator_transition_pathways": 1, "indicator_segment_specific": 1 }, "geometry": { "type": "Point", "coordinates": [ -116.920942468548006, 32.808721258543997 ] } },
{ "type": "Feature", "properties": { "service_id": "255", "provider_name": "StandUp for Kids", "site_name": "Older/Public Drop-In Center Listing", "name": "Older/Public Drop-In Center Listing", "type": "Barrier-Reduction and Targeted Support", "programs": "Outreach Drop-In Center; homeless/runaway youth support; street outreach; mentoring; apartment support", "address": "3401 Adams Avenue", "city": "San Diego", "zip": "92116", "lat": 32.763285935722003, "lon": -117.120564967435, "tract_geoid": "06073001802", "total_population": 3501, "closest_stop_name": "Adams Av & 34th St", "closest_stop_dist_m": "32", "source": "https://www.homelessassistance.us/li/standup-for-kids-san-diego", "geocode_status": "Match", "geocode_source": null, "geocode_review_needed": "No", "tier_num": 3, "tier_label": "Tier 3: Barrier-Reduction and Targeted Support", "tier_weight": 2.0, "count_in_youth_supports": 1, "indicator_basic_navigation": 0, "indicator_youth_development": 1, "indicator_barrier_reduction": 1, "indicator_transition_pathways": 0, "indicator_segment_specific": 1 }, "geometry": { "type": "Point", "coordinates": [ -117.120564967435001, 32.763285935722003 ] } },
{ "type": "Feature", "properties": { "service_id": "256", "provider_name": "TERI", "site_name": "TERI Headquarters", "name": "TERI Headquarters", "type": "Transition Pathways and Intensive Wraparound Support", "programs": "Tutoring & Dropout Prevention; Paid and Unpaid Work Experiences; General Workforce Preparation; Housing; Disability Support", "address": "251 Airport Road", "city": "Oceanside", "zip": "92058", "lat": 33.214102146549997, "lon": -117.349050148069, "tract_geoid": "06073018616", "total_population": 3358, "closest_stop_name": "Mission Av & Airport Rd", "closest_stop_dist_m": "112", "source": "https://www.tericampusoflife.org/", "geocode_status": "Match", "geocode_source": null, "geocode_review_needed": "No", "tier_num": 4, "tier_label": "Tier 4: Transition Pathways and Intensive Wraparound Support", "tier_weight": 2.5, "count_in_youth_supports": 1, "indicator_basic_navigation": 0, "indicator_youth_development": 1, "indicator_barrier_reduction": 1, "indicator_transition_pathways": 1, "indicator_segment_specific": 1 }, "geometry": { "type": "Point", "coordinates": [ -117.349050148068997, 33.214102146549997 ] } },
{ "type": "Feature", "properties": { "service_id": "257", "provider_name": "TERI", "site_name": "TERI Campus of Life", "name": "TERI Campus of Life", "type": "Transition Pathways and Intensive Wraparound Support", "programs": "Specialized education; vocational training; adult/day programs; family support; disability support", "address": "555 Deer Springs Road", "city": "San Marcos", "zip": "92069", "lat": 33.193440990309, "lon": -117.151613717003, "tract_geoid": "06073020304", "total_population": 6153, "closest_stop_name": "Country Club Ln & Abby Ln", "closest_stop_dist_m": "4849", "source": "https://www.tericampusoflife.org/", "geocode_status": "Match", "geocode_source": null, "geocode_review_needed": "No", "tier_num": 4, "tier_label": "Tier 4: Transition Pathways and Intensive Wraparound Support", "tier_weight": 2.5, "count_in_youth_supports": 1, "indicator_basic_navigation": 0, "indicator_youth_development": 0, "indicator_barrier_reduction": 1, "indicator_transition_pathways": 1, "indicator_segment_specific": 1 }, "geometry": { "type": "Point", "coordinates": [ -117.151613717003002, 33.193440990309 ] } },
{ "type": "Feature", "properties": { "service_id": "258", "provider_name": "The Arc of San Diego", "site_name": "Administration / Main Office", "name": "Administration / Main Office", "type": "Transition Pathways and Intensive Wraparound Support", "programs": "Tutoring & Dropout Prevention; Leadership Development; Paid/Unpaid Work Experiences; Workforce Preparation; Financial Literacy; Housing; Health Services", "address": "3030 Market Street", "city": "San Diego", "zip": "92102", "lat": 32.711706268718999, "lon": -117.129336742371, "tract_geoid": "06073004101", "total_population": 4155, "closest_stop_name": "Market St & 30th St", "closest_stop_dist_m": "103", "source": "https://www.arc-sd.com/about/contact/", "geocode_status": "Match", "geocode_source": null, "geocode_review_needed": "No", "tier_num": 4, "tier_label": "Tier 4: Transition Pathways and Intensive Wraparound Support", "tier_weight": 2.5, "count_in_youth_supports": 1, "indicator_basic_navigation": 0, "indicator_youth_development": 1, "indicator_barrier_reduction": 0, "indicator_transition_pathways": 1, "indicator_segment_specific": 0 }, "geometry": { "type": "Point", "coordinates": [ -117.129336742370995, 32.711706268718999 ] } },
{ "type": "Feature", "properties": { "service_id": "259", "provider_name": "The Arc of San Diego", "site_name": "Community Employment Services / CARF Listing", "name": "Community Employment Services / CARF Listing", "type": "Transition Pathways and Intensive Wraparound Support", "programs": "Community Employment Services; Employment Supports", "address": "3030 Market Street", "city": "San Diego", "zip": "92102", "lat": 32.711706268718999, "lon": -117.129336742371, "tract_geoid": "06073004101", "total_population": 4155, "closest_stop_name": "Market St & 30th St", "closest_stop_dist_m": "103", "source": "https://carf.org/provider/the-arc-of-san-diego-7111/", "geocode_status": "Match", "geocode_source": null, "geocode_review_needed": "No", "tier_num": 4, "tier_label": "Tier 4: Transition Pathways and Intensive Wraparound Support", "tier_weight": 2.5, "count_in_youth_supports": 1, "indicator_basic_navigation": 0, "indicator_youth_development": 0, "indicator_barrier_reduction": 0, "indicator_transition_pathways": 1, "indicator_segment_specific": 0 }, "geometry": { "type": "Point", "coordinates": [ -117.129336742370995, 32.711706268718999 ] } },
{ "type": "Feature", "properties": { "service_id": "260", "provider_name": "The BRIDGE Lab Foundation", "site_name": "Community Wellness Fair at PANA", "name": "Community Wellness Fair at PANA", "type": "Barrier-Reduction and Targeted Support", "programs": "Youth-led wellness/community event", "address": "5555 University Ave", "city": "San Diego", "zip": "92105", "lat": 32.747743286357, "lon": -117.07629577705499, "tract_geoid": "06073002703", "total_population": 7111, "closest_stop_name": "University Av & Chollas Pkwy", "closest_stop_dist_m": "136", "source": "https://211sandiego.org/organizer/the-bridge-lab/", "geocode_status": "Match", "geocode_source": null, "geocode_review_needed": "No", "tier_num": 3, "tier_label": "Tier 3: Barrier-Reduction and Targeted Support", "tier_weight": 2.0, "count_in_youth_supports": 1, "indicator_basic_navigation": 0, "indicator_youth_development": 0, "indicator_barrier_reduction": 1, "indicator_transition_pathways": 0, "indicator_segment_specific": 0 }, "geometry": { "type": "Point", "coordinates": [ -117.076295777054995, 32.747743286357 ] } },
{ "type": "Feature", "properties": { "service_id": "261", "provider_name": "The San Diego LGBT Community Center", "site_name": "Main Center", "name": "Main Center", "type": "Barrier-Reduction and Targeted Support", "programs": "School Supplies/Fees; Housing Assistance; Mental Health; Health Services; Other Support Services", "address": "3909 Centre Street", "city": "San Diego", "zip": "92103", "lat": 32.749104408853, "lon": -117.147982609056, "tract_geoid": "06073000600", "total_population": 3221, "closest_stop_name": "University Av & Park Bl", "closest_stop_dist_m": "105", "source": "https://thecentersd.org/", "geocode_status": "Match", "geocode_source": null, "geocode_review_needed": "No", "tier_num": 3, "tier_label": "Tier 3: Barrier-Reduction and Targeted Support", "tier_weight": 2.0, "count_in_youth_supports": 1, "indicator_basic_navigation": 0, "indicator_youth_development": 0, "indicator_barrier_reduction": 1, "indicator_transition_pathways": 0, "indicator_segment_specific": 1 }, "geometry": { "type": "Point", "coordinates": [ -117.147982609056001, 32.749104408853 ] } },
{ "type": "Feature", "properties": { "service_id": "262", "provider_name": "The San Diego LGBT Community Center", "site_name": "Hillcrest Youth Center", "name": "Hillcrest Youth Center", "type": "Barrier-Reduction and Targeted Support", "programs": "LGBTQ youth drop-in; recreational center; social-service resources; youth programming", "address": "514 Pennsylvania Ave", "city": "San Diego", "zip": "92103", "lat": 32.745193531295001, "lon": -117.160233891232, "tract_geoid": "06073000302", "total_population": 2873, "closest_stop_name": "5th Av & Pennsylvania Av", "closest_stop_dist_m": "16", "source": "https://thecentersd.org/youth-services/", "geocode_status": "Match", "geocode_source": null, "geocode_review_needed": "No", "tier_num": 3, "tier_label": "Tier 3: Barrier-Reduction and Targeted Support", "tier_weight": 2.0, "count_in_youth_supports": 1, "indicator_basic_navigation": 0, "indicator_youth_development": 0, "indicator_barrier_reduction": 1, "indicator_transition_pathways": 0, "indicator_segment_specific": 1 }, "geometry": { "type": "Point", "coordinates": [ -117.160233891231996, 32.745193531295001 ] } },
{ "type": "Feature", "properties": { "service_id": "263", "provider_name": "The San Diego LGBT Community Center", "site_name": "South Bay Youth Center", "name": "South Bay Youth Center", "type": "Barrier-Reduction and Targeted Support", "programs": "LGBTQ youth drop-in; recreational center; South Bay youth programming", "address": "1180 3rd Avenue, Suite C1", "city": "Chula Vista", "zip": "91911", "lat": 32.610946440893997, "lon": -117.068100550335, "tract_geoid": "06073013102", "total_population": 7058, "closest_stop_name": "3rd Av & Oxford St", "closest_stop_dist_m": "24", "source": "https://thecentersd.org/youth-services/", "geocode_status": "Match", "geocode_source": null, "geocode_review_needed": "No", "tier_num": 3, "tier_label": "Tier 3: Barrier-Reduction and Targeted Support", "tier_weight": 2.0, "count_in_youth_supports": 1, "indicator_basic_navigation": 0, "indicator_youth_development": 0, "indicator_barrier_reduction": 1, "indicator_transition_pathways": 0, "indicator_segment_specific": 1 }, "geometry": { "type": "Point", "coordinates": [ -117.068100550335004, 32.610946440893997 ] } },
{ "type": "Feature", "properties": { "service_id": "264", "provider_name": "The Shine Project Foundation", "site_name": "Carlsbad Village public listing", "name": "Carlsbad Village public listing", "type": "Basic Youth Access and Navigation", "programs": "Special-needs family event/community location", "address": "2695 State Street", "city": "Carlsbad", "zip": "92008", "lat": 33.162462220175001, "lon": -117.351145333422, "tract_geoid": "06073017901", "total_population": 3874, "closest_stop_name": "Carlsbad Village Station", "closest_stop_dist_m": "100", "source": "https://www.carlsbad-village.com/go/the-shine-project-foundation", "geocode_status": "Match", "geocode_source": null, "geocode_review_needed": "No", "tier_num": 3, "tier_label": "Tier 3: Barrier-Reduction and Targeted Support", "tier_weight": 2.0, "count_in_youth_supports": 1, "indicator_basic_navigation": 1, "indicator_youth_development": 0, "indicator_barrier_reduction": 1, "indicator_transition_pathways": 0, "indicator_segment_specific": 0 }, "geometry": { "type": "Point", "coordinates": [ -117.351145333421996, 33.162462220175001 ] } },
{ "type": "Feature", "properties": { "service_id": "265", "provider_name": "transcenDANCE Youth Arts Project", "site_name": "San Diego Site", "name": "San Diego Site", "type": "Youth Development and Enrichment", "programs": "School Supplies/Fees; creative youth development; dance/art programming; wraparound youth support", "address": "5700 El Cajon Blvd", "city": "San Diego", "zip": "92115", "lat": 32.758694114179001, "lon": -117.073643721921, "tract_geoid": "06073002804", "total_population": 6071, "closest_stop_name": "El Cajon Bl & 58th St", "closest_stop_dist_m": "95", "source": "https://www.tdarts.org/", "geocode_status": "Match", "geocode_source": null, "geocode_review_needed": "No", "tier_num": 2, "tier_label": "Tier 2: Youth Development and Enrichment", "tier_weight": 1.5, "count_in_youth_supports": 1, "indicator_basic_navigation": 0, "indicator_youth_development": 1, "indicator_barrier_reduction": 0, "indicator_transition_pathways": 0, "indicator_segment_specific": 0 }, "geometry": { "type": "Point", "coordinates": [ -117.073643721921002, 32.758694114179001 ] } },
{ "type": "Feature", "properties": { "service_id": "266", "provider_name": "transcenDANCE Youth Arts Project", "site_name": "Lemon Grove Site", "name": "Lemon Grove Site", "type": "Youth Development and Enrichment", "programs": "School Supplies/Fees; creative youth development; dance/art programming; wraparound youth support", "address": "7755 North Ave", "city": "Lemon Grove", "zip": "91945", "lat": 32.744540660951003, "lon": -117.03113000474499, "tract_geoid": "06073014400", "total_population": 4426, "closest_stop_name": "Lemon Grove Depot", "closest_stop_dist_m": "126", "source": "https://www.tdarts.org/", "geocode_status": "Match", "geocode_source": null, "geocode_review_needed": "No", "tier_num": 2, "tier_label": "Tier 2: Youth Development and Enrichment", "tier_weight": 1.5, "count_in_youth_supports": 1, "indicator_basic_navigation": 0, "indicator_youth_development": 1, "indicator_barrier_reduction": 0, "indicator_transition_pathways": 0, "indicator_segment_specific": 0 }, "geometry": { "type": "Point", "coordinates": [ -117.031130004744995, 32.744540660951003 ] } },
{ "type": "Feature", "properties": { "service_id": "267", "provider_name": "TransFamily Support Services", "site_name": "TFSS Listed Address", "name": "TFSS Listed Address", "type": "Youth Development and Enrichment / Virtual Support", "programs": "Other Education & Employment Services; Referrals; Virtual Education & Employment Services; family coaching; insurance/legal/school navigation", "address": "12463 Rancho Bernardo Rd, Suite 218", "city": "San Diego", "zip": "92128", "lat": 33.018607975108999, "lon": -117.06162177344, "tract_geoid": "06073017014", "total_population": 2674, "closest_stop_name": "Rancho Bernardo Rd & Pomerado Rd", "closest_stop_dist_m": "31", "source": "https://transfamilysos.org/contact-us/", "geocode_status": "Match", "geocode_source": null, "geocode_review_needed": "No", "tier_num": 3, "tier_label": "Tier 3: Barrier-Reduction and Targeted Support", "tier_weight": 2.0, "count_in_youth_supports": 1, "indicator_basic_navigation": 1, "indicator_youth_development": 1, "indicator_barrier_reduction": 1, "indicator_transition_pathways": 0, "indicator_segment_specific": 0 }, "geometry": { "type": "Point", "coordinates": [ -117.061621773439995, 33.018607975108999 ] } },
{ "type": "Feature", "properties": { "service_id": "268", "provider_name": "TURN Behavioral Health Systems", "site_name": "ACTION Central", "name": "ACTION Central", "type": "Health Opportunity / Barrier-Reduction", "programs": "General Workforce Preparation; Housing Assistance; Drug & Mental Health Counseling; Health Services", "address": "1011 Camino Del Rio South, Suite 300", "city": "San Diego", "zip": "92108", "lat": 32.764222387945999, "lon": -117.154235515607, "tract_geoid": "06073009307", "total_population": 4846, "closest_stop_name": "Camino De La Reina & Mission Valley West", "closest_stop_dist_m": "391", "source": "https://turnbhs.org/programs/", "geocode_status": "Match", "geocode_source": null, "geocode_review_needed": "No", "tier_num": 4, "tier_label": "Tier 4: Transition Pathways and Intensive Wraparound Support", "tier_weight": 2.5, "count_in_youth_supports": 1, "indicator_basic_navigation": 0, "indicator_youth_development": 0, "indicator_barrier_reduction": 1, "indicator_transition_pathways": 1, "indicator_segment_specific": 0 }, "geometry": { "type": "Point", "coordinates": [ -117.154235515606999, 32.764222387945999 ] } },
{ "type": "Feature", "properties": { "service_id": "269", "provider_name": "TURN Behavioral Health Systems", "site_name": "BPSR Vista Clinic", "name": "BPSR Vista Clinic", "type": "Move to Health Opportunity domain", "programs": "Mental health services", "address": "550 West Vista Way, Suite 407", "city": "Vista", "zip": "92083", "lat": 33.196244397202001, "lon": -117.252220744312, "tract_geoid": "06073019702", "total_population": 4791, "closest_stop_name": "W Vista Way & Melrose Plaza", "closest_stop_dist_m": "20", "source": "https://turnbhs.org/programs/", "geocode_status": "Match", "geocode_source": null, "geocode_review_needed": "No", "tier_num": 0, "tier_label": "Not counted in Youth Supports", "tier_weight": 0.0, "count_in_youth_supports": 0, "indicator_basic_navigation": 0, "indicator_youth_development": 0, "indicator_barrier_reduction": 0, "indicator_transition_pathways": 0, "indicator_segment_specific": 0 }, "geometry": { "type": "Point", "coordinates": [ -117.252220744311998, 33.196244397202001 ] } },
{ "type": "Feature", "properties": { "service_id": "270", "provider_name": "TURN Behavioral Health Systems", "site_name": "Center Star ACT", "name": "Center Star ACT", "type": "Health Opportunity / Barrier-Reduction", "programs": "Mental health; supportive housing", "address": "4283 El Cajon Boulevard", "city": "San Diego", "zip": "92105", "lat": 32.755068935785999, "lon": -117.102666991503, "tract_geoid": "06073002202", "total_population": 4604, "closest_stop_name": "43rd St & El Cajon Bl", "closest_stop_dist_m": "69", "source": "https://turnbhs.org/programs/", "geocode_status": "Match", "geocode_source": null, "geocode_review_needed": "No", "tier_num": 3, "tier_label": "Tier 3: Barrier-Reduction and Targeted Support", "tier_weight": 2.0, "count_in_youth_supports": 1, "indicator_basic_navigation": 0, "indicator_youth_development": 0, "indicator_barrier_reduction": 1, "indicator_transition_pathways": 0, "indicator_segment_specific": 0 }, "geometry": { "type": "Point", "coordinates": [ -117.102666991503, 32.755068935785999 ] } },
{ "type": "Feature", "properties": { "service_id": "271", "provider_name": "TURN Behavioral Health Systems", "site_name": "City Star ACT", "name": "City Star ACT", "type": "Health Opportunity / Barrier-Reduction", "programs": "Mental health; supportive housing", "address": "8775 Aero Drive", "city": "San Diego", "zip": "92123", "lat": 32.809667704801001, "lon": -117.138891070382, "tract_geoid": "06073009301", "total_population": 5084, "closest_stop_name": "Aero Dr & Sandrock Rd", "closest_stop_dist_m": "75", "source": "https://turnbhs.org/programs/", "geocode_status": "Match", "geocode_source": null, "geocode_review_needed": "No", "tier_num": 3, "tier_label": "Tier 3: Barrier-Reduction and Targeted Support", "tier_weight": 2.0, "count_in_youth_supports": 1, "indicator_basic_navigation": 0, "indicator_youth_development": 0, "indicator_barrier_reduction": 1, "indicator_transition_pathways": 0, "indicator_segment_specific": 0 }, "geometry": { "type": "Point", "coordinates": [ -117.138891070382002, 32.809667704801001 ] } },
{ "type": "Feature", "properties": { "service_id": "272", "provider_name": "TURN Behavioral Health Systems", "site_name": "Community & School Based Counseling", "name": "Community & School Based Counseling", "type": "Move to Health Opportunity domain", "programs": "Community and School Based Counseling", "address": "4660 Viewridge Ave", "city": "San Diego", "zip": "92123", "lat": 32.823926197973002, "lon": -117.123054221853, "tract_geoid": "06073008511", "total_population": 5607, "closest_stop_name": "Balboa Av & Viewridge Av", "closest_stop_dist_m": "252", "source": "https://turnbhs.org/location/community-and-school-based-program/", "geocode_status": "Match", "geocode_source": null, "geocode_review_needed": "No", "tier_num": 0, "tier_label": "Not counted in Youth Supports", "tier_weight": 0.0, "count_in_youth_supports": 0, "indicator_basic_navigation": 0, "indicator_youth_development": 0, "indicator_barrier_reduction": 0, "indicator_transition_pathways": 0, "indicator_segment_specific": 0 }, "geometry": { "type": "Point", "coordinates": [ -117.123054221852996, 32.823926197973002 ] } },
{ "type": "Feature", "properties": { "service_id": "273", "provider_name": "TURN Behavioral Health Systems", "site_name": "Courage to Call", "name": "Courage to Call", "type": "Move to Health Opportunity domain", "programs": "Mental health support; veterans/family support", "address": "9465 Farnham Street", "city": "San Diego", "zip": "92123", "lat": 32.832755798842001, "lon": -117.124460677182, "tract_geoid": "06073008511", "total_population": 5607, "closest_stop_name": "Clairemont Mesa Bl & Chesapeake Dr", "closest_stop_dist_m": "150", "source": "https://turnbhs.org/programs/", "geocode_status": "Match", "geocode_source": null, "geocode_review_needed": "No", "tier_num": 0, "tier_label": "Not counted in Youth Supports", "tier_weight": 0.0, "count_in_youth_supports": 0, "indicator_basic_navigation": 0, "indicator_youth_development": 0, "indicator_barrier_reduction": 1, "indicator_transition_pathways": 0, "indicator_segment_specific": 0 }, "geometry": { "type": "Point", "coordinates": [ -117.124460677182, 32.832755798842001 ] } },
{ "type": "Feature", "properties": { "service_id": "274", "provider_name": "TURN Behavioral Health Systems", "site_name": "East County Center for Change", "name": "East County Center for Change", "type": "Health Opportunity / Justice Support", "programs": "Justice-involved; substance use disorder", "address": "10159 Mission Gorge Rd", "city": "Santee", "zip": "92071", "lat": 32.838476349453003, "lon": -116.97640677151701, "tract_geoid": "06073016617", "total_population": 3607, "closest_stop_name": "Mission Gorge Rd & 10152", "closest_stop_dist_m": "113", "source": "https://turnbhs.org/programs/", "geocode_status": "Match", "geocode_source": null, "geocode_review_needed": "No", "tier_num": 0, "tier_label": "Not counted in Youth Supports", "tier_weight": 0.0, "count_in_youth_supports": 1, "indicator_basic_navigation": 0, "indicator_youth_development": 0, "indicator_barrier_reduction": 0, "indicator_transition_pathways": 0, "indicator_segment_specific": 1 }, "geometry": { "type": "Point", "coordinates": [ -116.976406771517006, 32.838476349453003 ] } },
{ "type": "Feature", "properties": { "service_id": "275", "provider_name": "TURN Behavioral Health Systems", "site_name": "Escondido Clubhouse", "name": "Escondido Clubhouse", "type": "Move to Health Opportunity domain", "programs": "Mental health; clubhouse support", "address": "474 West Vermont Ave", "city": "Escondido", "zip": "92025", "lat": 33.100602149982002, "lon": -117.07283829133399, "tract_geoid": "06073020707", "total_population": 5273, "closest_stop_name": "Sunset Dr & Escondido Bl", "closest_stop_dist_m": "255", "source": "https://turnbhs.org/programs/", "geocode_status": "Match", "geocode_source": null, "geocode_review_needed": "No", "tier_num": 0, "tier_label": "Not counted in Youth Supports", "tier_weight": 0.0, "count_in_youth_supports": 0, "indicator_basic_navigation": 0, "indicator_youth_development": 0, "indicator_barrier_reduction": 0, "indicator_transition_pathways": 0, "indicator_segment_specific": 0 }, "geometry": { "type": "Point", "coordinates": [ -117.072838291333994, 33.100602149982002 ] } },
{ "type": "Feature", "properties": { "service_id": "276", "provider_name": "TURN Behavioral Health Systems", "site_name": "Family Recovery Center", "name": "Family Recovery Center", "type": "Health Opportunity / Barrier-Reduction", "programs": "Substance use disorder; supportive housing", "address": "1100 Sportfisher Drive", "city": "Oceanside", "zip": "92054", "lat": 33.201086069633, "lon": -117.37739907108499, "tract_geoid": "06073018400", "total_population": 3587, "closest_stop_name": "Mission Av & Horne St", "closest_stop_dist_m": "364", "source": "https://turnbhs.org/programs/", "geocode_status": "Match", "geocode_source": null, "geocode_review_needed": "No", "tier_num": 3, "tier_label": "Tier 3: Barrier-Reduction and Targeted Support", "tier_weight": 2.0, "count_in_youth_supports": 1, "indicator_basic_navigation": 0, "indicator_youth_development": 0, "indicator_barrier_reduction": 1, "indicator_transition_pathways": 0, "indicator_segment_specific": 0 }, "geometry": { "type": "Point", "coordinates": [ -117.377399071084994, 33.201086069633 ] } },
{ "type": "Feature", "properties": { "service_id": "277", "provider_name": "TURN Behavioral Health Systems", "site_name": "Federal Probation Program Central", "name": "Federal Probation Program Central", "type": "Health Opportunity / Justice Support", "programs": "Justice-involved; substance use disorder", "address": "3340 Kemper St, Suite 103", "city": "San Diego", "zip": "92110", "lat": 32.752622557612, "lon": -117.215010851995, "tract_geoid": "06073006500", "total_population": 3645, "closest_stop_name": "Midway Dr & Kemper St", "closest_stop_dist_m": "78", "source": "https://turnbhs.org/programs/", "geocode_status": "Match", "geocode_source": null, "geocode_review_needed": "No", "tier_num": 0, "tier_label": "Not counted in Youth Supports", "tier_weight": 0.0, "count_in_youth_supports": 1, "indicator_basic_navigation": 0, "indicator_youth_development": 0, "indicator_barrier_reduction": 0, "indicator_transition_pathways": 0, "indicator_segment_specific": 1 }, "geometry": { "type": "Point", "coordinates": [ -117.215010851995004, 32.752622557612 ] } },
{ "type": "Feature", "properties": { "service_id": "278", "provider_name": "TURN Behavioral Health Systems", "site_name": "Federal Probation Program Chula Vista", "name": "Federal Probation Program Chula Vista", "type": "Health Opportunity / Justice Support", "programs": "Justice-involved; mental health; substance use disorder", "address": "330 Oxford Street, Suite 103", "city": "Chula Vista", "zip": "91911", "lat": 32.609829611610003, "lon": -117.069385174967, "tract_geoid": "06073013102", "total_population": 7058, "closest_stop_name": "3rd Av & Oxford St", "closest_stop_dist_m": "157", "source": "https://turnbhs.org/programs/", "geocode_status": "Match", "geocode_source": null, "geocode_review_needed": "No", "tier_num": 0, "tier_label": "Not counted in Youth Supports", "tier_weight": 0.0, "count_in_youth_supports": 1, "indicator_basic_navigation": 0, "indicator_youth_development": 0, "indicator_barrier_reduction": 0, "indicator_transition_pathways": 0, "indicator_segment_specific": 1 }, "geometry": { "type": "Point", "coordinates": [ -117.069385174966996, 32.609829611610003 ] } },
{ "type": "Feature", "properties": { "service_id": "279", "provider_name": "TURN Behavioral Health Systems", "site_name": "Federal Probation Program Vista", "name": "Federal Probation Program Vista", "type": "Health Opportunity / Justice Support", "programs": "Justice-involved; substance use disorder", "address": "504 W Vista Way", "city": "Vista", "zip": "92083", "lat": 33.196768313714998, "lon": -117.251013956552, "tract_geoid": "06073019702", "total_population": 4791, "closest_stop_name": "W Vista Way & Valencia Dr", "closest_stop_dist_m": "52", "source": "https://turnbhs.org/programs/", "geocode_status": "Match", "geocode_source": null, "geocode_review_needed": "No", "tier_num": 0, "tier_label": "Not counted in Youth Supports", "tier_weight": 0.0, "count_in_youth_supports": 1, "indicator_basic_navigation": 0, "indicator_youth_development": 0, "indicator_barrier_reduction": 0, "indicator_transition_pathways": 0, "indicator_segment_specific": 1 }, "geometry": { "type": "Point", "coordinates": [ -117.251013956552001, 33.196768313714998 ] } },
{ "type": "Feature", "properties": { "service_id": "280", "provider_name": "TURN Behavioral Health Systems", "site_name": "North Central Teen Recovery Center", "name": "North Central Teen Recovery Center", "type": "Move to Health Opportunity domain", "programs": "Teen Recovery Center; adolescent substance use treatment", "address": "4660 Viewridge Avenue", "city": "San Diego", "zip": "92123", "lat": 32.823926197973002, "lon": -117.123054221853, "tract_geoid": "06073008511", "total_population": 5607, "closest_stop_name": "Balboa Av & Viewridge Av", "closest_stop_dist_m": "252", "source": "https://turnbhs.org/programs/", "geocode_status": "Match", "geocode_source": null, "geocode_review_needed": "No", "tier_num": 0, "tier_label": "Not counted in Youth Supports", "tier_weight": 0.0, "count_in_youth_supports": 0, "indicator_basic_navigation": 0, "indicator_youth_development": 0, "indicator_barrier_reduction": 0, "indicator_transition_pathways": 0, "indicator_segment_specific": 0 }, "geometry": { "type": "Point", "coordinates": [ -117.123054221852996, 32.823926197973002 ] } },
{ "type": "Feature", "properties": { "service_id": "281", "provider_name": "TURN Behavioral Health Systems", "site_name": "North Coastal ACT", "name": "North Coastal ACT", "type": "Health Opportunity / Barrier-Reduction", "programs": "Mental health; supportive housing", "address": "2122 South El Camino Real, Suite 102", "city": "Oceanside", "zip": "92054", "lat": 33.188726119537002, "lon": -117.32820077663, "tract_geoid": "06073018515", "total_population": 5116, "closest_stop_name": "El Camino Real & Social Security Office", "closest_stop_dist_m": "22", "source": "https://turnbhs.org/programs/", "geocode_status": "Match", "geocode_source": null, "geocode_review_needed": "No", "tier_num": 3, "tier_label": "Tier 3: Barrier-Reduction and Targeted Support", "tier_weight": 2.0, "count_in_youth_supports": 1, "indicator_basic_navigation": 0, "indicator_youth_development": 0, "indicator_barrier_reduction": 1, "indicator_transition_pathways": 0, "indicator_segment_specific": 0 }, "geometry": { "type": "Point", "coordinates": [ -117.328200776629998, 33.188726119537002 ] } },
{ "type": "Feature", "properties": { "service_id": "282", "provider_name": "TURN Behavioral Health Systems", "site_name": "STEPS - San Diego", "name": "STEPS - San Diego", "type": "Move to Health Opportunity domain", "programs": "Mental health services", "address": "4660 Viewridge Ave, Suite 100", "city": "San Diego", "zip": "92123", "lat": 32.823926197973002, "lon": -117.123054221853, "tract_geoid": "06073008511", "total_population": 5607, "closest_stop_name": "Balboa Av & Viewridge Av", "closest_stop_dist_m": "252", "source": "https://turnbhs.org/location/steps/", "geocode_status": "Match", "geocode_source": null, "geocode_review_needed": "No", "tier_num": 0, "tier_label": "Not counted in Youth Supports", "tier_weight": 0.0, "count_in_youth_supports": 0, "indicator_basic_navigation": 0, "indicator_youth_development": 0, "indicator_barrier_reduction": 0, "indicator_transition_pathways": 0, "indicator_segment_specific": 0 }, "geometry": { "type": "Point", "coordinates": [ -117.123054221852996, 32.823926197973002 ] } },
{ "type": "Feature", "properties": { "service_id": "283", "provider_name": "TURN Behavioral Health Systems", "site_name": "STEPS - Chula Vista", "name": "STEPS - Chula Vista", "type": "Move to Health Opportunity domain", "programs": "Mental health services", "address": "336 Oxford Street, Suite 208", "city": "Chula Vista", "zip": "91911", "lat": 32.609816793587001, "lon": -117.069458878617, "tract_geoid": "06073013102", "total_population": 7058, "closest_stop_name": "3rd Av & Oxford St", "closest_stop_dist_m": "163", "source": "https://turnbhs.org/location/steps/", "geocode_status": "Match", "geocode_source": null, "geocode_review_needed": "No", "tier_num": 0, "tier_label": "Not counted in Youth Supports", "tier_weight": 0.0, "count_in_youth_supports": 0, "indicator_basic_navigation": 0, "indicator_youth_development": 0, "indicator_barrier_reduction": 0, "indicator_transition_pathways": 0, "indicator_segment_specific": 0 }, "geometry": { "type": "Point", "coordinates": [ -117.069458878616999, 32.609816793587001 ] } },
{ "type": "Feature", "properties": { "service_id": "284", "provider_name": "TURN Behavioral Health Systems", "site_name": "STEPS - Escondido", "name": "STEPS - Escondido", "type": "Move to Health Opportunity domain", "programs": "Mental health services", "address": "311 E Washington Ave, Suite 103", "city": "Escondido", "zip": "92025", "lat": 33.127680884165002, "lon": -117.081327861961, "tract_geoid": "06073020214", "total_population": 4643, "closest_stop_name": "Washington Av & Juniper St", "closest_stop_dist_m": "16", "source": "https://turnbhs.org/location/steps/", "geocode_status": "Match", "geocode_source": null, "geocode_review_needed": "No", "tier_num": 0, "tier_label": "Not counted in Youth Supports", "tier_weight": 0.0, "count_in_youth_supports": 0, "indicator_basic_navigation": 0, "indicator_youth_development": 0, "indicator_barrier_reduction": 0, "indicator_transition_pathways": 0, "indicator_segment_specific": 0 }, "geometry": { "type": "Point", "coordinates": [ -117.081327861961, 33.127680884165002 ] } },
{ "type": "Feature", "properties": { "service_id": "285", "provider_name": "Union of Pan Asian Communities (UPAC)", "site_name": "UPAC Headquarters", "name": "UPAC Headquarters", "type": "Transition Pathways and Intensive Wraparound Support", "programs": "Leadership Development; Paid and Unpaid Work Experiences; General Workforce Preparation; Entrepreneurship Skills Training; Financial Literacy; Counseling; Referrals; Transportation", "address": "1031 25th Street", "city": "San Diego", "zip": "92102", "lat": 32.716147752970002, "lon": -117.140209358885, "tract_geoid": "06073004501", "total_population": 2631, "closest_stop_name": "25th St & Broadway", "closest_stop_dist_m": "14", "source": "https://www.upacsd.org/", "geocode_status": "Match", "geocode_source": null, "geocode_review_needed": "No", "tier_num": 4, "tier_label": "Tier 4: Transition Pathways and Intensive Wraparound Support", "tier_weight": 2.5, "count_in_youth_supports": 1, "indicator_basic_navigation": 0, "indicator_youth_development": 1, "indicator_barrier_reduction": 1, "indicator_transition_pathways": 1, "indicator_segment_specific": 0 }, "geometry": { "type": "Point", "coordinates": [ -117.140209358885002, 32.716147752970002 ] } },
{ "type": "Feature", "properties": { "service_id": "286", "provider_name": "Union of Pan Asian Communities (UPAC)", "site_name": "Youth Success Initiative", "name": "Youth Success Initiative", "type": "Transition Pathways and Intensive Wraparound Support", "programs": "Youth Success Initiative; youth mentoring; community violence/gang prevention; youth/community leadership", "address": "5348 University Ave, Suite F202", "city": "San Diego", "zip": "92105", "lat": 32.749032370428999, "lon": -117.080471027936, "tract_geoid": "06073002708", "total_population": 4839, "closest_stop_name": "University Av & Shiloh Rd", "closest_stop_dist_m": "59", "source": "https://www.upacsd.org/services/community-engagement-and-violence-prevention-programs/youth-success-initiative/", "geocode_status": "Match", "geocode_source": null, "geocode_review_needed": "No", "tier_num": 4, "tier_label": "Tier 4: Transition Pathways and Intensive Wraparound Support", "tier_weight": 2.5, "count_in_youth_supports": 1, "indicator_basic_navigation": 0, "indicator_youth_development": 1, "indicator_barrier_reduction": 0, "indicator_transition_pathways": 1, "indicator_segment_specific": 0 }, "geometry": { "type": "Point", "coordinates": [ -117.080471027935999, 32.749032370428999 ] } },
{ "type": "Feature", "properties": { "service_id": "287", "provider_name": "Union of Pan Asian Communities (UPAC)", "site_name": "Community Violence Response Team", "name": "Community Violence Response Team", "type": "Transition Pathways and Intensive Wraparound Support", "programs": "Community Violence Response Team; youth empowerment; gang prevention; grief/victim support; emergency support", "address": "5348 University Ave, Suite 202", "city": "San Diego", "zip": "92105", "lat": 32.749032370428999, "lon": -117.080471027936, "tract_geoid": "06073002708", "total_population": 4839, "closest_stop_name": "University Av & Shiloh Rd", "closest_stop_dist_m": "59", "source": "https://www.upacsd.org/services/community-engagement-and-violence-prevention-programs/community-violence-response-team/", "geocode_status": "Match", "geocode_source": null, "geocode_review_needed": "No", "tier_num": 4, "tier_label": "Tier 4: Transition Pathways and Intensive Wraparound Support", "tier_weight": 2.5, "count_in_youth_supports": 1, "indicator_basic_navigation": 0, "indicator_youth_development": 0, "indicator_barrier_reduction": 0, "indicator_transition_pathways": 1, "indicator_segment_specific": 0 }, "geometry": { "type": "Point", "coordinates": [ -117.080471027935999, 32.749032370428999 ] } },
{ "type": "Feature", "properties": { "service_id": "288", "provider_name": "Union of Pan Asian Communities (UPAC)", "site_name": "Children’s Mental Health Program", "name": "Children’s Mental Health Program", "type": "Health Opportunity / Transition Pathways", "programs": "Children’s Mental Health; youth counseling; case management; family therapy", "address": "1031 25th Street", "city": "San Diego", "zip": "92102", "lat": 32.716147752970002, "lon": -117.140209358885, "tract_geoid": "06073004501", "total_population": 2631, "closest_stop_name": "25th St & Broadway", "closest_stop_dist_m": "14", "source": "https://www.upacsd.org/services/children-and-adolescent-mental-health-programs/childrens-mental-health/", "geocode_status": "Match", "geocode_source": null, "geocode_review_needed": "No", "tier_num": 4, "tier_label": "Tier 4: Transition Pathways and Intensive Wraparound Support", "tier_weight": 2.5, "count_in_youth_supports": 1, "indicator_basic_navigation": 0, "indicator_youth_development": 0, "indicator_barrier_reduction": 1, "indicator_transition_pathways": 1, "indicator_segment_specific": 0 }, "geometry": { "type": "Point", "coordinates": [ -117.140209358885002, 32.716147752970002 ] } },
{ "type": "Feature", "properties": { "service_id": "289", "provider_name": "Union of Pan Asian Communities (UPAC)", "site_name": "Multicultural Community Counseling", "name": "Multicultural Community Counseling", "type": "Health Opportunity / Transition Pathways", "programs": "Multicultural Community Counseling; culturally responsive youth mental health counseling", "address": "8745 Aero Drive, Suite 330", "city": "San Diego", "zip": "92123", "lat": 32.809661028728001, "lon": -117.13936277807299, "tract_geoid": "06073009301", "total_population": 5084, "closest_stop_name": "Aero Dr & Sandrock Rd", "closest_stop_dist_m": "31", "source": "https://www.upacsd.org/services/children-and-adolescent-mental-health-programs/multicultural-community-counseling/", "geocode_status": "Match", "geocode_source": null, "geocode_review_needed": "No", "tier_num": 4, "tier_label": "Tier 4: Transition Pathways and Intensive Wraparound Support", "tier_weight": 2.5, "count_in_youth_supports": 1, "indicator_basic_navigation": 0, "indicator_youth_development": 0, "indicator_barrier_reduction": 0, "indicator_transition_pathways": 1, "indicator_segment_specific": 0 }, "geometry": { "type": "Point", "coordinates": [ -117.139362778072993, 32.809661028728001 ] } },
{ "type": "Feature", "properties": { "service_id": "290", "provider_name": "Union of Pan Asian Communities (UPAC)", "site_name": "Teen Recovery Center", "name": "Teen Recovery Center", "type": "Move to Health Opportunity domain", "programs": "Teen Recovery Center; adolescent substance use treatment; counseling; case management", "address": "3288 El Cajon Blvd, Suite 2", "city": "San Diego", "zip": "92104", "lat": 32.755327528176998, "lon": -117.122735532859, "tract_geoid": "06073001700", "total_population": 4867, "closest_stop_name": "El Cajon Bl & 33rd St", "closest_stop_dist_m": "31", "source": "https://www.upacsd.org/services/addiction-treatment-and-recovery-programs/teen-recovery-center/", "geocode_status": "Match", "geocode_source": null, "geocode_review_needed": "No", "tier_num": 0, "tier_label": "Not counted in Youth Supports", "tier_weight": 0.0, "count_in_youth_supports": 0, "indicator_basic_navigation": 0, "indicator_youth_development": 0, "indicator_barrier_reduction": 1, "indicator_transition_pathways": 0, "indicator_segment_specific": 0 }, "geometry": { "type": "Point", "coordinates": [ -117.122735532858997, 32.755327528176998 ] } },
{ "type": "Feature", "properties": { "service_id": "291", "provider_name": "Union of Pan Asian Communities (UPAC)", "site_name": "Adult Addiction Treatment and Recovery Program", "name": "Adult Addiction Treatment and Recovery Program", "type": "Move to Health Opportunity domain", "programs": "Adult outpatient SUD treatment; transition-age/adult support", "address": "3288 El Cajon Blvd, Suite 13", "city": "San Diego", "zip": "92104", "lat": 32.755327528176998, "lon": -117.122735532859, "tract_geoid": "06073001700", "total_population": 4867, "closest_stop_name": "El Cajon Bl & 33rd St", "closest_stop_dist_m": "31", "source": "https://www.upacsd.org/services/addiction-treatment-and-recovery-programs/adult-alcohol-and-drug-treatment-recovery-program/", "geocode_status": "Match", "geocode_source": null, "geocode_review_needed": "No", "tier_num": 0, "tier_label": "Not counted in Youth Supports", "tier_weight": 0.0, "count_in_youth_supports": 0, "indicator_basic_navigation": 0, "indicator_youth_development": 0, "indicator_barrier_reduction": 0, "indicator_transition_pathways": 0, "indicator_segment_specific": 1 }, "geometry": { "type": "Point", "coordinates": [ -117.122735532858997, 32.755327528176998 ] } },
{ "type": "Feature", "properties": { "service_id": "292", "provider_name": "Union of Pan Asian Communities (UPAC)", "site_name": "Problem Gambling Treatment", "name": "Problem Gambling Treatment", "type": "Move to Health Opportunity domain", "programs": "Problem gambling treatment; adult outpatient behavioral health", "address": "3288 El Cajon Blvd, Suite 13", "city": "San Diego", "zip": "92104", "lat": 32.755327528176998, "lon": -117.122735532859, "tract_geoid": "06073001700", "total_population": 4867, "closest_stop_name": "El Cajon Bl & 33rd St", "closest_stop_dist_m": "31", "source": "https://www.upacsd.org/services/addiction-treatment-and-recovery-programs/problem-gambling-treatment/", "geocode_status": "Match", "geocode_source": null, "geocode_review_needed": "No", "tier_num": 0, "tier_label": "Not counted in Youth Supports", "tier_weight": 0.0, "count_in_youth_supports": 0, "indicator_basic_navigation": 0, "indicator_youth_development": 0, "indicator_barrier_reduction": 0, "indicator_transition_pathways": 0, "indicator_segment_specific": 0 }, "geometry": { "type": "Point", "coordinates": [ -117.122735532858997, 32.755327528176998 ] } },
{ "type": "Feature", "properties": { "service_id": "293", "provider_name": "Union of Pan Asian Communities (UPAC)", "site_name": "Counseling & Treatment Center", "name": "Counseling & Treatment Center", "type": "Move to Health Opportunity domain", "programs": "Adult/older adult mental health; employment services; case management", "address": "7830 Clairemont Mesa Blvd, Suite 100", "city": "San Diego", "zip": "92111", "lat": 32.832797340673999, "lon": -117.152607041582, "tract_geoid": "06073008511", "total_population": 5607, "closest_stop_name": "Clairemont Mesa Bl & Convoy St", "closest_stop_dist_m": "34", "source": "https://www.upacsd.org/services/adult-and-older-adult-mental-health-programs/counseling-treatment-center/", "geocode_status": "Match", "geocode_source": null, "geocode_review_needed": "No", "tier_num": 0, "tier_label": "Not counted in Youth Supports", "tier_weight": 0.0, "count_in_youth_supports": 0, "indicator_basic_navigation": 0, "indicator_youth_development": 0, "indicator_barrier_reduction": 1, "indicator_transition_pathways": 0, "indicator_segment_specific": 0 }, "geometry": { "type": "Point", "coordinates": [ -117.152607041582002, 32.832797340673999 ] } },
{ "type": "Feature", "properties": { "service_id": "294", "provider_name": "United Way of San Diego County", "site_name": "UWSD Headquarters", "name": "UWSD Headquarters", "type": "Transition Pathways and Intensive Wraparound Support", "programs": "Assistance with School Supplies & Fees; General Workforce Preparation; education and economic mobility", "address": "4699 Murphy Canyon Road", "city": "San Diego", "zip": "92123", "lat": 32.827305123503997, "lon": -117.11941435561999, "tract_geoid": "06073008511", "total_population": 5607, "closest_stop_name": "Clairemont Mesa Bl & Murphy Canyon Rd", "closest_stop_dist_m": "635", "source": "https://uwsd.org/contact-us/", "geocode_status": "Match", "geocode_source": null, "geocode_review_needed": "No", "tier_num": 4, "tier_label": "Tier 4: Transition Pathways and Intensive Wraparound Support", "tier_weight": 2.5, "count_in_youth_supports": 1, "indicator_basic_navigation": 0, "indicator_youth_development": 0, "indicator_barrier_reduction": 0, "indicator_transition_pathways": 1, "indicator_segment_specific": 0 }, "geometry": { "type": "Point", "coordinates": [ -117.119414355619995, 32.827305123503997 ] } },
{ "type": "Feature", "properties": { "service_id": "295", "provider_name": "United Way of San Diego County", "site_name": "STEAM-to-Careers Headquarters / Admin", "name": "STEAM-to-Careers Headquarters / Admin", "type": "Transition Pathways and Intensive Wraparound Support", "programs": "STEAM-to-Careers; after-school high school career exposure; career readiness", "address": "4699 Murphy Canyon Road", "city": "San Diego", "zip": "92123", "lat": 32.827305123503997, "lon": -117.11941435561999, "tract_geoid": "06073008511", "total_population": 5607, "closest_stop_name": "Clairemont Mesa Bl & Murphy Canyon Rd", "closest_stop_dist_m": "635", "source": "https://uwsd.org/steam-to-careers/", "geocode_status": "Match", "geocode_source": null, "geocode_review_needed": "No", "tier_num": 4, "tier_label": "Tier 4: Transition Pathways and Intensive Wraparound Support", "tier_weight": 2.5, "count_in_youth_supports": 1, "indicator_basic_navigation": 0, "indicator_youth_development": 1, "indicator_barrier_reduction": 0, "indicator_transition_pathways": 1, "indicator_segment_specific": 0 }, "geometry": { "type": "Point", "coordinates": [ -117.119414355619995, 32.827305123503997 ] } },
{ "type": "Feature", "properties": { "service_id": "296", "provider_name": "United Way of San Diego County", "site_name": "Lincoln High School partner site", "name": "Lincoln High School partner site", "type": "Transition Pathways and Intensive Wraparound Support", "programs": "STEAM-to-Careers; after-school high school career exposure", "address": "4777 Imperial Ave", "city": "San Diego", "zip": "92113", "lat": 32.704065941374999, "lon": -117.093060436328, "tract_geoid": "06073003305", "total_population": 6200, "closest_stop_name": "Imperial Av & 47th St", "closest_stop_dist_m": "31", "source": "https://uwsd.org/steam-to-careers/", "geocode_status": "Match", "geocode_source": null, "geocode_review_needed": "No", "tier_num": 4, "tier_label": "Tier 4: Transition Pathways and Intensive Wraparound Support", "tier_weight": 2.5, "count_in_youth_supports": 1, "indicator_basic_navigation": 0, "indicator_youth_development": 1, "indicator_barrier_reduction": 0, "indicator_transition_pathways": 1, "indicator_segment_specific": 0 }, "geometry": { "type": "Point", "coordinates": [ -117.093060436328003, 32.704065941374999 ] } },
{ "type": "Feature", "properties": { "service_id": "297", "provider_name": "United Way of San Diego County", "site_name": "Escondido High School partner site", "name": "Escondido High School partner site", "type": "Transition Pathways and Intensive Wraparound Support", "programs": "STEAM-to-Careers; after-school high school career exposure", "address": "1535 N Broadway", "city": "Escondido", "zip": "92026", "lat": 33.143964899628998, "lon": -117.09023882332301, "tract_geoid": "06073020105", "total_population": 3990, "closest_stop_name": "Broadway & Sheridan Av", "closest_stop_dist_m": "41", "source": "https://uwsd.org/steam-to-careers/", "geocode_status": "Match", "geocode_source": null, "geocode_review_needed": "No", "tier_num": 4, "tier_label": "Tier 4: Transition Pathways and Intensive Wraparound Support", "tier_weight": 2.5, "count_in_youth_supports": 1, "indicator_basic_navigation": 0, "indicator_youth_development": 1, "indicator_barrier_reduction": 0, "indicator_transition_pathways": 1, "indicator_segment_specific": 0 }, "geometry": { "type": "Point", "coordinates": [ -117.090238823323006, 33.143964899628998 ] } },
{ "type": "Feature", "properties": { "service_id": "298", "provider_name": "United Women of East Africa", "site_name": "UWEAST Community Hub", "name": "UWEAST Community Hub", "type": "Transition Pathways and Intensive Wraparound Support", "programs": "Tutoring & Dropout Prevention; Postsecondary Preparation; Leadership Development; Paid and Unpaid Work Experiences; Workforce Preparation; Entrepreneurship; Financial Literacy; Housing Assistance; Referrals; Transportation; Child Care; Benefits Assistance", "address": "6523 University Avenue", "city": "San Diego", "zip": "92115", "lat": 32.755306559906998, "lon": -117.055784754203, "tract_geoid": "06073002903", "total_population": 4517, "closest_stop_name": "University Av & Aragon Dr", "closest_stop_dist_m": "114", "source": "https://www.uweast.org/contact-us/", "geocode_status": "Match", "geocode_source": null, "geocode_review_needed": "No", "tier_num": 4, "tier_label": "Tier 4: Transition Pathways and Intensive Wraparound Support", "tier_weight": 2.5, "count_in_youth_supports": 1, "indicator_basic_navigation": 0, "indicator_youth_development": 1, "indicator_barrier_reduction": 1, "indicator_transition_pathways": 1, "indicator_segment_specific": 0 }, "geometry": { "type": "Point", "coordinates": [ -117.055784754203003, 32.755306559906998 ] } },
{ "type": "Feature", "properties": { "service_id": "299", "provider_name": "United Women of East Africa", "site_name": "UWEAST Education/Economic Empowerment Programs", "name": "UWEAST Education/Economic Empowerment Programs", "type": "Transition Pathways and Intensive Wraparound Support", "programs": "Education; youth programs; tutoring; fellowships; adult learning; entrepreneurship; financial literacy", "address": "6523 University Avenue", "city": "San Diego", "zip": "92115", "lat": 32.755306559906998, "lon": -117.055784754203, "tract_geoid": "06073002903", "total_population": 4517, "closest_stop_name": "University Av & Aragon Dr", "closest_stop_dist_m": "114", "source": "https://www.uweast.org/", "geocode_status": "Match", "geocode_source": null, "geocode_review_needed": "No", "tier_num": 4, "tier_label": "Tier 4: Transition Pathways and Intensive Wraparound Support", "tier_weight": 2.5, "count_in_youth_supports": 1, "indicator_basic_navigation": 0, "indicator_youth_development": 1, "indicator_barrier_reduction": 0, "indicator_transition_pathways": 1, "indicator_segment_specific": 0 }, "geometry": { "type": "Point", "coordinates": [ -117.055784754203003, 32.755306559906998 ] } },
{ "type": "Feature", "properties": { "service_id": "300", "provider_name": "United Women of East Africa", "site_name": "UWEAST Health and Wellness Services", "name": "UWEAST Health and Wellness Services", "type": "Barrier-Reduction and Targeted Support / Health Opportunity", "programs": "Health/wellness education; culturally competent wellness services; community advocacy", "address": "6523 University Avenue", "city": "San Diego", "zip": "92115", "lat": 32.755306559906998, "lon": -117.055784754203, "tract_geoid": "06073002903", "total_population": 4517, "closest_stop_name": "University Av & Aragon Dr", "closest_stop_dist_m": "114", "source": "https://www.uweast.org/", "geocode_status": "Match", "geocode_source": null, "geocode_review_needed": "No", "tier_num": 3, "tier_label": "Tier 3: Barrier-Reduction and Targeted Support", "tier_weight": 2.0, "count_in_youth_supports": 1, "indicator_basic_navigation": 0, "indicator_youth_development": 0, "indicator_barrier_reduction": 1, "indicator_transition_pathways": 0, "indicator_segment_specific": 0 }, "geometry": { "type": "Point", "coordinates": [ -117.055784754203003, 32.755306559906998 ] } },
{ "type": "Feature", "properties": { "service_id": "301", "provider_name": "United Women of East Africa", "site_name": "Baraka & Bilal Catering", "name": "Baraka & Bilal Catering", "type": "Transition Pathways and Intensive Wraparound Support", "programs": "Catering/social enterprise; economic empowerment", "address": "6523 University Avenue", "city": "San Diego", "zip": "92115", "lat": 32.755306559906998, "lon": -117.055784754203, "tract_geoid": "06073002903", "total_population": 4517, "closest_stop_name": "University Av & Aragon Dr", "closest_stop_dist_m": "114", "source": "https://www.uweast.org/contact-us/", "geocode_status": "Match", "geocode_source": null, "geocode_review_needed": "No", "tier_num": 4, "tier_label": "Tier 4: Transition Pathways and Intensive Wraparound Support", "tier_weight": 2.5, "count_in_youth_supports": 1, "indicator_basic_navigation": 0, "indicator_youth_development": 0, "indicator_barrier_reduction": 0, "indicator_transition_pathways": 1, "indicator_segment_specific": 0 }, "geometry": { "type": "Point", "coordinates": [ -117.055784754203003, 32.755306559906998 ] } },
{ "type": "Feature", "properties": { "service_id": "302", "provider_name": "UPLIFT - Urban People Living In Faith & Trust", "site_name": "UPLIFT Office Location", "name": "UPLIFT Office Location", "type": "Barrier-Reduction and Targeted Support", "programs": "Tutoring & Dropout Prevention; Leadership Development; Other Education & Employment Services; Drug & Mental Health Counseling; Other Support Services; Virtual Education & Employment Services", "address": "1660 Hotel Circle North, Suite 450", "city": "San Diego", "zip": "92108", "lat": 32.759747725544003, "lon": -117.175462936931, "tract_geoid": "06073008902", "total_population": 3973, "closest_stop_name": "Hotel Circle S & 1333", "closest_stop_dist_m": "82", "source": "https://www.upliftsandiego.org/contact-us", "geocode_status": "Match", "geocode_source": null, "geocode_review_needed": "No", "tier_num": 4, "tier_label": "Tier 4: Transition Pathways and Intensive Wraparound Support", "tier_weight": 2.5, "count_in_youth_supports": 1, "indicator_basic_navigation": 0, "indicator_youth_development": 1, "indicator_barrier_reduction": 1, "indicator_transition_pathways": 1, "indicator_segment_specific": 0 }, "geometry": { "type": "Point", "coordinates": [ -117.175462936930998, 32.759747725544003 ] } },
{ "type": "Feature", "properties": { "service_id": "303", "provider_name": "UPLIFT - Urban People Living In Faith & Trust", "site_name": "New Day Urban Ministries Partner Site", "name": "New Day Urban Ministries Partner Site", "type": "Barrier-Reduction and Targeted Support", "programs": "Triple Cross; DMV CA ID trips; housing/service access support", "address": "2459 Market Street", "city": "San Diego", "zip": "92102", "lat": 32.711526942931997, "lon": -117.14116293252999, "tract_geoid": "06073004800", "total_population": 3272, "closest_stop_name": "Market St & 25th St", "closest_stop_dist_m": "42", "source": "https://newdayurbanministries.org/", "geocode_status": "Match", "geocode_source": null, "geocode_review_needed": "No", "tier_num": 3, "tier_label": "Tier 3: Barrier-Reduction and Targeted Support", "tier_weight": 2.0, "count_in_youth_supports": 1, "indicator_basic_navigation": 0, "indicator_youth_development": 0, "indicator_barrier_reduction": 1, "indicator_transition_pathways": 0, "indicator_segment_specific": 0 }, "geometry": { "type": "Point", "coordinates": [ -117.141162932529994, 32.711526942931997 ] } },
{ "type": "Feature", "properties": { "service_id": "304", "provider_name": "UPLIFT - Urban People Living In Faith & Trust", "site_name": "San Diego Freedom Ranch Partner Site", "name": "San Diego Freedom Ranch Partner Site", "type": "Barrier-Reduction and Targeted Support / Health Opportunity", "programs": "Triple Cross; DMV CA ID trips; housing/service access support", "address": "1777 Buckman Springs Road", "city": "Campo", "zip": "91906", "lat": 32.650218947239999, "lon": -116.487314697191, "tract_geoid": "06073021101", "total_population": 4714, "closest_stop_name": "Buckman Springs Rd & Freedom Ranch", "closest_stop_dist_m": "15", "source": "https://www.sdfreedomranch.org/", "geocode_status": "Match", "geocode_source": null, "geocode_review_needed": "No", "tier_num": 3, "tier_label": "Tier 3: Barrier-Reduction and Targeted Support", "tier_weight": 2.0, "count_in_youth_supports": 1, "indicator_basic_navigation": 0, "indicator_youth_development": 0, "indicator_barrier_reduction": 1, "indicator_transition_pathways": 0, "indicator_segment_specific": 0 }, "geometry": { "type": "Point", "coordinates": [ -116.487314697190996, 32.650218947239999 ] } },
{ "type": "Feature", "properties": { "service_id": "305", "provider_name": "Urban Corps of San Diego County", "site_name": "San Diego Location / Urban Corps Charter School", "name": "San Diego Location / Urban Corps Charter School", "type": "Transition Pathways and Intensive Wraparound Support", "programs": "Tutoring & Dropout Prevention; Leadership Development; Paid and Unpaid Work Experiences; General Workforce Preparation; Drug & Mental Health Counseling", "address": "3127 Jefferson Street", "city": "San Diego", "zip": "92110", "lat": 32.755346559423998, "lon": -117.203161369192, "tract_geoid": "06073006500", "total_population": 3645, "closest_stop_name": "Old Town TC West @ Pacific Hwy", "closest_stop_dist_m": "281", "source": "https://urbancorpssd.org/contact/", "geocode_status": "Match", "geocode_source": null, "geocode_review_needed": "No", "tier_num": 4, "tier_label": "Tier 4: Transition Pathways and Intensive Wraparound Support", "tier_weight": 2.5, "count_in_youth_supports": 1, "indicator_basic_navigation": 0, "indicator_youth_development": 1, "indicator_barrier_reduction": 0, "indicator_transition_pathways": 1, "indicator_segment_specific": 0 }, "geometry": { "type": "Point", "coordinates": [ -117.203161369192003, 32.755346559423998 ] } },
{ "type": "Feature", "properties": { "service_id": "306", "provider_name": "Urban Corps of San Diego County", "site_name": "North County / Diane Annala Chalmers Center", "name": "North County / Diane Annala Chalmers Center", "type": "Transition Pathways and Intensive Wraparound Support", "programs": "Tutoring & Dropout Prevention; Leadership Development; Paid and Unpaid Work Experiences; General Workforce Preparation; Drug & Mental Health Counseling", "address": "2200 Micro Place", "city": "Escondido", "zip": "92029", "lat": 33.130902674215001, "lon": -117.12546225889101, "tract_geoid": "06073020311", "total_population": 4151, "closest_stop_name": "Mission Rd & Barham Ln", "closest_stop_dist_m": "118", "source": "https://urbancorpssd.org/contact/", "geocode_status": "Match", "geocode_source": null, "geocode_review_needed": "No", "tier_num": 4, "tier_label": "Tier 4: Transition Pathways and Intensive Wraparound Support", "tier_weight": 2.5, "count_in_youth_supports": 1, "indicator_basic_navigation": 0, "indicator_youth_development": 1, "indicator_barrier_reduction": 0, "indicator_transition_pathways": 1, "indicator_segment_specific": 0 }, "geometry": { "type": "Point", "coordinates": [ -117.125462258891005, 33.130902674215001 ] } },
{ "type": "Feature", "properties": { "service_id": "307", "provider_name": "Urban Corps of San Diego County", "site_name": "San Diego Recycling / E-Waste Center", "name": "San Diego Recycling / E-Waste Center", "type": "Transition Pathways and Intensive Wraparound Support", "programs": "Recycling/e-waste; paid work experience; environmental job training", "address": "3021 Moore Street", "city": "San Diego", "zip": "92110", "lat": 32.753940075797999, "lon": -117.202793137946, "tract_geoid": "06073006500", "total_population": 3645, "closest_stop_name": "Rosecrans St & Kurtz St", "closest_stop_dist_m": "150", "source": "https://urbancorpssd.org/ewaste/", "geocode_status": "Match", "geocode_source": null, "geocode_review_needed": "No", "tier_num": 4, "tier_label": "Tier 4: Transition Pathways and Intensive Wraparound Support", "tier_weight": 2.5, "count_in_youth_supports": 1, "indicator_basic_navigation": 0, "indicator_youth_development": 0, "indicator_barrier_reduction": 0, "indicator_transition_pathways": 1, "indicator_segment_specific": 0 }, "geometry": { "type": "Point", "coordinates": [ -117.202793137946003, 32.753940075797999 ] } },
{ "type": "Feature", "properties": { "service_id": "308", "provider_name": "Urban Corps of San Diego County", "site_name": "North County Recycling / E-Waste Center", "name": "North County Recycling / E-Waste Center", "type": "Transition Pathways and Intensive Wraparound Support", "programs": "Recycling/e-waste; paid work experience; environmental job training", "address": "2200 Micro Place", "city": "Escondido", "zip": "92029", "lat": 33.130902674215001, "lon": -117.12546225889101, "tract_geoid": "06073020311", "total_population": 4151, "closest_stop_name": "Mission Rd & Barham Ln", "closest_stop_dist_m": "118", "source": "https://urbancorpssd.org/ewaste/", "geocode_status": "Match", "geocode_source": null, "geocode_review_needed": "No", "tier_num": 4, "tier_label": "Tier 4: Transition Pathways and Intensive Wraparound Support", "tier_weight": 2.5, "count_in_youth_supports": 1, "indicator_basic_navigation": 0, "indicator_youth_development": 0, "indicator_barrier_reduction": 0, "indicator_transition_pathways": 1, "indicator_segment_specific": 0 }, "geometry": { "type": "Point", "coordinates": [ -117.125462258891005, 33.130902674215001 ] } },
{ "type": "Feature", "properties": { "service_id": "309", "provider_name": "Urban League San Diego County", "site_name": "Urban League of San Diego County", "name": "Urban League of San Diego County", "type": "Transition Pathways and Intensive Wraparound Support", "programs": "Tutoring & Dropout Prevention; Alternative Secondary School Services; PostSecondary Preparation & Transition; Leadership Development; General Workforce Preparation", "address": "4305 University Ave, Suite 360", "city": "San Diego", "zip": "92105", "lat": 32.749560936400002, "lon": -117.10184591661699, "tract_geoid": "06073002402", "total_population": 4665, "closest_stop_name": "Fairmount Av & University Av", "closest_stop_dist_m": "87", "source": "https://sdul.org/contact-us/", "geocode_status": "Match", "geocode_source": null, "geocode_review_needed": "No", "tier_num": 4, "tier_label": "Tier 4: Transition Pathways and Intensive Wraparound Support", "tier_weight": 2.5, "count_in_youth_supports": 1, "indicator_basic_navigation": 0, "indicator_youth_development": 1, "indicator_barrier_reduction": 0, "indicator_transition_pathways": 1, "indicator_segment_specific": 0 }, "geometry": { "type": "Point", "coordinates": [ -117.101845916616995, 32.749560936400002 ] } },
{ "type": "Feature", "properties": { "service_id": "310", "provider_name": "Urban League San Diego County", "site_name": "HUD Housing Counseling Listing", "name": "HUD Housing Counseling Listing", "type": "Barrier-Reduction and Targeted Support", "programs": "Housing counseling; financial/budget counseling; workshops", "address": "4305 University Ave, Suite 360", "city": "San Diego", "zip": "92105", "lat": 32.749560936400002, "lon": -117.10184591661699, "tract_geoid": "06073002402", "total_population": 4665, "closest_stop_name": "Fairmount Av & University Av", "closest_stop_dist_m": "87", "source": "https://apps.hud.gov/offices/hsg/sfh/hcc/hcs_print.cfm?filterLng=&filterMultiState=&filterSvc=&searchAffiliation=&searchCity=&searchLang=&searchName=&searchService=&searchZip=921&searchstate=CA&webListAction=Search", "geocode_status": "Match", "geocode_source": null, "geocode_review_needed": "No", "tier_num": 3, "tier_label": "Tier 3: Barrier-Reduction and Targeted Support", "tier_weight": 2.0, "count_in_youth_supports": 1, "indicator_basic_navigation": 0, "indicator_youth_development": 0, "indicator_barrier_reduction": 1, "indicator_transition_pathways": 0, "indicator_segment_specific": 0 }, "geometry": { "type": "Point", "coordinates": [ -117.101845916616995, 32.749560936400002 ] } },
{ "type": "Feature", "properties": { "service_id": "311", "provider_name": "Urban Street Angels", "site_name": "San Diego Main / Programs Site", "name": "San Diego Main / Programs Site", "type": "Transition Pathways and Intensive Wraparound Support", "programs": "Post-Secondary Preparation & Transition; Occupational Skills Training; Housing Assistance; Drug & Mental Health Counseling; Referrals to Health & Community Services", "address": "1404 Fifth Ave", "city": "San Diego", "zip": "92101", "lat": 32.719994040270997, "lon": -117.16026275125, "tract_geoid": "06073005601", "total_population": 2883, "closest_stop_name": "4th Av & Ash St", "closest_stop_dist_m": "99", "source": "https://urbanstreetangels.org/programs/", "geocode_status": "Match", "geocode_source": null, "geocode_review_needed": "No", "tier_num": 4, "tier_label": "Tier 4: Transition Pathways and Intensive Wraparound Support", "tier_weight": 2.5, "count_in_youth_supports": 1, "indicator_basic_navigation": 0, "indicator_youth_development": 0, "indicator_barrier_reduction": 0, "indicator_transition_pathways": 1, "indicator_segment_specific": 0 }, "geometry": { "type": "Point", "coordinates": [ -117.160262751250002, 32.719994040270997 ] } },
{ "type": "Feature", "properties": { "service_id": "312", "provider_name": "Urban Street Angels", "site_name": "VisTAY House / Vista Applicant Site", "name": "VisTAY House / Vista Applicant Site", "type": "Transition Pathways and Intensive Wraparound Support", "programs": "Housing; supportive resources; Vista TAY housing", "address": "727 Ascot Drive", "city": "Vista", "zip": "92083", "lat": 33.200104356112, "lon": -117.259301653051, "tract_geoid": "06073019406", "total_population": 4648, "closest_stop_name": "W Vista Way & Hwy 78 Wb On Ramp", "closest_stop_dist_m": "627", "source": "https://urbanstreetangels.org/applicant-form-vista/", "geocode_status": "Match", "geocode_source": null, "geocode_review_needed": "No", "tier_num": 4, "tier_label": "Tier 4: Transition Pathways and Intensive Wraparound Support", "tier_weight": 2.5, "count_in_youth_supports": 1, "indicator_basic_navigation": 0, "indicator_youth_development": 0, "indicator_barrier_reduction": 0, "indicator_transition_pathways": 1, "indicator_segment_specific": 1 }, "geometry": { "type": "Point", "coordinates": [ -117.259301653050997, 33.200104356112 ] } },
{ "type": "Feature", "properties": { "service_id": "313", "provider_name": "Urban Street Angels", "site_name": "Urban Street Angels #1 Independent Living Home", "name": "Urban Street Angels #1 Independent Living Home", "type": "Transition Pathways and Intensive Wraparound Support", "programs": "Independent living housing for TAY", "address": "1404 Fifth Ave", "city": "San Diego", "zip": "92101", "lat": 32.719994040270997, "lon": -117.16026275125, "tract_geoid": "06073005601", "total_population": 2883, "closest_stop_name": "4th Av & Ash St", "closest_stop_dist_m": "99", "source": "https://ilacalifornia.org/listing/san-diego-county/urban-street-angels-inc/", "geocode_status": "Match", "geocode_source": null, "geocode_review_needed": "No", "tier_num": 4, "tier_label": "Tier 4: Transition Pathways and Intensive Wraparound Support", "tier_weight": 2.5, "count_in_youth_supports": 1, "indicator_basic_navigation": 0, "indicator_youth_development": 0, "indicator_barrier_reduction": 0, "indicator_transition_pathways": 1, "indicator_segment_specific": 1 }, "geometry": { "type": "Point", "coordinates": [ -117.160262751250002, 32.719994040270997 ] } },
{ "type": "Feature", "properties": { "service_id": "314", "provider_name": "UrbanLife Ministries San Diego", "site_name": "UrbanLife Ministries Official Contact Address", "name": "UrbanLife Ministries Official Contact Address", "type": "Transition Pathways and Intensive Wraparound Support", "programs": "Tutoring & Dropout Prevention; Post-Secondary Preparation & Transition; Paid and Unpaid Work Experiences; General Workforce Preparation; Financial Literacy Education", "address": "4141 Fairmount Avenue #101", "city": "San Diego", "zip": "92105", "lat": 32.752155106037002, "lon": -117.100778178026, "tract_geoid": "06073002302", "total_population": 6030, "closest_stop_name": "Fairmount Av & Orange Av", "closest_stop_dist_m": "78", "source": "https://www.urbanlifesd.org/contact", "geocode_status": "Match", "geocode_source": null, "geocode_review_needed": "No", "tier_num": 4, "tier_label": "Tier 4: Transition Pathways and Intensive Wraparound Support", "tier_weight": 2.5, "count_in_youth_supports": 1, "indicator_basic_navigation": 0, "indicator_youth_development": 1, "indicator_barrier_reduction": 0, "indicator_transition_pathways": 1, "indicator_segment_specific": 0 }, "geometry": { "type": "Point", "coordinates": [ -117.100778178026005, 32.752155106037002 ] } },
{ "type": "Feature", "properties": { "service_id": "315", "provider_name": "UrbanLife Ministries San Diego", "site_name": "UrbanLife San Diego Public Primary Listing", "name": "UrbanLife San Diego Public Primary Listing", "type": "Transition Pathways and Intensive Wraparound Support", "programs": "Tutoring; leadership; youth development; workforce/life skills", "address": "4391 El Cajon Boulevard", "city": "San Diego", "zip": "92105", "lat": 32.755022693721997, "lon": -117.100097770923, "tract_geoid": "06073002302", "total_population": 6030, "closest_stop_name": "El Cajon Bl & Fairmount Av", "closest_stop_dist_m": "28", "source": "https://www.linkedin.com/company/urbanlife-san-diego", "geocode_status": "Match", "geocode_source": null, "geocode_review_needed": "No", "tier_num": 4, "tier_label": "Tier 4: Transition Pathways and Intensive Wraparound Support", "tier_weight": 2.5, "count_in_youth_supports": 1, "indicator_basic_navigation": 0, "indicator_youth_development": 1, "indicator_barrier_reduction": 0, "indicator_transition_pathways": 1, "indicator_segment_specific": 0 }, "geometry": { "type": "Point", "coordinates": [ -117.100097770923, 32.755022693721997 ] } },
{ "type": "Feature", "properties": { "service_id": "316", "provider_name": "UrbanLife Ministries San Diego", "site_name": "Orange Avenue / City Heights Program Site", "name": "Orange Avenue / City Heights Program Site", "type": "Transition Pathways and Intensive Wraparound Support", "programs": "Youth development; community development; UrbanLife Village", "address": "5202 Orange Ave", "city": "San Diego", "zip": "92115", "lat": 32.753132590463998, "lon": -117.083581476994, "tract_geoid": "06073002708", "total_population": 4839, "closest_stop_name": "Orange Av & 52nd St", "closest_stop_dist_m": "31", "source": "https://www.linkedin.com/company/urbanlife-san-diego", "geocode_status": "Match", "geocode_source": null, "geocode_review_needed": "No", "tier_num": 4, "tier_label": "Tier 4: Transition Pathways and Intensive Wraparound Support", "tier_weight": 2.5, "count_in_youth_supports": 1, "indicator_basic_navigation": 0, "indicator_youth_development": 1, "indicator_barrier_reduction": 0, "indicator_transition_pathways": 1, "indicator_segment_specific": 0 }, "geometry": { "type": "Point", "coordinates": [ -117.083581476993999, 32.753132590463998 ] } },
{ "type": "Feature", "properties": { "service_id": "317", "provider_name": "UrbanLife Ministries San Diego", "site_name": "Southeast UrbanLife Farms Site", "name": "Southeast UrbanLife Farms Site", "type": "Transition Pathways and Intensive Wraparound Support", "programs": "UrbanLife Farms; paid youth work experience; food/farm programming", "address": "210 Euclid Ave", "city": "San Diego", "zip": "92114", "lat": 32.706149760842997, "lon": -117.085070203977, "tract_geoid": "06073003304", "total_population": 3319, "closest_stop_name": "Euclid Av & Euclid Health Center", "closest_stop_dist_m": "121", "source": "https://www.facebook.com/UrbanlifeFarms/", "geocode_status": "Match", "geocode_source": null, "geocode_review_needed": "No", "tier_num": 4, "tier_label": "Tier 4: Transition Pathways and Intensive Wraparound Support", "tier_weight": 2.5, "count_in_youth_supports": 1, "indicator_basic_navigation": 0, "indicator_youth_development": 0, "indicator_barrier_reduction": 0, "indicator_transition_pathways": 1, "indicator_segment_specific": 0 }, "geometry": { "type": "Point", "coordinates": [ -117.085070203976997, 32.706149760842997 ] } },
{ "type": "Feature", "properties": { "service_id": "318", "provider_name": "UrbanLife Ministries San Diego", "site_name": "UrbanLife Cafe", "name": "UrbanLife Cafe", "type": "Transition Pathways and Intensive Wraparound Support", "programs": "Social enterprise / cafe; youth/community workforce asset", "address": "4300 El Cajon Blvd", "city": "San Diego", "zip": "92105", "lat": 32.755183527126, "lon": -117.10181347753699, "tract_geoid": "06073002100", "total_population": 5333, "closest_stop_name": "El Cajon Bl & 43rd St", "closest_stop_dist_m": "16", "source": "https://joe.coffee/locations/ca/san-diego/urbanlife-cafe-san-diego/", "geocode_status": "Match", "geocode_source": null, "geocode_review_needed": "No", "tier_num": 4, "tier_label": "Tier 4: Transition Pathways and Intensive Wraparound Support", "tier_weight": 2.5, "count_in_youth_supports": 1, "indicator_basic_navigation": 0, "indicator_youth_development": 0, "indicator_barrier_reduction": 0, "indicator_transition_pathways": 1, "indicator_segment_specific": 0 }, "geometry": { "type": "Point", "coordinates": [ -117.101813477536993, 32.755183527126 ] } },
{ "type": "Feature", "properties": { "service_id": "319", "provider_name": "Vista Community Clinic", "site_name": "La Tortuga Administrative and Program Offices", "name": "La Tortuga Administrative and Program Offices", "type": "Barrier-Reduction and Targeted Support", "programs": "Post-Secondary Preparation & Transition; Leadership Development; Drug & Mental Health Counseling; Health Services; Referrals to Health & Community Services", "address": "465 La Tortuga Drive", "city": "Vista", "zip": "92081", "lat": 33.190130055136997, "lon": -117.25858484168, "tract_geoid": "06073019701", "total_population": 7452, "closest_stop_name": "Melrose Dr & County Complex", "closest_stop_dist_m": "456", "source": "https://www.vistacommunityclinic.org/locations/", "geocode_status": "Match", "geocode_source": null, "geocode_review_needed": "No", "tier_num": 0, "tier_label": "Not counted in Youth Supports", "tier_weight": 0.0, "count_in_youth_supports": 0, "indicator_basic_navigation": 0, "indicator_youth_development": 1, "indicator_barrier_reduction": 1, "indicator_transition_pathways": 0, "indicator_segment_specific": 0 }, "geometry": { "type": "Point", "coordinates": [ -117.258584841680005, 33.190130055136997 ] } },
{ "type": "Feature", "properties": { "service_id": "320", "provider_name": "Vista Community Clinic", "site_name": "VCC: Vale Terrace", "name": "VCC: Vale Terrace", "type": "Barrier-Reduction and Targeted Support / Health Opportunity", "programs": "Health Services; Behavioral Health; Referrals to Health & Community Services", "address": "1000 Vale Terrace Drive", "city": "Vista", "zip": "92084", "lat": 33.209074859654997, "lon": -117.22910745617401, "tract_geoid": "06073019601", "total_population": 6425, "closest_stop_name": "Williamston St & Vale Terrace Dr", "closest_stop_dist_m": "67", "source": "https://www.vistacommunityclinic.org/locations/", "geocode_status": "Match", "geocode_source": null, "geocode_review_needed": "No", "tier_num": 3, "tier_label": "Tier 3: Barrier-Reduction and Targeted Support", "tier_weight": 2.0, "count_in_youth_supports": 1, "indicator_basic_navigation": 0, "indicator_youth_development": 0, "indicator_barrier_reduction": 1, "indicator_transition_pathways": 0, "indicator_segment_specific": 0 }, "geometry": { "type": "Point", "coordinates": [ -117.229107456174006, 33.209074859654997 ] } },
{ "type": "Feature", "properties": { "service_id": "321", "provider_name": "Vista Community Clinic", "site_name": "VCC: Grapevine", "name": "VCC: Grapevine", "type": "Barrier-Reduction and Targeted Support / Health Opportunity", "programs": "Health Services; Pediatrics; Teen Health; Referrals to Health & Community Services", "address": "134 Grapevine Road", "city": "Vista", "zip": "92083", "lat": 33.191128192053, "lon": -117.27515626465799, "tract_geoid": "06073019405", "total_population": 4050, "closest_stop_name": "W Vista Way & Grapevine Rd", "closest_stop_dist_m": "80", "source": "https://www.vistacommunityclinic.org/locations/", "geocode_status": "Match", "geocode_source": null, "geocode_review_needed": "No", "tier_num": 3, "tier_label": "Tier 3: Barrier-Reduction and Targeted Support", "tier_weight": 2.0, "count_in_youth_supports": 1, "indicator_basic_navigation": 0, "indicator_youth_development": 0, "indicator_barrier_reduction": 1, "indicator_transition_pathways": 0, "indicator_segment_specific": 0 }, "geometry": { "type": "Point", "coordinates": [ -117.275156264657994, 33.191128192053 ] } },
{ "type": "Feature", "properties": { "service_id": "322", "provider_name": "Vista Community Clinic", "site_name": "VCC: Fallbrook Pediatrics & Family Medicine", "name": "VCC: Fallbrook Pediatrics & Family Medicine", "type": "Barrier-Reduction and Targeted Support / Health Opportunity", "programs": "Health Services; Pediatrics; Family Medicine; Referrals to Health & Community Services", "address": "321 E Alvarado St", "city": "Fallbrook", "zip": "92028", "lat": 33.381964693933, "lon": -117.248831269055, "tract_geoid": "06073018904", "total_population": 6860, "closest_stop_name": "Alvarado St & 388", "closest_stop_dist_m": "63", "source": "https://www.vistacommunityclinic.org/locations/", "geocode_status": "Match", "geocode_source": null, "geocode_review_needed": "No", "tier_num": 3, "tier_label": "Tier 3: Barrier-Reduction and Targeted Support", "tier_weight": 2.0, "count_in_youth_supports": 1, "indicator_basic_navigation": 0, "indicator_youth_development": 0, "indicator_barrier_reduction": 1, "indicator_transition_pathways": 0, "indicator_segment_specific": 0 }, "geometry": { "type": "Point", "coordinates": [ -117.248831269055003, 33.381964693933 ] } },
{ "type": "Feature", "properties": { "service_id": "323", "provider_name": "Vista Community Clinic", "site_name": "VCC: Horne", "name": "VCC: Horne", "type": "Barrier-Reduction and Targeted Support / Health Opportunity", "programs": "Health Services; Pediatrics; Family Medicine; Behavioral Health; Referrals to Health & Community Services", "address": "517 N. Horne Street", "city": "Oceanside", "zip": "92054", "lat": 33.200854325137001, "lon": -117.37811611305099, "tract_geoid": "06073018400", "total_population": 3587, "closest_stop_name": "Mission Av & Clementine St", "closest_stop_dist_m": "367", "source": "https://www.vistacommunityclinic.org/locations/", "geocode_status": "Match", "geocode_source": null, "geocode_review_needed": "No", "tier_num": 3, "tier_label": "Tier 3: Barrier-Reduction and Targeted Support", "tier_weight": 2.0, "count_in_youth_supports": 1, "indicator_basic_navigation": 0, "indicator_youth_development": 0, "indicator_barrier_reduction": 1, "indicator_transition_pathways": 0, "indicator_segment_specific": 0 }, "geometry": { "type": "Point", "coordinates": [ -117.378116113050993, 33.200854325137001 ] } },
{ "type": "Feature", "properties": { "service_id": "324", "provider_name": "Vista Community Clinic", "site_name": "VCC: Mission Pediatric & Family Dentistry", "name": "VCC: Mission Pediatric & Family Dentistry", "type": "Barrier-Reduction and Targeted Support / Health Opportunity", "programs": "Health Services; Pediatrics; Dental; Referrals to Health & Community Services", "address": "1910 Mission Ave", "city": "Oceanside", "zip": "92058", "lat": 33.203575176154999, "lon": -117.365594368283, "tract_geoid": "06073018616", "total_population": 3358, "closest_stop_name": "Mission Av & 1863", "closest_stop_dist_m": "23", "source": "https://www.vistacommunityclinic.org/locations/", "geocode_status": "Match", "geocode_source": null, "geocode_review_needed": "No", "tier_num": 3, "tier_label": "Tier 3: Barrier-Reduction and Targeted Support", "tier_weight": 2.0, "count_in_youth_supports": 1, "indicator_basic_navigation": 0, "indicator_youth_development": 0, "indicator_barrier_reduction": 1, "indicator_transition_pathways": 0, "indicator_segment_specific": 0 }, "geometry": { "type": "Point", "coordinates": [ -117.365594368282999, 33.203575176154999 ] } },
{ "type": "Feature", "properties": { "service_id": "325", "provider_name": "Vista Community Clinic", "site_name": "VCC: North River", "name": "VCC: North River", "type": "Barrier-Reduction and Targeted Support / Health Opportunity", "programs": "Health Services; Pediatrics; Women’s Health; Dental; Referrals to Health & Community Services", "address": "4700 North River Road", "city": "Oceanside", "zip": "92057", "lat": 33.245323480170001, "lon": -117.309944074893, "tract_geoid": "06073018609", "total_population": 6249, "closest_stop_name": "N River Rd & Calle Montecito", "closest_stop_dist_m": "68", "source": "https://www.vistacommunityclinic.org/locations/", "geocode_status": "Match", "geocode_source": null, "geocode_review_needed": "No", "tier_num": 3, "tier_label": "Tier 3: Barrier-Reduction and Targeted Support", "tier_weight": 2.0, "count_in_youth_supports": 1, "indicator_basic_navigation": 0, "indicator_youth_development": 0, "indicator_barrier_reduction": 1, "indicator_transition_pathways": 0, "indicator_segment_specific": 0 }, "geometry": { "type": "Point", "coordinates": [ -117.309944074892996, 33.245323480170001 ] } },
{ "type": "Feature", "properties": { "service_id": "326", "provider_name": "Vista Community Clinic", "site_name": "VCC: Oceanside Pediatric & Family Dentistry", "name": "VCC: Oceanside Pediatric & Family Dentistry", "type": "Barrier-Reduction and Targeted Support / Health Opportunity", "programs": "Health Services; Pediatrics; Dental; Referrals to Health & Community Services", "address": "815 College Boulevard, Suite 106", "city": "Oceanside", "zip": "92057", "lat": 33.239275253155, "lon": -117.291052289533, "tract_geoid": "06073018524", "total_population": 3448, "closest_stop_name": "College Blvd & Silver Bluff Dr", "closest_stop_dist_m": "64", "source": "https://www.vistacommunityclinic.org/locations/", "geocode_status": "Match", "geocode_source": null, "geocode_review_needed": "No", "tier_num": 3, "tier_label": "Tier 3: Barrier-Reduction and Targeted Support", "tier_weight": 2.0, "count_in_youth_supports": 1, "indicator_basic_navigation": 0, "indicator_youth_development": 0, "indicator_barrier_reduction": 1, "indicator_transition_pathways": 0, "indicator_segment_specific": 0 }, "geometry": { "type": "Point", "coordinates": [ -117.291052289532999, 33.239275253155 ] } },
{ "type": "Feature", "properties": { "service_id": "327", "provider_name": "Vista Community Clinic", "site_name": "VCC: Pier View", "name": "VCC: Pier View", "type": "Barrier-Reduction and Targeted Support / Health Opportunity", "programs": "Health Services; Pediatrics; Reproductive & Sexual Health; Referrals to Health & Community Services", "address": "818 Pier View Way", "city": "Oceanside", "zip": "92054", "lat": 33.198402016875001, "lon": -117.377584388396, "tract_geoid": "06073018400", "total_population": 3587, "closest_stop_name": "Mission Av & Clementine St", "closest_stop_dist_m": "129", "source": "https://www.vistacommunityclinic.org/locations/", "geocode_status": "Match", "geocode_source": null, "geocode_review_needed": "No", "tier_num": 3, "tier_label": "Tier 3: Barrier-Reduction and Targeted Support", "tier_weight": 2.0, "count_in_youth_supports": 1, "indicator_basic_navigation": 0, "indicator_youth_development": 0, "indicator_barrier_reduction": 1, "indicator_transition_pathways": 0, "indicator_segment_specific": 0 }, "geometry": { "type": "Point", "coordinates": [ -117.377584388396002, 33.198402016875001 ] } },
{ "type": "Feature", "properties": { "service_id": "328", "provider_name": "Vista Community Clinic", "site_name": "Project REACH - Balderrama", "name": "Project REACH - Balderrama", "type": "Barrier-Reduction and Targeted Support / Youth Development", "programs": "Youth Development; Project REACH; after-school programming; tutoring; employment readiness; academic achievement; mentoring; college/employment prep", "address": "709 San Diego Street", "city": "Oceanside", "zip": "92058", "lat": 33.204766499766002, "lon": -117.371313808083, "tract_geoid": "06073018615", "total_population": 3150, "closest_stop_name": "Mission Av & San Diego St", "closest_stop_dist_m": "390", "source": "https://resources.finalsite.net/images/v1727808246/osideus/by8u5vkxdalcmeokkcvk/CommunityResourceGuideOUSDFinal.pdf", "geocode_status": "Match", "geocode_source": null, "geocode_review_needed": "No", "tier_num": 3, "tier_label": "Tier 3: Barrier-Reduction and Targeted Support", "tier_weight": 2.0, "count_in_youth_supports": 1, "indicator_basic_navigation": 0, "indicator_youth_development": 1, "indicator_barrier_reduction": 1, "indicator_transition_pathways": 0, "indicator_segment_specific": 0 }, "geometry": { "type": "Point", "coordinates": [ -117.371313808083002, 33.204766499766002 ] } },
{ "type": "Feature", "properties": { "service_id": "329", "provider_name": "Vista Community Clinic", "site_name": "Project REACH - Rancho Buena Vista High School", "name": "Project REACH - Rancho Buena Vista High School", "type": "Barrier-Reduction and Targeted Support / Youth Development", "programs": "Youth Development; Project REACH; after-school programming; high-school-based support", "address": "1601 Longhorn Drive", "city": "Vista", "zip": "92081", "lat": 33.164705179240997, "lon": -117.245664454126, "tract_geoid": "06073019810", "total_population": 6617, "closest_stop_name": "Melrose Dr & Live Oak Rd", "closest_stop_dist_m": "47", "source": "https://www.cde.ca.gov/schooldirectory/details?cdscode=37684523730728", "geocode_status": "Match", "geocode_source": null, "geocode_review_needed": "No", "tier_num": 3, "tier_label": "Tier 3: Barrier-Reduction and Targeted Support", "tier_weight": 2.0, "count_in_youth_supports": 1, "indicator_basic_navigation": 0, "indicator_youth_development": 1, "indicator_barrier_reduction": 1, "indicator_transition_pathways": 0, "indicator_segment_specific": 0 }, "geometry": { "type": "Point", "coordinates": [ -117.245664454126, 33.164705179240997 ] } },
{ "type": "Feature", "properties": { "service_id": "330", "provider_name": "Vista Hill Foundation", "site_name": "Main Office", "name": "Main Office", "type": "Transition Pathways and Intensive Wraparound Support", "programs": "Occupational Skills Training; General Workforce Preparation; Other Education & Employment Services; Drug & Mental Health Counseling; Virtual Education & Employment Services", "address": "8910 Clairemont Mesa Blvd", "city": "San Diego", "zip": "92123-1104", "lat": 32.831441749588997, "lon": -117.135573733914, "tract_geoid": "06073008511", "total_population": 5607, "closest_stop_name": "Clairemont Mesa Bl & Complex St", "closest_stop_dist_m": "36", "source": "https://www.vistahill.org/", "geocode_status": "Match", "geocode_source": null, "geocode_review_needed": "No", "tier_num": 4, "tier_label": "Tier 4: Transition Pathways and Intensive Wraparound Support", "tier_weight": 2.5, "count_in_youth_supports": 1, "indicator_basic_navigation": 0, "indicator_youth_development": 0, "indicator_barrier_reduction": 0, "indicator_transition_pathways": 1, "indicator_segment_specific": 0 }, "geometry": { "type": "Point", "coordinates": [ -117.135573733914001, 32.831441749588997 ] } },
{ "type": "Feature", "properties": { "service_id": "331", "provider_name": "Vista Hill Foundation", "site_name": "Stein Education Center - Special Education Program", "name": "Stein Education Center - Special Education Program", "type": "Transition Pathways and Intensive Wraparound Support", "programs": "Special Education; Transition Program; Pre-vocational and vocational training; Counseling; Disability support", "address": "6145 Decena Drive", "city": "San Diego", "zip": "92120", "lat": 32.786211136338999, "lon": -117.09669957030199, "tract_geoid": "06073009604", "total_population": 3532, "closest_stop_name": "Mission Gorge Rd & Twain Av", "closest_stop_dist_m": "125", "source": "https://www.vistahill.org/programs-services/stein-education-center-special-education-programs/", "geocode_status": "Match", "geocode_source": null, "geocode_review_needed": "No", "tier_num": 4, "tier_label": "Tier 4: Transition Pathways and Intensive Wraparound Support", "tier_weight": 2.5, "count_in_youth_supports": 1, "indicator_basic_navigation": 0, "indicator_youth_development": 0, "indicator_barrier_reduction": 1, "indicator_transition_pathways": 1, "indicator_segment_specific": 1 }, "geometry": { "type": "Point", "coordinates": [ -117.096699570301993, 32.786211136338999 ] } },
{ "type": "Feature", "properties": { "service_id": "332", "provider_name": "Vista Hill Foundation", "site_name": "Stein Education Center - Special Care Services", "name": "Stein Education Center - Special Care Services", "type": "Transition Pathways and Intensive Wraparound Support", "programs": "Special Care Services; After School; disability support; behavioral support; skill development", "address": "6145 Decena Drive", "city": "San Diego", "zip": "92120", "lat": 32.786211136338999, "lon": -117.09669957030199, "tract_geoid": "06073009604", "total_population": 3532, "closest_stop_name": "Mission Gorge Rd & Twain Av", "closest_stop_dist_m": "125", "source": "https://www.vistahill.org/programs-services/stein-education-center-special-care-services-after-school/", "geocode_status": "Match", "geocode_source": null, "geocode_review_needed": "No", "tier_num": 4, "tier_label": "Tier 4: Transition Pathways and Intensive Wraparound Support", "tier_weight": 2.5, "count_in_youth_supports": 1, "indicator_basic_navigation": 0, "indicator_youth_development": 1, "indicator_barrier_reduction": 1, "indicator_transition_pathways": 1, "indicator_segment_specific": 1 }, "geometry": { "type": "Point", "coordinates": [ -117.096699570301993, 32.786211136338999 ] } },
{ "type": "Feature", "properties": { "service_id": "333", "provider_name": "Walden Family Services", "site_name": "Corporate Office / San Diego County Office", "name": "Corporate Office / San Diego County Office", "type": "Barrier-Reduction and Targeted Support", "programs": "Housing Assistance; Drug & Mental Health Counseling; foster care; transitional housing; support for foster youth and young adults", "address": "8525 Gibbs Drive, Suite 100", "city": "San Diego", "zip": "92123", "lat": 32.810361911998001, "lon": -117.143916051152, "tract_geoid": "06073008511", "total_population": 5607, "closest_stop_name": "Aero Dr & Glen H Curtis Rd", "closest_stop_dist_m": "75", "source": "https://waldenfamily.org/", "geocode_status": "Match", "geocode_source": null, "geocode_review_needed": "No", "tier_num": 3, "tier_label": "Tier 3: Barrier-Reduction and Targeted Support", "tier_weight": 2.0, "count_in_youth_supports": 1, "indicator_basic_navigation": 0, "indicator_youth_development": 0, "indicator_barrier_reduction": 1, "indicator_transition_pathways": 0, "indicator_segment_specific": 1 }, "geometry": { "type": "Point", "coordinates": [ -117.143916051152004, 32.810361911998001 ] } },
{ "type": "Feature", "properties": { "service_id": "334", "provider_name": "YMCA of San Diego County", "site_name": "Association Services & Leadership Office", "name": "Association Services & Leadership Office", "type": "Transition Pathways and Intensive Wraparound Support", "programs": "Leadership Development; General Workforce Preparation; Housing Assistance; Drug & Mental Health Counseling; Referrals to Health & Community Services", "address": "3708 Ruffin Road", "city": "San Diego", "zip": "92123", "lat": 32.823901, "lon": -117.122089, "tract_geoid": "06073008511", "total_population": 5607, "closest_stop_name": "Balboa Av & Viewridge Av", "closest_stop_dist_m": "328", "source": "https://www.ymcasd.org/locations/", "geocode_status": null, "geocode_source": null, "geocode_review_needed": "No", "tier_num": 4, "tier_label": "Tier 4: Transition Pathways and Intensive Wraparound Support", "tier_weight": 2.5, "count_in_youth_supports": 1, "indicator_basic_navigation": 0, "indicator_youth_development": 1, "indicator_barrier_reduction": 0, "indicator_transition_pathways": 1, "indicator_segment_specific": 0 }, "geometry": { "type": "Point", "coordinates": [ -117.122089, 32.823901 ] } },
{ "type": "Feature", "properties": { "service_id": "335", "provider_name": "YMCA of San Diego County", "site_name": "TAY Drop-In Center - Escondido", "name": "TAY Drop-In Center - Escondido", "type": "Transition Pathways and Intensive Wraparound Support", "programs": "TAY Services; housing crisis support; drop-in; meals; case management; overnight lodging", "address": "150 La Terraza Blvd", "city": "Escondido", "zip": "92025", "lat": 33.116373648462996, "lon": -117.096067810355, "tract_geoid": "06073020500", "total_population": 4261, "closest_stop_name": "Valley Pkwy & La Terraza Bl", "closest_stop_dist_m": "148", "source": "https://www.ymcasd.org/about-y/news-center/events/locations-for-drop-in-centers-for-transition-age-youth/", "geocode_status": "Match", "geocode_source": null, "geocode_review_needed": "No", "tier_num": 4, "tier_label": "Tier 4: Transition Pathways and Intensive Wraparound Support", "tier_weight": 2.5, "count_in_youth_supports": 1, "indicator_basic_navigation": 0, "indicator_youth_development": 0, "indicator_barrier_reduction": 1, "indicator_transition_pathways": 1, "indicator_segment_specific": 1 }, "geometry": { "type": "Point", "coordinates": [ -117.096067810354995, 33.116373648462996 ] } },
{ "type": "Feature", "properties": { "service_id": "336", "provider_name": "YMCA of San Diego County", "site_name": "TAY Drop-In Center - Oceanside", "name": "TAY Drop-In Center - Oceanside", "type": "Transition Pathways and Intensive Wraparound Support", "programs": "TAY Services; housing crisis support; drop-in; meals; case management; overnight lodging", "address": "205 Barnes St", "city": "Oceanside", "zip": "92054", "lat": 33.200485055009999, "lon": -117.365856612426, "tract_geoid": "06073018509", "total_population": 5559, "closest_stop_name": "Barnes St & Maxson St", "closest_stop_dist_m": "51", "source": "https://www.ymcasd.org/about-y/news-center/events/locations-for-drop-in-centers-for-transition-age-youth/", "geocode_status": "Match", "geocode_source": null, "geocode_review_needed": "No", "tier_num": 4, "tier_label": "Tier 4: Transition Pathways and Intensive Wraparound Support", "tier_weight": 2.5, "count_in_youth_supports": 1, "indicator_basic_navigation": 0, "indicator_youth_development": 0, "indicator_barrier_reduction": 1, "indicator_transition_pathways": 1, "indicator_segment_specific": 1 }, "geometry": { "type": "Point", "coordinates": [ -117.365856612426001, 33.200485055009999 ] } },
{ "type": "Feature", "properties": { "service_id": "337", "provider_name": "YMCA of San Diego County", "site_name": "Childcare Resource Service Department YMCA", "name": "Childcare Resource Service Department YMCA", "type": "Barrier-Reduction and Targeted Support", "programs": "Childcare Resource Service; family support; referrals; youth/family resource navigation", "address": "3333 Camino Del Rio S, #400", "city": "San Diego", "zip": "92108", "lat": 32.776142, "lon": -117.121612, "tract_geoid": "06073009307", "total_population": 4846, "closest_stop_name": "Camino Del Rio S & Scheidler Wy", "closest_stop_dist_m": "129", "source": "https://www.ymca.org/locations/childcare-resource-service-department-ymca", "geocode_status": null, "geocode_source": null, "geocode_review_needed": "No", "tier_num": 3, "tier_label": "Tier 3: Barrier-Reduction and Targeted Support", "tier_weight": 2.0, "count_in_youth_supports": 1, "indicator_basic_navigation": 1, "indicator_youth_development": 0, "indicator_barrier_reduction": 1, "indicator_transition_pathways": 0, "indicator_segment_specific": 0 }, "geometry": { "type": "Point", "coordinates": [ -117.121612, 32.776142 ] } },
{ "type": "Feature", "properties": { "service_id": "338", "provider_name": "YMCA of San Diego County", "site_name": "Border View Family YMCA", "name": "Border View Family YMCA", "type": "Youth Development and Enrichment", "programs": "Youth development; teen programming; family/community center", "address": "3601 Arey Dr", "city": "San Diego", "zip": "92154", "lat": 32.5967198, "lon": -116.9028125, "tract_geoid": "06073021302", "total_population": 6675, "closest_stop_name": "Sanyo Av & Otay Mesa Rd", "closest_stop_dist_m": "4849", "source": "https://www.ymca.org/locations/border-view-family-ymca", "geocode_status": null, "geocode_source": null, "geocode_review_needed": "No", "tier_num": 2, "tier_label": "Tier 2: Youth Development and Enrichment", "tier_weight": 1.5, "count_in_youth_supports": 1, "indicator_basic_navigation": 0, "indicator_youth_development": 1, "indicator_barrier_reduction": 0, "indicator_transition_pathways": 0, "indicator_segment_specific": 0 }, "geometry": { "type": "Point", "coordinates": [ -116.9028125, 32.5967198 ] } },
{ "type": "Feature", "properties": { "service_id": "339", "provider_name": "YMCA of San Diego County", "site_name": "Cameron Family YMCA", "name": "Cameron Family YMCA", "type": "Youth Development and Enrichment", "programs": "Youth development; teen programming; family/community center", "address": "10123 Riverwalk Drive", "city": "Santee", "zip": "92071", "lat": 32.851865057051, "lon": -116.979388638212, "tract_geoid": "06073016615", "total_population": 4230, "closest_stop_name": "Cuyamaca St & Riverwalk Dr", "closest_stop_dist_m": "365", "source": "https://www.ymcasofca.org/locations/cameron-family-ymca", "geocode_status": "Match", "geocode_source": null, "geocode_review_needed": "No", "tier_num": 2, "tier_label": "Tier 2: Youth Development and Enrichment", "tier_weight": 1.5, "count_in_youth_supports": 1, "indicator_basic_navigation": 0, "indicator_youth_development": 1, "indicator_barrier_reduction": 0, "indicator_transition_pathways": 0, "indicator_segment_specific": 0 }, "geometry": { "type": "Point", "coordinates": [ -116.979388638212001, 32.851865057051 ] } },
{ "type": "Feature", "properties": { "service_id": "340", "provider_name": "YMCA of San Diego County", "site_name": "Copley-Price Family YMCA", "name": "Copley-Price Family YMCA", "type": "Youth Development and Enrichment", "programs": "Youth development; teen programming; family/community center", "address": "4300 El Cajon Blvd", "city": "San Diego", "zip": "92105", "lat": 32.755183527126, "lon": -117.10181347753699, "tract_geoid": "06073002100", "total_population": 5333, "closest_stop_name": "El Cajon Bl & 43rd St", "closest_stop_dist_m": "16", "source": "https://www.ymca.org/locations/copley-price-family-ymca", "geocode_status": "Match", "geocode_source": null, "geocode_review_needed": "No", "tier_num": 2, "tier_label": "Tier 2: Youth Development and Enrichment", "tier_weight": 1.5, "count_in_youth_supports": 1, "indicator_basic_navigation": 0, "indicator_youth_development": 1, "indicator_barrier_reduction": 0, "indicator_transition_pathways": 0, "indicator_segment_specific": 0 }, "geometry": { "type": "Point", "coordinates": [ -117.101813477536993, 32.755183527126 ] } },
{ "type": "Feature", "properties": { "service_id": "341", "provider_name": "YMCA of San Diego County", "site_name": "Dan McKinney Family YMCA", "name": "Dan McKinney Family YMCA", "type": "Youth Development and Enrichment", "programs": "Youth development; teen programming; family/community center", "address": "8355 Cliffridge Ave", "city": "La Jolla", "zip": "92037", "lat": 32.85895, "lon": -117.24278, "tract_geoid": "06073008313", "total_population": 2195, "closest_stop_name": "Villa La Jolla Dr & Gilman Dr", "closest_stop_dist_m": "876", "source": "https://www.ymca.org/locations/dan-mckinney-family-ymca", "geocode_status": null, "geocode_source": null, "geocode_review_needed": "No", "tier_num": 2, "tier_label": "Tier 2: Youth Development and Enrichment", "tier_weight": 1.5, "count_in_youth_supports": 1, "indicator_basic_navigation": 0, "indicator_youth_development": 1, "indicator_barrier_reduction": 0, "indicator_transition_pathways": 0, "indicator_segment_specific": 0 }, "geometry": { "type": "Point", "coordinates": [ -117.24278, 32.85895 ] } },
{ "type": "Feature", "properties": { "service_id": "342", "provider_name": "YMCA of San Diego County", "site_name": "Escondido YMCA - Campus for Community Well-Being / Palomar Family YMCA", "name": "Escondido YMCA - Campus for Community Well-Being / Palomar Family YMCA", "type": "Youth Development and Enrichment", "programs": "Youth development; teen programming; family/community center", "address": "1050 N Broadway", "city": "Escondido", "zip": "92026", "lat": 33.134728, "lon": -117.087225, "tract_geoid": "06073020108", "total_population": 4731, "closest_stop_name": "Broadway & Lincoln Av", "closest_stop_dist_m": "60", "source": "https://www.ymca.org/locations/escondido-ymca-campus-community-well-being", "geocode_status": null, "geocode_source": null, "geocode_review_needed": "No", "tier_num": 2, "tier_label": "Tier 2: Youth Development and Enrichment", "tier_weight": 1.5, "count_in_youth_supports": 1, "indicator_basic_navigation": 0, "indicator_youth_development": 1, "indicator_barrier_reduction": 0, "indicator_transition_pathways": 0, "indicator_segment_specific": 0 }, "geometry": { "type": "Point", "coordinates": [ -117.087225, 33.134728 ] } },
{ "type": "Feature", "properties": { "service_id": "343", "provider_name": "YMCA of San Diego County", "site_name": "Jackie Robinson Family YMCA", "name": "Jackie Robinson Family YMCA", "type": "Youth Development and Enrichment", "programs": "Youth development; teen programming; family/community center", "address": "151 YMCA Way", "city": "San Diego", "zip": "92102", "lat": 32.705080532872998, "lon": -117.097419435295, "tract_geoid": "06073003301", "total_population": 3548, "closest_stop_name": "Imperial Av & 45th St", "closest_stop_dist_m": "98", "source": "https://www.ymca.org/locations/jackie-robinson-family-ymca", "geocode_status": "Match", "geocode_source": null, "geocode_review_needed": "No", "tier_num": 2, "tier_label": "Tier 2: Youth Development and Enrichment", "tier_weight": 1.5, "count_in_youth_supports": 1, "indicator_basic_navigation": 0, "indicator_youth_development": 1, "indicator_barrier_reduction": 0, "indicator_transition_pathways": 0, "indicator_segment_specific": 0 }, "geometry": { "type": "Point", "coordinates": [ -117.097419435294995, 32.705080532872998 ] } },
{ "type": "Feature", "properties": { "service_id": "344", "provider_name": "YMCA of San Diego County", "site_name": "Joe and Mary Mottino Family YMCA", "name": "Joe and Mary Mottino Family YMCA", "type": "Youth Development and Enrichment", "programs": "Youth development; teen programming; family/community center", "address": "4701 Mesa Dr", "city": "Oceanside", "zip": "92056", "lat": 33.22518756593, "lon": -117.292383052209, "tract_geoid": "06073019301", "total_population": 6412, "closest_stop_name": "College Blvd & Mesa Dr", "closest_stop_dist_m": "42", "source": "https://www.ymca.org/locations/joe-and-mary-mottino-family-ymca", "geocode_status": "Match", "geocode_source": null, "geocode_review_needed": "No", "tier_num": 2, "tier_label": "Tier 2: Youth Development and Enrichment", "tier_weight": 1.5, "count_in_youth_supports": 1, "indicator_basic_navigation": 0, "indicator_youth_development": 1, "indicator_barrier_reduction": 0, "indicator_transition_pathways": 0, "indicator_segment_specific": 0 }, "geometry": { "type": "Point", "coordinates": [ -117.292383052209004, 33.22518756593 ] } },
{ "type": "Feature", "properties": { "service_id": "345", "provider_name": "YMCA of San Diego County", "site_name": "Magdalena Ecke Family YMCA", "name": "Magdalena Ecke Family YMCA", "type": "Youth Development and Enrichment", "programs": "Youth development; teen programming; family/community center", "address": "200 Saxony Rd", "city": "Encinitas", "zip": "92024", "lat": 33.0509, "lon": -117.285699, "tract_geoid": "06073017603", "total_population": 3005, "closest_stop_name": "Saxony Rd & Seacrest Way", "closest_stop_dist_m": "117", "source": "https://www.ymca.org/locations/magdalena-ecke-family-ymca", "geocode_status": null, "geocode_source": null, "geocode_review_needed": "No", "tier_num": 2, "tier_label": "Tier 2: Youth Development and Enrichment", "tier_weight": 1.5, "count_in_youth_supports": 1, "indicator_basic_navigation": 0, "indicator_youth_development": 1, "indicator_barrier_reduction": 0, "indicator_transition_pathways": 0, "indicator_segment_specific": 0 }, "geometry": { "type": "Point", "coordinates": [ -117.285699, 33.0509 ] } },
{ "type": "Feature", "properties": { "service_id": "346", "provider_name": "YMCA of San Diego County", "site_name": "McGrath Family YMCA", "name": "McGrath Family YMCA", "type": "Youth Development and Enrichment", "programs": "Youth development; teen programming; family/community center", "address": "12006 Campo Road", "city": "Spring Valley", "zip": "91978", "lat": 32.732048249122002, "lon": -116.93956281477099, "tract_geoid": "06073021305", "total_population": 3876, "closest_stop_name": "Rancho San Diego Towne Center & Transit Center", "closest_stop_dist_m": "756", "source": "https://docs.candid.org/edoc/10384225/document.pdf", "geocode_status": "Match", "geocode_source": null, "geocode_review_needed": "No", "tier_num": 2, "tier_label": "Tier 2: Youth Development and Enrichment", "tier_weight": 1.5, "count_in_youth_supports": 1, "indicator_basic_navigation": 0, "indicator_youth_development": 1, "indicator_barrier_reduction": 0, "indicator_transition_pathways": 0, "indicator_segment_specific": 0 }, "geometry": { "type": "Point", "coordinates": [ -116.939562814770994, 32.732048249122002 ] } },
{ "type": "Feature", "properties": { "service_id": "347", "provider_name": "YMCA of San Diego County", "site_name": "Mission Valley YMCA", "name": "Mission Valley YMCA", "type": "Youth Development and Enrichment", "programs": "Youth development; teen programming; family/community center", "address": "5505 Friars Road", "city": "San Diego", "zip": "92110", "lat": 32.763463729767999, "lon": -117.195043943741, "tract_geoid": "06073008902", "total_population": 3973, "closest_stop_name": "Morena/Linda Vista Station", "closest_stop_dist_m": "141", "source": "https://sandiego.kidsoutandabout.com/content/mission-valley-ymca", "geocode_status": "Match", "geocode_source": null, "geocode_review_needed": "No", "tier_num": 2, "tier_label": "Tier 2: Youth Development and Enrichment", "tier_weight": 1.5, "count_in_youth_supports": 1, "indicator_basic_navigation": 0, "indicator_youth_development": 1, "indicator_barrier_reduction": 0, "indicator_transition_pathways": 0, "indicator_segment_specific": 0 }, "geometry": { "type": "Point", "coordinates": [ -117.195043943740998, 32.763463729767999 ] } },
{ "type": "Feature", "properties": { "service_id": "348", "provider_name": "YMCA of San Diego County", "site_name": "Rancho Family YMCA", "name": "Rancho Family YMCA", "type": "Youth Development and Enrichment", "programs": "Youth development; teen programming; family/community center", "address": "9410 Fairgrove Ln", "city": "San Diego", "zip": "92129", "lat": 32.95776, "lon": -117.124005, "tract_geoid": "06073017036", "total_population": 3329, "closest_stop_name": "Rancho Penasquitos Bl & Carmel Mountain Rd", "closest_stop_dist_m": "851", "source": "https://www.ymca.org/locations/rancho-family-ymca", "geocode_status": null, "geocode_source": null, "geocode_review_needed": "No", "tier_num": 2, "tier_label": "Tier 2: Youth Development and Enrichment", "tier_weight": 1.5, "count_in_youth_supports": 1, "indicator_basic_navigation": 0, "indicator_youth_development": 1, "indicator_barrier_reduction": 0, "indicator_transition_pathways": 0, "indicator_segment_specific": 0 }, "geometry": { "type": "Point", "coordinates": [ -117.124005, 32.95776 ] } },
{ "type": "Feature", "properties": { "service_id": "349", "provider_name": "YMCA of San Diego County", "site_name": "South Bay Family YMCA", "name": "South Bay Family YMCA", "type": "Youth Development and Enrichment", "programs": "Youth development; teen programming; family/community center", "address": "1201 Paseo Magda", "city": "Chula Vista", "zip": "91910", "lat": 32.6393, "lon": -117.011763, "tract_geoid": "06073013420", "total_population": 3174, "closest_stop_name": "East H St & Paseo Ranchero", "closest_stop_dist_m": "101", "source": "https://www.ymca.org/locations/south-bay-family-ymca", "geocode_status": null, "geocode_source": null, "geocode_review_needed": "No", "tier_num": 2, "tier_label": "Tier 2: Youth Development and Enrichment", "tier_weight": 1.5, "count_in_youth_supports": 1, "indicator_basic_navigation": 0, "indicator_youth_development": 1, "indicator_barrier_reduction": 0, "indicator_transition_pathways": 0, "indicator_segment_specific": 0 }, "geometry": { "type": "Point", "coordinates": [ -117.011763, 32.6393 ] } },
{ "type": "Feature", "properties": { "service_id": "350", "provider_name": "YMCA of San Diego County", "site_name": "T. Claude and Gladys B. Ryan Family YMCA / Peninsula Family YMCA", "name": "T. Claude and Gladys B. Ryan Family YMCA / Peninsula Family YMCA", "type": "Youth Development and Enrichment", "programs": "Youth development; teen programming; family/community center", "address": "4390 Valeta St", "city": "San Diego", "zip": "92107", "lat": 32.749705, "lon": -117.232846, "tract_geoid": "06073007401", "total_population": 2808, "closest_stop_name": "West Point Loma Bl & Mentone St", "closest_stop_dist_m": "282", "source": "https://www.ymca.org/locations/t-claude-and-gladys-b-ryan-family-ymca", "geocode_status": null, "geocode_source": null, "geocode_review_needed": "No", "tier_num": 2, "tier_label": "Tier 2: Youth Development and Enrichment", "tier_weight": 1.5, "count_in_youth_supports": 1, "indicator_basic_navigation": 0, "indicator_youth_development": 1, "indicator_barrier_reduction": 0, "indicator_transition_pathways": 0, "indicator_segment_specific": 0 }, "geometry": { "type": "Point", "coordinates": [ -117.232846, 32.749705 ] } },
{ "type": "Feature", "properties": { "service_id": "351", "provider_name": "YMCA of San Diego County", "site_name": "Toby Wells YMCA", "name": "Toby Wells YMCA", "type": "Youth Development and Enrichment", "programs": "Youth development; teen programming; family/community center", "address": "5105 Overland Ave", "city": "San Diego", "zip": "92123", "lat": 32.829506123938003, "lon": -117.13094825034899, "tract_geoid": "06073008511", "total_population": 5607, "closest_stop_name": "Clairemont Mesa Bl & Overland Av", "closest_stop_dist_m": "196", "source": "https://www.ymca.org/locations/toby-wells-ymca", "geocode_status": "Match", "geocode_source": null, "geocode_review_needed": "No", "tier_num": 2, "tier_label": "Tier 2: Youth Development and Enrichment", "tier_weight": 1.5, "count_in_youth_supports": 1, "indicator_basic_navigation": 0, "indicator_youth_development": 1, "indicator_barrier_reduction": 0, "indicator_transition_pathways": 0, "indicator_segment_specific": 0 }, "geometry": { "type": "Point", "coordinates": [ -117.130948250348993, 32.829506123938003 ] } },
{ "type": "Feature", "properties": { "service_id": "352", "provider_name": "YMCA of San Diego County", "site_name": "YMCA Camp Marston", "name": "YMCA Camp Marston", "type": "Youth Development and Enrichment", "programs": "Outdoor youth development; overnight camp; leadership; enrichment", "address": "4761 Pine Hills Road", "city": "Julian", "zip": "92036", "lat": 33.042727776113999, "lon": -116.62166110707599, "tract_geoid": "06073020904", "total_population": 2750, "closest_stop_name": "Hwy 78 & Pine Hills Rd", "closest_stop_dist_m": "3949", "source": "https://www.ymca.org/locations/ymca-camp-marston", "geocode_status": "Match", "geocode_source": null, "geocode_review_needed": "No", "tier_num": 2, "tier_label": "Tier 2: Youth Development and Enrichment", "tier_weight": 1.5, "count_in_youth_supports": 1, "indicator_basic_navigation": 0, "indicator_youth_development": 1, "indicator_barrier_reduction": 0, "indicator_transition_pathways": 0, "indicator_segment_specific": 0 }, "geometry": { "type": "Point", "coordinates": [ -116.621661107075994, 33.042727776113999 ] } },
{ "type": "Feature", "properties": { "service_id": "353", "provider_name": "YMCA of San Diego County", "site_name": "YMCA Raintree Ranch", "name": "YMCA Raintree Ranch", "type": "Youth Development and Enrichment", "programs": "Outdoor youth development; overnight camp; equestrian programming", "address": "2315 Frisius Dr", "city": "Julian", "zip": "92036", "lat": 33.045497970340001, "lon": -116.610450490069, "tract_geoid": "06073020904", "total_population": 2750, "closest_stop_name": "Hwy 78 & 2nd St", "closest_stop_dist_m": "3627", "source": "https://www.ymca.org/locations/ymca-raintree-ranch", "geocode_status": "Match", "geocode_source": null, "geocode_review_needed": "No", "tier_num": 2, "tier_label": "Tier 2: Youth Development and Enrichment", "tier_weight": 1.5, "count_in_youth_supports": 1, "indicator_basic_navigation": 0, "indicator_youth_development": 1, "indicator_barrier_reduction": 0, "indicator_transition_pathways": 0, "indicator_segment_specific": 0 }, "geometry": { "type": "Point", "coordinates": [ -116.610450490068999, 33.045497970340001 ] } },
{ "type": "Feature", "properties": { "service_id": "354", "provider_name": "YMCA of San Diego County", "site_name": "YMCA Camp Surf", "name": "YMCA Camp Surf", "type": "Youth Development and Enrichment", "programs": "Outdoor youth development; surf camp; leadership; enrichment", "address": "560 Silver Strand Blvd", "city": "Imperial Beach", "zip": "91932", "lat": 32.585714039686003, "lon": -117.128355333325, "tract_geoid": "06073010501", "total_population": 1265, "closest_stop_name": "Palm Av & 3rd St", "closest_stop_dist_m": "212", "source": "https://www.ymca.org/locations/ymca-camp-surf", "geocode_status": "Match", "geocode_source": null, "geocode_review_needed": "No", "tier_num": 2, "tier_label": "Tier 2: Youth Development and Enrichment", "tier_weight": 1.5, "count_in_youth_supports": 1, "indicator_basic_navigation": 0, "indicator_youth_development": 1, "indicator_barrier_reduction": 0, "indicator_transition_pathways": 0, "indicator_segment_specific": 0 }, "geometry": { "type": "Point", "coordinates": [ -117.128355333325004, 32.585714039686003 ] } },
{ "type": "Feature", "properties": { "service_id": "355", "provider_name": "YMCA of San Diego County", "site_name": "Krause Family Skate & Bike Park", "name": "Krause Family Skate & Bike Park", "type": "Youth Development and Enrichment", "programs": "Skate/bike park; youth recreation; enrichment", "address": "3401 Clairemont Dr", "city": "San Diego", "zip": "92117", "lat": 32.802906822535, "lon": -117.19826159274, "tract_geoid": "06073009102", "total_population": 4204, "closest_stop_name": "Clairemont Dr & Dakota Dr", "closest_stop_dist_m": "27", "source": "https://docs.candid.org/edoc/10384225/document.pdf", "geocode_status": "Match", "geocode_source": null, "geocode_review_needed": "No", "tier_num": 2, "tier_label": "Tier 2: Youth Development and Enrichment", "tier_weight": 1.5, "count_in_youth_supports": 1, "indicator_basic_navigation": 0, "indicator_youth_development": 1, "indicator_barrier_reduction": 0, "indicator_transition_pathways": 0, "indicator_segment_specific": 0 }, "geometry": { "type": "Point", "coordinates": [ -117.198261592739996, 32.802906822535 ] } },
{ "type": "Feature", "properties": { "service_id": "356", "provider_name": "YMCA of San Diego County", "site_name": "Beach and Bay Family YMCA", "name": "Beach and Bay Family YMCA", "type": "Youth Development and Enrichment", "programs": "Youth development; family/community center", "address": "4606 Ingraham Street", "city": "San Diego", "zip": "92109", "lat": 32.801768235905001, "lon": -117.241551009799, "tract_geoid": "06073007912", "total_population": 1738, "closest_stop_name": "Ingraham St & Garnet Av", "closest_stop_dist_m": "184", "source": "https://docs.candid.org/edoc/10384225/document.pdf", "geocode_status": "Match", "geocode_source": null, "geocode_review_needed": "No", "tier_num": 2, "tier_label": "Tier 2: Youth Development and Enrichment", "tier_weight": 1.5, "count_in_youth_supports": 1, "indicator_basic_navigation": 0, "indicator_youth_development": 1, "indicator_barrier_reduction": 0, "indicator_transition_pathways": 0, "indicator_segment_specific": 0 }, "geometry": { "type": "Point", "coordinates": [ -117.241551009798997, 32.801768235905001 ] } },
{ "type": "Feature", "properties": { "service_id": "357", "provider_name": "YMCA of San Diego County", "site_name": "John A. Davis Family YMCA", "name": "John A. Davis Family YMCA", "type": "Youth Development and Enrichment", "programs": "Youth development; family/community center", "address": "8881 Dallas Street", "city": "La Mesa", "zip": "91942", "lat": 32.790834926624001, "lon": -117.00679905579, "tract_geoid": "06073015001", "total_population": 4418, "closest_stop_name": "Amaya Drive Station", "closest_stop_dist_m": "760", "source": "https://docs.candid.org/edoc/10384225/document.pdf", "geocode_status": "Match", "geocode_source": null, "geocode_review_needed": "No", "tier_num": 2, "tier_label": "Tier 2: Youth Development and Enrichment", "tier_weight": 1.5, "count_in_youth_supports": 1, "indicator_basic_navigation": 0, "indicator_youth_development": 1, "indicator_barrier_reduction": 0, "indicator_transition_pathways": 0, "indicator_segment_specific": 0 }, "geometry": { "type": "Point", "coordinates": [ -117.006799055789998, 32.790834926624001 ] } },
{ "type": "Feature", "properties": { "service_id": "358", "provider_name": "YMCA of San Diego County", "site_name": "Shepherd YMCA Firehouse", "name": "Shepherd YMCA Firehouse", "type": "Youth Development and Enrichment", "programs": "Youth development; community center", "address": "7877 Herschel Avenue", "city": "La Jolla", "zip": "92037", "lat": 32.846565439000003, "lon": -117.273076671369, "tract_geoid": "06073008201", "total_population": 1986, "closest_stop_name": "Silverado St & Herschel Av", "closest_stop_dist_m": "134", "source": "https://docs.candid.org/edoc/10384225/document.pdf", "geocode_status": "Match", "geocode_source": null, "geocode_review_needed": "No", "tier_num": 2, "tier_label": "Tier 2: Youth Development and Enrichment", "tier_weight": 1.5, "count_in_youth_supports": 1, "indicator_basic_navigation": 0, "indicator_youth_development": 1, "indicator_barrier_reduction": 0, "indicator_transition_pathways": 0, "indicator_segment_specific": 0 }, "geometry": { "type": "Point", "coordinates": [ -117.273076671368997, 32.846565439 ] } },
{ "type": "Feature", "properties": { "service_id": "359", "provider_name": "Young and Prosperous Foundation", "site_name": "Young and Prosperous Foundation Public Address Listing", "name": "Young and Prosperous Foundation Public Address Listing", "type": "Unclassified from appendix", "programs": "Mentorship; college access; youth programs; wellness; leadership", "address": "1802 Mattero Ave", "city": "Chula Vista", "zip": "91913-3522", "lat": 32.606887778306003, "lon": -116.995080705455, "tract_geoid": "06073013317", "total_population": 18047, "closest_stop_name": "E Palomar St & Santa Maria Rd", "closest_stop_dist_m": "1775", "source": "https://www.zeffy.com/organization/young-and-prosperous-foundation-california", "geocode_status": "Match", "geocode_source": null, "geocode_review_needed": "No", "tier_num": 2, "tier_label": "Tier 2: Youth Development and Enrichment", "tier_weight": 1.5, "count_in_youth_supports": 1, "indicator_basic_navigation": 0, "indicator_youth_development": 1, "indicator_barrier_reduction": 0, "indicator_transition_pathways": 0, "indicator_segment_specific": 0 }, "geometry": { "type": "Point", "coordinates": [ -116.995080705454995, 32.606887778306003 ] } },
{ "type": "Feature", "properties": { "service_id": "360", "provider_name": "Youth Assistance Coalition", "site_name": "Youth Assistance Coalition Office", "name": "Youth Assistance Coalition Office", "type": "Transition Pathways and Intensive Wraparound Support", "programs": "Tutoring & Dropout Prevention; Alternative Secondary School Services; Postsecondary Preparation; school supplies; workforce preparation; referrals; virtual services", "address": "2801 B St #238", "city": "San Diego", "zip": "92102", "lat": 32.717871941798997, "lon": -117.133745503119, "tract_geoid": "06073004101", "total_population": 4155, "closest_stop_name": "C St & 28th St", "closest_stop_dist_m": "105", "source": "https://www.yacsd.org/contact/", "geocode_status": "Match", "geocode_source": null, "geocode_review_needed": "No", "tier_num": 4, "tier_label": "Tier 4: Transition Pathways and Intensive Wraparound Support", "tier_weight": 2.5, "count_in_youth_supports": 1, "indicator_basic_navigation": 0, "indicator_youth_development": 1, "indicator_barrier_reduction": 0, "indicator_transition_pathways": 1, "indicator_segment_specific": 0 }, "geometry": { "type": "Point", "coordinates": [ -117.133745503119002, 32.717871941798997 ] } },
{ "type": "Feature", "properties": { "service_id": "361", "provider_name": "Youth Empowerments Finest (Youth Empowerment)", "site_name": "Youth Empowerment San Diego / Youth Empowerments Finest", "name": "Youth Empowerment San Diego / Youth Empowerments Finest", "type": "Basic Youth Access and Navigation / Health Opportunity", "programs": "Other Education & Employment Services; Drug & Mental Health Counseling; mentorship; restorative practices; youth leadership", "address": "4660 El Cajon Blvd, Unit 205", "city": "San Diego", "zip": "92115", "lat": 32.755880898139999, "lon": -117.093986120941, "tract_geoid": "06073002301", "total_population": 3247, "closest_stop_name": "El Cajon Bl & Menlo Av", "closest_stop_dist_m": "24", "source": "https://www.youthempowermentsd.com/", "geocode_status": "Match", "geocode_source": null, "geocode_review_needed": "No", "tier_num": 3, "tier_label": "Tier 3: Barrier-Reduction and Targeted Support", "tier_weight": 2.0, "count_in_youth_supports": 1, "indicator_basic_navigation": 1, "indicator_youth_development": 1, "indicator_barrier_reduction": 1, "indicator_transition_pathways": 0, "indicator_segment_specific": 0 }, "geometry": { "type": "Point", "coordinates": [ -117.093986120940997, 32.755880898139999 ] } }
]
}
