distno,total_population,yoi_custom_0_100,yoi_0_100,economic_score,education_score,health_score,housing_score,safety_env_score,mobility_connectivity_score,youth_supports_score
1,628548.56,40.72734573032116,40.72734573032116,0.3736377278656356,0.3585373872138496,0.3948780696784934,0.4395322548099719,0.39139448390951237,0.3922544670504956,0.5006798105945227
2,636862.63,49.04518162370854,49.04518162370854,0.5216134237624908,0.5099867663891698,0.37350483479389335,0.49001393893746514,0.5268129118585594,0.5105510273234966,0.5006798105945227
3,648643.13,56.52626219376974,56.52626219376974,0.626184112908715,0.7237066121773151,0.5199735945110092,0.46511748318254137,0.5426890791889625,0.5784876610008162,0.5006798105945227
4,689016.86,44.1717372319696,44.1717372319696,0.4133184075127702,0.4770180462725736,0.3993470769418761,0.385078736741531,0.5214428546177615,0.3951366735568374,0.5006798105945226
5,667581.5,44.05422061729988,44.05422061729988,0.4515762236364689,0.38168747532465397,0.36383228960172165,0.4325729122273362,0.4818593910869742,0.4715873407393143,0.5006798105945227
