tract_geoid,economic_score,economic_coverage,education_score,education_coverage,health_score,health_coverage,housing_score,housing_coverage,safety_env_score,safety_env_coverage,mobility_connectivity_score,mobility_connectivity_coverage,youth_supports_score,youth_supports_coverage,yoi_domain_coverage,yoi_raw_0_1,yoi_0_100,total_population,poverty_rate,median_hh_income,unemployment_rate,snap_or_assist_rate,hs_plus,ba_plus,school_enrollment,youth_disconnection_proxy,uninsured_rate,disability_rate,frequent_mental_distress,poor_physical_health,rent_burden_proxy,overcrowding_proxy,moved_past_year_proxy,homeownership_rate,single_parent_proxy,vacancy_rate,crime_rate_per_1k,env_burden,no_vehicle_rate,commute_time_proxy,internet_sub_rate_proxy,school_access,college_university_access,tier_weighted_youth_program_access,youth_development_access,barrier_reduction_access,transition_pathway_access,segment_specific_support_access,norm_poverty_rate,norm_median_hh_income,norm_unemployment_rate,norm_snap_or_assist_rate,norm_hs_plus,norm_ba_plus,norm_school_enrollment,norm_youth_disconnection_proxy,norm_uninsured_rate,norm_disability_rate,norm_frequent_mental_distress,norm_poor_physical_health,norm_rent_burden_proxy,norm_overcrowding_proxy,norm_moved_past_year_proxy,norm_homeownership_rate,norm_single_parent_proxy,norm_vacancy_rate,norm_crime_rate_per_1k,norm_env_burden,norm_no_vehicle_rate,norm_commute_time_proxy,norm_internet_sub_rate_proxy,norm_school_access,norm_college_university_access,norm_tier_weighted_youth_program_access,norm_youth_development_access,norm_barrier_reduction_access,norm_transition_pathway_access,norm_segment_specific_support_access,service_count,basic_navigation_access,lack_transport,school_count_nearby,college_university_count_nearby
06073017039,0.5739153919822264,1.0,0.630231976369615,1.0,0.5982630908537092,1.0,0.5279946137814637,1.0,0.6755387614364761,1.0,0.6933041497297538,1.0,0.085753052917232,1.0,1.0,0.5407144338672109,54.071443386721086,6711,352,135750.0,4.7,4.8,61.9,642,88.8,0.0,6452,291,14.1,9.9,50.38363171355499,3.4561336878085833,17.109634551495017,68.55298139004937,21.151586368977675,2.155332590115199,9.089554462822232,30.52893591,0.6456513482719332,27.136150234741784,95.1386251424231,10.0,17.5,10.25,7.25,2.625,3.75,0.0,0.485753052917232,0.7281553398058253,0.5783378746594006,0.5034153005464481,0.7602179836512262,0.8846675712347354,0.6587193460490464,0.6955617198335645,0.0529172320217096,0.7503392130257802,0.8047619047619048,0.7850340136054421,0.6621067031463748,0.5887978142076502,0.2312925170068027,0.6297814207650273,0.5674931129476584,0.7336065573770492,0.8421768707482993,0.5588785046728972,0.8934426229508197,0.7520435967302452,0.4344262295081967,0.3086838534599728,0.4735413839891452,0.0895522388059701,0.1166892808683853,0.0624151967435549,0.1132971506105834,0.0468113975576662,16,1.0,5.7,18,59
06073017040,0.5861789716527718,1.0,0.4756485028528787,1.0,0.5775097148764526,1.0,0.672448373173135,1.0,0.721669029145503,1.0,0.712889548994208,1.0,0.0453188602442333,1.0,1.0,0.5416661429913119,54.16661429913119,4386,329,166042.0,6.1,4.0,59.2,105,85.0,0.0,4304,503,14.0,10.5,70.64220183486239,1.0723860589812333,7.144546960018926,91.48793565683646,12.6232741617357,0.0,20.51983584131327,22.85003111,0.0,35.4140127388535,97.58713136729224,11.5,17.0,5.625,5.125,1.5,0.0,0.0,0.510854816824966,0.8779472954230236,0.385558583106267,0.5703551912568305,0.7275204359673024,0.0970149253731343,0.5020435967302452,0.6955617198335645,0.3921302578018996,0.4185888738127544,0.8163265306122449,0.6829931972789116,0.1737346101231189,0.8237704918032787,0.7482993197278911,0.9439890710382514,0.756198347107438,0.9405737704918032,0.5170068027210885,0.6728971962616823,0.967896174863388,0.497275204359673,0.6734972677595629,0.3860244233378562,0.4457259158751696,0.0427408412483039,0.0793758480325644,0.0407055630936228,0.0169606512890094,0.0468113975576662,9,1.0,5.5,20,58
06073017043,0.7704685820938129,1.0,0.5439173874675858,1.0,0.6287924939310867,1.0,0.5464162065893837,1.0,0.7774639654872291,1.0,0.6722936922718045,1.0,0.194708276797829,1.0,1.0,0.5905800863769617,59.05800863769617,5590,248,175450.0,3.8,1.4,69.4,413,87.5,9.090909090909092,5294,451,13.2,8.4,62.64462809917355,6.638616175783076,6.171735241502684,71.71575502571295,7.099697885196375,0.0,15.742397137745977,26.17299315,4.160822814399252,24.148488327592805,97.98971482000935,11.0,19.75,17.875,10.0,8.25,8.125,2.375,0.6255088195386702,0.9070735090152566,0.7091280653950953,0.8401639344262295,0.8658038147138964,0.6689280868385346,0.6178474114441417,0.1719833564493759,0.1858887381275441,0.4891451831750339,0.8877551020408163,0.9523809523809524,0.347469220246238,0.3661202185792349,0.8136054421768708,0.6584699453551912,0.8953168044077136,0.9405737704918032,0.6571428571428571,0.6168224299065421,0.4617486338797814,0.8215258855585831,0.7336065573770492,0.3568521031207598,0.582089552238806,0.1831750339213025,0.1845318860244233,0.1981004070556309,0.1933514246947082,0.21438263229308,33,1.0,4.9,21,61
06073003103,0.500663896148286,1.0,0.5970920325477201,1.0,0.1849324804548685,1.0,0.649998684185836,1.0,0.7022945936526065,1.0,0.1788748926708456,1.0,0.8279511533242877,1.0,1.0,0.5202582475692071,52.02582475692071,6442,436,118317.0,4.6,5.8,16.0,689,93.5,20.92198581560284,6044,932,17.6,13.9,42.3728813559322,7.798960138648179,9.892541087231352,92.83651068746389,16.615384615384617,0.0,20.645762185656626,20.58494088,6.81686886192952,53.03584491587417,91.33448873483536,29.5,23.5,176.5,85.5,79.75,114.375,27.0,0.3887381275440976,0.5977808599167822,0.5940054495912807,0.4221311475409836,0.0953678474114441,0.9104477611940298,0.8446866485013624,0.0638002773925103,0.0922659430122116,0.0569877883310718,0.3408163265306122,0.2496598639455782,0.7920656634746922,0.3128415300546447,0.5319727891156463,0.9631147540983608,0.6515151515151515,0.9405737704918032,0.5142857142857142,0.702803738317757,0.26775956284153,0.0953678474114441,0.1734972677595628,0.917910447761194,0.7503392130257802,0.833785617367707,0.841248303934871,0.8276797829036635,0.8297150610583447,0.8073270013568521,201,20.375,12.1,52,51
06073003105,0.3939736693336353,1.0,0.577802074767181,1.0,0.3694140614183258,1.0,0.5008076391059665,1.0,0.763272178467103,1.0,0.3542457676330013,1.0,0.780597014925373,1.0,1.0,0.534301772235798,53.4301772235798,4870,413,112842.0,5.6,11.5,26.0,501,90.4,4.375,4574,359,17.7,14.5,83.5820895522388,7.615384615384616,4.476386036960986,79.15384615384615,14.181818181818182,0.3067484662576687,12.114989733059549,20.43559428,5.076923076923077,62.782152230971136,97.3076923076923,20.5,22.25,151.5,72.5,72.25,95.625,25.125,0.4172320217096337,0.5492371705963939,0.4502724795640327,0.1591530054644808,0.2636239782016348,0.7856173677069199,0.726158038147139,0.2857142857142857,0.3256445047489823,0.635685210312076,0.3285714285714286,0.1877551020408163,0.0259917920656634,0.3183060109289617,0.8870748299319728,0.7718579234972678,0.7162534435261708,0.8797814207650273,0.7523809523809524,0.7046728971962617,0.3784153005464481,0.0381471389645776,0.6461748633879781,0.694708276797829,0.7109905020352781,0.7754409769335142,0.7842605156037992,0.7910447761194029,0.7666214382632293,0.7856173677069199,196,18.75,12.6,35,51
06073008101,0.6462570104932921,1.0,0.4684523187991567,1.0,0.7395799296652176,1.0,0.4693064530425208,1.0,0.546071715985053,1.0,0.5586823702247833,1.0,0.2812754409769334,1.0,1.0,0.5299464627409939,52.99464627409939,3511,246,117411.0,5.0,1.6,73.4,384,57.3,0.0,3451,324,14.1,9.6,45.04854368932038,2.839295854628052,17.802703480011502,36.28620102214651,4.712041884816754,19.257221458046768,22.78553118769581,16.60236465,2.0442930153321974,33.599361532322426,94.94605337876206,5.0,16.5,30.875,14.25,14.0,14.375,2.625,0.6370420624151967,0.5908460471567267,0.5367847411444142,0.8203551912568305,0.9155313351498636,0.6289009497964722,0.0401907356948228,0.6955617198335645,0.6187245590230666,0.6987788331071914,0.8047619047619048,0.8360544217687075,0.7578659370725034,0.6516393442622951,0.2095238095238095,0.2581967213114754,0.9338842975206612,0.046448087431694,0.4544217687074829,0.7495327102803738,0.6871584699453552,0.5667574931880108,0.4221311475409836,0.1058344640434192,0.4246947082767978,0.2808683853459973,0.2693351424694708,0.3134328358208955,0.2903663500678426,0.2523744911804613,51,2.625,4.5,7,49
06073008102,0.6228108883763689,1.0,0.476125126423162,1.0,0.7702265573800755,1.0,0.7742645886032643,1.0,0.6164027143879316,1.0,0.4987802941191068,1.0,0.3759837177747626,1.0,1.0,0.5906562695806674,59.065626958066744,3591,170,203039.0,12.6,2.8,74.6,284,73.5,0.0,3403,203,13.6,10.3,24.316109422492403,0.0,10.868957809443978,75.01799856011519,10.92436974789916,13.780260707635009,16.70843776106934,4.443061605,1.5838732901367891,41.33476856835307,94.74442044636427,5.5,18.5,40.0,18.0,18.0,21.25,4.25,0.7747625508819539,0.9625520110957004,0.0619891008174386,0.6919398907103825,0.9271117166212534,0.4274084124830393,0.1716621253405994,0.6955617198335645,0.6336499321573948,0.8833107191316146,0.8523809523809524,0.7115646258503401,0.9589603283173734,0.950136612021858,0.4707482993197278,0.7172131147540983,0.7988980716253443,0.0860655737704918,0.6217687074829932,0.9588785046728971,0.7581967213114754,0.3392370572207084,0.3989071038251366,0.1153324287652645,0.519674355495251,0.4002713704206241,0.3656716417910448,0.3751696065128901,0.4240162822252374,0.3147896879240163,66,2.625,4.4,8,50
06073008301,0.8644081032879659,1.0,0.4564291993363798,1.0,0.8131785414301406,1.0,0.6858797684151816,1.0,0.7493110931542377,1.0,0.4817416357707598,1.0,0.6165535956580732,1.0,1.0,0.6667859910075341,66.67859910075342,3190,75,216823.0,2.9,2.5,66.3,195,73.0,1.8518518518518516,2944,217,12.2,10.6,50.47169811320755,0.0,14.650283553875235,83.07349665924276,17.981072555205046,0.0,9.717868338557992,27.71624144,2.1529324424647367,34.07172995780591,92.20489977728286,15.0,20.5,87.875,42.75,37.5,54.375,12.625,0.932157394843962,0.9819694868238558,0.826975476839237,0.7165300546448088,0.829700272479564,0.2299864314789688,0.1607629427792915,0.3661581137309292,0.7611940298507462,0.8663500678426052,0.95578231292517,0.6693877551020408,0.6580027359781122,0.950136612021858,0.3006802721088435,0.8346994535519126,0.628099173553719,0.9405737704918032,0.8285714285714285,0.6,0.674863387978142,0.547683923705722,0.2226775956284153,0.5291723202170964,0.6227951153324288,0.621438263229308,0.6207598371777476,0.601763907734057,0.6241519674355496,0.6146540027137042,137,7.75,4.0,29,52
06073008306,0.602229301285647,1.0,0.5315966232861348,1.0,0.8642919447290449,1.0,0.874204699989031,1.0,0.7004510589358444,1.0,0.8233684727743781,1.0,0.4952510176390774,1.0,1.0,0.6987704455198795,69.87704455198795,2711,247,204779.0,7.0,4.8,70.6,132,84.8,0.0,2561,195,12.2,10.0,12.643678160919542,0.0,8.905380333951761,92.03296703296702,24.372759856630825,2.062780269058296,12.541497602360751,11.94772869,1.8315018315018317,16.4778578784758,98.62637362637363,11.5,20.25,56.25,27.375,25.25,30.625,6.75,0.6309362279511533,0.9639389736477116,0.3106267029972752,0.5034153005464481,0.8753405994550408,0.1370420624151967,0.4884196185286104,0.6955617198335645,0.8480325644504749,0.89280868385346,0.95578231292517,0.7605442176870748,0.987688098495212,0.950136612021858,0.6054421768707483,0.953551912568306,0.4834710743801653,0.7486338797814207,0.7360544217687075,0.8336448598130841,0.7131147540983607,0.94141689373297,0.8155737704918032,0.3860244233378562,0.60719131614654,0.5176390773405699,0.5244233378561737,0.5027137042062415,0.5149253731343284,0.4165535956580732,94,4.25,4.0,22,53
06073010402,0.1304212062020314,1.0,0.4682453846707872,1.0,0.2308993068054901,1.0,0.2705109722119881,1.0,0.3635848444157934,1.0,0.1972908384330192,1.0,0.4462686567164178,1.0,1.0,0.3010316013507896,30.10316013507897,5528,778,70125.0,9.3,16.9,19.4,522,96.0,17.94871794871795,4726,599,19.3,14.4,64.22697368421053,12.589729431253453,11.806069578090304,26.449475427940367,50.14925373134328,7.270865335381464,16.461649782923303,41.18232732,11.209276642738818,40.23904382470119,88.73550524572059,15.0,13.5,48.0,23.375,17.125,30.0,5.375,0.1573948439620081,0.1373092926490984,0.1750681198910081,0.0519125683060108,0.1580381471389645,0.8032564450474898,0.9325613079019074,0.0818307905686546,0.2944369063772049,0.2835820895522388,0.146938775510204,0.1986394557823129,0.3132694938440492,0.1789617486338798,0.419047619047619,0.1707650273224043,0.1033057851239669,0.2991803278688525,0.6312925170068027,0.4205607476635514,0.1256830601092896,0.3746594005449591,0.0915300546448087,0.5291723202170964,0.3046132971506106,0.4959294436906377,0.4905020352781546,0.3582089552238806,0.5101763907734057,0.3765264586160108,72,7.0,13.2,23,43
06073010501,0.7711426083868302,1.0,0.2988523120205453,1.0,0.7743806477815006,1.0,0.6242494996473618,1.0,0.4394034907772549,1.0,0.560881066889018,1.0,0.4922659430122117,1.0,1.0,0.5658822240735318,56.588222407353186,1265,74,121310.0,4.4,0.7,48.4,79,75.9,4.285714285714286,1151,153,15.5,11.5,23.39622641509434,2.166064981949458,12.569169960474309,51.98555956678699,11.76470588235294,5.621805792163544,48.22134387351779,41.68014935,2.166064981949458,30.859375,94.40433212996388,9.0,15.75,57.875,26.25,21.625,37.5,7.625,0.9348710990502036,0.6199722607489597,0.6198910081743869,0.9098360655737704,0.5831062670299727,0.0542740841248303,0.2125340599455041,0.289875173370319,0.9796472184531886,0.9308005427408412,0.6448979591836734,0.5421768707482993,0.9658002735978112,0.7076502732240437,0.3877551020408163,0.4357923497267759,0.7768595041322314,0.412568306010929,0.1551020408163265,0.4130841121495326,0.6693989071038251,0.6525885558583107,0.360655737704918,0.2611940298507462,0.3921302578018996,0.5257801899592944,0.5128900949796472,0.4301221166892808,0.5495251017639078,0.443012211668928,92,7.375,6.5,14,44
06073010502,0.125923631961445,1.0,0.4770020135525154,1.0,0.1554675601583917,1.0,0.3622153913032998,1.0,0.281705384083443,1.0,0.3571343488036211,1.0,0.5044776119402985,1.0,1.0,0.3234179916861449,32.34179916861449,5892,1117,68109.0,9.1,12.3,14.1,424,96.4,6.0200668896321075,4845,676,20.9,15.7,61.74264281592614,18.29211385907606,3.575278476464247,12.739150723285114,43.56435643564357,6.785558938668987,37.67820773930754,41.21966397,5.319645356976201,40.4270462633452,94.3070461969202,14.0,16.75,60.625,27.375,23.25,38.125,7.625,0.0651289009497965,0.1262135922330097,0.1791553133514986,0.1331967213114754,0.0606267029972752,0.683853459972863,0.9420980926430518,0.2371705963938973,0.2632293080054274,0.1994572591587516,0.0564625850340135,0.1027210884353742,0.374829001367989,0.087431693989071,0.9360544217687076,0.0505464480874316,0.1680440771349862,0.3210382513661202,0.219047619047619,0.4186915887850467,0.3538251366120218,0.3664850136239782,0.3510928961748634,0.5027137042062415,0.4355495251017639,0.5332428765264586,0.5244233378561737,0.4687924016282225,0.5529172320217096,0.443012211668928,92,8.5,15.0,22,44
06073010601,0.8154763113411627,1.0,0.4423332239094734,1.0,0.8683435789512549,1.0,0.6269572192201318,1.0,0.6445652409288474,1.0,0.7196543877150926,1.0,0.6024423337856174,1.0,1.0,0.6742531851216543,67.42531851216543,2043,113,207727.0,3.3,3.3,76.0,32,81.0,0.0,1904,230,11.3,10.4,61.17021276595744,0.0,12.536873156342182,79.04967602591793,11.029411764705882,24.28454619787408,1.9579050416054824,15.33291848,0.0,33.51278600269179,97.0842332613391,7.0,18.0,84.25,39.125,35.25,54.375,12.125,0.8738127544097694,0.9680998613037448,0.7826975476839237,0.6372950819672132,0.9380108991825612,0.0122116689280868,0.3514986376021798,0.6955617198335645,0.9402985074626866,0.844640434192673,0.9918367346938776,0.6965986394557824,0.3980848153214774,0.950136612021858,0.3891156462585033,0.7704918032786885,0.7961432506887052,0.0300546448087432,0.9782312925170068,0.7738317757009345,0.967896174863388,0.569482288828338,0.6215846994535519,0.1546811397557666,0.5020352781546812,0.6119402985074627,0.5902306648575305,0.5861601085481682,0.6241519674355496,0.5997286295793759,135,10.625,3.8,14,47
06073013205,0.2703459480012257,1.0,0.5393114859310474,1.0,0.5239276714756458,1.0,0.4436126490245355,1.0,0.2393126670383081,1.0,0.3824795392167081,1.0,0.5446404341926729,1.0,1.0,0.4205186278400205,42.05186278400205,2195,215,65000.0,13.6,9.4,21.5,155,93.9,0.0,1931,193,19.1,15.6,57.86516853932584,23.285714285714285,5.10110294117647,49.142857142857146,20.161290322580644,8.136482939632545,157.63097949886105,69.43372744,3.1428571428571432,42.99065420560748,93.57142857142856,26.0,17.25,69.875,29.75,27.625,45.625,8.75,0.6974219810040705,0.1054091539528432,0.0497275204359672,0.2288251366120218,0.2064032697547684,0.1743554952510176,0.8623978201634878,0.6955617198335645,0.9308005427408412,0.8955223880597015,0.1612244897959184,0.1081632653061224,0.4774281805745554,0.0314207650273223,0.8598639455782313,0.4057377049180328,0.5840220385674931,0.2540983606557376,0.0163265306122448,0.102803738317757,0.5642076502732241,0.2874659400544959,0.2957650273224044,0.8385345997286295,0.4586160108548168,0.5630936227951153,0.5413839891451832,0.5373134328358209,0.582089552238806,0.4993215739484396,96,10.5,15.7,49,44
06073013102,0.1221292970012275,1.0,0.6000694375650005,1.0,0.1561300639658848,1.0,0.1169990279756584,1.0,0.3109315583122686,1.0,0.2670076383615491,1.0,0.6599728629579376,1.0,1.0,0.3190342694485037,31.903426944850377,7058,557,71037.0,15.0,17.7,16.1,719,85.5,0.0,6405,694,18.6,14.8,77.7445855115758,26.74307545367717,20.10650546919977,33.5243553008596,43.4319526627219,13.148071339693074,30.6035704165486,22.6260112,6.160458452722064,41.6695652173913,91.16523400191022,26.5,18.0,104.875,48.5,45.25,66.25,14.5,0.2795115332428765,0.1414701803051317,0.0320163487738419,0.0355191256830601,0.0974114441416893,0.9253731343283582,0.5286103542234333,0.6955617198335645,0.0569877883310718,0.1818181818181817,0.2204081632653061,0.1653061224489795,0.06703146374829,0.0109289617486338,0.1646258503401361,0.2254098360655737,0.1694214876033057,0.0956284153005464,0.3020408163265305,0.6766355140186916,0.3046448087431693,0.3256130790190735,0.1707650273224043,0.8514246947082768,0.5020352781546812,0.6675712347354138,0.6601085481682497,0.6594301221166893,0.6689280868385346,0.6438263229308006,153,15.75,13.6,45,46
06073013103,0.3746453063804482,1.0,0.4939692324866234,1.0,0.4783302873388161,1.0,0.3315329391382935,1.0,0.2319333774658708,1.0,0.2770283348967406,1.0,0.6078697421981004,1.0,1.0,0.3993298885578418,39.93298885578419,2435,202,81667.0,10.2,6.3,15.2,322,94.2,7.142857142857142,2113,331,18.7,15.7,53.6986301369863,22.93956043956044,14.791924186238154,48.62637362637363,16.883116883116884,16.8,198.35728952772075,57.89670193,4.12087912087912,41.72727272727273,85.43956043956044,24.5,17.75,87.25,40.125,37.5,55.625,11.625,0.7143826322930801,0.2552011095700416,0.1369209809264305,0.3920765027322405,0.082425068119891,0.4972862957937585,0.8705722070844687,0.2170596393897365,0.9199457259158752,0.6845318860244234,0.2061224489795918,0.1027210884353742,0.6019151846785226,0.0355191256830601,0.291156462585034,0.3975409836065574,0.6473829201101928,0.0628415300546447,0.0081632653061224,0.2093457943925233,0.4658469945355191,0.3228882833787466,0.0423497267759562,0.8073270013568521,0.4891451831750339,0.6187245590230664,0.5983717774762551,0.601763907734057,0.6289009497964722,0.5915875169606513,125,13.25,14.7,47,46
06073013104,0.1456244070822022,1.0,0.5246911806486654,1.0,0.2040433269644356,1.0,0.2403154113341867,1.0,0.4317832016398809,1.0,0.368343731232908,1.0,0.651696065128901,1.0,1.0,0.3666424748615971,36.66424748615971,5735,644,64250.0,12.3,10.3,13.8,491,90.1,7.3426573426573425,4983,569,18.9,16.1,66.95715323166304,21.8645948945616,9.854206920779903,22.47502774694784,32.093023255813954,4.807184363444268,26.329555361813423,31.96017424,4.8834628190899005,33.77994315874949,90.62153163152054,28.5,18.0,102.625,46.75,44.75,65.625,14.0,0.2137042062415196,0.0998613037447988,0.0708446866485014,0.1980874316939891,0.0572207084468664,0.7727272727272727,0.7132152588555858,0.2108183079056865,0.2279511533242876,0.3283582089552238,0.1782312925170067,0.0816326530612244,0.2476060191518467,0.0423497267759562,0.5346938775510204,0.1366120218579235,0.3264462809917355,0.4890710382513661,0.3714285714285714,0.5401869158878505,0.3920765027322405,0.5585831062670299,0.1543715846994535,0.8921302578018996,0.5020352781546812,0.6580732700135685,0.6451831750339213,0.6540027137042063,0.664179104477612,0.6370420624151968,148,15.875,14.7,50,46
06073013203,0.1279574210966903,1.0,0.5453983725285282,1.0,0.1980025660196235,1.0,0.3837155926037971,1.0,0.4029680004691645,1.0,0.2710303102495,1.0,0.5846675712347353,1.0,1.0,0.3591056906002913,35.91056906002913,6018,451,57014.0,13.3,18.9,8.1,381,85.5,0.0,5540,601,18.1,16.1,60.581859669138616,19.49834358731661,2.96695886716116,17.037387600567914,50.6056527590848,4.041780199818347,29.57793286806248,26.0360921,10.6010411736867,38.933901918976545,92.85376242309512,31.0,17.5,79.5,35.0,33.625,50.625,10.875,0.3744911804613297,0.058252427184466,0.0544959128065395,0.0245901639344262,0.0122615803814713,0.6227951153324288,0.5286103542234333,0.6955617198335645,0.1567164179104477,0.2795115332428765,0.2741496598639455,0.0816326530612244,0.4131326949384405,0.0683060109289617,0.964625850340136,0.0887978142076502,0.0977961432506887,0.5778688524590163,0.3156462585034013,0.6205607476635514,0.1434426229508196,0.4087193460490463,0.2609289617486339,0.9396200814111262,0.4735413839891452,0.5943012211668928,0.5698778833107191,0.5739484396200815,0.6105834464043419,0.5746268656716418,108,12.125,14.1,53,45
06073013204,0.1800033601610089,1.0,0.6277790749120774,1.0,0.3604290698640379,1.0,0.3401531714477632,1.0,0.5194567986507412,1.0,0.3362330816992004,1.0,0.5352781546811398,1.0,1.0,0.4141903873451384,41.41903873451384,4334,399,67361.0,13.7,12.4,14.3,458,95.0,0.0,3519,574,17.2,15.3,69.23076923076923,13.83399209486166,11.87514667918329,65.0592885375494,31.61764705882353,1.556420233463035,19.843101061375176,42.30242688,5.296442687747035,41.89602446483181,94.1501976284585,33.0,16.0,65.625,29.5,26.75,40.0,8.625,0.4280868385345997,0.116504854368932,0.0456403269754768,0.1297814207650273,0.0626702997275204,0.7333785617367707,0.9073569482288828,0.6955617198335645,0.5970149253731343,0.3222523744911805,0.3952380952380953,0.1272108843537415,0.2093023255813954,0.1502732240437158,0.4136054421768708,0.587431693989071,0.3388429752066115,0.8019125683060109,0.5333333333333333,0.4037383177570093,0.355191256830601,0.3160762942779291,0.337431693989071,0.9647218453188604,0.4029850746268656,0.55359565807327,0.5386702849389416,0.5284938941655359,0.5583446404341926,0.4972862957937585,89,11.0,12.8,56,44
06073010109,0.4173743075269288,1.0,0.3410431008667374,1.0,0.5102993843398961,1.0,0.6406655780878878,1.0,0.3007495968909249,1.0,0.374161839956721,1.0,0.2169606512890095,1.0,1.0,0.4001792084225865,40.017920842258654,4234,139,109239.0,10.1,9.9,18.2,211,96.6,23.776223776223777,3849,387,15.9,13.1,51.0548523206751,9.172661870503598,3.763313609467456,76.52877697841727,29.36893203883495,8.927108927108927,19.60321209258385,71.67392657,2.697841726618705,48.04570054119062,94.1546762589928,11.5,12.25,23.125,10.75,9.875,11.25,2.25,0.8215739484396201,0.4965325936199722,0.1410081743869209,0.2103825136612022,0.1348773841961852,0.2659430122116689,0.9482288828337876,0.0527045769764216,0.5135685210312075,0.596336499321574,0.5891156462585034,0.3421768707482993,0.6443228454172367,0.2595628415300546,0.9251700680272108,0.7336065573770492,0.3801652892561983,0.1953551912568306,0.5414965986394558,0.0859813084112149,0.6133879781420766,0.1702997275204359,0.3387978142076502,0.3860244233378562,0.2584803256445047,0.2184531886024423,0.2075983717774762,0.2238805970149253,0.2293080054274084,0.2055630936227951,27,4.875,10.1,23,42
06073008337,0.7431292776040375,1.0,0.5417060033119409,1.0,0.6874717322478516,1.0,0.8432023047495781,1.0,0.9265503506398844,1.0,0.8059352401939618,1.0,0.1059701492537313,1.0,1.0,0.664852151142998,66.4852151142998,4939,85,173622.0,5.3,3.1,68.7,251,82.9,0.0,4886,343,12.4,9.2,40.689655172413794,0.0,6.239669421487603,79.81591058514135,8.9171974522293,0.0,4.859283255719781,4.18170504,0.7889546351084813,33.09222423146474,100.0,13.0,17.75,12.375,8.375,3.75,5.0,0.0,0.9104477611940298,0.9029126213592232,0.4986376021798365,0.66051912568306,0.8569482288828338,0.3364993215739484,0.4080381471389646,0.6955617198335645,0.248303934871099,0.6682496607869742,0.9421768707482994,0.891156462585034,0.8290013679890561,0.950136612021858,0.8108843537414966,0.7827868852459017,0.8429752066115702,0.9405737704918032,0.961904761904762,0.9607476635514018,0.8661202185792349,0.5831062670299727,0.9685792349726776,0.4640434192672998,0.4891451831750339,0.1207598371777476,0.1390773405698779,0.0902306648575305,0.1329715061058344,0.0468113975576662,21,0.5,4.4,18,60
06073011601,0.2927521749026974,1.0,0.5993943888115328,1.0,0.2015139977293495,1.0,0.4189208355854732,1.0,0.2009418426250904,1.0,0.3204836140021739,1.0,0.7763907734056988,1.0,1.0,0.4014853752945737,40.14853752945737,5526,1092,77036.0,2.6,17.8,13.7,493,99.3,7.317073170731707,4563,677,18.8,15.9,42.88956127080182,19.796040791841634,7.353210170111578,18.35632873425315,57.22983257229832,8.75752599890531,22.982265653275427,70.51649035,6.1787642471505695,32.46195864221615,86.08278344331134,25.5,23.0,154.25,70.375,65.75,103.125,24.0,0.0712347354138398,0.2052704576976421,0.861716621253406,0.0327868852459016,0.0544959128065395,0.7754409769335142,0.9877384196185286,0.2122052704576976,0.3270013568521031,0.1974219810040706,0.189795918367347,0.0918367346938775,0.7879616963064295,0.0628415300546447,0.7292517006802721,0.0956284153005464,0.049586776859504,0.2103825136612022,0.4503401360544218,0.0934579439252336,0.3005464480874317,0.6089918256130791,0.0519125683060109,0.8270013568521031,0.7394843962008141,0.7801899592944369,0.7788331071913162,0.7652645861601085,0.7917232021709634,0.7659430122116689,186,18.0,15.5,43,49
06073011602,0.3346408008865383,1.0,0.5932364979775772,1.0,0.3981885562909017,1.0,0.4903119902173602,1.0,0.1869606870790764,1.0,0.3207144027039502,1.0,0.7533242876526458,1.0,1.0,0.4396253175440071,43.962531754400715,3811,632,61854.0,0.0,17.6,19.0,305,90.7,0.0,3111,481,18.0,15.2,33.45864661654135,27.984790874524716,6.979795329309893,39.31558935361217,33.45132743362832,9.559834938101789,39.09734977696143,74.97199751,9.73384030418251,40.75268817204301,95.13307984790876,23.5,22.5,143.875,64.5,61.875,96.25,22.875,0.223202170963365,0.0846047156726768,0.9931880108991824,0.0375683060109289,0.1505449591280654,0.4674355495251017,0.7370572207084468,0.6955617198335645,0.7082767978290366,0.4545454545454546,0.2904761904761904,0.1394557823129252,0.9069767441860466,0.0068306010928961,0.7578231292517007,0.2896174863387978,0.2988980716253443,0.1721311475409835,0.2095238095238095,0.0672897196261682,0.1734972677595628,0.3555858310626703,0.4330601092896174,0.7869742198100407,0.7218453188602443,0.762550881953867,0.746268656716418,0.7435549525101763,0.76797829036635,0.746268656716418,181,18.5,13.6,42,49
06073011700,0.3211021337679256,1.0,0.6203566725651252,1.0,0.1433304257931123,1.0,0.1926753316652623,1.0,0.1013762535568808,1.0,0.2053374230083927,1.0,0.7986431478968793,1.0,1.0,0.3404030554647969,34.04030554647969,7364,692,56582.0,0.2,16.8,12.2,657,92.6,3.4000000000000004,6453,1241,17.3,15.2,70.3755868544601,14.11853529633824,13.633894622487777,19.13929784824462,57.05069124423963,10.928043039677204,61.65127648017381,68.26384568,14.269535673839185,34.29936305732484,81.35145337863344,28.0,24.0,164.25,76.625,66.375,111.25,27.0,0.1906377204884667,0.0554785020804438,0.9850136239782016,0.0532786885245901,0.0408719346049046,0.8941655359565808,0.8153950953678474,0.3217753120665741,0.0515603799185888,0.0027137042062415,0.3795918367346939,0.1394557823129252,0.1819425444596443,0.1448087431693989,0.3428571428571428,0.1010928961748633,0.0523415977961432,0.1325136612021857,0.1047619047619047,0.1158878504672896,0.0601092896174862,0.5395095367847411,0.0163934426229508,0.8826322930800543,0.7672998643147897,0.8018995929443691,0.7964721845318861,0.7686567164179104,0.8188602442333786,0.8073270013568521,191,17.625,13.2,48,50
06073011801,0.1348555563713331,1.0,0.4066630001093059,1.0,0.4681340514496165,1.0,0.3778227112423314,1.0,0.1974295474634476,1.0,0.4526523329511671,1.0,0.8370420624151966,1.0,1.0,0.4106570374289141,41.06570374289141,3205,627,60735.0,9.4,15.9,15.5,181,77.9,7.59493670886076,2520,301,18.5,16.6,70.58823529411765,19.818181818181817,2.8705148205928235,41.18181818181818,51.829268292682926,4.926534140017287,45.2418096723869,77.64779091,10.636363636363637,9.197080291970805,92.27272727272728,29.5,24.0,184.75,87.125,77.375,123.125,28.125,0.2252374491180461,0.0748959778085991,0.1702997275204359,0.0689890710382513,0.0899182561307901,0.2109905020352781,0.2513623978201635,0.20249653259362,0.8616010854816825,0.7313432835820896,0.2285714285714285,0.0510204081632652,0.1751025991792065,0.0614754098360655,0.9700680272108844,0.3046448087431694,0.0895316804407713,0.4740437158469945,0.1700680272108843,0.0560747663551401,0.1420765027322404,0.9877384196185286,0.2281420765027322,0.917910447761194,0.7672998643147897,0.8487109905020352,0.8453188602442334,0.8141112618724559,0.8534599728629579,0.8236092265943012,195,20.875,15.6,52,50
06073013307,0.0877296423215641,1.0,0.5184974554576836,1.0,0.2583427943769095,1.0,0.680910801224798,1.0,0.3119666331408913,1.0,0.6316233875810862,1.0,0.5156037991858888,1.0,1.0,0.4292392161841173,42.92392161841174,4642,1185,80156.0,20.4,16.4,9.5,455,99.1,13.680781758957655,3753,677,18.2,17.0,52.09580838323353,8.895949166004765,2.810883741848437,84.0349483717236,32.11920529801324,6.947524020694752,20.46531667384748,70.57871811,0.0,45.366795366795365,97.7760127084988,28.0,15.5,62.125,28.25,25.75,37.5,7.625,0.0481682496607869,0.2385575589459084,0.0054495912806539,0.0587431693989071,0.0204359673024523,0.7293080054274084,0.9863760217983653,0.1109570041608876,0.5386702849389416,0.1974219810040706,0.2578231292517007,0.0394557823129251,0.6292749658002736,0.26775956284153,0.9741496598639456,0.8524590163934426,0.3250688705234159,0.3128415300546447,0.5183673469387755,0.0915887850467289,0.967896174863388,0.2275204359673024,0.6994535519125683,0.8826322930800543,0.3812754409769335,0.5427408412483039,0.5298507462686567,0.5128900949796472,0.5495251017639078,0.443012211668928,85,11.5,15.1,49,44
06073002703,0.3307147145330742,1.0,0.6614027515733603,1.0,0.1927159194749813,1.0,0.614137982680682,1.0,0.2799623694662583,1.0,0.6666846582590095,1.0,0.9457259158751696,1.0,1.0,0.5273349016946478,52.73349016946478,7111,923,83469.0,3.0,12.6,25.8,469,97.4,6.924643584521386,6449,729,18.2,13.4,44.5729537366548,5.560307955517536,5.138849126825078,50.1710863986313,52.33333333333333,1.5578947368421052,49.500773449585154,71.3130056,0.0,28.2103825136612,93.62703165098377,29.5,25.75,225.375,111.75,107.125,145.0,37.875,0.1078697421981004,0.2732316227461858,0.8167574931880108,0.125,0.2608991825613079,0.746268656716418,0.9632152588555858,0.2219140083217753,0.0542740841248303,0.1533242876526458,0.2578231292517007,0.3054421768707482,0.7674418604651163,0.4180327868852459,0.8571428571428572,0.4139344262295082,0.0826446280991735,0.8005464480874317,0.146938775510204,0.0897196261682242,0.967896174863388,0.7302452316076294,0.3019125683060109,0.917910447761194,0.8582089552238806,0.9423337856173676,0.9599728629579376,0.9552238805970148,0.9199457259158752,0.9511533242876526,210,24.375,11.9,55,51
06073003109,0.7423246613332315,1.0,0.5049642154082848,1.0,0.6141599516332992,1.0,0.5710142005715744,1.0,0.8450135836799675,1.0,0.553382915680231,1.0,0.8245590230664858,1.0,1.0,0.6650597930532963,66.50597930532963,3256,249,128313.0,2.3,2.0,27.1,174,87.9,4.166666666666666,3042,669,12.9,11.0,78.57142857142857,3.3860045146726865,7.651796778190831,89.72911963882618,4.918032786885246,2.4229074889867843,7.985257985257985,10.92719353,1.805869074492099,39.83115886415963,96.3882618510158,28.0,23.5,175.625,86.875,77.125,114.375,27.0,0.6227951153324287,0.6761442441054092,0.8985013623978202,0.7718579234972678,0.273841961852861,0.1960651289009498,0.6307901907356949,0.2961165048543689,0.7313432835820896,0.2035278154681139,0.908843537414966,0.6129251700680272,0.0601915184678523,0.592896174863388,0.7102040816326531,0.9207650273224044,0.9283746556473828,0.71448087431694,0.8829931972789116,0.8542056074766355,0.7172131147540983,0.385558583106267,0.5573770491803278,0.8826322930800543,0.7503392130257802,0.830393487109905,0.8439620081411127,0.8113975576662144,0.8297150610583447,0.8073270013568521,196,20.125,7.2,48,51
06073003111,0.0710667790477043,1.0,0.648523996939817,1.0,0.1331598039487165,1.0,0.3463922492367133,1.0,0.4099955146721178,1.0,0.2555749120273174,1.0,0.8940298507462685,1.0,1.0,0.3941061580883793,39.41061580883793,6194,1622,61364.0,11.2,14.2,17.9,562,94.5,6.21301775147929,5183,945,18.8,16.0,69.25182481751825,9.92407809110629,8.26215505913272,38.66594360086768,42.62048192771085,3.1512605042016806,27.28446884081369,37.73490977,8.622559652928416,40.06224988883949,91.64859002169196,35.5,25.0,207.5,101.375,87.875,140.625,32.375,0.0135685210312076,0.0776699029126213,0.1014986376021798,0.0915300546448087,0.1314713896457765,0.8371777476255088,0.8835149863760218,0.233009708737864,0.2008141112618724,0.0542740841248303,0.189795918367347,0.0877551020408163,0.2079343365253078,0.2390710382513661,0.6571428571428571,0.2814207650273224,0.174931129476584,0.657103825136612,0.3537414965986394,0.4542056074766355,0.2021857923497267,0.3787465940054496,0.1857923497267759,0.9918588873812756,0.8141112618724559,0.898236092265943,0.9138398914518318,0.8724559023066486,0.9050203527815468,0.8805970149253731,201,21.625,16.0,61,51
06073003112,0.528926988821439,1.0,0.5380221003088616,1.0,0.4822963106545196,1.0,0.6845129798011466,1.0,0.7275922488234259,1.0,0.4651062372507854,1.0,0.8640434192672999,1.0,1.0,0.6129286121324968,61.29286121324968,4261,249,95278.0,2.4,9.3,22.4,284,90.4,13.385826771653544,3981,410,16.5,12.5,32.278481012658226,9.932659932659933,4.46980504041845,73.4006734006734,12.529002320185617,0.0,25.81553625909411,12.00995644,3.3670033670033668,42.0671834625323,96.21212121212122,30.5,25.0,195.125,91.875,87.0,128.75,29.375,0.6227951153324287,0.3717059639389736,0.888283378746594,0.2329234972677595,0.2118528610354223,0.4274084124830393,0.726158038147139,0.1137309292649098,0.4748982360922659,0.5495251017639078,0.4884353741496599,0.4163265306122449,0.9233926128590972,0.2377049180327869,0.889795918367347,0.6871584699453552,0.7575757575757576,0.9405737704918032,0.382312925170068,0.8299065420560747,0.5382513661202186,0.3133514986376021,0.5437158469945356,0.9348710990502036,0.8141112618724559,0.8704206241519674,0.8704206241519674,0.8663500678426052,0.8704206241519674,0.8426051560379919,204,21.0,10.4,54,51
06073003113,0.442679111039145,1.0,0.4916654491984569,1.0,0.4560499912312279,1.0,0.7155927430064668,1.0,0.6207690661223091,1.0,0.6593806921675774,1.0,0.8576662143826324,1.0,1.0,0.606257609592545,60.62576095925451,4701,520,122533.0,4.2,10.9,19.7,294,82.3,7.142857142857142,4192,691,14.7,12.0,25.27777777777778,5.3467000835421885,4.265809217577706,63.82623224728488,35.54502369668246,3.467741935483871,14.67772814294831,7.517112632,1.7543859649122806,35.31283138918346,98.16207184628236,30.0,24.75,192.375,92.375,84.375,126.875,28.875,0.310719131614654,0.636615811373093,0.6423705722070845,0.1810109289617486,0.1614441416893733,0.4484396200814111,0.3957765667574932,0.2170596393897365,0.4192672998643147,0.1872455902306649,0.7442176870748299,0.473469387755102,0.957592339261286,0.4316939890710383,0.9006802721088435,0.5724043715846995,0.2658402203856749,0.6215846994535519,0.6816326530612244,0.914018691588785,0.7240437158469946,0.5,0.7540983606557377,0.9294436906377204,0.7978290366350068,0.8602442333785617,0.8772048846675712,0.8493894165535957,0.8649932157394844,0.8364993215739485,203,21.625,9.0,53,51
06073007701,0.5653034302735936,1.0,0.6262121017521155,1.0,0.6493813400529818,1.0,0.3207549985301021,1.0,0.3175870338068967,1.0,0.647193559754421,1.0,0.6256445047489824,1.0,1.0,0.5360109955598705,53.601099555987055,3948,403,121935.0,7.3,0.5,75.5,633,82.1,0.0,3581,398,16.3,8.9,62.36641221374046,2.8372324539571925,29.70625798212005,32.15530114484818,65.03067484662577,18.100285364859356,29.635258358662615,9.408836341,5.07715281234445,20.92660072878709,97.66052762568442,8.5,20.5,92.0,44.75,39.625,56.25,12.625,0.423337856173677,0.6269070735090153,0.2854223433242506,0.9255464480874316,0.9346049046321526,0.8792401628222524,0.3923705722070845,0.6955617198335645,0.5807327001356852,0.578697421981004,0.5183673469387755,0.9197278911564626,0.3543091655266758,0.6530054644808743,0.0612244897959183,0.2144808743169398,0.0234159779614324,0.0560109289617486,0.3142857142857143,0.8766355140186916,0.3770491803278688,0.8814713896457765,0.6830601092896175,0.2327001356852103,0.6227951153324288,0.6336499321573948,0.6336499321573948,0.6139755766621439,0.6322930800542741,0.6146540027137042,140,7.75,5.6,15,52
06073007907,0.5925177465967058,1.0,0.5496294465367383,1.0,0.7125995717147102,1.0,0.4736085894517929,1.0,0.5745822903687886,1.0,0.418074974067291,1.0,0.6090909090909091,1.0,1.0,0.5614433611181336,56.14433611181337,3085,450,104067.0,4.7,0.0,66.9,554,68.5,0.0,2832,147,19.0,8.4,35.48621190130624,0.7198560287942412,30.47001620745543,16.616676664667065,0.0,6.2429696287964,36.30470016207456,19.72619788,5.398920215956808,37.58620689655172,95.44091181763648,8.5,20.0,87.625,42.75,37.25,53.125,11.375,0.3758480325644504,0.4479889042995839,0.5783378746594006,0.967896174863388,0.8365122615803815,0.8310719131614654,0.1076294277929155,0.6955617198335645,0.7924016282225237,0.9362279511533242,0.1693877551020408,0.9523809523809524,0.893296853625171,0.8620218579234973,0.0557823129251701,0.0833333333333333,0.9855371900826446,0.3661202185792349,0.2326530612244898,0.7140186915887851,0.3442622950819672,0.4536784741144414,0.4562841530054645,0.2327001356852103,0.5943012211668928,0.6200814111261872,0.6207598371777476,0.5997286295793759,0.6200814111261872,0.5848032564450475,134,7.125,6.9,15,52
06073021600,0.6044497321444924,1.0,0.434282490496898,1.0,0.7441200767959829,1.0,0.3106285041656769,1.0,0.5195279935486699,1.0,0.6931490497957644,1.0,0.7573948439620082,1.0,1.0,0.5805075272727847,58.050752727278464,2985,309,111076.0,4.7,1.9,45.9,335,80.5,4.102564102564102,1723,146,18.3,9.6,75.0,0.6349206349206349,35.24590163934426,35.55555555555556,4.864864864864865,52.84431137724551,0.0,64.13192284,2.857142857142857,18.006872852233677,96.4021164021164,8.5,21.5,147.0,67.75,60.5,98.125,23.0,0.5379918588873813,0.5159500693481276,0.5783378746594006,0.7855191256830601,0.5483651226158038,0.5284938941655359,0.326975476839237,0.2981969486823855,0.9552238805970148,0.9382632293080054,0.246938775510204,0.8360544217687075,0.0978112175102599,0.8702185792349727,0.0258503401360544,0.2486338797814207,0.931129476584022,0.0013661202185791,0.9904761904761904,0.1551401869158878,0.5983606557377049,0.9223433242506812,0.5587431693989071,0.2327001356852103,0.6709633649932157,0.76797829036635,0.7672998643147897,0.7293080054274084,0.7747625508819539,0.7476255088195387,187,18.125,8.0,17,49
06073021800,0.8407019309937204,1.0,0.4480607172330462,1.0,0.8596548795909137,1.0,0.5658752330516652,1.0,0.4405005715368613,1.0,0.7609351657459934,1.0,0.74640434192673,1.0,1.0,0.6660189771541329,66.60189771541329,1937,53,215000.0,3.9,2.3,71.7,37,41.7,0.0,1880,218,12.7,10.3,69.93006993006993,1.139240506329114,11.564274651522974,81.89873417721519,24.2603550295858,26.579925650557623,0.0,53.56565028,1.89873417721519,8.128544423440454,96.70886075949367,9.0,25.0,142.625,62.375,59.625,96.875,23.125,0.960651289009498,0.9778085991678224,0.688692098092643,0.735655737704918,0.8876021798365122,0.0189959294436906,0.0108991825613079,0.6955617198335645,0.943012211668928,0.864314789687924,0.9197278911564626,0.7115646258503401,0.1928864569083447,0.8169398907103825,0.436734693877551,0.8169398907103825,0.490358126721763,0.0232240437158469,0.9904761904761904,0.2579439252336448,0.7035519125683061,0.9931880108991824,0.5860655737704918,0.2611940298507462,0.8141112618724559,0.7591587516960652,0.7272727272727273,0.7259158751696065,0.7706919945725916,0.7489823609226595,183,16.125,4.0,15,49
06073022000,0.3048282655943219,1.0,0.6219354296259985,1.0,0.3971561487552958,1.0,0.2414583046333287,1.0,0.2684759334943435,1.0,0.2496079073668746,1.0,0.8138398914518318,1.0,1.0,0.4139002687031421,41.390026870314216,4529,447,72188.0,4.4,15.8,14.7,508,84.1,0.0,3861,711,16.4,12.6,50.94207955338451,21.660649819494584,17.641863546036653,12.936221419975931,65.61743341404357,5.675368898978434,26.054316626186797,52.28375856,13.056558363417569,38.42794759825328,92.35860409145609,31.5,24.25,172.125,81.5,73.5,114.375,27.375,0.3772048846675712,0.1511789181692094,0.6198910081743869,0.0710382513661201,0.0715258855585831,0.7896879240162822,0.4516348773841961,0.6955617198335645,0.5094979647218454,0.1709633649932157,0.5027210884353741,0.4054421768707483,0.6470588235294117,0.0437158469945355,0.219047619047619,0.0560109289617486,0.0165289256198346,0.4057377049180327,0.3768707482993197,0.2747663551401869,0.0778688524590164,0.4305177111716621,0.2404371584699453,0.94640434192673,0.776797829036635,0.8181818181818182,0.816146540027137,0.7937584803256446,0.8297150610583447,0.8113975576662144,192,17.625,10.7,53,50
06073008003,0.7857504656295995,1.0,0.623493776115005,1.0,0.7302561865994702,1.0,0.4810850646015172,1.0,0.536145866439089,1.0,0.4239588451631155,1.0,0.5504748982360923,1.0,1.0,0.5901664432548411,59.016644325484116,3540,187,169013.0,3.8,1.7,73.4,728,82.8,0.0,3469,347,15.3,7.9,35.693215339233035,2.9177718832891246,25.651189127972817,41.43236074270557,14.479638009049776,10.536307546274324,24.858757062146893,8.599875544,3.7665782493368702,35.74821852731592,93.26259946949602,8.5,19.25,74.375,34.625,30.5,44.375,8.5,0.7367706919945726,0.8890429958391124,0.7091280653950953,0.8080601092896175,0.9155313351498636,0.9294436906377204,0.4046321525885558,0.6955617198335645,0.6119402985074627,0.6614654002713705,0.6693877551020408,0.9782312925170068,0.8864569083447332,0.6366120218579234,0.0897959183673469,0.3114754098360656,0.7100550964187328,0.1448087431693989,0.4,0.8897196261682243,0.4972677595628415,0.4931880108991825,0.2814207650273224,0.2327001356852103,0.5630936227951153,0.5739484396200815,0.5671641791044776,0.5461329715061058,0.5719131614654003,0.4932157394843962,119,5.875,4.6,14,51
06073008006,0.7938362500890327,1.0,0.5834660228821601,1.0,0.7426342314402017,1.0,0.4886340659023808,1.0,0.4292372844547478,1.0,0.7166758485827588,1.0,0.4883310719131614,1.0,1.0,0.606116396466349,60.6116396466349,3870,150,143977.0,2.4,2.8,80.9,759,74.0,0.0,3633,282,15.1,8.4,34.280936454849495,1.8152696209289907,29.820452771272443,36.14522156967432,30.80808080808081,15.668617739756863,27.131782945736433,6.421904169,1.708489054991991,32.89623717217788,98.718633208756,7.0,19.25,53.0,22.75,23.125,31.875,7.875,0.8073270013568521,0.7877947295423023,0.888283378746594,0.6919398907103825,0.9741144414168936,0.9348710990502036,0.1784741144414169,0.6955617198335645,0.5658073270013568,0.7618724559023067,0.6904761904761905,0.9523809523809524,0.9001367989056087,0.7404371584699454,0.0598639455782312,0.2540983606557377,0.3553719008264463,0.0724043715846994,0.3564625850340136,0.9327102803738316,0.7363387978142076,0.5899182561307902,0.8237704918032787,0.1546811397557666,0.5630936227951153,0.5128900949796472,0.4823609226594301,0.4647218453188602,0.519674355495251,0.4620081411126187,84,3.25,4.7,12,51
06073008361,0.4303810399053112,1.0,0.5991805823612077,1.0,0.7472837574649941,1.0,0.3795450185411564,1.0,0.4983316338955701,1.0,0.7004139307038311,1.0,0.3449118046132972,1.0,1.0,0.5285782524979097,52.85782524979097,2798,822,112426.0,12.0,0.0,76.6,324,89.9,0.0,2619,177,17.1,9.6,55.210643015521065,3.134996801023673,26.15774240231549,36.14843250159949,12.337662337662335,4.169221336603311,70.05003573981415,29.5208463,4.73448496481126,15.784215784215784,98.1445937300064,6.0,20.5,34.875,18.125,16.5,16.875,5.0,0.1350067842605156,0.5436893203883495,0.0749318801089918,0.967896174863388,0.944141689373297,0.5027137042062415,0.7050408719346049,0.6955617198335645,0.8344640434192673,0.9084124830393489,0.4102040816326531,0.8360544217687075,0.560875512995896,0.6174863387978142,0.0843537414965986,0.2554644808743169,0.7644628099173554,0.5669398907103825,0.0843537414965986,0.577570093457944,0.4030054644808742,0.9455040871934604,0.7527322404371585,0.1248303934871099,0.6227951153324288,0.3208955223880597,0.369742198100407,0.3507462686567164,0.3290366350067842,0.3541383989145183,57,1.625,8.1,10,60
06073008362,0.6031471921096841,1.0,0.6793799693746173,1.0,0.8488683668854244,1.0,0.3965007257191859,1.0,0.2612556492055535,1.0,0.6890147059553412,1.0,0.3792401628222523,1.0,1.0,0.5510581102960084,55.10581102960084,3320,240,127500.0,7.0,1.9,88.7,436,94.0,0.0,3101,129,14.1,8.8,54.72222222222223,5.941845764854614,17.996965098634295,50.12642225031606,48.18941504178273,8.076699593259733,52.10843373493976,32.32109521,5.499367888748419,14.381022979985175,98.29329962073324,8.5,19.75,38.25,19.75,17.625,19.375,5.0,0.6465400271370421,0.6699029126213593,0.3106267029972752,0.7855191256830601,0.9965940054495912,0.7028493894165536,0.8664850136239782,0.6955617198335645,0.7096336499321574,0.9538670284938942,0.8047619047619048,0.9272108843537414,0.5704514363885089,0.3975409836065574,0.2054421768707482,0.412568306010929,0.128099173553719,0.2568306010928961,0.1292517006802721,0.530841121495327,0.3333333333333333,0.9618528610354224,0.7718579234972678,0.2327001356852103,0.582089552238806,0.3677069199457259,0.4287652645861601,0.3670284938941655,0.378561736770692,0.3541383989145183,61,2.125,5.1,15,56
06073016706,0.3183800678157428,1.0,0.3807415661467635,1.0,0.4386294409215517,1.0,0.5500998149927145,1.0,0.6803952877723369,0.75,0.5339941831320757,1.0,0.317774762550882,1.0,1.0,0.4600021604760096,46.00021604760096,2694,415,92353.0,6.9,10.8,30.3,96,74.3,0.0,2499,384,19.4,15.0,69.5906432748538,3.0837004405286343,5.605048255382331,60.46255506607929,23.006134969325153,0.3293084522502744,15.961395694135112,,2.8634361233480177,47.974217311233886,98.7885462555066,17.0,16.25,32.125,14.0,18.75,13.125,5.5,0.412483039348711,0.3564493758668516,0.3208446866485014,0.1837431693989071,0.3188010899182561,0.0841248303934871,0.1846049046321526,0.6955617198335645,0.864314789687924,0.6004070556309362,0.1353741496598639,0.154421768707483,0.2024623803009576,0.6229508196721312,0.8367346938775511,0.5382513661202186,0.5151515151515151,0.8784153005464481,0.6476190476190475,,0.5969945355191257,0.1743869209809264,0.8306010928961749,0.5888738127544098,0.412483039348711,0.2991858887381275,0.2632293080054274,0.3846675712347354,0.2584803256445047,0.3833107191316146,42,4.0,9.8,30,50
06073017031,0.7665889517991228,1.0,0.4106350007197809,1.0,0.7655403409667803,1.0,0.7835133433853908,1.0,0.5721807920159075,1.0,0.6602815125841882,1.0,0.144776119402985,1.0,1.0,0.5862165801248793,58.621658012487934,3522,206,163594.0,0.4,4.8,59.9,255,91.7,18.181818181818183,3394,278,14.6,9.1,19.06474820143885,0.0,11.265164644714035,78.43289371605896,14.482758620689657,6.1863173216885015,11.357183418512207,40.34847542,1.7067494181536074,34.93333333333333,97.98293250581848,7.5,14.5,14.125,9.375,4.375,7.5,0.625,0.7082767978290366,0.871012482662968,0.983651226158038,0.5034153005464481,0.7370572207084468,0.3453188602442333,0.776566757493188,0.0804438280166435,0.6383989145183175,0.7672998643147897,0.754421768707483,0.9020408163265308,0.9740082079343364,0.950136612021858,0.4489795918367347,0.7609289617486339,0.7079889807162534,0.3702185792349727,0.7768707482993198,0.4336448598130841,0.7377049180327868,0.5108991825613078,0.73224043715847,0.1791044776119403,0.3453188602442333,0.1506105834464043,0.1587516960651289,0.1085481682496607,0.1784260515603799,0.1275440976933514,24,2.0,5.1,13,44
06073017034,0.5649894658607474,1.0,0.5815730847982422,1.0,0.4712105059119984,1.0,0.4344269770432,1.0,0.602945462606904,1.0,0.8258599981139847,1.0,0.1416553595658073,1.0,1.0,0.5175229791286977,51.75229791286977,5792,115,138308.0,5.0,13.1,54.4,378,89.9,0.0,5679,492,15.7,10.4,60.98484848484848,6.5425023877745945,10.987261146496817,57.879656160458445,30.55141579731744,5.420054200542006,8.632596685082873,15.90541381,0.5253104106972302,29.01155327342747,98.94937917860554,11.0,17.25,13.125,9.75,4.875,5.625,0.625,0.8690637720488467,0.7461858529819695,0.5367847411444142,0.1079234972677595,0.6573569482288828,0.6160108548168249,0.7050408719346049,0.6955617198335645,0.1316146540027136,0.4389416553595657,0.6176870748299319,0.6965986394557824,0.4021887824897401,0.3688524590163934,0.4666666666666667,0.5,0.359504132231405,0.424863387978142,0.8666666666666667,0.7607476635514019,0.9098360655737704,0.7057220708446866,0.8620218579234973,0.3568521031207598,0.4586160108548168,0.1316146540027137,0.1763907734056987,0.1356852103120759,0.1370420624151967,0.1275440976933514,20,2.0,6.2,21,58
06073017035,0.5730184135733228,1.0,0.5771804147573149,1.0,0.6149505256648113,1.0,0.5476720291624084,1.0,0.7762855854007196,1.0,0.3324945528903183,1.0,0.0793758480325644,1.0,1.0,0.5001396242116372,50.01396242116372,3396,674,129348.0,4.3,1.9,56.5,327,89.7,0.0,3254,386,15.5,11.5,45.27421236872812,4.444444444444445,7.409638554216867,30.317460317460316,6.382978723404255,2.097902097902098,19.729093050647823,7.940261357,11.34920634920635,38.60424028268552,95.3968253968254,12.5,16.5,7.375,6.25,2.625,1.25,0.625,0.1926729986431479,0.6837725381414702,0.6301089918256131,0.7855191256830601,0.6900544959128065,0.5122116689280869,0.6975476839237057,0.6955617198335645,0.6743554952510176,0.5983717774762551,0.6448979591836734,0.5421768707482993,0.7551299589603283,0.5109289617486339,0.7238095238095238,0.2008196721311475,0.9152892561983472,0.744535519125683,0.5387755102040817,0.9065420560747663,0.1243169398907103,0.4209809264305177,0.4521857923497268,0.443012211668928,0.4246947082767978,0.0556309362279511,0.0997286295793758,0.0624151967435549,0.0515603799185888,0.1275440976933514,11,1.0,7.5,24,59
06073017036,0.7649847057132229,1.0,0.5062741088169026,1.0,0.8093869705276955,1.0,0.7191692956252269,1.0,0.7823707036637492,1.0,0.6783549976921129,1.0,0.0962008141112618,1.0,1.0,0.6223916565928816,62.23916565928816,3329,52,162083.0,5.8,1.7,65.7,278,90.9,10.135135135135137,3210,278,13.4,8.9,23.905723905723907,1.0919017288444042,11.936176741331698,72.975432211101,7.829977628635347,2.657218777679362,13.21718233703815,11.59925327,3.548680618744313,30.17241379310345,98.9080982711556,12.0,17.75,11.625,8.125,2.625,4.375,0.0,0.9633649932157397,0.8668515950069348,0.4216621253405994,0.8080601092896175,0.8208446866485014,0.4063772048846675,0.7431880108991825,0.159500693481276,0.683853459972863,0.7672998643147897,0.8666666666666667,0.9197278911564626,0.9644322845417236,0.8210382513661202,0.4122448979591836,0.6789617486338798,0.8732782369146006,0.6953551912568305,0.7197278911564626,0.8411214953271028,0.5136612021857924,0.6662125340599455,0.855191256830601,0.4185888738127544,0.4891451831750339,0.1119402985074626,0.1343283582089552,0.0624151967435549,0.1255088195386703,0.0468113975576662,20,0.5,4.8,20,60
06073017037,0.6641514141468814,1.0,0.6120070556425592,1.0,0.5118359962709643,1.0,0.4929449095688599,1.0,0.584685218749913,1.0,0.7249457770630773,1.0,0.15359565807327,1.0,1.0,0.5348808613593606,53.488086135936065,5194,189,132813.0,5.3,2.5,56.7,494,85.5,0.0,4862,556,14.5,10.5,68.58846918489066,5.093099671412924,8.644589911436272,72.45345016429354,25.296442687747035,5.093555093555094,12.514439738159414,22.33976353,1.9715224534501643,34.962406015037594,100.0,12.5,18.75,14.5,9.375,4.875,6.25,1.125,0.7327001356852103,0.7087378640776699,0.4986376021798365,0.7165300546448088,0.6934604904632152,0.7781546811397557,0.5286103542234333,0.6955617198335645,0.2591587516960651,0.3419267299864315,0.763265306122449,0.6829931972789116,0.2202462380300958,0.4576502732240437,0.6258503401360545,0.6680327868852459,0.4628099173553719,0.4535519125683059,0.7401360544217688,0.6822429906542056,0.6967213114754098,0.5095367847411444,0.9685792349726776,0.443012211668928,0.5332428765264586,0.1580732700135685,0.1587516960651289,0.1356852103120759,0.1492537313432835,0.166214382632293,24,0.5,6.2,24,62
06073019304,0.6403299025678182,1.0,0.5140150057360354,1.0,0.5821481645575463,1.0,0.3713114982935607,1.0,0.4053601190284179,0.75,0.7154400123087307,1.0,0.4529172320217096,1.0,1.0,0.5259317049305455,52.59317049305455,3186,191,106657.0,2.8,4.7,39.9,320,88.1,0.0,2830,488,16.3,11.3,90.79754601226992,6.672519754170326,15.706641485678311,83.23090430201931,24.2152466367713,5.004170141784821,33.58443188951663,,0.877963125548727,37.66816143497758,98.85864793678664,19.0,8.0,45.25,19.5,22.25,20.0,9.625,0.7306648575305292,0.4743411927877947,0.8392370572207084,0.5170765027322404,0.4768392370572207,0.4932157394843962,0.638283378746594,0.6955617198335645,0.7937584803256446,0.4484396200814111,0.5183673469387755,0.5680272108843538,0.012311901504788,0.3633879781420764,0.2707482993197279,0.8387978142076503,0.4917355371900826,0.4644808743169398,0.2598639455782313,,0.8538251366120219,0.446866485013624,0.8456284153005464,0.6546811397557666,0.1255088195386703,0.4701492537313433,0.417910447761194,0.4477611940298507,0.3941655359565807,0.5345997286295794,45,3.5,6.9,34,17
06073019209,0.5044230669050125,1.0,0.3684893826747256,1.0,0.614056341668282,1.0,0.7646859887683628,1.0,0.8047920428163136,0.75,0.3879496036886487,1.0,0.3478968792401629,1.0,1.0,0.5417561865373582,54.175618653735825,2792,413,140417.0,9.2,3.1,43.5,426,66.7,0.0,2603,443,14.6,12.9,38.095238095238095,3.7178265014299336,6.585275619681835,84.46139180171592,6.808510638297872,1.317027281279398,14.326647564469916,,3.813155386081983,63.48122866894198,97.23546234509055,5.5,7.5,36.75,14.875,16.75,18.125,6.375,0.4172320217096337,0.7628294036061026,0.1771117166212533,0.66051912568306,0.5170299727520435,0.6858887381275441,0.0933242506811989,0.6955617198335645,0.841248303934871,0.4959294436906377,0.754421768707483,0.364625850340136,0.8556771545827633,0.5614754098360656,0.7850340136054421,0.8565573770491803,0.9008264462809916,0.819672131147541,0.6938775510204082,,0.4931693989071039,0.0313351498637601,0.639344262295082,0.1153324287652645,0.1037991858887381,0.3426051560379918,0.2876526458616011,0.3541383989145183,0.3521031207598372,0.4029850746268656,50,4.5,6.0,11,17
06073020813,0.7120077926883316,1.0,0.2554310126157806,1.0,0.1722706043068516,1.0,0.4277481331838874,1.0,0.5788761885099973,0.75,0.5521557650025065,1.0,0.0213025780189959,1.0,1.0,0.3885417249037645,38.85417249037645,5898,247,115893.0,1.1,3.0,16.5,281,86.2,3.720930232558139,5728,527,20.1,16.1,80.44280442804428,20.51282051282051,4.913793103448276,76.78812415654521,21.489001692047378,4.878048780487805,13.903017972193965,,0.7422402159244265,45.20156974669997,96.28879892037789,4.5,4.5,1.125,1.125,0.0,0.0,0.0,0.6309362279511533,0.5769764216366158,0.9666212534059946,0.6734972677595629,0.1042234332425068,0.4185888738127544,0.5626702997275205,0.3134535367545076,0.1248303934871098,0.3873812754409769,0.0952380952380952,0.0816326530612244,0.0506155950752393,0.0532786885245901,0.8680272108843538,0.7390710382513661,0.5537190082644627,0.4795081967213115,0.7034013605442178,,0.8770491803278688,0.2329700272479564,0.546448087431694,0.0949796472184531,0.0386702849389416,0.0142469470827679,0.0169606512890094,0.0115332428765264,0.0169606512890094,0.0468113975576662,1,0.0,11.1,9,18
06073016621,0.6976827324344821,1.0,0.4613884617159821,1.0,0.4816760354073787,1.0,0.676136052972466,1.0,0.906686262546386,0.75,0.6127105016304105,1.0,0.5066485753052917,1.0,1.0,0.6204183745731996,62.04183745731996,4265,264,154577.0,3.8,3.2,41.7,229,85.8,0.0,4167,440,16.6,11.7,58.26771653543307,1.8374558303886923,9.27105449398443,89.54063604240282,7.600950118764846,0.0,7.502930832356389,,1.413427561837456,44.81605351170568,98.58657243816256,6.5,20.0,49.125,26.25,25.375,28.75,8.875,0.596336499321574,0.8377253814147018,0.7091280653950953,0.6475409836065573,0.497275204359673,0.2985074626865671,0.5463215258855586,0.6955617198335645,0.4341926729986431,0.5020352781546811,0.4768707482993197,0.5136054421768708,0.46922024623803,0.7390710382513661,0.5809523809523809,0.9153005464480874,0.8801652892561983,0.9405737704918032,0.8993197278911564,,0.7814207650273224,0.2438692098092643,0.8128415300546448,0.1363636363636363,0.5943012211668928,0.5047489823609227,0.5128900949796472,0.5067842605156038,0.5047489823609227,0.5040705563093623,87,5.75,6.5,12,57
06073016404,0.0307926554991751,1.0,0.457475342151555,1.0,0.140278893104053,1.0,0.2481793460807884,1.0,0.4335054750798843,0.75,0.0827997895604095,1.0,0.4327001356852104,1.0,1.0,0.2608188053087251,26.08188053087251,4110,1700,46835.0,17.7,14.9,7.8,268,87.1,0.0,3808,1115,22.9,18.9,47.85714285714286,25.0828729281768,39.97071742313324,36.353591160220994,55.970149253731336,0.0,30.90024330900243,,11.60220994475138,53.46907993966818,86.07734806629834,18.5,16.5,42.5,18.75,24.75,20.0,7.75,0.0081411126187245,0.0208044382801664,0.0136239782016348,0.0806010928961749,0.0081743869209809,0.3778833107191316,0.6008174386920981,0.6955617198335645,0.5237449118046134,0.0162822252374491,0.0156462585034014,0.0054421768707483,0.7017783857729138,0.0204918032786884,0.0108843537414965,0.2595628415300546,0.0619834710743801,0.9405737704918032,0.2979591836734694,,0.1120218579234972,0.0858310626702997,0.0505464480874316,0.6377204884667571,0.4246947082767978,0.4301221166892808,0.3894165535956581,0.494572591587517,0.3941655359565807,0.4552238805970149,55,4.125,18.5,28,51
06073009109,0.7363306359702038,1.0,0.4938497002348073,1.0,0.6131076989818993,1.0,0.4938259653842474,1.0,0.6559611904193552,0.75,0.9738296779380892,1.0,0.7598371777476256,1.0,1.0,0.6752488638108897,67.52488638108896,3281,20,176250.0,11.7,0.0,58.7,53,25.9,0.0,3164,268,25.3,8.2,0.0,0.0,35.96464492532764,0.0,0.0,41.17647058823529,3.047851264858275,,0.0,10.024154589371982,100.0,20.5,25.0,146.75,65.75,67.0,93.125,22.75,0.9837177747625508,0.914008321775312,0.079700272479564,0.967896174863388,0.720708446866485,0.0339213025780189,0.0040871934604904,0.6955617198335645,0.694708276797829,0.7869742198100407,0.0054421768707483,0.9653061224489796,0.9958960328317372,0.950136612021858,0.0244897959183673,0.0047814207650273,0.9855371900826446,0.0081967213114754,0.9741496598639456,,0.967896174863388,0.9850136239782016,0.9685792349726776,0.694708276797829,0.8141112618724559,0.7666214382632293,0.751696065128901,0.7747625508819539,0.7618724559023067,0.7442333785617368,185,12.875,12.7,37,52
06073007402,0.5822198987808856,1.0,0.5676704343152102,1.0,0.60060227618863,1.0,0.5187288087175396,1.0,0.6655794616993255,0.75,0.4610451005792051,1.0,0.6736770691994572,1.0,1.0,0.5813604356400363,58.13604356400363,3835,437,121103.0,3.1,4.7,66.0,466,58.5,0.0,3538,432,16.4,9.9,46.85466377440347,1.7615971814445095,14.743765415182242,41.338813857897826,20.042194092827003,0.0,22.16427640156454,,5.284791544333529,25.942782834850455,92.71873165002935,11.5,22.25,109.875,50.75,46.5,71.25,15.625,0.3867028493894165,0.6171983356449375,0.8079019073569482,0.5170765027322404,0.8256130790190735,0.7435549525101763,0.0442779291553133,0.6955617198335645,0.5915875169606513,0.5230664857530529,0.5027210884353741,0.7850340136054421,0.7236662106703147,0.7459016393442623,0.2952380952380952,0.3101092896174863,0.5867768595041323,0.9405737704918032,0.4693877551020408,,0.3579234972677595,0.7724795640326976,0.2527322404371585,0.3860244233378562,0.7109905020352781,0.6811397557666214,0.6763907734056988,0.666214382632293,0.6824966078697422,0.6621438263229308,166,9.25,5.7,18,51
06073016704,0.5369423439921064,1.0,0.4470105497348715,1.0,0.2421464108031272,1.0,0.3861395454102342,1.0,0.610306508007168,0.75,0.4553250150136736,1.0,0.4789687924016282,1.0,1.0,0.4509770236232585,45.09770236232585,7583,283,112045.0,3.8,7.3,36.1,560,74.4,17.391304347826086,7257,1103,16.9,11.9,64.75315729047072,5.254515599343185,17.17914438502674,64.24466338259441,25.86206896551724,4.245283018867925,9.890544639324808,,2.832512315270936,33.91405342624855,92.07717569786536,20.5,17.25,44.875,22.0,26.125,22.5,8.375,0.5637720488466758,0.536754507628294,0.7091280653950953,0.3381147540983606,0.4209809264305177,0.8351424694708277,0.1880108991825613,0.0846047156726768,0.0271370420624151,0.0176390773405699,0.4387755102040817,0.4850340136054422,0.2982216142270861,0.4412568306010929,0.2272108843537414,0.5778688524590164,0.4504132231404959,0.5573770491803278,0.8231292517006803,,0.6024590163934427,0.5531335149863761,0.2103825136612022,0.694708276797829,0.4586160108548168,0.4640434192672998,0.4769335142469471,0.5189959294436907,0.4484396200814111,0.4864314789687924,60,5.125,7.0,40,51
06073016620,0.6785919561116291,1.0,0.4270393686871949,1.0,0.5678199909543193,1.0,0.3846163188874482,1.0,0.6582049086626477,0.75,0.6877255153040206,1.0,0.5419267299864315,1.0,1.0,0.5637035412276702,56.37035412276702,2411,118,96855.0,3.4,2.7,29.8,252,78.4,0.0,2316,167,18.7,13.8,83.85650224215246,3.968253968253968,14.969801553062986,73.24263038548753,10.847457627118644,6.070287539936102,10.783907092492742,,1.473922902494331,40.128755364806864,99.43310657596372,9.0,21.75,60.5,30.0,31.625,34.375,9.875,0.8616010854816825,0.3869625520110957,0.7656675749318801,0.700136612021858,0.3106267029972752,0.3398914518317503,0.2690735694822888,0.6955617198335645,0.8887381275440978,0.9158751696065128,0.2061224489795918,0.2605442176870748,0.0218878248974008,0.5450819672131147,0.2884353741496599,0.6830601092896175,0.800275482093664,0.3797814207650273,0.7945578231292517,,0.7759562841530054,0.377384196185286,0.9098360655737704,0.2611940298507462,0.6858887381275441,0.5318860244233379,0.5427408412483039,0.5522388059701493,0.5312075983717774,0.5515603799185889,103,6.75,8.7,16,57
06073016813,0.8005679702844718,1.0,0.3733249398405931,1.0,0.3943607565142746,1.0,0.462767272368345,1.0,0.9204950367447706,0.75,0.4200714204176035,1.0,0.1130257801899593,1.0,1.0,0.4978018823371454,49.78018823371455,3322,161,108958.0,1.4,0.0,32.9,233,85.7,0.0,3271,780,15.9,14.4,80.61224489795919,4.473684210526316,13.304455445544557,91.40350877192982,0.0,0.0,9.331727874774232,,0.8771929824561403,44.00417101147029,90.43859649122808,3.5,12.25,9.5,4.0,5.5,3.125,1.25,0.7896879240162822,0.492371705963939,0.952316076294278,0.967896174863388,0.364441416893733,0.3066485753052917,0.5401907356948229,0.6955617198335645,0.6709633649932157,0.1187245590230664,0.5891156462585034,0.1986394557823129,0.0478796169630643,0.5068306010928962,0.3551020408163265,0.9412568306010928,0.9855371900826446,0.9405737704918032,0.8353741496598639,,0.855191256830601,0.2615803814713896,0.1434426229508196,0.0746268656716417,0.2584803256445047,0.0820895522388059,0.0474898236092265,0.1594301221166892,0.0970149253731343,0.1791044776119403,17,1.0,6.5,7,42
06073016812,0.474124737100464,1.0,0.2840130154398078,1.0,0.4622301295009183,1.0,0.8548417537049131,1.0,0.8756519082365367,0.75,0.1947087347319625,1.0,0.0864314789687924,1.0,1.0,0.4617145368119136,46.17145368119136,2978,354,72986.0,7.2,0.0,22.9,86,85.7,0.0,2858,637,15.7,14.3,24.13793103448276,0.8821170809943866,8.234496780752288,92.38171611868484,0.0,1.4229249011857708,9.738079247817328,,9.30232558139535,46.05714285714286,91.7401764234162,3.0,7.75,7.75,2.875,4.875,2.5,0.625,0.4810040705563093,0.1567267683772538,0.2908719346049047,0.967896174863388,0.2186648501362398,0.0664857530529172,0.5401907356948229,0.6955617198335645,0.7869742198100407,0.2347354138398915,0.6176870748299319,0.2095238095238095,0.960328317373461,0.8401639344262295,0.6612244897959183,0.9576502732240436,0.9855371900826446,0.8142076502732241,0.8272108843537415,,0.1871584699453552,0.2098092643051771,0.1871584699453552,0.0698778833107191,0.1132971506105834,0.059023066485753,0.0339213025780189,0.1356852103120759,0.0759837177747625,0.1275440976933514,15,1.0,6.5,5,27
06073018805,0.6025685600071765,1.0,0.3806104715577812,1.0,0.6303637194362142,1.0,0.8460637199981021,1.0,0.5507889350022627,0.75,0.3857000342460654,1.0,0.0801899592944369,1.0,1.0,0.496612199934577,49.661219993457706,4109,170,125871.0,7.1,3.0,48.8,78,94.6,0.0,3865,372,13.3,11.6,40.70796460176992,0.0,7.987298485588666,89.81670061099797,20.305676855895197,5.516356638871072,15.818934047213434,,1.9687712152070609,78.2824112303881,95.45145960624576,0.5,4.0,11.0,7.0,4.0,0.625,0.0,0.7747625508819539,0.6629680998613038,0.2990463215258855,0.6734972677595629,0.5871934604904632,0.0522388059701492,0.8896457765667575,0.6955617198335645,0.5047489823609226,0.6105834464043419,0.8768707482993198,0.5292517006802722,0.8276333789329685,0.950136612021858,0.6843537414965987,0.9221311475409836,0.581267217630854,0.4193989071038251,0.6517006802721088,,0.6980874316939891,0.0013623978201634,0.4576502732240437,0.025101763907734,0.0339213025780189,0.1051560379918588,0.1119402985074626,0.0976933514246947,0.039348710990502,0.0468113975576662,19,1.0,4.9,1,16
06073016619,0.6258840229192428,1.0,0.5629172926665057,1.0,0.3314674309343819,1.0,0.7054219915186815,1.0,0.5409582303770083,0.75,0.3426182357816787,1.0,0.6124830393487108,1.0,1.0,0.5316786062208871,53.16786062208871,4319,367,96630.0,2.1,2.2,37.5,478,83.2,0.0,4179,582,17.4,14.2,61.37820512820513,0.6030701754385964,2.862462182918315,65.0767543859649,30.885529157667385,4.3022035676810075,12.965964343598054,,5.263157894736842,42.34752589182969,94.4078947368421,11.5,21.5,81.875,41.0,42.0,48.125,12.875,0.4640434192672998,0.3841886269070735,0.9087193460490464,0.7465846994535519,0.4407356948228882,0.7611940298507462,0.4230245231607629,0.6955617198335645,0.4274084124830394,0.3154681139755766,0.3659863945578231,0.2170068027210884,0.3898768809849521,0.8715846994535519,0.9714285714285714,0.5887978142076503,0.3526170798898072,0.5464480874316939,0.7238095238095238,,0.360655737704918,0.3051771117166212,0.3620218579234973,0.3860244233378562,0.6709633649932157,0.6051560379918589,0.6058344640434192,0.6309362279511533,0.6004070556309362,0.6200814111261872,137,8.25,8.4,21,52
06073018804,0.7087265963780438,1.0,0.1853607517224664,1.0,0.4362854096862625,1.0,0.8249855622767598,1.0,0.7532991185003107,0.75,0.3373957108043854,1.0,0.1762550881953866,1.0,1.0,0.4889011767948022,48.89011767948022,5023,147,124911.0,5.2,1.2,55.1,228,48.5,30.952380952380953,4832,746,13.5,12.0,16.783216783216783,0.5676442762535477,10.807577268195413,93.23557237464524,7.356948228882835,2.8938906752411575,14.134979096157675,,4.446546830652791,62.507836990595614,96.16840113528856,2.0,4.5,17.125,9.625,5.625,5.0,2.5,0.8113975576662144,0.6574202496532594,0.5115803814713896,0.8545081967213115,0.6696185286103542,0.2957937584803256,0.0190735694822888,0.0374479889042995,0.2659430122116689,0.1445047489823608,0.8612244897959184,0.473469387755102,0.9822161422708618,0.8756830601092896,0.4748299319727891,0.9672131147540984,0.8884297520661157,0.6762295081967213,0.6952380952380952,,0.4357923497267759,0.0395095367847411,0.5368852459016393,0.0515603799185888,0.0386702849389416,0.180461329715061,0.1702849389416553,0.1628222523744912,0.1329715061058344,0.2347354138398914,30,1.0,4.8,4,16
06073018620,0.7154728981514386,1.0,0.2744009013754997,1.0,0.5985487682182777,1.0,0.569915001837563,1.0,0.4741716566498342,0.75,0.5673406689398113,1.0,0.3510176390773406,1.0,1.0,0.5072667906071093,50.726679060710936,2328,118,118241.0,2.0,5.0,18.6,112,84.1,0.0,2204,104,18.4,13.7,32.5,7.166666666666667,12.260034904013962,67.0,35.199999999999996,2.4390243902439024,23.195876288659793,,0.8333333333333334,57.953568357695616,98.33333333333331,8.0,5.75,35.25,16.5,17.25,15.0,7.625,0.8616010854816825,0.59500693481276,0.9162125340599456,0.4890710382513661,0.1389645776566757,0.1031207598371777,0.4516348773841961,0.6955617198335645,0.9090909090909092,0.9742198100407056,0.2387755102040816,0.2721088435374149,0.9192886456908343,0.3428961748633879,0.4027210884353741,0.6147540983606558,0.268595041322314,0.7103825136612022,0.4435374149659864,,0.860655737704918,0.0599455040871934,0.7814207650273224,0.2035278154681139,0.05359565807327,0.3256445047489824,0.3222523744911804,0.3609226594301221,0.3032564450474898,0.443012211668928,49,2.0,11.3,13,17
06073018525,0.7121043111650252,1.0,0.3215503682456108,1.0,0.6343530492251175,1.0,0.5214441495240871,1.0,0.7238354913839266,0.75,0.588625343081054,1.0,0.4094979647218453,1.0,1.0,0.5587729539066667,55.87729539066667,3963,108,134475.0,5.4,2.1,44.1,262,77.7,9.941520467836256,3680,326,15.0,11.2,73.05389221556887,3.1982942430703627,11.278387343710133,88.13077469793888,22.530864197530864,0.0,13.87837496845824,,0.6396588486140725,47.017129356172475,97.6545842217484,15.5,7.25,41.0,18.5,19.75,17.5,9.0,0.8846675712347354,0.7212205270457698,0.4843324250681199,0.7581967213114754,0.529291553133515,0.3588873812754409,0.244550408719346,0.1608876560332871,0.5590230664857531,0.6919945725915875,0.7013605442176871,0.5850340136054422,0.1313269493844049,0.6120218579234973,0.4476190476190476,0.894808743169399,0.5261707988980716,0.9405737704918032,0.7047619047619047,,0.894808743169399,0.1893732970027247,0.6816939890710383,0.5413839891451832,0.0943012211668928,0.4165535956580732,0.378561736770692,0.4023066485753053,0.3385345997286296,0.5115332428765265,45,3.0,6.0,28,17
06073018524,0.5843345547471269,1.0,0.4366292998833321,1.0,0.4655551094250454,1.0,0.3253502144281273,1.0,0.4222407781700947,0.75,0.4164085803765081,1.0,0.4194029850746268,1.0,1.0,0.4385602174435516,43.85602174435516,3448,566,103458.0,3.2,1.6,35.5,361,79.7,0.0,3183,326,18.7,13.7,71.04072398190046,3.953488372093023,19.039198349543177,48.604651162790695,3.785488958990536,9.282700421940929,50.17401392111369,,8.992248062015504,43.212951432129515,98.29457364341086,15.5,7.25,42.125,18.625,21.875,17.5,9.0,0.2740841248303934,0.4452149791955617,0.797683923705722,0.8203551912568305,0.414850136239782,0.573270013568521,0.300408719346049,0.6955617198335645,0.6919945725915875,0.6919945725915875,0.2061224489795918,0.2721088435374149,0.1723666210670315,0.5505464480874317,0.182312925170068,0.3961748633879781,0.943526170798898,0.1830601092896174,0.1401360544217686,,0.1926229508196721,0.2833787465940054,0.773224043715847,0.5413839891451832,0.0943012211668928,0.4274084124830393,0.383989145183175,0.4355495251017639,0.3385345997286296,0.5115332428765265,43,3.0,10.4,27,17
06073018522,0.6047430872805468,1.0,0.4367345200145662,1.0,0.5773373392776378,1.0,0.4371475391529086,1.0,0.3219554804715546,0.75,0.4725733684727743,1.0,0.4812754409769335,1.0,1.0,0.4759666822352745,47.59666822352745,5332,160,146406.0,4.7,8.9,58.5,740,72.2,11.888111888111888,5037,389,15.5,9.5,73.90438247011953,3.4250129735339905,12.637571157495255,71.45822522055008,27.631578947368425,5.908203125,47.074268567141786,,1.7125064867669952,51.255605381165914,96.574987026466,16.5,7.75,47.25,20.0,26.125,20.0,10.25,0.7917232021709634,0.8002773925104022,0.5783378746594006,0.2486338797814208,0.7159400544959128,0.9308005427408412,0.1539509536784741,0.1331484049930652,0.2211668928086838,0.5929443690637721,0.6448979591836734,0.8503401360544218,0.1190150478796169,0.5901639344262295,0.3836734693877551,0.6557377049180327,0.4159779614325068,0.389344262295082,0.1605442176870748,,0.7349726775956285,0.114441416893733,0.5683060109289617,0.573270013568521,0.1132971506105834,0.4884667571234735,0.4443690637720488,0.5189959294436907,0.3941655359565807,0.5603799185888738,44,3.5,6.1,27,17
06073017067,0.7847739643175793,1.0,0.5282272920872862,1.0,0.8090380657011786,1.0,0.669322010161289,1.0,0.8914953928100617,0.75,0.536079967044366,1.0,0.1302578018995929,1.0,1.0,0.6213134991459077,62.13134991459077,2979,154,224149.0,5.2,1.4,72.5,143,88.9,0.0,2898,326,13.1,9.3,52.17391304347826,3.096330275229358,8.69419268210809,81.53669724770643,9.48509485094851,0.0,7.049345417925478,,5.389908256880735,39.85507246376812,99.19724770642202,8.5,18.5,12.75,8.0,4.5,6.25,0.625,0.8012211668928086,0.986130374479889,0.5115803814713896,0.8401639344262295,0.9005449591280654,0.1573948439620081,0.6634877384196185,0.6955617198335645,0.7720488466757124,0.6919945725915875,0.8945578231292517,0.8775510204081632,0.627906976744186,0.6202185792349727,0.6176870748299319,0.8114754098360656,0.8250688705234159,0.9405737704918032,0.908843537414966,,0.3456284153005464,0.3841961852861035,0.8784153005464481,0.2327001356852103,0.519674355495251,0.1241519674355495,0.1316146540027137,0.1187245590230664,0.1492537313432835,0.1275440976933514,23,0.5,4.9,16,61
06073019811,0.6626762903265043,1.0,0.3598054713560621,1.0,0.4393376346468031,1.0,0.43019346129607,1.0,0.3915349086841528,0.75,0.5267429510182001,1.0,0.3400271370420624,1.0,1.0,0.4500454077671221,45.00454077671222,6394,413,136513.0,2.7,3.2,62.6,322,81.0,6.25,6160,821,13.6,10.2,70.28423772609818,2.046663937781416,18.56784706988405,67.82644289807614,27.40076824583867,4.5703125,35.18923991241789,,3.0699959066721245,49.86835176408636,99.01760130986492,7.0,9.0,36.25,14.75,19.125,15.0,5.75,0.4172320217096337,0.7364771151178918,0.8494550408719346,0.6475409836065573,0.773841961852861,0.4972862957937585,0.3514986376021798,0.2302357836338419,0.0746268656716417,0.0990502035278154,0.8523809523809524,0.7312925170068028,0.1860465116279069,0.7199453551912569,0.1931972789115645,0.6215846994535519,0.4228650137741047,0.5095628415300546,0.2421768707482993,,0.575136612021858,0.1362397820163488,0.8688524590163934,0.1546811397557666,0.1512890094979647,0.3378561736770692,0.2808683853459973,0.3900949796472184,0.3032564450474898,0.3880597014925373,51,4.5,4.9,14,24
06073018619,0.618179969033994,1.0,0.4265957113237766,1.0,0.6046022208069116,1.0,0.811717399502691,1.0,0.6249226041859638,0.75,0.6618405771206504,1.0,0.2723202170963364,1.0,1.0,0.5743112427243319,57.43112427243319,5048,110,150918.0,7.3,5.0,56.9,249,90.4,0.0,4713,492,13.3,9.8,28.67924528301887,2.066869300911854,7.190966719492868,83.22188449848025,19.39393939393939,4.582366589327147,11.885895404120443,,0.0,60.12422360248447,100.0,2.5,5.25,26.5,12.625,13.625,10.0,5.125,0.8799185888738128,0.8183079056865464,0.2854223433242506,0.4890710382513661,0.6995912806539509,0.3324287652645861,0.726158038147139,0.6955617198335645,0.2957937584803256,0.4389416553595657,0.8768707482993198,0.8068027210884354,0.945280437756498,0.7185792349726776,0.745578231292517,0.837431693989071,0.6033057851239669,0.5081967213114754,0.763265306122449,,0.967896174863388,0.0490463215258855,0.9685792349726776,0.0617367706919945,0.0440976933514246,0.2455902306648575,0.2327001356852103,0.3039348710990502,0.2137042062415196,0.3656716417910448,48,1.5,4.7,5,17
06073018617,0.5961888448461148,1.0,0.2917104833009589,1.0,0.5317053415667488,1.0,0.7248567860235974,1.0,0.7417568196948653,0.75,0.6391792359653171,1.0,0.3200814111261872,1.0,1.0,0.5493541317891129,54.93541317891128,3519,330,146900.0,6.8,2.2,33.7,214,85.8,3.389830508474576,3271,467,16.1,12.4,28.235294117647054,4.69061876247505,9.991435912075364,91.51696606786427,10.62992125984252,0.0,21.88121625461779,,0.3992015968063871,47.55351681957187,98.50299401197606,7.5,5.5,31.75,15.875,16.25,12.5,6.375,0.5074626865671642,0.8030513176144244,0.3276566757493188,0.7465846994535519,0.3780653950953678,0.2747625508819539,0.5463215258855586,0.3231622746185852,0.6709633649932157,0.4721845318860244,0.5564625850340136,0.4272108843537415,0.948016415868673,0.4836065573770491,0.5224489795918368,0.9453551912568308,0.8057851239669421,0.9405737704918032,0.4789115646258504,,0.9275956284153004,0.1811989100817438,0.8087431693989071,0.1791044776119403,0.0488466757123473,0.2937584803256445,0.3100407055630936,0.3487109905020353,0.2449118046132971,0.4029850746268656,48,2.0,8.2,12,17
06073018618,0.2828613402141556,1.0,0.3621650139276124,1.0,0.3533533630548556,1.0,0.3099800423409928,1.0,0.5621518647652349,0.75,0.3996565467061737,1.0,0.3985074626865671,1.0,1.0,0.3812393762422275,38.12393762422275,3946,532,83750.0,5.8,12.2,18.6,366,93.6,7.000000000000001,3362,499,19.2,14.5,58.778625954198475,13.691683569979714,15.288611544461778,44.11764705882353,30.676328502415455,0.0,25.595539787126206,,3.8539553752535496,47.89251844046365,96.14604462474644,10.0,6.25,39.125,17.125,19.875,16.875,9.625,0.296472184531886,0.2766990291262136,0.4216621253405994,0.1366120218579235,0.1389645776566757,0.587516960651289,0.8494550408719346,0.2205270457697642,0.6472184531886025,0.423337856173677,0.1551020408163265,0.1877551020408163,0.4623803009575923,0.151639344262295,0.2802721088435373,0.3456284153005464,0.3581267217630853,0.9405737704918032,0.3877551020408163,,0.4904371584699454,0.1771117166212533,0.5314207650273224,0.3086838534599728,0.0678426051560379,0.3873812754409769,0.3351424694708276,0.4063772048846675,0.3290366350067842,0.5345997286295794,47,2.0,13.8,17,17
06073018622,0.1795375519948149,1.0,0.4120546871900484,1.0,0.2910703901642067,1.0,0.3936280135386217,1.0,0.2794064308648086,0.75,0.2093030181206354,1.0,0.3963364993215739,1.0,1.0,0.3087623701706729,30.87623701706729,5080,869,77601.0,7.7,12.6,21.1,300,87.8,0.0,4486,426,18.7,16.1,57.70877944325482,5.327650506126798,14.39543127215439,43.1006925945658,67.48329621380846,6.756085444610036,20.866141732283463,,4.954714970697922,47.19216898505925,86.62759722962173,12.0,6.5,38.375,17.875,21.375,15.0,9.125,0.1227951153324288,0.2108183079056865,0.2595367847411444,0.125,0.1989100817438692,0.457259158751696,0.6267029972752044,0.6955617198335645,0.3459972862957937,0.5305291723202171,0.2061224489795918,0.0816326530612244,0.493844049247606,0.4330601092896174,0.3170068027210884,0.3306010928961748,0.0137741046831956,0.3224043715846995,0.5020408163265306,,0.3866120218579235,0.1852861035422343,0.0560109289617486,0.4185888738127544,0.0753052917232021,0.3717774762550881,0.3616010854816825,0.4267299864314789,0.3032564450474898,0.5183175033921302,38,2.0,12.0,20,17
06073017066,0.7014205215638729,1.0,0.4307551531535182,1.0,0.5725299753551353,1.0,0.7023200816735387,1.0,0.8914225130959217,0.75,0.6027890690529722,1.0,0.1693351424694708,1.0,1.0,0.5815103509092043,58.15103509092043,5413,603,200260.0,3.4,1.4,67.6,182,81.7,0.0,5377,477,13.6,9.8,66.89419795221842,1.4810751508502469,3.320754716981132,82.83049917718047,7.07482993197279,1.0851871947911014,6.096434509514133,,0.8228195282501372,31.451612903225808,93.74657158529897,4.0,15.0,16.5,10.25,5.375,8.125,0.625,0.2442333785617367,0.955617198335645,0.7656675749318801,0.8401639344262295,0.8446866485013624,0.2137042062415196,0.3787465940054496,0.6955617198335645,0.1723202170963365,0.4586160108548168,0.8523809523809524,0.8068027210884354,0.2503419972640218,0.7786885245901639,0.9523809523809524,0.8278688524590164,0.8966942148760331,0.8387978142076502,0.9387755102040816,,0.8620218579234973,0.6376021798365122,0.3087431693989071,0.0827679782903663,0.3690637720488466,0.1763907734056987,0.1960651289009498,0.1533242876526458,0.1933514246947082,0.1275440976933514,30,1.5,5.0,8,44
06073019108,0.4834197004434138,1.0,0.186396646413202,1.0,0.5973564459705185,1.0,0.6270516775143149,1.0,0.2820181190843315,0.75,0.5112776264002422,1.0,0.0257801899592944,1.0,1.0,0.3876143436836168,38.76143436836168,2334,242,110114.0,5.5,7.7,30.6,43,85.4,7.6923076923076925,1870,144,17.8,14.5,21.052631578947366,11.63084702907712,10.589754627636678,83.81795195954489,13.17365269461078,18.537590113285273,91.25964010282776,,1.5170670037926677,51.18881118881119,97.34513274336284,0.5,3.0,2.25,2.25,0.0,0.0,0.0,0.6417910447761195,0.5090152565880721,0.4686648501362398,0.314207650273224,0.326975476839237,0.0244233378561736,0.5231607629427792,0.1997226074895978,0.9457259158751696,0.9402985074626866,0.3156462585034013,0.1877551020408163,0.9685362517099864,0.2021857923497267,0.4870748299319728,0.8504098360655737,0.743801652892562,0.0519125683060108,0.0503401360544217,,0.7691256830601093,0.1171662125340599,0.6475409836065574,0.025101763907734,0.0189959294436906,0.025101763907734,0.0284938941655359,0.0115332428765264,0.0169606512890094,0.0468113975576662,4,0.0,10.5,1,12
06073013326,0.7018646623679158,1.0,0.4964013101569777,1.0,0.6654888821200122,1.0,0.7404430739127523,1.0,0.6161777450898166,0.75,0.6848884273114854,1.0,0.4995929443690636,1.0,1.0,0.6292652921897177,62.92652921897177,4583,64,208750.0,9.0,2.6,49.8,310,90.4,15.422885572139302,4466,530,11.9,8.3,49.23076923076923,4.669603524229075,4.473052585642592,88.54625550660793,9.29203539823009,16.42120765832106,5.236744490508401,,0.0,44.85981308411215,98.85462555066078,21.5,14.75,60.75,29.25,24.0,34.375,6.5,0.9470827679782904,0.969486823855756,0.1846049046321526,0.7062841530054644,0.5960490463215259,0.4762550881953867,0.726158038147139,0.1012482662968099,0.3541383989145183,0.3772048846675712,0.9714285714285714,0.9591836734693876,0.6826265389876881,0.4863387978142076,0.8884353741496599,0.9043715846994536,0.8305785123966942,0.0655737704918032,0.9523809523809524,,0.967896174863388,0.2425068119891008,0.8442622950819673,0.7204884667571235,0.3582089552238806,0.5352781546811397,0.5373134328358209,0.4830393487109905,0.5312075983717774,0.4111261872455902,91,9.75,5.3,40,44
06073022101,0.9010237795942836,1.0,0.4722267954375156,1.0,0.7964094185842587,1.0,0.512778218416608,1.0,0.4492056272448012,0.75,0.6099379352104147,1.0,0.2784260515603799,1.0,1.0,0.5742868322926088,57.42868322926088,2514,0,190469.0,2.7,1.6,62.1,121,95.3,0.0,2439,181,14.3,10.9,30.555555555555557,4.888888888888889,19.49085123309467,55.44444444444444,5.490196078431373,5.857740585774058,132.4582338902148,,0.0,34.32835820895522,94.0,7.5,9.25,28.875,10.875,17.625,10.625,4.5,0.9925373134328358,0.941747572815534,0.8494550408719346,0.8203551912568305,0.7670299727520435,0.1153324287652645,0.9189373297002724,0.6955617198335645,0.8724559023066486,0.9056987788331072,0.780952380952381,0.6265306122448979,0.9370725034199726,0.4713114754098361,0.1741496598639456,0.4685792349726776,0.9228650137741048,0.3975409836065574,0.0272108843537415,,0.967896174863388,0.5381471389645777,0.3237704918032787,0.1791044776119403,0.1573948439620081,0.2632293080054274,0.2109905020352781,0.3670284938941655,0.2198100407055631,0.3310719131614654,49,4.5,5.1,15,23
06073010019,0.5328304305594387,1.0,0.4410179646841731,1.0,0.6113161003885951,1.0,0.3420918119439922,1.0,0.5323109436160319,0.75,0.685660204583017,1.0,0.3812754409769335,1.0,1.0,0.5037861281074546,50.37861281074546,3683,88,130779.0,8.3,7.8,50.7,158,77.7,0.0,3473,437,15.6,10.4,67.72388059701493,4.182509505703422,18.398876404494384,49.04942965779467,26.253687315634217,3.839122486288848,18.734727124626662,,0.0,39.516129032258064,97.71863117870724,18.0,13.25,38.5,19.25,16.125,21.875,4.75,0.9077340569877884,0.6920943134535368,0.2234332425068119,0.3080601092896174,0.6062670299727521,0.1777476255088195,0.244550408719346,0.6955617198335645,0.6065128900949797,0.508819538670285,0.6333333333333333,0.6965986394557824,0.2366621067031463,0.5314207650273224,0.1972789115646258,0.4030054644808743,0.4407713498622589,0.592896174863388,0.563265306122449,,0.967896174863388,0.3950953678474114,0.6939890710382514,0.6227951153324288,0.2991858887381275,0.3744911804613297,0.4084124830393487,0.3466757123473541,0.4369063772048847,0.3398914518317503,53,6.375,8.8,36,44
06073016703,0.5625701967925413,1.0,0.4392206549656087,1.0,0.5731370974441337,1.0,0.7114311012243251,1.0,0.5064874389443264,0.75,0.5701126149600712,1.0,0.3194029850746268,1.0,1.0,0.5260517270579476,52.60517270579476,3003,178,120258.0,2.6,20.2,31.9,282,86.9,5.833333333333333,2930,309,18.0,11.7,33.111111111111114,1.0416666666666663,8.724608724608725,57.638888888888886,65.22781774580336,0.5181347150259068,16.650016650016653,,2.170138888888889,34.822934232715006,96.09375,16.5,17.25,32.375,13.625,18.75,13.75,5.5,0.7598371777476255,0.6116504854368932,0.861716621253406,0.0170765027322404,0.3460490463215259,0.4226594301221167,0.5892370572207084,0.2454923717059639,0.7666214382632293,0.7218453188602443,0.2904761904761904,0.5136054421768708,0.9110807113543092,0.825136612021858,0.6136054421768707,0.4959016393442623,0.0206611570247934,0.8729508196721312,0.6258503401360545,,0.6680327868852459,0.5163487738419619,0.5259562841530054,0.573270013568521,0.4586160108548168,0.3025780189959294,0.2510176390773406,0.3846675712347354,0.2754409769335142,0.3833107191316146,45,4.0,7.5,29,52
06073020034,0.8729007958396899,1.0,0.4312975550898361,1.0,0.8943293735404609,1.0,0.6160024703743487,1.0,0.9138038203132944,0.75,0.6936279983919239,1.0,0.187652645861601,1.0,1.0,0.6585163799158794,65.85163799158794,2549,50,247222.0,4.1,1.1,76.1,24,83.1,0.0,2542,70,13.3,9.4,72.54901960784314,0.8274231678486997,10.414153598713307,93.3806146572104,2.8213166144200628,0.0,9.023146331894862,,0.0,39.50995405819295,97.87234042553192,11.0,9.5,20.25,7.25,9.75,8.75,1.875,0.966078697421981,1.0,0.6580381471389646,0.8674863387978142,0.9400544959128064,0.0094979647218453,0.4162125340599455,0.6955617198335645,0.8548168249660787,0.9810040705563092,0.8768707482993198,0.8646258503401361,0.149110807113543,0.8483606557377049,0.4979591836734693,0.9685792349726776,0.9573002754820936,0.9405737704918032,0.8435374149659864,,0.967896174863388,0.3964577656675749,0.7165300546448088,0.3568521031207598,0.1696065128900949,0.2014925373134328,0.1166892808683853,0.2211668928086838,0.2048846675712347,0.1940298507462686,32,3.5,4.0,19,28
06073016705,0.3748553198471577,1.0,0.4397533871507355,1.0,0.1891742585772436,1.0,0.4012038231228442,1.0,0.4851760864215622,0.75,0.1513874619694961,1.0,0.2156037991858887,1.0,1.0,0.3224505908964183,32.24505908964183,4792,490,76985.0,3.4,10.1,10.7,190,92.1,0.0,4502,898,19.8,14.0,60.03460207612456,2.7085590465872156,16.883116883116884,37.32394366197183,36.964285714285715,0.6458557588805167,27.963272120200333,,13.921993499458289,43.582089552238806,89.65330444203684,13.5,16.25,22.75,11.375,11.375,7.5,2.375,0.3270013568521031,0.203883495145631,0.7656675749318801,0.2028688524590164,0.0217983651226158,0.2238805970149253,0.7983651226158038,0.6955617198335645,0.344640434192673,0.0691994572591587,0.1047619047619047,0.2380952380952381,0.4309165526675786,0.6653005464480874,0.2353741496598639,0.273224043715847,0.2465564738292011,0.8647540983606558,0.3442176870748299,,0.0628415300546447,0.276566757493188,0.1147540983606557,0.4864314789687924,0.412483039348711,0.2157394843962008,0.2198100407055631,0.2496607869742198,0.1784260515603799,0.21438263229308,31,2.875,9.7,23,51
06073020312,0.5774095269728111,1.0,0.3824213022199275,1.0,0.4449681093604334,1.0,0.6460626845095644,1.0,0.6625555411163246,0.75,0.2134745859452162,1.0,0.2493894165535956,1.0,1.0,0.4537544523825532,45.37544523825533,3997,216,113911.0,5.2,4.3,36.9,323,81.8,0.0,3826,530,16.3,12.9,84.0909090909091,0.0,3.435114503816794,71.96141479099678,18.61111111111111,1.644528779253637,18.26369777333,,5.659163987138264,51.97873597164796,91.96141479099678,2.5,11.25,25.75,14.75,9.5,15.625,1.875,0.6940298507462687,0.5589459084604715,0.5115803814713896,0.5450819672131147,0.4298365122615804,0.5,0.38283378746594,0.6955617198335645,0.519674355495251,0.3772048846675712,0.5183673469387755,0.364625850340136,0.0205198358413132,0.950136612021858,0.9496598639455782,0.6639344262295082,0.6184573002754821,0.7896174863387978,0.5795918367346939,,0.3292349726775956,0.1049046321525886,0.2062841530054645,0.0617367706919945,0.2245590230664857,0.2374491180461329,0.2808683853459973,0.2198100407055631,0.3147896879240163,0.1940298507462686,33,2.0,7.7,5,31
06073020313,0.5073025424062201,1.0,0.2427183017415566,1.0,0.3747874726552765,1.0,0.4032285579119181,1.0,0.2208655335864192,0.75,0.1857241057558206,1.0,0.385753052917232,1.0,1.0,0.3314827952820633,33.14827952820633,2675,321,64464.0,3.0,3.8,28.8,231,67.8,70.0,2547,662,17.7,15.6,83.50340136054422,1.9327731092436975,11.068408916218294,48.65546218487395,31.63265306122449,6.739811912225706,309.9065420560748,,5.88235294117647,55.94671741198858,91.00840336134452,14.0,12.0,39.0,22.125,13.5,24.375,3.75,0.519674355495251,0.1012482662968099,0.8167574931880108,0.5915300546448088,0.2942779291553133,0.3005427408412483,0.1021798365122615,0.0069348127600554,0.8507462686567164,0.2116689280868385,0.3285714285714286,0.1081632653061224,0.0287277701778385,0.7267759562841529,0.4585034013605442,0.3989071038251366,0.337465564738292,0.3237704918032786,0.001360544217687,,0.314207650273224,0.0749318801089918,0.1680327868852459,0.5027137042062415,0.2496607869742198,0.3819538670284939,0.4789687924016282,0.296472184531886,0.4687924016282225,0.3025780189959294,39,2.0,10.5,23,26
06073019210,0.272296772885907,1.0,0.3197103388149032,1.0,0.3222955260801743,1.0,0.542387849154149,1.0,0.4488866892103,0.75,0.5916801913809104,1.0,0.4264586160108548,1.0,1.0,0.4176737119338855,41.76737119338856,6167,839,87792.0,5.1,12.7,19.3,455,84.4,35.66308243727598,5338,261,19.5,14.5,45.02164502164502,14.34878587196468,4.624938715476385,48.28918322295806,56.38766519823789,1.948051948051948,20.10702124209502,,0.4966887417218543,41.47620831772199,96.08167770419426,12.0,8.0,44.625,18.5,21.375,21.25,7.625,0.1289009497964721,0.3162274618585298,0.5245231607629428,0.119535519125683,0.1546321525885558,0.7293080054274084,0.4652588555858311,0.0249653259361997,0.1791044776119402,0.7964721845318861,0.1258503401360544,0.1877551020408163,0.7606019151846786,0.1366120218579235,0.8829931972789116,0.3893442622950819,0.0564738292011018,0.7622950819672132,0.527891156462585,,0.9166666666666666,0.3351498637602179,0.523224043715847,0.4185888738127544,0.1255088195386703,0.4599728629579376,0.378561736770692,0.4267299864314789,0.4240162822252374,0.443012211668928,55,4.5,13.0,20,18
06073020111,0.5703823177798603,1.0,0.3138254275483331,1.0,0.5590025290984779,1.0,0.7926755261769214,1.0,0.6172314172473848,0.75,0.3969354734642625,1.0,0.3051560379918588,1.0,1.0,0.5078869613295856,50.78869613295856,3888,195,131111.0,5.3,6.9,39.3,146,94.7,7.722007722007722,3745,464,15.1,11.6,42.98245614035088,4.374057315233785,3.4652185156452027,90.04524886877829,41.17647058823529,0.0,12.860082304526747,,3.0165912518853695,48.24355971896955,95.32428355957768,1.5,8.0,30.125,16.125,10.75,20.0,3.75,0.7225237449118046,0.6990291262135923,0.4986376021798365,0.3613387978142076,0.4584468664850136,0.1621438263229308,0.8957765667574932,0.1983356449375867,0.5407055630936228,0.4755766621438263,0.6904761904761905,0.5292517006802722,0.786593707250342,0.5163934426229508,0.94421768707483,0.9234972677595628,0.1859504132231405,0.9405737704918032,0.7251700680272108,,0.5806010928961749,0.164850136239782,0.4453551912568306,0.0427408412483039,0.1255088195386703,0.2734056987788331,0.3181818181818182,0.2374491180461329,0.3941655359565807,0.3025780189959294,39,1.5,5.9,3,20
06073020039,0.656787819082171,1.0,0.4511518382935844,1.0,0.8511099419414985,1.0,0.4246864929730947,1.0,0.7531984432665718,0.75,0.7394972528699691,1.0,0.3738127544097693,1.0,1.0,0.6071777918338084,60.71777918338084,1959,94,156833.0,6.1,4.9,53.2,36,88.5,0.0,1917,153,14.8,9.8,63.57615894039736,5.2727272727272725,15.190525231719876,70.72727272727273,9.502262443438914,5.008635578583765,3.062787136294028,,0.0,43.23570432357043,100.0,12.0,12.75,39.875,16.75,16.0,22.5,5.0,0.898236092265943,0.8488210818307905,0.385558583106267,0.494535519125683,0.6430517711171662,0.0176390773405698,0.6450953678474114,0.6955617198335645,0.937584803256445,0.9308005427408412,0.7292517006802721,0.8068027210884354,0.3269493844049247,0.4398907103825137,0.2816326530612245,0.6502732240437158,0.8236914600550964,0.4631147540983606,0.9727891156462584,,0.967896174863388,0.2820163487738419,0.9685792349726776,0.4185888738127544,0.2869742198100407,0.398236092265943,0.3256445047489824,0.3426051560379918,0.4484396200814111,0.3541383989145183,51,4.0,6.0,23,24
06073020044,0.6978674368781006,1.0,0.4550058035428891,1.0,0.4360684979554915,1.0,0.646468956435033,1.0,0.753274832942706,0.75,0.5714303439992455,1.0,0.2881953867028494,1.0,1.0,0.5497587512080451,54.97587512080451,9056,488,213196.0,2.7,3.3,66.0,263,80.1,0.0,8972,644,14.6,10.0,62.396694214876035,0.0,13.936158380602826,91.99205823957644,16.13653995345229,2.985553772070626,6.515017667844523,,1.7207147584381206,56.63457513604019,99.47054930509596,8.5,13.5,31.875,14.875,12.25,18.125,2.5,0.3310719131614654,0.9736477115117892,0.8494550408719346,0.6372950819672132,0.8256130790190735,0.3616010854816825,0.3099455040871934,0.6955617198335645,0.0081411126187245,0.2211668928086838,0.754421768707483,0.7605442176870748,0.3529411764705882,0.950136612021858,0.3306122448979591,0.9521857923497268,0.662534435261708,0.6693989071038251,0.927891156462585,,0.7308743169398907,0.0694822888283378,0.9139344262295082,0.2327001356852103,0.3046132971506106,0.296472184531886,0.2876526458616011,0.2700135685210312,0.3521031207598372,0.2347354138398914,48,3.5,5.5,16,27
06073020036,0.2003482153232376,1.0,0.4354272774655319,1.0,0.4833102576172938,1.0,0.3218392618198633,1.0,0.586281847336776,0.75,0.4163366140071371,1.0,0.4260515603799185,1.0,1.0,0.4099421477071083,40.99421477071083,3567,799,73024.0,5.6,17.0,23.4,343,98.0,8.921933085501859,2961,274,18.8,14.3,58.87372013651877,15.658021133525455,13.052039381153303,43.41978866474543,34.89795918367347,0.0,19.34398654331371,,3.3621517771373677,40.546697038724375,94.23631123919309,12.0,12.5,44.25,19.125,19.75,24.375,6.375,0.1438263229308005,0.1581137309292649,0.4502724795640327,0.0491803278688525,0.2275204359673024,0.5427408412483039,0.9713896457765668,0.1789181692094313,0.7557666214382632,0.7781546811397557,0.189795918367347,0.2095238095238095,0.4596443228454172,0.1202185792349727,0.3714285714285714,0.3360655737704918,0.2699724517906335,0.9405737704918032,0.5482993197278911,,0.5396174863387978,0.3623978201634877,0.3469945355191257,0.4185888738127544,0.2734056987788331,0.4538670284938941,0.4023066485753053,0.4023066485753053,0.4687924016282225,0.4029850746268656,57,4.0,13.9,21,24
06073019305,0.49958538035313,1.0,0.4655579166459396,1.0,0.4235561524474104,1.0,0.2771283084335526,1.0,0.3318646024096311,0.75,0.4099105135420854,1.0,0.4283582089552238,1.0,1.0,0.4051372975409962,40.51372975409962,4203,268,78578.0,2.8,7.2,32.1,376,80.8,0.0,3728,569,16.8,12.9,76.96177062374245,4.304080491894913,17.74505070014486,40.91671324762437,58.23293172690763,5.092838196286472,21.1753509398049,,5.366126327557295,38.66597186034393,95.47233091112354,19.5,8.0,44.25,17.5,23.25,18.75,8.875,0.5922659430122117,0.2205270457697642,0.8392370572207084,0.3463114754098361,0.3514986376021798,0.6126187245590231,0.3378746594005449,0.6955617198335645,0.5440976933514248,0.3283582089552238,0.4571428571428572,0.364625850340136,0.0725034199726402,0.5204918032786885,0.2136054421768707,0.3019125683060109,0.0440771349862259,0.4549180327868852,0.4965986394557823,,0.3497267759562842,0.4182561307901907,0.4617486338797814,0.6702849389416553,0.1255088195386703,0.4538670284938941,0.3487109905020353,0.4687924016282225,0.3663500678426051,0.5040705563093623,45,4.5,7.7,35,17
06073013308,0.3953268811698494,1.0,0.5587427842884245,1.0,0.4515589953756265,1.0,0.5388111992795593,1.0,0.3138754323597154,1.0,0.3209985457830189,1.0,0.4841248303934871,1.0,1.0,0.437634095521383,43.763409552138306,3901,652,101979.0,4.6,7.1,16.6,464,99.0,4.513888888888888,3569,366,17.8,13.6,59.17312661498708,10.338345864661653,3.569580962234868,60.43233082706767,24.27616926503341,4.915102770330653,36.40092284029736,77.22464219,7.142857142857142,34.2355175688509,90.97744360902256,28.5,14.5,57.0,27.125,23.0,33.125,5.875,0.2048846675712347,0.4299583911234396,0.5940054495912807,0.3524590163934425,0.1076294277929155,0.7421981004070556,0.9850136239782016,0.2801664355062413,0.5848032564450475,0.6234735413839891,0.3156462585034013,0.282312925170068,0.4514363885088919,0.2295081967213115,0.9374149659863944,0.5368852459016393,0.4889807162534435,0.476775956284153,0.2299319727891157,0.0598130841121495,0.2540983606557376,0.5435967302452316,0.1653005464480874,0.8921302578018996,0.3453188602442333,0.5210312075983717,0.519674355495251,0.4613297150610583,0.5257801899592944,0.3928086838534599,76,10.0,11.9,50,44
06073013309,0.5931218959901935,1.0,0.649305083708817,1.0,0.3193369885267539,1.0,0.6398899781033267,1.0,0.6028734869956349,1.0,0.576210523964801,1.0,0.6131614654002713,1.0,1.0,0.5705570603842568,57.05570603842568,7069,233,145195.0,4.3,8.3,30.5,635,90.0,0.0,6535,1049,14.8,12.0,53.18066157760815,4.182106934886183,8.127410369947151,77.92482795129698,16.247582205029012,1.921079958463136,12.731645211486772,53.61543248,0.0,41.73669467787115,95.23557437797776,26.5,16.75,85.75,43.0,36.25,51.875,12.75,0.664179104477612,0.7947295423023578,0.6301089918256131,0.2834699453551912,0.3235694822888283,0.8805970149253731,0.7091280653950953,0.6955617198335645,0.0488466757123473,0.0257801899592944,0.7292517006802721,0.473469387755102,0.6060191518467852,0.5327868852459017,0.6693877551020408,0.7513661202185792,0.6597796143250689,0.7650273224043715,0.7306122448979592,0.2560747663551401,0.967896174863388,0.3208446866485014,0.4398907103825136,0.8514246947082768,0.4355495251017639,0.6166892808683854,0.6234735413839891,0.592944369063772,0.6139755766621439,0.6187245590230664,132,12.125,8.2,46,46
06073013312,0.5373704811517651,1.0,0.5130084580927803,1.0,0.5480798696683559,1.0,0.6677810106124036,1.0,0.4565561294798141,1.0,0.1635870023773717,1.0,0.4789687924016282,1.0,1.0,0.4807645348263028,48.076453482630285,2943,61,114667.0,5.0,14.5,24.3,117,94.6,0.0,2766,277,17.1,14.3,42.5,7.366071428571429,5.524861878453039,74.88839285714286,29.651162790697676,4.782146652497343,16.989466530750935,46.74548849,15.178571428571429,39.96901626646011,87.16517857142857,25.0,14.0,55.125,25.75,21.875,32.5,6.5,0.9552238805970148,0.5700416088765603,0.5367847411444142,0.087431693989071,0.241825613079019,0.1078697421981004,0.8896457765667575,0.6955617198335645,0.8018995929443691,0.7706919945725916,0.4102040816326531,0.2095238095238095,0.7893296853625171,0.3292349726775956,0.8421768707482993,0.7103825136612022,0.3760330578512396,0.4931693989071039,0.6149659863945578,0.3420560747663551,0.0478142076502732,0.3814713896457765,0.0614754098360655,0.8168249660786974,0.3263229308005427,0.5156037991858887,0.5101763907734057,0.4355495251017639,0.5223880597014925,0.4111261872455902,78,9.375,11.4,47,44
06073008355,0.739894799832725,1.0,0.3960289447424155,1.0,0.801189091647514,1.0,0.5158683069110221,1.0,0.729169961845459,1.0,0.3886159130050674,1.0,0.2302578018995929,1.0,1.0,0.5430035456976852,54.300354569768515,3065,186,155263.0,2.8,4.5,50.8,316,76.5,18.53932584269663,2810,320,13.6,9.5,58.4375,2.263374485596708,13.814016172506738,62.44855967078189,16.27906976744186,1.5197568389057752,19.249592169657426,7.952706907,5.246913580246913,42.43394715772618,95.88477366255144,12.0,19.25,21.625,12.625,10.0,10.625,3.0,0.7401628222523745,0.8446601941747572,0.8392370572207084,0.53551912568306,0.6076294277929155,0.4843962008141113,0.2247956403269754,0.0776699029126213,0.7978290366350068,0.7042062415196744,0.8523809523809524,0.8503401360544218,0.466484268125855,0.7008196721311475,0.3346938775510204,0.5614754098360656,0.6570247933884297,0.8039617486338798,0.5510204081632653,0.9046728971962616,0.3633879781420764,0.2997275204359673,0.5027322404371585,0.4185888738127544,0.5630936227951153,0.208955223880597,0.2327001356852103,0.2265943012211669,0.2198100407055631,0.2632293080054274,39,1.0,6.4,21,61
06073008356,0.725273771959436,1.0,0.4883285957834052,1.0,0.6663025318675638,1.0,0.5307700739464676,1.0,0.7885270420194284,1.0,0.5966955028463939,1.0,0.2318860244233379,1.0,1.0,0.5753976489780046,57.53976489780046,3976,306,124707.0,1.7,2.0,52.3,320,84.9,4.511278195488721,3884,420,14.2,9.6,32.98245614035088,5.409356725146199,15.452706120384422,58.333333333333336,14.198782961460449,3.1847133757961785,9.808853118712271,4.144368388,5.190058479532164,23.51874244256348,96.78362573099416,13.0,19.25,22.125,12.625,10.5,10.625,3.0,0.5440976933514248,0.6532593619972261,0.9318801089918256,0.7718579234972678,0.6335149863760218,0.4932157394843962,0.494550408719346,0.2815533980582524,0.496607869742198,0.5386702849389416,0.7938775510204081,0.8360544217687075,0.9151846785225718,0.4275956284153005,0.273469387755102,0.5068306010928961,0.7134986225895317,0.6502732240437159,0.8258503401360544,0.9644859813084112,0.3674863387978142,0.8283378746594006,0.5942622950819673,0.4640434192672998,0.5630936227951153,0.2116689280868385,0.2327001356852103,0.2320217096336499,0.2198100407055631,0.2632293080054274,39,1.0,6.7,20,61
06073008357,0.4817173641256775,1.0,0.6888084585857329,1.0,0.5488023703375515,1.0,0.3717218358940983,1.0,0.6626948965095183,1.0,0.6199232689606567,1.0,0.2504748982360922,1.0,1.0,0.5177347275213325,51.77347275213325,4619,539,111332.0,4.0,5.6,55.5,605,95.2,0.0,4443,521,14.3,10.7,56.342182890855455,17.27917472598324,12.901824500434406,55.57704706640877,26.442307692307693,0.0,19.484736956051098,18.80522713,10.31592520954223,23.904202440126525,99.22630560928434,11.5,20.0,23.75,13.25,12.125,11.25,3.5,0.2910447761194029,0.5242718446601942,0.6716621253405994,0.4398907103825137,0.6791553133514986,0.8629579375848032,0.914850136239782,0.6955617198335645,0.3636363636363636,0.3968792401628223,0.780952380952381,0.6537414965986394,0.5321477428180574,0.1065573770491803,0.3768707482993197,0.4713114754098361,0.4393939393939394,0.9405737704918032,0.545578231292517,0.7252336448598131,0.151639344262295,0.8242506811989101,0.8838797814207651,0.3860244233378562,0.5943012211668928,0.2225237449118046,0.2449118046132971,0.2645861601085482,0.2293080054274084,0.291044776119403,42,1.5,8.1,17,61
06073008348,0.7637983923977127,1.0,0.6133395682097703,1.0,0.618058363101007,1.0,0.7244788288933568,1.0,0.7415545985021381,1.0,0.6670029233235558,1.0,0.2542740841248304,1.0,1.0,0.6260723940789102,62.60723940789102,5110,238,161447.0,4.0,1.1,54.2,510,89.7,0.0,4876,486,13.3,9.2,38.66943866943867,4.147196261682243,5.102243398848521,71.32009345794393,11.914893617021278,5.0471436494731,9.001956947162427,8.761667704,4.0887850467289715,31.666666666666664,99.35747663551402,8.5,20.25,24.75,13.625,12.125,11.875,3.5,0.6519674355495251,0.8640776699029126,0.6716621253405994,0.8674863387978142,0.6553133514986376,0.7917232021709634,0.6975476839237057,0.6955617198335645,0.253731343283582,0.4504748982360922,0.8768707482993198,0.891156462585034,0.8495212038303693,0.5368852459016393,0.8585034013605441,0.6530054644808743,0.7741046831955922,0.4603825136612022,0.8476190476190476,0.8841121495327102,0.4713114754098361,0.6307901907356948,0.8989071038251366,0.2327001356852103,0.60719131614654,0.2272727272727272,0.2510176390773406,0.2645861601085482,0.2374491180461329,0.291044776119403,44,1.5,5.8,14,61
06073008349,0.6891311358824441,1.0,0.5578737711115359,1.0,0.6203961638929656,1.0,0.6313220598952505,1.0,0.7544093890552358,1.0,0.5647957892229122,1.0,0.2504748982360922,1.0,1.0,0.5812004581852052,58.12004581852051,3539,317,150114.0,5.1,0.9,43.4,283,91.0,0.0,3423,527,14.3,10.5,35.07853403141361,9.800362976406534,6.458923512747876,65.33575317604355,7.333333333333333,1.607142857142857,23.17038711500424,8.612321095,7.6225045372050815,22.60869565217391,96.82395644283122,11.0,20.25,23.75,13.25,12.125,11.25,3.5,0.5291723202170964,0.8155339805825242,0.5245231607629428,0.8872950819672131,0.5149863760217984,0.4246947082767978,0.7479564032697548,0.6955617198335645,0.630257801899593,0.3873812754409769,0.780952380952381,0.6829931972789116,0.8946648426812586,0.244535519125683,0.7945578231292517,0.5915300546448088,0.8898071625344353,0.7950819672131147,0.4448979591836735,0.8878504672897196,0.2390710382513661,0.8542234332425068,0.6010928961748634,0.3568521031207598,0.60719131614654,0.2225237449118046,0.2449118046132971,0.2645861601085482,0.2293080054274084,0.291044776119403,43,1.5,6.7,15,61
06073008351,0.5931898911442842,1.0,0.4458402023863155,1.0,0.5807006248903903,1.0,0.3839172306360592,1.0,0.6613637237376365,1.0,0.6951529409429084,1.0,0.2716417910447761,1.0,1.0,0.5188294863974815,51.88294863974815,5122,220,142516.0,4.5,7.8,44.8,683,72.8,10.714285714285714,4760,568,13.6,9.5,50.85536547433903,9.257950530035336,19.281366581582564,53.78091872791519,22.65446224256293,0.0,26.94260054666146,12.60734287,1.060070671378092,28.441879637262986,96.18374558303888,9.5,20.75,26.5,13.625,13.875,13.125,3.5,0.6845318860244234,0.7725381414701803,0.6076294277929155,0.3080601092896174,0.5374659400544959,0.9063772048846676,0.1580381471389645,0.1511789181692094,0.2890094979647218,0.3310719131614654,0.8523809523809524,0.8503401360544218,0.6484268125854993,0.2581967213114754,0.1795918367346939,0.4494535519125683,0.524793388429752,0.9405737704918032,0.363265306122449,0.8168224299065421,0.8237704918032787,0.7220708446866485,0.5396174863387978,0.2856173677069199,0.6363636363636364,0.2455902306648575,0.2510176390773406,0.3120759837177748,0.2584803256445047,0.291044776119403,47,2.125,6.3,14,61
06073008352,0.6788202344114431,1.0,0.6204708981836314,1.0,0.6134266053775649,1.0,0.3193824136593257,1.0,0.6666551428812437,1.0,0.646146325000124,1.0,0.2066485753052917,1.0,1.0,0.5359357421169465,53.59357421169465,3738,261,114493.0,2.9,2.5,44.5,443,92.9,0.0,3626,490,14.7,10.4,61.72248803827751,7.062436028659161,27.07317073170732,56.49948822927329,13.94422310756972,12.29802513464991,7.758159443552702,5.438705663,1.7400204708290683,34.51187335092348,97.64585465711362,12.0,18.75,19.375,11.0,8.75,8.75,2.375,0.6031207598371777,0.5686546463245492,0.826975476839237,0.7165300546448088,0.5340599455040872,0.7109905020352781,0.8303814713896458,0.6955617198335645,0.5671641791044777,0.4457259158751696,0.7442176870748299,0.6965986394557824,0.3761969904240766,0.3469945355191257,0.074829931972789,0.4795081967213114,0.7203856749311295,0.1079234972677595,0.8925170068027211,0.9457943925233644,0.7281420765027322,0.5313351498637602,0.6789617486338798,0.4185888738127544,0.5332428765264586,0.194708276797829,0.21438263229308,0.2048846675712347,0.2048846675712347,0.21438263229308,35,1.0,7.4,22,61
06073008353,0.7636589600818445,1.0,0.4541337628266841,1.0,0.6583674853930718,1.0,0.7093927048516699,1.0,0.7680170475061926,1.0,0.5859762362085138,1.0,0.1716417910447761,1.0,1.0,0.5873125697018218,58.73125697018218,4372,114,153376.0,6.1,0.0,56.8,262,85.4,12.568306010928962,4327,403,13.3,9.8,24.0,0.4578155657292347,14.993058769088384,74.29692609548725,3.7815126050420167,6.938527084601338,8.920402561756633,4.16925949,4.970568999345978,32.701949860724234,98.29954218443427,13.5,18.75,16.375,9.625,6.5,7.5,1.125,0.8717774762550882,0.8294036061026352,0.385558583106267,0.967896174863388,0.696866485013624,0.3588873812754409,0.5231607629427792,0.1262135922330097,0.3826322930800543,0.5671641791044777,0.8768707482993198,0.8068027210884354,0.963064295485636,0.8879781420765027,0.2870748299319727,0.6994535519125683,0.9449035812672176,0.314207650273224,0.8503401360544218,0.9626168224299064,0.3852459016393442,0.5980926430517711,0.7745901639344263,0.4864314789687924,0.5332428765264586,0.1736770691994572,0.1702849389416553,0.1696065128900949,0.1784260515603799,0.166214382632293,29,0.5,5.7,25,61
06073005500,0.6534778294320746,0.75,0.5270209445827972,1.0,0.7496709402892772,1.0,0.5254586184454719,1.0,0.5390933832232737,1.0,0.965655291017108,1.0,0.9364993215739486,1.0,1.0,0.6995537612234216,69.95537612234216,290,0,,34.0,0.0,51.2,18,8.7,0.0,75,0,22.8,6.1,0.0,0.0,20.689655172413794,0.0,0.0,0.0,144.82758620689657,57.84691973,0.0,14.534883720930234,100.0,27.5,28.25,225.0,101.625,99.5,151.875,36.875,0.9925373134328358,,0.0,0.967896174863388,0.6164850136239782,0.0081411126187245,0.0027247956403269,0.6955617198335645,0.989145183175034,0.994572591587517,0.0176870748299319,0.997278911564626,0.9958960328317372,0.950136612021858,0.1510204081632653,0.0047814207650273,0.9855371900826446,0.9405737704918032,0.019047619047619,0.211214953271028,0.967896174863388,0.9604904632152588,0.9685792349726776,0.8710990502035278,0.968113975576662,0.9402985074626866,0.9185888738127544,0.9280868385345996,0.9531886024423338,0.9423337856173676,198,24.75,9.2,50,51
06073005700,0.3002808236407758,1.0,0.4354267138347121,1.0,0.3821329345849601,1.0,0.3663226194023168,1.0,0.38323575353306,1.0,0.3318021867849893,1.0,0.8762550881953868,1.0,1.0,0.4393508742823145,43.93508742823145,2451,879,76250.0,9.0,2.7,43.5,133,75.2,24.0,2216,542,20.0,14.8,50.94760312151616,1.5732546705998034,36.9811320754717,8.652900688298919,25.97402597402597,1.4534883720930232,77.92737658098734,58.45675171,24.385447394296953,29.73856209150327,93.5103244837758,23.0,27.25,202.75,91.375,88.375,133.75,31.0,0.1180461329715061,0.1983356449375866,0.1846049046321526,0.700136612021858,0.5170299727520435,0.1404341926729986,0.2023160762942779,0.0499306518723994,0.9050203527815468,0.3595658073270014,0.0986394557823129,0.1653061224489795,0.6456908344733242,0.7691256830601093,0.0176870748299319,0.0327868852459016,0.4483471074380165,0.8101092896174864,0.0707482993197279,0.2037383177570093,0.0204918032786884,0.6811989100817439,0.2937158469945355,0.7706919945725916,0.932157394843962,0.8873812754409769,0.8663500678426052,0.878561736770692,0.8873812754409769,0.8616010854816825,191,23.0,12.8,38,51
06073009201,0.3493947007650341,1.0,0.6068531062468777,1.0,0.3195368242276558,1.0,0.2082760935102214,1.0,0.2833802631309092,1.0,0.6840850096534199,1.0,0.7928086838534599,1.0,1.0,0.4634763830553683,46.34763830553683,6288,360,86111.0,5.5,11.6,33.4,991,72.9,3.978779840848806,4954,977,19.3,9.5,69.51901565995526,6.38481449525453,22.251096313139517,22.217428817946505,37.08281829419035,8.776072412436049,18.447837150127224,69.20970753,4.270923209663503,21.32075471698113,97.97238999137188,27.0,27.75,161.375,76.375,76.75,103.125,24.625,0.4721845318860244,0.3023578363384188,0.4686648501362398,0.1543715846994535,0.3739782016348774,0.9810040705563092,0.159400544959128,0.3065187239944521,0.2347354138398915,0.0461329715061058,0.146938775510204,0.8503401360544218,0.2038303693570451,0.3770491803278688,0.1238095238095238,0.1284153005464481,0.2451790633608815,0.2076502732240437,0.5741496598639455,0.1065420560747663,0.4494535519125683,0.8746594005449592,0.7281420765027322,0.8616010854816825,0.9586160108548168,0.7937584803256446,0.7944369063772049,0.8086838534599728,0.7917232021709634,0.7754409769335142,187,15.0,8.8,44,52
06073009301,0.3453201266097407,1.0,0.6569045646297019,1.0,0.3915473652147426,1.0,0.4863121840425076,1.0,0.4838206862337397,1.0,0.7114297484154991,1.0,0.8350067842605157,1.0,1.0,0.5586202084866353,55.862020848663526,5084,517,112923.0,8.8,7.6,43.2,473,76.4,0.0,4683,770,16.4,10.8,49.25925925925926,3.808487486398259,16.19913077834848,54.02611534276387,31.898238747553815,5.598356445814073,14.555468135326514,34.98444306,2.3939064200217626,22.620827105132037,97.2252448313384,24.5,27.5,172.625,82.75,85.0,111.25,30.5,0.3134328358208955,0.550624133148405,0.1961852861035422,0.3210382513661202,0.5136239782016349,0.7564450474898237,0.220708446866485,0.6955617198335645,0.2998643147896879,0.1255088195386703,0.5027210884353741,0.638095238095238,0.6812585499316006,0.5560109289617486,0.2530612244897959,0.4549180327868852,0.3333333333333333,0.4153005464480874,0.6857142857142857,0.5009345794392523,0.6475409836065573,0.8501362397820164,0.6366120218579235,0.8073270013568521,0.9477611940298508,0.8208955223880597,0.8263229308005428,0.8534599728629579,0.8188602442333786,0.8554952510176391,193,16.75,7.4,42,52
06073009506,0.6079095072345662,1.0,0.5637796516666498,1.0,0.6762747025540202,1.0,0.6929952728327321,1.0,0.8368919548036164,1.0,0.7173868266801665,1.0,0.7678426051560381,1.0,1.0,0.6947257887039698,69.47257887039699,4366,280,160956.0,6.6,3.1,65.6,256,80.3,0.0,4185,320,14.2,9.9,41.05263157894737,2.711223203026482,9.322429906542055,74.96847414880202,9.108159392789371,1.3067828251400124,10.077874484654146,10.11823273,1.639344262295082,24.592487597448617,96.7843631778058,12.0,24.5,142.625,68.625,67.625,91.875,24.625,0.5712347354138398,0.8626907073509015,0.3371934604904631,0.66051912568306,0.8167574931880109,0.3487109905020353,0.3181198910081744,0.6955617198335645,0.4219810040705563,0.7042062415196744,0.7938775510204081,0.7850340136054421,0.8166894664842681,0.6639344262295082,0.5755102040816327,0.7158469945355191,0.837465564738292,0.8224043715846995,0.8204081632653062,0.8672897196261682,0.7472677595628415,0.8092643051771117,0.5956284153005464,0.4185888738127544,0.7849389416553596,0.7591587516960652,0.7693351424694709,0.7788331071913162,0.7564450474898237,0.7754409769335142,196,13.875,5.1,18,52
06073009602,0.8076192734279048,1.0,0.6408212149673128,1.0,0.6473797524437184,1.0,0.7347503736530832,1.0,0.56182726186641,1.0,0.6264076870008884,1.0,0.8293080054274083,1.0,1.0,0.692587652683818,69.2587652683818,4016,110,141442.0,1.9,3.1,56.9,351,84.9,0.0,3874,382,14.1,10.5,34.93670886075949,1.2070006035003018,10.082977118430977,75.1961375980688,10.70615034168565,4.988532110091743,18.177290836653388,43.33540759,0.7845503922751962,29.09418116376725,93.72359686179844,15.5,25.75,169.875,83.25,82.5,110.625,29.375,0.8799185888738128,0.768377253814147,0.9216621253405994,0.66051912568306,0.6995912806539509,0.5556309362279511,0.494550408719346,0.6955617198335645,0.4979647218453188,0.6037991858887382,0.8047619047619048,0.6829931972789116,0.896032831737346,0.8087431693989071,0.5156462585034014,0.7185792349726776,0.8044077134986226,0.4672131147540983,0.5850340136054422,0.3906542056074766,0.8688524590163934,0.7043596730245232,0.3060109289617486,0.5413839891451832,0.8582089552238806,0.8154681139755766,0.8283582089552238,0.844640434192673,0.8154681139755766,0.8426051560379919,202,17.625,5.2,27,52
06073008307,0.4492178099290468,1.0,0.4652562686101046,1.0,0.6989177489177488,1.0,0.5937938175651503,1.0,0.6607358116962577,1.0,0.3871889936123643,1.0,0.5156037991858888,1.0,1.0,0.5386734642166517,53.867346421665175,4355,358,108667.0,6.4,5.2,71.0,252,65.3,1.4925373134328357,4190,341,12.7,9.9,69.71428571428572,0.4807692307692308,9.962756052141527,78.96634615384616,22.0125786163522,6.569343065693431,8.495981630309988,8.512756689,12.259615384615383,21.8293620292083,91.88701923076924,12.5,21.5,61.0,29.625,27.125,35.0,7.375,0.4762550881953867,0.4909847434119279,0.3549046321525886,0.4747267759562842,0.8794277929155313,0.3398914518317503,0.0851498637602179,0.3730929264909847,0.4206241519674355,0.6702849389416554,0.9197278911564626,0.7850340136054421,0.1997264021887824,0.8825136612021858,0.5238095238095238,0.7691256830601093,0.5385674931129476,0.3415300546448088,0.8693877551020408,0.8934579439252337,0.0928961748633879,0.8664850136239782,0.2021857923497267,0.443012211668928,0.6709633649932157,0.5379918588873813,0.5400271370420624,0.5332428765264586,0.5352781546811397,0.4314789687924016,96,4.25,4.3,20,57
06073008327,0.7345721892022635,1.0,0.5184942505819076,1.0,0.5720963826507537,1.0,0.7549189691126166,1.0,0.6435046267284084,1.0,0.8522009301032841,1.0,0.0563093622795115,1.0,1.0,0.5902995300941065,59.029953009410654,6039,179,192234.0,2.1,7.5,78.2,268,83.3,0.0,5797,517,12.7,9.5,45.28,1.4078674948240166,6.5957800299053,73.62318840579711,28.000000000000004,4.052443384982122,10.597781089584368,13.8643435,0.4968944099378882,25.462962962962965,98.92339544513456,9.0,15.75,6.875,4.875,2.0,1.875,0.0,0.7550881953867028,0.9472954230235784,0.9087193460490464,0.3271857923497268,0.9536784741144414,0.3778833107191316,0.4305177111716621,0.6955617198335645,0.1153324287652646,0.4029850746268657,0.9197278911564626,0.8503401360544218,0.7537619699042408,0.7896174863387978,0.7836734693877551,0.6926229508196722,0.4077134986225895,0.5765027322404371,0.7972789115646258,0.7925233644859813,0.9153005464480874,0.7833787465940054,0.8579234972677595,0.2611940298507462,0.3921302578018996,0.0508819538670284,0.073270013568521,0.0495251017639077,0.0610583446404341,0.0468113975576662,13,0.5,4.3,16,57
06073008330,0.5915752023436949,1.0,0.4576857713037874,1.0,0.7041268610564986,1.0,0.5061329907487204,1.0,0.6945375003567099,1.0,0.5255852851109025,1.0,0.057259158751696,1.0,1.0,0.5052718242388584,50.52718242388584,5321,519,164821.0,3.7,5.5,79.4,142,70.8,0.0,5243,295,12.4,8.6,49.86338797814208,8.37669094693028,9.38097057699656,57.07596253902185,21.38979370249729,6.562955760816723,8.269122345423792,1.269446173,6.971904266389179,19.191226867717617,94.84911550468264,11.5,16.5,7.75,4.625,2.5,1.875,0.0,0.3120759837177748,0.8765603328710125,0.7247956403269755,0.4528688524590164,0.9611716621253406,0.1540027137042062,0.1246594005449591,0.6955617198335645,0.1913161465400271,0.7421981004070557,0.9421768707482994,0.9408163265306122,0.6716826265389877,0.2923497267759563,0.5714285714285714,0.4890710382513661,0.559228650137741,0.3428961748633879,0.8816326530612245,0.994392523364486,0.2568306010928961,0.9073569482288828,0.412568306010929,0.3860244233378562,0.4246947082767978,0.059023066485753,0.064450474898236,0.0549525101763907,0.0610583446404341,0.0468113975576662,15,0.0,4.1,17,59
06073010900,0.6741846295100361,1.0,0.5197936428945579,1.0,0.9177212268896704,1.0,0.6232260441347717,1.0,0.4646382760750353,1.0,0.8757413776844697,1.0,0.776797829036635,1.0,1.0,0.6931575751750252,69.31575751750252,1658,24,169750.0,8.8,3.4,71.1,81,77.9,0.0,1489,102,12.1,10.0,40.75829383886256,5.636070853462158,8.121212121212121,64.4122383252818,13.90728476821192,22.082810539523212,0.0,68.74922215,0.966183574879227,16.901408450704224,98.87278582930756,12.0,25.0,154.375,67.5,65.0,102.5,25.5,0.9810040705563092,0.8918169209431346,0.1961852861035422,0.6277322404371585,0.8814713896457765,0.0576662143826322,0.2513623978201635,0.6955617198335645,0.9742198100407056,0.9755766621438264,0.9605442176870748,0.7605442176870748,0.826265389876881,0.4139344262295081,0.6734693877551021,0.5792349726775956,0.7231404958677685,0.0327868852459016,0.9904761904761904,0.1121495327102803,0.8415300546448088,0.935967302452316,0.8497267759562842,0.4185888738127544,0.8141112618724559,0.7822252374491181,0.762550881953867,0.7605156037991859,0.7869742198100407,0.7917232021709634,190,18.125,3.6,21,49
06073011000,0.6157864527135622,1.0,0.5949353359649995,1.0,0.730734315435808,1.0,0.3720041829160181,1.0,0.3401926484405557,1.0,0.7811676419350517,1.0,0.798507462686567,1.0,1.0,0.6047611485846518,60.47611485846518,2922,77,109132.0,2.3,12.0,66.8,124,86.1,0.0,2426,325,14.9,10.8,59.59821428571429,2.172389628591451,27.481177275838466,37.21093202522775,61.29032258064516,17.083091226031378,0.0,52.2215308,1.6818500350385426,25.620567375886527,98.73861247372108,13.5,26.0,166.625,75.625,69.0,110.625,25.5,0.9253731343283582,0.4951456310679611,0.8985013623978202,0.1441256830601093,0.8351498637602179,0.121438263229308,0.5565395095367848,0.6955617198335645,0.8751696065128901,0.6953867028493894,0.7142857142857143,0.638095238095238,0.4404924760601915,0.7062841530054644,0.0707482993197279,0.2704918032786885,0.0316804407713499,0.0601092896174862,0.9904761904761904,0.2785046728971962,0.7404371584699454,0.7779291553133515,0.825136612021858,0.4864314789687924,0.8744911804613297,0.8100407055630936,0.7910447761194029,0.7842605156037992,0.8154681139755766,0.7917232021709634,197,18.625,5.4,24,50
06073011100,0.5311401558468511,1.0,0.457657360934667,1.0,0.6203008611857226,1.0,0.4820588309666223,1.0,0.447732311886803,1.0,0.6421310979090048,1.0,0.7843962008141111,1.0,1.0,0.5664881170776831,56.64881170776831,3641,199,123288.0,6.1,6.5,70.3,208,76.3,12.615384615384617,3194,643,13.7,10.2,60.498687664041995,0.0,20.7039911308204,50.094876660341555,26.02040816326531,13.98258977149075,0.274649821477616,52.1966397,7.969639468690702,16.496465043205028,98.22896900695764,12.0,25.75,159.0,72.0,66.25,105.625,24.875,0.7198100407055631,0.6407766990291263,0.385558583106267,0.3784153005464481,0.8705722070844687,0.2564450474898236,0.2173024523160762,0.1248266296809985,0.6852103120759837,0.2225237449118046,0.8421768707482993,0.7312925170068028,0.4172366621067032,0.950136612021858,0.1496598639455783,0.4112021857923497,0.4449035812672176,0.0846994535519125,0.9809523809523808,0.2803738317757009,0.2226775956284152,0.9400544959128064,0.7636612021857924,0.4185888738127544,0.8582089552238806,0.7910447761194029,0.7815468113975577,0.7666214382632293,0.8018995929443691,0.7808683853459973,193,17.625,4.4,21,50
06073013306,0.1789183490765169,1.0,0.4155535246414446,1.0,0.3672382521529643,1.0,0.4183121494880835,1.0,0.2962981385735321,1.0,0.527642530635339,1.0,0.5164179104477612,1.0,1.0,0.388625836430806,38.8625836430806,4156,644,87757.0,18.5,11.0,15.4,194,92.5,13.191489361702128,3839,522,17.3,14.6,80.0,18.173836698858647,3.953712632594021,67.5153643546971,28.054298642533936,13.38403041825095,24.302213666987488,52.59489732,3.0728709394205445,48.854041013269,98.94644424934152,28.5,14.75,61.125,28.25,24.125,37.5,8.25,0.2137042062415196,0.3148404993065187,0.0108991825613079,0.1762295081967213,0.0878746594005449,0.2279511533242876,0.8092643051771117,0.117891816920943,0.5156037991858887,0.3941655359565807,0.3795918367346939,0.1795918367346939,0.0526675786593707,0.0915300546448087,0.91156462585034,0.6174863387978142,0.4035812672176309,0.0928961748633879,0.4176870748299319,0.2710280373831776,0.5737704918032787,0.1485013623978202,0.860655737704918,0.8921302578018996,0.3582089552238806,0.5400271370420624,0.5298507462686567,0.4864314789687924,0.5495251017639078,0.4762550881953867,86,10.5,12.0,51,44
06073013206,0.1602235491258902,1.0,0.3963095128146633,1.0,0.1211440478498047,1.0,0.3181579932773719,1.0,0.3961279034428728,1.0,0.2690959038727833,1.0,0.5518317503392131,1.0,1.0,0.3161272372460856,31.612723724608564,6087,1103,54293.0,16.2,4.8,9.4,89,94.6,26.16487455197133,5749,975,17.9,18.6,74.09448818897638,22.951582867783983,5.388532939050435,37.988826815642454,16.612903225806452,8.322663252240718,29.078363725973382,44.95332918,9.636871508379889,34.50704225352113,88.96648044692738,29.0,17.0,71.25,30.75,28.0,45.625,9.25,0.067842605156038,0.0471567267683772,0.0224795640326975,0.5034153005464481,0.0190735694822888,0.073270013568521,0.8896457765667575,0.0471567267683772,0.1207598371777476,0.0474898236092266,0.3054421768707482,0.0108843537414965,0.1135430916552667,0.0341530054644808,0.8489795918367347,0.2759562841530054,0.6528925619834711,0.2404371584699454,0.3210884353741496,0.3700934579439252,0.1775956284153005,0.5326975476839237,0.0969945355191256,0.9029850746268656,0.4457259158751696,0.5664857530529173,0.5481682496607869,0.5386702849389416,0.582089552238806,0.5237449118046132,94,11.0,15.8,52,44
06073013301,0.4222588878526885,1.0,0.5760019498857353,1.0,0.3919881113910964,1.0,0.6576352042914001,1.0,0.6278742199574422,1.0,0.2046276857104569,1.0,0.6545454545454545,1.0,1.0,0.5049902162334677,50.49902162334677,4863,488,92813.0,5.5,4.6,21.1,448,84.1,0.0,4447,504,16.3,13.7,61.30952380952381,2.4359775140537163,3.45612582781457,66.83322923173017,18.620689655172416,0.0,22.002878881348963,36.15432483,8.057464084946908,41.8724279835391,88.13241723922548,27.5,18.5,103.0,48.25,43.625,65.0,15.25,0.3310719131614654,0.3606102635228849,0.4686648501362398,0.5286885245901639,0.1989100817438692,0.7191316146540027,0.4516348773841961,0.6955617198335645,0.3622795115332429,0.4151967435549525,0.5183673469387755,0.2721088435374149,0.3926128590971272,0.6844262295081966,0.9455782312925172,0.6079234972677595,0.6170798898071626,0.9405737704918032,0.473469387755102,0.4803738317757009,0.2172131147540983,0.3188010899182562,0.0778688524590164,0.8710990502035278,0.519674355495251,0.6594301221166893,0.6567164179104478,0.6417910447761194,0.6594301221166893,0.655359565807327,155,15.25,10.0,46,46
06073013302,0.4496380556801755,1.0,0.5705219943300296,1.0,0.236794921496414,1.0,0.515179848149706,1.0,0.6041996483867812,1.0,0.6585065489396128,1.0,0.6276797829036636,1.0,1.0,0.5232172571266261,52.32172571266261,6832,569,112464.0,3.2,10.8,17.9,364,97.9,2.480916030534351,6299,824,16.2,13.9,64.24870466321244,14.519427402862986,3.286959180553432,71.77914110429448,24.59349593495935,3.740157480314961,11.563231850117097,30.29247044,0.0,28.795569912321184,93.59236537150647,28.5,18.0,92.125,43.625,37.625,58.75,13.375,0.2720488466757124,0.5450762829403606,0.797683923705722,0.1837431693989071,0.1314713896457765,0.582089552238806,0.9686648501362398,0.3467406380027739,0.0651289009497965,0.0963364993215739,0.5360544217687075,0.2496598639455782,0.3119015047879617,0.1325136612021857,0.9551020408163264,0.6612021857923497,0.4738292011019284,0.6038251366120219,0.7727891156462585,0.5663551401869159,0.967896174863388,0.7098092643051771,0.2978142076502732,0.8921302578018996,0.5020352781546812,0.6350067842605156,0.6255088195386703,0.6044776119402985,0.6445047489823609,0.6289009497964722,136,12.75,10.1,47,46
06073019903,0.4437942742254047,1.0,0.319209968183412,1.0,0.4583236415325967,1.0,0.486839163801243,1.0,0.5535733868687991,1.0,0.543473891097512,1.0,0.4451831750339213,1.0,1.0,0.464342500106127,46.4342500106127,4961,472,110068.0,8.7,2.5,28.4,369,87.2,37.34177215189873,4183,391,16.6,13.1,58.932238193018485,10.977242302543509,8.218344155844155,66.93440428380187,26.6384778012685,5.142857142857142,19.754081838339044,13.76477909,0.4685408299866131,43.87417218543047,95.24765729585006,7.5,11.25,45.0,19.5,22.0,23.75,7.625,0.3507462686567164,0.507628294036061,0.2002724795640327,0.7165300546448088,0.2901907356948229,0.5922659430122117,0.6069482288828338,0.0221914008321775,0.4240162822252374,0.5902306648575305,0.4768707482993197,0.3421768707482993,0.4569083447332421,0.2144808743169398,0.6639455782312925,0.6120218579234973,0.4352617079889807,0.4453551912568306,0.5374149659863945,0.7962616822429907,0.9234972677595628,0.2656675749318801,0.4412568306010929,0.1791044776119403,0.2245590230664857,0.4654002713704206,0.417910447761194,0.4382632293080054,0.4613297150610583,0.443012211668928,59,4.5,8.2,15,21
06073006000,0.5832852385305077,1.0,0.6833051046593036,1.0,0.4536586547780578,1.0,0.517921314541829,1.0,0.4906923861613572,1.0,0.4510157184477102,1.0,0.8716417910447761,1.0,1.0,0.5787886011662202,57.87886011662202,4964,692,102404.0,3.6,0.0,65.1,710,41.6,0.0,4796,820,14.1,10.8,43.83561643835616,0.6350392230108329,24.804607157548332,42.734404183787824,0.0,6.594556873691556,33.440773569701854,44.20659614,8.703772880089652,25.44927536231884,94.47142323496452,20.5,28.75,199.75,92.75,88.125,131.875,29.625,0.1906377204884667,0.435506241331484,0.7391008174386922,0.967896174863388,0.8065395095367848,0.9185888738127544,0.0088555858310626,0.6955617198335645,0.2713704206241519,0.1004070556309362,0.8047619047619048,0.638095238095238,0.7756497948016416,0.8688524590163934,0.1006802721088435,0.3265027322404371,0.9855371900826446,0.3346994535519125,0.2612244897959184,0.3813084112149533,0.1994535519125683,0.784741144414169,0.3688524590163934,0.694708276797829,0.9755766621438264,0.8772048846675712,0.8805970149253731,0.8751696065128901,0.8799185888738128,0.8453188602442334,192,22.0,5.3,38,51
06073006100,0.4468994404876578,1.0,0.5962176642370683,1.0,0.7502651399772934,1.0,0.4702316706324161,1.0,0.1696502101252648,1.0,0.5091409697096033,1.0,0.823337856173677,1.0,1.0,0.537963278763283,53.7963278763283,2115,179,109750.0,11.2,5.7,68.0,260,85.6,10.909090909090908,1929,156,16.4,10.8,42.1602787456446,5.232558139534884,14.37440305635148,42.53875968992248,26.900584795321635,15.823817292006526,51.06382978723404,79.25326696,5.135658914728682,13.500482160077146,91.76356589147288,21.0,29.25,179.5,81.375,78.875,116.875,26.75,0.7550881953867028,0.5,0.1014986376021798,0.4310109289617486,0.8474114441416893,0.3541383989145183,0.5340599455040872,0.1456310679611651,0.9335142469470828,0.926729986431479,0.5027210884353741,0.638095238095238,0.7934336525307797,0.4453551912568306,0.3183673469387755,0.3237704918032787,0.4269972451790633,0.069672131147541,0.1333333333333333,0.0485981308411215,0.3729508196721312,0.9632152588555858,0.1912568306010929,0.7103120759837178,0.985753052917232,0.8371777476255088,0.8141112618724559,0.8242876526458616,0.8378561736770692,0.8032564450474898,189,19.375,6.8,39,51
06073006300,0.895110618569279,0.5,0.5317098013375791,1.0,0.7523874135814436,1.0,0.0081632653061224,0.25,0.5762858414393794,0.5,0.9659400544959128,0.3333333333333333,0.7758480325644505,1.0,1.0,0.6436350038991667,64.36350038991667,2038,0,,3.2,,11.9,279,98.0,5.2396878483835,0,0,22.1,7.3,,,42.05103042198234,,,,1.9627085377821392,61.6925949,,13.28560063643596,,17.0,27.0,156.625,70.125,66.875,102.5,23.375,0.9925373134328358,,0.797683923705722,,0.0374659400544959,0.4104477611940298,0.9713896457765668,0.2621359223300971,0.9959294436906376,0.994572591587517,0.0292517006802721,0.9897959183673468,,,0.0081632653061224,,,,0.9768707482993196,0.1757009345794392,,0.9659400544959128,,0.5888738127544098,0.9199457259158752,0.7883310719131614,0.776797829036635,0.7727272727272727,0.7869742198100407,0.7544097693351425,187,14.5,12.4,31,52
06073009603,0.2227749623761825,1.0,0.7688758267239862,1.0,0.1713159619342988,1.0,0.2131193937735216,1.0,0.1770809960922858,1.0,0.3224750971545986,1.0,0.9027137042062416,1.0,1.0,0.3969079917515879,39.690799175158794,6548,1355,57430.0,6.4,5.6,46.3,868,90.4,0.0,6077,854,20.2,12.4,67.03858670385867,8.030431107354184,26.646201074443592,33.61510284587207,41.06090373280943,7.481751824817519,61.2400733048259,67.40510268,11.045364891518735,38.53153435833072,94.87179487179486,23.0,26.75,199.75,99.0,99.25,130.625,36.0,0.0352781546811397,0.0610263522884882,0.3549046321525886,0.4398907103825137,0.5538147138964578,0.9592944369063772,0.726158038147139,0.6955617198335645,0.0854816824966079,0.0800542740841248,0.0925170068027211,0.4272108843537415,0.2462380300957592,0.3019125683060109,0.0775510204081633,0.226775956284153,0.1900826446280992,0.2868852459016393,0.1061224489795918,0.125233644859813,0.1284153005464481,0.4223433242506812,0.4166666666666667,0.7706919945725916,0.9077340569877884,0.8772048846675712,0.903663500678426,0.926729986431479,0.8751696065128901,0.9308005427408412,201,21.0,11.9,45,52
06073009604,0.5138062842020362,1.0,0.513127844202261,1.0,0.5723995975595122,1.0,0.6106937304086713,1.0,0.3154780428265293,1.0,0.4856625621020136,1.0,0.8951153324287653,1.0,1.0,0.5580404848185412,55.80404848185412,3532,284,92049.0,6.9,1.6,50.5,292,79.9,23.943661971830984,3280,516,15.7,11.1,48.66220735785953,2.0064724919093853,9.937178754997143,58.12297734627832,8.791208791208792,10.174418604651162,63.70328425821064,63.28562539,6.148867313915858,27.44413407821229,94.8220064724919,23.5,26.25,194.75,95.875,96.75,125.625,36.125,0.5617367706919946,0.3522884882108183,0.3208446866485014,0.8203551912568305,0.6042234332425068,0.4443690637720488,0.305858310626703,0.0513176144244105,0.6675712347354139,0.4050203527815468,0.6176870748299319,0.5993197278911564,0.6908344733242133,0.7213114754098361,0.5265306122448979,0.5040983606557377,0.8484848484848485,0.1557377049180327,0.1006802721088435,0.1570093457943925,0.3060109289617486,0.7425068119891007,0.4084699453551912,0.7869742198100407,0.8860244233378561,0.8683853459972863,0.8887381275440976,0.9226594301221168,0.8609226594301221,0.9348710990502036,201,20.375,6.5,44,52
06073009703,0.7720432394627076,1.0,0.5527239566465805,1.0,0.6081291132463841,1.0,0.8181516992996207,1.0,0.7471432112901912,1.0,0.5608227493138379,1.0,0.8293080054274083,1.0,1.0,0.6983317106695328,69.83317106695328,3565,133,149583.0,4.5,1.5,53.5,196,81.2,0.0,3457,493,14.7,10.8,38.41059602649007,0.0,8.97254457967733,85.65672844480258,1.547987616099071,5.411585365853658,11.781206171107996,12.0970753,2.73972602739726,28.61635220125786,94.3593875906527,15.5,25.5,169.125,83.25,81.75,109.375,30.0,0.8364993215739485,0.812760055478502,0.6076294277929155,0.8312841530054644,0.646457765667575,0.2320217096336499,0.358991825613079,0.6955617198335645,0.616010854816825,0.4341926729986431,0.7442176870748299,0.638095238095238,0.8522571819425444,0.950136612021858,0.601360544217687,0.8688524590163934,0.96831955922865,0.4262295081967213,0.7659863945578231,0.82803738317757,0.6120218579234973,0.7166212534059946,0.3538251366120218,0.5413839891451832,0.8419267299864315,0.8141112618724559,0.8283582089552238,0.841248303934871,0.8120759837177748,0.8507462686567164,201,17.625,5.3,27,52
06073009705,0.8196563681254051,1.0,0.6000986732964625,1.0,0.6659434737259897,1.0,0.6442351740543721,1.0,0.7564371601151391,1.0,0.767657817284833,1.0,0.8739484396200814,1.0,1.0,0.7325681580317546,73.25681580317546,3868,131,147083.0,2.7,1.9,65.3,381,85.5,19.883040935672515,3647,441,14.2,9.8,33.44155844155844,1.925820256776034,18.439531859557867,77.17546362339515,15.369261477045908,0.5673758865248227,16.028955532574976,12.54511512,1.783166904422254,32.393483709273184,100.0,20.5,26.0,188.875,93.25,91.75,121.875,32.75,0.83921302578019,0.8044382801664355,0.8494550408719346,0.7855191256830601,0.8099455040871935,0.6227951153324288,0.5286103542234333,0.0700416088765603,0.5630936227951153,0.5,0.7938775510204081,0.8068027210884354,0.908344733242134,0.7281420765027322,0.1959183673469388,0.744535519125683,0.6887052341597797,0.8715846994535519,0.6448979591836734,0.8205607476635515,0.7226775956284153,0.611716621253406,0.9685792349726776,0.694708276797829,0.8744911804613297,0.8548168249660787,0.8833107191316146,0.8962008141112618,0.8507462686567164,0.8846675712347354,200,19.875,5.0,35,52
06073009801,0.8147058908978653,1.0,0.5674151772835493,1.0,0.4982794746120972,1.0,0.6564543754978164,1.0,0.718113960292379,1.0,0.4319247777728145,1.0,0.7298507462686568,1.0,1.0,0.6309634860893112,63.09634860893112,5311,116,138866.0,0.5,3.1,61.6,90,86.4,0.0,5131,580,14.3,10.5,40.0,3.292568203198494,9.286675639300135,66.83913452492945,14.942528735632186,6.426056338028169,9.226134437958953,2.924704418,3.80997177798683,44.76351351351352,96.33113828786452,15.0,24.25,126.5,62.625,60.875,78.75,24.0,0.8663500678426052,0.7503467406380028,0.9816076294277928,0.66051912568306,0.7540871934604905,0.0759837177747625,0.5728882833787466,0.6955617198335645,0.208955223880597,0.3202170963364993,0.780952380952381,0.6829931972789116,0.8331053351573188,0.605191256830601,0.5782312925170068,0.6092896174863388,0.699724517906336,0.3565573770491803,0.8367346938775511,0.9794392523364486,0.494535519125683,0.2465940054495913,0.5546448087431693,0.5291723202170964,0.776797829036635,0.7103120759837178,0.7327001356852103,0.7347354138398915,0.7055630936227951,0.7659430122116689,188,14.125,5.2,26,51
06073011802,0.0614730182596888,1.0,0.5822184269171674,1.0,0.135137392813299,1.0,0.330422943100229,1.0,0.3588970704904966,1.0,0.3314349101413023,1.0,0.8671641791044775,1.0,1.0,0.3809639915466659,38.096399154666585,7019,1147,61947.0,11.5,22.0,15.8,316,93.8,3.3684210526315788,6069,618,19.4,16.5,72.12355212355213,19.823788546255507,4.452797455544311,32.69701419481155,48.24667472793229,3.1294452347083923,20.800683858099447,66.60858743,7.391091532060695,33.033788641265275,90.94468918257463,32.0,24.25,197.25,94.25,82.5,132.5,30.0,0.0576662143826323,0.087378640776699,0.0899182561307901,0.0109289617486338,0.0933242506811989,0.4843962008141113,0.8583106267029973,0.3259361997226074,0.0881953867028494,0.2598371777476255,0.1353741496598639,0.0571428571428571,0.1518467852257181,0.0601092896174862,0.891156462585034,0.2185792349726776,0.1267217630853994,0.6598360655737705,0.508843537414966,0.1401869158878504,0.2459016393442623,0.5844686648501363,0.1639344262295081,0.9545454545454546,0.776797829036635,0.8724559023066486,0.8846675712347354,0.844640434192673,0.8833107191316146,0.8507462686567164,198,21.875,16.7,56,50
06073013601,0.4959028490333804,1.0,0.5445891599833769,1.0,0.3939144721660713,1.0,0.7194277463177418,1.0,0.5535615353366642,1.0,0.3814614632500012,1.0,0.6457259158751697,1.0,1.0,0.5335118774232008,53.351187742320086,5214,257,122238.0,5.6,8.1,44.6,380,80.2,0.0,4923,667,15.5,11.9,44.60431654676259,3.4586466165413534,6.928948913681738,78.49624060150376,34.707903780068726,4.454022988505748,18.603759110088223,11.07654014,6.817042606516291,48.6587982832618,97.89473684210527,16.0,19.0,92.5,47.875,45.125,54.375,15.375,0.6105834464043419,0.6324549237170597,0.4502724795640327,0.2903005464480874,0.5354223433242506,0.6200814111261872,0.3126702997275204,0.6955617198335645,0.239484396200814,0.2062415196743554,0.6448979591836734,0.4850340136054422,0.7660738714090287,0.587431693989071,0.7605442176870748,0.7636612021857924,0.2713498622589532,0.5204918032786885,0.5700680272108843,0.8523364485981308,0.2663934426229508,0.1553133514986375,0.7226775956284153,0.5556309362279511,0.5481682496607869,0.6363636363636364,0.6526458616010855,0.6567164179104478,0.6241519674355496,0.658751696065129,143,10.375,6.6,27,51
06073014602,0.4340804430939354,1.0,0.4289650232113255,1.0,0.5404099631711572,1.0,0.6230466576642094,1.0,0.5221103062309371,1.0,0.5155757557709584,1.0,0.8137042062415196,1.0,1.0,0.5539846221977204,55.39846221977203,5155,370,132446.0,8.1,7.4,48.4,261,73.1,29.931972789115648,4753,406,15.5,10.6,59.66620305980529,0.0,9.633950120675784,61.31578947368421,19.167717528373267,2.813299232736573,24.63627546071775,43.31051649,1.789473684210526,39.39393939393939,95.05263157894736,20.0,23.5,165.0,80.25,79.125,102.5,28.875,0.4599728629579376,0.7059639389736477,0.239100817438692,0.3312841530054644,0.5831062670299727,0.3561736770691994,0.1634877384196185,0.0402219140083217,0.2903663500678426,0.5569877883310719,0.6448979591836734,0.6693877551020408,0.4377564979480164,0.950136612021858,0.5523809523809524,0.5519125683060109,0.6060606060606061,0.6816939890710383,0.4081632653061224,0.3925233644859813,0.7213114754098361,0.3978201634877384,0.4275956284153005,0.680461329715061,0.7503392130257802,0.8059701492537313,0.8127544097693351,0.8263229308005428,0.7869742198100407,0.8364993215739485,193,20.75,6.3,35,51
06073011300,0.4003806868664583,1.0,0.5051785218192311,1.0,0.7476365851632376,1.0,0.3118945881822039,1.0,0.5192117320225911,1.0,0.9102511129971264,1.0,0.7200814111261872,1.0,1.0,0.587804948311005,58.780494831100505,2304,0,111397.0,16.7,16.3,35.4,430,80.9,0.0,130,37,22.5,6.9,65.3061224489796,0.0,37.49456285341453,0.0,64.1025641025641,0.0,0.0,67.91537026,0.0,25.03536067892503,100.0,8.0,21.75,131.25,59.125,55.25,86.875,20.125,0.9925373134328358,0.5284327323162274,0.0177111716621253,0.0628415300546447,0.4128065395095368,0.689280868385346,0.3440054495912806,0.6955617198335645,0.9877883310719132,0.9864314789687924,0.0210884353741496,0.9952380952380953,0.2763337893296853,0.950136612021858,0.0163265306122448,0.0047814207650273,0.0261707988980716,0.9405737704918032,0.9904761904761904,0.119626168224299,0.967896174863388,0.7942779291553134,0.9685792349726776,0.2035278154681139,0.6858887381275441,0.7259158751696065,0.7150610583446404,0.7048846675712347,0.7421981004070556,0.7123473541383989,179,13.0,11.0,16,49
06073008511,0.5781173182477007,1.0,0.6682722062334246,1.0,0.4728684961094342,1.0,0.5495041363857781,1.0,0.4450720042083539,1.0,0.709221125355489,1.0,0.7370420624151968,1.0,1.0,0.5942996212793396,59.429962127933955,5607,382,140403.0,8.3,0.9,58.4,1001,69.2,0.0,4974,732,16.0,8.7,47.36537348002316,2.7248973497573723,9.050179211469532,34.1545352743561,23.35164835164835,8.316221765913758,0.0,81.53080274,1.269130272489735,25.76,96.30459126539752,21.0,24.75,133.75,64.25,62.125,85.625,20.75,0.4402985074626866,0.7614424410540915,0.2234332425068119,0.8872950819672131,0.7138964577656676,0.98236092265943,0.1096730245231607,0.6955617198335645,0.23202170963365,0.1512890094979647,0.5741496598639455,0.9340136054421768,0.7154582763337893,0.6612021857923498,0.5891156462585034,0.2322404371584699,0.5068870523415978,0.2418032786885245,0.9904761904761904,0.0411214953271028,0.8005464480874317,0.7752043596730245,0.5519125683060109,0.7103120759837178,0.7978290366350068,0.7354138398914518,0.7449118046132972,0.7476255088195387,0.7381275440976933,0.7191316146540027,185,11.25,6.9,42,52
06073017048,0.5110242253553416,1.0,0.5245030828571814,1.0,0.3438817046492952,1.0,0.3840720047073347,1.0,0.5930700615058696,1.0,0.4271278470143883,1.0,0.0962008141112618,1.0,1.0,0.411411391457239,41.1411391457239,6422,473,98007.0,2.0,6.4,43.1,449,92.6,4.773869346733668,6074,514,17.0,12.1,60.26615969581749,14.763869784502525,8.684587243518372,46.81338835396608,11.156462585034014,2.1534320323014806,18.997197134848957,50.57871811,4.401650618982118,34.92445054945055,94.03943145346172,9.0,19.25,10.75,7.875,3.75,3.75,0.0,0.3473541383989145,0.3952843273231622,0.9162125340599456,0.3852459016393442,0.5115803814713896,0.7225237449118046,0.8153950953678474,0.2732316227461858,0.0868385345997286,0.407055630936228,0.4224489795918367,0.4591836734693877,0.4199726402188782,0.1297814207650273,0.6190476190476191,0.3674863387978142,0.7892561983471075,0.7349726775956285,0.5564625850340136,0.291588785046729,0.4412568306010929,0.5136239782016349,0.3265027322404371,0.2611940298507462,0.5630936227951153,0.1024423337856173,0.1282225237449118,0.0902306648575305,0.1132971506105834,0.0468113975576662,19,1.5,8.5,17,61
06073009507,0.535862763591508,1.0,0.4490962196469869,1.0,0.6835073242322709,1.0,0.5439281097494277,1.0,0.5816970516293409,1.0,0.801217720601738,1.0,0.7917232021709634,1.0,1.0,0.6267189130888908,62.67189130888908,4056,221,117330.0,3.3,14.4,64.5,274,81.4,10.743801652892564,3852,300,14.8,10.0,76.54723127035831,0.0,8.320373250388803,57.75116433799069,38.78887070376432,7.336621454993835,9.122287968441814,3.99502178,1.0645375914836992,26.45466847090663,98.66932801064536,8.5,23.5,154.0,76.375,74.75,98.125,27.5,0.6824966078697422,0.5894590846047156,0.7826975476839237,0.0887978142076503,0.8010899182561307,0.3928086838534599,0.3678474114441417,0.1497919556171983,0.5115332428765265,0.7327001356852103,0.7292517006802721,0.7605442176870748,0.0766073871409028,0.950136612021858,0.6517006802721088,0.4972677595628415,0.2258953168044076,0.2950819672131147,0.8394557823129252,0.966355140186916,0.8224043715846995,0.7629427792915531,0.8183060109289617,0.2327001356852103,0.7503392130257802,0.7788331071913162,0.7944369063772049,0.7978290366350068,0.7747625508819539,0.8127544097693351,197,15.0,5.6,17,52
06073007800,0.3738344534669159,1.0,0.5223442037540574,1.0,0.4929051403465049,1.0,0.3904665488002292,1.0,0.2379830005661964,1.0,0.6012517185072686,1.0,0.6341926729986431,1.0,1.0,0.4647111054914022,46.47111054914022,5853,732,108000.0,5.7,6.2,57.6,1029,73.5,28.000000000000004,5173,304,18.7,9.6,41.2751677852349,4.6681254558716265,19.40246656244572,16.739606126914662,34.40860215053764,10.684039087947884,41.17546557321032,46.70815184,2.4434719183078046,23.84586035864174,94.12837345003648,14.5,22.25,95.625,44.5,42.875,57.5,13.125,0.1763907734056987,0.4854368932038835,0.4352861035422343,0.3982240437158469,0.7084468664850136,0.9850746268656716,0.1716621253405994,0.0416088765603328,0.2021709633649931,0.7272727272727273,0.2061224489795918,0.8360544217687075,0.8125854993160054,0.4877049180327869,0.1755102040816326,0.0860655737704918,0.2741046831955923,0.139344262295082,0.1945578231292517,0.3439252336448598,0.6420765027322404,0.8256130790190735,0.3360655737704918,0.5162822252374492,0.7109905020352781,0.6390773405698779,0.6322930800542741,0.6350067842605156,0.6383989145183175,0.6261872455902306,144,7.75,7.7,25,52
06073008503,0.4255113885240103,1.0,0.7318629409423422,1.0,0.3898817600310137,1.0,0.4274948351433596,1.0,0.332182803695939,1.0,0.5141997091566038,1.0,0.6364993215739484,1.0,1.0,0.4939475370096025,49.39475370096025,7840,791,110065.0,1.3,14.6,59.1,781,88.9,0.0,7465,546,15.7,11.3,56.83018867924529,5.129849310676499,15.457818930041151,54.761141391471625,57.72151898734177,3.466419065304859,18.239795918367346,72.83136279,4.680987495992305,19.0990990990991,92.2411029176018,20.5,21.5,97.125,45.25,42.375,58.75,13.125,0.1506105834464043,0.5062413314840499,0.9591280653950952,0.0860655737704918,0.726158038147139,0.9402985074626866,0.6634877384196185,0.6955617198335645,0.0203527815468114,0.3534599728629579,0.6176870748299319,0.5680272108843538,0.521203830369357,0.4535519125683059,0.2721088435374149,0.4631147540983606,0.046831955922865,0.6229508196721312,0.582312925170068,0.0766355140186916,0.4098360655737705,0.9087193460490464,0.2240437158469945,0.694708276797829,0.6709633649932157,0.6431478968792401,0.6363636363636364,0.6322930800542741,0.6445047489823609,0.6261872455902306,144,7.75,6.7,38,52
06073009902,0.9925373134328358,0.25,0.4004975124378109,0.5,0.9952510176390774,0.5,,0.0,0.3607476635514018,0.25,,0.0,0.7306648575305291,1.0,0.7142857142857143,0.695939672918331,69.59396729183311,0,0,,,,,0,,,0,0,,,,,,,,,,45.28935905,,,,11.0,25.5,137.375,59.875,58.625,91.875,20.75,0.9925373134328358,,,,,0.0027137042062415,,,0.9959294436906376,0.994572591587517,,,,,,,,,,0.3607476635514018,,,,0.3568521031207598,0.8419267299864315,0.7421981004070556,0.7170963364993216,0.7184531886024423,0.7564450474898237,0.7191316146540027,181,13.5,,22,50
06073016201,0.669893975902315,1.0,0.4535834525389015,1.0,0.4260637905094195,1.0,0.7400181651005808,1.0,0.6931940298154242,1.0,0.7917913670135942,1.0,0.6183175033921302,1.0,1.0,0.6275517548960522,62.75517548960522,5537,330,130852.0,4.7,0.8,48.0,207,77.0,1.951219512195122,5344,618,14.6,11.7,54.4973544973545,3.799472295514512,3.6390101892285296,88.17941952506597,2.975206611570248,0.0,11.197399313707784,70.49159925,0.6860158311345647,32.372619660319096,99.155672823219,19.5,20.5,84.0,41.0,43.5,48.75,13.5,0.5074626865671642,0.694868238557559,0.5783378746594006,0.8989071038251366,0.5762942779291553,0.2544097693351425,0.2343324250681198,0.363384188626907,0.1763907734056987,0.2598371777476255,0.754421768707483,0.5136054421768708,0.573187414500684,0.5573770491803278,0.9333333333333332,0.8961748633879781,0.955922865013774,0.9405737704918032,0.780952380952381,0.0953271028037383,0.8879781420765027,0.6130790190735695,0.8743169398907104,0.6702849389416553,0.6227951153324288,0.6105834464043419,0.6058344640434192,0.6397557666214383,0.6037991858887382,0.6316146540027137,132,8.25,5.5,33,51
06073020304,0.7774187567822983,1.0,0.4099254399410322,1.0,0.373807908509401,1.0,0.6910474578699188,1.0,0.6988834110971627,1.0,0.6028585538233995,1.0,0.3507462686567164,1.0,1.0,0.5578125423828469,55.781254238284696,6153,179,144653.0,2.9,2.3,48.0,305,83.9,0.0,5746,764,14.8,11.7,53.59281437125748,0.3458711629917855,12.177182085648903,84.65196714223951,8.503937007874015,4.263245033112583,7.801072647489029,35.85563161,0.0,57.52416014726185,98.31387808041504,6.0,9.0,34.875,18.5,12.5,23.125,4.375,0.7550881953867028,0.7919556171983356,0.826975476839237,0.735655737704918,0.5762942779291553,0.4674355495251017,0.444141689373297,0.6955617198335645,0.1221166892808683,0.1302578018995929,0.7292517006802721,0.5136054421768708,0.60328317373461,0.894808743169399,0.4054421768707483,0.860655737704918,0.859504132231405,0.5546448087431695,0.889795918367347,0.491588785046729,0.967896174863388,0.0613079019073569,0.7793715846994536,0.1248303934871099,0.1512890094979647,0.3208955223880597,0.378561736770692,0.276797829036635,0.4552238805970149,0.3222523744911804,43,1.5,5.9,12,22
06073015502,0.58478621688061,1.0,0.344755870399589,1.0,0.517140411116957,1.0,0.7022245383094144,1.0,0.5609330593362208,1.0,0.479441193549828,1.0,0.0814111261872456,1.0,1.0,0.4672417736828378,46.72417736828379,3013,164,143542.0,5.6,7.6,28.3,162,89.1,0.0,2748,294,17.9,14.3,62.68656716417911,0.3015075376884422,7.19327731092437,82.1105527638191,27.666666666666668,4.693486590038314,25.224029206770663,6.397013068,1.6080402010050252,56.05920444033302,96.98492462311556,2.5,9.5,7.625,3.25,4.375,2.5,0.625,0.7869742198100407,0.7808599167822469,0.4502724795640327,0.3210382513661202,0.2881471389645776,0.1811397557666214,0.6723433242506812,0.6955617198335645,0.8086838534599728,0.7449118046132972,0.3054421768707482,0.2095238095238095,0.3461012311901504,0.8975409836065573,0.7442176870748299,0.8210382513661202,0.4146005509641873,0.4986338797814208,0.3959183673469387,0.9345794392523364,0.7513661202185793,0.0735694822888283,0.6133879781420765,0.0617367706919945,0.1696065128900949,0.0569877883310719,0.0379918588873812,0.1085481682496607,0.0759837177747625,0.1275440976933514,17,0.5,8.1,5,33
06073021202,0.7380981870826989,1.0,0.2115569599828288,1.0,0.4951575609891174,1.0,0.7487318964947778,1.0,0.3678267910782848,1.0,0.1169788518138006,1.0,0.0165535956580732,1.0,1.0,0.3849862632999402,38.498626329994025,3238,183,91597.0,0.7,1.0,16.9,177,91.5,10.843373493975903,2664,412,17.2,14.2,16.228070175438596,1.8502202643171808,9.456040480708412,74.80176211453744,34.5945945945946,6.584362139917696,45.08956145768993,21.43123833,7.929515418502203,58.04347826086956,87.7533039647577,0.5,1.25,0.0,0.0,0.0,0.0,0.0,0.7476255088195387,0.3495145631067961,0.9775204359673024,0.8777322404371585,0.1171662125340599,0.2008141112618724,0.7670299727520435,0.1470180305131762,0.8236092265943012,0.5447761194029851,0.3952380952380953,0.2170068027210884,0.9849521203830368,0.7363387978142076,0.5659863945578232,0.7076502732240437,0.2727272727272727,0.337431693989071,0.1714285714285713,0.6897196261682244,0.2240437158469945,0.0572207084468664,0.0696721311475409,0.025101763907734,0.0122116689280868,0.0033921302578018,0.0040705563093622,0.0115332428765264,0.0169606512890094,0.0468113975576662,0,0.0,7.4,1,5
06073008501,0.6274228803528783,1.0,0.5686269164573853,1.0,0.5012567034955094,1.0,0.4302429473504994,1.0,0.6589748961221655,1.0,0.7855439416724984,1.0,0.5632293080054274,1.0,1.0,0.5907567990651948,59.07567990651948,5923,455,144559.0,4.4,2.4,56.5,247,83.2,0.0,5589,438,14.9,10.8,64.30446194225722,7.327188940092166,10.029756695256433,61.6589861751152,29.01234567901235,1.2289485662266726,10.298835049805842,27.60423149,2.1198156682027647,13.114754098360656,97.78801843317972,19.0,20.5,75.125,35.375,32.375,44.375,9.625,0.3724559023066486,0.7905686546463245,0.6198910081743869,0.7267759562841529,0.6900544959128065,0.3256445047489824,0.4230245231607629,0.6955617198335645,0.146540027137042,0.5061058344640434,0.7142857142857143,0.638095238095238,0.3105335157318741,0.3333333333333333,0.5197278911564626,0.5573770491803278,0.3898071625344352,0.8346994535519126,0.8095238095238095,0.6018691588785047,0.6789617486338797,0.9727520435967304,0.7049180327868853,0.6546811397557666,0.6227951153324288,0.5759837177747625,0.573270013568521,0.5603799185888738,0.5719131614654003,0.5345997286295794,115,4.875,5.7,36,52
06073018510,0.2880084365880638,1.0,0.4195638961612933,1.0,0.3661977681167446,1.0,0.508823813551345,1.0,0.3210227499372091,1.0,0.3345927447973278,1.0,0.4529172320217096,1.0,1.0,0.3844466630248133,38.44466630248134,3042,618,87083.0,5.4,12.6,33.7,124,93.6,0.0,2621,543,18.9,15.8,72.77628032345014,3.1746031746031744,6.8401735068401734,59.01027077497666,48.61111111111111,2.813067150635209,42.077580539119005,50.28002489,6.442577030812324,32.2279792746114,89.2623716153128,11.5,7.0,43.75,19.0,26.75,16.875,10.375,0.23202170963365,0.3106796116504854,0.4843324250681199,0.125,0.3780653950953678,0.121438263229308,0.8494550408719346,0.6955617198335645,0.8324287652645862,0.3568521031207599,0.1782312925170067,0.0972789115646258,0.1381668946648426,0.6133879781420766,0.7673469387755102,0.5163934426229508,0.118457300275482,0.6830601092896175,0.1891156462585034,0.2934579439252336,0.2827868852459017,0.61716621253406,0.1038251366120218,0.3860244233378562,0.0868385345997286,0.4443690637720488,0.3968792401628223,0.5284938941655359,0.3290366350067842,0.5658073270013568,39,2.5,12.7,22,17
06073019803,0.423249498935914,1.0,0.5388156422934188,1.0,0.2894006313515909,1.0,0.3347539473280734,1.0,0.3371074042297621,1.0,0.3720071916737392,1.0,0.4183175033921302,1.0,1.0,0.3876645456006612,38.76645456006612,5783,886,109795.0,2.8,9.2,51.5,626,94.9,5.491990846681922,5239,751,17.7,11.8,63.99716513111269,2.3923444976076556,31.03148373630197,38.10352327098739,40.57052297939778,4.367720465890184,54.29707764136261,35.33291848,12.614180078294911,43.16866933689363,98.08612440191388,13.0,7.75,42.875,17.375,25.0,16.875,8.375,0.1139755766621438,0.5020804438280166,0.8392370572207084,0.2377049180327869,0.6239782016348774,0.8744911804613297,0.9032697547683924,0.2538141470180305,0.1926729986431479,0.1383989145183175,0.3285714285714286,0.4979591836734693,0.3187414500683995,0.6898907103825136,0.0530612244897958,0.2773224043715847,0.2011019283746556,0.5314207650273224,0.1224489795918367,0.4934579439252337,0.087431693989071,0.2861035422343324,0.7424863387978142,0.4640434192672998,0.1132971506105834,0.4362279511533243,0.3426051560379918,0.4972862957937585,0.3290366350067842,0.4864314789687924,48,4.0,8.0,25,18
06073015302,0.515883663637292,1.0,0.5446241288102852,1.0,0.4658375561893685,1.0,0.4988502911648838,1.0,0.3892929502311062,1.0,0.3522220236943067,1.0,0.6241519674355496,1.0,1.0,0.4844089401661131,48.44089401661131,4518,293,112656.0,6.2,3.8,35.5,371,80.3,0.0,4030,439,15.9,13.4,59.917355371900825,4.028268551236749,15.832777407160329,77.95053003533569,33.60433604336043,9.46896992962252,15.050907481186366,41.40634723,2.4734982332155475,44.0093512565751,90.74204946996468,20.5,19.0,85.625,43.0,43.75,48.125,14.125,0.5508819538670284,0.5464632454923717,0.3746594005449591,0.5915300546448088,0.414850136239782,0.596336499321574,0.3181198910081744,0.6955617198335645,0.4654002713704206,0.5033921302578019,0.5891156462585034,0.3054421768707482,0.4336525307797537,0.5423497267759563,0.2666666666666667,0.7527322404371585,0.2920110192837465,0.1762295081967213,0.672108843537415,0.416822429906542,0.6379781420765027,0.2602179836512261,0.1584699453551912,0.694708276797829,0.5481682496607869,0.6146540027137042,0.6234735413839891,0.6431478968792401,0.6004070556309362,0.6390773405698779,128,9.75,7.2,38,51
06073010104,0.5031104611347196,1.0,0.4231736473125689,1.0,0.6065064288944886,1.0,0.6866853146138363,1.0,0.422033531132996,1.0,0.4302174376994585,1.0,0.3837177747625508,1.0,1.0,0.493634942221517,49.36349422215171,3107,151,111573.0,6.5,7.4,20.7,359,93.6,59.77011494252874,2876,350,16.0,12.5,30.979498861047837,4.371097234611954,6.724080821464061,59.58965209634255,24.495677233429394,7.736625514403292,18.667524943675573,44.99066584,0.4460303300624442,50.91137649277184,92.41748438893843,18.0,13.25,39.125,19.25,15.5,22.5,4.75,0.8059701492537313,0.5298196948682385,0.3453678474114441,0.3312841530054644,0.1900544959128065,0.567842605156038,0.8494550408719346,0.0097087378640776,0.7815468113975577,0.6540027137042063,0.5741496598639455,0.4163265306122449,0.93296853625171,0.5177595628415301,0.7727891156462585,0.523224043715847,0.4793388429752065,0.2732240437158469,0.5673469387755101,0.3682242990654205,0.924863387978142,0.1212534059945503,0.244535519125683,0.6227951153324288,0.2991858887381275,0.3873812754409769,0.4084124830393487,0.3344640434192673,0.4484396200814111,0.3398914518317503,60,6.375,8.6,28,43
06073017601,0.7859475611965135,1.0,0.3760082966507951,1.0,0.5884434506502736,1.0,0.5256928171573624,1.0,0.3318543839404491,1.0,0.2551580034047537,1.0,0.2075983717774762,1.0,1.0,0.4386718406825176,43.86718406825176,5143,203,175607.0,2.7,3.0,69.3,92,73.1,0.0,4869,459,11.4,10.9,73.38709677419355,0.0,11.01511879049676,62.45924545877969,24.406047516198704,8.287056813327638,28.582539373906283,52.52022402,10.759198882161156,41.45383104125737,93.4792734047508,9.5,9.5,21.5,8.25,11.25,8.125,2.625,0.7109905020352781,0.9098474341192788,0.8494550408719346,0.6734972677595629,0.8630790190735694,0.078697421981004,0.1634877384196185,0.6955617198335645,0.257123473541384,0.4810040705563093,0.9891156462585036,0.6265306122448979,0.1244870041039671,0.950136612021858,0.4653061224489796,0.5628415300546448,0.4820936639118457,0.244535519125683,0.327891156462585,0.2728971962616823,0.1366120218579235,0.3365122615803815,0.2923497267759563,0.2856173677069199,0.1696065128900949,0.2075983717774762,0.1363636363636363,0.248303934871099,0.1933514246947082,0.2523744911804613,36,3.0,3.7,18,27
06073016606,0.7947745195491376,1.0,0.4324538370932449,1.0,0.5164931372820499,1.0,0.5548360766342374,1.0,0.7509923194409986,1.0,0.751223428279309,1.0,0.5789687924016282,1.0,1.0,0.6256774443829436,62.56774443829436,3704,71,128750.0,4.6,0.0,33.9,228,74.0,0.0,3505,350,17.5,12.1,71.92429022082018,4.755145493257629,4.972375690607735,75.2306600425834,6.21301775147929,0.0,15.11879049676026,36.25388923,2.55500354861604,30.571428571428573,100.0,11.0,21.75,71.25,35.25,36.5,43.125,11.75,0.937584803256445,0.6796116504854369,0.5940054495912807,0.967896174863388,0.3821525885558583,0.2957937584803256,0.1784741144414169,0.6955617198335645,0.6010854816824966,0.6540027137042063,0.3517006802721089,0.4591836734693877,0.1559507523939808,0.4781420765027322,0.8653061224489795,0.7199453551912568,0.918732782369146,0.9405737704918032,0.6680272108843537,0.4766355140186916,0.6284153005464481,0.6566757493188011,0.9685792349726776,0.3568521031207598,0.6858887381275441,0.5664857530529173,0.5712347354138398,0.5970149253731343,0.5671641791044776,0.592944369063772,122,7.375,7.1,19,55
06073019002,0.5362008859455227,1.0,0.2815874571277571,1.0,0.5633643009442584,1.0,0.4720961125586338,1.0,0.4571540572730187,1.0,0.3255746142354441,1.0,0.0409769335142469,1.0,1.0,0.3824220516569831,38.24220516569831,4928,336,139412.0,4.2,8.9,50.5,331,81.4,11.267605633802818,4596,268,16.2,11.0,72.41379310344827,3.47661188369153,15.049751243781095,85.84070796460178,31.917631917631915,3.182374541003672,17.248376623376625,55.54449284,3.2237673830594185,68.76790830945558,94.75347661188368,0.5,3.75,5.375,4.875,0.5,0.0,0.0,0.5006784260515604,0.753120665742025,0.6423705722070845,0.2486338797814208,0.6042234332425068,0.5223880597014925,0.3678474114441417,0.1414701803051318,0.3175033921302578,0.7869742198100407,0.5360544217687075,0.6129251700680272,0.1504787961696306,0.5833333333333333,0.2843537414965986,0.8702185792349727,0.3305785123966942,0.6516393442622951,0.6108843537414965,0.2355140186915888,0.5560109289617486,0.0190735694822887,0.4016393442622951,0.025101763907734,0.0284938941655359,0.0407055630936228,0.073270013568521,0.0271370420624151,0.0169606512890094,0.0468113975576662,10,0.0,7.4,1,15
06073003601,0.2335812041616983,1.0,0.5722755899703263,1.0,0.4452090198358855,1.0,0.5409424311089286,1.0,0.208793354052955,1.0,0.2403912488894845,1.0,0.8837177747625509,1.0,1.0,0.446415803254547,44.6415803254547,3151,434,85430.0,9.6,14.3,11.5,236,100.0,4.421768707482993,2756,296,19.4,15.7,38.80952380952381,24.299065420560748,1.6325224071702944,40.58744993324432,35.93314763231198,5.548549810844893,49.82545223738496,92.28375856,15.62082777036048,33.97976391231028,90.12016021361816,30.0,26.25,205.0,96.375,85.375,137.5,32.5,0.3907734056987788,0.2912621359223301,0.162125340599455,0.0901639344262295,0.0299727520435967,0.3100407055630936,0.9952316076294278,0.2829403606102635,0.8032564450474898,0.7394843962008142,0.1353741496598639,0.1027210884353742,0.8467852257181943,0.0273224043715847,0.9891156462585036,0.3005464480874317,0.2617079889807162,0.4180327868852459,0.1442176870748299,0.011214953271028,0.0423497267759562,0.5504087193460491,0.1284153005464481,0.9294436906377204,0.8860244233378561,0.89280868385346,0.8900949796472184,0.8568521031207599,0.8968792401628223,0.8819538670284939,198,21.375,16.1,54,50
06073013411,0.6294948318607838,1.0,0.5037712961196388,1.0,0.5561711387404351,1.0,0.9262288884291804,1.0,0.829572873400386,1.0,0.4023143391750172,1.0,0.6671641791044777,1.0,1.0,0.6449596495471311,64.49596495471312,4958,216,160882.0,5.8,4.4,50.0,80,86.8,0.0,4783,519,12.7,10.9,32.91139240506329,0.9673518742442564,2.8454452405322415,94.80048367593712,13.871635610766043,0.9580838323353292,5.445744251714401,13.80211574,3.990326481257558,44.35967302452316,95.52599758162032,16.0,18.75,103.25,49.25,44.0,67.5,17.625,0.6940298507462687,0.8613037447988904,0.4216621253405994,0.540983606557377,0.5980926430517711,0.0556309362279511,0.5844686648501363,0.6955617198335645,0.2781546811397557,0.4002713704206241,0.9197278911564626,0.6265306122448979,0.9165526675786594,0.8292349726775956,0.9727891156462584,0.9863387978142076,0.7245179063360881,0.8483606557377049,0.9510204081632652,0.794392523364486,0.4808743169398907,0.2588555858310627,0.4672131147540984,0.5556309362279511,0.5332428765264586,0.66078697421981,0.6675712347354138,0.6451831750339213,0.6763907734056988,0.6858887381275441,166,12.625,5.6,30,48
06073000400,0.5555490458857258,1.0,0.6998134719139396,1.0,0.6354542223945209,1.0,0.4395008375061805,1.0,0.3553902731615091,1.0,0.4255011589067067,1.0,0.880189959294437,1.0,1.0,0.5701998527232885,57.01998527232885,4315,333,100636.0,5.6,1.2,63.4,1158,55.1,0.0,3712,397,16.3,9.2,52.68340718857706,0.0,25.964912280701753,19.70633693972179,23.78640776699029,2.1919879062736203,92.46813441483198,66.011201,9.65996908809892,24.778434268833088,93.6244204018547,21.0,29.25,198.5,90.5,92.125,130.625,32.875,0.5027137042062415,0.4147018030513176,0.4502724795640327,0.8545081967213115,0.7813351498637602,0.9918588873812756,0.0340599455040872,0.6955617198335645,0.5508819538670284,0.5814111261872457,0.5183673469387755,0.891156462585034,0.6155950752393982,0.950136612021858,0.0857142857142857,0.1065573770491803,0.5,0.7295081967213115,0.0462585034013605,0.1457943925233644,0.1762295081967213,0.7997275204359673,0.3005464480874317,0.7103120759837178,0.985753052917232,0.8751696065128901,0.8629579375848032,0.8995929443690638,0.8751696065128901,0.8880597014925373,191,20.375,6.4,38,52
06073000500,0.5321523974711821,1.0,0.6958125451630027,1.0,0.7329465843325118,1.0,0.4823646423876451,1.0,0.2480813983120088,1.0,0.4714454817528029,1.0,0.8862957937584802,1.0,1.0,0.5784426918825192,57.844269188251914,2983,154,120172.0,7.6,5.5,64.1,281,84.2,0.0,2882,267,16.1,9.8,40.77471967380224,2.119700748129676,20.52341597796143,34.78802992518703,39.849624060150376,9.83698707138842,27.153871940998993,53.44119477,4.675810473815462,22.61995430312262,90.52369077306732,25.0,29.5,204.5,90.75,96.5,131.875,32.0,0.8012211668928086,0.6074895977808599,0.2670299727520435,0.4528688524590164,0.7942779291553134,0.4185888738127544,0.4570844686648501,0.6955617198335645,0.7774762550881954,0.791044776119403,0.5564625850340136,0.8068027210884354,0.8248974008207934,0.7131147540983607,0.1537414965986394,0.2377049180327868,0.2107438016528925,0.1666666666666666,0.3551020408163265,0.2598130841121495,0.4112021857923497,0.8528610354223434,0.1502732240437158,0.8168249660786974,0.9925373134328358,0.8914518317503393,0.864314789687924,0.9206241519674356,0.8799185888738128,0.8751696065128901,192,22.625,5.9,48,52
06073000600,0.6720236356162168,1.0,0.6928051715659996,0.8333333333333334,0.7128400206758416,1.0,0.5601265315504775,1.0,0.244178308048988,1.0,0.4861750122839147,1.0,0.9313432835820894,1.0,1.0,0.6142131376176467,61.42131376176467,3221,128,104078.0,3.4,3.4,62.0,540,63.2,,3075,348,15.3,9.8,34.20843277645187,0.0,22.819000310462588,37.3229115779189,62.16216216216216,4.790697674418604,71.40639552933871,44.62974487,6.936980947728383,29.758149316508938,96.04298974108453,25.0,30.5,222.5,103.125,103.375,146.25,36.0,0.8453188602442334,0.449375866851595,0.7656675749318801,0.6277322404371585,0.7636239782016349,0.8188602442333786,0.0653950953678474,,0.7164179104477613,0.658751696065129,0.6693877551020408,0.8068027210884354,0.9015047879616964,0.950136612021858,0.1170068027210884,0.2718579234972678,0.0303030303030302,0.4904371584699454,0.0802721088435374,0.3757009345794392,0.2595628415300546,0.6798365122615804,0.5191256830601093,0.8168249660786974,0.9993215739484396,0.9294436906377204,0.9260515603799184,0.9402985074626866,0.9301221166892808,0.9308005427408412,191,22.625,5.8,46,52
06073013303,0.258079019059489,1.0,0.5186843454383167,1.0,0.3063845891138002,1.0,0.3876842959829757,1.0,0.4685597577306641,1.0,0.311542413007549,1.0,0.5677069199457259,1.0,1.0,0.4026630486112173,40.26630486112173,4703,418,73438.0,13.6,6.0,15.0,213,91.1,0.0,4369,635,16.4,15.6,60.93189964157706,11.805555555555555,11.767213813685782,59.72222222222222,22.033898305084744,5.943827563683867,21.900914310014887,36.62725576,5.902777777777778,38.497899159663866,91.80555555555556,29.0,16.25,73.625,34.625,31.25,45.625,10.375,0.409090909090909,0.1636615811373093,0.0497275204359672,0.4098360655737705,0.0776566757493188,0.2700135685210312,0.7534059945504087,0.6955617198335645,0.3758480325644504,0.2388059701492537,0.5027210884353741,0.1081632653061224,0.4049247606019152,0.1967213114754098,0.4217687074829932,0.5273224043715847,0.5358126721763086,0.3879781420765027,0.4775510204081632,0.4728971962616822,0.3114754098360656,0.4264305177111717,0.1967213114754098,0.9029850746268656,0.412483039348711,0.5725915875169606,0.5671641791044776,0.5508819538670285,0.582089552238806,0.5658073270013568,101,12.125,11.7,48,44
06073008358,0.5731080427886285,1.0,0.5930132828666075,1.0,0.3822360830356566,1.0,0.5236402643405819,1.0,0.506438769670197,1.0,0.4859132035953406,1.0,0.257259158751696,1.0,1.0,0.4745155435783869,47.451554357838695,5836,609,114760.0,3.4,2.5,39.5,513,87.0,0.0,5340,692,15.2,11.9,59.81735159817352,7.28578758337609,7.286821705426356,64.80246280143663,13.48314606741573,7.84869976359338,22.446881425633997,30.36714375,6.20831195484864,13.262307127112416,91.7906618778861,11.0,21.0,24.75,13.625,12.75,11.875,3.5,0.2388059701492537,0.5714285714285714,0.7656675749318801,0.7165300546448088,0.4638964577656675,0.7978290366350068,0.5946866485013624,0.6955617198335645,0.1777476255088195,0.1852103120759837,0.680952380952381,0.4850340136054422,0.4350205198358413,0.337431693989071,0.7387755102040816,0.5833333333333334,0.7341597796143251,0.2663934426229508,0.4625850340136054,0.5626168224299065,0.296448087431694,0.9673024523160764,0.1939890710382513,0.3568521031207598,0.6492537313432836,0.2272727272727272,0.2510176390773406,0.2795115332428765,0.2374491180461329,0.291044776119403,45,2.125,8.4,18,60
06073008359,0.4382274153212047,1.0,0.5243389983452534,1.0,0.5333947147379983,1.0,0.3030129875053338,1.0,0.3352493951996468,1.0,0.4710831683070036,1.0,0.2502035278154681,1.0,1.0,0.4079300296045584,40.79300296045584,4324,272,96447.0,6.9,5.2,47.7,775,81.3,4.854368932038835,3923,500,16.9,9.9,41.844459738472125,15.422612513721184,18.58700806069227,18.660812294182215,25.0,5.742369374030005,37.234042553191486,54.48662103,8.122941822173436,27.15201465201465,95.33479692645444,11.0,21.0,23.625,13.0,12.25,11.25,3.5,0.578697421981004,0.3786407766990291,0.3208446866485014,0.4747267759562842,0.5701634877384196,0.9362279511533242,0.3630790190735695,0.2704576976421636,0.4877883310719131,0.4219810040705563,0.4387755102040817,0.7850340136054421,0.7975376196990425,0.1229508196721311,0.1918367346938775,0.0997267759562841,0.4676308539944903,0.4016393442622951,0.2231292517006803,0.2485981308411214,0.2144808743169398,0.7506811989100818,0.448087431693989,0.3568521031207598,0.6492537313432836,0.2198100407055631,0.2408412483039348,0.2700135685210312,0.2293080054274084,0.291044776119403,45,2.125,9.1,18,61
06073019502,0.1087576361966012,1.0,0.5099743346796256,1.0,0.2017092182870434,1.0,0.3563581399010233,1.0,0.4507234061171352,1.0,0.3779934287259966,1.0,0.4641791044776119,1.0,1.0,0.352813609769291,35.28136097692911,5706,1028,65603.0,9.4,15.3,11.9,391,96.9,0.0,4882,455,21.7,17.2,64.43661971830986,29.66101694915254,3.0163236337828248,24.11994784876141,32.77027027027027,6.463414634146342,20.15422362425517,26.50902302,11.799217731421122,37.084398976982094,96.54498044328554,18.0,7.75,47.875,19.875,23.75,21.875,8.25,0.0814111261872455,0.1081830790568654,0.1702997275204359,0.0751366120218579,0.0374659400544959,0.635685210312076,0.9550408719346049,0.6955617198335645,0.2510176390773405,0.4864314789687923,0.0360544217687074,0.0333333333333333,0.3064295485636115,0.0054644808743169,0.963265306122449,0.1502732240437158,0.3140495867768594,0.3524590163934425,0.5251700680272109,0.611214953271028,0.105191256830601,0.4632152588555858,0.5655737704918032,0.6227951153324288,0.1132971506105834,0.4938941655359565,0.4355495251017639,0.4782903663500678,0.4369063772048847,0.4762550881953867,51,5.5,19.6,30,18
06073010015,0.4969257378215841,1.0,0.3055843623321997,1.0,0.4514611543396192,1.0,0.513046573947917,1.0,0.4940505399663686,1.0,0.4638505481852067,1.0,0.1184531886024423,1.0,1.0,0.4061960150279054,40.619601502790545,5159,272,131029.0,10.1,4.0,31.9,444,78.4,3.883495145631067,4299,478,16.7,11.9,55.00000000000001,9.103641456582633,11.133082855447894,78.78151260504201,12.351945854483926,8.695652173913043,0.0,92.76913503,3.6414565826330536,47.006129184347,97.68907563025208,0.0,10.25,10.5,5.5,4.375,5.0,1.125,0.578697421981004,0.6976421636615812,0.1410081743869209,0.5703551912568305,0.3460490463215259,0.7130257801899593,0.2690735694822888,0.3092926490984743,0.3948439620081411,0.4572591587516961,0.4687074829931973,0.4850340136054422,0.5677154582763337,0.2609289617486339,0.45578231292517,0.76775956284153,0.7630853994490359,0.2151639344262295,0.9904761904761904,0.0074766355140186,0.5081967213114754,0.1920980926430517,0.6912568306010929,0.0094979647218453,0.1865671641791045,0.0970149253731343,0.087516960651289,0.1085481682496607,0.1329715061058344,0.166214382632293,20,2.125,11.3,0,37
06073020810,0.6661958994972361,1.0,0.2857022851637718,1.0,0.4324629173243245,1.0,0.624426427071019,1.0,0.9482378137613808,1.0,0.547581557749289,1.0,0.0336499321573948,1.0,1.0,0.5054652618177737,50.546526181777374,5005,167,138093.0,4.7,4.1,34.6,271,87.1,4.672897196261682,4812,435,16.6,12.0,60.86956521739131,1.9058963668850508,13.208685162846804,96.72424061941632,3.010752688172043,0.0,5.594405594405594,5.252022402,0.0,77.67200346170489,97.55807027992851,1.0,3.25,2.375,2.375,0.0,1.25,0.0,0.7829036635006784,0.7447988904299584,0.5783378746594006,0.5587431693989071,0.3930517711171662,0.3880597014925373,0.6008174386920981,0.2746185852981969,0.2686567164179104,0.510854816824966,0.4768707482993197,0.473469387755102,0.4062927496580027,0.7322404371584699,0.3619047619047619,0.9972677595628416,0.9545454545454546,0.9405737704918032,0.9482993197278912,0.9495327102803738,0.967896174863388,0.0054495912806539,0.6693989071038251,0.0352781546811397,0.0223880597014925,0.0278154681139755,0.030529172320217,0.0115332428765264,0.0515603799185888,0.0468113975576662,4,0.0,6.1,2,13
06073021900,0.2602473620627068,1.0,0.6750783415218081,1.0,0.4682136626699525,1.0,0.2291398240577206,1.0,0.2955950053778455,1.0,0.2513003578465677,1.0,0.7776119402985074,1.0,1.0,0.4224552134050156,42.245521340501554,5794,445,52696.0,15.3,3.8,29.9,1042,90.0,0.0,1906,268,20.5,16.2,55.258467023172905,24.291497975708506,17.759751467034864,20.78272604588394,11.693548387096774,6.557377049180328,88.7124611667242,97.03795893,10.121457489878544,33.410834689607064,84.34547908232119,18.0,22.5,153.0,70.0,63.625,103.75,25.25,0.3792401628222523,0.0416088765603328,0.0286103542234332,0.5915300546448088,0.3133514986376022,0.9877883310719132,0.7091280653950953,0.6955617198335645,0.9389416553595658,0.7869742198100407,0.0727891156462584,0.0741496598639456,0.5581395348837209,0.0286885245901639,0.2122448979591836,0.1174863387978142,0.7796143250688705,0.3442622950819672,0.0585034013605442,0.0,0.1543715846994535,0.5722070844686649,0.0273224043715847,0.6227951153324288,0.7218453188602443,0.7774762550881954,0.7740841248303935,0.751696065128901,0.7957937584803256,0.7890094979647219,186,18.125,17.1,35,49
06073020026,0.5609286571083789,1.0,0.3613369462436375,1.0,0.5346811859071987,1.0,0.6997516925184103,1.0,0.6112669484995528,1.0,0.7084536908821092,1.0,0.2979647218453188,1.0,1.0,0.5391976918578009,53.91976918578008,4447,202,135238.0,7.8,4.2,45.3,144,83.2,1.5873015873015872,4277,538,14.0,11.4,33.89830508474576,0.984936268829664,13.561266636071592,75.43453070683661,17.817371937639198,3.4135422495803023,13.941983359568248,36.04231487,0.0,40.37834311806915,98.37775202780996,11.5,12.75,32.75,14.125,13.375,18.125,3.125,0.7143826322930801,0.7253814147018031,0.2540871934604904,0.549863387978142,0.5422343324250681,0.1587516960651289,0.4230245231607629,0.371012482662968,0.4029850746268657,0.3656716417910447,0.8163265306122449,0.5537414965986395,0.905608755129959,0.8278688524590164,0.3442176870748299,0.7213114754098361,0.6308539944903582,0.6256830601092895,0.7006802721088435,0.4878504672897196,0.967896174863388,0.3678474114441417,0.7896174863387978,0.3860244233378562,0.2869742198100407,0.3046132971506106,0.2666214382632293,0.2917232021709633,0.3521031207598372,0.2747625508819539,49,3.5,5.1,19,24
06073020028,0.2634076341998466,1.0,0.451347170771645,1.0,0.4038631056221675,1.0,0.1977492922445379,1.0,0.4168283313930814,1.0,0.5038005687824779,1.0,0.3704206241519674,1.0,1.0,0.3724881038808177,37.24881038808177,3571,763,59559.0,3.0,25.3,11.5,259,94.4,0.0,2695,286,23.0,17.3,63.6978579481398,37.060041407867494,11.535150645624103,8.178053830227745,46.910755148741416,8.349146110056926,26.043125175021,7.218419415,4.451345755693581,23.52941176470588,92.65010351966872,13.0,12.75,39.875,18.5,13.625,24.375,3.75,0.1682496607869742,0.0665742024965325,0.8167574931880108,0.0020491803278688,0.0299727520435967,0.3521031207598372,0.8794277929155313,0.6955617198335645,0.814111261872456,0.757123473541384,0.0136054421768707,0.0306122448979592,0.3242134062927496,0.0,0.4380952380952381,0.0286885245901639,0.1349862258953168,0.2363387978142076,0.3782312925170068,0.9177570093457944,0.4344262295081967,0.826975476839237,0.25,0.4640434192672998,0.2869742198100407,0.398236092265943,0.378561736770692,0.3039348710990502,0.4687924016282225,0.3025780189959294,49,2.5,21.5,22,24
06073013421,0.5538119608170987,1.0,0.4986404115739417,1.0,0.5788877966383297,1.0,0.7130322258525981,1.0,0.5740767750893274,1.0,0.4992120923353334,1.0,0.6415196743554953,1.0,1.0,0.579882990951732,57.9882990951732,4150,286,152548.0,4.4,9.9,52.5,341,84.6,9.473684210526317,3998,583,13.3,10.7,38.76651982378855,3.9260969976905313,7.8426640926640925,78.13702848344882,29.39393939393939,6.881720430107527,14.457831325301203,7.753578096,1.3856812933025404,40.42988741044013,94.30331023864512,19.5,18.25,97.0,46.75,39.625,61.25,15.25,0.5583446404341927,0.826629680998613,0.6198910081743869,0.2103825136612022,0.6348773841961853,0.5359565807327001,0.473433242506812,0.1664355062413315,0.4721845318860244,0.3127544097693351,0.8768707482993198,0.6537414965986394,0.8481532147742818,0.5519125683060109,0.6965986394557824,0.755464480874317,0.3787878787878788,0.3155737704918032,0.689795918367347,0.9121495327102804,0.7827868852459017,0.3651226158038146,0.3497267759562841,0.6702849389416553,0.510854816824966,0.6417910447761194,0.6451831750339213,0.6139755766621439,0.6512890094979648,0.655359565807327,157,13.125,6.7,37,47
06073020811,0.7154863486070179,1.0,0.3250383815495613,1.0,0.309316589593775,1.0,0.8292418511438124,1.0,0.8937194842939513,1.0,0.4776780175002357,1.0,0.0336499321573948,1.0,1.0,0.5120186578351069,51.20186578351069,5960,118,154594.0,3.6,5.8,32.7,309,81.5,0.0,5834,688,16.5,12.2,27.6,0.8382642998027613,8.399526787223255,86.24260355029585,3.6734693877551026,2.1235521235521233,5.87248322147651,5.476042315,2.6627218934911245,74.46110590440487,98.47140039447731,1.0,2.75,2.375,2.375,0.0,1.25,0.0,0.8616010854816825,0.8391123439667129,0.7391008174386922,0.4221311475409836,0.358991825613079,0.4721845318860244,0.3712534059945504,0.6955617198335645,0.1139755766621438,0.1906377204884667,0.4884353741496599,0.4442176870748299,0.9507523939808482,0.8442622950819672,0.6435374149659864,0.8784153005464481,0.9476584022038568,0.7404371584699454,0.9428571428571428,0.9439252336448598,0.6215846994535519,0.0095367847411443,0.8019125683060109,0.0352781546811397,0.0169606512890094,0.0278154681139755,0.030529172320217,0.0115332428765264,0.0515603799185888,0.0468113975576662,5,0.0,6.1,2,11
06073021206,0.7483639263260435,1.0,0.2507234624615729,1.0,0.5324112277203962,1.0,0.6928020836622869,1.0,0.6768835262219636,1.0,0.4726242412511229,1.0,0.0222523744911804,1.0,1.0,0.4851515488763666,48.51515488763666,3034,106,139375.0,3.1,4.3,39.4,82,76.7,0.0,2914,394,16.2,14.0,100.0,0.0,5.89990056347365,95.9023539668701,3.076923076923077,5.674342105263158,20.43506921555702,12.44555072,1.8308631211857016,58.01056338028169,97.2972972972973,1.0,3.25,0.875,0.375,0.5,0.0,0.0,0.8887381275440978,0.7517337031900139,0.8079019073569482,0.5450819672131147,0.4604904632152589,0.0610583446404341,0.2295640326975477,0.6955617198335645,0.7679782903663501,0.587516960651289,0.5360544217687075,0.2380952380952381,0.0020519835841312,0.950136612021858,0.8258503401360544,0.993169398907104,0.953168044077135,0.4084699453551912,0.5197278911564626,0.8261682242990654,0.71448087431694,0.05858310626703,0.644808743169399,0.0352781546811397,0.0223880597014925,0.0101763907734057,0.0101763907734057,0.0271370420624151,0.0169606512890094,0.0468113975576662,2,0.5,6.9,2,12
06073017051,0.7251186720514242,1.0,0.4856062999461835,1.0,0.5391899500641505,1.0,0.6548107348162292,1.0,0.8746340345652966,1.0,0.5007841852662508,1.0,0.1466757123473541,1.0,1.0,0.5609742270081269,56.09742270081269,4904,128,130980.0,4.2,2.5,63.7,405,70.6,0.0,4774,798,12.4,9.7,44.0,0.5509641873278237,20.146818923327896,81.49678604224059,10.097087378640776,0.0,8.97226753670473,8.326073429,0.7805325987144168,49.643947100712104,95.821854912764,10.5,14.0,13.75,9.75,4.875,6.25,0.625,0.8453188602442334,0.6962552011095701,0.6423705722070845,0.7165300546448088,0.7854223433242506,0.6533242876526458,0.1219346049046321,0.6955617198335645,0.2822252374491181,0.1085481682496607,0.9421768707482994,0.8238095238095238,0.7715458276333789,0.8770491803278688,0.1619047619047618,0.8087431693989071,0.8099173553719008,0.9405737704918032,0.8489795918367347,0.8990654205607477,0.8715846994535519,0.1389645776566758,0.4918032786885246,0.3310719131614654,0.3263229308005427,0.1445047489823609,0.1763907734056987,0.1356852103120759,0.1492537313432835,0.1275440976933514,22,2.0,4.3,19,45
06073017109,0.7784400114708934,1.0,0.4511827730365245,1.0,0.6133885304460998,1.0,0.7711522237564489,1.0,0.719435952495556,1.0,0.8439477524158366,1.0,0.2512890094979647,1.0,1.0,0.6326908933027606,63.26908933027606,6290,109,184881.0,4.9,2.2,73.1,407,82.0,3.309692671394799,5953,316,14.4,9.4,40.96109839816934,0.5253104106972302,8.63275039745628,78.2712511938873,9.90566037735849,1.6439643024894317,18.91891891891892,19.83820784,0.0,32.816901408450704,100.0,8.5,10.5,27.0,11.125,12.625,13.75,2.5,0.8819538670284939,0.9348127600554784,0.5504087193460491,0.7465846994535519,0.9080381471389646,0.6573948439620081,0.3896457765667575,0.3273231622746185,0.1071913161465399,0.7116689280868385,0.7700680272108844,0.8646258503401361,0.8194254445964433,0.8797814207650273,0.6285714285714286,0.7568306010928961,0.8154269972451791,0.790983606557377,0.5591836734693878,0.7121495327102804,0.967896174863388,0.5953678474114441,0.9685792349726776,0.2327001356852103,0.1919945725915875,0.2510176390773406,0.2170963364993215,0.2781546811397558,0.2754409769335142,0.2347354138398914,45,3.5,4.5,13,28
06073014002,0.2948377891270314,1.0,0.4875985987937835,1.0,0.4460748207016863,1.0,0.5482535160461439,1.0,0.5413979706741889,1.0,0.2366105328985571,1.0,0.7808683853459973,1.0,1.0,0.476520230512484,47.652023051248406,4093,423,78430.0,7.2,8.7,23.8,326,69.5,0.0,3692,314,17.8,14.4,74.45652173913044,7.75,3.502326720548616,82.91666666666667,27.86885245901639,4.610492845786964,16.12509161983875,27.33042937,6.333333333333334,46.40052356020942,92.16666666666666,19.0,22.5,150.75,72.75,71.875,94.375,25.625,0.4056987788331072,0.217753120665742,0.2908719346049047,0.2650273224043715,0.2309264305177111,0.5094979647218453,0.1130790190735694,0.6955617198335645,0.5549525101763908,0.7150610583446404,0.3156462585034013,0.1986394557823129,0.106703146374829,0.314207650273224,0.9401360544217688,0.8319672131147541,0.4104683195592287,0.5068306010928962,0.6408163265306123,0.6074766355140186,0.2882513661202186,0.2016348773841961,0.2199453551912568,0.6546811397557666,0.7218453188602443,0.7720488466757124,0.7856173677069199,0.7883310719131614,0.7645861601085482,0.7937584803256446,198,18.625,11.0,32,51
06073014101,0.6094263151517594,1.0,0.5733128933107947,1.0,0.4291725509742568,1.0,0.5902571989527798,1.0,0.6921700356035432,1.0,0.2435627323397011,1.0,0.8066485753052917,1.0,1.0,0.5635071859483037,56.350718594830376,4139,111,108365.0,3.3,8.1,22.9,269,88.0,0.0,3903,532,16.8,12.7,60.07067137809188,4.841269841269842,7.501217730150998,76.90476190476191,29.343629343629345,0.0,10.38898284609809,25.14001245,6.190476190476191,56.70279520821448,94.44444444444444,22.5,23.75,166.125,79.75,78.25,103.75,26.25,0.8778833107191316,0.4868238557558946,0.7826975476839237,0.2903005464480874,0.2186648501362398,0.3819538670284939,0.6348773841961853,0.6955617198335645,0.4932157394843962,0.3731343283582089,0.4571428571428572,0.3931972789115646,0.4281805745554036,0.4740437158469945,0.7183673469387755,0.7404371584699454,0.3815426997245179,0.9405737704918032,0.8054421768707483,0.6411214953271028,0.2978142076502732,0.0681198910081744,0.3647540983606557,0.7503392130257802,0.7584803256445047,0.8086838534599728,0.8100407055630936,0.8181818181818182,0.7957937584803256,0.8005427408412483,200,20.75,9.0,38,51
06073014102,0.508580886801414,1.0,0.4358115850164055,1.0,0.5296675250833034,1.0,0.5205821215256976,1.0,0.736938266523006,1.0,0.5904654486979051,1.0,0.8298507462686567,1.0,1.0,0.5931280828451984,59.31280828451983,3608,275,107234.0,5.9,4.0,19.9,134,86.5,8.614232209737828,3462,275,16.9,13.5,75.23364485981308,8.560677328316087,3.467879476975554,78.73941674506115,19.060773480662984,0.0,15.79822616407982,17.02551338,1.599247412982126,48.12611540749554,98.87111947318908,23.5,23.75,176.5,86.25,80.25,113.125,27.625,0.5739484396200814,0.4826629680998613,0.4073569482288828,0.5703551912568305,0.1668937329700272,0.1431478968792401,0.5762942779291553,0.1830790568654646,0.6132971506105834,0.7754409769335142,0.4387755102040817,0.291156462585034,0.0930232558139535,0.2800546448087432,0.9428571428571428,0.7663934426229508,0.6101928374655647,0.9405737704918032,0.653061224489796,0.7439252336448599,0.7540983606557377,0.1689373297002725,0.8483606557377049,0.7869742198100407,0.7584803256445047,0.833785617367707,0.8426051560379919,0.8324287652645862,0.8256445047489823,0.8147896879240163,202,20.75,10.9,43,51
06073014200,0.4681237461833676,1.0,0.5772969292981004,1.0,0.2796594485826895,1.0,0.5265426357351938,1.0,0.4645076655649123,1.0,0.4378160936654705,1.0,0.8656716417910447,1.0,1.0,0.5170883086886827,51.70883086886827,7017,488,114340.0,3.8,8.7,25.1,645,78.3,0.1949317738791423,6385,831,15.9,12.8,68.64244741873804,6.789815277084374,5.647363126886047,73.88916625062406,44.81981981981982,1.4756517461878995,17.671369531138662,49.5208463,2.895656515227159,43.48206474190726,95.25711432850724,27.5,24.75,190.625,91.625,88.125,123.75,31.625,0.3310719131614654,0.5672676837725381,0.7091280653950953,0.2650273224043715,0.2527247956403269,0.8873812754409769,0.2636239782016348,0.391123439667129,0.0583446404341926,0.0922659430122116,0.5891156462585034,0.3789115646258503,0.2188782489740082,0.3592896174863388,0.8340136054421768,0.6939890710382514,0.1570247933884297,0.8087431693989071,0.5931972789115647,0.2990654205607477,0.592896174863388,0.2779291553133515,0.4426229508196721,0.8710990502035278,0.7978290366350068,0.858887381275441,0.8683853459972863,0.8751696065128901,0.8561736770691994,0.8697421981004071,204,22.0,8.6,52,51
06073014601,0.3674854355858877,1.0,0.5606819065551994,1.0,0.225405209573653,1.0,0.4312008448060886,1.0,0.3184009702629163,1.0,0.2734647588133986,1.0,0.8099050203527817,1.0,1.0,0.4266491637071322,42.66491637071322,4791,1052,81085.0,3.9,5.5,38.2,364,70.5,0.0,4376,1030,18.7,13.5,49.34210526315789,5.437146585471944,12.968782736224597,35.84167029143106,34.15637860082305,4.327923429047025,49.67647672719683,48.94835096,16.92040017398869,27.765237020316025,85.7764245324054,22.5,24.0,163.375,79.875,76.625,103.75,28.875,0.0773405698778832,0.2510402219140083,0.688692098092643,0.4528688524590164,0.4495912806539509,0.582089552238806,0.1192098092643051,0.6955617198335645,0.3744911804613297,0.0298507462686566,0.2061224489795918,0.291156462585034,0.6785225718194254,0.4221311475409836,0.3741496598639455,0.25,0.2823691460055096,0.540983606557377,0.145578231292517,0.3046728971962616,0.0382513661202186,0.7356948228882834,0.0464480874316939,0.7503392130257802,0.7672998643147897,0.7991858887381276,0.8113975576662144,0.8066485753052918,0.7957937584803256,0.8364993215739485,192,18.25,10.2,42,51
06073015704,0.0600411715450262,1.0,0.4279222700864295,1.0,0.0994318758711083,1.0,0.2534567753902933,1.0,0.3358452755449297,1.0,0.3236799134418288,1.0,0.5356852103120759,1.0,1.0,0.2908660703130988,29.086607031309885,4928,1618,46022.0,9.8,16.7,18.7,272,86.7,3.571428571428571,4825,907,22.1,17.2,78.02469135802468,19.527449617790133,8.352284473847426,34.60736622654621,48.54545454545455,4.258150365934797,32.87337662337662,42.71313006,13.759555246699096,32.661529342027265,93.74565670604586,21.0,16.5,57.875,28.375,32.125,29.375,10.125,0.0149253731343284,0.0166435506241331,0.1539509536784741,0.0546448087431693,0.1423705722070844,0.3907734056987788,0.5803814713896458,0.319001386962552,0.2672998643147897,0.067842605156038,0.0292517006802721,0.0333333333333333,0.0642954856361148,0.0669398907103825,0.6476190476190475,0.2349726775956284,0.1212121212121212,0.5560109289617486,0.2680272108843538,0.3981308411214953,0.064207650273224,0.5994550408719346,0.3073770491803279,0.7103120759837178,0.4246947082767978,0.5257801899592944,0.5325644504748982,0.5563093622795116,0.5074626865671642,0.5563093622795116,83,6.25,15.2,33,51
06073019501,0.2216985814652423,1.0,0.4853096040843976,1.0,0.4510797127534868,1.0,0.3041186985659684,1.0,0.4387638955453916,1.0,0.411243132174923,1.0,0.4331071913161465,1.0,1.0,0.3921886879865081,39.21886879865081,3250,425,86125.0,11.2,14.9,6.4,309,97.5,0.0,2479,263,21.1,15.9,48.595041322314046,27.55102040816326,11.93983077405202,19.642857142857142,41.269841269841265,4.273504273504273,34.76923076923077,15.51960174,11.35204081632653,37.52549286199864,97.44897959183672,19.5,7.5,44.75,17.75,21.625,20.625,8.875,0.4009497964721845,0.3037447988904299,0.1014986376021798,0.0806010928961749,0.0054495912806539,0.4721845318860244,0.9645776566757494,0.6955617198335645,0.8683853459972863,0.7944369063772049,0.0496598639455782,0.0918367346938775,0.6922024623803009,0.0081967213114754,0.4108843537414965,0.1051912568306011,0.1845730027548209,0.5532786885245902,0.2489795918367346,0.7682242990654206,0.1229508196721311,0.4550408719346048,0.6557377049180327,0.6702849389416553,0.1037991858887381,0.4626865671641791,0.3582089552238806,0.4301221166892808,0.4104477611940298,0.5040705563093623,47,4.5,17.7,32,17
06073001600,0.109850655720128,1.0,0.7957825674814326,1.0,0.331079297390598,1.0,0.3300228021059739,1.0,0.1534001864056194,1.0,0.4832715415196318,1.0,0.9778833107191316,1.0,1.0,0.4544700516203593,45.447005162035936,6014,1658,73984.0,11.3,11.5,31.9,983,95.9,0.0,4782,423,19.6,12.7,62.05128205128205,14.17624521072797,7.939508506616256,21.839080459770116,68.14159292035397,9.54948016942626,39.07549052211506,56.70192906,6.130268199233716,21.770972037283624,93.1460195828012,31.0,26.25,240.75,113.75,113.0,161.875,41.0,0.010854816824966,0.1719833564493758,0.0974114441416893,0.1591530054644808,0.3460490463215259,0.9796472184531886,0.9277929155313352,0.6955617198335645,0.2795115332428765,0.533921302578019,0.117687074829932,0.3931972789115646,0.3679890560875513,0.1407103825136612,0.6870748299319728,0.1243169398907103,0.0123966942148759,0.1734972677595628,0.2108843537414966,0.2168224299065421,0.3073770491803278,0.8678474114441417,0.2745901639344262,0.9396200814111262,0.8860244233378561,0.9742198100407056,0.9701492537313432,0.9837177747625508,0.9796472184531886,0.9816824966078698,195,24.375,12.4,50,52
06073001700,0.3842967407670552,1.0,0.7921029842235828,1.0,0.4621814397400751,1.0,0.4447051828737595,1.0,0.3527106734330125,1.0,0.6080711524049175,1.0,0.9655359565807328,1.0,1.0,0.5728005900033051,57.28005900033051,4867,822,91280.0,3.8,7.2,47.2,838,91.9,0.0,4779,404,18.1,10.2,43.47826086956522,3.5486443381180224,17.135812615574274,29.346092503987244,73.92550143266476,3.016241299303944,28.148756934456543,43.01182327,3.628389154704944,23.004694835680752,95.65390749601276,28.5,25.75,234.5,111.5,109.625,157.5,39.875,0.1350067842605156,0.3467406380027739,0.7091280653950953,0.3463114754098361,0.5626702997275205,0.9565807327001355,0.7874659400544959,0.6955617198335645,0.2808683853459973,0.5624151967435549,0.2741496598639455,0.7312925170068028,0.7824897400820794,0.5765027322404371,0.2285714285714285,0.1912568306010929,0.0096418732782369,0.6680327868852459,0.3387755102040816,0.3943925233644859,0.5095628415300546,0.837874659400545,0.476775956284153,0.8921302578018996,0.8582089552238806,0.9626865671641792,0.9579375848032564,0.9687924016282226,0.968113975576662,0.9701492537313432,197,23.875,8.3,45,52
06073019804,0.645268028045625,1.0,0.3320165770037288,1.0,0.5815087364660925,1.0,0.8614218237809802,1.0,0.7820913166036768,1.0,0.6540440136388678,1.0,0.3850746268656716,1.0,1.0,0.6059178746292346,60.59178746292346,4417,191,151667.0,5.1,4.8,54.9,164,81.0,3.5555555555555554,4148,446,14.3,11.0,50.0,0.0,2.7809436972874404,83.81795195954489,8.880994671403197,4.295220810647308,7.923930269413629,11.22588675,0.6321112515802781,40.60031595576619,97.78761061946902,10.5,8.25,39.125,15.75,23.5,15.0,7.75,0.7306648575305292,0.8224687933425797,0.5245231607629428,0.5034153005464481,0.6655313351498637,0.185888738127544,0.3514986376021798,0.3203883495145631,0.4382632293080054,0.4938941655359565,0.780952380952381,0.6129251700680272,0.6696306429548564,0.950136612021858,0.9755102040816328,0.8504098360655737,0.8457300275482094,0.5478142076502732,0.8843537414965986,0.8504672897196262,0.8989071038251366,0.3596730245231607,0.703551912568306,0.3310719131614654,0.1377204884667571,0.3873812754409769,0.3059701492537313,0.4735413839891452,0.3032564450474898,0.4552238805970149,48,4.0,4.9,19,18
06073019805,0.4256104846087359,1.0,0.5890661187614459,1.0,0.3791007854973739,1.0,0.3527583850925044,1.0,0.3853906869794173,1.0,0.1141225314294506,1.0,0.4644504748982362,1.0,1.0,0.3872142096095949,38.72142096095949,4245,219,87868.0,8.7,4.9,28.0,595,97.2,0.0,3802,681,16.1,14.0,55.014749262536874,11.182795698924732,17.133364973896537,49.46236559139785,15.053763440860216,7.677035076108537,71.61366313309776,35.94275047,13.118279569892474,46.964285714285715,87.95698924731182,17.5,8.25,46.875,19.0,25.5,20.0,9.625,0.6872455902306649,0.3203883495145631,0.2002724795640327,0.494535519125683,0.2820163487738419,0.8554952510176391,0.9584468664850136,0.6955617198335645,0.5278154681139755,0.1940298507462686,0.5564625850340136,0.2380952380952381,0.5663474692202463,0.2076502732240437,0.2299319727891157,0.407103825136612,0.696969696969697,0.2773224043715847,0.0775510204081633,0.4897196261682243,0.0765027322404371,0.1934604904632152,0.0724043715846994,0.6051560379918589,0.1377204884667571,0.4864314789687924,0.3968792401628223,0.5101763907734057,0.3941655359565807,0.5345997286295794,50,4.5,8.5,30,18
06073006801,0.5911757976641876,1.0,0.5528667588604308,1.0,0.5474515179206011,1.0,0.3827908555721183,1.0,0.3633162052729424,1.0,0.6657720502474155,1.0,0.6795115332428765,1.0,1.0,0.5404121026829388,54.04121026829388,3205,288,96523.0,3.7,2.6,53.5,524,63.9,0.0,3054,433,18.1,10.6,51.80840664711632,5.410566518141311,15.345753078623304,29.598981540420116,29.615384615384617,3.914373088685015,32.449297971918874,56.88861232,3.373647358370465,10.74574280681151,95.67154678548695,10.5,24.0,112.5,51.75,48.75,72.5,16.125,0.5535956580732699,0.3800277392510402,0.7247956403269755,0.7062841530054644,0.646457765667575,0.8073270013568521,0.0694822888283378,0.6955617198335645,0.7272727272727273,0.5189959294436907,0.2741496598639455,0.6693877551020408,0.6361149110807114,0.4262295081967213,0.2748299319727891,0.1939890710382513,0.3774104683195592,0.587431693989071,0.273469387755102,0.2149532710280374,0.5368852459016393,0.9822888283378748,0.4781420765027322,0.3310719131614654,0.7672998643147897,0.6852103120759837,0.6818181818181818,0.6784260515603799,0.6865671641791045,0.6655359565807327,166,9.25,7.6,20,52
06073009802,0.3049776720737925,1.0,0.4668735074690536,1.0,0.3080340412963014,1.0,0.5638374926791151,1.0,0.5821324417098166,1.0,0.5724999131440369,1.0,0.6872455902306649,1.0,1.0,0.4979429512289687,49.79429512289687,6914,941,105000.0,14.0,3.5,51.2,280,81.1,9.866666666666667,6602,747,16.5,11.4,53.79061371841155,7.855973813420622,4.386984311446833,54.00981996726678,25.98639455782313,2.745722244329486,17.356089094590683,28.82389546,6.1783960720130935,20.327421555252386,96.07201309328968,15.5,22.25,110.75,54.5,53.625,66.875,18.75,0.1017639077340569,0.4604715672676838,0.0408719346049046,0.6168032786885246,0.6164850136239782,0.4138398914518317,0.356267029972752,0.1622746185852982,0.0474898236092266,0.1424694708276798,0.4884353741496599,0.5537414965986395,0.5978112175102599,0.3101092896174863,0.8938775510204082,0.453551912568306,0.4462809917355371,0.6898907103825136,0.6054421768707483,0.5869158878504672,0.3019125683060109,0.8950953678474114,0.5204918032786885,0.5413839891451832,0.7109905020352781,0.6824966078697422,0.6906377204884667,0.694708276797829,0.6729986431478969,0.6953867028493894,166,10.875,7.4,27,51
06073018801,0.53860370222702,1.0,0.2533290251854812,1.0,0.5595688071700865,1.0,0.5980024148431771,1.0,0.6483060194779398,1.0,0.511369445561164,1.0,0.1643147896879239,1.0,1.0,0.4676420291646846,46.76420291646847,3488,329,121050.0,11.4,0.2,36.6,115,68.3,0.0,3326,425,15.0,13.0,45.04132231404959,9.861450692746535,8.938053097345133,80.27709861450693,13.230769230769232,8.569299552906111,13.188073394495412,7.890479154,1.0594947025264874,69.39759036144578,97.71801140994296,7.0,4.0,17.5,11.25,5.0,3.125,1.25,0.510854816824966,0.6158113730929264,0.0940054495912806,0.9337431693989072,0.4257493188010899,0.1051560379918588,0.1049046321525885,0.6955617198335645,0.6519674355495251,0.5318860244233379,0.7013605442176871,0.3530612244897959,0.759233926128591,0.2418032786885245,0.6027210884353742,0.7882513661202186,0.7410468319559229,0.2226775956284152,0.7210884353741497,0.908411214953271,0.825136612021858,0.0163487738419618,0.6926229508196722,0.1546811397557666,0.0339213025780189,0.1818181818181818,0.2184531886024423,0.1451831750339213,0.0970149253731343,0.1791044776119403,24,1.0,6.3,11,16
06073013906,0.2120766134306812,1.0,0.5417325702365149,1.0,0.2255902768162896,1.0,0.4803175959670944,1.0,0.5785707066457705,1.0,0.385824114193257,1.0,0.7525101763907733,1.0,1.0,0.4538031505257687,45.38031505257688,4830,892,74625.0,8.5,7.1,28.0,364,93.9,12.025316455696204,4461,603,18.9,15.9,68.39237057220708,9.271137026239067,3.378665533361666,57.20116618075802,29.65686274509804,2.2792022792022792,19.254658385093165,23.47230865,7.813411078717201,21.865284974093264,87.23032069970846,19.5,22.5,138.375,64.75,66.375,84.375,24.375,0.1126187245590231,0.1761442441054091,0.20708446866485,0.3524590163934425,0.2820163487738419,0.582089552238806,0.8623978201634878,0.1317614424410541,0.3568521031207599,0.2754409769335142,0.1782312925170067,0.0918367346938775,0.2229822161422708,0.2568306010928961,0.9510204081632652,0.4904371584699453,0.3746556473829201,0.7226775956284153,0.5496598639455783,0.6672897196261682,0.2295081967213115,0.8651226158038148,0.0628415300546448,0.6702849389416553,0.7218453188602443,0.748303934871099,0.7476255088195387,0.7686567164179104,0.7279511533242876,0.7700135685210312,189,19.125,13.3,34,51
06073002301,0.3539211871891111,1.0,0.5971381932281549,1.0,0.5713401914361403,1.0,0.5414382298859306,1.0,0.4119406490930172,1.0,0.2555116312542497,1.0,0.9852103120759838,1.0,1.0,0.5309286277375125,53.09286277375125,3247,459,78838.0,4.0,11.6,37.6,379,89.1,54.761904761904766,2836,393,17.5,11.4,53.852667231160034,2.2501654533421576,7.007751937984496,20.185307743216413,78.22878228782287,3.2030749519538757,41.88481675392671,13.22962041,12.772998014559894,37.66434648105182,92.32296492389146,30.0,26.75,246.0,120.875,116.625,160.0,41.5,0.3663500678426051,0.2233009708737864,0.6716621253405994,0.1543715846994535,0.4427792915531335,0.6180461329715061,0.6723433242506812,0.0124826629680998,0.791044776119403,0.5888738127544098,0.3517006802721089,0.5537414965986395,0.5964432284541723,0.7021857923497268,0.7551020408163265,0.1120218579234972,0.0055096418732781,0.644808743169399,0.1918367346938775,0.805607476635514,0.0833333333333333,0.4482288828337875,0.2349726775956284,0.9294436906377204,0.9077340569877884,0.9850746268656716,0.9905020352781548,0.9884667571234736,0.974898236092266,0.9871099050203528,206,28.0,10.5,49,51
06073002302,0.183543482827405,1.0,0.6451505714053357,1.0,0.1988164465243356,1.0,0.2501943228683009,1.0,0.4240433014261357,1.0,0.2752353796598224,1.0,0.9934871099050204,1.0,1.0,0.4243529449451936,42.43529449451937,6030,1184,63049.0,9.4,5.8,14.5,430,85.2,0.0,4414,775,18.9,15.3,64.65311004784688,23.29573320255027,9.320066334991708,17.99901912702305,18.75993640699523,6.553620531622364,51.90713101160863,27.52955818,26.974006866110837,25.175997318136105,83.0308974987739,34.0,27.25,250.875,123.375,119.375,163.75,42.375,0.0502035278154681,0.0915395284327323,0.1702997275204359,0.4221311475409836,0.0653950953678474,0.689280868385346,0.5102179836512262,0.6955617198335645,0.3677069199457259,0.1221166892808683,0.1782312925170067,0.1272108843537415,0.2995896032831737,0.0300546448087432,0.5768707482993197,0.0942622950819672,0.6143250688705234,0.3456284153005464,0.1306122448979592,0.605607476635514,0.012295081967213,0.7915531335149864,0.0218579234972677,0.9782903663500678,0.932157394843962,0.994572591587517,0.9959294436906376,0.9959294436906376,0.989145183175034,0.9918588873812756,207,28.0,14.9,53,51
06073002401,0.3791025761873383,1.0,0.7062337177247664,1.0,0.4031124525794035,1.0,0.393928251819218,1.0,0.3189652309103928,1.0,0.437587786562638,1.0,0.9884667571234736,1.0,1.0,0.5181995389867472,51.81995389867472,4295,622,78870.0,4.1,6.1,39.5,462,84.7,0.0,3687,537,18.5,12.1,56.62835249042145,10.479573712255773,7.768595041322314,21.314387211367674,36.21169916434541,3.3752860411899315,34.69150174621653,66.73304294,4.9141503848431025,34.55098934550989,94.73060982830076,33.5,26.25,247.75,119.125,117.75,163.125,42.25,0.228629579375848,0.2246879334257975,0.6580381471389646,0.4050546448087432,0.4638964577656675,0.7381275440976933,0.4816076294277929,0.6955617198335645,0.5563093622795116,0.3683853459972863,0.2285714285714285,0.4591836734693877,0.5280437756497949,0.226775956284153,0.7020408163265306,0.1188524590163934,0.2575757575757575,0.6325136612021858,0.2530612244897959,0.1327102803738318,0.3879781420765027,0.5286103542234333,0.3961748633879781,0.9721845318860244,0.8860244233378561,0.989145183175034,0.9837177747625508,0.9932157394843962,0.985753052917232,0.9905020352781548,199,26.0,11.5,57,51
06073002402,0.1936810902326811,1.0,0.7003912347403024,1.0,0.2070053258752619,1.0,0.2945297047526597,1.0,0.2723084397775839,1.0,0.4373272186735357,1.0,0.9972862957937584,1.0,1.0,0.4432184728351119,44.32184728351119,4665,984,60029.0,4.6,20.0,24.4,588,93.3,1.6666666666666667,3937,645,20.4,16.8,73.47204161248374,17.657241777264858,3.943965517241379,11.252163877668782,55.42168674698795,3.400222965440357,43.08681672025723,57.59800871,12.810155799192152,24.417601380500432,94.86439699942296,33.5,27.25,255.75,125.25,120.125,168.75,42.5,0.0922659430122116,0.0679611650485436,0.5940054495912807,0.0204918032786884,0.244550408719346,0.8473541383989145,0.8385558583106267,0.3675450762829403,0.4830393487109905,0.2191316146540026,0.0816326530612244,0.0442176870748299,0.1217510259917921,0.1010928961748633,0.9129251700680272,0.0423497267759562,0.065426997245179,0.6270491803278688,0.183673469387755,0.2130841121495327,0.081967213114754,0.8147138964577657,0.4153005464480874,0.9721845318860244,0.932157394843962,0.9986431478968792,0.9972862957937584,0.9986431478968792,0.9986431478968792,0.9932157394843962,202,27.375,18.4,54,51
06073002501,0.1211713821902645,1.0,0.6339141243827194,1.0,0.2348867905371103,1.0,0.3405574620240776,1.0,0.2426311112175175,1.0,0.3734037114793804,1.0,0.99280868385346,1.0,1.0,0.4199104665263614,41.99104665263614,5046,1035,71250.0,8.8,16.2,17.1,534,94.5,19.774011299435028,4450,544,19.8,15.4,67.99468791500664,18.377253814147014,7.8820697954271965,46.04715672676838,47.60820045558087,6.302794022092267,24.37574316290131,75.02177971,8.737864077669903,35.294117647058826,94.9375866851595,35.5,27.0,251.875,122.25,117.0,165.625,41.75,0.0793758480325644,0.1435506241331484,0.1961852861035422,0.0655737704918032,0.1212534059945504,0.8147896879240163,0.8835149863760218,0.0721220527045769,0.3609226594301221,0.3554952510176391,0.1047619047619047,0.1183673469387754,0.2257181942544459,0.0846994535519125,0.6911564625850339,0.360655737704918,0.1294765840220385,0.3620218579234973,0.4136054421768708,0.0654205607476635,0.1967213114754098,0.5027247956403269,0.4207650273224044,0.9918588873812756,0.9199457259158752,0.9959294436906376,0.9932157394843962,0.9905020352781548,0.9952510176390772,0.989145183175034,203,26.875,15.4,60,51
06073002705,0.4065361888788293,1.0,0.6645571920055794,1.0,0.3525960180544402,1.0,0.4211495025001994,1.0,0.6542624908040346,1.0,0.1564325526223055,1.0,0.9672998643147896,1.0,1.0,0.5175476870257397,51.75476870257397,4868,709,81464.0,3.4,5.8,24.8,288,91.5,0.0,4677,529,16.6,13.9,74.61858529819695,12.42603550295858,1.0442773600668338,49.11242603550296,8.908685968819599,1.617076326002587,15.61216105176664,48.15183572,9.664694280078894,45.18103008669046,86.91650230111769,31.5,26.5,237.75,113.0,110.25,155.625,39.0,0.1845318860244233,0.2538141470180305,0.7656675749318801,0.4221311475409836,0.247275204359673,0.4355495251017639,0.7670299727520435,0.6955617198335645,0.3025780189959294,0.3812754409769335,0.4768707482993197,0.2496598639455782,0.1053351573187414,0.1816939890710383,0.9931972789115646,0.4043715846994535,0.8443526170798898,0.7937158469945356,0.6612244897959183,0.3177570093457944,0.174863387978142,0.2370572207084468,0.0573770491803278,0.94640434192673,0.8955223880597015,0.9701492537313432,0.966078697421981,0.9776119402985076,0.9620081411126188,0.960651289009498,208,26.625,11.2,57,51
06073002707,0.1371210334264456,1.0,0.6097459189953683,1.0,0.1909963171157201,1.0,0.3474244348902351,1.0,0.3949852998062831,1.0,0.2693688797566048,1.0,0.9948439620081412,1.0,1.0,0.4206408351426854,42.064083514268546,5333,1652,51585.0,5.9,14.0,8.1,800,92.8,24.352331606217614,4014,615,22.5,18.8,55.93705293276109,21.561338289962823,6.910955002847921,9.541511771995044,51.0934393638171,3.7567084078711983,35.252203262703915,25.02800249,13.568773234200744,28.141783029001072,76.88971499380422,31.0,26.25,249.625,123.0,117.875,164.375,45.0,0.0122116689280868,0.0332871012482662,0.4073569482288828,0.0956284153005464,0.0122615803814713,0.9443690637720488,0.8276566757493188,0.0485436893203883,0.4708276797829036,0.2645861601085482,0.0210884353741496,0.0074829931972789,0.5444596443228454,0.0450819672131147,0.7619047619047619,0.0382513661202185,0.0950413223140496,0.6010928961748634,0.2408163265306122,0.6429906542056074,0.0683060109289617,0.7329700272479565,0.0068306010928961,0.9396200814111262,0.8860244233378561,0.9932157394843962,0.994572591587517,0.994572591587517,0.9918588873812756,1.0,207,27.0,22.0,51,51
06073002708,0.0887356922773832,1.0,0.627993201209005,1.0,0.2841753662116136,1.0,0.2240048974221789,1.0,0.242177140568687,1.0,0.1372237359975779,1.0,0.9708276797829036,1.0,1.0,0.367876816209907,36.7876816209907,4839,1127,37059.0,8.4,15.1,22.4,544,77.6,0.0,4132,402,20.7,16.5,74.07621247113164,25.025329280648428,7.2496884088076445,2.9381965552178317,62.22596964586846,7.193229901269394,49.18371564372804,36.10454263,25.835866261398177,41.57923799006074,87.74062816616008,31.0,25.75,230.5,115.375,110.25,151.25,42.625,0.0597014925373133,0.0041608876560332,0.2145776566757493,0.0765027322404371,0.2118528610354223,0.8222523744911805,0.2404632152588555,0.6955617198335645,0.4409769335142469,0.5712347354138398,0.0673469387755102,0.0571428571428571,0.1149110807113543,0.0232240437158469,0.7428571428571429,0.0150273224043715,0.0289256198347107,0.3060109289617486,0.1496598639455783,0.4841121495327103,0.0150273224043715,0.3283378746594005,0.0683060109289617,0.9396200814111262,0.8582089552238806,0.9565807327001355,0.9755766621438264,0.9776119402985076,0.949796472184532,0.994572591587517,206,24.25,18.4,52,51
06073002709,0.0864246425183283,1.0,0.7223290831074148,1.0,0.2576659836254719,1.0,0.3525970567411104,1.0,0.4814828517106169,1.0,0.0986857451993468,1.0,0.9975576662143826,1.0,1.0,0.4281061470166674,42.81061470166674,3987,1331,58875.0,8.2,20.9,16.8,445,94.6,0.0,3406,552,22.2,18.0,56.88282138794085,21.440536013400337,7.725761064210795,22.780569514237857,50.107066381156315,2.050861361771944,23.5766240280913,25.52582452,11.390284757118929,49.58037443511943,84.67336683417085,33.5,27.5,254.625,127.0,119.625,168.125,43.25,0.0379918588873813,0.0638002773925104,0.2302452316076294,0.0136612021857923,0.1137602179836512,0.7150610583446404,0.8896457765667575,0.6955617198335645,0.6322930800542741,0.3487109905020352,0.0272108843537415,0.0224489795918367,0.518467852257182,0.0478142076502732,0.7047619047619047,0.1393442622950819,0.1046831955922864,0.7540983606557377,0.435374149659864,0.6317757009345795,0.1215846994535518,0.1430517711171661,0.0314207650273224,0.9721845318860244,0.9477611940298508,0.9972862957937584,0.9986431478968792,0.9972862957937584,0.9972862957937584,0.9972862957937584,210,27.375,20.3,55,51
06073003114,0.4536343343997746,1.0,0.667215747136785,1.0,0.607123473541384,1.0,0.7606551103094689,1.0,0.6997729184188303,1.0,0.538201734141342,1.0,0.8280868385345996,1.0,1.0,0.6506700223545978,65.06700223545978,3195,256,113267.0,10.3,4.7,32.5,289,95.1,0.0,2974,602,13.8,11.3,33.0,6.9954128440366965,4.119496855345912,85.89449541284404,29.6875,0.0,12.206572769953052,17.3739888,2.522935779816514,33.86046511627907,95.06880733944956,27.5,22.75,175.25,85.375,78.875,115.0,27.625,0.6132971506105834,0.5520110957004161,0.1321525885558583,0.5170765027322404,0.3555858310626703,0.4382632293080054,0.9107629427792916,0.6955617198335645,0.751696065128901,0.2767978290366349,0.8319727891156463,0.5680272108843538,0.9124487004103968,0.3510928961748634,0.9047619047619048,0.8743169398907104,0.371900826446281,0.9405737704918032,0.7482993197278911,0.7383177570093458,0.6311475409836065,0.5544959128065395,0.4289617486338797,0.8710990502035278,0.73202170963365,0.8290366350067843,0.83921302578019,0.8242876526458616,0.8331071913161465,0.8147896879240163,201,19.375,8.0,49,51
06073003115,0.3138144012625421,1.0,0.665185398508364,1.0,0.259049372802038,1.0,0.4799818936343123,1.0,0.5419725930275018,1.0,0.1697897589374786,1.0,0.7896879240162822,1.0,1.0,0.4599259060269312,45.99259060269312,5897,799,101813.0,4.9,12.2,20.0,439,96.0,0.0,5665,916,16.3,13.3,62.28710462287105,3.624856156501726,14.261488892657283,72.20943613348678,25.792811839323463,2.359550561797753,21.705952179074107,33.52831363,13.291139240506327,41.73669467787115,89.75834292289989,23.0,22.25,156.0,74.125,72.875,101.875,25.875,0.1438263229308005,0.4244105409153952,0.5504087193460491,0.1366120218579235,0.1743869209809264,0.7069199457259159,0.9325613079019074,0.6955617198335645,0.1343283582089552,0.0630936227951153,0.5183673469387755,0.3204081632653061,0.3584131326949384,0.5710382513661203,0.3238095238095237,0.6666666666666666,0.4517906336088154,0.7185792349726776,0.4816326530612245,0.5158878504672897,0.0724043715846994,0.3208446866485014,0.1161202185792349,0.7706919945725916,0.7109905020352781,0.7869742198100407,0.7883310719131614,0.7924016282225237,0.7829036635006784,0.7978290366350068,192,18.375,10.7,40,51
06073020211,0.2393996588912555,1.0,0.3852751712409141,1.0,0.1145863908657085,1.0,0.1801849981319253,1.0,0.3752346366058589,1.0,0.2400401026389323,1.0,0.3211668928086838,1.0,1.0,0.2651268358833255,26.512683588332553,5809,713,57192.0,4.2,15.5,13.4,323,94.0,22.943722943722943,4971,882,20.4,16.3,73.04761904761905,16.577017114914426,18.9877775865037,39.559902200489,45.45454545454545,2.0593869731800765,71.61301428817353,33.49097698,12.273838630806846,38.2277397260274,91.78484107579462,18.0,11.0,31.75,20.375,9.375,20.625,2.5,0.1818181818181817,0.0596393897364771,0.6423705722070845,0.0737704918032786,0.0517711171662125,0.5,0.8664850136239782,0.0582524271844659,0.2333785617367707,0.0746268656716417,0.0816326530612244,0.0687074829931972,0.1326949384404925,0.1120218579234972,0.183673469387755,0.2923497267759563,0.1542699724517906,0.75,0.0789115646258503,0.5177570093457944,0.0915300546448087,0.4359673024523161,0.1926229508196721,0.6227951153324288,0.2123473541383989,0.2937584803256445,0.4525101763907734,0.21438263229308,0.4104477611940298,0.2347354138398914,29,1.0,15.6,29,23
06073017306,0.7804011005761962,1.0,0.3858930751363709,1.0,0.9083354101477767,1.0,0.6474835816903963,1.0,0.3492537664966527,1.0,0.7377607540090231,1.0,0.0639077340569877,1.0,1.0,0.5532907745876291,55.32907745876291,2670,16,229406.0,5.4,3.1,80.1,10,71.0,0.0,2570,188,11.0,9.2,62.06896551724138,3.561887800534283,5.470543228768172,80.94390026714159,26.537216828478964,12.470771628994544,27.340823970037455,34.7728687,1.2466607301869992,38.1201044386423,100.0,6.5,15.5,8.25,4.125,3.5,2.5,0.0,0.9850746268656716,0.9916782246879334,0.4843324250681199,0.66051912568306,0.9659400544959128,0.005427408412483,0.1307901907356948,0.6955617198335645,0.8466757123473542,0.9002713704206241,0.9952380952380953,0.891156462585034,0.3666210670314638,0.5737704918032787,0.8448979591836735,0.8046448087431693,0.4366391184573003,0.105191256830601,0.3523809523809523,0.502803738317757,0.8060109289617486,0.4386920980926431,0.9685792349726776,0.1363636363636363,0.3812754409769335,0.0637720488466757,0.0508819538670284,0.0820895522388059,0.0759837177747625,0.0468113975576662,13,1.0,3.0,13,55
06073008350,0.5495361267099556,1.0,0.6090921651458231,1.0,0.4890904937280204,1.0,0.52440596520728,1.0,0.3685744030774116,1.0,0.7228575115518431,1.0,0.3302578018995929,1.0,1.0,0.5134020667599896,51.34020667599896,6722,605,145682.0,5.2,3.2,61.7,910,85.0,0.0,6380,640,14.1,9.4,34.43830570902394,3.0180180180180183,21.048585485854854,51.08108108108108,21.46666666666667,2.759526938239159,58.911038381434096,68.06471686,3.1081081081081083,24.719913263462235,98.46846846846849,4.5,20.75,33.5,17.0,15.0,18.125,4.5,0.2415196743554952,0.79750346740638,0.5115803814713896,0.6475409836065573,0.7568119891008175,0.9687924016282226,0.5020435967302452,0.6955617198335645,0.0597014925373133,0.2272727272727273,0.8047619047619048,0.8646258503401361,0.8974008207934336,0.6284153005464481,0.145578231292517,0.4262295081967213,0.5550964187327824,0.6871584699453552,0.1142857142857143,0.1177570093457943,0.5655737704918034,0.8024523160762943,0.8005464480874317,0.0949796472184531,0.6363636363636364,0.3086838534599728,0.3310719131614654,0.3283582089552239,0.3521031207598372,0.3310719131614654,57,1.625,6.7,9,62
06073002803,0.2077061907661197,1.0,0.7770067721947993,1.0,0.3687240975087457,1.0,0.4042836063132839,1.0,0.5200984934426841,1.0,0.5093134408361996,1.0,0.9469470827679782,1.0,1.0,0.5334399548328301,53.34399548328301,5457,848,84515.0,9.9,8.6,51.5,876,88.2,0.0,4858,660,16.8,11.5,60.50995024875622,1.7100660707345512,17.270553614125436,33.03536727555383,45.58521560574948,1.8688024408848207,33.168407549935864,8.450528936,9.949475320637388,25.914396887159537,96.73532841041586,28.0,25.75,223.0,110.25,107.5,145.625,39.75,0.1275440976933514,0.2815533980582524,0.1478201634877384,0.2739071038251366,0.6239782016348774,0.960651289009498,0.6410081743869209,0.6955617198335645,0.2605156037991859,0.2150610583446404,0.4571428571428572,0.5421768707482993,0.4158686730506156,0.7540983606557377,0.2244897959183673,0.2226775956284153,0.1487603305785123,0.7704918032786885,0.2639455782312925,0.897196261682243,0.1639344262295081,0.773841961852861,0.5901639344262295,0.8826322930800543,0.8582089552238806,0.9308005427408412,0.9525101763907734,0.9579375848032564,0.9253731343283582,0.968113975576662,206,22.5,8.7,47,51
06073002804,0.272018529386241,1.0,0.5996813914197053,1.0,0.3854346080358873,1.0,0.3310051508212893,1.0,0.4850054528051668,1.0,0.7733940332434995,1.0,0.926729986431479,1.0,1.0,0.5390384503061812,53.90384503061812,6071,1974,80566.0,6.4,5.1,53.0,299,65.1,0.0,5669,274,20.8,11.3,61.31386861313869,6.4054726368159205,27.73081385711918,57.0273631840796,27.0516717325228,5.244549204478491,21.24855872179213,29.22215308,0.808457711442786,24.489795918367346,97.2636815920398,26.5,26.0,213.75,107.0,101.0,140.0,37.0,0.0040705563093622,0.2454923717059639,0.3549046321525886,0.4836065573770491,0.6389645776566758,0.4559023066485753,0.0817438692098092,0.6955617198335645,0.1329715061058344,0.7781546811397557,0.0625850340136054,0.5680272108843538,0.3912448700410397,0.3756830601092896,0.0693877551020408,0.4877049180327868,0.4256198347107438,0.4412568306010929,0.4918367346938775,0.5813084112149532,0.8647540983606558,0.8133514986376021,0.6420765027322405,0.8514246947082768,0.8744911804613297,0.9097693351424696,0.9416553595658074,0.9335142469470828,0.9029850746268656,0.9457259158751696,203,21.875,10.3,46,51
06073003001,0.3939908757179863,1.0,0.6361936221905475,1.0,0.5041598593304351,1.0,0.5740175139823371,1.0,0.2820367029545586,1.0,0.2918782229766283,1.0,0.966078697421981,1.0,1.0,0.5211936420820678,52.119364208206775,4537,472,98944.0,3.3,17.5,30.9,375,81.6,0.0,3932,353,17.0,12.1,34.068627450980394,5.812973883740522,12.491309385863268,65.62763268744735,52.522935779816514,5.868358445678033,20.938946440379105,65.01555694,6.908171861836562,34.77218225419664,88.87952822240943,33.0,25.5,235.125,116.375,106.375,157.5,39.375,0.3507462686567164,0.4022191400832177,0.7826975476839237,0.0403005464480874,0.3317438692098092,0.6085481682496607,0.3746594005449591,0.6955617198335645,0.4843962008141113,0.6506105834464043,0.4224489795918367,0.4591836734693877,0.902872777017784,0.4057377049180327,0.3931972789115646,0.5942622950819673,0.0798898071625344,0.3961748633879781,0.5006802721088435,0.1514018691588785,0.2622950819672131,0.5177111716621253,0.0956284153005464,0.9647218453188604,0.8419267299864315,0.966078697421981,0.9789687924016284,0.9518317503392132,0.968113975576662,0.9654002713704206,206,24.5,10.6,62,51
06073003004,0.0741177255473212,1.0,0.5531393339724932,1.0,0.2286602700781805,1.0,0.2321751556131411,1.0,0.4816512670072011,1.0,0.4252244606244695,1.0,0.8834464043419269,1.0,1.0,0.4112020881692477,41.120208816924766,5395,836,66531.0,14.7,20.5,20.0,477,85.0,12.944162436548224,4662,590,19.4,14.9,73.29113924050633,22.10242587601078,11.52770005595971,42.52021563342318,48.47457627118644,3.322475570032573,23.911028730305837,17.22464219,5.188679245283019,32.59393390674513,93.66576819407008,31.5,25.0,201.875,97.625,91.375,131.875,31.5,0.1329715061058344,0.1137309292649098,0.0347411444141689,0.0150273224043715,0.1743869209809264,0.7598371777476255,0.5020435967302452,0.1220527045769763,0.3120759837177748,0.3073270013568521,0.1353741496598639,0.1598639455782312,0.1272229822161422,0.0396174863387978,0.4394557823129251,0.3224043715846995,0.1239669421487603,0.6338797814207651,0.4285714285714286,0.7401869158878505,0.3688524590163934,0.603542234332425,0.3032786885245901,0.94640434192673,0.8141112618724559,0.8819538670284939,0.8941655359565808,0.8941655359565808,0.8799185888738128,0.8670284938941656,205,21.625,14.8,58,51
06073003101,0.5063078072546958,1.0,0.4165801931357964,1.0,0.4685316460369765,1.0,0.5664827177535139,1.0,0.4541141755112842,1.0,0.5444776978702918,1.0,0.8925373134328358,1.0,1.0,0.5498616501421992,54.98616501421992,4120,425,98505.0,1.4,8.6,23.3,100,80.3,16.819571865443425,3539,343,17.4,13.9,65.14084507042254,5.2935514918190565,4.854842644547451,72.6660250240616,27.877237851662407,7.397504456327986,18.689320388349515,31.52457996,1.539942252165544,30.216587427363972,91.91530317613088,35.0,24.5,209.75,101.25,87.125,141.25,31.75,0.4009497964721845,0.3980582524271844,0.952316076294278,0.2739071038251366,0.2254768392370572,0.0895522388059701,0.3181198910081744,0.0929264909847433,0.5902306648575305,0.6682496607869742,0.3659863945578231,0.2496598639455782,0.2818057455540356,0.4371584699453552,0.8734693877551021,0.6734972677595629,0.409090909090909,0.2937158469945355,0.5659863945578232,0.5476635514018692,0.7650273224043715,0.6634877384196185,0.2049180327868852,0.9884667571234736,0.7849389416553596,0.9023066485753052,0.9118046132971506,0.8690637720488467,0.907055630936228,0.8724559023066486,200,21.625,12.1,59,51
06073017305,0.8047706934703285,1.0,0.414827699759108,1.0,0.8096454185473375,1.0,0.77750490398218,1.0,0.5926231426871624,1.0,0.6676679918405027,1.0,0.0639077340569877,1.0,1.0,0.5901353691919439,59.01353691919439,3032,169,159766.0,2.9,2.1,72.2,210,74.3,0.0,2941,257,12.2,10.3,29.838709677419356,0.4418262150220913,10.886159973448391,81.73784977908689,13.765182186234815,4.366197183098591,11.213720316622693,47.20597386,1.251840942562592,39.33415536374846,98.4536082474227,6.0,14.0,8.25,4.125,3.5,2.5,0.0,0.7781546811397557,0.855755894590846,0.826975476839237,0.7581967213114754,0.8950953678474114,0.262550881953867,0.1846049046321526,0.6955617198335645,0.762550881953867,0.8086838534599728,0.95578231292517,0.7115646258503401,0.9384404924760602,0.889344262295082,0.4680272108843537,0.8142076502732241,0.7272727272727273,0.5327868852459017,0.7795918367346939,0.3308411214953271,0.8032786885245902,0.4005449591280654,0.7991803278688525,0.1248303934871099,0.3263229308005427,0.0637720488466757,0.0508819538670284,0.0820895522388059,0.0759837177747625,0.0468113975576662,12,1.0,3.7,11,47
06073018621,0.5502167976132506,1.0,0.4159165088718303,1.0,0.5858402791238612,1.0,0.4576666369941037,1.0,0.2159907416879952,0.75,0.2075646580604815,1.0,0.4295793758480325,1.0,1.0,0.4089678568856508,40.89678568856508,1812,135,74836.0,4.2,4.2,22.9,142,97.6,0.0,1481,234,17.6,14.5,55.487804878048784,5.105633802816902,10.375275938189846,42.25352112676056,53.41614906832298,4.377104377104377,97.13024282560706,,5.809859154929577,53.104925053533194,92.0774647887324,11.5,6.5,41.625,18.375,24.0,16.25,9.75,0.8297150610583446,0.1789181692094313,0.6423705722070845,0.549863387978142,0.2186648501362398,0.1540027137042062,0.9659400544959128,0.6955617198335645,0.9769335142469472,0.8378561736770692,0.3408163265306122,0.1877551020408163,0.5540355677154583,0.4549180327868852,0.5020408163265306,0.319672131147541,0.0743801652892561,0.5300546448087431,0.0435374149659864,,0.3169398907103825,0.0940054495912806,0.2117486338797814,0.3860244233378562,0.0753052917232021,0.4240162822252374,0.3738127544097693,0.4830393487109905,0.32157394843962,0.5454545454545454,39,2.5,10.6,21,17
06073009108,0.5404073278722088,1.0,0.505319783556125,1.0,0.7484220825372212,1.0,0.5920824038727195,1.0,0.204145180630171,0.75,0.6294662576991606,1.0,0.734056987788331,1.0,1.0,0.5648428605651338,56.484286056513376,2133,129,93967.0,3.5,10.2,55.5,97,70.5,0.0,2096,189,15.9,11.2,55.6745182012848,0.0,10.773611770289511,48.44587352625938,38.028169014084504,6.513026052104208,122.36286919831224,,0.857449088960343,22.66839378238342,91.63987138263666,18.0,25.25,136.0,63.75,62.0,85.625,19.375,0.8419267299864315,0.3661581137309292,0.752724795640327,0.2008196721311475,0.6791553133514986,0.0868385345997286,0.1192098092643051,0.6955617198335645,0.921302578018996,0.898236092265943,0.5891156462585034,0.5850340136054422,0.5499316005471957,0.950136612021858,0.4775510204081632,0.3907103825136612,0.2327823691460054,0.3483606557377049,0.0312925170068026,,0.8579234972677596,0.8460490463215259,0.1844262295081967,0.6227951153324288,0.8283582089552238,0.7381275440976933,0.7421981004070556,0.7455902306648575,0.7381275440976933,0.7062415196743554,181,11.375,6.3,36,52
06073017069,0.820714301745985,1.0,0.4347103277388526,1.0,0.9071740093595104,1.0,0.7735732893996332,1.0,0.839588569474667,0.75,0.7599053021843035,1.0,0.1519674355495251,1.0,1.0,0.6696618907789252,66.96618907789252,2162,78,166875.0,5.2,0.0,78.6,104,78.3,0.0,2143,268,12.3,8.0,50.71428571428571,1.6229712858926344,4.848484848484849,80.89887640449437,7.368421052631578,0.0,14.338575393154487,,1.2484394506866416,31.97530864197531,98.87640449438202,9.0,14.25,14.375,9.75,4.875,6.875,0.625,0.9226594301221168,0.8807212205270458,0.5115803814713896,0.967896174863388,0.9564032697547684,0.0943012211668928,0.2636239782016348,0.6955617198335645,0.9172320217096336,0.7869742198100407,0.9496598639455782,0.9748299319727892,0.6511627906976745,0.7650273224043715,0.8761904761904762,0.8019125683060109,0.8856749311294766,0.9405737704918032,0.6925170068027211,,0.8046448087431695,0.6239782016348774,0.8510928961748634,0.2611940298507462,0.3371777476255088,0.1546811397557666,0.1763907734056987,0.1356852103120759,0.1655359565807327,0.1275440976933514,23,2.0,3.9,17,46
06073008002,0.8463844558497715,1.0,0.497796402196882,1.0,0.83322026232474,1.0,0.7298868298749159,1.0,0.6701294808498974,1.0,0.7204453973784388,1.0,0.5777476255088195,1.0,1.0,0.696515779140495,69.6515779140495,2689,138,189479.0,3.5,1.1,73.1,236,71.3,0.0,2545,253,14.0,9.5,39.68253968253968,0.0,12.010443864229766,75.51020408163265,8.860759493670885,8.695652173913043,14.875418371141688,5.488487866,3.498542274052478,15.059445178335537,97.667638483965,11.0,19.75,80.125,38.625,32.25,48.125,9.75,0.824966078697422,0.9403606102635228,0.752724795640327,0.8674863387978142,0.9080381471389646,0.3100407055630936,0.1341961852861035,0.6955617198335645,0.8534599728629579,0.8127544097693351,0.8163265306122449,0.8503401360544218,0.8372093023255813,0.950136612021858,0.4095238095238095,0.7226775956284153,0.8471074380165289,0.2151639344262295,0.6761904761904762,0.9420560747663552,0.5204918032786885,0.9509536784741144,0.6898907103825137,0.3568521031207598,0.582089552238806,0.5983717774762551,0.5861601085481682,0.5583446404341926,0.6004070556309362,0.5454545454545454,125,6.5,4.5,19,52
06073010110,0.1200148904977882,1.0,0.4602391528812866,1.0,0.1172357138241999,1.0,0.2870561091382798,1.0,0.3006627821273627,1.0,0.3775281289240283,1.0,0.4421981004070556,1.0,1.0,0.3007049825428573,30.07049825428573,7030,1538,76875.0,10.8,12.0,20.5,408,90.7,13.170731707317074,6201,832,18.2,16.7,70.5253784505788,18.931068931068932,9.55096222380613,43.35664335664335,32.69720101781171,8.333333333333332,21.90611664295875,62.00373367,4.895104895104895,36.693548387096776,93.05694305694306,22.0,14.0,47.5,23.625,18.875,27.5,4.75,0.0189959294436906,0.2024965325936199,0.114441416893733,0.1441256830601093,0.185967302452316,0.6594301221166893,0.7370572207084468,0.1192787794729541,0.073270013568521,0.0902306648575305,0.2578231292517007,0.0476190476190476,0.1778385772913816,0.0765027322404371,0.5591836734693878,0.3346994535519125,0.3154269972451791,0.2390710382513661,0.4761904761904761,0.1719626168224298,0.389344262295082,0.4741144414168937,0.2691256830601093,0.7333785617367707,0.3263229308005427,0.4925373134328358,0.4932157394843962,0.3873812754409769,0.4979647218453188,0.3398914518317503,63,8.0,14.9,35,44
06073010111,0.1894924506939137,1.0,0.4516039988334115,1.0,0.3853813031318361,1.0,0.3933689068460018,1.0,0.4269275632564289,1.0,0.4897509963619759,1.0,0.2791044776119403,1.0,1.0,0.3736613852479298,37.36613852479298,3786,563,80404.0,8.2,24.3,10.8,363,91.4,2.272727272727273,3192,408,18.2,16.8,62.93706293706294,33.52601156069364,5.309033280507132,47.74566473988439,40.310077519379846,4.525386313465784,14.79133650290544,48.37585563,0.8092485549132947,44.636251541307026,94.33526011560691,20.5,13.25,31.125,14.375,14.25,15.625,2.25,0.2781546811397557,0.2441054091539528,0.2302452316076294,0.0054644808743169,0.0231607629427792,0.5780189959294437,0.7622615803814714,0.3522884882108182,0.6865671641791045,0.5529172320217096,0.2578231292517007,0.0442176870748299,0.3392612859097127,0.0013661202185791,0.8517006802721089,0.3811475409836065,0.2024793388429752,0.5136612021857924,0.6775510204081633,0.314018691588785,0.8633879781420765,0.2534059945504087,0.3524590163934426,0.694708276797829,0.2991858887381275,0.2862957937584803,0.2720488466757123,0.3168249660786974,0.3147896879240163,0.2055630936227951,38,6.375,15.5,36,44
06073010112,0.0802020677308767,1.0,0.4851367266752905,1.0,0.1741879655525711,1.0,0.3315677834229384,1.0,0.381894875302454,1.0,0.2306807522222718,1.0,0.437449118046133,1.0,1.0,0.3030170412789336,30.301704127893363,5123,670,61522.0,14.4,23.8,16.5,404,95.4,11.661807580174926,4769,723,19.5,15.3,62.614487926727726,22.021419009370817,5.598570577724836,18.54082998661312,41.51724137931034,4.292120435618194,25.57095451883662,42.07840697,8.032128514056225,46.04012671594509,92.8380187416332,23.0,14.0,45.25,21.5,19.375,26.25,5.25,0.1953867028493894,0.0804438280166435,0.0381471389645776,0.0068306010928961,0.1042234332425068,0.6506105834464043,0.9216621253405994,0.1373092926490985,0.2856173677069199,0.1580732700135685,0.1258503401360544,0.1272108843537415,0.3488372093023255,0.040983606557377,0.8394557823129252,0.0969945355191256,0.1804407713498622,0.5505464480874317,0.3891156462585033,0.4074766355140187,0.2199453551912568,0.2125340599455041,0.2595628415300546,0.7706919945725916,0.3263229308005427,0.4701492537313433,0.4687924016282225,0.3934871099050203,0.4843962008141113,0.3704206241519674,58,8.0,15.7,37,44
06073010300,0.3387492379387886,1.0,0.4509665189157401,1.0,0.3642275634812948,1.0,0.4068558818876387,1.0,0.4493517916190023,1.0,0.0714129728066387,1.0,0.4736770691994572,1.0,1.0,0.3650344336926515,36.50344336926515,3884,574,77123.0,3.3,14.0,24.3,512,78.5,0.0,3497,458,18.7,14.8,62.513426423200855,8.168642951251647,7.87847579814624,38.669301712779976,52.14723926380368,1.8111254851228975,20.85478887744593,40.58494088,12.318840579710146,53.301886792452834,84.84848484848484,11.5,13.75,52.375,25.0,19.875,32.5,7.0,0.2700135685210312,0.2066574202496532,0.7826975476839237,0.0956284153005464,0.241825613079019,0.7964721845318861,0.2731607629427793,0.6955617198335645,0.6024423337856173,0.4830393487109905,0.2061224489795918,0.1653061224489795,0.3515731874145007,0.3005464480874317,0.6925170068027211,0.2827868852459016,0.0867768595041322,0.7773224043715847,0.5034013605442177,0.4299065420560748,0.0901639344262295,0.0885558583106267,0.0355191256830601,0.3860244233378562,0.3127544097693351,0.5101763907734057,0.5067842605156038,0.4063772048846675,0.5223880597014925,0.4226594301221167,79,7.0,11.3,18,43
06073010401,0.5244244484253141,1.0,0.4012411551475116,1.0,0.6365487036062729,1.0,0.3138574015195098,1.0,0.5877953240131126,1.0,0.5226135703756644,1.0,0.4873812754409769,1.0,1.0,0.4962659826469088,49.62659826469088,2197,94,75417.0,5.2,4.8,20.7,205,81.3,0.0,1826,244,17.7,12.2,64.35643564356435,7.011070110701106,11.344922232387924,24.600246002460025,21.153846153846153,4.912280701754386,15.930814747382795,24.24393279,3.444034440344403,30.099728014505896,94.4649446494465,15.0,15.5,56.25,26.625,22.125,35.0,7.0,0.898236092265943,0.1844660194174757,0.5115803814713896,0.5034153005464481,0.1900544959128065,0.248303934871099,0.3630790190735695,0.6955617198335645,0.9484396200814112,0.824966078697422,0.3285714285714286,0.4442176870748299,0.3091655266757865,0.3497267759562842,0.4448979591836735,0.151639344262295,0.5661157024793388,0.4781420765027322,0.6489795918367347,0.6579439252336449,0.5300546448087431,0.670299727520436,0.3674863387978142,0.5291723202170964,0.3812754409769335,0.5176390773405699,0.5183175033921302,0.443012211668928,0.5352781546811397,0.4226594301221167,82,8.0,9.8,23,44
06073012600,0.1001869222768493,1.0,0.4100264830508384,1.0,0.2899611404941895,1.0,0.4369323539556882,1.0,0.1204604915163603,1.0,0.2214876689348481,1.0,0.6480325644504749,1.0,1.0,0.3181553749541784,31.81553749541784,4654,799,75929.0,14.7,18.5,11.0,213,96.3,11.374407582938389,4303,539,17.9,15.8,53.87243735763098,18.676277850589777,7.086614173228346,42.136304062909566,58.91891891891892,7.121119902617163,60.80790717662226,87.21841942,8.650065530799477,42.23541048466865,90.69462647444298,14.0,19.75,101.5,44.875,44.125,65.625,14.375,0.1438263229308005,0.1941747572815534,0.0347411444141689,0.0280054644808742,0.0252043596730245,0.2700135685210312,0.9400544959128064,0.1400832177531207,0.3934871099050203,0.3636363636363636,0.3054421768707482,0.0972789115646258,0.5950752393980848,0.081967213114754,0.7523809523809524,0.3183060109289617,0.0413223140495867,0.3073770491803278,0.108843537414966,0.0242990654205607,0.2008196721311475,0.3065395095367847,0.157103825136612,0.5027137042062415,0.582089552238806,0.6526458616010855,0.6350067842605156,0.6472184531886025,0.664179104477612,0.641112618724559,156,13.75,13.3,27,48
06073012700,0.1895201675436779,1.0,0.5661726285705869,1.0,0.2296158354793749,1.0,0.3506859053190471,1.0,0.1543095023229489,1.0,0.3256118382196016,1.0,0.6834464043419267,1.0,1.0,0.357051754542452,35.7051754542452,4956,638,75862.0,7.1,17.0,15.0,373,86.8,0.0,4539,752,17.9,15.1,56.50969529085873,9.656398104265405,9.355425338452212,12.618483412322275,40.78212290502793,12.493519958527736,74.85875706214689,54.73553205,9.597156398104266,36.47619047619048,93.89810426540284,23.5,21.0,114.625,50.5,49.75,74.375,17.25,0.2184531886024423,0.1914008321775312,0.2990463215258855,0.0491803278688525,0.0776566757493188,0.6031207598371777,0.5844686648501363,0.6955617198335645,0.3283582089552238,0.1363636363636363,0.3054421768707482,0.1482993197278911,0.5307797537619698,0.2486338797814208,0.5741496598639455,0.0491803278688524,0.1955922865013774,0.1038251366120218,0.074829931972789,0.2429906542056075,0.1816939890710383,0.4782016348773842,0.3169398907103825,0.7869742198100407,0.6492537313432836,0.689280868385346,0.6729986431478969,0.6824966078697422,0.6919945725915875,0.680461329715061,164,15.25,13.1,38,48
06073012800,0.3834538037195389,1.0,0.5083622266131356,1.0,0.495157330231957,1.0,0.5000934742940256,1.0,0.4227621507269831,1.0,0.4793741903783445,1.0,0.6742198100407054,1.0,1.0,0.4947747122863843,49.47747122863843,3737,272,79155.0,9.4,4.1,29.8,349,80.9,1.276595744680851,3189,496,16.1,13.4,81.23791102514507,4.583020285499624,3.7872683319903304,60.480841472577005,39.89501312335958,7.633587786259542,20.604763179020605,21.7672682,3.3057851239669422,31.197301854974707,92.41172051089409,27.0,20.25,111.0,49.125,48.125,72.5,16.125,0.578697421981004,0.2260748959778086,0.1702997275204359,0.5587431693989071,0.3106267029972752,0.5508819538670285,0.3440054495912806,0.375866851595007,0.689280868385346,0.4294436906377205,0.5564625850340136,0.3054421768707482,0.0410396716826265,0.4959016393442623,0.9224489795918368,0.5409836065573771,0.209366391184573,0.2800546448087432,0.5156462585034014,0.685981308411215,0.5478142076502732,0.6471389645776566,0.2431693989071038,0.8616010854816825,0.60719131614654,0.683853459972863,0.6648575305291723,0.6702849389416553,0.6865671641791045,0.6655359565807327,161,15.25,9.6,47,48
06073012900,0.4421741099882466,1.0,0.4766941786108241,1.0,0.5926282317540315,1.0,0.5921279072055814,1.0,0.5317883956285083,1.0,0.5145136314229984,1.0,0.6616010854816825,1.0,1.0,0.5445039342988389,54.45039342988389,3643,271,115288.0,6.4,8.8,37.3,179,73.3,0.0,3437,314,15.3,12.9,50.476190476190474,11.932324131789848,2.8916339135317237,61.35351736420303,21.929824561403507,4.991539763113368,24.43041449354927,20.21157436,0.9795191451469278,33.63114231014678,90.38290293855744,24.5,19.0,104.75,47.625,44.625,66.875,16.125,0.5841248303934872,0.5742024965325936,0.3549046321525886,0.2554644808743169,0.4352861035422343,0.2048846675712347,0.1689373297002724,0.6955617198335645,0.6214382632293081,0.7150610583446404,0.6693877551020408,0.364625850340136,0.6566347469220246,0.1898907103825137,0.9687074829931972,0.5532786885245902,0.5420110192837466,0.4658469945355191,0.4108843537414965,0.7084112149532711,0.8401639344262295,0.5640326975476839,0.1393442622950819,0.8073270013568521,0.5481682496607869,0.666214382632293,0.6512890094979648,0.6519674355495251,0.6729986431478969,0.6655359565807327,160,14.625,8.8,43,48
06073013000,0.1877103629137547,1.0,0.4837111276365331,1.0,0.2766743739558239,1.0,0.3020387091168911,1.0,0.2890214735597253,1.0,0.2521887702684594,1.0,0.6576662143826323,1.0,1.0,0.3498587188334028,34.98587188334028,5469,587,67740.0,8.4,11.5,20.3,621,83.0,14.285714285714285,4361,720,17.2,14.7,74.01918047079337,9.818569903948772,9.260642270351008,36.87299893276414,48.88123924268503,4.921359715880263,38.581093435728654,46.32233976,11.52614727854856,32.804232804232804,85.48559231590181,22.5,19.75,103.5,45.875,45.125,66.25,15.5,0.2564450474898236,0.1206657420249653,0.2145776566757493,0.1591530054644808,0.1825613079019073,0.8697421981004071,0.412125340599455,0.1054091539528432,0.378561736770692,0.1601085481682497,0.3952380952380953,0.1727891156462585,0.1162790697674418,0.2431693989071038,0.582312925170068,0.2663934426229508,0.1129476584022038,0.4754098360655737,0.2163265306122449,0.3514018691588785,0.1161202185792349,0.5967302452316077,0.0437158469945355,0.7503392130257802,0.582089552238806,0.6621438263229308,0.6397557666214383,0.6567164179104478,0.6689280868385346,0.66078697421981,157,15.125,12.0,38,48
06073017041,0.5593342509744652,1.0,0.4396301789064044,1.0,0.4987859865791635,1.0,0.5751222486707226,1.0,0.5372429665792501,1.0,0.5030895906850702,1.0,0.0453188602442333,1.0,1.0,0.4512177260913299,45.12177260913299,5565,220,131650.0,7.2,4.1,50.4,394,83.9,5.919003115264798,5354,542,14.8,10.2,65.53030303030303,3.308823529411765,6.7525866763477955,71.32352941176471,8.516886930983848,9.073543457497612,23.719676549865227,22.93714997,1.050420168067227,51.67919799498747,96.58613445378153,9.0,17.0,5.625,5.125,1.5,0.0,0.0,0.6845318860244234,0.7031900138696255,0.2908719346049047,0.5587431693989071,0.6021798365122616,0.6404341926729986,0.444141689373297,0.2441054091539528,0.175033921302578,0.3595658073270014,0.7292517006802721,0.7312925170068028,0.2722298221614226,0.6024590163934427,0.7714285714285715,0.6543715846994536,0.8581267217630855,0.1885245901639344,0.4312925170068027,0.6710280373831776,0.8306010928961749,0.1076294277929155,0.5710382513661202,0.2611940298507462,0.4457259158751696,0.0427408412483039,0.0793758480325644,0.0407055630936228,0.0169606512890094,0.0468113975576662,9,1.0,5.5,16,58
06073021302,0.3747525331789758,1.0,0.2523527234505326,1.0,0.3006761184799564,1.0,0.4832139050816666,1.0,0.561373101072805,1.0,0.4681201391680687,1.0,0.0184531886024423,1.0,1.0,0.351277387004921,35.1277387004921,6675,455,120218.0,7.4,9.2,20.5,810,78.2,20.0,4471,728,17.4,13.2,57.67918088737202,4.638088545326775,17.712007360834228,76.52846099789178,21.28146453089245,8.488745980707396,5.692883895131086,34.25015557,0.7027406886858749,77.73695811903012,95.99437807449053,0.0,5.25,0.375,0.375,0.0,0.0,0.0,0.3724559023066486,0.608876560332871,0.2799727520435967,0.2377049180327869,0.185967302452316,0.9477611940298508,0.2602179836512261,0.0665742024965325,0.3514246947082767,0.1546811397557665,0.3659863945578231,0.3306122448979591,0.4952120383036935,0.4904371584699454,0.2149659863945577,0.73224043715847,0.5633608815426997,0.2281420765027322,0.9455782312925172,0.508411214953271,0.8866120218579235,0.0040871934604904,0.5136612021857924,0.0094979647218453,0.0440976933514246,0.0067842605156037,0.0101763907734057,0.0115332428765264,0.0169606512890094,0.0468113975576662,1,0.0,9.8,0,21
06073009504,0.7241824522118291,0.75,0.4199209787197667,1.0,0.4893690176206168,1.0,0.7447597719987729,1.0,0.6105056563052967,1.0,0.5356450668294596,1.0,0.3249660786974219,1.0,1.0,0.5499070031975947,54.99070031975947,6428,206,,2.9,3.3,77.2,97,71.5,0.0,6290,917,12.6,9.1,50.62240663900415,0.3395585738539898,8.2069720181335,78.60780984719864,9.553349875930522,10.007639419404123,7.778469197261979,29.95644057,0.0,51.480781348456205,96.09507640067912,1.5,20.25,30.375,15.625,15.75,16.25,5.5,0.7082767978290366,,0.826975476839237,0.6372950819672132,0.9475476839237056,0.0868385345997286,0.1396457765667575,0.6955617198335645,0.0664857530529172,0.0610583446404342,0.927891156462585,0.9020408163265308,0.652530779753762,0.8961748633879781,0.6653061224489796,0.7650273224043715,0.8209366391184573,0.1598360655737705,0.891156462585034,0.5700934579439252,0.967896174863388,0.1117166212534059,0.5273224043715847,0.0427408412483039,0.60719131614654,0.2781546811397558,0.3025780189959294,0.3392130257801899,0.32157394843962,0.3833107191316146,58,3.0,4.1,3,62
06073019205,0.2403041072745298,1.0,0.4441579900124687,1.0,0.21361674927773,1.0,0.3538574655939387,1.0,0.3726699905911284,1.0,0.2507792220683631,1.0,0.387516960651289,1.0,1.0,0.3232717836384925,32.32717836384926,6387,711,61467.0,5.8,8.5,18.8,421,97.0,7.578947368421053,5327,970,17.0,14.4,72.69906928645294,13.002944062806671,7.988587731811697,50.49067713444554,37.59398496240601,11.774891774891776,18.788163457022076,29.60796515,5.34838076545633,49.40570522979398,92.78704612365064,16.5,7.5,40.75,16.5,20.125,18.125,7.625,0.1831750339213026,0.0790568654646324,0.4216621253405994,0.2773224043715847,0.1450953678474114,0.6824966078697422,0.9564032697547684,0.2038834951456311,0.1818181818181817,0.0515603799185888,0.4224489795918367,0.1986394557823129,0.1436388508891929,0.1680327868852459,0.6829931972789116,0.4207650273224044,0.2410468319559229,0.1133879781420764,0.5605442176870749,0.5757009345794393,0.3510928961748634,0.1444141689373297,0.2568306010928962,0.573270013568521,0.1037991858887381,0.4084124830393487,0.3222523744911804,0.4118046132971506,0.3521031207598372,0.443012211668928,49,4.5,10.2,25,17
06073017810,0.50831826200465,1.0,0.3832069454676473,1.0,0.4667418935009553,1.0,0.6485408593479329,1.0,0.5617727382292008,1.0,0.6108641920161999,1.0,0.3507462686567164,1.0,1.0,0.5043130227461861,50.4313022746186,5126,255,104137.0,7.7,2.6,60.9,210,76.4,0.0,5120,700,13.9,10.7,47.81746031746032,3.3300198807157058,9.03377847604085,74.20477137176938,11.685393258426966,8.253533971728226,18.72805306281701,24.53018046,0.7455268389662028,43.665436654366545,97.66401590457257,8.5,8.25,36.875,14.75,22.875,13.125,6.5,0.6166892808683854,0.4507628294036061,0.2595367847411444,0.7062841530054644,0.75,0.262550881953867,0.220708446866485,0.6955617198335645,0.2103120759837178,0.1791044776119402,0.8238095238095238,0.6537414965986394,0.7031463748290014,0.6010928961748634,0.5918367346938775,0.6980874316939891,0.78099173553719,0.2472677595628415,0.564625850340136,0.6542056074766356,0.8756830601092896,0.271117166212534,0.6857923497267759,0.2327001356852103,0.1377204884667571,0.3459972862957937,0.2808683853459973,0.457259158751696,0.2584803256445047,0.4111261872455902,47,4.5,4.7,14,19
06073020903,0.4699995139605537,1.0,0.0874842256227965,1.0,0.5155528018534415,1.0,0.4871993707891086,1.0,0.3617725699413852,1.0,0.2691033486696148,1.0,0.0165535956580732,1.0,1.0,0.3153807752135677,31.538077521356772,2895,550,67938.0,4.2,1.5,26.1,132,66.4,40.0,2623,406,16.1,15.4,96.05263157894736,2.9035012809564473,10.48080249048772,81.12724167378309,50.0,20.231607629427792,11.744386873920552,32.27131301,2.5619128949615715,65.16203703703704,90.69171648163965,0.0,0.0,0.0,0.0,0.0,0.0,0.0,0.2829036635006784,0.1234396671289875,0.6423705722070845,0.8312841530054644,0.2656675749318801,0.1370420624151967,0.0899182561307901,0.0180305131761442,0.830393487109905,0.5569877883310719,0.5564625850340136,0.1183673469387754,0.0054719562243502,0.6407103825136612,0.4952380952380952,0.8073770491803278,0.106060606060606,0.0382513661202186,0.7700680272108844,0.5327102803738317,0.6270491803278688,0.0245231607629428,0.1557377049180328,0.0094979647218453,0.0047489823609226,0.0033921302578018,0.0040705563093622,0.0115332428765264,0.0169606512890094,0.0468113975576662,0,0.0,8.2,0,0
06073020023,0.6851749445835444,1.0,0.364494546256055,1.0,0.4097760271001209,1.0,0.7642152114372245,1.0,0.5876532529197085,1.0,0.505964523061499,1.0,0.3772048846675712,1.0,1.0,0.5277833414322461,52.77833414322461,3942,280,97031.0,2.6,0.6,29.4,309,89.4,13.294797687861273,3720,567,17.2,12.9,41.02564102564102,2.8458498023715415,7.339685809940767,84.58498023715416,4.683195592286501,4.094010614101592,48.19888381532217,21.49346609,1.185770750988142,37.6491646778043,92.72727272727272,11.0,12.25,39.0,19.875,13.375,25.0,3.75,0.5712347354138398,0.3883495145631068,0.861716621253406,0.9193989071038252,0.3024523160762943,0.4721845318860244,0.6818801089918256,0.1151178918169208,0.5468113975576663,0.3324287652645862,0.3952380952380953,0.364625850340136,0.8180574555403557,0.6475409836065573,0.7319727891156462,0.8592896174863388,0.9352617079889808,0.5710382513661203,0.1564625850340135,0.6878504672897197,0.8128415300546448,0.4509536784741145,0.2540983606557377,0.3568521031207598,0.2584803256445047,0.3819538670284939,0.4355495251017639,0.2917232021709633,0.4742198100407055,0.3025780189959294,45,2.5,8.8,18,24
06073014300,0.2888968978513283,1.0,0.5782512178096358,1.0,0.3641341068313349,1.0,0.4299189233451672,1.0,0.4181606119789967,1.0,0.5874205267938238,1.0,0.8616010854816825,1.0,1.0,0.5040547671559956,50.40547671559956,4282,416,91744.0,8.5,10.7,20.0,410,93.7,10.606060606060606,3556,528,18.2,14.1,46.43320363164721,19.074221867517956,8.419324577861163,37.50997605746209,18.88888888888889,5.362537764350453,18.449322746380197,77.43621655,4.309656823623304,34.92898474487112,98.48363926576216,25.5,24.75,184.875,89.5,88.125,118.75,32.125,0.4111261872455902,0.3509015256588072,0.20708446866485,0.1864754098360656,0.1743869209809264,0.6635006784260515,0.8542234332425068,0.1525658807212205,0.5888738127544098,0.383989145183175,0.2578231292517007,0.2258503401360544,0.7291381668946648,0.0737704918032786,0.6421768707482993,0.2745901639344262,0.6129476584022038,0.4289617486338798,0.5727891156462586,0.0579439252336448,0.4467213114754098,0.5122615803814714,0.8032786885245902,0.8270013568521031,0.7978290366350068,0.8507462686567164,0.8575305291723202,0.8751696065128901,0.8473541383989145,0.8772048846675712,204,22.0,11.3,45,51
06073014500,0.4206985273444385,1.0,0.6276578393756155,1.0,0.465217511699388,1.0,0.4621977441376855,1.0,0.4316534618550073,1.0,0.512178446816853,1.0,0.8629579375848031,1.0,1.0,0.5403659241162558,54.036592411625584,4031,281,84390.0,5.5,6.8,28.7,243,93.0,0.0,3704,399,17.4,12.9,61.64978292329957,7.088255733148019,7.930513595166164,51.98054204308548,26.08695652173913,1.3031550068587106,24.31158521458695,81.48102054,1.5288394718554552,31.8233295583239,90.41000694927033,24.0,25.25,184.75,92.125,87.75,118.125,32.125,0.567842605156038,0.2801664355062413,0.4686648501362398,0.3661202185792349,0.2922343324250681,0.3202170963364993,0.832425068119891,0.6955617198335645,0.5535956580732699,0.5766621438263229,0.3659863945578231,0.364625850340136,0.3803009575923393,0.3456284153005464,0.6884353741496598,0.4344262295081967,0.4435261707988981,0.8237704918032787,0.4163265306122449,0.0429906542056074,0.7663934426229508,0.6280653950953679,0.1420765027322404,0.7971506105834464,0.8283582089552238,0.8487109905020352,0.8744911804613297,0.8710990502035278,0.8432835820895522,0.8772048846675712,201,20.875,9.3,42,51
06073014804,0.3843225299348277,1.0,0.5987909957389561,1.0,0.4500676118479956,1.0,0.5518100587547257,1.0,0.596393864946769,1.0,0.5290917844185365,1.0,0.7686567164179106,1.0,1.0,0.5541619374371031,55.41619374371031,4527,373,99107.0,5.7,9.0,46.8,289,85.3,0.0,4266,630,15.1,12.1,75.0,3.956834532374101,2.938517179023508,65.6731757451182,25.97402597402597,4.5142296368989205,19.880715705765407,8.537647791,2.312435765673176,33.78119001919386,94.55292908530318,16.0,25.25,143.375,71.5,67.5,88.75,24.625,0.4545454545454546,0.4036061026352288,0.4352861035422343,0.2438524590163934,0.55858310626703,0.4382632293080054,0.5163487738419619,0.6955617198335645,0.407055630936228,0.2435549525101763,0.6904761904761905,0.4591836734693877,0.0978112175102599,0.5478142076502732,0.9659863945578232,0.5956284153005464,0.4483471074380165,0.5150273224043715,0.5306122448979591,0.891588785046729,0.6530054644808743,0.5572207084468666,0.3770491803278688,0.5556309362279511,0.8283582089552238,0.7611940298507462,0.7801899592944369,0.7774762550881954,0.7489823609226595,0.7754409769335142,189,15.25,6.2,29,51
06073010800,0.7564300942776252,1.0,0.5197434233457819,1.0,0.8402874311189876,1.0,0.5832954922342555,1.0,0.5011521255183943,1.0,0.6673230495873103,1.0,0.7640434192672998,1.0,1.0,0.6617535764785221,66.17535764785221,2389,23,136731.0,3.9,3.5,65.7,78,82.8,0.0,2376,191,13.6,10.2,56.934306569343065,0.0,12.934282126412723,57.365145228215766,13.389121338912132,18.855218855218855,0.0,56.09209708,5.08298755186722,25.590551181102363,98.85892116182572,10.5,25.0,148.25,65.75,61.25,100.0,24.875,0.98236092265943,0.7378640776699029,0.688692098092643,0.6168032786885246,0.8208446866485014,0.0522388059701492,0.4046321525885558,0.6955617198335645,0.8805970149253731,0.8968792401628223,0.8523809523809524,0.7312925170068028,0.5157318741450068,0.950136612021858,0.3755102040816326,0.4918032786885246,0.7369146005509641,0.0491803278688525,0.9904761904761904,0.22803738317757,0.3756830601092896,0.779291553133515,0.8469945355191257,0.3310719131614654,0.8141112618724559,0.7693351424694709,0.751696065128901,0.7381275440976933,0.7801899592944369,0.7808683853459973,187,16.75,4.3,18,49
06073008902,0.6294217831526161,1.0,0.6929712894647784,1.0,0.6378898642224868,1.0,0.3253286655874702,1.0,0.5143178651183861,1.0,0.741840502672682,1.0,0.8024423337856174,1.0,1.0,0.6206017577148624,62.06017577148624,3973,619,106897.0,2.8,0.0,63.9,566,78.5,0.0,3311,355,16.3,10.2,54.2942494398805,5.1020408163265305,43.267276422764226,36.36363636363637,9.740259740259742,12.428919577579205,0.0,66.19788426,4.313543599257885,14.65478841870824,98.7012987012987,19.5,26.25,170.0,77.125,78.0,108.125,24.5,0.2306648575305291,0.4798890429958391,0.8392370572207084,0.967896174863388,0.7901907356948229,0.8426051560379919,0.2731607629427793,0.6955617198335645,0.6580732700135685,0.6438263229308006,0.5183673469387755,0.7312925170068028,0.5786593707250343,0.4562841530054644,0.0054421768707483,0.2609289617486339,0.8181818181818181,0.1065573770491803,0.9904761904761904,0.1420560747663551,0.4453551912568306,0.9591280653950952,0.8210382513661202,0.6702849389416553,0.8860244233378561,0.8168249660786974,0.7978290366350068,0.8168249660786974,0.8086838534599728,0.7720488466757124,185,17.125,6.9,35,52
06073007100,0.5036377420398098,1.0,0.4250150279189035,1.0,0.624488411375405,1.0,0.5073560085490545,1.0,0.316645755371284,1.0,0.5939483728155724,1.0,0.6598371777476256,1.0,1.0,0.5187040708310936,51.87040708310936,4163,414,144087.0,8.2,3.9,72.4,88,53.2,0.0,3907,435,12.6,11.3,79.67479674796748,0.0,13.692049003122747,73.39667458432304,33.064516129032256,8.716392020815263,26.663463848186407,44.33105165,5.273159144893111,22.695652173913043,96.62707838479812,9.0,20.0,101.75,46.0,44.5,68.125,16.75,0.4138398914518317,0.7891816920943134,0.2302452316076294,0.5812841530054644,0.8991825613079019,0.0698778833107191,0.0299727520435967,0.6955617198335645,0.491180461329715,0.510854816824966,0.927891156462585,0.5680272108843538,0.054719562243502,0.950136612021858,0.3387755102040816,0.6857923497267759,0.3099173553719008,0.2117486338797813,0.3673469387755101,0.3775700934579439,0.3592896174863388,0.8446866485013624,0.5778688524590164,0.2611940298507462,0.5943012211668928,0.6540027137042063,0.6417910447761194,0.649932157394844,0.6784260515603799,0.675033921302578,158,9.875,4.2,16,48
06073006802,0.5313885954159739,1.0,0.6115459908895348,1.0,0.441987880633936,1.0,0.362906636158085,1.0,0.2143796448352299,1.0,0.4403646957807854,1.0,0.7105834464043419,1.0,1.0,0.4733081271596981,47.33081271596981,5531,766,111858.0,3.0,3.6,53.8,1221,61.7,0.0,4507,331,19.2,11.2,43.69908960229995,4.351174432036966,29.52449828240825,17.404697728147863,23.209876543209877,8.459640465280225,78.64762249141204,80.63472309,8.086253369272237,11.74540682414698,90.06546014632268,14.0,24.0,127.625,58.75,54.375,84.375,19.0,0.1668928086838534,0.5339805825242718,0.8167574931880108,0.6079234972677596,0.6519073569482289,0.994572591587517,0.0572207084468664,0.6955617198335645,0.3432835820895522,0.6845318860244234,0.1551020408163265,0.5850340136054422,0.7783857729138167,0.5191256830601093,0.0625850340136054,0.0915300546448087,0.5123966942148761,0.2308743169398907,0.0693877551020408,0.0448598130841121,0.2158469945355191,0.9795640326975475,0.1256830601092896,0.5027137042062415,0.7672998643147897,0.7150610583446404,0.7109905020352781,0.6987788331071914,0.7279511533242876,0.7001356852103121,177,11.0,9.2,24,52
06073003207,0.4506320688484933,1.0,0.5362576444128518,1.0,0.4341079851207783,1.0,0.4250579339627578,1.0,0.5944881942878029,1.0,0.4680320424055628,1.0,0.7016282225237449,1.0,1.0,0.515743441651713,51.574344165171304,6052,507,106678.0,4.6,5.9,32.7,400,75.7,0.0,5509,483,15.2,12.2,71.09207708779444,11.842105263157894,4.93063680427879,55.52631578947368,29.10284463894967,2.1459227467811157,16.853932584269664,25.32669571,1.6228070175438596,32.62919652961146,86.35964912280701,19.5,20.75,121.875,57.25,54.0,78.125,20.5,0.3188602442333785,0.4757281553398058,0.5940054495912807,0.4139344262295081,0.358991825613079,0.6478968792401628,0.2084468664850136,0.6955617198335645,0.1587516960651289,0.4525101763907734,0.680952380952381,0.4442176870748299,0.1696306429548564,0.1939890710382513,0.8666666666666667,0.4699453551912568,0.3870523415977961,0.7363387978142076,0.6190476190476191,0.6355140186915889,0.75,0.6008174386920981,0.0532786885245901,0.6702849389416553,0.6363636363636364,0.6974219810040706,0.6974219810040706,0.6967435549525102,0.7028493894165536,0.7137042062415196,177,16.25,8.0,36,50
06073018803,0.4496571424912378,1.0,0.3206061206098814,1.0,0.51188030164576,1.0,0.4171045562716127,1.0,0.4668366279931576,1.0,0.4466567899028701,1.0,0.1766621438263229,1.0,1.0,0.3984862403915489,39.84862403915489,4724,806,104866.0,4.4,3.9,46.4,232,94.5,17.20430107526882,4241,366,15.3,13.1,62.8,7.131452900478978,13.346186803770353,68.22778073443321,39.351851851851855,6.656731246895181,18.628281117696865,16.76415681,3.6721660457690266,56.43212508884151,98.24374667376264,1.5,5.5,17.0,8.875,6.75,6.25,2.5,0.1397557666214383,0.4576976421636616,0.6198910081743869,0.5812841530054644,0.5572207084468664,0.3039348710990502,0.8835149863760218,0.0873786407766989,0.412483039348711,0.6234735413839891,0.6693877551020408,0.3421768707482993,0.3433652530779754,0.3442622950819672,0.3537414965986394,0.6270491803278688,0.2190082644628099,0.3319672131147541,0.5687074829931973,0.7476635514018692,0.5040983606557377,0.0708446866485014,0.7650273224043715,0.0427408412483039,0.0488466757123473,0.1791044776119403,0.1478968792401628,0.1723202170963365,0.1492537313432835,0.2347354138398914,35,1.0,6.8,3,17
06073013701,0.54863734749011,1.0,0.3795284520812196,1.0,0.7209453659347049,1.0,0.5576107644735363,1.0,0.6316933367000371,1.0,0.40124104763181,1.0,0.6936227951153324,1.0,1.0,0.5618970156323929,56.18970156323929,2541,259,123750.0,4.7,6.9,44.0,126,79.8,11.2,2493,230,14.9,12.1,67.2316384180791,6.096131301289566,5.2465483234714005,77.13950762016412,19.12350597609562,3.941441441441442,15.741833923652106,22.6509023,5.74443141852286,38.12233285917496,95.31066822977726,16.0,20.5,115.5,55.25,55.75,66.875,19.125,0.6085481682496607,0.6463245492371706,0.5783378746594006,0.3613387978142076,0.526566757493188,0.1261872455902306,0.303133514986376,0.1428571428571429,0.8656716417910448,0.844640434192673,0.7142857142857143,0.4591836734693877,0.2435020519835841,0.3907103825136612,0.8530612244897959,0.7431693989071039,0.6074380165289256,0.5860655737704918,0.6585034013605442,0.6747663551401869,0.3224043715846995,0.4373297002724795,0.4439890710382513,0.5556309362279511,0.6227951153324288,0.6919945725915875,0.6919945725915875,0.7082767978290366,0.6729986431478969,0.7028493894165536,172,13.875,6.2,30,51
06073020904,0.5572008105570512,1.0,0.4155406324944898,1.0,0.6787294972262989,1.0,0.6669288950807162,1.0,0.4237199051103929,1.0,0.3492689209511472,1.0,0.0645861601085481,1.0,1.0,0.4508535459326634,45.085354593266345,2750,165,85355.0,2.4,8.7,40.6,212,98.6,0.0,2573,340,14.4,12.4,54.06976744186046,8.412698412698413,3.515195898938118,84.44444444444444,51.546391752577314,33.12101910828025,11.272727272727272,13.01804605,0.0793650793650793,78.10499359795135,89.52380952380953,2.5,0.0,6.375,6.375,0.0,3.75,0.0,0.7856173677069199,0.289875173370319,0.888283378746594,0.2650273224043715,0.4829700272479564,0.2672998643147897,0.9809264305177112,0.6955617198335645,0.8453188602442334,0.6723202170963365,0.7700680272108844,0.4272108843537415,0.5841313269493844,0.2896174863387978,0.9387755102040816,0.855191256830601,0.0909090909090909,0.0163934426229508,0.7782312925170067,0.8093457943925233,0.935792349726776,0.002724795640327,0.1092896174863388,0.0617367706919945,0.0047489823609226,0.0468113975576662,0.1044776119402985,0.0115332428765264,0.1132971506105834,0.0468113975576662,4,0.0,5.4,5,0
06073016806,0.6027423086057218,1.0,0.5031831420177183,1.0,0.2298318241815043,1.0,0.5399603436494689,1.0,0.6850821883883105,1.0,0.4563064873959589,1.0,0.2924016282225238,1.0,1.0,0.4727868460658865,47.278684606588655,4131,464,99191.0,2.1,2.3,19.9,264,92.6,0.0,3926,718,19.6,15.0,47.368421052631575,7.987711213517665,9.383443871284696,63.51766513056836,9.523809523809524,7.790368271954675,12.829823287339629,7.156191661,3.993855606758832,36.57850309510411,94.85407066052228,16.5,16.0,31.25,12.625,18.625,12.5,4.25,0.3616010854816824,0.4049930651872399,0.9087193460490464,0.735655737704918,0.1668937329700272,0.3649932157394844,0.8153950953678474,0.6955617198335645,0.485753052917232,0.1614654002713704,0.117687074829932,0.154421768707483,0.7140902872777017,0.3046448087431693,0.5700680272108843,0.5710382513661202,0.8223140495867769,0.2718579234972678,0.726530612244898,0.9196261682242992,0.4795081967213115,0.4754768392370572,0.4139344262295082,0.573270013568521,0.4029850746268656,0.2876526458616011,0.2327001356852103,0.3819538670284939,0.2449118046132971,0.3147896879240163,39,4.0,10.2,31,50
06073019602,0.2931615736195393,1.0,0.3860044392281259,1.0,0.3100093225892799,1.0,0.4231413114235401,1.0,0.5334561122690203,1.0,0.1232672235374696,1.0,0.4769335142469471,1.0,1.0,0.3637104995591317,36.37104995591318,6064,718,101648.0,9.3,6.2,29.3,328,91.8,14.382022471910114,5572,359,18.1,14.6,57.77351247600768,17.80011827321112,10.276150627615063,65.93731519810763,16.906474820143885,5.213004484304933,42.21635883905013,10.85252022,10.703725606150206,48.697501329080275,88.17267888823181,13.0,9.0,48.5,21.625,23.25,24.375,8.25,0.1791044776119402,0.420249653259362,0.1750681198910081,0.3982240437158469,0.300408719346049,0.514246947082768,0.782016348773842,0.1040221914008321,0.1506105834464043,0.635685210312076,0.2741496598639455,0.1795918367346939,0.4883720930232558,0.0969945355191257,0.5102040816326531,0.5969945355191257,0.6460055096418733,0.4439890710382513,0.1877551020408163,0.8560747663551402,0.1379781420765027,0.1525885558583106,0.0792349726775956,0.4640434192672998,0.1512890094979647,0.4993215739484396,0.471506105834464,0.4687924016282225,0.4687924016282225,0.4762550881953867,61,4.5,10.0,23,19
06073019203,0.62102653145572,1.0,0.334771461940766,1.0,0.6764327712088907,1.0,0.7095658221351826,1.0,0.7804054423215789,1.0,0.5696646863507094,1.0,0.3848032564450475,1.0,1.0,0.582381424551128,58.23814245511279,2751,127,142891.0,8.7,3.1,40.2,153,87.0,5.405405405405405,2605,258,15.7,12.2,38.36477987421384,1.6091954022988506,11.863173216885007,80.91954022988506,9.274193548387096,2.684563758389262,6.906579425663396,21.96639701,1.4942528735632183,74.53531598513011,99.54022988505749,12.0,7.0,40.875,16.125,20.125,17.5,7.625,0.8493894165535957,0.7739251040221914,0.2002724795640327,0.66051912568306,0.4788828337874659,0.1709633649932157,0.5946866485013624,0.2586685159500693,0.8385345997286295,0.805291723202171,0.6176870748299319,0.4442176870748299,0.853625170998632,0.7663934426229508,0.4149659863945578,0.8032786885245902,0.8319559228650137,0.6939890710382514,0.91156462585034,0.6841121495327103,0.773224043715847,0.0081743869209809,0.9275956284153004,0.4185888738127544,0.0868385345997286,0.412483039348711,0.3181818181818182,0.4118046132971506,0.3385345997286296,0.443012211668928,53,4.5,6.8,22,17
06073021204,0.5128806684014702,1.0,0.3830132135045493,1.0,0.344144075540664,1.0,0.7083457496609014,1.0,0.8344530456278808,1.0,0.4485093035144404,1.0,0.0458616010854816,1.0,1.0,0.468172522476484,46.8172522476484,6158,588,140104.0,5.7,3.7,35.0,473,90.9,3.1963470319634704,5984,621,15.8,12.5,31.147540983606557,3.0665280665280665,14.719894857893872,94.33471933471932,13.539651837524175,1.02880658436214,9.418642416368952,6.509023024,0.7796257796257797,62.85362853628536,95.16632016632016,1.5,3.75,1.5,0.375,1.125,0.625,0.625,0.2550881953867028,0.7600554785020804,0.4352861035422343,0.6010928961748634,0.3985013623978201,0.7564450474898237,0.7431880108991825,0.3287101248266296,0.1017639077340569,0.2564450474898236,0.6020408163265306,0.4163265306122449,0.9302325581395348,0.6243169398907105,0.2979591836734694,0.9808743169398908,0.7327823691460056,0.842896174863388,0.8312925170068027,0.9308411214953272,0.8729508196721312,0.0367847411444142,0.4357923497267759,0.0427408412483039,0.0284938941655359,0.0169606512890094,0.0101763907734057,0.0352781546811397,0.039348710990502,0.1275440976933514,3,0.5,5.8,3,14
06073019107,0.4737158614394885,1.0,0.1322124725143657,1.0,0.6143722482208623,1.0,0.6901498151681564,1.0,0.7687513637988589,1.0,0.3909120124278475,1.0,0.0245590230664857,1.0,1.0,0.4420961138051521,44.20961138051521,2461,194,108533.0,10.9,4.0,27.4,163,71.7,10.79136690647482,2296,303,16.0,13.8,60.97560975609756,3.0037546933667083,4.68050468050468,83.4793491864831,15.517241379310343,3.5024154589371985,10.564811052417715,3.148724331,4.505632040050062,63.8580931263858,97.87234042553192,0.0,3.75,1.875,1.875,0.0,0.0,0.0,0.7252374491180461,0.4895977808599168,0.1096730245231607,0.5703551912568305,0.276566757493188,0.1838534599728629,0.1464577656675749,0.1484049930651872,0.89280868385346,0.7299864314789688,0.5741496598639455,0.2605442176870748,0.4035567715458276,0.6297814207650273,0.8816326530612245,0.8456284153005464,0.6818181818181819,0.6174863387978142,0.8,0.9757009345794392,0.4275956284153005,0.0286103542234332,0.7165300546448088,0.0094979647218453,0.0284938941655359,0.0217096336499321,0.0257801899592944,0.0115332428765264,0.0169606512890094,0.0468113975576662,5,0.0,7.6,0,14
06073008347,0.6521422122871052,1.0,0.5954859737910866,1.0,0.4812982859358126,1.0,0.6199845874300921,1.0,0.6879467326577134,1.0,0.7555339656447441,1.0,0.1846675712347354,1.0,1.0,0.5681513327116127,56.815133271161265,6604,234,149052.0,3.0,7.6,51.1,685,93.7,5.964912280701754,6251,711,13.3,9.8,37.93706293706294,4.892661008487269,10.086455331412104,69.54568147778333,27.181208053691275,4.845605700712589,6.662628709872804,6.546359676,0.7488766849725411,38.53039910481163,100.0,11.5,19.5,18.625,10.375,8.0,7.5,1.125,0.66078697421981,0.8099861303744799,0.8167574931880108,0.3210382513661202,0.6123978201634878,0.9077340569877884,0.8542234332425068,0.2399445214979195,0.0705563093622795,0.1709633649932157,0.8768707482993198,0.8068027210884354,0.8577291381668947,0.4699453551912568,0.5142857142857142,0.6379781420765027,0.4242424242424242,0.4836065573770491,0.9149659863945578,0.9289719626168224,0.8743169398907104,0.4237057220708446,0.9685792349726776,0.3860244233378562,0.5725915875169606,0.1886024423337856,0.2014925373134328,0.1886024423337856,0.1784260515603799,0.166214382632293,34,1.0,5.9,20,61
06073015802,0.1405768451587303,1.0,0.4923294154914912,1.0,0.1764609235824587,1.0,0.1102448051275409,1.0,0.3364586341356909,1.0,0.3930765871066045,1.0,0.603527815468114,1.0,1.0,0.3218107180100901,32.18107180100901,4479,849,60368.0,16.6,7.2,15.3,302,97.3,7.174887892376682,3713,959,20.5,17.3,71.70474516695958,22.317314022383147,22.498321020819343,21.790651744568795,28.22384428223844,5.769230769230769,44.65282429113641,44.90354698,14.285714285714285,19.75662133142448,92.16589861751152,23.0,17.25,79.875,40.375,41.875,45.625,12.5,0.1261872455902306,0.0707350901525658,0.0190735694822887,0.3463114754098361,0.0858310626702997,0.4626865671641791,0.9611716621253406,0.2149791955617198,0.5495251017639078,0.0529172320217096,0.0727891156462584,0.0306122448979592,0.1600547195622434,0.0382513661202186,0.1210884353741497,0.1215846994535519,0.3994490358126722,0.4002732240437158,0.1741496598639456,0.3719626168224299,0.0587431693989071,0.9019073569482288,0.2185792349726776,0.7706919945725916,0.4586160108548168,0.596336499321574,0.6024423337856174,0.6289009497964722,0.582089552238806,0.6078697421981004,119,7.625,12.9,36,51
06073005000,0.2269057234967755,1.0,0.5706988579636266,1.0,0.5026382466147925,1.0,0.2928476632742308,1.0,0.0997540569939386,1.0,0.4381287751323933,1.0,0.8510176390773406,1.0,1.0,0.4259987089361568,42.59987089361568,1919,366,60750.0,12.5,7.9,13.8,206,91.7,0.0,1708,174,20.4,16.5,50.83333333333333,21.41863699582754,12.373871481678172,15.855354659248958,33.46456692913386,15.411764705882351,136.529442417926,95.6067206,21.140472878998608,38.23953823953824,98.88734353268428,21.0,27.25,193.75,87.25,80.0,128.75,29.75,0.4654002713704206,0.0762829403606102,0.0660762942779291,0.299863387978142,0.0572207084468664,0.2523744911804613,0.776566757493188,0.6955617198335645,0.960651289009498,0.9111261872455902,0.0816326530612244,0.0571428571428571,0.6497948016415869,0.0491803278688525,0.3972789115646258,0.0751366120218579,0.2975206611570248,0.0751366120218579,0.0244897959183673,0.0018691588785046,0.0259562841530054,0.4346049046321526,0.8538251366120219,0.7103120759837178,0.932157394843962,0.8622795115332429,0.8466757123473542,0.8290366350067843,0.8704206241519674,0.8466757123473542,197,22.375,18.1,37,50
06073014803,0.358618321095124,1.0,0.5846700596712145,1.0,0.3852675398517616,1.0,0.3184829841200681,1.0,0.2397897775309585,1.0,0.3873341671505784,1.0,0.7712347354138398,1.0,1.0,0.4350567978333636,43.50567978333636,4692,534,83775.0,7.4,3.9,39.6,515,70.8,0.0,4178,640,16.8,12.4,58.43971631205673,8.574091332712023,14.395886889460154,32.24603914259087,28.08988764044944,9.983221476510067,39.64194373401535,59.60174238,13.000931966449208,28.841372451516655,94.5479962721342,17.5,25.0,142.375,70.125,68.5,87.5,25.75,0.2944369063772049,0.2787794729542302,0.2799727520435967,0.5812841530054644,0.4693460490463215,0.7991858887381276,0.1246594005449591,0.6955617198335645,0.4294436906377205,0.2272727272727273,0.4571428571428572,0.4272108843537415,0.4651162790697675,0.2773224043715847,0.3156462585034013,0.2158469945355191,0.4022038567493112,0.1612021857923496,0.2013605442176871,0.1943925233644859,0.0792349726775956,0.7070844686648501,0.3756830601092896,0.6051560379918589,0.8141112618724559,0.757123473541384,0.776797829036635,0.7822252374491181,0.7442333785617368,0.7957937584803256,188,17.25,7.7,32,51
06073003003,0.2623545117466623,1.0,0.5799389468429851,1.0,0.2776924745474852,1.0,0.5279549486588383,1.0,0.4602005829580375,1.0,0.5822153730091372,1.0,0.8982360922659429,1.0,1.0,0.5126561328612984,51.26561328612984,4845,774,86319.0,5.6,12.3,21.0,343,78.1,0.0,4531,666,17.5,14.2,63.85135135135135,4.247104247104247,10.557184750733136,79.40797940797941,37.77777777777778,0.0,21.052631578947366,62.76291226,3.603603603603604,28.31050228310502,95.94594594594594,32.5,25.25,203.25,100.0,93.5,133.125,34.125,0.1594301221166892,0.3065187239944521,0.4502724795640327,0.1331967213114754,0.1955040871934605,0.5427408412483039,0.2581743869209809,0.6955617198335645,0.3344640434192673,0.2075983717774763,0.3517006802721089,0.2170068027210884,0.3214774281805745,0.5259562841530054,0.4897959183673469,0.7745901639344263,0.2382920110192837,0.9405737704918032,0.4993197278911564,0.1626168224299065,0.5109289617486339,0.7275204359673024,0.5081967213114754,0.9592944369063772,0.8283582089552238,0.8887381275440976,0.9063772048846676,0.9104477611940298,0.8846675712347354,0.9009497964721844,206,21.625,11.1,62,51
06073013702,0.3098594818142159,1.0,0.6059543984003162,1.0,0.2683066578055917,1.0,0.2876640839332302,1.0,0.5314230351362823,1.0,0.7986610532898557,1.0,0.7257801899592945,1.0,1.0,0.503949842905541,50.3949842905541,5743,440,91217.0,12.8,5.5,22.3,591,94.7,0.3058103975535168,4940,813,17.6,12.7,65.15986769570011,12.685240071132188,13.860351732543966,46.23592175459395,46.31083202511774,2.089378990133488,16.541877067734635,26.9695084,0.0,24.16267942583732,96.9176052163604,17.5,21.75,126.875,60.0,61.5,76.25,23.625,0.3826322930800543,0.3453536754507628,0.05858310626703,0.4528688524590164,0.2098092643051771,0.8507462686567164,0.8957765667574932,0.3883495145631068,0.237449118046133,0.1017639077340569,0.3408163265306122,0.3931972789115646,0.280437756497948,0.1734972677595628,0.3333333333333333,0.3633879781420765,0.1418732782369146,0.7459016393442623,0.6285714285714286,0.6093457943925233,0.967896174863388,0.8201634877384196,0.6079234972677595,0.6051560379918589,0.6858887381275441,0.7130257801899593,0.7191316146540027,0.7394843962008141,0.6974219810040706,0.7598371777476255,186,16.625,9.7,32,51
06073017106,0.7516408326404055,1.0,0.3493848496056149,1.0,0.7385609060449145,1.0,0.6858199961265483,1.0,0.5436016728097426,1.0,0.5354297881210822,1.0,0.1267299864314789,1.0,1.0,0.5330240045399697,53.30240045399697,4174,175,213659.0,7.1,0.0,74.6,77,50.8,0.0,4089,213,12.2,10.5,57.534246575342465,0.0,14.542405366554863,95.02724795640329,4.28849902534113,27.968596663395484,14.374700527072353,33.21717486,0.4768392370572207,53.01530153015301,96.73024523160764,3.5,14.0,12.75,6.625,4.75,6.25,0.625,0.7645861601085482,0.9750346740638004,0.2990463215258855,0.967896174863388,0.9271117166212534,0.0495251017639077,0.0231607629427792,0.6955617198335645,0.4450474898236092,0.8704206241519674,0.95578231292517,0.6829931972789116,0.4993160054719562,0.950136612021858,0.3061224489795918,0.9877049180327868,0.9393939393939394,0.0204918032786884,0.6911564625850339,0.5233644859813085,0.9207650273224044,0.0980926430517711,0.587431693989071,0.0746268656716417,0.3263229308005427,0.1241519674355495,0.10719131614654,0.1255088195386703,0.1492537313432835,0.1275440976933514,22,1.5,3.8,5,44
06073016902,0.513463780605079,1.0,0.2454752239112954,1.0,0.384978401129787,1.0,0.6511290925062362,1.0,0.3982413887738473,1.0,0.4628864469955282,1.0,0.0568521031207598,1.0,1.0,0.3875752052917904,38.75752052917904,2425,212,128313.0,7.8,5.8,21.3,109,91.4,4.3478260869565215,2189,503,19.7,15.8,68.0,3.851261620185923,4.0799333888426315,89.64143426294821,40.70796460176992,4.320203303684879,28.04123711340206,33.77722464,0.2656042496679947,44.67054263565892,91.89907038512617,0.5,7.25,4.125,1.5,2.625,0.625,0.625,0.7014925373134329,0.6761442441054092,0.2540871934604904,0.4221311475409836,0.2036784741144414,0.1004070556309362,0.7622615803814714,0.2871012482662968,0.9131614654002712,0.4185888738127544,0.1108843537414966,0.0972789115646258,0.2243502051983584,0.5546448087431695,0.9061224489795918,0.9193989071038252,0.196969696969697,0.5423497267759563,0.3414965986394558,0.5121495327102803,0.9344262295081968,0.2506811989100818,0.203551912568306,0.025101763907734,0.0943012211668928,0.0352781546811397,0.019674355495251,0.0624151967435549,0.039348710990502,0.1275440976933514,10,0.5,10.8,1,27
06073017010,0.7179347859414238,1.0,0.395131623538773,1.0,0.7517862911786153,1.0,0.846440635918874,1.0,0.7333844897068539,1.0,0.3774946273382866,1.0,0.0419267299864314,1.0,1.0,0.5520141690870368,55.201416908703685,3113,121,214398.0,5.8,3.5,56.1,148,81.3,0.0,3020,202,14.8,10.7,37.27272727272727,0.0,8.232997071265864,88.62461220268872,17.293233082706767,5.103042198233562,4.49726951493736,9.359054138,0.9307135470527405,71.4572864321608,93.17476732161325,3.0,15.75,4.625,3.5,1.625,0.625,0.0,0.8568521031207599,0.9764216366158114,0.4216621253405994,0.6168032786885246,0.6846049046321526,0.1655359565807327,0.3630790190735695,0.6955617198335645,0.7374491180461329,0.8867028493894166,0.7292517006802721,0.6537414965986394,0.86593707250342,0.950136612021858,0.6625850340136055,0.907103825136612,0.6363636363636364,0.4494535519125683,0.9673469387755104,0.8803738317757009,0.8456284153005464,0.0108991825613079,0.2759562841530054,0.0698778833107191,0.3921302578018996,0.0379918588873812,0.039348710990502,0.0461329715061058,0.039348710990502,0.0468113975576662,11,1.0,5.6,6,55
06073016811,0.4933045446333211,1.0,0.3326162541296726,1.0,0.3105885230618705,1.0,0.8944619746487996,1.0,0.7365826693619937,1.0,0.466834670915164,1.0,0.1629579375848032,1.0,1.0,0.4853352249050892,48.53352249050892,5026,469,125792.0,4.9,6.1,34.6,218,89.3,9.737827715355806,4710,752,16.6,13.2,31.071428571428573,0.8328375966686495,2.360774818401937,82.034503271862,14.912280701754383,3.942857142857143,9.948269001193792,11.69881767,4.104699583581202,38.798701298701296,96.01427721594288,7.0,14.0,15.5,6.25,9.25,4.375,2.375,0.3561736770691994,0.6615811373092927,0.5504087193460491,0.4050546448087432,0.3930517711171662,0.2808683853459973,0.6771117166212534,0.1636615811373093,0.2985074626865671,0.1363636363636363,0.4768707482993197,0.3306122448979591,0.9316005471956224,0.8456284153005464,0.982312925170068,0.8183060109289617,0.7024793388429752,0.5846994535519126,0.8217687074829931,0.8373831775700935,0.4699453551912568,0.4155313351498637,0.5150273224043715,0.1546811397557666,0.3263229308005427,0.166214382632293,0.0997286295793758,0.208955223880597,0.1255088195386703,0.21438263229308,20,1.875,7.1,12,48
06073020708,0.8331157243609468,1.0,0.428174546156302,1.0,0.6314946602793085,1.0,0.6531318131522529,1.0,0.5524774295891748,1.0,0.3568502057245524,1.0,0.2814111261872455,1.0,1.0,0.533807929349969,53.380792934996904,3817,175,163222.0,1.6,2.1,45.2,266,81.7,0.0,3368,406,15.3,10.7,18.012422360248447,1.9756838905775076,18.103679828095625,74.69604863221885,7.588075880758807,0.0,117.89363374377784,45.74984443,4.25531914893617,47.85714285714286,95.2127659574468,10.0,12.5,27.5,17.375,9.875,18.125,2.5,0.7645861601085482,0.869625520110957,0.9400544959128064,0.7581967213114754,0.5408719346049047,0.3717774762550881,0.3787465940054496,0.6955617198335645,0.6458616010854816,0.5569877883310719,0.6693877551020408,0.6537414965986394,0.9781121751025992,0.7254098360655737,0.2027210884353741,0.7062841530054644,0.8815426997245179,0.9405737704918032,0.0326530612244897,0.3551401869158879,0.4535519125683059,0.1784741144414169,0.4385245901639344,0.3086838534599728,0.2734056987788331,0.2537313432835821,0.3426051560379918,0.2238805970149253,0.3521031207598372,0.2347354138398914,28,1.5,6.1,15,31
06073008313,0.7991148109374946,1.0,0.4127073872764383,1.0,0.917594079694293,1.0,0.823271410165286,1.0,0.5079819567725947,1.0,0.7354689973843946,1.0,0.3686567164179105,1.0,1.0,0.6521136226640588,65.21136226640589,2195,160,221536.0,3.3,3.3,77.2,107,40.3,0.0,2153,108,11.8,9.8,37.93103448275862,0.0,8.898109727985247,86.15574783683559,10.07462686567164,10.409745293466225,17.312072892938495,37.02551338,2.966625463535229,14.912280701754383,97.52781211372064,7.5,19.0,37.625,19.125,17.625,18.75,5.0,0.7917232021709634,0.984743411927878,0.7826975476839237,0.6372950819672132,0.9475476839237056,0.0990502035278154,0.0068119891008174,0.6955617198335645,0.9158751696065128,0.9708276797829036,0.9768707482993196,0.8068027210884354,0.8590971272229821,0.950136612021858,0.6068027210884354,0.8770491803278688,0.8126721763085399,0.1475409836065574,0.6081632653061224,0.4635514018691589,0.5860655737704918,0.9550408719346049,0.6653005464480874,0.1791044776119403,0.5481682496607869,0.3534599728629579,0.4023066485753053,0.3670284938941655,0.3663500678426051,0.3541383989145183,60,2.125,4.0,14,55
06073018700,0.2653756194395072,1.0,0.3607575282057655,1.0,0.2696614330942689,1.0,0.1581210467412279,1.0,0.5590566815241443,1.0,0.854306566807125,1.0,0.0325644504748982,1.0,1.0,0.3571204751838482,35.71204751838482,40415,1787,67156.0,10.9,1.5,29.0,4624,85.2,2.937697160883281,16255,824,23.8,8.1,82.63251406573883,3.6378668871434474,36.72809079649149,1.047264709935235,2.7326440177252587,7.412605256442969,0.4701224792774959,92.80647169,2.039410224610721,13.13554346549767,99.37990905332782,0.0,1.5,2.25,1.75,0.5,0.625,0.0,0.005427408412483,0.1151178918169209,0.1096730245231607,0.8312841530054644,0.2970027247956403,1.0,0.5102179836512262,0.334257975034674,0.0013568521031207,0.0963364993215739,0.0095238095238094,0.9714285714285714,0.0355677154582763,0.5683060109289617,0.019047619047619,0.0095628415300546,0.9586776859504132,0.2923497267759563,0.979591836734694,0.0056074766355139,0.6885245901639344,0.9713896457765668,0.9030054644808744,0.0094979647218453,0.0135685210312075,0.025101763907734,0.0244233378561736,0.0271370420624151,0.039348710990502,0.0468113975576662,5,0.0,12.6,0,6
06073019701,0.4363679176493055,1.0,0.516254859230515,1.0,0.3382934584960171,1.0,0.2924497877687102,1.0,0.5135287408327069,1.0,0.4119243310850047,1.0,0.4118046132971506,1.0,1.0,0.4172319583370585,41.72319583370586,7452,569,89417.0,4.9,3.8,30.0,644,83.4,0.0,6111,529,17.6,11.4,75.48953409858203,5.236907730673317,15.859090295586448,47.23904524403277,17.023809523809526,3.7709976002742542,27.106816961889425,37.31176105,2.6718916993231208,46.24492557510148,94.83434271464196,18.0,8.5,43.375,17.0,22.125,18.75,8.25,0.2720488466757124,0.3314840499306519,0.5504087193460491,0.5915300546448088,0.3153950953678474,0.8860244233378561,0.4346049046321525,0.6955617198335645,0.0773405698778832,0.3812754409769335,0.3408163265306122,0.5537414965986395,0.0848153214774282,0.4439890710382513,0.2639455782312925,0.3770491803278688,0.640495867768595,0.5983606557377049,0.3591836734693877,0.4560747663551402,0.6188524590163935,0.20708446866485,0.4098360655737705,0.6227951153324288,0.1431478968792401,0.4423337856173677,0.3310719131614654,0.443012211668928,0.3663500678426051,0.4762550881953867,49,4.5,8.3,31,19
06073020405,0.7176854831039847,1.0,0.3694948936474964,1.0,0.7634316820350935,1.0,0.9097040493666012,1.0,0.6360833551601445,1.0,0.6839441789133575,1.0,0.2900949796472184,1.0,1.0,0.6243483745534137,62.43483745534137,3469,177,164185.0,5.6,1.9,64.4,115,87.7,6.451612903225806,3350,223,12.5,11.0,19.444444444444446,0.4780876494023904,6.556425877574703,96.33466135458168,19.471947194719473,0.0,10.089362928797923,59.96266335,0.0,43.383742911153114,98.48605577689244,8.0,12.25,28.125,18.0,9.875,18.75,2.5,0.762550881953867,0.8723994452149791,0.4502724795640327,0.7855191256830601,0.7997275204359673,0.1051560379918588,0.6226158038147139,0.2274618585298197,0.6485753052917231,0.8568521031207599,0.935374149659864,0.6129251700680272,0.972640218878249,0.8852459016393442,0.7863945578231293,0.994535519125683,0.5977961432506886,0.9405737704918032,0.819047619047619,0.1869158878504673,0.967896174863388,0.2792915531335149,0.8046448087431693,0.2035278154681139,0.2584803256445047,0.2598371777476255,0.3656716417910448,0.2238805970149253,0.3663500678426051,0.2347354138398914,28,1.5,4.3,15,32
06073003502,0.0760820136151416,1.0,0.5146077985751539,1.0,0.182712827329032,1.0,0.3781565485515593,1.0,0.2572977239244134,1.0,0.231340857541331,1.0,0.9050203527815468,1.0,1.0,0.3636025889025969,36.36025889025969,4637,1210,55556.0,15.3,10.9,9.3,254,90.4,13.20754716981132,3790,759,21.1,18.2,56.22489959839358,26.346801346801342,6.886812948077341,30.05050505050505,34.15977961432507,6.677140612725845,29.760621091222777,69.28438083,10.69023569023569,36.080467229072035,87.37373737373737,33.0,27.0,213.75,99.875,90.625,144.375,34.375,0.044776119402985,0.0499306518723994,0.0286103542234332,0.1810109289617486,0.0177111716621253,0.3426051560379918,0.726158038147139,0.1165048543689319,0.5305291723202171,0.1316146540027136,0.0496598639455782,0.019047619047619,0.5362517099863201,0.012295081967213,0.7646258503401361,0.1994535519125683,0.28099173553719,0.3306010928961749,0.3129251700680272,0.1046728971962617,0.139344262295082,0.4877384196185286,0.0669398907103825,0.9647218453188604,0.9199457259158752,0.9097693351424696,0.9050203527815468,0.8914518317503393,0.9158751696065128,0.9029850746268656,198,23.125,19.9,60,51
06073003404,0.2833466879256491,1.0,0.6817028545770422,1.0,0.2238503678269136,1.0,0.4075957660990435,1.0,0.141314550199422,1.0,0.485274191867304,1.0,0.9791044776119404,1.0,1.0,0.4574555565867592,45.745555658675926,4586,268,79795.0,8.0,16.4,11.4,383,95.8,0.0,4285,597,19.6,16.0,60.22443890274314,24.58001768346596,1.007667031763417,27.939876215738284,48.336594911937375,8.8638195004029,37.50545137374618,90.10578718,6.2776304155614495,30.11683254002596,95.84438549955792,39.5,25.0,245.75,120.0,108.25,163.75,40.375,0.5922659430122117,0.2357836338418862,0.2465940054495913,0.0587431693989071,0.0272479564032697,0.6268656716417911,0.9264305177111716,0.6955617198335645,0.4016282225237448,0.2883310719131614,0.117687074829932,0.0877551020408163,0.4240766073871409,0.0259562841530054,0.9945578231292516,0.1857923497267759,0.1253443526170798,0.1994535519125683,0.2217687074829931,0.0186915887850467,0.2923497267759563,0.6689373297002725,0.494535519125683,1.0,0.8141112618724559,0.9837177747625508,0.9877883310719132,0.9599728629579376,0.989145183175034,0.974898236092266,202,25.125,17.1,69,51
06073003501,0.1156410066470727,1.0,0.5013354531475646,1.0,0.2919620358319718,1.0,0.3937833921216218,1.0,0.1624993870361265,1.0,0.376722850066755,1.0,0.9335142469470828,1.0,1.0,0.3964940531140279,39.64940531140279,3447,625,61722.0,11.6,15.9,12.4,286,78.9,3.9473684210526314,3066,554,20.8,17.0,62.90630975143403,16.633466135458168,6.614447345517842,44.02390438247012,53.822629969418955,12.237762237762238,29.881055990716565,62.83758556,9.860557768924302,22.37808951235805,89.2430278884462,34.0,28.0,225.5,106.5,95.125,151.875,35.5,0.2265943012211668,0.0818307905686546,0.0851498637602179,0.0689890710382513,0.0435967302452316,0.4314789687924016,0.2826975476839237,0.3079056865464632,0.7204884667571234,0.3453188602442334,0.0625850340136054,0.0394557823129251,0.3406292749658003,0.1106557377049179,0.780952380952381,0.3428961748633879,0.071625344352617,0.1092896174863388,0.310204081632653,0.1588785046728972,0.1693989071038251,0.8583106267029973,0.1024590163934426,0.9782903663500678,0.9640434192673,0.9443690637720488,0.937584803256445,0.9158751696065128,0.9531886024423338,0.9165535956580732,200,23.625,18.5,60,51
06073003602,0.1883272277263139,1.0,0.5487996928744469,1.0,0.3784482042477778,1.0,0.3492580047650017,1.0,0.2868710973431077,1.0,0.3263097879225543,1.0,0.8956580732700136,1.0,1.0,0.4248102983070309,42.481029830703086,3383,475,66037.0,7.4,20.1,11.8,329,89.6,4.310344827586207,3051,483,18.9,15.0,56.04770017035775,22.97619047619047,8.486646884272997,27.857142857142858,37.995337995338,4.97737556561086,33.10671002069169,61.02053516,7.976190476190475,37.11583924349882,93.57142857142856,30.5,25.25,208.75,97.0,88.5,141.25,33.875,0.344640434192673,0.1095700416088765,0.2799727520435967,0.0191256830601093,0.0340599455040872,0.5156037991858887,0.69141689373297,0.2884882108183079,0.728629579375848,0.4525101763907734,0.1782312925170067,0.154421768707483,0.5417236662106704,0.0327868852459016,0.638095238095238,0.1844262295081967,0.2341597796143251,0.4685792349726776,0.2653061224489795,0.1794392523364486,0.2213114754098361,0.4618528610354223,0.2957650273224044,0.9348710990502036,0.8283582089552238,0.8995929443690638,0.8914518317503393,0.8805970149253731,0.907055630936228,0.8995929443690638,198,22.5,14.9,56,50
06073003603,0.1940006153247865,1.0,0.4556062280458637,1.0,0.4261941683050425,1.0,0.3993608327814542,1.0,0.2291739720590458,1.0,0.2682136954482512,1.0,0.8772048846675713,1.0,1.0,0.4071077709474307,40.71077709474307,3281,745,73333.0,8.9,8.9,8.1,270,83.2,8.787878787878787,3009,290,19.3,16.4,62.11901306240929,6.808943089430894,8.063530849114233,29.979674796747968,51.44927536231883,4.835589941972921,29.564157269125268,88.02738021,8.536585365853659,35.30166880616174,89.1260162601626,30.5,24.75,202.375,95.5,85.75,135.625,31.0,0.1736770691994572,0.1622746185852982,0.19141689373297,0.2486338797814208,0.0122615803814713,0.3853459972862958,0.4230245231607629,0.1803051317614424,0.7415196743554953,0.7530529172320217,0.146938775510204,0.0632653061224489,0.3652530779753762,0.3565573770491803,0.6789115646258503,0.1967213114754098,0.0922865013774104,0.4849726775956284,0.3170068027210884,0.0224299065420561,0.2035519125683059,0.5013623978201636,0.0997267759562841,0.9348710990502036,0.7978290366350068,0.8853459972862958,0.8873812754409769,0.858887381275441,0.89280868385346,0.8616010854816825,200,21.875,16.2,53,50
06073008513,0.6988015934142929,1.0,0.7153724432203995,1.0,0.7867603079223549,1.0,0.7133096652690813,1.0,0.7974866219584835,1.0,0.774312224852717,1.0,0.7202170963364993,1.0,1.0,0.7437514218534041,74.37514218534041,2946,127,138835.0,5.6,2.2,58.7,412,85.5,0.0,2865,155,14.3,10.7,57.75401069518716,0.0,6.265060240963856,66.63800515907137,15.447154471544716,0.0,10.862186014935505,15.15868077,0.9458297506448838,24.70978441127695,97.59243336199484,29.0,24.25,131.875,62.5,60.875,81.25,18.75,0.8493894165535957,0.7489597780859917,0.4502724795640327,0.7465846994535519,0.720708446866485,0.6675712347354138,0.5286103542234333,0.6955617198335645,0.7842605156037992,0.9280868385345996,0.780952380952381,0.6537414965986394,0.4911080711354308,0.950136612021858,0.8068027210884354,0.605191256830601,0.6831955922865014,0.9405737704918032,0.7904761904761904,0.7757009345794392,0.842896174863388,0.8051771117166213,0.674863387978142,0.9029850746268656,0.776797829036635,0.728629579375848,0.7299864314789688,0.7347354138398915,0.7123473541383989,0.6953867028493894,179,11.25,5.1,50,52
06073008600,0.2990421438468451,1.0,0.6243464301103244,1.0,0.2187640184974939,1.0,0.4920593857062459,1.0,0.4865650265971409,1.0,0.4671039244005697,1.0,0.7613297150610584,1.0,1.0,0.478458663459954,47.84586634599541,6204,645,66193.0,5.0,7.3,29.3,227,91.7,0.0,6064,870,17.4,13.1,42.488789237668165,7.982261640798225,13.551629113308476,59.64523281596452,18.118948824343015,4.77195945945946,22.08252740167634,45.70006223,8.159645232815965,32.18009478672986,96.58536585365852,26.0,25.5,145.5,66.625,68.5,92.5,22.375,0.2103120759837178,0.1109570041608876,0.5367847411444142,0.3381147540983606,0.300408719346049,0.2930800542740841,0.776566757493188,0.6955617198335645,0.0895522388059701,0.0773405698778832,0.3659863945578231,0.3421768707482993,0.7906976744186046,0.3060109289617486,0.3469387755102041,0.5245901639344263,0.6239669421487604,0.494535519125683,0.4707482993197278,0.3570093457943925,0.2117486338797813,0.6198910081743869,0.569672131147541,0.8385345997286295,0.8419267299864315,0.7652645861601085,0.7584803256445047,0.7822252374491181,0.7598371777476255,0.7408412483039348,185,13.375,11.0,47,52
06073008701,0.3246943659832805,1.0,0.660519293807691,1.0,0.750815495804835,1.0,0.1813054062646789,1.0,0.481256751593032,1.0,0.773416367633994,1.0,0.7789687924016283,1.0,1.0,0.5644252104984485,56.44252104984485,3169,313,79191.0,12.6,5.2,51.2,325,78.8,0.0,2604,123,17.5,9.5,70.31431897555296,8.681135225375627,23.80340507548988,25.041736227045075,9.46291560102302,8.058326937835764,19.88008835594825,48.79900436,0.9181969949916527,25.341972642188622,97.66277128547578,29.5,27.5,155.25,73.375,74.5,96.875,23.5,0.5345997286295794,0.2274618585298197,0.0619891008174386,0.4747267759562842,0.6164850136239782,0.5061058344640434,0.279291553133515,0.6955617198335645,0.8398914518317504,0.9613297150610584,0.3517006802721089,0.8503401360544218,0.1846785225718193,0.2732240437158469,0.1074829931972789,0.1598360655737705,0.8264462809917356,0.2581967213114754,0.5319727891156463,0.308411214953271,0.8469945355191257,0.7888283378746594,0.6844262295081968,0.917910447761194,0.9477611940298508,0.7842605156037992,0.7869742198100407,0.7964721845318861,0.7706919945725916,0.7564450474898237,185,14.5,7.8,47,52
06073008702,0.3294245472416867,1.0,0.6918981932170105,1.0,0.3091158308642316,1.0,0.4931044510827586,1.0,0.1163082974941657,1.0,0.6571844771022866,1.0,0.8100407055630935,1.0,1.0,0.4867252146521762,48.67252146521762,4980,550,118556.0,7.0,12.6,39.7,375,85.1,0.0,4107,725,18.2,12.8,55.386289445048966,1.079136690647482,16.276252019386106,44.064748201438846,45.47677261613692,11.464968152866245,55.42168674698795,74.76042315,7.733812949640288,19.04509283819629,98.7410071942446,29.5,27.5,167.75,78.75,80.125,106.875,26.25,0.2829036635006784,0.5991678224687933,0.3106267029972752,0.125,0.4741144414168937,0.6085481682496607,0.5074931880108992,0.6955617198335645,0.4436906377204884,0.1560379918588873,0.2578231292517007,0.3789115646258503,0.5567715458276334,0.8224043715846995,0.2489795918367346,0.3442622950819672,0.1528925619834711,0.1215846994535518,0.1197278911564625,0.0710280373831775,0.2336065573770491,0.9114441416893732,0.8265027322404371,0.917910447761194,0.9477611940298508,0.8113975576662144,0.8018995929443691,0.830393487109905,0.8059701492537313,0.8005427408412483,187,15.5,10.0,47,52
06073017501,0.5476417084979431,1.0,0.4448112351413988,1.0,0.8167001264549238,1.0,0.4269895338997208,1.0,0.1940220471595389,1.0,0.7849917859074959,1.0,0.0838534599728629,1.0,1.0,0.4712871281476977,47.12871281476977,2855,328,157243.0,6.0,5.7,70.6,439,63.5,0.0,2687,203,14.3,9.9,60.837070254110614,4.458109146810147,12.43432574430823,48.57801691006918,45.50898203592814,14.125412541254128,74.25569176882662,36.72682016,1.2298232129131437,33.18385650224215,100.0,7.0,9.5,10.25,4.0,5.5,2.5,0.0,0.5128900949796472,0.8502080443828016,0.3964577656675749,0.4310109289617486,0.8753405994550408,0.7069199457259159,0.0667574931880109,0.6955617198335645,0.8175033921302578,0.8833107191316146,0.780952380952381,0.7850340136054421,0.4090287277701778,0.5095628415300546,0.3945578231292517,0.3948087431693989,0.1501377410468319,0.0806010928961749,0.0761904761904761,0.4691588785046728,0.8073770491803278,0.5790190735694822,0.9685792349726776,0.1546811397557666,0.1696065128900949,0.0895522388059701,0.0474898236092265,0.1594301221166892,0.0759837177747625,0.0468113975576662,12,1.5,4.7,12,31
06073017502,0.6743209959191463,1.0,0.429286924566456,1.0,0.6721369959109831,1.0,0.5673677515230263,1.0,0.4926484291427415,1.0,0.7637381317530512,1.0,0.0879240162822252,1.0,1.0,0.5267747492996613,52.67747492996613,3545,218,129375.0,2.8,5.1,56.1,205,81.6,0.0,3242,270,15.5,11.2,48.170731707317074,2.6627218934911245,10.685483870967742,50.81360946745562,16.018306636155607,6.43598615916955,23.413258110014105,34.26260112,0.4437869822485207,18.848526387936943,95.34023668639054,11.5,10.25,10.625,4.375,5.5,2.5,0.0,0.689280868385346,0.6851595006934813,0.8392370572207084,0.4836065573770491,0.6846049046321526,0.248303934871099,0.3746594005449591,0.6955617198335645,0.6770691994572592,0.7815468113975577,0.6448979591836734,0.5850340136054422,0.6976744186046512,0.6666666666666667,0.4816326530612245,0.4234972677595628,0.6680440771349863,0.355191256830601,0.4408163265306122,0.5065420560747664,0.9262295081967212,0.9155313351498636,0.4494535519125683,0.3860244233378562,0.1865671641791045,0.1004070556309362,0.0569877883310719,0.1594301221166892,0.0759837177747625,0.0468113975576662,13,1.5,6.7,16,31
06073017603,0.6766139276616817,1.0,0.4603708226386415,1.0,0.8366368528415438,1.0,0.7120517555096763,1.0,0.5123344876951523,1.0,0.7827992932406208,1.0,0.1236092265943012,1.0,1.0,0.5863451951688026,58.63451951688026,3005,112,168807.0,10.8,1.5,71.6,155,88.8,0.0,2842,224,13.6,9.5,54.0625,2.140945584299732,4.270342972427707,70.82961641391614,13.580246913580249,2.5217391304347827,28.618968386023298,51.17610454,0.2676181980374665,36.115992970123024,99.55396966993756,7.5,9.5,13.0,4.625,7.625,3.75,0.625,0.8758480325644504,0.8848821081830791,0.114441416893733,0.8312841530054644,0.8848773841961853,0.1743554952510176,0.6587193460490464,0.6955617198335645,0.7896879240162822,0.8541383989145184,0.8523809523809524,0.8503401360544218,0.585499316005472,0.7117486338797814,0.8993197278911564,0.6516393442622951,0.731404958677686,0.7035519125683061,0.326530612244898,0.2878504672897196,0.9330601092896176,0.4863760217983651,0.9289617486338798,0.1791044776119403,0.1696065128900949,0.1289009497964721,0.064450474898236,0.1838534599728629,0.1132971506105834,0.1275440976933514,17,2.0,4.4,14,28
06073017701,0.658882882461543,1.0,0.5526758937655436,1.0,0.5320346320346321,1.0,0.5428691472776681,1.0,0.4833687809060089,1.0,0.5280668840547341,1.0,0.2065128900949796,1.0,1.0,0.5006301586564442,50.063015865644424,5137,445,119280.0,3.4,0.9,64.7,751,87.9,0.0,4806,356,16.2,10.5,47.53435731608731,1.8493459630130809,12.434017595307918,43.031123139377534,6.41025641025641,19.84815618221258,17.325287132567645,44.74175482,5.051871898962562,29.71046770601336,96.07577807848445,4.0,9.5,19.875,7.75,11.875,6.875,3.25,0.3792401628222523,0.6033287101248266,0.7656675749318801,0.8872950819672131,0.8038147138964578,0.9335142469470828,0.6307901907356949,0.6955617198335645,0.2700135685210312,0.6390773405698779,0.5360544217687075,0.6829931972789116,0.7086183310533516,0.7377049180327868,0.3959183673469387,0.3292349726775956,0.9132231404958676,0.0396174863387978,0.6068027210884354,0.3738317757009346,0.3797814207650273,0.6825613079019073,0.5218579234972678,0.0827679782903663,0.1696065128900949,0.1994572591587517,0.1255088195386703,0.2584803256445047,0.1655359565807327,0.2835820895522388,33,2.5,6.0,8,27
06073017702,0.7825277539458685,1.0,0.465448696829737,1.0,0.7385311383712236,1.0,0.5471693938726844,1.0,0.4496993558093156,1.0,0.533650481678355,1.0,0.1055630936227951,1.0,1.0,0.5175128448757114,51.751284487571134,3199,79,157875.0,5.2,1.3,62.1,290,87.0,0.0,3067,198,15.6,10.3,54.38335809806835,1.9067796610169492,10.567576042646598,48.44632768361582,21.07843137254902,11.72069825436409,20.006251953735543,29.18481643,3.036723163841808,33.96923076923077,95.55084745762711,6.5,9.25,12.875,4.625,8.125,3.125,0.0,0.9206241519674356,0.8515950069348127,0.5115803814713896,0.8463114754098361,0.7670299727520435,0.4416553595658073,0.5946866485013624,0.6955617198335645,0.7191316146540028,0.8900949796472184,0.6333333333333333,0.7115646258503401,0.5772913816689467,0.7308743169398907,0.4884353741496599,0.3920765027322404,0.5702479338842975,0.1161202185792349,0.5292517006802722,0.5831775700934579,0.5792349726775956,0.5517711171662125,0.4699453551912568,0.1363636363636363,0.1573948439620081,0.1261872455902306,0.064450474898236,0.1933514246947082,0.0970149253731343,0.0468113975576662,16,2.0,5.2,12,28
06073005102,0.3392596631526217,1.0,0.6891289157383753,0.8333333333333334,0.4286404249623865,1.0,0.2534625726005232,1.0,0.4336850668551754,0.75,0.210841609465811,1.0,0.8853459972862957,1.0,1.0,0.4629091785801699,46.29091785801699,5116,1054,85538.0,16.9,0.0,55.5,947,71.3,,4293,625,17.9,10.0,70.34191317710335,2.443876101165104,37.58086649676534,22.30747371412333,0.0,7.223833377273927,163.01798279906177,,24.865018471156574,35.532407407407405,89.769820971867,22.5,26.75,206.75,92.375,86.375,136.875,33.375,0.0759837177747625,0.2968099861303744,0.0163487738419618,0.967896174863388,0.6791553133514986,0.9742198100407056,0.1341961852861035,,0.3975576662143826,0.2510176390773405,0.3054421768707482,0.7605442176870748,0.1833105335157319,0.6830601092896175,0.0149659863945578,0.1325136612021858,0.9855371900826446,0.3019125683060109,0.0136054421768707,,0.0191256830601093,0.4959128065395095,0.1174863387978142,0.7503392130257802,0.9077340569877884,0.8968792401628223,0.8772048846675712,0.8609226594301221,0.8955223880597015,0.8962008141112618,198,23.5,8.0,35,51
06073005101,0.3162873124705675,1.0,0.7971603700711594,1.0,0.292648538384146,1.0,0.339002650240424,1.0,0.1061756437208853,0.75,0.4409962627119905,1.0,0.907055630936228,1.0,1.0,0.4570466297907715,45.70466297907715,3953,997,91137.0,10.5,2.6,47.4,695,95.0,0.0,3392,715,20.4,13.6,47.60530871321408,3.3538289547233093,33.13938780672906,3.130240357741755,60.86956521739131,7.8310149407521905,161.39640779155073,,21.632196757965342,25.436241610738257,95.97540525433205,23.0,27.25,214.5,97.75,91.0,143.125,35.625,0.0881953867028494,0.3439667128987517,0.1267029972752044,0.7062841530054644,0.5640326975476839,0.9131614654002712,0.9073569482288828,0.6955617198335645,0.641112618724559,0.1655359565807327,0.0816326530612244,0.282312925170068,0.7058823529411764,0.5983606557377049,0.0353741496598639,0.0163934426229508,0.0344352617079889,0.2691256830601093,0.0149659863945578,,0.0245901639344262,0.7861035422343324,0.5122950819672131,0.7706919945725916,0.932157394843962,0.9131614654002712,0.8955223880597015,0.89280868385346,0.9118046132971506,0.9219810040705564,198,24.625,13.5,36,51
06073017901,0.3931474139640049,1.0,0.4130952793740381,1.0,0.55488189848531,1.0,0.2955273703076351,1.0,0.3697303949805547,0.75,0.2992584982355831,1.0,0.3654002713704206,1.0,1.0,0.3844344466739352,38.44344466739352,3874,396,75908.0,9.6,1.9,45.8,480,71.7,0.0,3433,324,17.0,12.0,61.46848602988953,1.9884877027734171,35.20861372812921,11.983254840397697,8.717948717948717,8.956646021915198,83.89261744966443,,10.047095761381476,38.80368098159509,94.03453689167976,8.5,7.25,38.0,15.625,24.5,12.5,7.25,0.432157394843962,0.1927877947295423,0.162125340599455,0.7855191256830601,0.5463215258855586,0.7632293080054274,0.1464577656675749,0.6955617198335645,0.6248303934871099,0.6987788331071914,0.4224489795918367,0.473469387755102,0.3857729138166894,0.7240437158469946,0.0272108843537415,0.0450819672131147,0.8526170798898072,0.1939890710382513,0.0625850340136054,,0.1584699453551912,0.4141689373297003,0.3251366120218579,0.2327001356852103,0.0943012211668928,0.3602442333785617,0.3025780189959294,0.4891451831750339,0.2449118046132971,0.4301221166892808,44,4.5,7.8,15,18
06073022102,0.5746823850306695,1.0,0.5144754542982773,1.0,0.4326597531821412,1.0,0.5053631517418253,1.0,0.3021674514542303,0.75,0.5854823980186915,1.0,0.2853459972862958,1.0,1.0,0.4571680844303044,45.716808443030445,7247,401,152627.0,2.2,12.1,68.5,399,87.2,0.0,6937,668,14.2,10.4,57.82865583456426,0.7950849295265631,15.950320960089313,51.06613661004699,34.126163391933815,8.347134812851937,25.803780874844765,,4.2284062161185405,31.30939809926082,97.50632453921214,5.5,9.5,30.125,11.875,16.625,12.5,4.5,0.4260515603799185,0.8280166435506241,0.903950953678474,0.1407103825136612,0.853542234332425,0.6458616010854816,0.6069482288828338,0.6955617198335645,0.0352781546811397,0.2048846675712347,0.7938775510204081,0.6965986394557824,0.4829001367989056,0.8538251366120219,0.2598639455782313,0.4248633879781421,0.2851239669421488,0.2377049180327869,0.3836734693877551,,0.4549180327868852,0.6403269754768393,0.6612021857923497,0.1153324287652645,0.1696065128900949,0.2734056987788331,0.2245590230664857,0.3527815468113975,0.2449118046132971,0.3310719131614654,51,3.5,5.6,9,24
06073017070,0.5284210038123819,1.0,0.5465987121728876,1.0,0.6994796426033099,1.0,0.3778247402659119,1.0,0.8621556128209312,0.75,0.4989465612483435,1.0,0.164450474898236,1.0,1.0,0.5254109639745718,52.541096397457174,5572,308,202813.0,11.8,4.5,71.7,278,86.9,0.0,5155,255,13.7,8.6,65.73426573426573,5.801621958827199,13.869957634923558,58.265751715533376,13.029989658738367,0.0,7.537688442211055,,1.7467248908296942,48.6562150055991,97.00561447286336,10.0,15.75,16.0,10.25,4.875,8.125,0.625,0.5407055630936228,0.9611650485436892,0.0762942779291553,0.53551912568306,0.8876021798365122,0.4063772048846675,0.5892370572207084,0.6955617198335645,0.2048846675712347,0.8100407055630936,0.8421768707482993,0.9408163265306122,0.2667578659370725,0.407103825136612,0.3319727891156462,0.505464480874317,0.7479338842975207,0.9405737704918032,0.8979591836734694,,0.7254098360655737,0.1566757493188011,0.6147540983606558,0.3086838534599728,0.3921302578018996,0.1696065128900949,0.1960651289009498,0.1356852103120759,0.1933514246947082,0.1275440976933514,27,1.5,5.2,16,48
06073008380,0.3419607089410469,1.0,0.5793635776315101,1.0,0.5254511302485716,1.0,0.2531051326363561,1.0,0.5410261408451743,0.75,0.9035911218316184,1.0,0.1655359565807327,1.0,1.0,0.4728619669592871,47.28619669592872,6664,549,94766.0,9.0,4.6,58.9,1314,89.3,40.909090909090914,5713,476,16.0,8.6,61.75663311985361,5.616065350578625,25.390156062424968,22.294077603812116,26.47058823529412,2.9402048232573508,20.708283313325328,,0.7147719537100068,22.45557350565428,100.0,14.5,19.0,16.125,9.375,5.875,6.875,1.125,0.2856173677069199,0.3689320388349514,0.1846049046321526,0.5286885245901639,0.723433242506812,0.9959294436906376,0.6771117166212534,0.015256588072122,0.1261872455902306,0.4606512890094979,0.5741496598639455,0.9408163265306122,0.3734610123119015,0.4153005464480874,0.0938775510204081,0.1297814207650273,0.4380165289256198,0.6734972677595629,0.5115646258503401,,0.8852459016393442,0.8569482288828338,0.9685792349726776,0.5162822252374492,0.5481682496607869,0.1723202170963365,0.1587516960651289,0.1648575305291723,0.1655359565807327,0.166214382632293,28,0.5,7.3,28,61
06073018301,0.5073954937852474,1.0,0.3129536479226746,1.0,0.8520601999280037,1.0,0.3664720253331984,1.0,0.0151402709844268,0.75,0.4283723688847198,1.0,0.3645861601085481,1.0,1.0,0.4067114524209741,40.67114524209741,889,82,74524.0,11.6,1.2,59.0,202,51.2,0.0,816,58,13.9,11.0,65.2439024390244,1.215277777777778,26.546681664791898,40.27777777777778,58.333333333333336,61.05476673427992,291.33858267716533,,4.861111111111112,48.89589905362776,98.0902777777778,6.5,5.75,36.125,15.375,24.625,11.875,7.875,0.9165535956580732,0.1733703190013869,0.0851498637602179,0.8545081967213115,0.7247956403269755,0.2415196743554952,0.0258855585831062,0.6955617198335645,0.9864314789687924,0.9850746268656716,0.8238095238095238,0.6129251700680272,0.2790697674418605,0.8060109289617486,0.0829931972789115,0.2978142076502732,0.0426997245179063,0.0,0.0027210884353741,,0.3934426229508196,0.1471389645776566,0.744535519125683,0.1363636363636363,0.05359565807327,0.3358208955223881,0.2957937584803256,0.4918588873812754,0.2374491180461329,0.4620081411126187,38,2.5,5.0,12,16
06073017902,0.5001341017142907,1.0,0.3012803756908193,1.0,0.5212111981834797,1.0,0.3486868727666438,1.0,0.3541058106844779,0.75,0.6792043249306392,1.0,0.3255088195386703,1.0,1.0,0.4328759290727172,43.28759290727173,2972,668,85227.0,2.3,3.5,34.6,205,72.0,0.0,2193,177,19.5,15.2,65.93567251461988,2.7777777777777777,24.62987886944818,47.22222222222222,18.983050847457623,12.903225806451612,27.59084791386272,,0.0,10.488505747126435,88.42592592592592,8.5,7.0,33.625,13.875,21.875,11.25,5.875,0.1967435549525101,0.2884882108183079,0.8985013623978202,0.6168032786885246,0.3930517711171662,0.248303934871099,0.1512261580381471,0.6955617198335645,0.9111261872455902,0.9084124830393489,0.1258503401360544,0.1394557823129252,0.2612859097127222,0.6557377049180328,0.1020408163265306,0.3756830601092896,0.6115702479338843,0.0997267759562842,0.3510204081632653,,0.967896174863388,0.983651226158038,0.0860655737704918,0.2327001356852103,0.0868385345997286,0.310719131614654,0.2591587516960651,0.4355495251017639,0.2293080054274084,0.3928086838534599,44,4.0,11.7,14,19
06073007912,0.753959197386564,1.0,0.5101597536222775,0.8333333333333334,0.8456114603236138,1.0,0.3782040818614903,1.0,0.2972273143552683,0.75,0.7287091218613977,1.0,0.5839891451831749,1.0,1.0,0.5854085820848266,58.54085820848266,1738,88,116303.0,2.4,3.3,79.5,420,47.2,,1613,60,16.9,7.1,53.066332916145186,1.516793066088841,26.71068427370948,12.78439869989166,37.9746835443038,5.4303278688524586,36.24856156501726,,5.417118093174431,21.220657276995304,100.0,10.0,19.75,81.375,39.875,32.875,49.375,9.75,0.9077340569877884,0.5825242718446602,0.888283378746594,0.6372950819672132,0.9632152588555858,0.680461329715061,0.0163487738419618,,0.9674355495251018,0.9837177747625508,0.4387755102040817,0.992517006802721,0.6101231190150479,0.7745901639344263,0.0761904761904761,0.0519125683060109,0.2355371900826446,0.4221311475409836,0.2340136054421768,,0.3401639344262295,0.8773841961852861,0.9685792349726776,0.3086838534599728,0.582089552238806,0.6031207598371777,0.596336499321574,0.5691994572591588,0.6058344640434192,0.5454545454545454,127,6.5,5.2,16,52
06073007602,0.6169207793214256,1.0,0.4931016446248216,1.0,0.7979280314568161,1.0,0.5185421414086031,1.0,0.0238318278130924,0.5,0.438766546060958,1.0,0.603527815468114,1.0,1.0,0.4989455408791187,49.89455408791187,1774,304,135798.0,8.3,0.0,63.8,370,5.8,0.0,1725,232,16.3,9.3,32.576769025367156,0.0,32.29988726042841,25.570342205323193,,37.971698113207545,110.4847801578354,,11.596958174904945,45.198675496688736,100.0,9.5,20.0,85.25,41.875,35.125,53.75,11.375,0.5468113975576663,0.7295423023578363,0.2234332425068119,0.967896174863388,0.7874659400544959,0.5943012211668928,0.0013623978201634,0.6955617198335645,0.9538670284938942,0.8419267299864315,0.5183673469387755,0.8775510204081632,0.9179206566347468,0.950136612021858,0.0421768707482993,0.1639344262295081,,0.0109289617486338,0.036734693877551,,0.1133879781420764,0.2343324250681199,0.9685792349726776,0.2856173677069199,0.5943012211668928,0.6132971506105834,0.6132971506105834,0.5848032564450475,0.621438263229308,0.5848032564450475,135,7.125,5.7,19,51
06073013327,0.6707252039939767,1.0,0.5483009392096138,1.0,0.5748956977635016,1.0,0.4880513299486779,1.0,0.6645162504327929,0.75,0.4303601296387287,1.0,0.5519674355495251,1.0,1.0,0.5612595695052596,56.12595695052596,5615,464,139803.0,2.9,2.3,47.1,528,66.6,0.0,5308,470,13.5,9.9,52.35042735042735,17.667638483965014,4.88979440637155,45.42274052478134,3.7804878048780486,4.029099048684947,22.261798753339267,,7.521865889212828,36.96287025448478,96.67638483965014,22.5,15.5,69.75,34.625,28.625,41.875,9.25,0.3616010854816824,0.7586685159500693,0.826975476839237,0.735655737704918,0.5613079019073569,0.8100407055630936,0.0912806539509536,0.6955617198335645,0.1845318860244233,0.4687924016282225,0.8612244897959184,0.7850340136054421,0.6265389876880985,0.0997267759562842,0.8707482993197279,0.3551912568306011,0.9462809917355371,0.5806010928961749,0.4666666666666667,,0.2418032786885245,0.4645776566757493,0.5846994535519126,0.7503392130257802,0.3812754409769335,0.5610583446404342,0.5671641791044776,0.5427408412483039,0.5651289009497965,0.5237449118046132,106,10.375,6.8,40,46
06073017606,0.5999898249551343,1.0,0.5203385095940058,1.0,0.64059872252836,1.0,0.5953485073022728,1.0,0.2276449214920579,0.75,0.3526116347284883,1.0,0.1055630936227951,1.0,1.0,0.434585030603302,43.45850306033021,3687,247,103250.0,3.7,3.7,65.0,266,87.9,0.0,3586,450,14.3,10.3,50.60422960725075,6.223306894447834,5.906369080021775,59.06040268456376,30.239520958083833,8.435754189944134,68.0770273935449,,5.796217205613178,41.51090342679128,94.81391092129348,12.0,10.75,13.0,4.625,7.0,3.75,0.0,0.6309362279511533,0.4431345353675451,0.7247956403269755,0.6010928961748634,0.8051771117166212,0.3717774762550881,0.6307901907356949,0.6955617198335645,0.5780189959294437,0.4918588873812755,0.780952380952381,0.7115646258503401,0.6538987688098495,0.3852459016393442,0.8244897959183674,0.51775956284153,0.3622589531680441,0.2322404371584699,0.0884353741496598,,0.3183060109289617,0.332425068119891,0.407103825136612,0.4185888738127544,0.200135685210312,0.1289009497964721,0.064450474898236,0.1743554952510176,0.1132971506105834,0.0468113975576662,18,2.0,5.4,18,31
06073017605,0.6389654729991435,1.0,0.4503292235989132,1.0,0.677473716759431,1.0,0.7149273472255849,1.0,0.4758055477983092,0.75,0.4706526108902487,1.0,0.1115332428765264,1.0,1.0,0.5056695945925939,50.56695945925939,3931,266,152035.0,4.5,4.6,72.3,304,74.0,0.0,3614,264,13.5,11.9,47.4694589877836,0.3003003003003003,6.3407181054239885,53.75375375375376,16.205533596837945,16.331658291457288,13.991350801322818,,3.3783783783783785,28.435114503816795,90.61561561561562,9.5,10.0,11.875,4.0,6.5,3.125,0.625,0.5943012211668928,0.8252427184466019,0.6076294277929155,0.5286885245901639,0.8971389645776566,0.4647218453188602,0.1784741144414169,0.6955617198335645,0.5712347354138398,0.7924016282225237,0.8612244897959184,0.4850340136054422,0.7113543091655267,0.8989071038251366,0.8013605442176871,0.448087431693989,0.6611570247933884,0.0669398907103825,0.6993197278911565,,0.53551912568306,0.723433242506812,0.1530054644808743,0.2856173677069199,0.180461329715061,0.1160108548168249,0.0474898236092265,0.1696065128900949,0.0970149253731343,0.1275440976933514,16,2.0,5.7,18,28
06073010018,0.5333789049385114,1.0,0.514276732770913,1.0,0.480259647956876,1.0,0.4751089360639414,1.0,0.5767655339243588,0.75,0.5507623471955451,1.0,0.3544097693351424,1.0,1.0,0.4978516960264698,49.78516960264698,6819,186,133875.0,5.4,10.5,39.6,663,75.0,0.0,6080,493,15.7,9.9,62.2680412371134,7.340720221606649,7.1695853914084715,54.75530932594644,29.288321167883215,0.0,24.637043554773427,,2.308402585410896,43.97143641856633,98.01477377654663,15.0,13.0,35.5,17.875,15.125,20.625,4.75,0.7401628222523745,0.7184466019417476,0.4843324250681199,0.1905737704918032,0.4693460490463215,0.8995929443690638,0.1982288828337874,0.6955617198335645,0.084124830393487,0.4341926729986431,0.6176870748299319,0.7850340136054421,0.3597811217510259,0.3319672131147541,0.7469387755102042,0.4617486338797814,0.3829201101928374,0.9405737704918032,0.4068027210884354,,0.6543715846994536,0.2629427792915532,0.7349726775956285,0.5291723202170964,0.2937584803256445,0.3283582089552239,0.3616010854816825,0.3317503392130257,0.4104477611940298,0.3398914518317503,48,5.875,8.5,27,44
06073013321,0.4969347307082654,1.0,0.4263139339450694,1.0,0.4149939080109656,1.0,0.6325436426953549,1.0,0.5915518210174374,0.75,0.5641158311123023,1.0,0.3048846675712348,1.0,1.0,0.4901912192943757,49.01912192943757,8004,476,167670.0,5.4,8.4,54.8,264,86.7,12.958115183246074,7210,701,15.1,10.0,52.05128205128206,9.986000933271114,5.406094606655616,81.80121325244983,26.855713094245203,4.6283934134401425,9.120439780109944,,2.6598226784881005,52.639898830224475,100.0,14.5,13.75,30.375,15.5,11.75,18.125,4.75,0.3419267299864315,0.8821081830790569,0.4843324250681199,0.2793715846994535,0.6628065395095368,0.3649932157394844,0.5803814713896458,0.1206657420249652,0.0312075983717774,0.1777476255088195,0.6904761904761905,0.7605442176870748,0.6306429548563611,0.2363387978142076,0.8476190476190476,0.8155737704918032,0.428374655647383,0.505464480874317,0.8408163265306122,,0.6229508196721312,0.1008174386920981,0.9685792349726776,0.5162822252374492,0.3127544097693351,0.2781546811397558,0.2991858887381275,0.2550881953867028,0.3521031207598372,0.3398914518317503,54,4.125,8.1,25,44
06073020038,0.438480143385391,1.0,0.4916193976974568,1.0,0.430783466710972,1.0,0.4812916321694518,1.0,0.6641383342841721,0.75,0.6263617774204276,1.0,0.3544097693351424,1.0,1.0,0.4981549315718592,49.81549315718592,5685,363,151650.0,9.8,7.8,55.5,407,78.1,0.0,5433,842,14.9,10.0,56.782334384858046,10.693825588796944,11.644806806097128,77.53023551877784,25.597269624573375,0.0,17.59014951627089,,0.6365372374283895,44.53004622496148,97.96308084022915,11.5,12.5,37.25,15.75,15.625,21.25,5.0,0.4708276797829036,0.8210818307905686,0.1539509536784741,0.3080601092896174,0.6791553133514986,0.6573948439620081,0.2581743869209809,0.6955617198335645,0.1628222523744912,0.0854816824966079,0.7142857142857143,0.7605442176870748,0.5239398084815321,0.2199453551912568,0.4340136054421768,0.7472677595628415,0.4559228650137741,0.9405737704918032,0.5959183673469388,,0.8975409836065573,0.2547683923705722,0.726775956284153,0.3860244233378562,0.2734056987788331,0.3507462686567164,0.3059701492537313,0.3371777476255088,0.4240162822252374,0.3541383989145183,49,3.0,6.3,22,23
06073005103,0.0153528447822678,1.0,0.4673231496174959,1.0,0.2025184836485476,1.0,0.2335170133627221,1.0,0.0489169808735489,0.75,0.1698493173121305,1.0,0.8366350067842605,1.0,1.0,0.2820161137687105,28.20161137687105,2980,1419,39519.0,25.1,18.9,15.6,141,92.6,5.0,2870,1122,23.2,23.3,40.8130081300813,20.244565217391305,35.0,6.114130434782608,53.64238410596026,16.077537058152792,256.3758389261745,,48.369565217391305,35.18930957683742,69.29347826086956,17.5,26.0,186.125,84.25,77.25,123.75,28.375,0.0271370420624151,0.0083217753120665,0.0013623978201634,0.0245901639344262,0.0912806539509536,0.1499321573948439,0.8153950953678474,0.2676837725381414,0.7829036635006784,0.0149253731343284,0.0122448979591837,0.0,0.8235294117647058,0.0587431693989071,0.0285714285714285,0.0232240437158469,0.0730027548209366,0.0683060109289617,0.0054421768707483,,0.0013661202185791,0.505449591280654,0.0027322404371584,0.6051560379918589,0.8744911804613297,0.8521031207598372,0.8344640434192673,0.8127544097693351,0.8561736770691994,0.8276797829036635,198,22.0,22.4,32,50
06073020712,0.7157670694520161,1.0,0.3683040632968812,1.0,0.5519868191509982,1.0,0.7847737112382124,1.0,0.6801068718143446,0.75,0.4748539579021555,1.0,0.2275440976933514,1.0,1.0,0.5433337986497084,54.33337986497085,3987,317,139609.0,3.8,1.1,39.7,197,81.3,0.0,3864,401,15.3,12.1,27.27272727272727,0.7417397167902899,12.891898670679709,91.84086311530682,15.91695501730104,0.6697923643670463,20.817657386506145,,1.416048550236008,51.48452305748579,96.1564396493594,9.5,9.25,22.5,14.75,7.0,13.75,1.875,0.5291723202170964,0.7572815533980582,0.7091280653950953,0.8674863387978142,0.4741144414168937,0.234056987788331,0.3630790190735695,0.6955617198335645,0.5067842605156039,0.5725915875169607,0.6693877551020408,0.4591836734693877,0.9521203830369356,0.8592896174863388,0.3782312925170068,0.9494535519125684,0.6721763085399449,0.8620218579234973,0.5061224489795919,,0.7800546448087432,0.1103542234332425,0.5341530054644809,0.2856173677069199,0.1573948439620081,0.2130257801899593,0.2808683853459973,0.1743554952510176,0.2754409769335142,0.1940298507462686,26,0.5,6.9,15,22
06073005401,0.9203642875196696,1.0,0.6514498352922039,0.8333333333333334,0.8952787084983247,1.0,0.4695024921901661,1.0,0.33669982467087,0.75,0.6003657876843208,1.0,0.8716417910447761,1.0,1.0,0.6779003895571902,67.79003895571903,1859,36,186494.0,3.2,0.0,60.7,298,84.1,,1743,14,14.8,9.0,17.938144329896907,8.964955175224123,25.44378698224852,60.47269763651182,0.0,29.40161104718067,235.610543302851,,17.766911165444174,24.850657108721624,100.0,21.5,26.25,202.125,89.875,82.375,133.75,32.75,0.9782903663500678,0.9375866851595008,0.797683923705722,0.967896174863388,0.7459128065395095,0.4531886024423338,0.4516348773841961,,0.9525101763907734,0.9877883310719132,0.7292517006802721,0.91156462585034,0.9808481532147744,0.2650273224043715,0.0925170068027211,0.5396174863387978,0.9855371900826446,0.01775956284153,0.0068027210884353,,0.0341530054644808,0.7983651226158038,0.9685792349726776,0.7204884667571235,0.8860244233378561,0.8833107191316146,0.8602442333785617,0.8426051560379919,0.8873812754409769,0.8846675712347354,198,22.0,5.1,33,51
06073000301,0.5122127672766681,1.0,0.6598233063188286,1.0,0.7749697708119883,1.0,0.4222167116942088,1.0,0.4284417673495808,0.75,0.4037697969555744,1.0,0.8742198100407055,1.0,1.0,0.5822362757782221,58.223627577822214,2311,355,87813.0,5.8,1.5,62.0,469,68.4,0.0,2207,202,16.0,10.2,43.16143497757848,3.9170506912442393,19.312744671596345,26.49769585253456,0.0,11.728813559322033,42.838598009519686,,6.221198156682028,30.25540275049116,92.78033794162826,19.0,29.5,195.125,89.625,89.0,126.875,33.0,0.4782903663500678,0.3176144244105409,0.4216621253405994,0.8312841530054644,0.7636239782016349,0.746268656716418,0.106267029972752,0.6955617198335645,0.9077340569877884,0.8867028493894166,0.5741496598639455,0.7312925170068028,0.7852257181942545,0.5532786885245902,0.1782312925170067,0.1721311475409836,0.9855371900826446,0.1147540983606557,0.1850340136054421,,0.2950819672131147,0.6607629427792916,0.2554644808743169,0.6546811397557666,0.9925373134328358,0.8704206241519674,0.858887381275441,0.8860244233378561,0.8649932157394844,0.8907734056987788,192,21.0,6.3,35,52
06073000302,0.6009439071838772,1.0,0.7612649462736248,1.0,0.7358538937963245,1.0,0.3202436864948038,1.0,0.0415793323606821,0.75,0.5474469310065861,1.0,0.9008141112618724,1.0,1.0,0.5583066869111101,55.83066869111101,2873,256,89573.0,3.4,2.8,63.9,277,96.2,0.0,2538,331,14.8,10.6,57.14285714285714,4.730473047304731,23.459798120431604,27.55775577557756,100.0,17.25079654073737,82.14410024364776,,6.710671067106711,19.680851063829788,95.54455445544554,22.5,29.5,209.0,95.125,93.625,138.125,34.75,0.6132971506105834,0.332871012482663,0.7656675749318801,0.6919398907103825,0.7901907356948229,0.4009497964721845,0.9380108991825612,0.6955617198335645,0.8602442333785617,0.6845318860244234,0.7292517006802721,0.6693877551020408,0.5082079343365253,0.4795081967213115,0.1115646258503401,0.1816939890710382,0.0006887052341597,0.0587431693989071,0.0653061224489796,,0.2704918032786885,0.9032697547683924,0.4685792349726776,0.7503392130257802,0.9925373134328358,0.9009497964721844,0.8860244233378561,0.9118046132971506,0.8989145183175034,0.9063772048846676,192,22.125,5.9,42,52
06073001801,0.5538182856946084,1.0,0.7133248412500679,1.0,0.6924761627853313,1.0,0.4526096408826588,1.0,0.3047239941001917,0.75,0.7441980216693219,1.0,0.9708276797829036,1.0,1.0,0.633139803737869,63.313980373786904,1982,178,83065.0,3.3,6.1,43.8,275,94.3,0.0,1923,210,18.5,10.2,56.1119293078056,2.9233870967741935,11.651469098277609,31.55241935483871,45.86466165413533,4.339440694310511,36.32694248234107,,2.217741935483871,21.498054474708173,97.78225806451611,27.5,27.0,236.625,113.5,110.125,156.875,40.5,0.7598371777476255,0.2676837725381414,0.7826975476839237,0.4050546448087432,0.5224795640326976,0.3955223880597014,0.8753405994550408,0.6955617198335645,0.9362279511533242,0.8738127544097694,0.2285714285714285,0.7312925170068028,0.5389876880984952,0.6352459016393442,0.4326530612244897,0.203551912568306,0.1446280991735536,0.5382513661202186,0.2312925170068027,,0.6612021857923498,0.8705722070844687,0.7008196721311475,0.8710990502035278,0.9199457259158752,0.9687924016282226,0.968113975576662,0.974898236092266,0.9647218453188604,0.9776119402985076,198,24.25,8.7,46,52
06073020213,0.0735404387098091,1.0,0.4497588332687854,1.0,0.370705147730734,1.0,0.3327827013382555,1.0,0.5170808256726093,1.0,0.1669036593658025,1.0,0.3656716417910448,1.0,1.0,0.3252061782681487,32.52061782681487,4060,791,59094.0,12.4,22.1,14.1,342,94.3,2.553191489361702,2986,403,20.1,16.2,66.92531522793405,19.059205190592053,3.293413173652695,12.814274128142742,45.49918166939443,1.1226944667201284,16.256157635467982,38.56876167,12.00324412003244,44.94875549048316,90.75425790754258,19.0,11.25,38.125,24.375,11.625,25.625,2.5,0.1506105834464043,0.0651872399445215,0.0688010899182561,0.0095628415300546,0.0606267029972752,0.5379918588873813,0.8753405994550408,0.3453536754507628,0.7462686567164178,0.5671641791044777,0.0952380952380952,0.0741496598639456,0.2489740082079343,0.0751366120218579,0.9537414965986396,0.0532786885245901,0.1515151515151515,0.8360655737704918,0.6340136054421769,0.4467289719626168,0.0997267759562842,0.2397820163487738,0.1612021857923497,0.6546811397557666,0.2245590230664857,0.364314789687924,0.4993215739484396,0.2516960651289009,0.4782903663500678,0.2347354138398914,30,1.0,17.3,32,24
06073020214,0.2734327949772581,1.0,0.3844549922518325,1.0,0.2297201377158733,1.0,0.171940205742991,1.0,0.1974238326762507,1.0,0.2484167398738355,1.0,0.3837177747625508,1.0,1.0,0.2698723540000846,26.98723540000846,4643,1020,36598.0,3.5,8.8,18.7,384,86.1,10.59322033898305,3597,636,20.9,16.6,65.63413208649912,16.075268817204304,15.331461887281364,7.741935483870968,36.46209386281589,8.011869436201781,132.67284083566662,54.54884879,13.172043010752688,45.17766497461929,95.10752688172045,17.0,11.5,39.125,24.75,12.25,26.25,3.125,0.0827679782903663,0.0027739251040221,0.752724795640327,0.2554644808743169,0.1423705722070844,0.6289009497964722,0.5565395095367848,0.1539528432732316,0.5739484396200814,0.237449118046133,0.0564625850340135,0.0510204081632652,0.2694938440492476,0.1161202185792349,0.2761904761904762,0.0259562841530054,0.2548209366391184,0.2622950819672131,0.0258503401360544,0.2467289719626167,0.0751366120218579,0.2384196185286103,0.4316939890710382,0.5888738127544098,0.2360922659430122,0.3873812754409769,0.5020352781546812,0.2700135685210312,0.4843962008141113,0.2747625508819539,30,1.0,17.2,29,24
06073000202,0.6286134915959439,1.0,0.7422095544194205,1.0,0.6442326862902555,1.0,0.5919795062516047,1.0,0.2257384729909447,1.0,0.6030893425251759,1.0,0.8294436906377205,1.0,1.0,0.6093295349587237,60.93295349587237,3755,108,120091.0,6.7,2.8,62.1,480,85.7,0.0,3472,367,15.7,10.2,41.14793856103476,2.1875,10.382659887610382,44.776785714285715,35.67567567567568,9.531502423263328,31.15845539280959,61.77971375,4.419642857142858,24.695121951219512,96.51785714285714,20.5,29.5,179.375,81.75,80.25,116.875,28.0,0.8846675712347354,0.6061026352288488,0.3317438692098092,0.6919398907103825,0.7670299727520435,0.7632293080054274,0.5401907356948229,0.6955617198335645,0.6085481682496607,0.6194029850746269,0.6176870748299319,0.7312925170068028,0.813953488372093,0.7049180327868853,0.4993197278911564,0.3497267759562841,0.2644628099173554,0.174863387978142,0.2897959183673469,0.1738317757009345,0.4371584699453552,0.8079019073569482,0.5642076502732241,0.694708276797829,0.9925373134328358,0.835820895522388,0.8215739484396201,0.8324287652645862,0.8378561736770692,0.819538670284939,187,18.375,5.8,38,52
06073002712,0.0762161340963442,1.0,0.5051513436180173,1.0,0.1709451351775445,1.0,0.4651567546576388,1.0,0.3594309892647318,1.0,0.2813897450405245,1.0,0.9477611940298508,1.0,1.0,0.4008644708406645,40.08644708406646,5309,1532,52688.0,11.5,11.6,17.7,416,80.4,17.153284671532848,4615,746,19.5,15.8,61.42270861833106,11.941143180531975,6.290755657844266,56.59309564233163,44.02654867256637,2.0509977827051,21.28461103786024,86.35967642,12.73344651952462,34.44846292947559,92.24674589700057,32.0,25.75,228.625,111.0,105.75,148.125,36.875,0.0203527815468114,0.0402219140083217,0.0899182561307901,0.1543715846994535,0.1294277929155313,0.6763907734056988,0.3235694822888283,0.08876560332871,0.316146540027137,0.1445047489823608,0.1258503401360544,0.0972789115646258,0.387140902872777,0.1885245901639344,0.8027210884353742,0.4822404371584699,0.1652892561983471,0.7527322404371585,0.4897959183673469,0.0299065420560747,0.0846994535519125,0.5340599455040872,0.2254098360655737,0.9545454545454546,0.8582089552238806,0.9525101763907734,0.9565807327001355,0.9484396200814112,0.9389416553595658,0.9423337856173676,208,26.625,15.3,61,51
06073019905,0.5160436086826315,1.0,0.5500093281541651,1.0,0.5030199189580853,1.0,0.3968870849903056,1.0,0.5384062053383195,1.0,0.7725837911883384,1.0,0.4480325644504749,1.0,1.0,0.5321403573946172,53.21403573946172,5562,256,112063.0,3.9,9.6,49.2,373,95.2,0.0,4944,400,15.6,11.3,48.739495798319325,8.365200764818356,18.186793141189348,49.043977055449325,28.85304659498208,2.379841343910406,24.271844660194173,25.89919104,0.4780114722753346,29.178605539637054,97.75334608030592,9.0,11.5,46.25,20.5,22.625,22.5,6.375,0.6132971506105834,0.5381414701803051,0.688692098092643,0.2240437158469945,0.5892370572207084,0.6031207598371777,0.914850136239782,0.6955617198335645,0.2360922659430122,0.5746268656716418,0.6333333333333333,0.5680272108843538,0.6894664842681258,0.2950819672131147,0.2013605442176871,0.4016393442622951,0.3925619834710744,0.7158469945355191,0.419047619047619,0.6261682242990654,0.9193989071038252,0.7029972752043596,0.6953551912568307,0.2611940298507462,0.2360922659430122,0.4803256445047489,0.4552238805970149,0.4531886024423338,0.4484396200814111,0.4029850746268656,64,4.5,6.4,18,24
06073002905,0.2495892671213933,1.0,0.5545748277447214,1.0,0.241284532809053,1.0,0.4926375754266632,1.0,0.3659553312972725,1.0,0.5221892169562693,1.0,0.866350067842605,1.0,1.0,0.470368688456854,47.0368688456854,4818,955,88529.0,5.9,11.3,43.6,499,80.3,8.974358974358974,4665,624,20.5,13.2,52.62172284644194,2.906350914962325,12.505227938101212,42.518837459634014,50.591715976331365,1.7970401691331923,34.8692403486924,46.80771624,4.520990312163617,31.473922902494333,95.90958019375672,22.0,24.75,181.875,91.875,87.0,118.75,34.75,0.0976933514246947,0.3273231622746186,0.4073569482288828,0.1659836065573771,0.5190735694822888,0.7829036635006784,0.3181198910081744,0.1761442441054092,0.3080054274084125,0.253731343283582,0.0727891156462584,0.3306122448979591,0.6183310533515731,0.639344262295082,0.3918367346938776,0.3210382513661202,0.1005509641873277,0.7800546448087432,0.2448979591836735,0.3383177570093457,0.4234972677595628,0.6362397820163488,0.5068306010928961,0.7333785617367707,0.7978290366350068,0.841248303934871,0.8704206241519674,0.8663500678426052,0.8473541383989145,0.9063772048846676,203,20.0,12.8,39,51
06073003201,0.1910285615770298,1.0,0.5516617849656994,1.0,0.2935387995089488,1.0,0.448752055149166,1.0,0.4062234773342131,1.0,0.6204915551187942,1.0,0.7974219810040706,1.0,1.0,0.4727311735225603,47.27311735225604,5335,612,83169.0,8.1,20.2,20.0,504,88.1,31.97278911564626,4580,704,19.3,11.6,76.11548556430446,1.6982364467668192,7.645951035781544,35.40169823644676,38.34586466165413,9.83510011778563,18.74414245548266,23.68388301,1.502286087524494,29.23904052936311,94.64402351404313,31.5,22.75,162.875,79.25,70.25,107.5,25.25,0.2360922659430122,0.2718446601941747,0.239100817438692,0.0170765027322404,0.1743869209809264,0.7869742198100407,0.638283378746594,0.0319001386962551,0.32157394843962,0.1763907734056987,0.146938775510204,0.5292517006802722,0.0807113543091655,0.755464480874317,0.7115646258503401,0.2472677595628415,0.2314049586776859,0.1680327868852459,0.5619047619047619,0.6635514018691588,0.7718579234972678,0.7002724795640327,0.3893442622950819,0.94640434192673,0.73202170963365,0.7978290366350068,0.8059701492537313,0.7869742198100407,0.8073270013568521,0.7890094979647219,192,19.0,11.1,55,50
06073003202,0.5141018053122282,1.0,0.6784422810513093,1.0,0.4665556724725168,1.0,0.5488894070781191,1.0,0.5424852468112333,1.0,0.2999632723356313,1.0,0.7663500678426052,1.0,1.0,0.545255393271949,54.525539327194906,5005,202,99821.0,2.9,13.3,20.0,484,92.4,0.0,4395,417,16.0,12.8,57.861635220125784,6.013878180416345,11.411953469715202,86.50732459521974,30.985915492957744,2.260738507912585,15.784215784215784,39.00435594,4.163454124903624,49.61451247165533,93.6006168080185,29.5,22.25,149.125,69.625,63.25,99.375,23.625,0.7143826322930801,0.4105409153952843,0.826975476839237,0.1045081967213115,0.1743869209809264,0.7652645861601085,0.8065395095367848,0.6955617198335645,0.3717774762550881,0.5413839891451832,0.5741496598639455,0.3789115646258503,0.478796169630643,0.3934426229508196,0.4435374149659864,0.8797814207650273,0.3484848484848485,0.7240437158469946,0.6544217687074829,0.4429906542056074,0.4603825136612022,0.1403269754768392,0.2991803278688524,0.917910447761194,0.7109905020352781,0.7706919945725916,0.7720488466757124,0.7503392130257802,0.7788331071913162,0.7598371777476255,182,17.375,9.5,53,50
06073020019,0.5199347326907421,1.0,0.4106346449785698,1.0,0.2220543848475618,1.0,0.5650889330188804,1.0,0.7445210385674845,1.0,0.3066462182913695,1.0,0.3630936227951153,1.0,1.0,0.4474247964556748,44.742479645567485,7253,1180,89875.0,3.3,0.7,39.3,345,91.7,30.201342281879196,6648,992,15.2,15.3,72.64492753623189,4.758667573079538,5.156486970908589,79.77566281441196,4.740406320541761,0.0,10.89204467117055,48.35096453,5.370496261046907,42.391304347826086,93.0659415363698,12.0,11.25,38.0,16.875,17.625,20.0,5.125,0.0515603799185888,0.3356449375866852,0.7826975476839237,0.9098360655737704,0.4584468664850136,0.5468113975576662,0.776566757493188,0.0388349514563106,0.0420624151967435,0.0379918588873813,0.680952380952381,0.1272108843537415,0.1477428180574556,0.476775956284153,0.85578231292517,0.7800546448087432,0.9325068870523416,0.9405737704918032,0.7891156462585034,0.3158878504672897,0.3469945355191257,0.3024523160762943,0.2704918032786885,0.4185888738127544,0.2245590230664857,0.3602442333785617,0.3283582089552239,0.3670284938941655,0.3941655359565807,0.3656716417910448,60,4.0,8.0,19,24
06073010005,0.0522143358556915,1.0,0.5692272403272606,1.0,0.0941392296402957,1.0,0.3177149224157829,1.0,0.463515161631801,1.0,0.0418459621903584,1.0,0.2815468113975576,1.0,1.0,0.2600290947798211,26.00290947798211,6487,1482,34148.0,19.0,11.0,5.3,458,100.0,0.0,6006,1085,18.4,18.0,67.8475935828877,11.816578483245149,8.280757097791797,29.01234567901235,46.76923076923077,0.7874015748031495,28.0561122244489,33.45364032,14.770723104056438,59.1157476403378,82.93650793650794,20.5,13.0,31.875,14.5,14.25,15.625,2.25,0.0230664857530529,0.001386962552011,0.0081743869209809,0.1762295081967213,0.0027247956403269,0.7333785617367707,0.9952316076294278,0.6955617198335645,0.0963364993215739,0.0189959294436906,0.2387755102040816,0.0224489795918367,0.2325581395348837,0.1953551912568306,0.6544217687074829,0.1885245901639344,0.1377410468319558,0.8565573770491803,0.3401360544217687,0.5196261682242991,0.0519125683060108,0.0531335149863759,0.0204918032786885,0.694708276797829,0.2937584803256445,0.296472184531886,0.2740841248303934,0.3168249660786974,0.3147896879240163,0.2055630936227951,34,7.0,16.3,34,44
06073015602,0.557912555299273,1.0,0.3664129737853109,1.0,0.6291755508173418,1.0,0.8992944985847942,1.0,0.7595119521775082,1.0,0.5280408272658239,1.0,0.2510176390773406,1.0,1.0,0.5701951424296274,57.01951424296274,2732,374,154333.0,9.0,2.1,42.3,122,58.9,0.0,2627,269,16.0,13.2,31.88405797101449,1.2135922330097086,3.668378576669112,90.65533980582524,10.0,0.6031363088057901,17.569546120058565,16.30367144,7.281553398058252,28.79120879120879,97.0873786407767,12.5,15.75,26.0,10.875,15.125,9.375,3.0,0.4525101763907734,0.8363384188626907,0.1846049046321526,0.7581967213114754,0.5034059945504087,0.1180461329715061,0.0463215258855585,0.6955617198335645,0.8290366350067843,0.7829036635006784,0.5741496598639455,0.3306122448979591,0.9261285909712722,0.8073770491803278,0.9306122448979592,0.9330601092896176,0.8140495867768596,0.8702185792349727,0.5986394557823129,0.7551401869158878,0.25,0.7111716621253406,0.6229508196721312,0.443012211668928,0.3921302578018996,0.2394843962008141,0.2109905020352781,0.3317503392130257,0.2096336499321573,0.2632293080054274,33,2.875,6.7,22,49
06073019103,0.5191955613781902,1.0,0.3477895316696568,1.0,0.4072413904503457,1.0,0.5842979643248836,1.0,0.6338812854594702,1.0,0.494948705349831,1.0,0.1132971506105834,1.0,1.0,0.4429502270347086,44.29502270347086,6413,584,121601.0,1.8,8.7,34.3,452,75.8,0.0,6108,429,15.9,12.3,67.42424242424242,6.379893668438859,6.269641734758014,88.9801836636056,22.753346080305928,7.510058113544926,10.135661936691095,7.766023647,0.7249879168680522,60.53103695730175,96.37506041565976,0.5,4.75,11.75,6.75,3.75,4.375,0.625,0.2618724559023067,0.624133148404993,0.92574931880109,0.2650273224043715,0.388283378746594,0.7265943012211669,0.2104904632152588,0.6955617198335645,0.078697421981004,0.5264586160108549,0.5891156462585034,0.4346938775510204,0.240766073871409,0.3784153005464481,0.8054421768707483,0.912568306010929,0.522038567493113,0.2855191256830601,0.817687074829932,0.9102803738317756,0.8825136612021858,0.0463215258855586,0.5560109289617486,0.025101763907734,0.0407055630936228,0.1139755766621438,0.1092265943012211,0.0902306648575305,0.1255088195386703,0.1275440976933514,21,1.0,6.7,1,16
06073013801,0.318327889166685,1.0,0.6064420775100762,1.0,0.2732531682958122,1.0,0.3820135431221669,1.0,0.5847689304175125,1.0,0.3288925120233468,1.0,0.7538670284938942,1.0,1.0,0.4639378784327849,46.39378784327849,5381,577,86477.0,8.0,5.5,32.6,405,96.5,3.1055900621118013,4712,610,17.8,14.3,70.56145675265554,10.083102493074794,9.69787392763894,63.49030470914128,17.880794701986755,0.0,19.513101653967663,56.15432483,4.265927977839335,40.221857025472474,90.74792243767314,19.0,22.0,138.125,66.5,65.625,85.0,24.375,0.2659430122116689,0.3079056865464632,0.2465940054495913,0.4528688524590164,0.3569482288828338,0.6533242876526458,0.9448228882833788,0.3300970873786407,0.2971506105834464,0.2706919945725916,0.3156462585034013,0.2095238095238095,0.1764705882352941,0.2349726775956284,0.5469387755102041,0.569672131147541,0.6294765840220385,0.9405737704918032,0.5428571428571429,0.2261682242990654,0.4508196721311475,0.3760217983651226,0.1598360655737705,0.6546811397557666,0.6987788331071914,0.746268656716418,0.7564450474898237,0.7639077340569878,0.7327001356852103,0.7700135685210312,192,17.125,10.3,37,51
06073008346,0.7946974939377647,1.0,0.4593521774439656,1.0,0.7636665928243753,1.0,0.7021187201529487,1.0,0.5169056431170447,1.0,0.7870006402525275,1.0,0.1960651289009498,1.0,1.0,0.6028294852327967,60.282948523279664,4307,139,183698.0,4.4,1.7,73.1,375,70.9,0.6097560975609756,4222,295,12.4,8.4,32.99492385786802,1.1845386533665836,13.098057792515396,74.93765586034912,7.769423558897243,5.647058823529412,28.790341304852564,37.29931549,1.683291770573566,21.42436727486757,98.1296758104738,7.0,19.5,20.875,11.0,8.5,8.125,1.125,0.8215739484396201,0.9292649098474342,0.6198910081743869,0.8080601092896175,0.9080381471389646,0.6085481682496607,0.1280653950953678,0.3841886269070735,0.417910447761194,0.7421981004070557,0.9421768707482994,0.9523809523809524,0.9138166894664844,0.8114754098360656,0.3700680272108844,0.7131147540983607,0.8760330578512396,0.4098360655737705,0.3238095238095237,0.4579439252336449,0.7390710382513661,0.8732970027247956,0.7486338797814208,0.1546811397557666,0.5725915875169606,0.2048846675712347,0.21438263229308,0.2014925373134328,0.1933514246947082,0.166214382632293,36,0.5,4.6,13,61
06073020105,0.5975629031637106,1.0,0.350872299755631,1.0,0.4604295313783586,1.0,0.5139352252528919,1.0,0.5493714141075053,1.0,0.3768655420060253,1.0,0.4002713704206241,1.0,1.0,0.4641868980121067,46.418689801210675,3990,260,114309.0,3.4,5.5,33.8,245,82.2,0.2227171492204899,3524,573,16.5,12.3,49.27835051546392,4.465493910690121,14.78549540347293,64.00541271989174,23.65038560411311,7.1024512884978,20.80200501253133,9.38394524,9.878213802435724,29.20212765957447,92.96346414073072,12.0,10.75,40.25,22.625,13.625,26.875,4.375,0.6058344640434192,0.565880721220527,0.7656675749318801,0.4528688524590164,0.3801089918256131,0.3229308005427408,0.3937329700272479,0.3897364771151179,0.5943012211668928,0.3242876526458615,0.4884353741496599,0.4346938775510204,0.679890560875513,0.5081967213114754,0.2925170068027211,0.575136612021858,0.502754820936639,0.3087431693989071,0.5074829931972789,0.8785046728971962,0.1666666666666666,0.7016348773841962,0.2622950819672131,0.4185888738127544,0.200135685210312,0.4029850746268656,0.4803256445047489,0.3039348710990502,0.4918588873812754,0.3222523744911804,40,2.0,7.7,21,23
06073016807,0.510070962956589,1.0,0.5559213706171044,1.0,0.1838103083838691,1.0,0.5739092548952482,1.0,0.573488194429927,1.0,0.6286547748445278,1.0,0.2432835820895522,1.0,1.0,0.4670197783166882,46.70197783166882,7822,772,119187.0,4.1,3.5,34.0,506,89.0,0.0,7429,1058,17.4,13.3,71.91489361702128,2.865876958349255,9.22680412371134,88.8421857088269,10.07751937984496,9.257975034674065,10.227563283047814,36.09209708,3.4772640427970956,27.690802348336597,97.09591134887276,12.0,15.5,25.125,10.625,14.5,8.125,3.0,0.1635006784260515,0.6019417475728155,0.6580381471389646,0.6168032786885246,0.3841961852861035,0.7883310719131614,0.667574931880109,0.6955617198335645,0.0244233378561736,0.0244233378561736,0.3659863945578231,0.3204081632653061,0.1573187414500684,0.644808743169399,0.5836734693877551,0.9098360655737704,0.8112947658402204,0.1857923497267759,0.8108843537414966,0.485981308411215,0.5245901639344263,0.7370572207084469,0.6243169398907104,0.4185888738127544,0.3812754409769335,0.2327001356852103,0.2042062415196743,0.3229308005427408,0.1933514246947082,0.2632293080054274,32,3.375,7.7,23,50
06073018904,0.4201094949857159,1.0,0.3779581086738917,1.0,0.1694057541605516,1.0,0.4393611771815092,1.0,0.5934683704482582,1.0,0.2381391978479573,1.0,0.0841248303934871,1.0,1.0,0.3317952762416244,33.17952762416244,6860,1126,85518.0,1.7,6.3,15.4,521,93.2,3.6312849162011176,5411,591,19.3,16.5,53.736991485335864,17.6345231752797,7.520685579196218,43.4203516249334,19.420783645655877,1.2624934245134138,26.96793002915452,29.42128189,3.516249334043687,65.74933687002653,91.31592967501332,8.0,3.25,12.125,10.125,2.0,0.0,0.0,0.0610583446404342,0.2954230235783633,0.9318801089918256,0.3920765027322405,0.0878746594005449,0.8018995929443691,0.8358310626702997,0.3162274618585298,0.1696065128900949,0.3039348710990501,0.146938775510204,0.0571428571428571,0.6005471956224351,0.1024590163934425,0.7170068027210884,0.337431693989071,0.6019283746556474,0.8306010928961749,0.3619047619047619,0.5794392523364487,0.5191256830601093,0.0231607629427792,0.1721311475409836,0.2035278154681139,0.0223880597014925,0.1180461329715061,0.189280868385346,0.0495251017639077,0.0169606512890094,0.0468113975576662,9,0.0,13.5,11,13
06073009400,0.4607695112271851,1.0,0.4257099877109337,1.0,0.7393392499469259,1.0,0.1920665454515775,1.0,0.4891810075018337,1.0,0.9642928931969448,1.0,0.5831750339213027,1.0,1.0,0.5506477469938148,55.06477469938148,4394,188,89893.0,5.6,7.6,33.4,452,80.6,5.94900849858357,1623,128,21.5,6.9,86.1788617886179,2.3300970873786406,31.46067415730337,0.0,12.12121212121212,9.171075837742505,6.5999089667728725,72.66957063,0.0,14.840182648401823,100.0,4.5,24.5,75.75,40.25,34.5,45.625,10.875,0.7347354138398914,0.3370319001386962,0.4502724795640327,0.3210382513661202,0.3739782016348774,0.7265943012211669,0.3317438692098092,0.2420249653259362,0.966078697421981,0.9552238805970148,0.0408163265306122,0.9952380952380953,0.0177838577291381,0.6967213114754098,0.0489795918367347,0.0047814207650273,0.7699724517906337,0.1871584699453552,0.9210884353741496,0.0785046728971963,0.967896174863388,0.9564032697547684,0.9685792349726776,0.0949796472184531,0.7849389416553596,0.5780189959294437,0.6004070556309362,0.5807327001356852,0.582089552238806,0.5746268656716418,120,5.375,10.2,9,63
06073008324,0.6428756739427456,1.0,0.4360272814888049,1.0,0.5619476827365953,1.0,0.6884381087547486,1.0,0.5133449432976224,1.0,0.6314316840626752,1.0,0.0474898236092266,1.0,1.0,0.5030793139846311,50.30793139846311,7023,423,197535.0,4.8,3.2,82.9,265,45.6,0.0,6924,519,12.1,9.5,20.034246575342465,3.369639210347175,12.130726416440703,79.61198093941458,15.254237288135592,6.87797147385103,12.672647016944326,48.53764779,4.118447923757658,29.613960867266,98.05990469707284,7.0,16.0,5.75,4.25,1.5,1.25,0.0,0.4056987788331072,0.954230235783634,0.5640326975476839,0.6475409836065573,0.9809264305177112,0.3683853459972863,0.0136239782016348,0.6955617198335645,0.0366350067842605,0.4002713704206241,0.9605442176870748,0.8503401360544218,0.9712722298221614,0.5969945355191257,0.4081632653061224,0.7773224043715847,0.6914600550964187,0.3183060109289617,0.7333333333333334,0.3102803738317756,0.4672131147540983,0.6880108991825613,0.7390710382513661,0.1546811397557666,0.4029850746268656,0.044776119402985,0.05359565807327,0.0407055630936228,0.0515603799185888,0.0468113975576662,12,0.0,3.7,11,58
06073008312,0.6414010951027378,1.0,0.4485850955889752,1.0,0.6506913484525425,1.0,0.447571620146343,1.0,0.3154277472726413,1.0,0.6658874445983035,1.0,0.2082767978290366,1.0,1.0,0.4825487355700829,48.25487355700829,4147,318,143847.0,5.4,2.0,71.5,278,70.6,0.0,3962,438,12.3,10.6,74.40476190476191,2.564102564102564,13.026634382566584,69.3500298151461,12.096774193548388,12.747138397502605,45.57511454063178,56.55258245,1.2522361359570662,22.59450171821306,94.1562313655337,2.0,18.75,22.875,13.25,7.625,11.25,1.125,0.5257801899592944,0.7836338418862691,0.4843324250681199,0.7718579234972678,0.8828337874659401,0.4063772048846675,0.1219346049046321,0.6955617198335645,0.4776119402985075,0.5061058344640434,0.9496598639455782,0.6693877551020408,0.1080711354309165,0.6741803278688525,0.3727891156462585,0.6352459016393442,0.7713498622589532,0.1010928961748633,0.1687074829931972,0.2205607476635513,0.8019125683060109,0.8555858310626703,0.3401639344262295,0.0515603799185888,0.5332428765264586,0.2170963364993215,0.2449118046132971,0.1838534599728629,0.2293080054274084,0.166214382632293,41,0.0,4.2,4,58
06073017403,0.7680501682861117,1.0,0.5002493036544197,1.0,0.5336374712707335,1.0,0.5574925976871877,1.0,0.6367010528955717,1.0,0.616916811840205,1.0,0.1024423337856173,1.0,1.0,0.5307842484885495,53.07842484885496,4730,67,154886.0,4.6,2.8,67.5,145,88.6,0.0,4668,629,12.6,10.7,81.15501519756839,0.0,12.293499249088178,83.08483290488432,11.41078838174274,2.75,14.587737843551798,43.60920971,2.365038560411311,31.958762886597935,96.60668380462724,12.0,11.5,11.625,5.25,5.0,4.375,0.0,0.9443690637720488,0.841886269070735,0.5940054495912807,0.6919398907103825,0.8433242506811989,0.1601085481682496,0.6478201634877384,0.6955617198335645,0.3066485753052917,0.2462686567164179,0.927891156462585,0.6537414965986394,0.042407660738714,0.950136612021858,0.4013605442176871,0.8360655737704918,0.7865013774104683,0.6885245901639344,0.6829931972789116,0.3887850467289719,0.6502732240437159,0.625340599455041,0.575136612021858,0.4185888738127544,0.2360922659430122,0.1119402985074626,0.0827679782903663,0.1451831750339213,0.1255088195386703,0.0468113975576662,14,1.0,4.0,21,35
06073016616,0.3669184385020501,1.0,0.4802859546821643,1.0,0.4182445841294455,1.0,0.3919219288935551,1.0,0.4057908467217003,1.0,0.3307028384528719,1.0,0.5886024423337856,1.0,1.0,0.4260667191022246,42.60667191022247,3568,247,70855.0,7.5,5.8,28.1,186,87.4,0.0,3285,434,18.6,13.7,75.42533081285444,5.17115804806992,10.138770886434438,59.14056809905317,28.640776699029125,3.241719520789288,35.59417040358744,46.67081518,4.224326292789512,39.816772374911906,90.45884923525126,13.5,19.75,75.125,37.0,38.625,44.375,12.375,0.6309362279511533,0.1400832177531206,0.2745231607629428,0.4221311475409836,0.2854223433242507,0.2191316146540027,0.6130790190735694,0.6955617198335645,0.666214382632293,0.514246947082768,0.2204081632653061,0.2721088435374149,0.0861833105335156,0.4480874316939891,0.5129251700680273,0.5204918032786885,0.396694214876033,0.6407103825136612,0.2380952380952381,0.3476635514018691,0.4576502732240437,0.388283378746594,0.1461748633879781,0.4864314789687924,0.582089552238806,0.5759837177747625,0.5814111261872456,0.6112618724559024,0.5719131614654003,0.6024423337856174,123,7.875,8.8,26,51
06073008311,0.8654517719562631,0.75,0.4051662904321978,1.0,0.7954224702092505,1.0,0.887403806356702,1.0,0.6904315696563532,1.0,0.7201457443059712,1.0,0.3834464043419266,1.0,1.0,0.6782097224655235,67.82097224655234,2739,90,,3.7,0.0,80.3,17,56.0,0.0,2721,344,11.9,10.2,0.0,2.5735294117647056,4.420505200594354,95.3125,8.264462809917356,9.03010033444816,12.778386272362177,2.999377722,0.0,34.53237410071942,97.51838235294116,8.0,18.5,41.0,18.375,18.0,21.875,4.25,0.903663500678426,,0.7247956403269755,0.967896174863388,0.9673024523160764,0.0067842605156037,0.0381471389645776,0.6955617198335645,0.8127544097693351,0.666214382632293,0.9714285714285714,0.7312925170068028,0.9958960328317372,0.6707650273224044,0.8925170068027211,0.9904371584699454,0.8650137741046832,0.1898907103825137,0.7292517006802721,0.977570093457944,0.967896174863388,0.5299727520435967,0.662568306010929,0.2035278154681139,0.519674355495251,0.4165535956580732,0.3738127544097693,0.3751696065128901,0.4369063772048847,0.3147896879240163,67,2.625,3.7,13,50
06073002002,0.7691876876603996,1.0,0.6067326165918381,1.0,0.7995449468797017,1.0,0.5475855725439243,1.0,0.3686111081250701,1.0,0.4142520708943186,1.0,0.9686567164179104,1.0,1.0,0.6392243884447375,63.92243884447375,2733,157,182125.0,3.5,3.7,68.3,214,67.3,0.0,2591,244,14.7,9.9,57.77126099706745,2.592912705272256,12.58767072720561,70.09507346585998,39.48339483394834,10.170807453416147,25.97877789974387,18.94212819,5.790838375108038,30.926916221033867,93.085566119274,25.5,26.5,234.125,116.375,111.625,155.0,39.125,0.7978290366350068,0.9251040221914008,0.752724795640327,0.6010928961748634,0.8501362397820164,0.2747625508819539,0.0974114441416893,0.6955617198335645,0.8439620081411126,0.824966078697422,0.7442176870748299,0.7850340136054421,0.4897400820793434,0.6693989071038251,0.3863945578231292,0.644808743169399,0.2162534435261708,0.157103825136612,0.3795918367346939,0.7214953271028037,0.319672131147541,0.6512261580381471,0.2718579234972678,0.8270013568521031,0.8955223880597015,0.960651289009498,0.9789687924016284,0.9810040705563092,0.9599728629579376,0.9626865671641792,205,23.625,5.4,46,52
06073002100,0.3535137915590334,1.0,0.6159664245556509,1.0,0.4688150158299412,1.0,0.4526875961974572,1.0,0.1942742967057303,1.0,0.5801544050862851,1.0,0.978697421981004,1.0,1.0,0.5205869931307289,52.058699313072886,5333,580,79538.0,4.8,7.0,57.8,779,71.5,13.962264150943396,4981,371,17.3,10.7,46.41013608634444,3.5493827160493825,11.798179059180576,16.666666666666664,52.71493212669684,9.27546377318866,46.315394712169514,46.45924082,4.62962962962963,9.038322487346347,94.0972222222222,29.0,26.5,243.875,117.125,115.0,160.0,40.0,0.2632293080054274,0.2302357836338419,0.5640326975476839,0.3565573770491803,0.7104904632152589,0.937584803256445,0.1396457765667575,0.1095700416088765,0.2293080054274083,0.6126187245590231,0.3795918367346939,0.6537414965986394,0.7305061559507524,0.575136612021858,0.4204081632653061,0.0846994535519125,0.0785123966942148,0.1844262295081967,0.1646258503401361,0.3495327102803738,0.4166666666666666,0.9904632152588556,0.3333333333333333,0.9029850746268656,0.8955223880597015,0.9796472184531886,0.9810040705563092,0.9864314789687924,0.974898236092266,0.971506105834464,200,26.875,8.5,47,52
06073002201,0.2049695888047612,1.0,0.5674006968001599,1.0,0.3578773571843934,1.0,0.4824283258862065,1.0,0.2349502958545019,1.0,0.4442173781410838,1.0,0.989687924016282,1.0,1.0,0.4687902238124841,46.87902238124841,3170,782,38933.0,6.8,7.4,19.0,204,84.8,0.0,2755,538,20.4,14.6,62.944162436548226,4.954640614096301,3.677646306363927,30.00697836706211,55.51601423487544,6.278613472858077,33.4384858044164,54.32482887,9.769713886950454,27.164179104477608,94.83600837404047,29.5,26.75,249.0,120.0,117.375,165.0,41.125,0.1540027137042062,0.0069348127600554,0.3276566757493188,0.3312841530054644,0.1505449591280654,0.2442333785617367,0.4884196185286104,0.6955617198335645,0.8046132971506106,0.3656716417910447,0.0816326530612244,0.1795918367346939,0.3378932968536251,0.4644808743169398,0.929251700680272,0.198087431693989,0.0633608815426997,0.3633879781420764,0.2625850340136054,0.2504672897196262,0.1721311475409835,0.7493188010899183,0.4112021857923497,0.917910447761194,0.9077340569877884,0.9918588873812756,0.9877883310719132,0.9918588873812756,0.9932157394843962,0.9837177747625508,199,26.875,16.0,46,51
06073002202,0.1417738535676432,1.0,0.5789363100028103,1.0,0.2406921791783199,1.0,0.2847978192420697,1.0,0.2116643882240684,1.0,0.2975834189484969,1.0,0.9862957937584802,1.0,1.0,0.3916776804174127,39.16776804174127,4604,1185,55790.0,6.4,13.0,16.9,251,94.0,5.416666666666667,3871,694,18.7,16.2,60.22471910112359,12.850904553961325,10.203189862355254,8.983156581409856,55.42168674698795,6.585081585081586,47.78453518679409,51.52457996,25.57704304429195,26.965174129353237,90.0187149095446,33.0,27.25,247.0,120.0,116.625,162.5,41.25,0.0481682496607869,0.0513176144244105,0.3549046321525886,0.1127049180327869,0.1171662125340599,0.3364993215739484,0.8664850136239782,0.2565880721220527,0.5006784260515604,0.1818181818181817,0.2061224489795918,0.0741496598639456,0.4227086183310533,0.1707650273224044,0.5115646258503401,0.0341530054644808,0.065426997245179,0.3360655737704918,0.1591836734693877,0.2859813084112149,0.0163934426229508,0.7534059945504087,0.1229508196721311,0.9647218453188604,0.932157394843962,0.9877883310719132,0.9877883310719132,0.9884667571234736,0.98236092265943,0.9850746268656716,202,27.375,15.7,51,51
06073018511,0.2843843527226903,1.0,0.3536639202607627,1.0,0.3600487820637074,1.0,0.2426368278916598,1.0,0.4314290109149474,1.0,0.500501282986654,1.0,0.4478968792401628,1.0,1.0,0.3743658651543692,37.43658651543692,4357,792,75000.0,7.2,4.7,33.2,560,80.9,40.229885057471265,3709,497,18.8,13.7,68.796992481203,11.746031746031743,16.064814814814817,39.94708994708995,40.04914004914005,4.30379746835443,24.09915079182924,31.42501556,2.9629629629629632,37.66169154228856,95.5026455026455,13.0,7.25,42.875,18.75,26.75,15.625,10.5,0.1478968792401628,0.1816920943134535,0.2908719346049047,0.5170765027322404,0.3678474114441417,0.8351424694708277,0.3440054495912806,0.0166435506241331,0.5522388059701493,0.4260515603799185,0.189795918367347,0.2721088435374149,0.2161422708618331,0.2008196721311475,0.2585034013605441,0.2950819672131147,0.2066115702479338,0.5450819672131147,0.4244897959183673,0.5495327102803738,0.587431693989071,0.4495912806539509,0.4644808743169399,0.4640434192672998,0.0943012211668928,0.4362279511533243,0.3894165535956581,0.5284938941655359,0.3147896879240163,0.5705563093622795,39,3.0,11.0,26,17
06073018516,0.6158759029663279,1.0,0.4785580016802676,1.0,0.4375190374657325,1.0,0.3952079993263031,1.0,0.5074326131764739,1.0,0.6661939220678668,1.0,0.4658073270013568,1.0,1.0,0.5095135433834755,50.95135433834756,3860,249,110313.0,2.6,5.3,38.0,396,82.8,0.0,3398,476,18.1,12.8,64.38631790744466,6.264501160092808,12.866108786610878,58.62335653518949,25.60646900269542,0.0,50.777202072538856,35.18357187,0.5413766434648105,34.77074235807861,96.5970610982212,16.0,8.0,46.625,20.0,25.5,19.375,9.0,0.6227951153324287,0.5110957004160888,0.861716621253406,0.4678961748633879,0.4468664850136239,0.6431478968792401,0.4046321525885558,0.6955617198335645,0.6363636363636364,0.4606512890094979,0.2741496598639455,0.3789115646258503,0.3077975376196991,0.3825136612021858,0.3795918367346939,0.5109289617486339,0.4545454545454546,0.9405737704918032,0.1374149659863945,0.4971962616822429,0.907103825136612,0.5190735694822888,0.5724043715846995,0.5556309362279511,0.1255088195386703,0.4843962008141113,0.4443690637720488,0.5101763907734057,0.378561736770692,0.5115332428765265,45,4.0,9.6,30,17
06073018903,0.2604439129014387,1.0,0.3676403072436977,1.0,0.2141777199346496,1.0,0.4373451343938261,1.0,0.4194392602178741,1.0,0.3920169443575885,1.0,0.0705563093622795,1.0,1.0,0.3088027983444791,30.880279834447915,5530,1617,80211.0,3.6,17.2,25.6,546,93.4,8.695652173913043,4674,546,19.0,17.5,70.44728434504792,14.328899637243047,4.823209428830463,61.60822249093108,40.929203539823014,4.6685878962536025,15.913200723327307,47.05662726,4.413542926239419,57.07220573689417,97.58162031438935,4.0,2.75,10.5,9.0,1.5,0.0,0.0,0.0162822252374491,0.2399445214979195,0.7391008174386922,0.046448087431694,0.2581743869209809,0.824966078697422,0.8412806539509536,0.1816920943134535,0.305291723202171,0.3534599728629579,0.1693877551020408,0.0285714285714285,0.1792065663474692,0.1379781420765027,0.8775510204081632,0.5546448087431693,0.1928374655647382,0.5,0.6503401360544218,0.3345794392523364,0.4385245901639344,0.0653950953678473,0.6721311475409836,0.0827679782903663,0.0169606512890094,0.0970149253731343,0.1512890094979647,0.0407055630936228,0.0169606512890094,0.0468113975576662,9,0.0,13.8,8,11
06073018905,0.5183986586111584,1.0,0.3730302465988503,1.0,0.1958059886098265,1.0,0.2888716695217927,1.0,0.3559334099735211,1.0,0.2549706426844945,1.0,0.1226594301221166,1.0,1.0,0.3013814351602515,30.138143516025153,6182,354,89716.0,5.6,1.7,16.8,415,85.4,0.0,5644,601,19.0,14.4,57.78577857785778,13.033832501386575,17.324882171298555,38.380476982806435,30.944625407166125,6.869834710743801,31.057910061468775,37.22464219,7.321131447587355,61.72465960665659,95.56295063782584,8.0,3.75,14.375,10.75,3.0,1.25,0.625,0.4810040705563093,0.3342579750346741,0.4502724795640327,0.8080601092896175,0.1137602179836512,0.6736770691994572,0.5231607629427792,0.6955617198335645,0.135685210312076,0.2795115332428765,0.1693877551020408,0.1986394557823129,0.4856361149110807,0.1666666666666666,0.2231292517006803,0.2800546448087431,0.349862258953168,0.319672131147541,0.2925170068027211,0.4616822429906542,0.2486338797814208,0.0422343324250681,0.4740437158469945,0.2035278154681139,0.0284938941655359,0.1546811397557666,0.2075983717774762,0.0719131614654002,0.0515603799185888,0.1275440976933514,14,0.0,12.4,11,15
06073018906,0.4743584032211473,1.0,0.2697207063316484,1.0,0.2515977625785728,1.0,0.3988299379988365,1.0,0.2555106450323172,1.0,0.2758235186095105,1.0,0.1112618724559023,1.0,1.0,0.2910146923182765,29.101469231827647,6175,308,81045.0,7.0,1.8,31.5,462,80.7,26.666666666666668,4899,513,18.8,14.8,46.2877030162413,16.243386243386244,14.373648311429047,51.5873015873016,41.0958904109589,9.785202863961814,34.81781376518219,41.41879278,3.5978835978835977,49.056603773584904,91.16402116402116,6.5,3.75,13.25,9.625,3.0,1.25,0.625,0.5407055630936228,0.2496532593619972,0.3106267029972752,0.7964480874316939,0.3371934604904632,0.7381275440976933,0.335149863760218,0.0429958391123439,0.242876526458616,0.4084124830393487,0.189795918367347,0.1653061224489795,0.7332421340629275,0.1133879781420764,0.3197278911564626,0.4289617486338797,0.1887052341597795,0.1707650273224044,0.2476190476190476,0.4149532710280373,0.5122950819672132,0.1457765667574931,0.1693989071038251,0.1363636363636363,0.0284938941655359,0.1350067842605156,0.1702849389416553,0.0719131614654002,0.0515603799185888,0.1275440976933514,16,0.0,11.9,11,15
06073019105,0.4803960245470083,1.0,0.4618375107487474,1.0,0.3021518105206804,1.0,0.6777522007659336,1.0,0.6880965882738739,1.0,0.4863251490200166,1.0,0.234056987788331,1.0,1.0,0.475802324523513,47.580232452351304,7971,660,122109.0,9.7,0.3,43.8,661,85.3,0.0,7754,893,14.0,13.4,10.27027027027027,3.618739903069467,19.353202282815474,93.6995153473344,1.4749262536873156,10.65242494226328,10.538200978547234,11.66148102,1.8739903069466883,70.35414384811975,98.02907915993538,0.5,7.75,22.625,12.75,7.875,13.125,3.125,0.2021709633649931,0.6296809986130375,0.1580381471389645,0.9316939890710384,0.5224795640326976,0.898236092265943,0.5163487738419619,0.6955617198335645,0.0162822252374491,0.0705563093622795,0.8163265306122449,0.3054421768707482,0.9890560875512996,0.5724043715846995,0.1768707482993197,0.9726775956284152,0.9696969696969696,0.1420765027322404,0.8013605442176871,0.8392523364485981,0.7076502732240437,0.0149863760217984,0.7363387978142076,0.025101763907734,0.1132971506105834,0.21438263229308,0.2367706919945726,0.185888738127544,0.2584803256445047,0.2747625508819539,39,1.0,5.8,1,19
06073019301,0.476478565644703,1.0,0.4320278304763336,1.0,0.3986572240836633,1.0,0.6014152363194611,1.0,0.6353005015067348,1.0,0.4152211352818848,1.0,0.4169606512890095,1.0,1.0,0.4822944492288271,48.22944492288271,6412,462,125564.0,5.9,5.2,57.0,451,73.5,4.918032786885246,6095,748,14.7,10.9,60.1965601965602,2.4261138067931185,10.518003790271637,80.85575650639612,20.96985583224115,4.224757076468103,12.164691203992511,24.14436839,3.043670048522276,53.38945502879929,96.64755183061314,18.5,7.0,42.75,17.5,21.75,18.75,8.875,0.3636363636363636,0.6601941747572816,0.4073569482288828,0.4747267759562842,0.702316076294278,0.7245590230664858,0.1716621253405994,0.2690707350901525,0.0827679782903663,0.141112618724559,0.7442176870748299,0.6265306122448979,0.4254445964432284,0.6857923497267759,0.4938775510204082,0.8005464480874317,0.5716253443526171,0.5587431693989071,0.7510204081632653,0.6598130841121495,0.5765027322404371,0.0871934604904631,0.5819672131147541,0.6377204884667571,0.0868385345997286,0.4328358208955223,0.3487109905020353,0.4328358208955223,0.3663500678426051,0.5040705563093623,44,4.0,5.8,33,17
06073019403,0.516090807642118,1.0,0.3079753178141557,1.0,0.4176577686705618,1.0,0.3678586589038971,1.0,0.5383334659178607,1.0,0.5796456773027997,1.0,0.44640434192673,1.0,1.0,0.4534237197397318,45.34237197397319,5717,325,111389.0,13.3,0.0,34.4,237,73.6,11.702127659574469,4980,404,17.3,11.8,77.98165137614679,5.019685039370079,14.168270071715936,67.81496062992126,16.28498727735369,1.3113161728994658,24.313451110722408,53.17983821,1.968503937007874,34.040501446480235,95.81692913385828,21.0,8.0,45.625,18.75,22.75,20.625,8.875,0.5149253731343284,0.5270457697642164,0.0544959128065395,0.967896174863388,0.3896457765667575,0.3120759837177748,0.1743869209809264,0.1359223300970874,0.2306648575305291,0.5624151967435549,0.3795918367346939,0.4979591836734693,0.0656634746922024,0.4603825136612022,0.3251700680272109,0.6202185792349727,0.6556473829201102,0.8210382513661202,0.4149659863945578,0.2616822429906542,0.6994535519125683,0.5490463215258856,0.4904371584699453,0.7103120759837178,0.1255088195386703,0.4735413839891452,0.3894165535956581,0.4545454545454545,0.4104477611940298,0.5040705563093623,47,4.5,8.5,37,17
06073019902,0.3122876820253326,1.0,0.4869032274957037,1.0,0.4579869668355809,1.0,0.3092432550603161,1.0,0.2948569217207083,1.0,0.5300943503918445,1.0,0.4712347354138398,1.0,1.0,0.4089438769919037,40.894387699190375,4446,592,81977.0,6.5,6.3,24.2,415,91.0,0.0,4052,259,18.0,13.6,79.53586497890295,14.374999999999998,9.900090826521344,58.984375,25.356576862123617,8.30945558739255,67.02654071075123,43.73366521,2.265625,37.44654856444715,95.625,11.5,10.0,49.0,21.0,23.75,24.375,7.625,0.253731343283582,0.2579750346740638,0.3453678474114441,0.3920765027322405,0.2377384196185286,0.6736770691994572,0.7479564032697548,0.6955617198335645,0.4586160108548168,0.8005427408412483,0.2904761904761904,0.282312925170068,0.0560875512995896,0.1352459016393442,0.5306122448979591,0.5150273224043715,0.4600550964187327,0.2431693989071038,0.0911564625850339,0.3850467289719625,0.6584699453551912,0.4564032697547684,0.4754098360655737,0.3860244233378562,0.180461329715061,0.5020352781546812,0.4640434192672998,0.4782903663500678,0.4687924016282225,0.443012211668928,64,4.5,10.0,20,21
06073019904,0.4451784640791382,1.0,0.4556141378929372,1.0,0.4125841109849639,1.0,0.4000893247119663,1.0,0.4755907245794159,1.0,0.4995979809710992,1.0,0.4734056987788331,1.0,1.0,0.4517229202854791,45.172292028547915,6071,325,111803.0,10.0,3.8,49.2,533,69.2,0.0,5641,541,16.2,11.0,41.3564929693962,8.19000819000819,22.85,47.583947583947584,33.056133056133056,3.1720856463124503,21.24855872179213,38.78033603,3.194103194103194,37.878036688150715,95.86404586404586,11.0,9.5,49.0,21.75,24.125,23.75,7.625,0.5149253731343284,0.5312066574202496,0.1430517711171661,0.5915300546448088,0.5892370572207084,0.8127544097693351,0.1096730245231607,0.6955617198335645,0.1390773405698778,0.3622795115332429,0.5360544217687075,0.6129251700680272,0.8084815321477428,0.2978142076502732,0.1156462585034013,0.378415300546448,0.3112947658402204,0.6543715846994536,0.4918367346938775,0.4448598130841121,0.5601092896174864,0.44141689373297,0.4972677595628415,0.3568521031207598,0.1696065128900949,0.5020352781546812,0.4742198100407055,0.4864314789687924,0.4613297150610583,0.443012211668928,63,4.5,6.6,19,21
06073020107,0.4519223852611745,1.0,0.4871319883237162,1.0,0.4386123648916826,1.0,0.635017180719028,1.0,0.5983471162669358,1.0,0.4684861750122839,1.0,0.3442333785617367,1.0,1.0,0.4891072270052225,48.91072270052225,4681,781,111970.0,1.6,11.0,39.5,431,81.2,0.0,4275,395,17.0,13.1,48.53801169590643,6.119162640901772,6.5503124326653746,72.46376811594203,36.10619469026549,5.980317940953823,10.681478316599016,4.841319228,3.462157809983897,52.46422893481717,98.30917874396135,13.5,11.25,35.0,21.125,12.375,21.25,2.5,0.1560379918588873,0.5353675450762829,0.9400544959128064,0.1762295081967213,0.4638964577656675,0.6933514246947082,0.358991825613079,0.6955617198335645,0.4043419267299865,0.5854816824966078,0.4224489795918367,0.3421768707482993,0.6935704514363885,0.389344262295082,0.7877551020408163,0.6693989071038251,0.2589531680440771,0.3852459016393442,0.7959183673469388,0.9532710280373832,0.5259562841530054,0.1021798365122615,0.7773224043715847,0.4864314789687924,0.2245590230664857,0.3229308005427408,0.4654002713704206,0.2740841248303934,0.4240162822252374,0.2347354138398914,36,2.0,9.4,25,23
06073020401,0.7814742564696795,1.0,0.3558631713976949,1.0,0.815665872862035,1.0,0.4874870077653631,1.0,0.7977374522558962,1.0,0.4327412238253351,1.0,0.2366350067842605,1.0,1.0,0.5582291416228949,55.82291416228949,2269,134,143512.0,2.5,3.3,65.6,82,74.2,0.0,2244,251,12.4,11.1,66.0377358490566,4.540420819490587,14.70327723649247,87.59689922480621,8.609271523178808,2.5889967637540456,6.610841780520053,19.51462352,3.10077519379845,40.87403598971722,94.57364341085272,7.0,11.25,23.75,14.875,8.0,14.375,1.875,0.8331071913161465,0.7794729542302358,0.8760217983651226,0.6372950819672132,0.8167574931880109,0.0610583446404341,0.1825613079019073,0.6955617198335645,0.903663500678426,0.8175033921302578,0.9421768707482994,0.5993197278911564,0.2599179206566347,0.4972677595628415,0.2993197278911564,0.8934426229508197,0.8553719008264463,0.6994535519125683,0.9183673469387756,0.7177570093457943,0.5683060109289617,0.3501362397820163,0.3797814207650273,0.1546811397557666,0.2245590230664857,0.2225237449118046,0.2876526458616011,0.1886024423337856,0.2903663500678426,0.1940298507462686,29,1.5,4.1,14,32
06073020404,0.593305590512657,1.0,0.4123923887964127,1.0,0.3181698188094777,1.0,0.4261815953983576,1.0,0.3955483792089579,1.0,0.6462753681452033,1.0,0.3234735413839891,1.0,1.0,0.4450495260364365,44.50495260364365,5447,333,104609.0,2.4,4.6,35.3,624,83.2,15.492957746478872,5008,910,16.7,11.7,58.187435633367656,3.386550556361877,18.070273284997217,52.00774068698597,29.82456140350877,4.216867469879518,21.479713603818613,62.31487243,1.596516690856313,39.69138448349764,98.4034833091437,12.0,12.0,32.25,19.75,10.375,21.25,2.5,0.5027137042062415,0.4535367545076283,0.888283378746594,0.5286885245901639,0.4107629427792915,0.8724559023066486,0.4230245231607629,0.0998613037447988,0.2252374491180461,0.0651289009497965,0.4687074829931973,0.5136054421768708,0.4719562243502052,0.5915300546448088,0.2040816326530612,0.4371584699453552,0.3705234159779614,0.5601092896174864,0.4870748299319728,0.1644859813084112,0.7568306010928962,0.3896457765667575,0.7923497267759563,0.4185888738127544,0.2496607869742198,0.3012211668928087,0.4287652645861601,0.228629579375848,0.4240162822252374,0.2347354138398914,29,1.0,7.6,20,28
06073020705,0.3816694899263604,1.0,0.4623264581346812,1.0,0.3723331394973186,1.0,0.800041652192711,1.0,0.6559344465101818,1.0,0.4604290436413991,1.0,0.3188602442333785,1.0,1.0,0.4930849248765758,49.30849248765759,4879,468,129973.0,10.6,7.0,33.3,352,82.0,0.0,4532,557,16.5,13.2,33.33333333333333,3.2909498878085266,6.405693950177936,87.13537771129394,19.626168224299064,3.395953757225433,12.297601967616314,24.28126945,1.4210919970082274,46.666666666666664,94.76439790575915,14.5,11.75,31.375,20.0,9.375,20.625,2.5,0.3582089552238806,0.6879334257975035,0.1239782016348773,0.3565573770491803,0.3698910081743869,0.5590230664857531,0.3896457765667575,0.6955617198335645,0.3310719131614654,0.3392130257801899,0.4884353741496599,0.3306122448979591,0.9097127222982216,0.6065573770491803,0.7959183673469388,0.8879781420765027,0.5936639118457301,0.6297814207650273,0.7442176870748299,0.6560747663551402,0.7786885245901639,0.1989100817438692,0.4036885245901639,0.5162822252374492,0.2435549525101764,0.2903663500678426,0.4443690637720488,0.21438263229308,0.4104477611940298,0.2347354138398914,29,1.0,7.8,29,25
06073020805,0.6043337256623311,1.0,0.3712787242995221,1.0,0.4396500798419774,1.0,0.6959666920523452,1.0,0.802124854018126,1.0,0.4592043745626182,1.0,0.0265943012211668,1.0,1.0,0.4855932502368696,48.55932502368696,3823,186,122937.0,4.0,6.8,20.1,228,94.3,0.0,3450,388,18.4,13.4,45.357142857142854,7.279029462738301,1.674077949254512,74.87001733102254,10.94674556213018,0.0,15.171331415119017,13.41630367,0.0,61.693309650680874,94.45407279029465,5.0,6.5,1.625,1.625,0.5,0.0,0.0,0.7401628222523745,0.6393897364771152,0.6716621253405994,0.3661202185792349,0.1798365122615803,0.2957937584803256,0.8753405994550408,0.6955617198335645,0.6200814111261872,0.5943012211668928,0.2387755102040816,0.3054421768707482,0.749658002735978,0.3387978142076503,0.9863945578231292,0.7090163934426229,0.7975206611570248,0.9405737704918032,0.6666666666666667,0.8037383177570093,0.967896174863388,0.0435967302452315,0.366120218579235,0.1058344640434192,0.0753052917232021,0.019674355495251,0.0223880597014925,0.0271370420624151,0.0169606512890094,0.0468113975576662,2,0.5,8.6,8,25
06073020806,0.3000594299736683,1.0,0.3580883903610894,1.0,0.1995807142395628,1.0,0.3470459666901453,1.0,0.4728624335762715,1.0,0.3223547396058228,1.0,0.0223880597014925,1.0,1.0,0.288911390592579,28.8911390592579,5230,540,90804.0,6.2,10.4,29.5,297,84.6,0.0,4849,803,18.7,14.1,71.08843537414967,5.8735689397710305,13.661621000191609,56.09756097560976,35.8974358974359,5.101558809636278,26.38623326959847,13.0802738,1.8914883026381284,58.184902459711616,91.98606271777004,7.5,5.25,1.5,1.5,0.0,0.0,0.0,0.2890094979647218,0.3425797503467406,0.3746594005449591,0.1939890710382513,0.305858310626703,0.4504748982360922,0.473433242506812,0.6955617198335645,0.2618724559023067,0.1044776119402984,0.2061224489795918,0.2258503401360544,0.1709986320109439,0.4016393442622951,0.3401360544217687,0.4754098360655737,0.2630853994490358,0.4508196721311475,0.3700680272108844,0.8074766355140187,0.7049180327868853,0.0544959128065395,0.2076502732240437,0.1791044776119403,0.0440976933514246,0.0169606512890094,0.019674355495251,0.0115332428765264,0.0169606512890094,0.0468113975576662,1,0.0,10.0,8,21
06073000100,0.912820773440782,1.0,0.5733745123890472,1.0,0.7842999750782267,1.0,0.8940940815899368,1.0,0.3193779798733199,1.0,0.5275606378701926,1.0,0.8028493894165536,1.0,1.0,0.687768192808294,68.7768192808294,2948,65,231667.0,0.0,2.5,80.6,38,71.5,0.0,2884,408,11.5,9.7,37.0,0.0,5.936227951153325,90.5772495755518,25.157232704402517,8.894044856921887,20.691994572591582,69.47106409,3.480475382003396,27.484874675885912,93.97283531409168,19.0,27.75,173.25,78.875,75.25,112.5,24.0,0.9457259158751696,0.9958391123439668,0.9931880108991824,0.7165300546448088,0.9713896457765668,0.0203527815468114,0.1396457765667575,0.6955617198335645,0.7761194029850746,0.5529172320217096,0.9843537414965986,0.8238095238095238,0.8727770177838577,0.950136612021858,0.8217687074829931,0.9316939890710384,0.465564738292011,0.1980874316939891,0.5129251700680273,0.1009345794392523,0.5232240437158471,0.7384196185286104,0.3210382513661202,0.6546811397557666,0.9586160108548168,0.8229308005427408,0.8032564450474898,0.7998643147896879,0.8222523744911805,0.7659430122116689,187,17.25,3.4,35,52
06073016610,0.3137150771246355,1.0,0.445201751391284,1.0,0.333579320466314,1.0,0.6711525155239373,1.0,0.753999355846354,1.0,0.4131676121558643,1.0,0.487652645861601,1.0,1.0,0.4883526111957129,48.835261119571285,4853,642,97700.0,6.6,7.8,31.8,301,89.8,15.639810426540285,4663,569,18.0,12.6,46.60493827160494,6.6537467700258395,4.976254387776172,76.29198966408268,24.846625766871167,1.4012738853503186,8.65444055223573,10.21779714,10.465116279069768,41.27290260366442,98.1266149870801,13.0,20.25,46.375,24.25,24.75,25.625,8.375,0.2170963364993215,0.3925104022191401,0.3371934604904631,0.3080601092896174,0.3405994550408719,0.4599728629579376,0.702316076294278,0.0970873786407766,0.3100407055630936,0.3283582089552238,0.2904761904761904,0.4054421768707483,0.7264021887824897,0.3647540983606557,0.8639455782312925,0.7295081967213115,0.4696969696969697,0.8155737704918032,0.8653061224489795,0.8654205607476635,0.1502732240437158,0.3419618528610354,0.7472677595628415,0.4640434192672998,0.60719131614654,0.4816824966078697,0.4972862957937585,0.494572591587517,0.4782903663500678,0.4864314789687924,72,4.625,7.7,21,57
06073016613,0.5839497244302267,1.0,0.4946305680039624,1.0,0.7226058944609051,1.0,0.6715687399626263,1.0,0.8563061998398407,1.0,0.7839755711399969,1.0,0.5561736770691994,1.0,1.0,0.6670300535581081,66.7030053558108,1945,52,120227.0,13.7,2.5,43.1,82,89.7,0.0,1878,244,16.2,11.2,50.29239766081871,4.293628808864266,6.7885117493472595,76.31578947368422,11.11111111111111,0.0,8.740359897172237,11.77349098,1.5235457063711912,29.34472934472934,99.30747922437672,10.5,21.5,65.0,32.125,34.0,36.875,9.875,0.9633649932157397,0.6102635228848821,0.0456403269754768,0.7165300546448088,0.5115803814713896,0.0610583446404341,0.6975476839237057,0.6955617198335645,0.9443690637720488,0.824966078697422,0.5360544217687075,0.5850340136054422,0.6634746922024624,0.5218579234972678,0.7700680272108844,0.7308743169398907,0.790633608815427,0.9405737704918032,0.8585034013605441,0.8355140186915888,0.76775956284153,0.6948228882833787,0.889344262295082,0.3310719131614654,0.6709633649932157,0.5508819538670285,0.55359565807327,0.5780189959294437,0.5468113975576662,0.5515603799185889,111,7.375,6.0,18,56
06073016614,0.4445581827683024,1.0,0.453603170002967,1.0,0.4065022752656015,1.0,0.6667206417450701,1.0,0.592417880165018,1.0,0.5570556821171017,1.0,0.5575305291723203,1.0,1.0,0.5254840516051973,52.54840516051973,4075,477,124071.0,6.0,6.3,40.6,198,91.5,5.454545454545454,3672,529,17.9,12.8,81.2807881773399,1.2968299711815563,3.200198461920119,85.37463976945246,20.0,0.0,41.963190184049076,24.65463597,3.2420749279538903,40.81632653061224,98.27089337175792,10.5,21.0,64.875,32.25,33.75,35.0,10.5,0.3392130257801899,0.6504854368932039,0.3964577656675749,0.3920765027322405,0.4829700272479564,0.2360922659430122,0.7670299727520435,0.2552011095700416,0.5603799185888738,0.3812754409769335,0.3054421768707482,0.3789115646258503,0.0396716826265389,0.8019125683060109,0.9605442176870748,0.8647540983606558,0.5881542699724518,0.9405737704918032,0.1904761904761904,0.6504672897196262,0.5519125683060109,0.3528610354223433,0.7663934426229508,0.3310719131614654,0.6492537313432836,0.5495251017639078,0.5563093622795116,0.5759837177747625,0.5352781546811397,0.5705563093622795,105,7.25,8.1,18,55
06073016615,0.6430395739028654,1.0,0.4915187502829798,1.0,0.4975874338880736,1.0,0.3189551077770033,1.0,0.5408643461075393,1.0,0.4985581910136338,1.0,0.5366350067842605,1.0,1.0,0.5038797728223364,50.38797728223364,4230,232,141150.0,2.5,8.7,35.1,410,90.7,31.182795698924732,3145,384,19.5,11.3,67.94871794871796,4.811547714514836,23.635924674070495,54.93183640737771,22.284122562674096,0.0,46.09929078014184,33.11761045,1.9246190858059344,53.87878787878788,97.83480352846831,14.0,20.25,61.25,30.75,31.75,33.75,9.0,0.6668928086838535,0.7642163661581137,0.8760217983651226,0.2650273224043715,0.4025885558583106,0.6635006784260515,0.7370572207084468,0.0360610263522884,0.6960651289009498,0.6004070556309362,0.1258503401360544,0.5680272108843538,0.2270861833105335,0.4754098360655737,0.108843537414966,0.4644808743169399,0.5303030303030303,0.9405737704918032,0.1673469387755102,0.5252336448598132,0.7008196721311475,0.0831062670299727,0.7117486338797814,0.5027137042062415,0.60719131614654,0.5413839891451832,0.5481682496607869,0.55359565807327,0.5284938941655359,0.5115332428765265,98,6.75,8.5,25,53
06073017020,0.7179630426577663,1.0,0.3130478125144321,1.0,0.6640574954540839,1.0,0.6276141203717476,1.0,0.8336436502511388,1.0,0.4029645180983011,1.0,0.1211668928086838,1.0,1.0,0.5257796474508791,52.57796474508791,4382,263,216161.0,3.2,4.9,69.3,256,76.1,8.189655172413794,4324,323,13.2,10.5,48.125,3.96361273554256,13.506672802577082,89.60363872644575,14.17910447761194,2.2857142857142856,5.020538566864445,6.322339764,0.9096816114359974,61.16295764536971,93.89213775178688,1.0,11.25,11.5,8.5,3.375,6.25,0.625,0.5990502035278155,0.9805825242718448,0.797683923705722,0.494535519125683,0.8630790190735694,0.3487109905020353,0.215258855585831,0.1914008321775312,0.383989145183175,0.7014925373134329,0.8877551020408163,0.6829931972789116,0.6990424076607387,0.5464480874316939,0.3482993197278912,0.9166666666666666,0.7176308539944903,0.7213114754098361,0.9591836734693876,0.9364485981308412,0.8483606557377049,0.0449591280653951,0.3155737704918033,0.0352781546811397,0.2245590230664857,0.1099050203527815,0.1424694708276797,0.0766621438263229,0.1492537313432835,0.1275440976933514,22,1.0,4.4,2,38
06073003107,0.378606159917217,1.0,0.4833751393567587,1.0,0.2895826987511422,1.0,0.4626211159263553,1.0,0.677794791392405,1.0,0.7175568162078191,1.0,0.7628222523744912,1.0,1.0,0.5389084248465984,53.89084248465984,5527,474,109970.0,6.2,8.1,25.6,277,86.4,1.2903225806451613,5164,796,16.4,13.1,71.61572052401746,7.531106745252128,9.82500911410864,82.84217419777342,20.869565217391305,2.1153846153846154,13.931608467523068,21.05787181,1.1787819253438114,32.072762087123024,97.83889980353636,18.0,21.5,141.625,66.5,67.375,90.625,24.625,0.3459972862957937,0.5034674063800277,0.3746594005449591,0.2903005464480874,0.2581743869209809,0.4009497964721845,0.5728882833787466,0.3744798890429958,0.2035278154681139,0.1099050203527816,0.5027210884353741,0.3421768707482993,0.1627906976744185,0.3224043715846995,0.5360544217687075,0.8292349726775956,0.5743801652892562,0.7431693989071038,0.7020408163265306,0.691588785046729,0.8169398907103825,0.6226158038147138,0.7131147540983607,0.6227951153324288,0.6709633649932157,0.7544097693351425,0.7564450474898237,0.7761194029850746,0.751696065128901,0.7754409769335142,188,18.25,10.4,32,51
06073003108,0.3761810750949145,1.0,0.4312851891834837,1.0,0.574245193328349,1.0,0.5203348781373014,1.0,0.4826965303010362,1.0,0.424703324846265,1.0,0.7592944369063772,1.0,1.0,0.5098200896853896,50.98200896853896,3447,300,101914.0,7.9,8.4,20.8,292,85.6,16.9811320754717,3230,334,16.4,12.3,76.96969696969697,7.592407592407592,5.493863237872589,83.51648351648352,34.2560553633218,2.815533980582524,19.437191760951553,40.64716864,3.3966033966033966,29.88348183687457,87.3126873126873,19.0,21.5,138.0,65.25,66.875,87.5,25.125,0.5481682496607869,0.4271844660194174,0.25,0.2793715846994535,0.1920980926430517,0.4443690637720488,0.5340599455040872,0.0915395284327322,0.6784260515603799,0.6811397557666214,0.5027210884353741,0.4346938775510204,0.0711354309165527,0.319672131147541,0.8435374149659864,0.8469945355191257,0.2754820936639118,0.680327868852459,0.5469387755102041,0.4280373831775701,0.5341530054644809,0.6757493188010899,0.064207650273224,0.6546811397557666,0.6709633649932157,0.7449118046132972,0.7489823609226595,0.7727272727272727,0.7442333785617368,0.7856173677069199,181,18.75,9.3,32,51
06073017809,0.6183287882068438,1.0,0.4613034273879936,1.0,0.8026913207616833,1.0,0.6467162064978489,1.0,0.6731507837121582,1.0,0.5996163448032837,1.0,0.3480325644504748,1.0,1.0,0.5928342051171838,59.283420511718376,2625,171,141181.0,7.1,3.3,60.7,142,89.1,0.0,2539,150,14.5,10.7,57.2972972972973,2.1615472127417523,8.483685220729367,76.56427758816837,12.46458923512748,4.352557127312296,17.523809523809526,13.67766024,2.1615472127417523,32.082794307891334,95.90443686006826,11.0,8.5,36.375,14.75,22.375,13.125,6.5,0.771370420624152,0.7656033287101248,0.2990463215258855,0.6372950819672132,0.7459128065395095,0.1540027137042062,0.6723433242506812,0.6955617198335645,0.858887381275441,0.9348710990502036,0.763265306122449,0.6537414965986394,0.5034199726402189,0.709016393442623,0.6394557823129252,0.7349726775956285,0.7589531680440771,0.53551912568306,0.6,0.7981308411214953,0.6721311475409837,0.6212534059945505,0.505464480874317,0.3568521031207598,0.1431478968792401,0.3392130257801899,0.2808683853459973,0.4504748982360922,0.2584803256445047,0.4111261872455902,47,4.0,4.8,16,19
06073018612,0.5223439480312401,1.0,0.2866473675628116,1.0,0.4400305983994683,1.0,0.6774643635570889,1.0,0.6261906168071667,1.0,0.6828888789624932,1.0,0.3503392130257802,1.0,1.0,0.5122721409065784,51.22721409065784,5033,425,149107.0,5.3,6.5,31.3,269,83.0,6.006006006006006,4523,403,16.9,12.5,36.7003367003367,7.184750733137831,7.017896641866077,76.75953079178885,15.406976744186046,0.6554989075018208,13.51082853169084,54.7977598,0.3665689149560117,47.14661984196663,99.633431085044,9.5,6.25,36.875,16.0,18.125,14.375,7.0,0.4009497964721845,0.811373092926491,0.4986376021798365,0.3784153005464481,0.3337874659400545,0.3819538670284939,0.412125340599455,0.2385575589459084,0.3378561736770692,0.5671641791044777,0.4387755102040817,0.4163265306122449,0.8768809849521204,0.3415300546448088,0.7537414965986394,0.7377049180327869,0.6873278236914601,0.8633879781420765,0.7129251700680272,0.2411214953271028,0.9289617486338798,0.1880108991825613,0.9316939890710384,0.2856173677069199,0.0678426051560379,0.3459972862957937,0.3147896879240163,0.3778833107191316,0.2903663500678426,0.4226594301221167,51,3.0,8.3,17,17
06073019503,0.1863645433222902,1.0,0.4475832588994524,1.0,0.3218448573459235,1.0,0.2766096697924309,1.0,0.3625282451125751,1.0,0.4906121111954855,1.0,0.4557666214382632,1.0,1.0,0.3630441867294887,36.30441867294887,5372,601,85481.0,9.5,17.5,19.4,359,96.8,4.0201005025125625,4455,427,19.1,14.0,65.08108108108108,20.94554159186116,11.12165496299108,41.77139437462597,47.3015873015873,3.074245939675174,57.5204765450484,31.97261979,2.214242968282466,42.12147887323944,95.87073608617594,17.0,7.75,46.875,19.25,22.125,21.875,8.875,0.2455902306648575,0.2940360610263522,0.1655313351498637,0.0403005464480874,0.1580381471389645,0.567842605156038,0.952316076294278,0.305131761442441,0.3595658073270014,0.5284938941655359,0.1612244897959184,0.2380952380952381,0.2845417236662106,0.0505464480874316,0.4571428571428572,0.314207650273224,0.1308539944903581,0.6639344262295082,0.1170068027210884,0.5383177570093458,0.662568306010929,0.3079019073569482,0.5013661202185792,0.5888738127544098,0.1132971506105834,0.4864314789687924,0.4084124830393487,0.443012211668928,0.4369063772048847,0.5040705563093623,51,4.5,12.2,30,18
06073020208,0.3080373161579329,1.0,0.3986657857719469,1.0,0.3778463895734684,1.0,0.6351182390607787,1.0,0.6317915774310565,1.0,0.6560466639865399,1.0,0.2943012211668928,1.0,1.0,0.4716867418783737,47.168674187837375,3527,337,114211.0,10.3,17.6,11.9,375,81.9,0.0,3057,556,18.5,14.2,55.04587155963303,12.79373368146214,2.5435838811088884,82.37597911227154,65.38461538461539,0.0,13.04224553444854,11.52457996,0.6527415143603132,48.355663824604136,99.47780678851174,13.0,10.75,30.0,19.25,8.75,20.0,1.875,0.4993215739484395,0.5631067961165048,0.1321525885558583,0.0375683060109289,0.0374659400544959,0.6085481682496607,0.3862397820163488,0.6955617198335645,0.7238805970149254,0.3419267299864315,0.2285714285714285,0.2170068027210884,0.5649794801641587,0.1721311475409835,0.979591836734694,0.8237704918032787,0.0192837465564738,0.9405737704918032,0.7224489795918367,0.8448598130841122,0.8920765027322405,0.1607629427792916,0.9153005464480874,0.4640434192672998,0.200135685210312,0.2700135685210312,0.4084124830393487,0.2048846675712347,0.3941655359565807,0.1940298507462686,28,1.0,11.8,22,22
06073020209,0.1960483077689364,1.0,0.3460439576197687,1.0,0.2116626976435079,1.0,0.3684337497866093,1.0,0.5372342401615412,1.0,0.1350312433307028,1.0,0.2987788331071913,1.0,1.0,0.299033289916894,29.9033289916894,4507,807,56230.0,9.1,5.9,16.2,335,86.8,11.801242236024844,4069,732,18.8,16.6,58.0952380952381,14.589486119314826,9.438202247191011,40.28352037802717,22.00772200772201,4.079320113314448,34.16907033503439,14.98444306,11.636148848198465,45.18599562363239,87.06438275251034,14.5,11.0,30.375,19.625,8.75,20.0,1.875,0.1383989145183175,0.0527045769764216,0.1791553133514986,0.4139344262295081,0.1001362397820163,0.5284938941655359,0.5844686648501363,0.1345353675450763,0.4545454545454546,0.1512890094979647,0.189795918367347,0.0510204081632652,0.4760601915184679,0.1311475409836066,0.5673469387755101,0.2991803278688524,0.5399449035812672,0.5737704918032787,0.25578231292517,0.7794392523364486,0.1092896174863388,0.2356948228882833,0.0601092896174863,0.5162822252374492,0.2123473541383989,0.2781546811397558,0.4226594301221167,0.2048846675712347,0.3941655359565807,0.1940298507462686,28,1.0,13.7,21,23
06073020210,0.2817133399897836,1.0,0.4343772766208977,1.0,0.291268149050665,1.0,0.5781936793016864,1.0,0.4862180044163374,1.0,0.4886665376235216,1.0,0.2617367706919945,1.0,1.0,0.403167679670698,40.31676796706981,4445,531,73693.0,8.1,5.8,22.6,266,89.4,0.0,4044,534,18.8,15.2,44.936708860759495,5.84070796460177,8.932661475034356,60.58997050147492,39.770114942528735,3.198172472872644,32.62092238470191,12.68201618,3.893805309734513,37.81609195402299,96.16519174041298,12.5,10.75,26.875,17.375,8.125,16.875,1.875,0.2991858887381275,0.1664355062413315,0.239100817438692,0.4221311475409836,0.2138964577656675,0.3717774762550881,0.6818801089918256,0.6955617198335645,0.4640434192672998,0.3717774762550881,0.189795918367347,0.1394557823129252,0.7633378932968536,0.4030054644808742,0.6040816326530613,0.5423497267759563,0.2134986225895316,0.6475409836065573,0.2707482993197279,0.8130841121495327,0.4863387978142076,0.444141689373297,0.5355191256830601,0.443012211668928,0.200135685210312,0.2496607869742198,0.3426051560379918,0.1933514246947082,0.3290366350067842,0.1940298507462686,28,1.0,12.6,20,22
06073016617,0.1312398422299401,1.0,0.4456687287127984,1.0,0.22065599645557,1.0,0.4489228802462655,1.0,0.2108450955211116,1.0,0.2398502603197292,1.0,0.5527815468113977,1.0,1.0,0.3214234786138304,32.142347861383044,3607,872,46146.0,9.5,9.7,21.3,256,98.0,42.35294117647059,3433,1139,18.8,16.5,67.58448060075094,3.27455919395466,8.982533961741058,45.08816120906801,46.80306905370844,6.423099587507367,32.436928195176044,74.73553205,13.97984886649874,31.265508684863523,80.9823677581864,16.5,19.25,66.125,32.25,35.0,36.25,9.5,0.1194029850746268,0.0180305131761442,0.1655313351498637,0.2219945355191257,0.2036784741144414,0.3487109905020353,0.9713896457765668,0.0138696255201109,0.6248303934871099,0.010854816824966,0.189795918367347,0.0571428571428571,0.2380300957592339,0.6092896174863388,0.5972789115646259,0.3510928961748634,0.1363636363636363,0.3592896174863388,0.2748299319727891,0.0728971962616822,0.0614754098360655,0.6444141689373297,0.0136612021857923,0.573270013568521,0.5630936227951153,0.5549525101763908,0.5563093622795116,0.5827679782903663,0.5434192672998643,0.5264586160108549,102,7.25,10.9,33,51
06073016804,0.1663128101921908,1.0,0.4876203195188676,1.0,0.0574765319967878,1.0,0.3427783770770985,1.0,0.3592975805255367,1.0,0.4478578837916847,1.0,0.1541383989145183,1.0,1.0,0.2879259860023834,28.792598600238342,9452,774,87841.0,10.6,16.3,21.7,536,89.0,0.0,8671,1438,21.5,14.6,52.56136606189968,12.67509395285275,14.28108458463865,35.9754014349163,42.21556886227545,3.399339933993399,25.391451544646635,54.90976976,2.186539118551418,44.64934339200894,94.97779296207722,7.5,14.75,15.375,6.25,9.125,3.75,1.75,0.1594301221166892,0.319001386962552,0.1239782016348773,0.0628415300546447,0.2084468664850136,0.8168249660786974,0.667574931880109,0.6955617198335645,0.0094979647218452,0.0,0.0408163265306122,0.1795918367346939,0.6224350205198359,0.174863387978142,0.3224489795918367,0.2513661202185792,0.1776859504132231,0.6284153005464481,0.3918367346938776,0.2392523364485981,0.6666666666666667,0.2520435967302452,0.4248633879781421,0.1791044776119403,0.3582089552238806,0.1641791044776119,0.0997286295793758,0.2075983717774762,0.1132971506105834,0.185888738127544,20,2.0,12.0,12,50
06073016810,0.5845332479866465,1.0,0.4756725342933972,1.0,0.4761394788580289,1.0,0.4990508612899982,1.0,0.8112378836433538,1.0,0.5153077430850246,1.0,0.1993215739484396,1.0,1.0,0.5087519033006984,50.87519033006984,2948,236,135313.0,6.5,3.6,31.9,210,95.3,0.0,2754,433,18.1,13.4,75.1937984496124,5.662514156285391,8.648280558392917,85.3907134767837,11.895910780669144,0.0,13.5685210312076,12.57000622,2.944507361268403,29.595278246205737,92.97848244620612,9.5,14.5,19.5,8.625,10.875,6.25,3.0,0.6580732700135685,0.7267683772538142,0.3453678474114441,0.6079234972677596,0.3460490463215259,0.262550881953867,0.9189373297002724,0.6955617198335645,0.8059701492537313,0.5189959294436907,0.2741496598639455,0.3054421768707482,0.094391244870041,0.4112021857923497,0.6244897959183673,0.8661202185792349,0.7754820936639119,0.9405737704918032,0.7102040816326531,0.8186915887850468,0.5901639344262295,0.6920980926430518,0.2636612021857923,0.2856173677069199,0.3453188602442333,0.1974219810040705,0.1451831750339213,0.2415196743554952,0.1492537313432835,0.2632293080054274,24,2.875,7.6,15,50
06073017006,0.6726067916600742,1.0,0.3699919638979136,1.0,0.6685630290107902,1.0,0.7021194428972504,1.0,0.760215566979976,1.0,0.3698699145833644,1.0,0.1344640434192672,1.0,1.0,0.5254043932069481,52.54043932069481,3028,181,158026.0,10.7,0.0,57.5,62,79.0,0.0,2911,491,13.3,11.2,80.0,0.7766990291262136,3.90987408880053,94.46601941747574,7.82608695652174,8.035714285714286,6.605019815059445,2.153080274,4.854368932038835,39.91031390134529,94.07766990291262,7.5,13.75,12.5,9.5,4.375,6.25,0.625,0.7503392130257802,0.8529819694868238,0.1192098092643051,0.967896174863388,0.7070844686648501,0.0407055630936228,0.2847411444141689,0.6955617198335645,0.7693351424694708,0.4430122116689281,0.8768707482993198,0.5850340136054422,0.0526675786593707,0.8565573770491803,0.9156462585034012,0.9836065573770492,0.8746556473829201,0.2595628415300546,0.9197278911564626,0.9869158878504672,0.3948087431693989,0.3828337874659401,0.3319672131147541,0.1791044776119403,0.3127544097693351,0.1221166892808683,0.1648575305291723,0.1085481682496607,0.1492537313432835,0.1275440976933514,20,2.0,4.6,13,44
06073020601,0.1798352466141053,1.0,0.5515479565381309,1.0,0.115591107542067,1.0,0.2572044219899168,1.0,0.4425338497966881,1.0,0.4426663788011892,1.0,0.3522388059701493,1.0,1.0,0.3345168238931781,33.45168238931781,6208,797,64231.0,6.0,15.0,24.8,532,89.6,0.0,5321,740,20.8,16.3,73.42814371257485,20.423280423280424,8.105004101722724,26.560846560846564,36.57534246575342,0.995285489785228,32.37757731958763,42.83758556,3.9153439153439153,37.62788935202728,94.65608465608466,17.5,12.25,35.75,23.25,11.125,23.75,2.5,0.146540027137042,0.0984743411927877,0.3964577656675749,0.0778688524590164,0.247275204359673,0.8113975576662144,0.69141689373297,0.6955617198335645,0.1831750339213026,0.1478968792401628,0.0625850340136054,0.0687074829931972,0.1231190150478795,0.0560109289617486,0.6761904761904762,0.1734972677595628,0.2506887052341597,0.8469945355191257,0.2761904761904762,0.3962616822429906,0.4849726775956284,0.4523160762942779,0.3907103825136612,0.6051560379918589,0.2584803256445047,0.3310719131614654,0.4884667571234735,0.2455902306648575,0.4613297150610583,0.2347354138398914,29,1.0,16.9,31,27
06073020602,0.290698560517985,1.0,0.5263704614158109,1.0,0.0724990538956424,1.0,0.2347626564922575,1.0,0.5360474922514175,1.0,0.212962135763315,1.0,0.3394843962008141,1.0,1.0,0.3161178223624631,31.611782236246317,6320,1410,76014.0,5.8,4.7,26.0,594,92.8,1.867219917012448,5423,1144,20.6,16.8,66.63732394366197,17.415730337078653,14.849377865094956,39.376915219611845,18.236173393124066,3.736479842674533,17.08860759493671,49.17237088,10.674157303370784,48.13049853372434,94.0755873340143,17.5,11.75,33.5,21.625,11.125,21.875,2.5,0.0284938941655359,0.1955617198335645,0.4216621253405994,0.5170765027322404,0.2636239782016348,0.8534599728629579,0.8276566757493188,0.3647711511789181,0.1668928086838534,0.0094979647218452,0.0693877551020408,0.0442176870748299,0.2544459644322845,0.1038251366120218,0.2897959183673469,0.290983606557377,0.6225895316804408,0.605191256830601,0.6136054421768707,0.302803738317757,0.1407103825136612,0.1675749318801089,0.3306010928961748,0.6051560379918589,0.2435549525101764,0.3086838534599728,0.471506105834464,0.2455902306648575,0.4369063772048847,0.2347354138398914,29,1.0,14.6,32,25
06073020707,0.397116888085092,1.0,0.4686424375853049,1.0,0.2555144038619518,1.0,0.2991045979962705,1.0,0.3635971224277988,1.0,0.5296861273655843,1.0,0.3188602442333785,1.0,1.0,0.376074545936483,37.6074545936483,5273,914,100016.0,2.6,10.0,28.9,350,94.8,6.198347107438017,4532,583,19.6,13.8,66.6329625884732,12.126984126984128,10.527321360336265,36.44444444444444,36.00525624178712,6.69431279620853,30.912194196851885,30.15556938,1.2063492063492065,39.17844522968198,94.53968253968252,16.0,12.5,31.375,20.0,9.375,20.625,2.5,0.1099050203527816,0.4119278779472954,0.861716621253406,0.2049180327868852,0.2956403269754768,0.5529172320217096,0.8998637602179836,0.2343966712898751,0.3310719131614654,0.3127544097693351,0.117687074829932,0.2605442176870748,0.2558139534883721,0.1857923497267759,0.492517006802721,0.2622950819672131,0.2603305785123967,0.3292349726775956,0.2965986394557823,0.5682242990654205,0.8101092896174864,0.4046321525885559,0.3743169398907104,0.5556309362279511,0.2734056987788331,0.2903663500678426,0.4443690637720488,0.21438263229308,0.4104477611940298,0.2347354138398914,28,1.0,13.0,29,28
06073008339,0.454400755688747,1.0,0.5621134717907014,1.0,0.7282908278643886,1.0,0.2835528549963637,1.0,0.3120776264383289,1.0,0.5849991066243803,1.0,0.1883310719131614,1.0,1.0,0.4448236736165816,44.48236736165816,1824,577,80804.0,5.6,1.2,68.5,330,88.8,0.0,1757,123,20.0,9.1,62.323943661971825,3.372243839169909,32.87369001654716,23.08690012970169,9.183673469387756,10.244470314318974,59.75877192982456,65.97386434,14.656290531776914,18.29134720700986,98.31387808041504,4.0,19.25,19.5,10.625,7.5,8.125,1.125,0.2659430122116689,0.246879334257975,0.4502724795640327,0.8545081967213115,0.853542234332425,0.5189959294436907,0.6587193460490464,0.6955617198335645,0.9511533242876526,0.9613297150610584,0.0986394557823129,0.9020408163265308,0.3570451436388508,0.5942622950819672,0.038095238095238,0.1448087431693989,0.8347107438016529,0.1543715846994535,0.1115646258503401,0.1476635514018691,0.0546448087431693,0.9209809264305178,0.7793715846994536,0.0827679782903663,0.5630936227951153,0.1974219810040705,0.2042062415196743,0.180461329715061,0.1933514246947082,0.166214382632293,35,0.0,10.7,7,60
06073013412,0.4504141801035862,1.0,0.5067105032908373,1.0,0.4441016162231513,1.0,0.5449955506411486,1.0,0.6228218830497402,1.0,0.6382635259550433,1.0,0.6978290366350067,1.0,1.0,0.5578766136997877,55.78766136997877,5358,193,123571.0,12.4,6.9,37.9,326,84.7,2.834008097165992,4792,742,13.7,11.7,57.21830985915493,4.651162790697675,9.123604012871477,65.9468438538206,21.147540983606557,1.8478260869565215,17.357222844344903,31.53702551,0.9966777408637874,47.17893605588394,99.33554817275748,22.0,18.75,118.5,56.375,50.875,78.75,20.0,0.7272727272727273,0.644244105409154,0.0688010899182561,0.3613387978142076,0.4455040871934604,0.5094979647218453,0.4816076294277929,0.3370319001386962,0.2740841248303934,0.146540027137042,0.8421768707482993,0.5136054421768708,0.5061559507523941,0.4890710382513661,0.5863945578231293,0.5983606557377049,0.5688705234159779,0.7725409836065573,0.6040816326530613,0.5457943925233645,0.8346994535519126,0.1866485013623978,0.8934426229508197,0.7333785617367707,0.5332428765264586,0.6933514246947082,0.694708276797829,0.6845318860244234,0.7055630936227951,0.7109905020352781,170,15.25,7.0,40,48
06073020403,0.7096800267525668,1.0,0.4831094948953909,1.0,0.5351090096825705,1.0,0.5451792096937899,1.0,0.5193498354319589,1.0,0.4857171572787779,1.0,0.2955223880597015,1.0,1.0,0.510523874542108,51.0523874542108,4089,115,137297.0,4.0,4.1,41.4,355,82.5,0.0,3778,379,16.1,12.2,77.05882352941177,7.8660436137071645,3.7540133366263273,86.13707165109035,13.636363636363637,1.984732824427481,21.765712888236735,68.78655881,1.7133956386292832,47.47409326424871,96.18380062305296,12.5,13.5,29.375,18.625,9.375,19.375,2.5,0.8690637720488467,0.739251040221914,0.6716621253405994,0.5587431693989071,0.4931880108991825,0.5617367706919946,0.4005449591280653,0.6955617198335645,0.5332428765264586,0.6065128900949797,0.5564625850340136,0.4442176870748299,0.0683994528043775,0.3087431693989071,0.927891156462585,0.8756830601092896,0.7286501377410468,0.7581967213114754,0.4802721088435374,0.1102803738317756,0.7336065573770492,0.1825613079019074,0.5409836065573771,0.443012211668928,0.3046132971506106,0.2659430122116689,0.383989145183175,0.21438263229308,0.378561736770692,0.2347354138398914,27,1.0,7.7,22,31
06073021304,0.88785796777511,1.0,0.2034941920480564,1.0,0.6641737970629229,1.0,0.9321737215664,1.0,0.749084989537386,1.0,0.3597015629110148,1.0,0.100135685210312,1.0,1.0,0.5566602737301717,55.666027373017165,3181,75,166630.0,1.7,1.7,35.2,249,71.4,18.64406779661017,3114,318,14.7,11.8,38.095238095238095,0.4201680672268907,2.1200260926288323,97.2689075630252,2.622950819672131,4.704704704704705,16.661427224143353,7.342874922,3.6764705882352944,60.48324240062354,96.11344537815128,0.5,11.75,8.625,3.875,4.75,2.5,1.75,0.932157394843962,0.8793342579750347,0.9318801089918256,0.8080601092896175,0.4073569482288828,0.3324287652645861,0.1362397820163488,0.0762829403606102,0.7069199457259159,0.7075983717774763,0.7442176870748299,0.4979591836734693,0.8556771545827633,0.8907103825136612,0.9836734693877552,0.9986338797814208,0.9600550964187328,0.4972677595628415,0.6231292517006803,0.9158878504672896,0.5027322404371585,0.047683923705722,0.5286885245901639,0.025101763907734,0.2435549525101764,0.0691994572591587,0.0440976933514246,0.1255088195386703,0.0759837177747625,0.185888738127544,18,1.0,5.6,1,43
06073015801,0.1082238099176722,1.0,0.4329544916767299,1.0,0.2546772168840399,1.0,0.0945376778237028,1.0,0.3187373925724016,1.0,0.3770702739188914,1.0,0.5952510176390773,1.0,1.0,0.3116359829189307,31.163598291893074,3947,853,53602.0,7.9,21.2,15.2,372,87.1,12.837837837837837,3578,595,21.9,15.5,71.68587896253602,18.689655172413794,22.80970625798212,4.275862068965517,52.03389830508475,0.8207934336525308,64.60602989612364,55.56938395,15.310344827586206,12.093726379440666,89.37931034482759,22.0,17.25,77.375,39.0,40.75,44.375,12.5,0.1248303934871098,0.0457697642163661,0.25,0.012295081967213,0.082425068119891,0.5990502035278155,0.6008174386920981,0.1234396671289874,0.582089552238806,0.2924016282225237,0.0312925170068026,0.1129251700680271,0.161422708618331,0.0806010928961749,0.1183673469387754,0.01775956284153,0.0881542699724518,0.855191256830601,0.0979591836734693,0.2336448598130841,0.046448087431694,0.9768392370572208,0.1079234972677595,0.7333785617367707,0.4586160108548168,0.587516960651289,0.5881953867028494,0.6207598371777476,0.5719131614654003,0.6078697421981004,115,8.125,14.2,36,51
06073015901,0.1086286035134857,1.0,0.5099412325860276,1.0,0.3807813898965284,1.0,0.1123061634108466,1.0,0.3296069614271579,1.0,0.1773300973283105,1.0,0.6147896879240162,1.0,1.0,0.3190548765837676,31.905487658376764,3442,650,46372.0,12.9,11.8,20.2,238,95.2,5.263157894736842,3032,278,23.6,18.6,69.01408450704226,20.54933875890132,22.087522176227083,13.3265513733469,29.68036529680365,4.932301740812379,30.21499128413713,62.11574362,13.73346897253306,42.72727272727273,91.353001017294,24.5,19.75,82.375,42.0,43.375,46.25,13.0,0.2069199457259158,0.0194174757281553,0.0572207084468664,0.1509562841530054,0.1811989100817438,0.3134328358208955,0.914850136239782,0.260748959778086,0.7340569877883311,0.7672998643147897,0.0108843537414965,0.0108843537414965,0.2120383036935704,0.0519125683060108,0.1265306122448979,0.0587431693989071,0.3732782369146006,0.4713114754098361,0.3074829931972789,0.1663551401869158,0.0655737704918032,0.2915531335149863,0.174863387978142,0.8073270013568521,0.582089552238806,0.60719131614654,0.6153324287652646,0.6377204884667571,0.5909090909090909,0.6227951153324288,123,8.125,21.1,42,51
06073015902,0.0892634574269441,1.0,0.4923899927714582,1.0,0.0744881806182445,1.0,0.1967541992016021,1.0,0.464733650529702,1.0,0.4214859318155874,1.0,0.6165535956580733,1.0,1.0,0.3365241440030874,33.652414400308736,5586,1466,46969.0,10.2,11.1,14.7,360,89.3,0.8565310492505354,5224,939,22.6,17.7,69.87381703470031,19.59114139693356,13.18922879648287,25.2129471890971,29.925925925925927,0.0,23.988542785535262,67.42999378,18.34185122089722,28.79640044994376,96.08177172061328,21.5,18.75,82.5,42.0,43.5,46.875,13.0,0.0244233378561736,0.0235783633841886,0.1369209809264305,0.1721311475409835,0.0715258855585831,0.5705563093622795,0.6771117166212534,0.3814147018030513,0.1967435549525101,0.0556309362279511,0.019047619047619,0.0265306122448979,0.1942544459644323,0.0655737704918032,0.3659863945578231,0.1612021857923497,0.3691460055096418,0.9405737704918032,0.4258503401360544,0.1233644859813084,0.0314207650273223,0.7084468664850136,0.5245901639344263,0.7204884667571235,0.5332428765264586,0.6092265943012212,0.6153324287652646,0.6397557666214383,0.5956580732700135,0.6227951153324288,123,8.75,16.3,40,51
06073017050,0.3385424512285753,1.0,0.4274859709041345,1.0,0.6630906229520303,1.0,0.4877810254868245,1.0,0.5756733442065997,1.0,0.6162641513179772,1.0,0.0594301221166892,1.0,1.0,0.4526096697446901,45.260966974469014,2971,330,111272.0,8.3,13.6,44.3,175,90.3,6.629834254143646,2722,325,15.0,12.2,59.25925925925925,10.696266397578205,7.251779057946458,60.645812310797176,34.23913043478261,3.69290573372206,14.473241332884552,18.48164281,4.742684157416751,22.780569514237857,96.8718466195762,12.0,17.5,7.0,5.875,2.0,1.25,0.0,0.5074626865671642,0.521497919556172,0.2234332425068119,0.101775956284153,0.5313351498637602,0.1987788331071913,0.717983651226158,0.2246879334257975,0.8113975576662144,0.6953867028493894,0.7013605442176871,0.4442176870748299,0.4473324213406292,0.2185792349726776,0.7414965986394557,0.5437158469945356,0.2768595041322313,0.6065573770491803,0.6884353741496598,0.7308411214953271,0.4016393442622951,0.8419618528610354,0.605191256830601,0.4185888738127544,0.4735413839891452,0.05359565807327,0.0956580732700135,0.0495251017639077,0.0515603799185888,0.0468113975576662,11,1.0,6.9,20,58
06073018000,0.595365526820439,1.0,0.373585742589297,1.0,0.7304398692991444,1.0,0.2972747486337271,1.0,0.2871660927481505,1.0,0.5263520991845466,1.0,0.3348710990502035,1.0,1.0,0.449293596903644,44.92935969036441,3452,229,101589.0,3.5,4.5,57.1,248,77.9,0.0,3115,260,15.6,9.9,57.09037472446731,4.211117349803481,34.64658169177289,21.72936552498596,33.840304182509506,19.81089599279604,69.81460023174971,18.09583074,1.6282987085906797,33.6046511627907,92.98147108366086,7.5,6.75,34.75,14.0,22.875,10.625,6.625,0.6743554952510176,0.4188626907073509,0.752724795640327,0.53551912568306,0.7043596730245232,0.3290366350067842,0.2513623978201635,0.6955617198335645,0.7055630936227951,0.7978290366350068,0.6333333333333333,0.7850340136054421,0.5102599179206566,0.5286885245901639,0.0299319727891156,0.1202185792349726,0.2892561983471075,0.040983606557377,0.0857142857142857,0.7327102803738318,0.7486338797814207,0.5653950953678475,0.2650273224043716,0.1791044776119403,0.0820895522388059,0.3188602442333785,0.2632293080054274,0.457259158751696,0.2198100407055631,0.4151967435549525,44,4.5,5.2,14,18
06073007200,0.6944656536202751,1.0,0.4288414186306902,1.0,0.4190946935083396,1.0,0.6534622245772117,1.0,0.7980127268699562,1.0,0.6339765637795745,1.0,0.5810040705563093,1.0,1.0,0.6012653359346223,60.12653359346223,5779,167,176063.0,10.8,0.0,72.3,150,37.3,0.0,5688,592,17.2,9.5,52.56410256410257,0.0,15.908694894580938,79.79861548143487,3.2911392405063293,1.4267990074441688,13.497144834746496,19.61418793,5.160478288231593,20.334620334620336,97.23096286972938,8.5,19.5,78.375,35.5,32.5,50.0,10.375,0.7829036635006784,0.912621359223301,0.114441416893733,0.967896174863388,0.8971389645776566,0.1696065128900949,0.0054495912806539,0.6955617198335645,0.1302578018995929,0.3005427408412483,0.3952380952380953,0.8503401360544218,0.6210670314637483,0.950136612021858,0.2612244897959184,0.7814207650273224,0.9490358126721764,0.8128415300546448,0.7142857142857143,0.7158878504672896,0.3702185792349727,0.8937329700272479,0.6379781420765027,0.2327001356852103,0.5725915875169606,0.592944369063772,0.5753052917232022,0.562415196743555,0.6085481682496607,0.5658073270013568,134,7.0,5.7,15,48
06073007302,0.8292578077134687,1.0,0.4645835649710714,1.0,0.871397880726239,1.0,0.6493066202844081,1.0,0.6141876691367916,1.0,0.9198828188978722,1.0,0.6560379918588874,1.0,1.0,0.7149506219412485,71.49506219412484,2610,55,183529.0,4.0,2.1,69.4,76,76.4,0.0,2546,140,13.4,9.7,63.793103448275865,0.0,9.652509652509652,79.26829268292683,37.93103448275862,4.558680892337536,11.11111111111111,6.932171749,0.5081300813008129,13.249211356466878,99.1869918699187,10.0,21.0,102.25,46.875,44.0,68.75,15.0,0.9592944369063772,0.9278779472954232,0.6716621253405994,0.7581967213114754,0.8658038147138964,0.0474898236092265,0.220708446866485,0.6955617198335645,0.8521031207598372,0.943012211668928,0.8666666666666667,0.8238095238095238,0.3228454172366621,0.950136612021858,0.5510204081632653,0.773224043715847,0.2369146005509641,0.5109289617486339,0.7836734693877551,0.9252336448598132,0.9139344262295082,0.9686648501362398,0.8770491803278688,0.3086838534599728,0.6492537313432836,0.6560379918588873,0.6472184531886025,0.6451831750339213,0.680461329715061,0.6512890094979648,162,9.25,4.0,16,50
06073007501,0.6110576628467201,1.0,0.5565430218242451,0.8333333333333334,0.6145873138943502,1.0,0.3658055540172607,1.0,0.2526614466090399,1.0,0.4261631254249738,1.0,0.6560379918588873,1.0,1.0,0.497550873782211,49.755087378221106,3944,469,95270.0,3.1,0.7,67.1,603,70.0,,3584,304,18.1,9.3,59.008264462809926,0.916988416988417,22.153687997943976,12.403474903474905,31.976744186046513,8.80281690140845,82.9107505070994,41.7423771,12.065637065637064,24.13055109684323,94.4015444015444,10.0,21.25,102.25,49.125,44.25,65.0,15.0,0.3561736770691994,0.3703190013869625,0.8079019073569482,0.9098360655737704,0.8392370572207084,0.8609226594301221,0.1144414168937329,,0.5793758480325645,0.7272727272727273,0.2741496598639455,0.8775510204081632,0.4541723666210671,0.837431693989071,0.1251700680272108,0.0464480874316939,0.3292011019283747,0.2062841530054644,0.0639455782312925,0.4112149532710281,0.0969945355191257,0.8228882833787465,0.3586065573770491,0.3086838534599728,0.6594301221166893,0.6560379918588873,0.6648575305291723,0.6485753052917232,0.6594301221166893,0.6512890094979648,163,9.25,6.7,18,52
06073007502,0.5261439185965092,1.0,0.5316197304404794,1.0,0.7520738146004671,1.0,0.4279783911277053,1.0,0.4414790641903693,1.0,0.5840703682196513,1.0,0.6187245590230666,1.0,1.0,0.5545842637426068,55.45842637426068,2952,287,97309.0,8.1,0.6,62.2,463,70.9,0.0,2658,208,17.2,9.0,49.087078651685395,1.6042780748663104,18.80781089414183,15.38918597742127,8.547008547008547,14.48170731707317,122.96747967479676,13.59054138,5.822935234699941,29.6,98.09863339275104,8.5,20.5,90.125,45.375,37.125,58.75,11.375,0.5549525101763908,0.391123439667129,0.239100817438692,0.9193989071038252,0.7697547683923706,0.7408412483039348,0.1280653950953678,0.6955617198335645,0.824966078697422,0.8765264586160109,0.3952380952380953,0.91156462585034,0.6839945280437756,0.76775956284153,0.1877551020408163,0.0724043715846994,0.8567493112947658,0.0792349726775956,0.0299319727891156,0.8,0.3155737704918032,0.6907356948228882,0.7459016393442623,0.2327001356852103,0.6227951153324288,0.6282225237449118,0.6377204884667571,0.5983717774762551,0.6445047489823609,0.5848032564450475,146,7.125,6.0,16,50
06073010009,0.1469007110809743,1.0,0.3841955398241222,1.0,0.2472447595048874,1.0,0.4024869631421001,1.0,0.2486567481898066,1.0,0.2523066462182913,1.0,0.228629579375848,1.0,1.0,0.2729172781908615,27.291727819086148,5298,611,73918.0,15.0,11.9,11.9,442,91.8,22.872340425531913,4511,663,18.0,15.1,65.07072905331881,14.087439278278971,3.606870229007634,34.97571131158917,29.96389891696751,6.184895833333334,88.71272178180445,59.26571251,7.147814018043026,36.91845922961481,85.01040943789036,12.5,12.5,25.125,12.125,10.5,12.5,2.25,0.237449118046133,0.1705963938973647,0.0320163487738419,0.1475409836065574,0.0374659400544959,0.7096336499321574,0.782016348773842,0.059639389736477,0.3405698778833107,0.2096336499321573,0.2904761904761904,0.1482993197278911,0.2859097127222982,0.1461748633879781,0.9346938775510204,0.2431693989071038,0.3677685950413223,0.3715846994535519,0.0571428571428571,0.1981308411214953,0.2527322404371585,0.4673024523160762,0.0368852459016393,0.443012211668928,0.2734056987788331,0.2327001356852103,0.2279511533242876,0.2320217096336499,0.2449118046132971,0.2055630936227951,28,5.0,13.8,23,43
06073010010,0.1468659616234345,1.0,0.4893572053641853,1.0,0.3196854318389499,1.0,0.4172081737765636,1.0,0.5257271053266559,1.0,0.2754500379684638,1.0,0.4663500678426051,1.0,1.0,0.3772348548201226,37.723485482012265,4710,708,63485.0,13.9,8.7,16.6,333,90.4,1.5873015873015872,4363,692,15.9,15.3,75.25951557093425,12.326169405815424,5.626326963906582,61.94690265486725,33.842239185750635,2.706027060270603,21.231422505307854,25.58805227,9.29203539823009,33.79978471474704,88.30594184576486,27.0,14.5,51.625,25.5,19.875,30.625,5.875,0.1858887381275441,0.0943134535367545,0.0422343324250681,0.2650273224043715,0.1076294277929155,0.5244233378561737,0.726158038147139,0.371012482662968,0.3772048846675712,0.1852103120759837,0.5891156462585034,0.1272108843537415,0.0916552667578659,0.1830601092896174,0.8353741496598639,0.5587431693989071,0.2865013774104683,0.6926229508196722,0.4938775510204082,0.6299065420560748,0.1885245901639344,0.555858310626703,0.081967213114754,0.8616010854816825,0.3453188602442333,0.508819538670285,0.508819538670285,0.4063772048846675,0.5149253731343284,0.3928086838534599,69,8.0,11.5,43,44
06073010013,0.1934303160411515,1.0,0.4686314950711138,1.0,0.2669142690997701,1.0,0.2824690493810944,1.0,0.1595869668750748,1.0,0.1505300695344024,1.0,0.2420624151967435,1.0,1.0,0.2519463687427644,25.194636874276437,5259,564,73699.0,7.1,18.2,7.9,411,96.8,1.6042780748663104,4788,373,19.2,17.7,57.622739018087856,31.98482932996207,10.787902138316316,24.778761061946906,48.59437751004016,11.372549019607844,44.11485073207834,56.67703796,9.86093552465234,45.71097372488408,87.35777496839444,15.5,12.5,27.125,12.5,12.125,13.125,2.25,0.2767978290366349,0.1678224687933426,0.2990463215258855,0.0300546448087432,0.0095367847411444,0.666214382632293,0.952316076294278,0.3689320388349514,0.2767978290366349,0.6092265943012212,0.1551020408163265,0.0265306122448979,0.4979480164158687,0.0027322404371584,0.4761904761904761,0.1530054644808743,0.1198347107438017,0.1229508196721311,0.1768707482993197,0.2186915887850467,0.1680327868852459,0.217983651226158,0.0655737704918032,0.5413839891451832,0.2734056987788331,0.2523744911804613,0.2293080054274084,0.2645861601085482,0.2584803256445047,0.2055630936227951,30,6.0,17.3,26,43
06073010106,0.1532676231039385,1.0,0.4604571363530397,1.0,0.2965981779414616,1.0,0.4160936315052135,1.0,0.3112112470629739,1.0,0.1686358154285969,1.0,0.437449118046133,1.0,1.0,0.3205303927773367,32.053039277733674,4605,1092,68000.0,6.2,17.4,17.5,316,94.8,12.195121951219512,4029,423,18.9,18.8,69.87179487179486,18.702865761689292,3.203159280386134,51.734539969834096,52.39520958083832,5.353319057815846,36.91639522258415,34.53640324,12.217194570135746,41.373801916932905,88.00904977375565,24.0,14.0,45.25,21.5,19.375,26.25,5.25,0.0712347354138398,0.1248266296809986,0.3746594005449591,0.0423497267759562,0.1260217983651226,0.4843962008141113,0.8998637602179836,0.1289875173370319,0.4667571234735413,0.533921302578019,0.1782312925170067,0.0074829931972789,0.1956224350205198,0.0792349726775956,0.9578231292517008,0.4316939890710382,0.0812672176308539,0.4316939890710383,0.2272108843537414,0.5046728971962617,0.0942622950819672,0.3378746594005449,0.0737704918032786,0.7971506105834464,0.3263229308005427,0.4701492537313433,0.4687924016282225,0.3934871099050203,0.4843962008141113,0.3704206241519674,58,8.0,17.8,40,44
06073010107,0.3456112157628959,1.0,0.512731942479122,1.0,0.327246882470763,1.0,0.545777117556897,1.0,0.3297974575279238,1.0,0.5877145962686678,1.0,0.4985074626865671,1.0,1.0,0.4496266678218338,44.96266678218338,5645,365,88113.0,6.2,9.8,16.2,382,84.2,0.0,5019,642,16.1,13.4,57.25047080979285,9.42942942942943,5.922105637560021,66.30630630630631,24.61832061068702,11.717921527041357,28.520814880425156,42.63845675,2.1021021021021022,29.600316580926,94.71471471471472,25.0,15.5,58.625,27.375,23.75,35.625,7.0,0.4681139755766621,0.3217753120665742,0.3746594005449591,0.2178961748633879,0.1001362397820163,0.6255088195386703,0.4570844686648501,0.6955617198335645,0.223202170963365,0.2238805970149253,0.5564625850340136,0.3054421768707482,0.5047879616963065,0.2540983606557376,0.8231292517006803,0.6010928961748634,0.4724517906336088,0.1174863387978142,0.3292517006802721,0.4,0.680327868852459,0.6893732970027249,0.3934426229508196,0.8168249660786974,0.3812754409769335,0.5278154681139756,0.5244233378561737,0.4782903663500678,0.5393487109905021,0.4226594301221167,80,9.625,10.3,43,44
06073012102,0.1941500925426955,1.0,0.4805617064670959,1.0,0.5348302550328137,1.0,0.4694487116234217,1.0,0.1915911810216238,1.0,0.2847820907967421,1.0,0.7852103120759837,1.0,1.0,0.4200820499371965,42.00820499371966,2708,605,69714.0,9.7,9.1,13.3,356,80.3,4.62962962962963,2336,345,17.1,14.6,55.82655826558266,13.253012048192772,8.197932053175776,57.9408543263965,52.94117647058824,10.40235525024534,25.849335302806494,62.78780336,10.076670317634171,42.081031307550646,94.6330777656079,30.0,23.25,157.125,72.375,66.625,106.25,24.75,0.2415196743554952,0.1359223300970873,0.1580381471389645,0.2411202185792349,0.050408719346049,0.5644504748982361,0.3181198910081744,0.2773925104022191,0.8846675712347354,0.6648575305291724,0.4102040816326531,0.1795918367346939,0.5458276333789329,0.1639344262295081,0.6666666666666667,0.5013661202185792,0.0757575757575758,0.1489071038251366,0.3809523809523809,0.1607476635514019,0.157103825136612,0.3092643051771117,0.3879781420765027,0.9294436906377204,0.7435549525101763,0.7896879240162822,0.7829036635006784,0.7706919945725916,0.8039348710990502,0.7788331071913162,187,17.375,12.2,55,50
06073012302,0.4175274717635266,1.0,0.4733421007538864,1.0,0.5979672601740832,1.0,0.4372806404300187,1.0,0.3858301405161699,1.0,0.1572589250706015,1.0,0.7100407055630935,1.0,1.0,0.4541781777530542,45.41781777530542,1462,281,44125.0,6.0,2.8,34.7,118,67.4,0.0,1363,283,16.5,14.8,57.8538102643857,4.504504504504505,7.681660899653979,13.77091377091377,21.35922330097087,7.719714964370546,90.28727770177838,24.62974487,17.245817245817246,41.55405405405405,89.31788931788932,26.0,22.0,125.875,57.5,55.25,84.375,19.75,0.567842605156038,0.0138696255201109,0.3964577656675749,0.6919398907103825,0.3964577656675749,0.1105834464043419,0.1001362397820163,0.6955617198335645,0.9782903663500678,0.7598371777476255,0.4884353741496599,0.1653061224489795,0.4801641586867304,0.5,0.7074829931972789,0.0614754098360655,0.5606060606060606,0.2759562841530054,0.0544217687074829,0.6523364485981309,0.0368852459016393,0.329700272479564,0.1051912568306011,0.8385345997286295,0.6987788331071914,0.7082767978290366,0.6994572591587517,0.7048846675712347,0.7279511533242876,0.7096336499321574,169,15.75,11.4,45,48
06073012304,0.4896146294671725,1.0,0.4992942850721825,1.0,0.375955334644034,1.0,0.3079636925300048,1.0,0.5036691008600152,1.0,0.2984482561804222,1.0,0.7149253731343284,1.0,1.0,0.4556958102697371,45.56958102697371,4665,525,92614.0,5.9,0.9,35.1,376,77.9,7.246376811594203,4239,694,16.4,12.6,73.34254143646409,11.475409836065571,10.87912087912088,51.60655737704918,16.272189349112427,4.747033104309806,22.508038585209004,42.31487243,6.622950819672131,42.37368922783604,93.83606557377048,25.0,22.0,126.5,57.5,55.875,85.0,21.0,0.3059701492537313,0.3578363384188627,0.4073569482288828,0.8872950819672131,0.4025885558583106,0.6126187245590231,0.2513623978201635,0.2135922330097087,0.4138398914518317,0.1818181818181817,0.5027210884353741,0.4054421768707483,0.1258549931600547,0.2062841530054644,0.4693877551020408,0.430327868852459,0.6584022038567493,0.4959016393442623,0.4585034013605442,0.4018691588785047,0.2773224043715847,0.3038147138964577,0.314207650273224,0.8168249660786974,0.6987788331071914,0.7103120759837178,0.6994572591587517,0.7096336499321574,0.7327001356852103,0.7225237449118046,171,15.75,9.2,47,48
06073012402,0.1584681324348975,1.0,0.6401671284516621,1.0,0.2115835479374925,1.0,0.3430326228852196,1.0,0.1796791324590188,1.0,0.5254947067494528,1.0,0.7215739484396202,1.0,1.0,0.3971427456224805,39.71427456224805,5604,1019,69048.0,7.6,11.8,14.9,368,99.4,0.0,4772,689,18.3,15.3,60.62544420753376,15.416666666666668,8.124662223022879,25.624999999999996,37.69507803121249,11.069939786938397,31.584582441113493,75.45737399,2.4479166666666665,35.1578947368421,95.10416666666669,23.0,22.5,126.875,58.875,55.5,85.625,21.625,0.084124830393487,0.1317614424410541,0.2670299727520435,0.1509562841530054,0.07425068119891,0.5895522388059702,0.989100817438692,0.6955617198335645,0.2835820895522388,0.1886024423337856,0.246938775510204,0.1272108843537415,0.4117647058823529,0.1243169398907103,0.6707482993197279,0.1653005464480874,0.2396694214876032,0.1297814207650273,0.2857142857142857,0.0635514018691588,0.639344262295082,0.5068119891008174,0.430327868852459,0.7706919945725916,0.7218453188602443,0.7130257801899593,0.7123473541383989,0.7069199457259159,0.7381275440976933,0.737449118046133,172,15.375,13.7,39,49
06073006600,0.7628185141422378,1.0,0.5370502198068752,1.0,0.7235086164723692,1.0,0.0980530021768524,1.0,0.3101496468229858,1.0,0.7557411791565541,1.0,0.7396200814111262,1.0,1.0,0.5609916085698573,56.09916085698573,2032,121,110651.0,1.9,2.1,36.6,277,80.1,0.0,1501,108,21.1,9.1,74.94505494505495,15.723270440251572,20.03081664098613,0.0,2.557544757033248,26.615384615384613,91.04330708661418,58.2576229,1.677148846960168,29.28921568627451,98.74213836477988,17.5,24.5,139.625,62.5,62.0,91.875,20.625,0.8568521031207599,0.5145631067961165,0.9216621253405994,0.7581967213114754,0.4257493188010899,0.4009497964721845,0.3099455040871934,0.6955617198335645,0.971506105834464,0.9708276797829036,0.0496598639455782,0.9020408163265308,0.1012311901504787,0.1188524590163934,0.1673469387755102,0.0047814207650273,0.9614325068870524,0.0218579234972677,0.0517006802721088,0.205607476635514,0.7431693989071038,0.6961852861035422,0.8278688524590164,0.6051560379918589,0.7849389416553596,0.7503392130257802,0.7299864314789688,0.7455902306648575,0.7564450474898237,0.7157394843962008,180,13.0,10.2,29,52
06073021001,0.6197871455243291,1.0,0.3168510546221473,1.0,0.6433588089238409,1.0,0.8389360967414035,1.0,0.4191075111343367,0.75,0.5369460450757632,1.0,0.0165535956580732,1.0,1.0,0.4845057510971276,48.450575109712766,1894,49,65503.0,4.9,1.2,19.9,47,100.0,0.0,1720,258,14.8,16.1,34.411764705882355,0.9285051067780872,0.0,67.96657381615599,15.625,42.12788823213326,18.47940865892291,,3.5283194057567315,38.25816485225506,97.49303621169916,0.0,0.0,0.0,0.0,0.0,0.0,0.0,0.9674355495251018,0.1067961165048543,0.5504087193460491,0.8545081967213115,0.1668937329700272,0.0291723202170963,0.9952316076294278,0.6955617198335645,0.957259158751696,0.805291723202171,0.7292517006802721,0.0816326530612244,0.8987688098495212,0.8360655737704918,0.9979591836734694,0.6229508196721312,0.6790633608815426,0.0068306010928961,0.5714285714285714,,0.5177595628415301,0.433242506811989,0.6598360655737705,0.0094979647218453,0.0047489823609226,0.0033921302578018,0.0040705563093622,0.0115332428765264,0.0169606512890094,0.0468113975576662,0,0.0,7.3,0,0
06073013423,0.8634750358815209,1.0,0.3350325759897369,1.0,0.7584233286258872,1.0,0.6103939459886127,1.0,0.8039247980274166,0.75,0.3746519557481276,1.0,0.6255088195386703,1.0,1.0,0.6244872085428532,62.44872085428532,3542,47,195875.0,1.7,3.7,64.1,69,78.8,4.093567251461988,3273,324,13.7,9.7,60.98901098901099,4.4422507403751235,7.429718875502007,80.94768015794669,14.933837429111533,1.7458777885548011,6.493506493506494,,1.5794669299111548,49.96978851963746,92.30009871668312,6.5,17.25,88.25,42.375,40.875,52.5,14.75,0.9694708276797828,0.9514563106796116,0.9318801089918256,0.6010928961748634,0.7942779291553134,0.0420624151967435,0.279291553133515,0.2995839112343966,0.6689280868385346,0.6987788331071914,0.8421768707482993,0.8238095238095238,0.4008207934336525,0.5122950819672132,0.7224489795918367,0.8060109289617486,0.7011019283746556,0.7814207650273224,0.929251700680272,,0.7595628415300546,0.1321525885558583,0.2322404371584699,0.1363636363636363,0.4586160108548168,0.6227951153324288,0.6173677069199457,0.6227951153324288,0.6180461329715061,0.6465400271370421,154,12.0,6.4,13,49
06073013320,0.5385679246926165,1.0,0.4519803068006898,1.0,0.5284648187633263,1.0,0.4863658253999274,1.0,0.8137513475335489,0.75,0.5569030637820561,1.0,0.2010854816824966,1.0,1.0,0.511016966950666,51.1016966950666,6317,408,126122.0,6.1,2.9,52.2,433,75.8,0.0,5794,419,15.6,9.7,64.98855835240275,3.6957686127477234,12.184466019417476,73.2726298875201,16.039823008849556,0.0,9.339876523666296,,2.088912694161757,68.23577568563242,100.0,8.0,12.5,19.25,9.25,8.125,9.375,2.875,0.4219810040705563,0.6643550624133149,0.385558583106267,0.6823770491803278,0.6321525885558583,0.6967435549525102,0.2104904632152588,0.6955617198335645,0.1166892808683853,0.5400271370420624,0.6333333333333333,0.8238095238095238,0.2913816689466484,0.5655737704918034,0.4040816326530612,0.6844262295081968,0.6666666666666667,0.9405737704918032,0.8340136054421768,,0.6816939890710383,0.0204359673024523,0.9685792349726776,0.2035278154681139,0.2734056987788331,0.1919945725915875,0.1546811397557666,0.1933514246947082,0.2096336499321573,0.2557666214382632,34,4.125,7.8,16,44
06073013424,0.4762033796858436,1.0,0.4373002367811792,1.0,0.4627071045514542,1.0,0.669222099819722,1.0,0.6732685979598902,0.75,0.6981159700818432,1.0,0.4925373134328358,1.0,1.0,0.5584792431875384,55.84792431875384,6464,319,177941.0,12.1,6.3,37.8,298,88.7,8.547008547008547,6099,451,15.2,11.1,36.920529801324506,5.489773950484392,6.40470297029703,64.85468245425189,15.11746680286006,0.0,25.68069306930693,,1.1302475780409045,36.863217007621344,98.4930032292788,13.5,16.0,50.625,25.0,22.875,30.625,8.25,0.5230664857530529,0.9167822468793344,0.0728882833787466,0.3920765027322405,0.444141689373297,0.4531886024423338,0.6525885558583107,0.1844660194174757,0.0814111261872455,0.4891451831750339,0.680952380952381,0.5993197278911564,0.8741450068399452,0.4207650273224044,0.7972789115646258,0.5846994535519126,0.6928374655647382,0.9405737704918032,0.3863945578231292,,0.819672131147541,0.4686648501362398,0.8060109289617486,0.4864314789687924,0.4029850746268656,0.5074626865671642,0.5067842605156038,0.457259158751696,0.5149253731343284,0.4762550881953867,91,7.25,7.7,22,47
06073016403,0.2516171296795141,1.0,0.3913935021565831,1.0,0.3042212407351,1.0,0.3648940189876942,1.0,0.4088176543254252,0.75,0.4346793526004675,1.0,0.2506105834464043,1.0,1.0,0.3437476402758841,34.37476402758842,5362,532,80341.0,5.5,26.9,39.5,102,77.6,0.0,4987,581,17.5,13.3,83.41625207296849,2.3794996949359364,17.90193842645382,59.8535692495424,43.42857142857143,3.303834808259587,24.24468481909735,,9.823062843197071,45.61301568855317,99.45088468578402,13.0,15.75,24.875,10.25,14.625,8.75,3.625,0.296472184531886,0.2413314840499306,0.4686648501362398,0.0,0.4638964577656675,0.0922659430122116,0.2404632152588555,0.6955617198335645,0.2265943012211668,0.3181818181818182,0.3517006802721089,0.3204081632653061,0.0300957592339261,0.6912568306010929,0.2068027210884353,0.5314207650273224,0.1707988980716253,0.6352459016393442,0.4204081632653061,,0.1707650273224044,0.2220708446866485,0.9112021857923496,0.4640434192672998,0.3921302578018996,0.2299864314789688,0.1960651289009498,0.3256445047489824,0.2048846675712347,0.296472184531886,32,2.875,8.2,24,49
06073020812,0.4910500568415548,1.0,0.3377217445216712,1.0,0.335525064842762,1.0,0.6465636674036751,1.0,0.6654435946803415,0.75,0.5245839599370666,1.0,0.0213025780189959,1.0,1.0,0.4317415237494381,43.174152374943816,2163,108,54536.0,4.1,6.6,26.9,298,84.8,0.0,1985,548,21.1,18.5,30.76923076923077,9.43627450980392,3.655107778819118,55.392156862745104,23.809523809523807,0.0,18.955154877484976,,0.6127450980392157,76.03121516164994,97.54901960784314,3.5,5.25,1.125,1.125,0.0,0.0,0.0,0.8846675712347354,0.0485436893203883,0.6580381471389646,0.3729508196721312,0.2704359673024523,0.4531886024423338,0.4884196185286104,0.6955617198335645,0.926729986431479,0.3514246947082767,0.0496598639455782,0.0142857142857142,0.9343365253077976,0.2527322404371585,0.9319727891156464,0.4672131147540984,0.4979338842975206,0.9405737704918032,0.5578231292517006,,0.9002732240437159,0.0068119891008174,0.6666666666666666,0.0746268656716417,0.0440976933514246,0.0142469470827679,0.0169606512890094,0.0115332428765264,0.0169606512890094,0.0468113975576662,1,0.0,15.4,7,21
06073021102,0.1749442925995271,1.0,0.0969984484657949,1.0,0.3220257709596729,1.0,0.4891997668301022,1.0,0.4942679786090473,0.75,0.1347595082463532,1.0,0.0165535956580732,1.0,1.0,0.2469641944812244,24.696419448122445,3095,997,52484.0,6.2,10.3,15.2,225,71.8,26.38888888888889,2489,623,19.3,18.2,66.3157894736842,4.904904904904905,8.634274458305976,66.36636636636636,48.81516587677725,3.664416586306654,11.954765751211632,,5.205205205205205,63.00738007380073,73.07307307307308,0.0,0.0,0.0,0.0,0.0,0.0,0.0,0.0881953867028494,0.0388349514563106,0.3746594005449591,0.1980874316939891,0.082425068119891,0.2903663500678426,0.1491825613079019,0.0457697642163661,0.8670284938941655,0.2550881953867028,0.146938775510204,0.019047619047619,0.2585499316005472,0.4685792349726776,0.6272108843537415,0.6024590163934426,0.1143250688705234,0.610655737704918,0.7578231292517007,,0.3661202185792349,0.0340599455040872,0.0040983606557377,0.0094979647218453,0.0047489823609226,0.0033921302578018,0.0040705563093622,0.0115332428765264,0.0169606512890094,0.0468113975576662,0,0.0,12.4,0,0
06073010016,0.9925373134328358,0.25,0.3765291663087247,1.0,0.6683738081392666,1.0,0.0585034013605442,0.25,0.3687074829931973,0.25,,0.0,0.1466757123473541,1.0,0.8571428571428571,0.4352211474303205,43.52211474303205,3170,0,,,,2.9,715,100.0,100.0,0,0,17.0,13.8,,,29.905362776025235,,,,26.498422712933753,,,,,4.5,11.75,13.875,7.25,5.375,6.25,1.125,0.9925373134328358,,,,0.0013623978201634,0.9226594301221168,0.9952316076294278,0.001386962552011,0.9959294436906376,0.994572591587517,0.4224489795918367,0.2605442176870748,,,0.0585034013605442,,,,0.3687074829931973,,,,,0.0949796472184531,0.2435549525101764,0.1478968792401628,0.1166892808683853,0.1533242876526458,0.1492537313432835,0.166214382632293,25,3.125,12.5,9,43
06073016000,0.4643499025088501,1.0,0.4777219848360765,1.0,0.5405470329244316,1.0,0.5257666486342917,1.0,0.2781974594521975,1.0,0.4407468620181355,1.0,0.6310719131614654,1.0,1.0,0.4797716862193498,47.97716862193498,2424,622,90357.0,3.6,4.2,30.9,197,79.1,0.0,2269,291,18.0,14.1,46.88644688644688,7.819383259911894,11.742738589211616,69.93392070484582,15.11627906976744,7.817258883248732,66.006600660066,77.98382078,3.4140969162995596,33.76744186046511,92.29074889867842,21.0,20.25,89.25,44.0,45.125,51.875,13.5,0.228629579375848,0.3398058252427184,0.7391008174386922,0.549863387978142,0.3317438692098092,0.234056987788331,0.2874659400544959,0.6955617198335645,0.8955223880597015,0.7503392130257802,0.2904761904761904,0.2258503401360544,0.7222982216142271,0.3114754098360656,0.4258503401360544,0.6434426229508197,0.6942148760330579,0.2704918032786885,0.0938775510204081,0.0542056074766355,0.5314207650273224,0.5599455040871935,0.2308743169398907,0.7103120759837178,0.60719131614654,0.6261872455902306,0.6268656716417911,0.6567164179104478,0.6139755766621439,0.6316146540027137,132,8.75,9.7,38,51
06073017063,0.726200467557081,1.0,0.5815521343116364,1.0,0.6138659670109563,1.0,0.3993012797951815,1.0,0.5750860286308445,0.75,0.3796635448151953,1.0,0.1529172320217096,1.0,1.0,0.4897980934489436,48.97980934489435,4257,138,124861.0,2.4,4.5,63.4,398,94.5,0.0,4162,495,13.3,10.3,54.426705370101594,5.28580208973571,21.103117505995204,53.04240934234789,26.722338204592894,5.899363794100636,7.282123561193329,,5.654578979717271,31.705685618729095,91.5181315304241,5.5,15.0,14.875,10.125,4.375,7.5,0.625,0.824966078697422,0.6560332871012483,0.888283378746594,0.53551912568306,0.7813351498637602,0.6445047489823609,0.8835149863760218,0.6955617198335645,0.4355495251017639,0.4314789687924016,0.8768707482993198,0.7115646258503401,0.5745554035567715,0.4385245901639344,0.1401360544217686,0.4439890710382513,0.4325068870523416,0.3907103825136612,0.9020408163265308,,0.3306010928961749,0.6294277929155314,0.1789617486338797,0.1153324287652645,0.3690637720488466,0.16078697421981,0.189280868385346,0.1085481682496607,0.1784260515603799,0.1275440976933514,25,2.0,4.8,10,45
06073008331,0.8334674749772238,1.0,0.4571385938889049,1.0,0.9217426319238686,1.0,0.8247267664213989,1.0,0.8311839217299851,1.0,0.8267211129474944,1.0,0.0900949796472184,1.0,1.0,0.6835822116480134,68.35822116480134,2648,70,230956.0,1.8,5.2,88.7,33,78.9,0.0,2616,132,11.9,8.8,45.65217391304348,1.164021164021164,6.145675265553869,90.05291005291005,11.63895486935867,3.472931562819203,5.66465256797583,3.248288737,1.3756613756613756,26.557377049180324,99.68253968253968,10.0,17.0,11.125,6.25,4.125,3.125,0.0,0.9389416553595658,0.9944521497919556,0.92574931880109,0.4747267759562842,0.9965940054495912,0.0135685210312075,0.2826975476839237,0.6955617198335645,0.835820895522388,0.9525101763907734,0.9714285714285714,0.9272108843537414,0.7448700410396717,0.8142076502732241,0.8149659863945579,0.924863387978142,0.7837465564738292,0.6202185792349727,0.946938775510204,0.9738317757009346,0.7868852459016393,0.7602179836512262,0.9330601092896176,0.3086838534599728,0.4457259158751696,0.10719131614654,0.0997286295793758,0.0997286295793758,0.0970149253731343,0.0468113975576662,21,0.0,3.7,16,59
06073008336,0.7693083147424388,1.0,0.5107314791036536,1.0,0.9274880237033756,1.0,0.9061118490476632,1.0,0.9047069338107288,1.0,0.5957574584456257,1.0,0.0899592944369063,1.0,1.0,0.672009050470056,67.2009050470056,2047,68,190938.0,4.8,3.4,65.3,122,84.4,0.0,2006,166,12.0,9.1,32.35294117647059,0.0,6.692721055202735,94.18758256274768,14.479638009049776,0.0,3.908158280410357,0.572495333,1.717305151915456,40.61302681992337,97.75429326287978,13.5,17.75,11.25,8.5,2.5,3.125,0.0,0.9423337856173676,0.9431345353675452,0.5640326975476839,0.6277322404371585,0.8099455040871935,0.1180461329715061,0.4652588555858311,0.6955617198335645,0.9253731343283582,0.9172320217096336,0.9653061224489796,0.9020408163265308,0.9220246238030096,0.950136612021858,0.7755102040816326,0.976775956284153,0.7100550964187328,0.9405737704918032,0.9700680272108844,0.9981308411214952,0.7322404371584699,0.3583106267029973,0.6967213114754098,0.4864314789687924,0.4891451831750339,0.1085481682496607,0.1424694708276797,0.0549525101763907,0.0970149253731343,0.0468113975576662,20,1.0,3.9,19,60
06073018520,0.4826975011818767,1.0,0.5489853731213038,1.0,0.3209707492223483,1.0,0.3326665702499071,1.0,0.4389101713936714,0.75,0.4985184854305326,1.0,0.4290366350067843,1.0,1.0,0.4359693550866321,43.59693550866321,5213,254,99671.0,3.3,12.7,23.6,691,96.0,0.0,4287,608,18.2,13.0,65.70644718792867,11.146295123495884,12.150433944069432,53.134895503483214,44.30147058823529,0.0,38.94110876654518,,2.849905003166562,50.21129466000769,98.29005699810006,12.5,6.75,42.875,18.25,22.375,18.125,9.625,0.6194029850746269,0.4091539528432732,0.7826975476839237,0.119535519125683,0.2288828337874659,0.9118046132971506,0.9325613079019074,0.6955617198335645,0.4002713704206241,0.2727272727272727,0.2578231292517007,0.3530612244897959,0.2681258549931601,0.2103825136612022,0.4068027210884354,0.4453551912568306,0.1639118457300276,0.9405737704918032,0.2122448979591836,,0.5997267759562841,0.1267029972752044,0.7691256830601093,0.443012211668928,0.0820895522388059,0.4362279511533243,0.3717774762550881,0.4504748982360922,0.3521031207598372,0.5345997286295794,44,3.0,10.5,22,17
06073018523,0.6349139444952276,1.0,0.4000116951472183,1.0,0.4758630317798761,1.0,0.4938076317068955,1.0,0.7374484296721895,0.75,0.5435427554682033,1.0,0.4525101763907734,1.0,1.0,0.5340139520943404,53.40139520943404,5210,195,106071.0,3.4,3.9,42.1,310,85.9,4.2283298097251585,4880,460,16.4,10.6,52.047315741583255,2.0752895752895753,16.165703275529868,46.95945945945946,17.099236641221374,0.0,16.314779270633395,,1.0135135135135136,38.11922753988245,94.4015444015444,13.5,7.25,44.625,19.125,25.125,18.75,9.625,0.7225237449118046,0.4701803051317614,0.7656675749318801,0.5812841530054644,0.4993188010899183,0.4762550881953867,0.5497275204359673,0.2940360610263522,0.2523744911804613,0.4789687924016282,0.5027210884353741,0.6693877551020408,0.6320109439124487,0.7172131147540983,0.254421768707483,0.3715846994535519,0.6391184573002755,0.9405737704918032,0.6326530612244898,,0.8319672131147541,0.4400544959128065,0.3586065573770491,0.4864314789687924,0.0943012211668928,0.4599728629579376,0.4023066485753053,0.4993215739484396,0.3663500678426051,0.5345997286295794,43,3.5,6.9,21,17
06073018521,0.5224823651659289,1.0,0.4229013394871461,1.0,0.3574019974339804,1.0,0.5280616592805631,1.0,0.3711192032248025,0.75,0.2566792235573225,1.0,0.4458616010854817,1.0,1.0,0.4149296270336036,41.49296270336036,4856,319,102679.0,3.9,5.6,35.2,267,86.4,0.0,4663,931,15.6,12.4,67.75147928994083,4.990524320909665,7.901850696610523,76.05811749842071,24.586776859504138,6.552538370720189,31.095551894563425,,5.243209096651927,48.15022421524663,92.3562855337966,12.0,6.25,42.875,18.75,23.125,19.375,10.25,0.5230664857530529,0.4382801664355062,0.688692098092643,0.4398907103825137,0.4073569482288828,0.3751696065128901,0.5728882833787466,0.6955617198335645,0.3100407055630936,0.059023066485753,0.6333333333333333,0.4272108843537415,0.2339261285909712,0.4617486338797814,0.689795918367347,0.726775956284153,0.4752066115702479,0.3469945355191257,0.291156462585034,,0.3647540983606557,0.1662125340599455,0.2390710382513661,0.4185888738127544,0.0678426051560379,0.4362279511533243,0.3894165535956581,0.4647218453188602,0.378561736770692,0.5603799185888738,43,2.0,7.4,19,17
06073017071,0.8087172100951378,1.0,0.4490379958141313,1.0,0.7619608358947378,1.0,0.4760732848228884,1.0,0.7407623023015827,0.75,0.7187219269119479,1.0,0.1613297150610583,1.0,1.0,0.5880861815573549,58.808618155735495,5229,170,154907.0,3.6,1.0,66.1,205,80.9,0.0,4893,162,12.6,8.4,59.23295454545454,1.5,19.919401266551525,58.55555555555556,3.9764359351988214,3.277807630306287,16.064257028112447,,0.9444444444444444,41.24293785310734,100.0,8.5,14.5,15.125,10.0,5.375,7.5,0.625,0.7747625508819539,0.8432732316227461,0.7391008174386922,0.8777322404371585,0.8283378746594006,0.248303934871099,0.3440054495912806,0.6955617198335645,0.2455902306648575,0.9219810040705564,0.927891156462585,0.9523809523809524,0.4487004103967168,0.7773224043715847,0.1687074829931972,0.5095628415300546,0.940771349862259,0.6379781420765027,0.6435374149659864,,0.8442622950819672,0.3433242506811989,0.9685792349726776,0.2327001356852103,0.3453188602442333,0.1628222523744912,0.1845318860244233,0.1533242876526458,0.1784260515603799,0.1275440976933514,25,2.0,4.5,15,44
06073008381,0.6777538333777158,1.0,0.6818800094270182,1.0,0.8238718282428303,1.0,0.4244603159601622,1.0,0.6704490078558633,0.75,0.7390499446603435,1.0,0.2043419267299864,1.0,1.0,0.6031152666077029,60.31152666077029,3255,283,201319.0,4.3,4.1,73.1,882,84.6,0.0,3223,304,12.9,7.9,35.661218424962854,3.5294117647058822,36.119775421085464,31.56862745098039,6.382978723404255,8.847184986595174,7.680491551459293,,1.3725490196078431,34.7124824684432,99.41176470588236,14.0,19.0,18.875,11.0,8.25,8.75,2.375,0.5637720488466758,0.9583911234396671,0.6301089918256131,0.5587431693989071,0.9080381471389646,0.9633649932157394,0.473433242506812,0.6955617198335645,0.6811397557666214,0.7272727272727273,0.908843537414966,0.9782312925170068,0.8891928864569083,0.5806010928961749,0.0231292517006802,0.2049180327868852,0.9152892561983472,0.2008196721311475,0.8952380952380953,,0.7882513661202186,0.5231607629427792,0.9057377049180328,0.5027137042062415,0.5481682496607869,0.1899592944369063,0.21438263229308,0.1981004070556309,0.2048846675712347,0.21438263229308,33,1.0,5.2,26,61
06073017060,0.6575107172272908,1.0,0.4419105170326609,1.0,0.6762465501804521,1.0,0.8839111368908982,1.0,0.8859786618888172,0.75,0.6917432239940838,1.0,0.1397557666214382,1.0,1.0,0.6252937962622346,62.52937962622346,3323,286,127143.0,5.7,0.0,66.0,207,85.1,0.0,3250,450,11.0,11.5,45.65217391304348,0.0,4.574179957869395,92.33082706766918,0.0,2.1339220014716704,6.319590731266927,,0.9022556390977444,36.95364238410596,98.19548872180452,4.5,12.5,13.5,9.375,4.375,6.875,0.625,0.5583446404341927,0.6685159500693482,0.4352861035422343,0.967896174863388,0.8256130790190735,0.2544097693351425,0.5074931880108992,0.6955617198335645,0.6757123473541384,0.4918588873812755,0.9952380952380953,0.5421768707482993,0.7448700410396717,0.950136612021858,0.8843537414965986,0.9562841530054644,0.9855371900826446,0.7377049180327868,0.9346938775510204,,0.8497267759562841,0.4659400544959128,0.7595628415300546,0.0949796472184531,0.2734056987788331,0.1383989145183175,0.1587516960651289,0.1085481682496607,0.1655359565807327,0.1275440976933514,23,2.0,3.8,9,39
06073017065,0.611699896050505,1.0,0.456292409896802,1.0,0.5757328847414135,1.0,0.5375974922946686,1.0,0.693071450230275,0.75,0.4712643250299033,1.0,0.1693351424694708,1.0,1.0,0.5021419429590054,50.21419429590054,10415,365,212083.0,2.3,13.1,78.3,278,64.7,0.0,10244,503,12.9,8.1,59.08596300326442,8.959276018099548,6.528708831244535,69.92458521870286,32.43823845327605,0.0,10.177628420547288,,4.042232277526395,59.36015204307887,99.24585218702866,7.5,16.5,16.5,10.25,5.375,8.125,0.625,0.4681139755766621,0.972260748959778,0.8985013623978202,0.1079234972677595,0.9550408719346049,0.4063772048846675,0.076975476839237,0.6955617198335645,0.0040705563093622,0.4185888738127544,0.908843537414966,0.9714285714285714,0.4528043775649795,0.2663934426229508,0.7891156462585034,0.6420765027322405,0.3223140495867769,0.9405737704918032,0.8163265306122449,,0.476775956284153,0.0517711171662125,0.8852459016393442,0.1791044776119403,0.4246947082767978,0.1763907734056987,0.1960651289009498,0.1533242876526458,0.1933514246947082,0.1275440976933514,29,1.5,4.4,12,48
06073017064,0.912876510515077,1.0,0.5796185641716558,1.0,0.6636398249937696,1.0,0.873877087052892,1.0,0.8692752673485056,0.75,0.5198031595717753,1.0,0.164450474898236,1.0,1.0,0.6547915555074159,65.47915555074158,8172,114,243880.0,2.6,0.6,83.8,430,96.5,1.984732824427481,8142,331,12.0,7.3,18.4,0.0,9.059576563269326,94.4271065537227,1.436265709156194,2.9844290657439445,4.527655408712677,,3.8787338386090062,44.4686140459913,98.61792242532324,6.0,15.25,16.0,10.25,4.875,8.125,0.625,0.8717774762550882,0.9986130374479888,0.861716621253406,0.9193989071038252,0.9822888283378748,0.689280868385346,0.9448228882833788,0.3619972260748959,0.0149253731343284,0.6845318860244234,0.9653061224489796,0.9897959183673468,0.975376196990424,0.950136612021858,0.5877551020408163,0.98224043715847,0.9710743801652892,0.6707650273224044,0.9659863945578232,,0.4890710382513661,0.2561307901907357,0.8142076502732241,0.1248303934871099,0.3744911804613297,0.1696065128900949,0.1960651289009498,0.1356852103120759,0.1933514246947082,0.1275440976933514,28,1.5,4.3,10,45
06073017061,0.8408649136395846,1.0,0.3248760210471422,1.0,0.7667626616453909,1.0,0.5377706810898206,1.0,0.6898950882344538,0.75,0.4175451526927831,1.0,0.1050203527815468,1.0,1.0,0.5261049815901032,52.61049815901032,3663,254,171972.0,2.5,0.0,85.5,56,71.6,9.281437125748502,3571,275,11.8,10.2,94.14893617021278,0.0,14.550914550914552,87.18473074301295,2.293577981651376,9.388511426806671,6.552006552006552,,1.2951601908657124,62.96296296296296,94.95569188820724,7.0,17.25,10.25,5.75,3.75,4.375,0.625,0.6194029850746269,0.9001386962552012,0.8760217983651226,0.967896174863388,0.9877384196185286,0.0352781546811397,0.1437329700272479,0.1692094313453537,0.5834464043419267,0.7754409769335142,0.9768707482993196,0.7312925170068028,0.0068399452804377,0.950136612021858,0.3047619047619048,0.889344262295082,0.9641873278236914,0.180327868852459,0.9251700680272108,,0.7937158469945356,0.0354223433242506,0.4234972677595628,0.1546811397557666,0.4586160108548168,0.0895522388059701,0.0922659430122116,0.0902306648575305,0.1255088195386703,0.1275440976933514,19,1.0,3.9,13,57
06073019810,0.2784672064329068,1.0,0.391858459979042,1.0,0.3467594771965774,1.0,0.657382505041666,1.0,0.7121996524753603,0.75,0.4974278226947186,1.0,0.3474898236092266,1.0,1.0,0.4616549924899282,46.16549924899282,6617,1166,133822.0,10.3,9.9,59.7,165,92.0,5.172413793103448,6519,474,16.9,12.3,48.84210526315789,11.140008669267448,3.2366927442859335,79.41048981361075,25.677267373380445,0.0,12.392322804896478,,6.415257910706545,41.69593577521324,99.21976592977892,8.0,9.5,37.0,14.375,19.625,15.625,6.375,0.0542740841248303,0.7170596393897365,0.1321525885558583,0.2103825136612022,0.7336512261580381,0.1872455902306648,0.7935967302452316,0.2635228848821082,0.0502035278154681,0.4633649932157394,0.4387755102040817,0.4346938775510204,0.6853625170998632,0.2117486338797813,0.9564625850340136,0.7759562841530054,0.4531680440771349,0.9405737704918032,0.7428571428571429,,0.2855191256830601,0.3242506811989101,0.8825136612021858,0.2035278154681139,0.1696065128900949,0.3487109905020353,0.2720488466757123,0.3989145183175034,0.3147896879240163,0.4029850746268656,50,4.5,7.6,15,22
06073008376,0.5672036551819879,1.0,0.6713063296465793,1.0,0.5360396533104422,1.0,0.2696393902585815,1.0,0.2055651868298238,0.75,0.602585577939578,1.0,0.4142469470827679,1.0,1.0,0.4666552486071086,46.66552486071087,6332,954,110625.0,3.9,0.0,71.6,906,86.6,0.0,5983,503,15.4,8.2,51.86485300570426,7.34622144112478,32.18080888183981,15.184534270650262,33.84146341463415,8.520900321543408,62.223626026531896,,4.499121265377856,22.26086956521739,96.0281195079086,8.0,22.0,42.625,20.625,19.125,21.875,5.0,0.0990502035278154,0.5131761442441054,0.688692098092643,0.967896174863388,0.8848773841961853,0.9674355495251018,0.5776566757493188,0.6955617198335645,0.1031207598371777,0.4185888738127544,0.6571428571428571,0.9653061224489796,0.6347469220246238,0.3306010928961749,0.0435374149659864,0.0696721311475409,0.2878787878787878,0.226775956284153,0.1020408163265306,,0.4289617486338798,0.8610354223433243,0.51775956284153,0.2035278154681139,0.6987788331071914,0.4314789687924016,0.4586160108548168,0.3900949796472184,0.4369063772048847,0.3541383989145183,69,2.625,6.4,15,64
06073008375,0.4812653625730828,1.0,0.6851937294077436,1.0,0.675299292037032,1.0,0.3018219449426739,1.0,0.4846851756102341,0.75,0.7632132735764308,1.0,0.48561736770692,1.0,1.0,0.5538708779791596,55.38708779791596,4317,1178,123906.0,4.5,3.5,75.0,904,85.0,0.0,4297,173,16.8,8.7,45.81379772270597,7.30260155180283,44.47533009034051,21.999087174806025,57.89473684210527,0.0,22.237665045170257,,4.837973528069375,8.979990239141046,99.36102236421723,10.5,21.75,53.5,26.375,25.375,28.75,5.625,0.0529172320217096,0.6477115117891817,0.6076294277929155,0.6168032786885246,0.9305177111716622,0.966078697421981,0.5020435967302452,0.6955617198335645,0.3962008141112618,0.9138398914518318,0.4571428571428572,0.9340136054421768,0.7428180574555403,0.3360655737704918,0.0027210884353741,0.1256830601092896,0.0454545454545454,0.9405737704918032,0.4680272108843537,,0.3975409836065574,0.9918256130790192,0.9002732240437158,0.3310719131614654,0.6858887381275441,0.514246947082768,0.5156037991858887,0.5067842605156038,0.5047489823609227,0.3867028493894165,86,3.75,8.2,18,64
06073017058,0.5615827916411247,1.0,0.4576697503434417,1.0,0.5989837454656217,1.0,0.5601210785496051,1.0,0.6382071267742973,0.75,0.7456348674578005,1.0,0.1497964721845318,1.0,1.0,0.5302851189166319,53.028511891663186,4285,261,147817.0,7.6,4.0,57.9,265,85.3,0.0,4149,406,15.1,10.3,39.42992874109264,2.4070021881838075,15.769770706598036,52.78993435448578,23.240938166311302,4.293193717277487,8.868144690781797,,0.5470459518599562,25.076142131979697,96.1706783369803,4.5,14.75,14.5,9.75,4.375,7.5,0.625,0.6031207598371777,0.8058252427184466,0.2670299727520435,0.5703551912568305,0.7125340599455041,0.3683853459972863,0.5163487738419619,0.6955617198335645,0.4369063772048847,0.5569877883310719,0.6904761904761905,0.7115646258503401,0.8426812585499316,0.6885245901639344,0.2693877551020408,0.4398907103825136,0.5110192837465565,0.5491803278688525,0.854421768707483,,0.9057377049180328,0.7929155313351499,0.5382513661202186,0.0949796472184531,0.3582089552238806,0.1580732700135685,0.1763907734056987,0.1085481682496607,0.1784260515603799,0.1275440976933514,25,2.0,5.9,9,44
06073008372,0.6506245327598705,0.75,0.5097355607513969,1.0,0.8450680272108844,1.0,0.5476208516193363,1.0,0.7029948961926821,0.75,0.8798633135301737,1.0,0.1842605156037991,1.0,1.0,0.6171668139525918,61.71668139525918,3819,271,,2.2,5.4,87.8,179,80.2,0.0,3568,173,12.8,8.2,58.18815331010453,0.3703703703703704,13.552631578947368,56.518518518518526,13.272727272727272,4.862579281183932,7.855459544383346,,1.5555555555555556,19.09722222222222,100.0,10.5,18.5,19.25,9.875,8.0,8.125,1.125,0.5841248303934872,,0.903950953678474,0.4637978142076503,0.994550408719346,0.2048846675712347,0.3126702997275204,0.6955617198335645,0.5861601085481682,0.9138398914518318,0.9149659863945578,0.9653061224489796,0.4705882352941176,0.8934426229508197,0.3455782312925169,0.4808743169398907,0.7396694214876033,0.48224043715847,0.8870748299319728,,0.7609289617486339,0.9100817438692098,0.9685792349726776,0.3310719131614654,0.519674355495251,0.1919945725915875,0.1811397557666214,0.1886024423337856,0.1933514246947082,0.166214382632293,35,0.0,4.2,20,62
06073008374,0.7977166668380553,0.75,0.392949816968006,1.0,0.8558146189276253,1.0,0.7411673580984053,1.0,0.8698541192207362,0.75,0.8934848101328647,1.0,0.157259158751696,1.0,1.0,0.6726066498481984,67.26066498481984,3952,62,,0.7,5.4,89.4,125,72.6,4.263565891472868,3943,108,11.5,7.6,57.77777777777777,0.0,8.695652173913043,88.9795918367347,13.138686131386862,0.0,6.578947368421052,,0.8979591836734694,14.98913830557567,99.18367346938776,9.5,18.0,18.25,8.875,7.375,7.5,0.5,0.9518317503392132,,0.9775204359673024,0.4637978142076503,0.9986376021798364,0.1241519674355495,0.1559945504087193,0.2912621359223301,0.4816824966078697,0.9708276797829036,0.9843537414965986,0.9863945578231292,0.4870041039671683,0.950136612021858,0.616326530612245,0.9112021857923496,0.7451790633608815,0.9405737704918032,0.923809523809524,,0.8510928961748634,0.9536784741144414,0.8756830601092896,0.2856173677069199,0.5020352781546812,0.1865671641791045,0.1478968792401628,0.1777476255088195,0.1784260515603799,0.0956580732700135,34,0.0,3.7,17,60
06073008369,0.581547127984819,1.0,0.6512231315671227,1.0,0.7193111437247899,1.0,0.3777549315570681,1.0,0.3137043816307176,0.75,0.9458490294466532,1.0,0.0616010854816824,1.0,1.0,0.5215701187704076,52.15701187704076,4624,264,170156.0,5.0,7.9,79.2,676,86.3,0.0,4456,289,14.3,7.7,58.920187793427225,2.7358490566037736,21.81739319019735,36.65094339622642,33.67556468172484,6.236178681999116,31.790657439446367,,0.5188679245283019,14.694835680751172,100.0,11.0,16.5,8.25,4.625,3.0,1.875,0.0,0.596336499321574,0.8932038834951457,0.5367847411444142,0.299863387978142,0.9591280653950952,0.903663500678426,0.5674386920980926,0.6955617198335645,0.3582089552238806,0.7544097693351425,0.780952380952381,0.9836734693877552,0.4582763337893296,0.6584699453551912,0.1306122448979592,0.2636612021857923,0.290633608815427,0.3674863387978142,0.2829931972789116,,0.9112021857923496,0.957765667574932,0.9685792349726776,0.3568521031207598,0.4246947082767978,0.0637720488466757,0.064450474898236,0.0719131614654002,0.0610583446404341,0.0468113975576662,16,0.0,4.8,15,59
06073008370,0.752117969422508,1.0,0.5861422934983632,1.0,0.8548955131577732,1.0,0.4954022134969123,1.0,0.5167323190848846,0.75,0.7574646496230452,1.0,0.0780189959294437,1.0,1.0,0.5772534220304186,57.72534220304186,3757,136,149851.0,3.1,4.1,82.3,304,87.5,0.0,3523,124,13.2,7.9,41.842900302114806,3.1113876789047916,25.759612799139553,56.19166148102054,15.445544554455443,14.52127659574468,10.912962470055897,,3.7336652146857494,24.719101123595504,100.0,9.5,17.5,10.25,5.375,3.0,3.125,0.0,0.8276797829036635,0.8141470180305131,0.8079019073569482,0.5587431693989071,0.9795640326975475,0.4647218453188602,0.6178474114441417,0.6955617198335645,0.5956580732700136,0.9579375848032564,0.8877551020408163,0.9782312925170068,0.79890560875513,0.6188524590163935,0.0870748299319728,0.476775956284153,0.6845730027548209,0.0778688524590164,0.7877551020408163,,0.5,0.8038147138964578,0.9685792349726776,0.2856173677069199,0.4735413839891452,0.0895522388059701,0.0848032564450474,0.0719131614654002,0.0970149253731343,0.0468113975576662,20,0.0,4.0,14,59
06073020041,0.3721484626417262,1.0,0.4377483412302241,1.0,0.5810596830319645,1.0,0.3360522840474352,1.0,0.6137613858712432,0.75,0.4976573705970231,1.0,0.3921302578018996,1.0,1.0,0.4615082550316451,46.15082550316451,3150,388,85855.0,5.4,8.7,35.2,343,91.9,5.405405405405405,2540,299,18.8,11.5,74.95590828924162,11.60443995963673,7.638446849140674,42.78506559031282,32.0,1.5888778550148956,13.333333333333334,,2.0181634712411705,56.21156211562116,97.98183652875882,11.0,12.5,40.125,19.875,14.5,25.625,4.375,0.4382632293080054,0.3009708737864077,0.4843324250681199,0.2650273224043715,0.4073569482288828,0.5427408412483039,0.7874659400544959,0.2586685159500693,0.8575305291723202,0.7347354138398914,0.189795918367347,0.5421768707482993,0.0998632010943912,0.2035519125683059,0.7129251700680272,0.3278688524590163,0.3278236914600551,0.7978142076502732,0.7156462585034014,,0.6898907103825136,0.0722070844686648,0.7308743169398907,0.3568521031207598,0.2734056987788331,0.4016282225237449,0.4355495251017639,0.3229308005427408,0.4782903663500678,0.3222523744911804,47,2.5,10.2,18,24
06073020037,0.3676757651626702,1.0,0.3822514944408386,1.0,0.488230231034069,1.0,0.4494400352592429,1.0,0.7288728782394953,0.75,0.7008767489068557,1.0,0.4226594301221167,1.0,1.0,0.5057152261664698,50.57152261664698,4415,289,107034.0,8.1,10.3,24.4,447,84.8,6.5015479876160995,3757,434,16.8,12.2,46.567717996289424,8.571428571428571,16.124630429838525,60.146520146520146,12.433392539964476,0.0,21.517553793884485,,2.490842490842491,16.893203883495143,96.11721611721612,10.5,12.75,43.75,18.125,20.25,23.75,7.0,0.5522388059701493,0.4812760055478502,0.239100817438692,0.1980874316939891,0.244550408719346,0.7164179104477612,0.4884196185286104,0.2260748959778086,0.5373134328358209,0.514246947082768,0.4571428571428572,0.4442176870748299,0.7277701778385772,0.2786885245901639,0.25578231292517,0.5355191256830601,0.7603305785123967,0.9405737704918032,0.4857142857142857,,0.6352459016393442,0.9373297002724796,0.5300546448087432,0.3310719131614654,0.2869742198100407,0.4443690637720488,0.369742198100407,0.4151967435549525,0.4613297150610583,0.4226594301221167,59,4.0,9.3,18,24
06073017406,0.7962877827301161,1.0,0.3695838915521862,1.0,0.7641488752896002,1.0,0.7312426857895273,1.0,0.6482477225185336,0.75,0.7366489976821865,1.0,0.089416553595658,1.0,1.0,0.5907966441654011,59.07966441654011,2790,83,189135.0,6.3,0.0,67.7,183,58.5,0.0,2751,355,12.9,10.4,29.794520547945208,2.3486901535682025,8.676945141627822,72.53839205058718,0.0,6.582278481012659,16.845878136200717,,1.9873532068654016,30.363036303630363,98.9159891598916,7.5,11.5,10.375,4.625,5.0,3.125,0.0,0.9138398914518318,0.9389736477115118,0.364441416893733,0.967896174863388,0.8460490463215259,0.2164179104477611,0.0442779291553133,0.6955617198335645,0.8073270013568521,0.6438263229308006,0.908843537414966,0.6965986394557824,0.9398084815321476,0.6939890710382514,0.6204081632653061,0.6707650273224044,0.9855371900826446,0.3387978142076503,0.6204081632653061,,0.6939890710382514,0.659400544959128,0.8565573770491803,0.1791044776119403,0.2360922659430122,0.0936227951153324,0.064450474898236,0.1451831750339213,0.0970149253731343,0.0468113975576662,13,1.0,4.1,14,36
06073017405,0.6000037821961438,1.0,0.3760333709578913,1.0,0.5023449542639308,1.0,0.6350831306598126,1.0,0.5817145880164829,0.75,0.8069837157477305,1.0,0.0796472184531886,1.0,1.0,0.5116872514707401,51.168725147074014,4024,1368,150893.0,3.5,1.8,60.9,120,86.4,7.352941176470589,3477,136,18.2,14.4,64.59510357815442,0.0,6.933399602385686,59.77272727272728,11.64021164021164,8.71369294605809,12.176938369781311,,1.5151515151515151,16.99266503667482,97.87878787878788,11.5,11.25,9.5,4.25,4.5,3.125,0.0,0.0339213025780189,0.8169209431345353,0.752724795640327,0.7964480874316939,0.75,0.1132971506105834,0.5728882833787466,0.2094313453536754,0.6051560379918589,0.9477611940298508,0.2578231292517007,0.1986394557823129,0.3009575923392613,0.950136612021858,0.7591836734693878,0.5300546448087432,0.7823691460055097,0.2131147540983606,0.7496598639455783,,0.7704918032786885,0.9318801089918256,0.7185792349726776,0.3860244233378562,0.2245590230664857,0.0820895522388059,0.05359565807327,0.1187245590230664,0.0970149253731343,0.0468113975576662,11,1.0,9.6,16,35
06073017307,0.7887844933483159,1.0,0.38197903128577,1.0,0.8425181605885231,1.0,0.7407607896380055,1.0,0.2589173925452401,0.75,0.4084798717509665,1.0,0.0706919945725916,1.0,1.0,0.4988759619613447,49.88759619613447,2282,104,175547.0,3.6,3.5,74.7,34,76.8,0.0,2208,232,13.5,10.0,37.24137931034483,1.572617946345976,8.443271767810026,73.17298797409806,26.732673267326735,33.51783517835179,28.48378615249781,,12.0259019426457,9.113300492610838,90.37927844588344,4.0,14.25,8.625,5.125,3.5,2.5,0.0,0.8907734056987788,0.9084604715672676,0.7391008174386922,0.6168032786885246,0.9291553133514986,0.0156037991858887,0.2316076294277929,0.6955617198335645,0.9063772048846676,0.8419267299864315,0.8612244897959184,0.7605442176870748,0.8700410396716827,0.7704918032786885,0.6408163265306123,0.6816939890710383,0.4297520661157025,0.0150273224043715,0.3319727891156462,,0.0983606557377049,0.989100817438692,0.1379781420765027,0.0827679782903663,0.3371777476255088,0.0691994572591587,0.0793758480325644,0.0820895522388059,0.0759837177747625,0.0468113975576662,12,1.0,4.4,6,51
06073017408,0.844457231975906,1.0,0.4253707240481163,1.0,0.8721983773156481,1.0,0.4616696182857436,1.0,0.5809416744162327,0.75,0.693288019336619,1.0,0.0713704206241519,1.0,1.0,0.5641851522860597,56.41851522860597,2522,133,177037.0,4.1,0.0,80.4,187,80.3,0.0,2308,81,14.8,9.2,46.15384615384615,3.4965034965034967,20.432692307692307,46.85314685314685,0.0,8.844621513944222,19.032513877874703,,2.0104895104895104,26.12847222222222,97.02797202797204,6.5,11.0,8.875,3.75,4.5,2.5,0.0,0.8364993215739485,0.9153952843273232,0.6580381471389646,0.967896174863388,0.9686648501362398,0.2211668928086838,0.3181198910081744,0.6955617198335645,0.8900949796472184,0.9782903663500678,0.7292517006802721,0.891156462585034,0.738030095759234,0.5819672131147541,0.1564625850340135,0.3702185792349727,0.9855371900826446,0.2021857923497267,0.5551020408163265,,0.6926229508196722,0.7697547683923706,0.6174863387978142,0.1363636363636363,0.2123473541383989,0.0739484396200814,0.0413839891451831,0.1187245590230664,0.0759837177747625,0.0468113975576662,10,1.0,4.9,12,37
06073017407,0.8427273740107342,1.0,0.4420499301972074,1.0,0.8253009073371547,1.0,0.8361150226388687,1.0,0.3118860984307013,0.75,0.4911853605515106,1.0,0.0704206241519674,1.0,1.0,0.5456693310454491,54.566933104544916,3078,117,196992.0,2.9,2.4,74.1,148,84.0,0.0,3061,236,13.6,9.2,18.010752688172044,0.0,6.660168940870695,69.52686447473937,19.076923076923077,14.99659168370825,34.76283300844704,,4.410585404971933,29.812981298129813,94.38652766639936,8.5,10.25,8.5,3.875,4.5,2.5,0.0,0.864314789687924,0.9528432732316228,0.826975476839237,0.7267759562841529,0.9243869209809265,0.1655359565807327,0.4475476839237057,0.6955617198335645,0.7218453188602443,0.835820895522388,0.8523809523809524,0.891156462585034,0.9794801641586868,0.950136612021858,0.7782312925170067,0.6366120218579235,0.6088154269972452,0.0765027322404371,0.2503401360544217,,0.4398907103825137,0.6784741144414169,0.3551912568306011,0.2327001356852103,0.1865671641791045,0.0664857530529172,0.0440976933514246,0.1187245590230664,0.0759837177747625,0.0468113975576662,9,1.0,3.9,14,35
06073008378,0.5413264442188515,1.0,0.5620731112944459,1.0,0.7369287606494429,1.0,0.0823158199612288,1.0,0.0982381066051494,0.75,0.7090201158410387,1.0,0.3521031207598372,1.0,1.0,0.4402864970471421,44.02864970471421,843,359,73828.0,0.0,4.6,66.6,84,96.8,0.0,843,74,19.3,9.6,79.3103448275862,12.531969309462914,38.43416370106761,16.11253196930946,56.25,24.807692307692307,39.145907473309606,,9.974424552429667,5.88235294117647,100.0,7.0,21.5,35.875,18.0,17.0,18.125,5.0,0.4742198100407055,0.1692094313453536,0.9931880108991824,0.5286885245901639,0.8337874659400545,0.0651289009497964,0.952316076294278,0.6955617198335645,0.9850746268656716,0.9796472184531886,0.146938775510204,0.8360544217687075,0.0574555403556771,0.180327868852459,0.0122448979591837,0.0792349726775956,0.059228650137741,0.0273224043715847,0.2081632653061225,,0.1625683060109289,0.9959128065395096,0.9685792349726776,0.1546811397557666,0.6709633649932157,0.3324287652645861,0.3656716417910448,0.3561736770691994,0.3521031207598372,0.3541383989145183,59,1.625,11.1,12,62
06073020310,0.3973032785508095,1.0,0.5268984766647704,1.0,0.2783441327684398,1.0,0.3418234964592013,1.0,0.4354907387694273,0.75,0.675761106396073,1.0,0.3640434192672999,1.0,1.0,0.4313806641251458,43.13806641251459,9019,439,111270.0,5.3,10.7,42.8,822,83.3,0.0,8633,889,19.6,9.0,61.68371361132966,5.572403335860501,19.50947603121516,48.938589840788474,32.58971871968962,10.938555030384874,8.759285951879365,,0.0,43.953934740882914,98.44579226686884,9.5,12.75,38.125,19.0,13.25,24.375,3.75,0.383989145183175,0.5201109570041609,0.4986376021798365,0.1864754098360656,0.5081743869209809,0.9545454545454546,0.4305177111716621,0.6955617198335645,0.0122116689280868,0.0719131614654002,0.117687074829932,0.91156462585034,0.3775649794801642,0.4166666666666666,0.1727891156462585,0.4002732240437158,0.3181818181818182,0.1311475409836066,0.8571428571428572,,0.967896174863388,0.2643051771117166,0.7950819672131147,0.2856173677069199,0.2869742198100407,0.364314789687924,0.3968792401628223,0.2876526458616011,0.4687924016282225,0.3025780189959294,44,3.0,8.2,18,24
06073013316,0.4552924346542958,1.0,0.508592372802117,1.0,0.4952344031235289,1.0,0.4418535580454065,1.0,0.6188590181138617,0.75,0.5079274678260697,1.0,0.3690637720488466,1.0,1.0,0.4852604323734466,48.526043237344666,7768,390,139542.0,7.6,6.9,44.8,391,77.9,0.0,7221,464,14.7,10.2,55.66218809980806,9.457642312864186,15.799158780231334,74.18198117436128,10.618556701030927,5.265392781316349,17.25025746652935,,3.2720753025549083,42.6361585562359,97.62438368444644,16.5,14.75,37.75,19.0,15.0,21.25,4.75,0.4369063772048847,0.7558945908460472,0.2670299727520435,0.3613387978142076,0.5374659400544959,0.635685210312076,0.2513623978201635,0.6955617198335645,0.0298507462686566,0.4755766621438263,0.7442176870748299,0.7312925170068028,0.5512995896032832,0.2513661202185792,0.2680272108843538,0.6967213114754098,0.8071625344352618,0.4398907103825137,0.6095238095238096,,0.5505464480874317,0.2956403269754768,0.6775956284153005,0.573270013568521,0.3582089552238806,0.3561736770691994,0.3968792401628223,0.3283582089552239,0.4240162822252374,0.3398914518317503,68,5.0,7.3,29,45
06073019111,0.6603707211799802,1.0,0.3836501406879787,1.0,0.4653444281376051,1.0,0.4552051567863134,1.0,0.4707139523831029,0.75,0.5418571293856057,1.0,0.1591587516960651,1.0,1.0,0.4480428971795215,44.80428971795216,3678,125,142431.0,4.7,5.6,27.7,269,93.5,0.0,3128,295,18.0,15.3,67.93893129770993,9.762773722627738,11.02921102921103,86.67883211678831,15.112540192926044,8.590492076730609,21.207177814029365,,1.2773722627737227,61.74825174825175,98.35766423357664,2.0,5.5,14.25,10.0,3.625,8.125,1.25,0.8521031207598372,0.7711511789181692,0.5783378746594006,0.4398907103825137,0.279291553133515,0.3819538670284939,0.8446866485013624,0.6955617198335645,0.7014925373134329,0.7421981004070557,0.2904761904761904,0.1272108843537415,0.228454172366621,0.2459016393442623,0.4625850340136054,0.8838797814207651,0.6955922865013774,0.2213114754098361,0.4952380952380952,,0.7991803278688525,0.0408719346049046,0.7855191256830601,0.0515603799185888,0.0488466757123473,0.1519674355495251,0.1845318860244233,0.0868385345997286,0.1933514246947082,0.1791044776119403,24,0.0,10.3,4,17
06073019110,0.6268355812575246,1.0,0.3166180347278868,1.0,0.4096599562484423,1.0,0.7000537538690658,1.0,0.2438290413487348,0.75,0.3109952204404341,1.0,0.0282225237449118,1.0,1.0,0.3766020159481429,37.66020159481429,4999,286,143144.0,3.9,5.1,47.0,324,82.9,2.18978102189781,4403,496,16.1,13.6,32.38636363636363,8.409986859395532,7.44421906693712,85.54533508541394,24.11764705882353,16.69403393541325,44.808961792358474,,2.562417871222076,64.33203631647211,93.23258869908015,2.0,3.25,3.0,3.0,0.0,0.0,0.0,0.5583446404341927,0.7766990291262136,0.688692098092643,0.4836065573770491,0.5599455040871935,0.5027137042062415,0.4080381471389646,0.3550624133148404,0.3704206241519674,0.4294436906377205,0.5564625850340136,0.282312925170068,0.920656634746922,0.2909836065573771,0.7210884353741497,0.8674863387978142,0.4944903581267218,0.064207650273224,0.1727891156462585,,0.6256830601092895,0.0272479564032697,0.2800546448087431,0.0515603799185888,0.0223880597014925,0.0298507462686567,0.0359565807327001,0.0115332428765264,0.0169606512890094,0.0468113975576662,5,0.0,7.9,4,13
06073013315,0.6202530167626535,1.0,0.4676723349347405,1.0,0.7322859265823018,1.0,0.6978085057888957,1.0,0.7522869821730797,0.75,0.7090703682196513,1.0,0.3850746268656716,1.0,1.0,0.6234931087609992,62.34931087609992,3862,321,150938.0,2.1,9.3,56.3,154,88.0,1.020408163265306,3623,310,13.1,10.1,60.0,0.8278145695364238,7.120662868979803,78.47682119205298,29.257641921397383,0.0,6.47332988089073,,0.0,47.00739744451917,100.0,16.5,14.75,38.625,18.875,16.0,21.875,5.375,0.519674355495251,0.8196948682385575,0.9087193460490464,0.2329234972677595,0.6873297002724795,0.1723202170963365,0.6348773841961853,0.3800277392510403,0.5698778833107192,0.7198100407055631,0.8945578231292517,0.7448979591836735,0.4322845417236662,0.8469945355191257,0.7496598639455783,0.7622950819672131,0.3856749311294766,0.9405737704918032,0.9306122448979592,,0.967896174863388,0.1907356948228883,0.9685792349726776,0.573270013568521,0.3582089552238806,0.3758480325644505,0.3934871099050203,0.3426051560379918,0.4369063772048847,0.3765264586160108,71,5.0,6.1,26,45
06073018615,0.254401175900325,1.0,0.3464929122155279,1.0,0.5513667746610177,1.0,0.4591227836922035,1.0,0.3682010192868188,0.75,0.4726558816376567,1.0,0.4166892808683853,1.0,1.0,0.4098471183231336,40.98471183231336,3150,353,69149.0,11.7,7.6,21.2,149,88.7,0.0,2396,219,18.4,14.1,46.11005692599621,25.29832935560859,6.253968253968253,37.11217183770883,27.596439169139465,6.159014557670773,29.84126984126984,,0.0,43.619909502262445,91.40811455847256,9.5,6.5,40.625,17.125,27.25,14.375,9.125,0.4837177747625508,0.1331484049930651,0.079700272479564,0.3210382513661202,0.2016348773841962,0.1682496607869742,0.6525885558583107,0.6955617198335645,0.8778833107191316,0.8629579375848033,0.2387755102040816,0.2258503401360544,0.7400820793433652,0.01775956284153,0.8095238095238095,0.2691256830601093,0.4173553719008265,0.3756830601092896,0.3115646258503401,,0.967896174863388,0.273841961852861,0.1762295081967213,0.2856173677069199,0.0753052917232021,0.4050203527815468,0.3351424694708276,0.5345997286295794,0.2903663500678426,0.5183175033921302,38,2.5,12.1,13,17
06073020040,0.5959193389341269,1.0,0.3815053346217036,1.0,0.4884185288769511,1.0,0.6050326983633713,1.0,0.7721852792962012,0.75,0.2355471677511253,1.0,0.367842605156038,1.0,1.0,0.4923501361427882,49.23501361427882,4333,374,164345.0,5.3,4.1,48.0,171,81.9,0.0,4230,542,15.2,11.8,64.0,0.0,11.712552496500232,75.71714476317545,8.969465648854962,2.5357607282184653,11.539349180706209,,8.272181454302869,40.33613445378151,90.12675116744497,7.5,12.25,38.0,19.25,12.375,25.0,4.375,0.4525101763907734,0.8737864077669902,0.4986376021798365,0.5587431693989071,0.5762942779291553,0.1933514246947082,0.3862397820163488,0.6955617198335645,0.4151967435549525,0.3595658073270014,0.680952380952381,0.4979591836734693,0.3173734610123119,0.950136612021858,0.4272108843537415,0.7254098360655737,0.8402203856749311,0.7021857923497268,0.7741496598639456,,0.2076502732240437,0.3692098092643051,0.1297814207650273,0.1791044776119403,0.2584803256445047,0.3602442333785617,0.4084124830393487,0.2740841248303934,0.4742198100407055,0.3222523744911804,46,2.0,6.0,13,23
06073013608,0.2531321252937462,1.0,0.4587648754116848,1.0,0.3271880393948624,1.0,0.3543214979472536,1.0,0.4510066294503169,0.75,0.2471523652119533,1.0,0.5565807327001356,1.0,1.0,0.3783066093442789,37.8306609344279,3801,871,73583.0,16.3,2.6,32.8,88,92.6,0.0,3637,645,17.8,14.3,64.46837146702558,4.990403071017274,15.171858216970998,46.83301343570058,12.673267326732674,8.543007606787596,26.308866087871618,,15.419065898912349,31.94321206743567,87.90786948176583,11.5,16.5,62.75,32.0,32.75,35.0,11.375,0.1207598371777476,0.1650485436893204,0.0204359673024523,0.7062841530054644,0.3610354223433242,0.0698778833107191,0.8153950953678474,0.6955617198335645,0.5644504748982361,0.2191316146540026,0.3156462585034013,0.2095238095238095,0.3023255813953488,0.4631147540983606,0.2829931972789116,0.3688524590163934,0.7548209366391184,0.2254098360655737,0.3727891156462585,,0.0437158469945355,0.6267029972752043,0.0710382513661202,0.3860244233378562,0.4246947082767978,0.5440976933514247,0.5522388059701493,0.5664857530529173,0.5352781546811397,0.5848032564450475,103,7.25,8.9,21,50
06073013607,0.5747645070643979,1.0,0.4645692385353778,1.0,0.4193990622029002,1.0,0.5982137593886201,1.0,0.3329220303033375,0.75,0.3615292605331467,1.0,0.5682496607869743,1.0,1.0,0.4742353598306792,47.42353598306792,2151,138,79847.0,5.0,2.7,33.4,146,89.6,0.0,2090,585,18.7,14.0,47.353760445682454,1.3626834381551365,12.721342031686858,57.861635220125784,19.607843137254903,8.269230769230768,47.88470478847048,,5.660377358490567,34.27471116816431,92.1383647798742,12.0,17.0,69.75,34.25,33.75,38.75,11.375,0.824966078697422,0.2371705963938973,0.5367847411444142,0.700136612021858,0.3739782016348774,0.1621438263229308,0.69141689373297,0.6955617198335645,0.9226594301221168,0.310719131614654,0.2061224489795918,0.2380952380952381,0.7168262653898769,0.7950819672131147,0.382312925170068,0.4986338797814207,0.5950413223140496,0.2459016393442623,0.1578231292517007,,0.3278688524590164,0.5408719346049047,0.2158469945355191,0.4185888738127544,0.4457259158751696,0.5610583446404342,0.5644504748982361,0.5759837177747625,0.5549525101763908,0.5848032564450475,112,8.125,9.6,22,50
06073008202,0.8582898110549723,1.0,0.2581494311942886,0.8333333333333334,0.8186163339148413,1.0,0.3124236351040607,1.0,0.1333528493364558,0.5,0.0504409801323188,1.0,0.2347354138398914,1.0,1.0,0.3808583506538326,38.085835065383264,1203,43,111836.0,1.3,0.0,60.8,73,43.3,,1106,182,9.3,12.7,71.60804020100502,2.2761760242792106,21.862011637572735,36.26707132018209,,38.29588014981273,34.08146300914381,,35.66009104704097,51.24999999999999,84.67374810318664,4.0,16.0,26.5,13.0,10.875,12.5,2.125,0.9735413839891452,0.5325936199722607,0.9591280653950952,0.967896174863388,0.7479564032697548,0.044776119402985,0.0122615803814713,,0.9810040705563092,0.9029850746268656,0.997278911564626,0.3931972789115646,0.1641586867305061,0.6994535519125683,0.1292517006802721,0.2568306010928962,,0.0095628415300546,0.2571428571428571,,0.0027322404371584,0.1158038147138964,0.0327868852459016,0.0827679782903663,0.4029850746268656,0.2455902306648575,0.2408412483039348,0.2415196743554952,0.2449118046132971,0.2008141112618724,45,1.125,3.3,6,49
06073013422,0.7321946881635929,1.0,0.4634197414676451,1.0,0.6081715725638966,1.0,0.8788873460173241,1.0,0.7840735282506626,0.75,0.4769136850255356,1.0,0.6525101763907734,1.0,1.0,0.6565958196970615,65.65958196970615,4017,84,153986.0,6.3,1.6,52.9,178,86.7,2.380952380952381,3653,497,13.3,11.3,20.73170731707317,1.7463933181473046,5.033979360684621,90.66059225512528,0.0,4.634322954380883,8.712969878018422,,3.037205770690964,40.8770555990603,95.8997722095672,13.0,19.0,98.5,48.5,42.5,60.625,16.625,0.9118046132971506,0.8321775312066574,0.364441416893733,0.8203551912568305,0.6362397820163488,0.2021709633649932,0.5803814713896458,0.3495145631067961,0.5617367706919946,0.4260515603799185,0.8768707482993198,0.5680272108843538,0.9699042407660738,0.7486338797814207,0.8625850340136054,0.9344262295081968,0.9855371900826446,0.5040983606557377,0.8625850340136054,,0.5778688524590163,0.3487738419618529,0.5040983606557377,0.4640434192672998,0.5481682496607869,0.6478968792401628,0.6601085481682497,0.6336499321573948,0.6492537313432836,0.6716417910447762,167,13.125,6.2,25,49
06073017062,0.7044255002144175,0.75,0.4022121177730758,1.0,0.6437003295212251,1.0,0.5836581391992558,1.0,0.4628524516431691,0.75,0.686510772621015,1.0,0.0530529172320217,1.0,1.0,0.5052017468863114,50.52017468863114,4767,69,,1.6,9.3,73.2,134,64.2,0.0,4751,470,12.3,9.4,100.0,0.7343124165554071,10.048248374239565,92.25634178905209,24.163027656477436,18.675352877307276,9.020348227396688,,0.7343124165554071,46.05095541401274,100.0,7.0,16.75,6.875,4.875,2.5,0.625,0.0,0.9402985074626866,,0.9400544959128064,0.2329234972677595,0.912125340599455,0.1431478968792401,0.0722070844686648,0.6955617198335645,0.2917232021709633,0.4687924016282225,0.9496598639455782,0.8646258503401361,0.0020519835841312,0.860655737704918,0.5170068027210885,0.9549180327868853,0.4931129476584022,0.0505464480874316,0.8448979591836735,,0.8797814207650273,0.2111716621253405,0.9685792349726776,0.1546811397557666,0.4355495251017639,0.0508819538670284,0.073270013568521,0.0549525101763907,0.039348710990502,0.0468113975576662,14,1.0,4.0,13,59
06073017308,0.5889442530991214,1.0,0.3508804986824994,1.0,0.6955311568317964,1.0,0.5528138228223046,1.0,0.3685224765062959,0.75,0.5104971635324073,1.0,0.0706919945725916,1.0,1.0,0.4482687665781451,44.82687665781451,2388,237,101833.0,3.6,4.5,56.7,120,70.9,0.0,2266,340,15.5,11.3,51.11940298507462,4.040404040404041,8.161548169962138,46.043771043771045,23.809523809523807,8.825786646201074,24.706867671691793,,10.942760942760945,13.015184381778742,95.03367003367003,5.0,15.0,8.625,5.125,3.5,2.5,0.0,0.655359565807327,0.4257975034674063,0.7391008174386922,0.53551912568306,0.6934604904632152,0.1132971506105834,0.1280653950953678,0.6955617198335645,0.8968792401628223,0.6723202170963365,0.6448979591836734,0.5680272108843538,0.6429548563611491,0.540983606557377,0.6680272108843537,0.3592896174863388,0.4979338842975206,0.2035519125683059,0.4040816326530612,,0.1311475409836066,0.9741144414168936,0.4262295081967213,0.1058344640434192,0.3690637720488466,0.0691994572591587,0.0793758480325644,0.0820895522388059,0.0759837177747625,0.0468113975576662,12,1.0,6.7,8,53
06073020311,0.7450585535659918,1.0,0.3317816653781271,1.0,0.4614635542140872,1.0,0.6368097629825853,1.0,0.6176948781590043,0.75,0.4316331898969144,1.0,0.3306648575305291,1.0,1.0,0.50787235167532,50.787235167532,4151,409,130764.0,0.5,0.9,50.1,87,77.3,0.0,4087,673,14.3,12.5,90.2777777777778,0.0,8.387878787878787,90.880303989867,15.637860082304528,3.2475490196078436,19.754276078053483,,3.7365421152628246,56.98924731182796,97.97340088663712,7.0,11.5,35.625,17.375,13.0,21.25,3.125,0.4206241519674355,0.6907073509015257,0.9816076294277928,0.8872950819672131,0.5994550408719346,0.0678426051560379,0.2370572207084468,0.6955617198335645,0.4464043419267299,0.2021709633649931,0.780952380952381,0.4163265306122449,0.0136798905608754,0.950136612021858,0.6448979591836734,0.9385245901639344,0.6776859504132231,0.639344262295082,0.5360544217687075,,0.4986338797814208,0.0667574931880109,0.7295081967213115,0.1546811397557666,0.2360922659430122,0.3297150610583446,0.3426051560379918,0.282225237449118,0.4240162822252374,0.2747625508819539,44,3.5,6.0,14,27
06073002904,0.2493058456203974,1.0,0.6793302119689284,1.0,0.1174560869123768,1.0,0.1431558097886504,1.0,0.3605127066280437,1.0,0.3423787614835991,1.0,0.8868385345997286,1.0,1.0,0.3969968510002464,39.69968510002464,9700,3145,51657.0,8.4,2.2,51.1,587,80.9,0.0,9262,844,27.7,12.8,70.07223942208462,8.470588235294118,41.7367819673834,17.176470588235293,17.1875,13.58861402914266,27.628865979381445,45.16490355,11.568627450980392,33.5297131147541,94.19607843137256,22.5,25.25,193.875,98.25,92.5,126.25,34.75,0.0,0.0360610263522884,0.2145776566757493,0.7465846994535519,0.6123978201634878,0.8453188602442334,0.3440054495912806,0.6955617198335645,0.005427408412483,0.084124830393487,0.001360544217687,0.3789115646258503,0.188782489740082,0.2841530054644808,0.0095238095238094,0.0901639344262295,0.637741046831956,0.0901639344262295,0.3496598639455782,0.3644859813084112,0.1147540983606557,0.5681198910081744,0.3442622950819672,0.7503392130257802,0.8283582089552238,0.864314789687924,0.898236092265943,0.9023066485753052,0.8629579375848032,0.9063772048846676,202,20.25,19.7,40,51
06073006900,0.532393892659432,1.0,0.529360620984046,1.0,0.604985969964648,1.0,0.5447854637470696,1.0,0.6220313438220723,1.0,0.7872667917392534,1.0,0.7017639077340571,1.0,1.0,0.6175125700929398,61.75125700929398,6093,472,146779.0,4.5,6.7,65.7,217,65.0,0.0,5990,249,14.9,9.9,62.5748502994012,0.0,16.641999671106724,69.67771221062188,12.146892655367232,0.6314839873703203,15.755785327424917,59.34038581,0.0,23.396946564885496,96.50476622787107,15.5,23.75,124.25,57.75,53.25,81.875,19.0,0.3507462686567164,0.8016643550624133,0.6076294277929155,0.369535519125683,0.8208446866485014,0.2795115332428765,0.0803814713896457,0.6955617198335645,0.1004070556309362,0.8202170963364993,0.7142857142857143,0.7850340136054421,0.3502051983584131,0.950136612021858,0.2394557823129252,0.639344262295082,0.768595041322314,0.8674863387978142,0.6557823129251701,0.1962616822429906,0.967896174863388,0.8310626702997275,0.5628415300546448,0.5413839891451832,0.7584803256445047,0.7001356852103121,0.7021709633649932,0.6926729986431479,0.7137042062415196,0.7001356852103121,177,10.375,4.9,19,52
06073007002,0.9139971360653398,1.0,0.4970421846790709,1.0,0.7484767719842347,1.0,0.8882936695455919,1.0,0.7499600777802812,1.0,0.6002379853387134,1.0,0.6738127544097693,1.0,1.0,0.7245457971147145,72.45457971147144,3025,140,184167.0,0.0,0.7,65.5,163,70.2,0.0,2931,307,13.4,10.8,35.810810810810814,0.0,5.945582801477998,88.21656050955414,8.25082508250825,3.2357473035439135,12.231404958677686,16.96328563,5.095541401273886,16.88888888888889,95.78025477707006,13.5,21.75,108.875,50.75,45.5,73.125,16.125,0.819538670284939,0.9334257975034674,0.9931880108991824,0.9098360655737704,0.8133514986376021,0.1838534599728629,0.1171662125340599,0.6955617198335645,0.7652645861601086,0.7238805970149254,0.8666666666666667,0.638095238095238,0.8850889192886457,0.950136612021858,0.8204081632653062,0.8975409836065574,0.8663911845730028,0.6420765027322404,0.745578231292517,0.7457943925233645,0.3743169398907103,0.9386920980926432,0.4877049180327868,0.4864314789687924,0.6858887381275441,0.6770691994572592,0.6763907734056988,0.66078697421981,0.689280868385346,0.6655359565807327,165,9.25,4.4,18,51
06073009804,0.8383634991753316,1.0,0.6569139615391353,1.0,0.3746665559032297,1.0,0.7906493077597032,1.0,0.8361002582876658,1.0,0.3768729868028568,1.0,0.649932157394844,1.0,1.0,0.646214103837538,64.6214103837538,5636,76,131504.0,2.0,1.7,51.4,393,92.0,0.0,5602,824,14.8,11.6,35.54006968641115,1.2973533990659056,8.657777777777778,83.8090295796575,6.761006289308176,0.6701030927835051,8.87154009936125,18.55631612,6.175402179553711,29.358288770053477,90.29579657498704,16.0,20.75,96.25,48.25,47.875,56.25,15.0,0.9287652645861602,0.7004160887656034,0.9162125340599456,0.8080601092896175,0.6212534059945504,0.6390773405698779,0.7935967302452316,0.6955617198335645,0.1438263229308005,0.0963364993215739,0.7292517006802721,0.5292517006802722,0.8905608755129959,0.8005464480874317,0.6231292517006803,0.8483606557377049,0.9035812672176308,0.860655737704918,0.8530612244897959,0.7271028037383178,0.3032786885245901,0.6934604904632153,0.133879781420765,0.5556309362279511,0.6363636363636364,0.6404341926729986,0.6567164179104478,0.6689280868385346,0.6322930800542741,0.6512890094979648,152,8.75,5.7,29,51
06073009805,0.6634512082297711,1.0,0.4979085489193016,1.0,0.5826793675407749,1.0,0.6461414493361203,1.0,0.8347911437093187,1.0,0.3518075966706868,1.0,0.689280868385346,1.0,1.0,0.6094371689701885,60.94371689701885,4356,219,102202.0,2.6,3.0,53.0,175,82.7,0.0,4117,433,14.4,11.1,56.80851063829787,0.966183574879227,9.774436090225564,73.5373054213634,13.18181818181818,1.84404636459431,8.494031221303949,5.090230243,3.1669350509930223,45.88715159755268,93.18303811057434,10.0,23.25,109.75,54.125,53.0,68.75,19.375,0.6872455902306649,0.4313453536754507,0.861716621253406,0.6734972677595629,0.6389645776566758,0.1987788331071913,0.4019073569482289,0.6955617198335645,0.4423337856173677,0.5189959294436907,0.7700680272108844,0.5993197278911564,0.5225718194254446,0.8306010928961749,0.5401360544217687,0.6912568306010929,0.7424242424242424,0.7745901639344263,0.8707482993197279,0.9514018691588784,0.5628415300546448,0.215258855585831,0.2773224043715847,0.3086838534599728,0.7435549525101763,0.6797829036635007,0.689280868385346,0.6906377204884667,0.680461329715061,0.7062415196743554,174,10.0,5.2,20,52
06073010001,0.7148486215890457,1.0,0.4761339071418131,1.0,0.5602098505616628,1.0,0.5754471079320024,1.0,0.4294600070800181,1.0,0.4110545306551917,1.0,0.4826322930800543,1.0,1.0,0.5213980454342554,52.13980454342554,3869,148,110060.0,1.2,3.9,19.3,244,84.2,0.0,3563,350,15.4,13.1,41.726618705035975,11.874386653581944,8.591512626920073,72.71835132482826,6.607929515418502,10.378188214599824,23.52028948048591,56.32856254,4.2198233562316,48.34152334152334,96.95780176643768,28.0,14.5,56.375,26.5,23.0,32.5,5.875,0.8100407055630936,0.5048543689320388,0.9632152588555858,0.5812841530054644,0.1546321525885558,0.32157394843962,0.4570844686648501,0.6955617198335645,0.587516960651289,0.6540027137042063,0.6571428571428571,0.3421768707482993,0.8030095759233926,0.1926229508196721,0.6312925170068027,0.674863387978142,0.9084022038567492,0.1502732240437158,0.436734693877551,0.222429906542056,0.4590163934426229,0.162125340599455,0.6120218579234973,0.8826322930800543,0.3453188602442333,0.519674355495251,0.5169606512890095,0.4613297150610583,0.5223880597014925,0.3928086838534599,75,10.0,9.7,48,44
06073010003,0.5877697869527987,1.0,0.545542997248403,1.0,0.3439569314835839,1.0,0.4992723356975271,1.0,0.418641140340117,1.0,0.3501101829931061,1.0,0.4470827679782904,1.0,1.0,0.4560537346705465,45.605373467054655,4876,371,105455.0,4.1,2.0,18.4,549,95.2,4.166666666666666,4737,832,15.0,13.5,100.0,4.498044328552804,9.744540585084463,91.72099087353324,50.85470085470085,2.479338842975207,18.04757998359311,51.53702551,6.714471968709256,54.87804878048781,97.78357235984356,23.0,14.0,46.125,22.875,18.875,26.875,5.875,0.4579375848032564,0.463245492371706,0.6580381471389646,0.7718579234972678,0.1362397820163488,0.8290366350067843,0.914850136239782,0.2961165048543689,0.2930800542740841,0.0902306648575305,0.7013605442176871,0.291156462585034,0.0020519835841312,0.5027322404371585,0.5442176870748299,0.9480874316939892,0.0964187327823691,0.7049180327868853,0.5891156462585034,0.2841121495327102,0.2691256830601093,0.0790190735694822,0.7021857923497268,0.7706919945725916,0.3263229308005427,0.4789687924016282,0.4843962008141113,0.3873812754409769,0.4918588873812754,0.3928086838534599,57,8.0,9.5,41,44
06073010004,0.4159186406194708,1.0,0.4528814217226176,1.0,0.3666848964823379,1.0,0.6462853517312377,1.0,0.6356132412630371,1.0,0.466628698202826,1.0,0.4166892808683853,1.0,1.0,0.4858145044128446,48.58145044128446,4665,425,103500.0,7.1,4.7,19.0,263,90.3,1.2605042016806722,4134,599,15.9,15.0,48.34437086092716,8.667883211678832,6.525496974935177,82.66423357664233,26.11111111111111,0.0,17.363344051446948,30.64094586,4.562043795620438,49.58217270194986,98.8138686131387,24.0,13.75,41.625,21.25,17.25,23.75,5.25,0.4009497964721845,0.4466019417475728,0.2990463215258855,0.5170765027322404,0.1505449591280654,0.3616010854816825,0.717983651226158,0.3772538141470181,0.4396200814111262,0.2835820895522388,0.5891156462585034,0.154421768707483,0.6949384404924761,0.2745901639344262,0.7904761904761904,0.825136612021858,0.4421487603305785,0.9405737704918032,0.6027210884353742,0.5570093457943925,0.4207650273224044,0.1416893732970027,0.837431693989071,0.7971506105834464,0.3127544097693351,0.4240162822252374,0.4667571234735413,0.3609226594301221,0.4613297150610583,0.3704206241519674,53,6.375,11.4,38,44
06073012002,0.0685504589225026,1.0,0.5515555108576516,1.0,0.4321230120270631,1.0,0.3830826859909041,1.0,0.3875211657189963,1.0,0.2062097050371495,1.0,0.8226594301221166,1.0,1.0,0.4073859955251976,40.738599552519766,3658,924,48786.0,16.2,12.7,22.8,247,93.6,7.468879668049793,3326,530,15.7,16.1,61.20768526989936,13.563218390804598,3.9832869080779942,14.78927203065134,59.72972972972973,2.4663677130044843,26.790595954073265,39.62663348,25.134099616858236,33.11061618411284,82.5287356321839,31.5,24.0,174.625,82.375,76.375,116.25,28.125,0.1058344640434192,0.0263522884882108,0.0224795640326975,0.119535519125683,0.215258855585831,0.3256445047489824,0.8494550408719346,0.2052704576976421,0.6519674355495251,0.3772048846675712,0.6176870748299319,0.0816326530612244,0.3967168262653898,0.157103825136612,0.9102040816326532,0.0683060109289617,0.037190082644628,0.709016393442623,0.364625850340136,0.4392523364485982,0.01775956284153,0.5817438692098093,0.0191256830601092,0.94640434192673,0.7672998643147897,0.8256445047489823,0.824966078697422,0.8032564450474898,0.835820895522388,0.8236092265943012,192,19.125,13.0,54,50
06073012003,0.4729458310155626,1.0,0.5302537303399438,1.0,0.6370992901909746,1.0,0.5425117950344454,1.0,0.3449278210651796,1.0,0.3524267556071728,1.0,0.8032564450474897,1.0,1.0,0.5262030954715383,52.62030954715383,2931,217,88472.0,5.8,5.5,24.0,213,91.3,7.432432432432432,2621,362,15.4,12.4,59.310344827586206,12.85878300803674,1.585113714679531,62.91618828932262,24.279835390946506,8.986415882967608,31.047424087342204,42.16552582,6.084959816303099,34.370015948963314,92.0780711825488,32.0,23.75,165.375,77.5,72.0,110.625,26.875,0.6913161465400272,0.3259361997226075,0.4216621253405994,0.4528688524590164,0.2329700272479564,0.2700135685210312,0.7588555858310627,0.2066574202496532,0.8324287652645862,0.6316146540027137,0.6571428571428571,0.4272108843537415,0.4459644322845417,0.1693989071038251,0.9904761904761904,0.5642076502732241,0.487603305785124,0.1926229508196721,0.2938775510204081,0.405607476635514,0.3087431693989071,0.5354223433242506,0.2131147540983606,0.9545454545454546,0.7584803256445047,0.8073270013568521,0.7991858887381276,0.7896879240162822,0.8154681139755766,0.8046132971506106,192,18.0,9.4,55,50
06073012101,0.3506230558090978,1.0,0.4641371347491319,1.0,0.6515668411190799,1.0,0.4609530163571337,1.0,0.3605483048306963,1.0,0.2867562027565601,1.0,0.7677069199457259,1.0,1.0,0.4774702107953465,47.747021079534655,2139,185,83750.0,11.3,8.3,11.5,81,82.4,0.0,1709,298,15.9,13.3,59.556786703601105,18.19484240687679,3.778096604495457,48.28080229226361,33.587786259541986,4.12087912087912,36.93314633006078,46.26011201,10.028653295128938,31.27413127413127,86.96275071633238,27.5,22.75,151.125,68.875,64.125,100.625,23.5,0.7449118046132972,0.2766990291262136,0.0974114441416893,0.2834699453551912,0.0299727520435967,0.0576662143826322,0.3985013623978201,0.6955617198335645,0.9592944369063772,0.7374491180461329,0.5891156462585034,0.3204081632653061,0.4418604651162791,0.0901639344262295,0.923809523809524,0.3879781420765027,0.2947658402203856,0.5683060109289617,0.2258503401360544,0.3532710280373832,0.1598360655737705,0.6416893732970027,0.0587431693989071,0.8710990502035278,0.73202170963365,0.7734056987788331,0.7706919945725916,0.7564450474898237,0.7815468113975577,0.7564450474898237,187,18.0,9.6,48,49
06073017813,0.5483953800704195,1.0,0.377393588821552,1.0,0.6003092145949289,1.0,0.7158623933751923,1.0,0.1399479843357572,1.0,0.5123440935463538,1.0,0.2514246947082768,1.0,1.0,0.4493824784932115,44.93824784932116,4583,349,135860.0,3.8,8.7,61.6,130,94.2,4.597701149425287,4408,338,13.7,11.7,56.23836126629422,0.6395348837209303,5.738599170848789,68.77906976744185,32.9646017699115,16.827852998065765,61.749945450578224,72.42065961,0.0,46.70126019273536,94.53488372093022,3.0,9.25,25.375,10.125,14.375,8.75,3.875,0.4871099050203528,0.7323162274618585,0.7091280653950953,0.2650273224043715,0.7540871934604905,0.1336499321573948,0.8705722070844687,0.2787794729542302,0.3690637720488466,0.6763907734056988,0.8421768707482993,0.5136054421768708,0.5348837209302326,0.8674863387978142,0.8299319727891157,0.6311475409836066,0.3126721763085399,0.0614754098360655,0.1034013605442176,0.0822429906542056,0.967896174863388,0.1961852861035422,0.3729508196721312,0.0698778833107191,0.1573948439620081,0.2347354138398914,0.189280868385346,0.3195386702849389,0.2048846675712347,0.3086838534599728,46,4.0,4.7,6,23
06073990100,0.9925373134328358,0.25,0.1019900497512437,0.5,0.9952510176390774,0.5,,0.0,,0.0,,0.0,0.0386702849389416,1.0,0.5714285714285714,0.5321121664405246,53.21121664405246,0,0,,,,,0,,,0,0,,,,,,,,,,,,,,0.0,13.0,4.0,2.5,1.5,0.625,0.0,0.9925373134328358,,,,,0.0027137042062415,,,0.9959294436906376,0.994572591587517,,,,,,,,,,,,,,0.0094979647218453,0.2937584803256445,0.0339213025780189,0.0325644504748982,0.0407055630936228,0.039348710990502,0.0468113975576662,9,0.0,,0,49
06073017054,0.8033503578918768,1.0,0.535878224938512,1.0,0.4381400049843547,1.0,0.679894720945946,1.0,0.88835441274426,1.0,0.3907066601152454,1.0,0.1066485753052917,1.0,1.0,0.5489961367036409,54.89961367036409,5849,145,175965.0,4.4,1.1,55.2,275,93.2,0.0,5483,607,14.1,11.7,54.1025641025641,0.0,11.254962886242016,76.59683188553909,6.750392464678178,1.509813789632612,5.983928876731065,8.301182327,5.6719468574348495,35.29106029106029,94.1747572815534,8.0,16.25,9.125,7.375,3.875,3.75,0.625,0.8147896879240163,0.91123439667129,0.6198910081743869,0.8674863387978142,0.6723433242506812,0.3955223880597014,0.8358310626702997,0.6955617198335645,0.1601085481682497,0.2740841248303934,0.8047619047619048,0.5136054421768708,0.5827633378932968,0.950136612021858,0.4503401360544218,0.7363387978142076,0.90633608815427,0.8060109289617486,0.9401360544217688,0.9009345794392524,0.3265027322404371,0.5040871934604905,0.3415300546448087,0.2035278154681139,0.412483039348711,0.0773405698778833,0.1200814111261872,0.0949796472184531,0.1132971506105834,0.1275440976933514,14,1.5,5.2,16,53
06073017053,0.6969048924121721,1.0,0.4031450306178192,1.0,0.7751871440570801,1.0,0.8812002612711116,1.0,0.8669691292917194,1.0,0.5475126933785978,1.0,0.1066485753052917,1.0,1.0,0.6110811037619703,61.10811037619703,3462,61,224615.0,7.5,4.0,71.9,118,79.7,0.0,3389,240,13.1,10.2,37.333333333333336,1.4629948364888123,4.188330444829578,93.54561101549054,14.56953642384106,1.0221465076660987,6.35470826112074,2.501555694,1.2048192771084338,41.52284263959391,95.86919104991394,5.5,13.5,9.125,7.375,3.875,3.75,0.625,0.9552238805970148,0.9875173370319,0.2745231607629428,0.5703551912568305,0.8923705722070845,0.1105834464043419,0.300408719346049,0.6955617198335645,0.6438263229308006,0.8310719131614654,0.8945578231292517,0.7312925170068028,0.8645690834473324,0.7855191256830601,0.9034013605442176,0.971311475409836,0.7052341597796143,0.8442622950819672,0.9333333333333332,0.9850467289719628,0.8114754098360656,0.3310626702997274,0.5,0.1153324287652645,0.3046132971506106,0.0773405698778833,0.1200814111261872,0.0949796472184531,0.1132971506105834,0.1275440976933514,15,1.5,4.1,10,43
06073008371,0.7004091841654698,1.0,0.5880836025587092,1.0,0.7965139515779175,1.0,0.3673547688232746,1.0,0.6010721589814628,0.75,0.7464178119245792,1.0,0.1841248303934871,1.0,1.0,0.5691394726321286,56.91394726321286,4288,152,207532.0,4.1,6.6,84.3,659,79.9,0.0,4177,140,13.9,7.4,47.42268041237113,3.6904761904761902,33.53672846749589,24.94047619047619,21.818181818181817,4.8697621744054365,11.427238805970148,,5.476190476190476,16.938300349243306,100.0,6.0,18.5,19.375,9.5,8.5,8.125,1.125,0.8039348710990502,0.9667128987517336,0.6580381471389646,0.3729508196721312,0.9863760217983653,0.8962008141112618,0.305858310626703,0.6955617198335645,0.4314789687924016,0.943012211668928,0.8238095238095238,0.9877551020408164,0.7127222982216141,0.5669398907103825,0.0326530612244897,0.157103825136612,0.5468319559228649,0.4808743169398907,0.7755102040816326,,0.337431693989071,0.9332425068119892,0.9685792349726776,0.1248303934871099,0.519674355495251,0.194708276797829,0.1648575305291723,0.2014925373134328,0.1933514246947082,0.166214382632293,35,0.0,4.4,11,60
06073008368,0.7047214413600653,1.0,0.512764151267012,1.0,0.5829844285068165,1.0,0.7118384286615904,1.0,0.7352071768507792,0.75,0.8654079996823554,1.0,0.0780189959294437,1.0,1.0,0.5987060888940091,59.87060888940091,6134,286,220580.0,4.9,2.4,72.7,254,84.9,2.005730659025788,5992,505,12.6,9.2,59.813084112149525,0.0,9.57203528258739,88.43868179362507,7.035175879396985,6.467913087417888,5.053798500163025,,0.4862236628849271,25.49379880569591,99.3517017828201,14.0,17.5,10.25,7.5,2.5,2.5,0.0,0.5583446404341927,0.9833564493758667,0.5504087193460491,0.7267759562841529,0.903950953678474,0.3426051560379918,0.494550408719346,0.3592233009708737,0.0990502035278154,0.4138398914518317,0.927891156462585,0.891156462585034,0.4363885088919288,0.950136612021858,0.5578231292517006,0.9030054644808744,0.8980716253443526,0.3497267759562842,0.9578231292517008,,0.918032786885246,0.782016348773842,0.8961748633879781,0.5027137042062415,0.4735413839891452,0.0895522388059701,0.1227951153324287,0.0549525101763907,0.0759837177747625,0.0468113975576662,19,1.0,4.8,21,59
06073017057,0.8326609977112363,1.0,0.3778588113667498,1.0,0.6858520477390413,1.0,0.6587908600344445,1.0,0.7217609348756889,0.75,0.5893412843763494,1.0,0.1468113975576662,1.0,1.0,0.5732966190944537,57.32966190944537,3856,122,168831.0,0.8,3.5,68.8,156,92.1,34.21052631578947,3810,430,12.5,10.0,56.317689530685925,0.0,13.191712562286916,80.22412656558998,7.674418604651163,4.410838059231255,11.929460580912862,,2.4390243902439024,39.2226148409894,97.8905735003296,4.5,13.75,13.625,9.5,4.875,6.875,0.625,0.8541383989145184,0.8862690707350902,0.973433242506812,0.6168032786885246,0.8583106267029973,0.1763907734056987,0.7983651226158038,0.0263522884882108,0.5223880597014925,0.525101763907734,0.935374149659864,0.7605442176870748,0.533515731874145,0.950136612021858,0.364625850340136,0.7868852459016393,0.8787878787878788,0.5245901639344263,0.7619047619047619,,0.6434426229508197,0.4032697547683923,0.7213114754098361,0.0949796472184531,0.3127544097693351,0.1404341926729986,0.1648575305291723,0.1356852103120759,0.1655359565807327,0.1275440976933514,23,2.5,4.2,9,43
06073021502,0.7229182083208456,1.0,0.6143290165588102,1.0,0.525102917693536,1.0,0.3732372991133167,1.0,0.6578966310816429,0.75,0.7880267814158017,1.0,0.1207598371777476,1.0,1.0,0.5431815273373858,54.31815273373858,9517,365,181644.0,3.1,2.8,73.4,626,82.3,0.0,9066,556,13.8,8.9,61.62935323383084,4.425874342308882,19.255050505050505,50.23212627669452,8.407871198568873,7.314974182444062,10.19228748555217,,2.383163107397091,27.342606149341144,100.0,10.5,17.5,13.25,7.75,4.625,4.375,0.5,0.4681139755766621,0.9237170596393898,0.8079019073569482,0.6919398907103825,0.9155313351498636,0.8744911804613297,0.3957765667574932,0.6955617198335645,0.0067842605156037,0.3419267299864315,0.8319727891156463,0.9197278911564626,0.3816689466484267,0.5150273224043715,0.1809523809523809,0.4153005464480874,0.8636363636363636,0.296448087431694,0.8136054421768708,,0.6489071038251366,0.7465940054495912,0.9685792349726776,0.3310719131614654,0.4735413839891452,0.1350067842605156,0.1255088195386703,0.1221166892808683,0.1255088195386703,0.0956580732700135,25,0.5,5.2,18,59
06073007601,0.7125092077853357,1.0,0.627407357822519,1.0,0.8570097102613095,1.0,0.6825786280963014,1.0,0.3307836877242881,0.75,0.6940585558086786,1.0,0.6625508819538671,1.0,1.0,0.6524140042074713,65.24140042074713,1756,215,114034.0,3.7,1.1,63.4,127,98.1,0.0,1696,62,15.7,9.4,26.834862385321102,0.1026694045174538,11.161731207289291,50.71868583162218,0.0,47.85867237687366,268.79271070615033,,9.137577002053389,17.647058823529413,100.0,13.5,22.0,106.0,50.25,46.25,65.625,14.375,0.6974219810040705,0.5603328710124826,0.7247956403269755,0.8674863387978142,0.7813351498637602,0.1282225237449118,0.9741144414168936,0.6955617198335645,0.9633649932157397,0.98236092265943,0.6176870748299319,0.8646258503401361,0.9534883720930232,0.9002732240437159,0.4544217687074829,0.4221311475409836,0.9855371900826446,0.0027322404371584,0.0040816326530612,,0.1898907103825137,0.9237057220708448,0.9685792349726776,0.4864314789687924,0.6987788331071914,0.6716417910447762,0.6716417910447762,0.664179104477612,0.664179104477612,0.641112618724559,161,8.75,5.6,27,52
06073008373,0.8616641700576843,1.0,0.5661336545035922,1.0,0.8529901512843944,1.0,0.6116811478689836,1.0,0.8559171046822739,0.75,0.7451261396743151,1.0,0.1398914518317503,1.0,1.0,0.6619148314147134,66.19148314147134,3323,174,192031.0,3.1,0.5,80.0,364,84.6,0.0,3302,140,13.5,8.5,29.72972972972973,1.7926734216679656,14.40677966101695,53.85814497272019,8.430232558139535,1.0030864197530864,8.727053866987662,,4.286827747466875,22.62008733624454,99.84411535463757,7.5,18.0,16.0,8.25,5.125,6.25,0.5,0.7672998643147897,0.9459084604715672,0.8079019073569482,0.9255464480874316,0.9645776566757494,0.582089552238806,0.473433242506812,0.6955617198335645,0.6614654002713705,0.943012211668928,0.8612244897959184,0.9462585034013604,0.9411764705882352,0.7418032786885246,0.3129251700680272,0.4508196721311475,0.862258953168044,0.8456284153005464,0.8598639455782313,,0.4480874316939891,0.8514986376021798,0.935792349726776,0.1791044776119403,0.5020352781546812,0.1696065128900949,0.1363636363636363,0.1485753052917232,0.1492537313432835,0.0956580732700135,29,0.0,4.5,13,60
06073017201,0.8996731507995044,1.0,0.540272743551787,1.0,0.923256629653218,1.0,0.6015681749253265,1.0,0.2961167992464564,0.75,0.7506135753388623,1.0,0.053731343283582,1.0,1.0,0.5807474881141053,58.07474881141053,2169,43,202045.0,0.8,2.8,85.8,89,100.0,0.0,2132,194,12.1,8.9,39.743589743589745,0.0,14.405594405594403,41.30434782608695,26.72413793103448,27.984344422700584,23.513139695712308,,0.0,33.23262839879154,97.82608695652172,5.0,15.5,6.375,4.875,1.5,1.875,0.0,0.9735413839891452,0.9597780859916782,0.973433242506812,0.6919398907103825,0.9904632152588556,0.073270013568521,0.9952316076294278,0.6955617198335645,0.9185888738127544,0.8941655359565808,0.9605442176870748,0.9197278911564626,0.8344733242134063,0.950136612021858,0.3142857142857143,0.3073770491803279,0.431129476584022,0.0191256830601093,0.4380952380952381,,0.967896174863388,0.5762942779291553,0.7076502732240437,0.1058344640434192,0.3812754409769335,0.0468113975576662,0.073270013568521,0.0407055630936228,0.0610583446404341,0.0468113975576662,12,0.0,3.3,10,57
06073007911,0.6277513691226372,1.0,0.6027817553419814,1.0,0.8099687093290505,1.0,0.4619225253959762,1.0,0.4470167780791583,0.75,0.553222852548354,1.0,0.6208955223880597,1.0,1.0,0.5890799303150311,58.90799303150311,2480,142,122344.0,9.4,0.9,70.5,456,77.9,0.0,2372,119,17.0,8.1,41.36212624584717,4.703328509406656,24.80777013354917,54.34153400868307,7.361963190184049,8.47682119205298,37.096774193548384,,7.814761215629522,33.71126228269085,99.05933429811869,12.5,20.5,89.25,44.125,38.125,55.0,12.625,0.8181818181818181,0.6352288488210819,0.1702997275204359,0.8872950819672131,0.8726158038147139,0.7313432835820896,0.2513623978201635,0.6955617198335645,0.8819538670284939,0.9640434192673,0.4224489795918367,0.9714285714285714,0.8071135430916553,0.48224043715847,0.0993197278911565,0.4590163934426229,0.8870523415977961,0.2295081967213115,0.2244897959183673,,0.2281420765027322,0.561307901907357,0.8702185792349727,0.443012211668928,0.6227951153324288,0.6261872455902306,0.6289009497964722,0.6078697421981004,0.6268656716417911,0.6146540027137042,139,7.75,5.6,19,52
06073018102,0.4864530906624264,1.0,0.2485968506887364,1.0,0.6516148386084419,1.0,0.4108631967846231,1.0,0.1242832381112134,0.75,0.7274819711836731,1.0,0.3886024423337856,1.0,1.0,0.4339850897675571,43.398508976755714,2424,239,90306.0,6.9,3.3,46.3,274,73.2,60.0,2302,299,17.2,11.2,67.41440377804014,0.0,16.419141914191417,31.62939297124601,39.568345323741006,20.90966519267214,55.28052805280528,,0.6389776357827476,28.37510105092967,96.48562300319487,10.0,6.0,38.375,17.0,25.25,13.75,7.875,0.6492537313432836,0.3384188626907073,0.3208446866485014,0.6372950819672132,0.5538147138964578,0.3928086838534599,0.1668937329700272,0.0083217753120665,0.8914518317503393,0.7347354138398914,0.3952380952380953,0.5850340136054422,0.2421340629274966,0.950136612021858,0.2448979591836735,0.2062841530054645,0.2148760330578512,0.0368852459016393,0.1210884353741497,,0.8961748633879781,0.7247956403269755,0.5614754098360656,0.3086838534599728,0.0610583446404341,0.3717774762550881,0.3310719131614654,0.5027137042062415,0.2754409769335142,0.4620081411126187,41,3.5,6.9,17,17
06073008201,0.813909607945052,1.0,0.3905829031821711,1.0,0.8670181098219478,1.0,0.5270357418606024,1.0,0.3116448864692424,0.75,0.463594943493992,1.0,0.2746268656716418,1.0,1.0,0.5212018654920928,52.12018654920928,1986,77,129250.0,2.5,2.0,81.9,128,54.7,0.0,1974,258,12.6,9.8,56.84007707129094,1.4736842105263157,11.22905027932961,45.36842105263158,11.176470588235295,24.423229912490054,56.89828801611279,,5.473684210526316,36.699029126213595,96.63157894736842,4.5,16.25,30.125,14.625,13.5,13.75,2.625,0.9253731343283582,0.6823855755894591,0.8760217983651226,0.7718579234972678,0.9768392370572208,0.1309362279511533,0.0326975476839237,0.6955617198335645,0.9280868385345996,0.805291723202171,0.927891156462585,0.8068027210884354,0.5198358413132695,0.7814207650273224,0.4530612244897959,0.3538251366120218,0.7878787878787878,0.0286885245901639,0.1183673469387754,,0.3387978142076503,0.4727520435967303,0.5792349726775956,0.0949796472184531,0.412483039348711,0.2734056987788331,0.2754409769335142,0.296472184531886,0.2754409769335142,0.2523744911804613,50,2.125,4.1,6,49
06073020035,0.779707804922918,1.0,0.4012929151732436,1.0,0.5589660694671355,1.0,0.7809845440272944,1.0,0.6320751694075092,0.75,0.4200087600442717,1.0,0.2347354138398914,1.0,1.0,0.5439672395546091,54.396723955460914,6480,63,200915.0,2.3,7.7,67.3,95,79.1,0.0,6442,434,13.7,9.7,41.66666666666667,0.9433962264150944,7.86053882725832,80.45822102425876,18.642350557244175,5.87737843551797,7.870370370370369,,0.6738544474393532,54.42883323152108,93.39622641509436,10.5,9.5,24.875,9.625,12.0,11.25,3.25,0.9491180461329716,0.957004160887656,0.8985013623978202,0.314207650273224,0.8419618528610354,0.0820895522388059,0.2874659400544959,0.6955617198335645,0.0556309362279511,0.514246947082768,0.8421768707482993,0.8238095238095238,0.8043775649794802,0.8333333333333334,0.6938775510204082,0.7923497267759563,0.615702479338843,0.3948087431693989,0.8857142857142857,,0.889344262295082,0.0803814713896458,0.2903005464480874,0.3310719131614654,0.1696065128900949,0.2299864314789688,0.1702849389416553,0.2605156037991858,0.2293080054274084,0.2835820895522388,41,3.5,4.1,18,28
06073020032,0.7008559098384275,1.0,0.3562960454224189,1.0,0.8101399311420634,1.0,0.8238698109819605,1.0,0.4507902253165186,0.75,0.7536094856638029,1.0,0.3139755766621438,1.0,1.0,0.6013624264324766,60.13624264324766,3230,103,183368.0,7.0,3.0,63.3,61,74.7,0.0,3027,222,13.0,10.1,30.656934306569344,0.4864489228630994,9.690402476780186,90.47949965253648,18.456375838926174,10.787352758834473,17.647058823529413,,1.5983321751216122,34.367816091954026,100.0,8.5,10.75,32.125,15.125,15.5,15.625,4.5,0.89280868385346,0.926490984743412,0.3106267029972752,0.6734972677595629,0.7779291553133515,0.0386702849389416,0.1927792915531335,0.6955617198335645,0.7354138398914518,0.858887381275441,0.9013605442176872,0.7448979591836735,0.9357045143638852,0.8811475409836066,0.5482993197278911,0.930327868852459,0.6198347107438016,0.1379781420765027,0.5945578231292517,,0.755464480874317,0.5367847411444142,0.9685792349726776,0.2327001356852103,0.200135685210312,0.2991858887381275,0.2903663500678426,0.3344640434192673,0.3147896879240163,0.3310719131614654,54,4.0,4.1,16,27
06073020033,0.3946681413138003,1.0,0.504527516257493,1.0,0.6000731500198451,1.0,0.4767902052166655,1.0,0.6548270349100667,0.75,0.5128956289116203,1.0,0.3195386702849389,1.0,1.0,0.4947600495592043,49.47600495592043,4031,317,118125.0,9.9,7.8,59.3,317,90.6,0.0,3803,369,15.5,11.0,50.24469820554649,4.427577482605946,17.841079460269864,59.13978494623656,21.41119221411192,3.4208918753817956,11.16348300669809,,1.8342820999367488,41.31736526946108,95.76217583807716,7.5,10.75,32.875,15.375,16.0,16.25,4.5,0.5291723202170964,0.5936199722607489,0.1478201634877384,0.3080601092896174,0.7295640326975477,0.4884667571234735,0.7343324250681199,0.6955617198335645,0.5257801899592944,0.6166892808683854,0.6448979591836734,0.6129251700680272,0.6662106703146375,0.5136612021857924,0.2081632653061225,0.5191256830601093,0.5578512396694215,0.6243169398907105,0.782312925170068,,0.7117486338797814,0.3405994550408719,0.4863387978142076,0.1791044776119403,0.200135685210312,0.3066485753052917,0.2957937584803256,0.3426051560379918,0.32157394843962,0.3310719131614654,56,3.5,5.7,14,27
06073020030,0.540963306242869,1.0,0.4671470726740725,1.0,0.3590226049714322,1.0,0.6316797878129521,1.0,0.6221385361261879,0.75,0.3963324449209115,1.0,0.3218453188602442,1.0,1.0,0.4770184388012385,47.70184388012385,8033,963,170288.0,3.8,5.4,63.1,311,86.9,0.0,7455,660,15.4,11.5,74.37106918238993,0.8104978772674644,5.340470558944355,74.95175607873408,16.049382716049383,3.6802973977695177,17.677082036599028,,7.796217676572752,41.648495420846054,97.18255499807024,5.0,9.25,34.125,14.0,17.25,15.0,5.125,0.0963364993215739,0.8945908460471568,0.7091280653950953,0.4637978142076503,0.7758855585831063,0.4789687924016282,0.5892370572207084,0.6955617198335645,0.0217096336499321,0.2150610583446404,0.6571428571428571,0.5421768707482993,0.1094391244870041,0.8524590163934427,0.8503401360544218,0.7144808743169399,0.6652892561983471,0.6092896174863388,0.5918367346938775,,0.2308743169398907,0.3269754768392371,0.6311475409836066,0.1058344640434192,0.1573948439620081,0.316146540027137,0.2632293080054274,0.3609226594301221,0.3032564450474898,0.3656716417910448,58,4.0,6.3,9,24
06073008377,0.5358873438083346,1.0,0.6403137818579031,1.0,0.7983740850478591,1.0,0.2345602060877725,1.0,0.1597244687515072,0.75,0.5977210236099323,1.0,0.3564450474898236,1.0,1.0,0.4747179938075903,47.47179938075903,2008,531,92700.0,3.9,1.8,80.5,284,98.2,0.0,1930,124,16.9,9.4,75.79617834394905,3.696498054474709,25.100401606425702,29.669260700389103,49.549549549549546,15.737704918032788,30.87649402390438,,10.311284046692606,15.011547344110854,97.66536964980544,6.5,20.75,36.125,18.75,16.5,18.125,5.0,0.2991858887381275,0.3592233009708738,0.688692098092643,0.7964480874316939,0.9700272479564032,0.4274084124830393,0.976158038147139,0.6955617198335645,0.932157394843962,0.9579375848032564,0.4387755102040817,0.8646258503401361,0.0820793433652531,0.5642076502732241,0.0965986394557822,0.1953551912568306,0.1088154269972452,0.0710382513661201,0.2993197278911564,,0.1530054644808742,0.952316076294278,0.6878415300546448,0.1363636363636363,0.6363636363636364,0.3358208955223881,0.3894165535956581,0.3507462686567164,0.3521031207598372,0.3541383989145183,59,1.625,8.7,11,61
06073008379,0.4700932232287796,1.0,0.5565665223664085,1.0,0.5409383970684611,1.0,0.2255254885026828,1.0,0.3161493428152998,0.75,0.2980313475578585,1.0,0.3834464043419267,1.0,1.0,0.3986786751259167,39.86786751259167,4043,1303,75110.0,3.9,0.0,73.9,471,65.2,0.0,3868,403,17.1,10.5,58.14406229720961,6.87910976226606,31.783329210981943,8.447142134547294,22.01492537313433,13.55487538259729,29.18624783576552,,22.91350531107739,26.5406162464986,89.52959028831563,8.0,21.75,38.75,19.75,18.125,19.375,5.0,0.0407055630936228,0.1830790568654646,0.688692098092643,0.967896174863388,0.9196185286103542,0.751696065128901,0.0831062670299727,0.6955617198335645,0.5033921302578019,0.5671641791044777,0.4102040816326531,0.6829931972789116,0.4733242134062927,0.3538251366120218,0.0448979591836734,0.0300546448087431,0.5371900826446281,0.0915300546448087,0.3197278911564626,,0.0218579234972677,0.7615803814713896,0.110655737704918,0.2035278154681139,0.6858887381275441,0.3778833107191316,0.4287652645861601,0.3778833107191316,0.378561736770692,0.3541383989145183,62,2.125,10.1,14,63
06073018202,0.3571356150482889,1.0,0.2724499642273475,1.0,0.5057696212813484,1.0,0.2136394092520729,1.0,0.1933579076755572,0.75,0.5173203198284719,1.0,0.4139755766621438,1.0,1.0,0.3533783448536044,35.33783448536044,3550,371,95494.0,7.0,8.2,37.4,330,75.6,8.962264150943396,2519,181,20.4,14.7,65.41554959785523,17.391304347826086,16.338028169014084,33.67433930093777,30.76923076923077,19.1592005513439,44.225352112676056,,4.3478260869565215,36.30952380952381,97.10144927536231,8.5,6.0,40.875,17.5,28.375,13.75,8.5,0.4579375848032564,0.3730929264909847,0.3106267029972752,0.2868852459016393,0.4380108991825613,0.5189959294436907,0.2064032697547684,0.1775312066574202,0.8629579375848033,0.9056987788331072,0.0816326530612244,0.1727891156462585,0.2749658002735978,0.105191256830601,0.2462585034013605,0.2281420765027322,0.3567493112947658,0.0478142076502732,0.1755102040816326,,0.4439890710382513,0.4822888283378747,0.6256830601092896,0.2327001356852103,0.0610583446404341,0.412483039348711,0.3487109905020353,0.5400271370420624,0.2754409769335142,0.4932157394843962,38,3.0,13.3,14,17
06073018616,0.3494275309424355,1.0,0.4325840073960533,1.0,0.3395365473190633,1.0,0.3212084776724262,1.0,0.2855536876720611,0.75,0.0754976846681854,1.0,0.4312075983717774,1.0,1.0,0.3192879334345718,31.92879334345718,3358,342,51607.0,4.2,9.5,23.1,269,93.9,0.0,3070,716,18.4,14.0,63.053297199638656,4.229195088676671,15.30087692772906,23.05593451568895,61.07382550335571,1.742627345844504,100.35735556879094,,18.48567530695771,51.995163240628784,88.81309686221009,11.0,6.5,41.5,18.625,26.75,15.0,9.125,0.494572591587517,0.0346740638002773,0.6423705722070845,0.2260928961748634,0.2234332425068119,0.3819538670284939,0.8623978201634878,0.6955617198335645,0.7177747625508819,0.1635006784260515,0.2387755102040816,0.2380952380952381,0.33515731874145,0.5273224043715847,0.2789115646258503,0.1434426229508196,0.0330578512396694,0.7827868852459017,0.0408163265306122,,0.0300546448087432,0.103542234332425,0.0928961748633879,0.3568521031207598,0.0753052917232021,0.4219810040705563,0.383989145183175,0.5284938941655359,0.3032564450474898,0.5183175033921302,38,2.5,11.0,19,17
06073016618,0.6112999475149621,1.0,0.4421961214603615,1.0,0.5113779433075809,1.0,0.5529767301506954,1.0,0.6298142008914843,0.75,0.6995726686618723,1.0,0.6137042062415196,1.0,1.0,0.5801345454612108,58.01345454612108,3649,143,104833.0,5.1,3.2,41.0,186,78.3,0.0,3461,512,16.2,11.9,56.06936416184971,3.0902348578491967,21.102449888641424,88.62793572311496,5.47945205479452,10.657095527332965,9.865716634694436,,3.0902348578491967,21.591695501730104,97.46600741656366,9.5,22.0,81.125,41.75,40.5,50.0,13.375,0.8168249660786975,0.4563106796116505,0.5245231607629428,0.6475409836065573,0.4904632152588556,0.2191316146540027,0.2636239782016348,0.6955617198335645,0.6146540027137042,0.4097693351424695,0.5360544217687075,0.4850340136054422,0.5403556771545828,0.6215846994535519,0.1414965986394557,0.9084699453551912,0.9242424242424242,0.1407103825136612,0.8244897959183674,,0.5710382513661203,0.8692098092643052,0.6584699453551912,0.2856173677069199,0.6987788331071914,0.6004070556309362,0.6119402985074627,0.6187245590230664,0.6085481682496607,0.6289009497964722,143,7.875,6.4,18,53
06073000902,0.5541450676447263,1.0,0.6445101951345963,1.0,0.6050215065673488,1.0,0.4818345552098079,1.0,0.1035631567353943,0.75,0.2672905406411459,1.0,0.9308005427408412,1.0,1.0,0.5124522235248372,51.24522235248372,2441,309,88229.0,4.0,2.9,60.6,316,60.7,0.0,2318,459,16.9,11.0,45.29505582137161,0.0,20.929276315789476,16.028552887735238,85.71428571428571,11.942857142857145,40.96681687832855,,15.314730694354314,34.82849604221636,92.40752757949384,29.0,29.25,223.625,104.25,102.625,146.875,35.5,0.5379918588873813,0.3245492371705964,0.6716621253405994,0.6823770491803278,0.7438692098092643,0.4843962008141113,0.0544959128065395,0.6955617198335645,0.8873812754409769,0.4810040705563093,0.4387755102040817,0.6129251700680272,0.7523939808481532,0.950136612021858,0.146938775510204,0.0778688524590164,0.0027548209366391,0.1106557377049179,0.1972789115646258,,0.0450819672131147,0.5149863760217983,0.2418032786885245,0.9029850746268656,0.985753052917232,0.935549525101764,0.9308005427408412,0.937584803256445,0.9335142469470828,0.9165535956580732,192,23.625,7.9,52,52
06073004101,0.394970167646692,1.0,0.6212076546835815,1.0,0.5268723635994426,1.0,0.2834469052584816,1.0,0.3608360744830832,0.75,0.4703051870381124,1.0,0.9496607869742196,1.0,1.0,0.5153284485262304,51.53284485262304,4155,231,62365.0,6.6,5.1,45.9,688,73.7,10.989010989010987,3258,400,18.7,10.7,74.62787550744248,1.7873100983020551,30.17450315075133,33.958891867739055,31.767955801104975,4.318084651560496,39.22984356197352,,5.719392314566577,32.59041211101766,95.71045576407506,34.0,28.5,236.125,109.75,103.75,156.25,35.875,0.6689280868385346,0.0901525658807212,0.3371934604904631,0.4836065573770491,0.5483651226158038,0.9090909090909092,0.1757493188010899,0.144244105409154,0.6729986431478969,0.5746268656716418,0.2061224489795918,0.6537414965986394,0.1039671682626539,0.7431693989071038,0.0571428571428571,0.2295081967213114,0.3347107438016529,0.5437158469945356,0.2040816326530612,,0.3251366120218579,0.6049046321525886,0.4808743169398907,0.9782903663500678,0.971506105834464,0.9674355495251018,0.9477611940298508,0.9416553595658074,0.9633649932157394,0.9280868385345996,200,25.25,9.7,61,51
06073005202,0.296062666486836,1.0,0.6802594276689765,1.0,0.2536835765513804,1.0,0.2220674278098582,1.0,0.3817427598777397,0.75,0.3115697105959311,1.0,0.9046132971506106,1.0,1.0,0.435714123734476,43.57141237344761,5665,1776,47056.0,9.0,0.0,51.5,1363,55.2,0.0,4580,1125,18.7,12.0,68.72022864401397,2.8401022436807724,45.01323918799647,5.339392218119852,0.0,11.17558022199798,114.03353927625771,,34.791252485089466,20.218153486560187,84.72024992899745,24.0,27.25,214.375,97.5,91.75,143.125,35.0,0.0067842605156037,0.0249653259361997,0.1846049046321526,0.967896174863388,0.6239782016348774,0.9972862957937584,0.0354223433242506,0.6955617198335645,0.32157394843962,0.0135685210312076,0.2061224489795918,0.473469387755102,0.2175102599179206,0.6489071038251366,0.001360544217687,0.0204918032786885,0.9855371900826446,0.1243169398907103,0.0353741496598639,,0.0040983606557376,0.896457765667575,0.0341530054644808,0.7971506105834464,0.932157394843962,0.9118046132971506,0.89280868385346,0.8962008141112618,0.9118046132971506,0.9104477611940298,198,23.625,10.4,38,51
06073001202,0.430836032432742,1.0,0.7506222531255431,1.0,0.7002482947045847,1.0,0.4565812848204474,1.0,0.2136750423422767,0.75,0.5478191708481609,1.0,0.9412483039348712,1.0,1.0,0.5772900546012323,57.729005460123226,3054,523,100670.0,5.1,5.2,55.1,956,81.5,0.0,2824,233,17.8,9.5,52.91120815138283,0.9014084507042254,16.33256654617154,22.197183098591548,64.58333333333334,7.068062827225131,30.45186640471513,,5.014084507042253,7.890017931858936,93.01408450704226,28.0,26.75,223.625,107.375,105.625,148.125,36.875,0.3080054274084125,0.4160887656033287,0.5245231607629428,0.4747267759562842,0.6696185286103542,0.9769335142469472,0.3712534059945504,0.6955617198335645,0.7951153324287652,0.8398914518317504,0.3156462585034013,0.8503401360544218,0.612859097127223,0.8387978142076502,0.2476190476190476,0.1270491803278688,0.024793388429752,0.3101092896174863,0.3061224489795918,,0.3825136612021858,0.994550408719346,0.2663934426229508,0.8826322930800543,0.9077340569877884,0.935549525101764,0.943012211668928,0.94640434192673,0.9389416553595658,0.9423337856173676,192,23.75,8.0,49,52
06073000901,0.6348716301096782,1.0,0.7416106169788059,1.0,0.7181806643960162,1.0,0.3921635600484952,1.0,0.4530877988191166,0.75,0.4550557615282679,1.0,0.9432835820895524,1.0,1.0,0.619750516281419,61.9750516281419,3632,472,102905.0,2.8,0.7,56.8,742,76.6,0.0,3182,240,16.8,9.2,39.65714285714286,4.60717749757517,18.53932584269663,11.590688651794377,8.771929824561402,4.933148916551406,102.147577092511,,11.008729388942774,22.62266608771168,94.6168768186227,29.5,29.0,227.75,106.625,105.625,149.375,36.125,0.3507462686567164,0.4396671289875173,0.8392370572207084,0.9098360655737704,0.696866485013624,0.932157394843962,0.2275204359673024,0.6955617198335645,0.6933514246947083,0.8310719131614654,0.4571428571428572,0.891156462585034,0.8385772913816689,0.4918032786885246,0.1945578231292517,0.0437158469945355,0.849862258953168,0.4699453551912568,0.0394557823129251,,0.1297814207650273,0.8487738419618529,0.3866120218579235,0.917910447761194,0.9796472184531886,0.9511533242876526,0.9396200814111262,0.94640434192673,0.9443690637720488,0.9348710990502036,192,23.625,7.4,53,52
06073019109,0.5674143105870667,1.0,0.2205864131022965,1.0,0.4652913539907143,1.0,0.5673906619452966,1.0,0.663928496928284,0.75,0.2185792349726776,1.0,0.055495251017639,1.0,1.0,0.394097960363425,39.4097960363425,4608,353,145221.0,3.7,8.7,31.8,240,80.6,4.661016949152542,3903,427,17.2,12.2,83.62068965517241,3.742613263296126,7.29765590446705,91.92383453709785,35.39651837524178,0.9108653220559532,8.463541666666666,,2.4294156270518714,81.22109158186865,80.10505581089954,0.5,4.0,4.375,3.75,0.625,0.625,0.625,0.4837177747625508,0.7961165048543689,0.7247956403269755,0.2650273224043715,0.3405994550408719,0.316146540027137,0.3317438692098092,0.276005547850208,0.4932157394843962,0.5284938941655359,0.3952380952380953,0.4442176870748299,0.0239398084815321,0.5601092896174864,0.7346938775510203,0.9508196721311476,0.2672176308539945,0.8524590163934427,0.8721088435374149,,0.644808743169399,0.0,0.0109289617486338,0.025101763907734,0.0339213025780189,0.0366350067842605,0.0413839891451831,0.0325644504748982,0.039348710990502,0.1275440976933514,9,0.0,7.9,1,16
06073017111,0.7339246036843057,1.0,0.382230129029649,1.0,0.6676704603143836,1.0,0.6792844968715661,1.0,0.40988978258512,0.75,0.4969941632792841,1.0,0.1886024423337856,1.0,1.0,0.5083708682997278,50.837086829972776,4346,82,184080.0,10.7,0.0,69.0,83,80.8,0.0,4321,356,13.0,10.1,72.65625,0.4199160167966407,7.317073170731707,91.66166766646673,44.49438202247191,11.658717541070482,5.522319374137138,,0.0,59.641728134878825,95.56088782243552,1.5,13.0,18.125,10.125,7.125,10.0,1.25,0.9165535956580732,0.9320388349514565,0.1192098092643051,0.967896174863388,0.8596730245231607,0.0637720488466757,0.3378746594005449,0.6955617198335645,0.3853459972862958,0.6390773405698779,0.9013605442176872,0.7448979591836735,0.1450068399452804,0.8920765027322405,0.7333333333333334,0.9467213114754098,0.1611570247933884,0.1188524590163934,0.9496598639455782,,0.967896174863388,0.050408719346049,0.4726775956284153,0.0427408412483039,0.2937584803256445,0.1845318860244233,0.189280868385346,0.1763907734056987,0.2137042062415196,0.1791044776119403,33,2.0,4.0,3,39
06073017059,0.7162942304833687,1.0,0.4484000843065221,1.0,0.6138200463360379,1.0,0.6219119062035794,1.0,0.6366736190027652,0.75,0.5294404490701449,1.0,0.1468113975576662,1.0,1.0,0.5304788189942978,53.04788189942978,3302,186,92090.0,1.6,1.5,53.1,29,95.5,0.0,3302,432,11.7,13.5,81.09452736318407,0.6418485237483954,7.843731072077528,86.58536585365853,13.6094674556213,7.919621749408984,6.662628709872804,,2.8241335044929397,29.927007299270077,93.77406931964056,5.0,13.75,13.625,9.5,4.875,6.875,0.625,0.7401628222523745,0.3536754507628294,0.9400544959128064,0.8312841530054644,0.6416893732970027,0.010854816824966,0.9237057220708448,0.6955617198335645,0.6614654002713705,0.5230664857530529,0.979591836734694,0.291156462585034,0.0437756497948016,0.8661202185792349,0.6952380952380952,0.8825136612021858,0.7300275482093663,0.2650273224043715,0.9149659863945578,,0.6038251366120219,0.6743869209809265,0.3101092896174863,0.1058344640434192,0.3127544097693351,0.1404341926729986,0.1648575305291723,0.1356852103120759,0.1655359565807327,0.1275440976933514,23,2.5,4.5,9,43
06073021402,0.4918312774561496,1.0,0.6074651133845651,1.0,0.6023698760372534,1.0,0.4973166125008905,1.0,0.2830518758557932,0.75,0.5196679124293365,1.0,0.6872455902306649,1.0,1.0,0.5269926082706647,52.699260827066475,3431,492,115341.0,4.8,4.8,46.3,439,84.6,0.0,3345,217,17.3,11.7,43.40136054421769,16.10305958132045,4.748774509803921,31.88405797101449,30.181818181818183,7.5892857142857135,39.63858933255611,,4.5893719806763285,19.274241522903036,92.35104669887278,14.5,22.0,114.375,52.25,48.25,77.5,17.875,0.3242876526458615,0.5755894590846047,0.5640326975476839,0.5034153005464481,0.5538147138964578,0.7069199457259159,0.473433242506812,0.6955617198335645,0.649932157394844,0.8663500678426052,0.3795918367346939,0.5136054421768708,0.7838577291381669,0.1147540983606557,0.8802721088435375,0.2103825136612022,0.3650137741046831,0.2814207650273224,0.2027210884353741,,0.4180327868852459,0.904632152588556,0.2363387978142076,0.5162822252374492,0.6987788331071914,0.6879240162822252,0.6865671641791045,0.6716417910447762,0.7008141112618724,0.689280868385346,171,10.375,7.2,18,50
06073020042,0.5569863339610717,1.0,0.4707858332925801,1.0,0.5106914407554066,1.0,0.5428899276065745,1.0,0.6163951937637269,0.75,0.5353820173414134,1.0,0.2830393487109904,1.0,1.0,0.502310013633109,50.2310013633109,4759,222,110313.0,1.7,13.3,48.1,139,98.9,0.0,4473,493,13.1,12.9,51.546391752577314,4.284103720405862,13.37295690936107,71.70236753100339,33.33333333333333,3.218767048554282,7.144358058415634,,5.411499436302142,19.941634241245136,94.41939120631342,8.5,10.25,31.0,13.875,13.125,15.0,3.25,0.680461329715061,0.5110957004160888,0.9318801089918256,0.1045081967213115,0.5790190735694822,0.1478968792401628,0.9829700272479563,0.6955617198335645,0.3493894165535957,0.4341926729986431,0.8945578231292517,0.364625850340136,0.6388508891928865,0.5232240437158471,0.3523809523809523,0.657103825136612,0.3023415977961432,0.6434426229508197,0.9034013605442176,,0.3422131147540983,0.9005449591280654,0.3633879781420765,0.2327001356852103,0.1865671641791045,0.2835820895522388,0.2591587516960651,0.2856173677069199,0.3032564450474898,0.2835820895522388,52,4.0,5.1,16,24
06073017112,0.8943655504744396,0.75,0.3830655296830578,1.0,0.8819176381543119,1.0,0.8488136981822847,1.0,0.7385057423592659,0.75,0.5304392926450371,1.0,0.2371777476255088,1.0,1.0,0.6448978855891294,64.48978855891295,2319,39,,3.2,0.7,71.0,105,81.8,0.0,2254,153,13.8,9.4,0.0,0.8670520231213872,9.597523219814242,97.6878612716763,4.40251572327044,6.738544474393531,5.17464424320828,,3.3236994219653178,54.98753117206982,100.0,2.0,10.5,25.5,11.5,10.625,13.125,2.5,0.9755766621438264,,0.797683923705722,0.9098360655737704,0.8794277929155313,0.0970149253731343,0.38283378746594,0.6955617198335645,0.9002713704206241,0.9308005427408412,0.8319727891156463,0.8646258503401361,0.9958960328317372,0.842896174863388,0.5564625850340136,1.0,0.9366391184573004,0.3251366120218579,0.9537414965986396,,0.5450819672131147,0.0776566757493187,0.9685792349726776,0.0515603799185888,0.1919945725915875,0.2360922659430122,0.2218453188602442,0.2347354138398914,0.2584803256445047,0.2347354138398914,44,3.5,4.3,4,28
06073020031,0.4386733947677342,1.0,0.4318153093948531,1.0,0.5599234809256131,1.0,0.4510516692380345,1.0,0.5147416560446154,0.75,0.6154539092628162,1.0,0.351696065128901,1.0,1.0,0.480479354966081,48.047935496608105,6519,585,116982.0,4.5,7.9,59.3,174,86.1,0.0,6342,225,14.9,11.0,54.92610837438424,6.447309915518009,14.740602671637154,62.91685193419298,25.31645569620253,7.562679819153309,10.58444546709618,,1.1116051578479325,45.27363184079602,98.4437527790129,8.5,10.0,37.25,15.875,18.5,18.125,5.125,0.2605156037991859,0.5866851595006934,0.6076294277929155,0.299863387978142,0.7295640326975477,0.1960651289009498,0.5565395095367848,0.6955617198335645,0.0610583446404342,0.8514246947082769,0.7142857142857143,0.6129251700680272,0.5690834473324213,0.3729508196721312,0.2965986394557823,0.5655737704918032,0.4614325068870524,0.2841530054644808,0.7986394557823129,,0.8210382513661202,0.2316076294277929,0.7937158469945356,0.2327001356852103,0.180461329715061,0.3507462686567164,0.3100407055630936,0.3799185888738127,0.3521031207598372,0.3656716417910448,64,4.0,5.7,16,24
06073017113,0.733440949205006,1.0,0.4552099167396006,1.0,0.5318241815043521,1.0,0.5891533338459287,1.0,0.7597062968257348,0.75,0.5578398673833523,1.0,0.2541383989145183,1.0,1.0,0.5544732777740704,55.44732777740704,5175,61,132431.0,0.6,8.0,59.8,301,85.6,0.0,4789,491,15.8,9.8,56.63390663390664,3.984504703929164,5.7558139534883725,54.288876591034864,18.421052631578945,0.823271130625686,10.434782608695652,,1.383508577753182,35.7630979498861,94.74266740453793,5.0,10.75,27.75,12.75,11.625,14.375,2.5,0.9552238805970148,0.7045769764216366,0.9795640326975475,0.2943989071038251,0.7356948228882834,0.4599728629579376,0.5340599455040872,0.6955617198335645,0.2754409769335142,0.4430122116689281,0.6020408163265306,0.8068027210884354,0.5266757865937073,0.5437158469945356,0.8285714285714285,0.4576502732240437,0.6212121212121212,0.8538251366120219,0.8040816326530612,,0.7841530054644809,0.491825613079019,0.3975409836065574,0.1058344640434192,0.200135685210312,0.257123473541384,0.2367706919945726,0.2516960651289009,0.2903663500678426,0.2347354138398914,47,4.0,5.9,10,28
06073013323,0.6101250920305228,1.0,0.5036158619947468,1.0,0.4373561229104939,1.0,0.7447542779978937,1.0,0.7148193206741217,0.75,0.6954463900180164,1.0,0.4690637720488467,1.0,1.0,0.5964544053820918,59.64544053820918,7011,376,173852.0,2.5,9.9,48.2,334,75.6,0.0,6612,596,15.0,10.3,28.484848484848484,5.684007707129094,6.800971567366767,84.10404624277457,28.78787878787879,0.4793863854266539,8.41534731136785,,0.0,48.78549435511461,100.0,19.0,14.75,48.375,26.25,19.375,27.5,7.625,0.4497964721845319,0.9042995839112344,0.8760217983651226,0.2103825136612022,0.5803814713896458,0.5264586160108549,0.2064032697547684,0.6955617198335645,0.0461329715061058,0.2903663500678426,0.7013605442176871,0.7115646258503401,0.9466484268125857,0.4098360655737705,0.7687074829931972,0.8538251366120219,0.3939393939393939,0.8770491803278688,0.8734693877551021,,0.967896174863388,0.1498637602179836,0.9685792349726776,0.6546811397557666,0.3582089552238806,0.4979647218453188,0.5128900949796472,0.3934871099050203,0.4979647218453188,0.443012211668928,88,5.625,7.6,33,45
06073020043,0.6575911933147534,1.0,0.3847725392490753,1.0,0.6746298655147269,1.0,0.7970591458085332,1.0,0.780189528731151,0.75,0.5185586377014438,1.0,0.2677069199457259,1.0,1.0,0.5829296900379156,58.29296900379156,5378,162,237188.0,4.9,8.0,75.4,195,80.6,0.5012531328320802,5246,224,14.5,9.2,57.04697986577181,1.030337721808815,4.044943820224719,91.4710933028048,14.969450101832994,2.836484983314794,4.648568240981778,,4.12135088723526,50.85792724776938,100.0,7.0,12.5,30.125,13.75,11.125,16.875,2.5,0.7883310719131614,0.9972260748959778,0.5504087193460491,0.2943989071038251,0.9332425068119892,0.2299864314789688,0.3317438692098092,0.3855755894590846,0.1899592944369064,0.8541383989145184,0.763265306122449,0.891156462585034,0.5116279069767442,0.8265027322404371,0.9074829931972788,0.9426229508196722,0.6983471074380165,0.6775956284153005,0.964625850340136,,0.4644808743169398,0.1226158038147139,0.9685792349726776,0.1546811397557666,0.2734056987788331,0.2734056987788331,0.2557666214382632,0.2455902306648575,0.3290366350067842,0.2347354138398914,46,4.0,4.9,12,27
06073020110,0.5475765646631618,1.0,0.3182124924751867,1.0,0.2319414061418325,1.0,0.6671247282748403,1.0,0.7964069509843408,0.75,0.4785775971173747,1.0,0.2004070556309362,1.0,1.0,0.4628923993268104,46.28923993268104,9085,1124,134891.0,2.0,5.0,40.4,723,71.5,9.030837004405283,8646,1000,16.4,12.8,48.30827067669173,1.8628912071535024,11.233967271118974,80.17883755588674,14.194236926360729,0.1859427296392711,10.787011557512384,,0.3353204172876304,66.60387513455328,95.75260804769002,2.5,8.0,20.25,13.625,4.75,12.5,1.25,0.062415196743555,0.7226074895977809,0.9162125340599456,0.4890710382513661,0.4809264305177111,0.9280868385345996,0.1396457765667575,0.173370319001387,0.010854816824966,0.0352781546811397,0.5027210884353741,0.3789115646258503,0.6963064295485636,0.7349726775956285,0.4517006802721088,0.7855191256830601,0.7148760330578512,0.8811475409836066,0.7931972789115647,,0.930327868852459,0.0217983651226157,0.4836065573770491,0.0617367706919945,0.1255088195386703,0.2014925373134328,0.2510176390773406,0.1255088195386703,0.2449118046132971,0.1791044776119403,26,0.0,7.9,5,21
06073001201,0.5658251569468291,1.0,0.5891614506116926,0.8333333333333334,0.7182725057458532,1.0,0.4228599750994565,1.0,0.2055996105708688,0.75,0.4872954542070547,1.0,0.958616010854817,1.0,1.0,0.5639471662909389,56.394716629093885,1982,206,68578.0,4.7,1.3,40.9,348,75.0,,1893,136,18.4,10.1,52.428810720268,0.5943536404160475,20.131180625630677,8.469539375928678,32.69230769230769,9.84594775619558,50.95862764883956,,11.51560178306092,15.426695842450766,94.72511144130758,26.5,25.75,230.25,110.75,108.625,155.0,38.625,0.7082767978290366,0.130374479889043,0.5783378746594006,0.8463114754098361,0.4884196185286104,0.5495251017639078,0.1982288828337874,,0.9416553595658074,0.9477611940298508,0.2387755102040816,0.7448979591836735,0.6238030095759234,0.8729508196721312,0.1632653061224489,0.0314207650273224,0.3168044077134986,0.1653005464480874,0.1346938775510203,,0.1174863387978142,0.9495912806539508,0.3948087431693989,0.8514246947082768,0.8582089552238806,0.9552238805970148,0.9552238805970148,0.9647218453188604,0.9599728629579376,0.9579375848032564,194,24.375,8.3,46,52
06073001802,0.398819592558117,1.0,0.7914504381848885,1.0,0.5878487894479365,1.0,0.421207310602472,1.0,0.4864039279623695,0.75,0.5319083992197853,1.0,0.9702849389416552,1.0,1.0,0.5982747709881748,59.82747709881748,3501,481,84885.0,6.4,3.5,55.5,924,90.0,0.0,3191,339,18.2,10.2,47.58999389871873,1.5127803860198226,21.336760925449873,14.501825769431404,28.97727272727273,3.0349013657056148,24.850042844901456,,10.485133020344287,13.356018715440236,95.7224830464267,26.5,25.5,235.0,112.0,110.125,157.5,41.0,0.3378561736770692,0.2857142857142857,0.3549046321525886,0.6168032786885246,0.6791553133514986,0.971506105834464,0.7091280653950953,0.6955617198335645,0.6879240162822252,0.6743554952510176,0.2578231292517007,0.7312925170068028,0.707250341997264,0.7759562841530054,0.1374149659863945,0.064207650273224,0.3911845730027548,0.6666666666666667,0.4013605442176871,,0.1489071038251366,0.9645776566757494,0.4822404371584699,0.8514246947082768,0.8419267299864315,0.9647218453188604,0.9620081411126188,0.974898236092266,0.968113975576662,0.9816824966078698,197,23.875,8.6,46,52
06073005302,0.6391220024857778,1.0,0.5731496608685062,1.0,0.6087593110514219,1.0,0.4077373991914722,1.0,0.161735607850149,0.75,0.3098474809289121,1.0,0.8671641791044777,1.0,1.0,0.5096450916401024,50.96450916401024,4426,174,79650.0,3.9,1.1,33.3,1173,83.3,85.91549295774648,1925,492,15.8,12.1,36.87150837988827,3.2577903682719547,42.10526315789473,22.52124645892351,29.09090909090909,19.406392694063925,90.82693176683236,,27.053824362606232,25.42372881355932,90.15580736543907,22.0,26.75,201.125,90.25,84.75,131.875,31.0,0.7672998643147897,0.233009708737864,0.688692098092643,0.8674863387978142,0.3698910081743869,0.9932157394843962,0.4305177111716621,0.0041608876560332,0.9348710990502036,0.4389416553595657,0.6020408163265306,0.4591836734693877,0.8755129958960328,0.610655737704918,0.0068027210884353,0.1379781420765027,0.3884297520661157,0.0437158469945355,0.0530612244897958,,0.0109289617486338,0.7874659400544959,0.1311475409836065,0.7333785617367707,0.9077340569877884,0.8805970149253731,0.8616010854816825,0.8521031207598372,0.8799185888738128,0.8616010854816825,196,23.0,8.5,36,51
06073001302,0.5808240397993221,1.0,0.8247016332869112,1.0,0.686417172024848,1.0,0.3487286374710006,1.0,0.3528670629160302,0.75,0.7027143729247629,1.0,0.9510176390773406,1.0,1.0,0.6353243653571737,63.53243653571737,3238,240,77459.0,3.8,2.1,68.1,822,86.0,0.0,3130,278,17.5,8.8,57.836644591611474,2.3137436372049978,21.525633106856084,16.149930587690882,52.25806451612903,1.9064911484339535,39.22174181593576,,3.2392410920869965,18.32490163012929,97.223507635354,29.5,29.0,230.0,108.125,107.0,152.5,37.375,0.6465400271370421,0.2094313453536754,0.7091280653950953,0.7581967213114754,0.8487738419618529,0.9545454545454546,0.5517711171662125,0.6955617198335645,0.6994572591587517,0.7672998643147897,0.3517006802721089,0.9272108843537414,0.481532147742818,0.6980874316939891,0.1346938775510203,0.0806010928961748,0.0853994490358126,0.76775956284153,0.2054421768707482,,0.5532786885245902,0.9196185286103542,0.6352459016393442,0.917910447761194,0.9796472184531886,0.9538670284938942,0.9443690637720488,0.9538670284938942,0.9552238805970148,0.9477611940298508,192,23.625,7.3,53,52
06073021305,0.6176589039740878,1.0,0.319612360207314,1.0,0.484786641929499,1.0,0.8200108674808085,1.0,0.5626568615071915,0.75,0.3264866018473022,1.0,0.1470827679782903,1.0,1.0,0.4683278578463562,46.832785784635625,3876,98,143951.0,6.6,5.5,31.9,77,92.5,4.069767441860465,3803,560,15.8,12.0,45.55555555555556,2.5384615384615383,3.8699690402476783,90.84615384615384,8.16326530612245,3.6323202372127503,39.21568627450981,,2.1538461538461537,69.1958495460441,93.3846153846154,4.0,14.0,13.25,5.75,7.5,3.75,2.375,0.8941655359565808,0.7864077669902912,0.3371934604904631,0.4528688524590164,0.3460490463215259,0.0495251017639077,0.8092643051771117,0.3037447988904299,0.5257801899592944,0.3378561736770692,0.6020408163265306,0.473469387755102,0.7469220246238031,0.6775956284153005,0.9183673469387756,0.9371584699453552,0.8691460055096418,0.6120218579234973,0.2068027210884353,,0.6734972677595629,0.0177111716621253,0.2882513661202185,0.0827679782903663,0.3263229308005427,0.1350067842605156,0.0922659430122116,0.180461329715061,0.1132971506105834,0.21438263229308,26,2.375,5.8,8,48
06073015705,0.2515619174333993,1.0,0.5944337566680239,1.0,0.1939091647513822,1.0,0.2022997227865603,1.0,0.4919462885185687,0.75,0.2406096295965416,1.0,0.5829036635006785,1.0,1.0,0.3653805918935935,36.53805918935936,3771,731,56811.0,6.7,5.6,15.2,372,94.9,0.0,3324,974,21.7,17.1,64.77166821994408,15.793588741204063,14.361843858246736,15.402658326817823,33.33333333333333,1.082753286929621,28.374436488994963,,6.88037529319781,42.080848243870115,90.46129788897576,24.0,17.75,72.125,35.375,38.125,41.875,12.0,0.1777476255088195,0.0568654646324549,0.3317438692098092,0.4398907103825137,0.082425068119891,0.5990502035278155,0.9032697547683924,0.6955617198335645,0.6540027137042063,0.0495251017639077,0.0360544217687074,0.0360544217687074,0.2968536251709986,0.1174863387978142,0.3210884353741496,0.0737704918032786,0.3023415977961432,0.8401639344262295,0.3333333333333333,,0.2636612021857923,0.3106267029972752,0.1475409836065573,0.7971506105834464,0.4891451831750339,0.5698778833107191,0.573270013568521,0.6078697421981004,0.5651289009497965,0.5983717774762551,106,6.25,13.6,38,51
06073021101,0.1633159979769702,1.0,0.4040144758119623,1.0,0.1979785672749425,1.0,0.5212390884680216,1.0,0.2892140327205262,0.75,0.3541229284852816,1.0,0.0227951153324287,1.0,1.0,0.2789543151528762,27.895431515287623,4714,1311,60455.0,8.6,7.3,26.9,361,94.2,0.0,4307,845,18.5,15.9,64.46280991735537,13.68483412322275,4.873377314322196,78.02132701421802,49.80694980694981,8.210984230560086,20.78913873568095,,1.1848341232227488,47.98071127185051,88.03317535545023,0.0,0.0,1.0,0.0,1.0,0.0,0.0,0.039348710990502,0.0721220527045769,0.2036784741144414,0.3381147540983606,0.2704359673024523,0.573270013568521,0.8705722070844687,0.6955617198335645,0.3887381275440976,0.0827679782903663,0.2285714285714285,0.0918367346938775,0.3043775649794802,0.1543715846994535,0.8721088435374149,0.7540983606557377,0.1074380165289256,0.25,0.5102040816326531,,0.8142076502732241,0.1730245231607629,0.0751366120218579,0.0094979647218453,0.0047489823609226,0.0122116689280868,0.0040705563093622,0.0339213025780189,0.0169606512890094,0.0468113975576662,1,0.0,11.4,0,0
06073013322,0.8072721057008007,1.0,0.4332954641793111,1.0,0.6814515086903147,1.0,0.6502416044572614,1.0,0.9037149913932968,0.75,0.5345252453060556,1.0,0.5055630936227951,1.0,1.0,0.6451520019071193,64.51520019071194,4442,107,164500.0,5.3,0.0,49.3,61,92.0,17.22972972972973,4307,364,13.8,9.3,46.15384615384615,5.69620253164557,6.683451590753033,72.96564195298373,0.0,0.0,11.031067086897792,,3.3453887884267632,53.191489361702125,100.0,21.5,15.0,57.75,30.75,23.0,33.125,8.125,0.8873812754409769,0.8751733703190014,0.4986376021798365,0.967896174863388,0.5919618528610354,0.0386702849389416,0.7935967302452316,0.0859916782246879,0.3887381275440976,0.6275440976933514,0.8319727891156463,0.8775510204081632,0.738030095759234,0.4084699453551912,0.7768707482993198,0.6775956284153005,0.9855371900826446,0.9405737704918032,0.7850340136054421,,0.5437158469945356,0.0912806539509536,0.9685792349726776,0.7204884667571235,0.3690637720488466,0.5237449118046132,0.5481682496607869,0.4613297150610583,0.5257801899592944,0.4687924016282225,99,8.25,6.4,37,46
06073015706,0.1360943753190436,1.0,0.4311241625503627,1.0,0.3049705092349015,1.0,0.2060407521758226,1.0,0.4848987456609343,0.75,0.2317627293617824,1.0,0.569742198100407,1.0,1.0,0.3378047817718935,33.78047817718935,2458,644,37432.0,20.7,7.6,17.5,180,92.6,8.0,2333,590,22.3,20.9,64.80836236933798,24.692874692874692,13.758806464981353,25.921375921375923,31.308411214953267,2.631578947368421,24.410089503661514,,10.933660933660931,34.66933867735471,85.13513513513513,24.0,17.0,68.375,33.5,36.25,38.125,11.375,0.2137042062415196,0.0055478502080443,0.0040871934604904,0.3210382513661202,0.1260217983651226,0.2082767978290366,0.8153950953678474,0.1941747572815534,0.8860244233378561,0.3073270013568521,0.0251700680272108,0.001360544217687,0.2954856361149111,0.0245901639344262,0.3360544217687075,0.1680327868852459,0.3457300275482093,0.6967213114754098,0.4122448979591836,,0.1325136612021857,0.5245231607629428,0.0382513661202185,0.7971506105834464,0.4457259158751696,0.5563093622795116,0.5617367706919946,0.592944369063772,0.5529172320217096,0.5848032564450475,99,6.75,18.4,38,51
06073015408,0.68077869695555,1.0,0.3518642885028695,1.0,0.2933899611404942,1.0,0.6328234477168679,1.0,0.8021342258621372,0.75,0.3977767355062214,1.0,0.5529172320217096,1.0,1.0,0.53024065538655,53.024065538654995,4482,529,143125.0,2.7,1.8,22.9,110,87.1,10.416666666666668,4378,830,16.8,13.9,60.24096385542169,4.597701149425287,5.601799775028121,79.66954022988506,11.055276381909549,0.7132667617689016,12.048192771084338,,1.7959770114942528,44.914756025867135,92.3132183908046,17.0,17.0,61.0,30.125,32.875,33.75,11.375,0.3018995929443691,0.7753120665742025,0.8494550408719346,0.7964480874316939,0.2186648501362398,0.1017639077340569,0.6008174386920981,0.1553398058252427,0.3731343283582089,0.0936227951153324,0.4571428571428572,0.2496598639455782,0.4213406292749658,0.4931693989071039,0.8380952380952381,0.7786885245901639,0.7920110192837466,0.8592896174863388,0.7551020408163265,,0.7185792349726776,0.2411444141689372,0.2336065573770492,0.5888738127544098,0.4457259158751696,0.5379918588873813,0.5440976933514247,0.5691994572591588,0.5284938941655359,0.5848032564450475,93,6.25,7.4,30,51
06073013425,0.7451876817868044,1.0,0.4304522953839069,1.0,0.8858001273779526,1.0,0.7862223911676757,1.0,0.7848005435295194,0.75,0.5925779097988415,1.0,0.3991858887381275,1.0,1.0,0.6606038339689755,66.06038339689755,1906,63,194935.0,9.9,0.2,56.3,142,83.2,0.0,1823,159,12.9,10.0,0.0,2.564102564102564,10.755508919202518,96.44970414201184,6.467661691542288,1.9342359767891684,14.690451206715634,,0.0,52.74261603375528,97.83037475345168,9.5,14.25,39.25,19.875,15.625,23.125,5.375,0.9491180461329716,0.9500693481276006,0.1478201634877384,0.9337431693989072,0.6873297002724795,0.1540027137042062,0.4230245231607629,0.6955617198335645,0.949796472184532,0.9240162822252376,0.908843537414966,0.7605442176870748,0.9958960328317372,0.6741803278688525,0.4789115646258504,0.9959016393442623,0.9104683195592288,0.7636612021857924,0.6802721088435374,,0.967896174863388,0.0994550408719345,0.7103825136612022,0.2856173677069199,0.3371777476255088,0.3914518317503392,0.4355495251017639,0.3371777476255088,0.4552238805970149,0.3765264586160108,72,5.0,6.1,17,45
06073017056,0.490709140795575,1.0,0.5760983837432004,1.0,0.5714671078743574,1.0,0.162512881629968,1.0,0.5221581283953816,1.0,0.4764558300203987,1.0,0.1122116689280868,1.0,1.0,0.4159447344838526,41.59447344838526,4348,246,102405.0,9.6,2.4,64.6,493,80.4,0.0,4047,638,15.1,9.1,70.38664323374341,14.390934844192635,22.993542435424356,32.97450424929178,10.81081081081081,3.76226826608506,65.08739650413983,28.6123211,5.325779036827195,40.826245443499396,97.96033994334276,11.5,17.5,10.125,8.5,4.375,3.125,0.625,0.6370420624151967,0.4368932038834951,0.162125340599455,0.7267759562841529,0.8024523160762943,0.7754409769335142,0.3235694822888283,0.6955617198335645,0.4620081411126187,0.2313432835820895,0.6904761904761905,0.9020408163265308,0.1805745554035568,0.133879781420765,0.1142857142857143,0.221311475409836,0.8016528925619835,0.5997267759562841,0.0965986394557822,0.5906542056074766,0.3524590163934425,0.3514986376021798,0.7254098360655737,0.3860244233378562,0.4735413839891452,0.0854816824966078,0.1424694708276797,0.1085481682496607,0.0970149253731343,0.1275440976933514,14,1.5,5.9,20,58
06073002502,0.1437738099545308,1.0,0.6858111100538155,1.0,0.2333483325487589,1.0,0.4995955358887741,1.0,0.4297834157777818,1.0,0.5512375733932888,1.0,0.9860244233378562,1.0,1.0,0.5042248858506866,50.422488585068656,7231,1114,92210.0,13.5,13.6,35.1,714,94.4,39.130434782608695,5743,803,17.6,12.9,51.43149284253579,8.650229837024655,8.886677093701124,55.66234851650648,36.48816936488169,0.9519867549668874,18.254736550961137,85.38892346,7.020476389469285,27.48031496062992,97.45089845382364,38.0,26.5,248.0,119.375,111.0,165.625,40.75,0.0664857530529172,0.3550624133148405,0.0517711171662125,0.101775956284153,0.4025885558583106,0.921302578018996,0.8794277929155313,0.0194174757281553,0.1234735413839891,0.1044776119402984,0.3408163265306122,0.364625850340136,0.6402188782489739,0.2759562841530054,0.6081632653061224,0.4740437158469945,0.2534435261707989,0.8510928961748634,0.5809523809523809,0.033644859813084,0.2554644808743169,0.7411444141689374,0.657103825136612,0.996607869742198,0.8955223880597015,0.9905020352781548,0.9850746268656716,0.9796472184531886,0.9952510176390772,0.9796472184531886,204,26.75,10.7,70,51
06073017052,0.7828962957460833,1.0,0.4462500754449123,1.0,0.6082470301553458,1.0,0.4140321549893309,1.0,0.6847645277476956,1.0,0.3547544954164867,1.0,0.1466757123473541,1.0,1.0,0.4910886131210298,49.10886131210299,5388,52,118036.0,3.9,0.9,64.3,435,83.1,19.54022988505747,5081,510,13.1,9.0,54.285714285714285,3.298774740810556,24.946900946128597,47.219604147031106,14.489795918367346,8.019072388383181,8.351893095768375,8.487865588,4.71253534401508,36.4494806421152,91.42318567389256,10.5,14.75,13.75,9.75,4.875,6.25,0.625,0.9633649932157397,0.5922330097087378,0.688692098092643,0.8872950819672131,0.797683923705722,0.7008141112618724,0.4162125340599455,0.073509015256588,0.2157394843962008,0.4111261872455902,0.8945578231292517,0.91156462585034,0.5800273597811217,0.6038251366120219,0.0979591836734693,0.3743169398907104,0.7066115702479339,0.2609289617486339,0.8761904761904762,0.8953271028037383,0.407103825136612,0.4795640326975476,0.1775956284153005,0.3310719131614654,0.3582089552238806,0.1445047489823609,0.1763907734056987,0.1356852103120759,0.1492537313432835,0.1275440976933514,22,2.0,4.6,18,47
06073017055,0.7532500230081289,1.0,0.5288866162245884,1.0,0.7607823590766021,1.0,0.659361417079222,1.0,0.6206882461949575,1.0,0.6997029526064233,1.0,0.0995929443690637,1.0,1.0,0.5888949369369981,58.88949369369981,4958,116,178036.0,2.5,7.1,75.2,232,83.5,0.0,4883,188,12.6,8.2,36.58170914542729,1.723237597911227,11.76589712434184,64.75195822454309,24.290220820189273,5.618531296205028,13.513513513513514,9.931549471,2.8198433420365534,28.311425682507583,98.27676240208876,10.5,17.5,8.75,7.125,4.375,2.5,0.625,0.8663500678426052,0.9181692094313454,0.8760217983651226,0.3524590163934425,0.9318801089918256,0.3039348710990502,0.4373297002724796,0.6955617198335645,0.2496607869742197,0.9002713704206241,0.927891156462585,0.9653061224489796,0.8796169630642955,0.7527322404371585,0.4231292517006803,0.5819672131147541,0.4862258953168044,0.4139344262295081,0.7115646258503401,0.8710280373831776,0.605191256830601,0.726158038147139,0.76775956284153,0.3310719131614654,0.4735413839891452,0.0719131614654002,0.1139755766621438,0.1085481682496607,0.0759837177747625,0.1275440976933514,13,1.5,4.3,18,58
06073008360,0.3516956409746252,1.0,0.5296872020987843,1.0,0.312765486113034,1.0,0.478405744684454,1.0,0.5205640401506002,1.0,0.7382880937845874,1.0,0.2898236092265943,1.0,1.0,0.4601756881475256,46.017568814752565,6592,382,101963.0,10.6,5.9,36.5,511,79.2,0.0,5955,766,16.3,11.8,53.11890838206628,9.884201819685693,8.814589665653495,53.97022332506204,31.379310344827587,0.0,22.603155339805827,46.79527069,4.466501240694789,22.26219024780176,99.50372208436724,8.5,23.0,28.375,14.75,14.375,13.75,4.0,0.4402985074626866,0.4285714285714285,0.1239782016348773,0.4139344262295081,0.4237057220708446,0.7944369063772049,0.2922343324250681,0.6955617198335645,0.1058344640434192,0.1289009497964721,0.5183673469387755,0.4979591836734693,0.6087551299589603,0.2404371584699454,0.6122448979591837,0.4521857923497268,0.3443526170798898,0.9405737704918032,0.4571428571428572,0.3401869158878504,0.4330601092896174,0.8596730245231607,0.9221311475409836,0.2327001356852103,0.7394843962008141,0.2618724559023066,0.2808683853459973,0.3195386702849389,0.2754409769335142,0.3113975576662144,51,2.125,9.6,14,63
06073008502,0.2795740729864937,1.0,0.7211392187063584,1.0,0.2543700791035546,1.0,0.7105023995873606,1.0,0.5761586473980197,1.0,0.4245593921075226,1.0,0.6141112618724559,1.0,1.0,0.511487867394538,51.1487867394538,6507,1090,102326.0,9.7,5.5,53.6,716,91.5,0.0,6273,1153,16.2,12.6,45.326278659611994,3.0456852791878175,6.387596899224807,72.15931276844982,16.930379746835442,1.5757109915449656,38.72752420470263,24.76664592,7.575165950800468,23.17403065825068,91.8391253416634,19.0,20.75,88.5,41.375,40.125,51.875,12.5,0.073270013568521,0.4341192787794729,0.1580381471389645,0.4528688524590164,0.6491825613079019,0.9240162822252376,0.7670299727520435,0.6955617198335645,0.067842605156038,0.0081411126187245,0.5360544217687075,0.4054421768707483,0.7510259917920656,0.6256830601092895,0.8,0.6653005464480874,0.6432506887052342,0.7991803278688525,0.2136054421768707,0.6485981308411215,0.2404371584699454,0.8337874659400545,0.1994535519125683,0.6546811397557666,0.6363636363636364,0.6241519674355496,0.6078697421981004,0.6166892808683854,0.6139755766621439,0.6078697421981004,136,6.125,7.9,33,52
06073008504,0.4445790542783628,1.0,0.6528754471504644,1.0,0.3812489039034881,1.0,0.7697624760922287,1.0,0.4636377580672656,1.0,0.3604237082036698,1.0,0.671506105834464,1.0,1.0,0.5348619219328491,53.48619219328491,5774,508,126865.0,7.8,4.4,51.6,351,85.0,0.0,5329,756,15.4,11.4,53.15161839863713,0.7829491083079599,3.9205436487192897,74.46715963462374,22.956521739130434,3.2,21.64877034984413,58.12072184,7.698999565028274,26.82926829268293,88.69073510221835,26.5,21.75,109.5,53.25,48.5,66.25,14.875,0.3175033921302578,0.665742024965326,0.2540871934604904,0.540983606557377,0.6267029972752044,0.5556309362279511,0.5020435967302452,0.6955617198335645,0.180461329715061,0.1336499321573948,0.6571428571428571,0.5537414965986395,0.6073871409028728,0.855191256830601,0.9142857142857144,0.7021857923497268,0.5179063360881543,0.6461748633879781,0.4829931972789115,0.2074766355140187,0.2363387978142076,0.7547683923705721,0.0901639344262295,0.8514246947082768,0.6858887381275441,0.6784260515603799,0.6879240162822252,0.6736770691994572,0.6689280868385346,0.6485753052917232,155,8.75,6.4,44,52
06073008505,0.3440523504193872,1.0,0.6683971389145816,1.0,0.3044693046825243,1.0,0.4331619151663715,1.0,0.4235575811221133,1.0,0.4890933726418606,1.0,0.6423337856173678,1.0,1.0,0.4721522069377437,47.21522069377437,5419,746,88184.0,9.8,2.4,44.0,510,88.6,0.0,5105,654,16.8,13.2,65.47344110854503,7.688564476885645,8.252967359050444,56.934306569343065,21.55844155844156,3.157398680490104,23.251522421110906,79.60174238,7.3965936739659375,12.340425531914894,92.60340632603406,18.5,22.25,97.875,47.0,43.125,60.0,13.75,0.1723202170963365,0.3231622746185853,0.1539509536784741,0.7267759562841529,0.526566757493188,0.7917232021709634,0.6478201634877384,0.6955617198335645,0.2130257801899593,0.2170963364993215,0.4571428571428572,0.3306122448979591,0.2735978112175102,0.3155737704918032,0.6585034013605442,0.4849726775956284,0.5495867768595042,0.6557377049180328,0.4421768707482993,0.0467289719626168,0.244535519125683,0.9754768392370572,0.2472677595628415,0.6377204884667571,0.7109905020352781,0.6445047489823609,0.6485753052917232,0.6363636363636364,0.6472184531886025,0.6350067842605156,145,6.125,8.6,30,52
06073016502,0.1735059379616629,1.0,0.5942023770291857,1.0,0.0693494494134153,1.0,0.303304674900841,1.0,0.5030614397216215,1.0,0.3256180422169612,1.0,0.4656716417910447,1.0,1.0,0.347816223290676,34.7816223290676,7767,1451,68202.0,6.2,11.3,23.0,654,86.9,0.0,7437,1016,20.4,15.2,67.86140979689367,6.010488100040339,12.588950705136496,30.49616780960064,36.9290573372206,1.2743926722421346,17.38122827346466,46.9197262,4.719645018152481,36.763386180077774,89.1891891891892,20.5,17.5,44.125,20.25,26.0,21.25,8.375,0.0257801899592944,0.1276005547850208,0.3746594005449591,0.1659836065573771,0.2220708446866485,0.8900949796472184,0.5892370572207084,0.6955617198335645,0.0230664857530529,0.0332428765264586,0.0816326530612244,0.1394557823129252,0.2311901504787962,0.3948087431693989,0.3850340136054422,0.2021857923497267,0.2479338842975206,0.8265027322404371,0.601360544217687,0.3364485981308411,0.4043715846994535,0.4713896457765667,0.1010928961748633,0.694708276797829,0.4735413839891452,0.4511533242876526,0.4504748982360922,0.5162822252374492,0.4240162822252374,0.4864314789687924,58,4.625,11.8,35,51
06073017104,0.7798825082390708,1.0,0.3588588236956933,1.0,0.6199364956294593,1.0,0.5571227804884821,1.0,0.7540994772986908,1.0,0.428765702317317,1.0,0.1226594301221166,1.0,1.0,0.5173321739701185,51.733217397011856,4057,307,137658.0,1.0,1.1,54.7,159,89.5,17.61904761904762,3727,354,15.0,11.2,69.83050847457626,7.97153024911032,2.36318407960199,77.01067615658363,22.30392156862745,1.9539427773900904,5.915701257086517,14.43683883,4.483985765124555,28.62190812720848,90.39145907473308,10.5,11.0,12.25,5.75,5.125,4.375,0.625,0.5427408412483039,0.7406380027739251,0.9686648501362398,0.8674863387978142,0.6607629427792916,0.1791044776119403,0.6866485013623979,0.0832177531206657,0.5454545454545454,0.6478968792401628,0.7013605442176871,0.5850340136054422,0.1983584131326949,0.3073770491803278,0.9809523809523808,0.7418032786885246,0.5289256198347108,0.7609289617486339,0.9414965986394558,0.7850467289719626,0.430327868852459,0.715258855585831,0.1407103825136612,0.3310719131614654,0.2123473541383989,0.1194029850746268,0.0922659430122116,0.1485753052917232,0.1255088195386703,0.1275440976933514,18,1.5,5.3,17,33
06073017107,0.6979058822920796,1.0,0.4145504139069717,1.0,0.7751949898005335,1.0,0.6031707746003472,1.0,0.8035773744717388,1.0,0.7610269849069153,1.0,0.1647218453188602,1.0,1.0,0.6028783236139209,60.28783236139209,3202,155,210227.0,4.5,5.9,82.1,104,74.7,0.0,3130,279,13.3,10.0,70.0,0.6603773584905661,13.1265664160401,95.28301886792453,21.867881548974943,0.0,10.306058713304184,7.143746111,0.4716981132075472,39.564220183486235,100.0,11.0,9.5,16.5,5.625,8.25,6.875,1.875,0.7991858887381276,0.970873786407767,0.6076294277929155,0.4139344262295081,0.9782016348773842,0.0943012211668928,0.1927792915531335,0.6955617198335645,0.6994572591587517,0.7639077340569878,0.8768707482993198,0.7605442176870748,0.1901504787961696,0.8647540983606558,0.3687074829931973,0.989071038251366,0.5440771349862259,0.9405737704918032,0.8081632653061225,0.9214953271028036,0.9221311475409836,0.3923705722070845,0.9685792349726776,0.3568521031207598,0.1696065128900949,0.1763907734056987,0.0895522388059701,0.1981004070556309,0.1655359565807327,0.1940298507462686,24,2.5,4.3,18,28
06073013417,0.6698544613662955,1.0,0.3894352478497176,1.0,0.832255005122809,1.0,0.6928822405820887,1.0,0.7877380965732002,1.0,0.3856193822803909,1.0,0.5846675712347353,1.0,1.0,0.620350286429891,62.0350286429891,2127,77,158203.0,5.5,5.7,48.4,101,63.6,0.0,2076,174,13.1,11.1,66.66666666666666,1.6467065868263475,5.737316263632053,90.26946107784433,19.48717948717949,3.1884057971014492,6.582040432534086,2.514001245,2.844311377245509,53.272450532724505,95.50898203592814,13.5,16.25,77.75,40.25,32.625,46.875,10.75,0.9253731343283582,0.8543689320388349,0.4686648501362398,0.4310109289617486,0.5831062670299727,0.0909090909090909,0.0681198910081744,0.6955617198335645,0.9240162822252376,0.9111261872455902,0.8945578231292517,0.5993197278911564,0.253077975376197,0.7609289617486339,0.8312925170068027,0.9262295081967212,0.5964187327823691,0.6489071038251366,0.9224489795918368,0.983177570093458,0.6010928961748634,0.0899182561307901,0.4658469945355191,0.4864314789687924,0.412483039348711,0.5902306648575305,0.6004070556309362,0.5644504748982361,0.5956580732700135,0.5725915875169606,140,10.5,6.4,24,47
06073004300,0.4877572534160318,1.0,0.8251277292130275,1.0,0.6562272127304111,1.0,0.5717847623227712,1.0,0.5428187539623006,1.0,0.6645002307887018,1.0,0.967706919945726,1.0,1.0,0.6737032660541385,67.37032660541385,4181,313,121250.0,8.1,4.1,61.7,488,91.6,0.0,3997,211,16.3,10.0,35.66820276497696,1.1293634496919918,17.063205960105744,44.30184804928131,30.205278592375368,4.0866568193008375,15.068165510643386,30.32980709,3.5420944558521557,21.074815595363543,96.81724845995892,33.5,29.25,239.375,112.375,108.375,158.75,39.375,0.5345997286295794,0.6185852981969486,0.239100817438692,0.5587431693989071,0.7568119891008175,0.7686567164179104,0.7717983651226158,0.6955617198335645,0.4735413839891451,0.8724559023066486,0.5183673469387755,0.7605442176870748,0.8878248974008208,0.8183060109289617,0.2340136054421768,0.3469945355191257,0.3636363636363636,0.5724043715846995,0.6707482993197279,0.5644859813084112,0.5150273224043715,0.8787465940054496,0.5997267759562842,0.9721845318860244,0.985753052917232,0.9728629579375848,0.9647218453188604,0.9626865671641792,0.9728629579375848,0.9654002713704206,198,27.5,6.2,64,51
06073004400,0.6621270016165177,1.0,0.7058919976314959,1.0,0.5755099733244722,1.0,0.6160242404243436,1.0,0.4834888303059227,1.0,0.8139669351756723,1.0,0.9683853459972862,1.0,1.0,0.6893420463536729,68.9342046353673,4033,271,137872.0,5.1,1.8,67.1,619,85.3,23.52941176470588,3745,317,16.9,11.0,37.6226826608506,4.48681996634885,7.63031981868547,48.0089736399327,20.723684210526315,5.360934182590234,31.986114554921897,24.82887368,1.2899607403252944,26.406157489638836,99.21480650588896,34.5,28.5,244.25,114.0,106.125,163.125,38.25,0.5841248303934872,0.7434119278779473,0.5245231607629428,0.7964480874316939,0.8392370572207084,0.8683853459972863,0.5163487738419619,0.0554785020804438,0.5407055630936228,0.7096336499321574,0.4387755102040817,0.6129251700680272,0.8618331053351573,0.5040983606557377,0.7142857142857143,0.383879781420765,0.5771349862258953,0.430327868852459,0.2816326530612245,0.6448598130841121,0.7964480874316939,0.7643051771117166,0.8811475409836066,0.9843962008141112,0.971506105834464,0.9810040705563092,0.971506105834464,0.949796472184532,0.985753052917232,0.9538670284938942,199,26.375,7.4,65,51
06073004600,0.5063828574638272,1.0,0.518171281319437,0.8333333333333334,0.617875372672814,1.0,0.3227322171720385,1.0,0.1333348583676392,1.0,0.6426112873046361,1.0,0.9222523744911804,1.0,1.0,0.523337178398796,52.3337178398796,2046,214,86611.0,11.0,0.7,39.6,231,48.0,,1639,285,19.4,11.0,51.62374020156775,7.319304666056725,17.23456790123457,17.56633119853614,63.33333333333333,7.841483979763912,46.43206256109482,72.86869944,9.606587374199451,18.985126859142607,98.81061299176578,27.5,27.25,220.875,102.0,93.75,146.875,35.625,0.700135685210312,0.3092926490984743,0.106267029972752,0.9098360655737704,0.4693460490463215,0.3005427408412483,0.0177111716621253,,0.9647218453188604,0.7584803256445047,0.1353741496598639,0.6129251700680272,0.637482900136799,0.3346994535519125,0.2258503401360544,0.0928961748633879,0.0275482093663911,0.26775956284153,0.1632653061224489,0.0747663551401869,0.180327868852459,0.9128065395095368,0.8346994535519126,0.8710990502035278,0.932157394843962,0.9226594301221168,0.9199457259158752,0.9131614654002712,0.9335142469470828,0.9219810040705564,199,24.125,9.3,45,51
06073004700,0.4393107496759862,1.0,0.5658778336274529,1.0,0.6437155594938111,1.0,0.148061090620007,1.0,0.0655970903594411,1.0,0.4281242089903366,1.0,0.9165535956580732,1.0,1.0,0.4581771612035869,45.81771612035869,1538,225,72143.0,8.2,2.7,29.2,232,98.2,32.30769230769231,1100,287,17.5,11.9,76.4,13.687150837988826,18.96664486592544,26.955307262569832,60.0,10.611735330836456,92.32769830949285,82.85003111,11.731843575418994,38.61702127659574,98.18435754189944,26.0,27.5,219.125,100.75,92.625,145.625,35.625,0.6770691994572592,0.1497919556171983,0.2302452316076294,0.700136612021858,0.2983651226158038,0.3039348710990502,0.976158038147139,0.030513176144244,0.98236092265943,0.7557666214382632,0.3517006802721089,0.4850340136054422,0.0779753761969904,0.1530054644808742,0.1850340136054421,0.1762295081967213,0.0358126721763085,0.1434426229508196,0.0476190476190476,0.0355140186915887,0.1079234972677595,0.4196185286103542,0.7568306010928961,0.8385345997286295,0.9477611940298508,0.921302578018996,0.9104477611940298,0.903663500678426,0.9253731343283582,0.9219810040705564,199,25.25,10.0,38,51
06073004800,0.1400499872412011,1.0,0.5209412982270113,1.0,0.2835237079906589,1.0,0.3642905217748555,1.0,0.1153585493255226,1.0,0.3485107924738067,1.0,0.9200814111261874,1.0,1.0,0.3846794668798919,38.46794668798919,3272,782,61787.0,14.2,8.3,21.1,58,79.2,0.0,2560,778,20.1,16.3,62.99862448418156,9.018355945730248,9.492888064316636,39.66480446927375,57.20164609053497,10.881934566145093,50.4278728606357,66.64592408,12.689545091779728,23.06382978723404,90.02394253790902,32.0,27.5,221.5,102.5,93.25,146.875,35.125,0.1540027137042062,0.0832177531206657,0.0395095367847411,0.2834699453551912,0.1989100817438692,0.0366350067842605,0.2922343324250681,0.6955617198335645,0.8493894165535957,0.1207598371777476,0.0952380952380952,0.0687074829931972,0.3365253077975376,0.2622950819672131,0.564625850340136,0.2937158469945355,0.0509641873278237,0.1352459016393442,0.1387755102040816,0.1364485981308411,0.0860655737704918,0.8351498637602179,0.1243169398907103,0.9545454545454546,0.9477611940298508,0.9240162822252376,0.9219810040705564,0.9077340569877884,0.9335142469470828,0.9131614654002712,200,25.25,16.8,49,51
06073004900,0.0729705686378489,1.0,0.6959399426072896,1.0,0.1255738930579015,1.0,0.2953657273050279,1.0,0.347111401985959,1.0,0.206217149833981,1.0,0.8952510176390774,1.0,1.0,0.3769185287238694,37.691852872386946,5366,1373,52009.0,13.7,11.0,11.6,632,90.8,0.0,4482,931,20.4,18.5,60.46901172529313,18.323952470293932,9.924953095684804,23.577235772357724,21.29471890971039,4.821428571428572,28.6992172940738,91.81082763,16.57285803627267,33.388429752066116,76.54784240150094,28.0,27.5,210.75,98.0,88.875,139.375,33.0,0.0325644504748982,0.0374479889042995,0.0456403269754768,0.1762295081967213,0.0326975476839237,0.8772048846675712,0.7397820163487738,0.6955617198335645,0.3473541383989145,0.059023066485753,0.0816326530612244,0.0142857142857142,0.4186046511627906,0.0860655737704918,0.5292517006802722,0.1475409836065573,0.5619834710743802,0.4863387978142076,0.3251700680272109,0.0149532710280373,0.0396174863387978,0.5735694822888283,0.0054644808743169,0.8826322930800543,0.9477611940298508,0.903663500678426,0.8968792401628223,0.8839891451831751,0.9009497964721844,0.8907734056987788,199,24.125,19.8,44,51
06073009102,0.4617245404109062,1.0,0.8036419268648475,1.0,0.4703303981022531,1.0,0.228385320960256,1.0,0.2792595517429324,1.0,0.5077686454936644,1.0,0.7055630936227951,1.0,1.0,0.4938104967425221,49.38104967425221,4204,482,75764.0,3.6,3.9,47.5,1092,97.2,0.0,3792,563,17.9,10.3,73.72781065088758,3.62844702467344,21.4456106870229,16.932752781809384,40.25974025974026,6.173399909214707,34.96669838249286,50.05600498,8.514755684567005,13.156822810590633,94.29124334784711,27.0,23.5,125.375,60.625,57.625,77.5,17.75,0.3364993215739484,0.1900138696255201,0.7391008174386922,0.5812841530054644,0.5667574931880109,0.989145183175034,0.9584468664850136,0.6955617198335645,0.5291723202170964,0.3351424694708277,0.3054421768707482,0.7115646258503401,0.1203830369357045,0.569672131147541,0.1360544217687075,0.087431693989071,0.2038567493112947,0.3743169398907103,0.2435374149659863,0.2953271028037383,0.2049180327868852,0.9700272479564032,0.3483606557377049,0.8616010854816825,0.7503392130257802,0.7055630936227951,0.7211668928086838,0.7123473541383989,0.7008141112618724,0.6879240162822252,173,9.875,8.0,49,52
06073009104,0.7052222968726243,1.0,0.5312731231253089,1.0,0.7641068774864085,1.0,0.8698704395978749,1.0,0.554889713059175,1.0,0.7573380880769097,1.0,0.7386702849389417,1.0,1.0,0.703052974736749,70.3052974736749,3064,194,134896.0,0.8,6.2,67.1,95,59.1,0.0,3055,268,13.8,10.3,28.688524590163933,1.419698314108252,1.6485328058028357,78.34960070984916,16.9811320754717,5.214465937762826,11.74934725848564,45.11512134,2.9281277728482697,16.433566433566433,98.04791481810116,20.5,25.25,138.375,63.5,62.75,88.125,19.5,0.7252374491180461,0.723994452149792,0.973433242506812,0.3982240437158469,0.8392370572207084,0.0820895522388059,0.047683923705722,0.6955617198335645,0.7259158751696065,0.7869742198100407,0.8319727891156463,0.7115646258503401,0.9439124487004104,0.7882513661202186,0.9877551020408164,0.7595628415300546,0.6418732782369145,0.4426229508196722,0.7687074829931972,0.3663551401869158,0.5915300546448088,0.9427792915531336,0.7377049180327869,0.694708276797829,0.8283582089552238,0.748303934871099,0.7408412483039348,0.7489823609226595,0.7469470827679783,0.7082767978290366,183,11.75,4.6,39,52
06073009107,0.483447643077552,1.0,0.6645799910645329,1.0,0.4914126030330721,1.0,0.3276371452126409,1.0,0.225386336497127,1.0,0.5741452132437973,1.0,0.7681139755766621,1.0,1.0,0.5049604153864835,50.49604153864835,5266,1147,100085.0,2.6,3.7,57.3,898,41.6,0.0,4894,204,20.4,10.0,53.97862232779097,5.2502050861361775,25.720876585928487,29.49138638228056,49.14675767918089,8.552138034508626,29.05431067223699,54.61107654,3.650533223954061,32.9454253611557,97.12879409351928,23.0,25.5,151.5,67.625,69.25,96.875,22.75,0.0576662143826323,0.4133148404993065,0.861716621253406,0.6010928961748634,0.7057220708446866,0.9647218453188604,0.0088555858310626,0.6955617198335645,0.2442333785617367,0.8792401628222524,0.0816326530612244,0.7605442176870748,0.5868673050615595,0.4426229508196722,0.0884353741496598,0.1926229508196721,0.1101928374655647,0.2240437158469945,0.3224489795918367,0.2448598130841122,0.505464480874317,0.5885558583106267,0.6284153005464481,0.7706919945725916,0.8419267299864315,0.7754409769335142,0.7645861601085482,0.7856173677069199,0.7706919945725916,0.7442333785617368,185,14.0,10.4,43,52
06073008343,0.3832859373499929,1.0,0.6713563951476594,1.0,0.6350559355356796,1.0,0.3344942933330403,1.0,0.6195815359914686,1.0,0.6480137282053573,1.0,0.403527815468114,1.0,1.0,0.5279022344330446,52.79022344330446,4086,1121,91336.0,6.2,2.2,77.3,448,91.1,0.0,3956,298,17.2,8.8,52.58249641319943,4.178272980501393,27.17872968980798,19.832869080779943,22.868217054263564,5.327004219409283,15.173764072442488,10.75295582,10.083565459610028,11.683357176919408,98.49582172701948,9.0,21.0,40.875,20.625,18.625,20.625,5.0,0.0637720488466757,0.348127600554785,0.3746594005449591,0.7465846994535519,0.9495912806539508,0.7191316146540027,0.7534059945504087,0.6955617198335645,0.480325644504749,0.7374491180461329,0.3952380952380953,0.9272108843537414,0.6196990424076607,0.53551912568306,0.073469387755102,0.1092896174863388,0.5192837465564738,0.4357923497267759,0.6653061224489796,0.8579439252336448,0.1557377049180327,0.9809264305177112,0.8073770491803278,0.2611940298507462,0.6492537313432836,0.412483039348711,0.4586160108548168,0.3819538670284939,0.4104477611940298,0.3541383989145183,66,2.625,8.4,14,62
06073008344,0.6811395231705728,1.0,0.5767919064689327,1.0,0.7707189931603579,1.0,0.7729817041189332,1.0,0.4955988523102599,1.0,0.9144022076304203,1.0,0.544776119402985,1.0,1.0,0.6794870437517802,67.94870437517801,3350,222,193359.0,4.7,4.7,76.2,148,85.7,0.0,3187,383,13.2,9.1,45.96774193548387,0.0,8.328340323547035,77.71236333052985,24.31761786600496,6.451612903225806,11.940298507462687,44.03235843,0.6728343145500421,9.28449744463373,98.99074852817492,11.5,22.75,69.375,33.375,31.0,40.625,8.625,0.680461329715061,0.9486823855755896,0.5783378746594006,0.5170765027322404,0.94141689373297,0.1655359565807327,0.5401907356948229,0.6955617198335645,0.6906377204884668,0.6024423337856173,0.8877551020408163,0.9020408163265308,0.7414500683994528,0.950136612021858,0.6503401360544218,0.75,0.4848484848484848,0.3538251366120218,0.7605442176870748,0.383177570093458,0.8907103825136612,0.9863760217983653,0.8661202185792349,0.3860244233378562,0.73202170963365,0.5576662143826323,0.5597014925373134,0.5481682496607869,0.5610583446404342,0.4972862957937585,103,4.875,4.3,20,60
06073008345,0.4914458092743998,1.0,0.5984326807989176,1.0,0.6214927219191612,1.0,0.3579789578812844,1.0,0.6034432912354094,1.0,0.7955398222182516,1.0,0.6006784260515603,1.0,1.0,0.5812873870541406,58.128738705414065,4138,314,92846.0,9.0,0.9,75.6,202,83.9,0.0,3849,524,12.4,10.8,75.33960292580983,2.335456475583864,14.510575504181014,43.47133757961784,3.225806451612903,5.421686746987952,13.291445142580956,48.03982576,4.140127388535031,5.042016806722689,99.52229299363056,15.5,22.75,81.375,39.375,38.625,48.125,11.875,0.5318860244233379,0.361997226074896,0.1846049046321526,0.8872950819672131,0.935967302452316,0.2415196743554952,0.444141689373297,0.6955617198335645,0.5135685210312075,0.3921302578018996,0.9421768707482994,0.638095238095238,0.0889192886456908,0.6953551912568305,0.3088435374149659,0.3387978142076502,0.9504132231404958,0.4234972677595628,0.7183673469387755,0.3214953271028037,0.4631147540983606,0.997275204359673,0.9262295081967212,0.5413839891451832,0.73202170963365,0.6031207598371777,0.592944369063772,0.6112618724559024,0.6004070556309362,0.5956580732700135,123,5.5,4.4,28,58
06073013414,0.5619012348284635,1.0,0.662301009455363,1.0,0.4125238833661008,1.0,0.778538876473197,1.0,0.7971682663634825,1.0,0.5790451303583926,1.0,0.6090909090909091,1.0,1.0,0.6286527585622727,62.865275856227264,7406,399,145961.0,5.6,4.0,40.8,702,89.8,0.0,6890,592,14.3,11.6,14.107883817427386,6.066693451185215,6.262763784887679,90.3173965447971,11.596638655462185,2.12347620920173,8.37159060221442,14.37461108,1.6472478907191643,46.060254924681345,98.35275210928084,23.0,16.0,82.375,42.5,33.25,51.875,13.625,0.4280868385345997,0.7988904299583911,0.4502724795640327,0.5703551912568305,0.4863760217983651,0.9158751696065128,0.702316076294278,0.6955617198335645,0.039348710990502,0.3005427408412483,0.780952380952381,0.5292517006802722,0.9863201094391244,0.3920765027322405,0.8081632653061225,0.9275956284153004,0.7851239669421488,0.7418032786885246,0.8748299319727891,0.7869158878504673,0.7459016393442623,0.2084468664850136,0.7827868852459017,0.7706919945725916,0.4029850746268656,0.60719131614654,0.6187245590230664,0.5719131614654003,0.6139755766621439,0.6336499321573948,135,11.125,7.5,41,46
06073013415,0.7943793115187334,1.0,0.4410851820394311,1.0,0.8732243236507629,1.0,0.7250624706611581,1.0,0.7496096263180145,1.0,0.7113410312532572,1.0,0.5865671641791044,1.0,1.0,0.6973241585172089,69.73241585172089,1561,35,154688.0,1.4,6.1,39.7,141,92.9,20.0,1505,198,13.0,10.2,37.62376237623762,8.538899430740038,3.2030749519538757,80.83491461100569,11.71875,2.9465930018416207,14.734144778987828,10.06845053,0.0,46.68769716088328,100.0,22.0,15.75,76.0,40.875,32.25,46.875,11.875,0.9796472184531886,0.840499306518724,0.952316076294278,0.4050546448087432,0.4741144414168937,0.1499321573948439,0.8303814713896458,0.0665742024965325,0.9701492537313432,0.8900949796472184,0.9013605442176872,0.7312925170068028,0.8604651162790697,0.2814207650273224,0.9591836734693876,0.7991803278688525,0.778236914600551,0.6721311475409837,0.6789115646258503,0.8691588785046729,0.967896174863388,0.1975476839237057,0.9685792349726776,0.7333785617367707,0.3921302578018996,0.5793758480325645,0.6037991858887382,0.5583446404341926,0.5956580732700135,0.5956580732700135,127,10.0,5.9,36,47
06073013416,0.5665147914664822,1.0,0.502534435633862,1.0,0.4915321352421565,1.0,0.5199580384956117,1.0,0.6415335928880566,1.0,0.5602786587454028,1.0,0.583853459972863,1.0,1.0,0.5523150160634908,55.23150160634908,4115,209,121439.0,3.3,11.5,34.2,420,89.6,5.785123966942149,3873,488,15.8,12.5,76.92307692307693,3.1353135313531353,9.722222222222223,83.41584158415841,40.040650406504064,1.6233766233766231,12.393681652490889,12.45799627,0.0,57.45511319281811,97.35973597359737,17.5,16.0,77.0,39.625,32.5,45.625,11.875,0.7028493894165536,0.6213592233009708,0.7826975476839237,0.1591530054644808,0.3869209809264305,0.680461329715061,0.69141689373297,0.2482662968099861,0.4993215739484395,0.4484396200814111,0.6020408163265306,0.4163265306122449,0.0738714090287278,0.6161202185792349,0.545578231292517,0.8442622950819673,0.2079889807162535,0.7923497267759563,0.7414965986394557,0.8242990654205608,0.967896174863388,0.0640326975476839,0.6489071038251366,0.6051560379918589,0.4029850746268656,0.5848032564450475,0.5943012211668928,0.562415196743555,0.582089552238806,0.5956580732700135,138,10.5,8.4,30,47
06073020308,0.2579011235916176,1.0,0.3846704460083065,1.0,0.1655696471261503,1.0,0.3636525216262639,1.0,0.3785388775303048,1.0,0.1914417097224083,1.0,0.4099050203527815,1.0,1.0,0.3073827637082619,30.73827637082619,6685,930,52859.0,4.1,9.5,19.4,333,87.2,7.650273224043716,5901,1383,17.2,15.0,63.33661417322835,5.427135678391959,10.037397157816006,27.705192629815745,56.72955974842767,1.6474464579901154,46.52206432311144,33.988799,10.586264656616414,42.58111556689756,90.21775544388608,17.5,11.0,43.0,24.75,13.625,28.125,3.75,0.1044776119402984,0.0429958391123439,0.6580381471389646,0.2260928961748634,0.1580381471389645,0.5244233378561737,0.6069482288828338,0.2011095700416089,0.1112618724559023,0.0013568521031207,0.3952380952380953,0.154421768707483,0.3296853625170999,0.4234972677595628,0.5183673469387755,0.1830601092896175,0.0537190082644628,0.7882513661202186,0.1619047619047618,0.5102803738317757,0.1448087431693989,0.2970027247956402,0.1325136612021858,0.6051560379918589,0.2123473541383989,0.4396200814111262,0.5020352781546812,0.3039348710990502,0.5013568521031208,0.3025780189959294,39,2.0,10.6,30,24
06073013418,0.3321840836382281,1.0,0.4967921652690614,1.0,0.4177639169643434,1.0,0.4859894319908673,1.0,0.6515112017581282,1.0,0.4949673173419097,1.0,0.5445047489823609,1.0,1.0,0.4891018379921284,48.910183799212845,5435,637,90395.0,18.8,2.1,41.5,171,86.3,0.0,5212,492,15.2,13.0,82.76450511945393,3.547459252157239,7.966881324747011,70.27804410354746,22.668810289389068,5.052344105598543,10.855565777368904,11.98506534,1.8696069031639504,64.4803229061554,98.13039309683606,18.5,15.75,63.0,33.625,25.875,36.25,10.125,0.2198100407055631,0.3411927877947295,0.0095367847411443,0.7581967213114754,0.494550408719346,0.1933514246947082,0.5674386920980926,0.6955617198335645,0.1981004070556309,0.4389416553595657,0.680952380952381,0.3530612244897959,0.0341997264021888,0.5778688524590163,0.6857142857142857,0.6461748633879781,0.5234159779614325,0.4590163934426229,0.7918367346938775,0.8317757009345794,0.709016393442623,0.0258855585831062,0.75,0.6377204884667571,0.3921302578018996,0.5454545454545454,0.5630936227951153,0.514246947082768,0.5434192672998643,0.5563093622795116,114,8.375,9.1,31,47
06073018517,0.703853100180829,1.0,0.46930836184378,1.0,0.4626542611617239,1.0,0.5276522580057567,1.0,0.5357566349177867,1.0,0.4665753438255336,1.0,0.4502035278154682,1.0,1.0,0.516571926821554,51.6571926821554,3804,228,93265.0,2.5,0.8,33.9,352,85.0,0.0,3611,572,16.2,12.5,58.39909808342728,1.9933554817275747,10.379346680716544,50.3875968992248,4.38871473354232,5.345911949685535,25.76235541535226,43.72121966,2.990033222591362,46.61333333333334,97.00996677740864,16.5,7.5,45.75,19.125,25.5,18.125,9.0,0.6757123473541384,0.3647711511789182,0.8760217983651226,0.8989071038251366,0.3821525885558583,0.5590230664857531,0.5020435967302452,0.6955617198335645,0.5725915875169607,0.3256445047489823,0.5360544217687075,0.4163265306122449,0.4678522571819425,0.7226775956284153,0.5006802721088435,0.4193989071038251,0.9380165289256198,0.4330601092896174,0.3850340136054422,0.3869158878504672,0.5833333333333333,0.2002724795640327,0.6161202185792349,0.573270013568521,0.1037991858887381,0.4748982360922659,0.4023066485753053,0.5101763907734057,0.3521031207598372,0.5115332428765265,47,4.5,7.1,31,17
06073018518,0.5751532116706857,1.0,0.3756757736963681,1.0,0.4446399726783522,1.0,0.5737316009133352,1.0,0.5814200191451454,1.0,0.3315043949117295,1.0,0.4616010854816824,1.0,1.0,0.4776751512138997,47.76751512138998,3308,112,105990.0,6.3,3.8,13.1,301,90.4,2.824858757062147,3124,338,18.8,14.3,54.42622950819672,10.6312292358804,4.29053018694453,66.22369878183831,10.423452768729645,1.8478260869565215,41.71704957678356,31.2383323,6.312292358803987,34.97536945812808,91.80509413067551,16.0,8.0,46.0,19.75,24.5,19.375,9.625,0.8758480325644504,0.4687933425797503,0.364441416893733,0.5915300546448088,0.0483651226158038,0.4599728629579376,0.726158038147139,0.3384188626907073,0.7028493894165536,0.6763907734056988,0.189795918367347,0.2095238095238095,0.5759233926128591,0.2226775956284152,0.8965986394557823,0.5997267759562842,0.8085399449035813,0.7725409836065573,0.1931972789115645,0.5514018691588785,0.2909836065573771,0.5081743869209809,0.1953551912568306,0.5556309362279511,0.1255088195386703,0.4769335142469471,0.4287652645861601,0.4891451831750339,0.378561736770692,0.5345997286295794,46,4.5,12.1,29,17
06073018519,0.266173206563103,1.0,0.5070964156298411,1.0,0.2667541236304562,1.0,0.4183660635432212,1.0,0.5162968130082006,1.0,0.4786359146925547,1.0,0.4580732700135685,1.0,1.0,0.4159136867258493,41.591368672584935,6007,431,82363.0,7.5,12.2,17.2,371,97.3,0.0,4892,531,18.2,14.5,55.21367521367522,18.135469774217043,9.925062447960032,57.39257101238165,28.044871794871796,1.3649425287356325,27.967371400033297,35.17112632,3.3503277494537507,37.2982158028887,95.19300801165332,15.5,8.0,45.25,19.5,23.5,20.0,9.625,0.39280868385346,0.260748959778086,0.2745231607629428,0.1366120218579235,0.1226158038147139,0.596336499321574,0.9611716621253406,0.6955617198335645,0.2469470827679782,0.3744911804613297,0.2578231292517007,0.1877551020408163,0.5595075239398084,0.0928961748633879,0.527891156462585,0.4931693989071038,0.4049586776859504,0.8183060109289617,0.3428571428571428,0.4990654205607476,0.540983606557377,0.4577656675749318,0.4371584699453552,0.5413839891451832,0.1255088195386703,0.4701492537313433,0.417910447761194,0.4735413839891452,0.3941655359565807,0.5345997286295794,46,4.0,11.7,28,17
06073018601,0.4906791228528845,1.0,0.339768422205829,1.0,0.4310569139460397,1.0,0.4779924817811226,1.0,0.4536934500504407,1.0,0.7203033258389047,1.0,0.4093622795115332,1.0,1.0,0.4746937137409649,47.46937137409649,4749,539,112111.0,6.1,2.2,32.9,276,77.7,0.0,4469,630,16.0,11.4,90.2439024390244,1.4685314685314683,10.6491302503182,68.32167832167832,18.06930693069307,7.203114860480207,18.31964624131396,48.87367766,0.0,40.654205607476634,98.8111888111888,9.0,6.5,39.0,17.625,25.25,14.375,9.125,0.2910447761194029,0.5395284327323162,0.385558583106267,0.7465846994535519,0.364441416893733,0.3975576662143826,0.244550408719346,0.6955617198335645,0.3527815468113975,0.2435549525101763,0.5741496598639455,0.5537414965986395,0.015047879616963,0.7841530054644809,0.4843537414965986,0.6284153005464481,0.6267217630853994,0.3032786885245901,0.5782312925170068,0.3065420560747663,0.967896174863388,0.3569482288828338,0.8360655737704918,0.2611940298507462,0.0753052917232021,0.3819538670284939,0.3534599728629579,0.5027137042062415,0.2903663500678426,0.5183175033921302,38,2.5,6.6,17,17
06073008303,0.8024286704704202,1.0,0.3979242001651777,1.0,0.7950001846057284,1.0,0.7557473208498039,1.0,0.4906762842582634,1.0,0.7371229830804583,1.0,0.3241519674355495,1.0,1.0,0.6147216586950572,61.47216586950572,3055,185,230511.0,4.6,1.0,80.7,47,50.9,0.0,3015,221,11.6,11.1,55.793991416309005,0.0,7.266775777414075,79.94034302759135,4.912280701754386,19.748653500897667,19.639934533551553,38.3322962,1.7897091722595078,31.403508771929825,98.88143176733782,7.0,18.25,35.25,16.75,17.0,17.5,3.125,0.7449118046132972,0.9930651872399444,0.5940054495912807,0.8777322404371585,0.9727520435967304,0.0291723202170963,0.0245231607629427,0.6955617198335645,0.7394843962008142,0.8602442333785617,0.9809523809523808,0.5993197278911564,0.5485636114911081,0.950136612021858,0.7401360544217688,0.7841530054644809,0.9297520661157024,0.0423497267759562,0.5401360544217687,0.4504672897196261,0.7199453551912569,0.6389645776566757,0.8524590163934426,0.1546811397557666,0.510854816824966,0.3256445047489824,0.3256445047489824,0.3561736770691994,0.3385345997286296,0.2747625508819539,58,2.625,4.1,12,50
06073006200,0.9928626621660092,0.5,0.5588972142189067,0.6666666666666666,0.756128910180083,1.0,0.9979591836734694,0.25,0.014018691588785,0.5,0.9986376021798364,0.3333333333333333,0.7750339213025781,1.0,1.0,0.7276483121870954,72.76483121870953,28,0,,0.0,,,0,,0.0,0,0,16.2,11.8,,,0.0,,,,19928.571428571428,87.11885501,,0.0,,16.5,28.0,155.375,70.0,65.125,102.5,24.0,0.9925373134328358,,0.9931880108991824,,,0.0027137042062415,,0.6955617198335645,0.9959294436906376,0.994572591587517,0.5360544217687075,0.4979591836734693,,,0.9979591836734694,,,,0.0,0.02803738317757,,0.9986376021798364,,0.573270013568521,0.9640434192673,0.7856173677069199,0.7740841248303935,0.762550881953867,0.7869742198100407,0.7659430122116689,187,15.625,6.7,33,51
06073012200,0.175852249869941,1.0,0.5736583816970026,1.0,0.3909183211955067,1.0,0.4567887944350443,1.0,0.2031204748289276,1.0,0.4666373837991294,1.0,0.7360922659430121,1.0,1.0,0.4290096959669377,42.90096959669377,3306,615,62179.0,8.6,11.0,16.9,409,91.9,2.6595744680851063,2778,410,19.0,16.8,66.37426900584795,17.97872340425532,3.760994843797392,60.85106382978723,37.5,9.961685823754788,38.71748336358137,59.62663348,2.4468085106382977,31.66441136671177,90.1063829787234,27.0,21.5,137.75,63.0,58.5,91.25,21.125,0.2347354138398915,0.0887656033287101,0.2036784741144414,0.1762295081967213,0.1171662125340599,0.66078697421981,0.7874659400544959,0.3439667128987517,0.8005427408412483,0.5495251017639078,0.1693877551020408,0.0442176870748299,0.2571819425444597,0.0956284153005464,0.926530612244898,0.5478142076502732,0.2424242424242424,0.1625683060109289,0.2149659863945577,0.1925233644859812,0.6407103825136612,0.6321525885558583,0.1270491803278688,0.8616010854816825,0.6709633649932157,0.7435549525101763,0.737449118046133,0.7164179104477612,0.7530529172320217,0.7299864314789688,179,17.375,16.1,50,49
06073020706,0.6934742349337479,1.0,0.4899535259168997,1.0,0.4303039533316719,1.0,0.6093455681929654,1.0,0.6945096542682196,1.0,0.4473677680002779,1.0,0.2423337856173676,1.0,1.0,0.5153269271801643,51.53269271801643,5974,458,173981.0,4.8,0.1,49.3,389,86.1,0.0,5758,566,14.6,11.7,74.90636704119851,1.334604385128694,8.370044052863436,87.27359389895139,1.782178217821782,9.451877427708244,8.87177770338132,14.47417548,4.051477597712107,42.87974683544304,96.61582459485224,8.0,12.25,24.25,15.375,8.125,15.0,1.875,0.3683853459972863,0.9056865464632456,0.5640326975476839,0.935792349726776,0.5919618528610354,0.6336499321573948,0.5565395095367848,0.6955617198335645,0.1194029850746268,0.3337856173677069,0.754421768707483,0.5136054421768708,0.1025991792065663,0.7978142076502732,0.6462585034013606,0.8907103825136612,0.9655647382920112,0.1775956284153005,0.8517006802721089,0.783177570093458,0.4754098360655737,0.2901907356948229,0.5765027322404371,0.2035278154681139,0.2584803256445047,0.2252374491180461,0.2957937584803256,0.1933514246947082,0.3032564450474898,0.1940298507462686,28,1.0,5.6,16,30
06073017801,0.3688473556606483,1.0,0.4405843432824181,1.0,0.3747210145930828,1.0,0.4667776393820967,1.0,0.5275032555240244,1.0,0.3020639458415846,1.0,0.3772048846675712,1.0,1.0,0.4082432055644894,40.824320556448946,6941,659,111118.0,11.4,3.1,54.6,617,84.6,23.544303797468356,6642,783,15.3,10.6,58.93635571054926,2.73109243697479,16.5513179207775,58.543417366946784,21.25237191650854,1.0737790093522688,61.23037026365078,27.96515246,6.372549019607843,41.48148148148148,93.38235294117648,13.0,8.0,38.375,16.375,23.5,13.125,7.875,0.2035278154681139,0.5173370319001387,0.0940054495912806,0.66051912568306,0.659400544959128,0.8670284938941656,0.473433242506812,0.0540915395284327,0.0434192672998643,0.1166892808683853,0.6693877551020408,0.6693877551020408,0.4555403556771545,0.6598360655737705,0.2435374149659863,0.5081967213114754,0.5647382920110193,0.8415300546448088,0.1074829931972789,0.5962616822429907,0.2868852459016393,0.3337874659400545,0.2855191256830601,0.4640434192672998,0.1255088195386703,0.3717774762550881,0.3202170963364993,0.4735413839891452,0.2584803256445047,0.4620081411126187,44,4.0,5.7,20,18
06073007702,0.7461602240273381,1.0,0.5903211453377543,1.0,0.6505978918025827,1.0,0.3567249202387779,1.0,0.5199489921676633,1.0,0.5895522202865751,1.0,0.6309362279511533,1.0,1.0,0.5834630888302635,58.34630888302635,3368,232,122898.0,1.2,2.5,70.5,955,60.2,0.0,3092,348,18.0,8.6,51.30490133672821,2.5150355385456535,31.30434782608696,12.903225806451612,16.666666666666664,19.391802556192157,23.15914489311164,5.886745488,2.679059595407326,30.03606388459557,95.68069983597594,9.0,21.75,95.25,45.875,41.75,56.875,12.625,0.6668928086838535,0.6380027739251041,0.9632152588555858,0.7165300546448088,0.8726158038147139,0.9755766621438264,0.0510899182561307,0.6955617198335645,0.7123473541383989,0.658751696065129,0.2904761904761904,0.9408163265306122,0.6415868673050615,0.680327868852459,0.0503401360544217,0.0546448087431694,0.650137741046832,0.0450819672131147,0.4462585034013605,0.9383177570093458,0.6174863387978142,0.6716621253405994,0.4795081967213114,0.2611940298507462,0.6858887381275441,0.6377204884667571,0.6397557666214383,0.6268656716417911,0.635685210312076,0.6146540027137042,146,7.75,6.4,15,52
06073013401,0.4838760415422912,1.0,0.4092091412314521,1.0,0.4767119873729681,1.0,0.7685350102679271,1.0,0.5958583268195289,1.0,0.6463597425092936,1.0,0.6659430122116688,1.0,1.0,0.57807046599359,57.807046599359005,4692,299,136190.0,7.6,6.4,29.8,193,81.8,17.050691244239633,4530,521,14.8,12.2,25.688073394495415,6.350364963503649,4.305200341005968,83.35766423357664,19.880715705765407,0.7246376811594203,15.984654731457802,50.60360921,1.6788321167883211,24.857468643101484,94.74452554744526,28.0,19.25,105.375,48.25,44.625,67.5,16.75,0.5495251017639078,0.7337031900138696,0.2670299727520435,0.3852459016393442,0.3106267029972752,0.2259158751696065,0.38283378746594,0.0901525658807211,0.3364993215739484,0.3968792401628223,0.7292517006802721,0.4442176870748299,0.9562243502051984,0.3797814207650273,0.8952380952380953,0.842896174863388,0.5895316804407713,0.8579234972677596,0.6462585034013606,0.2897196261682243,0.7418032786885246,0.7970027247956404,0.4002732240437158,0.8826322930800543,0.5630936227951153,0.669606512890095,0.6567164179104478,0.6519674355495251,0.6763907734056988,0.675033921302578,161,14.625,7.5,49,48
06073013409,0.5055787102125806,1.0,0.5855673336563539,1.0,0.3621514413092238,1.0,0.4289487411434265,1.0,0.3293473137849345,1.0,0.444508966016984,1.0,0.6476255088195387,1.0,1.0,0.4719611449918631,47.196114499186315,5895,348,111349.0,3.5,8.8,30.4,602,94.7,14.098360655737704,5630,629,15.8,12.1,66.88632619439868,5.367088607594937,11.701400751622822,66.37974683544304,25.28925619834711,5.502392344497608,44.10517387616624,53.87678905,2.0759493670886076,38.45841784989858,92.20253164556962,24.0,18.75,99.75,47.125,41.5,64.375,15.25,0.4884667571234735,0.5256588072122053,0.752724795640327,0.2554644808743169,0.3201634877384196,0.858887381275441,0.8957765667574932,0.1081830790568654,0.141112618724559,0.2462686567164179,0.6020408163265306,0.4591836734693877,0.2517099863201094,0.430327868852459,0.4299319727891156,0.6038251366120219,0.4641873278236914,0.4207650273224044,0.1782312925170067,0.2542056074766355,0.6830601092896175,0.4291553133514986,0.221311475409836,0.7971506105834464,0.5332428765264586,0.6512890094979648,0.649932157394844,0.6255088195386703,0.6560379918588873,0.655359565807327,154,13.625,8.7,45,47
06073015601,0.2748399351189262,1.0,0.4188834031785158,1.0,0.1223225246679404,1.0,0.3706107052046895,1.0,0.5479393418616904,1.0,0.4729282371217422,1.0,0.467842605156038,1.0,1.0,0.3821952503299347,38.21952503299347,6110,1086,64757.0,18.3,0.7,19.9,321,84.0,2.719033232628399,5996,839,19.8,14.4,68.54166666666667,4.094412331406551,13.270533796066768,46.33911368015414,28.16399286987522,0.9541984732824428,25.204582651391163,31.74859988,5.491329479768786,45.42936288088642,98.94026974951832,18.5,16.5,44.0,20.625,25.0,22.5,8.375,0.0746268656716417,0.102635228848821,0.0122615803814714,0.9098360655737704,0.1668937329700272,0.4952510176390773,0.4475476839237057,0.3411927877947295,0.0976933514246947,0.0881953867028494,0.1047619047619047,0.1986394557823129,0.2216142270861832,0.5382513661202186,0.3578231292517007,0.3647540983606557,0.4008264462809917,0.8497267759562841,0.3972789115646258,0.5439252336448599,0.3346994535519125,0.2247956403269755,0.8592896174863388,0.6377204884667571,0.4246947082767978,0.4484396200814111,0.4586160108548168,0.4972862957937585,0.4484396200814111,0.4864314789687924,60,4.125,10.1,30,51
06073015701,0.1387771653180684,1.0,0.5411982734310344,1.0,0.0680403640424962,1.0,0.0802184922768192,1.0,0.3421994470486598,1.0,0.5242588704754247,1.0,0.5450474898236093,1.0,1.0,0.3199628717737303,31.99628717737303,6513,2046,45285.0,5.9,12.4,19.7,523,100.0,14.244186046511627,6053,750,22.3,18.3,72.00832466181062,25.975139305615087,25.605199025182777,13.80197171024432,46.05263157894737,1.685630004214075,59.26608321817903,47.66645924,5.01500214316331,21.97620621282221,94.04200600085728,22.0,17.0,60.75,29.0,34.375,31.25,10.125,0.0027137042062415,0.015256588072122,0.4073569482288828,0.1297814207650273,0.1614441416893733,0.8046132971506106,0.9952316076294278,0.1067961165048543,0.0909090909090909,0.1397557666214383,0.0251700680272108,0.0163265306122448,0.1532147742818057,0.0136612021857923,0.0911564625850339,0.0628415300546448,0.1432506887052341,0.7855191256830601,0.1129251700680271,0.3271028037383178,0.3811475409836066,0.8637602179836512,0.3278688524590163,0.7333785617367707,0.4457259158751696,0.5352781546811397,0.5359565807327001,0.5793758480325645,0.5183175033921302,0.5563093622795116,83,6.25,17.6,34,51
06073000700,0.6018420175417702,1.0,0.7275472402663423,0.8333333333333334,0.5759874098893288,1.0,0.4584432381416158,1.0,0.3000607736507217,1.0,0.4027610269849069,1.0,0.9295793758480324,1.0,1.0,0.5708887260461026,57.088872604610266,4341,392,105633.0,4.4,0.9,61.9,815,64.7,,4084,550,15.3,9.6,36.50621957815035,3.4653465346534658,18.816067653276956,27.265803503427264,41.32231404958678,2.8127313101406366,65.88343699608386,55.48226509,10.891089108910892,26.299422478898265,93.67859862909368,26.5,30.5,223.5,103.625,100.75,145.625,36.0,0.4355495251017639,0.4646324549237171,0.6198910081743869,0.8872950819672131,0.7602179836512262,0.949796472184532,0.076975476839237,,0.4484396200814111,0.350067842605156,0.6693877551020408,0.8360544217687075,0.8809849521203831,0.5860655737704918,0.1863945578231293,0.180327868852459,0.1831955922865014,0.6844262295081966,0.0952380952380952,0.2373831775700934,0.1352459016393442,0.7683923705722071,0.3046448087431694,0.8514246947082768,0.9993215739484396,0.9328358208955224,0.9280868385345996,0.9308005427408412,0.9253731343283582,0.9308005427408412,192,23.25,5.7,49,52
06073003305,0.1125251416198199,1.0,0.5969168281851415,1.0,0.0734871560564524,1.0,0.3709744401000965,1.0,0.3235765714815277,1.0,0.2581235141426324,1.0,0.9075983717774764,1.0,1.0,0.3776002890518781,37.76002890518781,6200,1393,49813.0,6.5,17.3,5.8,438,91.6,5.0884955752212395,5108,1137,21.2,17.8,71.34615384615385,18.022905364677516,1.6896831844029243,34.77998794454491,39.46540880503145,2.8119507908611596,32.74193548387097,67.76602365,11.754068716094032,33.16326530612245,88.42676311030742,34.0,25.75,215.875,102.875,90.375,145.0,32.875,0.0312075983717774,0.029126213592233,0.3453678474114441,0.0443989071038251,0.0040871934604904,0.7042062415196744,0.7717983651226158,0.2649098474341192,0.2116689280868385,0.0122116689280868,0.045578231292517,0.0244897959183673,0.1682626538987688,0.0942622950819672,0.9850340136054422,0.2363387978142076,0.2176308539944903,0.6857923497267759,0.2693877551020408,0.1214953271028037,0.1065573770491803,0.5803814713896458,0.087431693989071,0.9782903663500678,0.8582089552238806,0.9158751696065128,0.9240162822252376,0.8900949796472184,0.9199457259158752,0.8880597014925373,199,21.375,19.5,60,51
06073012303,0.385730914843242,1.0,0.5839329414476188,1.0,0.547749656171831,1.0,0.1611127542896686,1.0,0.2857436612515416,1.0,0.1162914489063593,1.0,0.7229308005427408,1.0,1.0,0.4004988824932861,40.04988824932861,3418,381,71583.0,5.3,5.5,32.9,234,88.4,0.0,2950,410,15.6,13.9,72.83621837549934,14.321608040201006,21.620011911852295,34.84087102177554,30.844155844155846,11.160714285714286,30.71971913399649,45.2769135,19.01172529313233,42.070484581497794,78.64321608040201,23.0,22.5,128.25,58.625,56.5,85.625,21.625,0.4430122116689281,0.1484049930651872,0.4986376021798365,0.4528688524590164,0.364441416893733,0.3080054274084124,0.6430517711171662,0.6955617198335645,0.7584803256445047,0.5495251017639078,0.6333333333333333,0.2496598639455782,0.13406292749658,0.139344262295082,0.1319727891156462,0.2390710382513661,0.3539944903581267,0.1256830601092896,0.3006802721088435,0.3626168224299065,0.0286885245901639,0.3119891008174387,0.0081967213114754,0.7706919945725916,0.7218453188602443,0.7184531886024423,0.7096336499321574,0.7109905020352781,0.7381275440976933,0.737449118046133,174,16.375,9.3,44,49
06073004200,0.6603701307157688,1.0,0.8085532754969657,1.0,0.5783577474409031,1.0,0.5868900419489184,1.0,0.4611201978635755,1.0,0.8162413206076939,1.0,0.980325644504749,1.0,1.0,0.6988369083683678,69.88369083683678,5678,202,160127.0,6.0,3.0,65.5,469,87.5,0.0,5207,370,14.9,9.9,40.65934065934066,4.6888320545609545,10.868787987129066,62.14833759590793,13.997308209959622,6.009615384615385,15.49841493483621,72.55756067,0.8951406649616368,26.31352282515073,98.76385336743392,38.5,29.0,246.875,116.125,110.0,163.75,40.5,0.7143826322930801,0.8571428571428571,0.3964577656675749,0.6734972677595629,0.8133514986376021,0.746268656716418,0.6178474114441417,0.6955617198335645,0.1994572591587516,0.6146540027137042,0.7142857142857143,0.7850340136054421,0.8303693570451436,0.4849726775956284,0.472108843537415,0.5601092896174863,0.71900826446281,0.3825136612021858,0.6625850340136055,0.0803738317757009,0.8524590163934427,0.7670299727520435,0.8292349726775956,0.9986431478968792,0.9796472184531886,0.9864314789687924,0.9769335142469472,0.971506105834464,0.989145183175034,0.9776119402985076,200,27.5,5.4,73,51
06073003214,0.2964070401804718,1.0,0.5055980182651494,1.0,0.4642499469258531,1.0,0.5137230645212717,1.0,0.5637605808245398,1.0,0.3879992356675252,1.0,0.723202170963365,1.0,1.0,0.4935628653354537,49.35628653354537,4398,378,75474.0,8.4,7.3,30.5,327,87.1,2.666666666666667,4058,554,16.1,11.8,65.10903426791276,3.783102143757881,7.785665216395694,58.764186633039095,22.485207100591715,3.5866261398176293,14.55206912232833,40.69695084,2.3959646910466583,36.495535714285715,85.24590163934425,17.5,21.0,129.375,60.625,60.625,80.625,21.125,0.4470827679782904,0.1858529819694868,0.2145776566757493,0.3381147540983606,0.3235694822888283,0.5122116689280869,0.6008174386920981,0.3425797503467406,0.4572591587516961,0.3453188602442334,0.5564625850340136,0.4979591836734693,0.2831737346101231,0.5587431693989071,0.7006802721088435,0.5122950819672131,0.5275482093663912,0.6161202185792349,0.6870748299319728,0.4242990654205607,0.6461748633879781,0.4768392370572207,0.040983606557377,0.6051560379918589,0.6492537313432836,0.723202170963365,0.7211668928086838,0.7313432835820896,0.7103120759837178,0.7299864314789688,185,17.125,9.3,32,51
06073003301,0.1391443707227376,1.0,0.4678842077766809,1.0,0.4843140512650108,1.0,0.4658802846338687,1.0,0.2799887862388485,1.0,0.467924092851506,1.0,0.9092265943012212,1.0,1.0,0.4591946268271248,45.91946268271248,3548,757,67414.0,7.6,25.3,17.5,248,84.4,26.446280991735534,2968,258,18.7,14.7,50.390015600624025,18.558736426456072,5.168475157053113,36.72260612043436,45.73804573804574,2.0309477756286265,52.42390078917701,71.35034225,6.515301085883514,45.68298969072165,99.40769990128332,34.5,25.75,216.875,101.375,92.25,145.0,33.25,0.1696065128900949,0.1178918169209431,0.2670299727520435,0.0020491803278688,0.1260217983651226,0.3290366350067842,0.4652588555858311,0.044382801664355,0.7530529172320217,0.805291723202171,0.2061224489795918,0.1727891156462585,0.6607387140902873,0.0833333333333333,0.854421768707483,0.2650273224043716,0.1473829201101928,0.7568306010928962,0.1278911564625851,0.0878504672897196,0.2800546448087432,0.2193460490463215,0.9043715846994536,0.9843962008141112,0.8582089552238806,0.9172320217096336,0.9138398914518318,0.9009497964721844,0.9199457259158752,0.8941655359565808,200,22.5,14.5,60,51
06073003303,0.22084531848223,1.0,0.662178541537336,1.0,0.262474270576616,1.0,0.3254182267645907,1.0,0.4150788467930897,1.0,0.4667751125405121,1.0,0.8940298507462687,1.0,1.0,0.4638285953486633,46.382859534866334,4406,647,71563.0,5.5,16.4,19.8,318,93.5,0.0,4047,674,19.1,14.1,56.94143167028199,25.920679886685555,9.524913093858633,31.728045325779036,48.902195608782435,1.2587412587412588,23.15024965955515,52.68201618,1.9121813031161472,36.43044619422572,92.13881019830028,33.0,25.0,211.125,98.875,89.75,142.5,31.125,0.208955223880597,0.1470180305131761,0.4686648501362398,0.0587431693989071,0.1634877384196185,0.4905020352781546,0.8446866485013624,0.6955617198335645,0.4620081411126187,0.2008141112618724,0.1612244897959184,0.2258503401360544,0.5143638850889193,0.0150273224043715,0.563265306122449,0.2090163934426229,0.1115702479338842,0.8319672131147541,0.4476190476190476,0.2691588785046729,0.7021857923497268,0.4809264305177112,0.2172131147540983,0.9647218453188604,0.8141112618724559,0.9050203527815468,0.9016282225237447,0.8887381275440976,0.9090909090909092,0.8656716417910447,200,21.875,14.8,57,50
06073003403,0.370372128534768,1.0,0.5859306319645657,1.0,0.3958779848438696,1.0,0.450799578313979,1.0,0.1544592126926197,1.0,0.3709618181186502,1.0,0.9630936227951152,1.0,1.0,0.4702135681805096,47.02135681805096,3416,485,75550.0,3.7,9.3,8.6,388,78.4,0.0,2893,422,19.1,15.5,59.60854092526691,11.911911911911911,5.727923627684964,43.74374374374375,48.54368932038835,8.683729433272395,34.83606557377049,85.88674549,4.804804804804805,29.68337730870713,84.48448448448448,36.5,26.75,238.5,115.25,104.0,158.125,38.375,0.3351424694708277,0.188626907073509,0.7247956403269755,0.2329234972677595,0.0163487738419618,0.6322930800542741,0.2690735694822888,0.6955617198335645,0.7734056987788331,0.5359565807327001,0.1612244897959184,0.1129251700680271,0.439124487004104,0.1912568306010929,0.8326530612244898,0.3401639344262295,0.1225895316804407,0.2172131147540983,0.2462585034013605,0.0317757009345794,0.4002732240437158,0.6839237057220708,0.0286885245901639,0.994572591587517,0.9077340569877884,0.971506105834464,0.9742198100407056,0.943012211668928,0.971506105834464,0.9552238805970148,202,25.375,15.0,69,51
06073008506,0.5521043361224611,1.0,0.6335877513712479,1.0,0.5353649193734482,1.0,0.5206544741419251,1.0,0.5261798819179848,1.0,0.7569298650506494,1.0,0.6698778833107191,1.0,1.0,0.5992427301840622,59.92427301840622,4027,423,121484.0,4.3,4.2,51.3,347,83.0,0.0,3760,462,16.0,11.4,44.02420574886536,5.412208936438011,11.6662503122658,54.12208936438011,33.33333333333333,1.9135802469135803,19.120933697541595,36.11698818,2.2026431718061676,20.46093310848791,97.86028949024544,25.5,22.0,108.0,50.625,49.625,65.0,15.375,0.4056987788331072,0.6227461858529819,0.6301089918256131,0.549863387978142,0.6198910081743869,0.5481682496607869,0.412125340599455,0.6955617198335645,0.5359565807327001,0.4776119402985075,0.5741496598639455,0.5537414965986395,0.7701778385772914,0.424863387978142,0.4312925170068027,0.4562841530054645,0.3023415977961432,0.7663934426229508,0.5537414965986395,0.4822429906542056,0.6653005464480874,0.8910081743869209,0.7144808743169399,0.8270013568521031,0.6987788331071914,0.6757123473541384,0.6743554952510177,0.6811397557666214,0.6594301221166893,0.658751696065129,153,8.75,7.1,42,52
06073008507,0.3610917294669472,1.0,0.7184114961598144,1.0,0.2675956949944157,1.0,0.4187240393679393,1.0,0.1476894321944553,1.0,0.513842358908692,1.0,0.6930800542740841,1.0,1.0,0.4457764007666212,44.57764007666212,6606,699,88824.0,3.8,9.8,38.6,462,91.7,0.0,6011,986,17.0,11.7,60.859188544152744,5.5307035380235865,11.035111719106249,48.23098820658805,39.794419970631424,10.157106320789184,50.862851952770214,71.91039203,4.717364782431883,24.72095907399752,94.10329402196017,27.5,24.25,120.5,57.875,54.875,73.75,16.625,0.1872455902306649,0.3300970873786408,0.7091280653950953,0.2178961748633879,0.4523160762942779,0.7381275440976933,0.776566757493188,0.6955617198335645,0.0949796472184532,0.039348710990502,0.4224489795918367,0.5136054421768708,0.4076607387140902,0.4193989071038251,0.4612244897959183,0.3866120218579235,0.2121212121212121,0.1584699453551912,0.1360544217687075,0.0841121495327102,0.4057377049180327,0.8010899182561309,0.3346994535519125,0.8710990502035278,0.776797829036635,0.6960651289009498,0.7042062415196744,0.7028493894165536,0.6906377204884667,0.6716417910447762,171,10.25,8.3,44,52
06073008509,0.6107960023585487,1.0,0.7444797553099395,1.0,0.3007829590452192,1.0,0.5104793404208806,1.0,0.5014345319612004,1.0,0.5051220202200682,1.0,0.726729986431479,1.0,1.0,0.5571177993924764,55.71177993924764,6558,443,113818.0,4.1,1.3,47.5,460,91.1,0.0,6226,1046,16.2,11.3,62.76445698166432,1.6678752719361856,9.628042247053422,48.04205946337926,13.931297709923664,4.335761359694763,30.039646233607808,40.23646546,6.925308194343726,21.2428662016487,94.5612762871646,29.5,24.75,132.75,62.5,61.125,83.125,20.625,0.3812754409769335,0.5575589459084604,0.6580381471389646,0.8463114754098361,0.5667574931880109,0.7354138398914518,0.7534059945504087,0.6955617198335645,0.0719131614654002,0.0271370420624151,0.5360544217687075,0.5680272108843538,0.344733242134063,0.7581967213114754,0.5537414965986395,0.3852459016393442,0.721763085399449,0.5396174863387978,0.3088435374149659,0.4355140186915888,0.2609289617486339,0.8760217983651226,0.378415300546448,0.917910447761194,0.7978290366350068,0.7327001356852103,0.7299864314789688,0.7367706919945726,0.7184531886024423,0.7157394843962008,178,10.75,7.2,49,52
06073008510,0.5636937680001712,1.0,0.658629744773077,1.0,0.3778512354738367,1.0,0.3524675310459677,1.0,0.5835585691858536,1.0,0.4408647379679675,1.0,0.7529172320217096,1.0,1.0,0.5328546883526547,53.28546883526547,5814,428,87143.0,3.7,1.6,45.7,448,76.9,0.0,5598,716,15.7,11.2,63.179237631792375,10.894064613072878,11.59596662030598,51.50262960180315,14.395886889460154,1.8436578171091444,20.123839009287927,48.11449907,9.053343350864012,17.059050559629487,91.84823441021788,29.5,25.5,141.375,67.125,65.0,89.375,21.75,0.3975576662143826,0.3120665742024965,0.7247956403269755,0.8203551912568305,0.5442779291553134,0.7191316146540027,0.2329700272479564,0.6955617198335645,0.1451831750339213,0.1635006784260515,0.6176870748299319,0.5850340136054422,0.3310533515731874,0.2158469945355191,0.435374149659864,0.4275956284153005,0.7121212121212122,0.7759562841530054,0.5265306122448979,0.319626168224299,0.1912568306010929,0.9305177111716622,0.2008196721311475,0.917910447761194,0.8419267299864315,0.7530529172320217,0.7611940298507462,0.7605156037991859,0.7503392130257802,0.7394843962008141,181,11.75,7.4,49,52
06073008512,0.6317301841790393,1.0,0.6001610959439012,1.0,0.6508136497475516,1.0,0.7543832973524903,1.0,0.6843634446942584,1.0,0.5232724348952518,1.0,0.7132971506105834,1.0,1.0,0.6511458939175823,65.11458939175823,4137,345,123933.0,3.6,3.2,53.8,242,78.7,0.0,4017,238,14.9,11.2,41.74454828660436,0.9566326530612244,8.266276517922458,76.14795918367348,22.779043280182233,0.5076142131979695,7.735073724921441,38.38207841,3.6989795918367343,15.728900255754477,89.98724489795919,28.5,24.0,128.375,60.75,59.25,78.75,18.25,0.491180461329715,0.6490984743411928,0.7391008174386922,0.6475409836065573,0.6519073569482289,0.3181818181818182,0.2758855585831062,0.6955617198335645,0.4694708276797829,0.8344640434192673,0.7142857142857143,0.5850340136054422,0.801641586867305,0.8319672131147541,0.6557823129251701,0.7281420765027322,0.5206611570247934,0.8743169398907104,0.8938775510204082,0.4485981308411215,0.5013661202185793,0.946866485013624,0.1215846994535519,0.8921302578018996,0.7672998643147897,0.7204884667571235,0.723202170963365,0.7238805970149254,0.7055630936227951,0.6933514246947082,175,10.25,5.8,48,52
06073017108,0.6918087312007746,1.0,0.4754902958694653,1.0,0.6377527944692124,1.0,0.8377535335521933,1.0,0.6654506046987129,1.0,0.4705930525155968,1.0,0.1099050203527815,1.0,1.0,0.5555362903798196,55.55362903798195,4328,321,170833.0,4.7,2.0,65.5,202,85.3,0.0,4306,371,14.0,10.2,43.57976653696498,0.0,6.644674835061264,83.27228327228327,15.27001862197393,0.6067961165048543,21.950092421441777,25.73739888,3.968253968253968,42.950819672131146,97.25274725274726,11.5,10.75,13.25,5.375,6.5,3.75,0.0,0.519674355495251,0.897364771151179,0.5783378746594006,0.7718579234972678,0.8133514986376021,0.2415196743554952,0.5163487738419619,0.6955617198335645,0.3907734056987788,0.6126187245590231,0.8163265306122449,0.7312925170068028,0.7811217510259918,0.950136612021858,0.7795918367346939,0.8401639344262295,0.6900826446280992,0.8688524590163934,0.4748299319727891,0.6280373831775701,0.48224043715847,0.2888283378746594,0.6407103825136612,0.3860244233378562,0.200135685210312,0.1350067842605156,0.0848032564450474,0.1696065128900949,0.1132971506105834,0.0468113975576662,19,2.0,4.6,18,31
06073017303,0.6618675688550111,1.0,0.3873210972748733,1.0,0.763911426171554,1.0,0.336457907600707,1.0,0.4266666094724967,1.0,0.7468942789217948,1.0,0.0738127544097693,1.0,1.0,0.4852759489580295,48.52759489580295,3542,200,122122.0,1.4,7.2,76.9,91,78.0,0.0,3428,162,14.2,10.3,75.51020408163265,7.226277372262774,14.451686030036836,66.86131386861314,33.33333333333333,8.176943699731904,16.657255787690573,32.63223398,0.5109489051094891,38.84057971014493,99.48905109489051,6.0,11.25,8.875,4.75,3.5,3.125,0.0,0.7177747625508819,0.6310679611650486,0.952316076294278,0.3463114754098361,0.9455040871934604,0.0773405698778833,0.2561307901907357,0.6955617198335645,0.6282225237449118,0.9219810040705564,0.7938775510204081,0.7115646258503401,0.0834473324213406,0.3401639344262295,0.3115646258503401,0.610655737704918,0.3023415977961432,0.2527322404371585,0.6244897959183673,0.5271028037383177,0.912568306010929,0.4100817438692098,0.918032786885246,0.1248303934871099,0.2245590230664857,0.0739484396200814,0.0691994572591587,0.0820895522388059,0.0970149253731343,0.0468113975576662,12,1.0,4.5,10,39
06073008365,0.9483663018379368,1.0,0.5447318081495314,1.0,0.8873971976850441,1.0,0.8348084649414473,1.0,0.864907238334799,1.0,0.7804095134577111,1.0,0.1610583446404341,1.0,1.0,0.7173826955781291,71.73826955781291,2573,79,215532.0,1.8,0.0,68.4,137,85.7,0.0,2541,163,12.3,9.7,56.71641791044776,0.0,4.245283018867925,92.78017241379312,0.0,2.8272251308900525,8.550330353672756,6.807716241,0.5387931034482759,32.402234636871505,98.70689655172411,13.5,19.0,15.5,9.375,5.875,6.25,1.125,0.9206241519674356,0.9791955617198336,0.92574931880109,0.967896174863388,0.8514986376021798,0.146540027137042,0.5401907356948229,0.6955617198335645,0.8561736770691994,0.9199457259158752,0.9496598639455782,0.8238095238095238,0.5253077975376197,0.950136612021858,0.9020408163265308,0.9617486338797814,0.9855371900826446,0.6789617486338797,0.8680272108843538,0.9271028037383178,0.9084699453551912,0.6103542234332425,0.8224043715846995,0.4864314789687924,0.5481682496607869,0.166214382632293,0.1587516960651289,0.1648575305291723,0.1492537313432835,0.166214382632293,27,0.5,4.8,25,62
06073014805,0.3804005259862775,1.0,0.6656256668224784,1.0,0.4248057024709477,1.0,0.4985454437207593,1.0,0.313408084713765,1.0,0.7233525905411374,1.0,0.8127544097693352,1.0,1.0,0.5455560605749572,54.55560605749572,5131,671,105790.0,5.8,5.6,44.4,473,86.1,0.0,4648,468,17.7,11.2,50.0,1.154016866400355,21.099466086612615,46.737683089214386,47.19298245614035,3.9641943734015346,31.767686610797117,54.22526447,2.6631158455392807,26.596161378770073,98.40213049267643,19.0,24.75,164.875,79.25,78.625,104.375,28.75,0.1940298507462686,0.4660194174757281,0.4216621253405994,0.4398907103825137,0.5326975476839237,0.7564450474898237,0.5565395095367848,0.6955617198335645,0.3147896879240163,0.4708276797829036,0.3285714285714286,0.5850340136054422,0.6696306429548564,0.8155737704918032,0.1428571428571429,0.366120218579235,0.1336088154269972,0.5833333333333333,0.2843537414965986,0.2523364485981308,0.6202185792349727,0.7588555858310626,0.7909836065573771,0.6546811397557666,0.7978290366350068,0.8046132971506106,0.8059701492537313,0.8208955223880597,0.7991858887381276,0.8331071913161465,200,18.375,7.9,36,51
06073010011,0.6209475204395655,1.0,0.4923586725887916,1.0,0.4772307294695354,1.0,0.6967966675804901,1.0,0.7532504003979508,1.0,0.6369966696942174,1.0,0.4614654002713704,1.0,1.0,0.5912922943488459,59.12922943488459,4006,238,114167.0,4.2,3.4,13.8,193,92.3,0.0,3589,522,15.7,13.3,56.038647342995176,2.547169811320755,6.696878147029205,80.47169811320755,20.187793427230048,0.0,14.977533699450824,12.65712508,3.490566037735849,33.192261185006046,98.58490566037736,25.5,14.5,49.0,24.25,20.375,27.5,5.875,0.6519674355495251,0.5617198335644937,0.6423705722070845,0.6277322404371585,0.0572207084468664,0.2259158751696065,0.803133514986376,0.6955617198335645,0.5766621438263229,0.3941655359565807,0.6176870748299319,0.3204081632653061,0.5430916552667578,0.6762295081967213,0.7741496598639456,0.7937158469945356,0.5826446280991735,0.9405737704918032,0.6748299319727891,0.8149532710280374,0.5218579234972678,0.5776566757493188,0.8114754098360656,0.8270013568521031,0.3453188602442333,0.5020352781546812,0.4972862957937585,0.4172320217096336,0.4979647218453188,0.3928086838534599,63,9.0,9.8,43,44
06073018400,0.5072781470520573,1.0,0.5284190814683474,1.0,0.4050743499570792,1.0,0.3688724746475028,1.0,0.1393798604977345,1.0,0.2586533355171404,1.0,0.4014925373134327,1.0,1.0,0.3727385409218992,37.273854092189914,3587,695,72750.0,0.9,2.5,40.9,622,93.8,0.0,3008,593,18.1,13.4,44.173228346456696,6.500607533414337,16.867132867132867,18.59052247873633,32.35294117647059,21.24401913875598,174.51909673822135,59.93777225,12.15066828675577,35.32710280373832,91.61603888213853,8.0,5.75,39.0,17.125,26.25,13.75,8.5,0.1886024423337856,0.1539528432732316,0.9700272479564032,0.7165300546448088,0.4884196185286104,0.8710990502035278,0.8583106267029973,0.6955617198335645,0.7435549525101763,0.2971506105834464,0.2741496598639455,0.3054421768707482,0.7688098495212038,0.3715846994535519,0.2367346938775509,0.0983606557377049,0.3236914600550964,0.0355191256830601,0.0095238095238094,0.188785046728972,0.0956284153005464,0.4986376021798365,0.1816939890710382,0.2035278154681139,0.05359565807327,0.3819538670284939,0.3351424694708276,0.5217096336499322,0.2754409769335142,0.4932157394843962,38,2.5,9.7,14,16
06073018509,0.2276097471415941,1.0,0.4346732022442054,1.0,0.1780644550900414,1.0,0.3216873920746339,1.0,0.274677708914217,1.0,0.368947380175995,1.0,0.4563093622795115,1.0,1.0,0.3231384639885998,32.31384639885998,5559,923,71371.0,7.0,7.2,29.5,820,74.7,0.0,4229,864,20.3,15.3,57.3469387755102,13.979057591623038,9.86758570651188,19.581151832460733,44.55066921606118,3.0948756976154232,69.43694909156322,59.78842564,14.45026178010471,31.229357798165136,94.76439790575915,11.5,6.5,44.625,19.625,28.75,15.0,9.875,0.1078697421981004,0.145631067961165,0.3106267029972752,0.3463114754098361,0.305858310626703,0.9525101763907734,0.1927792915531335,0.6955617198335645,0.4165535956580732,0.078697421981004,0.0897959183673469,0.1272108843537415,0.5006839945280438,0.1489071038251366,0.5333333333333333,0.1038251366120218,0.1597796143250688,0.6612021857923498,0.0870748299319728,0.1906542056074766,0.0573770491803278,0.6457765667574932,0.4036885245901639,0.3860244233378562,0.0753052917232021,0.4599728629579376,0.4226594301221167,0.5440976933514247,0.3032564450474898,0.5515603799185889,38,3.0,14.1,16,17
06073015002,0.1688945308417079,1.0,0.4903904338119337,1.0,0.4885371380573939,1.0,0.1555640365181528,1.0,0.3244707868244167,0.75,0.5565841783177737,1.0,0.7194029850746269,1.0,1.0,0.4148348699208579,41.483486992085794,2984,438,69545.0,17.5,12.1,40.2,170,94.3,32.77777777777778,2397,307,20.8,13.5,78.21969696969697,7.545605306799337,18.64064602960969,12.437810945273633,66.24605678233438,0.0,150.13404825737263,,4.477611940298507,40.32983508245877,99.00497512437812,18.5,22.75,125.625,61.625,59.875,75.625,22.625,0.3853459972862958,0.1345353675450762,0.0149863760217984,0.1407103825136612,0.4788828337874659,0.1906377204884667,0.8753405994550408,0.0277392510402219,0.8765264586160109,0.7238805970149254,0.0625850340136054,0.291156462585034,0.0629274965800273,0.3210382513661202,0.1904761904761904,0.0478142076502732,0.0151515151515151,0.9405737704918032,0.0176870748299319,,0.4316939890710383,0.3705722070844687,0.8674863387978142,0.6377204884667571,0.73202170963365,0.7069199457259159,0.7245590230664858,0.7272727272727273,0.6960651289009498,0.7421981004070556,180,14.625,11.9,32,51
06073015001,0.3906554541573691,1.0,0.6161025676786138,1.0,0.3181451277933154,1.0,0.3382763227288627,1.0,0.5315455107662901,0.75,0.6141510698173047,1.0,0.7199457259158751,1.0,1.0,0.5041173969796615,50.411739697966155,4418,1096,114833.0,3.1,13.0,47.8,280,89.5,0.0,4329,680,18.0,12.6,49.43089430894309,13.400758533501897,28.36814321781042,53.66624525916561,28.7292817679558,1.2484394506866416,26.708918062471707,,2.2123893805309733,30.219471018570623,96.01769911504424,17.0,23.0,124.5,61.875,59.125,76.875,23.25,0.0691994572591587,0.5728155339805825,0.8079019073569482,0.1127049180327869,0.5722070844686649,0.4138398914518317,0.6866485013623979,0.6955617198335645,0.3812754409769335,0.1953867028493894,0.2904761904761904,0.4054421768707483,0.6771545827633378,0.1612021857923496,0.0680272108843537,0.4467213114754098,0.3953168044077135,0.8333333333333334,0.3659863945578231,,0.6639344262295082,0.662125340599455,0.5163934426229508,0.5888738127544098,0.7394843962008141,0.7021709633649932,0.7259158751696065,0.7211668928086838,0.6987788331071914,0.751696065128901,180,13.125,8.8,31,51
06073014701,0.7442217242989262,1.0,0.6299594659960432,1.0,0.5537648030718393,1.0,0.6660186262839105,1.0,0.489101222388427,0.75,0.4332921387908657,1.0,0.842740841248304,1.0,1.0,0.6227284031540451,62.27284031540451,3688,230,113485.0,2.8,0.7,41.6,593,74.4,0.0,3470,380,16.8,11.5,39.51473136915078,1.6506189821182942,9.27920463960232,56.740027510316374,13.448275862068964,7.565162110616656,23.047722342733188,,4.264099037138927,44.8118006103764,96.8363136176066,22.5,24.75,175.875,87.75,81.5,112.5,31.625,0.6716417910447761,0.5561719833564494,0.8392370572207084,0.9098360655737704,0.4959128065395095,0.8521031207598372,0.1880108991825613,0.6955617198335645,0.6105834464043419,0.6051560379918589,0.4571428571428572,0.5421768707482993,0.8413132694938441,0.7595628415300546,0.5795918367346939,0.4836065573770491,0.7355371900826446,0.2827868852459017,0.4489795918367347,,0.4521857923497268,0.2452316076294277,0.6024590163934426,0.7503392130257802,0.7978290366350068,0.8317503392130258,0.8521031207598372,0.8378561736770692,0.8222523744911805,0.8697421981004071,199,19.375,7.2,39,51
06073014702,0.6188167387669552,1.0,0.5977083485340592,1.0,0.5028953100914721,1.0,0.4540291431097791,1.0,0.3488691778025394,0.75,0.4012906796106868,1.0,0.8606512890094979,1.0,1.0,0.5406086695607129,54.06086695607129,3996,59,120882.0,5.0,6.8,47.9,416,64.2,0.0,3861,457,16.5,11.6,92.19330855018588,5.303030303030303,9.815005138746145,83.01767676767676,22.181146025878004,10.254957507082151,27.027027027027028,,6.628787878787879,20.82474226804124,85.60606060606061,23.0,24.75,183.5,92.0,86.625,118.125,32.25,0.9579375848032564,0.6144244105409153,0.5367847411444142,0.3661202185792349,0.5735694822888283,0.6763907734056988,0.0722070844686648,0.6955617198335645,0.5094979647218454,0.4843962008141113,0.4884353741496599,0.5292517006802722,0.0095759233926128,0.4357923497267759,0.5374149659863945,0.8333333333333334,0.5330578512396694,0.1530054644808742,0.3605442176870748,,0.2759562841530054,0.8828337874659401,0.0450819672131147,0.7706919945725916,0.7978290366350068,0.8453188602442334,0.8724559023066486,0.8629579375848032,0.8432835820895522,0.8792401628222524,201,20.0,7.3,39,51
06073010201,0.2097534590020539,1.0,0.4081163223918173,1.0,0.378319672509438,1.0,0.3610666187939148,1.0,0.0717711652244332,0.75,0.5328389988237222,1.0,0.2443690637720488,1.0,1.0,0.3151764715024897,31.517647150248973,3327,869,98418.0,13.7,8.6,38.2,267,93.3,2.9585798816568047,3086,516,18.6,14.7,55.18796992481203,5.1573426573426575,22.632375189107417,41.60839160839161,65.41353383458647,23.427041499330656,46.28794709948903,,4.6328671328671325,37.863247863247864,98.07692307692308,7.5,12.5,26.0,12.0,10.875,13.125,2.875,0.1227951153324288,0.3966712898751733,0.0456403269754768,0.2739071038251366,0.4495912806539509,0.3751696065128901,0.8385558583106267,0.3328710124826629,0.7150610583446404,0.4050203527815468,0.2204081632653061,0.1727891156462585,0.5622435020519836,0.4494535519125683,0.1197278911564625,0.3128415300546448,0.0179063360881542,0.0314207650273223,0.1659863945578231,,0.4153005464480874,0.4427792915531335,0.7404371584699454,0.1791044776119403,0.2734056987788331,0.2394843962008141,0.2265943012211669,0.2415196743554952,0.2584803256445047,0.2557666214382632,36,6.375,10.3,15,42
06073020711,0.7703072542627887,1.0,0.2509946686643622,1.0,0.6112288741819659,1.0,0.7362550729403465,1.0,0.7733740581089954,0.75,0.5039817255053777,1.0,0.1162822252374491,1.0,1.0,0.5374891255573265,53.74891255573265,3604,223,154115.0,2.1,3.1,50.3,132,87.3,18.404907975460123,3431,369,15.6,11.3,76.38888888888889,0.0,3.4685314685314688,93.79591836734694,12.389380530973453,1.4481094127111829,12.208657047724753,,1.469387755102041,50.06839945280438,96.89795918367346,0.5,5.75,11.0,8.0,2.875,6.25,0.625,0.6784260515603799,0.8335644937586685,0.9087193460490464,0.66051912568306,0.6008174386920981,0.1370420624151967,0.6103542234332425,0.0790568654646324,0.6268656716417911,0.6166892808683854,0.6333333333333333,0.5680272108843538,0.0793433652530779,0.950136612021858,0.9414965986394558,0.9740437158469946,0.7617079889807162,0.8114754098360656,0.7469387755102042,,0.7773224043715847,0.1280653950953678,0.6065573770491803,0.025101763907734,0.05359565807327,0.1051560379918588,0.1316146540027137,0.0678426051560379,0.1492537313432835,0.1275440976933514,21,0.5,6.1,1,18
06073010202,0.5858138447002352,1.0,0.5083777021036242,1.0,0.5011166338991498,1.0,0.377279524085654,1.0,0.1562947366545407,0.75,0.2780730880520937,1.0,0.4879240162822252,1.0,1.0,0.4135542208253605,41.355422082536045,3671,305,108486.0,1.6,6.7,43.8,343,100.0,3.755868544600939,3211,497,17.0,12.0,60.05747126436781,4.937361827560796,16.23108665749656,46.05747973470892,59.54415954415955,13.29073482428115,28.330155271043314,,3.0950626381724393,47.92553191489362,88.65143699336772,10.0,15.0,57.25,27.375,19.875,36.25,7.625,0.5454545454545454,0.4882108183079057,0.9400544959128064,0.369535519125683,0.5224795640326976,0.5427408412483039,0.9952316076294278,0.3120665742024965,0.6824966078697422,0.4260515603799185,0.4224489795918367,0.473469387755102,0.4295485636114911,0.4658469945355191,0.2517006802721088,0.3620218579234973,0.0385674931129476,0.0942622950819672,0.3360544217687075,,0.569672131147541,0.1757493188010899,0.0887978142076502,0.3086838534599728,0.3690637720488466,0.5223880597014925,0.5244233378561737,0.4063772048846675,0.5434192672998643,0.443012211668928,87,7.0,8.3,15,43
06073009307,0.6398895205471631,1.0,0.7049238501688132,1.0,0.5733025503281367,1.0,0.3205611218944307,1.0,0.4977850680533244,0.75,0.6414101934158217,1.0,0.9092265943012212,1.0,1.0,0.6124426998155588,61.244269981555874,4846,466,121642.0,0.0,3.9,63.7,933,62.8,0.0,4288,387,17.5,8.5,42.01826881252719,6.934710438952416,29.21997523730912,15.19734415344891,30.90277777777778,10.29119788219722,0.0,,3.282921431206197,28.14940577249575,97.27037993360383,26.0,26.0,211.375,98.875,102.5,138.125,34.375,0.3595658073270014,0.6255201109570042,0.9931880108991824,0.5812841530054644,0.7854223433242506,0.9728629579375848,0.0626702997275204,0.6955617198335645,0.3989145183175033,0.596336499321574,0.3517006802721089,0.9462585034013604,0.7948016415868673,0.3524590163934425,0.0639455782312925,0.0710382513661202,0.3512396694214876,0.151639344262295,0.9904761904761904,,0.5491803278688525,0.7316076294277929,0.6434426229508197,0.8385345997286295,0.8744911804613297,0.9063772048846676,0.9016282225237447,0.9362279511533242,0.8989145183175034,0.9029850746268656,194,22.125,7.4,49,52
06073021002,0.4367735588629585,1.0,0.3598833541105857,1.0,0.7771128125605737,1.0,0.647318579547717,1.0,0.2177207612485449,0.75,0.6845180486691186,1.0,0.0222523744911804,1.0,1.0,0.4493684984986685,44.93684984986685,1551,94,101691.0,10.2,8.1,36.9,43,100.0,0.0,1482,164,12.9,13.4,22.5,0.0,32.62411347517731,69.27016645326505,77.38095238095238,45.49895324494068,16.118633139909736,,2.0486555697823303,39.385474860335194,100.0,0.0,0.0,0.875,0.375,0.5,0.0,0.0,0.898236092265943,0.421636615811373,0.1369209809264305,0.2903005464480874,0.4298365122615804,0.0244233378561736,0.9952316076294278,0.6955617198335645,0.9755766621438264,0.9185888738127544,0.908843537414966,0.3054421768707482,0.9671682626538988,0.950136612021858,0.0394557823129251,0.6325136612021858,0.0068870523415978,0.0040983606557376,0.6421768707482993,,0.6857923497267759,0.3991825613079018,0.9685792349726776,0.0094979647218453,0.0047489823609226,0.0101763907734057,0.0101763907734057,0.0271370420624151,0.0169606512890094,0.0468113975576662,2,0.0,5.7,0,0
06073009203,0.6140763072667899,1.0,0.7077004058348724,1.0,0.7266861425710041,1.0,0.3921965507514481,1.0,0.3993467476861133,0.75,0.9106655400207462,1.0,0.8705563093622795,1.0,1.0,0.6601754290704649,66.01754290704649,4554,488,131629.0,5.1,0.8,72.7,637,55.9,0.0,4065,252,15.0,8.7,53.94385026737968,2.4849699398797593,26.624972079517537,32.90581162324649,12.944983818770226,8.001474926253687,43.47826086956522,,0.0,22.90927521540801,99.5190380761523,24.5,27.0,189.25,87.5,92.0,123.75,33.125,0.3310719131614654,0.7018030513176144,0.5245231607629428,0.8989071038251366,0.903950953678474,0.8826322930800543,0.0367847411444141,0.6955617198335645,0.4559023066485753,0.8154681139755766,0.7013605442176871,0.9340136054421768,0.5882352941176471,0.6816939890710383,0.0789115646258503,0.2199453551912568,0.7520661157024793,0.2636612021857923,0.182312925170068,,0.967896174863388,0.8392370572207084,0.924863387978142,0.8073270013568521,0.9199457259158752,0.8561736770691994,0.8493894165535957,0.898236092265943,0.8561736770691994,0.89280868385346,189,17.75,5.8,45,52
06073009204,0.8251981831066578,1.0,0.6083864726521361,1.0,0.4936790998624686,1.0,0.7798776382455384,1.0,0.8629483266006579,0.75,0.8257086205784111,1.0,0.8506105834464043,1.0,1.0,0.749486989213182,74.9486989213182,4129,93,151849.0,3.9,0.9,52.0,318,65.6,0.0,3923,591,16.1,10.9,35.507246376811594,0.0,8.501335924216663,69.89090909090909,3.939393939393939,0.0,13.80479534996367,,1.3818181818181818,21.45658263305322,98.6909090909091,23.5,27.75,180.625,85.0,88.375,118.125,30.5,0.9009497964721844,0.8238557558945908,0.688692098092643,0.8872950819672131,0.6301089918256131,0.4905020352781546,0.0885558583106267,0.6955617198335645,0.4877883310719131,0.3039348710990501,0.5564625850340136,0.6265306122448979,0.8919288645690835,0.950136612021858,0.636734693877551,0.6407103825136612,0.9421487603305784,0.9405737704918032,0.7061224489795919,,0.7855191256830601,0.8719346049046321,0.819672131147541,0.7869742198100407,0.9586160108548168,0.8385345997286295,0.8371777476255088,0.878561736770692,0.8432835820895522,0.8554952510176391,191,18.25,7.0,42,52
06073009308,0.5566479478396511,1.0,0.609374812327816,1.0,0.4775563278228523,1.0,0.2521194905716766,1.0,0.272564693131012,0.75,0.2170034196433445,1.0,0.8724559023066487,1.0,1.0,0.4653889419490002,46.538894194900024,4200,159,86139.0,7.7,1.1,39.6,603,85.3,19.3717277486911,3594,714,18.0,9.3,63.50235849056604,4.48512585812357,32.38095238095238,22.37986270022883,21.929824561403507,8.768267223382047,80.71428571428571,,11.899313501144166,45.34548944337812,93.91304347826087,25.5,26.75,194.25,88.625,92.75,125.625,31.875,0.7944369063772049,0.305131761442441,0.2595367847411444,0.8674863387978142,0.4693460490463215,0.8609226594301221,0.5163487738419619,0.0748959778085991,0.5753052917232022,0.1668928086838534,0.2904761904761904,0.8775510204081632,0.3283173734610123,0.505464480874317,0.0408163265306122,0.133879781420765,0.5420110192837466,0.2090163934426229,0.0666666666666666,,0.1024590163934425,0.2302452316076294,0.3183060109289617,0.8270013568521031,0.9077340569877884,0.8670284938941656,0.8548168249660787,0.9056987788331072,0.8609226594301221,0.8738127544097694,192,19.5,7.6,49,52
06073007401,0.590838288230406,1.0,0.5282755090160189,1.0,0.7200747191685358,1.0,0.330632662901226,1.0,0.3255416478111816,0.75,0.6294290337150032,1.0,0.6805970149253731,1.0,1.0,0.5436269822525349,54.36269822525349,2808,182,104722.0,4.2,4.7,63.4,330,50.2,0.0,2607,182,17.3,10.0,67.73399014778325,6.319444444444445,12.72264631043257,42.70833333333333,29.28571428571429,11.60220994475138,22.079772079772077,,7.5,20.50938337801609,98.19444444444444,11.5,24.0,113.0,51.75,48.625,72.5,16.625,0.7489823609226594,0.4549237170596394,0.6423705722070845,0.5170765027322404,0.7813351498637602,0.5189959294436907,0.0204359673024523,0.6955617198335645,0.8371777476255088,0.9029850746268656,0.3795918367346939,0.7605442176870748,0.2352941176470588,0.3811475409836066,0.3809523809523809,0.3251366120218579,0.3842975206611571,0.1202185792349727,0.472108843537415,,0.2431693989071038,0.8869209809264305,0.7581967213114754,0.3860244233378562,0.7672998643147897,0.6865671641791045,0.6818181818181818,0.6763907734056988,0.6865671641791045,0.6716417910447762,166,9.25,6.7,18,52
06073007303,0.5864557176996253,1.0,0.538138720824206,1.0,0.8706474584406354,1.0,0.4344096960171792,1.0,0.5689126275990232,0.75,0.7119347538005688,1.0,0.6036635006784261,1.0,1.0,0.6163089250085234,61.63089250085234,1592,96,105398.0,8.2,2.1,60.2,130,91.5,0.0,1490,158,15.4,8.8,53.56037151702786,1.520086862106406,17.650753768844222,22.90988056460369,8.620689655172415,8.08383233532934,17.587939698492463,,1.8458197611292075,25.03192848020434,97.1769815418024,9.5,20.25,85.75,41.625,35.0,56.25,11.0,0.8955223880597015,0.4618585298196949,0.2302452316076294,0.7581967213114754,0.7397820163487738,0.1336499321573948,0.7670299727520435,0.6955617198335645,0.9728629579375848,0.9253731343283582,0.6571428571428571,0.9272108843537414,0.6046511627906976,0.773224043715847,0.217687074829932,0.1420765027322404,0.8539944903581267,0.2554644808743169,0.5972789115646259,,0.7103825136612022,0.7956403269754768,0.6297814207650273,0.2856173677069199,0.60719131614654,0.6166892808683854,0.6099050203527816,0.5827679782903663,0.6322930800542741,0.576662143826323,142,7.625,4.9,16,50
06073021401,0.4177622331478794,1.0,0.5370835325676407,1.0,0.6785548140558801,1.0,0.3288963316931805,1.0,0.6568989647071402,0.75,0.7975114525791258,1.0,0.7109905020352781,1.0,1.0,0.5896711186837321,58.96711186837321,4176,488,130625.0,10.9,4.4,59.6,373,83.4,8.450704225352112,3392,203,17.4,9.7,64.46280991735537,5.642023346303502,15.848595848595847,43.255512321660184,11.051693404634582,0.0,35.91954022988506,,2.529182879377432,23.320795271359486,99.61089494163424,14.5,23.5,128.25,58.375,54.75,84.375,19.0,0.3310719131614654,0.6893203883495146,0.1096730245231607,0.540983606557377,0.7316076294277929,0.6031207598371777,0.4346049046321525,0.1865464632454924,0.641112618724559,0.8833107191316146,0.3659863945578231,0.8238095238095238,0.3043775649794802,0.412568306010929,0.2653061224489795,0.3333333333333333,0.7933884297520661,0.9405737704918032,0.2367346938775509,,0.6297814207650273,0.832425068119891,0.930327868852459,0.5162822252374492,0.7503392130257802,0.7184531886024423,0.7075983717774763,0.7008141112618724,0.7279511533242876,0.7001356852103121,178,11.875,7.0,19,52
06073021501,0.8503485452856889,0.75,0.5036716272605654,1.0,0.8342058261567855,1.0,0.8777796059331091,1.0,0.74839907330859,0.75,0.8379528297672757,1.0,0.0900949796472184,1.0,1.0,0.6774932124798904,67.74932124798903,3844,83,,3.3,1.2,84.2,264,76.3,0.0,3833,135,12.5,8.7,16.666666666666664,1.469387755102041,3.4427966101694913,80.73469387755102,8.070866141732283,5.038759689922481,6.76378772112383,,2.122448979591837,17.37891737891738,99.42857142857144,9.5,17.5,10.75,6.375,4.125,3.125,0.0,0.9138398914518318,,0.7826975476839237,0.8545081967213115,0.9850136239782016,0.3649932157394844,0.2173024523160762,0.6955617198335645,0.5169606512890095,0.9504748982360922,0.935374149659864,0.9340136054421768,0.9835841313269492,0.7827868852459017,0.9482993197278912,0.796448087431694,0.8705234159779615,0.4617486338797814,0.9129251700680272,,0.6775956284153005,0.9277929155313352,0.9084699453551912,0.2856173677069199,0.4735413839891452,0.1024423337856173,0.1044776119402985,0.0997286295793758,0.0970149253731343,0.0468113975576662,20,1.0,3.9,17,60
06073005601,0.5455553670207463,1.0,0.6155498208733395,0.8333333333333334,0.4594268915164438,1.0,0.4134001046091329,1.0,0.3704999906298608,0.75,0.3206337507382756,1.0,0.8816824966078698,1.0,1.0,0.5152497745708099,51.524977457080986,2883,767,58867.0,0.1,0.0,62.5,127,84.9,,2283,628,16.8,14.0,43.87936132465997,1.7489711934156378,23.066250433576137,5.1440329218107,1.7699115044247788,14.020344980097304,84.63406174124177,,34.413580246913575,16.15798922800718,80.1954732510288,22.5,27.25,204.25,93.0,88.875,134.375,31.0,0.1655359565807327,0.0624133148404993,0.9863760217983653,0.967896174863388,0.7724795640326976,0.1282225237449118,0.494550408719346,,0.8941655359565808,0.248303934871099,0.4571428571428572,0.2380952380952381,0.774281805745554,0.7472677595628415,0.1129251700680271,0.0191256830601092,0.9669421487603306,0.0833333333333333,0.0612244897959183,,0.0054644808743169,0.944141689373297,0.0122950819672131,0.7503392130257802,0.932157394843962,0.8900949796472184,0.8819538670284939,0.8839891451831751,0.8907734056987788,0.8616010854816825,195,23.375,9.8,37,51
06073005403,0.7322205821308033,1.0,0.6329120981782089,1.0,0.8809710722823728,1.0,0.4774917172358841,1.0,0.3485023598926089,0.75,0.3468257867909451,1.0,0.860379918588874,1.0,1.0,0.611329076442814,61.13290764428139,2415,135,129185.0,5.6,0.0,77.8,337,65.3,0.0,2251,249,12.0,9.6,53.87647831800263,1.680672268907563,20.082815734989648,48.48093083387201,0.0,25.193423597678915,117.18426501035196,,11.893988364576598,29.67992240543162,92.69553975436328,18.5,26.5,198.0,88.75,81.375,130.625,31.0,0.8297150610583446,0.680998613037448,0.4502724795640327,0.967896174863388,0.9509536784741144,0.5325644504748982,0.0851498637602179,0.6955617198335645,0.9023066485753052,0.8202170963364993,0.9653061224489796,0.8360544217687075,0.5937072503419973,0.7568306010928962,0.1659863945578231,0.3934426229508196,0.9855371900826446,0.0259562841530054,0.0340136054421769,,0.1038251366120218,0.6852861035422344,0.2513661202185792,0.6377204884667571,0.8955223880597015,0.8738127544097694,0.8561736770691994,0.8351424694708277,0.8751696065128901,0.8616010854816825,196,21.5,4.0,31,50
06073005402,0.6741332463706902,1.0,0.7326359522790202,1.0,0.6279765366119311,1.0,0.4168497193006062,1.0,0.0823404365133128,0.75,0.6744551649518818,1.0,0.837449118046133,1.0,1.0,0.5779771677247965,57.797716772479646,4577,461,168611.0,3.4,2.9,74.0,516,83.8,0.0,4249,474,13.3,10.0,46.21695533272562,6.701414743112435,28.42360193747248,58.004467609828744,45.294117647058826,18.234398782343987,102.4688660694778,,9.56813104988831,15.69362613818961,99.32985852568876,17.5,27.25,187.125,83.875,78.5,121.875,28.625,0.3649932157394844,0.883495145631068,0.7656675749318801,0.6823770491803278,0.9216621253405994,0.8005427408412483,0.4407356948228882,0.6955617198335645,0.4111261872455902,0.4633649932157394,0.8768707482993198,0.7605442176870748,0.7359781121751026,0.3620218579234973,0.0666666666666666,0.5027322404371585,0.1556473829201101,0.0532786885245901,0.038095238095238,,0.1830601092896174,0.9482288828337876,0.8920765027322405,0.6051560379918589,0.932157394843962,0.8534599728629579,0.8324287652645862,0.819538670284939,0.8507462686567164,0.8310719131614654,195,20.875,4.7,32,51
06073005301,0.3179037951688491,1.0,0.7466455118628202,1.0,0.3985081549580483,1.0,0.2365738041308784,1.0,0.39004221478141,0.75,0.1912332554111264,1.0,0.8834464043419267,1.0,1.0,0.4520504486650085,45.20504486650085,3849,883,78530.0,7.8,2.9,53.0,722,85.7,0.0,2979,686,18.2,12.7,48.782961460446245,10.324616771866546,47.77864380358535,7.75473399458972,100.0,9.395424836601308,0.0,,31.154192966636607,34.613415258576545,85.21190261496844,23.0,26.75,206.0,92.125,87.125,136.25,32.75,0.1160108548168249,0.2191400832177531,0.2540871934604904,0.6823770491803278,0.6389645776566758,0.926729986431479,0.5401907356948229,0.6955617198335645,0.7503392130257802,0.1926729986431479,0.2578231292517007,0.3931972789115646,0.6880984952120384,0.2308743169398907,0.0,0.0273224043715847,0.0006887052341597,0.1789617486338798,0.9904761904761904,,0.0081967213114754,0.5258855585831063,0.0396174863387978,0.7706919945725916,0.9077340569877884,0.8948439620081411,0.8744911804613297,0.8690637720488467,0.8941655359565808,0.8846675712347354,196,23.0,10.4,38,51
06073005802,0.8474682352015545,1.0,0.7103165125573521,0.8333333333333334,0.778964638772741,1.0,0.4489790731389773,1.0,0.4641746397335071,0.75,0.6398778060680057,1.0,0.8402985074626865,1.0,1.0,0.6757256304192606,67.57256304192606,2948,146,143750.0,2.9,0.0,84.0,548,50.3,,2855,361,15.0,7.1,46.95340501792115,0.6824146981627297,33.10649880911875,26.77165354330709,0.0,6.1113849186791525,125.16960651289013,,3.202099737532808,18.879310344827584,95.32808398950132,23.0,27.5,189.875,83.75,81.375,124.375,28.0,0.8127544097693351,0.782246879334258,0.826975476839237,0.967896174863388,0.983651226158038,0.8276797829036635,0.0217983651226158,,0.7883310719131614,0.6336499321573948,0.7013605442176871,0.992517006802721,0.7209302325581395,0.8633879781420765,0.036734693877551,0.174863387978142,0.9855371900826446,0.3784153005464481,0.0285714285714285,,0.5587431693989071,0.9141689373297004,0.4467213114754098,0.7706919945725916,0.9477611940298508,0.8575305291723202,0.830393487109905,0.8351424694708277,0.858887381275441,0.819538670284939,191,21.375,4.6,42,51
06073005801,0.72901928107328,1.0,0.6295761953293124,1.0,0.77084890944166,1.0,0.3605072318672035,1.0,0.0702687632430021,0.5,0.2498424184670667,1.0,0.8515603799185889,1.0,1.0,0.5230890256200162,52.30890256200163,1913,159,123537.0,5.2,0.0,70.8,286,64.6,0.0,1697,198,18.0,8.6,38.581314878892734,5.053598774885145,25.248301097752226,9.188361408882082,,12.933333333333334,97.22948248823838,,19.60183767228178,29.93138936535163,86.06431852986218,22.5,27.5,193.75,87.5,83.25,127.5,28.625,0.7944369063772049,0.6421636615811374,0.5115803814713896,0.967896174863388,0.8773841961852861,0.4314789687924016,0.0749318801089918,0.6955617198335645,0.9620081411126188,0.8900949796472184,0.2904761904761904,0.9408163265306122,0.8508891928864569,0.4590163934426229,0.0952380952380952,0.0368852459016393,,0.0983606557377049,0.0421768707482993,,0.0273224043715847,0.673024523160763,0.0491803278688524,0.7503392130257802,0.9477611940298508,0.8622795115332429,0.8493894165535957,0.8480325644504749,0.8670284938941656,0.8310719131614654,191,21.875,7.1,41,51
06073005201,0.4521760134672614,1.0,0.6650396693882967,1.0,0.6030111501859903,1.0,0.2150336592891064,1.0,0.0537344305919992,0.75,0.5342386206280431,1.0,0.910719131614654,1.0,1.0,0.4905646678807644,49.05646678807645,3503,598,96132.0,3.8,5.2,50.9,564,70.1,0.0,3000,398,19.1,8.8,50.4362050163577,14.017341040462428,38.395660862118184,9.585741811175335,71.37254901960785,11.092077087794433,141.5929203539823,,13.439306358381502,19.25996204933586,97.10982658959536,24.0,27.25,217.0,98.5,93.375,144.375,35.0,0.2489823609226594,0.3758668515950069,0.7091280653950953,0.4747267759562842,0.6096730245231607,0.8398914518317503,0.1158038147138964,0.6955617198335645,0.7449118046132972,0.578697421981004,0.1612244897959184,0.9272108843537414,0.6593707250341998,0.1475409836065574,0.0136054421768707,0.0396174863387978,0.0110192837465564,0.1284153005464481,0.0217687074829932,,0.069672131147541,0.9059945504087192,0.6270491803278688,0.7971506105834464,0.932157394843962,0.9185888738127544,0.8995929443690638,0.9090909090909092,0.9158751696065128,0.9104477611940298,199,24.125,8.7,39,51
06073004102,0.3028195099836905,1.0,0.6046055787841818,1.0,0.5275664811379097,1.0,0.2475069269034339,1.0,0.334508149102571,0.75,0.4924584208096962,1.0,0.9294436906377206,1.0,1.0,0.4912726796227433,49.12726796227433,2103,662,76042.0,20.3,1.7,37.1,495,81.6,15.18987341772152,1841,272,19.7,13.7,60.10498687664042,8.462455303933254,16.618357487922705,9.177592371871276,23.57142857142857,6.465997770345597,49.45316214931051,,6.555423122765197,25.52954292084727,94.87485101311086,35.0,27.5,223.5,103.75,94.625,149.375,35.75,0.1994572591587516,0.1969486823855755,0.0068119891008174,0.8080601092896175,0.4332425068119891,0.7808683853459973,0.3746594005449591,0.102635228848821,0.9470827679782904,0.7801899592944369,0.1108843537414966,0.2721088435374149,0.426812585499316,0.2855191256830601,0.2421768707482993,0.0355191256830601,0.5041322314049587,0.3510928961748634,0.1482993197278911,,0.2786885245901639,0.7806539509536785,0.4180327868852459,0.9884667571234736,0.9477611940298508,0.9328358208955224,0.9294436906377204,0.914518317503392,0.9443690637720488,0.9260515603799184,200,24.75,14.0,55,51
06073014400,0.2906145404692573,1.0,0.5462926194016681,1.0,0.1610364227101967,1.0,0.222385442930508,1.0,0.1922833814311323,1.0,0.2014437942655211,1.0,0.8522388059701493,1.0,1.0,0.3523278581683475,35.23278581683475,4426,791,51234.0,2.8,12.1,8.4,379,80.9,0.0,4077,886,21.3,16.2,64.1316685584563,14.156626506024098,12.508622671878593,9.63855421686747,48.692152917505034,3.8145823273780786,144.60009037505648,82.37710019,11.194779116465863,41.94528875379939,90.76305220883532,24.5,24.75,182.0,87.875,86.375,115.625,31.625,0.1506105834464043,0.0319001386962552,0.8392370572207084,0.1407103825136612,0.0149863760217983,0.6180461329715061,0.3440054495912806,0.6955617198335645,0.4531886024423338,0.073270013568521,0.0435374149659864,0.0741496598639456,0.3160054719562243,0.1420765027322404,0.3904761904761904,0.040983606557377,0.1170798898071625,0.5942622950819672,0.0204081632653061,0.0373831775700934,0.1270491803278688,0.3147138964577657,0.1625683060109289,0.8073270013568521,0.7978290366350068,0.8426051560379919,0.8534599728629579,0.8609226594301221,0.8344640434192673,0.8697421981004071,203,22.375,16.5,42,51
06073001900,0.7559529651443178,1.0,0.6152497940345988,1.0,0.6323542307017787,1.0,0.6142217218568709,1.0,0.5191734492362852,1.0,0.5812884958036162,1.0,0.9617367706919946,1.0,1.0,0.6685682039242088,66.85682039242089,3160,263,133778.0,0.8,2.3,64.1,281,90.9,100.0,3057,472,15.4,10.5,40.90150250417362,3.020565552699229,11.04743712193569,60.9254498714653,18.090452261306535,4.6568627450980395,20.253164556962027,40.68450529,7.647814910025708,27.363184079601982,98.20051413881748,26.0,26.5,230.75,109.75,110.0,153.125,40.375,0.5990502035278155,0.7156726768377254,0.973433242506812,0.735655737704918,0.7942779291553134,0.4185888738127544,0.7431880108991825,0.001386962552011,0.7238805970149254,0.4654002713704206,0.6571428571428571,0.6829931972789116,0.8207934336525308,0.6270491803278688,0.4598639455782313,0.5491803278688525,0.6253443526170799,0.5027322404371585,0.5224489795918368,0.4261682242990654,0.2377049180327869,0.7452316076294279,0.7609289617486339,0.8385345997286295,0.8955223880597015,0.9579375848032564,0.9477611940298508,0.971506105834464,0.9565807327001355,0.974898236092266,199,22.875,5.8,48,52
06073002001,0.5834230953417037,1.0,0.6857091729973263,1.0,0.7262096290347889,1.0,0.6575363685314004,1.0,0.514061805893513,1.0,0.8107098365618937,1.0,0.9529172320217096,1.0,1.0,0.7043667343403337,70.43667343403337,3570,313,181477.0,11.1,2.0,73.8,247,83.8,0.0,3423,390,11.9,10.3,62.80701754385965,0.0,9.954622802041971,81.6010329244674,31.91489361702128,1.8999366687777075,16.526610644257705,47.67890479,1.291155584247902,22.8,98.45061329890252,26.0,26.5,226.75,110.125,108.25,150.625,38.875,0.5345997286295794,0.9223300970873788,0.1049046321525886,0.7718579234972678,0.9182561307901907,0.3256445047489824,0.4407356948228882,0.6955617198335645,0.630257801899593,0.5915875169606513,0.9714285714285714,0.7115646258503401,0.3419972640218878,0.950136612021858,0.5251700680272109,0.8128415300546448,0.3319559228650137,0.7691256830601093,0.6299319727891157,0.3252336448598131,0.7950819672131147,0.840599455040872,0.796448087431694,0.8385345997286295,0.8955223880597015,0.9470827679782904,0.9511533242876526,0.9599728629579376,0.9470827679782904,0.9592944369063772,202,21.5,3.8,48,52
06073009509,0.5670943240944248,1.0,0.7452723307039627,1.0,0.4738762126288778,1.0,0.3208547582204823,1.0,0.2609200199914296,1.0,0.7550847962359107,1.0,0.8219810040705562,1.0,1.0,0.5635833494208062,56.358334942080624,5731,338,148568.0,5.5,4.9,55.5,923,92.5,0.0,4839,527,17.4,9.3,43.7190900098912,8.369694565648553,24.01064773735581,19.793732645775485,23.711340206185564,8.989169675090253,43.62240446693421,62.05351587,4.641015470051567,18.808777429467085,99.7223324077747,12.5,26.0,168.5,81.5,81.625,109.375,28.5,0.4979647218453188,0.8072122052704577,0.4686648501362398,0.494535519125683,0.6791553133514986,0.9701492537313432,0.8092643051771117,0.6955617198335645,0.2645861601085482,0.3873812754409769,0.3659863945578231,0.8775510204081632,0.7770177838577291,0.2937158469945355,0.1047619047619047,0.1079234972677595,0.5013774104683195,0.1912568306010929,0.1809523809523809,0.1700934579439252,0.4139344262295081,0.9168937329700272,0.9344262295081968,0.443012211668928,0.8744911804613297,0.8127544097693351,0.816146540027137,0.8398914518317503,0.8120759837177748,0.8290366350067843,201,16.125,7.4,24,52
06073010012,0.2559674061175432,1.0,0.4978570969889607,1.0,0.305167806607039,1.0,0.3548801373389614,1.0,0.5811239342837609,1.0,0.2064169185489595,1.0,0.2583446404341926,1.0,1.0,0.3513939914742024,35.13939914742025,5032,402,101771.0,15.3,11.9,14.5,377,90.5,0.0,4183,639,17.3,14.5,52.99026425591099,29.9922898997687,10.313990461049285,40.09252120277563,19.444444444444446,2.5544703230653645,23.44992050874404,29.11014312,13.723978411719354,40.79404466501241,91.8272937548188,17.5,12.5,29.625,12.875,13.625,13.75,2.25,0.4246947082767978,0.4230235783633841,0.0286103542234332,0.1475409836065574,0.0653950953678474,0.6146540027137042,0.7329700272479565,0.6955617198335645,0.4240162822252374,0.2293080054274083,0.3795918367346939,0.1877551020408163,0.6114911080711354,0.0040983606557376,0.5074829931972789,0.296448087431694,0.5991735537190083,0.7008196721311475,0.4394557823129251,0.5850467289719626,0.0669398907103825,0.3542234332425068,0.198087431693989,0.6051560379918589,0.2734056987788331,0.26797829036635,0.2388059701492537,0.3039348710990502,0.2754409769335142,0.2055630936227951,31,7.0,12.7,30,43
06073011902,0.3876754710373149,1.0,0.582945188477864,1.0,0.2738651362851789,1.0,0.4284563005530081,1.0,0.5261481614951293,1.0,0.1644791371976792,1.0,0.8629579375848033,1.0,1.0,0.4609324760901397,46.09324760901397,6050,529,82551.0,4.3,7.0,21.0,325,91.1,2.786377708978328,5453,1160,15.0,14.1,78.70967741935485,8.429926238145416,5.443649076077909,59.16754478398314,31.153846153846153,0.0,20.826446280991735,48.48786559,13.27713382507903,39.296636085626915,82.29715489989464,29.5,24.5,194.125,92.625,85.375,128.75,29.375,0.3018995929443691,0.2621359223300971,0.6301089918256131,0.3565573770491803,0.1955040871934605,0.5061058344640434,0.7534059945504087,0.3398058252427184,0.1614654002713704,0.0067842605156037,0.7013605442176871,0.2258503401360544,0.0588235294117647,0.2868852459016393,0.8462585034013606,0.5218579234972678,0.3471074380165289,0.9405737704918032,0.5047619047619047,0.3121495327102803,0.0737704918032786,0.4019073569482289,0.01775956284153,0.917910447761194,0.7849389416553596,0.8656716417910447,0.8792401628222524,0.8568521031207599,0.8704206241519674,0.8426051560379919,199,22.375,10.0,52,50
06073012401,0.2305863609739938,1.0,0.6503365870787644,1.0,0.4516083774079509,1.0,0.4638137241171726,1.0,0.1074380879139683,1.0,0.3088225805651097,1.0,0.7348710990502035,1.0,1.0,0.4210681167295947,42.10681167295947,3461,368,80367.0,11.2,12.8,16.7,406,96.4,0.0,2985,527,17.1,13.8,41.316073354908305,25.062447960033307,3.807032839290904,19.150707743547045,41.47909967845659,11.102886750555143,71.07772320138689,81.717486,4.579517069109076,38.83553421368548,88.84263114071607,23.5,22.25,137.125,62.875,58.0,91.875,21.125,0.4620081411126187,0.2427184466019417,0.1014986376021798,0.1161202185792349,0.1110354223433242,0.655359565807327,0.9420980926430518,0.6955617198335645,0.748303934871099,0.3873812754409769,0.4102040816326531,0.2605442176870748,0.8098495212038304,0.0218579234972677,0.9210884353741496,0.1024590163934426,0.1818181818181817,0.1270491803278688,0.0816326530612244,0.0392523364485981,0.4193989071038251,0.4128065395095368,0.0942622950819672,0.7869742198100407,0.7109905020352781,0.7394843962008141,0.7347354138398915,0.7137042062415196,0.7564450474898237,0.7299864314789688,178,17.375,11.2,41,49
06073013903,0.5715849306443587,1.0,0.5757411471370314,1.0,0.4610525757114243,1.0,0.5444031749184615,1.0,0.4924012204787963,1.0,0.1808998774090121,1.0,0.6701492537313433,1.0,1.0,0.4994617400043468,49.94617400043468,3471,178,116488.0,5.2,5.7,32.1,352,91.0,0.0,3321,553,16.2,13.4,41.94444444444444,13.264427217915587,8.988439306358382,68.04478897502153,23.01255230125523,3.970223325062035,28.233938346297897,32.03484754,10.508182601205856,40.30534351145038,83.4625322997416,13.0,20.75,104.0,49.125,48.625,63.125,18.125,0.7598371777476255,0.5839112343966713,0.5115803814713896,0.4310109289617486,0.3514986376021798,0.5590230664857531,0.7479564032697548,0.6955617198335645,0.655359565807327,0.3473541383989145,0.5360544217687075,0.3054421768707482,0.7961696306429549,0.1625683060109289,0.5945578231292517,0.6243169398907104,0.5137741046831956,0.5819672131147541,0.3374149659863945,0.5364485981308411,0.1475409836065574,0.3719346049046321,0.0232240437158469,0.4640434192672998,0.6363636363636364,0.6635006784260515,0.6648575305291723,0.6763907734056988,0.6540027137042063,0.6919945725915875,172,15.5,9.7,23,51
06073015200,0.832871054075996,1.0,0.3840993256074769,1.0,0.6467583234107754,1.0,0.8184030322002991,1.0,0.7186542772336997,1.0,0.5337075584540631,1.0,0.6751696065128902,1.0,1.0,0.6585233110707429,65.85233110707429,3730,145,160313.0,2.6,1.8,53.3,128,72.6,12.05673758865248,3684,318,13.9,11.8,27.941176470588236,1.2265512265512266,9.624664879356567,92.85714285714286,8.503401360544217,4.215618521078093,6.970509383378015,31.87305538,1.2987012987012987,36.02442333785618,93.93939393939394,20.5,19.0,106.25,52.125,50.875,60.625,17.5,0.8147896879240163,0.8585298196948682,0.861716621253406,0.7964480874316939,0.6444141689373297,0.1309362279511533,0.1559945504087193,0.130374479889043,0.5576662143826323,0.7075983717774763,0.8238095238095238,0.4979591836734693,0.9493844049247606,0.8046448087431695,0.5551020408163265,0.96448087431694,0.8608815426997245,0.5614754098360656,0.9102040816326532,0.5420560747663552,0.7923497267759563,0.489100817438692,0.319672131147541,0.694708276797829,0.5481682496607869,0.6729986431478969,0.6852103120759837,0.6845318860244234,0.6492537313432836,0.683853459972863,161,11.25,5.2,38,51
06073015301,0.3204654898736236,1.0,0.5830128145616128,1.0,0.3421775630197805,1.0,0.3814217147018929,1.0,0.6143926175324473,1.0,0.4916891251371083,1.0,0.6023066485753052,1.0,1.0,0.4764951390573958,47.64951390573958,3347,543,78580.0,11.5,2.9,30.2,249,93.1,0.0,3119,412,20.9,16.4,92.11136890951276,9.528214616096207,7.295749170937595,59.75948196114709,14.82889733840304,1.0978956999085088,22.4081266806095,37.82202862,0.7400555041628123,50.371370695476024,95.55966697502312,25.0,18.0,79.875,39.875,41.875,45.625,12.5,0.2876526458616011,0.2219140083217753,0.0899182561307901,0.6823770491803278,0.3174386920980926,0.3324287652645861,0.8337874659400545,0.6955617198335645,0.7042062415196744,0.5447761194029851,0.0564625850340135,0.0632653061224489,0.0109439124487004,0.25,0.7360544217687075,0.5286885245901639,0.7038567493112948,0.837431693989071,0.4639455782312925,0.4523364485981308,0.8784153005464481,0.1253405994550408,0.4713114754098361,0.8168249660786974,0.5020352781546812,0.596336499321574,0.596336499321574,0.6289009497964722,0.582089552238806,0.6078697421981004,118,8.125,13.8,43,51
06073015405,0.6152003450596748,1.0,0.3175245562752487,1.0,0.3547062922862496,1.0,0.6420768993834667,1.0,0.8420095611123539,1.0,0.4956299042599127,1.0,0.3990502035278155,1.0,1.0,0.5237425374149602,52.37425374149603,5434,241,139494.0,10.2,0.5,41.1,183,76.0,21.9672131147541,5361,723,15.9,11.8,68.98954703832753,1.4442518775274409,7.28744939271255,82.9000577700751,7.129455909943714,2.037351443123939,9.385351490614648,8.736776602,4.506065857885615,42.48627059410884,98.20912767186596,13.5,16.75,39.375,17.625,22.125,20.0,6.5,0.6438263229308006,0.7545076282940361,0.1369209809264305,0.9255464480874316,0.491825613079019,0.2164179104477611,0.2138964577656675,0.0610263522884881,0.1736770691994572,0.1580732700135685,0.5891156462585034,0.4979591836734693,0.213406292749658,0.7868852459016393,0.7374149659863946,0.8306010928961749,0.8939393939393939,0.755464480874317,0.8326530612244898,0.8859813084112149,0.4262295081967213,0.2983651226158038,0.7622950819672131,0.4864314789687924,0.4355495251017639,0.3934871099050203,0.3534599728629579,0.443012211668928,0.3941655359565807,0.4111261872455902,56,3.625,6.0,26,50
06073017046,0.8636162130771193,1.0,0.4321164728534706,1.0,0.7875460360534987,1.0,0.7728953056632489,1.0,0.8104832775789232,1.0,0.8018269531424488,1.0,0.232157394843962,1.0,1.0,0.6715202361732387,67.15202361732388,3777,68,186452.0,1.3,3.5,73.2,224,79.2,6.214689265536723,3773,276,12.0,9.3,36.19047619047619,1.5283842794759823,8.722325953587623,82.24163027656476,9.393346379647747,3.7815126050420167,5.824728620598359,9.495955196,0.5822416302765648,32.81899109792285,99.41775836972344,8.5,20.75,21.0,11.875,10.75,11.25,3.0,0.9423337856173676,0.9361997226074896,0.9591280653950952,0.6168032786885246,0.912125340599455,0.2876526458616011,0.2922343324250681,0.231622746185853,0.5345997286295794,0.7727272727272727,0.9653061224489796,0.8775510204081632,0.8823529411764706,0.7718579234972678,0.6149659863945578,0.8224043715846995,0.8278236914600551,0.5969945355191257,0.94421768707483,0.8728971962616823,0.9043715846994536,0.5940054495912807,0.907103825136612,0.2327001356852103,0.6363636363636364,0.2062415196743555,0.2245590230664857,0.2374491180461329,0.2293080054274084,0.2632293080054274,40,1.5,4.0,15,61
06073016809,0.2602050819080327,1.0,0.3301186856774701,1.0,0.1752178347594125,1.0,0.6278545692009172,1.0,0.5522412294570751,1.0,0.1487582078885067,1.0,0.191180461329715,1.0,1.0,0.3265108671744471,32.65108671744471,5899,933,79330.0,7.0,6.2,25.1,271,84.7,3.6111111111111103,5540,1059,18.4,13.6,41.11498257839721,7.017543859649122,10.645872181725716,84.74215842636895,20.598591549295776,4.66294982260517,19.833870147482624,28.01493466,10.89845826687932,48.24518042511122,90.48378522062733,8.0,14.25,18.25,7.875,10.375,6.25,3.0,0.1031207598371777,0.2288488210818308,0.3106267029972752,0.3982240437158469,0.2527247956403269,0.3880597014925373,0.4816076294277929,0.3176144244105409,0.1567164179104477,0.0230664857530529,0.2387755102040816,0.282312925170068,0.8153214774281805,0.3483606557377049,0.4857142857142857,0.8620218579234973,0.578512396694215,0.5013661202185793,0.5346938775510204,0.594392523364486,0.133879781420765,0.1634877384196185,0.1489071038251366,0.2035278154681139,0.3371777476255088,0.1865671641791045,0.1282225237449118,0.228629579375848,0.1492537313432835,0.2632293080054274,24,2.375,8.6,16,47
06073016901,0.5920848986794602,1.0,0.4844170517359096,1.0,0.211516628360978,1.0,0.6412020545923287,1.0,0.5267197091772929,1.0,0.5071159849714367,1.0,0.1028493894165536,1.0,1.0,0.4379865309905656,43.798653099056565,7427,598,125347.0,3.9,2.0,29.5,470,89.4,0.0,7247,982,17.0,13.0,56.622516556291394,1.388304585612116,13.202900533588728,86.53765250315524,9.012875536480689,5.674603174603175,13.329742830214084,66.1605476,6.4366848969289014,29.65806001395673,96.2978544383677,2.5,16.25,9.75,4.875,5.375,2.5,0.625,0.2489823609226594,0.6588072122052705,0.688692098092643,0.7718579234972678,0.305858310626703,0.7489823609226595,0.6818801089918256,0.6955617198335645,0.0284938941655359,0.0420624151967435,0.4224489795918367,0.3530612244897959,0.5294117647058824,0.790983606557377,0.363265306122449,0.8811475409836066,0.8388429752066116,0.407103825136612,0.7170068027210884,0.1439252336448597,0.2841530054644808,0.6866485013623977,0.5505464480874317,0.0617367706919945,0.412483039348711,0.0841248303934871,0.073270013568521,0.1533242876526458,0.0759837177747625,0.1275440976933514,18,1.5,6.8,5,55
06073017044,0.7584714815472462,1.0,0.5052418354221354,1.0,0.7212543497724735,1.0,0.6514571383261654,1.0,0.8243372890423404,1.0,0.7079976970761801,1.0,0.1743554952510176,1.0,1.0,0.620445040919651,62.0445040919651,5674,131,225882.0,3.9,4.7,76.0,122,83.0,0.0,5574,223,12.7,8.3,47.05882352941176,3.371369294605809,11.824505082932047,85.89211618257261,13.277511961722489,2.1816336884830037,4.758547761720127,10.36714375,2.6970954356846475,32.22060957910015,99.32572614107885,9.5,19.75,14.875,9.0,6.25,7.5,2.375,0.83921302578019,0.9889042995839112,0.688692098092643,0.5170765027322404,0.9380108991825612,0.1180461329715061,0.412125340599455,0.6955617198335645,0.1492537313432835,0.8568521031207599,0.9197278911564626,0.9591836734693876,0.719562243502052,0.5956284153005464,0.4176870748299319,0.8729508196721312,0.7382920110192838,0.7322404371584699,0.963265306122449,0.8635514018691589,0.6147540983606558,0.6185286103542234,0.8907103825136612,0.2856173677069199,0.582089552238806,0.16078697421981,0.1512890094979647,0.1668928086838534,0.1784260515603799,0.21438263229308,28,0.5,4.4,17,60
06073017049,0.668098177372871,1.0,0.4405715344622334,1.0,0.6319312528267753,1.0,0.6870045254090962,1.0,0.5735545288462716,1.0,0.3857769638133242,1.0,0.0781546811397557,1.0,1.0,0.4950130948386183,49.501309483861824,2945,217,120486.0,3.2,4.0,44.1,117,88.9,0.0,2794,282,16.7,11.8,31.98198198198198,6.866952789699571,6.504621704895584,72.85407725321889,11.036789297658862,0.0,39.72835314091681,45.57560672,3.2188841201716736,38.70967741935484,91.63090128755364,6.5,18.25,9.25,6.375,2.625,3.125,0.0,0.6913161465400272,0.6130374479889042,0.797683923705722,0.5703551912568305,0.529291553133515,0.1078697421981004,0.6634877384196185,0.6955617198335645,0.7991858887381276,0.7618724559023067,0.4687074829931973,0.4979591836734693,0.9247606019151848,0.355191256830601,0.7918367346938775,0.6762295081967213,0.7947658402203857,0.9405737704918032,0.1999999999999999,0.3588785046728971,0.5573770491803278,0.4168937329700273,0.1830601092896175,0.1363636363636363,0.510854816824966,0.0800542740841248,0.1044776119402985,0.0624151967435549,0.0970149253731343,0.0468113975576662,19,1.0,7.1,11,58
06073008310,0.7601383546868613,1.0,0.4703081313884273,1.0,0.5642441779968432,1.0,0.6510270473038624,1.0,0.7329109139043498,1.0,0.5840356258344377,1.0,0.5318860244233379,1.0,1.0,0.6135071822197313,61.35071822197313,6538,158,172399.0,6.2,0.0,77.9,166,64.2,0.0,6320,442,11.5,10.3,69.85294117647058,0.0,10.477210156011012,92.5111925111925,12.859884836852206,4.173166926677068,8.718262465585806,16.565028,4.884004884004884,28.270042194092827,97.1916971916972,10.5,19.75,63.125,28.625,28.5,36.25,8.5,0.7964721845318861,0.9015256588072122,0.3746594005449591,0.967896174863388,0.952316076294278,0.1886024423337856,0.0722070844686648,0.6955617198335645,0.0630936227951153,0.4979647218453188,0.9843537414965986,0.7115646258503401,0.1969904240766073,0.950136612021858,0.4965986394557823,0.9603825136612022,0.7534435261707989,0.5655737704918034,0.8612244897959184,0.7514018691588785,0.3907103825136612,0.728882833787466,0.6325136612021858,0.3310719131614654,0.582089552238806,0.5468113975576662,0.5345997286295794,0.5413839891451832,0.5434192672998643,0.4932157394843962,103,4.375,3.8,21,52
06073015100,0.454557493077249,1.0,0.575475106766676,1.0,0.4859512733180111,1.0,0.4768116301038143,1.0,0.4653205922940383,1.0,0.5409054361906463,1.0,0.6549525101763908,1.0,1.0,0.5219962917038322,52.19962917038322,4811,230,103244.0,7.5,5.7,37.3,365,83.7,0.0,4531,403,16.5,11.4,59.55555555555555,4.934770277935337,11.340421096518655,61.25921724333523,30.066445182724255,6.1734965407131455,20.16212845562253,27.81580585,2.3255813953488373,33.023027927486524,94.6114577424844,18.5,21.25,98.5,48.625,49.125,58.125,14.5,0.6716417910447761,0.4410540915395284,0.2745231607629428,0.4310109289617486,0.4352861035422343,0.5861601085481682,0.438692098092643,0.6955617198335645,0.3344640434192673,0.5671641791044777,0.4884353741496599,0.5537414965986395,0.4432284541723666,0.4672131147540983,0.4462585034013605,0.5505464480874317,0.3663911845730028,0.3729508196721312,0.5238095238095238,0.5981308411214954,0.6516393442622951,0.5858310626702997,0.3852459016393442,0.6377204884667571,0.6594301221166893,0.6478968792401628,0.6621438263229308,0.6797829036635007,0.641112618724559,0.6438263229308006,150,8.75,6.6,33,51
06073016608,0.7687156953002345,1.0,0.3549055515246195,1.0,0.564904143475572,1.0,0.7879236950212796,1.0,0.8581240375024412,1.0,0.5140396460247266,1.0,0.2662143826322931,1.0,1.0,0.5878324502115951,58.78324502115952,2471,88,143882.0,2.3,5.1,34.6,200,84.9,9.210526315789473,2387,316,17.8,13.0,54.166666666666664,0.0,8.036080360803608,91.12207151664612,9.67741935483871,0.0,3.6422501011736137,20.68450529,0.9864364981504316,53.65853658536586,97.04069050554872,10.5,18.0,26.75,14.75,13.125,10.625,3.625,0.9077340569877884,0.7850208044382802,0.8985013623978202,0.4836065573770491,0.3930517711171662,0.2381275440976933,0.494550408719346,0.1705963938973648,0.8792401628222524,0.7116689280868385,0.3156462585034013,0.3530612244897959,0.5813953488372092,0.950136612021858,0.6802721088435374,0.9398907103825136,0.8195592286501377,0.9405737704918032,0.9714285714285714,0.7009345794392523,0.8387978142076502,0.0844686648501362,0.6188524590163934,0.3310719131614654,0.5020352781546812,0.248303934871099,0.2808683853459973,0.2856173677069199,0.2198100407055631,0.296472184531886,42,2.375,7.1,17,56
06073020021,0.406566939845786,1.0,0.430065398507065,1.0,0.2532174470873831,1.0,0.4404894077341192,1.0,0.5413664114867807,1.0,0.327226118332564,1.0,0.3093622795115333,1.0,1.0,0.3868991432150331,38.68991432150331,5534,575,79604.0,2.4,9.2,25.5,294,96.0,9.401709401709402,5019,593,18.6,13.7,62.264150943396224,15.478366849482022,4.901070974768561,50.09140767824497,21.514423076923077,5.089647194910353,24.213950126490783,17.43621655,3.1078610603290677,46.27791563275434,92.01706276660572,14.0,12.5,33.75,15.5,13.0,19.375,3.125,0.2686567164179104,0.231622746185853,0.888283378746594,0.2377049180327869,0.255449591280654,0.4484396200814111,0.9325613079019074,0.1678224687933426,0.223202170963365,0.2971506105834464,0.2204081632653061,0.2721088435374149,0.3611491108071135,0.1215846994535518,0.8693877551020408,0.4098360655737705,0.5509641873278237,0.4562841530054644,0.4217687074829932,0.7364485981308411,0.5669398907103825,0.2057220708446866,0.2090163934426229,0.5027137042062415,0.2734056987788331,0.3120759837177748,0.2991858887381275,0.282225237449118,0.378561736770692,0.2747625508819539,47,2.5,12.2,23,24
06073020024,0.5982495360825257,1.0,0.4274839503367869,1.0,0.3813472064538162,1.0,0.538545071097444,1.0,0.8631177368733802,1.0,0.3249306393095199,1.0,0.4033921302578019,1.0,1.0,0.505295181487325,50.5295181487325,4220,230,99254.0,5.5,1.3,37.4,290,79.5,0.0,3961,688,15.7,14.0,86.13333333333333,2.146464646464646,7.4605451936872305,74.68434343434343,6.756756756756757,2.342786683107275,9.004739336492891,2.588674549,9.91161616161616,45.38653366583541,96.65404040404042,12.5,12.0,42.25,22.75,13.0,28.125,4.375,0.6716417910447761,0.406380027739251,0.4686648501362398,0.8463114754098361,0.4380108991825613,0.4416553595658073,0.2970027247956403,0.6955617198335645,0.4789687924016282,0.1906377204884667,0.6176870748299319,0.2380952380952381,0.0191518467852257,0.7103825136612022,0.7197278911564626,0.7049180327868853,0.9049586776859504,0.7199453551912569,0.8462585034013606,0.9813084112149532,0.1653005464480874,0.2261580381471389,0.5833333333333334,0.443012211668928,0.2496607869742198,0.4287652645861601,0.4823609226594301,0.282225237449118,0.5013568521031208,0.3222523744911804,43,2.0,7.8,23,24
06073020025,0.2392000677891499,1.0,0.5164139905001021,1.0,0.3047794423060947,1.0,0.3417804445453362,1.0,0.4089328626063647,1.0,0.5749517329005425,1.0,0.4169606512890095,1.0,1.0,0.4004313131338,40.04313131338,5250,773,82796.0,6.3,11.3,38.7,414,89.7,0.0,4923,637,17.7,12.5,68.87323943661971,5.186385737439222,20.22644406064095,60.66990815775256,38.501742160278745,2.4248813916710596,40.761904761904766,35.29558183,2.2690437601296596,46.326211568525274,98.97352782279847,10.5,12.0,44.0,23.0,14.5,28.75,4.375,0.1614654002713704,0.2649098474341192,0.364441416893733,0.1659836065573771,0.4536784741144414,0.6709633649932157,0.6975476839237057,0.6955617198335645,0.239484396200814,0.2347354138398915,0.3285714285714286,0.4163265306122449,0.2147742818057455,0.4467213114754098,0.1605442176870748,0.5450819672131147,0.2286501377410468,0.7131147540983607,0.1986394557823129,0.4953271028037384,0.657103825136612,0.2029972752043597,0.8647540983606558,0.3310719131614654,0.2496607869742198,0.4484396200814111,0.4864314789687924,0.3229308005427408,0.5047489823609227,0.3222523744911804,45,3.0,9.0,18,24
06073020106,0.3991538681330124,1.0,0.4896860991172837,1.0,0.4773096484183904,1.0,0.5646021809410001,1.0,0.7104743431432619,1.0,0.3596568941300258,1.0,0.4010854816824966,1.0,1.0,0.4859955022236387,48.59955022236387,3768,418,116850.0,11.6,4.7,18.1,369,91.9,0.0,3472,293,17.7,14.1,65.74585635359117,4.533091568449683,7.755102040816326,80.41704442429737,28.02547770700637,2.475685234305924,11.94267515923567,3.721219664,4.533091568449683,53.027522935779814,96.46418857660925,15.0,10.75,41.0,23.375,13.625,26.875,3.75,0.409090909090909,0.5852981969486823,0.0851498637602179,0.5170765027322404,0.1335149863760218,0.5922659430122117,0.7874659400544959,0.6955617198335645,0.6085481682496607,0.7462686567164178,0.3285714285714286,0.2258503401360544,0.2653898768809849,0.4986338797814208,0.7034013605442178,0.7909836065573771,0.40633608815427,0.7062841530054644,0.7591836734693878,0.9700934579439252,0.4221311475409836,0.0967302452316076,0.5601092896174863,0.5291723202170964,0.200135685210312,0.4165535956580732,0.4905020352781546,0.3039348710990502,0.4918588873812754,0.3025780189959294,37,2.0,10.0,25,23
06073009305,0.3155120535422487,1.0,0.8308841835033789,1.0,0.40196443570644,1.0,0.269175335021542,1.0,0.5372610850290479,1.0,0.7438617650124328,1.0,0.8549525101763908,1.0,1.0,0.5648016239987831,56.48016239987831,6104,970,134102.0,12.6,6.4,57.8,1109,92.3,0.0,5700,637,16.9,9.8,58.44346549192364,11.762208067940552,23.976109215017065,41.31634819532909,27.53346080305927,3.285420944558522,14.580602883355176,41.91661481,1.8259023354564756,27.48212867355044,98.30148619957538,25.5,27.75,183.125,87.5,89.375,118.125,30.0,0.0949796472184532,0.7198335644937587,0.0619891008174386,0.3852459016393442,0.7104904632152589,0.9905020352781548,0.803133514986376,0.6955617198335645,0.1275440976933514,0.2347354138398915,0.4387755102040817,0.8068027210884354,0.4637482900136799,0.1980874316939891,0.1061224489795918,0.3087431693989071,0.418732782369146,0.6366120218579234,0.6843537414965987,0.4093457943925234,0.7158469945355191,0.7397820163487738,0.7759562841530054,0.8270013568521031,0.9586160108548168,0.8439620081411127,0.8493894165535957,0.8873812754409769,0.8432835820895522,0.8507462686567164,197,18.25,6.9,45,52
06073009306,0.5507135177099738,1.0,0.7414628852386954,1.0,0.5555543248507001,1.0,0.4680403556771546,1.0,0.360090244131161,1.0,0.906252636698878,1.0,0.8411126187245591,1.0,1.0,0.6318895118615888,63.18895118615888,5589,208,155329.0,6.0,8.8,61.9,471,87.4,0.0,5132,364,15.8,9.9,40.85532302092811,4.179918218991367,21.567912488605288,47.88732394366197,39.1812865497076,2.9113365681517425,26.12274109858651,62.09085252,1.1812812358019082,16.930807885581757,100.0,20.0,27.5,174.875,84.875,85.125,114.375,30.625,0.7048846675712348,0.8460471567267683,0.3964577656675749,0.2554644808743169,0.7602179836512262,0.751696065128901,0.6130790190735694,0.6955617198335645,0.2075983717774763,0.6275440976933514,0.6020408163265306,0.7850340136054421,0.8221614227086184,0.5341530054644809,0.1333333333333333,0.3825136612021858,0.221763085399449,0.674863387978142,0.3755102040816326,0.1682242990654205,0.8155737704918032,0.9346049046321526,0.9685792349726776,0.680461329715061,0.9477611940298508,0.8276797829036635,0.835820895522388,0.8548168249660787,0.8297150610583447,0.8575305291723202,197,16.75,6.7,36,52
06073018613,0.661926951810875,1.0,0.324908879997498,1.0,0.4486092265943012,1.0,0.2655963338442506,1.0,0.4829687479556206,1.0,0.4522664443154012,1.0,0.3541383989145183,1.0,1.0,0.4272021404903521,42.720214049035214,3572,149,81042.0,3.3,1.7,24.2,289,92.7,20.0,2954,421,19.4,12.9,72.76051188299817,7.385892116182573,20.3480213303396,52.033195020746895,17.404129793510325,7.73353751914242,33.034714445688685,16.24144368,5.145228215767634,38.839285714285715,96.59751037344398,10.0,6.5,35.25,15.875,20.875,13.125,7.75,0.8086838534599728,0.2482662968099861,0.7826975476839237,0.8080601092896175,0.2377384196185286,0.4382632293080054,0.8228882833787466,0.0665742024965325,0.757123473541384,0.5373134328358209,0.1353741496598639,0.364625850340136,0.1395348837209302,0.3265027322404371,0.1578231292517007,0.4385245901639344,0.6336088154269972,0.2745901639344262,0.2666666666666667,0.7570093457943925,0.3715846994535519,0.4114441416893732,0.5737704918032787,0.3086838534599728,0.0753052917232021,0.3256445047489824,0.3100407055630936,0.4213025780189959,0.2584803256445047,0.4552238805970149,38,2.0,11.0,19,17
06073009510,0.2387374891228607,1.0,0.5834013228499949,1.0,0.5565694255992764,1.0,0.2120260551799828,1.0,0.4846163909713868,1.0,0.4945727431098405,1.0,0.8116689280868385,1.0,1.0,0.4830846221314543,48.30846221314544,4109,521,60497.0,10.7,5.5,23.3,790,80.6,0.0,3087,204,24.9,10.9,92.91866028708137,1.6267123287671232,28.802186878727635,2.054794520547945,8.200455580865604,21.293800539083556,10.221465076660987,56.26633479,3.8527397260273974,37.285491419656786,96.1472602739726,13.0,25.5,163.625,81.625,77.875,106.25,28.0,0.3093622795115333,0.073509015256588,0.1192098092643051,0.4528688524590164,0.2254768392370572,0.9416553595658074,0.3317438692098092,0.6955617198335645,0.7137042062415198,0.8792401628222524,0.0068027210884353,0.6265306122448979,0.0082079343365253,0.7622950819672132,0.0653061224489796,0.0122950819672131,0.8677685950413223,0.0341530054644808,0.8122448979591836,0.2242990654205607,0.4918032786885246,0.4591280653950953,0.5327868852459017,0.4640434192672998,0.8419267299864315,0.8005427408412483,0.8188602442333786,0.8154681139755766,0.8039348710990502,0.819538670284939,199,16.125,13.4,22,52
06073012501,0.0446095535729046,1.0,0.6158691854197323,1.0,0.2601004716676358,1.0,0.3830155050964343,1.0,0.2472155163708879,1.0,0.2906833330851734,1.0,0.6862957937584803,1.0,1.0,0.3611127655673213,36.11127655673213,3905,997,40000.0,16.1,16.6,11.0,431,94.6,0.0,3435,601,19.4,19.5,57.29847494553377,16.955941255006675,8.092189500640206,34.979973297730304,46.64634146341464,2.600780234070221,63.76440460947504,78.45675171,17.95727636849132,23.43149807938541,79.90654205607477,21.5,21.5,115.375,51.375,51.5,75.0,17.25,0.0881953867028494,0.0097087378640776,0.0245231607629428,0.0560109289617486,0.0252043596730245,0.6933514246947082,0.8896457765667575,0.6955617198335645,0.6227951153324287,0.2795115332428765,0.1353741496598639,0.0027210884353741,0.5020519835841313,0.1079234972677595,0.6775510204081633,0.244535519125683,0.1391184573002755,0.6980874316939891,0.0993197278911565,0.0523364485981308,0.0327868852459016,0.829700272479564,0.0095628415300546,0.7204884667571235,0.6709633649932157,0.6906377204884667,0.6784260515603799,0.6879240162822252,0.6940298507462687,0.680461329715061,166,15.75,18.6,36,48
06073012502,0.2471705502576615,1.0,0.5535531479600024,1.0,0.2446125125762652,1.0,0.240995673908145,1.0,0.1867729542147146,1.0,0.2283964403944749,1.0,0.6967435549525102,1.0,1.0,0.3426064048948248,34.26064048948248,4789,593,61936.0,5.4,11.3,16.7,595,98.5,8.333333333333332,4258,618,19.0,15.2,57.73524720893142,22.89085545722714,15.021459227467812,24.07079646017699,39.103869653767816,5.09518477043673,79.13969513468365,92.96826385,9.43952802359882,45.613249776186215,93.21533923303836,13.5,22.0,124.5,56.875,53.25,80.625,17.375,0.2523744911804613,0.0859916782246879,0.4843324250681199,0.1659836065573771,0.1110354223433242,0.8554952510176391,0.9795640326975475,0.1900138696255201,0.4097693351424695,0.2598371777476255,0.1693877551020408,0.1394557823129252,0.4924760601915184,0.0368852459016393,0.2857142857142857,0.1489071038251366,0.2231404958677686,0.4521857923497268,0.0680272108843537,0.0037383177570093,0.1857923497267759,0.220708446866485,0.2786885245901639,0.4864314789687924,0.6987788331071914,0.7021709633649932,0.6960651289009498,0.6926729986431479,0.7103120759837178,0.6824966078697422,176,16.875,14.9,25,49
06073013420,0.2827076203195233,1.0,0.4690234159112223,1.0,0.6688115544725353,1.0,0.2312866950058712,1.0,0.5010589831652664,1.0,0.700267516366145,1.0,0.6316146540027135,1.0,1.0,0.4978243484633253,49.782434846332535,3174,476,79757.0,4.9,25.0,36.7,209,87.7,2.922077922077922,2819,259,16.2,11.5,74.00346620450607,12.084592145015106,14.63726430169383,41.893252769385704,56.34517766497462,0.0,35.28670447385003,15.706285,2.8197381671701915,32.511923688394276,99.29506545820746,20.0,17.75,91.875,46.25,36.375,58.125,14.75,0.3419267299864315,0.2343966712898751,0.5504087193460491,0.0040983606557376,0.4277929155313351,0.2584803256445047,0.6226158038147139,0.3356449375866851,0.7964721845318861,0.8005427408412483,0.5360544217687075,0.5421768707482993,0.1176470588235294,0.1871584699453552,0.3034013605442177,0.3169398907103825,0.0578512396694215,0.9405737704918032,0.2394557823129252,0.7663551401869159,0.6065573770491803,0.6062670299727521,0.8879781420765027,0.680461329715061,0.4891451831750339,0.6316146540027137,0.6431478968792401,0.5956580732700135,0.641112618724559,0.6465400271370421,150,12.125,9.6,38,47
06073019808,0.8315606555124067,1.0,0.4936554460906162,1.0,0.4893027903155835,1.0,0.5874111138927549,1.0,0.5794350187619703,1.0,0.5857150479196757,1.0,0.3599728629579376,1.0,1.0,0.5610075622072779,56.10075622072779,4584,72,109675.0,0.0,0.8,53.6,340,87.7,0.0,4473,770,11.5,11.8,31.54121863799283,5.8329836340746954,13.93979057591623,73.43684431389006,23.8562091503268,8.906727828746178,10.471204188481677,12.50777847,0.0,49.8744769874477,97.44020142677296,10.0,9.0,38.25,15.625,20.125,15.625,6.375,0.9362279511533242,0.4979195561719833,0.9931880108991824,0.8989071038251366,0.6491825613079019,0.5345997286295794,0.6226158038147139,0.6955617198335645,0.3493894165535957,0.1255088195386703,0.9843537414965986,0.4979591836734693,0.9274965800273598,0.4043715846994535,0.3292517006802721,0.6885245901639344,0.4958677685950413,0.1967213114754098,0.8027210884353742,0.822429906542056,0.967896174863388,0.1348773841961853,0.6543715846994536,0.3086838534599728,0.1512890094979647,0.3677069199457259,0.3025780189959294,0.4118046132971506,0.3147896879240163,0.4029850746268656,51,4.0,3.9,17,22
06073014901,0.2129859647239851,1.0,0.6482235148377894,1.0,0.3557894663971422,1.0,0.227406118757072,1.0,0.3416045777223074,1.0,0.5598747785172943,1.0,0.7525101763907733,1.0,1.0,0.4426277996209092,44.26277996209092,4994,565,83018.0,8.4,14.0,46.3,336,90.3,0.0,4512,519,18.0,12.7,64.9953574744661,12.291105121293802,20.80148729601322,39.02964959568733,45.79288025889968,5.6939501779359425,21.425710853023627,47.47977598,6.954177897574124,26.614481409001954,97.52021563342318,20.0,22.25,137.25,67.625,64.125,85.625,23.875,0.2754409769335142,0.2662968099861303,0.2145776566757493,0.0956284153005464,0.5538147138964578,0.5305291723202171,0.717983651226158,0.6955617198335645,0.3392130257801899,0.4002713704206241,0.2904761904761904,0.3931972789115646,0.2900136798905609,0.1844262295081967,0.1482993197278911,0.2868852459016393,0.1460055096418733,0.4030054644808742,0.4884353741496599,0.3289719626168224,0.2581967213114754,0.7574931880108992,0.6639344262295082,0.680461329715061,0.7109905020352781,0.7408412483039348,0.7645861601085482,0.7564450474898237,0.7381275440976933,0.762550881953867,190,16.125,8.9,36,51
06073016503,0.4499093220461889,1.0,0.4374304780185715,1.0,0.4949242654999585,1.0,0.4312287400663658,1.0,0.413596720388961,1.0,0.5527984991289587,1.0,0.5381275440976934,1.0,1.0,0.4740022241780997,47.40022241780997,2912,234,109023.0,6.0,8.9,20.9,216,90.9,10.344827586206897,2687,355,18.2,13.8,48.818897637795274,13.564668769716087,13.448275862068964,59.93690851735016,34.21926910299003,8.38150289017341,19.230769230769234,28.6372122,3.995793901156677,34.568896051571315,97.37118822292324,22.0,18.5,58.75,30.375,32.75,30.625,9.625,0.66078697421981,0.49375866851595,0.3964577656675749,0.2486338797814208,0.1934604904632152,0.2781546811397558,0.7431880108991825,0.1567267683772538,0.8175033921302578,0.6438263229308006,0.2578231292517007,0.2605442176870748,0.6867305061559508,0.1557377049180327,0.3496598639455782,0.5327868852459017,0.2796143250688705,0.2336065573770491,0.5523809523809524,0.5887850467289719,0.4781420765027322,0.5272479564032697,0.6530054644808743,0.7333785617367707,0.519674355495251,0.5291723202170964,0.5454545454545454,0.5664857530529173,0.5149253731343284,0.5345997286295794,87,6.25,8.7,42,51
06073017022,0.5593758283638041,1.0,0.5458571265661183,1.0,0.5344928880643166,1.0,0.5937779457951691,1.0,0.5224378101475533,1.0,0.6154650764580635,1.0,0.2727272727272727,1.0,1.0,0.5205905640174711,52.05905640174711,5695,241,135848.0,5.4,6.5,61.4,364,79.6,0.0,5545,526,13.8,10.0,60.798548094373864,2.8927458834000888,8.879082082965578,74.89986648865154,19.42215088282504,2.473958333333333,21.59789288849868,49.90665837,6.275033377837117,28.521889900303428,98.79839786381842,9.0,21.75,26.375,13.875,13.375,13.125,4.0,0.6438263229308006,0.7309292649098474,0.4843324250681199,0.3784153005464481,0.7520435967302452,0.582089552238806,0.2983651226158038,0.6955617198335645,0.1546811397557665,0.3907734056987788,0.8319727891156463,0.7605442176870748,0.4103967168262654,0.6434426229508197,0.6095238095238096,0.7117486338797814,0.6005509641873279,0.7076502732240437,0.4843537414965986,0.297196261682243,0.2937158469945355,0.7193460490463215,0.8333333333333334,0.2611940298507462,0.6858887381275441,0.242876526458616,0.2591587516960651,0.2917232021709633,0.2584803256445047,0.3113975576662144,49,2.125,4.8,15,62
06073009901,0.984540499731802,0.75,0.4236224367503964,1.0,0.7763734666186692,1.0,0.4441702910672466,0.75,0.6770865881718603,0.75,0.6554827206265541,1.0,0.5417910447761194,1.0,1.0,0.643295292534664,64.3295292534664,1310,0,,0.0,0.0,53.9,350,61.6,0.0,13,9,19.5,5.5,,0.0,33.51145038167939,44.44444444444444,,0.0,6.106870229007633,64.64219042,0.0,63.7239165329053,100.0,1.0,19.0,70.25,31.75,27.5,46.25,8.0,0.9925373134328358,,0.9931880108991824,0.967896174863388,0.6539509536784741,0.5529172320217096,0.0558583106267029,0.6955617198335645,0.9918588873812756,0.989145183175034,0.1258503401360544,0.998639455782313,,0.950136612021858,0.0340136054421769,0.3483606557377049,,0.9405737704918032,0.9374149659863944,0.1532710280373831,0.967896174863388,0.0299727520435967,0.9685792349726776,0.0352781546811397,0.5481682496607869,0.5644504748982361,0.5508819538670285,0.5359565807327001,0.5909090909090909,0.4667571234735413,125,6.5,7.2,2,48
06073017045,0.8142905593657745,1.0,0.5029155611704067,1.0,0.950431515889938,1.0,0.9196470553528312,1.0,0.8702425004381513,1.0,0.6817622330419937,1.0,0.1502035278154681,1.0,1.0,0.6984989932963661,69.84989932963661,2293,44,228750.0,6.0,0.8,79.4,42,87.8,0.0,2256,109,11.8,8.3,36.17021276595745,0.0,4.497816593886463,92.44332493702773,5.762711864406779,1.9753086419753083,6.541648495420846,9.433727442,1.0075566750629723,38.507109004739334,98.36272040302268,7.5,18.75,13.75,8.0,5.5,6.25,1.125,0.971506105834464,0.9902912621359224,0.3964577656675749,0.8989071038251366,0.9611716621253406,0.0217096336499321,0.6267029972752044,0.6955617198335645,0.898236092265943,0.9674355495251018,0.9768707482993196,0.9591836734693876,0.8837209302325582,0.950136612021858,0.8857142857142857,0.9590163934426228,0.9201101928374656,0.7595628415300546,0.926530612244898,0.874766355140187,0.8333333333333334,0.4250681198910081,0.7868852459016393,0.1791044776119403,0.5332428765264586,0.1445047489823609,0.1316146540027137,0.1594301221166892,0.1492537313432835,0.166214382632293,26,1.0,3.9,14,59
06073013503,0.2476598895622498,1.0,0.4474853255874409,1.0,0.2486971450724115,1.0,0.3794810489960376,1.0,0.5987720246974763,1.0,0.7253415920946183,1.0,0.6563093622795115,1.0,1.0,0.471963769755678,47.19637697556781,6247,525,104500.0,9.9,14.7,32.1,545,74.4,6.415929203539823,5699,598,18.1,13.4,61.23456790123457,11.052072263549416,11.759868421052632,56.96068012752391,26.687598116169543,2.081165452653486,24.811909716663997,12.73179838,0.5844845908607864,33.34618350038551,97.76833156216792,16.5,18.5,98.0,49.5,46.0,56.875,16.375,0.3059701492537313,0.4521497919556172,0.1478201634877384,0.0846994535519125,0.3514986376021798,0.8236092265943012,0.1880108991825613,0.2288488210818308,0.1289009497964721,0.2862957937584803,0.2741496598639455,0.3054421768707482,0.3939808481532147,0.2131147540983606,0.4244897959183673,0.4863387978142076,0.4338842975206611,0.7472677595628415,0.4027210884353741,0.811214953271028,0.9030054644808744,0.5749318801089918,0.6980874316939891,0.573270013568521,0.519674355495251,0.6458616010854816,0.6689280868385346,0.6621438263229308,0.635685210312076,0.6689280868385346,155,12.875,10.1,26,51
06073020017,0.2035074691373691,1.0,0.3043354495905798,1.0,0.3952717857835129,1.0,0.2086932371118481,1.0,0.3031300378944107,1.0,0.4474335303722894,1.0,0.4327001356852102,1.0,1.0,0.3278673779393172,32.78673779393172,3013,380,73312.0,11.7,12.4,20.6,179,74.7,0.0,2674,363,20.7,16.4,72.8169014084507,15.233644859813085,13.224821973550355,32.149532710280376,65.06550218340611,0.0,50.116163292399605,69.15992533,8.037383177570094,28.539823008849556,94.76635514018692,10.0,11.5,45.125,19.375,22.125,21.875,6.375,0.4450474898236092,0.159500693481276,0.079700272479564,0.1297814207650273,0.1880108991825613,0.2048846675712347,0.1927792915531335,0.6955617198335645,0.8208955223880597,0.6295793758480326,0.0673469387755102,0.0632653061224489,0.1354309165526676,0.1256830601092896,0.3605442176870748,0.2131147540983606,0.0220385674931129,0.9405737704918032,0.1414965986394557,0.108411214953271,0.2185792349726776,0.717983651226158,0.4057377049180328,0.3086838534599728,0.2360922659430122,0.4667571234735413,0.4138398914518317,0.443012211668928,0.4369063772048847,0.4029850746268656,64,4.5,14.0,19,24
06073015403,0.5656206480197625,1.0,0.581810164201819,1.0,0.7932187393274813,1.0,0.7651192673028037,1.0,0.6715434013221276,1.0,0.4209064784622027,1.0,0.5780189959294436,1.0,1.0,0.6251768135093773,62.51768135093773,2580,80,160625.0,6.3,12.7,54.9,277,85.8,0.0,2458,229,14.0,10.8,47.10743801652893,2.6506024096385543,6.140691799455888,84.57831325301206,40.78947368421053,0.4796163069544364,12.015503875968992,10.71561917,2.891566265060241,40.998959417273674,93.97590361445783,20.0,18.0,73.25,35.75,38.125,39.375,11.25,0.9185888738127544,0.8599167822468793,0.364441416893733,0.119535519125683,0.6655313351498637,0.4009497964721845,0.5463215258855586,0.6955617198335645,0.8710990502035278,0.8473541383989145,0.8163265306122449,0.638095238095238,0.7181942544459644,0.6680327868852459,0.8163265306122449,0.8579234972677595,0.1942148760330578,0.8756830601092896,0.7564625850340136,0.8598130841121495,0.5956284153005464,0.3446866485013624,0.3224043715846995,0.680461329715061,0.5020352781546812,0.5712347354138398,0.576662143826323,0.6078697421981004,0.5563093622795116,0.5780189959294437,110,8.125,4.6,37,51
06073010103,0.1061285524856988,1.0,0.5524434357928358,1.0,0.1008805693240661,1.0,0.3912077850583619,1.0,0.2250531758273078,1.0,0.2130403061300456,1.0,0.523473541383989,1.0,1.0,0.3017467665717578,30.174676657175787,6497,1488,66222.0,8.9,13.7,12.3,804,85.9,0.0,5641,909,19.3,16.6,62.225705329153605,9.011893870082345,8.522550544323483,41.07959743824337,54.275741710296685,5.080330004342162,36.01662305679544,66.62103298,4.071363220494053,54.29458433942739,88.38060384263495,18.0,17.25,64.5,27.25,26.0,41.25,8.125,0.0217096336499321,0.1123439667128987,0.19141689373297,0.0990437158469945,0.0422343324250681,0.9457259158751696,0.5497275204359673,0.6955617198335645,0.1390773405698778,0.0664857530529172,0.146938775510204,0.0510204081632652,0.3625170998632011,0.2636612021857923,0.6353741496598639,0.3032786885245901,0.0688705234159779,0.4576502732240437,0.2353741496598639,0.1383177570093458,0.4726775956284152,0.0817438692098092,0.0846994535519125,0.6227951153324288,0.4586160108548168,0.5481682496607869,0.5210312075983717,0.5162822252374492,0.5630936227951153,0.4687924016282225,93,9.5,15.2,35,44
06073018504,0.5300208930912036,1.0,0.4470460050619226,1.0,0.2668921164123723,1.0,0.4777280489016041,1.0,0.3264792263194752,1.0,0.5290136140518058,1.0,0.4398914518317503,1.0,1.0,0.431010193667162,43.1010193667162,6885,234,96023.0,8.5,1.0,42.8,589,62.5,0.0,5585,610,17.7,13.3,67.22173531989483,6.215360253365003,6.013395457192778,54.43388756927949,19.851576994434136,4.354411207875804,95.86056644880172,66.65836963,5.740300870942201,31.27347217480369,97.07046714172604,13.0,7.5,43.125,18.5,26.625,15.0,9.875,0.66078697421981,0.3744798890429958,0.20708446866485,0.8777322404371585,0.5081743869209809,0.8493894165535957,0.0613079019073569,0.6955617198335645,0.1478968792401628,0.2706919945725916,0.3285714285714286,0.3204081632653061,0.2448700410396717,0.3866120218579235,0.819047619047619,0.4603825136612022,0.5922865013774105,0.5341530054644809,0.0448979591836734,0.1345794392523364,0.3237704918032786,0.6430517711171662,0.6202185792349727,0.4640434192672998,0.1037991858887381,0.4409769335142469,0.378561736770692,0.5251017639077341,0.3032564450474898,0.5515603799185889,40,3.0,8.1,24,17
06073020801,0.7230665522176232,1.0,0.4306320690447087,1.0,0.421827089044573,1.0,0.7542753147770737,1.0,0.6200427321417256,1.0,0.3911533479251352,1.0,0.0265943012211668,1.0,1.0,0.4810844866245723,48.108448662457235,5146,199,148688.0,4.7,1.9,37.5,534,83.4,0.0,4508,574,15.7,12.6,26.683291770573565,4.502501389660923,6.1794414735591205,77.70983879933297,25.563909774436087,3.590568060021436,6.412747765254567,36.52769135,0.6114508060033352,70.68480300187618,92.82934963868816,2.0,8.75,1.625,1.625,0.5,0.0,0.0,0.7198100407055631,0.8085991678224688,0.5783378746594006,0.7855191256830601,0.4407356948228882,0.8147896879240163,0.4346049046321525,0.6955617198335645,0.3419267299864315,0.3222523744911805,0.6176870748299319,0.4054421768707483,0.9548563611491108,0.5013661202185793,0.8122448979591836,0.7486338797814208,0.4586776859504132,0.6147540983606558,0.9319727891156464,0.4747663551401869,0.9016393442622952,0.0136239782016348,0.2581967213114754,0.0515603799185888,0.146540027137042,0.019674355495251,0.0223880597014925,0.0271370420624151,0.0169606512890094,0.0468113975576662,3,0.5,6.0,4,33
06073018608,0.6988501639870572,1.0,0.4288307893396916,1.0,0.5520260478682653,1.0,0.7880835502329029,1.0,0.5744649383113933,1.0,0.5286190398197367,1.0,0.3561736770691994,1.0,1.0,0.561006886661178,56.10068866611781,3223,128,133026.0,1.8,7.7,36.0,214,97.7,0.0,2966,611,15.4,11.6,24.031007751937985,4.724409448818897,6.019236735960285,87.30314960629921,55.41666666666667,1.2633624878522838,12.72106732857586,23.23584319,2.1653543307086616,55.064935064935064,98.81889763779527,7.0,6.0,36.75,16.75,19.625,13.125,7.75,0.8453188602442334,0.710124826629681,0.92574931880109,0.314207650273224,0.4196185286103542,0.2747625508819539,0.9673024523160764,0.6955617198335645,0.7544097693351425,0.2672998643147897,0.6571428571428571,0.5292517006802722,0.9616963064295484,0.4808743169398907,0.817687074829932,0.8920765027322405,0.0674931129476583,0.8292349726775956,0.7319727891156462,0.6691588785046729,0.6707650273224044,0.0762942779291553,0.8387978142076503,0.1546811397557666,0.0610583446404341,0.3426051560379918,0.3256445047489824,0.3989145183175034,0.2584803256445047,0.4552238805970149,44,2.0,6.8,14,17
06073005900,0.663770709477951,1.0,0.518723970095094,1.0,0.7141497983182419,1.0,0.389812863765407,1.0,0.286243946903689,1.0,0.4313403612215423,1.0,0.8709633649932156,1.0,1.0,0.5535721449678773,55.35721449678773,3194,247,82686.0,2.6,0.8,66.4,337,66.7,100.0,2905,337,16.1,9.5,52.679589509692136,1.378982406086543,26.58831003811944,14.645744174988112,36.53846153846153,3.884826325411334,54.16405760801503,61.24455507,17.59391345696624,20.49967969250481,94.48407037565384,22.0,27.0,202.375,91.375,86.75,134.375,29.875,0.6309362279511533,0.2635228848821082,0.861716621253406,0.8989071038251366,0.8317438692098093,0.5325644504748982,0.0933242506811989,0.001386962552011,0.7706919945725916,0.6791044776119404,0.5564625850340136,0.8503401360544218,0.6169630642954856,0.7937158469945356,0.0816326530612244,0.0669398907103825,0.2520661157024794,0.5915300546448088,0.1238095238095238,0.1775700934579439,0.0355191256830601,0.888283378746594,0.3702185792349727,0.7333785617367707,0.9199457259158752,0.8853459972862958,0.8663500678426052,0.864314789687924,0.8907734056987788,0.8480325644504749,190,23.0,6.1,38,51
06073020500,0.4281204369224759,1.0,0.4358344024499799,1.0,0.3477581941867656,1.0,0.4707125625698239,1.0,0.2498620274632105,1.0,0.2198361648377282,1.0,0.3694708276797828,1.0,1.0,0.3602278023013953,36.02278023013953,4261,605,83523.0,2.4,7.8,20.0,286,94.7,4.390243902439024,3513,490,18.7,15.2,43.962848297213625,10.641509433962264,10.280594199481255,47.69811320754717,23.25056433408578,8.240997229916898,85.19126965501056,60.59738643,4.226415094339623,51.016260162601625,88.37735849056604,16.0,12.5,36.875,23.625,11.75,25.625,3.125,0.2415196743554952,0.2746185852981969,0.888283378746594,0.3080601092896174,0.1743869209809264,0.4314789687924016,0.8957765667574932,0.2843273231622746,0.5997286295793758,0.4457259158751696,0.2061224489795918,0.1394557823129252,0.7729138166894665,0.2213114754098361,0.508843537414966,0.3797814207650273,0.5096418732782368,0.2486338797814208,0.0598639455782312,0.1813084112149532,0.4562841530054644,0.1198910081743869,0.0833333333333333,0.5556309362279511,0.2734056987788331,0.3459972862957937,0.4932157394843962,0.2550881953867028,0.4782903663500678,0.2747625508819539,29,1.0,13.4,27,28
06073019001,0.543261339962878,1.0,0.168872026937803,1.0,0.3066647283065193,1.0,0.7311278819572054,1.0,0.5465617639669132,1.0,0.3903046410863447,1.0,0.0318860244233378,1.0,1.0,0.3883826295201431,38.838262952014304,6507,339,133157.0,6.6,3.4,37.0,97,75.2,4.824561403508771,6272,756,14.5,13.8,49.7737556561086,6.409681757059614,2.6871699285492388,88.34603316898252,15.568862275449105,13.08920919361122,11.679729522053172,25.31425016,3.809950694755715,37.69926755708746,92.29045271178845,0.0,1.0,3.5,3.0,0.5,0.0,0.0,0.496607869742198,0.7115117891816921,0.3371934604904631,0.6277322404371585,0.4318801089918256,0.0868385345997286,0.2023160762942779,0.2718446601941747,0.0691994572591587,0.1336499321573948,0.763265306122449,0.2605442176870748,0.6730506155950753,0.3743169398907103,0.9768707482993196,0.9002732240437158,0.6804407713498623,0.0969945355191257,0.7714285714285715,0.6373831775700934,0.4959016393442623,0.4455040871934604,0.2295081967213114,0.0094979647218453,0.010854816824966,0.0325644504748982,0.0359565807327001,0.0271370420624151,0.0169606512890094,0.0468113975576662,9,0.0,6.4,0,4
06073009505,0.5979889547705981,1.0,0.4614515204244332,1.0,0.4386721309962248,1.0,0.5931147087123069,1.0,0.6639585809683695,1.0,0.8552595008015565,1.0,0.6781546811397557,1.0,1.0,0.6126571539733207,61.265715397332066,6286,122,121960.0,6.3,4.3,58.6,488,74.8,9.01639344262295,6121,874,13.7,10.0,63.67041198501872,0.8187967248131008,9.529880478087648,69.34852260590958,30.369127516778523,3.0710835058661146,7.317849188673242,18.49408836,0.7831968672125312,17.56924348904506,98.29120683517266,7.5,22.75,105.375,51.75,52.125,65.625,17.625,0.8541383989145184,0.6282940360610264,0.364441416893733,0.5450819672131147,0.717983651226158,0.7686567164179104,0.1961852861035422,0.1747572815533981,0.0759837177747625,0.0759837177747625,0.8421768707482993,0.7605442176870748,0.3255813953488372,0.8510928961748634,0.5619047619047619,0.6338797814207651,0.3608815426997245,0.6653005464480874,0.9006802721088435,0.7289719626168225,0.8702185792349727,0.9250681198910082,0.7704918032786885,0.1791044776119403,0.73202170963365,0.669606512890095,0.6818181818181818,0.689280868385346,0.664179104477612,0.6858887381275441,174,8.375,4.9,15,55
06073016504,0.0854478717655716,1.0,0.6526146444017605,1.0,0.140895706993788,1.0,0.2122406072608227,1.0,0.2326370532094159,1.0,0.2885628067876694,1.0,0.5597014925373134,1.0,1.0,0.3103000261366203,31.030002613662027,6521,1292,70394.0,12.6,13.7,20.0,651,94.9,0.0,5565,638,21.5,15.2,69.98037933289731,10.3878733838609,16.242087386135555,27.15113687026304,42.659758203799655,4.390451832907076,51.52583959515412,70.13067828,13.33036112349532,30.527926549349655,90.3254569772626,21.5,18.75,65.25,32.25,36.125,35.625,10.25,0.0420624151967435,0.1386962552011095,0.0619891008174386,0.0990437158469945,0.1743869209809264,0.8887381275440976,0.9032697547683924,0.6955617198335645,0.151967435549525,0.2313432835820895,0.0408163265306122,0.1394557823129252,0.1915184678522572,0.2281420765027322,0.2503401360544217,0.1789617486338797,0.1735537190082644,0.5259562841530054,0.1319727891156462,0.0990654205607476,0.0710382513661201,0.6580381471389646,0.1366120218579235,0.7204884667571235,0.5332428765264586,0.5522388059701493,0.5563093622795116,0.5902306648575305,0.5393487109905021,0.5603799185888738,96,6.75,14.5,38,51
06073007905,0.5862605318814088,1.0,0.4121437671395582,1.0,0.7746060975272063,1.0,0.355724602078727,1.0,0.4636783442863184,1.0,0.3809527354665158,1.0,0.5613297150610583,1.0,1.0,0.5049565419201132,50.495654192011315,2674,345,123571.0,7.4,0.4,71.8,433,60.2,59.74025974025974,2368,139,17.7,8.6,47.90307548928239,3.716690042075736,31.75018698578908,20.336605890603085,5.607476635514018,18.187033849684457,67.31488406881077,14.31238332,3.0855539971949506,46.038863976083704,94.3899018232819,9.0,19.25,76.375,36.0,30.5,45.625,9.125,0.491180461329715,0.644244105409154,0.2799727520435967,0.9296448087431696,0.8896457765667575,0.6967435549525102,0.0510899182561307,0.0110957004160887,0.8833107191316146,0.9457259158751696,0.3285714285714286,0.9408163265306122,0.7004103967168263,0.5628415300546448,0.0462585034013605,0.1133879781420765,0.9214876033057852,0.0546448087431693,0.0897959183673469,0.788785046728972,0.5724043715846995,0.2138964577656675,0.3565573770491803,0.2611940298507462,0.5630936227951153,0.5807327001356852,0.5793758480325645,0.5461329715061058,0.582089552238806,0.5183175033921302,122,6.5,6.4,15,51
06073007910,0.6715436859540499,1.0,0.5681039245307169,1.0,0.7669080386564395,1.0,0.4498796735621431,1.0,0.3520964367954592,1.0,0.7146459006467047,1.0,0.5709633649932158,1.0,1.0,0.5848772893055327,58.487728930553274,3021,260,103250.0,3.3,1.2,79.1,880,60.2,0.0,2885,213,16.9,7.7,45.00393391030684,1.7241379310344829,19.596160211850385,20.44334975369458,24.69135802469136,10.867178924259056,139.35782853359817,15.14623522,5.295566502463054,24.183976261127597,100.0,7.5,19.25,77.375,37.0,31.125,46.25,9.75,0.6058344640434192,0.4431345353675451,0.7826975476839237,0.8545081967213115,0.957765667574932,0.9620081411126188,0.0510899182561307,0.6955617198335645,0.7747625508819539,0.8704206241519674,0.4387755102040817,0.9836734693877552,0.761969904240766,0.7513661202185793,0.1714285714285713,0.1147540983606557,0.4710743801652892,0.1366120218579235,0.0231292517006802,0.7775700934579439,0.3565573770491803,0.8188010899182561,0.9685792349726776,0.1791044776119403,0.5630936227951153,0.587516960651289,0.5814111261872456,0.5495251017639078,0.5909090909090909,0.5454545454545454,124,6.5,5.5,12,51
06073014902,0.577293402362081,1.0,0.4952972334433754,1.0,0.6101039330250417,1.0,0.4481694774745582,1.0,0.382358567183627,1.0,0.6071132552125985,1.0,0.7431478968792401,1.0,1.0,0.551926252225789,55.1926252225789,3018,120,74792.0,4.0,3.7,35.1,224,88.7,5.4945054945054945,2675,243,17.4,12.4,72.71750805585391,1.6238159675236803,8.53413654618474,36.129905277401896,27.835051546391753,0.0,53.6779324055666,78.66832607,5.7510148849797025,20.49071618037135,96.9553450608931,19.0,22.5,135.375,66.0,63.875,83.125,23.25,0.858887381275441,0.1775312066574202,0.6716621253405994,0.6010928961748634,0.4025885558583106,0.2876526458616011,0.6525885558583107,0.2524271844660194,0.819538670284939,0.8276797829036635,0.3659863945578231,0.4272108843537415,0.1422708618331053,0.7636612021857924,0.6340136054421769,0.2527322404371585,0.4132231404958677,0.9405737704918032,0.1251700680272108,0.0504672897196262,0.3210382513661202,0.8896457765667575,0.610655737704918,0.6546811397557666,0.7218453188602443,0.7367706919945726,0.7544097693351425,0.7544097693351425,0.7184531886024423,0.751696065128901,190,15.625,7.7,35,51
06073000201,0.694284617117578,1.0,0.5843511809412577,1.0,0.8319914804456382,1.0,0.635227751031789,1.0,0.3905338590390592,1.0,0.3758741432279646,1.0,0.837584803256445,1.0,1.0,0.6214068335799617,62.140683357996174,2270,152,124722.0,4.1,3.1,76.4,89,74.1,0.0,2254,246,12.9,10.4,46.275752773375594,0.7627118644067797,8.986784140969164,45.2542372881356,34.13461538461539,6.4234734337827115,18.061674008810577,47.18108276,12.54237288135593,25.252525252525253,92.6271186440678,18.5,28.75,181.0,81.75,83.125,117.5,29.125,0.8039348710990502,0.6546463245492372,0.6580381471389646,0.66051912568306,0.9427792915531336,0.073270013568521,0.1811989100817438,0.6955617198335645,0.9002713704206241,0.8222523744911805,0.908843537414966,0.6965986394557824,0.734610123119015,0.8579234972677596,0.5959183673469388,0.3524590163934426,0.2837465564738292,0.3579234972677595,0.5877551020408163,0.3327102803738317,0.0887978142076503,0.7901907356948229,0.2486338797814207,0.6377204884667571,0.9755766621438264,0.8398914518317503,0.8215739484396201,0.8466757123473542,0.8398914518317503,0.8398914518317503,188,17.75,4.5,35,52
06073002711,0.4288170040096197,1.0,0.621623483042345,1.0,0.5194936726386619,1.0,0.2474087595388899,1.0,0.4871191324800359,1.0,0.5961929790602681,1.0,0.9484396200814112,1.0,1.0,0.5498706644073189,54.987066440731894,3645,215,84607.0,5.1,9.9,25.5,400,80.0,0.0,3041,220,19.8,12.8,74.33774834437085,6.628242074927954,17.06437291897891,38.13640730067243,24.53531598513011,1.606805293005671,18.381344307270233,70.32980709,1.0566762728146013,39.98862343572241,96.63784822286264,33.0,25.75,227.125,111.75,106.375,146.25,37.875,0.6974219810040705,0.2829403606102635,0.5245231607629428,0.2103825136612022,0.255449591280654,0.6478968792401628,0.3079019073569482,0.6955617198335645,0.7327001356852103,0.8616010854816825,0.1047619047619047,0.3789115646258503,0.1108071135430917,0.3674863387978142,0.2326530612244898,0.2786885245901639,0.477961432506887,0.7964480874316939,0.5768707482993197,0.097196261682243,0.8278688524590164,0.3801089918256131,0.5806010928961749,0.9647218453188604,0.8582089552238806,0.9491180461329716,0.9599728629579376,0.9518317503392132,0.9301221166892808,0.9511533242876526,209,24.375,13.1,62,51
06073003304,0.1061033804255134,1.0,0.5660024656912621,1.0,0.4239505164345249,1.0,0.2203808343772125,1.0,0.2119800915363404,1.0,0.0600125072586769,1.0,0.937584803256445,1.0,1.0,0.3608592284257108,36.08592284257108,3319,644,41735.0,8.9,22.9,17.0,360,87.2,4.247104247104247,3046,253,20.3,16.4,80.71428571428572,18.727915194346288,9.049360146252283,25.795053003533567,56.39269406392694,4.472573839662447,50.01506477854775,66.84505289,14.929328621908128,51.79127725856698,83.56890459363959,35.5,25.0,226.25,110.0,96.5,151.25,35.625,0.2137042062415196,0.0110957004160887,0.19141689373297,0.0081967213114754,0.1198910081743869,0.5705563093622795,0.6069482288828338,0.2926490984743412,0.7299864314789688,0.8127544097693351,0.0897959183673469,0.0632653061224489,0.0465116279069767,0.0778688524590164,0.5904761904761905,0.1666666666666666,0.0550964187327823,0.5191256830601093,0.1428571428571429,0.1308411214953271,0.0491803278688525,0.106267029972752,0.0245901639344262,0.9918588873812756,0.8141112618724559,0.9457259158751696,0.949796472184532,0.9206241519674356,0.949796472184532,0.9219810040705564,202,22.375,18.0,62,51
06073007908,0.6022565339198369,1.0,0.5289682014652668,1.0,0.7577942846066513,1.0,0.4044058168444656,1.0,0.3512772418566333,1.0,0.7378811115577989,1.0,0.6241519674355496,1.0,1.0,0.5723907368123147,57.23907368123147,3215,180,94432.0,3.9,3.7,60.0,810,84.3,21.1864406779661,2655,117,18.2,7.8,50.07407407407407,2.2356495468277946,18.708661417322833,13.111782477341391,76.5625,5.103211009174312,31.415241057542765,23.82078407,3.927492447129909,24.70076169749728,99.5166163141994,11.0,20.25,91.875,44.125,40.125,55.625,12.625,0.751696065128901,0.3675450762829403,0.688692098092643,0.6010928961748634,0.7384196185286104,0.9477611940298508,0.4611716621253406,0.0624133148404992,0.8263229308005428,0.966078697421981,0.2578231292517007,0.9809523809523808,0.667578659370725,0.7035519125683061,0.1891156462585034,0.0573770491803278,0.0082644628099173,0.4480874316939891,0.2870748299319727,0.6616822429906541,0.4836065573770491,0.8065395095367848,0.9234972677595628,0.3568521031207598,0.60719131614654,0.6316146540027137,0.6289009497964722,0.6166892808683854,0.6289009497964722,0.6146540027137042,142,7.75,6.3,17,52
06073014806,0.4359557507122555,1.0,0.4695796398357867,1.0,0.3125748806985481,1.0,0.2897250741699653,1.0,0.4653934664631863,1.0,0.3189338554617511,1.0,0.8047489823609226,1.0,1.0,0.4424159499574879,44.2415949957488,3277,803,67500.0,4.8,0.6,20.4,255,67.4,0.0,2939,625,20.8,14.7,61.52716593245228,6.790123456790123,13.29249617151608,13.39506172839506,21.49122807017544,1.5197568389057752,30.51571559353067,58.80522713,11.48148148148148,24.570200573065904,83.9506172839506,20.5,24.75,162.375,77.75,76.5,103.75,28.25,0.141112618724559,0.1192787794729542,0.5640326975476839,0.9193989071038252,0.1839237057220708,0.3453188602442333,0.1001362397820163,0.6955617198335645,0.7639077340569878,0.2510176390773405,0.0625850340136054,0.1727891156462585,0.3844049247606019,0.3579234972677595,0.3564625850340136,0.0601092896174863,0.5523415977961432,0.8039617486338798,0.3034013605442177,0.2018691588785046,0.1202185792349727,0.8106267029972752,0.0259562841530054,0.694708276797829,0.7978290366350068,0.7964721845318861,0.8005427408412483,0.8046132971506106,0.7957937584803256,0.8263229308005428,197,17.875,13.0,38,51
06073008363,0.3366451422168616,1.0,0.6568600448456643,1.0,0.4603741496598639,1.0,0.1189463909849109,1.0,0.8076015006587365,1.0,0.5793739422184502,1.0,0.3792401628222523,1.0,1.0,0.4770059047723914,47.70059047723914,5631,2214,76500.0,8.0,0.8,69.2,839,88.2,0.0,5394,242,20.9,9.9,65.06575185820469,13.404689092762489,44.06109613656783,7.033639143730887,6.884057971014493,4.19921875,8.701829160007104,8.189172371,12.996941896024463,22.666123114553606,98.57288481141693,6.5,21.0,38.25,19.75,17.625,19.375,5.0,0.0013568521031207,0.1997226074895977,0.2465940054495913,0.8989071038251366,0.8610354223433242,0.9579375848032564,0.6410081743869209,0.6955617198335645,0.1709633649932157,0.8290366350067843,0.0564625850340135,0.7850340136054421,0.2872777017783857,0.1598360655737705,0.0040816326530612,0.0245901639344262,0.8994490358126722,0.5642076502732241,0.8639455782312925,0.902803738317757,0.0806010928961749,0.8474114441416893,0.8101092896174863,0.1363636363636363,0.6492537313432836,0.3677069199457259,0.4287652645861601,0.3670284938941655,0.378561736770692,0.3541383989145183,62,2.125,13.7,12,62
06073009511,0.4321815595267531,1.0,0.5688966016261314,1.0,0.5297065230434101,1.0,0.2512406907101384,1.0,0.5523647215971705,1.0,0.7270501729674463,1.0,0.8370420624151966,1.0,1.0,0.5569260474123209,55.69260474123209,4222,430,78102.0,3.6,6.5,35.0,540,82.4,1.99203187250996,3454,119,24.7,11.6,87.83930510314875,0.8238928939237898,21.925391095066185,1.6477857878475797,9.764309764309765,14.07079646017699,8.289909995262908,40.39825762,0.7209062821833162,29.268292682926827,96.80741503604531,15.0,26.75,173.25,83.875,84.5,113.125,30.125,0.3948439620081411,0.2163661581137309,0.7391008174386922,0.3784153005464481,0.3985013623978201,0.8188602442333786,0.3985013623978201,0.3606102635228848,0.6173677069199457,0.9640434192673,0.0081632653061224,0.5292517006802722,0.0164158686730506,0.8497267759562841,0.1278911564625851,0.0109289617486338,0.8168044077134986,0.081967213114754,0.8789115646258503,0.4317757009345794,0.8838797814207651,0.6989100817438691,0.5983606557377049,0.5291723202170964,0.9077340569877884,0.8229308005427408,0.8324287652645862,0.8507462686567164,0.8256445047489823,0.8534599728629579,200,16.125,14.2,29,52
06073008364,0.4226318643051882,1.0,0.6995850191813182,1.0,0.6755316644975493,1.0,0.4042312216537397,1.0,0.4089025065207168,1.0,0.6209035005434701,1.0,0.3932157394843962,1.0,1.0,0.5178573594551968,51.78573594551968,4440,1035,106875.0,5.6,2.9,85.6,656,92.7,0.0,4270,253,16.3,8.2,46.31178707224334,3.956521739130435,31.614654002713703,39.26086956521739,22.112211221122113,12.7134724857685,31.306306306306304,20.11200996,10.565217391304348,27.23658051689861,100.0,8.0,20.0,39.625,20.5,17.625,20.0,5.0,0.0793758480325644,0.478502080443828,0.4502724795640327,0.6823770491803278,0.989100817438692,0.8921302578018996,0.8228882833787466,0.6955617198335645,0.4056987788331072,0.8127544097693351,0.5183673469387755,0.9653061224489796,0.73187414500684,0.5491803278688525,0.0476190476190476,0.2882513661202185,0.534435261707989,0.1024590163934425,0.2884353741496599,0.7102803738317758,0.1461748633879781,0.7479564032697548,0.9685792349726776,0.2035278154681139,0.5943012211668928,0.3955223880597014,0.4552238805970149,0.3670284938941655,0.3941655359565807,0.3541383989145183,62,2.125,7.1,14,57
06073008366,0.7850494599331124,1.0,0.5480429214979592,1.0,0.5608642778685422,1.0,0.7054795745976622,1.0,0.7346552009626123,1.0,0.7390846870455571,1.0,0.1293080054274084,1.0,1.0,0.6003548753332649,60.035487533326496,7106,89,207135.0,5.4,1.9,81.1,330,89.0,5.530973451327434,6922,632,11.4,8.0,61.858974358974365,2.7766266058847906,4.032372568507738,87.07003729796934,8.05523590333717,6.581494386372436,5.066141289051505,15.48226509,0.9946125155408204,36.19961612284069,99.33692498963946,11.5,17.75,14.0,8.375,4.75,5.625,0.5,0.9050203527815468,0.9653259361997226,0.4843324250681199,0.7855191256830601,0.9754768392370572,0.5189959294436907,0.667574931880109,0.2510402219140083,0.0379918588873813,0.2415196743554952,0.9891156462585036,0.9748299319727892,0.3707250341997263,0.657103825136612,0.908843537414966,0.8852459016393442,0.871900826446281,0.3401639344262295,0.9564625850340136,0.7700934579439253,0.837431693989071,0.4850136239782016,0.894808743169399,0.3860244233378562,0.4891451831750339,0.1492537313432835,0.1390773405698779,0.1255088195386703,0.1370420624151967,0.0956580732700135,25,0.5,3.9,21,60
06073016607,0.633427733041958,1.0,0.3663587955739766,1.0,0.2529961509705646,1.0,0.5518304252696122,1.0,0.6155319149540953,1.0,0.5419601157417747,1.0,0.3639077340569878,1.0,1.0,0.4751446956584242,47.514469565842425,7167,553,143331.0,3.6,2.3,35.3,362,71.2,23.15270935960591,7002,916,16.8,12.1,55.391120507399584,9.427062169849656,8.976034858387798,80.78017066233238,11.96105702364395,2.727272727272727,10.185572764057486,60.14934661,3.4538805363673304,38.48857644991213,97.5619666802113,14.0,18.5,36.0,17.625,19.5,17.5,6.125,0.2808683853459973,0.7780859916782247,0.7391008174386922,0.735655737704918,0.4107629427792915,0.5759837177747625,0.1321525885558583,0.0568654646324549,0.0325644504748982,0.0630936227951153,0.4571428571428572,0.4591836734693877,0.5554035567715458,0.2554644808743169,0.5986394557823129,0.7978142076502732,0.7727272727272727,0.6912568306010929,0.8149659863945579,0.1831775700934579,0.5273224043715847,0.4277929155313351,0.6707650273224044,0.5027137042062415,0.519674355495251,0.3337856173677069,0.3534599728629579,0.3962008141112618,0.3385345997286296,0.3975576662143826,54,4.0,6.6,25,54
06073002902,0.2489895257525763,1.0,0.5621853411299774,1.0,0.3879867822298526,1.0,0.3697719537681638,1.0,0.3675493642536386,1.0,0.4019532665286897,1.0,0.914518317503392,1.0,1.0,0.4647077930237557,46.470779302375576,6007,883,81220.0,6.8,7.9,48.5,597,60.2,6.779661016949152,5553,438,18.4,10.7,69.34673366834171,7.443609022556391,10.336700336700336,53.00751879699248,47.27272727272727,4.350952894642215,32.46212751789579,32.42065961,4.8120300751879705,30.82216588192684,90.52631578947368,25.5,25.25,206.0,102.5,99.75,133.75,36.625,0.1160108548168249,0.2524271844660194,0.3276566757493188,0.299863387978142,0.5858310626702997,0.8575305291723202,0.0510899182561307,0.2233009708737864,0.1533242876526458,0.5061058344640434,0.2387755102040816,0.6537414965986394,0.2065663474692202,0.3251366120218579,0.5047619047619047,0.4426229508196721,0.1322314049586777,0.5368852459016393,0.2721088435374149,0.5289719626168224,0.3989071038251366,0.6553133514986376,0.151639344262295,0.8270013568521031,0.8283582089552238,0.8948439620081411,0.9219810040705564,0.9294436906377204,0.8873812754409769,0.9389416553595658,203,23.375,8.8,47,51
06073002903,0.3365691879849527,1.0,0.5672033617020561,1.0,0.4729381847718734,1.0,0.4101818462802582,1.0,0.4627990648908256,1.0,0.4333070283845288,1.0,0.8944369063772051,1.0,1.0,0.5110622257702429,51.10622257702428,4517,537,96153.0,6.4,7.6,25.0,435,67.3,0.0,4178,225,18.0,13.3,82.00934579439252,8.834586466165414,8.112994350282486,71.74185463659147,20.052770448548813,1.6635859519408502,32.32233783484614,59.25326696,3.007518796992481,45.35637149028078,95.80200501253134,25.0,25.5,201.0,100.625,96.0,128.75,33.375,0.2930800542740841,0.377253814147018,0.3549046321525886,0.3210382513661202,0.2506811989100817,0.7008141112618724,0.0974114441416893,0.6955617198335645,0.4294436906377205,0.8514246947082769,0.2904761904761904,0.3204081632653061,0.0369357045143639,0.2691256830601093,0.6748299319727891,0.6598360655737705,0.5853994490358126,0.7868852459016393,0.2789115646258503,0.1999999999999999,0.5819672131147541,0.228882833787466,0.4890710382513661,0.8168249660786974,0.8419267299864315,0.8792401628222524,0.9090909090909092,0.9172320217096336,0.8704206241519674,0.8962008141112618,204,22.125,10.3,45,51
06073016401,0.4923955496775454,1.0,0.4609183081489152,1.0,0.3373342009802564,1.0,0.5993203591005598,1.0,0.5306637648722177,1.0,0.3794116625223964,1.0,0.3289009497964722,1.0,1.0,0.4469921135854804,44.69921135854805,5194,168,111250.0,7.3,6.4,25.8,271,83.2,0.0,4580,593,17.1,13.3,53.92857142857142,6.21301775147929,9.00137876698838,82.7810650887574,21.837088388214905,4.031800113571834,24.64381979206777,28.16428127,6.449704142011835,39.09395973154363,95.3846153846154,16.5,16.5,34.5,13.75,20.625,13.75,5.375,0.7801899592944369,0.5187239944521498,0.2854223433242506,0.3852459016393442,0.2608991825613079,0.3880597014925373,0.4230245231607629,0.6955617198335645,0.32157394843962,0.2971506105834464,0.4102040816326531,0.3204081632653061,0.5896032831737346,0.3879781420765027,0.5931972789115647,0.8265027322404371,0.5454545454545454,0.5792349726775956,0.4054421768707483,0.5925233644859813,0.2814207650273224,0.4059945504087193,0.4508196721311475,0.573270013568521,0.4246947082767978,0.3175033921302578,0.2557666214382632,0.4192672998643147,0.2754409769335142,0.3765264586160108,43,3.5,7.6,29,51
06073016100,0.4149893919232125,1.0,0.4594323228407871,1.0,0.2236646083127959,1.0,0.521127551287385,1.0,0.4073393149175514,1.0,0.5072580565109711,1.0,0.6359565807327001,1.0,1.0,0.4528239752179147,45.282397521791474,6199,527,114228.0,4.9,9.1,33.4,419,77.4,6.042296072507553,5947,803,17.7,13.0,80.88495575221238,2.9914529914529915,7.359449270611375,73.17188983855651,23.371647509578544,5.64516129032258,18.228746572027745,67.16863721,0.0,43.28018223234624,93.11490978157644,18.0,20.25,90.75,44.375,46.25,52.5,14.0,0.3039348710990501,0.5644937586685159,0.5504087193460491,0.2411202185792349,0.3739782016348774,0.6784260515603799,0.2384196185286103,0.2357836338418862,0.1085481682496607,0.1044776119402984,0.3285714285714286,0.3530612244897959,0.0451436388508892,0.6311475409836065,0.727891156462585,0.680327868852459,0.5055096418732783,0.4112021857923497,0.5836734693877551,0.1289719626168224,0.967896174863388,0.2806539509536785,0.273224043715847,0.6227951153324288,0.60719131614654,0.6295793758480326,0.6309362279511533,0.664179104477612,0.6180461329715061,0.6370420624151968,136,8.75,7.9,33,51
06073016202,0.1820665086422266,1.0,0.6099720855832694,1.0,0.4235506142755609,1.0,0.2441419705510873,1.0,0.3417452266060147,1.0,0.3941734538397781,1.0,0.6010854816824966,1.0,1.0,0.3995336201686334,39.953362016863345,3470,549,72342.0,11.7,9.9,26.6,362,91.9,0.0,3009,356,21.0,13.8,56.99626865671642,13.157894736842104,17.40938799762329,16.015037593984964,33.59580052493438,15.609137055837564,0.0,92.53266957,8.721804511278195,29.28430728824688,93.38345864661656,22.5,19.75,78.25,38.0,41.375,45.625,13.0,0.2856173677069199,0.1525658807212205,0.079700272479564,0.2103825136612022,0.2683923705722071,0.5759837177747625,0.7874659400544959,0.6955617198335645,0.7415196743554953,0.6390773405698779,0.0530612244897958,0.2605442176870748,0.5129958960328318,0.1653005464480874,0.2217687074829931,0.0765027322404371,0.2933884297520661,0.0737704918032786,0.9904761904761904,0.0093457943925233,0.1980874316939891,0.6975476839237057,0.2868852459016393,0.7503392130257802,0.582089552238806,0.5915875169606513,0.5848032564450475,0.6241519674355496,0.582089552238806,0.6227951153324288,118,7.25,12.4,38,51
06073016301,0.126126739655527,1.0,0.5291852980410635,1.0,0.146462261973989,1.0,0.3172486074109399,1.0,0.293394157351963,1.0,0.2462999359747472,1.0,0.5936227951153323,1.0,1.0,0.3217628279319374,32.17628279319374,5120,1245,63889.0,15.4,7.3,12.5,385,96.0,0.7352941176470588,4682,733,21.8,15.7,75.09803921568627,13.455149501661127,7.347740667976424,38.70431893687707,24.561403508771928,7.050952135872363,48.2421875,55.76851276,14.562569213732004,33.70959466393022,89.92248062015504,21.0,17.5,76.75,39.0,40.75,43.75,12.5,0.0434192672998643,0.0970873786407767,0.0258855585831062,0.3381147540983606,0.044959128065395,0.6309362279511533,0.9325613079019074,0.3828016643550624,0.3012211668928086,0.1492537313432835,0.0326530612244897,0.1027210884353742,0.0957592339261286,0.1584699453551912,0.7306122448979592,0.2841530054644808,0.4765840220385675,0.3114754098360656,0.1537414965986394,0.2317757009345794,0.0560109289617486,0.5626702997275204,0.1202185792349726,0.7103120759837178,0.4735413839891452,0.5827679782903663,0.5881953867028494,0.6207598371777476,0.5685210312075983,0.6078697421981004,111,7.25,14.0,35,51
06073016302,0.0980644951374586,1.0,0.5715088407472563,1.0,0.1216877117196946,1.0,0.1224352074035866,1.0,0.1957088447097232,1.0,0.454877086404312,1.0,0.5359565807327001,1.0,1.0,0.3000341095506759,30.003410955067594,5669,1695,51164.0,6.8,18.9,16.3,431,91.3,0.0,4761,852,21.7,16.1,75.27131782945736,18.289251547552055,18.214672930972178,19.921215531795163,52.718078381795195,6.7191601049868765,58.56412065620039,53.0802738,6.0213843556555995,34.15398388540734,95.94822734946538,22.0,17.0,59.0,28.375,33.25,30.0,9.625,0.0094979647218452,0.0305131761442441,0.3276566757493188,0.0245901639344262,0.1021798365122615,0.6933514246947082,0.7588555858310627,0.6955617198335645,0.2876526458616011,0.0814111261872455,0.0360544217687074,0.0816326530612244,0.0902872777017783,0.0887978142076503,0.1999999999999999,0.110655737704918,0.0771349862258953,0.3265027322404371,0.1156462585034013,0.2635514018691589,0.3101092896174863,0.5449591280653951,0.5095628415300546,0.7333785617367707,0.4457259158751696,0.5305291723202171,0.5325644504748982,0.5719131614654003,0.5101763907734057,0.5345997286295794,83,6.25,14.5,32,51
06073003208,0.3663074395438516,1.0,0.5740321956299521,1.0,0.2874936541780891,1.0,0.4811179160951456,1.0,0.4245873690431163,1.0,0.4880374522912603,1.0,0.7183175033921302,1.0,1.0,0.4771276471676494,47.71276471676494,6664,809,99464.0,2.5,17.3,19.0,584,92.7,5.793991416309012,5870,1078,16.1,12.1,41.2962962962963,19.12908242612753,7.800880254970405,44.012441679626754,32.516129032258064,11.87756966651439,18.157262905162064,22.40199129,7.776049766718507,31.517241379310345,96.78589942975636,21.5,21.25,127.75,58.375,58.125,83.75,21.125,0.1370420624151967,0.4077669902912621,0.8760217983651226,0.0443989071038251,0.1505449591280654,0.8439620081411127,0.8228882833787466,0.246879334257975,0.1126187245590231,0.0217096336499321,0.5564625850340136,0.4591836734693877,0.811217510259918,0.0724043715846994,0.6993197278911565,0.3415300546448087,0.3195592286501377,0.1120218579234972,0.5863945578231293,0.6803738317757009,0.2322404371584699,0.6348773841961852,0.5969945355191257,0.7204884667571235,0.6594301221166893,0.7164179104477612,0.7075983717774763,0.7150610583446404,0.7225237449118046,0.7299864314789688,180,16.25,9.7,36,50
06073003209,0.3816756400173008,1.0,0.6029240723376391,1.0,0.4272498823138482,1.0,0.2759447469418572,1.0,0.5500013147552887,1.0,0.5215086384459234,1.0,0.7211668928086838,1.0,1.0,0.4972101696600774,49.72101696600774,5436,270,85700.0,6.0,9.0,28.0,524,92.7,4.086021505376344,5152,455,16.4,11.7,64.92146596858639,14.768883878241262,11.413651622528906,34.89289740698985,23.270440251572328,4.418103448275862,19.49963208241354,25.91163659,5.411499436302142,31.562858234619796,96.7305524239008,22.0,21.5,129.0,59.875,59.125,82.5,21.125,0.5881953867028493,0.2981969486823855,0.3964577656675749,0.2438524590163934,0.2820163487738419,0.8073270013568521,0.8228882833787466,0.3009708737864077,0.2062415196743554,0.4864314789687923,0.5027210884353741,0.5136054421768708,0.292749658002736,0.1284153005464481,0.4421768707482993,0.2404371584699453,0.5082644628099173,0.5232240437158471,0.5442176870748299,0.6242990654205607,0.3422131147540983,0.6335149863760218,0.5887978142076503,0.7333785617367707,0.6709633649932157,0.7218453188602443,0.7170963364993216,0.7211668928086838,0.7157394843962008,0.7299864314789688,182,16.75,10.0,38,50
06073003211,0.3822557681094113,1.0,0.5686350809852537,1.0,0.5655855693702175,1.0,0.6240553445930412,1.0,0.5373728213554141,1.0,0.5510067846915124,1.0,0.7525101763907734,1.0,1.0,0.5687745064993749,56.87745064993749,3094,378,96541.0,4.5,14.1,24.9,205,90.0,0.0,2881,405,15.7,13.4,45.258620689655174,11.1731843575419,5.526826115061409,73.5195530726257,44.680851063829785,4.482390608324439,13.574660633484164,15.74362166,2.23463687150838,35.63218390804598,95.8659217877095,26.0,21.5,140.625,67.0,60.5,93.125,23.625,0.4470827679782904,0.3814147018030513,0.6076294277929155,0.0928961748633879,0.2493188010899182,0.248303934871099,0.7091280653950953,0.6955617198335645,0.7788331071913162,0.5603799185888738,0.6176870748299319,0.3054421768707482,0.7564979480164159,0.2090163934426229,0.8408163265306122,0.6898907103825137,0.1584022038567493,0.5177595628415301,0.708843537414966,0.7644859813084113,0.6598360655737705,0.4945504087193461,0.4986338797814207,0.8385345997286295,0.6709633649932157,0.751696065128901,0.7598371777476255,0.7293080054274084,0.7618724559023067,0.7598371777476255,179,16.875,9.8,45,50
06073003212,0.433290589320701,1.0,0.4211866012563656,1.0,0.6008104191473063,1.0,0.4624498770152361,1.0,0.7049043754177424,1.0,0.6203097779961585,1.0,0.7238805970149254,1.0,1.0,0.5666903195954908,56.66903195954907,3748,436,88639.0,5.3,4.7,27.0,214,85.3,19.883040935672515,3291,355,15.0,12.7,82.77511961722487,5.9330143540669855,8.243823845327606,78.2775119617225,16.109422492401215,2.427637721755369,12.540021344717182,20.41070317,4.114832535885168,30.985915492957744,98.08612440191388,23.0,20.5,129.5,59.0,58.625,85.0,21.125,0.3887381275440976,0.3287101248266297,0.4986376021798365,0.5170765027322404,0.2724795640326976,0.2747625508819539,0.5163487738419619,0.0700416088765603,0.6648575305291724,0.6438263229308006,0.7013605442176871,0.3931972789115646,0.0328317373461012,0.3989071038251366,0.6598639455782314,0.7581967213114754,0.6639118457300275,0.7117486338797814,0.7374149659863946,0.7065420560747664,0.4685792349726776,0.6498637602179836,0.7424863387978142,0.7706919945725916,0.6227951153324288,0.7245590230664858,0.7137042062415196,0.7184531886024423,0.7327001356852103,0.7299864314789688,176,16.75,9.0,42,50
06073003213,0.6165910847767,1.0,0.6091898313848535,1.0,0.596195045182252,1.0,0.4672254376397909,1.0,0.7708279496844453,1.0,0.5607352729510678,1.0,0.7325644504748983,1.0,1.0,0.6219041531562868,62.19041531562868,3984,269,137870.0,2.0,9.8,39.2,373,87.4,0.0,3864,562,12.8,10.9,73.25102880658436,7.684824902723736,7.835726883345931,75.58365758754863,15.891472868217054,0.0,9.538152610441768,25.2769135,0.2918287937743191,57.49219562955255,97.66536964980544,18.5,21.0,133.375,62.875,61.75,83.75,21.125,0.5902306648575305,0.7420249653259362,0.9162125340599456,0.2178961748633879,0.4564032697547684,0.6031207598371777,0.6130790190735694,0.6955617198335645,0.5067842605156039,0.3364993215739484,0.9149659863945578,0.6265306122448979,0.1299589603283173,0.3169398907103825,0.6979591836734693,0.7240437158469946,0.6735537190082644,0.9405737704918032,0.8299319727891157,0.6392523364485981,0.9316939890710384,0.0626702997275204,0.6878415300546448,0.6377204884667571,0.6492537313432836,0.7340569877883311,0.7347354138398915,0.7415196743554953,0.7225237449118046,0.7299864314789688,187,17.125,7.0,34,51
06073018512,0.3951044149691722,1.0,0.169550504908351,1.0,0.3834429429845208,1.0,0.4135372181659549,1.0,0.3188494425407429,1.0,0.3335219348530645,1.0,0.4601085481682496,1.0,1.0,0.3534450009414365,35.344500094143655,3719,413,63668.0,4.9,4.7,31.8,34,62.0,31.736526946107784,3625,1081,13.8,15.5,64.81751824817519,3.17302925136341,20.557208547470925,65.4933068914229,39.33054393305439,8.359836437982734,42.753428340951864,25.40136901,4.51165096678235,42.667844522968196,93.30689142290532,13.0,7.5,43.875,20.0,24.625,18.125,10.375,0.4172320217096337,0.0957004160887656,0.5504087193460491,0.5170765027322404,0.3405994550408719,0.0156037991858887,0.0585831062670299,0.0346740638002773,0.5685210312075983,0.0203527815468114,0.8319727891156463,0.1129251700680271,0.2941176470588235,0.6147540983606558,0.1523809523809524,0.592896174863388,0.2203856749311294,0.2349726775956284,0.1863945578231293,0.6336448598130842,0.424863387978142,0.2929155313351499,0.2827868852459016,0.4640434192672998,0.1037991858887381,0.44640434192673,0.4443690637720488,0.4918588873812754,0.3521031207598372,0.5658073270013568,41,2.5,6.3,21,17
06073018515,0.650666758749809,1.0,0.5006991229256631,1.0,0.573550614275561,1.0,0.4472709289586975,1.0,0.5110311373244166,1.0,0.5604591950685666,1.0,0.4823609226594302,1.0,1.0,0.5322912399945919,53.22912399945919,5116,104,116161.0,6.1,2.2,49.8,511,76.5,0.0,4793,378,14.7,10.6,69.47852760736197,1.3206550449022716,18.324504610555227,64.87057580559957,5.319148936170213,5.680119581464873,28.342455043002342,44.2688239,7.871104067617539,32.244897959183675,98.837823560486,16.0,8.25,46.5,20.375,26.875,19.375,10.375,0.8907734056987788,0.579750346740638,0.385558583106267,0.7465846994535519,0.5960490463215259,0.7944369063772049,0.2247956403269754,0.6955617198335645,0.2727272727272727,0.6078697421981004,0.7442176870748299,0.6693877551020408,0.2051983584131327,0.7991803278688525,0.1986394557823129,0.5860655737704918,0.9256198347107438,0.4043715846994535,0.3346938775510204,0.3794392523364486,0.2254098360655737,0.6158038147138964,0.8401639344262295,0.5556309362279511,0.1377204884667571,0.4830393487109905,0.4525101763907734,0.5318860244233379,0.378561736770692,0.5658073270013568,46,3.5,5.5,31,17
06073009706,0.4325851697440774,1.0,0.5835199395756311,1.0,0.4228770341243689,1.0,0.737392587610721,1.0,0.6412443836552535,1.0,0.7243377853218386,1.0,0.8062415196743554,1.0,1.0,0.621171202815178,62.1171202815178,7127,491,154217.0,8.3,7.2,72.6,261,73.1,0.0,6983,841,13.0,10.6,47.46987951807229,0.5447470817120622,9.764689305340283,82.06225680933852,20.951302378255946,5.895276455510802,8.278377999158131,19.12881145,2.762645914396887,29.8828125,99.26070038910508,16.0,25.25,160.625,79.375,76.625,102.5,28.875,0.3256445047489823,0.8349514563106796,0.2234332425068119,0.3463114754098361,0.9019073569482288,0.3561736770691994,0.1634877384196185,0.6955617198335645,0.0339213025780189,0.0868385345997286,0.9013605442176872,0.6693877551020408,0.7099863201094392,0.8784153005464481,0.5414965986394558,0.819672131147541,0.5730027548209367,0.3920765027322405,0.8802721088435375,0.719626168224299,0.6092896174863388,0.6771117166212535,0.8866120218579235,0.5556309362279511,0.8283582089552238,0.7924016282225237,0.8086838534599728,0.8066485753052918,0.7869742198100407,0.8364993215739485,199,17.375,4.6,29,52
06073009103,0.768177137005585,1.0,0.5337659229360151,1.0,0.6839328404360387,1.0,0.5595275205011474,1.0,0.5417522432281305,1.0,0.6394484894507229,1.0,0.7264586160108548,1.0,1.0,0.6361518242240708,63.61518242240708,4011,75,144821.0,5.8,0.5,66.4,281,76.7,7.920792079207921,3901,366,13.8,9.9,57.66738660907127,2.1045918367346936,12.31041456016178,68.11224489795919,6.787330316742081,7.273802483737433,27.673896783844427,26.1107654,3.89030612244898,20.763563295378432,96.2372448979592,22.5,24.25,132.625,63.125,61.75,83.75,18.875,0.932157394843962,0.7933425797503467,0.4216621253405994,0.9255464480874316,0.8317438692098093,0.4185888738127544,0.2295640326975477,0.1955617198335645,0.4952510176390773,0.6234735413839891,0.8319727891156463,0.7850340136054421,0.4965800273597811,0.7158469945355191,0.4,0.6256830601092896,0.9022038567493113,0.2978142076502732,0.3482993197278912,0.6186915887850467,0.4877049180327869,0.885558583106267,0.5450819672131147,0.7503392130257802,0.776797829036635,0.7313432835820896,0.7394843962008141,0.7415196743554953,0.7225237449118046,0.6974219810040706,180,11.75,4.6,43,52
06073008328,0.4214432143054098,0.75,0.4597503185206384,1.0,0.6709476735063089,1.0,0.5599832470159242,1.0,0.6558002956034161,1.0,0.770161750619159,1.0,0.0637720488466757,1.0,1.0,0.5145512212025046,51.455122120250465,7814,381,,9.9,3.0,89.6,75,79.4,0.0,7497,328,11.2,7.7,78.43137254901961,0.0,14.469950993035852,89.6124031007752,9.153005464480875,13.596784996651037,6.654722293319683,14.71064095,3.4496124031007755,22.16919739696312,99.49612403100777,9.5,16.75,8.0,5.5,3.0,1.25,0.0,0.4430122116689281,,0.1478201634877384,0.6734972677595629,1.0,0.0461329715061058,0.2956403269754768,0.6955617198335645,0.0176390773405699,0.689280868385346,0.9931972789115646,0.9836734693877552,0.0615595075239397,0.950136612021858,0.310204081632653,0.918032786885246,0.8360881542699725,0.0887978142076503,0.9170068027210884,0.7813084112149533,0.5286885245901639,0.8623978201634878,0.9193989071038252,0.2856173677069199,0.4355495251017639,0.0610583446404341,0.087516960651289,0.0719131614654002,0.0515603799185888,0.0468113975576662,15,1.0,3.7,17,59
06073006500,0.345056365128477,1.0,0.5542585561171108,0.8333333333333334,0.3319536362713335,1.0,0.236628870000154,1.0,0.5406794164788927,1.0,0.1893931497942754,1.0,0.753731343283582,1.0,1.0,0.4216716195819751,42.16716195819751,3645,996,72766.0,8.4,0.6,35.8,310,86.2,,3309,780,17.1,15.2,64.19327006039688,6.779661016949152,20.462046204620464,20.46004842615012,16.463414634146343,4.78386167146974,0.0,87.13130056,31.35593220338983,34.09490333919156,81.17433414043583,15.0,24.5,145.125,65.75,64.75,94.375,21.125,0.0909090909090909,0.1553398058252427,0.2145776566757493,0.9193989071038252,0.4182561307901907,0.4762550881953867,0.5626702997275205,,0.6594301221166893,0.1187245590230664,0.4102040816326531,0.1394557823129252,0.3146374829001368,0.360655737704918,0.1551020408163265,0.1161202185792349,0.6542699724517906,0.4918032786885246,0.9904761904761904,0.0261682242990654,0.0068306010928961,0.5463215258855586,0.0150273224043715,0.5291723202170964,0.7849389416553596,0.7639077340569878,0.751696065128901,0.7584803256445047,0.7645861601085482,0.7299864314789688,182,14.0,10.4,27,52
06073008305,0.2814279368063906,1.0,0.5936719908131269,1.0,0.2499704630834694,1.0,0.2268354139215732,1.0,0.5144166855971617,1.0,0.3297101988753393,1.0,0.2550881953867028,1.0,1.0,0.3501601263548234,35.01601263548235,11134,259,41840.0,14.6,5.3,86.2,780,75.5,0.0,10778,984,25.9,8.4,67.45283018867924,2.9723991507431,36.125089863407624,2.335456475583864,38.46153846153847,3.0864197530864197,7.813903359080294,52.23397635,28.45010615711253,11.757105943152457,69.2144373673036,4.5,20.75,28.125,15.25,12.125,13.75,1.625,0.6085481682496607,0.0124826629680998,0.0367847411444142,0.4678961748633879,0.9918256130790192,0.9389416553595658,0.2043596730245231,0.6955617198335645,0.0027137042062415,0.0407055630936228,0.0040816326530612,0.9523809523809524,0.2393980848153214,0.6325136612021858,0.0217687074829932,0.0136612021857923,0.2300275482093664,0.662568306010929,0.8884353741496599,0.2766355140186916,0.0095628415300546,0.9782016348773842,0.0013661202185792,0.0949796472184531,0.6363636363636364,0.2598371777476255,0.2924016282225237,0.2645861601085482,0.2754409769335142,0.1831750339213025,49,1.625,14.9,8,61
06073004501,0.6412067252616556,1.0,0.7944341880015718,1.0,0.7667585080165038,1.0,0.3129839659844113,1.0,0.4143995046278568,1.0,0.2809269268374999,1.0,0.9308005427408412,1.0,1.0,0.5916443373529058,59.16443373529058,2631,169,78021.0,3.5,1.6,52.0,426,92.7,0.0,2159,135,17.5,9.5,51.95804195804195,4.282933160285529,27.213740458015263,5.515898767034393,31.543624161073826,4.285714285714286,48.270619536297986,26.42190417,11.615833874107723,34.25707547169811,91.7585983127839,34.5,27.5,224.5,103.125,96.25,149.375,35.75,0.7781546811397557,0.2135922330097087,0.752724795640327,0.8203551912568305,0.6301089918256131,0.6858887381275441,0.8228882833787466,0.6955617198335645,0.9145183175033922,0.9504748982360922,0.3517006802721089,0.8503401360544218,0.6333789329685362,0.5245901639344263,0.0721088435374149,0.0218579234972677,0.3402203856749312,0.5519125683060109,0.1523809523809524,0.6130841121495327,0.1106557377049179,0.5422343324250681,0.1898907103825136,0.9843962008141112,0.9477611940298508,0.9389416553595658,0.9260515603799184,0.9185888738127544,0.9443690637720488,0.9260515603799184,200,24.125,8.0,57,51
06073003204,0.4414826560719987,1.0,0.4801124969768834,1.0,0.5723008334948634,1.0,0.708873049791781,1.0,0.4695826713151228,1.0,0.3942553466049245,1.0,0.7112618724559023,1.0,1.0,0.5396955609587823,53.96955609587823,3692,396,112377.0,4.8,9.4,32.9,180,69.4,0.0,3516,367,14.8,13.1,36.597938144329895,6.005459508644222,6.882255389718077,80.61874431301183,27.401129943502823,0.0,91.82015167930662,36.81393902,5.368516833484986,32.5065274151436,92.26569608735214,26.5,21.0,124.625,58.0,54.75,82.5,21.125,0.432157394843962,0.5409153952843273,0.5640326975476839,0.2288251366120218,0.364441416893733,0.2082767978290366,0.1117166212534059,0.6955617198335645,0.5983717774762551,0.6194029850746269,0.7292517006802721,0.3421768707482993,0.8782489740082079,0.3961748633879781,0.7659863945578231,0.7950819672131147,0.4214876033057851,0.9405737704918032,0.0489795918367347,0.4672897196261683,0.3483606557377049,0.6076294277929155,0.226775956284153,0.8514246947082768,0.6492537313432836,0.7042062415196744,0.7055630936227951,0.7008141112618724,0.7157394843962008,0.7299864314789688,175,15.75,8.7,50,49
06073016609,0.6471730399981575,1.0,0.4358834009410852,1.0,0.2411003885950581,1.0,0.6575972287504404,1.0,0.8842706312183748,1.0,0.4511559287880367,1.0,0.305427408412483,1.0,1.0,0.5175154323862337,51.75154323862336,5673,239,127559.0,4.5,3.1,30.5,342,79.2,0.0,5429,712,18.4,12.7,58.80077369439072,1.3392857142857142,8.124103299856527,74.35515873015873,12.191358024691358,0.6407097092163627,7.050943063634761,0.908525202,3.3234126984126986,49.97838305231301,97.61904761904762,8.5,18.75,27.75,15.25,13.625,14.375,5.5,0.6492537313432836,0.6712898751733704,0.6076294277929155,0.66051912568306,0.3235694822888283,0.5379918588873813,0.2922343324250681,0.6955617198335645,0.1641791044776119,0.1682496607869742,0.2387755102040816,0.3931972789115646,0.4610123119015048,0.7964480874316939,0.672108843537415,0.7008196721311475,0.7672176308539945,0.8661202185792349,0.9074829931972788,0.9962616822429906,0.5464480874316939,0.1307901907356948,0.6762295081967213,0.2327001356852103,0.5332428765264586,0.257123473541384,0.2924016282225237,0.3039348710990502,0.2903663500678426,0.3833107191316146,49,2.5,7.3,14,57
06073020108,0.2172691357917706,1.0,0.4784779353370487,1.0,0.2807848512539344,1.0,0.3054203000300387,1.0,0.4123095546116852,1.0,0.1979497029526064,1.0,0.3829036635006784,1.0,1.0,0.3250164490682518,32.501644906825184,4731,772,68516.0,5.5,13.1,18.8,632,92.3,8.450704225352112,4078,594,18.9,14.4,67.88256227758008,12.606697307944843,8.310130648961234,25.21339461588969,34.22459893048128,5.109034267912772,32.33988585922638,24.79153703,5.252790544977019,48.72188139059305,88.1812212738017,18.0,11.5,41.125,24.75,12.375,26.25,2.5,0.1635006784260515,0.1289875173370319,0.4686648501362398,0.1079234972677595,0.1450953678474114,0.8772048846675712,0.803133514986376,0.1865464632454924,0.4518317503392131,0.2944369063772049,0.1782312925170067,0.1986394557823129,0.2298221614227086,0.1762295081967213,0.653061224489796,0.1625683060109289,0.278236914600551,0.4467213114754098,0.2775510204081632,0.6467289719626168,0.3620218579234973,0.1512261580381471,0.0806010928961748,0.6227951153324288,0.2360922659430122,0.4192672998643147,0.5020352781546812,0.2740841248303934,0.4843962008141113,0.2347354138398914,37,2.0,13.7,29,24
06073020109,0.6658243146989953,1.0,0.5002037055365128,1.0,0.3023394160920813,1.0,0.4980438115009633,1.0,0.630479380644678,1.0,0.4259552915134279,1.0,0.3131614654002713,1.0,1.0,0.4765724836267043,47.65724836267043,4683,368,106841.0,1.4,2.0,16.6,280,98.9,0.0,4312,708,17.4,13.6,83.23353293413174,12.605687932359723,3.8353196099674975,84.78093774019985,40.58441558441558,1.289833080424886,16.22891308989964,10.52893591,3.5357417371252886,42.41263762565821,95.4650269023828,17.0,11.0,31.0,19.625,9.375,20.625,2.5,0.4620081411126187,0.4771151178918169,0.952316076294278,0.7718579234972678,0.1076294277929155,0.4138398914518317,0.9829700272479563,0.6955617198335645,0.3867028493894165,0.1743554952510176,0.3659863945578231,0.282312925170068,0.0314637482900136,0.1775956284153005,0.9197278911564626,0.8633879781420765,0.199724517906336,0.825136612021858,0.6353741496598639,0.8616822429906542,0.5163934426229508,0.3010899182561307,0.4603825136612022,0.5888738127544098,0.2123473541383989,0.2835820895522388,0.4226594301221167,0.21438263229308,0.4104477611940298,0.2347354138398914,28,1.0,10.5,27,23
06073020202,0.200126459740717,1.0,0.579625151686984,1.0,0.0899099124045819,1.0,0.2466662551410194,1.0,0.3033633355731225,1.0,0.2643374378979864,1.0,0.3389416553595658,1.0,1.0,0.2889957439719967,28.89957439719967,6550,1160,53028.0,4.4,14.9,13.6,659,96.2,0.0,5040,793,22.4,19.1,73.25162220620042,19.42512749188688,8.621484555094513,24.942049142327303,53.95894428152492,3.748326639892905,34.04580152671756,51.69881767,8.344923504867872,44.45178335535007,94.06583217431616,19.5,11.25,33.875,22.0,10.5,21.875,2.5,0.0556309362279511,0.044382801664355,0.6198910081743869,0.0806010928961749,0.053133514986376,0.8962008141112618,0.9380108991825612,0.6955617198335645,0.2198100407055631,0.1126187245590231,0.0231292517006802,0.0040816326530612,0.1285909712722298,0.069672131147541,0.6299319727891157,0.1584699453551912,0.0702479338842975,0.6024590163934427,0.2585034013605441,0.2822429906542056,0.2062841530054644,0.2574931880108991,0.3292349726775956,0.6702849389416553,0.2245590230664857,0.3141112618724559,0.4769335142469471,0.2320217096336499,0.4369063772048847,0.2347354138398914,29,1.0,22.1,32,24
06073020206,0.2434371921658761,1.0,0.4751795707707992,1.0,0.303405052658784,1.0,0.24476480832516,1.0,0.4860789851142612,1.0,0.5400542477529121,1.0,0.3131614654002713,1.0,1.0,0.372297331741152,37.2297331741152,4894,617,71250.0,4.8,17.8,14.5,444,96.6,2.147239263803681,3813,465,19.7,15.6,74.09879839786382,19.16214119472459,10.724578015644298,41.89294026377037,38.87240356083086,4.447739065974797,18.389865140988967,26.02364655,2.482544608223429,34.73869126043039,95.50038789759505,16.0,11.0,31.0,19.625,9.375,20.625,2.5,0.2333785617367707,0.1435506241331484,0.5640326975476839,0.0327868852459016,0.0653950953678474,0.7130257801899593,0.9482288828337876,0.3564493758668515,0.5210312075983718,0.4735413839891451,0.1108843537414966,0.1081632653061224,0.1121751025991791,0.0710382513661201,0.4802721088435374,0.3155737704918033,0.2245179063360881,0.5218579234972678,0.5755102040816327,0.6224299065420561,0.6366120218579234,0.5204359673024523,0.4631147540983606,0.5556309362279511,0.2123473541383989,0.2835820895522388,0.4226594301221167,0.21438263229308,0.4104477611940298,0.2347354138398914,28,1.0,15.2,25,23
06073020207,0.2340772500304909,1.0,0.3762160775073448,1.0,0.1872968183202724,1.0,0.4330054476994762,1.0,0.3732271436355521,1.0,0.1405428745849525,1.0,0.3188602442333785,1.0,1.0,0.2947465508587811,29.474655085878116,4939,632,78077.0,5.7,16.3,13.1,368,88.8,7.046070460704606,4084,641,21.7,17.0,53.881700554528656,20.454545454545457,3.875968992248062,26.203208556149733,33.22784810126582,9.333333333333334,25.51123709252885,26.27255756,22.727272727272727,47.27807748896518,92.11229946524064,15.0,11.0,31.375,20.0,9.375,20.625,2.5,0.223202170963365,0.2149791955617198,0.4352861035422343,0.0628415300546447,0.0483651226158038,0.5895522388059702,0.6587193460490464,0.2191400832177531,0.4484396200814111,0.2252374491180461,0.0360544217687074,0.0394557823129251,0.5909712722298222,0.0546448087431693,0.9170068027210884,0.1693989071038251,0.3057851239669421,0.1816939890710383,0.3904761904761904,0.6149532710280374,0.0232240437158469,0.1839237057220708,0.2144808743169398,0.5291723202170964,0.2123473541383989,0.2903663500678426,0.4443690637720488,0.21438263229308,0.4104477611940298,0.2347354138398914,29,1.0,19.1,24,23
06073013504,0.6342260464683375,1.0,0.4411214144420286,1.0,0.5824248423928594,1.0,0.7429818839468688,1.0,0.8037983146781713,1.0,0.5973320329754866,1.0,0.6573948439620081,1.0,1.0,0.6370399112665373,63.703991126653726,4077,134,141330.0,10.4,1.7,45.7,221,86.3,3.018867924528302,3870,396,15.7,10.9,37.60330578512397,4.587155963302752,6.2900838677849045,81.49847094801224,6.41399416909621,5.286024619840695,7.603630120186411,3.82078407,1.2996941896024463,50.04699248120301,99.08256880733946,11.0,19.25,98.625,48.0,47.5,57.5,16.875,0.8331071913161465,0.7669902912621359,0.1287465940054496,0.8080601092896175,0.5442779291553134,0.2835820895522388,0.5674386920980926,0.3314840499306518,0.5020352781546811,0.5834464043419267,0.6176870748299319,0.6265306122448979,0.8632010943912449,0.494535519125683,0.8040816326530612,0.8101092896174863,0.9118457300275482,0.4385245901639344,0.8965986394557823,0.9682242990654204,0.790983606557377,0.1294277929155313,0.8715846994535519,0.3568521031207598,0.5630936227951153,0.649932157394844,0.6540027137042063,0.6675712347354138,0.6383989145183175,0.6770691994572592,161,13.875,6.8,19,51
06073013605,0.6864424060130657,1.0,0.5050833203433308,1.0,0.4194920573385392,1.0,0.6015095477764114,1.0,0.7895092867483029,1.0,0.5900646704684763,1.0,0.5761194029850746,1.0,1.0,0.5954600988104574,59.546009881045734,6383,342,132554.0,1.4,3.8,56.7,133,83.2,0.0,6320,599,14.5,11.3,71.49532710280374,2.8314028314028317,8.334638884537052,90.81939081939082,13.127413127413126,3.598014888337469,5.169982766724111,11.57436217,1.5444015444015444,51.50375939849624,99.35649935649936,17.0,17.75,72.0,35.875,35.625,40.625,11.375,0.494572591587517,0.7073509015256588,0.952316076294278,0.5915300546448088,0.6934604904632152,0.1404341926729986,0.4230245231607629,0.6955617198335645,0.0630936227951153,0.2835820895522388,0.763265306122449,0.5680272108843538,0.1668946648426812,0.6543715846994536,0.6489795918367347,0.935792349726776,0.7465564738292011,0.6133879781420766,0.9551020408163264,0.8429906542056075,0.7636612021857924,0.108991825613079,0.8975409836065574,0.5888738127544098,0.4891451831750339,0.5685210312075983,0.5780189959294437,0.5881953867028494,0.5610583446404342,0.5848032564450475,111,8.125,5.2,31,51
06073020015,0.5960887573750991,1.0,0.4453035715766367,1.0,0.5859840408347872,1.0,0.793584168322304,1.0,0.615974274281998,1.0,0.6080388916186478,1.0,0.2795115332428765,1.0,1.0,0.5606407481789071,56.064074817890706,5500,271,184063.0,5.4,6.4,70.1,188,84.4,0.0,5427,330,14.2,10.4,33.939393939393945,1.2634534394010295,6.906232453677709,74.59054749649042,17.708333333333336,6.024626209322779,15.636363636363637,14.20037337,0.8423022929340197,40.28287061288633,96.77117454375292,8.5,10.25,29.625,13.25,13.75,14.375,3.25,0.5841248303934872,0.9306518723994452,0.4843324250681199,0.3852459016393442,0.8692098092643051,0.2225237449118046,0.4652588555858311,0.6955617198335645,0.1655359565807327,0.6879240162822252,0.7938775510204081,0.6965986394557824,0.9042407660738714,0.8032786885245902,0.763265306122449,0.703551912568306,0.6322314049586777,0.3811475409836066,0.6598639455782314,0.7906542056074766,0.8592896174863388,0.3732970027247956,0.5915300546448088,0.2327001356852103,0.1865671641791045,0.26797829036635,0.2449118046132971,0.310719131614654,0.2903663500678426,0.2835820895522388,50,4.0,4.7,15,27
06073015406,0.6603099291041599,1.0,0.3378332224933456,1.0,0.7275803265675334,1.0,0.714527412184851,1.0,0.8550335153744518,1.0,0.5640947375212797,1.0,0.2183175033921302,1.0,1.0,0.5825280923768217,58.25280923768217,2704,208,169375.0,8.9,1.2,54.4,162,77.7,3.3707865168539324,2652,204,14.7,12.1,81.63265306122449,0.580046403712297,2.9039463886820553,94.3155452436195,7.373271889400922,4.115684093437152,2.5887573964497044,1.530802738,1.740139211136891,50.84889643463497,98.8399071925754,9.0,14.75,21.75,9.875,11.875,7.5,3.0,0.7048846675712348,0.8904299583911235,0.19141689373297,0.8545081967213115,0.6573569482288828,0.1811397557666214,0.244550408719346,0.3245492371705963,0.8276797829036635,0.8792401628222524,0.7442176870748299,0.4591836734693877,0.0383036935704514,0.8743169398907104,0.9673469387755104,0.9781420765027322,0.884297520661157,0.569672131147541,0.9755102040816328,0.9906542056074766,0.7267759562841529,0.1239782016348773,0.8415300546448088,0.2611940298507462,0.3582089552238806,0.2103120759837177,0.1811397557666214,0.2584803256445047,0.1784260515603799,0.2632293080054274,33,2.375,5.2,18,48
06073019702,0.5225493709985101,1.0,0.4477829692378228,1.0,0.3656552580326567,1.0,0.5566011955678192,1.0,0.5503471967134645,1.0,0.6948352962780979,1.0,0.4598371777476255,1.0,1.0,0.5139440663679995,51.39440663679995,4791,458,109750.0,3.0,6.1,32.4,219,88.0,0.0,4422,536,17.2,13.2,76.69902912621359,3.533787972721637,6.602389436176901,80.34717916924986,15.96452328159645,2.1237864077669903,37.77916927572531,29.86932172,1.549907005579665,33.50371747211896,98.1401115933044,16.5,8.75,48.0,20.75,22.375,22.5,7.625,0.3683853459972863,0.5,0.8167574931880108,0.4050546448087432,0.3542234332425068,0.282225237449118,0.6348773841961853,0.6955617198335645,0.3663500678426051,0.3704206241519674,0.3952380952380953,0.3306122448979591,0.0752393980848152,0.5792349726775956,0.782312925170068,0.7896174863387978,0.6707988980716253,0.7390710382513661,0.217687074829932,0.5738317757009346,0.7622950819672132,0.5708446866485013,0.7513661202185792,0.573270013568521,0.146540027137042,0.4959294436906377,0.4613297150610583,0.4504748982360922,0.4484396200814111,0.443012211668928,58,4.5,7.9,32,20
06073019601,0.3979176359482455,1.0,0.4372462438116647,1.0,0.2345115793943086,1.0,0.481132624609127,1.0,0.5210752819532608,1.0,0.4599358258513125,1.0,0.4766621438263229,1.0,1.0,0.4297830479134631,42.97830479134631,6425,650,118571.0,5.4,7.9,36.2,239,95.4,3.854875283446712,6014,708,17.9,12.9,58.12743823146944,8.22550831792976,9.380392156862746,64.46395563770795,41.935483870967744,0.0,24.435797665369652,30.93963908,4.852125693160813,35.87548638132296,95.84103512014788,14.5,8.25,49.625,20.875,24.0,23.125,8.25,0.2069199457259158,0.6005547850208044,0.4843324250681199,0.299863387978142,0.4223433242506812,0.3147896879240163,0.9216621253405994,0.3106796116504854,0.0936227951153324,0.1743554952510176,0.3054421768707482,0.364625850340136,0.4746922024623803,0.296448087431694,0.5727891156462586,0.5806010928961749,0.1790633608815427,0.9405737704918032,0.4095238095238095,0.5551401869158878,0.3961748633879781,0.4904632152588556,0.4931693989071038,0.5162822252374492,0.1377204884667571,0.5061058344640434,0.4626865671641791,0.4830393487109905,0.4552238805970149,0.4762550881953867,58,5.5,9.1,26,18
06073017047,0.8281644801628513,1.0,0.4657264448249603,1.0,0.7212192746840934,1.0,0.8064480481479668,1.0,0.7468274266872597,1.0,0.7305864514624063,1.0,0.2310719131614654,1.0,1.0,0.6471491484472862,64.71491484472863,4260,38,181429.0,1.6,5.2,71.9,94,81.7,0.0,4180,362,12.3,9.3,31.360946745562128,0.8783783783783784,9.653056407835733,88.58108108108108,15.437392795883362,6.2103929024081115,4.929577464788733,3.260734287,1.2162162162162162,24.306688417618272,96.55405405405403,6.0,20.5,20.625,11.5,10.75,11.25,3.0,0.9769335142469472,0.9209431345353676,0.9400544959128064,0.4747267759562842,0.8923705722070845,0.0800542740841248,0.3787465940054496,0.6955617198335645,0.4260515603799185,0.6316146540027137,0.9496598639455782,0.8775510204081632,0.9288645690834474,0.8415300546448088,0.5496598639455783,0.9057377049180328,0.6859504132231404,0.3688524590163934,0.9605442176870748,0.97196261682243,0.8087431693989071,0.8160762942779292,0.5669398907103825,0.1248303934871099,0.6227951153324288,0.2035278154681139,0.2218453188602442,0.2374491180461329,0.2293080054274084,0.2632293080054274,39,2.0,3.8,11,60
06073009704,0.3901237479142737,1.0,0.6363897249070862,1.0,0.4375284985093087,1.0,0.5136052724559134,1.0,0.7617278249783289,1.0,0.5256969570633752,1.0,0.7930800542740841,1.0,1.0,0.5797360114431959,57.97360114431959,6731,376,128491.0,8.4,9.8,65.7,200,93.4,0.0,6619,597,14.5,10.7,71.71717171717171,1.381509032943677,11.516056758775209,71.94473963868225,25.595238095238095,1.8086956521739128,8.765413757242609,4.679527069,2.6567481402763016,43.18697956093868,97.5557917109458,13.0,23.75,154.375,75.0,74.125,98.125,28.125,0.4497964721845319,0.6782246879334258,0.2145776566757493,0.2178961748633879,0.8208446866485014,0.2381275440976933,0.8412806539509536,0.6955617198335645,0.044776119402985,0.2883310719131614,0.763265306122449,0.6537414965986394,0.158686730506156,0.7923497267759563,0.4408163265306122,0.662568306010929,0.4573002754820936,0.7786885245901639,0.85578231292517,0.955140186915888,0.6243169398907105,0.284741144414169,0.6680327868852459,0.4640434192672998,0.7584803256445047,0.7822252374491181,0.7896879240162822,0.7951153324287653,0.7747625508819539,0.8236092265943012,198,15.875,5.5,23,52
06073015501,0.3509215051591205,1.0,0.3074409750721223,1.0,0.223488079085094,1.0,0.7453635705139853,1.0,0.6359602848162855,1.0,0.366885791853407,1.0,0.1272727272727272,1.0,1.0,0.3939047048246774,39.39047048246774,5665,470,112703.0,10.4,6.6,27.6,242,84.7,2.0151133501259446,5233,1038,17.4,13.4,57.14285714285714,2.8938906752411575,5.045625335480408,93.5155412647374,40.14962593516209,1.2698412698412698,12.533097969991172,15.45737399,1.607717041800643,48.38709677419355,91.7470525187567,4.0,14.0,11.875,4.375,7.5,3.125,1.75,0.3541383989145183,0.5478502080443828,0.1287465940054496,0.3729508196721312,0.2779291553133515,0.3181818181818182,0.4816076294277929,0.3578363384188626,0.1940298507462686,0.0284938941655359,0.3659863945578231,0.3054421768707482,0.5082079343365253,0.6420765027322404,0.8612244897959184,0.9699453551912568,0.2052341597796143,0.8278688524590164,0.7387755102040816,0.77196261682243,0.7527322404371585,0.159400544959128,0.1885245901639344,0.0827679782903663,0.3263229308005427,0.1160108548168249,0.0569877883310719,0.180461329715061,0.0970149253731343,0.185888738127544,19,1.0,7.4,7,47
06073019303,0.5792654313765189,1.0,0.4539105244269504,1.0,0.1977420411855379,1.0,0.6289821094278352,1.0,0.4566145959831828,1.0,0.3727535325560966,1.0,0.3884667571234735,1.0,1.0,0.4396764274399421,43.96764274399421,7993,322,115906.0,4.6,3.4,28.1,705,77.1,0.0,7412,981,17.3,13.1,47.713717693836976,6.2287655719139305,7.99130545965989,77.50094375235939,17.30496453900709,5.291383625312835,16.63955961466283,67.25575607,2.491506228765572,45.74159907300116,93.01623254058136,14.0,7.0,41.375,17.25,20.125,16.875,7.625,0.5169606512890095,0.5783633841886269,0.5940054495912807,0.6277322404371585,0.2854223433242507,0.9172320217096336,0.2356948228882834,0.6955617198335645,0.0257801899592944,0.0434192672998643,0.3795918367346939,0.3421768707482993,0.7045143638850889,0.383879781420765,0.6816326530612244,0.7459016393442623,0.6349862258953167,0.4371584699453552,0.6272108843537415,0.1271028037383177,0.6338797814207651,0.2166212534059945,0.2677595628415301,0.5027137042062415,0.0868385345997286,0.4206241519674355,0.3378561736770692,0.4118046132971506,0.3290366350067842,0.443012211668928,50,4.0,8.5,25,17
06073019208,0.6296050225835951,1.0,0.2861487914480964,1.0,0.5827550558893841,1.0,0.6000827551760315,1.0,0.5934362541775754,1.0,0.6369420745174531,1.0,0.3343283582089552,1.0,1.0,0.5233283302858701,52.33283302858701,3627,355,107375.0,3.7,1.5,42.1,356,81.0,13.559322033898304,3400,314,15.8,12.8,83.62068965517241,2.8399311531841653,5.817565659418243,88.2960413080895,3.0973451327433628,8.647798742138365,11.855527984560243,40.14934661,0.8605851979345954,49.81245311327832,99.48364888123923,2.0,8.25,33.875,15.875,14.125,19.375,5.0,0.4782903663500678,0.4840499306518724,0.7247956403269755,0.8312841530054644,0.4993188010899183,0.5644504748982361,0.3514986376021798,0.1123439667128987,0.6350067842605156,0.7150610583446404,0.6020408163265306,0.3789115646258503,0.0239398084815321,0.6502732240437159,0.8272108843537415,0.8989071038251366,0.9517906336088154,0.2199453551912568,0.7646258503401361,0.4373831775700935,0.8565573770491803,0.1376021798365122,0.9166666666666666,0.0515603799185888,0.1377204884667571,0.3141112618724559,0.3100407055630936,0.3147896879240163,0.378561736770692,0.3541383989145183,49,2.5,6.8,4,19
06073020807,0.5844068457990187,1.0,0.2875511829130683,1.0,0.5320180175190836,1.0,0.5787771170229433,1.0,0.6155307499674256,1.0,0.5323203446444613,1.0,0.0195386702849389,1.0,1.0,0.4500204183072771,45.00204183072771,2950,255,128177.0,4.6,5.5,28.7,49,89.4,0.0,2732,366,16.7,14.1,60.526315789473685,7.485604606525912,9.220338983050848,95.489443378119,21.631205673758867,6.881143878462913,9.152542372881356,16.14187928,1.055662188099808,71.1038961038961,98.17658349328217,0.0,2.0,0.75,0.75,0.0,0.0,0.0,0.6166892808683854,0.6740638002773925,0.5940054495912807,0.4528688524590164,0.2922343324250681,0.0312075983717774,0.6818801089918256,0.6955617198335645,0.8100407055630936,0.6234735413839891,0.4687074829931973,0.2258503401360544,0.414500683994528,0.3237704918032786,0.5850340136054422,0.9918032786885246,0.5482093663911846,0.3169398907103825,0.8380952380952381,0.7588785046728972,0.8292349726775956,0.0122615803814714,0.755464480874317,0.0094979647218453,0.0149253731343283,0.0081411126187245,0.0142469470827679,0.0115332428765264,0.0169606512890094,0.0468113975576662,1,0.0,7.0,0,8
06073003401,0.2421367645706454,1.0,0.653231143279677,1.0,0.2790929397539206,1.0,0.4466319085773845,1.0,0.2220989369516019,1.0,0.3493681849089005,1.0,0.9729986431478967,1.0,1.0,0.4522226458842895,45.22226458842895,6109,598,83108.0,10.7,7.4,31.5,637,71.8,0.0,5273,979,16.9,12.2,61.16625310173698,2.570439940682155,17.53365464517201,57.63717251606525,33.21799307958477,6.255792400370713,41.08692093632345,88.17672682,7.711319822046465,39.52191235059761,94.9085516559565,38.0,25.75,242.375,114.875,110.0,160.625,39.75,0.2489823609226594,0.2690707350901525,0.1192098092643051,0.3312841530054644,0.3371934604904632,0.8826322930800543,0.1491825613079019,0.6955617198335645,0.1886024423337856,0.044776119402985,0.4387755102040817,0.4442176870748299,0.399452804377565,0.6721311475409837,0.2204081632653061,0.494535519125683,0.3071625344352617,0.3647540983606557,0.1959183673469388,0.0205607476635514,0.2349726775956284,0.3937329700272479,0.4193989071038251,0.996607869742198,0.8582089552238806,0.9755766621438264,0.9728629579375848,0.971506105834464,0.9769335142469472,0.968113975576662,203,26.75,10.1,68,51
06073017033,0.5923803192239778,1.0,0.3905954282640203,1.0,0.71072259297206,1.0,0.7570453953598214,1.0,0.7931036843993314,1.0,0.8441400763339835,1.0,0.1002713704206241,1.0,1.0,0.598322695281974,59.8322695281974,5525,179,170875.0,7.0,6.1,74.0,181,78.4,9.70873786407767,5274,259,12.5,8.9,55.06072874493927,3.343782654127482,2.570647219690064,87.09508881922675,15.727391874180864,3.382130237253912,8.32579185520362,1.941505912,0.0,20.821448944666287,97.64890282131664,10.5,17.0,9.125,7.0,4.375,2.5,0.625,0.7550881953867028,0.8987517337031901,0.3106267029972752,0.4050546448087432,0.9216621253405994,0.2109905020352781,0.2690735694822888,0.1650485436893204,0.1872455902306649,0.8005427408412483,0.935374149659864,0.9197278911564626,0.5636114911080712,0.5997267759562841,0.9782312925170068,0.8866120218579235,0.6749311294765841,0.6311475409836065,0.8775510204081632,0.988785046728972,0.967896174863388,0.8841961852861036,0.680327868852459,0.3310719131614654,0.4457259158751696,0.0773405698778833,0.1119402985074626,0.1085481682496607,0.0759837177747625,0.1275440976933514,14,1.5,4.6,20,59
06073020305,0.691013566866944,1.0,0.4057135336538629,1.0,0.2349767858296642,1.0,0.4063046701715379,1.0,0.5953701061009564,1.0,0.3194860112267536,1.0,0.401899592944369,1.0,1.0,0.4363948952562983,43.639489525629834,6432,663,124489.0,1.5,0.0,39.0,490,79.1,4.07673860911271,6101,1206,16.6,12.8,65.0314465408805,10.855683269476373,9.761049508043104,64.24010217113666,12.974051896207584,3.1739488870568837,34.35945273631841,18.91723709,4.682843763303533,46.30261660978385,94.21030225627926,12.0,10.75,40.625,23.0,13.625,26.875,4.375,0.1981004070556309,0.651872399445215,0.9461852861035422,0.967896174863388,0.4550408719346049,0.7706919945725916,0.2874659400544959,0.3023578363384188,0.0800542740841248,0.0040705563093622,0.4768707482993197,0.3789115646258503,0.2886456908344733,0.2172131147540983,0.5428571428571429,0.5765027322404371,0.7506887052341598,0.6530054644808743,0.254421768707483,0.7233644859813084,0.4084699453551912,0.2043596730245231,0.3456284153005464,0.4185888738127544,0.200135685210312,0.4050203527815468,0.4864314789687924,0.3039348710990502,0.4918588873812754,0.3222523744911804,40,2.0,8.1,23,23
06073020902,0.6217848436436619,1.0,0.3340621874642533,1.0,0.6321227812699027,1.0,0.6955928616204392,1.0,0.592686104940845,1.0,0.3708718601569363,1.0,0.0320217096336499,1.0,1.0,0.4684489069613841,46.84489069613841,2402,127,127012.0,24.1,0.0,24.2,209,92.0,0.0,2193,215,16.6,13.7,37.2093023255814,8.70020964360587,7.405857740585773,89.30817610062893,16.923076923076923,17.616580310880828,7.077435470441299,15.75606721,1.3626834381551365,63.030303030303024,93.39622641509436,0.0,0.25,2.0,2.0,0.0,1.25,0.0,0.8493894165535957,0.6671289875173371,0.002724795640327,0.967896174863388,0.2377384196185286,0.2584803256445047,0.7935967302452316,0.6955617198335645,0.9111261872455902,0.8683853459972863,0.4768707482993197,0.2721088435374149,0.8714090287277702,0.2718579234972678,0.7251700680272108,0.9139344262295082,0.6446280991735538,0.0573770491803278,0.9061224489795918,0.7626168224299066,0.7896174863387978,0.0326975476839237,0.2903005464480874,0.0094979647218453,0.0094979647218453,0.0230664857530529,0.0271370420624151,0.0115332428765264,0.0515603799185888,0.0468113975576662,4,0.0,6.6,0,1
06073020710,0.7559071052651171,1.0,0.325889186972533,1.0,0.7731661728463435,1.0,0.8069407118547,1.0,0.6265022088577937,1.0,0.5148709816709102,1.0,0.1329715061058344,1.0,1.0,0.562321124796176,56.232112479617605,1677,247,153403.0,4.6,0.0,51.2,45,81.4,0.0,1586,86,14.1,13.1,8.47457627118644,3.289473684210526,6.997607655502393,85.85526315789474,6.329113924050633,3.492063492063492,22.659511031604055,33.67766024,2.9605263157894735,48.03738317757009,98.35526315789474,2.5,10.25,13.0,8.875,3.875,6.875,0.625,0.6309362279511533,0.8307905686546463,0.5940054495912807,0.967896174863388,0.6164850136239782,0.0271370420624151,0.3678474114441417,0.6955617198335645,0.9687924016282226,0.9769335142469472,0.8047619047619048,0.3421768707482993,0.9917920656634748,0.6079234972677596,0.7564625850340136,0.8715846994535519,0.9173553719008264,0.6188524590163935,0.45578231292517,0.514018691588785,0.5887978142076502,0.1716621253405994,0.7841530054644809,0.0617367706919945,0.1865671641791045,0.1289009497964721,0.1478968792401628,0.0949796472184531,0.1655359565807327,0.1275440976933514,22,1.0,6.0,5,31
06073009502,0.6482636896710376,1.0,0.5663802848642979,1.0,0.6728885719823886,1.0,0.6575713072114091,1.0,0.6005825918526957,1.0,0.681860256200275,1.0,0.7290366350067842,1.0,1.0,0.6509404766841269,65.09404766841268,3918,129,141786.0,6.9,3.1,68.6,316,78.8,0.0,3830,395,14.3,9.8,44.65408805031446,5.154639175257731,6.394269036879809,67.33247422680412,15.970515970515969,4.07911001236094,14.03777437468096,37.27442439,1.4819587628865978,24.26746806912096,95.42525773195877,9.5,24.75,131.625,64.0,60.75,83.75,20.75,0.8419267299864315,0.7697642163661581,0.3208446866485014,0.66051912568306,0.8555858310626703,0.4843962008141113,0.279291553133515,0.6955617198335645,0.5183175033921303,0.5854816824966078,0.780952380952381,0.8068027210884354,0.7647058823529411,0.4508196721311475,0.7986394557823129,0.6161202185792349,0.6694214876033058,0.575136612021858,0.6979591836734693,0.4598130841121495,0.7745901639344263,0.8174386920980926,0.453551912568306,0.2856173677069199,0.7978290366350068,0.7272727272727273,0.7435549525101763,0.7327001356852103,0.7225237449118046,0.7191316146540027,192,11.25,5.4,15,53
06073002601,0.2709592216252601,1.0,0.7492242702876889,1.0,0.1428825261447862,1.0,0.4353249267682674,1.0,0.4019893013050805,1.0,0.2854260657226664,1.0,0.9991858887381276,1.0,1.0,0.4692846000845539,46.92846000845539,6025,1553,63347.0,3.3,10.5,17.5,666,93.7,0.0,5230,611,20.5,17.1,56.896551724137936,25.79241765071473,3.131840377167874,35.301429459291484,22.980251346499102,9.809417040358746,36.6804979253112,20.8836341,11.497824735860783,32.60223048327138,90.30453697949036,32.0,28.0,259.375,128.75,121.25,171.875,43.125,0.0176390773405699,0.0929264909847434,0.7826975476839237,0.1905737704918032,0.1260217983651226,0.9009497964721844,0.8542234332425068,0.6955617198335645,0.1953867028493894,0.2672998643147897,0.0727891156462584,0.0360544217687074,0.5170998632010944,0.0163934426229508,0.961904761904762,0.2459016393442623,0.5165289256198347,0.1693989071038251,0.2285714285714285,0.6934579439252336,0.1188524590163934,0.6021798365122616,0.1352459016393442,0.9545454545454546,0.9640434192673,1.0,1.0,1.0,1.0,0.9959294436906376,209,28.5,18.1,52,51
06073002602,0.1807882399215053,1.0,0.56674437563146,1.0,0.1957362999473874,1.0,0.1953851918197702,1.0,0.3792107369710841,1.0,0.4243248810073306,1.0,0.9725915875169606,1.0,1.0,0.416397330402214,41.63973304022141,4624,838,67762.0,5.8,17.0,18.9,541,86.1,31.91489361702128,4019,974,19.7,15.0,72.73576097105509,14.14356787491116,13.387737097485664,23.240938166311302,56.19047619047619,5.570469798657718,26.16782006920415,23.62165526,6.183368869936034,32.84978942442677,94.59843638948117,34.5,25.75,242.875,118.875,109.5,161.25,38.5,0.1302578018995929,0.1220527045769764,0.4216621253405994,0.0491803278688525,0.1471389645776566,0.8208955223880597,0.5565395095367848,0.0332871012482662,0.4681139755766621,0.0495251017639077,0.1108843537414966,0.154421768707483,0.1409028727770177,0.1434426229508196,0.3510204081632653,0.1461748633879781,0.0606060606060605,0.4166666666666666,0.3741496598639455,0.6654205607476635,0.2991803278688525,0.5912806539509536,0.3825136612021858,0.9843962008141112,0.8582089552238806,0.9782903663500678,0.98236092265943,0.9674355495251018,0.9782903663500678,0.9565807327001355,206,25.125,15.5,61,51
06073002702,0.3082036120026231,1.0,0.7526234867394898,1.0,0.3751266856810566,1.0,0.3765585437377391,1.0,0.3949309614687097,1.0,0.6257922504628183,1.0,0.9511533242876526,1.0,1.0,0.540626980625727,54.0626980625727,5592,735,74940.0,4.6,8.3,45.0,677,87.5,0.0,4675,618,17.5,11.2,65.24500907441016,2.9688273132112815,16.79184549356223,45.4725383473528,36.8575624082232,2.2254475084663765,32.01001430615164,47.95270691,8.213755566551212,21.008064516129032,98.3671449777338,30.0,25.25,224.125,110.375,109.0,145.625,40.25,0.175033921302578,0.1803051317614424,0.5940054495912807,0.2834699453551912,0.5395095367847411,0.9050203527815468,0.6178474114441417,0.6955617198335645,0.3039348710990501,0.2598371777476255,0.3517006802721089,0.5850340136054422,0.2777017783857729,0.6338797814207651,0.2380952380952381,0.3565573770491803,0.2493112947658402,0.7267759562841529,0.2802721088435373,0.3233644859813084,0.2090163934426229,0.8801089918256131,0.7882513661202186,0.9294436906377204,0.8283582089552238,0.937584803256445,0.9538670284938942,0.966078697421981,0.9253731343283582,0.9728629579375848,206,24.0,9.5,52,51
06073002710,0.1459682195591828,1.0,0.6204166550201481,1.0,0.3149410646212353,1.0,0.3400361745918344,1.0,0.3927004004685822,1.0,0.2067196736201069,1.0,0.9880597014925372,1.0,1.0,0.4298345556248039,42.98345556248039,4426,837,60076.0,6.4,18.5,24.2,500,91.1,16.574585635359114,3921,411,19.8,15.4,65.9090909090909,19.784172661870503,4.7585227272727275,24.820143884892087,48.80952380952381,4.3852106620808255,25.305015815634885,32.20908525,14.928057553956831,34.72090823084201,85.97122302158273,34.0,26.0,245.375,121.5,114.625,162.5,43.75,0.1316146540027136,0.0693481276005547,0.3549046321525886,0.0280054644808742,0.2377384196185286,0.7842605156037992,0.7534059945504087,0.0943134535367544,0.4898236092265943,0.5468113975576663,0.1047619047619047,0.1183673469387754,0.2626538987688098,0.064207650273224,0.8789115646258503,0.1543715846994535,0.1157024793388429,0.5273224043715847,0.3931972789115646,0.5345794392523364,0.0505464480874316,0.5217983651226158,0.0478142076502732,0.9782903663500678,0.8744911804613297,0.98236092265943,0.9918588873812756,0.9850746268656716,0.98236092265943,0.9986431478968792,210,25.75,16.1,56,51
06073002801,0.4787974046713208,1.0,0.590489211373688,1.0,0.3416936652544328,1.0,0.3811794866631365,1.0,0.4675278861847043,1.0,0.5811234694738513,1.0,0.925101763907734,1.0,1.0,0.5379875553612667,53.79875553612668,5239,513,130833.0,12.5,1.4,60.3,182,78.3,0.0,5093,443,27.6,10.7,70.27027027027027,1.744186046511628,34.410246606767345,61.627906976744185,7.216494845360824,37.37864077669903,14.124832983393778,52.84380834,4.069767441860465,17.470525187566988,94.18604651162792,23.0,25.75,212.375,105.625,100.875,140.0,37.375,0.3154681139755766,0.6934812760055479,0.0660762942779291,0.8401639344262295,0.7411444141689373,0.2137042062415196,0.2636239782016348,0.6955617198335645,0.21438263229308,0.4959294436906377,0.0027210884353741,0.6537414965986394,0.1874145006839945,0.75,0.0312925170068026,0.5560109289617486,0.8925619834710744,0.0136612021857923,0.6965986394557824,0.2672897196261682,0.4740437158469945,0.9264305177111716,0.3428961748633879,0.7706919945725916,0.8582089552238806,0.9077340569877884,0.9348710990502036,0.932157394843962,0.9029850746268656,0.9477611940298508,204,20.375,16.2,45,52
06073017808,0.6272318934946027,1.0,0.3757719874856968,1.0,0.6204083940224665,1.0,0.6984735497325122,1.0,0.5188397456955982,1.0,0.5752768223621844,1.0,0.2537313432835821,1.0,1.0,0.5242476765823776,52.424767658237755,5433,167,168897.0,5.9,5.7,74.1,210,65.4,0.0,5417,397,11.9,10.0,52.8,0.0,14.103747461694663,88.39244587747582,25.0,8.81982360352793,13.620467513344376,20.87118855,1.0594196222938737,40.969162995594715,96.31506218332568,5.5,9.5,26.25,10.375,15.0,10.0,3.25,0.7829036635006784,0.8876560332871013,0.4073569482288828,0.4310109289617486,0.9243869209809265,0.262550881953867,0.0871934604904632,0.6955617198335645,0.1682496607869742,0.5814111261872457,0.9714285714285714,0.7605442176870748,0.6142270861833106,0.950136612021858,0.327891156462585,0.9016393442622952,0.4676308539944903,0.2049180327868852,0.7074829931972789,0.6953271028037383,0.8265027322404371,0.3460490463215259,0.5532786885245902,0.1153324287652645,0.1696065128900949,0.2415196743554952,0.2014925373134328,0.3283582089552239,0.2137042062415196,0.2835820895522388,47,3.5,3.6,9,24
06073017811,0.6662860343806438,1.0,0.4388839419565922,1.0,0.5156647190762329,1.0,0.6585783722562605,1.0,0.5415779505630305,1.0,0.748025888040182,1.0,0.2655359565807327,1.0,1.0,0.5477932661219534,54.77932661219535,6485,372,170540.0,6.5,0.0,65.2,547,63.1,0.0,5960,537,14.1,9.9,39.726027397260275,1.122754491017964,10.326941213454887,55.613772455089816,2.4285714285714284,7.415107415107415,23.5929067077872,36.17921593,0.7859281437125748,30.14586709886548,97.82934131736528,3.0,9.5,27.625,10.75,16.0,10.0,3.875,0.4559023066485753,0.8959778085991679,0.3453678474114441,0.967896174863388,0.8079019073569482,0.8263229308005428,0.0640326975476839,0.6955617198335645,0.1044776119402984,0.3683853459972863,0.8047619047619048,0.7850340136054421,0.8358413132694938,0.819672131147541,0.5061224489795919,0.4726775956284153,0.962809917355372,0.2909836065573771,0.4340136054421768,0.4785046728971962,0.8674863387978142,0.667574931880109,0.7090163934426229,0.0698778833107191,0.1696065128900949,0.2550881953867028,0.2075983717774762,0.3426051560379918,0.2137042062415196,0.3086838534599728,48,4.5,4.6,5,24
06073019809,0.7629487695450059,1.0,0.4379598395290154,1.0,0.4687409427814545,1.0,0.7681565630445849,1.0,0.7824265562686538,1.0,0.504285721375997,1.0,0.3815468113975576,1.0,1.0,0.5865807434203242,58.65807434203242,4372,192,133323.0,4.2,0.0,46.1,314,90.4,7.428571428571429,4261,595,14.3,12.7,39.24050632911392,2.3679417122040074,9.549381274807375,94.04978749241045,9.322033898305085,2.3710729104919976,12.580054894784997,11.2881145,2.9751062537947783,42.66666666666667,97.20704310868246,14.5,8.75,40.75,16.0,21.125,17.5,7.0,0.728629579375848,0.7128987517337032,0.6423705722070845,0.967896174863388,0.5504087193460491,0.4803256445047489,0.726158038147139,0.2080443828016643,0.4084124830393487,0.2924016282225237,0.780952380952381,0.3931972789115646,0.8440492476060192,0.6926229508196722,0.5605442176870749,0.9754098360655736,0.8292011019283747,0.7172131147540983,0.7346938775510203,0.8485981308411215,0.5846994535519126,0.2942779291553133,0.6338797814207651,0.5162822252374492,0.146540027137042,0.4084124830393487,0.3147896879240163,0.4233378561736771,0.3385345997286296,0.4226594301221167,50,4.5,5.4,26,20
06073020029,0.2967956815394993,1.0,0.5668619920085372,1.0,0.1043188510139469,1.0,0.1512243059633308,1.0,0.1554163395767402,1.0,0.2637455765498825,1.0,0.2979647218453188,1.0,1.0,0.2623324954996081,26.233249549960806,7007,1017,77449.0,4.0,9.7,35.6,797,87.0,0.0,5762,1016,19.6,15.1,69.62083142987665,11.74863387978142,21.26337091644984,14.558938329430132,41.12792297111417,7.241129616220131,77.06579135150564,77.19975109,6.830601092896176,39.07304194778528,89.89071038251366,13.0,12.75,32.75,14.125,13.375,18.125,3.125,0.0854816824966079,0.2080443828016643,0.6716621253405994,0.2219945355191257,0.4168937329700272,0.943012211668928,0.5946866485013624,0.6955617198335645,0.1180461329715061,0.0332428765264586,0.117687074829932,0.1482993197278911,0.20109439124487,0.1994535519125683,0.1387755102040816,0.0655737704918032,0.18732782369146,0.3005464480874317,0.0721088435374149,0.0616822429906541,0.2650273224043715,0.4073569482288828,0.1188524590163934,0.4640434192672998,0.2869742198100407,0.3046132971506106,0.2666214382632293,0.2917232021709633,0.3521031207598372,0.2747625508819539,48,3.5,14.4,20,24
06073020309,0.51476996763966,1.0,0.4584482063367464,1.0,0.4092360553447973,1.0,0.4567476437772974,1.0,0.357098794375322,1.0,0.744095035313153,1.0,0.4078697421981004,1.0,1.0,0.4783236349978681,47.83236349978681,4528,332,113359.0,2.0,14.8,30.0,558,89.7,11.66077738515901,4051,661,17.1,11.4,37.269372693726936,17.795484727755646,10.347923681257017,46.01593625498008,57.32838589981447,1.6971279373368149,28.48939929328622,53.0056005,0.99601593625498,36.28357551739322,99.468791500664,14.5,12.0,41.75,24.125,13.625,26.875,4.375,0.5047489823609226,0.5547850208044383,0.9162125340599456,0.0833333333333333,0.3153950953678474,0.8331071913161465,0.6975476839237057,0.1386962552011096,0.4599728629579376,0.2130257801899593,0.4102040816326531,0.5537414965986395,0.8673050615595075,0.0983606557377049,0.5034013605442177,0.3579234972677595,0.0482093663911845,0.7841530054644809,0.3306122448979591,0.2654205607476635,0.8360655737704918,0.4836512261580381,0.912568306010929,0.5162822252374492,0.2496607869742198,0.4260515603799186,0.4952510176390773,0.3039348710990502,0.4918588873812754,0.3222523744911804,41,2.0,8.5,25,24
06073021205,0.463565755989781,1.0,0.3976931286217308,1.0,0.1125324213810354,1.0,0.4738023592967496,1.0,0.6351840427852358,1.0,0.3218273998302586,1.0,0.0549525101763907,1.0,1.0,0.3513653740115973,35.136537401159735,7108,1397,87217.0,3.6,2.0,26.5,699,82.0,0.0,6702,997,19.3,14.1,61.224489795918366,2.10727969348659,13.165786091674995,50.3448275862069,20.480404551201012,4.500548847420418,20.258863252673045,7.069072806,5.478927203065134,49.93757802746567,95.86206896551724,4.0,4.25,3.375,0.75,2.625,0.625,0.625,0.0298507462686566,0.3134535367545076,0.7391008174386922,0.7718579234972678,0.2670299727520436,0.914518317503392,0.3896457765667575,0.6955617198335645,0.0407055630936228,0.0366350067842605,0.146938775510204,0.2258503401360544,0.3953488372093023,0.71448087431694,0.3673469387755101,0.4180327868852459,0.5798898071625345,0.5163934426229508,0.5210884353741496,0.9233644859813084,0.3360655737704918,0.1335149863760217,0.4959016393442623,0.0827679782903663,0.0366350067842605,0.0312075983717774,0.0142469470827679,0.0624151967435549,0.039348710990502,0.1275440976933514,7,0.5,9.4,6,16
06073001000,0.5470727618373832,1.0,0.7693593824405731,1.0,0.5193506031992172,1.0,0.3829567949940175,1.0,0.3396879754615304,1.0,0.472137847858132,1.0,0.9187245590230664,1.0,1.0,0.5641842749734172,56.41842749734172,4978,457,92850.0,4.1,1.8,57.0,1010,84.2,0.0,4769,433,17.2,9.3,50.284713096802456,2.7126099706744866,22.278023302531135,16.312316715542522,42.532467532467535,5.409153952843273,90.19686621132986,20.69695084,6.634897360703812,32.83873486919172,96.29765395894428,29.0,26.0,217.75,101.5,101.375,143.125,35.0,0.3704206241519674,0.3633841886269071,0.6580381471389646,0.7964480874316939,0.702316076294278,0.9837177747625508,0.4570844686648501,0.6955617198335645,0.2856173677069199,0.5189959294436907,0.3952380952380953,0.8775510204081632,0.66484268125855,0.662568306010929,0.1224489795918367,0.081967213114754,0.1763085399449036,0.4275956284153005,0.0557823129251701,0.6990654205607476,0.2745901639344262,0.5926430517711172,0.5491803278688525,0.9029850746268656,0.8744911804613297,0.9199457259158752,0.9165535956580732,0.9348710990502036,0.9118046132971506,0.9104477611940298,192,23.25,6.9,53,52
06073001100,0.5821580555469665,1.0,0.680737745763912,1.0,0.7373245091795199,1.0,0.4973775728362256,1.0,0.4220833290373104,1.0,0.5783986738335244,1.0,0.9347354138398914,1.0,1.0,0.6332593285767644,63.325932857676435,3068,237,98634.0,5.0,2.3,58.7,554,71.6,0.0,2860,229,16.9,9.3,40.604026845637584,1.2034383954154728,19.875776397515526,27.106017191977077,15.671641791044776,8.20620725933719,30.964797913950456,36.91350342,5.616045845272207,18.426647767540754,95.7593123209169,26.5,25.5,222.0,106.375,104.875,145.625,36.875,0.655359565807327,0.4008321775312066,0.5367847411444142,0.735655737704918,0.720708446866485,0.8310719131614654,0.1437329700272479,0.6955617198335645,0.7856173677069199,0.8473541383989145,0.4387755102040817,0.8775510204081632,0.8317373461012312,0.8101092896174864,0.1700680272108843,0.1775956284153005,0.6763085399449036,0.2513661202185792,0.2952380952380952,0.4654205607476636,0.3319672131147541,0.9182561307901907,0.4849726775956284,0.8514246947082768,0.8419267299864315,0.9253731343283582,0.9362279511533242,0.9443690637720488,0.9253731343283582,0.9423337856173676,194,23.25,6.6,50,52
06073001400,0.5527962747288849,1.0,0.6852291603777388,1.0,0.7347582587987705,1.0,0.5045476902160025,1.0,0.3003199588513788,1.0,0.4083346982127525,1.0,0.9541383989145183,1.0,1.0,0.5914463485857209,59.14463485857209,3285,282,97292.0,5.7,1.6,63.1,434,58.1,0.0,3144,124,16.6,9.8,45.551894563426686,0.48025613660619,21.054244560220656,34.898612593383135,33.14917127071823,7.456790123456789,70.92846270928463,33.25451151,9.551760939167556,30.988477865372953,94.66382070437568,29.0,29.75,233.0,109.625,107.25,154.375,37.875,0.5658073270013568,0.3897364771151179,0.4352861035422343,0.8203551912568305,0.7758855585831063,0.6987788331071914,0.0422343324250681,0.6955617198335645,0.6974219810040705,0.9579375848032564,0.4768707482993197,0.8068027210884354,0.7482900136798906,0.8838797814207651,0.1442176870748299,0.2418032786885245,0.3085399449035813,0.2882513661202186,0.0829931972789115,0.5214953271028038,0.1844262295081967,0.6485013623978202,0.3920765027322404,0.9029850746268656,0.9959294436906376,0.9592944369063772,0.9457259158751696,0.9565807327001355,0.9579375848032564,0.9511533242876526,193,24.25,6.5,52,51
06073001500,0.482175160767925,1.0,0.6893513226651377,1.0,0.6058127728703422,1.0,0.5211400686847366,1.0,0.2545428065156804,1.0,0.5729577681491739,1.0,0.9793758480325644,1.0,1.0,0.5864793925265086,58.64793925265086,3961,237,102321.0,6.6,4.8,55.0,495,62.2,0.0,3731,506,16.1,9.0,43.689320388349515,1.4763779527559056,14.767501277465508,34.104330708661415,37.29372937293729,5.88235294117647,48.47260792729109,55.86807716,3.346456692913386,20.35555555555555,93.30708661417324,31.5,29.25,242.5,113.5,112.625,162.5,41.5,0.655359565807327,0.4327323162274618,0.3371934604904631,0.5034153005464481,0.667574931880109,0.7808683853459973,0.0599455040871934,0.6955617198335645,0.5427408412483039,0.412483039348711,0.5564625850340136,0.91156462585034,0.7797537619699042,0.7800546448087432,0.2938775510204081,0.2308743169398907,0.2438016528925619,0.3934426229508196,0.1510204081632653,0.2299065420560747,0.5423497267759563,0.8923705722070845,0.2841530054644808,0.94640434192673,0.985753052917232,0.9769335142469472,0.968113975576662,0.98236092265943,0.98236092265943,0.9871099050203528,195,25.375,5.9,56,51
06073013905,0.8093170699515395,1.0,0.410890358170883,1.0,0.4775849417107413,1.0,0.4212311268388408,1.0,0.8460992277589767,1.0,0.5386912295330127,1.0,0.6805970149253732,1.0,1.0,0.5977729955556239,59.777299555562394,4486,134,138340.0,3.9,0.0,42.3,356,80.5,32.5,4169,611,16.1,10.7,65.625,15.10673234811166,14.64968152866242,94.7454844006568,5.251141552511415,3.791469194312796,7.133303611234953,4.604853765,0.0,43.82918817456593,94.58128078817734,12.0,20.5,107.5,51.75,51.375,64.375,19.25,0.8331071913161465,0.7475728155339806,0.688692098092643,0.967896174863388,0.5034059945504087,0.5644504748982361,0.326975476839237,0.0291262135922329,0.4328358208955224,0.2672998643147897,0.5564625850340136,0.6537414965986394,0.2708618331053352,0.1270491803278688,0.3020408163265305,0.9849726775956285,0.9269972451790632,0.5956284153005464,0.9047619047619048,0.9570093457943926,0.967896174863388,0.2670299727520435,0.3811475409836065,0.4185888738127544,0.6227951153324288,0.6743554952510177,0.6818181818181818,0.6865671641791045,0.6560379918588873,0.7042062415196744,170,16.0,7.4,24,51
06073013907,0.2123150084436447,1.0,0.4540594000940545,1.0,0.3164647541513213,1.0,0.4169908279743464,1.0,0.4534695284148604,1.0,0.5909704540829748,1.0,0.7360922659430122,1.0,1.0,0.4543374627291734,45.43374627291735,3616,598,74545.0,7.7,11.3,14.6,410,84.3,5.084745762711865,3020,589,19.9,15.4,50.577124868835256,8.009708737864079,9.43557582668187,22.89644012944984,51.32275132275132,6.716981132075471,17.699115044247787,13.49097698,3.2362459546925564,32.25806451612903,96.84466019417476,17.5,21.25,132.0,63.0,63.75,80.0,23.25,0.2489823609226594,0.174757281553398,0.2595367847411444,0.1659836065573771,0.0688010899182561,0.6635006784260515,0.4611716621253406,0.2662968099861303,0.7374491180461329,0.3093622795115333,0.1006802721088435,0.1183673469387754,0.655266757865937,0.3032786885245901,0.5687074829931973,0.1407103825136612,0.0936639118457299,0.3278688524590164,0.5904761904761905,0.8018691588785047,0.5546448087431695,0.614441416893733,0.6038251366120219,0.6051560379918589,0.6594301221166893,0.7299864314789688,0.737449118046133,0.7530529172320217,0.7082767978290366,0.751696065128901,182,18.5,14.9,30,51
06073013908,0.4631382353545272,1.0,0.4518184727525315,1.0,0.5312969013928502,1.0,0.4980271921959786,1.0,0.4464193849918656,1.0,0.1956467791327308,1.0,0.7082767978290365,1.0,1.0,0.4706605376642173,47.06605376642173,3853,272,118259.0,7.1,6.5,21.5,487,84.7,36.024844720496894,3529,353,16.5,12.7,39.60573476702509,11.562782294489612,9.7911227154047,49.59349593495935,33.52112676056338,0.0,52.686218531014795,41.00808961,7.8590785907859075,47.59036144578313,91.59891598915988,16.5,21.25,123.875,57.75,59.25,75.0,21.0,0.578697421981004,0.5963938973647711,0.2990463215258855,0.3784153005464481,0.2064032697547684,0.7666214382632293,0.4816076294277929,0.0235783633841886,0.5929443690637721,0.6506105834464043,0.4884353741496599,0.3931972789115646,0.8399452804377565,0.2049180327868852,0.5387755102040817,0.4084699453551912,0.2961432506887053,0.9405737704918032,0.1265306122448979,0.422429906542056,0.226775956284153,0.1798365122615803,0.180327868852459,0.573270013568521,0.6594301221166893,0.6987788331071914,0.7021709633649932,0.7238805970149254,0.6940298507462687,0.7225237449118046,181,17.5,9.9,28,51
06073013909,0.430692771494339,1.0,0.4569911702441857,1.0,0.3081212675029306,1.0,0.5961701436197812,1.0,0.8374218576577683,1.0,0.3297933324399577,1.0,0.6704206241519675,1.0,1.0,0.5185158810158471,51.85158810158471,4742,431,105944.0,13.3,1.7,15.8,287,84.5,0.0,4080,795,17.3,13.5,69.11764705882352,6.524633821571238,4.850274145929987,90.4127829560586,8.75,0.0,16.87051876845213,5.637834474,6.324900133155792,39.82725527831094,93.80825565912116,12.5,20.25,104.25,50.125,48.5,62.5,18.0,0.39280868385346,0.4674063800277392,0.0544959128065395,0.8080601092896175,0.0933242506811989,0.4341926729986431,0.4686648501362397,0.6955617198335645,0.4504748982360922,0.1112618724559023,0.3795918367346939,0.291156462585034,0.2106703146374828,0.3702185792349727,0.8748299319727891,0.9289617486338798,0.8512396694214877,0.9405737704918032,0.6176870748299319,0.9401869158878504,0.2896174863387978,0.3869209809264305,0.3128415300546448,0.443012211668928,0.60719131614654,0.6648575305291723,0.6702849389416553,0.6736770691994572,0.6526458616010855,0.6906377204884667,169,15.5,10.7,22,51
06073014001,0.232549339966521,1.0,0.5455781461893299,1.0,0.2733043963854198,1.0,0.5079441822478133,1.0,0.4097158678049443,1.0,0.4342227383948025,1.0,0.7978290366350068,1.0,1.0,0.4573062439462625,45.730624394626254,5020,504,85223.0,12.1,8.9,18.6,494,73.2,0.0,4426,768,17.7,13.7,61.67557932263814,5.9171597633136095,7.689144736842106,60.74950690335306,31.48936170212766,7.650273224043716,22.310756972111555,31.03920348,1.9723865877712032,45.53706505295008,94.60880999342538,22.5,23.25,161.875,79.25,77.0,98.75,26.25,0.32157394843962,0.2871012482662968,0.0728882833787466,0.2486338797814208,0.1389645776566757,0.7781546811397557,0.1668937329700272,0.6955617198335645,0.3649932157394844,0.1275440976933514,0.3285714285714286,0.2721088435374149,0.3789329685362517,0.4002732240437158,0.7061224489795919,0.546448087431694,0.3415977961432507,0.2786885245901639,0.4653061224489796,0.5532710280373832,0.6953551912568305,0.2234332425068119,0.383879781420765,0.7503392130257802,0.7435549525101763,0.7951153324287653,0.8059701492537313,0.8100407055630936,0.7774762550881954,0.8005427408412483,198,20.25,10.1,41,51
06073019206,0.3373904464120972,1.0,0.4706755857795453,1.0,0.3042191639206564,1.0,0.2670417404476087,1.0,0.5053125753876656,1.0,0.397295305311118,1.0,0.457259158751696,1.0,1.0,0.391313425144341,39.131342514434095,5745,513,98538.0,5.5,11.3,14.9,713,95.1,5.94900849858357,4532,471,18.6,14.4,55.81140350877193,25.13262599469496,17.651232925314883,38.9920424403183,42.72727272727273,0.0,30.46127067014795,27.59178594,5.901856763925729,43.7432771602725,96.9496021220159,16.5,7.5,47.375,19.375,23.25,21.875,8.25,0.3154681139755766,0.3994452149791955,0.4686648501362398,0.1659836065573771,0.07425068119891,0.9199457259158752,0.9107629427792916,0.2420249653259362,0.3310719131614654,0.4667571234735413,0.2204081632653061,0.1986394557823129,0.5471956224350205,0.0191256830601093,0.2163265306122449,0.2855191256830601,0.1721763085399449,0.9405737704918032,0.3047619047619048,0.6037383177570094,0.3128415300546447,0.2697547683923705,0.6092896174863388,0.573270013568521,0.1037991858887381,0.4905020352781546,0.4138398914518317,0.4687924016282225,0.4369063772048847,0.4762550881953867,51,5.5,12.6,26,17
06073019404,0.2824849791930486,1.0,0.4661238297646084,1.0,0.4700717193254506,1.0,0.5268591023904796,1.0,0.4934729534649024,1.0,0.336343512852201,1.0,0.4219810040705563,1.0,1.0,0.428191014437321,42.8191014437321,3420,636,85769.0,5.0,15.7,15.0,381,95.7,0.3571428571428571,2692,337,18.6,14.8,57.826086956521735,20.37974683544304,3.4442154842508095,67.72151898734177,46.540880503144656,0.0,22.80701754385965,39.40261357,6.70886075949367,46.93333333333333,96.20253164556962,20.0,7.5,44.125,17.75,21.625,20.0,8.25,0.2211668928086838,0.2995839112343966,0.5367847411444142,0.0724043715846994,0.0776566757493188,0.6227951153324288,0.925068119891008,0.3869625520110957,0.8154681139755766,0.6791044776119404,0.2204081632653061,0.1653061224489795,0.4842681258549931,0.0573770491803278,0.946938775510204,0.6188524590163934,0.140495867768595,0.9405737704918032,0.4517006802721088,0.4411214953271027,0.2718579234972678,0.1948228882833788,0.5423497267759563,0.680461329715061,0.1037991858887381,0.4511533242876526,0.3582089552238806,0.4301221166892808,0.3941655359565807,0.4762550881953867,47,4.5,13.3,32,17
06073019405,0.4123372732447275,1.0,0.3542601974408248,1.0,0.5269672047923648,1.0,0.2888049138832048,1.0,0.6302826259706547,1.0,0.3340170138423589,1.0,0.4716417910447761,1.0,1.0,0.4311872886027017,43.118728860270174,4050,318,82000.0,5.6,5.9,27.3,282,87.8,37.43016759776536,3394,310,18.6,11.6,76.99346405228759,8.785714285714285,10.674442190669373,43.142857142857146,21.428571428571427,0.0,27.90123456790123,22.53889235,3.642857142857143,44.738154613466335,92.42857142857144,19.0,8.0,47.375,20.0,23.75,20.625,9.625,0.5257801899592944,0.2593619972260749,0.4502724795640327,0.4139344262295081,0.2752043596730245,0.4226594301221167,0.6267029972752044,0.0208044382801664,0.6383989145183175,0.7198100407055631,0.2204081632653061,0.5292517006802722,0.0697674418604651,0.2704918032786885,0.4829931972789115,0.3319672131147541,0.556473829201102,0.9405737704918032,0.3455782312925169,0.6785046728971962,0.5068306010928962,0.2493188010899182,0.2459016393442623,0.6546811397557666,0.1255088195386703,0.4905020352781546,0.4443690637720488,0.4782903663500678,0.4104477611940298,0.5345997286295794,47,5.0,9.9,35,17
06073019406,0.4084814359477981,1.0,0.5259615585799408,1.0,0.3223516000701502,1.0,0.5679596771991298,1.0,0.4048687184274077,1.0,0.1601475062412213,1.0,0.4238805970149253,1.0,1.0,0.4019501562115105,40.19501562115105,4648,345,97750.0,5.8,7.5,30.7,563,86.2,0.0,4330,616,17.6,13.4,71.52,1.172332942555686,7.380796864794252,62.95427901524033,40.99099099099099,6.005509641873278,27.753872633390703,20.8089608,8.206330597889801,48.59154929577465,89.5662368112544,17.5,8.0,44.375,18.0,22.125,19.375,8.25,0.491180461329715,0.3938973647711511,0.4216621253405994,0.3271857923497268,0.3283378746594005,0.8385345997286295,0.5626702997275205,0.6955617198335645,0.3799185888738128,0.2632293080054274,0.3408163265306122,0.3054421768707482,0.1655266757865937,0.8128415300546448,0.726530612244898,0.5669398907103825,0.1914600550964187,0.383879781420765,0.3469387755102041,0.6971962616822429,0.2103825136612022,0.1580381471389645,0.1120218579234972,0.6051560379918589,0.1255088195386703,0.4559023066485753,0.3656716417910448,0.443012211668928,0.378561736770692,0.4762550881953867,47,4.5,9.5,33,17
06073017009,0.4847179579612152,1.0,0.4286284595495201,1.0,0.6370639843454342,1.0,0.5307289461724453,1.0,0.6823661202164257,1.0,0.479367986380985,1.0,0.0401628222523745,1.0,1.0,0.4690051824112,46.90051824112,4079,76,96644.0,5.8,10.1,38.2,307,92.1,7.834101382488479,3719,313,15.3,11.0,56.15763546798029,4.2077580539119,10.0,59.96055226824457,19.290465631929045,0.0,17.161068889433686,29.90665837,2.498356344510191,48.66151100535396,97.37015121630506,8.5,16.5,4.875,4.375,1.5,0.0,0.0,0.9287652645861602,0.3855755894590846,0.4216621253405994,0.2028688524590164,0.4495912806539509,0.4694708276797829,0.7983651226158038,0.1969486823855756,0.5481682496607869,0.7177747625508819,0.6693877551020408,0.6129251700680272,0.5376196990424076,0.5300546448087431,0.5210884353741496,0.5341530054644809,0.6046831955922864,0.9405737704918032,0.6122448979591837,0.5719626168224299,0.6325136612021858,0.1539509536784741,0.6516393442622951,0.2327001356852103,0.4246947082767978,0.039348710990502,0.0569877883310719,0.0407055630936228,0.0169606512890094,0.0468113975576662,10,1.5,5.9,14,57
06073017014,0.5804275123346956,1.0,0.2516415322446474,0.8333333333333334,0.5507033478248831,1.0,0.6831599519334992,1.0,0.4692732125790411,0.75,0.2536702848379268,1.0,0.1559023066485753,1.0,1.0,0.4206825926290384,42.06825926290384,2674,185,75536.0,5.8,0.0,54.8,43,68.0,,2601,773,8.8,14.0,53.87673956262425,0.0,8.975317875841435,65.17067003792667,,10.923423423423422,23.93418100224383,11.47479776,14.72819216182048,36.84210526315789,92.35145385587865,7.0,13.75,14.375,10.25,4.875,6.875,0.625,0.7449118046132972,0.1872399445214979,0.4216621253405994,0.967896174863388,0.6628065395095368,0.0244233378561736,0.103542234332425,,0.8426051560379919,0.1234735413839891,0.998639455782313,0.2380952380952381,0.5923392612859097,0.950136612021858,0.6,0.5901639344262295,,0.133879781420765,0.4272108843537415,0.8467289719626168,0.0532786885245901,0.4700272479564032,0.2377049180327868,0.1546811397557666,0.3127544097693351,0.1546811397557666,0.1960651289009498,0.1356852103120759,0.1655359565807327,0.1275440976933514,23,2.5,3.4,14,43
06073017018,0.6194716200418863,1.0,0.6666160394576922,1.0,0.6504945125947259,1.0,0.352276659806126,1.0,0.4432813881497074,1.0,0.6310681298174039,1.0,0.0909090909090909,1.0,1.0,0.4934453486823761,49.34453486823761,4715,280,116202.0,2.6,5.4,63.9,588,91.3,0.0,4583,320,14.9,9.4,61.40350877192983,9.725814795654424,14.528462192013594,55.25090532850492,22.185430463576157,5.337904015670911,22.48144220572641,46.68326073,2.2762545266425245,33.001730103806224,97.36161407139164,12.0,17.75,10.5,7.5,2.625,4.375,0.0,0.5712347354138398,0.5811373092926491,0.861716621253406,0.4637978142076503,0.7901907356948229,0.8473541383989145,0.7588555858310627,0.6955617198335645,0.3188602442333785,0.7042062415196744,0.7142857142857143,0.8646258503401361,0.3885088919288646,0.2472677595628415,0.3074829931972789,0.4658469945355191,0.5316804407713498,0.4344262295081967,0.4612244897959183,0.3457943925233645,0.6557377049180328,0.5871934604904632,0.6502732240437158,0.4185888738127544,0.4891451831750339,0.0970149253731343,0.1227951153324287,0.0624151967435549,0.1255088195386703,0.0468113975576662,17,1.0,6.1,22,60
06073017021,0.860114204537744,1.0,0.2784351797730284,1.0,0.7208265259971017,1.0,0.8673531049857991,1.0,0.8646077163858945,1.0,0.6058513621496603,1.0,0.085888738127544,1.0,1.0,0.6118681188509674,61.18681188509674,3087,245,191406.0,2.4,0.0,59.7,259,46.2,5.555555555555555,2947,209,14.5,11.9,28.78787878787879,0.0,8.847535096310805,92.9539295392954,6.607929515418502,3.90625,4.211208292840946,1.39390168,1.1743450767841013,43.608124253285546,97.9223125564589,2.5,12.25,7.0,5.875,3.375,2.5,0.625,0.6397557666214382,0.9445214979195562,0.888283378746594,0.967896174863388,0.7336512261580381,0.3521031207598372,0.0149863760217983,0.2496532593619972,0.7598371777476255,0.8751696065128901,0.763265306122449,0.4850340136054422,0.9425444596443228,0.950136612021858,0.6108843537414965,0.9658469945355193,0.9084022038567492,0.5887978142076502,0.9687074829931972,0.9925233644859812,0.8183060109289617,0.2752043596730245,0.7240437158469946,0.0617367706919945,0.2584803256445047,0.05359565807327,0.0956580732700135,0.0766621438263229,0.0759837177747625,0.1275440976933514,13,1.0,5.5,5,42
06073000800,0.5090492771587877,1.0,0.7654193045294106,1.0,0.4883859921173353,1.0,0.4251302045789722,1.0,0.5805972999063042,1.0,0.3703674751716025,1.0,0.9377204884667572,1.0,1.0,0.58238143456131,58.238143456131,5283,359,84747.0,4.3,3.2,60.4,978,78.7,0.0,4869,582,16.0,9.8,55.61250640697079,2.528658125421443,16.08910891089109,31.995954146999328,24.42396313364055,3.1352057478772046,23.85008517887564,16.4654636,10.013486176668914,23.021032504780116,89.58192852326366,29.0,30.0,225.375,104.875,103.125,148.125,36.125,0.4742198100407055,0.2843273231622746,0.6301089918256131,0.6475409836065573,0.7425068119891008,0.9782903663500678,0.2758855585831062,0.6955617198335645,0.257123473541384,0.3154681139755766,0.5741496598639455,0.8068027210884354,0.5526675786593707,0.6789617486338797,0.2571428571428571,0.2117486338797814,0.4807162534435262,0.6584699453551912,0.4299319727891156,0.7532710280373832,0.1612021857923496,0.8365122615803815,0.1133879781420765,0.9029850746268656,0.9972862957937584,0.9423337856173676,0.9335142469470828,0.9389416553595658,0.9389416553595658,0.9348710990502036,192,24.25,6.6,53,52
06073003800,0.984540499731802,0.75,0.619459208424023,1.0,0.5311326022946492,1.0,0.2521676741607814,1.0,0.2683143836156597,0.75,0.5603710983060606,1.0,0.8306648575305292,1.0,1.0,0.5780929034376436,57.80929034376436,4573,0,,0.0,0.0,34.1,1033,81.0,3.665987780040733,15,0,31.1,15.2,100.0,0.0,31.204898316203806,0.0,,44.44444444444444,10.933741526350316,91.96017424,100.0,28.786453433678272,100.0,23.0,26.75,183.75,85.375,75.25,121.875,27.875,0.9925373134328358,,0.9931880108991824,0.967896174863388,0.385558583106267,0.9864314789687924,0.3514986376021798,0.3148404993065187,0.9905020352781548,0.994572591587517,0.0,0.1394557823129252,0.0020519835841312,0.950136612021858,0.0517006802721088,0.0047814207650273,,0.0054644808743169,0.7863945578231293,0.0130841121495327,0.0,0.7125340599455041,0.9685792349726776,0.7706919945725916,0.9077340569877884,0.8466757123473542,0.83921302578019,0.7998643147896879,0.8507462686567164,0.8168249660786974,195,19.25,34.9,44,50
06073003901,0.1537130346587396,1.0,0.6084259738143668,1.0,0.3659487811406788,1.0,0.3460390427615956,1.0,0.3539981489761524,1.0,0.5931505387551307,1.0,0.92483039348711,1.0,1.0,0.4780151305133963,47.801513051339626,4213,895,73324.0,6.9,19.1,7.5,473,92.3,10.294117647058822,3389,347,20.3,16.3,49.50911640953717,27.38317757009346,10.551674295350518,31.68224299065421,43.67816091954023,1.3824884792626728,29.19534773320674,68.41319228,8.878504672897195,28.449144008056393,98.97196261682242,32.0,28.5,222.25,104.375,92.75,148.75,35.5,0.1112618724559023,0.1608876560332871,0.3208446866485014,0.0218579234972677,0.0068119891008174,0.7564450474898237,0.803133514986376,0.1581137309292649,0.6438263229308006,0.6614654002713705,0.0897959183673469,0.0687074829931972,0.6757865937072504,0.0095628415300546,0.491156462585034,0.2076502732240437,0.1666666666666666,0.8169398907103825,0.3183673469387755,0.114018691588785,0.1953551912568306,0.720708446866485,0.8633879781420765,0.9545454545454546,0.971506105834464,0.9280868385345996,0.932157394843962,0.9056987788331072,0.9416553595658074,0.9165535956580732,201,23.75,17.4,53,51
06073003902,0.2734518315015428,1.0,0.6845726090989582,1.0,0.4031572194685201,1.0,0.3212968603377302,1.0,0.1289543878992503,1.0,0.1268047428319014,1.0,0.903663500678426,1.0,1.0,0.4059858788309041,40.59858788309042,3786,586,46875.0,4.2,11.2,14.6,325,96.6,0.0,3097,354,19.4,15.4,72.80453257790369,10.322108345534406,6.467129877071084,21.815519765739385,50.602409638554214,7.452574525745257,60.75013206550449,91.25077785,26.720351390922403,43.76355748373102,89.0922401171303,29.0,29.25,215.625,100.5,88.75,144.375,33.75,0.2584803256445047,0.0221914008321775,0.6423705722070845,0.1707650273224044,0.0688010899182561,0.5061058344640434,0.9482288828337876,0.6955617198335645,0.7109905020352781,0.6478968792401628,0.1353741496598639,0.1183673469387754,0.1367989056087551,0.2322404371584699,0.7931972789115647,0.1229508196721311,0.0991735537190082,0.2896174863387978,0.110204081632653,0.016822429906542,0.0136612021857923,0.2683923705722071,0.0983606557377049,0.9029850746268656,0.985753052917232,0.914518317503392,0.9077340569877884,0.8819538670284939,0.9158751696065128,0.898236092265943,200,22.625,15.6,48,50
06073004000,0.1049005093320897,1.0,0.6079607969920632,1.0,0.3112662568419497,1.0,0.2336693789219843,1.0,0.2329777451627449,1.0,0.4118002511378131,1.0,0.935820895522388,1.0,1.0,0.4054851191301475,40.54851191301476,4253,983,56563.0,8.1,17.8,13.0,392,95.0,12.22222222222222,3782,349,21.2,18.6,80.60686015831135,21.55536770921386,8.672480620155039,32.544378698224854,59.21658986175116,4.2105263157894735,43.73383494004232,65.65028002,7.3541842772612,22.75482093663912,90.4480135249366,33.0,28.0,227.125,106.625,97.25,151.25,35.5,0.0936227951153324,0.0540915395284327,0.239100817438692,0.0327868852459016,0.0463215258855585,0.6377204884667571,0.9073569482288828,0.1276005547850208,0.5318860244233379,0.6567164179104478,0.045578231292517,0.0108843537414965,0.0492476060191519,0.046448087431694,0.6217687074829932,0.2172131147540983,0.0399449035812672,0.5628415300546448,0.1795918367346939,0.1495327102803738,0.2472677595628415,0.8433242506811989,0.1448087431693989,0.9647218453188604,0.9640434192673,0.9491180461329716,0.9396200814111262,0.9240162822252376,0.949796472184532,0.9165535956580732,200,24.75,20.9,54,51
06073008800,0.2852443044723386,1.0,0.6833564025419488,1.0,0.2222828344363525,1.0,0.3003278169826833,1.0,0.3287727858579904,1.0,0.4055156018125598,1.0,0.8202170963364992,1.0,1.0,0.4351024060629104,43.51024060629104,6061,1190,83125.0,5.1,7.9,30.5,449,86.3,0.0,5642,801,17.2,13.9,61.80048661800487,10.597014925373134,13.745418193935354,37.014925373134325,28.614457831325304,6.641895030190432,24.91338063025903,60.01244555,11.99004975124378,27.369505494505496,94.5273631840796,27.5,27.0,172.375,82.0,81.5,108.75,27.25,0.0461329715061058,0.2704576976421636,0.5245231607629428,0.299863387978142,0.3235694822888283,0.7225237449118046,0.5674386920980926,0.6955617198335645,0.1370420624151967,0.1071913161465399,0.3952380952380953,0.2496598639455782,0.3720930232558139,0.2240437158469945,0.3374149659863945,0.2677595628415301,0.3980716253443526,0.3333333333333333,0.3986394557823129,0.1850467289719626,0.1010928961748633,0.7438692098092643,0.3715846994535519,0.8710990502035278,0.9199457259158752,0.819538670284939,0.8236092265943012,0.8378561736770692,0.8100407055630936,0.8100407055630936,187,15.5,11.9,48,52
06073008901,0.4947407883578642,1.0,0.6676578640232468,1.0,0.4350197066614977,1.0,0.2687614103971745,1.0,0.655400840785738,1.0,0.7505198949787326,1.0,0.8169606512890095,1.0,1.0,0.584151593784752,58.4151593784752,5576,233,81859.0,5.6,3.6,55.2,819,64.9,0.0,5064,591,16.2,10.5,65.7973174366617,7.384376214535561,23.605306196620027,47.18227749708511,0.0,0.0,25.28694404591105,49.45861854,2.681694520015546,17.35889243876464,97.82355227361056,22.0,26.0,174.625,81.625,78.75,112.5,25.75,0.664179104477612,0.2565880721220527,0.4502724795640327,0.6079234972677596,0.6723433242506812,0.9511533242876526,0.0790190735694822,0.6955617198335645,0.2170963364993215,0.3039348710990501,0.5360544217687075,0.6829931972789116,0.2640218878248974,0.3278688524590164,0.110204081632653,0.3729508196721312,0.9855371900826446,0.9405737704918032,0.3945578231292517,0.3009345794392523,0.6161202185792349,0.9291553133514986,0.7062841530054644,0.7333785617367707,0.8744911804613297,0.8256445047489823,0.8188602442333786,0.8222523744911805,0.8222523744911805,0.7957937584803256,186,16.625,7.0,40,52
06073013505,0.2866559112931581,1.0,0.5512234500463115,1.0,0.2788397991489676,1.0,0.6538499482904103,1.0,0.5164951893501286,1.0,0.3731803675744355,1.0,0.6016282225237448,1.0,1.0,0.465981841175308,46.5981841175308,5450,577,113333.0,8.4,13.0,31.4,414,98.4,2.4691358024691357,4917,791,17.2,12.9,53.74823196605375,1.8877551020408163,7.6766931168112205,63.92857142857142,52.28070175438596,3.6855036855036856,16.146788990825687,17.68512757,4.642857142857143,44.75580464371497,95.45918367346938,13.0,18.25,81.125,41.625,37.625,46.25,12.375,0.2659430122116689,0.5533980582524272,0.2145776566757493,0.1127049180327869,0.335149863760218,0.6709633649932157,0.9782016348773842,0.348127600554785,0.2415196743554952,0.1139755766621438,0.3952380952380953,0.364625850340136,0.5991792065663475,0.7336065573770492,0.708843537414966,0.5737704918032787,0.0840220385674931,0.6079234972677596,0.6394557823129252,0.7345794392523364,0.412568306010929,0.2479564032697547,0.4590163934426229,0.4640434192672998,0.510854816824966,0.6004070556309362,0.6099050203527816,0.6044776119402985,0.5909090909090909,0.6024423337856174,132,9.625,8.8,19,51
06073013506,0.3968754725353782,1.0,0.3881092052857231,1.0,0.4472966798659762,1.0,0.6952972115266236,1.0,0.7716413259347679,1.0,0.4621004005300695,1.0,0.5880597014925373,1.0,1.0,0.5356257138815823,53.56257138815823,4331,429,111304.0,10.9,4.1,30.8,279,75.1,0.0,3968,292,18.1,13.5,41.42394822006473,8.429752066115702,1.2254335260115607,73.96694214876032,12.32876712328767,0.0,16.162549064881087,17.19975109,0.0,40.45845272206304,86.52892561983471,8.0,17.75,76.75,39.25,35.625,45.0,12.375,0.3962008141112618,0.5228848821081831,0.1096730245231607,0.5587431693989071,0.329700272479564,0.4104477611940298,0.2002724795640326,0.6955617198335645,0.4762550881953867,0.7476255088195387,0.2741496598639455,0.291156462585034,0.8057455540355677,0.2882513661202186,0.9918367346938776,0.6953551912568307,0.7658402203856749,0.9405737704918032,0.638095238095238,0.7420560747663552,0.967896174863388,0.3637602179836512,0.0546448087431694,0.2035278154681139,0.4891451831750339,0.5827679782903663,0.5915875169606513,0.5881953867028494,0.5753052917232022,0.6024423337856174,131,9.125,10.4,16,50
06073013604,0.5282818570579505,1.0,0.4318530510802827,1.0,0.4184478811877533,1.0,0.6334320899537855,1.0,0.7153132737659498,1.0,0.5643466198140786,1.0,0.3826322930800543,1.0,1.0,0.5249010094199793,52.49010094199793,5525,586,106622.0,4.9,1.5,43.8,343,72.1,0.0,4649,581,16.8,11.2,61.61449752883031,2.865612648221344,4.287284719677538,66.699604743083,8.94454382826476,7.198532783127005,11.76470588235294,5.264467953,1.2845849802371545,40.89138900908698,96.29446640316206,9.5,15.75,37.625,17.625,20.375,18.75,7.0,0.2584803256445047,0.4729542302357836,0.5504087193460491,0.8312841530054644,0.5224795640326976,0.5427408412483039,0.1525885558583106,0.6955617198335645,0.3134328358208955,0.3181818181818182,0.4571428571428572,0.5850340136054422,0.3830369357045143,0.6461748633879781,0.8979591836734694,0.6065573770491803,0.8415977961432507,0.3046448087431693,0.7673469387755102,0.9476635514018692,0.7978142076502732,0.3474114441416893,0.5478142076502732,0.2856173677069199,0.3921302578018996,0.3534599728629579,0.3534599728629579,0.4172320217096336,0.3663500678426051,0.4226594301221167,61,4.625,6.4,15,49
06073013802,0.2137771287905405,1.0,0.525853904025067,1.0,0.3522178070685534,1.0,0.3743178228210841,1.0,0.4799724771791601,1.0,0.3565933602338659,1.0,0.7666214382632293,1.0,1.0,0.4384791340545001,43.847913405450015,3125,505,96613.0,11.6,16.0,23.8,223,93.8,1.1428571428571428,2879,663,19.0,13.9,46.771037181996086,10.568181818181818,16.62914120295915,41.25,40.65281899109792,2.2222222222222223,23.68,30.49159925,3.4090909090909087,37.13450292397661,88.06818181818183,19.5,22.75,142.25,67.75,67.875,88.125,25.0,0.3202170963364993,0.3828016643550624,0.0851498637602179,0.0669398907103825,0.2309264305177111,0.2849389416553595,0.8583106267029973,0.3786407766990292,0.7801899592944369,0.2096336499321573,0.1693877551020408,0.2496598639455782,0.7250341997264023,0.2254098360655737,0.2408163265306122,0.3060109289617486,0.1983471074380165,0.7281420765027322,0.4326530612244897,0.5607476635514019,0.5327868852459017,0.4604904632152589,0.0765027322404371,0.6702849389416553,0.73202170963365,0.7557666214382632,0.7672998643147897,0.7801899592944369,0.7469470827679783,0.7829036635006784,195,18.125,12.1,35,51
06073018609,0.3071854960091194,1.0,0.3645762808439445,1.0,0.175930182113551,1.0,0.4697905181897387,1.0,0.670861033744655,1.0,0.437780110480785,1.0,0.3757123473541384,1.0,1.0,0.4002622812479903,40.026228124799026,6249,751,76579.0,3.8,11.9,16.1,491,91.8,8.438818565400844,5609,634,19.1,14.9,59.391771019678,10.222222222222223,8.566290665358837,63.44444444444445,27.850877192982455,2.2270505160239003,15.362457993278923,8.948350965,9.61111111111111,41.88334504567814,98.66666666666669,9.5,6.0,38.0,17.375,19.625,14.375,8.375,0.1709633649932157,0.2011095700416088,0.7091280653950953,0.1475409836065574,0.0974114441416893,0.7727272727272727,0.782016348773842,0.188626907073509,0.1424694708276798,0.2401628222523745,0.1612244897959184,0.1598639455782312,0.4445964432284541,0.2336065573770491,0.6326530612244898,0.5683060109289617,0.4118457300275482,0.7254098360655737,0.6639455782312925,0.8822429906542056,0.1789617486338798,0.3174386920980926,0.8169398907103825,0.2856173677069199,0.0610583446404341,0.3602442333785617,0.3426051560379918,0.3989145183175034,0.2903663500678426,0.4864314789687924,44,2.0,12.6,16,17
06073007304,0.6266222427873634,1.0,0.5050981089221115,1.0,0.6126182630447022,1.0,0.3809372796011275,1.0,0.4155584864122228,0.75,0.6708580872827979,1.0,0.5754409769335143,1.0,1.0,0.54101906356912,54.101906356912,3774,661,106491.0,1.1,1.1,50.9,565,53.0,0.0,3318,263,18.4,10.0,52.40174672489083,2.423654871546292,26.609898882384247,22.297624818225884,32.5,4.9308755760368665,22.78749337572867,,8.14348036839554,20.012239902080783,99.36984973339796,9.0,20.0,77.375,37.5,31.875,49.375,9.75,0.2008141112618724,0.4715672676837725,0.9666212534059946,0.8674863387978142,0.6096730245231607,0.841248303934871,0.0286103542234332,0.6955617198335645,0.6567164179104478,0.7944369063772049,0.2387755102040816,0.7605442176870748,0.6251709986320109,0.6871584699453552,0.0802721088435374,0.1311475409836065,0.3209366391184572,0.4726775956284152,0.4530612244897959,,0.2131147540983606,0.8978201634877384,0.9016393442622952,0.2611940298507462,0.5943012211668928,0.587516960651289,0.5834464043419267,0.5549525101763908,0.6058344640434192,0.5454545454545454,128,6.5,6.8,16,50
06073018201,0.4668490056797403,1.0,0.4433125993339495,1.0,0.5423566305762468,1.0,0.2673281092841254,1.0,0.3509925281588045,0.75,0.364559292843565,1.0,0.4153324287652645,1.0,1.0,0.4072472278059565,40.724722780595656,3025,476,77759.0,6.5,0.0,40.7,471,96.0,15.625,2670,346,18.0,12.7,62.04620462046204,8.18394388152767,17.78221778221778,29.15042868277475,9.248554913294797,10.529986052998606,76.36363636363637,,6.703039750584567,28.780934922089823,89.32190179267342,10.5,6.0,39.625,17.75,26.375,13.75,9.25,0.3419267299864315,0.2122052704576976,0.3453678474114441,0.967896174863388,0.4850136239782016,0.751696065128901,0.9325613079019074,0.0984743411927877,0.8222523744911805,0.6635006784260515,0.2904761904761904,0.3931972789115646,0.3693570451436389,0.2991803278688525,0.2108843537414966,0.1898907103825136,0.8333333333333334,0.1461748633879781,0.073469387755102,,0.2732240437158469,0.7138964577656676,0.1065573770491803,0.3310719131614654,0.0610583446404341,0.3955223880597014,0.3582089552238806,0.5237449118046132,0.2754409769335142,0.5237449118046132,38,3.0,9.3,17,17
06073018101,0.766256177028149,1.0,0.2816361898278313,1.0,0.6401272856496737,1.0,0.5827605327300573,1.0,0.4864408248057386,0.75,0.5958368696118282,1.0,0.3921302578018996,1.0,1.0,0.535026876779311,53.50268767793111,3465,188,119399.0,1.6,1.9,42.8,293,67.2,8.053691275167784,3301,226,16.0,12.0,54.524361948955914,1.915991156963891,11.859917598587405,66.98599852616066,7.482993197278912,8.681022880215343,27.12842712842713,,3.1687546057479734,26.1142498430634,95.43109801031687,11.5,6.0,38.75,17.375,25.25,13.75,7.875,0.7347354138398914,0.6047156726768377,0.9400544959128064,0.7855191256830601,0.5081743869209809,0.44640434192673,0.0953678474114441,0.1927877947295423,0.6635006784260515,0.8493894165535957,0.5741496598639455,0.473469387755102,0.5718194254445965,0.7295081967213115,0.4163265306122449,0.6133879781420765,0.8829201101928374,0.2185792349726776,0.3578231292517007,,0.5614754098360656,0.771117166212534,0.4549180327868852,0.3860244233378562,0.0610583446404341,0.3778833107191316,0.3426051560379918,0.5027137042062415,0.2754409769335142,0.4620081411126187,40,3.0,6.5,18,17
06073017202,0.8620005816288698,1.0,0.3737454900496666,1.0,0.9255591245996364,1.0,0.6067185957493939,1.0,0.3584544001405828,0.75,0.7884734692256915,1.0,0.0531886024423337,1.0,1.0,0.5668771805480249,56.687718054802495,1734,62,179732.0,3.8,1.1,87.3,50,53.5,0.0,1720,108,11.4,9.9,62.149532710280376,0.0,11.019929660023449,70.70572569906791,19.879518072289155,26.15535889872173,22.49134948096886,,1.7310252996005324,26.65148063781321,99.20106524633822,5.5,15.25,6.5,4.5,2.0,1.875,0.0,0.9518317503392132,0.9195561719833564,0.7091280653950953,0.8674863387978142,0.9931880108991824,0.0325644504748982,0.0313351498637602,0.6955617198335645,0.957259158751696,0.9708276797829036,0.9891156462585036,0.7850340136054421,0.3638850889192886,0.950136612021858,0.4639455782312925,0.6489071038251366,0.5909090909090908,0.0245901639344262,0.4598639455782313,,0.7295081967213115,0.7561307901907357,0.8797814207650273,0.1153324287652645,0.3744911804613297,0.0488466757123473,0.0597014925373134,0.0495251017639077,0.0610583446404341,0.0468113975576662,12,0.5,3.3,11,56
06073018302,0.4693201854501251,1.0,0.3602675490634903,1.0,0.6416179769058235,1.0,0.4130389775048411,1.0,0.0623581383960349,0.75,0.4297223587101641,1.0,0.3799185888738127,1.0,1.0,0.3937491107006131,39.37491107006131,1222,172,64792.0,4.8,5.6,42.4,71,88.7,0.0,1097,234,17.7,12.5,62.34042553191489,0.0,20.29459901800327,28.462709284627092,44.44444444444444,37.784090909090914,171.03109656301146,,2.89193302891933,30.212014134275616,84.62709284627093,8.0,6.0,37.75,16.0,26.25,12.5,7.875,0.7693351424694708,0.1040221914008321,0.5640326975476839,0.4398907103825137,0.5054495912806539,0.0434192672998643,0.6525885558583107,0.6955617198335645,0.9837177747625508,0.8378561736770692,0.3285714285714286,0.4163265306122449,0.3556771545827634,0.950136612021858,0.1591836734693877,0.1871584699453552,0.1625344352617079,0.012295081967213,0.0122448979591837,,0.5942622950819672,0.6648501362397821,0.0300546448087431,0.2035278154681139,0.0610583446404341,0.3561736770691994,0.3147896879240163,0.5217096336499322,0.2449118046132971,0.4620081411126187,38,3.0,7.7,13,17
06073017068,0.5950925079451646,1.0,0.5331015152247572,1.0,0.7186354867591542,1.0,0.5084186915330371,1.0,0.7360255893894386,0.75,0.7647853665073482,1.0,0.1419267299864314,1.0,1.0,0.5711408410493332,57.11408410493332,4608,171,156146.0,7.6,4.9,71.9,224,81.1,0.0,4465,291,14.0,8.4,49.63592233009709,3.467561521252797,13.643376680625966,51.90156599552572,13.026315789473683,2.1881838074398248,12.803819444444445,,2.796420581655481,26.324324324324323,99.49664429530202,12.0,19.0,13.75,9.125,4.375,5.625,1.125,0.771370420624152,0.8474341192787794,0.2670299727520435,0.494535519125683,0.8923705722070845,0.2876526458616011,0.356267029972752,0.6955617198335645,0.3554952510176391,0.7503392130257802,0.8163265306122449,0.9523809523809524,0.6744186046511628,0.5846994535519126,0.3414965986394558,0.4330601092896174,0.7493112947658402,0.7308743169398907,0.727891156462585,,0.6079234972677596,0.7656675749318801,0.9207650273224044,0.4185888738127544,0.5481682496607869,0.1445047489823609,0.1533242876526458,0.1085481682496607,0.1370420624151967,0.166214382632293,25,0.5,5.1,21,61
06073013325,0.3454457176257968,1.0,0.595206768004702,1.0,0.2723292166255919,1.0,0.3148536997719408,1.0,0.5719905109675176,0.75,0.1579636991706496,1.0,0.4807327001356852,1.0,1.0,0.3912174731859834,39.121747318598345,5457,950,85455.0,2.5,13.0,29.5,611,88.7,0.0,4871,711,18.2,12.6,75.390625,4.047131147540984,12.3252391464312,34.47745901639344,50.29821073558648,0.0,15.026571376214036,,7.2233606557377055,58.08383233532935,90.98360655737704,20.5,14.75,52.75,27.875,20.875,30.0,7.5,0.1004070556309362,0.2926490984743412,0.8760217983651226,0.1127049180327869,0.305858310626703,0.864314789687924,0.6525885558583107,0.6955617198335645,0.2550881953867028,0.1709633649932157,0.2578231292517007,0.4054421768707483,0.0875512995896032,0.5396174863387978,0.3986394557823129,0.2336065573770492,0.1019283746556474,0.9405737704918032,0.6734693877551021,,0.2513661202185792,0.0558583106267029,0.1666666666666666,0.694708276797829,0.3582089552238806,0.5115332428765265,0.5278154681139756,0.4213025780189959,0.5101763907734057,0.4328358208955223,90,6.625,11.7,35,45
06073013318,0.8882446674338791,1.0,0.6232223440753026,1.0,0.507611063421298,1.0,0.7455066548159485,1.0,0.7367607920194678,0.75,0.6886238541216877,1.0,0.3666214382632293,1.0,1.0,0.6509415448786876,65.09415448786876,7761,47,161486.0,1.5,2.0,47.5,524,89.5,0.0,7475,415,15.5,9.7,9.9009900990099,5.307656176608737,7.537688442211055,83.32550493189291,7.2265625,4.5291479820627805,10.30795000644247,,1.8788163457022076,39.576868829337094,100.0,18.5,14.5,36.5,19.375,13.375,20.625,5.375,0.9694708276797828,0.8654646324549237,0.9461852861035422,0.7718579234972678,0.5667574931880109,0.8073270013568521,0.6866485013623979,0.6955617198335645,0.0189959294436906,0.5427408412483039,0.6448979591836734,0.8238095238095238,0.9904240766073872,0.4344262295081967,0.7156462585034014,0.8415300546448088,0.8911845730027548,0.5122950819672132,0.8068027210884354,,0.7062841530054644,0.3910081743869209,0.9685792349726776,0.6377204884667571,0.3453188602442333,0.3405698778833107,0.4138398914518317,0.2917232021709633,0.4104477611940298,0.3765264586160108,64,5.0,7.8,33,45
06073013317,0.3194230681074888,1.0,0.5803488331484017,1.0,0.3914753689806994,1.0,0.4001849882156446,1.0,0.5079228981932835,0.75,0.4252157750281661,1.0,0.3991858887381275,1.0,1.0,0.4319652600588303,43.19652600588303,18047,1349,129469.0,7.1,8.8,42.2,1515,90.1,2.2606382978723407,16685,1026,15.4,9.3,83.5285505124451,4.857304857304857,11.712022046159143,72.61387261387262,16.74660271782574,6.154664774742816,21.11154208455699,,4.384804384804385,51.440379239090795,97.88319788319788,17.0,14.0,39.25,20.0,16.125,21.875,5.375,0.0366350067842605,0.6865464632454924,0.2990463215258855,0.2554644808743169,0.5013623978201635,0.9986431478968792,0.7132152588555858,0.3536754507628293,0.0,0.0312075983717774,0.6571428571428571,0.8775510204081632,0.027359781121751,0.4726775956284152,0.4285714285714286,0.6721311475409836,0.6487603305785123,0.3770491803278688,0.4979591836734693,,0.4426229508196722,0.1130790190735694,0.7199453551912568,0.5888738127544098,0.3263229308005427,0.3914518317503392,0.4443690637720488,0.3466757123473541,0.4369063772048847,0.3765264586160108,59,6.25,7.9,31,44
06073015407,0.1240487753462037,1.0,0.5840906862879451,1.0,0.2074523024949464,1.0,0.1906056551480676,1.0,0.48684258872677,0.75,0.3279308924326122,1.0,0.5709633649932158,1.0,1.0,0.3559906093471087,35.59906093471088,3640,714,49544.0,11.4,10.4,24.1,395,89.1,0.0,3226,784,22.9,18.2,71.98275862068965,5.138339920948617,36.417322834645674,22.450592885375496,31.64556962025317,4.815650865312264,16.20879120879121,,16.363636363636363,38.371116708648195,95.96837944664033,23.5,17.5,69.5,33.375,36.25,40.0,11.375,0.180461329715061,0.0277392510402219,0.0940054495912806,0.1939890710382513,0.2343324250681198,0.6417910447761194,0.6723433242506812,0.6955617198335645,0.6797829036635007,0.1153324287652646,0.0156462585034014,0.019047619047619,0.1545827633378933,0.4521857923497268,0.0204081632653061,0.1352459016393442,0.3360881542699724,0.4877049180327869,0.636734693877551,,0.040983606557377,0.4318801089918256,0.5109289617486339,0.7869742198100407,0.4735413839891452,0.5590230664857531,0.5597014925373134,0.592944369063772,0.5583446404341926,0.5848032564450475,104,6.25,15.2,40,51
06073008367,0.5714640488123481,1.0,0.3678059435564765,1.0,0.6628804031789106,1.0,0.5639334040898097,1.0,0.6899335826097589,0.75,0.8634754545048465,1.0,0.082225237449118,1.0,1.0,0.5431025820287526,54.31025820287526,3394,247,122266.0,7.3,2.3,64.3,135,80.8,16.346153846153847,2985,251,16.1,11.6,59.21501706484642,2.912621359223301,7.100766057748968,50.24271844660194,13.77777777777778,3.8880248833592534,12.080141426045964,,0.0,30.840258541089565,100.0,11.0,17.5,10.5,6.75,3.5,2.5,0.0,0.6309362279511533,0.6338418862690708,0.2854223433242506,0.735655737704918,0.797683923705722,0.1451831750339213,0.3378746594005449,0.0957004160887655,0.748303934871099,0.8175033921302578,0.5564625850340136,0.5292517006802722,0.4500683994528044,0.6379781420765027,0.7510204081632653,0.4166666666666667,0.7258953168044078,0.5901639344262295,0.7537414965986394,,0.967896174863388,0.6539509536784741,0.9685792349726776,0.3568521031207598,0.4735413839891452,0.0970149253731343,0.1092265943012211,0.0820895522388059,0.0759837177747625,0.0468113975576662,19,1.0,8.3,18,59
06073010017,0.371358098947362,1.0,0.5151321012960147,1.0,0.3740742022724965,1.0,0.3910223296333402,1.0,0.3184438748628657,0.75,0.593558761781391,1.0,0.4023066485753053,1.0,1.0,0.4236994310526822,42.36994310526822,6562,398,112388.0,8.1,8.6,28.3,667,88.5,2.368421052631579,5933,625,16.2,11.1,63.07977736549165,16.923076923076923,10.822843107153822,70.38461538461539,31.462140992167104,6.330416881111684,34.74550441938434,,2.142857142857143,43.645007923930265,98.7912087912088,17.5,13.25,40.75,19.875,17.75,23.125,4.75,0.4301221166892809,0.5423023578363384,0.239100817438692,0.2739071038251366,0.2881471389645776,0.9023066485753052,0.6450953678474114,0.3509015256588071,0.1099050203527816,0.2510176390773405,0.5360544217687075,0.5993197278911564,0.3337893296853625,0.1092896174863388,0.473469387755102,0.6475409836065574,0.3429752066115702,0.360655737704918,0.2517006802721088,,0.6762295081967213,0.2724795640326976,0.8319672131147541,0.6051560379918589,0.2991858887381275,0.4084124830393487,0.4355495251017639,0.3724559023066486,0.4552238805970149,0.3398914518317503,52,7.375,9.2,31,44
06073005602,0.7452003140936395,1.0,0.5836429075824741,0.8333333333333334,0.7942091490598954,1.0,0.453780449465337,1.0,0.3252421720167089,0.75,0.5962550190338639,1.0,0.9284938941655358,1.0,1.0,0.6324034150596365,63.24034150596365,2096,245,104896.0,1.4,0.4,69.9,170,57.3,,1948,239,16.4,9.0,63.177570093457945,0.0,30.851581508515817,56.341275941583405,7.6923076923076925,13.612217795484726,174.1412213740458,,4.996156802459646,24.553039332538734,96.771714066103,26.5,28.25,222.125,101.5,99.125,147.5,36.25,0.6397557666214382,0.4590846047156727,0.952316076294278,0.9296448087431696,0.8678474114441417,0.1906377204884667,0.0401907356948228,,0.9294436906377204,0.8331071913161465,0.5027210884353741,0.91156462585034,0.332421340629275,0.950136612021858,0.0544217687074829,0.4781420765027322,0.8774104683195593,0.087431693989071,0.0108843537414965,,0.383879781420765,0.8119891008174387,0.592896174863388,0.8514246947082768,0.968113975576662,0.926729986431479,0.9165535956580732,0.9253731343283582,0.9362279511533242,0.937584803256445,195,24.25,6.4,48,51
06073001301,0.5385899719104799,1.0,0.7475545473147408,1.0,0.804039404092709,1.0,0.4735280292063452,1.0,0.0868612214790626,0.75,0.687250289106277,1.0,0.9639077340569878,1.0,1.0,0.6145330281666574,61.45330281666575,2816,262,100764.0,3.2,7.3,58.5,656,79.8,0.0,2430,146,16.9,8.2,41.77215189873418,0.9416195856873822,24.11221590909091,24.921531701192716,84.18079096045197,9.94912379875636,66.05113636363637,,8.976773383553043,19.98820754716981,100.0,29.0,28.75,234.5,112.125,108.375,157.5,39.125,0.6010854816824966,0.4174757281553398,0.797683923705722,0.3381147540983606,0.7159400544959128,0.8921302578018996,0.303133514986376,0.6955617198335645,0.8738127544097694,0.9382632293080054,0.4387755102040817,0.9653061224489796,0.8002735978112175,0.8346994535519126,0.1034013605442176,0.1557377049180328,0.0041322314049586,0.1639344262295081,0.0925170068027211,,0.1939890710382513,0.8991825613079019,0.9685792349726776,0.9029850746268656,0.9755766621438264,0.9626865671641792,0.9633649932157394,0.9626865671641792,0.968113975576662,0.9626865671641792,192,23.75,6.6,52,52
06073021306,0.4800684186487224,1.0,0.3875829783574465,1.0,0.5460678979868745,1.0,0.9755768405341548,1.0,0.708565582218978,0.75,0.4370505203912985,1.0,0.4538670284938941,1.0,1.0,0.569825609518767,56.98256095187671,4665,497,162697.0,9.9,3.9,49.7,226,80.5,0.0,4579,479,14.1,11.1,18.181818181818183,0.0,0.9623797025371827,94.32955303535692,10.707803992740471,5.959849435382685,6.216505894962487,,0.733822548365577,51.04232469993683,93.79586390927284,1.5,15.25,44.5,21.75,21.25,26.25,7.125,0.3229308005427408,0.8682385575589459,0.1478201634877384,0.5812841530054644,0.5940054495912807,0.2917232021709633,0.326975476839237,0.6955617198335645,0.3242876526458615,0.4559023066485753,0.8047619047619048,0.5993197278911564,0.9767441860465116,0.950136612021858,0.9959183673469388,0.9795081967213116,0.803030303030303,0.3866120218579235,0.9360544217687076,,0.8811475409836066,0.1185286103542234,0.3114754098360656,0.0427408412483039,0.3744911804613297,0.457259158751696,0.4742198100407055,0.4246947082767978,0.4843962008141113,0.4287652645861601,79,5.125,6.8,3,48
06073013319,0.5551443805497414,1.0,0.6135592402237405,1.0,0.3809394585513989,1.0,0.4167891460816122,1.0,0.4183526465727871,0.75,0.5272380300074945,1.0,0.2915875169606512,1.0,1.0,0.4576586312782036,45.76586312782037,9371,395,133750.0,2.6,9.9,51.7,613,90.2,0.0,8592,1192,15.2,9.7,72.6530612244898,1.7657992565055762,15.88033454857388,58.82899628252788,38.59649122807017,1.4952700640830028,37.66940561306157,,2.0136307311028503,53.15061475409835,98.45105328376704,13.0,13.75,29.125,14.25,11.75,16.875,4.75,0.4341926729986431,0.7142857142857143,0.861716621253406,0.2103825136612022,0.6280653950953679,0.8656716417910447,0.715258855585831,0.6955617198335645,0.0135685210312076,0.005427408412483,0.680952380952381,0.8238095238095238,0.146374829001368,0.744535519125683,0.2625850340136054,0.5136612021857924,0.2272727272727273,0.8073770491803278,0.2204081632653061,,0.6912568306010929,0.0926430517711172,0.7978142076502732,0.4640434192672998,0.3127544097693351,0.2645861601085482,0.2693351424694708,0.2550881953867028,0.3290366350067842,0.3398914518317503,52,4.125,7.5,22,44
06073013324,0.6028357823865057,1.0,0.4807291499024956,1.0,0.8489433629625528,1.0,0.3126664810033811,1.0,0.5959342812227633,0.75,0.6467567983403066,1.0,0.4537313432835821,1.0,1.0,0.5630853141573696,56.308531415736965,2899,91,127716.0,4.2,10.4,47.7,125,84.7,0.0,2478,152,15.2,9.0,63.96694214876033,5.408388520971302,15.313059033989266,33.22295805739514,27.513227513227513,2.054054054054054,16.902380131079685,,2.759381898454746,40.57843996494303,100.0,19.0,14.75,46.0,24.875,17.75,26.875,7.0,0.9023066485753052,0.6726768377253814,0.6423705722070845,0.1939890710382513,0.5701634877384196,0.1241519674355495,0.4816076294277929,0.6955617198335645,0.8697421981004071,0.9335142469470828,0.680952380952381,0.91156462585034,0.3201094391244869,0.4289617486338798,0.2775510204081632,0.2240437158469945,0.4201101928374655,0.7513661202185793,0.616326530612245,,0.610655737704918,0.3610354223433242,0.9685792349726776,0.6546811397557666,0.3582089552238806,0.4769335142469471,0.5047489823609227,0.3724559023066486,0.4918588873812754,0.4226594301221167,82,5.625,7.1,34,45
06073009000,0.4658705963528077,1.0,0.5692523501016485,1.0,0.5555416332068784,1.0,0.4739978911884998,1.0,0.4488803108544482,1.0,0.7739213730190636,1.0,0.7967435549525101,1.0,1.0,0.5834582442394082,58.34582442394082,3778,274,117161.0,5.2,10.6,55.3,251,51.3,0.0,3484,441,15.9,11.6,38.991596638655466,8.501440922190202,14.108443485298084,52.809798270893374,36.2962962962963,5.770536320434488,15.087347803070408,36.70192906,1.6570605187319885,27.81712813908564,98.8472622478386,24.5,26.0,164.375,76.0,75.5,105.0,25.125,0.5753052917232022,0.5880721220527045,0.5115803814713896,0.1885245901639344,0.6743869209809265,0.3364993215739484,0.0272479564032697,0.6955617198335645,0.6037991858887382,0.5,0.5891156462585034,0.5292517006802722,0.8454172366621067,0.2827868852459017,0.326530612244898,0.4412568306010929,0.256198347107438,0.3989071038251366,0.6693877551020408,0.4710280373831775,0.744535519125683,0.7343324250681199,0.842896174863388,0.8073270013568521,0.8744911804613297,0.8032564450474898,0.7924016282225237,0.8018995929443691,0.8005427408412483,0.7856173677069199,185,14.5,8.4,43,52
06073009101,0.7816661831376364,1.0,0.540157508824728,1.0,0.6105502173732451,1.0,0.6601062575239779,1.0,0.3991835576382732,1.0,0.777981268891172,1.0,0.689416553595658,1.0,1.0,0.6370087924263844,63.70087924263844,5425,270,136356.0,1.2,1.4,62.4,404,76.5,73.13432835820896,5058,276,14.6,10.4,37.242128121606946,0.4706889174154899,13.263041065482795,59.69191270860077,20.858895705521473,4.3780687397708675,24.147465437788014,74.78531425,2.053915275994865,25.637025481019244,99.10141206675225,26.0,23.5,118.875,55.375,54.0,71.875,17.125,0.5881953867028493,0.7350901525658807,0.9632152588555858,0.8401639344262295,0.771117166212534,0.6506105834464043,0.2247956403269754,0.0055478502080443,0.2184531886024423,0.7727272727272727,0.754421768707483,0.6965986394557824,0.8686730506155951,0.8866120218579235,0.3591836734693877,0.5259562841530054,0.5757575757575757,0.5286885245901639,0.4231292517006803,0.0691588785046729,0.6844262295081966,0.776566757493188,0.8729508196721312,0.8385345997286295,0.7503392130257802,0.694708276797829,0.6933514246947082,0.6967435549525102,0.683853459972863,0.6784260515603799,169,9.375,5.2,47,52
