tract_geoid,economic_score,economic_coverage,education_score,education_coverage,health_score,health_coverage,housing_score,housing_coverage,safety_env_score,safety_env_coverage,mobility_connectivity_score,mobility_connectivity_coverage,youth_supports_score,youth_supports_coverage,yoi_domain_coverage,yoi_raw_0_1,yoi_0_100,total_population,poverty_rate,median_hh_income,unemployment_rate,snap_or_assist_rate,hs_plus,ba_plus,school_enrollment,youth_disconnection_proxy,uninsured_rate,disability_rate,frequent_mental_distress,poor_physical_health,rent_burden_proxy,overcrowding_proxy,moved_past_year_proxy,homeownership_rate,single_parent_proxy,vacancy_rate,crime_rate_per_1k,env_burden,no_vehicle_rate,commute_time_proxy,internet_sub_rate_proxy,school_access,college_university_access,tier_weighted_youth_program_access,youth_development_access,barrier_reduction_access,transition_pathway_access,segment_specific_support_access,norm_poverty_rate,norm_median_hh_income,norm_unemployment_rate,norm_snap_or_assist_rate,norm_hs_plus,norm_ba_plus,norm_school_enrollment,norm_youth_disconnection_proxy,norm_uninsured_rate,norm_disability_rate,norm_frequent_mental_distress,norm_poor_physical_health,norm_rent_burden_proxy,norm_overcrowding_proxy,norm_moved_past_year_proxy,norm_homeownership_rate,norm_single_parent_proxy,norm_vacancy_rate,norm_crime_rate_per_1k,norm_env_burden,norm_no_vehicle_rate,norm_commute_time_proxy,norm_internet_sub_rate_proxy,norm_school_access,norm_college_university_access,norm_tier_weighted_youth_program_access,norm_youth_development_access,norm_barrier_reduction_access,norm_transition_pathway_access,norm_segment_specific_support_access,service_count,basic_navigation_access,lack_transport,school_count_nearby,college_university_count_nearby
06073017039,0.5739153919822264,1.0,0.630231976369615,1.0,0.5982630908537092,1.0,0.5279946137814637,1.0,0.6755387614364761,1.0,0.6933041497297538,1.0,0.08575305291723202,1.0,1.0,0.5407144338672109,54.071443386721086,6711,352,135750.0,4.7,4.8,61.9,642,88.8,0.0,6452,291,14.1,9.9,50.38363171355499,3.4561336878085833,17.109634551495017,68.55298139004937,21.151586368977675,2.155332590115199,9.089554462822232,30.52893591,0.6456513482719332,27.136150234741784,95.1386251424231,10.0,17.5,10.25,7.25,2.625,3.75,0.0,0.48575305291723203,0.7281553398058253,0.5783378746594006,0.5034153005464481,0.7602179836512262,0.8846675712347354,0.6587193460490464,0.6955617198335645,0.052917232021709615,0.7503392130257802,0.8047619047619048,0.7850340136054421,0.6621067031463748,0.5887978142076502,0.23129251700680276,0.6297814207650273,0.5674931129476584,0.7336065573770492,0.8421768707482993,0.5588785046728972,0.8934426229508197,0.7520435967302452,0.4344262295081967,0.30868385345997285,0.4735413839891452,0.08955223880597014,0.11668928086838534,0.06241519674355495,0.11329715061058344,0.046811397557666216,16,1.0,5.7,18,59
06073017040,0.5861789716527718,1.0,0.4756485028528787,1.0,0.5775097148764526,1.0,0.672448373173135,1.0,0.721669029145503,1.0,0.712889548994208,1.0,0.045318860244233386,1.0,1.0,0.5416661429913119,54.16661429913119,4386,329,166042.0,6.1,4.0,59.2,105,85.0,0.0,4304,503,14.0,10.5,70.64220183486239,1.0723860589812333,7.144546960018926,91.48793565683646,12.6232741617357,0.0,20.51983584131327,22.85003111,0.0,35.4140127388535,97.58713136729223,11.5,17.0,5.625,5.125,1.5,0.0,0.0,0.510854816824966,0.8779472954230236,0.385558583106267,0.5703551912568305,0.7275204359673024,0.09701492537313433,0.5020435967302452,0.6955617198335645,0.3921302578018996,0.41858887381275445,0.8163265306122449,0.6829931972789116,0.17373461012311897,0.8237704918032787,0.7482993197278911,0.9439890710382514,0.756198347107438,0.9405737704918032,0.5170068027210885,0.6728971962616823,0.967896174863388,0.497275204359673,0.6734972677595629,0.3860244233378562,0.44572591587516963,0.042740841248303935,0.07937584803256445,0.0407055630936228,0.016960651289009497,0.046811397557666216,9,1.0,5.5,20,58
06073017043,0.7704685820938129,1.0,0.5439173874675858,1.0,0.6287924939310867,1.0,0.5464162065893837,1.0,0.7774639654872291,1.0,0.6722936922718045,1.0,0.19470827679782904,1.0,1.0,0.5905800863769617,59.05800863769617,5590,248,175450.0,3.8,1.4,69.4,413,87.5,9.090909090909092,5294,451,13.2,8.4,62.64462809917355,6.638616175783076,6.171735241502684,71.71575502571295,7.099697885196375,0.0,15.742397137745977,26.17299315,4.160822814399252,24.148488327592805,97.98971482000935,11.0,19.75,17.875,10.0,8.25,8.125,2.375,0.6255088195386702,0.9070735090152566,0.7091280653950953,0.8401639344262295,0.8658038147138964,0.6689280868385346,0.6178474114441417,0.1719833564493759,0.18588873812754414,0.48914518317503397,0.8877551020408163,0.9523809523809523,0.34746922024623805,0.36612021857923494,0.8136054421768708,0.6584699453551912,0.8953168044077136,0.9405737704918032,0.6571428571428571,0.6168224299065421,0.4617486338797814,0.8215258855585831,0.7336065573770492,0.3568521031207598,0.582089552238806,0.18317503392130258,0.18453188602442333,0.19810040705563092,0.19335142469470828,0.21438263229308005,33,1.0,4.9,21,61
06073003103,0.500663896148286,1.0,0.5970920325477201,1.0,0.18493248045486851,1.0,0.649998684185836,1.0,0.7022945936526065,1.0,0.17887489267084566,1.0,0.8279511533242877,1.0,1.0,0.5202582475692071,52.02582475692071,6442,436,118317.0,4.6,5.8,16.0,689,93.5,20.921985815602838,6044,932,17.6,13.9,42.3728813559322,7.798960138648179,9.892541087231352,92.83651068746389,16.615384615384617,0.0,20.645762185656626,20.58494088,6.81686886192952,53.03584491587417,91.33448873483535,29.5,23.5,176.5,85.5,79.75,114.375,27.0,0.38873812754409764,0.5977808599167822,0.5940054495912807,0.4221311475409836,0.09536784741144415,0.9104477611940298,0.8446866485013624,0.06380027739251037,0.09226594301221169,0.056987788331071876,0.3408163265306122,0.24965986394557826,0.7920656634746922,0.31284153005464477,0.5319727891156463,0.9631147540983607,0.6515151515151515,0.9405737704918032,0.5142857142857142,0.702803738317757,0.26775956284153,0.0953678474114441,0.17349726775956284,0.917910447761194,0.7503392130257802,0.833785617367707,0.841248303934871,0.8276797829036635,0.8297150610583447,0.8073270013568521,201,20.375,12.1,52,51
06073003105,0.3939736693336353,1.0,0.577802074767181,1.0,0.36941406141832583,1.0,0.5008076391059665,1.0,0.763272178467103,1.0,0.3542457676330013,1.0,0.780597014925373,1.0,1.0,0.534301772235798,53.4301772235798,4870,413,112842.0,5.6,11.5,26.0,501,90.4,4.375,4574,359,17.7,14.5,83.5820895522388,7.615384615384616,4.476386036960986,79.15384615384615,14.181818181818182,0.3067484662576687,12.114989733059549,20.43559428,5.076923076923077,62.782152230971136,97.3076923076923,20.5,22.25,151.5,72.5,72.25,95.625,25.125,0.4172320217096337,0.5492371705963939,0.4502724795640327,0.15915300546448086,0.26362397820163486,0.7856173677069199,0.726158038147139,0.2857142857142857,0.3256445047489823,0.635685210312076,0.3285714285714286,0.18775510204081636,0.025991792065663488,0.3183060109289617,0.8870748299319728,0.7718579234972678,0.7162534435261708,0.8797814207650273,0.7523809523809524,0.7046728971962617,0.3784153005464481,0.038147138964577665,0.6461748633879781,0.694708276797829,0.7109905020352781,0.7754409769335142,0.7842605156037992,0.7910447761194029,0.7666214382632293,0.7856173677069199,196,18.75,12.6,35,51
06073008101,0.6462570104932921,1.0,0.4684523187991567,1.0,0.7395799296652176,1.0,0.46930645304252083,1.0,0.546071715985053,1.0,0.5586823702247833,1.0,0.28127544097693347,1.0,1.0,0.5299464627409939,52.99464627409939,3511,246,117411.0,5.0,1.6,73.4,384,57.3,0.0,3451,324,14.1,9.6,45.04854368932038,2.8392958546280522,17.802703480011502,36.28620102214651,4.712041884816754,19.257221458046768,22.78553118769581,16.60236465,2.0442930153321974,33.599361532322426,94.94605337876206,5.0,16.5,30.875,14.25,14.0,14.375,2.625,0.6370420624151967,0.5908460471567267,0.5367847411444142,0.8203551912568305,0.9155313351498637,0.6289009497964722,0.040190735694822885,0.6955617198335645,0.6187245590230666,0.6987788331071914,0.8047619047619048,0.8360544217687075,0.7578659370725034,0.6516393442622951,0.20952380952380956,0.2581967213114754,0.9338842975206612,0.04644808743169404,0.45442176870748296,0.7495327102803738,0.6871584699453552,0.5667574931880108,0.42213114754098363,0.10583446404341927,0.42469470827679784,0.2808683853459973,0.2693351424694708,0.31343283582089554,0.2903663500678426,0.25237449118046135,51,2.625,4.5,7,49
06073008102,0.6228108883763689,1.0,0.476125126423162,1.0,0.7702265573800755,1.0,0.7742645886032643,1.0,0.6164027143879316,1.0,0.4987802941191068,1.0,0.3759837177747626,1.0,1.0,0.5906562695806674,59.065626958066744,3591,170,203039.0,12.6,2.8,74.6,284,73.5,0.0,3403,203,13.6,10.3,24.316109422492403,0.0,10.868957809443978,75.01799856011519,10.92436974789916,13.780260707635009,16.70843776106934,4.443061605,1.5838732901367891,41.33476856835307,94.74442044636429,5.5,18.5,40.0,18.0,18.0,21.25,4.25,0.7747625508819539,0.9625520110957004,0.06198910081743869,0.6919398907103825,0.9271117166212534,0.42740841248303935,0.17166212534059946,0.6955617198335645,0.6336499321573948,0.8833107191316146,0.8523809523809524,0.7115646258503401,0.9589603283173734,0.950136612021858,0.47074829931972784,0.7172131147540983,0.7988980716253443,0.08606557377049184,0.6217687074829932,0.9588785046728971,0.7581967213114754,0.3392370572207084,0.3989071038251366,0.11533242876526459,0.519674355495251,0.40027137042062416,0.3656716417910448,0.3751696065128901,0.42401628222523746,0.3147896879240163,66,2.625,4.4,8,50
06073008301,0.8644081032879659,1.0,0.4564291993363798,1.0,0.8131785414301406,1.0,0.6858797684151816,1.0,0.7493110931542377,1.0,0.4817416357707598,1.0,0.6165535956580732,1.0,1.0,0.6667859910075341,66.67859910075342,3190,75,216823.0,2.9,2.5,66.3,195,73.0,1.8518518518518516,2944,217,12.2,10.6,50.47169811320755,0.0,14.650283553875237,83.07349665924276,17.981072555205046,0.0,9.717868338557993,27.71624144,2.1529324424647367,34.07172995780591,92.20489977728286,15.0,20.5,87.875,42.75,37.5,54.375,12.625,0.932157394843962,0.9819694868238558,0.826975476839237,0.7165300546448088,0.829700272479564,0.2299864314789688,0.16076294277929154,0.3661581137309292,0.7611940298507462,0.8663500678426052,0.95578231292517,0.6693877551020408,0.6580027359781122,0.950136612021858,0.3006802721088435,0.8346994535519126,0.628099173553719,0.9405737704918032,0.8285714285714285,0.6,0.674863387978142,0.547683923705722,0.2226775956284153,0.5291723202170964,0.6227951153324288,0.621438263229308,0.6207598371777476,0.601763907734057,0.6241519674355496,0.6146540027137042,137,7.75,4.0,29,52
06073008306,0.602229301285647,1.0,0.5315966232861348,1.0,0.8642919447290449,1.0,0.874204699989031,1.0,0.7004510589358444,1.0,0.8233684727743781,1.0,0.4952510176390774,1.0,1.0,0.6987704455198795,69.87704455198795,2711,247,204779.0,7.0,4.8,70.6,132,84.8,0.0,2561,195,12.2,10.0,12.643678160919542,0.0,8.905380333951761,92.03296703296702,24.372759856630825,2.062780269058296,12.541497602360751,11.94772869,1.8315018315018317,16.4778578784758,98.62637362637363,11.5,20.25,56.25,27.375,25.25,30.625,6.75,0.6309362279511533,0.9639389736477115,0.31062670299727524,0.5034153005464481,0.8753405994550408,0.13704206241519673,0.4884196185286104,0.6955617198335645,0.8480325644504749,0.89280868385346,0.95578231292517,0.7605442176870748,0.987688098495212,0.950136612021858,0.6054421768707483,0.953551912568306,0.48347107438016534,0.7486338797814207,0.7360544217687075,0.8336448598130841,0.7131147540983607,0.94141689373297,0.8155737704918032,0.3860244233378562,0.60719131614654,0.5176390773405699,0.5244233378561737,0.5027137042062415,0.5149253731343284,0.41655359565807326,94,4.25,4.0,22,53
06073010402,0.1304212062020314,1.0,0.46824538467078725,1.0,0.23089930680549017,1.0,0.2705109722119881,1.0,0.3635848444157934,1.0,0.1972908384330192,1.0,0.44626865671641786,1.0,1.0,0.30103160135078966,30.103160135078966,5528,778,70125.0,9.3,16.9,19.4,522,96.0,17.94871794871795,4726,599,19.3,14.4,64.22697368421053,12.589729431253453,11.806069578090304,26.449475427940367,50.14925373134328,7.2708653353814645,16.461649782923303,41.18232732,11.209276642738818,40.23904382470119,88.73550524572059,15.0,13.5,48.0,23.375,17.125,30.0,5.375,0.1573948439620081,0.13730929264909847,0.17506811989100812,0.051912568306010876,0.15803814713896458,0.8032564450474898,0.9325613079019074,0.08183079056865461,0.2944369063772049,0.28358208955223885,0.14693877551020407,0.1986394557823129,0.31326949384404923,0.1789617486338798,0.419047619047619,0.17076502732240437,0.10330578512396693,0.2991803278688525,0.6312925170068027,0.42056074766355145,0.12568306010928965,0.37465940054495916,0.09153005464480875,0.5291723202170964,0.3046132971506106,0.49592944369063774,0.49050203527815467,0.3582089552238806,0.5101763907734057,0.37652645861601086,72,7.0,13.2,23,43
06073010501,0.7711426083868302,1.0,0.2988523120205453,1.0,0.7743806477815006,1.0,0.6242494996473618,1.0,0.43940349077725493,1.0,0.560881066889018,1.0,0.4922659430122117,1.0,1.0,0.5658822240735318,56.588222407353186,1265,74,121310.0,4.4,0.7,48.4,79,75.9,4.285714285714286,1151,153,15.5,11.5,23.39622641509434,2.166064981949458,12.569169960474309,51.985559566786996,11.76470588235294,5.621805792163544,48.22134387351779,41.68014935,2.166064981949458,30.859375,94.40433212996389,9.0,15.75,57.875,26.25,21.625,37.5,7.625,0.9348710990502035,0.6199722607489597,0.6198910081743869,0.9098360655737705,0.5831062670299727,0.054274084124830396,0.2125340599455041,0.289875173370319,0.9796472184531886,0.9308005427408412,0.6448979591836734,0.5421768707482993,0.9658002735978112,0.7076502732240437,0.3877551020408163,0.43579234972677594,0.7768595041322314,0.412568306010929,0.1551020408163265,0.41308411214953267,0.6693989071038251,0.6525885558583107,0.36065573770491804,0.26119402985074625,0.3921302578018996,0.5257801899592944,0.5128900949796472,0.43012211668928085,0.5495251017639078,0.44301221166892807,92,7.375,6.5,14,44
06073010502,0.12592363196144507,1.0,0.4770020135525154,1.0,0.15546756015839172,1.0,0.3622153913032998,1.0,0.28170538408344303,1.0,0.35713434880362116,1.0,0.5044776119402985,1.0,1.0,0.32341799168614493,32.34179916861449,5892,1117,68109.0,9.1,12.3,14.1,424,96.4,6.0200668896321075,4845,676,20.9,15.7,61.74264281592614,18.29211385907606,3.575278476464247,12.739150723285114,43.56435643564357,6.785558938668987,37.67820773930754,41.21966397,5.319645356976201,40.4270462633452,94.30704619692021,14.0,16.75,60.625,27.375,23.25,38.125,7.625,0.06512890094979651,0.1262135922330097,0.1791553133514986,0.13319672131147542,0.060626702997275204,0.683853459972863,0.9420980926430518,0.23717059639389737,0.26322930800542743,0.19945725915875168,0.05646258503401358,0.1027210884353742,0.374829001367989,0.08743169398907102,0.9360544217687075,0.050546448087431695,0.16804407713498626,0.3210382513661202,0.21904761904761905,0.41869158878504675,0.35382513661202186,0.36648501362397823,0.3510928961748634,0.5027137042062415,0.4355495251017639,0.5332428765264586,0.5244233378561737,0.4687924016282225,0.5529172320217096,0.44301221166892807,92,8.5,15.0,22,44
06073010601,0.8154763113411627,1.0,0.44233322390947344,1.0,0.8683435789512549,1.0,0.6269572192201318,1.0,0.6445652409288474,1.0,0.7196543877150926,1.0,0.6024423337856174,1.0,1.0,0.6742531851216543,67.42531851216543,2043,113,207727.0,3.3,3.3,76.0,32,81.0,0.0,1904,230,11.3,10.4,61.170212765957444,0.0,12.536873156342182,79.04967602591793,11.029411764705882,24.28454619787408,1.9579050416054824,15.33291848,0.0,33.51278600269179,97.0842332613391,7.0,18.0,84.25,39.125,35.25,54.375,12.125,0.8738127544097694,0.9680998613037448,0.7826975476839237,0.6372950819672132,0.9380108991825613,0.012211668928086838,0.35149863760217986,0.6955617198335645,0.9402985074626866,0.844640434192673,0.9918367346938776,0.6965986394557824,0.39808481532147744,0.950136612021858,0.38911564625850337,0.7704918032786885,0.7961432506887052,0.030054644808743203,0.9782312925170068,0.7738317757009345,0.967896174863388,0.569482288828338,0.6215846994535519,0.1546811397557666,0.5020352781546812,0.6119402985074627,0.5902306648575305,0.5861601085481682,0.6241519674355496,0.5997286295793759,135,10.625,3.8,14,47
06073013205,0.2703459480012257,1.0,0.5393114859310474,1.0,0.5239276714756458,1.0,0.4436126490245355,1.0,0.23931266703830817,1.0,0.38247953921670813,1.0,0.5446404341926729,1.0,1.0,0.4205186278400205,42.05186278400205,2195,215,65000.0,13.6,9.4,21.5,155,93.9,0.0,1931,193,19.1,15.6,57.865168539325836,23.285714285714285,5.10110294117647,49.142857142857146,20.161290322580644,8.136482939632545,157.63097949886105,69.43372744,3.1428571428571432,42.99065420560748,93.57142857142857,26.0,17.25,69.875,29.75,27.625,45.625,8.75,0.6974219810040705,0.10540915395284327,0.04972752043596729,0.22882513661202186,0.2064032697547684,0.17435549525101765,0.8623978201634878,0.6955617198335645,0.9308005427408412,0.8955223880597015,0.1612244897959184,0.10816326530612241,0.4774281805745554,0.031420765027322384,0.8598639455782313,0.4057377049180328,0.5840220385674931,0.25409836065573765,0.01632653061224487,0.10280373831775702,0.5642076502732241,0.2874659400544959,0.2957650273224044,0.8385345997286295,0.45861601085481685,0.5630936227951153,0.5413839891451832,0.5373134328358209,0.582089552238806,0.4993215739484396,96,10.5,15.7,49,44
06073013102,0.12212929700122759,1.0,0.6000694375650005,1.0,0.15613006396588483,1.0,0.11699902797565845,1.0,0.3109315583122686,1.0,0.2670076383615491,1.0,0.6599728629579376,1.0,1.0,0.31903426944850377,31.903426944850377,7058,557,71037.0,15.0,17.7,16.1,719,85.5,0.0,6405,694,18.6,14.8,77.7445855115758,26.74307545367717,20.10650546919977,33.5243553008596,43.4319526627219,13.148071339693074,30.6035704165486,22.6260112,6.160458452722064,41.6695652173913,91.16523400191022,26.5,18.0,104.875,48.5,45.25,66.25,14.5,0.2795115332428765,0.14147018030513175,0.03201634877384196,0.03551912568306015,0.09741144414168937,0.9253731343283582,0.5286103542234333,0.6955617198335645,0.056987788331071876,0.18181818181818177,0.2204081632653061,0.16530612244897958,0.06703146374829005,0.010928961748633892,0.1646258503401361,0.22540983606557377,0.16942148760330578,0.09562841530054644,0.30204081632653057,0.6766355140186916,0.30464480874316935,0.32561307901907355,0.17076502732240437,0.8514246947082768,0.5020352781546812,0.6675712347354138,0.6601085481682497,0.6594301221166893,0.6689280868385346,0.6438263229308006,153,15.75,13.6,45,46
06073013103,0.37464530638044824,1.0,0.49396923248662344,1.0,0.47833028733881616,1.0,0.3315329391382935,1.0,0.23193337746587084,1.0,0.27702833489674067,1.0,0.6078697421981004,1.0,1.0,0.39932988855784185,39.93298885578419,2435,202,81667.0,10.2,6.3,15.2,322,94.2,7.142857142857142,2113,331,18.7,15.7,53.6986301369863,22.939560439560438,14.791924186238154,48.62637362637363,16.883116883116884,16.8,198.35728952772075,57.89670193,4.1208791208791204,41.72727272727273,85.43956043956044,24.5,17.75,87.25,40.125,37.5,55.625,11.625,0.7143826322930801,0.2552011095700416,0.13692098092643057,0.3920765027322405,0.082425068119891,0.4972862957937585,0.8705722070844687,0.2170596393897365,0.9199457259158752,0.6845318860244234,0.20612244897959187,0.1027210884353742,0.6019151846785226,0.03551912568306015,0.291156462585034,0.3975409836065574,0.6473829201101928,0.06284153005464477,0.008163265306122436,0.20934579439252332,0.46584699453551914,0.32288828337874664,0.04234972677595628,0.8073270013568521,0.4891451831750339,0.6187245590230664,0.5983717774762551,0.601763907734057,0.6289009497964722,0.5915875169606513,125,13.25,14.7,47,46
06073013104,0.14562440708220226,1.0,0.5246911806486654,1.0,0.20404332696443567,1.0,0.24031541133418674,1.0,0.4317832016398809,1.0,0.36834373123290803,1.0,0.651696065128901,1.0,1.0,0.3666424748615971,36.66424748615971,5735,644,64250.0,12.3,10.3,13.8,491,90.1,7.3426573426573425,4983,569,18.9,16.1,66.95715323166304,21.8645948945616,9.854206920779905,22.475027746947838,32.093023255813954,4.807184363444268,26.329555361813426,31.96017424,4.8834628190899005,33.77994315874949,90.62153163152054,28.5,18.0,102.625,46.75,44.75,65.625,14.0,0.21370420624151965,0.09986130374479889,0.07084468664850141,0.19808743169398912,0.05722070844686648,0.7727272727272727,0.7132152588555858,0.21081830790568656,0.22795115332428761,0.32835820895522383,0.17823129251700676,0.08163265306122447,0.24760601915184677,0.042349726775956276,0.5346938775510204,0.1366120218579235,0.32644628099173556,0.4890710382513661,0.37142857142857144,0.5401869158878505,0.3920765027322405,0.5585831062670299,0.15437158469945356,0.8921302578018996,0.5020352781546812,0.6580732700135685,0.6451831750339213,0.6540027137042063,0.664179104477612,0.6370420624151968,148,15.875,14.7,50,46
06073013203,0.12795742109669037,1.0,0.5453983725285282,1.0,0.19800256601962357,1.0,0.3837155926037971,1.0,0.4029680004691645,1.0,0.2710303102495,1.0,0.5846675712347353,1.0,1.0,0.3591056906002913,35.91056906002913,6018,451,57014.0,13.3,18.9,8.1,381,85.5,0.0,5540,601,18.1,16.1,60.581859669138616,19.49834358731661,2.9669588671611598,17.037387600567914,50.6056527590848,4.041780199818347,29.57793286806248,26.0360921,10.601041173686701,38.933901918976545,92.85376242309512,31.0,17.5,79.5,35.0,33.625,50.625,10.875,0.3744911804613297,0.05825242718446602,0.05449591280653954,0.024590163934426257,0.01226158038147139,0.6227951153324288,0.5286103542234333,0.6955617198335645,0.15671641791044777,0.2795115332428765,0.27414965986394557,0.08163265306122447,0.4131326949384405,0.06830601092896171,0.964625850340136,0.08879781420765027,0.09779614325068875,0.5778688524590163,0.31564625850340133,0.6205607476635514,0.14344262295081966,0.40871934604904636,0.2609289617486339,0.9396200814111262,0.4735413839891452,0.5943012211668928,0.5698778833107191,0.5739484396200815,0.6105834464043419,0.5746268656716418,108,12.125,14.1,53,45
06073013204,0.18000336016100896,1.0,0.6277790749120774,1.0,0.3604290698640379,1.0,0.34015317144776325,1.0,0.5194567986507412,1.0,0.33623308169920046,1.0,0.5352781546811398,1.0,1.0,0.4141903873451384,41.41903873451384,4334,399,67361.0,13.7,12.4,14.3,458,95.0,0.0,3519,574,17.2,15.3,69.23076923076923,13.83399209486166,11.87514667918329,65.0592885375494,31.61764705882353,1.556420233463035,19.843101061375176,42.30242688,5.296442687747035,41.896024464831804,94.1501976284585,33.0,16.0,65.625,29.5,26.75,40.0,8.625,0.4280868385345997,0.11650485436893204,0.04564032697547682,0.1297814207650273,0.06267029972752043,0.7333785617367707,0.9073569482288828,0.6955617198335645,0.5970149253731343,0.3222523744911805,0.3952380952380953,0.1272108843537415,0.2093023255813954,0.1502732240437158,0.4136054421768708,0.587431693989071,0.33884297520661155,0.8019125683060109,0.5333333333333333,0.4037383177570093,0.35519125683060104,0.31607629427792916,0.337431693989071,0.9647218453188603,0.40298507462686567,0.55359565807327,0.5386702849389416,0.5284938941655359,0.5583446404341926,0.4972862957937585,89,11.0,12.8,56,44
06073010109,0.41737430752692883,1.0,0.3410431008667374,1.0,0.5102993843398961,1.0,0.6406655780878878,1.0,0.30074959689092495,1.0,0.374161839956721,1.0,0.2169606512890095,1.0,1.0,0.40017920842258653,40.017920842258654,4234,139,109239.0,10.1,9.9,18.2,211,96.6,23.776223776223777,3849,387,15.9,13.1,51.0548523206751,9.172661870503598,3.7633136094674557,76.52877697841727,29.36893203883495,8.927108927108927,19.603212092583846,71.67392657,2.697841726618705,48.04570054119062,94.15467625899281,11.5,12.25,23.125,10.75,9.875,11.25,2.25,0.8215739484396201,0.49653259361997226,0.14100817438692093,0.2103825136612022,0.13487738419618528,0.26594301221166894,0.9482288828337875,0.05270457697642161,0.5135685210312075,0.596336499321574,0.5891156462585034,0.3421768707482993,0.6443228454172367,0.2595628415300546,0.9251700680272109,0.7336065573770492,0.3801652892561983,0.19535519125683065,0.5414965986394558,0.08598130841121499,0.6133879781420766,0.17029972752043598,0.33879781420765026,0.3860244233378562,0.25848032564450474,0.21845318860244234,0.20759837177747625,0.22388059701492538,0.22930800542740842,0.20556309362279512,27,4.875,10.1,23,42
06073008337,0.7431292776040375,1.0,0.5417060033119409,1.0,0.6874717322478516,1.0,0.8432023047495781,1.0,0.9265503506398843,1.0,0.8059352401939618,1.0,0.10597014925373134,1.0,1.0,0.664852151142998,66.4852151142998,4939,85,173622.0,5.3,3.1,68.7,251,82.9,0.0,4886,343,12.4,9.2,40.689655172413794,0.0,6.239669421487603,79.81591058514135,8.9171974522293,0.0,4.859283255719781,4.18170504,0.7889546351084813,33.09222423146474,100.0,13.0,17.75,12.375,8.375,3.75,5.0,0.0,0.9104477611940298,0.9029126213592233,0.49863760217983655,0.66051912568306,0.8569482288828338,0.33649932157394846,0.4080381471389646,0.6955617198335645,0.24830393487109903,0.6682496607869742,0.9421768707482994,0.891156462585034,0.8290013679890561,0.950136612021858,0.8108843537414966,0.7827868852459017,0.8429752066115702,0.9405737704918032,0.9619047619047619,0.9607476635514018,0.8661202185792349,0.5831062670299727,0.9685792349726776,0.46404341926729986,0.4891451831750339,0.12075983717774763,0.1390773405698779,0.09023066485753053,0.13297150610583447,0.046811397557666216,21,0.5,4.4,18,60
06073011601,0.29275217490269745,1.0,0.5993943888115328,1.0,0.20151399772934955,1.0,0.4189208355854732,1.0,0.20094184262509043,1.0,0.3204836140021739,1.0,0.7763907734056988,1.0,1.0,0.40148537529457373,40.14853752945737,5526,1092,77036.0,2.6,17.8,13.7,493,99.3,7.317073170731707,4563,677,18.8,15.9,42.88956127080182,19.796040791841634,7.353210170111578,18.35632873425315,57.22983257229832,8.75752599890531,22.982265653275427,70.51649035,6.1787642471505695,32.46195864221615,86.08278344331134,25.5,23.0,154.25,70.375,65.75,103.125,24.0,0.07123473541383984,0.20527045769764216,0.861716621253406,0.032786885245901676,0.05449591280653951,0.7754409769335142,0.9877384196185286,0.21220527045769766,0.3270013568521031,0.1974219810040706,0.189795918367347,0.09183673469387754,0.7879616963064295,0.06284153005464477,0.7292517006802721,0.09562841530054644,0.04958677685950408,0.2103825136612022,0.4503401360544218,0.09345794392523366,0.3005464480874317,0.6089918256130791,0.05191256830601093,0.8270013568521031,0.7394843962008141,0.7801899592944369,0.7788331071913162,0.7652645861601085,0.7917232021709634,0.7659430122116689,186,18.0,15.5,43,49
06073011602,0.33464080088653836,1.0,0.5932364979775772,1.0,0.3981885562909017,1.0,0.49031199021736027,1.0,0.18696068707907643,1.0,0.3207144027039502,1.0,0.7533242876526458,1.0,1.0,0.43962531754400713,43.962531754400715,3811,632,61854.0,0.0,17.6,19.0,305,90.7,0.0,3111,481,18.0,15.2,33.45864661654135,27.984790874524716,6.979795329309893,39.31558935361217,33.45132743362832,9.559834938101789,39.09734977696143,74.97199751,9.73384030418251,40.75268817204301,95.13307984790875,23.5,22.5,143.875,64.5,61.875,96.25,22.875,0.22320217096336503,0.08460471567267684,0.9931880108991825,0.037568306010928976,0.1505449591280654,0.46743554952510175,0.7370572207084468,0.6955617198335645,0.7082767978290366,0.4545454545454546,0.29047619047619044,0.1394557823129252,0.9069767441860466,0.006830601092896127,0.7578231292517007,0.2896174863387978,0.2988980716253443,0.17213114754098358,0.20952380952380956,0.06728971962616825,0.17349726775956287,0.3555858310626703,0.43306010928961747,0.7869742198100407,0.7218453188602443,0.762550881953867,0.746268656716418,0.7435549525101763,0.76797829036635,0.746268656716418,181,18.5,13.6,42,49
06073011700,0.3211021337679256,1.0,0.6203566725651252,1.0,0.14333042579311236,1.0,0.19267533166526238,1.0,0.10137625355688085,1.0,0.20533742300839275,1.0,0.7986431478968793,1.0,1.0,0.34040305546479693,34.04030554647969,7364,692,56582.0,0.2,16.8,12.2,657,92.6,3.4000000000000004,6453,1241,17.3,15.2,70.3755868544601,14.11853529633824,13.633894622487777,19.13929784824462,57.05069124423963,10.928043039677203,61.65127648017381,68.26384568,14.269535673839185,34.29936305732484,81.35145337863344,28.0,24.0,164.25,76.625,66.375,111.25,27.0,0.19063772048846672,0.05547850208044383,0.9850136239782017,0.05327868852459017,0.04087193460490463,0.8941655359565808,0.8153950953678474,0.32177531206657417,0.05156037991858886,0.0027137042062415073,0.3795918367346939,0.1394557823129252,0.1819425444596443,0.14480874316939896,0.34285714285714286,0.10109289617486339,0.052341597796143224,0.13251366120218577,0.10476190476190472,0.11588785046728967,0.060109289617486295,0.5395095367847411,0.01639344262295082,0.8826322930800543,0.7672998643147897,0.8018995929443691,0.7964721845318861,0.7686567164179104,0.8188602442333786,0.8073270013568521,191,17.625,13.2,48,50
06073011801,0.13485555637133315,1.0,0.4066630001093059,1.0,0.4681340514496165,1.0,0.37782271124233147,1.0,0.1974295474634476,1.0,0.45265233295116714,1.0,0.8370420624151966,1.0,1.0,0.4106570374289141,41.06570374289141,3205,627,60735.0,9.4,15.9,15.5,181,77.9,7.59493670886076,2520,301,18.5,16.6,70.58823529411765,19.818181818181817,2.8705148205928235,41.18181818181818,51.829268292682926,4.926534140017287,45.2418096723869,77.64779091,10.636363636363637,9.197080291970803,92.27272727272727,29.5,24.0,184.75,87.125,77.375,123.125,28.125,0.2252374491180461,0.07489597780859916,0.17029972752043598,0.06898907103825136,0.08991825613079019,0.21099050203527817,0.2513623978201635,0.20249653259362,0.8616010854816825,0.7313432835820896,0.22857142857142854,0.05102040816326525,0.17510259917920656,0.061475409836065587,0.9700680272108844,0.3046448087431694,0.08953168044077131,0.47404371584699456,0.17006802721088432,0.05607476635514019,0.14207650273224048,0.9877384196185286,0.22814207650273224,0.917910447761194,0.7672998643147897,0.8487109905020352,0.8453188602442334,0.8141112618724559,0.8534599728629579,0.8236092265943012,195,20.875,15.6,52,50
06073013307,0.0877296423215641,1.0,0.5184974554576836,1.0,0.25834279437690955,1.0,0.680910801224798,1.0,0.3119666331408913,1.0,0.6316233875810862,1.0,0.5156037991858888,1.0,1.0,0.42923921618411737,42.92392161841174,4642,1185,80156.0,20.4,16.4,9.5,455,99.1,13.680781758957655,3753,677,18.2,17.0,52.09580838323353,8.895949166004765,2.810883741848437,84.0349483717236,32.11920529801324,6.947524020694752,20.46531667384748,70.57871811,0.0,45.366795366795365,97.77601270849881,28.0,15.5,62.125,28.25,25.75,37.5,7.625,0.04816824966078692,0.23855755894590847,0.00544959128065392,0.058743169398907114,0.020435967302452316,0.7293080054274084,0.9863760217983651,0.1109570041608876,0.5386702849389416,0.1974219810040706,0.2578231292517007,0.039455782312925125,0.6292749658002736,0.26775956284153,0.9741496598639455,0.8524590163934426,0.32506887052341593,0.31284153005464477,0.5183673469387755,0.09158878504672896,0.967896174863388,0.22752043596730243,0.6994535519125683,0.8826322930800543,0.3812754409769335,0.5427408412483039,0.5298507462686567,0.5128900949796472,0.5495251017639078,0.44301221166892807,85,11.5,15.1,49,44
06073002703,0.33071471453307427,1.0,0.6614027515733603,1.0,0.1927159194749813,1.0,0.614137982680682,1.0,0.27996236946625835,1.0,0.6666846582590095,1.0,0.9457259158751696,1.0,1.0,0.5273349016946478,52.73349016946478,7111,923,83469.0,3.0,12.6,25.8,469,97.4,6.924643584521386,6449,729,18.2,13.4,44.5729537366548,5.560307955517536,5.138849126825078,50.1710863986313,52.33333333333333,1.5578947368421052,49.500773449585154,71.3130056,0.0,28.2103825136612,93.62703165098375,29.5,25.75,225.375,111.75,107.125,145.0,37.875,0.10786974219810042,0.27323162274618584,0.8167574931880108,0.125,0.2608991825613079,0.746268656716418,0.9632152588555858,0.22191400832177532,0.05427408412483037,0.15332428765264583,0.2578231292517007,0.30544217687074826,0.7674418604651163,0.4180327868852459,0.8571428571428572,0.4139344262295082,0.0826446280991735,0.8005464480874317,0.14693877551020407,0.08971962616822426,0.967896174863388,0.7302452316076294,0.30191256830601093,0.917910447761194,0.8582089552238806,0.9423337856173677,0.9599728629579376,0.9552238805970149,0.9199457259158752,0.9511533242876526,210,24.375,11.9,55,51
06073003109,0.7423246613332315,1.0,0.5049642154082848,1.0,0.6141599516332992,1.0,0.5710142005715744,1.0,0.8450135836799675,1.0,0.553382915680231,1.0,0.8245590230664858,1.0,1.0,0.6650597930532963,66.50597930532963,3256,249,128313.0,2.3,2.0,27.1,174,87.9,4.166666666666666,3042,669,12.9,11.0,78.57142857142857,3.3860045146726865,7.651796778190831,89.72911963882618,4.918032786885246,2.4229074889867843,7.985257985257985,10.92719353,1.805869074492099,39.83115886415963,96.3882618510158,28.0,23.5,175.625,86.875,77.125,114.375,27.0,0.6227951153324287,0.6761442441054092,0.8985013623978202,0.7718579234972678,0.273841961852861,0.1960651289009498,0.6307901907356949,0.2961165048543689,0.7313432835820896,0.20352781546811394,0.9088435374149659,0.6129251700680272,0.06019151846785231,0.592896174863388,0.7102040816326531,0.9207650273224044,0.9283746556473829,0.71448087431694,0.8829931972789116,0.8542056074766355,0.7172131147540983,0.385558583106267,0.5573770491803278,0.8826322930800543,0.7503392130257802,0.830393487109905,0.8439620081411127,0.8113975576662144,0.8297150610583447,0.8073270013568521,196,20.125,7.2,48,51
06073003111,0.07106677904770439,1.0,0.648523996939817,1.0,0.13315980394871654,1.0,0.34639224923671336,1.0,0.4099955146721178,1.0,0.25557491202731747,1.0,0.8940298507462685,1.0,1.0,0.3941061580883793,39.41061580883793,6194,1622,61364.0,11.2,14.2,17.9,562,94.5,6.21301775147929,5183,945,18.8,16.0,69.25182481751825,9.92407809110629,8.26215505913272,38.66594360086768,42.62048192771085,3.1512605042016806,27.28446884081369,37.73490977,8.622559652928416,40.06224988883949,91.64859002169197,35.5,25.0,207.5,101.375,87.875,140.625,32.375,0.013568521031207648,0.07766990291262135,0.10149863760217981,0.09153005464480879,0.13147138964577657,0.8371777476255088,0.8835149863760218,0.23300970873786409,0.20081411126187243,0.05427408412483037,0.189795918367347,0.08775510204081638,0.2079343365253078,0.2390710382513661,0.6571428571428571,0.2814207650273224,0.17493112947658407,0.657103825136612,0.3537414965986394,0.4542056074766355,0.20218579234972678,0.37874659400544963,0.18579234972677597,0.9918588873812755,0.8141112618724559,0.898236092265943,0.9138398914518318,0.8724559023066486,0.9050203527815468,0.8805970149253731,201,21.625,16.0,61,51
06073003112,0.528926988821439,1.0,0.5380221003088616,1.0,0.4822963106545196,1.0,0.6845129798011466,1.0,0.7275922488234259,1.0,0.4651062372507854,1.0,0.8640434192672999,1.0,1.0,0.6129286121324968,61.29286121324968,4261,249,95278.0,2.4,9.3,22.4,284,90.4,13.385826771653544,3981,410,16.5,12.5,32.278481012658226,9.932659932659933,4.46980504041845,73.4006734006734,12.529002320185615,0.0,25.81553625909411,12.00995644,3.3670033670033668,42.0671834625323,96.21212121212122,30.5,25.0,195.125,91.875,87.0,128.75,29.375,0.6227951153324287,0.37170596393897365,0.888283378746594,0.23292349726775952,0.21185286103542234,0.42740841248303935,0.726158038147139,0.1137309292649098,0.4748982360922659,0.5495251017639078,0.4884353741496599,0.4163265306122449,0.9233926128590971,0.23770491803278693,0.889795918367347,0.6871584699453552,0.7575757575757576,0.9405737704918032,0.382312925170068,0.8299065420560747,0.5382513661202186,0.31335149863760214,0.5437158469945356,0.9348710990502035,0.8141112618724559,0.8704206241519674,0.8704206241519674,0.8663500678426052,0.8704206241519674,0.8426051560379919,204,21.0,10.4,54,51
06073003113,0.44267911103914503,1.0,0.4916654491984569,1.0,0.4560499912312279,1.0,0.7155927430064668,1.0,0.6207690661223091,1.0,0.6593806921675774,1.0,0.8576662143826324,1.0,1.0,0.606257609592545,60.62576095925451,4701,520,122533.0,4.2,10.9,19.7,294,82.3,7.142857142857142,4192,691,14.7,12.0,25.27777777777778,5.3467000835421885,4.265809217577706,63.82623224728488,35.54502369668246,3.467741935483871,14.67772814294831,7.517112632,1.7543859649122806,35.31283138918346,98.16207184628237,30.0,24.75,192.375,92.375,84.375,126.875,28.875,0.31071913161465403,0.636615811373093,0.6423705722070845,0.18101092896174864,0.1614441416893733,0.44843962008141114,0.3957765667574932,0.2170596393897365,0.41926729986431477,0.1872455902306649,0.7442176870748299,0.47346938775510206,0.957592339261286,0.4316939890710383,0.9006802721088435,0.5724043715846995,0.2658402203856749,0.6215846994535519,0.6816326530612244,0.914018691588785,0.7240437158469946,0.5,0.7540983606557377,0.9294436906377205,0.7978290366350068,0.8602442333785617,0.8772048846675712,0.8493894165535957,0.8649932157394844,0.8364993215739485,203,21.625,9.0,53,51
06073007701,0.5653034302735936,1.0,0.6262121017521155,1.0,0.6493813400529818,1.0,0.3207549985301021,1.0,0.31758703380689673,1.0,0.647193559754421,1.0,0.6256445047489824,1.0,1.0,0.5360109955598705,53.601099555987055,3948,403,121935.0,7.3,0.5,75.5,633,82.1,0.0,3581,398,16.3,8.9,62.36641221374046,2.8372324539571925,29.70625798212005,32.15530114484818,65.03067484662577,18.100285364859356,29.635258358662615,9.408836341,5.07715281234445,20.92660072878709,97.66052762568442,8.5,20.5,92.0,44.75,39.625,56.25,12.625,0.42333785617367703,0.6269070735090153,0.28542234332425065,0.9255464480874317,0.9346049046321526,0.8792401628222524,0.3923705722070845,0.6955617198335645,0.5807327001356852,0.578697421981004,0.5183673469387755,0.9197278911564626,0.3543091655266758,0.6530054644808743,0.061224489795918324,0.21448087431693988,0.023415977961432466,0.05601092896174864,0.3142857142857143,0.8766355140186916,0.3770491803278688,0.8814713896457765,0.6830601092896175,0.2327001356852103,0.6227951153324288,0.6336499321573948,0.6336499321573948,0.6139755766621439,0.6322930800542741,0.6146540027137042,140,7.75,5.6,15,52
06073007907,0.5925177465967058,1.0,0.5496294465367383,1.0,0.7125995717147102,1.0,0.4736085894517929,1.0,0.5745822903687886,1.0,0.41807497406729105,1.0,0.6090909090909091,1.0,1.0,0.5614433611181336,56.14433611181337,3085,450,104067.0,4.7,0.0,66.9,554,68.5,0.0,2832,147,19.0,8.4,35.48621190130624,0.7198560287942412,30.47001620745543,16.616676664667065,0.0,6.2429696287964,36.30470016207456,19.72619788,5.398920215956808,37.58620689655172,95.44091181763648,8.5,20.0,87.625,42.75,37.25,53.125,11.375,0.37584803256445043,0.44798890429958393,0.5783378746594006,0.967896174863388,0.8365122615803815,0.8310719131614654,0.10762942779291552,0.6955617198335645,0.7924016282225237,0.9362279511533242,0.16938775510204085,0.9523809523809523,0.893296853625171,0.8620218579234973,0.05578231292517011,0.08333333333333333,0.9855371900826446,0.36612021857923494,0.2326530612244898,0.7140186915887851,0.34426229508196726,0.4536784741144414,0.4562841530054645,0.2327001356852103,0.5943012211668928,0.6200814111261872,0.6207598371777476,0.5997286295793759,0.6200814111261872,0.5848032564450475,134,7.125,6.9,15,52
06073021600,0.6044497321444924,1.0,0.43428249049689804,1.0,0.7441200767959829,1.0,0.31062850416567694,1.0,0.5195279935486699,1.0,0.6931490497957644,1.0,0.7573948439620082,1.0,1.0,0.5805075272727847,58.050752727278464,2985,309,111076.0,4.7,1.9,45.9,335,80.5,4.102564102564102,1723,146,18.3,9.6,75.0,0.6349206349206349,35.24590163934426,35.55555555555556,4.864864864864865,52.84431137724551,0.0,64.13192284,2.857142857142857,18.006872852233677,96.4021164021164,8.5,21.5,147.0,67.75,60.5,98.125,23.0,0.5379918588873813,0.5159500693481276,0.5783378746594006,0.7855191256830601,0.5483651226158038,0.5284938941655359,0.32697547683923706,0.29819694868238555,0.9552238805970149,0.9382632293080054,0.24693877551020404,0.8360544217687075,0.0978112175102599,0.8702185792349727,0.025850340136054473,0.24863387978142076,0.931129476584022,0.001366120218579181,0.9904761904761905,0.15514018691588782,0.5983606557377049,0.9223433242506812,0.5587431693989071,0.2327001356852103,0.6709633649932157,0.76797829036635,0.7672998643147897,0.7293080054274084,0.7747625508819539,0.7476255088195387,187,18.125,8.0,17,49
06073021800,0.8407019309937204,1.0,0.44806071723304625,1.0,0.8596548795909137,1.0,0.5658752330516652,1.0,0.44050057153686134,1.0,0.7609351657459934,1.0,0.74640434192673,1.0,1.0,0.6660189771541329,66.60189771541329,1937,53,215000.0,3.9,2.3,71.7,37,41.7,0.0,1880,218,12.7,10.3,69.93006993006993,1.139240506329114,11.564274651522974,81.89873417721519,24.2603550295858,26.579925650557623,0.0,53.56565028,1.89873417721519,8.128544423440454,96.70886075949367,9.0,25.0,142.625,62.375,59.625,96.875,23.125,0.9606512890094979,0.9778085991678225,0.688692098092643,0.735655737704918,0.8876021798365122,0.018995929443690638,0.010899182561307902,0.6955617198335645,0.9430122116689281,0.864314789687924,0.9197278911564626,0.7115646258503401,0.19288645690834472,0.8169398907103825,0.43673469387755104,0.8169398907103825,0.49035812672176304,0.023224043715846965,0.9904761904761905,0.25794392523364484,0.7035519125683061,0.9931880108991825,0.5860655737704918,0.26119402985074625,0.8141112618724559,0.7591587516960652,0.7272727272727273,0.7259158751696065,0.7706919945725916,0.7489823609226595,183,16.125,4.0,15,49
06073022000,0.30482826559432197,1.0,0.6219354296259985,1.0,0.39715614875529587,1.0,0.24145830463332874,1.0,0.2684759334943435,1.0,0.24960790736687466,1.0,0.8138398914518318,1.0,1.0,0.41390026870314217,41.390026870314216,4529,447,72188.0,4.4,15.8,14.7,508,84.1,0.0,3861,711,16.4,12.6,50.94207955338451,21.660649819494584,17.641863546036653,12.936221419975933,65.61743341404357,5.675368898978434,26.054316626186797,52.28375856,13.056558363417569,38.427947598253276,92.35860409145607,31.5,24.25,172.125,81.5,73.5,114.375,27.375,0.3772048846675712,0.15117891816920942,0.6198910081743869,0.07103825136612019,0.07152588555858311,0.7896879240162822,0.45163487738419617,0.6955617198335645,0.5094979647218454,0.17096336499321574,0.5027210884353741,0.40544217687074835,0.6470588235294117,0.04371584699453557,0.21904761904761905,0.056010928961748634,0.016528925619834656,0.40573770491803274,0.37687074829931977,0.2747663551401869,0.07786885245901642,0.43051771117166215,0.24043715846994534,0.94640434192673,0.776797829036635,0.8181818181818182,0.816146540027137,0.7937584803256446,0.8297150610583447,0.8113975576662144,192,17.625,10.7,53,50
06073008003,0.7857504656295995,1.0,0.623493776115005,1.0,0.7302561865994702,1.0,0.48108506460151723,1.0,0.536145866439089,1.0,0.4239588451631155,1.0,0.5504748982360923,1.0,1.0,0.5901664432548411,59.016644325484116,3540,187,169013.0,3.8,1.7,73.4,728,82.8,0.0,3469,347,15.3,7.9,35.693215339233035,2.9177718832891246,25.651189127972817,41.43236074270557,14.479638009049776,10.536307546274323,24.858757062146893,8.599875544,3.7665782493368702,35.74821852731592,93.26259946949602,8.5,19.25,74.375,34.625,30.5,44.375,8.5,0.7367706919945726,0.8890429958391124,0.7091280653950953,0.8080601092896175,0.9155313351498637,0.9294436906377205,0.40463215258855584,0.6955617198335645,0.6119402985074627,0.6614654002713705,0.6693877551020408,0.9782312925170068,0.8864569083447332,0.6366120218579234,0.0897959183673469,0.3114754098360656,0.7100550964187328,0.14480874316939896,0.4,0.8897196261682243,0.4972677595628415,0.4931880108991825,0.2814207650273224,0.2327001356852103,0.5630936227951153,0.5739484396200815,0.5671641791044776,0.5461329715061058,0.5719131614654003,0.4932157394843962,119,5.875,4.6,14,51
06073008006,0.7938362500890327,1.0,0.5834660228821601,1.0,0.7426342314402017,1.0,0.4886340659023808,1.0,0.4292372844547478,1.0,0.7166758485827588,1.0,0.48833107191316144,1.0,1.0,0.606116396466349,60.6116396466349,3870,150,143977.0,2.4,2.8,80.9,759,74.0,0.0,3633,282,15.1,8.4,34.280936454849495,1.8152696209289907,29.820452771272443,36.14522156967432,30.808080808080806,15.668617739756865,27.131782945736433,6.421904169,1.7084890549919913,32.89623717217788,98.718633208756,7.0,19.25,53.0,22.75,23.125,31.875,7.875,0.8073270013568521,0.7877947295423023,0.888283378746594,0.6919398907103825,0.9741144414168937,0.9348710990502035,0.1784741144414169,0.6955617198335645,0.5658073270013568,0.7618724559023067,0.6904761904761905,0.9523809523809523,0.9001367989056087,0.7404371584699454,0.05986394557823127,0.2540983606557377,0.3553719008264463,0.07240437158469948,0.3564625850340136,0.9327102803738317,0.7363387978142076,0.5899182561307902,0.8237704918032787,0.1546811397557666,0.5630936227951153,0.5128900949796472,0.48236092265943015,0.46472184531886024,0.519674355495251,0.46200814111261873,84,3.25,4.7,12,51
06073008361,0.43038103990531124,1.0,0.5991805823612077,1.0,0.7472837574649941,1.0,0.37954501854115646,1.0,0.4983316338955701,1.0,0.7004139307038311,1.0,0.3449118046132972,1.0,1.0,0.5285782524979097,52.85782524979097,2798,822,112426.0,12.0,0.0,76.6,324,89.9,0.0,2619,177,17.1,9.6,55.210643015521065,3.134996801023673,26.15774240231549,36.14843250159949,12.337662337662337,4.169221336603311,70.05003573981415,29.5208463,4.73448496481126,15.784215784215785,98.1445937300064,6.0,20.5,34.875,18.125,16.5,16.875,5.0,0.1350067842605156,0.5436893203883495,0.07493188010899188,0.967896174863388,0.944141689373297,0.5027137042062415,0.7050408719346049,0.6955617198335645,0.8344640434192673,0.9084124830393487,0.4102040816326531,0.8360544217687075,0.560875512995896,0.6174863387978142,0.08435374149659869,0.25546448087431695,0.7644628099173554,0.5669398907103825,0.08435374149659869,0.577570093457944,0.40300546448087426,0.9455040871934605,0.7527322404371585,0.1248303934871099,0.6227951153324288,0.3208955223880597,0.36974219810040704,0.35074626865671643,0.32903663500678426,0.3541383989145183,57,1.625,8.1,10,60
06073008362,0.6031471921096841,1.0,0.6793799693746173,1.0,0.8488683668854244,1.0,0.39650072571918593,1.0,0.26125564920555355,1.0,0.6890147059553412,1.0,0.37924016282225237,1.0,1.0,0.5510581102960084,55.10581102960084,3320,240,127500.0,7.0,1.9,88.7,436,94.0,0.0,3101,129,14.1,8.8,54.72222222222223,5.941845764854614,17.996965098634295,50.12642225031606,48.18941504178273,8.076699593259733,52.10843373493976,32.32109521,5.499367888748419,14.381022979985175,98.29329962073325,8.5,19.75,38.25,19.75,17.625,19.375,5.0,0.6465400271370421,0.6699029126213593,0.31062670299727524,0.7855191256830601,0.9965940054495913,0.7028493894165536,0.8664850136239782,0.6955617198335645,0.7096336499321574,0.9538670284938942,0.8047619047619048,0.9272108843537414,0.5704514363885089,0.39754098360655743,0.20544217687074828,0.412568306010929,0.12809917355371903,0.2568306010928961,0.12925170068027214,0.530841121495327,0.33333333333333337,0.9618528610354223,0.7718579234972678,0.2327001356852103,0.582089552238806,0.3677069199457259,0.4287652645861601,0.36702849389416553,0.378561736770692,0.3541383989145183,61,2.125,5.1,15,56
06073016706,0.3183800678157428,1.0,0.3807415661467635,1.0,0.43862944092155176,1.0,0.5500998149927145,1.0,0.6803952877723369,0.75,0.5339941831320757,1.0,0.317774762550882,1.0,1.0,0.4600021604760096,46.00021604760096,2694,415,92353.0,6.9,10.8,30.3,96,74.3,0.0,2499,384,19.4,15.0,69.5906432748538,3.0837004405286343,5.605048255382331,60.46255506607929,23.006134969325153,0.3293084522502744,15.961395694135113,,2.8634361233480177,47.974217311233886,98.7885462555066,17.0,16.25,32.125,14.0,18.75,13.125,5.5,0.412483039348711,0.3564493758668516,0.3208446866485014,0.1837431693989071,0.3188010899182561,0.08412483039348712,0.1846049046321526,0.6955617198335645,0.864314789687924,0.6004070556309362,0.13537414965986394,0.15442176870748303,0.20246238030095765,0.6229508196721312,0.8367346938775511,0.5382513661202186,0.5151515151515151,0.8784153005464481,0.6476190476190475,,0.5969945355191257,0.17438692098092645,0.8306010928961749,0.5888738127544098,0.412483039348711,0.29918588873812757,0.26322930800542743,0.38466757123473544,0.25848032564450474,0.38331071913161463,42,4.0,9.8,30,50
06073017031,0.7665889517991228,1.0,0.41063500071978093,1.0,0.7655403409667803,1.0,0.7835133433853908,1.0,0.5721807920159075,1.0,0.6602815125841882,1.0,0.14477611940298507,1.0,1.0,0.5862165801248793,58.621658012487934,3522,206,163594.0,0.4,4.8,59.9,255,91.7,18.181818181818183,3394,278,14.6,9.1,19.06474820143885,0.0,11.265164644714037,78.43289371605896,14.482758620689657,6.1863173216885015,11.357183418512209,40.34847542,1.7067494181536074,34.93333333333333,97.98293250581847,7.5,14.5,14.125,9.375,4.375,7.5,0.625,0.7082767978290366,0.871012482662968,0.9836512261580381,0.5034153005464481,0.7370572207084468,0.34531886024423336,0.776566757493188,0.08044382801664351,0.6383989145183175,0.7672998643147897,0.754421768707483,0.9020408163265307,0.9740082079343365,0.950136612021858,0.44897959183673475,0.7609289617486339,0.7079889807162534,0.3702185792349727,0.7768707482993198,0.4336448598130841,0.7377049180327868,0.5108991825613078,0.73224043715847,0.1791044776119403,0.34531886024423336,0.15061058344640435,0.1587516960651289,0.10854816824966079,0.1784260515603799,0.12754409769335143,24,2.0,5.1,13,44
06073017034,0.5649894658607474,1.0,0.5815730847982422,1.0,0.4712105059119984,1.0,0.43442697704320005,1.0,0.602945462606904,1.0,0.8258599981139847,1.0,0.14165535956580733,1.0,1.0,0.5175229791286977,51.75229791286977,5792,115,138308.0,5.0,13.1,54.4,378,89.9,0.0,5679,492,15.7,10.4,60.984848484848484,6.5425023877745945,10.987261146496815,57.879656160458445,30.55141579731744,5.420054200542006,8.632596685082873,15.90541381,0.5253104106972302,29.01155327342747,98.94937917860554,11.0,17.25,13.125,9.75,4.875,5.625,0.625,0.8690637720488467,0.7461858529819695,0.5367847411444142,0.10792349726775952,0.6573569482288828,0.6160108548168249,0.7050408719346049,0.6955617198335645,0.13161465400271366,0.43894165535956575,0.6176870748299319,0.6965986394557824,0.4021887824897401,0.3688524590163934,0.4666666666666667,0.5,0.359504132231405,0.42486338797814205,0.8666666666666667,0.7607476635514019,0.9098360655737705,0.7057220708446866,0.8620218579234973,0.3568521031207598,0.45861601085481685,0.13161465400271372,0.17639077340569878,0.13568521031207598,0.13704206241519673,0.12754409769335143,20,2.0,6.2,21,58
06073017035,0.5730184135733228,1.0,0.5771804147573149,1.0,0.6149505256648113,1.0,0.5476720291624084,1.0,0.7762855854007196,1.0,0.3324945528903183,1.0,0.07937584803256445,1.0,1.0,0.5001396242116372,50.01396242116372,3396,674,129348.0,4.3,1.9,56.5,327,89.7,0.0,3254,386,15.5,11.5,45.27421236872812,4.444444444444445,7.409638554216867,30.317460317460316,6.382978723404255,2.097902097902098,19.729093050647823,7.940261357,11.34920634920635,38.60424028268552,95.3968253968254,12.5,16.5,7.375,6.25,2.625,1.25,0.625,0.1926729986431479,0.6837725381414702,0.6301089918256131,0.7855191256830601,0.6900544959128065,0.5122116689280869,0.6975476839237057,0.6955617198335645,0.6743554952510176,0.5983717774762551,0.6448979591836734,0.5421768707482993,0.7551299589603283,0.5109289617486339,0.7238095238095238,0.20081967213114754,0.9152892561983471,0.744535519125683,0.5387755102040817,0.9065420560747663,0.12431693989071035,0.42098092643051777,0.4521857923497268,0.44301221166892807,0.42469470827679784,0.05563093622795115,0.09972862957937585,0.06241519674355495,0.051560379918588875,0.12754409769335143,11,1.0,7.5,24,59
06073017036,0.7649847057132229,1.0,0.5062741088169026,1.0,0.8093869705276955,1.0,0.7191692956252269,1.0,0.7823707036637492,1.0,0.6783549976921129,1.0,0.09620081411126188,1.0,1.0,0.6223916565928816,62.23916565928816,3329,52,162083.0,5.8,1.7,65.7,278,90.9,10.135135135135135,3210,278,13.4,8.9,23.905723905723907,1.0919017288444042,11.936176741331698,72.975432211101,7.829977628635347,2.657218777679362,13.21718233703815,11.59925327,3.548680618744313,30.17241379310345,98.9080982711556,12.0,17.75,11.625,8.125,2.625,4.375,0.0,0.9633649932157395,0.8668515950069348,0.42166212534059944,0.8080601092896175,0.8208446866485014,0.40637720488466755,0.7431880108991825,0.15950069348127605,0.683853459972863,0.7672998643147897,0.8666666666666667,0.9197278911564626,0.9644322845417237,0.8210382513661202,0.4122448979591836,0.6789617486338798,0.8732782369146006,0.6953551912568305,0.7197278911564626,0.8411214953271028,0.5136612021857924,0.6662125340599455,0.855191256830601,0.4185888738127544,0.4891451831750339,0.11194029850746269,0.13432835820895522,0.06241519674355495,0.1255088195386703,0.046811397557666216,20,0.5,4.8,20,60
06073017037,0.6641514141468814,1.0,0.6120070556425592,1.0,0.5118359962709643,1.0,0.49294490956885995,1.0,0.584685218749913,1.0,0.7249457770630773,1.0,0.15359565807327,1.0,1.0,0.5348808613593606,53.488086135936065,5194,189,132813.0,5.3,2.5,56.7,494,85.5,0.0,4862,556,14.5,10.5,68.58846918489066,5.093099671412924,8.644589911436272,72.45345016429354,25.296442687747035,5.093555093555094,12.514439738159414,22.33976353,1.9715224534501645,34.962406015037594,100.0,12.5,18.75,14.5,9.375,4.875,6.25,1.125,0.7327001356852103,0.7087378640776699,0.49863760217983655,0.7165300546448088,0.6934604904632152,0.7781546811397557,0.5286103542234333,0.6955617198335645,0.25915875169606517,0.3419267299864315,0.763265306122449,0.6829931972789116,0.2202462380300958,0.4576502732240437,0.6258503401360545,0.6680327868852459,0.4628099173553719,0.45355191256830596,0.7401360544217688,0.6822429906542056,0.6967213114754098,0.5095367847411444,0.9685792349726776,0.44301221166892807,0.5332428765264586,0.15807327001356852,0.1587516960651289,0.13568521031207598,0.14925373134328357,0.16621438263229307,24,0.5,6.2,24,62
06073019304,0.6403299025678182,1.0,0.5140150057360354,1.0,0.5821481645575463,1.0,0.3713114982935607,1.0,0.40536011902841795,0.75,0.7154400123087307,1.0,0.45291723202170964,1.0,1.0,0.5259317049305455,52.59317049305455,3186,191,106657.0,2.8,4.7,39.9,320,88.1,0.0,2830,488,16.3,11.3,90.79754601226993,6.672519754170326,15.706641485678313,83.23090430201931,24.2152466367713,5.004170141784821,33.58443188951663,,0.877963125548727,37.66816143497758,98.85864793678665,19.0,8.0,45.25,19.5,22.25,20.0,9.625,0.7306648575305292,0.47434119278779474,0.8392370572207084,0.5170765027322404,0.4768392370572207,0.4932157394843962,0.638283378746594,0.6955617198335645,0.7937584803256446,0.44843962008141114,0.5183673469387755,0.5680272108843538,0.012311901504788003,0.36338797814207646,0.2707482993197279,0.8387978142076503,0.49173553719008267,0.46448087431693985,0.25986394557823134,,0.8538251366120219,0.446866485013624,0.8456284153005464,0.6546811397557666,0.1255088195386703,0.4701492537313433,0.417910447761194,0.44776119402985076,0.3941655359565807,0.5345997286295794,45,3.5,6.9,34,17
06073019209,0.5044230669050125,1.0,0.3684893826747256,1.0,0.614056341668282,1.0,0.7646859887683628,1.0,0.8047920428163136,0.75,0.3879496036886487,1.0,0.3478968792401629,1.0,1.0,0.5417561865373582,54.175618653735825,2792,413,140417.0,9.2,3.1,43.5,426,66.7,0.0,2603,443,14.6,12.9,38.095238095238095,3.7178265014299336,6.585275619681835,84.46139180171592,6.808510638297872,1.317027281279398,14.326647564469916,,3.813155386081983,63.48122866894198,97.23546234509057,5.5,7.5,36.75,14.875,16.75,18.125,6.375,0.4172320217096337,0.7628294036061026,0.17711171662125336,0.66051912568306,0.5170299727520435,0.6858887381275441,0.09332425068119891,0.6955617198335645,0.841248303934871,0.49592944369063774,0.754421768707483,0.36462585034013606,0.8556771545827633,0.5614754098360656,0.7850340136054421,0.8565573770491803,0.9008264462809917,0.819672131147541,0.6938775510204082,,0.4931693989071039,0.03133514986376018,0.639344262295082,0.11533242876526459,0.10379918588873813,0.34260515603799185,0.2876526458616011,0.3541383989145183,0.3521031207598372,0.40298507462686567,50,4.5,6.0,11,17
06073020813,0.7120077926883316,1.0,0.25543101261578066,1.0,0.17227060430685162,1.0,0.4277481331838874,1.0,0.5788761885099973,0.75,0.5521557650025065,1.0,0.02130257801899593,1.0,1.0,0.3885417249037645,38.85417249037645,5898,247,115893.0,1.1,3.0,16.5,281,86.2,3.7209302325581395,5728,527,20.1,16.1,80.44280442804428,20.51282051282051,4.913793103448276,76.78812415654521,21.489001692047378,4.878048780487805,13.903017972193965,,0.7422402159244265,45.20156974669997,96.28879892037787,4.5,4.5,1.125,1.125,0.0,0.0,0.0,0.6309362279511533,0.5769764216366158,0.9666212534059946,0.6734972677595629,0.10422343324250681,0.4185888738127544,0.5626702997275205,0.3134535367545076,0.12483039348710989,0.3873812754409769,0.09523809523809523,0.08163265306122447,0.050615595075239384,0.05327868852459017,0.8680272108843538,0.7390710382513661,0.5537190082644627,0.4795081967213115,0.7034013605442178,,0.8770491803278688,0.23297002724795646,0.546448087431694,0.09497964721845319,0.03867028493894165,0.014246947082767978,0.016960651289009497,0.011533242876526458,0.016960651289009497,0.046811397557666216,1,0.0,11.1,9,18
06073016621,0.6976827324344821,1.0,0.4613884617159821,1.0,0.4816760354073787,1.0,0.676136052972466,1.0,0.9066862625463861,0.75,0.6127105016304105,1.0,0.5066485753052917,1.0,1.0,0.6204183745731996,62.04183745731996,4265,264,154577.0,3.8,3.2,41.7,229,85.8,0.0,4167,440,16.6,11.7,58.26771653543307,1.8374558303886925,9.27105449398443,89.54063604240282,7.600950118764846,0.0,7.502930832356389,,1.4134275618374559,44.81605351170568,98.58657243816255,6.5,20.0,49.125,26.25,25.375,28.75,8.875,0.596336499321574,0.8377253814147018,0.7091280653950953,0.6475409836065573,0.49727520435967304,0.29850746268656714,0.5463215258855586,0.6955617198335645,0.43419267299864317,0.5020352781546811,0.47687074829931975,0.5136054421768708,0.46922024623803005,0.7390710382513661,0.5809523809523809,0.9153005464480874,0.8801652892561983,0.9405737704918032,0.8993197278911564,,0.7814207650273224,0.2438692098092643,0.8128415300546448,0.13636363636363635,0.5943012211668928,0.5047489823609227,0.5128900949796472,0.5067842605156038,0.5047489823609227,0.5040705563093623,87,5.75,6.5,12,57
06073016404,0.03079265549917518,1.0,0.457475342151555,1.0,0.14027889310405306,1.0,0.2481793460807884,1.0,0.4335054750798843,0.75,0.08279978956040956,1.0,0.4327001356852104,1.0,1.0,0.26081880530872514,26.081880530872514,4110,1700,46835.0,17.7,14.9,7.8,268,87.1,0.0,3808,1115,22.9,18.9,47.85714285714286,25.082872928176798,39.97071742313324,36.353591160220994,55.970149253731336,0.0,30.90024330900243,,11.602209944751381,53.46907993966818,86.07734806629834,18.5,16.5,42.5,18.75,24.75,20.0,7.75,0.008141112618724522,0.020804438280166437,0.013623978201634857,0.0806010928961749,0.008174386920980926,0.3778833107191316,0.6008174386920981,0.6955617198335645,0.5237449118046134,0.016282225237449155,0.0156462585034014,0.0054421768707483276,0.7017783857729138,0.020491803278688492,0.010884353741496544,0.25956284153005466,0.06198347107438018,0.9405737704918032,0.2979591836734694,,0.11202185792349728,0.08583106267029972,0.050546448087431695,0.6377204884667571,0.42469470827679784,0.43012211668928085,0.3894165535956581,0.494572591587517,0.3941655359565807,0.4552238805970149,55,4.125,18.5,28,51
06073009109,0.7363306359702038,1.0,0.4938497002348073,1.0,0.6131076989818993,1.0,0.49382596538424745,1.0,0.6559611904193552,0.75,0.9738296779380891,1.0,0.7598371777476256,1.0,1.0,0.6752488638108897,67.52488638108896,3281,20,176250.0,11.7,0.0,58.7,53,25.9,0.0,3164,268,25.3,8.2,0.0,0.0,35.96464492532764,0.0,0.0,41.17647058823529,3.047851264858275,,0.0,10.024154589371982,100.0,20.5,25.0,146.75,65.75,67.0,93.125,22.75,0.9837177747625508,0.9140083217753121,0.07970027247956402,0.967896174863388,0.720708446866485,0.033921302578018994,0.004087193460490463,0.6955617198335645,0.694708276797829,0.7869742198100407,0.0054421768707483276,0.9653061224489796,0.9958960328317373,0.950136612021858,0.024489795918367308,0.0047814207650273225,0.9855371900826446,0.008196721311475419,0.9741496598639455,,0.967896174863388,0.9850136239782017,0.9685792349726776,0.694708276797829,0.8141112618724559,0.7666214382632293,0.751696065128901,0.7747625508819539,0.7618724559023067,0.7442333785617368,185,12.875,12.7,37,52
06073007402,0.5822198987808856,1.0,0.5676704343152102,1.0,0.60060227618863,1.0,0.5187288087175396,1.0,0.6655794616993255,0.75,0.46104510057920517,1.0,0.6736770691994572,1.0,1.0,0.5813604356400363,58.13604356400363,3835,437,121103.0,3.1,4.7,66.0,466,58.5,0.0,3538,432,16.4,9.9,46.85466377440347,1.7615971814445095,14.743765415182242,41.338813857897826,20.042194092827003,0.0,22.16427640156454,,5.284791544333529,25.942782834850455,92.71873165002937,11.5,22.25,109.875,50.75,46.5,71.25,15.625,0.38670284938941657,0.6171983356449375,0.8079019073569482,0.5170765027322404,0.8256130790190735,0.7435549525101763,0.04427792915531335,0.6955617198335645,0.5915875169606513,0.5230664857530529,0.5027210884353741,0.7850340136054421,0.7236662106703147,0.7459016393442623,0.2952380952380952,0.31010928961748635,0.5867768595041323,0.9405737704918032,0.4693877551020408,,0.3579234972677595,0.7724795640326976,0.2527322404371585,0.3860244233378562,0.7109905020352781,0.6811397557666214,0.6763907734056988,0.666214382632293,0.6824966078697422,0.6621438263229308,166,9.25,5.7,18,51
06073016704,0.5369423439921064,1.0,0.44701054973487153,1.0,0.24214641080312724,1.0,0.3861395454102342,1.0,0.610306508007168,0.75,0.4553250150136736,1.0,0.4789687924016282,1.0,1.0,0.4509770236232585,45.09770236232585,7583,283,112045.0,3.8,7.3,36.1,560,74.4,17.391304347826086,7257,1103,16.9,11.9,64.75315729047072,5.254515599343185,17.17914438502674,64.24466338259441,25.862068965517242,4.245283018867925,9.890544639324807,,2.832512315270936,33.91405342624855,92.07717569786536,20.5,17.25,44.875,22.0,26.125,22.5,8.375,0.5637720488466758,0.536754507628294,0.7091280653950953,0.33811475409836067,0.4209809264305177,0.8351424694708277,0.1880108991825613,0.0846047156726768,0.027137042062415184,0.01763907734056991,0.4387755102040817,0.4850340136054422,0.29822161422708615,0.4412568306010929,0.22721088435374148,0.5778688524590164,0.4504132231404959,0.5573770491803278,0.8231292517006803,,0.6024590163934427,0.5531335149863761,0.2103825136612022,0.694708276797829,0.45861601085481685,0.46404341926729986,0.4769335142469471,0.5189959294436907,0.44843962008141114,0.4864314789687924,60,5.125,7.0,40,51
06073016620,0.6785919561116291,1.0,0.4270393686871949,1.0,0.5678199909543193,1.0,0.38461631888744824,1.0,0.6582049086626477,0.75,0.6877255153040206,1.0,0.5419267299864315,1.0,1.0,0.5637035412276702,56.37035412276702,2411,118,96855.0,3.4,2.7,29.8,252,78.4,0.0,2316,167,18.7,13.8,83.85650224215246,3.968253968253968,14.969801553062986,73.24263038548753,10.847457627118644,6.070287539936102,10.783907092492742,,1.473922902494331,40.128755364806864,99.43310657596372,9.0,21.75,60.5,30.0,31.625,34.375,9.875,0.8616010854816825,0.3869625520110957,0.7656675749318801,0.700136612021858,0.3106267029972752,0.33989145183175035,0.26907356948228883,0.6955617198335645,0.8887381275440978,0.9158751696065128,0.20612244897959187,0.2605442176870748,0.02188782489740082,0.5450819672131147,0.2884353741496599,0.6830601092896175,0.800275482093664,0.3797814207650273,0.7945578231292517,,0.7759562841530054,0.37738419618528607,0.9098360655737705,0.26119402985074625,0.6858887381275441,0.5318860244233379,0.5427408412483039,0.5522388059701493,0.5312075983717774,0.5515603799185889,103,6.75,8.7,16,57
06073016813,0.8005679702844718,1.0,0.3733249398405931,1.0,0.3943607565142746,1.0,0.46276727236834503,1.0,0.9204950367447706,0.75,0.4200714204176035,1.0,0.1130257801899593,1.0,1.0,0.49780188233714545,49.78018823371455,3322,161,108958.0,1.4,0.0,32.9,233,85.7,0.0,3271,780,15.9,14.4,80.61224489795919,4.473684210526316,13.304455445544555,91.40350877192982,0.0,0.0,9.331727874774232,,0.8771929824561403,44.004171011470284,90.43859649122807,3.5,12.25,9.5,4.0,5.5,3.125,1.25,0.7896879240162822,0.492371705963939,0.952316076294278,0.967896174863388,0.364441416893733,0.3066485753052917,0.5401907356948229,0.6955617198335645,0.6709633649932157,0.11872455902306644,0.5891156462585034,0.1986394557823129,0.04787961696306431,0.5068306010928962,0.35510204081632657,0.9412568306010929,0.9855371900826446,0.9405737704918032,0.8353741496598639,,0.855191256830601,0.2615803814713896,0.14344262295081966,0.07462686567164178,0.25848032564450474,0.08208955223880597,0.04748982360922659,0.15943012211668928,0.09701492537313433,0.1791044776119403,17,1.0,6.5,7,42
06073016812,0.474124737100464,1.0,0.28401301543980784,1.0,0.46223012950091835,1.0,0.8548417537049131,1.0,0.8756519082365367,0.75,0.1947087347319625,1.0,0.0864314789687924,1.0,1.0,0.4617145368119136,46.17145368119136,2978,354,72986.0,7.2,0.0,22.9,86,85.7,0.0,2858,637,15.7,14.3,24.137931034482758,0.8821170809943866,8.234496780752288,92.38171611868484,0.0,1.4229249011857708,9.738079247817328,,9.30232558139535,46.05714285714286,91.7401764234162,3.0,7.75,7.75,2.875,4.875,2.5,0.625,0.48100407055630934,0.15672676837725383,0.2908719346049047,0.967896174863388,0.2186648501362398,0.06648575305291723,0.5401907356948229,0.6955617198335645,0.7869742198100407,0.2347354138398915,0.6176870748299319,0.20952380952380956,0.960328317373461,0.8401639344262295,0.6612244897959183,0.9576502732240437,0.9855371900826446,0.8142076502732241,0.8272108843537415,,0.18715846994535523,0.2098092643051771,0.1871584699453552,0.06987788331071913,0.11329715061058344,0.059023066485753055,0.033921302578018994,0.13568521031207598,0.07598371777476255,0.12754409769335143,15,1.0,6.5,5,27
06073018805,0.6025685600071765,1.0,0.3806104715577812,1.0,0.6303637194362142,1.0,0.8460637199981021,1.0,0.5507889350022627,0.75,0.38570003424606547,1.0,0.08018995929443691,1.0,1.0,0.49661219993457706,49.661219993457706,4109,170,125871.0,7.1,3.0,48.8,78,94.6,0.0,3865,372,13.3,11.6,40.707964601769916,0.0,7.987298485588666,89.81670061099797,20.305676855895197,5.516356638871072,15.818934047213434,,1.9687712152070607,78.2824112303881,95.45145960624576,0.5,4.0,11.0,7.0,4.0,0.625,0.0,0.7747625508819539,0.6629680998613038,0.2990463215258855,0.6734972677595629,0.5871934604904632,0.05223880597014925,0.8896457765667575,0.6955617198335645,0.5047489823609226,0.6105834464043419,0.8768707482993198,0.5292517006802722,0.8276333789329685,0.950136612021858,0.6843537414965987,0.9221311475409836,0.581267217630854,0.4193989071038251,0.6517006802721088,,0.6980874316939891,0.0013623978201634523,0.4576502732240437,0.025101763907734057,0.033921302578018994,0.10515603799185888,0.11194029850746269,0.09769335142469471,0.03934871099050204,0.046811397557666216,19,1.0,4.9,1,16
06073016619,0.6258840229192428,1.0,0.5629172926665057,1.0,0.3314674309343819,1.0,0.7054219915186815,1.0,0.5409582303770083,0.75,0.34261823578167877,1.0,0.6124830393487108,1.0,1.0,0.5316786062208871,53.16786062208871,4319,367,96630.0,2.1,2.2,37.5,478,83.2,0.0,4179,582,17.4,14.2,61.37820512820513,0.6030701754385964,2.862462182918315,65.0767543859649,30.885529157667385,4.3022035676810075,12.965964343598054,,5.263157894736842,42.34752589182969,94.4078947368421,11.5,21.5,81.875,41.0,42.0,48.125,12.875,0.46404341926729986,0.3841886269070735,0.9087193460490464,0.7465846994535519,0.44073569482288827,0.7611940298507462,0.42302452316076294,0.6955617198335645,0.4274084124830394,0.3154681139755766,0.3659863945578231,0.2170068027210884,0.3898768809849521,0.8715846994535519,0.9714285714285714,0.5887978142076503,0.3526170798898072,0.5464480874316939,0.7238095238095238,,0.360655737704918,0.3051771117166212,0.3620218579234973,0.3860244233378562,0.6709633649932157,0.6051560379918589,0.6058344640434192,0.6309362279511533,0.6004070556309362,0.6200814111261872,137,8.25,8.4,21,52
06073018804,0.7087265963780438,1.0,0.18536075172246647,1.0,0.4362854096862625,1.0,0.8249855622767598,1.0,0.7532991185003107,0.75,0.33739571080438546,1.0,0.17625508819538668,1.0,1.0,0.4889011767948022,48.89011767948022,5023,147,124911.0,5.2,1.2,55.1,228,48.5,30.952380952380953,4832,746,13.5,12.0,16.783216783216783,0.5676442762535477,10.807577268195413,93.23557237464523,7.3569482288828345,2.8938906752411575,14.134979096157675,,4.446546830652791,62.507836990595614,96.16840113528855,2.0,4.5,17.125,9.625,5.625,5.0,2.5,0.8113975576662144,0.6574202496532594,0.5115803814713896,0.8545081967213115,0.6696185286103542,0.29579375848032563,0.01907356948228883,0.03744798890429957,0.26594301221166894,0.14450474898236088,0.8612244897959184,0.47346938775510206,0.9822161422708618,0.8756830601092896,0.4748299319727891,0.9672131147540983,0.8884297520661157,0.6762295081967213,0.6952380952380952,,0.43579234972677594,0.03950953678474112,0.5368852459016393,0.051560379918588875,0.03867028493894165,0.18046132971506107,0.17028493894165536,0.1628222523744912,0.13297150610583447,0.23473541383989144,30,1.0,4.8,4,16
06073018620,0.7154728981514386,1.0,0.2744009013754997,1.0,0.5985487682182777,1.0,0.569915001837563,1.0,0.4741716566498342,0.75,0.5673406689398113,1.0,0.3510176390773406,1.0,1.0,0.5072667906071093,50.726679060710936,2328,118,118241.0,2.0,5.0,18.6,112,84.1,0.0,2204,104,18.4,13.7,32.5,7.166666666666667,12.260034904013962,67.0,35.199999999999996,2.4390243902439024,23.195876288659793,,0.8333333333333334,57.953568357695616,98.33333333333333,8.0,5.75,35.25,16.5,17.25,15.0,7.625,0.8616010854816825,0.59500693481276,0.9162125340599455,0.4890710382513661,0.13896457765667575,0.10312075983717775,0.45163487738419617,0.6955617198335645,0.9090909090909091,0.9742198100407056,0.2387755102040816,0.27210884353741494,0.9192886456908345,0.34289617486338797,0.40272108843537413,0.6147540983606558,0.26859504132231404,0.7103825136612022,0.4435374149659864,,0.860655737704918,0.05994550408719346,0.7814207650273224,0.20352781546811397,0.05359565807327001,0.3256445047489824,0.32225237449118044,0.36092265943012214,0.30325644504748983,0.44301221166892807,49,2.0,11.3,13,17
06073018525,0.7121043111650252,1.0,0.32155036824561084,1.0,0.6343530492251175,1.0,0.5214441495240871,1.0,0.7238354913839266,0.75,0.588625343081054,1.0,0.40949796472184535,1.0,1.0,0.5587729539066667,55.87729539066667,3963,108,134475.0,5.4,2.1,44.1,262,77.7,9.941520467836257,3680,326,15.0,11.2,73.05389221556887,3.1982942430703627,11.278387343710131,88.13077469793888,22.530864197530864,0.0,13.878374968458239,,0.6396588486140725,47.017129356172475,97.6545842217484,15.5,7.25,41.0,18.5,19.75,17.5,9.0,0.8846675712347354,0.7212205270457698,0.4843324250681199,0.7581967213114754,0.529291553133515,0.35888738127544095,0.24455040871934605,0.16088765603328714,0.5590230664857531,0.6919945725915875,0.7013605442176871,0.5850340136054422,0.13132694938440492,0.6120218579234973,0.4476190476190476,0.894808743169399,0.5261707988980716,0.9405737704918032,0.7047619047619047,,0.894808743169399,0.18937329700272476,0.6816939890710383,0.5413839891451832,0.09430122116689281,0.41655359565807326,0.378561736770692,0.4023066485753053,0.3385345997286296,0.5115332428765265,45,3.0,6.0,28,17
06073018524,0.5843345547471269,1.0,0.4366292998833321,1.0,0.4655551094250454,1.0,0.32535021442812734,1.0,0.42224077817009475,0.75,0.41640858037650813,1.0,0.41940298507462687,1.0,1.0,0.4385602174435516,43.85602174435516,3448,566,103458.0,3.2,1.6,35.5,361,79.7,0.0,3183,326,18.7,13.7,71.04072398190046,3.953488372093023,19.039198349543177,48.604651162790695,3.7854889589905363,9.282700421940929,50.17401392111369,,8.992248062015504,43.212951432129515,98.29457364341086,15.5,7.25,42.125,18.625,21.875,17.5,9.0,0.27408412483039346,0.44521497919556174,0.797683923705722,0.8203551912568305,0.414850136239782,0.573270013568521,0.30040871934604907,0.6955617198335645,0.6919945725915875,0.6919945725915875,0.20612244897959187,0.27210884353741494,0.1723666210670315,0.5505464480874317,0.18231292517006803,0.39617486338797814,0.9435261707988981,0.18306010928961747,0.14013605442176869,,0.19262295081967218,0.2833787465940054,0.773224043715847,0.5413839891451832,0.09430122116689281,0.42740841248303935,0.383989145183175,0.4355495251017639,0.3385345997286296,0.5115332428765265,43,3.0,10.4,27,17
06073018522,0.6047430872805468,1.0,0.43673452001456625,1.0,0.5773373392776378,1.0,0.4371475391529086,1.0,0.3219554804715546,0.75,0.47257336847277437,1.0,0.4812754409769335,1.0,1.0,0.4759666822352745,47.59666822352745,5332,160,146406.0,4.7,8.9,58.5,740,72.2,11.888111888111888,5037,389,15.5,9.5,73.90438247011953,3.4250129735339905,12.637571157495255,71.45822522055008,27.631578947368425,5.908203125,47.074268567141786,,1.7125064867669952,51.255605381165914,96.574987026466,16.5,7.75,47.25,20.0,26.125,20.0,10.25,0.7917232021709634,0.8002773925104022,0.5783378746594006,0.24863387978142082,0.7159400544959128,0.9308005427408412,0.1539509536784741,0.13314840499306524,0.22116689280868385,0.5929443690637721,0.6448979591836734,0.8503401360544218,0.11901504787961692,0.5901639344262295,0.38367346938775515,0.6557377049180327,0.41597796143250687,0.389344262295082,0.16054421768707483,,0.7349726775956285,0.114441416893733,0.5683060109289617,0.573270013568521,0.11329715061058344,0.48846675712347354,0.4443690637720488,0.5189959294436907,0.3941655359565807,0.5603799185888738,44,3.5,6.1,27,17
06073017067,0.7847739643175793,1.0,0.5282272920872862,1.0,0.8090380657011786,1.0,0.669322010161289,1.0,0.8914953928100617,0.75,0.536079967044366,1.0,0.13025780189959296,1.0,1.0,0.6213134991459077,62.13134991459077,2979,154,224149.0,5.2,1.4,72.5,143,88.9,0.0,2898,326,13.1,9.3,52.17391304347826,3.096330275229358,8.69419268210809,81.53669724770643,9.48509485094851,0.0,7.049345417925478,,5.389908256880735,39.85507246376812,99.19724770642202,8.5,18.5,12.75,8.0,4.5,6.25,0.625,0.8012211668928086,0.986130374479889,0.5115803814713896,0.8401639344262295,0.9005449591280654,0.15739484396200815,0.6634877384196185,0.6955617198335645,0.7720488466757124,0.6919945725915875,0.8945578231292517,0.8775510204081632,0.627906976744186,0.6202185792349727,0.6176870748299319,0.8114754098360656,0.8250688705234159,0.9405737704918032,0.9088435374149659,,0.34562841530054644,0.38419618528610355,0.8784153005464481,0.2327001356852103,0.519674355495251,0.12415196743554953,0.13161465400271372,0.11872455902306649,0.14925373134328357,0.12754409769335143,23,0.5,4.9,16,61
06073019811,0.6626762903265043,1.0,0.3598054713560621,1.0,0.4393376346468031,1.0,0.43019346129607006,1.0,0.39153490868415286,0.75,0.5267429510182001,1.0,0.34002713704206244,1.0,1.0,0.45004540776712215,45.00454077671222,6394,413,136513.0,2.7,3.2,62.6,322,81.0,6.25,6160,821,13.6,10.2,70.28423772609818,2.046663937781416,18.56784706988405,67.82644289807614,27.40076824583867,4.5703125,35.18923991241789,,3.0699959066721245,49.86835176408636,99.01760130986492,7.0,9.0,36.25,14.75,19.125,15.0,5.75,0.4172320217096337,0.7364771151178918,0.8494550408719346,0.6475409836065573,0.773841961852861,0.4972862957937585,0.35149863760217986,0.2302357836338419,0.07462686567164178,0.09905020352781546,0.8523809523809524,0.7312925170068028,0.18604651162790697,0.7199453551912569,0.19319727891156457,0.6215846994535519,0.4228650137741047,0.5095628415300546,0.2421768707482993,,0.575136612021858,0.1362397820163488,0.8688524590163934,0.1546811397557666,0.15128900949796473,0.3378561736770692,0.2808683853459973,0.39009497964721845,0.30325644504748983,0.3880597014925373,51,4.5,4.9,14,24
06073018619,0.618179969033994,1.0,0.4265957113237766,1.0,0.6046022208069116,1.0,0.811717399502691,1.0,0.6249226041859638,0.75,0.6618405771206504,1.0,0.27232021709633647,1.0,1.0,0.5743112427243319,57.43112427243319,5048,110,150918.0,7.3,5.0,56.9,249,90.4,0.0,4713,492,13.3,9.8,28.67924528301887,2.066869300911854,7.190966719492868,83.22188449848025,19.393939393939394,4.582366589327147,11.885895404120443,,0.0,60.12422360248447,100.0,2.5,5.25,26.5,12.625,13.625,10.0,5.125,0.8799185888738128,0.8183079056865464,0.28542234332425065,0.4890710382513661,0.6995912806539509,0.33242876526458615,0.726158038147139,0.6955617198335645,0.29579375848032563,0.43894165535956575,0.8768707482993198,0.8068027210884354,0.945280437756498,0.7185792349726776,0.745578231292517,0.837431693989071,0.6033057851239669,0.5081967213114754,0.763265306122449,,0.967896174863388,0.049046321525885506,0.9685792349726776,0.06173677069199457,0.044097693351424695,0.24559023066485752,0.2327001356852103,0.3039348710990502,0.21370420624151967,0.3656716417910448,48,1.5,4.7,5,17
06073018617,0.5961888448461148,1.0,0.2917104833009589,1.0,0.5317053415667488,1.0,0.7248567860235974,1.0,0.7417568196948653,0.75,0.6391792359653171,1.0,0.32008141112618727,1.0,1.0,0.5493541317891129,54.93541317891128,3519,330,146900.0,6.8,2.2,33.7,214,85.8,3.389830508474576,3271,467,16.1,12.4,28.235294117647058,4.69061876247505,9.991435912075364,91.51696606786427,10.62992125984252,0.0,21.88121625461779,,0.39920159680638717,47.55351681957187,98.50299401197606,7.5,5.5,31.75,15.875,16.25,12.5,6.375,0.5074626865671642,0.8030513176144244,0.3276566757493188,0.7465846994535519,0.37806539509536785,0.2747625508819539,0.5463215258855586,0.32316227461858527,0.6709633649932157,0.4721845318860244,0.5564625850340136,0.42721088435374155,0.948016415868673,0.48360655737704916,0.5224489795918368,0.9453551912568307,0.8057851239669421,0.9405737704918032,0.4789115646258504,,0.9275956284153005,0.18119891008174382,0.8087431693989071,0.1791044776119403,0.048846675712347354,0.2937584803256445,0.3100407055630936,0.3487109905020353,0.24491180461329715,0.40298507462686567,48,2.0,8.2,12,17
06073018618,0.28286134021415565,1.0,0.3621650139276124,1.0,0.35335336305485565,1.0,0.3099800423409928,1.0,0.5621518647652349,0.75,0.39965654670617373,1.0,0.3985074626865671,1.0,1.0,0.3812393762422275,38.12393762422275,3946,532,83750.0,5.8,12.2,18.6,366,93.6,7.000000000000001,3362,499,19.2,14.5,58.778625954198475,13.691683569979714,15.288611544461778,44.11764705882353,30.676328502415455,0.0,25.595539787126206,,3.8539553752535496,47.89251844046365,96.14604462474645,10.0,6.25,39.125,17.125,19.875,16.875,9.625,0.29647218453188606,0.2766990291262136,0.42166212534059944,0.13661202185792354,0.13896457765667575,0.587516960651289,0.8494550408719346,0.22052704576976423,0.6472184531886025,0.42333785617367703,0.1551020408163265,0.18775510204081636,0.4623803009575923,0.15163934426229508,0.28027210884353737,0.34562841530054644,0.35812672176308535,0.9405737704918032,0.3877551020408163,,0.4904371584699454,0.17711171662125336,0.5314207650273224,0.30868385345997285,0.06784260515603799,0.38738127544097695,0.33514246947082765,0.40637720488466755,0.32903663500678426,0.5345997286295794,47,2.0,13.8,17,17
06073018622,0.17953755199481494,1.0,0.4120546871900484,1.0,0.29107039016420677,1.0,0.3936280135386217,1.0,0.2794064308648086,0.75,0.20930301812063548,1.0,0.39633649932157394,1.0,1.0,0.3087623701706729,30.876237017067286,5080,869,77601.0,7.7,12.6,21.1,300,87.8,0.0,4486,426,18.7,16.1,57.70877944325482,5.327650506126798,14.39543127215439,43.1006925945658,67.48329621380846,6.756085444610036,20.866141732283463,,4.954714970697922,47.19216898505925,86.62759722962173,12.0,6.5,38.375,17.875,21.375,15.0,9.125,0.12279511533242882,0.21081830790568654,0.2595367847411444,0.125,0.1989100817438692,0.45725915875169604,0.6267029972752044,0.6955617198335645,0.34599728629579374,0.5305291723202171,0.20612244897959187,0.08163265306122447,0.49384404924760605,0.43306010928961747,0.3170068027210884,0.33060109289617484,0.01377410468319562,0.3224043715846995,0.5020408163265306,,0.38661202185792354,0.1852861035422343,0.056010928961748634,0.4185888738127544,0.07530529172320218,0.37177747625508817,0.3616010854816825,0.42672998643147897,0.30325644504748983,0.5183175033921302,38,2.0,12.0,20,17
06073017066,0.7014205215638729,1.0,0.43075515315351826,1.0,0.5725299753551353,1.0,0.7023200816735387,1.0,0.8914225130959217,0.75,0.6027890690529722,1.0,0.16933514246947085,1.0,1.0,0.5815103509092043,58.15103509092043,5413,603,200260.0,3.4,1.4,67.6,182,81.7,0.0,5377,477,13.6,9.8,66.89419795221842,1.4810751508502469,3.3207547169811322,82.83049917718047,7.07482993197279,1.0851871947911014,6.096434509514133,,0.8228195282501372,31.451612903225808,93.74657158529895,4.0,15.0,16.5,10.25,5.375,8.125,0.625,0.24423337856173677,0.955617198335645,0.7656675749318801,0.8401639344262295,0.8446866485013624,0.21370420624151967,0.3787465940054496,0.6955617198335645,0.1723202170963365,0.45861601085481685,0.8523809523809524,0.8068027210884354,0.25034199726402184,0.7786885245901639,0.9523809523809523,0.8278688524590164,0.8966942148760331,0.8387978142076502,0.9387755102040817,,0.8620218579234973,0.6376021798365122,0.3087431693989071,0.08276797829036635,0.36906377204884666,0.17639077340569878,0.1960651289009498,0.15332428765264586,0.19335142469470828,0.12754409769335143,30,1.5,5.0,8,44
06073019108,0.48341970044341387,1.0,0.18639664641320208,1.0,0.5973564459705185,1.0,0.6270516775143149,1.0,0.28201811908433155,0.75,0.5112776264002422,1.0,0.025780189959294438,1.0,1.0,0.3876143436836168,38.76143436836168,2334,242,110114.0,5.5,7.7,30.6,43,85.4,7.6923076923076925,1870,144,17.8,14.5,21.052631578947366,11.630847029077119,10.589754627636678,83.81795195954489,13.17365269461078,18.537590113285273,91.25964010282776,,1.5170670037926675,51.18881118881119,97.34513274336283,0.5,3.0,2.25,2.25,0.0,0.0,0.0,0.6417910447761195,0.5090152565880721,0.4686648501362398,0.31420765027322406,0.32697547683923706,0.024423337856173677,0.5231607629427792,0.1997226074895978,0.9457259158751696,0.9402985074626866,0.31564625850340133,0.18775510204081636,0.9685362517099864,0.20218579234972678,0.4870748299319728,0.8504098360655737,0.743801652892562,0.051912568306010876,0.05034013605442178,,0.7691256830601093,0.1171662125340599,0.6475409836065574,0.025101763907734057,0.018995929443690638,0.025101763907734057,0.028493894165535955,0.011533242876526458,0.016960651289009497,0.046811397557666216,4,0.0,10.5,1,12
06073013326,0.7018646623679158,1.0,0.4964013101569777,1.0,0.6654888821200122,1.0,0.7404430739127523,1.0,0.6161777450898166,0.75,0.6848884273114854,1.0,0.49959294436906365,1.0,1.0,0.6292652921897177,62.92652921897177,4583,64,208750.0,9.0,2.6,49.8,310,90.4,15.422885572139302,4466,530,11.9,8.3,49.23076923076923,4.669603524229075,4.473052585642592,88.54625550660793,9.29203539823009,16.42120765832106,5.236744490508401,,0.0,44.85981308411215,98.85462555066078,21.5,14.75,60.75,29.25,24.0,34.375,6.5,0.9470827679782904,0.9694868238557559,0.18460490463215262,0.7062841530054644,0.5960490463215259,0.4762550881953867,0.726158038147139,0.10124826629680994,0.35413839891451837,0.3772048846675712,0.9714285714285714,0.9591836734693877,0.6826265389876881,0.48633879781420764,0.8884353741496599,0.9043715846994536,0.8305785123966942,0.06557377049180324,0.9523809523809523,,0.967896174863388,0.24250681198910085,0.8442622950819673,0.7204884667571235,0.3582089552238806,0.5352781546811397,0.5373134328358209,0.4830393487109905,0.5312075983717774,0.41112618724559025,91,9.75,5.3,40,44
06073022101,0.9010237795942837,1.0,0.47222679543751567,1.0,0.7964094185842587,1.0,0.512778218416608,1.0,0.44920562724480123,0.75,0.6099379352104147,1.0,0.2784260515603799,1.0,1.0,0.5742868322926088,57.428683229260876,2514,0,190469.0,2.7,1.6,62.1,121,95.3,0.0,2439,181,14.3,10.9,30.555555555555557,4.888888888888889,19.49085123309467,55.44444444444444,5.490196078431373,5.857740585774058,132.45823389021479,,0.0,34.32835820895522,94.0,7.5,9.25,28.875,10.875,17.625,10.625,4.5,0.9925373134328358,0.941747572815534,0.8494550408719346,0.8203551912568305,0.7670299727520435,0.11533242876526459,0.9189373297002725,0.6955617198335645,0.8724559023066486,0.9056987788331072,0.780952380952381,0.6265306122448979,0.9370725034199726,0.4713114754098361,0.1741496598639456,0.4685792349726776,0.9228650137741047,0.39754098360655743,0.027210884353741527,,0.967896174863388,0.5381471389645777,0.3237704918032787,0.1791044776119403,0.15739484396200815,0.26322930800542743,0.21099050203527817,0.36702849389416553,0.2198100407055631,0.3310719131614654,49,4.5,5.1,15,23
06073010019,0.5328304305594387,1.0,0.44101796468417315,1.0,0.6113161003885951,1.0,0.34209181194399224,1.0,0.5323109436160319,0.75,0.685660204583017,1.0,0.38127544097693356,1.0,1.0,0.5037861281074546,50.37861281074546,3683,88,130779.0,8.3,7.8,50.7,158,77.7,0.0,3473,437,15.6,10.4,67.72388059701493,4.182509505703422,18.398876404494384,49.049429657794676,26.253687315634217,3.8391224862888484,18.734727124626662,,0.0,39.516129032258064,97.71863117870723,18.0,13.25,38.5,19.25,16.125,21.875,4.75,0.9077340569877883,0.6920943134535368,0.22343324250681196,0.30806010928961747,0.6062670299727521,0.17774762550881953,0.24455040871934605,0.6955617198335645,0.6065128900949797,0.508819538670285,0.6333333333333333,0.6965986394557824,0.23666210670314636,0.5314207650273224,0.19727891156462585,0.4030054644808743,0.44077134986225897,0.592896174863388,0.563265306122449,,0.967896174863388,0.3950953678474114,0.6939890710382514,0.6227951153324288,0.29918588873812757,0.37449118046132973,0.4084124830393487,0.3466757123473541,0.4369063772048847,0.33989145183175035,53,6.375,8.8,36,44
06073016703,0.5625701967925413,1.0,0.43922065496560875,1.0,0.5731370974441337,1.0,0.7114311012243251,1.0,0.5064874389443264,0.75,0.5701126149600712,1.0,0.31940298507462683,1.0,1.0,0.5260517270579476,52.60517270579476,3003,178,120258.0,2.6,20.2,31.9,282,86.9,5.833333333333333,2930,309,18.0,11.7,33.111111111111114,1.0416666666666665,8.724608724608725,57.638888888888886,65.22781774580336,0.5181347150259068,16.650016650016653,,2.170138888888889,34.822934232715006,96.09375,16.5,17.25,32.375,13.625,18.75,13.75,5.5,0.7598371777476255,0.6116504854368932,0.861716621253406,0.017076502732240484,0.3460490463215259,0.4226594301221167,0.5892370572207084,0.24549237170596394,0.7666214382632293,0.7218453188602443,0.29047619047619044,0.5136054421768708,0.9110807113543091,0.825136612021858,0.6136054421768707,0.4959016393442623,0.02066115702479343,0.8729508196721312,0.6258503401360545,,0.6680327868852459,0.5163487738419619,0.5259562841530054,0.573270013568521,0.45861601085481685,0.30257801899592945,0.2510176390773406,0.38466757123473544,0.27544097693351427,0.38331071913161463,45,4.0,7.5,29,52
06073020034,0.8729007958396899,1.0,0.43129755508983614,1.0,0.8943293735404609,1.0,0.6160024703743487,1.0,0.9138038203132944,0.75,0.6936279983919239,1.0,0.18765264586160108,1.0,1.0,0.6585163799158794,65.85163799158794,2549,50,247222.0,4.1,1.1,76.1,24,83.1,0.0,2542,70,13.3,9.4,72.54901960784314,0.8274231678486997,10.414153598713309,93.3806146572104,2.8213166144200628,0.0,9.023146331894862,,0.0,39.50995405819295,97.87234042553192,11.0,9.5,20.25,7.25,9.75,8.75,1.875,0.966078697421981,1.0,0.6580381471389646,0.8674863387978142,0.9400544959128065,0.009497964721845319,0.4162125340599455,0.6955617198335645,0.8548168249660787,0.9810040705563093,0.8768707482993198,0.8646258503401361,0.14911080711354308,0.8483606557377049,0.49795918367346936,0.9685792349726776,0.9573002754820936,0.9405737704918032,0.8435374149659864,,0.967896174863388,0.39645776566757496,0.7165300546448088,0.3568521031207598,0.16960651289009498,0.20149253731343283,0.11668928086838534,0.22116689280868385,0.20488466757123475,0.19402985074626866,32,3.5,4.0,19,28
06073016705,0.3748553198471577,1.0,0.4397533871507355,1.0,0.18917425857724365,1.0,0.40120382312284425,1.0,0.48517608642156224,0.75,0.15138746196949618,1.0,0.21560379918588873,1.0,1.0,0.3224505908964183,32.24505908964183,4792,490,76985.0,3.4,10.1,10.7,190,92.1,0.0,4502,898,19.8,14.0,60.034602076124564,2.7085590465872156,16.883116883116884,37.32394366197183,36.964285714285715,0.6458557588805167,27.963272120200333,,13.921993499458289,43.582089552238806,89.65330444203684,13.5,16.25,22.75,11.375,11.375,7.5,2.375,0.3270013568521031,0.20388349514563106,0.7656675749318801,0.20286885245901642,0.021798365122615803,0.22388059701492538,0.7983651226158038,0.6955617198335645,0.344640434192673,0.06919945725915877,0.10476190476190472,0.23809523809523814,0.43091655266757867,0.6653005464480874,0.23537414965986392,0.273224043715847,0.2465564738292011,0.8647540983606558,0.3442176870748299,,0.06284153005464477,0.27656675749318804,0.11475409836065574,0.4864314789687924,0.412483039348711,0.2157394843962008,0.2198100407055631,0.2496607869742198,0.1784260515603799,0.21438263229308005,31,2.875,9.7,23,51
06073020312,0.5774095269728111,1.0,0.3824213022199275,1.0,0.44496810936043346,1.0,0.6460626845095644,1.0,0.6625555411163246,0.75,0.2134745859452162,1.0,0.24938941655359564,1.0,1.0,0.45375445238255324,45.375445238255324,3997,216,113911.0,5.2,4.3,36.9,323,81.8,0.0,3826,530,16.3,12.9,84.0909090909091,0.0,3.435114503816794,71.96141479099678,18.61111111111111,1.644528779253637,18.263697773329998,,5.659163987138264,51.97873597164796,91.96141479099678,2.5,11.25,25.75,14.75,9.5,15.625,1.875,0.6940298507462687,0.5589459084604715,0.5115803814713896,0.5450819672131147,0.4298365122615804,0.5,0.38283378746594005,0.6955617198335645,0.519674355495251,0.3772048846675712,0.5183673469387755,0.36462585034013606,0.020519835841313228,0.950136612021858,0.9496598639455782,0.6639344262295082,0.6184573002754821,0.7896174863387978,0.5795918367346939,,0.3292349726775956,0.1049046321525886,0.2062841530054645,0.06173677069199457,0.22455902306648576,0.23744911804613297,0.2808683853459973,0.2198100407055631,0.3147896879240163,0.19402985074626866,33,2.0,7.7,5,31
06073020313,0.5073025424062201,1.0,0.24271830174155665,1.0,0.3747874726552765,1.0,0.4032285579119181,1.0,0.22086553358641925,0.75,0.18572410575582063,1.0,0.38575305291723205,1.0,1.0,0.3314827952820633,33.14827952820633,2675,321,64464.0,3.0,3.8,28.8,231,67.8,70.0,2547,662,17.7,15.6,83.50340136054422,1.9327731092436975,11.068408916218294,48.65546218487395,31.63265306122449,6.739811912225706,309.9065420560748,,5.88235294117647,55.94671741198858,91.00840336134453,14.0,12.0,39.0,22.125,13.5,24.375,3.75,0.519674355495251,0.10124826629680998,0.8167574931880108,0.5915300546448088,0.29427792915531337,0.3005427408412483,0.10217983651226158,0.006934812760055475,0.8507462686567164,0.21166892808683857,0.3285714285714286,0.10816326530612241,0.028727770177838563,0.7267759562841529,0.45850340136054424,0.3989071038251366,0.33746556473829203,0.32377049180327866,0.0013605442176870541,,0.31420765027322406,0.07493188010899188,0.1680327868852459,0.5027137042062415,0.2496607869742198,0.3819538670284939,0.4789687924016282,0.296472184531886,0.4687924016282225,0.30257801899592945,39,2.0,10.5,23,26
06073019210,0.272296772885907,1.0,0.31971033881490324,1.0,0.3222955260801743,1.0,0.542387849154149,1.0,0.4488866892103,0.75,0.5916801913809104,1.0,0.42645861601085483,1.0,1.0,0.4176737119338855,41.767371193388556,6167,839,87792.0,5.1,12.7,19.3,455,84.4,35.66308243727598,5338,261,19.5,14.5,45.02164502164502,14.348785871964681,4.624938715476385,48.28918322295806,56.38766519823789,1.948051948051948,20.10702124209502,,0.49668874172185434,41.47620831772199,96.08167770419426,12.0,8.0,44.625,18.5,21.375,21.25,7.625,0.12890094979647215,0.31622746185852985,0.5245231607629428,0.11953551912568305,0.15463215258855587,0.7293080054274084,0.4652588555858311,0.02496532593619971,0.17910447761194026,0.7964721845318861,0.12585034013605445,0.18775510204081636,0.7606019151846786,0.13661202185792354,0.8829931972789116,0.38934426229508196,0.05647382920110189,0.7622950819672132,0.527891156462585,,0.9166666666666666,0.33514986376021794,0.523224043715847,0.4185888738127544,0.1255088195386703,0.4599728629579376,0.378561736770692,0.42672998643147897,0.42401628222523746,0.44301221166892807,55,4.5,13.0,20,18
06073020111,0.5703823177798603,1.0,0.3138254275483331,1.0,0.5590025290984779,1.0,0.7926755261769214,1.0,0.6172314172473848,0.75,0.3969354734642625,1.0,0.30515603799185886,1.0,1.0,0.5078869613295856,50.788696132958556,3888,195,131111.0,5.3,6.9,39.3,146,94.7,7.722007722007722,3745,464,15.1,11.6,42.98245614035088,4.374057315233785,3.4652185156452027,90.04524886877829,41.17647058823529,0.0,12.860082304526749,,3.0165912518853695,48.24355971896955,95.32428355957768,1.5,8.0,30.125,16.125,10.75,20.0,3.75,0.7225237449118046,0.6990291262135923,0.49863760217983655,0.36133879781420764,0.45844686648501365,0.1621438263229308,0.8957765667574932,0.1983356449375867,0.5407055630936228,0.4755766621438263,0.6904761904761905,0.5292517006802722,0.786593707250342,0.5163934426229508,0.9442176870748299,0.9234972677595629,0.18595041322314054,0.9405737704918032,0.7251700680272108,,0.5806010928961749,0.16485013623978206,0.4453551912568306,0.042740841248303935,0.1255088195386703,0.2734056987788331,0.3181818181818182,0.23744911804613297,0.3941655359565807,0.30257801899592945,39,1.5,5.9,3,20
06073020039,0.656787819082171,1.0,0.45115183829358446,1.0,0.8511099419414985,1.0,0.4246864929730947,1.0,0.7531984432665718,0.75,0.7394972528699691,1.0,0.37381275440976935,1.0,1.0,0.6071777918338084,60.71777918338084,1959,94,156833.0,6.1,4.9,53.2,36,88.5,0.0,1917,153,14.8,9.8,63.576158940397356,5.2727272727272725,15.190525231719876,70.72727272727273,9.502262443438914,5.008635578583765,3.0627871362940278,,0.0,43.23570432357043,100.0,12.0,12.75,39.875,16.75,16.0,22.5,5.0,0.898236092265943,0.8488210818307905,0.385558583106267,0.49453551912568305,0.6430517711171662,0.017639077340569877,0.6450953678474114,0.6955617198335645,0.937584803256445,0.9308005427408412,0.7292517006802721,0.8068027210884354,0.3269493844049247,0.4398907103825137,0.28163265306122454,0.6502732240437158,0.8236914600550964,0.46311475409836067,0.9727891156462585,,0.967896174863388,0.28201634877384196,0.9685792349726776,0.4185888738127544,0.28697421981004073,0.39823609226594303,0.3256445047489824,0.34260515603799185,0.44843962008141114,0.3541383989145183,51,4.0,6.0,23,24
06073020044,0.6978674368781006,1.0,0.45500580354288916,1.0,0.4360684979554915,1.0,0.646468956435033,1.0,0.753274832942706,0.75,0.5714303439992455,1.0,0.2881953867028494,1.0,1.0,0.5497587512080451,54.97587512080451,9056,488,213196.0,2.7,3.3,66.0,263,80.1,0.0,8972,644,14.6,10.0,62.396694214876035,0.0,13.936158380602826,91.99205823957644,16.13653995345229,2.985553772070626,6.515017667844523,,1.7207147584381206,56.63457513604019,99.47054930509597,8.5,13.5,31.875,14.875,12.25,18.125,2.5,0.33107191316146545,0.9736477115117892,0.8494550408719346,0.6372950819672132,0.8256130790190735,0.3616010854816825,0.30994550408719346,0.6955617198335645,0.008141112618724522,0.22116689280868385,0.754421768707483,0.7605442176870748,0.3529411764705882,0.950136612021858,0.33061224489795915,0.9521857923497268,0.662534435261708,0.6693989071038251,0.927891156462585,,0.7308743169398907,0.06948228882833785,0.9139344262295082,0.2327001356852103,0.3046132971506106,0.296472184531886,0.2876526458616011,0.2700135685210312,0.3521031207598372,0.23473541383989144,48,3.5,5.5,16,27
06073020036,0.20034821532323768,1.0,0.43542727746553195,1.0,0.48331025761729385,1.0,0.3218392618198633,1.0,0.586281847336776,0.75,0.4163366140071371,1.0,0.42605156037991854,1.0,1.0,0.40994214770710835,40.99421477071083,3567,799,73024.0,5.6,17.0,23.4,343,98.0,8.921933085501859,2961,274,18.8,14.3,58.87372013651877,15.658021133525457,13.052039381153305,43.41978866474543,34.89795918367347,0.0,19.34398654331371,,3.3621517771373677,40.546697038724375,94.23631123919309,12.0,12.5,44.25,19.125,19.75,24.375,6.375,0.14382632293080055,0.15811373092926492,0.4502724795640327,0.049180327868852514,0.22752043596730245,0.5427408412483039,0.9713896457765667,0.17891816920943138,0.7557666214382632,0.7781546811397557,0.189795918367347,0.20952380952380956,0.45964432284541723,0.1202185792349727,0.37142857142857144,0.3360655737704918,0.26997245179063356,0.9405737704918032,0.5482993197278911,,0.5396174863387978,0.36239782016348776,0.3469945355191257,0.4185888738127544,0.2734056987788331,0.45386702849389415,0.4023066485753053,0.4023066485753053,0.4687924016282225,0.40298507462686567,57,4.0,13.9,21,24
06073019305,0.49958538035313005,1.0,0.4655579166459396,1.0,0.42355615244741046,1.0,0.2771283084335526,1.0,0.33186460240963117,0.75,0.40991051354208546,1.0,0.42835820895522386,1.0,1.0,0.4051372975409962,40.51372975409962,4203,268,78578.0,2.8,7.2,32.1,376,80.8,0.0,3728,569,16.8,12.9,76.96177062374245,4.304080491894913,17.74505070014486,40.91671324762437,58.23293172690763,5.092838196286472,21.1753509398049,,5.366126327557295,38.66597186034393,95.47233091112354,19.5,8.0,44.25,17.5,23.25,18.75,8.875,0.5922659430122117,0.22052704576976423,0.8392370572207084,0.3463114754098361,0.35149863760217986,0.6126187245590231,0.33787465940054495,0.6955617198335645,0.5440976933514248,0.32835820895522383,0.4571428571428572,0.36462585034013606,0.0725034199726402,0.5204918032786885,0.21360544217687072,0.30191256830601093,0.0440771349862259,0.45491803278688525,0.4965986394557823,,0.3497267759562842,0.41825613079019075,0.46174863387978143,0.6702849389416553,0.1255088195386703,0.45386702849389415,0.3487109905020353,0.4687924016282225,0.36635006784260515,0.5040705563093623,45,4.5,7.7,35,17
06073013308,0.3953268811698494,1.0,0.5587427842884245,1.0,0.45155899537562655,1.0,0.5388111992795593,1.0,0.31387543235971543,1.0,0.3209985457830189,1.0,0.48412483039348714,1.0,1.0,0.43763409552138305,43.763409552138306,3901,652,101979.0,4.6,7.1,16.6,464,99.0,4.513888888888888,3569,366,17.8,13.6,59.17312661498708,10.338345864661653,3.569580962234868,60.43233082706767,24.276169265033406,4.915102770330653,36.40092284029736,77.22464219,7.142857142857142,34.2355175688509,90.97744360902256,28.5,14.5,57.0,27.125,23.0,33.125,5.875,0.2048846675712347,0.42995839112343964,0.5940054495912807,0.35245901639344257,0.10762942779291552,0.7421981004070556,0.9850136239782016,0.2801664355062413,0.5848032564450475,0.6234735413839891,0.31564625850340133,0.282312925170068,0.4514363885088919,0.2295081967213115,0.9374149659863945,0.5368852459016393,0.4889807162534435,0.47677595628415304,0.2299319727891157,0.059813084112149584,0.25409836065573765,0.5435967302452316,0.16530054644808742,0.8921302578018996,0.34531886024423336,0.5210312075983717,0.519674355495251,0.46132971506105835,0.5257801899592944,0.39280868385345996,76,10.0,11.9,50,44
06073013309,0.5931218959901935,1.0,0.649305083708817,1.0,0.31933698852675396,1.0,0.6398899781033267,1.0,0.6028734869956349,1.0,0.576210523964801,1.0,0.6131614654002713,1.0,1.0,0.5705570603842568,57.05570603842568,7069,233,145195.0,4.3,8.3,30.5,635,90.0,0.0,6535,1049,14.8,12.0,53.18066157760815,4.182106934886183,8.127410369947151,77.92482795129698,16.247582205029012,1.9210799584631362,12.731645211486773,53.61543248,0.0,41.73669467787115,95.23557437797776,26.5,16.75,85.75,43.0,36.25,51.875,12.75,0.664179104477612,0.7947295423023578,0.6301089918256131,0.2834699453551912,0.3235694822888283,0.8805970149253731,0.7091280653950953,0.6955617198335645,0.048846675712347354,0.02578018995929443,0.7292517006802721,0.47346938775510206,0.6060191518467852,0.5327868852459017,0.6693877551020408,0.7513661202185792,0.6597796143250689,0.7650273224043715,0.7306122448979592,0.25607476635514015,0.967896174863388,0.3208446866485014,0.43989071038251365,0.8514246947082768,0.4355495251017639,0.6166892808683854,0.6234735413839891,0.592944369063772,0.6139755766621439,0.6187245590230664,132,12.125,8.2,46,46
06073013312,0.5373704811517651,1.0,0.5130084580927803,1.0,0.5480798696683559,1.0,0.6677810106124036,1.0,0.45655612947981417,1.0,0.16358700237737178,1.0,0.47896879240162826,1.0,1.0,0.4807645348263028,48.076453482630285,2943,61,114667.0,5.0,14.5,24.3,117,94.6,0.0,2766,277,17.1,14.3,42.5,7.366071428571429,5.524861878453039,74.88839285714286,29.651162790697676,4.782146652497343,16.989466530750935,46.74548849,15.178571428571427,39.96901626646011,87.16517857142857,25.0,14.0,55.125,25.75,21.875,32.5,6.5,0.9552238805970149,0.5700416088765603,0.5367847411444142,0.08743169398907102,0.24182561307901906,0.1078697421981004,0.8896457765667575,0.6955617198335645,0.8018995929443691,0.7706919945725916,0.4102040816326531,0.20952380952380956,0.7893296853625171,0.3292349726775956,0.8421768707482993,0.7103825136612022,0.37603305785123964,0.4931693989071039,0.6149659863945578,0.34205607476635513,0.04781420765027322,0.38147138964577654,0.06147540983606557,0.8168249660786974,0.32632293080054275,0.5156037991858887,0.5101763907734057,0.4355495251017639,0.5223880597014925,0.41112618724559025,78,9.375,11.4,47,44
06073008355,0.739894799832725,1.0,0.3960289447424155,1.0,0.801189091647514,1.0,0.5158683069110221,1.0,0.729169961845459,1.0,0.3886159130050674,1.0,0.23025780189959297,1.0,1.0,0.5430035456976852,54.300354569768515,3065,186,155263.0,2.8,4.5,50.8,316,76.5,18.53932584269663,2810,320,13.6,9.5,58.4375,2.263374485596708,13.814016172506738,62.44855967078189,16.27906976744186,1.5197568389057752,19.249592169657422,7.952706907,5.246913580246913,42.43394715772618,95.88477366255144,12.0,19.25,21.625,12.625,10.0,10.625,3.0,0.7401628222523745,0.8446601941747572,0.8392370572207084,0.53551912568306,0.6076294277929155,0.4843962008141113,0.22479564032697547,0.07766990291262132,0.7978290366350068,0.7042062415196744,0.8523809523809524,0.8503401360544218,0.466484268125855,0.7008196721311475,0.3346938775510204,0.5614754098360656,0.6570247933884297,0.8039617486338798,0.5510204081632653,0.9046728971962616,0.36338797814207646,0.2997275204359673,0.5027322404371585,0.4185888738127544,0.5630936227951153,0.208955223880597,0.2327001356852103,0.2265943012211669,0.2198100407055631,0.26322930800542743,39,1.0,6.4,21,61
06073008356,0.725273771959436,1.0,0.4883285957834052,1.0,0.6663025318675638,1.0,0.5307700739464676,1.0,0.7885270420194284,1.0,0.5966955028463939,1.0,0.2318860244233379,1.0,1.0,0.5753976489780046,57.53976489780046,3976,306,124707.0,1.7,2.0,52.3,320,84.9,4.511278195488721,3884,420,14.2,9.6,32.98245614035088,5.409356725146199,15.452706120384422,58.333333333333336,14.198782961460447,3.1847133757961785,9.808853118712273,4.144368388,5.190058479532164,23.518742442563482,96.78362573099415,13.0,19.25,22.125,12.625,10.5,10.625,3.0,0.5440976933514248,0.6532593619972261,0.9318801089918256,0.7718579234972678,0.6335149863760218,0.4932157394843962,0.494550408719346,0.2815533980582524,0.49660786974219806,0.5386702849389416,0.7938775510204081,0.8360544217687075,0.9151846785225718,0.4275956284153005,0.273469387755102,0.5068306010928961,0.7134986225895317,0.6502732240437159,0.8258503401360544,0.9644859813084112,0.3674863387978142,0.8283378746594006,0.5942622950819673,0.46404341926729986,0.5630936227951153,0.21166892808683854,0.2327001356852103,0.23202170963364993,0.2198100407055631,0.26322930800542743,39,1.0,6.7,20,61
06073008357,0.48171736412567756,1.0,0.6888084585857329,1.0,0.5488023703375515,1.0,0.37172183589409835,1.0,0.6626948965095183,1.0,0.6199232689606567,1.0,0.25047489823609226,1.0,1.0,0.5177347275213325,51.77347275213325,4619,539,111332.0,4.0,5.6,55.5,605,95.2,0.0,4443,521,14.3,10.7,56.342182890855455,17.27917472598324,12.901824500434406,55.57704706640877,26.442307692307693,0.0,19.484736956051094,18.80522713,10.31592520954223,23.904202440126525,99.22630560928434,11.5,20.0,23.75,13.25,12.125,11.25,3.5,0.29104477611940294,0.5242718446601942,0.6716621253405994,0.4398907103825137,0.6791553133514986,0.8629579375848032,0.9148501362397821,0.6955617198335645,0.36363636363636365,0.3968792401628223,0.780952380952381,0.6537414965986394,0.5321477428180574,0.10655737704918034,0.37687074829931977,0.4713114754098361,0.43939393939393945,0.9405737704918032,0.545578231292517,0.7252336448598131,0.15163934426229508,0.8242506811989101,0.8838797814207651,0.3860244233378562,0.5943012211668928,0.2225237449118046,0.24491180461329715,0.2645861601085482,0.22930800542740842,0.291044776119403,42,1.5,8.1,17,61
06073008348,0.7637983923977127,1.0,0.6133395682097703,1.0,0.618058363101007,1.0,0.7244788288933568,1.0,0.7415545985021381,1.0,0.6670029233235558,1.0,0.25427408412483044,1.0,1.0,0.6260723940789102,62.60723940789102,5110,238,161447.0,4.0,1.1,54.2,510,89.7,0.0,4876,486,13.3,9.2,38.66943866943867,4.147196261682243,5.102243398848521,71.32009345794393,11.914893617021278,5.0471436494731,9.001956947162427,8.761667704,4.0887850467289715,31.666666666666664,99.35747663551402,8.5,20.25,24.75,13.625,12.125,11.875,3.5,0.6519674355495251,0.8640776699029126,0.6716621253405994,0.8674863387978142,0.6553133514986376,0.7917232021709634,0.6975476839237057,0.6955617198335645,0.25373134328358204,0.4504748982360922,0.8768707482993198,0.891156462585034,0.8495212038303693,0.5368852459016393,0.8585034013605441,0.6530054644808743,0.7741046831955922,0.4603825136612022,0.8476190476190476,0.8841121495327102,0.4713114754098361,0.6307901907356948,0.8989071038251366,0.2327001356852103,0.60719131614654,0.22727272727272727,0.2510176390773406,0.2645861601085482,0.23744911804613297,0.291044776119403,44,1.5,5.8,14,61
06073008349,0.6891311358824441,1.0,0.5578737711115359,1.0,0.6203961638929656,1.0,0.6313220598952505,1.0,0.7544093890552358,1.0,0.5647957892229122,1.0,0.25047489823609226,1.0,1.0,0.5812004581852052,58.120045818520516,3539,317,150114.0,5.1,0.9,43.4,283,91.0,0.0,3423,527,14.3,10.5,35.07853403141361,9.800362976406534,6.458923512747876,65.33575317604355,7.333333333333333,1.607142857142857,23.17038711500424,8.612321095,7.6225045372050815,22.608695652173914,96.82395644283122,11.0,20.25,23.75,13.25,12.125,11.25,3.5,0.5291723202170964,0.8155339805825242,0.5245231607629428,0.8872950819672131,0.5149863760217984,0.42469470827679784,0.7479564032697548,0.6955617198335645,0.630257801899593,0.3873812754409769,0.780952380952381,0.6829931972789116,0.8946648426812586,0.24453551912568305,0.7945578231292517,0.5915300546448088,0.8898071625344353,0.7950819672131147,0.4448979591836735,0.8878504672897196,0.2390710382513661,0.8542234332425068,0.6010928961748634,0.3568521031207598,0.60719131614654,0.2225237449118046,0.24491180461329715,0.2645861601085482,0.22930800542740842,0.291044776119403,43,1.5,6.7,15,61
06073008351,0.5931898911442842,1.0,0.44584020238631555,1.0,0.5807006248903903,1.0,0.3839172306360592,1.0,0.6613637237376365,1.0,0.6951529409429084,1.0,0.27164179104477615,1.0,1.0,0.5188294863974815,51.88294863974815,5122,220,142516.0,4.5,7.8,44.8,683,72.8,10.714285714285714,4760,568,13.6,9.5,50.85536547433903,9.257950530035336,19.281366581582564,53.78091872791519,22.65446224256293,0.0,26.94260054666146,12.60734287,1.0600706713780919,28.441879637262986,96.18374558303887,9.5,20.75,26.5,13.625,13.875,13.125,3.5,0.6845318860244234,0.7725381414701803,0.6076294277929155,0.30806010928961747,0.5374659400544959,0.9063772048846676,0.15803814713896458,0.15117891816920948,0.28900949796472186,0.33107191316146545,0.8523809523809524,0.8503401360544218,0.6484268125854993,0.2581967213114754,0.17959183673469392,0.4494535519125683,0.524793388429752,0.9405737704918032,0.363265306122449,0.8168224299065421,0.8237704918032787,0.7220708446866485,0.5396174863387978,0.2856173677069199,0.6363636363636364,0.24559023066485752,0.2510176390773406,0.3120759837177748,0.25848032564450474,0.291044776119403,47,2.125,6.3,14,61
06073008352,0.6788202344114431,1.0,0.6204708981836314,1.0,0.6134266053775649,1.0,0.31938241365932574,1.0,0.6666551428812437,1.0,0.646146325000124,1.0,0.2066485753052917,1.0,1.0,0.5359357421169465,53.59357421169465,3738,261,114493.0,2.9,2.5,44.5,443,92.9,0.0,3626,490,14.7,10.4,61.72248803827751,7.062436028659161,27.073170731707318,56.49948822927329,13.94422310756972,12.29802513464991,7.758159443552702,5.438705663,1.7400204708290685,34.51187335092348,97.64585465711362,12.0,18.75,19.375,11.0,8.75,8.75,2.375,0.6031207598371777,0.5686546463245492,0.826975476839237,0.7165300546448088,0.5340599455040872,0.7109905020352781,0.8303814713896458,0.6955617198335645,0.5671641791044777,0.44572591587516963,0.7442176870748299,0.6965986394557824,0.3761969904240766,0.34699453551912574,0.07482993197278909,0.47950819672131145,0.7203856749311295,0.10792349726775952,0.8925170068027211,0.9457943925233645,0.7281420765027322,0.5313351498637602,0.6789617486338798,0.4185888738127544,0.5332428765264586,0.19470827679782904,0.21438263229308005,0.20488466757123475,0.20488466757123475,0.21438263229308005,35,1.0,7.4,22,61
06073008353,0.7636589600818445,1.0,0.45413376282668416,1.0,0.6583674853930718,1.0,0.7093927048516699,1.0,0.7680170475061926,1.0,0.5859762362085138,1.0,0.17164179104477612,1.0,1.0,0.5873125697018218,58.73125697018218,4372,114,153376.0,6.1,0.0,56.8,262,85.4,12.568306010928962,4327,403,13.3,9.8,24.0,0.45781556572923476,14.993058769088385,74.29692609548725,3.7815126050420167,6.938527084601338,8.920402561756633,4.16925949,4.970568999345978,32.701949860724234,98.29954218443427,13.5,18.75,16.375,9.625,6.5,7.5,1.125,0.8717774762550882,0.8294036061026352,0.385558583106267,0.967896174863388,0.696866485013624,0.35888738127544095,0.5231607629427792,0.12621359223300976,0.3826322930800543,0.5671641791044777,0.8768707482993198,0.8068027210884354,0.9630642954856361,0.8879781420765027,0.28707482993197275,0.6994535519125683,0.9449035812672176,0.31420765027322406,0.8503401360544218,0.9626168224299065,0.38524590163934425,0.5980926430517711,0.7745901639344263,0.4864314789687924,0.5332428765264586,0.17367706919945725,0.17028493894165536,0.16960651289009498,0.1784260515603799,0.16621438263229307,29,0.5,5.7,25,61
06073005500,0.6534778294320746,0.75,0.5270209445827972,1.0,0.7496709402892772,1.0,0.5254586184454719,1.0,0.5390933832232737,1.0,0.9656552910171081,1.0,0.9364993215739486,1.0,1.0,0.6995537612234216,69.95537612234216,290,0,,34.0,0.0,51.2,18,8.7,0.0,75,0,22.8,6.1,0.0,0.0,20.689655172413794,0.0,0.0,0.0,144.82758620689657,57.84691973,0.0,14.534883720930234,100.0,27.5,28.25,225.0,101.625,99.5,151.875,36.875,0.9925373134328358,,0.0,0.967896174863388,0.6164850136239782,0.008141112618724558,0.0027247956403269754,0.6955617198335645,0.989145183175034,0.994572591587517,0.017687074829931926,0.9972789115646259,0.9958960328317373,0.950136612021858,0.15102040816326534,0.0047814207650273225,0.9855371900826446,0.9405737704918032,0.01904761904761909,0.21121495327102802,0.967896174863388,0.9604904632152589,0.9685792349726776,0.8710990502035278,0.9681139755766621,0.9402985074626866,0.9185888738127544,0.9280868385345997,0.9531886024423338,0.9423337856173677,198,24.75,9.2,50,51
06073005700,0.30028082364077585,1.0,0.43542671383471215,1.0,0.38213293458496017,1.0,0.3663226194023168,1.0,0.38323575353306005,1.0,0.33180218678498935,1.0,0.8762550881953868,1.0,1.0,0.4393508742823145,43.93508742823145,2451,879,76250.0,9.0,2.7,43.5,133,75.2,24.0,2216,542,20.0,14.8,50.94760312151616,1.5732546705998034,36.9811320754717,8.652900688298919,25.97402597402597,1.4534883720930232,77.92737658098734,58.45675171,24.385447394296953,29.73856209150327,93.5103244837758,23.0,27.25,202.75,91.375,88.375,133.75,31.0,0.11804613297150612,0.19833564493758668,0.18460490463215262,0.700136612021858,0.5170299727520435,0.14043419267299864,0.20231607629427792,0.04993065187239942,0.9050203527815468,0.3595658073270014,0.09863945578231292,0.16530612244897958,0.6456908344733242,0.7691256830601093,0.017687074829931926,0.03278688524590164,0.44834710743801653,0.8101092896174864,0.07074829931972793,0.20373831775700935,0.020491803278688492,0.6811989100817439,0.2937158469945355,0.7706919945725916,0.932157394843962,0.8873812754409769,0.8663500678426052,0.878561736770692,0.8873812754409769,0.8616010854816825,191,23.0,12.8,38,51
06073009201,0.34939470076503415,1.0,0.6068531062468777,1.0,0.31953682422765584,1.0,0.20827609351022147,1.0,0.28338026313090925,1.0,0.6840850096534199,1.0,0.7928086838534599,1.0,1.0,0.4634763830553683,46.34763830553683,6288,360,86111.0,5.5,11.6,33.4,991,72.9,3.978779840848806,4954,977,19.3,9.5,69.51901565995526,6.38481449525453,22.251096313139517,22.217428817946505,37.08281829419035,8.776072412436049,18.447837150127224,69.20970753,4.270923209663503,21.32075471698113,97.97238999137188,27.0,27.75,161.375,76.375,76.75,103.125,24.625,0.4721845318860244,0.30235783633841884,0.4686648501362398,0.15437158469945356,0.3739782016348774,0.9810040705563093,0.15940054495912806,0.3065187239944521,0.2347354138398915,0.046132971506105847,0.14693877551020407,0.8503401360544218,0.20383036935704513,0.3770491803278688,0.12380952380952381,0.1284153005464481,0.24517906336088158,0.20765027322404372,0.5741496598639455,0.1065420560747663,0.4494535519125683,0.8746594005449592,0.7281420765027322,0.8616010854816825,0.9586160108548168,0.7937584803256446,0.7944369063772049,0.8086838534599728,0.7917232021709634,0.7754409769335142,187,15.0,8.8,44,52
06073009301,0.34532012660974076,1.0,0.6569045646297019,1.0,0.3915473652147426,1.0,0.48631218404250764,1.0,0.4838206862337397,1.0,0.7114297484154991,1.0,0.8350067842605157,1.0,1.0,0.5586202084866353,55.862020848663526,5084,517,112923.0,8.8,7.6,43.2,473,76.4,0.0,4683,770,16.4,10.8,49.25925925925926,3.808487486398259,16.19913077834848,54.02611534276387,31.898238747553815,5.598356445814073,14.555468135326514,34.98444306,2.3939064200217626,22.620827105132037,97.22524483133841,24.5,27.5,172.625,82.75,85.0,111.25,30.5,0.31343283582089554,0.550624133148405,0.19618528610354224,0.3210382513661202,0.5136239782016349,0.7564450474898237,0.22070844686648503,0.6955617198335645,0.2998643147896879,0.12550881953867032,0.5027210884353741,0.638095238095238,0.6812585499316006,0.5560109289617486,0.25306122448979596,0.45491803278688525,0.33333333333333337,0.41530054644808745,0.6857142857142857,0.5009345794392523,0.6475409836065573,0.8501362397820164,0.6366120218579235,0.8073270013568521,0.9477611940298507,0.8208955223880597,0.8263229308005428,0.8534599728629579,0.8188602442333786,0.8554952510176391,193,16.75,7.4,42,52
06073009506,0.6079095072345662,1.0,0.5637796516666498,1.0,0.6762747025540202,1.0,0.6929952728327321,1.0,0.8368919548036164,1.0,0.7173868266801665,1.0,0.7678426051560381,1.0,1.0,0.6947257887039698,69.47257887039699,4366,280,160956.0,6.6,3.1,65.6,256,80.3,0.0,4185,320,14.2,9.9,41.05263157894737,2.711223203026482,9.322429906542055,74.96847414880202,9.108159392789373,1.3067828251400124,10.077874484654146,10.11823273,1.639344262295082,24.592487597448617,96.7843631778058,12.0,24.5,142.625,68.625,67.625,91.875,24.625,0.5712347354138398,0.8626907073509015,0.33719346049046317,0.66051912568306,0.8167574931880109,0.3487109905020353,0.3181198910081744,0.6955617198335645,0.4219810040705563,0.7042062415196744,0.7938775510204081,0.7850340136054421,0.8166894664842681,0.6639344262295082,0.5755102040816327,0.7158469945355191,0.837465564738292,0.8224043715846995,0.8204081632653062,0.8672897196261682,0.7472677595628415,0.8092643051771117,0.5956284153005464,0.4185888738127544,0.7849389416553596,0.7591587516960652,0.7693351424694709,0.7788331071913162,0.7564450474898237,0.7754409769335142,196,13.875,5.1,18,52
06073009602,0.8076192734279048,1.0,0.6408212149673128,1.0,0.6473797524437184,1.0,0.7347503736530832,1.0,0.56182726186641,1.0,0.6264076870008884,1.0,0.8293080054274083,1.0,1.0,0.692587652683818,69.2587652683818,4016,110,141442.0,1.9,3.1,56.9,351,84.9,0.0,3874,382,14.1,10.5,34.93670886075949,1.2070006035003018,10.082977118430977,75.1961375980688,10.70615034168565,4.988532110091743,18.177290836653388,43.33540759,0.7845503922751962,29.094181163767246,93.72359686179843,15.5,25.75,169.875,83.25,82.5,110.625,29.375,0.8799185888738128,0.768377253814147,0.9216621253405994,0.66051912568306,0.6995912806539509,0.5556309362279511,0.494550408719346,0.6955617198335645,0.4979647218453188,0.6037991858887382,0.8047619047619048,0.6829931972789116,0.896032831737346,0.8087431693989071,0.5156462585034014,0.7185792349726776,0.8044077134986226,0.4672131147540983,0.5850340136054422,0.39065420560747666,0.8688524590163934,0.7043596730245232,0.30601092896174864,0.5413839891451832,0.8582089552238806,0.8154681139755766,0.8283582089552238,0.844640434192673,0.8154681139755766,0.8426051560379919,202,17.625,5.2,27,52
06073008307,0.4492178099290468,1.0,0.46525626861010466,1.0,0.6989177489177488,1.0,0.5937938175651503,1.0,0.6607358116962577,1.0,0.3871889936123643,1.0,0.5156037991858888,1.0,1.0,0.5386734642166517,53.867346421665175,4355,358,108667.0,6.4,5.2,71.0,252,65.3,1.4925373134328357,4190,341,12.7,9.9,69.71428571428572,0.4807692307692308,9.962756052141527,78.96634615384616,22.0125786163522,6.569343065693431,8.495981630309988,8.512756689,12.259615384615383,21.8293620292083,91.88701923076923,12.5,21.5,61.0,29.625,27.125,35.0,7.375,0.47625508819538676,0.4909847434119279,0.3549046321525886,0.4747267759562842,0.8794277929155313,0.33989145183175035,0.08514986376021798,0.3730929264909847,0.4206241519674355,0.6702849389416554,0.9197278911564626,0.7850340136054421,0.19972640218878246,0.8825136612021858,0.5238095238095238,0.7691256830601093,0.5385674931129476,0.3415300546448088,0.8693877551020408,0.8934579439252337,0.09289617486338797,0.8664850136239782,0.20218579234972678,0.44301221166892807,0.6709633649932157,0.5379918588873813,0.5400271370420624,0.5332428765264586,0.5352781546811397,0.4314789687924016,96,4.25,4.3,20,57
06073008327,0.7345721892022635,1.0,0.5184942505819076,1.0,0.5720963826507537,1.0,0.7549189691126166,1.0,0.6435046267284084,1.0,0.8522009301032841,1.0,0.056309362279511534,1.0,1.0,0.5902995300941065,59.029953009410654,6039,179,192234.0,2.1,7.5,78.2,268,83.3,0.0,5797,517,12.7,9.5,45.28,1.4078674948240166,6.5957800299053,73.62318840579711,28.000000000000004,4.052443384982122,10.597781089584368,13.8643435,0.4968944099378882,25.462962962962965,98.92339544513457,9.0,15.75,6.875,4.875,2.0,1.875,0.0,0.7550881953867028,0.9472954230235784,0.9087193460490464,0.3271857923497268,0.9536784741144414,0.3778833107191316,0.4305177111716621,0.6955617198335645,0.11533242876526462,0.4029850746268657,0.9197278911564626,0.8503401360544218,0.7537619699042408,0.7896174863387978,0.7836734693877551,0.6926229508196722,0.40771349862258954,0.5765027322404371,0.7972789115646258,0.7925233644859813,0.9153005464480874,0.7833787465940054,0.8579234972677595,0.26119402985074625,0.3921302578018996,0.05088195386702849,0.07327001356852103,0.04952510176390773,0.06105834464043419,0.046811397557666216,13,0.5,4.3,16,57
06073008330,0.5915752023436949,1.0,0.4576857713037874,1.0,0.7041268610564986,1.0,0.5061329907487204,1.0,0.6945375003567099,1.0,0.5255852851109025,1.0,0.05725915875169606,1.0,1.0,0.5052718242388584,50.52718242388584,5321,519,164821.0,3.7,5.5,79.4,142,70.8,0.0,5243,295,12.4,8.6,49.86338797814208,8.37669094693028,9.38097057699656,57.07596253902185,21.389793702497286,6.562955760816723,8.269122345423792,1.269446173,6.971904266389179,19.191226867717614,94.84911550468263,11.5,16.5,7.75,4.625,2.5,1.875,0.0,0.3120759837177748,0.8765603328710125,0.7247956403269755,0.4528688524590164,0.9611716621253406,0.15400271370420623,0.12465940054495912,0.6955617198335645,0.19131614654002715,0.7421981004070557,0.9421768707482994,0.9408163265306122,0.6716826265389877,0.2923497267759563,0.5714285714285714,0.4890710382513661,0.559228650137741,0.34289617486338797,0.8816326530612245,0.994392523364486,0.2568306010928961,0.9073569482288828,0.412568306010929,0.3860244233378562,0.42469470827679784,0.059023066485753055,0.06445047489823609,0.05495251017639077,0.06105834464043419,0.046811397557666216,15,0.0,4.1,17,59
06073010900,0.6741846295100361,1.0,0.5197936428945579,1.0,0.9177212268896704,1.0,0.6232260441347717,1.0,0.4646382760750353,1.0,0.8757413776844697,1.0,0.776797829036635,1.0,1.0,0.6931575751750252,69.31575751750252,1658,24,169750.0,8.8,3.4,71.1,81,77.9,0.0,1489,102,12.1,10.0,40.758293838862556,5.636070853462158,8.121212121212121,64.4122383252818,13.90728476821192,22.082810539523212,0.0,68.74922215,0.966183574879227,16.901408450704224,98.87278582930756,12.0,25.0,154.375,67.5,65.0,102.5,25.5,0.9810040705563093,0.8918169209431346,0.19618528610354224,0.6277322404371585,0.8814713896457765,0.057666214382632294,0.2513623978201635,0.6955617198335645,0.9742198100407056,0.9755766621438263,0.9605442176870749,0.7605442176870748,0.826265389876881,0.41393442622950816,0.6734693877551021,0.5792349726775956,0.7231404958677685,0.032786885245901676,0.9904761904761905,0.11214953271028039,0.8415300546448088,0.9359673024523161,0.8497267759562842,0.4185888738127544,0.8141112618724559,0.7822252374491181,0.762550881953867,0.7605156037991859,0.7869742198100407,0.7917232021709634,190,18.125,3.6,21,49
06073011000,0.6157864527135622,1.0,0.5949353359649995,1.0,0.730734315435808,1.0,0.3720041829160181,1.0,0.34019264844055574,1.0,0.7811676419350517,1.0,0.798507462686567,1.0,1.0,0.6047611485846518,60.47611485846518,2922,77,109132.0,2.3,12.0,66.8,124,86.1,0.0,2426,325,14.9,10.8,59.59821428571429,2.172389628591451,27.481177275838466,37.21093202522775,61.29032258064516,17.083091226031378,0.0,52.2215308,1.6818500350385426,25.620567375886527,98.73861247372109,13.5,26.0,166.625,75.625,69.0,110.625,25.5,0.9253731343283582,0.49514563106796117,0.8985013623978202,0.1441256830601093,0.8351498637602179,0.12143826322930801,0.5565395095367848,0.6955617198335645,0.8751696065128901,0.6953867028493894,0.7142857142857143,0.638095238095238,0.4404924760601915,0.7062841530054644,0.07074829931972793,0.27049180327868855,0.031680440771349905,0.060109289617486295,0.9904761904761905,0.27850467289719627,0.7404371584699454,0.7779291553133515,0.825136612021858,0.4864314789687924,0.8744911804613297,0.8100407055630936,0.7910447761194029,0.7842605156037992,0.8154681139755766,0.7917232021709634,197,18.625,5.4,24,50
06073011100,0.5311401558468511,1.0,0.457657360934667,1.0,0.6203008611857226,1.0,0.4820588309666223,1.0,0.447732311886803,1.0,0.6421310979090048,1.0,0.7843962008141111,1.0,1.0,0.5664881170776831,56.64881170776831,3641,199,123288.0,6.1,6.5,70.3,208,76.3,12.615384615384615,3194,643,13.7,10.2,60.498687664041995,0.0,20.7039911308204,50.094876660341555,26.02040816326531,13.98258977149075,0.274649821477616,52.1966397,7.969639468690702,16.496465043205028,98.22896900695763,12.0,25.75,159.0,72.0,66.25,105.625,24.875,0.7198100407055631,0.6407766990291263,0.385558583106267,0.3784153005464481,0.8705722070844687,0.2564450474898236,0.21730245231607628,0.12482662968099856,0.6852103120759837,0.2225237449118046,0.8421768707482993,0.7312925170068028,0.4172366621067032,0.950136612021858,0.1496598639455783,0.41120218579234974,0.44490358126721763,0.08469945355191255,0.9809523809523809,0.28037383177570097,0.22267759562841527,0.9400544959128065,0.7636612021857924,0.4185888738127544,0.8582089552238806,0.7910447761194029,0.7815468113975577,0.7666214382632293,0.8018995929443691,0.7808683853459973,193,17.625,4.4,21,50
06073013306,0.1789183490765169,1.0,0.4155535246414446,1.0,0.36723825215296435,1.0,0.4183121494880835,1.0,0.2962981385735321,1.0,0.527642530635339,1.0,0.5164179104477612,1.0,1.0,0.388625836430806,38.8625836430806,4156,644,87757.0,18.5,11.0,15.4,194,92.5,13.191489361702127,3839,522,17.3,14.6,80.0,18.173836698858647,3.953712632594021,67.5153643546971,28.054298642533936,13.38403041825095,24.302213666987488,52.59489732,3.0728709394205445,48.854041013269,98.94644424934152,28.5,14.75,61.125,28.25,24.125,37.5,8.25,0.21370420624151965,0.31484049930651875,0.010899182561307952,0.17622950819672134,0.08787465940054497,0.22795115332428764,0.8092643051771117,0.11789181692094308,0.5156037991858887,0.39416553595658077,0.3795918367346939,0.17959183673469392,0.05266757865937077,0.09153005464480879,0.9115646258503401,0.6174863387978142,0.4035812672176309,0.09289617486338797,0.41768707482993195,0.2710280373831776,0.5737704918032787,0.1485013623978202,0.860655737704918,0.8921302578018996,0.3582089552238806,0.5400271370420624,0.5298507462686567,0.4864314789687924,0.5495251017639078,0.4762550881953867,86,10.5,12.0,51,44
06073013206,0.16022354912589024,1.0,0.39630951281466337,1.0,0.12114404784980476,1.0,0.31815799327737193,1.0,0.39612790344287285,1.0,0.2690959038727833,1.0,0.5518317503392131,1.0,1.0,0.31612723724608566,31.612723724608564,6087,1103,54293.0,16.2,4.8,9.4,89,94.6,26.16487455197133,5749,975,17.9,18.6,74.09448818897638,22.951582867783983,5.388532939050435,37.988826815642454,16.612903225806452,8.322663252240718,29.078363725973386,44.95332918,9.636871508379889,34.50704225352113,88.96648044692738,29.0,17.0,71.25,30.75,28.0,45.625,9.25,0.06784260515603802,0.047156726768377254,0.022479564032697574,0.5034153005464481,0.01907356948228883,0.07327001356852103,0.8896457765667575,0.04715672676837723,0.12075983717774763,0.0474898236092266,0.30544217687074826,0.010884353741496544,0.11354309165526677,0.03415300546448086,0.8489795918367347,0.27595628415300544,0.6528925619834711,0.2404371584699454,0.32108843537414966,0.37009345794392523,0.17759562841530052,0.5326975476839237,0.09699453551912568,0.9029850746268657,0.44572591587516963,0.5664857530529173,0.5481682496607869,0.5386702849389416,0.582089552238806,0.5237449118046132,94,11.0,15.8,52,44
06073013301,0.4222588878526885,1.0,0.5760019498857353,1.0,0.39198811139109646,1.0,0.6576352042914001,1.0,0.6278742199574422,1.0,0.20462768571045697,1.0,0.6545454545454545,1.0,1.0,0.5049902162334677,50.49902162334677,4863,488,92813.0,5.5,4.6,21.1,448,84.1,0.0,4447,504,16.3,13.7,61.30952380952381,2.4359775140537163,3.45612582781457,66.83322923173017,18.620689655172416,0.0,22.002878881348963,36.15432483,8.057464084946908,41.8724279835391,88.13241723922548,27.5,18.5,103.0,48.25,43.625,65.0,15.25,0.33107191316146545,0.3606102635228849,0.4686648501362398,0.5286885245901639,0.1989100817438692,0.7191316146540027,0.45163487738419617,0.6955617198335645,0.3622795115332429,0.4151967435549525,0.5183673469387755,0.27210884353741494,0.3926128590971272,0.6844262295081966,0.9455782312925171,0.6079234972677595,0.6170798898071626,0.9405737704918032,0.47346938775510206,0.4803738317757009,0.21721311475409832,0.3188010899182562,0.0778688524590164,0.8710990502035278,0.519674355495251,0.6594301221166893,0.6567164179104478,0.6417910447761194,0.6594301221166893,0.655359565807327,155,15.25,10.0,46,46
06073013302,0.44963805568017556,1.0,0.5705219943300296,1.0,0.23679492149641407,1.0,0.515179848149706,1.0,0.6041996483867812,1.0,0.6585065489396128,1.0,0.6276797829036636,1.0,1.0,0.5232172571266261,52.32172571266261,6832,569,112464.0,3.2,10.8,17.9,364,97.9,2.480916030534351,6299,824,16.2,13.9,64.24870466321244,14.519427402862986,3.286959180553432,71.77914110429448,24.59349593495935,3.740157480314961,11.563231850117097,30.29247044,0.0,28.795569912321184,93.59236537150647,28.5,18.0,92.125,43.625,37.625,58.75,13.375,0.2720488466757124,0.5450762829403606,0.797683923705722,0.1837431693989071,0.13147138964577657,0.582089552238806,0.9686648501362398,0.3467406380027739,0.06512890094979651,0.09633649932157395,0.5360544217687075,0.24965986394557826,0.31190150478796175,0.13251366120218577,0.9551020408163265,0.6612021857923497,0.4738292011019284,0.6038251366120219,0.7727891156462585,0.5663551401869159,0.967896174863388,0.7098092643051771,0.2978142076502732,0.8921302578018996,0.5020352781546812,0.6350067842605156,0.6255088195386703,0.6044776119402985,0.6445047489823609,0.6289009497964722,136,12.75,10.1,47,46
06073019903,0.44379427422540474,1.0,0.319209968183412,1.0,0.45832364153259675,1.0,0.486839163801243,1.0,0.5535733868687991,1.0,0.543473891097512,1.0,0.44518317503392135,1.0,1.0,0.464342500106127,46.4342500106127,4961,472,110068.0,8.7,2.5,28.4,369,87.2,37.34177215189873,4183,391,16.6,13.1,58.932238193018485,10.977242302543507,8.218344155844155,66.93440428380187,26.6384778012685,5.142857142857142,19.754081838339044,13.76477909,0.4685408299866131,43.87417218543047,95.24765729585006,7.5,11.25,45.0,19.5,22.0,23.75,7.625,0.35074626865671643,0.507628294036061,0.2002724795640327,0.7165300546448088,0.2901907356948229,0.5922659430122117,0.6069482288828338,0.02219140083217752,0.42401628222523746,0.5902306648575305,0.47687074829931975,0.3421768707482993,0.45690834473324216,0.21448087431693985,0.6639455782312925,0.6120218579234973,0.4352617079889807,0.44535519125683065,0.5374149659863945,0.7962616822429907,0.9234972677595629,0.2656675749318801,0.4412568306010929,0.1791044776119403,0.22455902306648576,0.4654002713704206,0.417910447761194,0.43826322930800543,0.46132971506105835,0.44301221166892807,59,4.5,8.2,15,21
06073006000,0.5832852385305077,1.0,0.6833051046593036,1.0,0.4536586547780578,1.0,0.517921314541829,1.0,0.49069238616135724,1.0,0.4510157184477102,1.0,0.8716417910447761,1.0,1.0,0.5787886011662202,57.87886011662202,4964,692,102404.0,3.6,0.0,65.1,710,41.6,0.0,4796,820,14.1,10.8,43.83561643835616,0.6350392230108329,24.804607157548332,42.734404183787824,0.0,6.594556873691556,33.440773569701854,44.20659614,8.703772880089652,25.44927536231884,94.47142323496452,20.5,28.75,199.75,92.75,88.125,131.875,29.625,0.19063772048846672,0.435506241331484,0.7391008174386922,0.967896174863388,0.8065395095367848,0.9185888738127544,0.008855585831062671,0.6955617198335645,0.27137042062415195,0.10040705563093621,0.8047619047619048,0.638095238095238,0.7756497948016416,0.8688524590163934,0.10068027210884356,0.32650273224043713,0.9855371900826446,0.33469945355191255,0.2612244897959184,0.3813084112149533,0.1994535519125683,0.784741144414169,0.36885245901639346,0.694708276797829,0.9755766621438263,0.8772048846675712,0.8805970149253731,0.8751696065128901,0.8799185888738128,0.8453188602442334,192,22.0,5.3,38,51
06073006100,0.44689944048765784,1.0,0.5962176642370683,1.0,0.7502651399772934,1.0,0.47023167063241617,1.0,0.1696502101252648,1.0,0.5091409697096033,1.0,0.823337856173677,1.0,1.0,0.537963278763283,53.7963278763283,2115,179,109750.0,11.2,5.7,68.0,260,85.6,10.909090909090908,1929,156,16.4,10.8,42.1602787456446,5.232558139534884,14.37440305635148,42.53875968992248,26.900584795321635,15.823817292006526,51.06382978723404,79.25326696,5.135658914728682,13.500482160077146,91.76356589147287,21.0,29.25,179.5,81.375,78.875,116.875,26.75,0.7550881953867028,0.5,0.10149863760217981,0.43101092896174864,0.8474114441416893,0.3541383989145183,0.5340599455040872,0.1456310679611651,0.9335142469470827,0.926729986431479,0.5027210884353741,0.638095238095238,0.7934336525307797,0.44535519125683065,0.31836734693877555,0.3237704918032787,0.42699724517906334,0.069672131147541,0.1333333333333333,0.04859813084112152,0.3729508196721312,0.9632152588555858,0.1912568306010929,0.7103120759837178,0.985753052917232,0.8371777476255088,0.8141112618724559,0.8242876526458616,0.8378561736770692,0.8032564450474898,189,19.375,6.8,39,51
06073006300,0.895110618569279,0.5,0.5317098013375791,1.0,0.7523874135814436,1.0,0.008163265306122436,0.25,0.5762858414393794,0.5,0.9659400544959128,0.3333333333333333,0.7758480325644505,1.0,1.0,0.6436350038991667,64.36350038991667,2038,0,,3.2,,11.9,279,98.0,5.2396878483835,0,0,22.1,7.3,,,42.05103042198234,,,,1.9627085377821392,61.6925949,,13.28560063643596,,17.0,27.0,156.625,70.125,66.875,102.5,23.375,0.9925373134328358,,0.797683923705722,,0.03746594005449591,0.41044776119402987,0.9713896457765667,0.2621359223300971,0.9959294436906377,0.994572591587517,0.029251700680272164,0.9897959183673469,,,0.008163265306122436,,,,0.9768707482993197,0.17570093457943925,,0.9659400544959128,,0.5888738127544098,0.9199457259158752,0.7883310719131614,0.776797829036635,0.7727272727272727,0.7869742198100407,0.7544097693351425,187,14.5,12.4,31,52
06073009603,0.22277496237618255,1.0,0.7688758267239862,1.0,0.17131596193429885,1.0,0.21311939377352163,1.0,0.17708099609228586,1.0,0.32247509715459866,1.0,0.9027137042062415,1.0,1.0,0.3969079917515879,39.690799175158794,6548,1355,57430.0,6.4,5.6,46.3,868,90.4,0.0,6077,854,20.2,12.4,67.03858670385867,8.030431107354184,26.646201074443592,33.61510284587207,41.06090373280943,7.481751824817519,61.2400733048259,67.40510268,11.045364891518737,38.531534358330724,94.87179487179486,23.0,26.75,199.75,99.0,99.25,130.625,36.0,0.035278154681139706,0.06102635228848821,0.3549046321525886,0.4398907103825137,0.5538147138964578,0.9592944369063772,0.726158038147139,0.6955617198335645,0.08548168249660792,0.0800542740841248,0.09251700680272112,0.42721088435374155,0.24623803009575929,0.3019125683060109,0.07755102040816331,0.226775956284153,0.1900826446280992,0.28688524590163933,0.10612244897959189,0.12523364485981303,0.12841530054644812,0.4223433242506812,0.4166666666666667,0.7706919945725916,0.9077340569877883,0.8772048846675712,0.903663500678426,0.926729986431479,0.8751696065128901,0.9308005427408412,201,21.0,11.9,45,52
06073009604,0.5138062842020362,1.0,0.513127844202261,1.0,0.5723995975595122,1.0,0.6106937304086713,1.0,0.31547804282652936,1.0,0.4856625621020136,1.0,0.8951153324287653,1.0,1.0,0.5580404848185412,55.80404848185412,3532,284,92049.0,6.9,1.6,50.5,292,79.9,23.943661971830984,3280,516,15.7,11.1,48.66220735785953,2.0064724919093853,9.937178754997145,58.12297734627832,8.791208791208792,10.174418604651162,63.703284258210644,63.28562539,6.148867313915858,27.44413407821229,94.8220064724919,23.5,26.25,194.75,95.875,96.75,125.625,36.125,0.5617367706919946,0.3522884882108183,0.3208446866485014,0.8203551912568305,0.6042234332425068,0.4443690637720488,0.305858310626703,0.05131761442441052,0.6675712347354139,0.4050203527815468,0.6176870748299319,0.5993197278911564,0.6908344733242133,0.7213114754098361,0.5265306122448979,0.5040983606557377,0.8484848484848485,0.15573770491803274,0.10068027210884356,0.15700934579439252,0.30601092896174864,0.7425068119891007,0.40846994535519127,0.7869742198100407,0.8860244233378561,0.8683853459972863,0.8887381275440976,0.9226594301221167,0.8609226594301221,0.9348710990502035,201,20.375,6.5,44,52
06073009703,0.7720432394627076,1.0,0.5527239566465805,1.0,0.6081291132463841,1.0,0.8181516992996207,1.0,0.7471432112901912,1.0,0.5608227493138379,1.0,0.8293080054274083,1.0,1.0,0.6983317106695328,69.83317106695328,3565,133,149583.0,4.5,1.5,53.5,196,81.2,0.0,3457,493,14.7,10.8,38.41059602649007,0.0,8.97254457967733,85.65672844480258,1.5479876160990713,5.411585365853658,11.781206171107995,12.0970753,2.73972602739726,28.61635220125786,94.3593875906527,15.5,25.5,169.125,83.25,81.75,109.375,30.0,0.8364993215739485,0.812760055478502,0.6076294277929155,0.8312841530054644,0.646457765667575,0.23202170963364993,0.358991825613079,0.6955617198335645,0.616010854816825,0.43419267299864317,0.7442176870748299,0.638095238095238,0.8522571819425444,0.950136612021858,0.601360544217687,0.8688524590163934,0.9683195592286501,0.42622950819672134,0.7659863945578231,0.82803738317757,0.6120218579234973,0.7166212534059946,0.35382513661202186,0.5413839891451832,0.8419267299864315,0.8141112618724559,0.8283582089552238,0.841248303934871,0.8120759837177748,0.8507462686567164,201,17.625,5.3,27,52
06073009705,0.8196563681254051,1.0,0.6000986732964625,1.0,0.6659434737259897,1.0,0.6442351740543721,1.0,0.7564371601151391,1.0,0.767657817284833,1.0,0.8739484396200814,1.0,1.0,0.7325681580317546,73.25681580317546,3868,131,147083.0,2.7,1.9,65.3,381,85.5,19.883040935672515,3647,441,14.2,9.8,33.44155844155844,1.925820256776034,18.439531859557867,77.17546362339515,15.369261477045908,0.5673758865248227,16.028955532574976,12.54511512,1.783166904422254,32.393483709273184,100.0,20.5,26.0,188.875,93.25,91.75,121.875,32.75,0.83921302578019,0.8044382801664355,0.8494550408719346,0.7855191256830601,0.8099455040871935,0.6227951153324288,0.5286103542234333,0.0700416088765603,0.5630936227951153,0.5,0.7938775510204081,0.8068027210884354,0.908344733242134,0.7281420765027322,0.1959183673469388,0.744535519125683,0.6887052341597797,0.8715846994535519,0.6448979591836734,0.8205607476635515,0.7226775956284153,0.611716621253406,0.9685792349726776,0.694708276797829,0.8744911804613297,0.8548168249660787,0.8833107191316146,0.8962008141112618,0.8507462686567164,0.8846675712347354,200,19.875,5.0,35,52
06073009801,0.8147058908978653,1.0,0.5674151772835493,1.0,0.4982794746120972,1.0,0.6564543754978164,1.0,0.718113960292379,1.0,0.43192477777281457,1.0,0.7298507462686568,1.0,1.0,0.6309634860893112,63.096348608931116,5311,116,138866.0,0.5,3.1,61.6,90,86.4,0.0,5131,580,14.3,10.5,40.0,3.2925682031984946,9.286675639300135,66.83913452492945,14.942528735632186,6.426056338028169,9.226134437958953,2.924704418,3.80997177798683,44.763513513513516,96.33113828786453,15.0,24.25,126.5,62.625,60.875,78.75,24.0,0.8663500678426052,0.7503467406380028,0.9816076294277929,0.66051912568306,0.7540871934604905,0.07598371777476255,0.5728882833787466,0.6955617198335645,0.20895522388059706,0.3202170963364993,0.780952380952381,0.6829931972789116,0.8331053351573188,0.605191256830601,0.5782312925170068,0.6092896174863388,0.699724517906336,0.35655737704918034,0.8367346938775511,0.9794392523364486,0.49453551912568305,0.2465940054495913,0.5546448087431693,0.5291723202170964,0.776797829036635,0.7103120759837178,0.7327001356852103,0.7347354138398915,0.7055630936227951,0.7659430122116689,188,14.125,5.2,26,51
06073011802,0.06147301825968886,1.0,0.5822184269171674,1.0,0.135137392813299,1.0,0.330422943100229,1.0,0.3588970704904966,1.0,0.3314349101413023,1.0,0.8671641791044775,1.0,1.0,0.3809639915466659,38.096399154666585,7019,1147,61947.0,11.5,22.0,15.8,316,93.8,3.3684210526315788,6069,618,19.4,16.5,72.12355212355213,19.823788546255507,4.452797455544311,32.69701419481155,48.24667472793229,3.1294452347083923,20.800683858099447,66.60858743,7.391091532060695,33.033788641265275,90.94468918257465,32.0,24.25,197.25,94.25,82.5,132.5,30.0,0.05766621438263231,0.08737864077669903,0.08991825613079019,0.010928961748633892,0.09332425068119891,0.4843962008141113,0.8583106267029973,0.32593619972260746,0.08819538670284943,0.2598371777476255,0.13537414965986394,0.05714285714285716,0.15184678522571815,0.060109289617486295,0.891156462585034,0.2185792349726776,0.1267217630853994,0.6598360655737705,0.508843537414966,0.14018691588785048,0.24590163934426235,0.5844686648501363,0.16393442622950818,0.9545454545454546,0.776797829036635,0.8724559023066486,0.8846675712347354,0.844640434192673,0.8833107191316146,0.8507462686567164,198,21.875,16.7,56,50
06073013601,0.49590284903338044,1.0,0.5445891599833769,1.0,0.39391447216607134,1.0,0.7194277463177418,1.0,0.5535615353366642,1.0,0.38146146325000124,1.0,0.6457259158751697,1.0,1.0,0.5335118774232008,53.351187742320086,5214,257,122238.0,5.6,8.1,44.6,380,80.2,0.0,4923,667,15.5,11.9,44.60431654676259,3.4586466165413534,6.928948913681738,78.49624060150376,34.707903780068726,4.454022988505748,18.603759110088223,11.07654014,6.817042606516291,48.6587982832618,97.89473684210527,16.0,19.0,92.5,47.875,45.125,54.375,15.375,0.6105834464043419,0.6324549237170597,0.4502724795640327,0.29030054644808745,0.5354223433242506,0.6200814111261872,0.3126702997275204,0.6955617198335645,0.23948439620081408,0.20624151967435544,0.6448979591836734,0.4850340136054422,0.7660738714090287,0.587431693989071,0.7605442176870748,0.7636612021857924,0.2713498622589532,0.5204918032786885,0.5700680272108843,0.8523364485981308,0.26639344262295084,0.15531335149863756,0.7226775956284153,0.5556309362279511,0.5481682496607869,0.6363636363636364,0.6526458616010855,0.6567164179104478,0.6241519674355496,0.658751696065129,143,10.375,6.6,27,51
06073014602,0.43408044309393545,1.0,0.42896502321132557,1.0,0.5404099631711572,1.0,0.6230466576642094,1.0,0.5221103062309371,1.0,0.5155757557709584,1.0,0.8137042062415196,1.0,1.0,0.5539846221977204,55.398462219772036,5155,370,132446.0,8.1,7.4,48.4,261,73.1,29.931972789115648,4753,406,15.5,10.6,59.66620305980529,0.0,9.633950120675784,61.31578947368421,19.167717528373267,2.813299232736573,24.63627546071775,43.31051649,1.789473684210526,39.39393939393939,95.05263157894737,20.0,23.5,165.0,80.25,79.125,102.5,28.875,0.4599728629579376,0.7059639389736477,0.23910081743869205,0.33128415300546443,0.5831062670299727,0.35617367706919945,0.16348773841961853,0.04022191400832176,0.2903663500678426,0.5569877883310719,0.6448979591836734,0.6693877551020408,0.4377564979480164,0.950136612021858,0.5523809523809524,0.5519125683060109,0.6060606060606061,0.6816939890710383,0.40816326530612246,0.39252336448598135,0.7213114754098361,0.3978201634877384,0.4275956284153005,0.680461329715061,0.7503392130257802,0.8059701492537313,0.8127544097693351,0.8263229308005428,0.7869742198100407,0.8364993215739485,193,20.75,6.3,35,51
06073011300,0.40038068686645834,1.0,0.5051785218192311,1.0,0.7476365851632376,1.0,0.3118945881822039,1.0,0.5192117320225911,1.0,0.9102511129971264,1.0,0.7200814111261872,1.0,1.0,0.587804948311005,58.780494831100505,2304,0,111397.0,16.7,16.3,35.4,430,80.9,0.0,130,37,22.5,6.9,65.3061224489796,0.0,37.49456285341453,0.0,64.1025641025641,0.0,0.0,67.91537026,0.0,25.035360678925034,100.0,8.0,21.75,131.25,59.125,55.25,86.875,20.125,0.9925373134328358,0.5284327323162274,0.017711171662125325,0.06284153005464477,0.4128065395095368,0.689280868385346,0.34400544959128065,0.6955617198335645,0.9877883310719131,0.9864314789687924,0.021088435374149617,0.9952380952380953,0.27633378932968533,0.950136612021858,0.01632653061224487,0.0047814207650273225,0.026170798898071612,0.9405737704918032,0.9904761904761905,0.11962616822429906,0.967896174863388,0.7942779291553134,0.9685792349726776,0.20352781546811397,0.6858887381275441,0.7259158751696065,0.7150610583446404,0.7048846675712347,0.7421981004070556,0.7123473541383989,179,13.0,11.0,16,49
06073008511,0.5781173182477007,1.0,0.6682722062334246,1.0,0.47286849610943427,1.0,0.5495041363857781,1.0,0.4450720042083539,1.0,0.709221125355489,1.0,0.7370420624151968,1.0,1.0,0.5942996212793396,59.429962127933955,5607,382,140403.0,8.3,0.9,58.4,1001,69.2,0.0,4974,732,16.0,8.7,47.36537348002316,2.7248973497573723,9.050179211469533,34.1545352743561,23.35164835164835,8.316221765913758,0.0,81.53080274,1.269130272489735,25.759999999999998,96.30459126539753,21.0,24.75,133.75,64.25,62.125,85.625,20.75,0.4402985074626866,0.7614424410540915,0.22343324250681196,0.8872950819672131,0.7138964577656676,0.9823609226594301,0.10967302452316076,0.6955617198335645,0.23202170963365,0.15128900949796475,0.5741496598639455,0.9340136054421768,0.7154582763337893,0.6612021857923498,0.5891156462585034,0.23224043715846995,0.5068870523415978,0.24180327868852458,0.9904761904761905,0.04112149532710285,0.8005464480874317,0.7752043596730245,0.5519125683060109,0.7103120759837178,0.7978290366350068,0.7354138398914518,0.7449118046132972,0.7476255088195387,0.7381275440976933,0.7191316146540027,185,11.25,6.9,42,52
06073017048,0.5110242253553416,1.0,0.5245030828571814,1.0,0.34388170464929524,1.0,0.3840720047073347,1.0,0.5930700615058696,1.0,0.4271278470143883,1.0,0.09620081411126188,1.0,1.0,0.411411391457239,41.1411391457239,6422,473,98007.0,2.0,6.4,43.1,449,92.6,4.773869346733668,6074,514,17.0,12.1,60.26615969581749,14.763869784502523,8.684587243518372,46.813388353966076,11.156462585034014,2.1534320323014806,18.997197134848957,50.57871811,4.401650618982118,34.92445054945055,94.03943145346172,9.0,19.25,10.75,7.875,3.75,3.75,0.0,0.3473541383989145,0.39528432732316227,0.9162125340599455,0.38524590163934425,0.5115803814713896,0.7225237449118046,0.8153950953678474,0.27323162274618584,0.08683853459972868,0.407055630936228,0.4224489795918367,0.4591836734693877,0.41997264021887826,0.1297814207650273,0.6190476190476191,0.3674863387978142,0.7892561983471075,0.7349726775956285,0.5564625850340136,0.291588785046729,0.4412568306010929,0.5136239782016349,0.32650273224043713,0.26119402985074625,0.5630936227951153,0.10244233378561737,0.1282225237449118,0.09023066485753053,0.11329715061058344,0.046811397557666216,19,1.5,8.5,17,61
06073009507,0.535862763591508,1.0,0.4490962196469869,1.0,0.6835073242322709,1.0,0.5439281097494277,1.0,0.5816970516293409,1.0,0.801217720601738,1.0,0.7917232021709634,1.0,1.0,0.6267189130888908,62.67189130888908,4056,221,117330.0,3.3,14.4,64.5,274,81.4,10.743801652892563,3852,300,14.8,10.0,76.54723127035831,0.0,8.320373250388803,57.75116433799069,38.788870703764324,7.336621454993835,9.122287968441814,3.99502178,1.0645375914836992,26.45466847090663,98.66932801064537,8.5,23.5,154.0,76.375,74.75,98.125,27.5,0.6824966078697422,0.5894590846047156,0.7826975476839237,0.08879781420765032,0.8010899182561307,0.39280868385345996,0.3678474114441417,0.14979195561719838,0.5115332428765265,0.7327001356852103,0.7292517006802721,0.7605442176870748,0.07660738714090287,0.950136612021858,0.6517006802721088,0.4972677595628415,0.22589531680440766,0.29508196721311475,0.8394557823129252,0.9663551401869159,0.8224043715846995,0.7629427792915531,0.8183060109289617,0.2327001356852103,0.7503392130257802,0.7788331071913162,0.7944369063772049,0.7978290366350068,0.7747625508819539,0.8127544097693351,197,15.0,5.6,17,52
06073007800,0.3738344534669159,1.0,0.5223442037540574,1.0,0.4929051403465049,1.0,0.3904665488002292,1.0,0.23798300056619648,1.0,0.6012517185072686,1.0,0.6341926729986431,1.0,1.0,0.4647111054914022,46.47111054914022,5853,732,108000.0,5.7,6.2,57.6,1029,73.5,28.000000000000004,5173,304,18.7,9.6,41.2751677852349,4.6681254558716265,19.40246656244572,16.739606126914662,34.40860215053764,10.684039087947884,41.17546557321032,46.70815184,2.4434719183078046,23.84586035864174,94.12837345003648,14.5,22.25,95.625,44.5,42.875,57.5,13.125,0.17639077340569875,0.4854368932038835,0.4352861035422343,0.39822404371584696,0.7084468664850136,0.9850746268656716,0.17166212534059946,0.04160887656033285,0.20217096336499318,0.7272727272727273,0.20612244897959187,0.8360544217687075,0.8125854993160054,0.4877049180327869,0.17551020408163265,0.0860655737704918,0.27410468319559234,0.139344262295082,0.19455782312925174,0.34392523364485983,0.6420765027322404,0.8256130790190735,0.3360655737704918,0.5162822252374492,0.7109905020352781,0.6390773405698779,0.6322930800542741,0.6350067842605156,0.6383989145183175,0.6261872455902306,144,7.75,7.7,25,52
06073008503,0.4255113885240103,1.0,0.7318629409423422,1.0,0.38988176003101377,1.0,0.4274948351433596,1.0,0.332182803695939,1.0,0.5141997091566038,1.0,0.6364993215739484,1.0,1.0,0.4939475370096025,49.39475370096025,7840,791,110065.0,1.3,14.6,59.1,781,88.9,0.0,7465,546,15.7,11.3,56.83018867924529,5.129849310676499,15.457818930041153,54.761141391471625,57.72151898734177,3.466419065304859,18.239795918367346,72.83136279,4.680987495992305,19.0990990990991,92.2411029176018,20.5,21.5,97.125,45.25,42.375,58.75,13.125,0.15061058344640432,0.5062413314840499,0.9591280653950953,0.08606557377049184,0.726158038147139,0.9402985074626866,0.6634877384196185,0.6955617198335645,0.020352781546811416,0.35345997286295794,0.6176870748299319,0.5680272108843538,0.521203830369357,0.45355191256830596,0.27210884353741494,0.46311475409836067,0.04683195592286504,0.6229508196721312,0.582312925170068,0.07663551401869162,0.4098360655737705,0.9087193460490464,0.22404371584699453,0.694708276797829,0.6709633649932157,0.6431478968792401,0.6363636363636364,0.6322930800542741,0.6445047489823609,0.6261872455902306,144,7.75,6.7,38,52
06073009902,0.9925373134328358,0.25,0.40049751243781095,0.5,0.9952510176390774,0.5,,0.0,0.36074766355140186,0.25,,0.0,0.7306648575305291,1.0,0.7142857142857143,0.695939672918331,69.59396729183311,0,0,,,,,0,,,0,0,,,,,,,,,,45.28935905,,,,11.0,25.5,137.375,59.875,58.625,91.875,20.75,0.9925373134328358,,,,,0.0027137042062415195,,,0.9959294436906377,0.994572591587517,,,,,,,,,,0.36074766355140186,,,,0.3568521031207598,0.8419267299864315,0.7421981004070556,0.7170963364993216,0.7184531886024423,0.7564450474898237,0.7191316146540027,181,13.5,,22,50
06073016201,0.669893975902315,1.0,0.4535834525389015,1.0,0.4260637905094195,1.0,0.7400181651005808,1.0,0.6931940298154242,1.0,0.7917913670135942,1.0,0.6183175033921302,1.0,1.0,0.6275517548960522,62.75517548960522,5537,330,130852.0,4.7,0.8,48.0,207,77.0,1.951219512195122,5344,618,14.6,11.7,54.4973544973545,3.7994722955145117,3.6390101892285296,88.17941952506597,2.975206611570248,0.0,11.197399313707784,70.49159925,0.6860158311345647,32.372619660319096,99.15567282321899,19.5,20.5,84.0,41.0,43.5,48.75,13.5,0.5074626865671642,0.694868238557559,0.5783378746594006,0.8989071038251366,0.5762942779291553,0.2544097693351425,0.23433242506811988,0.363384188626907,0.17639077340569875,0.2598371777476255,0.754421768707483,0.5136054421768708,0.573187414500684,0.5573770491803278,0.9333333333333333,0.8961748633879781,0.9559228650137741,0.9405737704918032,0.780952380952381,0.09532710280373835,0.8879781420765027,0.6130790190735695,0.8743169398907104,0.6702849389416553,0.6227951153324288,0.6105834464043419,0.6058344640434192,0.6397557666214383,0.6037991858887382,0.6316146540027137,132,8.25,5.5,33,51
06073020304,0.7774187567822983,1.0,0.4099254399410322,1.0,0.37380790850940104,1.0,0.6910474578699188,1.0,0.6988834110971627,1.0,0.6028585538233995,1.0,0.35074626865671643,1.0,1.0,0.5578125423828469,55.781254238284696,6153,179,144653.0,2.9,2.3,48.0,305,83.9,0.0,5746,764,14.8,11.7,53.59281437125748,0.34587116299178555,12.177182085648905,84.65196714223951,8.503937007874015,4.263245033112583,7.801072647489029,35.85563161,0.0,57.52416014726185,98.31387808041504,6.0,9.0,34.875,18.5,12.5,23.125,4.375,0.7550881953867028,0.7919556171983356,0.826975476839237,0.735655737704918,0.5762942779291553,0.46743554952510175,0.444141689373297,0.6955617198335645,0.12211668928086838,0.1302578018995929,0.7292517006802721,0.5136054421768708,0.60328317373461,0.894808743169399,0.40544217687074835,0.860655737704918,0.859504132231405,0.5546448087431695,0.889795918367347,0.491588785046729,0.967896174863388,0.06130790190735691,0.7793715846994536,0.1248303934871099,0.15128900949796473,0.3208955223880597,0.378561736770692,0.276797829036635,0.4552238805970149,0.32225237449118044,43,1.5,5.9,12,22
06073015502,0.58478621688061,1.0,0.344755870399589,1.0,0.517140411116957,1.0,0.7022245383094144,1.0,0.5609330593362208,1.0,0.479441193549828,1.0,0.0814111261872456,1.0,1.0,0.46724177368283787,46.72417736828379,3013,164,143542.0,5.6,7.6,28.3,162,89.1,0.0,2748,294,17.9,14.3,62.68656716417911,0.3015075376884422,7.19327731092437,82.1105527638191,27.666666666666668,4.693486590038314,25.224029206770663,6.397013068,1.6080402010050252,56.05920444033302,96.98492462311557,2.5,9.5,7.625,3.25,4.375,2.5,0.625,0.7869742198100407,0.7808599167822469,0.4502724795640327,0.3210382513661202,0.28814713896457766,0.18113975576662145,0.6723433242506812,0.6955617198335645,0.8086838534599728,0.7449118046132972,0.30544217687074826,0.20952380952380956,0.34610123119015046,0.8975409836065573,0.7442176870748299,0.8210382513661202,0.41460055096418735,0.4986338797814208,0.39591836734693875,0.9345794392523364,0.7513661202185793,0.07356948228882831,0.6133879781420765,0.06173677069199457,0.16960651289009498,0.05698778833107191,0.037991858887381276,0.10854816824966079,0.07598371777476255,0.12754409769335143,17,0.5,8.1,5,33
06073021202,0.7380981870826989,1.0,0.21155695998282883,1.0,0.49515756098911745,1.0,0.7487318964947778,1.0,0.36782679107828486,1.0,0.11697885181380067,1.0,0.016553595658073274,1.0,1.0,0.38498626329994023,38.498626329994025,3238,183,91597.0,0.7,1.0,16.9,177,91.5,10.843373493975903,2664,412,17.2,14.2,16.228070175438596,1.8502202643171806,9.456040480708412,74.80176211453744,34.5945945945946,6.584362139917696,45.08956145768993,21.43123833,7.929515418502203,58.04347826086956,87.7533039647577,0.5,1.25,0.0,0.0,0.0,0.0,0.0,0.7476255088195387,0.34951456310679613,0.9775204359673024,0.8777322404371585,0.11716621253405994,0.20081411126187246,0.7670299727520435,0.1470180305131762,0.8236092265943012,0.5447761194029851,0.3952380952380953,0.2170068027210884,0.9849521203830369,0.7363387978142076,0.5659863945578232,0.7076502732240437,0.2727272727272727,0.337431693989071,0.17142857142857137,0.6897196261682244,0.22404371584699456,0.05722070844686644,0.06967213114754098,0.025101763907734057,0.012211668928086838,0.0033921302578018998,0.004070556309362279,0.011533242876526458,0.016960651289009497,0.046811397557666216,0,0.0,7.4,1,5
06073008501,0.6274228803528783,1.0,0.5686269164573853,1.0,0.5012567034955094,1.0,0.43024294735049945,1.0,0.6589748961221655,1.0,0.7855439416724984,1.0,0.5632293080054274,1.0,1.0,0.5907567990651948,59.07567990651948,5923,455,144559.0,4.4,2.4,56.5,247,83.2,0.0,5589,438,14.9,10.8,64.30446194225722,7.327188940092166,10.029756695256433,61.6589861751152,29.01234567901235,1.2289485662266726,10.298835049805842,27.60423149,2.1198156682027647,13.114754098360656,97.78801843317973,19.0,20.5,75.125,35.375,32.375,44.375,9.625,0.3724559023066486,0.7905686546463245,0.6198910081743869,0.7267759562841529,0.6900544959128065,0.3256445047489824,0.42302452316076294,0.6955617198335645,0.14654002713704206,0.5061058344640434,0.7142857142857143,0.638095238095238,0.31053351573187415,0.33333333333333337,0.5197278911564626,0.5573770491803278,0.38980716253443526,0.8346994535519126,0.8095238095238095,0.6018691588785047,0.6789617486338797,0.9727520435967303,0.7049180327868853,0.6546811397557666,0.6227951153324288,0.5759837177747625,0.573270013568521,0.5603799185888738,0.5719131614654003,0.5345997286295794,115,4.875,5.7,36,52
06073018510,0.28800843658806385,1.0,0.4195638961612933,1.0,0.36619776811674465,1.0,0.508823813551345,1.0,0.32102274993720914,1.0,0.33459274479732787,1.0,0.45291723202170964,1.0,1.0,0.38444666302481334,38.44466630248134,3042,618,87083.0,5.4,12.6,33.7,124,93.6,0.0,2621,543,18.9,15.8,72.77628032345014,3.1746031746031744,6.8401735068401734,59.01027077497666,48.61111111111111,2.813067150635209,42.077580539119005,50.28002489,6.442577030812324,32.2279792746114,89.2623716153128,11.5,7.0,43.75,19.0,26.75,16.875,10.375,0.23202170963365,0.3106796116504854,0.4843324250681199,0.125,0.37806539509536785,0.12143826322930801,0.8494550408719346,0.6955617198335645,0.8324287652645862,0.3568521031207599,0.17823129251700676,0.09727891156462587,0.13816689466484267,0.6133879781420766,0.7673469387755102,0.5163934426229508,0.11845730027548207,0.6830601092896175,0.1891156462585034,0.2934579439252336,0.2827868852459017,0.61716621253406,0.10382513661202186,0.3860244233378562,0.08683853459972862,0.4443690637720488,0.3968792401628223,0.5284938941655359,0.32903663500678426,0.5658073270013568,39,2.5,12.7,22,17
06073019803,0.423249498935914,1.0,0.5388156422934188,1.0,0.2894006313515909,1.0,0.3347539473280734,1.0,0.33710740422976215,1.0,0.37200719167373925,1.0,0.41831750339213025,1.0,1.0,0.3876645456006612,38.76645456006612,5783,886,109795.0,2.8,9.2,51.5,626,94.9,5.491990846681922,5239,751,17.7,11.8,63.99716513111269,2.3923444976076556,31.03148373630197,38.10352327098739,40.57052297939778,4.367720465890184,54.29707764136261,35.33291848,12.614180078294911,43.168669336893636,98.08612440191388,13.0,7.75,42.875,17.375,25.0,16.875,8.375,0.11397557666214386,0.5020804438280166,0.8392370572207084,0.23770491803278693,0.6239782016348774,0.8744911804613297,0.9032697547683923,0.2538141470180305,0.1926729986431479,0.13839891451831754,0.3285714285714286,0.49795918367346936,0.3187414500683995,0.6898907103825136,0.05306122448979589,0.2773224043715847,0.20110192837465568,0.5314207650273224,0.12244897959183676,0.4934579439252337,0.08743169398907102,0.28610354223433243,0.7424863387978142,0.46404341926729986,0.11329715061058344,0.4362279511533243,0.34260515603799185,0.4972862957937585,0.32903663500678426,0.4864314789687924,48,4.0,8.0,25,18
06073015302,0.515883663637292,1.0,0.5446241288102852,1.0,0.46583755618936856,1.0,0.4988502911648838,1.0,0.3892929502311062,1.0,0.3522220236943067,1.0,0.6241519674355496,1.0,1.0,0.48440894016611313,48.44089401661131,4518,293,112656.0,6.2,3.8,35.5,371,80.3,0.0,4030,439,15.9,13.4,59.917355371900825,4.028268551236749,15.832777407160329,77.95053003533569,33.60433604336043,9.46896992962252,15.050907481186366,41.40634723,2.4734982332155475,44.0093512565751,90.74204946996467,20.5,19.0,85.625,43.0,43.75,48.125,14.125,0.5508819538670284,0.5464632454923717,0.37465940054495916,0.5915300546448088,0.414850136239782,0.596336499321574,0.3181198910081744,0.6955617198335645,0.4654002713704206,0.5033921302578019,0.5891156462585034,0.30544217687074826,0.43365253077975374,0.5423497267759563,0.2666666666666667,0.7527322404371585,0.2920110192837465,0.17622950819672134,0.672108843537415,0.41682242990654206,0.6379781420765027,0.26021798365122617,0.15846994535519127,0.694708276797829,0.5481682496607869,0.6146540027137042,0.6234735413839891,0.6431478968792401,0.6004070556309362,0.6390773405698779,128,9.75,7.2,38,51
06073010104,0.5031104611347196,1.0,0.4231736473125689,1.0,0.6065064288944886,1.0,0.6866853146138363,1.0,0.422033531132996,1.0,0.4302174376994585,1.0,0.38371777476255087,1.0,1.0,0.49363494222151705,49.36349422215171,3107,151,111573.0,6.5,7.4,20.7,359,93.6,59.77011494252874,2876,350,16.0,12.5,30.979498861047837,4.371097234611954,6.724080821464061,59.58965209634255,24.495677233429394,7.736625514403292,18.667524943675573,44.99066584,0.44603033006244425,50.91137649277184,92.41748438893845,18.0,13.25,39.125,19.25,15.5,22.5,4.75,0.8059701492537313,0.5298196948682385,0.3453678474114441,0.33128415300546443,0.19005449591280654,0.567842605156038,0.8494550408719346,0.009708737864077666,0.7815468113975577,0.6540027137042063,0.5741496598639455,0.4163265306122449,0.93296853625171,0.5177595628415301,0.7727891156462585,0.523224043715847,0.47933884297520657,0.27322404371584696,0.5673469387755101,0.36822429906542054,0.924863387978142,0.12125340599455037,0.24453551912568305,0.6227951153324288,0.29918588873812757,0.38738127544097695,0.4084124830393487,0.3344640434192673,0.44843962008141114,0.33989145183175035,60,6.375,8.6,28,43
06073017601,0.7859475611965135,1.0,0.37600829665079516,1.0,0.5884434506502736,1.0,0.5256928171573624,1.0,0.3318543839404491,1.0,0.25515800340475375,1.0,0.20759837177747625,1.0,1.0,0.43867184068251763,43.86718406825176,5143,203,175607.0,2.7,3.0,69.3,92,73.1,0.0,4869,459,11.4,10.9,73.38709677419355,0.0,11.01511879049676,62.45924545877969,24.406047516198704,8.287056813327638,28.582539373906283,52.52022402,10.759198882161156,41.45383104125737,93.47927340475081,9.5,9.5,21.5,8.25,11.25,8.125,2.625,0.7109905020352781,0.9098474341192788,0.8494550408719346,0.6734972677595629,0.8630790190735694,0.07869742198100407,0.16348773841961853,0.6955617198335645,0.257123473541384,0.48100407055630934,0.9891156462585035,0.6265306122448979,0.12448700410396718,0.950136612021858,0.4653061224489796,0.5628415300546448,0.4820936639118457,0.24453551912568305,0.32789115646258504,0.2728971962616823,0.13661202185792354,0.3365122615803815,0.2923497267759563,0.2856173677069199,0.16960651289009498,0.20759837177747625,0.13636363636363635,0.24830393487109906,0.19335142469470828,0.25237449118046135,36,3.0,3.7,18,27
06073016606,0.7947745195491376,1.0,0.4324538370932449,1.0,0.5164931372820499,1.0,0.5548360766342374,1.0,0.7509923194409986,1.0,0.751223428279309,1.0,0.5789687924016282,1.0,1.0,0.6256774443829436,62.56774443829436,3704,71,128750.0,4.6,0.0,33.9,228,74.0,0.0,3505,350,17.5,12.1,71.92429022082018,4.755145493257629,4.972375690607735,75.2306600425834,6.21301775147929,0.0,15.11879049676026,36.25388923,2.55500354861604,30.571428571428573,100.0,11.0,21.75,71.25,35.25,36.5,43.125,11.75,0.937584803256445,0.6796116504854369,0.5940054495912807,0.967896174863388,0.3821525885558583,0.29579375848032563,0.1784741144414169,0.6955617198335645,0.6010854816824966,0.6540027137042063,0.3517006802721089,0.4591836734693877,0.15595075239398082,0.4781420765027322,0.8653061224489795,0.7199453551912568,0.918732782369146,0.9405737704918032,0.6680272108843537,0.47663551401869164,0.6284153005464481,0.6566757493188011,0.9685792349726776,0.3568521031207598,0.6858887381275441,0.5664857530529173,0.5712347354138398,0.5970149253731343,0.5671641791044776,0.592944369063772,122,7.375,7.1,19,55
06073019002,0.5362008859455227,1.0,0.2815874571277571,1.0,0.5633643009442584,1.0,0.4720961125586338,1.0,0.4571540572730187,1.0,0.32557461423544415,1.0,0.04097693351424696,1.0,1.0,0.3824220516569831,38.24220516569831,4928,336,139412.0,4.2,8.9,50.5,331,81.4,11.267605633802818,4596,268,16.2,11.0,72.41379310344827,3.47661188369153,15.049751243781095,85.84070796460178,31.917631917631915,3.182374541003672,17.248376623376625,55.54449284,3.2237673830594185,68.76790830945558,94.75347661188368,0.5,3.75,5.375,4.875,0.5,0.0,0.0,0.5006784260515604,0.753120665742025,0.6423705722070845,0.24863387978142082,0.6042234332425068,0.5223880597014925,0.3678474114441417,0.1414701803051318,0.3175033921302578,0.7869742198100407,0.5360544217687075,0.6129251700680272,0.15047879616963067,0.5833333333333333,0.28435374149659864,0.8702185792349727,0.3305785123966942,0.6516393442622951,0.6108843537414965,0.23551401869158883,0.5560109289617486,0.019073569482288777,0.4016393442622951,0.025101763907734057,0.028493894165535955,0.0407055630936228,0.07327001356852103,0.027137042062415198,0.016960651289009497,0.046811397557666216,10,0.0,7.4,1,15
06073003601,0.23358120416169836,1.0,0.5722755899703263,1.0,0.44520901983588557,1.0,0.5409424311089286,1.0,0.20879335405295504,1.0,0.2403912488894845,1.0,0.8837177747625509,1.0,1.0,0.446415803254547,44.6415803254547,3151,434,85430.0,9.6,14.3,11.5,236,100.0,4.421768707482993,2756,296,19.4,15.7,38.80952380952381,24.299065420560748,1.6325224071702944,40.58744993324432,35.93314763231198,5.548549810844893,49.82545223738496,92.28375856,15.620827770360481,33.97976391231028,90.12016021361816,30.0,26.25,205.0,96.375,85.375,137.5,32.5,0.39077340569877883,0.2912621359223301,0.16212534059945505,0.0901639344262295,0.02997275204359673,0.3100407055630936,0.9952316076294278,0.2829403606102635,0.8032564450474898,0.7394843962008142,0.13537414965986394,0.1027210884353742,0.8467852257181943,0.02732240437158473,0.9891156462585035,0.3005464480874317,0.26170798898071623,0.4180327868852459,0.14421768707482996,0.01121495327102806,0.042349726775956276,0.5504087193460491,0.1284153005464481,0.9294436906377205,0.8860244233378561,0.89280868385346,0.8900949796472184,0.8568521031207599,0.8968792401628223,0.8819538670284939,198,21.375,16.1,54,50
06073013411,0.6294948318607838,1.0,0.5037712961196388,1.0,0.5561711387404351,1.0,0.9262288884291803,1.0,0.829572873400386,1.0,0.40231433917501724,1.0,0.6671641791044777,1.0,1.0,0.6449596495471311,64.49596495471312,4958,216,160882.0,5.8,4.4,50.0,80,86.8,0.0,4783,519,12.7,10.9,32.91139240506329,0.9673518742442563,2.8454452405322415,94.80048367593712,13.871635610766045,0.9580838323353293,5.445744251714401,13.80211574,3.990326481257558,44.35967302452316,95.52599758162032,16.0,18.75,103.25,49.25,44.0,67.5,17.625,0.6940298507462687,0.8613037447988904,0.42166212534059944,0.540983606557377,0.5980926430517711,0.05563093622795115,0.5844686648501363,0.6955617198335645,0.2781546811397557,0.4002713704206241,0.9197278911564626,0.6265306122448979,0.9165526675786594,0.8292349726775956,0.9727891156462585,0.9863387978142076,0.7245179063360881,0.8483606557377049,0.9510204081632653,0.794392523364486,0.4808743169398907,0.2588555858310627,0.4672131147540984,0.5556309362279511,0.5332428765264586,0.66078697421981,0.6675712347354138,0.6451831750339213,0.6763907734056988,0.6858887381275441,166,12.625,5.6,30,48
06073000400,0.5555490458857258,1.0,0.6998134719139396,1.0,0.6354542223945209,1.0,0.4395008375061805,1.0,0.3553902731615091,1.0,0.42550115890670676,1.0,0.880189959294437,1.0,1.0,0.5701998527232885,57.01998527232885,4315,333,100636.0,5.6,1.2,63.4,1158,55.1,0.0,3712,397,16.3,9.2,52.68340718857706,0.0,25.964912280701753,19.706336939721794,23.78640776699029,2.1919879062736203,92.46813441483198,66.011201,9.659969088098919,24.778434268833088,93.6244204018547,21.0,29.25,198.5,90.5,92.125,130.625,32.875,0.5027137042062415,0.4147018030513176,0.4502724795640327,0.8545081967213115,0.7813351498637602,0.9918588873812755,0.0340599455040872,0.6955617198335645,0.5508819538670284,0.5814111261872457,0.5183673469387755,0.891156462585034,0.6155950752393982,0.950136612021858,0.08571428571428574,0.10655737704918032,0.5,0.7295081967213115,0.04625850340136051,0.14579439252336446,0.17622950819672134,0.7997275204359673,0.3005464480874317,0.7103120759837178,0.985753052917232,0.8751696065128901,0.8629579375848032,0.8995929443690638,0.8751696065128901,0.8880597014925373,191,20.375,6.4,38,52
06073000500,0.5321523974711821,1.0,0.6958125451630027,1.0,0.7329465843325118,1.0,0.4823646423876451,1.0,0.24808139831200882,1.0,0.47144548175280293,1.0,0.8862957937584802,1.0,1.0,0.5784426918825192,57.844269188251914,2983,154,120172.0,7.6,5.5,64.1,281,84.2,0.0,2882,267,16.1,9.8,40.77471967380224,2.119700748129676,20.52341597796143,34.78802992518703,39.849624060150376,9.83698707138842,27.153871940998993,53.44119477,4.675810473815462,22.61995430312262,90.52369077306733,25.0,29.5,204.5,90.75,96.5,131.875,32.0,0.8012211668928086,0.6074895977808599,0.26702997275204354,0.4528688524590164,0.7942779291553134,0.4185888738127544,0.45708446866485014,0.6955617198335645,0.7774762550881954,0.791044776119403,0.5564625850340136,0.8068027210884354,0.8248974008207934,0.7131147540983607,0.15374149659863945,0.23770491803278687,0.21074380165289253,0.16666666666666663,0.35510204081632657,0.25981308411214954,0.4112021857923497,0.8528610354223434,0.15027322404371585,0.8168249660786974,0.9925373134328358,0.8914518317503393,0.864314789687924,0.9206241519674355,0.8799185888738128,0.8751696065128901,192,22.625,5.9,48,52
06073000600,0.6720236356162168,1.0,0.6928051715659996,0.8333333333333334,0.7128400206758416,1.0,0.5601265315504775,1.0,0.24417830804898807,1.0,0.48617501228391474,1.0,0.9313432835820894,1.0,1.0,0.6142131376176467,61.42131376176467,3221,128,104078.0,3.4,3.4,62.0,540,63.2,,3075,348,15.3,9.8,34.20843277645187,0.0,22.819000310462588,37.3229115779189,62.16216216216216,4.790697674418604,71.40639552933871,44.62974487,6.936980947728383,29.758149316508938,96.04298974108451,25.0,30.5,222.5,103.125,103.375,146.25,36.0,0.8453188602442334,0.44937586685159503,0.7656675749318801,0.6277322404371585,0.7636239782016349,0.8188602442333786,0.0653950953678474,,0.7164179104477613,0.658751696065129,0.6693877551020408,0.8068027210884354,0.9015047879616963,0.950136612021858,0.11700680272108843,0.2718579234972678,0.030303030303030276,0.4904371584699454,0.08027210884353742,0.3757009345794392,0.2595628415300546,0.6798365122615804,0.5191256830601093,0.8168249660786974,0.9993215739484396,0.9294436906377205,0.9260515603799185,0.9402985074626866,0.9301221166892809,0.9308005427408412,191,22.625,5.8,46,52
06073013303,0.25807901905948905,1.0,0.5186843454383167,1.0,0.3063845891138002,1.0,0.38768429598297577,1.0,0.46855975773066416,1.0,0.31154241300754903,1.0,0.5677069199457259,1.0,1.0,0.4026630486112173,40.26630486112173,4703,418,73438.0,13.6,6.0,15.0,213,91.1,0.0,4369,635,16.4,15.6,60.93189964157706,11.805555555555555,11.767213813685782,59.72222222222222,22.033898305084744,5.943827563683867,21.900914310014887,36.62725576,5.902777777777778,38.497899159663866,91.80555555555556,29.0,16.25,73.625,34.625,31.25,45.625,10.375,0.40909090909090906,0.1636615811373093,0.04972752043596729,0.4098360655737705,0.0776566757493188,0.2700135685210312,0.7534059945504087,0.6955617198335645,0.37584803256445043,0.23880597014925375,0.5027210884353741,0.10816326530612241,0.4049247606019152,0.19672131147540983,0.4217687074829932,0.5273224043715847,0.5358126721763086,0.3879781420765027,0.4775510204081632,0.47289719626168225,0.3114754098360656,0.4264305177111717,0.19672131147540983,0.9029850746268657,0.412483039348711,0.5725915875169606,0.5671641791044776,0.5508819538670285,0.582089552238806,0.5658073270013568,101,12.125,11.7,48,44
06073008358,0.5731080427886285,1.0,0.5930132828666075,1.0,0.3822360830356566,1.0,0.5236402643405819,1.0,0.506438769670197,1.0,0.4859132035953406,1.0,0.257259158751696,1.0,1.0,0.47451554357838693,47.451554357838695,5836,609,114760.0,3.4,2.5,39.5,513,87.0,0.0,5340,692,15.2,11.9,59.817351598173516,7.28578758337609,7.286821705426356,64.80246280143663,13.48314606741573,7.84869976359338,22.446881425633997,30.36714375,6.20831195484864,13.262307127112416,91.7906618778861,11.0,21.0,24.75,13.625,12.75,11.875,3.5,0.23880597014925375,0.5714285714285714,0.7656675749318801,0.7165300546448088,0.46389645776566757,0.7978290366350068,0.5946866485013624,0.6955617198335645,0.1777476255088195,0.1852103120759837,0.680952380952381,0.4850340136054422,0.43502051983584133,0.337431693989071,0.7387755102040816,0.5833333333333334,0.7341597796143251,0.26639344262295084,0.4625850340136054,0.5626168224299065,0.29644808743169404,0.9673024523160763,0.19398907103825136,0.3568521031207598,0.6492537313432836,0.22727272727272727,0.2510176390773406,0.27951153324287653,0.23744911804613297,0.291044776119403,45,2.125,8.4,18,60
06073008359,0.4382274153212047,1.0,0.5243389983452534,1.0,0.5333947147379983,1.0,0.3030129875053338,1.0,0.3352493951996468,1.0,0.4710831683070036,1.0,0.2502035278154681,1.0,1.0,0.4079300296045584,40.79300296045584,4324,272,96447.0,6.9,5.2,47.7,775,81.3,4.854368932038835,3923,500,16.9,9.9,41.844459738472125,15.422612513721184,18.58700806069227,18.660812294182215,25.0,5.742369374030005,37.234042553191486,54.48662103,8.122941822173436,27.15201465201465,95.33479692645444,11.0,21.0,23.625,13.0,12.25,11.25,3.5,0.578697421981004,0.3786407766990291,0.3208446866485014,0.4747267759562842,0.5701634877384196,0.9362279511533242,0.3630790190735695,0.27045769764216365,0.4877883310719131,0.4219810040705563,0.4387755102040817,0.7850340136054421,0.7975376196990425,0.12295081967213117,0.19183673469387752,0.09972677595628415,0.46763085399449034,0.4016393442622951,0.22312925170068032,0.24859813084112148,0.21448087431693985,0.7506811989100818,0.44808743169398907,0.3568521031207598,0.6492537313432836,0.2198100407055631,0.24084124830393486,0.2700135685210312,0.22930800542740842,0.291044776119403,45,2.125,9.1,18,61
06073019502,0.10875763619660124,1.0,0.5099743346796256,1.0,0.2017092182870434,1.0,0.35635813990102333,1.0,0.45072340611713524,1.0,0.37799342872599667,1.0,0.4641791044776119,1.0,1.0,0.35281360976929105,35.28136097692911,5706,1028,65603.0,9.4,15.3,11.9,391,96.9,0.0,4882,455,21.7,17.2,64.43661971830986,29.66101694915254,3.0163236337828248,24.11994784876141,32.77027027027027,6.463414634146342,20.15422362425517,26.50902302,11.799217731421122,37.084398976982094,96.54498044328554,18.0,7.75,47.875,19.875,23.75,21.875,8.25,0.08141112618724555,0.10818307905686546,0.17029972752043598,0.07513661202185795,0.03746594005449591,0.635685210312076,0.9550408719346049,0.6955617198335645,0.25101763907734054,0.48643147896879235,0.036054421768707434,0.033333333333333326,0.3064295485636115,0.005464480874316946,0.963265306122449,0.15027322404371585,0.31404958677685946,0.35245901639344257,0.5251700680272109,0.611214953271028,0.10519125683060104,0.4632152588555858,0.5655737704918032,0.6227951153324288,0.11329715061058344,0.49389416553595655,0.4355495251017639,0.47829036635006783,0.4369063772048847,0.4762550881953867,51,5.5,19.6,30,18
06073010015,0.49692573782158417,1.0,0.3055843623321997,1.0,0.4514611543396192,1.0,0.513046573947917,1.0,0.4940505399663686,1.0,0.4638505481852067,1.0,0.11845318860244233,1.0,1.0,0.4061960150279054,40.619601502790545,5159,272,131029.0,10.1,4.0,31.9,444,78.4,3.8834951456310676,4299,478,16.7,11.9,55.00000000000001,9.103641456582633,11.133082855447894,78.78151260504201,12.351945854483926,8.695652173913043,0.0,92.76913503,3.6414565826330536,47.006129184347,97.68907563025209,0.0,10.25,10.5,5.5,4.375,5.0,1.125,0.578697421981004,0.6976421636615812,0.14100817438692093,0.5703551912568305,0.3460490463215259,0.7130257801899593,0.26907356948228883,0.3092926490984743,0.3948439620081411,0.4572591587516961,0.4687074829931973,0.4850340136054422,0.5677154582763337,0.2609289617486339,0.45578231292517,0.76775956284153,0.7630853994490359,0.2151639344262295,0.9904761904761905,0.00747663551401867,0.5081967213114754,0.19209809264305178,0.6912568306010929,0.009497964721845319,0.1865671641791045,0.09701492537313433,0.08751696065128901,0.10854816824966079,0.13297150610583447,0.16621438263229307,20,2.125,11.3,0,37
06073020810,0.6661958994972361,1.0,0.28570228516377183,1.0,0.4324629173243245,1.0,0.624426427071019,1.0,0.9482378137613807,1.0,0.547581557749289,1.0,0.03364993215739485,1.0,1.0,0.5054652618177737,50.546526181777374,5005,167,138093.0,4.7,4.1,34.6,271,87.1,4.672897196261682,4812,435,16.6,12.0,60.86956521739131,1.9058963668850508,13.208685162846804,96.72424061941632,3.010752688172043,0.0,5.594405594405594,5.252022402,0.0,77.67200346170489,97.55807027992853,1.0,3.25,2.375,2.375,0.0,1.25,0.0,0.7829036635006784,0.7447988904299584,0.5783378746594006,0.5587431693989071,0.3930517711171662,0.3880597014925373,0.6008174386920981,0.27461858529819694,0.26865671641791045,0.510854816824966,0.47687074829931975,0.47346938775510206,0.40629274965800277,0.7322404371584699,0.36190476190476195,0.9972677595628415,0.9545454545454546,0.9405737704918032,0.9482993197278912,0.9495327102803738,0.967896174863388,0.00544959128065392,0.6693989071038251,0.035278154681139755,0.022388059701492536,0.027815468113975575,0.030529172320217096,0.011533242876526458,0.051560379918588875,0.046811397557666216,4,0.0,6.1,2,13
06073021900,0.2602473620627068,1.0,0.6750783415218081,1.0,0.46821366266995257,1.0,0.22913982405772068,1.0,0.29559500537784555,1.0,0.25130035784656773,1.0,0.7776119402985074,1.0,1.0,0.4224552134050156,42.245521340501554,5794,445,52696.0,15.3,3.8,29.9,1042,90.0,0.0,1906,268,20.5,16.2,55.258467023172905,24.291497975708502,17.759751467034864,20.78272604588394,11.693548387096774,6.557377049180328,88.7124611667242,97.03795893,10.121457489878543,33.410834689607064,84.34547908232119,18.0,22.5,153.0,70.0,63.625,103.75,25.25,0.37924016282225237,0.04160887656033287,0.028610354223433276,0.5915300546448088,0.3133514986376022,0.9877883310719131,0.7091280653950953,0.6955617198335645,0.9389416553595658,0.7869742198100407,0.07278911564625845,0.07414965986394562,0.5581395348837209,0.02868852459016391,0.21224489795918366,0.11748633879781421,0.7796143250688705,0.34426229508196726,0.058503401360544216,0.0,0.15437158469945356,0.5722070844686649,0.0273224043715847,0.6227951153324288,0.7218453188602443,0.7774762550881954,0.7740841248303935,0.751696065128901,0.7957937584803256,0.7890094979647219,186,18.125,17.1,35,49
06073020026,0.5609286571083789,1.0,0.3613369462436375,1.0,0.5346811859071987,1.0,0.6997516925184103,1.0,0.6112669484995528,1.0,0.7084536908821092,1.0,0.29796472184531886,1.0,1.0,0.5391976918578009,53.91976918578008,4447,202,135238.0,7.8,4.2,45.3,144,83.2,1.5873015873015872,4277,538,14.0,11.4,33.89830508474576,0.9849362688296639,13.561266636071592,75.43453070683661,17.817371937639198,3.4135422495803023,13.941983359568248,36.04231487,0.0,40.37834311806915,98.37775202780996,11.5,12.75,32.75,14.125,13.375,18.125,3.125,0.7143826322930801,0.7253814147018031,0.25408719346049047,0.549863387978142,0.5422343324250681,0.1587516960651289,0.42302452316076294,0.37101248266296805,0.4029850746268657,0.3656716417910447,0.8163265306122449,0.5537414965986395,0.905608755129959,0.8278688524590164,0.3442176870748299,0.7213114754098361,0.6308539944903582,0.6256830601092895,0.7006802721088435,0.4878504672897196,0.967896174863388,0.3678474114441417,0.7896174863387978,0.3860244233378562,0.28697421981004073,0.3046132971506106,0.2666214382632293,0.29172320217096337,0.3521031207598372,0.2747625508819539,49,3.5,5.1,19,24
06073020028,0.26340763419984664,1.0,0.451347170771645,1.0,0.40386310562216754,1.0,0.1977492922445379,1.0,0.4168283313930814,1.0,0.5038005687824779,1.0,0.37042062415196747,1.0,1.0,0.3724881038808177,37.24881038808177,3571,763,59559.0,3.0,25.3,11.5,259,94.4,0.0,2695,286,23.0,17.3,63.6978579481398,37.060041407867494,11.535150645624103,8.178053830227745,46.910755148741416,8.349146110056926,26.043125175021,7.218419415,4.451345755693581,23.52941176470588,92.65010351966873,13.0,12.75,39.875,18.5,13.625,24.375,3.75,0.16824966078697423,0.06657420249653259,0.8167574931880108,0.002049180327868827,0.02997275204359673,0.3521031207598372,0.8794277929155313,0.6955617198335645,0.814111261872456,0.757123473541384,0.013605442176870763,0.030612244897959218,0.32421340629274964,0.0,0.4380952380952381,0.028688524590163935,0.13498622589531684,0.23633879781420764,0.3782312925170068,0.9177570093457944,0.43442622950819676,0.826975476839237,0.25,0.46404341926729986,0.28697421981004073,0.39823609226594303,0.378561736770692,0.3039348710990502,0.4687924016282225,0.30257801899592945,49,2.5,21.5,22,24
06073013421,0.5538119608170987,1.0,0.49864041157394173,1.0,0.5788877966383297,1.0,0.7130322258525981,1.0,0.5740767750893274,1.0,0.4992120923353334,1.0,0.6415196743554953,1.0,1.0,0.579882990951732,57.988299095173204,4150,286,152548.0,4.4,9.9,52.5,341,84.6,9.473684210526317,3998,583,13.3,10.7,38.76651982378855,3.9260969976905313,7.8426640926640925,78.13702848344882,29.393939393939394,6.881720430107527,14.457831325301205,7.753578096,1.3856812933025404,40.429887410440124,94.30331023864511,19.5,18.25,97.0,46.75,39.625,61.25,15.25,0.5583446404341927,0.826629680998613,0.6198910081743869,0.2103825136612022,0.6348773841961853,0.5359565807327001,0.473433242506812,0.16643550624133152,0.4721845318860244,0.3127544097693351,0.8768707482993198,0.6537414965986394,0.8481532147742818,0.5519125683060109,0.6965986394557824,0.755464480874317,0.3787878787878788,0.31557377049180324,0.689795918367347,0.9121495327102804,0.7827868852459017,0.36512261580381467,0.34972677595628415,0.6702849389416553,0.510854816824966,0.6417910447761194,0.6451831750339213,0.6139755766621439,0.6512890094979648,0.655359565807327,157,13.125,6.7,37,47
06073020811,0.7154863486070179,1.0,0.3250383815495613,1.0,0.30931658959377506,1.0,0.8292418511438124,1.0,0.8937194842939513,1.0,0.4776780175002357,1.0,0.03364993215739485,1.0,1.0,0.5120186578351069,51.20186578351069,5960,118,154594.0,3.6,5.8,32.7,309,81.5,0.0,5834,688,16.5,12.2,27.6,0.8382642998027613,8.399526787223255,86.24260355029585,3.6734693877551026,2.1235521235521233,5.87248322147651,5.476042315,2.6627218934911245,74.46110590440487,98.47140039447731,1.0,2.75,2.375,2.375,0.0,1.25,0.0,0.8616010854816825,0.8391123439667129,0.7391008174386922,0.4221311475409836,0.358991825613079,0.47218453188602444,0.3712534059945504,0.6955617198335645,0.11397557666214386,0.19063772048846672,0.4884353741496599,0.4442176870748299,0.9507523939808482,0.8442622950819672,0.6435374149659864,0.8784153005464481,0.9476584022038568,0.7404371584699454,0.9428571428571428,0.9439252336448598,0.6215846994535519,0.009536784741144388,0.8019125683060109,0.035278154681139755,0.016960651289009497,0.027815468113975575,0.030529172320217096,0.011533242876526458,0.051560379918588875,0.046811397557666216,5,0.0,6.1,2,11
06073021206,0.7483639263260435,1.0,0.2507234624615729,1.0,0.5324112277203962,1.0,0.6928020836622869,1.0,0.6768835262219636,1.0,0.47262424125112296,1.0,0.022252374491180466,1.0,1.0,0.48515154887636663,48.51515488763666,3034,106,139375.0,3.1,4.3,39.4,82,76.7,0.0,2914,394,16.2,14.0,100.0,0.0,5.89990056347365,95.9023539668701,3.076923076923077,5.674342105263158,20.43506921555702,12.44555072,1.8308631211857016,58.01056338028169,97.2972972972973,1.0,3.25,0.875,0.375,0.5,0.0,0.0,0.8887381275440978,0.7517337031900139,0.8079019073569482,0.5450819672131147,0.4604904632152589,0.06105834464043419,0.2295640326975477,0.6955617198335645,0.7679782903663501,0.587516960651289,0.5360544217687075,0.23809523809523814,0.0020519835841312783,0.950136612021858,0.8258503401360544,0.9931693989071039,0.953168044077135,0.4084699453551912,0.5197278911564626,0.8261682242990654,0.71448087431694,0.058583106267030005,0.644808743169399,0.035278154681139755,0.022388059701492536,0.0101763907734057,0.0101763907734057,0.027137042062415198,0.016960651289009497,0.046811397557666216,2,0.5,6.9,2,12
06073017051,0.7251186720514242,1.0,0.4856062999461835,1.0,0.5391899500641505,1.0,0.6548107348162292,1.0,0.8746340345652966,1.0,0.5007841852662508,1.0,0.14667571234735413,1.0,1.0,0.5609742270081269,56.09742270081269,4904,128,130980.0,4.2,2.5,63.7,405,70.6,0.0,4774,798,12.4,9.7,44.0,0.5509641873278237,20.146818923327896,81.49678604224059,10.097087378640776,0.0,8.97226753670473,8.326073429,0.7805325987144168,49.643947100712104,95.82185491276401,10.5,14.0,13.75,9.75,4.875,6.25,0.625,0.8453188602442334,0.6962552011095701,0.6423705722070845,0.7165300546448088,0.7854223433242506,0.6533242876526458,0.12193460490463215,0.6955617198335645,0.2822252374491181,0.10854816824966074,0.9421768707482994,0.8238095238095238,0.7715458276333789,0.8770491803278688,0.16190476190476188,0.8087431693989071,0.8099173553719008,0.9405737704918032,0.8489795918367347,0.8990654205607477,0.8715846994535519,0.1389645776566758,0.4918032786885246,0.3310719131614654,0.32632293080054275,0.14450474898236093,0.17639077340569878,0.13568521031207598,0.14925373134328357,0.12754409769335143,22,2.0,4.3,19,45
06073017109,0.7784400114708934,1.0,0.4511827730365245,1.0,0.6133885304460998,1.0,0.7711522237564489,1.0,0.719435952495556,1.0,0.8439477524158366,1.0,0.25128900949796473,1.0,1.0,0.6326908933027606,63.26908933027606,6290,109,184881.0,4.9,2.2,73.1,407,82.0,3.309692671394799,5953,316,14.4,9.4,40.96109839816934,0.5253104106972302,8.63275039745628,78.2712511938873,9.90566037735849,1.6439643024894317,18.91891891891892,19.83820784,0.0,32.816901408450704,100.0,8.5,10.5,27.0,11.125,12.625,13.75,2.5,0.8819538670284939,0.9348127600554785,0.5504087193460491,0.7465846994535519,0.9080381471389646,0.6573948439620081,0.3896457765667575,0.32732316227461855,0.10719131614653998,0.7116689280868385,0.7700680272108844,0.8646258503401361,0.8194254445964433,0.8797814207650273,0.6285714285714286,0.7568306010928961,0.8154269972451791,0.790983606557377,0.5591836734693878,0.7121495327102804,0.967896174863388,0.5953678474114441,0.9685792349726776,0.2327001356852103,0.1919945725915875,0.2510176390773406,0.21709633649932158,0.2781546811397558,0.27544097693351427,0.23473541383989144,45,3.5,4.5,13,28
06073014002,0.2948377891270314,1.0,0.4875985987937835,1.0,0.44607482070168636,1.0,0.5482535160461439,1.0,0.5413979706741889,1.0,0.23661053289855719,1.0,0.7808683853459973,1.0,1.0,0.47652023051248404,47.652023051248406,4093,423,78430.0,7.2,8.7,23.8,326,69.5,0.0,3692,314,17.8,14.4,74.45652173913044,7.75,3.502326720548616,82.91666666666667,27.86885245901639,4.610492845786964,16.12509161983875,27.33042937,6.333333333333334,46.40052356020942,92.16666666666666,19.0,22.5,150.75,72.75,71.875,94.375,25.625,0.40569877883310723,0.217753120665742,0.2908719346049047,0.26502732240437155,0.23092643051771117,0.5094979647218453,0.11307901907356949,0.6955617198335645,0.5549525101763908,0.7150610583446404,0.31564625850340133,0.1986394557823129,0.10670314637482903,0.31420765027322406,0.9401360544217687,0.8319672131147541,0.4104683195592287,0.5068306010928962,0.6408163265306123,0.6074766355140186,0.2882513661202186,0.20163487738419617,0.21994535519125682,0.6546811397557666,0.7218453188602443,0.7720488466757124,0.7856173677069199,0.7883310719131614,0.7645861601085482,0.7937584803256446,198,18.625,11.0,32,51
06073014101,0.6094263151517594,1.0,0.5733128933107947,1.0,0.4291725509742568,1.0,0.5902571989527798,1.0,0.6921700356035432,1.0,0.24356273233970113,1.0,0.8066485753052917,1.0,1.0,0.5635071859483037,56.350718594830376,4139,111,108365.0,3.3,8.1,22.9,269,88.0,0.0,3903,532,16.8,12.7,60.07067137809188,4.841269841269842,7.501217730150998,76.90476190476191,29.343629343629345,0.0,10.38898284609809,25.14001245,6.190476190476191,56.70279520821448,94.44444444444444,22.5,23.75,166.125,79.75,78.25,103.75,26.25,0.8778833107191316,0.4868238557558946,0.7826975476839237,0.29030054644808745,0.2186648501362398,0.3819538670284939,0.6348773841961853,0.6955617198335645,0.49321573948439623,0.3731343283582089,0.4571428571428572,0.39319727891156464,0.4281805745554036,0.47404371584699456,0.7183673469387755,0.7404371584699454,0.38154269972451793,0.9405737704918032,0.8054421768707483,0.6411214953271028,0.2978142076502732,0.0681198910081744,0.36475409836065575,0.7503392130257802,0.7584803256445047,0.8086838534599728,0.8100407055630936,0.8181818181818182,0.7957937584803256,0.8005427408412483,200,20.75,9.0,38,51
06073014102,0.508580886801414,1.0,0.4358115850164055,1.0,0.5296675250833034,1.0,0.5205821215256976,1.0,0.736938266523006,1.0,0.5904654486979051,1.0,0.8298507462686567,1.0,1.0,0.5931280828451984,59.31280828451983,3608,275,107234.0,5.9,4.0,19.9,134,86.5,8.614232209737828,3462,275,16.9,13.5,75.23364485981308,8.560677328316087,3.467879476975554,78.73941674506115,19.060773480662984,0.0,15.798226164079821,17.02551338,1.5992474129821261,48.12611540749554,98.87111947318908,23.5,23.75,176.5,86.25,80.25,113.125,27.625,0.5739484396200814,0.4826629680998613,0.4073569482288828,0.5703551912568305,0.16689373297002724,0.14314789687924015,0.5762942779291553,0.18307905686546466,0.6132971506105834,0.7754409769335142,0.4387755102040817,0.291156462585034,0.09302325581395354,0.2800546448087432,0.9428571428571428,0.7663934426229508,0.6101928374655647,0.9405737704918032,0.653061224489796,0.7439252336448599,0.7540983606557377,0.16893732970027253,0.8483606557377049,0.7869742198100407,0.7584803256445047,0.833785617367707,0.8426051560379919,0.8324287652645862,0.8256445047489823,0.8147896879240163,202,20.75,10.9,43,51
06073014200,0.4681237461833676,1.0,0.5772969292981004,1.0,0.27965944858268954,1.0,0.5265426357351938,1.0,0.4645076655649123,1.0,0.43781609366547053,1.0,0.8656716417910447,1.0,1.0,0.5170883086886827,51.70883086886827,7017,488,114340.0,3.8,8.7,25.1,645,78.3,0.1949317738791423,6385,831,15.9,12.8,68.64244741873804,6.789815277084374,5.647363126886047,73.88916625062406,44.81981981981982,1.4756517461878997,17.671369531138662,49.5208463,2.895656515227159,43.48206474190726,95.25711432850724,27.5,24.75,190.625,91.625,88.125,123.75,31.625,0.33107191316146545,0.5672676837725381,0.7091280653950953,0.26502732240437155,0.25272479564032696,0.8873812754409769,0.26362397820163486,0.39112343966712904,0.05834464043419263,0.09226594301221169,0.5891156462585034,0.3789115646258503,0.2188782489740082,0.3592896174863388,0.8340136054421768,0.6939890710382514,0.15702479338842978,0.8087431693989071,0.5931972789115647,0.2990654205607477,0.592896174863388,0.2779291553133515,0.4426229508196721,0.8710990502035278,0.7978290366350068,0.858887381275441,0.8683853459972863,0.8751696065128901,0.8561736770691994,0.8697421981004071,204,22.0,8.6,52,51
06073014601,0.36748543558588775,1.0,0.5606819065551994,1.0,0.22540520957365306,1.0,0.4312008448060886,1.0,0.31840097026291636,1.0,0.27346475881339866,1.0,0.8099050203527817,1.0,1.0,0.4266491637071322,42.66491637071322,4791,1052,81085.0,3.9,5.5,38.2,364,70.5,0.0,4376,1030,18.7,13.5,49.34210526315789,5.437146585471944,12.968782736224597,35.84167029143106,34.15637860082305,4.327923429047025,49.67647672719683,48.94835096,16.92040017398869,27.765237020316025,85.7764245324054,22.5,24.0,163.375,79.875,76.625,103.75,28.875,0.07734056987788329,0.2510402219140083,0.688692098092643,0.4528688524590164,0.44959128065395093,0.582089552238806,0.11920980926430517,0.6955617198335645,0.3744911804613297,0.02985074626865669,0.20612244897959187,0.291156462585034,0.6785225718194254,0.4221311475409836,0.37414965986394555,0.25,0.28236914600550966,0.540983606557377,0.145578231292517,0.30467289719626167,0.03825136612021862,0.7356948228882834,0.04644808743169399,0.7503392130257802,0.7672998643147897,0.7991858887381276,0.8113975576662144,0.8066485753052918,0.7957937584803256,0.8364993215739485,192,18.25,10.2,42,51
06073015704,0.06004117154502625,1.0,0.4279222700864295,1.0,0.0994318758711083,1.0,0.2534567753902933,1.0,0.3358452755449297,1.0,0.32367991344182884,1.0,0.5356852103120759,1.0,1.0,0.29086607031309886,29.086607031309885,4928,1618,46022.0,9.8,16.7,18.7,272,86.7,3.571428571428571,4825,907,22.1,17.2,78.02469135802468,19.527449617790133,8.352284473847426,34.60736622654621,48.54545454545455,4.258150365934797,32.87337662337662,42.71313006,13.759555246699096,32.661529342027265,93.74565670604586,21.0,16.5,57.875,28.375,32.125,29.375,10.125,0.014925373134328401,0.016643550624133148,0.1539509536784741,0.05464480874316935,0.14237057220708446,0.39077340569877883,0.5803814713896458,0.319001386962552,0.2672998643147897,0.06784260515603802,0.029251700680272164,0.033333333333333326,0.06429548563611487,0.06693989071038253,0.6476190476190475,0.23497267759562843,0.12121212121212122,0.5560109289617486,0.2680272108843538,0.3981308411214953,0.06420765027322406,0.5994550408719346,0.3073770491803279,0.7103120759837178,0.42469470827679784,0.5257801899592944,0.5325644504748982,0.5563093622795116,0.5074626865671642,0.5563093622795116,83,6.25,15.2,33,51
06073019501,0.2216985814652423,1.0,0.4853096040843976,1.0,0.4510797127534868,1.0,0.30411869856596846,1.0,0.4387638955453916,1.0,0.411243132174923,1.0,0.4331071913161465,1.0,1.0,0.3921886879865081,39.21886879865081,3250,425,86125.0,11.2,14.9,6.4,309,97.5,0.0,2479,263,21.1,15.9,48.595041322314046,27.55102040816326,11.939830774052021,19.642857142857142,41.269841269841265,4.273504273504273,34.76923076923077,15.51960174,11.35204081632653,37.525492861998636,97.44897959183673,19.5,7.5,44.75,17.75,21.625,20.625,8.875,0.40094979647218454,0.30374479889042993,0.10149863760217981,0.0806010928961749,0.005449591280653951,0.47218453188602444,0.9645776566757494,0.6955617198335645,0.8683853459972863,0.7944369063772049,0.0496598639455782,0.09183673469387754,0.6922024623803009,0.008196721311475419,0.41088435374149657,0.1051912568306011,0.18457300275482091,0.5532786885245902,0.24897959183673468,0.7682242990654206,0.12295081967213117,0.45504087193460485,0.6557377049180327,0.6702849389416553,0.10379918588873813,0.4626865671641791,0.3582089552238806,0.43012211668928085,0.41044776119402987,0.5040705563093623,47,4.5,17.7,32,17
06073001600,0.10985065572012803,1.0,0.7957825674814326,1.0,0.33107929739059805,1.0,0.3300228021059739,1.0,0.1534001864056194,1.0,0.48327154151963186,1.0,0.9778833107191316,1.0,1.0,0.45447005162035936,45.447005162035936,6014,1658,73984.0,11.3,11.5,31.9,983,95.9,0.0,4782,423,19.6,12.7,62.05128205128205,14.17624521072797,7.9395085066162565,21.839080459770116,68.14159292035397,9.54948016942626,39.07549052211506,56.70192906,6.130268199233716,21.770972037283624,93.14601958280119,31.0,26.25,240.75,113.75,113.0,161.875,41.0,0.01085481682496603,0.17198335644937587,0.09741144414168934,0.15915300546448086,0.3460490463215259,0.9796472184531886,0.9277929155313351,0.6955617198335645,0.2795115332428765,0.533921302578019,0.11768707482993201,0.39319727891156464,0.3679890560875513,0.1407103825136612,0.6870748299319728,0.12431693989071038,0.012396694214875992,0.17349726775956287,0.2108843537414966,0.2168224299065421,0.3073770491803278,0.8678474114441417,0.27459016393442626,0.9396200814111262,0.8860244233378561,0.9742198100407056,0.9701492537313433,0.9837177747625508,0.9796472184531886,0.9816824966078698,195,24.375,12.4,50,52
06073001700,0.3842967407670552,1.0,0.7921029842235828,1.0,0.46218143974007514,1.0,0.4447051828737595,1.0,0.35271067343301254,1.0,0.6080711524049175,1.0,0.9655359565807327,1.0,1.0,0.5728005900033051,57.28005900033051,4867,822,91280.0,3.8,7.2,47.2,838,91.9,0.0,4779,404,18.1,10.2,43.47826086956522,3.5486443381180224,17.135812615574274,29.346092503987244,73.92550143266476,3.0162412993039442,28.148756934456543,43.01182327,3.628389154704944,23.004694835680752,95.65390749601276,28.5,25.75,234.5,111.5,109.625,157.5,39.875,0.1350067842605156,0.34674063800277394,0.7091280653950953,0.3463114754098361,0.5626702997275205,0.9565807327001357,0.7874659400544959,0.6955617198335645,0.28086838534599734,0.5624151967435549,0.27414965986394557,0.7312925170068028,0.7824897400820794,0.5765027322404371,0.22857142857142854,0.1912568306010929,0.009641873278236957,0.6680327868852459,0.3387755102040816,0.39439252336448594,0.5095628415300546,0.837874659400545,0.476775956284153,0.8921302578018996,0.8582089552238806,0.9626865671641791,0.9579375848032564,0.9687924016282226,0.9681139755766621,0.9701492537313433,197,23.875,8.3,45,52
06073019804,0.645268028045625,1.0,0.33201657700372883,1.0,0.5815087364660925,1.0,0.8614218237809802,1.0,0.7820913166036768,1.0,0.6540440136388678,1.0,0.3850746268656716,1.0,1.0,0.6059178746292346,60.59178746292346,4417,191,151667.0,5.1,4.8,54.9,164,81.0,3.5555555555555554,4148,446,14.3,11.0,50.0,0.0,2.7809436972874404,83.81795195954489,8.880994671403197,4.295220810647308,7.9239302694136295,11.22588675,0.6321112515802781,40.60031595576619,97.78761061946902,10.5,8.25,39.125,15.75,23.5,15.0,7.75,0.7306648575305292,0.8224687933425797,0.5245231607629428,0.5034153005464481,0.6655313351498637,0.18588873812754408,0.35149863760217986,0.3203883495145631,0.43826322930800543,0.49389416553595655,0.780952380952381,0.6129251700680272,0.6696306429548564,0.950136612021858,0.9755102040816327,0.8504098360655737,0.8457300275482094,0.5478142076502732,0.8843537414965986,0.8504672897196262,0.8989071038251366,0.35967302452316074,0.703551912568306,0.3310719131614654,0.13772048846675713,0.38738127544097695,0.30597014925373134,0.4735413839891452,0.30325644504748983,0.4552238805970149,48,4.0,4.9,19,18
06073019805,0.42561048460873596,1.0,0.5890661187614459,1.0,0.37910078549737397,1.0,0.35275838509250446,1.0,0.38539068697941736,1.0,0.11412253142945061,1.0,0.4644504748982362,1.0,1.0,0.3872142096095949,38.72142096095949,4245,219,87868.0,8.7,4.9,28.0,595,97.2,0.0,3802,681,16.1,14.0,55.014749262536874,11.182795698924732,17.133364973896537,49.46236559139785,15.053763440860216,7.677035076108537,71.61366313309776,35.94275047,13.118279569892474,46.964285714285715,87.95698924731182,17.5,8.25,46.875,19.0,25.5,20.0,9.625,0.6872455902306649,0.32038834951456313,0.2002724795640327,0.49453551912568305,0.28201634877384196,0.8554952510176391,0.9584468664850136,0.6955617198335645,0.5278154681139755,0.19402985074626866,0.5564625850340136,0.23809523809523814,0.5663474692202463,0.20765027322404372,0.2299319727891157,0.40710382513661203,0.696969696969697,0.27732240437158473,0.07755102040816331,0.4897196261682243,0.07650273224043713,0.19346049046321523,0.07240437158469945,0.6051560379918589,0.13772048846675713,0.4864314789687924,0.3968792401628223,0.5101763907734057,0.3941655359565807,0.5345997286295794,50,4.5,8.5,30,18
06073006801,0.5911757976641876,1.0,0.5528667588604308,1.0,0.5474515179206011,1.0,0.38279085557211834,1.0,0.3633162052729424,1.0,0.6657720502474155,1.0,0.6795115332428765,1.0,1.0,0.5404121026829388,54.04121026829388,3205,288,96523.0,3.7,2.6,53.5,524,63.9,0.0,3054,433,18.1,10.6,51.80840664711632,5.410566518141311,15.345753078623304,29.598981540420116,29.615384615384617,3.914373088685015,32.449297971918874,56.88861232,3.373647358370465,10.74574280681151,95.67154678548695,10.5,24.0,112.5,51.75,48.75,72.5,16.125,0.5535956580732699,0.3800277392510402,0.7247956403269755,0.7062841530054644,0.646457765667575,0.8073270013568521,0.06948228882833787,0.6955617198335645,0.7272727272727273,0.5189959294436907,0.27414965986394557,0.6693877551020408,0.6361149110807114,0.42622950819672134,0.27482993197278915,0.19398907103825136,0.37741046831955927,0.587431693989071,0.273469387755102,0.2149532710280374,0.5368852459016393,0.9822888283378747,0.4781420765027322,0.3310719131614654,0.7672998643147897,0.6852103120759837,0.6818181818181818,0.6784260515603799,0.6865671641791045,0.6655359565807327,166,9.25,7.6,20,52
06073009802,0.3049776720737925,1.0,0.4668735074690536,1.0,0.3080340412963014,1.0,0.5638374926791151,1.0,0.5821324417098166,1.0,0.5724999131440369,1.0,0.6872455902306649,1.0,1.0,0.4979429512289687,49.79429512289687,6914,941,105000.0,14.0,3.5,51.2,280,81.1,9.866666666666667,6602,747,16.5,11.4,53.79061371841155,7.855973813420622,4.386984311446833,54.00981996726678,25.98639455782313,2.7457222443294866,17.356089094590683,28.82389546,6.1783960720130935,20.327421555252386,96.07201309328968,15.5,22.25,110.75,54.5,53.625,66.875,18.75,0.10176390773405697,0.4604715672676838,0.04087193460490468,0.6168032786885246,0.6164850136239782,0.41383989145183175,0.35626702997275206,0.16227461858529824,0.0474898236092266,0.1424694708276798,0.4884353741496599,0.5537414965986395,0.5978112175102599,0.3101092896174863,0.8938775510204082,0.453551912568306,0.44628099173553715,0.6898907103825136,0.6054421768707483,0.5869158878504672,0.3019125683060109,0.8950953678474114,0.5204918032786885,0.5413839891451832,0.7109905020352781,0.6824966078697422,0.6906377204884667,0.694708276797829,0.6729986431478969,0.6953867028493894,166,10.875,7.4,27,51
06073018801,0.53860370222702,1.0,0.2533290251854812,1.0,0.5595688071700865,1.0,0.5980024148431771,1.0,0.6483060194779398,1.0,0.511369445561164,1.0,0.16431478968792398,1.0,1.0,0.46764202916468467,46.76420291646847,3488,329,121050.0,11.4,0.2,36.6,115,68.3,0.0,3326,425,15.0,13.0,45.04132231404959,9.861450692746535,8.938053097345133,80.27709861450693,13.230769230769232,8.569299552906111,13.188073394495413,7.890479154,1.0594947025264874,69.39759036144578,97.71801140994295,7.0,4.0,17.5,11.25,5.0,3.125,1.25,0.510854816824966,0.6158113730929264,0.09400544959128065,0.9337431693989071,0.4257493188010899,0.10515603799185888,0.10490463215258855,0.6955617198335645,0.6519674355495251,0.5318860244233379,0.7013605442176871,0.35306122448979593,0.759233926128591,0.24180327868852458,0.6027210884353742,0.7882513661202186,0.7410468319559229,0.22267759562841527,0.7210884353741497,0.908411214953271,0.825136612021858,0.016348773841961872,0.6926229508196722,0.1546811397557666,0.033921302578018994,0.18181818181818182,0.21845318860244234,0.1451831750339213,0.09701492537313433,0.1791044776119403,24,1.0,6.3,11,16
06073013906,0.21207661343068124,1.0,0.5417325702365149,1.0,0.2255902768162896,1.0,0.4803175959670944,1.0,0.5785707066457705,1.0,0.385824114193257,1.0,0.7525101763907733,1.0,1.0,0.45380315052576875,45.380315052576876,4830,892,74625.0,8.5,7.1,28.0,364,93.9,12.025316455696203,4461,603,18.9,15.9,68.39237057220708,9.271137026239067,3.378665533361666,57.20116618075802,29.65686274509804,2.2792022792022792,19.254658385093165,23.47230865,7.813411078717201,21.865284974093264,87.23032069970846,19.5,22.5,138.375,64.75,66.375,84.375,24.375,0.11261872455902311,0.17614424410540916,0.20708446866485009,0.35245901639344257,0.28201634877384196,0.582089552238806,0.8623978201634878,0.13176144244105414,0.3568521031207599,0.2754409769335142,0.17823129251700676,0.09183673469387754,0.22298221614227087,0.2568306010928961,0.9510204081632653,0.49043715846994534,0.3746556473829201,0.7226775956284153,0.5496598639455783,0.6672897196261682,0.2295081967213115,0.8651226158038148,0.06284153005464481,0.6702849389416553,0.7218453188602443,0.748303934871099,0.7476255088195387,0.7686567164179104,0.7279511533242876,0.7700135685210312,189,19.125,13.3,34,51
06073002301,0.35392118718911114,1.0,0.5971381932281549,1.0,0.5713401914361403,1.0,0.5414382298859306,1.0,0.4119406490930172,1.0,0.25551163125424975,1.0,0.9852103120759838,1.0,1.0,0.5309286277375125,53.09286277375125,3247,459,78838.0,4.0,11.6,37.6,379,89.1,54.761904761904766,2836,393,17.5,11.4,53.852667231160034,2.2501654533421576,7.007751937984496,20.185307743216413,78.22878228782287,3.2030749519538757,41.88481675392671,13.22962041,12.772998014559894,37.66434648105182,92.32296492389146,30.0,26.75,246.0,120.875,116.625,160.0,41.5,0.36635006784260515,0.22330097087378642,0.6716621253405994,0.15437158469945356,0.4427792915531335,0.6180461329715061,0.6723433242506812,0.012482662968099856,0.791044776119403,0.5888738127544098,0.3517006802721089,0.5537414965986395,0.5964432284541723,0.7021857923497268,0.7551020408163265,0.11202185792349727,0.0055096418732781816,0.644808743169399,0.19183673469387752,0.805607476635514,0.08333333333333337,0.4482288828337875,0.23497267759562843,0.9294436906377205,0.9077340569877883,0.9850746268656716,0.9905020352781547,0.9884667571234735,0.9748982360922659,0.9871099050203528,206,28.0,10.5,49,51
06073002302,0.183543482827405,1.0,0.6451505714053357,1.0,0.19881644652433564,1.0,0.25019432286830096,1.0,0.4240433014261357,1.0,0.2752353796598224,1.0,0.9934871099050204,1.0,1.0,0.42435294494519366,42.43529449451937,6030,1184,63049.0,9.4,5.8,14.5,430,85.2,0.0,4414,775,18.9,15.3,64.65311004784688,23.29573320255027,9.320066334991708,17.99901912702305,18.75993640699523,6.553620531622364,51.90713101160863,27.52955818,26.974006866110837,25.175997318136105,83.0308974987739,34.0,27.25,250.875,123.375,119.375,163.75,42.375,0.05020352781546811,0.09153952843273232,0.17029972752043598,0.4221311475409836,0.0653950953678474,0.689280868385346,0.5102179836512262,0.6955617198335645,0.3677069199457259,0.12211668928086838,0.17823129251700676,0.1272108843537415,0.29958960328317374,0.030054644808743203,0.5768707482993197,0.0942622950819672,0.6143250688705234,0.34562841530054644,0.1306122448979592,0.605607476635514,0.012295081967213073,0.7915531335149864,0.02185792349726776,0.9782903663500678,0.932157394843962,0.994572591587517,0.9959294436906377,0.9959294436906377,0.989145183175034,0.9918588873812755,207,28.0,14.9,53,51
06073002401,0.37910257618733834,1.0,0.7062337177247664,1.0,0.40311245257940354,1.0,0.39392825181921803,1.0,0.3189652309103928,1.0,0.437587786562638,1.0,0.9884667571234736,1.0,1.0,0.5181995389867472,51.81995389867472,4295,622,78870.0,4.1,6.1,39.5,462,84.7,0.0,3687,537,18.5,12.1,56.62835249042145,10.479573712255773,7.768595041322314,21.314387211367674,36.211699164345404,3.3752860411899315,34.69150174621653,66.73304294,4.9141503848431025,34.55098934550989,94.73060982830077,33.5,26.25,247.75,119.125,117.75,163.125,42.25,0.22862957937584805,0.22468793342579751,0.6580381471389646,0.4050546448087432,0.46389645776566757,0.7381275440976933,0.4816076294277929,0.6955617198335645,0.5563093622795116,0.36838534599728634,0.22857142857142854,0.4591836734693877,0.5280437756497949,0.22677595628415304,0.7020408163265306,0.11885245901639344,0.25757575757575757,0.6325136612021858,0.25306122448979596,0.1327102803738318,0.3879781420765027,0.5286103542234333,0.39617486338797814,0.9721845318860244,0.8860244233378561,0.989145183175034,0.9837177747625508,0.9932157394843962,0.985753052917232,0.9905020352781547,199,26.0,11.5,57,51
06073002402,0.19368109023268112,1.0,0.7003912347403024,1.0,0.2070053258752619,1.0,0.29452970475265977,1.0,0.2723084397775839,1.0,0.43732721867353574,1.0,0.9972862957937585,1.0,1.0,0.4432184728351119,44.32184728351119,4665,984,60029.0,4.6,20.0,24.4,588,93.3,1.6666666666666667,3937,645,20.4,16.8,73.47204161248374,17.657241777264858,3.9439655172413794,11.252163877668782,55.42168674698795,3.400222965440357,43.08681672025723,57.59800871,12.810155799192152,24.417601380500432,94.86439699942296,33.5,27.25,255.75,125.25,120.125,168.75,42.5,0.09226594301221169,0.06796116504854369,0.5940054495912807,0.020491803278688492,0.24455040871934605,0.8473541383989145,0.8385558583106267,0.3675450762829403,0.4830393487109905,0.21913161465400266,0.08163265306122447,0.04421768707482998,0.1217510259917921,0.10109289617486339,0.9129251700680272,0.04234972677595628,0.06542699724517909,0.6270491803278688,0.18367346938775508,0.2130841121495327,0.08196721311475408,0.8147138964577657,0.41530054644808745,0.9721845318860244,0.932157394843962,0.9986431478968792,0.9972862957937585,0.9986431478968792,0.9986431478968792,0.9932157394843962,202,27.375,18.4,54,51
06073002501,0.12117138219026459,1.0,0.6339141243827194,1.0,0.23488679053711037,1.0,0.3405574620240776,1.0,0.24263111121751754,1.0,0.3734037114793804,1.0,0.99280868385346,1.0,1.0,0.41991046652636144,41.99104665263614,5046,1035,71250.0,8.8,16.2,17.1,534,94.5,19.774011299435028,4450,544,19.8,15.4,67.99468791500664,18.377253814147018,7.8820697954271965,46.04715672676838,47.60820045558087,6.302794022092267,24.37574316290131,75.02177971,8.737864077669903,35.294117647058826,94.9375866851595,35.5,27.0,251.875,122.25,117.0,165.625,41.75,0.07937584803256448,0.1435506241331484,0.19618528610354224,0.06557377049180324,0.12125340599455041,0.8147896879240163,0.8835149863760218,0.07212205270457694,0.36092265943012214,0.3554952510176391,0.10476190476190472,0.11836734693877549,0.22571819425444595,0.08469945355191255,0.6911564625850339,0.36065573770491804,0.12947658402203854,0.3620218579234973,0.4136054421768708,0.06542056074766356,0.19672131147540983,0.5027247956403269,0.4207650273224044,0.9918588873812755,0.9199457259158752,0.9959294436906377,0.9932157394843962,0.9905020352781547,0.9952510176390773,0.989145183175034,203,26.875,15.4,60,51
06073002705,0.40653618887882936,1.0,0.6645571920055794,1.0,0.35259601805444024,1.0,0.42114950250019945,1.0,0.6542624908040346,1.0,0.15643255262230557,1.0,0.9672998643147895,1.0,1.0,0.5175476870257397,51.75476870257397,4868,709,81464.0,3.4,5.8,24.8,288,91.5,0.0,4677,529,16.6,13.9,74.61858529819695,12.42603550295858,1.0442773600668338,49.112426035502956,8.908685968819599,1.6170763260025873,15.61216105176664,48.15183572,9.664694280078894,45.18103008669046,86.91650230111769,31.5,26.5,237.75,113.0,110.25,155.625,39.0,0.18453188602442339,0.2538141470180305,0.7656675749318801,0.4221311475409836,0.247275204359673,0.4355495251017639,0.7670299727520435,0.6955617198335645,0.3025780189959294,0.38127544097693356,0.47687074829931975,0.24965986394557826,0.10533515731874143,0.1816939890710383,0.9931972789115646,0.40437158469945356,0.8443526170798898,0.7937158469945356,0.6612244897959183,0.31775700934579443,0.17486338797814205,0.23705722070844681,0.05737704918032787,0.94640434192673,0.8955223880597015,0.9701492537313433,0.966078697421981,0.9776119402985075,0.9620081411126187,0.9606512890094979,208,26.625,11.2,57,51
06073002707,0.1371210334264456,1.0,0.6097459189953683,1.0,0.1909963171157201,1.0,0.34742443489023517,1.0,0.39498529980628316,1.0,0.2693688797566048,1.0,0.9948439620081411,1.0,1.0,0.42064083514268547,42.064083514268546,5333,1652,51585.0,5.9,14.0,8.1,800,92.8,24.352331606217618,4014,615,22.5,18.8,55.93705293276109,21.561338289962826,6.910955002847921,9.541511771995044,51.0934393638171,3.7567084078711988,35.252203262703915,25.02800249,13.568773234200743,28.141783029001072,76.88971499380422,31.0,26.25,249.625,123.0,117.875,164.375,45.0,0.012211668928086894,0.033287101248266296,0.4073569482288828,0.09562841530054644,0.01226158038147139,0.9443690637720489,0.8276566757493188,0.04854368932038833,0.47082767978290363,0.2645861601085482,0.021088435374149617,0.007482993197278964,0.5444596443228454,0.04508196721311475,0.7619047619047619,0.03825136612021858,0.0950413223140496,0.6010928961748634,0.24081632653061225,0.6429906542056074,0.06830601092896171,0.7329700272479565,0.006830601092896175,0.9396200814111262,0.8860244233378561,0.9932157394843962,0.994572591587517,0.994572591587517,0.9918588873812755,1.0,207,27.0,22.0,51,51
06073002708,0.08873569227738329,1.0,0.627993201209005,1.0,0.2841753662116136,1.0,0.22400489742217894,1.0,0.242177140568687,1.0,0.13722373599757795,1.0,0.9708276797829036,1.0,1.0,0.36787681620990703,36.7876816209907,4839,1127,37059.0,8.4,15.1,22.4,544,77.6,0.0,4132,402,20.7,16.5,74.07621247113164,25.025329280648428,7.2496884088076445,2.9381965552178317,62.22596964586846,7.193229901269394,49.18371564372804,36.10454263,25.835866261398177,41.57923799006074,87.74062816616008,31.0,25.75,230.5,115.375,110.25,151.25,42.625,0.05970149253731338,0.004160887656033287,0.21457765667574935,0.07650273224043713,0.21185286103542234,0.8222523744911805,0.24046321525885558,0.6955617198335645,0.44097693351424694,0.5712347354138398,0.06734693877551023,0.05714285714285716,0.11491108071135436,0.023224043715846965,0.7428571428571429,0.015027322404371584,0.02892561983471076,0.30601092896174864,0.1496598639455783,0.4841121495327103,0.015027322404371546,0.32833787465940056,0.06830601092896176,0.9396200814111262,0.8582089552238806,0.9565807327001357,0.9755766621438263,0.9776119402985075,0.9497964721845319,0.994572591587517,206,24.25,18.4,52,51
06073002709,0.08642464251832838,1.0,0.7223290831074148,1.0,0.2576659836254719,1.0,0.35259705674111047,1.0,0.4814828517106169,1.0,0.09868574519934681,1.0,0.9975576662143826,1.0,1.0,0.42810614701666744,42.81061470166674,3987,1331,58875.0,8.2,20.9,16.8,445,94.6,0.0,3406,552,22.2,18.0,56.882821387940844,21.440536013400337,7.725761064210795,22.780569514237854,50.107066381156315,2.0508613617719442,23.5766240280913,25.52582452,11.390284757118927,49.58037443511943,84.67336683417085,33.5,27.5,254.625,127.0,119.625,168.125,43.25,0.037991858887381325,0.0638002773925104,0.23024523160762944,0.013661202185792365,0.11376021798365123,0.7150610583446404,0.8896457765667575,0.6955617198335645,0.6322930800542741,0.34871099050203525,0.027210884353741527,0.022448979591836782,0.518467852257182,0.04781420765027322,0.7047619047619047,0.13934426229508196,0.10468319559228645,0.7540983606557377,0.435374149659864,0.6317757009345795,0.12158469945355188,0.14305177111716616,0.031420765027322405,0.9721845318860244,0.9477611940298507,0.9972862957937585,0.9986431478968792,0.9972862957937585,0.9972862957937585,0.9972862957937585,210,27.375,20.3,55,51
06073003114,0.4536343343997746,1.0,0.667215747136785,1.0,0.607123473541384,1.0,0.7606551103094689,1.0,0.6997729184188303,1.0,0.538201734141342,1.0,0.8280868385345996,1.0,1.0,0.6506700223545978,65.06700223545978,3195,256,113267.0,10.3,4.7,32.5,289,95.1,0.0,2974,602,13.8,11.3,33.0,6.9954128440366965,4.119496855345912,85.89449541284404,29.6875,0.0,12.206572769953052,17.3739888,2.522935779816514,33.86046511627907,95.06880733944955,27.5,22.75,175.25,85.375,78.875,115.0,27.625,0.6132971506105834,0.5520110957004161,0.13215258855585832,0.5170765027322404,0.3555858310626703,0.43826322930800543,0.9107629427792916,0.6955617198335645,0.751696065128901,0.27679782903663497,0.8319727891156463,0.5680272108843538,0.9124487004103967,0.3510928961748634,0.9047619047619048,0.8743169398907104,0.371900826446281,0.9405737704918032,0.7482993197278911,0.7383177570093458,0.6311475409836065,0.5544959128065395,0.42896174863387976,0.8710990502035278,0.73202170963365,0.8290366350067843,0.83921302578019,0.8242876526458616,0.8331071913161465,0.8147896879240163,201,19.375,8.0,49,51
06073003115,0.3138144012625421,1.0,0.665185398508364,1.0,0.25904937280203805,1.0,0.4799818936343123,1.0,0.5419725930275018,1.0,0.1697897589374786,1.0,0.7896879240162822,1.0,1.0,0.45992590602693123,45.99259060269312,5897,799,101813.0,4.9,12.2,20.0,439,96.0,0.0,5665,916,16.3,13.3,62.28710462287105,3.624856156501726,14.261488892657285,72.20943613348678,25.792811839323466,2.359550561797753,21.705952179074107,33.52831363,13.291139240506327,41.73669467787115,89.75834292289989,23.0,22.25,156.0,74.125,72.875,101.875,25.875,0.14382632293080055,0.42441054091539526,0.5504087193460491,0.13661202185792354,0.17438692098092642,0.7069199457259159,0.9325613079019074,0.6955617198335645,0.13432835820895528,0.06309362279511532,0.5183673469387755,0.3204081632653061,0.35841313269493846,0.5710382513661203,0.32380952380952377,0.6666666666666666,0.45179063360881544,0.7185792349726776,0.4816326530612245,0.5158878504672897,0.07240437158469948,0.3208446866485014,0.11612021857923498,0.7706919945725916,0.7109905020352781,0.7869742198100407,0.7883310719131614,0.7924016282225237,0.7829036635006784,0.7978290366350068,192,18.375,10.7,40,51
06073020211,0.2393996588912555,1.0,0.3852751712409141,1.0,0.11458639086570857,1.0,0.1801849981319253,1.0,0.3752346366058589,1.0,0.24004010263893236,1.0,0.3211668928086838,1.0,1.0,0.26512683588332553,26.512683588332553,5809,713,57192.0,4.2,15.5,13.4,323,94.0,22.943722943722943,4971,882,20.4,16.3,73.04761904761905,16.577017114914426,18.9877775865037,39.559902200489,45.45454545454545,2.0593869731800765,71.61301428817353,33.49097698,12.273838630806846,38.2277397260274,91.78484107579462,18.0,11.0,31.75,20.375,9.375,20.625,2.5,0.18181818181818177,0.059639389736477116,0.6423705722070845,0.07377049180327866,0.051771117166212535,0.5,0.8664850136239782,0.058252427184465994,0.23337856173677074,0.07462686567164178,0.08163265306122447,0.06870748299319729,0.13269493844049252,0.11202185792349728,0.18367346938775508,0.2923497267759563,0.15426997245179064,0.75,0.07891156462585036,0.5177570093457944,0.09153005464480879,0.4359673024523161,0.19262295081967212,0.6227951153324288,0.21234735413839892,0.2937584803256445,0.4525101763907734,0.21438263229308005,0.41044776119402987,0.23473541383989144,29,1.0,15.6,29,23
06073017306,0.7804011005761962,1.0,0.3858930751363709,1.0,0.9083354101477769,1.0,0.6474835816903963,1.0,0.3492537664966527,1.0,0.7377607540090231,1.0,0.06390773405698778,1.0,1.0,0.5532907745876291,55.32907745876291,2670,16,229406.0,5.4,3.1,80.1,10,71.0,0.0,2570,188,11.0,9.2,62.06896551724138,3.561887800534283,5.470543228768172,80.94390026714159,26.537216828478964,12.470771628994544,27.340823970037455,34.7728687,1.2466607301869992,38.1201044386423,100.0,6.5,15.5,8.25,4.125,3.5,2.5,0.0,0.9850746268656716,0.9916782246879334,0.4843324250681199,0.66051912568306,0.9659400544959128,0.005427408412483039,0.1307901907356948,0.6955617198335645,0.8466757123473542,0.9002713704206241,0.9952380952380953,0.891156462585034,0.3666210670314638,0.5737704918032787,0.8448979591836735,0.8046448087431693,0.4366391184573003,0.10519125683060104,0.35238095238095235,0.502803738317757,0.8060109289617486,0.4386920980926431,0.9685792349726776,0.13636363636363635,0.3812754409769335,0.06377204884667571,0.05088195386702849,0.08208955223880597,0.07598371777476255,0.046811397557666216,13,1.0,3.0,13,55
06073008350,0.5495361267099556,1.0,0.6090921651458231,1.0,0.4890904937280204,1.0,0.52440596520728,1.0,0.3685744030774116,1.0,0.7228575115518431,1.0,0.3302578018995929,1.0,1.0,0.5134020667599896,51.34020667599896,6722,605,145682.0,5.2,3.2,61.7,910,85.0,0.0,6380,640,14.1,9.4,34.43830570902394,3.0180180180180183,21.048585485854858,51.08108108108108,21.46666666666667,2.759526938239159,58.911038381434096,68.06471686,3.1081081081081083,24.719913263462235,98.46846846846847,4.5,20.75,33.5,17.0,15.0,18.125,4.5,0.24151967435549526,0.79750346740638,0.5115803814713896,0.6475409836065573,0.7568119891008175,0.9687924016282226,0.5020435967302452,0.6955617198335645,0.05970149253731338,0.2272727272727273,0.8047619047619048,0.8646258503401361,0.8974008207934336,0.6284153005464481,0.145578231292517,0.4262295081967213,0.5550964187327824,0.6871584699453552,0.11428571428571432,0.11775700934579436,0.5655737704918034,0.8024523160762943,0.8005464480874317,0.09497964721845319,0.6363636363636364,0.30868385345997285,0.3310719131614654,0.3283582089552239,0.3521031207598372,0.3310719131614654,57,1.625,6.7,9,62
06073002803,0.2077061907661197,1.0,0.7770067721947993,1.0,0.3687240975087457,1.0,0.40428360631328397,1.0,0.5200984934426841,1.0,0.5093134408361996,1.0,0.9469470827679782,1.0,1.0,0.5334399548328301,53.34399548328301,5457,848,84515.0,9.9,8.6,51.5,876,88.2,0.0,4858,660,16.8,11.5,60.50995024875622,1.7100660707345512,17.270553614125436,33.03536727555383,45.58521560574948,1.8688024408848207,33.168407549935864,8.450528936,9.949475320637388,25.914396887159537,96.73532841041586,28.0,25.75,223.0,110.25,107.5,145.625,39.75,0.1275440976933514,0.2815533980582524,0.1478201634877384,0.2739071038251366,0.6239782016348774,0.9606512890094979,0.6410081743869209,0.6955617198335645,0.2605156037991859,0.2150610583446404,0.4571428571428572,0.5421768707482993,0.4158686730506156,0.7540983606557377,0.22448979591836737,0.2226775956284153,0.14876033057851235,0.7704918032786885,0.2639455782312925,0.897196261682243,0.16393442622950816,0.773841961852861,0.5901639344262295,0.8826322930800543,0.8582089552238806,0.9308005427408412,0.9525101763907734,0.9579375848032564,0.9253731343283582,0.9681139755766621,206,22.5,8.7,47,51
06073002804,0.272018529386241,1.0,0.5996813914197053,1.0,0.38543460803588736,1.0,0.3310051508212893,1.0,0.4850054528051668,1.0,0.7733940332434995,1.0,0.926729986431479,1.0,1.0,0.5390384503061812,53.90384503061812,6071,1974,80566.0,6.4,5.1,53.0,299,65.1,0.0,5669,274,20.8,11.3,61.31386861313869,6.4054726368159205,27.73081385711918,57.027363184079604,27.0516717325228,5.244549204478491,21.248558721792126,29.22215308,0.808457711442786,24.489795918367346,97.2636815920398,26.5,26.0,213.75,107.0,101.0,140.0,37.0,0.004070556309362261,0.24549237170596394,0.3549046321525886,0.48360655737704916,0.6389645776566758,0.4559023066485753,0.08174386920980926,0.6955617198335645,0.13297150610583441,0.7781546811397557,0.06258503401360549,0.5680272108843538,0.3912448700410397,0.37568306010928965,0.06938775510204087,0.48770491803278687,0.4256198347107438,0.4412568306010929,0.49183673469387756,0.5813084112149532,0.8647540983606558,0.8133514986376021,0.6420765027322405,0.8514246947082768,0.8744911804613297,0.9097693351424695,0.9416553595658074,0.9335142469470827,0.9029850746268657,0.9457259158751696,203,21.875,10.3,46,51
06073003001,0.39399087571798636,1.0,0.6361936221905475,1.0,0.5041598593304351,1.0,0.5740175139823371,1.0,0.2820367029545586,1.0,0.2918782229766283,1.0,0.966078697421981,1.0,1.0,0.5211936420820678,52.119364208206775,4537,472,98944.0,3.3,17.5,30.9,375,81.6,0.0,3932,353,17.0,12.1,34.068627450980394,5.812973883740522,12.491309385863268,65.62763268744735,52.522935779816514,5.868358445678033,20.938946440379105,65.01555694,6.908171861836562,34.77218225419664,88.87952822240943,33.0,25.5,235.125,116.375,106.375,157.5,39.375,0.35074626865671643,0.40221914008321774,0.7826975476839237,0.04030054644808745,0.33174386920980925,0.6085481682496607,0.3746594005449591,0.6955617198335645,0.4843962008141113,0.6506105834464043,0.4224489795918367,0.4591836734693877,0.9028727770177839,0.40573770491803274,0.39319727891156464,0.5942622950819673,0.07988980716253447,0.39617486338797814,0.5006802721088435,0.15140186915887854,0.2622950819672131,0.5177111716621253,0.09562841530054644,0.9647218453188603,0.8419267299864315,0.966078697421981,0.9789687924016283,0.9518317503392131,0.9681139755766621,0.9654002713704206,206,24.5,10.6,62,51
06073003004,0.0741177255473212,1.0,0.5531393339724932,1.0,0.22866027007818052,1.0,0.23217515561314117,1.0,0.4816512670072011,1.0,0.42522446062446956,1.0,0.8834464043419269,1.0,1.0,0.4112020881692477,41.120208816924766,5395,836,66531.0,14.7,20.5,20.0,477,85.0,12.944162436548224,4662,590,19.4,14.9,73.29113924050633,22.10242587601078,11.52770005595971,42.52021563342318,48.47457627118644,3.322475570032573,23.911028730305837,17.22464219,5.188679245283019,32.59393390674513,93.66576819407008,31.5,25.0,201.875,97.625,91.375,131.875,31.5,0.13297150610583441,0.11373092926490985,0.03474114441416898,0.015027322404371546,0.17438692098092642,0.7598371777476255,0.5020435967302452,0.12205270457697637,0.3120759837177748,0.3073270013568521,0.13537414965986394,0.15986394557823125,0.12722298221614226,0.0396174863387978,0.43945578231292515,0.3224043715846995,0.12396694214876036,0.6338797814207651,0.4285714285714286,0.7401869158878505,0.3688524590163934,0.603542234332425,0.30327868852459017,0.94640434192673,0.8141112618724559,0.8819538670284939,0.8941655359565808,0.8941655359565808,0.8799185888738128,0.8670284938941656,205,21.625,14.8,58,51
06073003101,0.5063078072546958,1.0,0.4165801931357964,1.0,0.46853164603697656,1.0,0.5664827177535139,1.0,0.4541141755112842,1.0,0.5444776978702918,1.0,0.8925373134328358,1.0,1.0,0.5498616501421992,54.98616501421992,4120,425,98505.0,1.4,8.6,23.3,100,80.3,16.819571865443425,3539,343,17.4,13.9,65.14084507042254,5.2935514918190565,4.854842644547451,72.6660250240616,27.877237851662407,7.397504456327986,18.689320388349515,31.52457996,1.539942252165544,30.216587427363972,91.91530317613089,35.0,24.5,209.75,101.25,87.125,141.25,31.75,0.40094979647218454,0.39805825242718446,0.952316076294278,0.2739071038251366,0.22547683923705722,0.08955223880597014,0.3181198910081744,0.09292649098474337,0.5902306648575305,0.6682496607869742,0.3659863945578231,0.24965986394557826,0.2818057455540356,0.43715846994535523,0.8734693877551021,0.6734972677595629,0.40909090909090906,0.29371584699453557,0.5659863945578232,0.5476635514018692,0.7650273224043715,0.6634877384196185,0.20491803278688525,0.9884667571234735,0.7849389416553596,0.9023066485753053,0.9118046132971506,0.8690637720488467,0.907055630936228,0.8724559023066486,200,21.625,12.1,59,51
06073017305,0.8047706934703285,1.0,0.414827699759108,1.0,0.8096454185473375,1.0,0.77750490398218,1.0,0.5926231426871624,1.0,0.6676679918405027,1.0,0.06390773405698778,1.0,1.0,0.5901353691919439,59.01353691919439,3032,169,159766.0,2.9,2.1,72.2,210,74.3,0.0,2941,257,12.2,10.3,29.838709677419356,0.4418262150220913,10.886159973448391,81.73784977908689,13.765182186234817,4.366197183098591,11.213720316622691,47.20597386,1.251840942562592,39.33415536374846,98.4536082474227,6.0,14.0,8.25,4.125,3.5,2.5,0.0,0.7781546811397557,0.855755894590846,0.826975476839237,0.7581967213114754,0.8950953678474114,0.26255088195386705,0.1846049046321526,0.6955617198335645,0.762550881953867,0.8086838534599728,0.95578231292517,0.7115646258503401,0.9384404924760602,0.889344262295082,0.46802721088435373,0.8142076502732241,0.7272727272727273,0.5327868852459017,0.7795918367346939,0.3308411214953271,0.8032786885245902,0.4005449591280654,0.7991803278688525,0.1248303934871099,0.32632293080054275,0.06377204884667571,0.05088195386702849,0.08208955223880597,0.07598371777476255,0.046811397557666216,12,1.0,3.7,11,47
06073018621,0.5502167976132506,1.0,0.41591650887183035,1.0,0.5858402791238612,1.0,0.45766663699410376,1.0,0.21599074168799523,0.75,0.20756465806048152,1.0,0.4295793758480325,1.0,1.0,0.4089678568856508,40.89678568856508,1812,135,74836.0,4.2,4.2,22.9,142,97.6,0.0,1481,234,17.6,14.5,55.487804878048784,5.105633802816902,10.375275938189846,42.25352112676056,53.41614906832298,4.377104377104377,97.13024282560706,,5.809859154929577,53.104925053533194,92.0774647887324,11.5,6.5,41.625,18.375,24.0,16.25,9.75,0.8297150610583446,0.17891816920943135,0.6423705722070845,0.549863387978142,0.2186648501362398,0.15400271370420623,0.9659400544959128,0.6955617198335645,0.9769335142469471,0.8378561736770692,0.3408163265306122,0.18775510204081636,0.5540355677154583,0.45491803278688525,0.5020408163265306,0.319672131147541,0.07438016528925617,0.5300546448087431,0.0435374149659864,,0.31693989071038253,0.09400544959128065,0.21174863387978143,0.3860244233378562,0.07530529172320218,0.42401628222523746,0.37381275440976935,0.4830393487109905,0.32157394843962006,0.5454545454545454,39,2.5,10.6,21,17
06073009108,0.5404073278722088,1.0,0.505319783556125,1.0,0.7484220825372212,1.0,0.5920824038727195,1.0,0.20414518063017104,0.75,0.6294662576991606,1.0,0.734056987788331,1.0,1.0,0.5648428605651338,56.484286056513376,2133,129,93967.0,3.5,10.2,55.5,97,70.5,0.0,2096,189,15.9,11.2,55.6745182012848,0.0,10.773611770289511,48.44587352625938,38.028169014084504,6.513026052104208,122.36286919831224,,0.857449088960343,22.66839378238342,91.63987138263666,18.0,25.25,136.0,63.75,62.0,85.625,19.375,0.8419267299864315,0.36615811373092927,0.752724795640327,0.2008196721311475,0.6791553133514986,0.08683853459972862,0.11920980926430517,0.6955617198335645,0.921302578018996,0.898236092265943,0.5891156462585034,0.5850340136054422,0.5499316005471957,0.950136612021858,0.4775510204081632,0.3907103825136612,0.23278236914600547,0.3483606557377049,0.03129251700680269,,0.8579234972677596,0.8460490463215259,0.18442622950819673,0.6227951153324288,0.8283582089552238,0.7381275440976933,0.7421981004070556,0.7455902306648575,0.7381275440976933,0.7062415196743554,181,11.375,6.3,36,52
06073017069,0.820714301745985,1.0,0.4347103277388526,1.0,0.9071740093595104,1.0,0.7735732893996332,1.0,0.839588569474667,0.75,0.7599053021843035,1.0,0.1519674355495251,1.0,1.0,0.6696618907789252,66.96618907789252,2162,78,166875.0,5.2,0.0,78.6,104,78.3,0.0,2143,268,12.3,8.0,50.71428571428571,1.6229712858926344,4.848484848484849,80.89887640449437,7.368421052631578,0.0,14.338575393154487,,1.2484394506866416,31.97530864197531,98.87640449438202,9.0,14.25,14.375,9.75,4.875,6.875,0.625,0.9226594301221167,0.8807212205270458,0.5115803814713896,0.967896174863388,0.9564032697547684,0.09430122116689281,0.26362397820163486,0.6955617198335645,0.9172320217096337,0.7869742198100407,0.9496598639455782,0.9748299319727891,0.6511627906976745,0.7650273224043715,0.8761904761904762,0.8019125683060109,0.8856749311294766,0.9405737704918032,0.6925170068027211,,0.8046448087431695,0.6239782016348774,0.8510928961748634,0.26119402985074625,0.33717774762550884,0.1546811397557666,0.17639077340569878,0.13568521031207598,0.1655359565807327,0.12754409769335143,23,2.0,3.9,17,46
06073008002,0.8463844558497715,1.0,0.497796402196882,1.0,0.83322026232474,1.0,0.7298868298749159,1.0,0.6701294808498974,1.0,0.7204453973784388,1.0,0.5777476255088195,1.0,1.0,0.696515779140495,69.6515779140495,2689,138,189479.0,3.5,1.1,73.1,236,71.3,0.0,2545,253,14.0,9.5,39.682539682539684,0.0,12.010443864229766,75.51020408163265,8.860759493670885,8.695652173913043,14.875418371141688,5.488487866,3.498542274052478,15.059445178335535,97.667638483965,11.0,19.75,80.125,38.625,32.25,48.125,9.75,0.824966078697422,0.9403606102635229,0.752724795640327,0.8674863387978142,0.9080381471389646,0.3100407055630936,0.13419618528610355,0.6955617198335645,0.8534599728629579,0.8127544097693351,0.8163265306122449,0.8503401360544218,0.8372093023255813,0.950136612021858,0.4095238095238095,0.7226775956284153,0.8471074380165289,0.2151639344262295,0.6761904761904762,0.9420560747663551,0.5204918032786885,0.9509536784741144,0.6898907103825137,0.3568521031207598,0.582089552238806,0.5983717774762551,0.5861601085481682,0.5583446404341926,0.6004070556309362,0.5454545454545454,125,6.5,4.5,19,52
06073010110,0.12001489049778824,1.0,0.46023915288128664,1.0,0.11723571382419998,1.0,0.2870561091382798,1.0,0.30066278212736275,1.0,0.37752812892402837,1.0,0.4421981004070556,1.0,1.0,0.3007049825428573,30.07049825428573,7030,1538,76875.0,10.8,12.0,20.5,408,90.7,13.170731707317074,6201,832,18.2,16.7,70.5253784505788,18.931068931068932,9.55096222380613,43.35664335664335,32.69720101781171,8.333333333333332,21.90611664295875,62.00373367,4.895104895104895,36.693548387096776,93.05694305694306,22.0,14.0,47.5,23.625,18.875,27.5,4.75,0.018995929443690662,0.20249653259361997,0.114441416893733,0.1441256830601093,0.18596730245231607,0.6594301221166893,0.7370572207084468,0.11927877947295418,0.07327001356852103,0.09023066485753051,0.2578231292517007,0.04761904761904767,0.17783857729138164,0.07650273224043713,0.5591836734693878,0.33469945355191255,0.3154269972451791,0.2390710382513661,0.47619047619047616,0.17196261682242986,0.389344262295082,0.47411444141689374,0.2691256830601093,0.7333785617367707,0.32632293080054275,0.4925373134328358,0.4932157394843962,0.38738127544097695,0.49796472184531887,0.33989145183175035,63,8.0,14.9,35,44
06073010111,0.18949245069391374,1.0,0.4516039988334115,1.0,0.38538130313183616,1.0,0.39336890684600184,1.0,0.42692756325642894,1.0,0.48975099636197594,1.0,0.2791044776119403,1.0,1.0,0.3736613852479298,37.36613852479298,3786,563,80404.0,8.2,24.3,10.8,363,91.4,2.272727272727273,3192,408,18.2,16.8,62.93706293706294,33.52601156069364,5.309033280507132,47.74566473988439,40.310077519379846,4.525386313465784,14.791336502905441,48.37585563,0.8092485549132947,44.636251541307026,94.33526011560693,20.5,13.25,31.125,14.375,14.25,15.625,2.25,0.2781546811397557,0.24410540915395285,0.23024523160762944,0.005464480874316946,0.02316076294277929,0.5780189959294437,0.7622615803814714,0.35228848821081826,0.6865671641791045,0.5529172320217096,0.2578231292517007,0.04421768707482998,0.3392612859097127,0.001366120218579181,0.8517006802721089,0.38114754098360654,0.2024793388429752,0.5136612021857924,0.6775510204081633,0.31401869158878504,0.8633879781420765,0.2534059945504087,0.3524590163934426,0.694708276797829,0.29918588873812757,0.2862957937584803,0.27204884667571233,0.3168249660786974,0.3147896879240163,0.20556309362279512,38,6.375,15.5,36,44
06073010112,0.0802020677308767,1.0,0.48513672667529056,1.0,0.1741879655525711,1.0,0.3315677834229384,1.0,0.38189487530245403,1.0,0.23068075222227188,1.0,0.437449118046133,1.0,1.0,0.30301704127893364,30.301704127893363,5123,670,61522.0,14.4,23.8,16.5,404,95.4,11.661807580174926,4769,723,19.5,15.3,62.614487926727726,22.021419009370817,5.598570577724836,18.54082998661312,41.51724137931034,4.292120435618194,25.57095451883662,42.07840697,8.032128514056225,46.04012671594509,92.83801874163319,23.0,14.0,45.25,21.5,19.375,26.25,5.25,0.19538670284938942,0.08044382801664356,0.038147138964577665,0.006830601092896127,0.10422343324250681,0.6506105834464043,0.9216621253405994,0.13730929264909852,0.2856173677069199,0.15807327001356852,0.12585034013605445,0.1272108843537415,0.34883720930232553,0.040983606557377095,0.8394557823129252,0.09699453551912568,0.18044077134986225,0.5505464480874317,0.38911564625850337,0.4074766355140187,0.2199453551912568,0.21253405994550412,0.25956284153005466,0.7706919945725916,0.32632293080054275,0.4701492537313433,0.4687924016282225,0.39348710990502034,0.4843962008141113,0.3704206241519674,58,8.0,15.7,37,44
06073010300,0.33874923793878864,1.0,0.4509665189157401,1.0,0.3642275634812948,1.0,0.40685588188763877,1.0,0.44935179161900235,1.0,0.07141297280663877,1.0,0.4736770691994572,1.0,1.0,0.36503443369265154,36.503443369265156,3884,574,77123.0,3.3,14.0,24.3,512,78.5,0.0,3497,458,18.7,14.8,62.513426423200855,8.168642951251647,7.8784757981462405,38.669301712779976,52.14723926380368,1.8111254851228977,20.85478887744593,40.58494088,12.318840579710146,53.301886792452834,84.84848484848484,11.5,13.75,52.375,25.0,19.875,32.5,7.0,0.2700135685210312,0.20665742024965325,0.7826975476839237,0.09562841530054644,0.24182561307901906,0.7964721845318861,0.2731607629427793,0.6955617198335645,0.6024423337856173,0.4830393487109905,0.20612244897959187,0.16530612244897958,0.3515731874145007,0.3005464480874317,0.6925170068027211,0.2827868852459016,0.08677685950413228,0.7773224043715847,0.5034013605442177,0.4299065420560748,0.0901639344262295,0.08855585831062673,0.03551912568306011,0.3860244233378562,0.31275440976933516,0.5101763907734057,0.5067842605156038,0.40637720488466755,0.5223880597014925,0.4226594301221167,79,7.0,11.3,18,43
06073010401,0.5244244484253141,1.0,0.40124115514751163,1.0,0.6365487036062729,1.0,0.3138574015195098,1.0,0.5877953240131126,1.0,0.5226135703756644,1.0,0.4873812754409769,1.0,1.0,0.49626598264690885,49.626598264690884,2197,94,75417.0,5.2,4.8,20.7,205,81.3,0.0,1826,244,17.7,12.2,64.35643564356435,7.011070110701106,11.344922232387923,24.600246002460025,21.153846153846153,4.912280701754386,15.930814747382795,24.24393279,3.4440344403444034,30.099728014505896,94.4649446494465,15.0,15.5,56.25,26.625,22.125,35.0,7.0,0.898236092265943,0.18446601941747573,0.5115803814713896,0.5034153005464481,0.19005449591280654,0.24830393487109906,0.3630790190735695,0.6955617198335645,0.9484396200814111,0.824966078697422,0.3285714285714286,0.4442176870748299,0.30916552667578656,0.3497267759562842,0.4448979591836735,0.15163934426229508,0.5661157024793388,0.4781420765027322,0.6489795918367347,0.6579439252336449,0.5300546448087431,0.670299727520436,0.3674863387978142,0.5291723202170964,0.3812754409769335,0.5176390773405699,0.5183175033921302,0.44301221166892807,0.5352781546811397,0.4226594301221167,82,8.0,9.8,23,44
06073012600,0.1001869222768493,1.0,0.4100264830508384,1.0,0.28996114049418953,1.0,0.43693235395568825,1.0,0.12046049151636032,1.0,0.2214876689348481,1.0,0.6480325644504749,1.0,1.0,0.3181553749541784,31.81553749541784,4654,799,75929.0,14.7,18.5,11.0,213,96.3,11.374407582938389,4303,539,17.9,15.8,53.87243735763098,18.676277850589777,7.086614173228346,42.136304062909566,58.91891891891892,7.121119902617163,60.80790717662226,87.21841942,8.650065530799477,42.23541048466865,90.69462647444298,14.0,19.75,101.5,44.875,44.125,65.625,14.375,0.14382632293080055,0.1941747572815534,0.03474114441416898,0.028005464480874265,0.025204359673024524,0.2700135685210312,0.9400544959128065,0.14008321775312071,0.39348710990502034,0.36363636363636365,0.30544217687074826,0.09727891156462587,0.5950752393980848,0.08196721311475408,0.7523809523809524,0.31830601092896177,0.04132231404958675,0.3073770491803278,0.108843537414966,0.024299065420560706,0.2008196721311475,0.30653950953678477,0.15710382513661203,0.5027137042062415,0.582089552238806,0.6526458616010855,0.6350067842605156,0.6472184531886025,0.664179104477612,0.641112618724559,156,13.75,13.3,27,48
06073012700,0.1895201675436779,1.0,0.5661726285705869,1.0,0.2296158354793749,1.0,0.35068590531904714,1.0,0.15430950232294896,1.0,0.32561183821960166,1.0,0.6834464043419267,1.0,1.0,0.357051754542452,35.7051754542452,4956,638,75862.0,7.1,17.0,15.0,373,86.8,0.0,4539,752,17.9,15.1,56.50969529085873,9.656398104265403,9.355425338452212,12.618483412322275,40.78212290502793,12.493519958527735,74.85875706214689,54.73553205,9.597156398104266,36.47619047619048,93.89810426540285,23.5,21.0,114.625,50.5,49.75,74.375,17.25,0.21845318860244234,0.1914008321775312,0.2990463215258855,0.049180327868852514,0.0776566757493188,0.6031207598371777,0.5844686648501363,0.6955617198335645,0.32835820895522383,0.13636363636363635,0.30544217687074826,0.14829931972789112,0.5307797537619698,0.24863387978142082,0.5741496598639455,0.04918032786885246,0.1955922865013774,0.10382513661202186,0.07482993197278909,0.2429906542056075,0.1816939890710383,0.4782016348773842,0.31693989071038253,0.7869742198100407,0.6492537313432836,0.689280868385346,0.6729986431478969,0.6824966078697422,0.6919945725915875,0.680461329715061,164,15.25,13.1,38,48
06073012800,0.38345380371953897,1.0,0.5083622266131356,1.0,0.495157330231957,1.0,0.5000934742940256,1.0,0.42276215072698314,1.0,0.47937419037834456,1.0,0.6742198100407054,1.0,1.0,0.4947747122863843,49.47747122863843,3737,272,79155.0,9.4,4.1,29.8,349,80.9,1.276595744680851,3189,496,16.1,13.4,81.23791102514507,4.583020285499624,3.7872683319903304,60.480841472577005,39.89501312335958,7.633587786259542,20.604763179020605,21.7672682,3.3057851239669422,31.197301854974707,92.41172051089407,27.0,20.25,111.0,49.125,48.125,72.5,16.125,0.578697421981004,0.2260748959778086,0.17029972752043598,0.5587431693989071,0.3106267029972752,0.5508819538670285,0.34400544959128065,0.375866851595007,0.689280868385346,0.4294436906377205,0.5564625850340136,0.30544217687074826,0.041039671682626566,0.49590163934426235,0.9224489795918367,0.5409836065573771,0.209366391184573,0.2800546448087432,0.5156462585034014,0.685981308411215,0.5478142076502732,0.6471389645776566,0.24316939890710382,0.8616010854816825,0.60719131614654,0.683853459972863,0.6648575305291723,0.6702849389416553,0.6865671641791045,0.6655359565807327,161,15.25,9.6,47,48
06073012900,0.4421741099882466,1.0,0.4766941786108241,1.0,0.5926282317540315,1.0,0.5921279072055814,1.0,0.5317883956285083,1.0,0.5145136314229984,1.0,0.6616010854816825,1.0,1.0,0.5445039342988389,54.45039342988389,3643,271,115288.0,6.4,8.8,37.3,179,73.3,0.0,3437,314,15.3,12.9,50.476190476190474,11.932324131789848,2.8916339135317237,61.35351736420303,21.929824561403507,4.991539763113368,24.43041449354927,20.21157436,0.9795191451469278,33.63114231014678,90.38290293855744,24.5,19.0,104.75,47.625,44.625,66.875,16.125,0.5841248303934872,0.5742024965325936,0.3549046321525886,0.25546448087431695,0.43528610354223435,0.20488466757123475,0.16893732970027248,0.6955617198335645,0.6214382632293081,0.7150610583446404,0.6693877551020408,0.36462585034013606,0.6566347469220246,0.1898907103825137,0.9687074829931973,0.5532786885245902,0.5420110192837466,0.46584699453551914,0.41088435374149657,0.7084112149532711,0.8401639344262295,0.5640326975476839,0.13934426229508196,0.8073270013568521,0.5481682496607869,0.666214382632293,0.6512890094979648,0.6519674355495251,0.6729986431478969,0.6655359565807327,160,14.625,8.8,43,48
06073013000,0.18771036291375479,1.0,0.4837111276365331,1.0,0.2766743739558239,1.0,0.3020387091168911,1.0,0.2890214735597253,1.0,0.2521887702684594,1.0,0.6576662143826323,1.0,1.0,0.3498587188334028,34.98587188334028,5469,587,67740.0,8.4,11.5,20.3,621,83.0,14.285714285714285,4361,720,17.2,14.7,74.01918047079337,9.818569903948772,9.260642270351008,36.87299893276414,48.88123924268503,4.921359715880263,38.581093435728654,46.32233976,11.52614727854856,32.804232804232804,85.48559231590181,22.5,19.75,103.5,45.875,45.125,66.25,15.5,0.25644504748982366,0.12066574202496533,0.21457765667574935,0.15915300546448086,0.18256130790190736,0.8697421981004071,0.41212534059945505,0.10540915395284323,0.37856173677069205,0.1601085481682497,0.3952380952380953,0.17278911564625854,0.11627906976744184,0.24316939890710387,0.582312925170068,0.26639344262295084,0.11294765840220389,0.47540983606557374,0.21632653061224494,0.3514018691588785,0.11612021857923494,0.5967302452316077,0.04371584699453552,0.7503392130257802,0.582089552238806,0.6621438263229308,0.6397557666214383,0.6567164179104478,0.6689280868385346,0.66078697421981,157,15.125,12.0,38,48
06073017041,0.5593342509744652,1.0,0.4396301789064044,1.0,0.49878598657916356,1.0,0.5751222486707226,1.0,0.5372429665792501,1.0,0.5030895906850702,1.0,0.045318860244233386,1.0,1.0,0.45121772609132993,45.12177260913299,5565,220,131650.0,7.2,4.1,50.4,394,83.9,5.919003115264798,5354,542,14.8,10.2,65.53030303030303,3.308823529411765,6.7525866763477955,71.32352941176471,8.516886930983848,9.073543457497612,23.719676549865227,22.93714997,1.050420168067227,51.67919799498747,96.58613445378151,9.0,17.0,5.625,5.125,1.5,0.0,0.0,0.6845318860244234,0.7031900138696255,0.2908719346049047,0.5587431693989071,0.6021798365122616,0.6404341926729986,0.444141689373297,0.24410540915395285,0.175033921302578,0.3595658073270014,0.7292517006802721,0.7312925170068028,0.27222982216142266,0.6024590163934427,0.7714285714285715,0.6543715846994536,0.8581267217630855,0.1885245901639344,0.4312925170068027,0.6710280373831776,0.8306010928961749,0.10762942779291551,0.5710382513661202,0.26119402985074625,0.44572591587516963,0.042740841248303935,0.07937584803256445,0.0407055630936228,0.016960651289009497,0.046811397557666216,9,1.0,5.5,16,58
06073021302,0.37475253317897583,1.0,0.2523527234505326,1.0,0.3006761184799564,1.0,0.4832139050816666,1.0,0.561373101072805,1.0,0.46812013916806877,1.0,0.018453188602442334,1.0,1.0,0.35127738700492106,35.1277387004921,6675,455,120218.0,7.4,9.2,20.5,810,78.2,20.0,4471,728,17.4,13.2,57.67918088737202,4.638088545326775,17.712007360834228,76.52846099789178,21.28146453089245,8.488745980707396,5.692883895131086,34.25015557,0.7027406886858749,77.73695811903012,95.99437807449051,0.0,5.25,0.375,0.375,0.0,0.0,0.0,0.3724559023066486,0.608876560332871,0.27997275204359673,0.23770491803278693,0.18596730245231607,0.9477611940298507,0.26021798365122617,0.06657420249653256,0.35142469470827675,0.15468113975576658,0.3659863945578231,0.33061224489795915,0.49521203830369354,0.4904371584699454,0.21496598639455777,0.73224043715847,0.5633608815426997,0.22814207650273222,0.9455782312925171,0.508411214953271,0.8866120218579235,0.004087193460490468,0.5136612021857924,0.009497964721845319,0.044097693351424695,0.0067842605156037995,0.0101763907734057,0.011533242876526458,0.016960651289009497,0.046811397557666216,1,0.0,9.8,0,21
06073009504,0.7241824522118291,0.75,0.4199209787197667,1.0,0.4893690176206168,1.0,0.7447597719987729,1.0,0.6105056563052967,1.0,0.5356450668294596,1.0,0.32496607869742195,1.0,1.0,0.5499070031975947,54.99070031975947,6428,206,,2.9,3.3,77.2,97,71.5,0.0,6290,917,12.6,9.1,50.62240663900415,0.3395585738539898,8.2069720181335,78.60780984719864,9.553349875930522,10.007639419404125,7.778469197261979,29.95644057,0.0,51.480781348456205,96.09507640067912,1.5,20.25,30.375,15.625,15.75,16.25,5.5,0.7082767978290366,,0.826975476839237,0.6372950819672132,0.9475476839237057,0.08683853459972862,0.1396457765667575,0.6955617198335645,0.06648575305291726,0.06105834464043425,0.927891156462585,0.9020408163265307,0.652530779753762,0.8961748633879781,0.6653061224489796,0.7650273224043715,0.8209366391184573,0.1598360655737705,0.891156462585034,0.5700934579439252,0.967896174863388,0.11171662125340598,0.5273224043715847,0.042740841248303935,0.60719131614654,0.2781546811397558,0.30257801899592945,0.33921302578018997,0.32157394843962006,0.38331071913161463,58,3.0,4.1,3,62
06073019205,0.24030410727452983,1.0,0.44415799001246875,1.0,0.21361674927773006,1.0,0.3538574655939387,1.0,0.3726699905911284,1.0,0.2507792220683631,1.0,0.38751696065128904,1.0,1.0,0.32327178363849257,32.32717836384926,6387,711,61467.0,5.8,8.5,18.8,421,97.0,7.578947368421053,5327,970,17.0,14.4,72.69906928645294,13.002944062806673,7.988587731811697,50.49067713444554,37.59398496240601,11.774891774891776,18.788163457022076,29.60796515,5.34838076545633,49.40570522979398,92.78704612365064,16.5,7.5,40.75,16.5,20.125,18.125,7.625,0.18317503392130263,0.07905686546463246,0.42166212534059944,0.27732240437158473,0.14509536784741145,0.6824966078697422,0.9564032697547684,0.2038834951456311,0.18181818181818177,0.05156037991858886,0.4224489795918367,0.1986394557823129,0.14363885088919293,0.16803278688524592,0.6829931972789116,0.4207650273224044,0.2410468319559229,0.11338797814207646,0.5605442176870749,0.5757009345794393,0.3510928961748634,0.14441416893732972,0.2568306010928962,0.573270013568521,0.10379918588873813,0.4084124830393487,0.32225237449118044,0.4118046132971506,0.3521031207598372,0.44301221166892807,49,4.5,10.2,25,17
06073017810,0.50831826200465,1.0,0.3832069454676473,1.0,0.46674189350095535,1.0,0.6485408593479329,1.0,0.5617727382292008,1.0,0.6108641920161999,1.0,0.35074626865671643,1.0,1.0,0.5043130227461861,50.4313022746186,5126,255,104137.0,7.7,2.6,60.9,210,76.4,0.0,5120,700,13.9,10.7,47.817460317460316,3.3300198807157058,9.03377847604085,74.20477137176938,11.685393258426966,8.253533971728226,18.72805306281701,24.53018046,0.7455268389662028,43.665436654366545,97.66401590457257,8.5,8.25,36.875,14.75,22.875,13.125,6.5,0.6166892808683854,0.4507628294036061,0.2595367847411444,0.7062841530054644,0.75,0.26255088195386705,0.22070844686648503,0.6955617198335645,0.21031207598371782,0.17910447761194026,0.8238095238095238,0.6537414965986394,0.7031463748290014,0.6010928961748634,0.5918367346938775,0.6980874316939891,0.78099173553719,0.24726775956284153,0.564625850340136,0.6542056074766356,0.8756830601092896,0.271117166212534,0.6857923497267759,0.2327001356852103,0.13772048846675713,0.34599728629579374,0.2808683853459973,0.45725915875169604,0.25848032564450474,0.41112618724559025,47,4.5,4.7,14,19
06073020903,0.4699995139605537,1.0,0.08748422562279652,1.0,0.5155528018534415,1.0,0.48719937078910863,1.0,0.3617725699413852,1.0,0.26910334866961483,1.0,0.016553595658073274,1.0,1.0,0.3153807752135677,31.538077521356772,2895,550,67938.0,4.2,1.5,26.1,132,66.4,40.0,2623,406,16.1,15.4,96.05263157894737,2.9035012809564473,10.48080249048772,81.12724167378309,50.0,20.231607629427792,11.744386873920552,32.27131301,2.5619128949615715,65.16203703703704,90.69171648163963,0.0,0.0,0.0,0.0,0.0,0.0,0.0,0.2829036635006784,0.12343966712898752,0.6423705722070845,0.8312841530054644,0.2656675749318801,0.13704206241519673,0.08991825613079019,0.018030513176144236,0.830393487109905,0.5569877883310719,0.5564625850340136,0.11836734693877549,0.005471956224350261,0.6407103825136612,0.49523809523809526,0.8073770491803278,0.10606060606060608,0.03825136612021862,0.7700680272108844,0.5327102803738317,0.6270491803278688,0.02452316076294281,0.1557377049180328,0.009497964721845319,0.0047489823609226595,0.0033921302578018998,0.004070556309362279,0.011533242876526458,0.016960651289009497,0.046811397557666216,0,0.0,8.2,0,0
06073020023,0.6851749445835444,1.0,0.364494546256055,1.0,0.40977602710012095,1.0,0.7642152114372245,1.0,0.5876532529197085,1.0,0.505964523061499,1.0,0.37720488466757124,1.0,1.0,0.5277833414322461,52.77833414322461,3942,280,97031.0,2.6,0.6,29.4,309,89.4,13.294797687861271,3720,567,17.2,12.9,41.02564102564102,2.8458498023715415,7.339685809940767,84.58498023715416,4.683195592286501,4.094010614101592,48.19888381532217,21.49346609,1.185770750988142,37.6491646778043,92.72727272727272,11.0,12.25,39.0,19.875,13.375,25.0,3.75,0.5712347354138398,0.3883495145631068,0.861716621253406,0.9193989071038251,0.3024523160762943,0.47218453188602444,0.6818801089918256,0.11511789181692089,0.5468113975576663,0.3324287652645862,0.3952380952380953,0.36462585034013606,0.8180574555403557,0.6475409836065573,0.7319727891156462,0.8592896174863388,0.9352617079889807,0.5710382513661203,0.15646258503401356,0.6878504672897197,0.8128415300546448,0.4509536784741145,0.2540983606557377,0.3568521031207598,0.25848032564450474,0.3819538670284939,0.4355495251017639,0.29172320217096337,0.47421981004070557,0.30257801899592945,45,2.5,8.8,18,24
06073014300,0.2888968978513283,1.0,0.5782512178096358,1.0,0.36413410683133496,1.0,0.42991892334516724,1.0,0.41816061197899673,1.0,0.5874205267938238,1.0,0.8616010854816825,1.0,1.0,0.5040547671559956,50.40547671559956,4282,416,91744.0,8.5,10.7,20.0,410,93.7,10.606060606060606,3556,528,18.2,14.1,46.43320363164721,19.074221867517956,8.419324577861163,37.50997605746209,18.88888888888889,5.362537764350453,18.449322746380197,77.43621655,4.309656823623304,34.92898474487112,98.48363926576216,25.5,24.75,184.875,89.5,88.125,118.75,32.125,0.41112618724559025,0.3509015256588072,0.20708446866485009,0.1864754098360656,0.17438692098092642,0.6635006784260515,0.8542234332425068,0.15256588072122057,0.5888738127544098,0.38398914518317506,0.2578231292517007,0.22585034013605443,0.7291381668946648,0.07377049180327866,0.6421768707482993,0.27459016393442626,0.6129476584022038,0.4289617486338798,0.5727891156462586,0.05794392523364489,0.44672131147540983,0.5122615803814714,0.8032786885245902,0.8270013568521031,0.7978290366350068,0.8507462686567164,0.8575305291723202,0.8751696065128901,0.8473541383989145,0.8772048846675712,204,22.0,11.3,45,51
06073014500,0.4206985273444385,1.0,0.6276578393756155,1.0,0.465217511699388,1.0,0.46219774413768555,1.0,0.4316534618550073,1.0,0.512178446816853,1.0,0.8629579375848031,1.0,1.0,0.5403659241162558,54.036592411625584,4031,281,84390.0,5.5,6.8,28.7,243,93.0,0.0,3704,399,17.4,12.9,61.64978292329957,7.088255733148019,7.930513595166164,51.98054204308548,26.08695652173913,1.3031550068587106,24.31158521458695,81.48102054,1.5288394718554552,31.8233295583239,90.41000694927033,24.0,25.25,184.75,92.125,87.75,118.125,32.125,0.567842605156038,0.2801664355062413,0.4686648501362398,0.36612021857923494,0.29223433242506813,0.3202170963364993,0.832425068119891,0.6955617198335645,0.5535956580732699,0.5766621438263229,0.3659863945578231,0.36462585034013606,0.3803009575923393,0.34562841530054644,0.6884353741496598,0.4344262295081967,0.4435261707988981,0.8237704918032787,0.4163265306122449,0.04299065420560744,0.7663934426229508,0.6280653950953679,0.14207650273224043,0.7971506105834464,0.8283582089552238,0.8487109905020352,0.8744911804613297,0.8710990502035278,0.8432835820895522,0.8772048846675712,201,20.875,9.3,42,51
06073014804,0.38432252993482774,1.0,0.5987909957389561,1.0,0.4500676118479956,1.0,0.5518100587547257,1.0,0.596393864946769,1.0,0.5290917844185365,1.0,0.7686567164179106,1.0,1.0,0.5541619374371031,55.41619374371031,4527,373,99107.0,5.7,9.0,46.8,289,85.3,0.0,4266,630,15.1,12.1,75.0,3.9568345323741005,2.938517179023508,65.6731757451182,25.97402597402597,4.5142296368989205,19.880715705765407,8.537647791,2.3124357656731758,33.78119001919386,94.55292908530318,16.0,25.25,143.375,71.5,67.5,88.75,24.625,0.4545454545454546,0.40360610263522884,0.4352861035422343,0.2438524590163934,0.55858310626703,0.43826322930800543,0.5163487738419619,0.6955617198335645,0.407055630936228,0.24355495251017634,0.6904761904761905,0.4591836734693877,0.0978112175102599,0.5478142076502732,0.9659863945578231,0.5956284153005464,0.44834710743801653,0.5150273224043715,0.5306122448979591,0.891588785046729,0.6530054644808743,0.5572207084468666,0.3770491803278688,0.5556309362279511,0.8283582089552238,0.7611940298507462,0.7801899592944369,0.7774762550881954,0.7489823609226595,0.7754409769335142,189,15.25,6.2,29,51
06073010800,0.7564300942776252,1.0,0.5197434233457819,1.0,0.8402874311189876,1.0,0.5832954922342555,1.0,0.5011521255183943,1.0,0.6673230495873103,1.0,0.7640434192672998,1.0,1.0,0.6617535764785221,66.17535764785221,2389,23,136731.0,3.9,3.5,65.7,78,82.8,0.0,2376,191,13.6,10.2,56.934306569343065,0.0,12.934282126412725,57.365145228215766,13.389121338912133,18.855218855218855,0.0,56.09209708,5.08298755186722,25.590551181102363,98.85892116182573,10.5,25.0,148.25,65.75,61.25,100.0,24.875,0.9823609226594301,0.7378640776699029,0.688692098092643,0.6168032786885246,0.8208446866485014,0.05223880597014925,0.40463215258855584,0.6955617198335645,0.8805970149253731,0.8968792401628223,0.8523809523809524,0.7312925170068028,0.5157318741450068,0.950136612021858,0.3755102040816326,0.4918032786885246,0.7369146005509641,0.049180327868852514,0.9904761904761905,0.22803738317757005,0.37568306010928965,0.779291553133515,0.8469945355191257,0.3310719131614654,0.8141112618724559,0.7693351424694709,0.751696065128901,0.7381275440976933,0.7801899592944369,0.7808683853459973,187,16.75,4.3,18,49
06073008902,0.6294217831526161,1.0,0.6929712894647784,1.0,0.6378898642224868,1.0,0.3253286655874702,1.0,0.5143178651183861,1.0,0.741840502672682,1.0,0.8024423337856174,1.0,1.0,0.6206017577148624,62.060175771486236,3973,619,106897.0,2.8,0.0,63.9,566,78.5,0.0,3311,355,16.3,10.2,54.2942494398805,5.1020408163265305,43.267276422764226,36.36363636363637,9.740259740259742,12.428919577579203,0.0,66.19788426,4.313543599257885,14.65478841870824,98.7012987012987,19.5,26.25,170.0,77.125,78.0,108.125,24.5,0.23066485753052912,0.4798890429958391,0.8392370572207084,0.967896174863388,0.7901907356948229,0.8426051560379919,0.2731607629427793,0.6955617198335645,0.6580732700135685,0.6438263229308006,0.5183673469387755,0.7312925170068028,0.5786593707250343,0.45628415300546443,0.0054421768707483276,0.2609289617486339,0.8181818181818181,0.10655737704918034,0.9904761904761905,0.14205607476635518,0.44535519125683065,0.9591280653950953,0.8210382513661202,0.6702849389416553,0.8860244233378561,0.8168249660786974,0.7978290366350068,0.8168249660786974,0.8086838534599728,0.7720488466757124,185,17.125,6.9,35,52
06073007100,0.5036377420398098,1.0,0.42501502791890355,1.0,0.624488411375405,1.0,0.5073560085490545,1.0,0.31664575537128403,1.0,0.5939483728155724,1.0,0.6598371777476256,1.0,1.0,0.5187040708310936,51.87040708310936,4163,414,144087.0,8.2,3.9,72.4,88,53.2,0.0,3907,435,12.6,11.3,79.67479674796748,0.0,13.692049003122747,73.39667458432304,33.064516129032256,8.716392020815263,26.663463848186407,44.33105165,5.273159144893111,22.695652173913043,96.62707838479811,9.0,20.0,101.75,46.0,44.5,68.125,16.75,0.41383989145183175,0.7891816920943134,0.23024523160762944,0.5812841530054644,0.8991825613079019,0.06987788331071913,0.02997275204359673,0.6955617198335645,0.49118046132971505,0.510854816824966,0.927891156462585,0.5680272108843538,0.05471956224350205,0.950136612021858,0.3387755102040816,0.6857923497267759,0.3099173553719008,0.21174863387978138,0.36734693877551017,0.3775700934579439,0.3592896174863388,0.8446866485013624,0.5778688524590164,0.26119402985074625,0.5943012211668928,0.6540027137042063,0.6417910447761194,0.649932157394844,0.6784260515603799,0.675033921302578,158,9.875,4.2,16,48
06073006802,0.5313885954159739,1.0,0.6115459908895348,1.0,0.44198788063393607,1.0,0.36290663615808505,1.0,0.21437964483522995,1.0,0.44036469578078546,1.0,0.7105834464043419,1.0,1.0,0.47330812715969817,47.33081271596981,5531,766,111858.0,3.0,3.6,53.8,1221,61.7,0.0,4507,331,19.2,11.2,43.69908960229995,4.351174432036966,29.524498282408246,17.404697728147863,23.209876543209877,8.459640465280225,78.64762249141204,80.63472309,8.086253369272237,11.745406824146981,90.06546014632268,14.0,24.0,127.625,58.75,54.375,84.375,19.0,0.16689280868385348,0.5339805825242718,0.8167574931880108,0.6079234972677596,0.6519073569482289,0.994572591587517,0.05722070844686648,0.6955617198335645,0.34328358208955223,0.6845318860244234,0.1551020408163265,0.5850340136054422,0.7783857729138167,0.5191256830601093,0.06258503401360549,0.09153005464480875,0.5123966942148761,0.2308743169398907,0.06938775510204087,0.04485981308411213,0.21584699453551914,0.9795640326975477,0.12568306010928962,0.5027137042062415,0.7672998643147897,0.7150610583446404,0.7109905020352781,0.6987788331071914,0.7279511533242876,0.7001356852103121,177,11.0,9.2,24,52
06073003207,0.45063206884849333,1.0,0.5362576444128518,1.0,0.4341079851207783,1.0,0.4250579339627578,1.0,0.5944881942878029,1.0,0.4680320424055628,1.0,0.7016282225237449,1.0,1.0,0.515743441651713,51.574344165171304,6052,507,106678.0,4.6,5.9,32.7,400,75.7,0.0,5509,483,15.2,12.2,71.09207708779444,11.842105263157894,4.93063680427879,55.52631578947368,29.10284463894967,2.1459227467811157,16.853932584269664,25.32669571,1.6228070175438596,32.62919652961146,86.35964912280701,19.5,20.75,121.875,57.25,54.0,78.125,20.5,0.31886024423337855,0.47572815533980584,0.5940054495912807,0.41393442622950816,0.358991825613079,0.6478968792401628,0.20844686648501362,0.6955617198335645,0.15875169606512896,0.4525101763907734,0.680952380952381,0.4442176870748299,0.16963064295485641,0.19398907103825136,0.8666666666666667,0.46994535519125685,0.3870523415977961,0.7363387978142076,0.6190476190476191,0.6355140186915889,0.75,0.6008174386920981,0.05327868852459016,0.6702849389416553,0.6363636363636364,0.6974219810040706,0.6974219810040706,0.6967435549525102,0.7028493894165536,0.7137042062415196,177,16.25,8.0,36,50
06073018803,0.4496571424912378,1.0,0.3206061206098814,1.0,0.51188030164576,1.0,0.41710455627161275,1.0,0.4668366279931576,1.0,0.44665678990287017,1.0,0.1766621438263229,1.0,1.0,0.39848624039154895,39.84862403915489,4724,806,104866.0,4.4,3.9,46.4,232,94.5,17.20430107526882,4241,366,15.3,13.1,62.8,7.131452900478978,13.346186803770351,68.22778073443321,39.351851851851855,6.656731246895181,18.628281117696865,16.76415681,3.6721660457690266,56.43212508884151,98.24374667376264,1.5,5.5,17.0,8.875,6.75,6.25,2.5,0.1397557666214383,0.4576976421636616,0.6198910081743869,0.5812841530054644,0.5572207084468664,0.3039348710990502,0.8835149863760218,0.08737864077669899,0.412483039348711,0.6234735413839891,0.6693877551020408,0.3421768707482993,0.3433652530779754,0.34426229508196726,0.3537414965986394,0.6270491803278688,0.21900826446280997,0.3319672131147541,0.5687074829931973,0.7476635514018692,0.5040983606557377,0.07084468664850141,0.7650273224043715,0.042740841248303935,0.048846675712347354,0.1791044776119403,0.14789687924016282,0.1723202170963365,0.14925373134328357,0.23473541383989144,35,1.0,6.8,3,17
06073013701,0.54863734749011,1.0,0.3795284520812196,1.0,0.7209453659347049,1.0,0.5576107644735363,1.0,0.6316933367000371,1.0,0.40124104763181007,1.0,0.6936227951153324,1.0,1.0,0.5618970156323929,56.18970156323929,2541,259,123750.0,4.7,6.9,44.0,126,79.8,11.200000000000001,2493,230,14.9,12.1,67.2316384180791,6.096131301289566,5.2465483234714005,77.13950762016412,19.12350597609562,3.9414414414414414,15.741833923652106,22.6509023,5.74443141852286,38.12233285917496,95.31066822977726,16.0,20.5,115.5,55.25,55.75,66.875,19.125,0.6085481682496607,0.6463245492371706,0.5783378746594006,0.36133879781420764,0.526566757493188,0.12618724559023067,0.30313351498637603,0.1428571428571429,0.8656716417910448,0.844640434192673,0.7142857142857143,0.4591836734693877,0.2435020519835841,0.3907103825136612,0.8530612244897959,0.7431693989071039,0.6074380165289256,0.5860655737704918,0.6585034013605442,0.6747663551401869,0.3224043715846995,0.4373297002724795,0.44398907103825136,0.5556309362279511,0.6227951153324288,0.6919945725915875,0.6919945725915875,0.7082767978290366,0.6729986431478969,0.7028493894165536,172,13.875,6.2,30,51
06073020904,0.5572008105570512,1.0,0.41554063249448986,1.0,0.6787294972262989,1.0,0.6669288950807162,1.0,0.4237199051103929,1.0,0.34926892095114725,1.0,0.06458616010854817,1.0,1.0,0.45085354593266347,45.085354593266345,2750,165,85355.0,2.4,8.7,40.6,212,98.6,0.0,2573,340,14.4,12.4,54.06976744186046,8.412698412698413,3.515195898938118,84.44444444444444,51.546391752577314,33.12101910828025,11.272727272727273,13.01804605,0.07936507936507936,78.10499359795135,89.52380952380953,2.5,0.0,6.375,6.375,0.0,3.75,0.0,0.7856173677069199,0.289875173370319,0.888283378746594,0.26502732240437155,0.4829700272479564,0.2672998643147897,0.9809264305177112,0.6955617198335645,0.8453188602442334,0.6723202170963365,0.7700680272108844,0.42721088435374155,0.5841313269493844,0.2896174863387978,0.9387755102040817,0.855191256830601,0.09090909090909094,0.016393442622950838,0.7782312925170067,0.8093457943925233,0.9357923497267759,0.0027247956403270157,0.1092896174863388,0.06173677069199457,0.0047489823609226595,0.046811397557666216,0.1044776119402985,0.011533242876526458,0.11329715061058344,0.046811397557666216,4,0.0,5.4,5,0
06073016806,0.6027423086057218,1.0,0.5031831420177183,1.0,0.22983182418150438,1.0,0.5399603436494689,1.0,0.6850821883883105,1.0,0.45630648739595897,1.0,0.2924016282225238,1.0,1.0,0.47278684606588656,47.278684606588655,4131,464,99191.0,2.1,2.3,19.9,264,92.6,0.0,3926,718,19.6,15.0,47.368421052631575,7.987711213517665,9.383443871284697,63.51766513056836,9.523809523809524,7.790368271954675,12.829823287339627,7.156191661,3.9938556067588324,36.57850309510411,94.85407066052227,16.5,16.0,31.25,12.625,18.625,12.5,4.25,0.36160108548168246,0.40499306518723993,0.9087193460490464,0.735655737704918,0.16689373297002724,0.3649932157394844,0.8153950953678474,0.6955617198335645,0.48575305291723203,0.16146540027137046,0.11768707482993201,0.15442176870748303,0.7140902872777017,0.30464480874316935,0.5700680272108843,0.5710382513661202,0.8223140495867769,0.2718579234972678,0.726530612244898,0.9196261682242991,0.4795081967213115,0.4754768392370572,0.4139344262295082,0.573270013568521,0.40298507462686567,0.2876526458616011,0.2327001356852103,0.3819538670284939,0.24491180461329715,0.3147896879240163,39,4.0,10.2,31,50
06073019602,0.2931615736195393,1.0,0.38600443922812594,1.0,0.31000932258927993,1.0,0.4231413114235401,1.0,0.5334561122690203,1.0,0.12326722353746966,1.0,0.4769335142469471,1.0,1.0,0.36371049955913176,36.37104995591318,6064,718,101648.0,9.3,6.2,29.3,328,91.8,14.382022471910114,5572,359,18.1,14.6,57.77351247600768,17.80011827321112,10.276150627615063,65.93731519810763,16.906474820143885,5.213004484304933,42.21635883905013,10.85252022,10.703725606150206,48.697501329080275,88.17267888823181,13.0,9.0,48.5,21.625,23.25,24.375,8.25,0.17910447761194026,0.420249653259362,0.17506811989100812,0.39822404371584696,0.30040871934604907,0.514246947082768,0.782016348773842,0.10402219140083213,0.15061058344640432,0.635685210312076,0.27414965986394557,0.17959183673469392,0.4883720930232558,0.09699453551912574,0.5102040816326531,0.5969945355191257,0.6460055096418733,0.44398907103825136,0.18775510204081636,0.8560747663551402,0.13797814207650272,0.15258855585831066,0.07923497267759563,0.46404341926729986,0.15128900949796473,0.4993215739484396,0.47150610583446406,0.4687924016282225,0.4687924016282225,0.4762550881953867,61,4.5,10.0,23,19
06073019203,0.62102653145572,1.0,0.33477146194076607,1.0,0.6764327712088907,1.0,0.7095658221351826,1.0,0.7804054423215789,1.0,0.5696646863507094,1.0,0.38480325644504754,1.0,1.0,0.582381424551128,58.23814245511279,2751,127,142891.0,8.7,3.1,40.2,153,87.0,5.405405405405405,2605,258,15.7,12.2,38.36477987421384,1.6091954022988506,11.863173216885007,80.91954022988506,9.274193548387096,2.684563758389262,6.906579425663396,21.96639701,1.4942528735632183,74.53531598513011,99.54022988505747,12.0,7.0,40.875,16.125,20.125,17.5,7.625,0.8493894165535957,0.7739251040221914,0.2002724795640327,0.66051912568306,0.47888283378746593,0.17096336499321574,0.5946866485013624,0.25866851595006934,0.8385345997286295,0.805291723202171,0.6176870748299319,0.4442176870748299,0.853625170998632,0.7663934426229508,0.41496598639455784,0.8032786885245902,0.8319559228650137,0.6939890710382514,0.9115646258503401,0.6841121495327103,0.773224043715847,0.008174386920980936,0.9275956284153005,0.4185888738127544,0.08683853459972862,0.412483039348711,0.3181818181818182,0.4118046132971506,0.3385345997286296,0.44301221166892807,53,4.5,6.8,22,17
06073021204,0.5128806684014702,1.0,0.38301321350454937,1.0,0.34414407554066406,1.0,0.7083457496609014,1.0,0.8344530456278808,1.0,0.44850930351444046,1.0,0.045861601085481686,1.0,1.0,0.468172522476484,46.8172522476484,6158,588,140104.0,5.7,3.7,35.0,473,90.9,3.1963470319634704,5984,621,15.8,12.5,31.147540983606557,3.0665280665280665,14.719894857893873,94.33471933471932,13.539651837524177,1.02880658436214,9.418642416368952,6.509023024,0.7796257796257797,62.85362853628536,95.16632016632016,1.5,3.75,1.5,0.375,1.125,0.625,0.625,0.2550881953867028,0.7600554785020804,0.4352861035422343,0.6010928961748634,0.39850136239782014,0.7564450474898237,0.7431880108991825,0.32871012482662965,0.10176390773405697,0.25644504748982366,0.6020408163265306,0.4163265306122449,0.9302325581395349,0.6243169398907105,0.2979591836734694,0.9808743169398907,0.7327823691460056,0.842896174863388,0.8312925170068027,0.9308411214953272,0.8729508196721312,0.03678474114441421,0.43579234972677594,0.042740841248303935,0.028493894165535955,0.016960651289009497,0.0101763907734057,0.035278154681139755,0.03934871099050204,0.12754409769335143,3,0.5,5.8,3,14
06073019107,0.4737158614394885,1.0,0.13221247251436571,1.0,0.6143722482208623,1.0,0.6901498151681564,1.0,0.7687513637988589,1.0,0.3909120124278475,1.0,0.024559023066485754,1.0,1.0,0.4420961138051521,44.20961138051521,2461,194,108533.0,10.9,4.0,27.4,163,71.7,10.79136690647482,2296,303,16.0,13.8,60.97560975609756,3.0037546933667083,4.68050468050468,83.4793491864831,15.517241379310345,3.5024154589371985,10.564811052417717,3.148724331,4.505632040050062,63.8580931263858,97.87234042553192,0.0,3.75,1.875,1.875,0.0,0.0,0.0,0.7252374491180461,0.4895977808599168,0.10967302452316074,0.5703551912568305,0.276566757493188,0.18385345997286295,0.14645776566757493,0.14840499306518729,0.89280868385346,0.7299864314789688,0.5741496598639455,0.2605442176870748,0.4035567715458276,0.6297814207650273,0.8816326530612245,0.8456284153005464,0.6818181818181819,0.6174863387978142,0.8,0.9757009345794393,0.4275956284153005,0.028610354223433276,0.7165300546448088,0.009497964721845319,0.028493894165535955,0.021709633649932156,0.025780189959294438,0.011533242876526458,0.016960651289009497,0.046811397557666216,5,0.0,7.6,0,14
06073008347,0.6521422122871052,1.0,0.5954859737910866,1.0,0.4812982859358126,1.0,0.6199845874300921,1.0,0.6879467326577134,1.0,0.7555339656447441,1.0,0.1846675712347354,1.0,1.0,0.5681513327116127,56.815133271161265,6604,234,149052.0,3.0,7.6,51.1,685,93.7,5.964912280701754,6251,711,13.3,9.8,37.93706293706294,4.892661008487269,10.086455331412104,69.54568147778333,27.181208053691275,4.845605700712589,6.662628709872804,6.546359676,0.7488766849725411,38.530399104811636,100.0,11.5,19.5,18.625,10.375,8.0,7.5,1.125,0.66078697421981,0.8099861303744799,0.8167574931880108,0.3210382513661202,0.6123978201634878,0.9077340569877883,0.8542234332425068,0.23994452149791956,0.07055630936227952,0.17096336499321574,0.8768707482993198,0.8068027210884354,0.8577291381668947,0.4699453551912568,0.5142857142857142,0.6379781420765027,0.4242424242424242,0.48360655737704916,0.9149659863945578,0.9289719626168225,0.8743169398907104,0.42370572207084467,0.9685792349726776,0.3860244233378562,0.5725915875169606,0.18860244233378562,0.20149253731343283,0.18860244233378562,0.1784260515603799,0.16621438263229307,34,1.0,5.9,20,61
06073015802,0.14057684515873034,1.0,0.49232941549149123,1.0,0.17646092358245877,1.0,0.11024480512754092,1.0,0.3364586341356909,1.0,0.3930765871066045,1.0,0.603527815468114,1.0,1.0,0.3218107180100901,32.18107180100901,4479,849,60368.0,16.6,7.2,15.3,302,97.3,7.174887892376682,3713,959,20.5,17.3,71.70474516695958,22.317314022383147,22.498321020819343,21.790651744568795,28.223844282238442,5.769230769230769,44.65282429113641,44.90354698,14.285714285714285,19.75662133142448,92.16589861751152,23.0,17.25,79.875,40.375,41.875,45.625,12.5,0.12618724559023065,0.07073509015256588,0.019073569482288777,0.3463114754098361,0.08583106267029973,0.4626865671641791,0.9611716621253406,0.21497919556171985,0.5495251017639078,0.052917232021709615,0.07278911564625845,0.030612244897959218,0.16005471956224349,0.03825136612021862,0.1210884353741497,0.12158469945355191,0.3994490358126722,0.4002732240437158,0.1741496598639456,0.3719626168224299,0.058743169398907114,0.9019073569482289,0.2185792349726776,0.7706919945725916,0.45861601085481685,0.596336499321574,0.6024423337856174,0.6289009497964722,0.582089552238806,0.6078697421981004,119,7.625,12.9,36,51
06073005000,0.2269057234967755,1.0,0.5706988579636266,1.0,0.5026382466147925,1.0,0.2928476632742308,1.0,0.09975405699393869,1.0,0.4381287751323933,1.0,0.8510176390773406,1.0,1.0,0.4259987089361568,42.59987089361568,1919,366,60750.0,12.5,7.9,13.8,206,91.7,0.0,1708,174,20.4,16.5,50.83333333333333,21.41863699582754,12.373871481678172,15.855354659248958,33.46456692913386,15.411764705882353,136.529442417926,95.6067206,21.140472878998608,38.23953823953824,98.88734353268428,21.0,27.25,193.75,87.25,80.0,128.75,29.75,0.4654002713704206,0.07628294036061026,0.06607629427792916,0.29986338797814205,0.05722070844686648,0.25237449118046135,0.776566757493188,0.6955617198335645,0.9606512890094979,0.9111261872455902,0.08163265306122447,0.05714285714285716,0.6497948016415869,0.049180327868852514,0.3972789115646258,0.07513661202185792,0.2975206611570248,0.07513661202185795,0.024489795918367308,0.0018691588785046953,0.025956284153005438,0.4346049046321526,0.8538251366120219,0.7103120759837178,0.932157394843962,0.8622795115332429,0.8466757123473542,0.8290366350067843,0.8704206241519674,0.8466757123473542,197,22.375,18.1,37,50
06073014803,0.35861832109512404,1.0,0.5846700596712145,1.0,0.38526753985176165,1.0,0.31848298412006815,1.0,0.2397897775309585,1.0,0.3873341671505784,1.0,0.7712347354138398,1.0,1.0,0.4350567978333636,43.50567978333636,4692,534,83775.0,7.4,3.9,39.6,515,70.8,0.0,4178,640,16.8,12.4,58.43971631205673,8.574091332712023,14.395886889460154,32.24603914259087,28.08988764044944,9.983221476510067,39.64194373401535,59.60174238,13.000931966449208,28.841372451516655,94.5479962721342,17.5,25.0,142.375,70.125,68.5,87.5,25.75,0.2944369063772049,0.2787794729542302,0.27997275204359673,0.5812841530054644,0.46934604904632155,0.7991858887381276,0.12465940054495912,0.6955617198335645,0.4294436906377205,0.2272727272727273,0.4571428571428572,0.42721088435374155,0.4651162790697675,0.27732240437158473,0.31564625850340133,0.21584699453551912,0.40220385674931125,0.16120218579234968,0.20136054421768712,0.19439252336448598,0.0792349726775956,0.7070844686648501,0.3756830601092896,0.6051560379918589,0.8141112618724559,0.757123473541384,0.776797829036635,0.7822252374491181,0.7442333785617368,0.7957937584803256,188,17.25,7.7,32,51
06073003003,0.26235451174666236,1.0,0.5799389468429851,1.0,0.27769247454748525,1.0,0.5279549486588383,1.0,0.4602005829580375,1.0,0.5822153730091372,1.0,0.8982360922659429,1.0,1.0,0.5126561328612984,51.26561328612984,4845,774,86319.0,5.6,12.3,21.0,343,78.1,0.0,4531,666,17.5,14.2,63.85135135135135,4.247104247104247,10.557184750733137,79.40797940797941,37.77777777777778,0.0,21.052631578947366,62.76291226,3.6036036036036037,28.31050228310502,95.94594594594594,32.5,25.25,203.25,100.0,93.5,133.125,34.125,0.15943012211668928,0.3065187239944521,0.4502724795640327,0.13319672131147542,0.1955040871934605,0.5427408412483039,0.25817438692098094,0.6955617198335645,0.3344640434192673,0.2075983717774763,0.3517006802721089,0.2170068027210884,0.32147742818057456,0.5259562841530054,0.4897959183673469,0.7745901639344263,0.23829201101928377,0.9405737704918032,0.4993197278911564,0.1626168224299065,0.5109289617486339,0.7275204359673024,0.5081967213114754,0.9592944369063772,0.8283582089552238,0.8887381275440976,0.9063772048846676,0.9104477611940298,0.8846675712347354,0.9009497964721845,206,21.625,11.1,62,51
06073013702,0.3098594818142159,1.0,0.6059543984003162,1.0,0.2683066578055917,1.0,0.2876640839332302,1.0,0.5314230351362823,1.0,0.7986610532898557,1.0,0.7257801899592945,1.0,1.0,0.503949842905541,50.3949842905541,5743,440,91217.0,12.8,5.5,22.3,591,94.7,0.3058103975535168,4940,813,17.6,12.7,65.15986769570011,12.685240071132187,13.860351732543966,46.23592175459395,46.31083202511774,2.089378990133488,16.541877067734635,26.9695084,0.0,24.16267942583732,96.9176052163604,17.5,21.75,126.875,60.0,61.5,76.25,23.625,0.3826322930800543,0.34535367545076284,0.058583106267030005,0.4528688524590164,0.2098092643051771,0.8507462686567164,0.8957765667574932,0.38834951456310685,0.237449118046133,0.10176390773405697,0.3408163265306122,0.39319727891156464,0.280437756497948,0.17349726775956287,0.33333333333333337,0.3633879781420765,0.14187327823691465,0.7459016393442623,0.6285714285714286,0.6093457943925233,0.967896174863388,0.8201634877384196,0.6079234972677595,0.6051560379918589,0.6858887381275441,0.7130257801899593,0.7191316146540027,0.7394843962008141,0.6974219810040706,0.7598371777476255,186,16.625,9.7,32,51
06073017106,0.7516408326404055,1.0,0.3493848496056149,1.0,0.7385609060449145,1.0,0.6858199961265483,1.0,0.5436016728097426,1.0,0.5354297881210822,1.0,0.12672998643147898,1.0,1.0,0.5330240045399697,53.30240045399697,4174,175,213659.0,7.1,0.0,74.6,77,50.8,0.0,4089,213,12.2,10.5,57.534246575342465,0.0,14.542405366554863,95.02724795640327,4.28849902534113,27.968596663395484,14.374700527072353,33.21717486,0.4768392370572207,53.01530153015301,96.73024523160763,3.5,14.0,12.75,6.625,4.75,6.25,0.625,0.7645861601085482,0.9750346740638003,0.2990463215258855,0.967896174863388,0.9271117166212534,0.04952510176390773,0.02316076294277929,0.6955617198335645,0.4450474898236092,0.8704206241519674,0.95578231292517,0.6829931972789116,0.4993160054719562,0.950136612021858,0.30612244897959184,0.9877049180327869,0.9393939393939394,0.020491803278688492,0.6911564625850339,0.5233644859813085,0.9207650273224044,0.09809264305177112,0.587431693989071,0.07462686567164178,0.32632293080054275,0.12415196743554953,0.10719131614654002,0.1255088195386703,0.14925373134328357,0.12754409769335143,22,1.5,3.8,5,44
06073016902,0.513463780605079,1.0,0.24547522391129548,1.0,0.384978401129787,1.0,0.6511290925062362,1.0,0.39824138877384735,1.0,0.4628864469955282,1.0,0.056852103120759834,1.0,1.0,0.3875752052917904,38.75752052917904,2425,212,128313.0,7.8,5.8,21.3,109,91.4,4.3478260869565215,2189,503,19.7,15.8,68.0,3.851261620185923,4.0799333888426315,89.64143426294821,40.707964601769916,4.320203303684879,28.04123711340206,33.77722464,0.2656042496679947,44.67054263565892,91.89907038512615,0.5,7.25,4.125,1.5,2.625,0.625,0.625,0.7014925373134329,0.6761442441054092,0.25408719346049047,0.4221311475409836,0.20367847411444143,0.10040705563093623,0.7622615803814714,0.2871012482662968,0.9131614654002713,0.41858887381275445,0.11088435374149663,0.09727891156462587,0.22435020519835847,0.5546448087431695,0.9061224489795918,0.9193989071038251,0.19696969696969702,0.5423497267759563,0.3414965986394558,0.5121495327102803,0.9344262295081968,0.2506811989100818,0.20355191256830601,0.025101763907734057,0.09430122116689281,0.035278154681139755,0.01967435549525102,0.06241519674355495,0.03934871099050204,0.12754409769335143,10,0.5,10.8,1,27
06073017010,0.7179347859414238,1.0,0.395131623538773,1.0,0.7517862911786153,1.0,0.846440635918874,1.0,0.7333844897068539,1.0,0.37749462733828665,1.0,0.04192672998643148,1.0,1.0,0.5520141690870368,55.201416908703685,3113,121,214398.0,5.8,3.5,56.1,148,81.3,0.0,3020,202,14.8,10.7,37.27272727272727,0.0,8.232997071265864,88.62461220268872,17.293233082706767,5.103042198233562,4.49726951493736,9.359054138,0.9307135470527405,71.4572864321608,93.17476732161325,3.0,15.75,4.625,3.5,1.625,0.625,0.0,0.8568521031207599,0.9764216366158114,0.42166212534059944,0.6168032786885246,0.6846049046321526,0.1655359565807327,0.3630790190735695,0.6955617198335645,0.7374491180461329,0.8867028493894166,0.7292517006802721,0.6537414965986394,0.86593707250342,0.950136612021858,0.6625850340136055,0.907103825136612,0.6363636363636364,0.4494535519125683,0.9673469387755103,0.8803738317757009,0.8456284153005464,0.010899182561307952,0.27595628415300544,0.06987788331071913,0.3921302578018996,0.037991858887381276,0.03934871099050204,0.04613297150610583,0.03934871099050204,0.046811397557666216,11,1.0,5.6,6,55
06073016811,0.4933045446333211,1.0,0.3326162541296726,1.0,0.31058852306187057,1.0,0.8944619746487996,1.0,0.7365826693619937,1.0,0.466834670915164,1.0,0.16295793758480326,1.0,1.0,0.48533522490508924,48.53352249050892,5026,469,125792.0,4.9,6.1,34.6,218,89.3,9.737827715355806,4710,752,16.6,13.2,31.071428571428573,0.8328375966686495,2.360774818401937,82.034503271862,14.912280701754385,3.942857142857143,9.948269001193793,11.69881767,4.104699583581202,38.798701298701296,96.01427721594288,7.0,14.0,15.5,6.25,9.25,4.375,2.375,0.35617367706919945,0.6615811373092927,0.5504087193460491,0.4050546448087432,0.3930517711171662,0.2808683853459973,0.6771117166212534,0.16366158113730933,0.29850746268656714,0.13636363636363635,0.47687074829931975,0.33061224489795915,0.9316005471956225,0.8456284153005464,0.9823129251700681,0.8183060109289617,0.7024793388429752,0.5846994535519126,0.8217687074829931,0.8373831775700935,0.4699453551912568,0.41553133514986373,0.5150273224043715,0.1546811397557666,0.32632293080054275,0.16621438263229307,0.09972862957937585,0.208955223880597,0.1255088195386703,0.21438263229308005,20,1.875,7.1,12,48
06073020708,0.8331157243609468,1.0,0.42817454615630207,1.0,0.6314946602793085,1.0,0.6531318131522529,1.0,0.5524774295891748,1.0,0.35685020572455245,1.0,0.28141112618724556,1.0,1.0,0.533807929349969,53.380792934996904,3817,175,163222.0,1.6,2.1,45.2,266,81.7,0.0,3368,406,15.3,10.7,18.012422360248447,1.9756838905775076,18.103679828095622,74.69604863221885,7.588075880758807,0.0,117.89363374377784,45.74984443,4.25531914893617,47.85714285714286,95.2127659574468,10.0,12.5,27.5,17.375,9.875,18.125,2.5,0.7645861601085482,0.869625520110957,0.9400544959128065,0.7581967213114754,0.5408719346049047,0.37177747625508817,0.3787465940054496,0.6955617198335645,0.6458616010854816,0.5569877883310719,0.6693877551020408,0.6537414965986394,0.9781121751025992,0.7254098360655737,0.20272108843537417,0.7062841530054644,0.8815426997245179,0.9405737704918032,0.03265306122448974,0.3551401869158879,0.45355191256830596,0.17847411444141692,0.4385245901639344,0.30868385345997285,0.2734056987788331,0.2537313432835821,0.34260515603799185,0.22388059701492538,0.3521031207598372,0.23473541383989144,28,1.5,6.1,15,31
06073008313,0.7991148109374946,1.0,0.41270738727643835,1.0,0.917594079694293,1.0,0.823271410165286,1.0,0.5079819567725947,1.0,0.7354689973843946,1.0,0.3686567164179105,1.0,1.0,0.6521136226640588,65.21136226640589,2195,160,221536.0,3.3,3.3,77.2,107,40.3,0.0,2153,108,11.8,9.8,37.93103448275862,0.0,8.898109727985247,86.15574783683559,10.074626865671641,10.409745293466225,17.312072892938495,37.02551338,2.966625463535229,14.912280701754385,97.52781211372064,7.5,19.0,37.625,19.125,17.625,18.75,5.0,0.7917232021709634,0.984743411927878,0.7826975476839237,0.6372950819672132,0.9475476839237057,0.09905020352781546,0.006811989100817439,0.6955617198335645,0.9158751696065128,0.9708276797829036,0.9768707482993197,0.8068027210884354,0.8590971272229821,0.950136612021858,0.6068027210884354,0.8770491803278688,0.8126721763085399,0.14754098360655743,0.6081632653061224,0.4635514018691589,0.5860655737704918,0.9550408719346049,0.6653005464480874,0.1791044776119403,0.5481682496607869,0.35345997286295794,0.4023066485753053,0.36702849389416553,0.36635006784260515,0.3541383989145183,60,2.125,4.0,14,55
06073018700,0.26537561943950727,1.0,0.36075752820576557,1.0,0.26966143309426893,1.0,0.15812104674122793,1.0,0.5590566815241443,1.0,0.854306566807125,1.0,0.03256445047489824,1.0,1.0,0.3571204751838482,35.71204751838482,40415,1787,67156.0,10.9,1.5,29.0,4624,85.2,2.937697160883281,16255,824,23.8,8.1,82.63251406573883,3.6378668871434474,36.72809079649149,1.047264709935235,2.7326440177252587,7.412605256442969,0.47012247927749595,92.80647169,2.039410224610721,13.13554346549767,99.37990905332782,0.0,1.5,2.25,1.75,0.5,0.625,0.0,0.005427408412483015,0.11511789181692095,0.10967302452316074,0.8312841530054644,0.2970027247956403,1.0,0.5102179836512262,0.334257975034674,0.0013568521031207537,0.09633649932157395,0.00952380952380949,0.9714285714285714,0.035567715458276306,0.5683060109289617,0.01904761904761909,0.009562841530054645,0.9586776859504132,0.2923497267759563,0.9795918367346939,0.005607476635513975,0.6885245901639344,0.9713896457765667,0.9030054644808743,0.009497964721845319,0.013568521031207599,0.025101763907734057,0.024423337856173677,0.027137042062415198,0.03934871099050204,0.046811397557666216,5,0.0,12.6,0,6
06073019701,0.4363679176493055,1.0,0.516254859230515,1.0,0.3382934584960171,1.0,0.2924497877687102,1.0,0.5135287408327069,1.0,0.4119243310850047,1.0,0.4118046132971506,1.0,1.0,0.41723195833705856,41.72319583370586,7452,569,89417.0,4.9,3.8,30.0,644,83.4,0.0,6111,529,17.6,11.4,75.48953409858203,5.236907730673317,15.859090295586448,47.23904524403277,17.023809523809526,3.7709976002742542,27.106816961889425,37.31176105,2.6718916993231208,46.24492557510148,94.83434271464196,18.0,8.5,43.375,17.0,22.125,18.75,8.25,0.2720488466757124,0.3314840499306519,0.5504087193460491,0.5915300546448088,0.31539509536784743,0.8860244233378561,0.43460490463215257,0.6955617198335645,0.07734056987788329,0.38127544097693356,0.3408163265306122,0.5537414965986395,0.08481532147742821,0.44398907103825136,0.2639455782312925,0.3770491803278688,0.640495867768595,0.5983606557377049,0.35918367346938773,0.4560747663551402,0.6188524590163935,0.20708446866485009,0.4098360655737705,0.6227951153324288,0.14314789687924015,0.4423337856173677,0.3310719131614654,0.44301221166892807,0.36635006784260515,0.4762550881953867,49,4.5,8.3,31,19
06073020405,0.7176854831039847,1.0,0.36949489364749644,1.0,0.7634316820350935,1.0,0.9097040493666013,1.0,0.6360833551601445,1.0,0.6839441789133575,1.0,0.2900949796472184,1.0,1.0,0.6243483745534137,62.43483745534137,3469,177,164185.0,5.6,1.9,64.4,115,87.7,6.451612903225806,3350,223,12.5,11.0,19.444444444444446,0.4780876494023904,6.556425877574703,96.33466135458167,19.471947194719473,0.0,10.089362928797925,59.96266335,0.0,43.383742911153114,98.48605577689243,8.0,12.25,28.125,18.0,9.875,18.75,2.5,0.762550881953867,0.8723994452149791,0.4502724795640327,0.7855191256830601,0.7997275204359673,0.10515603799185888,0.6226158038147139,0.2274618585298197,0.6485753052917231,0.8568521031207599,0.935374149659864,0.6129251700680272,0.972640218878249,0.8852459016393442,0.7863945578231293,0.994535519125683,0.5977961432506886,0.9405737704918032,0.819047619047619,0.1869158878504673,0.967896174863388,0.27929155313351495,0.8046448087431693,0.20352781546811397,0.25848032564450474,0.2598371777476255,0.3656716417910448,0.22388059701492538,0.36635006784260515,0.23473541383989144,28,1.5,4.3,15,32
06073003502,0.07608201361514161,1.0,0.5146077985751539,1.0,0.18271282732903202,1.0,0.37815654855155934,1.0,0.25729772392441347,1.0,0.23134085754133105,1.0,0.9050203527815469,1.0,1.0,0.36360258890259695,36.36025889025969,4637,1210,55556.0,15.3,10.9,9.3,254,90.4,13.20754716981132,3790,759,21.1,18.2,56.22489959839358,26.346801346801346,6.886812948077341,30.05050505050505,34.15977961432507,6.677140612725845,29.760621091222774,69.28438083,10.69023569023569,36.080467229072035,87.37373737373737,33.0,27.0,213.75,99.875,90.625,144.375,34.375,0.04477611940298509,0.049930651872399444,0.028610354223433276,0.18101092896174864,0.017711171662125342,0.34260515603799185,0.726158038147139,0.11650485436893199,0.5305291723202171,0.13161465400271366,0.0496598639455782,0.01904761904761909,0.5362517099863201,0.012295081967213073,0.7646258503401361,0.1994535519125683,0.28099173553719003,0.3306010928961749,0.3129251700680272,0.10467289719626172,0.139344262295082,0.4877384196185286,0.06693989071038252,0.9647218453188603,0.9199457259158752,0.9097693351424695,0.9050203527815468,0.8914518317503393,0.9158751696065129,0.9029850746268657,198,23.125,19.9,60,51
06073003404,0.2833466879256491,1.0,0.6817028545770422,1.0,0.22385036782691367,1.0,0.4075957660990435,1.0,0.14131455019942202,1.0,0.485274191867304,1.0,0.9791044776119403,1.0,1.0,0.45745555658675924,45.745555658675926,4586,268,79795.0,8.0,16.4,11.4,383,95.8,0.0,4285,597,19.6,16.0,60.22443890274314,24.58001768346596,1.0076670317634173,27.939876215738284,48.336594911937375,8.8638195004029,37.50545137374618,90.10578718,6.2776304155614495,30.11683254002596,95.84438549955792,39.5,25.0,245.75,120.0,108.25,163.75,40.375,0.5922659430122117,0.23578363384188628,0.2465940054495913,0.058743169398907114,0.027247956403269755,0.6268656716417911,0.9264305177111717,0.6955617198335645,0.40162822252374486,0.28833107191316143,0.11768707482993201,0.08775510204081638,0.4240766073871409,0.025956284153005438,0.9945578231292517,0.18579234972677597,0.12534435261707988,0.1994535519125683,0.22176870748299315,0.01869158878504673,0.2923497267759563,0.6689373297002725,0.49453551912568305,1.0,0.8141112618724559,0.9837177747625508,0.9877883310719131,0.9599728629579376,0.989145183175034,0.9748982360922659,202,25.125,17.1,69,51
06073003501,0.1156410066470727,1.0,0.5013354531475646,1.0,0.29196203583197183,1.0,0.39378339212162183,1.0,0.1624993870361265,1.0,0.37672285006675504,1.0,0.9335142469470827,1.0,1.0,0.3964940531140279,39.64940531140279,3447,625,61722.0,11.6,15.9,12.4,286,78.9,3.9473684210526314,3066,554,20.8,17.0,62.90630975143403,16.633466135458168,6.614447345517842,44.02390438247012,53.822629969418955,12.237762237762238,29.881055990716565,62.83758556,9.860557768924302,22.37808951235805,89.2430278884462,34.0,28.0,225.5,106.5,95.125,151.875,35.5,0.22659430122116686,0.08183079056865465,0.08514986376021794,0.06898907103825136,0.043596730245231606,0.4314789687924016,0.2826975476839237,0.3079056865464632,0.7204884667571234,0.3453188602442334,0.06258503401360549,0.039455782312925125,0.3406292749658003,0.11065573770491799,0.780952380952381,0.34289617486338797,0.07162534435261703,0.10928961748633881,0.310204081632653,0.15887850467289721,0.1693989071038251,0.8583106267029973,0.10245901639344263,0.9782903663500678,0.9640434192672999,0.9443690637720489,0.937584803256445,0.9158751696065129,0.9531886024423338,0.9165535956580733,200,23.625,18.5,60,51
06073003602,0.1883272277263139,1.0,0.5487996928744469,1.0,0.3784482042477778,1.0,0.3492580047650017,1.0,0.28687109734310773,1.0,0.3263097879225543,1.0,0.8956580732700136,1.0,1.0,0.4248102983070309,42.481029830703086,3383,475,66037.0,7.4,20.1,11.8,329,89.6,4.310344827586207,3051,483,18.9,15.0,56.04770017035775,22.976190476190474,8.486646884272997,27.857142857142858,37.995337995338,4.97737556561086,33.10671002069169,61.02053516,7.976190476190475,37.11583924349882,93.57142857142857,30.5,25.25,208.75,97.0,88.5,141.25,33.875,0.344640434192673,0.10957004160887657,0.27997275204359673,0.01912568306010931,0.0340599455040872,0.5156037991858887,0.69141689373297,0.2884882108183079,0.728629579375848,0.4525101763907734,0.17823129251700676,0.15442176870748303,0.5417236662106704,0.032786885245901676,0.638095238095238,0.18442622950819673,0.2341597796143251,0.4685792349726776,0.26530612244897955,0.17943925233644864,0.2213114754098361,0.46185286103542234,0.2957650273224044,0.9348710990502035,0.8283582089552238,0.8995929443690638,0.8914518317503393,0.8805970149253731,0.907055630936228,0.8995929443690638,198,22.5,14.9,56,50
06073003603,0.19400061532478657,1.0,0.45560622804586376,1.0,0.42619416830504253,1.0,0.3993608327814542,1.0,0.22917397205904586,1.0,0.26821369544825124,1.0,0.8772048846675713,1.0,1.0,0.4071077709474307,40.71077709474307,3281,745,73333.0,8.9,8.9,8.1,270,83.2,8.787878787878787,3009,290,19.3,16.4,62.11901306240929,6.808943089430894,8.063530849114233,29.979674796747968,51.449275362318836,4.835589941972921,29.564157269125268,88.02738021,8.536585365853659,35.30166880616174,89.1260162601626,30.5,24.75,202.375,95.5,85.75,135.625,31.0,0.17367706919945725,0.1622746185852982,0.19141689373297,0.24863387978142082,0.01226158038147139,0.3853459972862958,0.42302452316076294,0.18030513176144247,0.7415196743554953,0.7530529172320217,0.14693877551020407,0.06326530612244896,0.3652530779753762,0.35655737704918034,0.6789115646258503,0.19672131147540983,0.09228650137741046,0.48497267759562845,0.3170068027210884,0.02242990654205612,0.20355191256830596,0.5013623978201636,0.09972677595628415,0.9348710990502035,0.7978290366350068,0.8853459972862958,0.8873812754409769,0.858887381275441,0.89280868385346,0.8616010854816825,200,21.875,16.2,53,50
06073008513,0.6988015934142929,1.0,0.7153724432203995,1.0,0.7867603079223549,1.0,0.7133096652690813,1.0,0.7974866219584835,1.0,0.774312224852717,1.0,0.7202170963364993,1.0,1.0,0.7437514218534041,74.37514218534041,2946,127,138835.0,5.6,2.2,58.7,412,85.5,0.0,2865,155,14.3,10.7,57.75401069518716,0.0,6.265060240963856,66.63800515907137,15.447154471544716,0.0,10.862186014935505,15.15868077,0.9458297506448838,24.70978441127695,97.59243336199485,29.0,24.25,131.875,62.5,60.875,81.25,18.75,0.8493894165535957,0.7489597780859917,0.4502724795640327,0.7465846994535519,0.720708446866485,0.6675712347354138,0.5286103542234333,0.6955617198335645,0.7842605156037992,0.9280868385345997,0.780952380952381,0.6537414965986394,0.49110807113543087,0.950136612021858,0.8068027210884354,0.605191256830601,0.6831955922865014,0.9405737704918032,0.7904761904761904,0.7757009345794392,0.842896174863388,0.8051771117166213,0.674863387978142,0.9029850746268657,0.776797829036635,0.728629579375848,0.7299864314789688,0.7347354138398915,0.7123473541383989,0.6953867028493894,179,11.25,5.1,50,52
06073008600,0.2990421438468451,1.0,0.6243464301103244,1.0,0.21876401849749397,1.0,0.49205938570624597,1.0,0.48656502659714096,1.0,0.46710392440056975,1.0,0.7613297150610584,1.0,1.0,0.478458663459954,47.845866345995404,6204,645,66193.0,5.0,7.3,29.3,227,91.7,0.0,6064,870,17.4,13.1,42.488789237668165,7.982261640798225,13.551629113308477,59.64523281596452,18.118948824343015,4.77195945945946,22.08252740167634,45.70006223,8.159645232815965,32.18009478672986,96.58536585365853,26.0,25.5,145.5,66.625,68.5,92.5,22.375,0.21031207598371782,0.11095700416088766,0.5367847411444142,0.33811475409836067,0.30040871934604907,0.2930800542740841,0.776566757493188,0.6955617198335645,0.08955223880597019,0.07734056987788329,0.3659863945578231,0.3421768707482993,0.7906976744186046,0.30601092896174864,0.34693877551020413,0.5245901639344263,0.6239669421487604,0.49453551912568305,0.47074829931972784,0.3570093457943925,0.21174863387978138,0.6198910081743869,0.569672131147541,0.8385345997286295,0.8419267299864315,0.7652645861601085,0.7584803256445047,0.7822252374491181,0.7598371777476255,0.7408412483039348,185,13.375,11.0,47,52
06073008701,0.3246943659832805,1.0,0.660519293807691,1.0,0.750815495804835,1.0,0.18130540626467895,1.0,0.48125675159303205,1.0,0.773416367633994,1.0,0.7789687924016283,1.0,1.0,0.5644252104984485,56.44252104984485,3169,313,79191.0,12.6,5.2,51.2,325,78.8,0.0,2604,123,17.5,9.5,70.31431897555296,8.681135225375627,23.80340507548988,25.041736227045075,9.462915601023019,8.058326937835764,19.880088355948246,48.79900436,0.9181969949916527,25.341972642188626,97.66277128547578,29.5,27.5,155.25,73.375,74.5,96.875,23.5,0.5345997286295794,0.2274618585298197,0.06198910081743869,0.4747267759562842,0.6164850136239782,0.5061058344640434,0.279291553133515,0.6955617198335645,0.8398914518317504,0.9613297150610584,0.3517006802721089,0.8503401360544218,0.18467852257181938,0.27322404371584696,0.10748299319727894,0.1598360655737705,0.8264462809917356,0.2581967213114754,0.5319727891156463,0.30841121495327106,0.8469945355191257,0.7888283378746594,0.6844262295081968,0.917910447761194,0.9477611940298507,0.7842605156037992,0.7869742198100407,0.7964721845318861,0.7706919945725916,0.7564450474898237,185,14.5,7.8,47,52
06073008702,0.32942454724168674,1.0,0.6918981932170105,1.0,0.30911583086423167,1.0,0.49310445108275863,1.0,0.11630829749416577,1.0,0.6571844771022866,1.0,0.8100407055630935,1.0,1.0,0.4867252146521762,48.67252146521762,4980,550,118556.0,7.0,12.6,39.7,375,85.1,0.0,4107,725,18.2,12.8,55.386289445048966,1.079136690647482,16.276252019386106,44.064748201438846,45.47677261613692,11.464968152866243,55.42168674698795,74.76042315,7.7338129496402885,19.045092838196286,98.7410071942446,29.5,27.5,167.75,78.75,80.125,106.875,26.25,0.2829036635006784,0.5991678224687933,0.31062670299727524,0.125,0.47411444141689374,0.6085481682496607,0.5074931880108992,0.6955617198335645,0.44369063772048845,0.15603799185888734,0.2578231292517007,0.3789115646258503,0.5567715458276334,0.8224043715846995,0.24897959183673468,0.3442622950819672,0.15289256198347112,0.12158469945355188,0.11972789115646254,0.07102803738317753,0.23360655737704916,0.9114441416893733,0.8265027322404371,0.917910447761194,0.9477611940298507,0.8113975576662144,0.8018995929443691,0.830393487109905,0.8059701492537313,0.8005427408412483,187,15.5,10.0,47,52
06073017501,0.5476417084979431,1.0,0.44481123514139886,1.0,0.8167001264549238,1.0,0.4269895338997208,1.0,0.19402204715953897,1.0,0.7849917859074959,1.0,0.08385345997286295,1.0,1.0,0.4712871281476977,47.12871281476977,2855,328,157243.0,6.0,5.7,70.6,439,63.5,0.0,2687,203,14.3,9.9,60.837070254110614,4.458109146810147,12.43432574430823,48.57801691006918,45.50898203592814,14.125412541254127,74.25569176882662,36.72682016,1.2298232129131437,33.18385650224215,100.0,7.0,9.5,10.25,4.0,5.5,2.5,0.0,0.5128900949796472,0.8502080443828016,0.39645776566757496,0.43101092896174864,0.8753405994550408,0.7069199457259159,0.0667574931880109,0.6955617198335645,0.8175033921302578,0.8833107191316146,0.780952380952381,0.7850340136054421,0.40902872777017785,0.5095628415300546,0.3945578231292517,0.3948087431693989,0.15013774104683197,0.0806010928961749,0.07619047619047614,0.46915887850467286,0.8073770491803278,0.5790190735694822,0.9685792349726776,0.1546811397557666,0.16960651289009498,0.08955223880597014,0.04748982360922659,0.15943012211668928,0.07598371777476255,0.046811397557666216,12,1.5,4.7,12,31
06073017502,0.6743209959191463,1.0,0.42928692456645606,1.0,0.6721369959109831,1.0,0.5673677515230263,1.0,0.4926484291427415,1.0,0.7637381317530512,1.0,0.08792401628222524,1.0,1.0,0.5267747492996613,52.67747492996613,3545,218,129375.0,2.8,5.1,56.1,205,81.6,0.0,3242,270,15.5,11.2,48.170731707317074,2.6627218934911245,10.685483870967742,50.81360946745562,16.018306636155607,6.43598615916955,23.413258110014105,34.26260112,0.4437869822485207,18.848526387936943,95.34023668639054,11.5,10.25,10.625,4.375,5.5,2.5,0.0,0.689280868385346,0.6851595006934813,0.8392370572207084,0.48360655737704916,0.6846049046321526,0.24830393487109906,0.3746594005449591,0.6955617198335645,0.6770691994572592,0.7815468113975577,0.6448979591836734,0.5850340136054422,0.6976744186046512,0.6666666666666667,0.4816326530612245,0.42349726775956287,0.6680440771349863,0.35519125683060104,0.4408163265306122,0.5065420560747664,0.9262295081967213,0.9155313351498637,0.4494535519125683,0.3860244233378562,0.1865671641791045,0.10040705563093623,0.05698778833107191,0.15943012211668928,0.07598371777476255,0.046811397557666216,13,1.5,6.7,16,31
06073017603,0.6766139276616817,1.0,0.46037082263864154,1.0,0.8366368528415438,1.0,0.7120517555096763,1.0,0.5123344876951523,1.0,0.7827992932406208,1.0,0.12360922659430122,1.0,1.0,0.5863451951688026,58.63451951688026,3005,112,168807.0,10.8,1.5,71.6,155,88.8,0.0,2842,224,13.6,9.5,54.0625,2.140945584299732,4.270342972427707,70.82961641391614,13.580246913580247,2.5217391304347827,28.618968386023294,51.17610454,0.2676181980374665,36.115992970123024,99.55396966993756,7.5,9.5,13.0,4.625,7.625,3.75,0.625,0.8758480325644504,0.8848821081830791,0.114441416893733,0.8312841530054644,0.8848773841961853,0.17435549525101765,0.6587193460490464,0.6955617198335645,0.7896879240162822,0.8541383989145184,0.8523809523809524,0.8503401360544218,0.585499316005472,0.7117486338797814,0.8993197278911564,0.6516393442622951,0.731404958677686,0.7035519125683061,0.326530612244898,0.28785046728971964,0.9330601092896175,0.48637602179836514,0.9289617486338798,0.1791044776119403,0.16960651289009498,0.12890094979647218,0.06445047489823609,0.18385345997286295,0.11329715061058344,0.12754409769335143,17,2.0,4.4,14,28
06073017701,0.658882882461543,1.0,0.5526758937655436,1.0,0.5320346320346321,1.0,0.5428691472776681,1.0,0.4833687809060089,1.0,0.5280668840547341,1.0,0.20651289009497967,1.0,1.0,0.5006301586564442,50.063015865644424,5137,445,119280.0,3.4,0.9,64.7,751,87.9,0.0,4806,356,16.2,10.5,47.53435731608731,1.8493459630130809,12.434017595307918,43.031123139377534,6.41025641025641,19.84815618221258,17.325287132567645,44.74175482,5.051871898962562,29.71046770601336,96.07577807848445,4.0,9.5,19.875,7.75,11.875,6.875,3.25,0.37924016282225237,0.6033287101248266,0.7656675749318801,0.8872950819672131,0.8038147138964578,0.9335142469470827,0.6307901907356949,0.6955617198335645,0.2700135685210312,0.6390773405698779,0.5360544217687075,0.6829931972789116,0.7086183310533516,0.7377049180327868,0.39591836734693875,0.3292349726775956,0.9132231404958677,0.0396174863387978,0.6068027210884354,0.3738317757009346,0.3797814207650273,0.6825613079019073,0.5218579234972678,0.08276797829036635,0.16960651289009498,0.1994572591587517,0.1255088195386703,0.25848032564450474,0.1655359565807327,0.2835820895522388,33,2.5,6.0,8,27
06073017702,0.7825277539458685,1.0,0.46544869682973705,1.0,0.7385311383712236,1.0,0.5471693938726844,1.0,0.44969935580931564,1.0,0.533650481678355,1.0,0.10556309362279512,1.0,1.0,0.5175128448757114,51.751284487571134,3199,79,157875.0,5.2,1.3,62.1,290,87.0,0.0,3067,198,15.6,10.3,54.38335809806835,1.9067796610169492,10.567576042646598,48.44632768361582,21.07843137254902,11.72069825436409,20.006251953735543,29.18481643,3.036723163841808,33.96923076923077,95.55084745762711,6.5,9.25,12.875,4.625,8.125,3.125,0.0,0.9206241519674355,0.8515950069348127,0.5115803814713896,0.8463114754098361,0.7670299727520435,0.4416553595658073,0.5946866485013624,0.6955617198335645,0.7191316146540028,0.8900949796472184,0.6333333333333333,0.7115646258503401,0.5772913816689467,0.7308743169398907,0.4884353741496599,0.39207650273224043,0.5702479338842975,0.11612021857923494,0.5292517006802722,0.5831775700934579,0.5792349726775956,0.5517711171662125,0.46994535519125685,0.13636363636363635,0.15739484396200815,0.12618724559023067,0.06445047489823609,0.19335142469470828,0.09701492537313433,0.046811397557666216,16,2.0,5.2,12,28
06073005102,0.3392596631526217,1.0,0.6891289157383753,0.8333333333333334,0.4286404249623865,1.0,0.25346257260052324,1.0,0.43368506685517544,0.75,0.21084160946581101,1.0,0.8853459972862957,1.0,1.0,0.4629091785801699,46.29091785801699,5116,1054,85538.0,16.9,0.0,55.5,947,71.3,,4293,625,17.9,10.0,70.34191317710335,2.443876101165104,37.58086649676534,22.30747371412333,0.0,7.223833377273927,163.01798279906177,,24.865018471156578,35.532407407407405,89.769820971867,22.5,26.75,206.75,92.375,86.375,136.875,33.375,0.07598371777476254,0.29680998613037446,0.016348773841961872,0.967896174863388,0.6791553133514986,0.9742198100407056,0.13419618528610355,,0.3975576662143826,0.25101763907734054,0.30544217687074826,0.7605442176870748,0.1833105335157319,0.6830601092896175,0.014965986394557818,0.1325136612021858,0.9855371900826446,0.3019125683060109,0.013605442176870763,,0.01912568306010931,0.49591280653950953,0.11748633879781421,0.7503392130257802,0.9077340569877883,0.8968792401628223,0.8772048846675712,0.8609226594301221,0.8955223880597015,0.8962008141112618,198,23.5,8.0,35,51
06073005101,0.3162873124705675,1.0,0.7971603700711594,1.0,0.29264853838414606,1.0,0.33900265024042403,1.0,0.10617564372088535,0.75,0.44099626271199055,1.0,0.907055630936228,1.0,1.0,0.45704662979077154,45.704662979077156,3953,997,91137.0,10.5,2.6,47.4,695,95.0,0.0,3392,715,20.4,13.6,47.60530871321408,3.3538289547233093,33.13938780672906,3.130240357741755,60.86956521739131,7.8310149407521905,161.39640779155073,,21.632196757965342,25.436241610738254,95.97540525433203,23.0,27.25,214.5,97.75,91.0,143.125,35.625,0.08819538670284943,0.34396671289875175,0.1267029972752044,0.7062841530054644,0.5640326975476839,0.9131614654002713,0.9073569482288828,0.6955617198335645,0.641112618724559,0.16553595658073272,0.08163265306122447,0.282312925170068,0.7058823529411764,0.5983606557377049,0.03537414965986396,0.01639344262295082,0.03443526170798894,0.2691256830601093,0.014965986394557818,,0.024590163934426257,0.7861035422343324,0.5122950819672131,0.7706919945725916,0.932157394843962,0.9131614654002713,0.8955223880597015,0.89280868385346,0.9118046132971506,0.9219810040705563,198,24.625,13.5,36,51
06073017901,0.3931474139640049,1.0,0.4130952793740381,1.0,0.55488189848531,1.0,0.2955273703076351,1.0,0.36973039498055477,0.75,0.2992584982355831,1.0,0.36540027137042064,1.0,1.0,0.3844344466739352,38.44344466739352,3874,396,75908.0,9.6,1.9,45.8,480,71.7,0.0,3433,324,17.0,12.0,61.46848602988953,1.9884877027734171,35.20861372812921,11.983254840397697,8.717948717948717,8.956646021915198,83.89261744966443,,10.047095761381476,38.80368098159509,94.03453689167975,8.5,7.25,38.0,15.625,24.5,12.5,7.25,0.432157394843962,0.1927877947295423,0.16212534059945505,0.7855191256830601,0.5463215258855586,0.7632293080054274,0.14645776566757493,0.6955617198335645,0.6248303934871099,0.6987788331071914,0.4224489795918367,0.47346938775510206,0.38577291381668943,0.7240437158469946,0.027210884353741527,0.045081967213114756,0.8526170798898072,0.19398907103825136,0.06258503401360549,,0.1584699453551912,0.4141689373297003,0.3251366120218579,0.2327001356852103,0.09430122116689281,0.36024423337856176,0.30257801899592945,0.4891451831750339,0.24491180461329715,0.43012211668928085,44,4.5,7.8,15,18
06073022102,0.5746823850306695,1.0,0.5144754542982773,1.0,0.4326597531821412,1.0,0.5053631517418253,1.0,0.3021674514542303,0.75,0.5854823980186915,1.0,0.28534599728629584,1.0,1.0,0.45716808443030443,45.716808443030445,7247,401,152627.0,2.2,12.1,68.5,399,87.2,0.0,6937,668,14.2,10.4,57.82865583456426,0.7950849295265631,15.950320960089313,51.06613661004699,34.126163391933815,8.347134812851937,25.803780874844765,,4.2284062161185405,31.30939809926082,97.50632453921214,5.5,9.5,30.125,11.875,16.625,12.5,4.5,0.42605156037991854,0.8280166435506241,0.9039509536784741,0.1407103825136612,0.853542234332425,0.6458616010854816,0.6069482288828338,0.6955617198335645,0.035278154681139706,0.2048846675712347,0.7938775510204081,0.6965986394557824,0.48290013679890564,0.8538251366120219,0.25986394557823134,0.4248633879781421,0.2851239669421488,0.23770491803278693,0.38367346938775515,,0.45491803278688525,0.6403269754768393,0.6612021857923497,0.11533242876526459,0.16960651289009498,0.2734056987788331,0.22455902306648576,0.35278154681139756,0.24491180461329715,0.3310719131614654,51,3.5,5.6,9,24
06073017070,0.5284210038123819,1.0,0.5465987121728876,1.0,0.6994796426033099,1.0,0.3778247402659119,1.0,0.8621556128209312,0.75,0.4989465612483435,1.0,0.16445047489823608,1.0,1.0,0.5254109639745718,52.541096397457174,5572,308,202813.0,11.8,4.5,71.7,278,86.9,0.0,5155,255,13.7,8.6,65.73426573426573,5.801621958827199,13.869957634923558,58.265751715533376,13.029989658738367,0.0,7.537688442211055,,1.7467248908296942,48.6562150055991,97.00561447286337,10.0,15.75,16.0,10.25,4.875,8.125,0.625,0.5407055630936228,0.9611650485436893,0.07629427792915533,0.53551912568306,0.8876021798365122,0.40637720488466755,0.5892370572207084,0.6955617198335645,0.2048846675712347,0.8100407055630936,0.8421768707482993,0.9408163265306122,0.2667578659370725,0.40710382513661203,0.3319727891156462,0.505464480874317,0.7479338842975207,0.9405737704918032,0.8979591836734694,,0.7254098360655737,0.15667574931880113,0.6147540983606558,0.30868385345997285,0.3921302578018996,0.16960651289009498,0.1960651289009498,0.13568521031207598,0.19335142469470828,0.12754409769335143,27,1.5,5.2,16,48
06073008380,0.34196070894104696,1.0,0.5793635776315101,1.0,0.5254511302485716,1.0,0.25310513263635614,1.0,0.5410261408451743,0.75,0.9035911218316185,1.0,0.1655359565807327,1.0,1.0,0.47286196695928717,47.286196695928716,6664,549,94766.0,9.0,4.6,58.9,1314,89.3,40.909090909090914,5713,476,16.0,8.6,61.75663311985361,5.616065350578625,25.390156062424968,22.294077603812116,26.47058823529412,2.9402048232573508,20.708283313325328,,0.7147719537100068,22.45557350565428,100.0,14.5,19.0,16.125,9.375,5.875,6.875,1.125,0.2856173677069199,0.36893203883495146,0.18460490463215262,0.5286885245901639,0.723433242506812,0.9959294436906377,0.6771117166212534,0.015256588072122046,0.12618724559023065,0.4606512890094979,0.5741496598639455,0.9408163265306122,0.37346101231190154,0.41530054644808745,0.09387755102040818,0.12978142076502733,0.4380165289256198,0.6734972677595629,0.5115646258503401,,0.8852459016393442,0.8569482288828338,0.9685792349726776,0.5162822252374492,0.5481682496607869,0.1723202170963365,0.1587516960651289,0.16485753052917232,0.1655359565807327,0.16621438263229307,28,0.5,7.3,28,61
06073018301,0.5073954937852474,1.0,0.3129536479226746,1.0,0.8520601999280037,1.0,0.36647202533319845,1.0,0.015140270984426829,0.75,0.4283723688847198,1.0,0.36458616010854816,1.0,1.0,0.4067114524209741,40.67114524209741,889,82,74524.0,11.6,1.2,59.0,202,51.2,0.0,816,58,13.9,11.0,65.2439024390244,1.215277777777778,26.546681664791898,40.27777777777778,58.333333333333336,61.05476673427992,291.33858267716533,,4.861111111111112,48.89589905362776,98.09027777777779,6.5,5.75,36.125,15.375,24.625,11.875,7.875,0.9165535956580733,0.17337031900138697,0.08514986376021794,0.8545081967213115,0.7247956403269755,0.24151967435549526,0.025885558583106268,0.6955617198335645,0.9864314789687924,0.9850746268656716,0.8238095238095238,0.6129251700680272,0.2790697674418605,0.8060109289617486,0.08299319727891152,0.2978142076502732,0.04269972451790638,0.0,0.0027210884353741083,,0.39344262295081966,0.14713896457765663,0.744535519125683,0.13636363636363635,0.05359565807327001,0.3358208955223881,0.29579375848032563,0.4918588873812754,0.23744911804613297,0.46200814111261873,38,2.5,5.0,12,16
06073017902,0.5001341017142907,1.0,0.3012803756908193,1.0,0.5212111981834797,1.0,0.3486868727666438,1.0,0.3541058106844779,0.75,0.6792043249306392,1.0,0.3255088195386703,1.0,1.0,0.43287592907271727,43.28759290727173,2972,668,85227.0,2.3,3.5,34.6,205,72.0,0.0,2193,177,19.5,15.2,65.93567251461988,2.7777777777777777,24.62987886944818,47.22222222222222,18.983050847457626,12.903225806451612,27.59084791386272,,0.0,10.488505747126437,88.42592592592592,8.5,7.0,33.625,13.875,21.875,11.25,5.875,0.19674355495251017,0.2884882108183079,0.8985013623978202,0.6168032786885246,0.3930517711171662,0.24830393487109906,0.15122615803814715,0.6955617198335645,0.9111261872455902,0.9084124830393487,0.12585034013605445,0.1394557823129252,0.26128590971272225,0.6557377049180328,0.10204081632653061,0.3756830601092896,0.6115702479338843,0.09972677595628421,0.3510204081632653,,0.967896174863388,0.9836512261580381,0.0860655737704918,0.2327001356852103,0.08683853459972862,0.310719131614654,0.2591587516960651,0.4355495251017639,0.22930800542740842,0.39280868385345996,44,4.0,11.7,14,19
06073007912,0.753959197386564,1.0,0.5101597536222775,0.8333333333333334,0.8456114603236138,1.0,0.3782040818614903,1.0,0.29722731435526833,0.75,0.7287091218613977,1.0,0.5839891451831749,1.0,1.0,0.5854085820848266,58.54085820848266,1738,88,116303.0,2.4,3.3,79.5,420,47.2,,1613,60,16.9,7.1,53.066332916145186,1.5167930660888407,26.710684273709482,12.784398699891659,37.9746835443038,5.4303278688524586,36.24856156501726,,5.417118093174431,21.220657276995304,100.0,10.0,19.75,81.375,39.875,32.875,49.375,9.75,0.9077340569877883,0.5825242718446602,0.888283378746594,0.6372950819672132,0.9632152588555858,0.680461329715061,0.01634877384196185,,0.9674355495251018,0.9837177747625508,0.4387755102040817,0.992517006802721,0.6101231190150479,0.7745901639344263,0.07619047619047614,0.05191256830601093,0.23553719008264462,0.4221311475409836,0.23401360544217686,,0.3401639344262295,0.8773841961852861,0.9685792349726776,0.30868385345997285,0.582089552238806,0.6031207598371777,0.596336499321574,0.5691994572591588,0.6058344640434192,0.5454545454545454,127,6.5,5.2,16,52
06073007602,0.6169207793214256,1.0,0.4931016446248216,1.0,0.7979280314568161,1.0,0.5185421414086031,1.0,0.023831827813092454,0.5,0.438766546060958,1.0,0.603527815468114,1.0,1.0,0.4989455408791187,49.89455408791187,1774,304,135798.0,8.3,0.0,63.8,370,5.8,0.0,1725,232,16.3,9.3,32.576769025367156,0.0,32.29988726042841,25.570342205323193,,37.971698113207545,110.4847801578354,,11.596958174904943,45.198675496688736,100.0,9.5,20.0,85.25,41.875,35.125,53.75,11.375,0.5468113975576663,0.7295423023578363,0.22343324250681196,0.967896174863388,0.7874659400544959,0.5943012211668928,0.0013623978201634877,0.6955617198335645,0.9538670284938942,0.8419267299864315,0.5183673469387755,0.8775510204081632,0.9179206566347469,0.950136612021858,0.042176870748299344,0.16393442622950818,,0.010928961748633892,0.03673469387755102,,0.11338797814207646,0.2343324250681199,0.9685792349726776,0.2856173677069199,0.5943012211668928,0.6132971506105834,0.6132971506105834,0.5848032564450475,0.621438263229308,0.5848032564450475,135,7.125,5.7,19,51
06073013327,0.6707252039939767,1.0,0.5483009392096138,1.0,0.5748956977635016,1.0,0.4880513299486779,1.0,0.6645162504327929,0.75,0.43036012963872877,1.0,0.5519674355495251,1.0,1.0,0.5612595695052596,56.12595695052596,5615,464,139803.0,2.9,2.3,47.1,528,66.6,0.0,5308,470,13.5,9.9,52.35042735042735,17.667638483965014,4.88979440637155,45.42274052478134,3.7804878048780486,4.029099048684947,22.261798753339267,,7.521865889212828,36.96287025448478,96.67638483965014,22.5,15.5,69.75,34.625,28.625,41.875,9.25,0.36160108548168246,0.7586685159500693,0.826975476839237,0.735655737704918,0.5613079019073569,0.8100407055630936,0.09128065395095368,0.6955617198335645,0.18453188602442339,0.46879240162822255,0.8612244897959184,0.7850340136054421,0.6265389876880985,0.09972677595628421,0.8707482993197279,0.3551912568306011,0.9462809917355371,0.5806010928961749,0.4666666666666667,,0.24180327868852458,0.46457765667574935,0.5846994535519126,0.7503392130257802,0.3812754409769335,0.5610583446404342,0.5671641791044776,0.5427408412483039,0.5651289009497965,0.5237449118046132,106,10.375,6.8,40,46
06073017606,0.5999898249551343,1.0,0.5203385095940058,1.0,0.64059872252836,1.0,0.5953485073022728,1.0,0.22764492149205798,0.75,0.3526116347284883,1.0,0.1055630936227951,1.0,1.0,0.43458503060330206,43.45850306033021,3687,247,103250.0,3.7,3.7,65.0,266,87.9,0.0,3586,450,14.3,10.3,50.60422960725075,6.223306894447834,5.906369080021775,59.06040268456376,30.239520958083833,8.435754189944134,68.0770273935449,,5.796217205613178,41.51090342679128,94.81391092129347,12.0,10.75,13.0,4.625,7.0,3.75,0.0,0.6309362279511533,0.4431345353675451,0.7247956403269755,0.6010928961748634,0.8051771117166212,0.37177747625508817,0.6307901907356949,0.6955617198335645,0.5780189959294437,0.4918588873812755,0.780952380952381,0.7115646258503401,0.6538987688098495,0.38524590163934425,0.8244897959183674,0.51775956284153,0.36225895316804413,0.23224043715846998,0.08843537414965985,,0.3183060109289617,0.33242506811989103,0.40710382513661203,0.4185888738127544,0.20013568521031208,0.12890094979647218,0.06445047489823609,0.17435549525101765,0.11329715061058344,0.046811397557666216,18,2.0,5.4,18,31
06073017605,0.6389654729991435,1.0,0.4503292235989132,1.0,0.677473716759431,1.0,0.7149273472255849,1.0,0.4758055477983092,0.75,0.47065261089024873,1.0,0.11153324287652647,1.0,1.0,0.5056695945925939,50.56695945925939,3931,266,152035.0,4.5,4.6,72.3,304,74.0,0.0,3614,264,13.5,11.9,47.4694589877836,0.3003003003003003,6.3407181054239885,53.753753753753756,16.205533596837945,16.331658291457288,13.991350801322818,,3.3783783783783785,28.435114503816795,90.61561561561562,9.5,10.0,11.875,4.0,6.5,3.125,0.625,0.5943012211668928,0.8252427184466019,0.6076294277929155,0.5286885245901639,0.8971389645776566,0.46472184531886024,0.1784741144414169,0.6955617198335645,0.5712347354138398,0.7924016282225237,0.8612244897959184,0.4850340136054422,0.7113543091655267,0.8989071038251366,0.8013605442176871,0.44808743169398907,0.6611570247933884,0.06693989071038253,0.6993197278911565,,0.53551912568306,0.723433242506812,0.15300546448087432,0.2856173677069199,0.18046132971506107,0.11601085481682497,0.04748982360922659,0.16960651289009498,0.09701492537313433,0.12754409769335143,16,2.0,5.7,18,28
06073010018,0.5333789049385114,1.0,0.514276732770913,1.0,0.48025964795687603,1.0,0.4751089360639414,1.0,0.5767655339243588,0.75,0.5507623471955451,1.0,0.35440976933514245,1.0,1.0,0.4978516960264698,49.78516960264698,6819,186,133875.0,5.4,10.5,39.6,663,75.0,0.0,6080,493,15.7,9.9,62.2680412371134,7.340720221606649,7.1695853914084715,54.75530932594644,29.288321167883215,0.0,24.637043554773427,,2.308402585410896,43.97143641856633,98.01477377654663,15.0,13.0,35.5,17.875,15.125,20.625,4.75,0.7401628222523745,0.7184466019417476,0.4843324250681199,0.19057377049180324,0.46934604904632155,0.8995929443690638,0.19822888283378748,0.6955617198335645,0.08412483039348706,0.43419267299864317,0.6176870748299319,0.7850340136054421,0.35978112175102595,0.3319672131147541,0.7469387755102042,0.46174863387978143,0.38292011019283745,0.9405737704918032,0.4068027210884354,,0.6543715846994536,0.2629427792915532,0.7349726775956285,0.5291723202170964,0.2937584803256445,0.3283582089552239,0.3616010854816825,0.33175033921302577,0.41044776119402987,0.33989145183175035,48,5.875,8.5,27,44
06073013321,0.49693473070826544,1.0,0.42631393394506945,1.0,0.4149939080109656,1.0,0.6325436426953549,1.0,0.5915518210174374,0.75,0.5641158311123023,1.0,0.3048846675712348,1.0,1.0,0.4901912192943757,49.01912192943757,8004,476,167670.0,5.4,8.4,54.8,264,86.7,12.958115183246074,7210,701,15.1,10.0,52.05128205128206,9.986000933271114,5.406094606655616,81.80121325244983,26.855713094245203,4.6283934134401425,9.120439780109944,,2.6598226784881005,52.639898830224475,100.0,14.5,13.75,30.375,15.5,11.75,18.125,4.75,0.3419267299864315,0.8821081830790569,0.4843324250681199,0.27937158469945356,0.6628065395095368,0.3649932157394844,0.5803814713896458,0.12066574202496527,0.031207598371777445,0.1777476255088195,0.6904761904761905,0.7605442176870748,0.6306429548563611,0.23633879781420764,0.8476190476190476,0.8155737704918032,0.428374655647383,0.505464480874317,0.8408163265306122,,0.6229508196721312,0.10081743869209814,0.9685792349726776,0.5162822252374492,0.31275440976933516,0.2781546811397558,0.29918588873812757,0.25508819538670285,0.3521031207598372,0.33989145183175035,54,4.125,8.1,25,44
06073020038,0.438480143385391,1.0,0.49161939769745683,1.0,0.43078346671097206,1.0,0.4812916321694518,1.0,0.6641383342841721,0.75,0.6263617774204276,1.0,0.35440976933514245,1.0,1.0,0.4981549315718592,49.81549315718592,5685,363,151650.0,9.8,7.8,55.5,407,78.1,0.0,5433,842,14.9,10.0,56.782334384858046,10.693825588796944,11.644806806097128,77.53023551877784,25.597269624573375,0.0,17.59014951627089,,0.6365372374283895,44.53004622496148,97.96308084022915,11.5,12.5,37.25,15.75,15.625,21.25,5.0,0.47082767978290363,0.8210818307905686,0.1539509536784741,0.30806010928961747,0.6791553133514986,0.6573948439620081,0.25817438692098094,0.6955617198335645,0.16282225237449122,0.08548168249660792,0.7142857142857143,0.7605442176870748,0.5239398084815321,0.2199453551912568,0.4340136054421768,0.7472677595628415,0.4559228650137741,0.9405737704918032,0.5959183673469388,,0.8975409836065573,0.25476839237057225,0.726775956284153,0.3860244233378562,0.2734056987788331,0.35074626865671643,0.30597014925373134,0.33717774762550884,0.42401628222523746,0.3541383989145183,49,3.0,6.3,22,23
06073005103,0.015352844782267866,1.0,0.4673231496174959,1.0,0.20251848364854763,1.0,0.23351701336272213,1.0,0.0489169808735489,0.75,0.16984931731213057,1.0,0.8366350067842605,1.0,1.0,0.2820161137687105,28.20161137687105,2980,1419,39519.0,25.1,18.9,15.6,141,92.6,5.0,2870,1122,23.2,23.3,40.8130081300813,20.244565217391305,35.0,6.114130434782608,53.64238410596026,16.077537058152792,256.3758389261745,,48.369565217391305,35.18930957683742,69.29347826086956,17.5,26.0,186.125,84.25,77.25,123.75,28.375,0.027137042062415184,0.008321775312066574,0.0013623978201634523,0.024590163934426257,0.09128065395095368,0.14993215739484397,0.8153950953678474,0.26768377253814146,0.7829036635006784,0.014925373134328401,0.01224489795918371,0.0,0.8235294117647058,0.058743169398907114,0.02857142857142858,0.023224043715846996,0.07300275482093666,0.06830601092896171,0.0054421768707483276,,0.001366120218579181,0.505449591280654,0.00273224043715847,0.6051560379918589,0.8744911804613297,0.8521031207598372,0.8344640434192673,0.8127544097693351,0.8561736770691994,0.8276797829036635,198,22.0,22.4,32,50
06073020712,0.7157670694520161,1.0,0.3683040632968812,1.0,0.5519868191509982,1.0,0.7847737112382124,1.0,0.6801068718143446,0.75,0.4748539579021555,1.0,0.22754409769335143,1.0,1.0,0.5433337986497084,54.333379864970844,3987,317,139609.0,3.8,1.1,39.7,197,81.3,0.0,3864,401,15.3,12.1,27.27272727272727,0.7417397167902899,12.891898670679709,91.84086311530682,15.916955017301039,0.6697923643670463,20.817657386506145,,1.416048550236008,51.48452305748579,96.1564396493594,9.5,9.25,22.5,14.75,7.0,13.75,1.875,0.5291723202170964,0.7572815533980582,0.7091280653950953,0.8674863387978142,0.47411444141689374,0.23405698778833106,0.3630790190735695,0.6955617198335645,0.5067842605156039,0.5725915875169607,0.6693877551020408,0.4591836734693877,0.9521203830369357,0.8592896174863388,0.3782312925170068,0.9494535519125683,0.6721763085399449,0.8620218579234973,0.5061224489795919,,0.7800546448087432,0.11035422343324253,0.5341530054644809,0.2856173677069199,0.15739484396200815,0.2130257801899593,0.2808683853459973,0.17435549525101765,0.27544097693351427,0.19402985074626866,26,0.5,6.9,15,22
06073005401,0.9203642875196697,1.0,0.6514498352922039,0.8333333333333334,0.8952787084983247,1.0,0.46950249219016615,1.0,0.33669982467087006,0.75,0.6003657876843208,1.0,0.8716417910447761,1.0,1.0,0.6779003895571902,67.79003895571903,1859,36,186494.0,3.2,0.0,60.7,298,84.1,,1743,14,14.8,9.0,17.938144329896907,8.964955175224123,25.443786982248522,60.47269763651182,0.0,29.40161104718067,235.610543302851,,17.766911165444174,24.850657108721624,100.0,21.5,26.25,202.125,89.875,82.375,133.75,32.75,0.9782903663500678,0.9375866851595007,0.797683923705722,0.967896174863388,0.7459128065395095,0.4531886024423338,0.45163487738419617,,0.9525101763907734,0.9877883310719131,0.7292517006802721,0.9115646258503401,0.9808481532147743,0.26502732240437155,0.09251700680272112,0.5396174863387978,0.9855371900826446,0.01775956284153002,0.006802721088435382,,0.03415300546448086,0.7983651226158038,0.9685792349726776,0.7204884667571235,0.8860244233378561,0.8833107191316146,0.8602442333785617,0.8426051560379919,0.8873812754409769,0.8846675712347354,198,22.0,5.1,33,51
06073000301,0.5122127672766681,1.0,0.6598233063188286,1.0,0.7749697708119883,1.0,0.4222167116942088,1.0,0.4284417673495808,0.75,0.40376979695557447,1.0,0.8742198100407055,1.0,1.0,0.5822362757782221,58.223627577822214,2311,355,87813.0,5.8,1.5,62.0,469,68.4,0.0,2207,202,16.0,10.2,43.16143497757848,3.9170506912442393,19.312744671596345,26.497695852534562,0.0,11.728813559322033,42.838598009519686,,6.221198156682028,30.25540275049116,92.78033794162826,19.0,29.5,195.125,89.625,89.0,126.875,33.0,0.47829036635006783,0.31761442441054094,0.42166212534059944,0.8312841530054644,0.7636239782016349,0.746268656716418,0.10626702997275204,0.6955617198335645,0.9077340569877883,0.8867028493894166,0.5741496598639455,0.7312925170068028,0.7852257181942545,0.5532786885245902,0.17823129251700676,0.1721311475409836,0.9855371900826446,0.11475409836065575,0.18503401360544214,,0.29508196721311475,0.6607629427792916,0.25546448087431695,0.6546811397557666,0.9925373134328358,0.8704206241519674,0.858887381275441,0.8860244233378561,0.8649932157394844,0.8907734056987788,192,21.0,6.3,35,52
06073000302,0.6009439071838772,1.0,0.7612649462736248,1.0,0.7358538937963245,1.0,0.3202436864948038,1.0,0.041579332360682154,0.75,0.5474469310065861,1.0,0.9008141112618724,1.0,1.0,0.5583066869111101,55.83066869111101,2873,256,89573.0,3.4,2.8,63.9,277,96.2,0.0,2538,331,14.8,10.6,57.14285714285714,4.730473047304731,23.459798120431604,27.557755775577558,100.0,17.25079654073737,82.14410024364776,,6.710671067106711,19.680851063829788,95.54455445544554,22.5,29.5,209.0,95.125,93.625,138.125,34.75,0.6132971506105834,0.332871012482663,0.7656675749318801,0.6919398907103825,0.7901907356948229,0.40094979647218454,0.9380108991825613,0.6955617198335645,0.8602442333785617,0.6845318860244234,0.7292517006802721,0.6693877551020408,0.5082079343365253,0.4795081967213115,0.1115646258503401,0.18169398907103826,0.0006887052341597588,0.058743169398907114,0.0653061224489796,,0.2704918032786885,0.9032697547683923,0.4685792349726776,0.7503392130257802,0.9925373134328358,0.9009497964721845,0.8860244233378561,0.9118046132971506,0.8989145183175034,0.9063772048846676,192,22.125,5.9,42,52
06073001801,0.5538182856946084,1.0,0.7133248412500679,1.0,0.6924761627853313,1.0,0.4526096408826588,1.0,0.3047239941001917,0.75,0.7441980216693219,1.0,0.9708276797829036,1.0,1.0,0.633139803737869,63.313980373786904,1982,178,83065.0,3.3,6.1,43.8,275,94.3,0.0,1923,210,18.5,10.2,56.111929307805596,2.9233870967741935,11.651469098277609,31.55241935483871,45.86466165413533,4.339440694310511,36.32694248234107,,2.217741935483871,21.498054474708173,97.78225806451613,27.5,27.0,236.625,113.5,110.125,156.875,40.5,0.7598371777476255,0.26768377253814146,0.7826975476839237,0.4050546448087432,0.5224795640326976,0.39552238805970147,0.8753405994550408,0.6955617198335645,0.9362279511533242,0.8738127544097694,0.22857142857142854,0.7312925170068028,0.5389876880984952,0.6352459016393442,0.43265306122448977,0.20355191256830601,0.14462809917355368,0.5382513661202186,0.23129251700680276,,0.6612021857923498,0.8705722070844687,0.7008196721311475,0.8710990502035278,0.9199457259158752,0.9687924016282226,0.9681139755766621,0.9748982360922659,0.9647218453188603,0.9776119402985075,198,24.25,8.7,46,52
06073020213,0.07354043870980914,1.0,0.4497588332687854,1.0,0.37070514773073404,1.0,0.3327827013382555,1.0,0.5170808256726093,1.0,0.16690365936580256,1.0,0.3656716417910448,1.0,1.0,0.3252061782681487,32.52061782681487,4060,791,59094.0,12.4,22.1,14.1,342,94.3,2.553191489361702,2986,403,20.1,16.2,66.92531522793405,19.059205190592053,3.293413173652695,12.814274128142742,45.49918166939443,1.1226944667201284,16.256157635467982,38.56876167,12.003244120032441,44.94875549048316,90.75425790754258,19.0,11.25,38.125,24.375,11.625,25.625,2.5,0.15061058344640432,0.0651872399445215,0.06880108991825618,0.0095628415300546,0.060626702997275204,0.5379918588873813,0.8753405994550408,0.3453536754507628,0.7462686567164178,0.5671641791044777,0.09523809523809523,0.07414965986394562,0.24897400820793436,0.07513661202185795,0.9537414965986395,0.05327868852459016,0.1515151515151515,0.8360655737704918,0.6340136054421769,0.44672897196261685,0.09972677595628421,0.23978201634877383,0.16120218579234974,0.6546811397557666,0.22455902306648576,0.364314789687924,0.4993215739484396,0.25169606512890097,0.47829036635006783,0.23473541383989144,30,1.0,17.3,32,24
06073020214,0.27343279497725814,1.0,0.3844549922518325,1.0,0.2297201377158733,1.0,0.17194020574299104,1.0,0.1974238326762507,1.0,0.2484167398738355,1.0,0.38371777476255087,1.0,1.0,0.2698723540000846,26.98723540000846,4643,1020,36598.0,3.5,8.8,18.7,384,86.1,10.59322033898305,3597,636,20.9,16.6,65.63413208649912,16.075268817204304,15.331461887281364,7.741935483870968,36.462093862815884,8.011869436201781,132.67284083566662,54.54884879,13.172043010752688,45.17766497461929,95.10752688172043,17.0,11.5,39.125,24.75,12.25,26.25,3.125,0.0827679782903663,0.0027739251040221915,0.752724795640327,0.25546448087431695,0.14237057220708446,0.6289009497964722,0.5565395095367848,0.15395284327323167,0.5739484396200814,0.237449118046133,0.05646258503401358,0.05102040816326525,0.2694938440492476,0.11612021857923494,0.2761904761904762,0.025956284153005466,0.2548209366391184,0.2622950819672131,0.025850340136054473,0.24672897196261678,0.07513661202185795,0.23841961852861038,0.43169398907103823,0.5888738127544098,0.23609226594301222,0.38738127544097695,0.5020352781546812,0.2700135685210312,0.4843962008141113,0.2747625508819539,30,1.0,17.2,29,24
06073000202,0.6286134915959439,1.0,0.7422095544194205,1.0,0.6442326862902555,1.0,0.5919795062516047,1.0,0.22573847299094474,1.0,0.6030893425251759,1.0,0.8294436906377205,1.0,1.0,0.6093295349587237,60.93295349587237,3755,108,120091.0,6.7,2.8,62.1,480,85.7,0.0,3472,367,15.7,10.2,41.14793856103476,2.1875,10.382659887610382,44.776785714285715,35.67567567567568,9.531502423263328,31.15845539280959,61.77971375,4.419642857142858,24.695121951219512,96.51785714285714,20.5,29.5,179.375,81.75,80.25,116.875,28.0,0.8846675712347354,0.6061026352288488,0.33174386920980925,0.6919398907103825,0.7670299727520435,0.7632293080054274,0.5401907356948229,0.6955617198335645,0.6085481682496607,0.6194029850746269,0.6176870748299319,0.7312925170068028,0.813953488372093,0.7049180327868853,0.4993197278911564,0.34972677595628415,0.2644628099173554,0.17486338797814205,0.28979591836734697,0.17383177570093455,0.43715846994535523,0.8079019073569482,0.5642076502732241,0.694708276797829,0.9925373134328358,0.835820895522388,0.8215739484396201,0.8324287652645862,0.8378561736770692,0.819538670284939,187,18.375,5.8,38,52
06073002712,0.07621613409634423,1.0,0.5051513436180173,1.0,0.17094513517754456,1.0,0.46515675465763884,1.0,0.3594309892647318,1.0,0.2813897450405245,1.0,0.9477611940298509,1.0,1.0,0.40086447084066457,40.08644708406646,5309,1532,52688.0,11.5,11.6,17.7,416,80.4,17.153284671532848,4615,746,19.5,15.8,61.42270861833106,11.941143180531975,6.290755657844266,56.59309564233163,44.02654867256637,2.0509977827051,21.284611037860238,86.35967642,12.73344651952462,34.44846292947559,92.24674589700057,32.0,25.75,228.625,111.0,105.75,148.125,36.875,0.020352781546811416,0.04022191400832178,0.08991825613079019,0.15437158469945356,0.12942779291553133,0.6763907734056988,0.3235694822888283,0.08876560332871009,0.31614654002713705,0.14450474898236088,0.12585034013605445,0.09727891156462587,0.387140902872777,0.1885245901639344,0.8027210884353742,0.4822404371584699,0.1652892561983471,0.7527322404371585,0.4897959183673469,0.029906542056074792,0.08469945355191255,0.5340599455040872,0.22540983606557377,0.9545454545454546,0.8582089552238806,0.9525101763907734,0.9565807327001357,0.9484396200814111,0.9389416553595658,0.9423337856173677,208,26.625,15.3,61,51
06073019905,0.5160436086826315,1.0,0.5500093281541651,1.0,0.5030199189580853,1.0,0.39688708499030567,1.0,0.5384062053383195,1.0,0.7725837911883384,1.0,0.4480325644504749,1.0,1.0,0.5321403573946172,53.21403573946172,5562,256,112063.0,3.9,9.6,49.2,373,95.2,0.0,4944,400,15.6,11.3,48.739495798319325,8.365200764818356,18.186793141189348,49.043977055449325,28.85304659498208,2.379841343910406,24.271844660194173,25.89919104,0.47801147227533464,29.178605539637058,97.75334608030593,9.0,11.5,46.25,20.5,22.625,22.5,6.375,0.6132971506105834,0.5381414701803051,0.688692098092643,0.22404371584699456,0.5892370572207084,0.6031207598371777,0.9148501362397821,0.6955617198335645,0.23609226594301225,0.5746268656716418,0.6333333333333333,0.5680272108843538,0.6894664842681258,0.29508196721311475,0.20136054421768712,0.4016393442622951,0.3925619834710744,0.7158469945355191,0.419047619047619,0.6261682242990654,0.9193989071038251,0.7029972752043596,0.6953551912568307,0.26119402985074625,0.23609226594301222,0.48032564450474896,0.4552238805970149,0.4531886024423338,0.44843962008141114,0.40298507462686567,64,4.5,6.4,18,24
06073002905,0.24958926712139332,1.0,0.5545748277447214,1.0,0.24128453280905304,1.0,0.49263757542666325,1.0,0.36595533129727253,1.0,0.5221892169562693,1.0,0.866350067842605,1.0,1.0,0.470368688456854,47.0368688456854,4818,955,88529.0,5.9,11.3,43.6,499,80.3,8.974358974358974,4665,624,20.5,13.2,52.62172284644194,2.906350914962325,12.505227938101212,42.518837459634014,50.591715976331365,1.7970401691331923,34.8692403486924,46.80771624,4.520990312163617,31.473922902494333,95.90958019375672,22.0,24.75,181.875,91.875,87.0,118.75,34.75,0.09769335142469471,0.3273231622746186,0.4073569482288828,0.1659836065573771,0.5190735694822888,0.7829036635006784,0.3181198910081744,0.1761442441054092,0.3080054274084125,0.25373134328358204,0.07278911564625845,0.33061224489795915,0.6183310533515731,0.639344262295082,0.3918367346938776,0.32103825136612024,0.10055096418732778,0.7800546448087432,0.24489795918367352,0.33831775700934574,0.42349726775956287,0.6362397820163488,0.5068306010928961,0.7333785617367707,0.7978290366350068,0.841248303934871,0.8704206241519674,0.8663500678426052,0.8473541383989145,0.9063772048846676,203,20.0,12.8,39,51
06073003201,0.19102856157702988,1.0,0.5516617849656994,1.0,0.2935387995089488,1.0,0.44875205514916605,1.0,0.40622347733421316,1.0,0.6204915551187942,1.0,0.7974219810040706,1.0,1.0,0.47273117352256033,47.27311735225604,5335,612,83169.0,8.1,20.2,20.0,504,88.1,31.97278911564626,4580,704,19.3,11.6,76.11548556430446,1.6982364467668192,7.645951035781544,35.40169823644676,38.34586466165413,9.83510011778563,18.74414245548266,23.68388301,1.5022860875244939,29.23904052936311,94.64402351404311,31.5,22.75,162.875,79.25,70.25,107.5,25.25,0.23609226594301225,0.27184466019417475,0.23910081743869205,0.017076502732240484,0.17438692098092642,0.7869742198100407,0.638283378746594,0.03190013869625519,0.32157394843962006,0.17639077340569875,0.14693877551020407,0.5292517006802722,0.08071135430916554,0.755464480874317,0.7115646258503401,0.24726775956284153,0.23140495867768596,0.16803278688524592,0.5619047619047619,0.6635514018691588,0.7718579234972678,0.7002724795640327,0.38934426229508196,0.94640434192673,0.73202170963365,0.7978290366350068,0.8059701492537313,0.7869742198100407,0.8073270013568521,0.7890094979647219,192,19.0,11.1,55,50
06073003202,0.5141018053122282,1.0,0.6784422810513093,1.0,0.4665556724725168,1.0,0.5488894070781191,1.0,0.5424852468112333,1.0,0.2999632723356313,1.0,0.7663500678426052,1.0,1.0,0.545255393271949,54.525539327194906,5005,202,99821.0,2.9,13.3,20.0,484,92.4,0.0,4395,417,16.0,12.8,57.861635220125784,6.013878180416345,11.411953469715202,86.50732459521974,30.985915492957744,2.260738507912585,15.784215784215784,39.00435594,4.163454124903624,49.61451247165533,93.6006168080185,29.5,22.25,149.125,69.625,63.25,99.375,23.625,0.7143826322930801,0.4105409153952843,0.826975476839237,0.10450819672131151,0.17438692098092642,0.7652645861601085,0.8065395095367848,0.6955617198335645,0.37177747625508817,0.5413839891451832,0.5741496598639455,0.3789115646258503,0.478796169630643,0.39344262295081966,0.4435374149659864,0.8797814207650273,0.3484848484848485,0.7240437158469946,0.6544217687074829,0.44299065420560746,0.4603825136612022,0.14032697547683926,0.29918032786885246,0.917910447761194,0.7109905020352781,0.7706919945725916,0.7720488466757124,0.7503392130257802,0.7788331071913162,0.7598371777476255,182,17.375,9.5,53,50
06073020019,0.5199347326907421,1.0,0.4106346449785698,1.0,0.22205438484756185,1.0,0.5650889330188804,1.0,0.7445210385674845,1.0,0.30664621829136957,1.0,0.36309362279511537,1.0,1.0,0.44742479645567484,44.742479645567485,7253,1180,89875.0,3.3,0.7,39.3,345,91.7,30.201342281879196,6648,992,15.2,15.3,72.64492753623189,4.758667573079538,5.156486970908589,79.77566281441196,4.740406320541761,0.0,10.89204467117055,48.35096453,5.370496261046907,42.391304347826086,93.0659415363698,12.0,11.25,38.0,16.875,17.625,20.0,5.125,0.05156037991858886,0.3356449375866852,0.7826975476839237,0.9098360655737705,0.45844686648501365,0.5468113975576662,0.776566757493188,0.03883495145631066,0.042062415196743586,0.037991858887381325,0.680952380952381,0.1272108843537415,0.1477428180574556,0.47677595628415304,0.85578231292517,0.7800546448087432,0.9325068870523416,0.9405737704918032,0.7891156462585034,0.31588785046728973,0.34699453551912574,0.3024523160762943,0.27049180327868855,0.4185888738127544,0.22455902306648576,0.36024423337856176,0.3283582089552239,0.36702849389416553,0.3941655359565807,0.3656716417910448,60,4.0,8.0,19,24
06073010005,0.052214335855691574,1.0,0.5692272403272606,1.0,0.09413922964029575,1.0,0.3177149224157829,1.0,0.463515161631801,1.0,0.04184596219035846,1.0,0.28154681139755766,1.0,1.0,0.2600290947798211,26.00290947798211,6487,1482,34148.0,19.0,11.0,5.3,458,100.0,0.0,6006,1085,18.4,18.0,67.8475935828877,11.816578483245149,8.280757097791797,29.01234567901235,46.76923076923077,0.7874015748031495,28.0561122244489,33.45364032,14.770723104056438,59.1157476403378,82.93650793650794,20.5,13.0,31.875,14.5,14.25,15.625,2.25,0.023066485753052923,0.0013869625520110957,0.008174386920980936,0.17622950819672134,0.0027247956403269754,0.7333785617367707,0.9952316076294278,0.6955617198335645,0.09633649932157395,0.018995929443690662,0.2387755102040816,0.022448979591836782,0.2325581395348837,0.19535519125683065,0.6544217687074829,0.1885245901639344,0.13774104683195587,0.8565573770491803,0.34013605442176875,0.5196261682242991,0.051912568306010876,0.053133514986375974,0.020491803278688523,0.694708276797829,0.2937584803256445,0.296472184531886,0.27408412483039346,0.3168249660786974,0.3147896879240163,0.20556309362279512,34,7.0,16.3,34,44
06073015602,0.557912555299273,1.0,0.36641297378531096,1.0,0.6291755508173418,1.0,0.8992944985847942,1.0,0.7595119521775082,1.0,0.5280408272658239,1.0,0.2510176390773406,1.0,1.0,0.5701951424296274,57.01951424296274,2732,374,154333.0,9.0,2.1,42.3,122,58.9,0.0,2627,269,16.0,13.2,31.88405797101449,1.2135922330097086,3.668378576669112,90.65533980582524,10.0,0.6031363088057901,17.569546120058565,16.30367144,7.281553398058252,28.79120879120879,97.0873786407767,12.5,15.75,26.0,10.875,15.125,9.375,3.0,0.4525101763907734,0.8363384188626907,0.18460490463215262,0.7581967213114754,0.5034059945504087,0.11804613297150611,0.04632152588555858,0.6955617198335645,0.8290366350067843,0.7829036635006784,0.5741496598639455,0.33061224489795915,0.9261285909712722,0.8073770491803278,0.9306122448979592,0.9330601092896175,0.8140495867768596,0.8702185792349727,0.5986394557823129,0.7551401869158878,0.25,0.7111716621253406,0.6229508196721312,0.44301221166892807,0.3921302578018996,0.2394843962008141,0.21099050203527817,0.33175033921302577,0.20963364993215738,0.26322930800542743,33,2.875,6.7,22,49
06073019103,0.5191955613781902,1.0,0.34778953166965687,1.0,0.4072413904503457,1.0,0.5842979643248836,1.0,0.6338812854594702,1.0,0.494948705349831,1.0,0.11329715061058346,1.0,1.0,0.44295022703470865,44.29502270347086,6413,584,121601.0,1.8,8.7,34.3,452,75.8,0.0,6108,429,15.9,12.3,67.42424242424242,6.379893668438859,6.269641734758014,88.9801836636056,22.753346080305928,7.510058113544926,10.135661936691097,7.766023647,0.7249879168680522,60.53103695730175,96.37506041565975,0.5,4.75,11.75,6.75,3.75,4.375,0.625,0.2618724559023067,0.624133148404993,0.9257493188010899,0.26502732240437155,0.388283378746594,0.7265943012211669,0.21049046321525886,0.6955617198335645,0.07869742198100405,0.5264586160108549,0.5891156462585034,0.4346938775510204,0.24076607387140903,0.3784153005464481,0.8054421768707483,0.912568306010929,0.522038567493113,0.28551912568306015,0.817687074829932,0.9102803738317757,0.8825136612021858,0.0463215258855586,0.5560109289617486,0.025101763907734057,0.0407055630936228,0.11397557666214382,0.10922659430122117,0.09023066485753053,0.1255088195386703,0.12754409769335143,21,1.0,6.7,1,16
06073013801,0.318327889166685,1.0,0.6064420775100762,1.0,0.27325316829581225,1.0,0.38201354312216695,1.0,0.5847689304175125,1.0,0.32889251202334685,1.0,0.7538670284938942,1.0,1.0,0.4639378784327849,46.39378784327849,5381,577,86477.0,8.0,5.5,32.6,405,96.5,3.1055900621118013,4712,610,17.8,14.3,70.56145675265554,10.083102493074794,9.697873927638941,63.49030470914128,17.880794701986755,0.0,19.513101653967663,56.15432483,4.265927977839335,40.221857025472474,90.74792243767314,19.0,22.0,138.125,66.5,65.625,85.0,24.375,0.26594301221166894,0.3079056865464632,0.2465940054495913,0.4528688524590164,0.3569482288828338,0.6533242876526458,0.9448228882833788,0.33009708737864074,0.2971506105834464,0.27069199457259163,0.31564625850340133,0.20952380952380956,0.17647058823529416,0.23497267759562845,0.5469387755102041,0.569672131147541,0.6294765840220385,0.9405737704918032,0.5428571428571429,0.22616822429906547,0.4508196721311475,0.3760217983651226,0.1598360655737705,0.6546811397557666,0.6987788331071914,0.746268656716418,0.7564450474898237,0.7639077340569878,0.7327001356852103,0.7700135685210312,192,17.125,10.3,37,51
06073008346,0.7946974939377647,1.0,0.45935217744396567,1.0,0.7636665928243753,1.0,0.7021187201529487,1.0,0.5169056431170447,1.0,0.7870006402525275,1.0,0.1960651289009498,1.0,1.0,0.6028294852327967,60.282948523279664,4307,139,183698.0,4.4,1.7,73.1,375,70.9,0.6097560975609756,4222,295,12.4,8.4,32.99492385786802,1.1845386533665836,13.098057792515396,74.93765586034912,7.769423558897243,5.647058823529412,28.790341304852564,37.29931549,1.683291770573566,21.42436727486757,98.12967581047381,7.0,19.5,20.875,11.0,8.5,8.125,1.125,0.8215739484396201,0.9292649098474342,0.6198910081743869,0.8080601092896175,0.9080381471389646,0.6085481682496607,0.12806539509536785,0.38418862690707356,0.417910447761194,0.7421981004070557,0.9421768707482994,0.9523809523809523,0.9138166894664843,0.8114754098360656,0.3700680272108844,0.7131147540983607,0.8760330578512396,0.4098360655737705,0.32380952380952377,0.4579439252336449,0.7390710382513661,0.8732970027247956,0.7486338797814208,0.1546811397557666,0.5725915875169606,0.20488466757123475,0.21438263229308005,0.20149253731343283,0.19335142469470828,0.16621438263229307,36,0.5,4.6,13,61
06073020105,0.5975629031637106,1.0,0.35087229975563106,1.0,0.4604295313783586,1.0,0.5139352252528919,1.0,0.5493714141075053,1.0,0.37686554200602534,1.0,0.40027137042062416,1.0,1.0,0.4641868980121067,46.418689801210675,3990,260,114309.0,3.4,5.5,33.8,245,82.2,0.22271714922048996,3524,573,16.5,12.3,49.27835051546392,4.465493910690121,14.78549540347293,64.00541271989174,23.65038560411311,7.1024512884978,20.80200501253133,9.38394524,9.878213802435724,29.20212765957447,92.96346414073072,12.0,10.75,40.25,22.625,13.625,26.875,4.375,0.6058344640434192,0.565880721220527,0.7656675749318801,0.4528688524590164,0.3801089918256131,0.3229308005427408,0.39373297002724794,0.38973647711511794,0.5943012211668928,0.32428765264586157,0.4884353741496599,0.4346938775510204,0.679890560875513,0.5081967213114754,0.2925170068027211,0.575136612021858,0.502754820936639,0.3087431693989071,0.5074829931972789,0.8785046728971962,0.16666666666666663,0.7016348773841962,0.26229508196721313,0.4185888738127544,0.20013568521031208,0.40298507462686567,0.48032564450474896,0.3039348710990502,0.4918588873812754,0.32225237449118044,40,2.0,7.7,21,23
06073016807,0.510070962956589,1.0,0.5559213706171044,1.0,0.18381030838386914,1.0,0.5739092548952482,1.0,0.573488194429927,1.0,0.6286547748445278,1.0,0.2432835820895522,1.0,1.0,0.4670197783166882,46.70197783166882,7822,772,119187.0,4.1,3.5,34.0,506,89.0,0.0,7429,1058,17.4,13.3,71.91489361702128,2.865876958349255,9.226804123711341,88.8421857088269,10.077519379844961,9.257975034674065,10.227563283047814,36.09209708,3.4772640427970956,27.690802348336597,97.09591134887276,12.0,15.5,25.125,10.625,14.5,8.125,3.0,0.16350067842605154,0.6019417475728155,0.6580381471389646,0.6168032786885246,0.38419618528610355,0.7883310719131614,0.667574931880109,0.6955617198335645,0.024423337856173677,0.024423337856173677,0.3659863945578231,0.3204081632653061,0.1573187414500684,0.644808743169399,0.5836734693877551,0.9098360655737705,0.8112947658402204,0.18579234972677594,0.8108843537414966,0.485981308411215,0.5245901639344263,0.7370572207084469,0.6243169398907104,0.4185888738127544,0.3812754409769335,0.2327001356852103,0.20420624151967434,0.3229308005427408,0.19335142469470828,0.26322930800542743,32,3.375,7.7,23,50
06073018904,0.4201094949857159,1.0,0.3779581086738917,1.0,0.1694057541605516,1.0,0.43936117718150924,1.0,0.5934683704482582,1.0,0.23813919784795737,1.0,0.0841248303934871,1.0,1.0,0.3317952762416244,33.17952762416244,6860,1126,85518.0,1.7,6.3,15.4,521,93.2,3.6312849162011176,5411,591,19.3,16.5,53.736991485335864,17.6345231752797,7.520685579196218,43.4203516249334,19.420783645655877,1.2624934245134138,26.96793002915452,29.42128189,3.516249334043687,65.74933687002653,91.31592967501332,8.0,3.25,12.125,10.125,2.0,0.0,0.0,0.06105834464043425,0.29542302357836336,0.9318801089918256,0.3920765027322405,0.08787465940054497,0.8018995929443691,0.8358310626702997,0.3162274618585298,0.16960651289009498,0.30393487109905015,0.14693877551020407,0.05714285714285716,0.6005471956224351,0.10245901639344257,0.7170068027210884,0.337431693989071,0.6019283746556474,0.8306010928961749,0.36190476190476195,0.5794392523364487,0.5191256830601093,0.023160762942779245,0.1721311475409836,0.20352781546811397,0.022388059701492536,0.11804613297150611,0.189280868385346,0.04952510176390773,0.016960651289009497,0.046811397557666216,9,0.0,13.5,11,13
06073009400,0.4607695112271851,1.0,0.42570998771093377,1.0,0.7393392499469259,1.0,0.1920665454515775,1.0,0.4891810075018337,1.0,0.9642928931969447,1.0,0.5831750339213027,1.0,1.0,0.5506477469938148,55.06477469938148,4394,188,89893.0,5.6,7.6,33.4,452,80.6,5.94900849858357,1623,128,21.5,6.9,86.1788617886179,2.3300970873786406,31.46067415730337,0.0,12.121212121212121,9.171075837742503,6.5999089667728725,72.66957063,0.0,14.840182648401825,100.0,4.5,24.5,75.75,40.25,34.5,45.625,10.875,0.7347354138398914,0.33703190013869627,0.4502724795640327,0.3210382513661202,0.3739782016348774,0.7265943012211669,0.33174386920980925,0.2420249653259362,0.966078697421981,0.9552238805970149,0.04081632653061229,0.9952380952380953,0.017783857729138153,0.6967213114754098,0.048979591836734726,0.0047814207650273225,0.7699724517906337,0.18715846994535523,0.9210884353741496,0.07850467289719631,0.967896174863388,0.9564032697547684,0.9685792349726776,0.09497964721845319,0.7849389416553596,0.5780189959294437,0.6004070556309362,0.5807327001356852,0.582089552238806,0.5746268656716418,120,5.375,10.2,9,63
06073008324,0.6428756739427456,1.0,0.4360272814888049,1.0,0.5619476827365953,1.0,0.6884381087547486,1.0,0.5133449432976224,1.0,0.6314316840626752,1.0,0.0474898236092266,1.0,1.0,0.5030793139846311,50.30793139846311,7023,423,197535.0,4.8,3.2,82.9,265,45.6,0.0,6924,519,12.1,9.5,20.034246575342465,3.369639210347175,12.130726416440703,79.61198093941458,15.254237288135593,6.87797147385103,12.672647016944326,48.53764779,4.118447923757658,29.613960867265998,98.05990469707284,7.0,16.0,5.75,4.25,1.5,1.25,0.0,0.40569877883310723,0.9542302357836339,0.5640326975476839,0.6475409836065573,0.9809264305177112,0.3683853459972863,0.013623978201634877,0.6955617198335645,0.03663500678426057,0.4002713704206241,0.9605442176870749,0.8503401360544218,0.9712722298221614,0.5969945355191257,0.40816326530612246,0.7773224043715847,0.6914600550964187,0.3183060109289617,0.7333333333333334,0.31028037383177565,0.4672131147540983,0.6880108991825613,0.7390710382513661,0.1546811397557666,0.40298507462686567,0.04477611940298507,0.05359565807327001,0.0407055630936228,0.051560379918588875,0.046811397557666216,12,0.0,3.7,11,58
06073008312,0.6414010951027378,1.0,0.44858509558897525,1.0,0.6506913484525425,1.0,0.447571620146343,1.0,0.31542774727264133,1.0,0.6658874445983035,1.0,0.2082767978290366,1.0,1.0,0.4825487355700829,48.25487355700829,4147,318,143847.0,5.4,2.0,71.5,278,70.6,0.0,3962,438,12.3,10.6,74.40476190476191,2.564102564102564,13.026634382566584,69.3500298151461,12.096774193548388,12.747138397502603,45.57511454063178,56.55258245,1.2522361359570662,22.59450171821306,94.1562313655337,2.0,18.75,22.875,13.25,7.625,11.25,1.125,0.5257801899592944,0.7836338418862691,0.4843324250681199,0.7718579234972678,0.8828337874659401,0.40637720488466755,0.12193460490463215,0.6955617198335645,0.4776119402985075,0.5061058344640434,0.9496598639455782,0.6693877551020408,0.10807113543091651,0.6741803278688525,0.3727891156462585,0.6352459016393442,0.7713498622589532,0.10109289617486339,0.16870748299319727,0.22056074766355138,0.8019125683060109,0.8555858310626703,0.3401639344262295,0.051560379918588875,0.5332428765264586,0.21709633649932158,0.24491180461329715,0.18385345997286295,0.22930800542740842,0.16621438263229307,41,0.0,4.2,4,58
06073017403,0.7680501682861117,1.0,0.5002493036544197,1.0,0.5336374712707335,1.0,0.5574925976871877,1.0,0.6367010528955717,1.0,0.616916811840205,1.0,0.10244233378561736,1.0,1.0,0.5307842484885495,53.07842484885496,4730,67,154886.0,4.6,2.8,67.5,145,88.6,0.0,4668,629,12.6,10.7,81.15501519756839,0.0,12.293499249088178,83.08483290488432,11.410788381742739,2.75,14.587737843551798,43.60920971,2.365038560411311,31.958762886597935,96.60668380462725,12.0,11.5,11.625,5.25,5.0,4.375,0.0,0.9443690637720489,0.841886269070735,0.5940054495912807,0.6919398907103825,0.8433242506811989,0.16010854816824965,0.6478201634877384,0.6955617198335645,0.30664857530529177,0.24626865671641796,0.927891156462585,0.6537414965986394,0.04240766073871405,0.950136612021858,0.4013605442176871,0.8360655737704918,0.7865013774104683,0.6885245901639344,0.6829931972789116,0.38878504672897196,0.6502732240437159,0.625340599455041,0.575136612021858,0.4185888738127544,0.23609226594301222,0.11194029850746269,0.08276797829036635,0.1451831750339213,0.1255088195386703,0.046811397557666216,14,1.0,4.0,21,35
06073016616,0.3669184385020501,1.0,0.4802859546821643,1.0,0.41824458412944554,1.0,0.39192192889355515,1.0,0.40579084672170035,1.0,0.33070283845287196,1.0,0.5886024423337856,1.0,1.0,0.42606671910222466,42.60667191022247,3568,247,70855.0,7.5,5.8,28.1,186,87.4,0.0,3285,434,18.6,13.7,75.42533081285444,5.17115804806992,10.138770886434438,59.14056809905317,28.640776699029125,3.241719520789288,35.59417040358744,46.67081518,4.224326292789512,39.816772374911906,90.45884923525126,13.5,19.75,75.125,37.0,38.625,44.375,12.375,0.6309362279511533,0.14008321775312066,0.2745231607629428,0.4221311475409836,0.2854223433242507,0.21913161465400272,0.6130790190735694,0.6955617198335645,0.666214382632293,0.514246947082768,0.2204081632653061,0.27210884353741494,0.08618331053351569,0.4480874316939891,0.5129251700680273,0.5204918032786885,0.39669421487603307,0.6407103825136612,0.23809523809523814,0.3476635514018691,0.4576502732240437,0.388283378746594,0.14617486338797814,0.4864314789687924,0.582089552238806,0.5759837177747625,0.5814111261872456,0.6112618724559024,0.5719131614654003,0.6024423337856174,123,7.875,8.8,26,51
06073008311,0.8654517719562631,0.75,0.4051662904321978,1.0,0.7954224702092505,1.0,0.887403806356702,1.0,0.6904315696563532,1.0,0.7201457443059712,1.0,0.38344640434192667,1.0,1.0,0.6782097224655235,67.82097224655234,2739,90,,3.7,0.0,80.3,17,56.0,0.0,2721,344,11.9,10.2,0.0,2.5735294117647056,4.420505200594354,95.3125,8.264462809917356,9.03010033444816,12.778386272362175,2.999377722,0.0,34.53237410071942,97.51838235294117,8.0,18.5,41.0,18.375,18.0,21.875,4.25,0.903663500678426,,0.7247956403269755,0.967896174863388,0.9673024523160763,0.0067842605156037995,0.03814713896457766,0.6955617198335645,0.8127544097693351,0.666214382632293,0.9714285714285714,0.7312925170068028,0.9958960328317373,0.6707650273224044,0.8925170068027211,0.9904371584699454,0.8650137741046832,0.1898907103825137,0.7292517006802721,0.9775700934579439,0.967896174863388,0.5299727520435967,0.662568306010929,0.20352781546811397,0.519674355495251,0.41655359565807326,0.37381275440976935,0.3751696065128901,0.4369063772048847,0.3147896879240163,67,2.625,3.7,13,50
06073002002,0.7691876876603996,1.0,0.6067326165918381,1.0,0.7995449468797017,1.0,0.5475855725439243,1.0,0.36861110812507014,1.0,0.41425207089431865,1.0,0.9686567164179104,1.0,1.0,0.6392243884447375,63.92243884447375,2733,157,182125.0,3.5,3.7,68.3,214,67.3,0.0,2591,244,14.7,9.9,57.77126099706745,2.592912705272256,12.58767072720561,70.09507346585998,39.48339483394834,10.170807453416149,25.97877789974387,18.94212819,5.790838375108038,30.926916221033867,93.08556611927399,25.5,26.5,234.125,116.375,111.625,155.0,39.125,0.7978290366350068,0.9251040221914009,0.752724795640327,0.6010928961748634,0.8501362397820164,0.2747625508819539,0.09741144414168937,0.6955617198335645,0.8439620081411126,0.824966078697422,0.7442176870748299,0.7850340136054421,0.4897400820793434,0.6693989071038251,0.38639455782312926,0.644808743169399,0.21625344352617082,0.15710382513661203,0.3795918367346939,0.7214953271028037,0.319672131147541,0.6512261580381471,0.2718579234972678,0.8270013568521031,0.8955223880597015,0.9606512890094979,0.9789687924016283,0.9810040705563093,0.9599728629579376,0.9626865671641791,205,23.625,5.4,46,52
06073002100,0.3535137915590334,1.0,0.6159664245556509,1.0,0.4688150158299412,1.0,0.45268759619745724,1.0,0.19427429670573038,1.0,0.5801544050862851,1.0,0.9786974219810041,1.0,1.0,0.5205869931307289,52.058699313072886,5333,580,79538.0,4.8,7.0,57.8,779,71.5,13.962264150943396,4981,371,17.3,10.7,46.41013608634444,3.5493827160493825,11.798179059180576,16.666666666666664,52.71493212669684,9.27546377318866,46.315394712169514,46.45924082,4.62962962962963,9.038322487346347,94.09722222222221,29.0,26.5,243.875,117.125,115.0,160.0,40.0,0.26322930800542743,0.2302357836338419,0.5640326975476839,0.35655737704918034,0.7104904632152589,0.937584803256445,0.1396457765667575,0.10957004160887651,0.22930800542740837,0.6126187245590231,0.3795918367346939,0.6537414965986394,0.7305061559507524,0.575136612021858,0.42040816326530617,0.08469945355191257,0.07851239669421484,0.18442622950819676,0.1646258503401361,0.3495327102803738,0.41666666666666663,0.9904632152588556,0.3333333333333333,0.9029850746268657,0.8955223880597015,0.9796472184531886,0.9810040705563093,0.9864314789687924,0.9748982360922659,0.9715061058344641,200,26.875,8.5,47,52
06073002201,0.20496958880476124,1.0,0.5674006968001599,1.0,0.3578773571843934,1.0,0.48242832588620654,1.0,0.23495029585450194,1.0,0.44421737814108386,1.0,0.9896879240162821,1.0,1.0,0.4687902238124841,46.87902238124841,3170,782,38933.0,6.8,7.4,19.0,204,84.8,0.0,2755,538,20.4,14.6,62.944162436548226,4.954640614096301,3.677646306363927,30.00697836706211,55.51601423487544,6.278613472858077,33.4384858044164,54.32482887,9.769713886950454,27.164179104477608,94.83600837404047,29.5,26.75,249.0,120.0,117.375,165.0,41.125,0.15400271370420626,0.006934812760055479,0.3276566757493188,0.33128415300546443,0.1505449591280654,0.24423337856173677,0.4884196185286104,0.6955617198335645,0.8046132971506106,0.3656716417910447,0.08163265306122447,0.17959183673469392,0.3378932968536251,0.46448087431693985,0.9292517006802721,0.19808743169398907,0.0633608815426997,0.36338797814207646,0.26258503401360545,0.2504672897196262,0.17213114754098358,0.7493188010899183,0.41120218579234974,0.917910447761194,0.9077340569877883,0.9918588873812755,0.9877883310719131,0.9918588873812755,0.9932157394843962,0.9837177747625508,199,26.875,16.0,46,51
06073002202,0.14177385356764324,1.0,0.5789363100028103,1.0,0.24069217917831992,1.0,0.2847978192420697,1.0,0.2116643882240684,1.0,0.2975834189484969,1.0,0.9862957937584802,1.0,1.0,0.3916776804174127,39.16776804174127,4604,1185,55790.0,6.4,13.0,16.9,251,94.0,5.416666666666667,3871,694,18.7,16.2,60.22471910112359,12.850904553961323,10.203189862355254,8.983156581409856,55.42168674698795,6.585081585081586,47.78453518679409,51.52457996,25.57704304429195,26.965174129353237,90.0187149095446,33.0,27.25,247.0,120.0,116.625,162.5,41.25,0.04816824966078692,0.05131761442441054,0.3549046321525886,0.11270491803278693,0.11716621253405994,0.33649932157394846,0.8664850136239782,0.2565880721220527,0.5006784260515604,0.18181818181818177,0.20612244897959187,0.07414965986394562,0.42270861833105333,0.1707650273224044,0.5115646258503401,0.03415300546448088,0.06542699724517909,0.33606557377049184,0.15918367346938778,0.28598130841121494,0.016393442622950838,0.7534059945504087,0.12295081967213115,0.9647218453188603,0.932157394843962,0.9877883310719131,0.9877883310719131,0.9884667571234735,0.9823609226594301,0.9850746268656716,202,27.375,15.7,51,51
06073018511,0.28438435272269036,1.0,0.3536639202607627,1.0,0.3600487820637074,1.0,0.24263682789165988,1.0,0.43142901091494745,1.0,0.500501282986654,1.0,0.44789687924016286,1.0,1.0,0.3743658651543692,37.43658651543692,4357,792,75000.0,7.2,4.7,33.2,560,80.9,40.229885057471265,3709,497,18.8,13.7,68.796992481203,11.746031746031745,16.064814814814817,39.94708994708995,40.04914004914005,4.30379746835443,24.099150791829242,31.42501556,2.9629629629629632,37.66169154228856,95.5026455026455,13.0,7.25,42.875,18.75,26.75,15.625,10.5,0.14789687924016282,0.18169209431345354,0.2908719346049047,0.5170765027322404,0.3678474114441417,0.8351424694708277,0.34400544959128065,0.01664355062413314,0.5522388059701493,0.42605156037991854,0.189795918367347,0.27210884353741494,0.21614227086183313,0.2008196721311475,0.25850340136054417,0.29508196721311475,0.20661157024793386,0.5450819672131147,0.42448979591836733,0.5495327102803738,0.587431693989071,0.44959128065395093,0.4644808743169399,0.46404341926729986,0.09430122116689281,0.4362279511533243,0.3894165535956581,0.5284938941655359,0.3147896879240163,0.5705563093622795,39,3.0,11.0,26,17
06073018516,0.6158759029663279,1.0,0.4785580016802676,1.0,0.43751903746573256,1.0,0.3952079993263031,1.0,0.5074326131764739,1.0,0.6661939220678668,1.0,0.46580732700135685,1.0,1.0,0.5095135433834755,50.95135433834756,3860,249,110313.0,2.6,5.3,38.0,396,82.8,0.0,3398,476,18.1,12.8,64.38631790744466,6.2645011600928076,12.866108786610878,58.62335653518949,25.60646900269542,0.0,50.777202072538856,35.18357187,0.5413766434648105,34.77074235807861,96.59706109822119,16.0,8.0,46.625,20.0,25.5,19.375,9.0,0.6227951153324287,0.5110957004160888,0.861716621253406,0.46789617486338797,0.44686648501362397,0.6431478968792401,0.40463215258855584,0.6955617198335645,0.6363636363636364,0.4606512890094979,0.27414965986394557,0.3789115646258503,0.3077975376196991,0.3825136612021858,0.3795918367346939,0.5109289617486339,0.4545454545454546,0.9405737704918032,0.13741496598639458,0.49719626168224296,0.907103825136612,0.5190735694822888,0.5724043715846995,0.5556309362279511,0.1255088195386703,0.4843962008141113,0.4443690637720488,0.5101763907734057,0.378561736770692,0.5115332428765265,45,4.0,9.6,30,17
06073018903,0.26044391290143876,1.0,0.36764030724369773,1.0,0.2141777199346496,1.0,0.43734513439382616,1.0,0.41943926021787414,1.0,0.3920169443575885,1.0,0.07055630936227951,1.0,1.0,0.30880279834447916,30.880279834447915,5530,1617,80211.0,3.6,17.2,25.6,546,93.4,8.695652173913043,4674,546,19.0,17.5,70.44728434504792,14.328899637243047,4.823209428830463,61.60822249093108,40.929203539823014,4.6685878962536025,15.913200723327307,47.05662726,4.413542926239419,57.07220573689417,97.58162031438935,4.0,2.75,10.5,9.0,1.5,0.0,0.0,0.016282225237449155,0.23994452149791956,0.7391008174386922,0.04644808743169404,0.25817438692098094,0.824966078697422,0.8412806539509536,0.18169209431345357,0.305291723202171,0.35345997286295794,0.16938775510204085,0.02857142857142858,0.17920656634746923,0.13797814207650272,0.8775510204081632,0.5546448087431693,0.19283746556473824,0.5,0.6503401360544218,0.33457943925233646,0.4385245901639344,0.06539509536784738,0.6721311475409836,0.08276797829036635,0.016960651289009497,0.09701492537313433,0.15128900949796473,0.0407055630936228,0.016960651289009497,0.046811397557666216,9,0.0,13.8,8,11
06073018905,0.5183986586111584,1.0,0.37303024659885037,1.0,0.19580598860982656,1.0,0.2888716695217927,1.0,0.3559334099735211,1.0,0.2549706426844945,1.0,0.12265943012211669,1.0,1.0,0.3013814351602515,30.138143516025153,6182,354,89716.0,5.6,1.7,16.8,415,85.4,0.0,5644,601,19.0,14.4,57.78577857785778,13.033832501386577,17.324882171298555,38.380476982806435,30.944625407166125,6.869834710743801,31.057910061468778,37.22464219,7.321131447587355,61.72465960665659,95.56295063782585,8.0,3.75,14.375,10.75,3.0,1.25,0.625,0.48100407055630934,0.3342579750346741,0.4502724795640327,0.8080601092896175,0.11376021798365123,0.6736770691994572,0.5231607629427792,0.6955617198335645,0.13568521031207603,0.2795115332428765,0.16938775510204085,0.1986394557823129,0.4856361149110807,0.16666666666666663,0.22312925170068032,0.28005464480874315,0.349862258953168,0.319672131147541,0.2925170068027211,0.4616822429906542,0.24863387978142082,0.04223433242506813,0.47404371584699456,0.20352781546811397,0.028493894165535955,0.1546811397557666,0.20759837177747625,0.07191316146540028,0.051560379918588875,0.12754409769335143,14,0.0,12.4,11,15
06073018906,0.4743584032211473,1.0,0.26972070633164846,1.0,0.2515977625785728,1.0,0.39882993799883654,1.0,0.25551064503231724,1.0,0.2758235186095105,1.0,0.11126187245590231,1.0,1.0,0.2910146923182765,29.101469231827647,6175,308,81045.0,7.0,1.8,31.5,462,80.7,26.666666666666668,4899,513,18.8,14.8,46.2877030162413,16.243386243386244,14.373648311429047,51.587301587301596,41.0958904109589,9.785202863961814,34.81781376518219,41.41879278,3.5978835978835977,49.056603773584904,91.16402116402116,6.5,3.75,13.25,9.625,3.0,1.25,0.625,0.5407055630936228,0.24965325936199723,0.31062670299727524,0.7964480874316939,0.3371934604904632,0.7381275440976933,0.335149863760218,0.04299583911234395,0.24287652645861602,0.40841248303934874,0.189795918367347,0.16530612244897958,0.7332421340629275,0.11338797814207646,0.3197278911564626,0.42896174863387976,0.18870523415977958,0.1707650273224044,0.24761904761904763,0.41495327102803736,0.5122950819672132,0.14577656675749318,0.16939890710382513,0.13636363636363635,0.028493894165535955,0.1350067842605156,0.17028493894165536,0.07191316146540028,0.051560379918588875,0.12754409769335143,16,0.0,11.9,11,15
06073019105,0.48039602454700836,1.0,0.4618375107487474,1.0,0.30215181052068046,1.0,0.6777522007659336,1.0,0.6880965882738739,1.0,0.4863251490200166,1.0,0.23405698778833103,1.0,1.0,0.47580232452351306,47.580232452351304,7971,660,122109.0,9.7,0.3,43.8,661,85.3,0.0,7754,893,14.0,13.4,10.27027027027027,3.618739903069467,19.353202282815474,93.69951534733441,1.4749262536873156,10.652424942263279,10.538200978547234,11.66148102,1.8739903069466883,70.35414384811975,98.02907915993538,0.5,7.75,22.625,12.75,7.875,13.125,3.125,0.20217096336499318,0.6296809986130375,0.15803814713896458,0.9316939890710383,0.5224795640326976,0.898236092265943,0.5163487738419619,0.6955617198335645,0.016282225237449155,0.07055630936227952,0.8163265306122449,0.30544217687074826,0.9890560875512996,0.5724043715846995,0.1768707482993197,0.9726775956284153,0.9696969696969697,0.14207650273224048,0.8013605442176871,0.8392523364485981,0.7076502732240437,0.01498637602179842,0.7363387978142076,0.025101763907734057,0.11329715061058344,0.21438263229308005,0.2367706919945726,0.18588873812754408,0.25848032564450474,0.2747625508819539,39,1.0,5.8,1,19
06073019301,0.47647856564470303,1.0,0.4320278304763336,1.0,0.39865722408366333,1.0,0.6014152363194611,1.0,0.6353005015067348,1.0,0.4152211352818848,1.0,0.4169606512890095,1.0,1.0,0.48229444922882714,48.22944492288271,6412,462,125564.0,5.9,5.2,57.0,451,73.5,4.918032786885246,6095,748,14.7,10.9,60.1965601965602,2.4261138067931185,10.518003790271637,80.85575650639612,20.96985583224115,4.224757076468103,12.164691203992513,24.14436839,3.043670048522276,53.38945502879929,96.64755183061314,18.5,7.0,42.75,17.5,21.75,18.75,8.875,0.36363636363636365,0.6601941747572816,0.4073569482288828,0.4747267759562842,0.702316076294278,0.7245590230664858,0.17166212534059946,0.26907073509015256,0.0827679782903663,0.14111261872455905,0.7442176870748299,0.6265306122448979,0.4254445964432284,0.6857923497267759,0.4938775510204082,0.8005464480874317,0.5716253443526171,0.5587431693989071,0.7510204081632653,0.6598130841121495,0.5765027322404371,0.08719346049046317,0.5819672131147541,0.6377204884667571,0.08683853459972862,0.43283582089552236,0.3487109905020353,0.43283582089552236,0.36635006784260515,0.5040705563093623,44,4.0,5.8,33,17
06073019403,0.516090807642118,1.0,0.3079753178141557,1.0,0.4176577686705618,1.0,0.3678586589038971,1.0,0.5383334659178607,1.0,0.5796456773027997,1.0,0.44640434192673,1.0,1.0,0.45342371973973183,45.34237197397319,5717,325,111389.0,13.3,0.0,34.4,237,73.6,11.702127659574469,4980,404,17.3,11.8,77.98165137614679,5.019685039370079,14.168270071715936,67.81496062992126,16.28498727735369,1.3113161728994658,24.313451110722408,53.17983821,1.968503937007874,34.040501446480235,95.81692913385827,21.0,8.0,45.625,18.75,22.75,20.625,8.875,0.5149253731343284,0.5270457697642164,0.05449591280653954,0.967896174863388,0.3896457765667575,0.3120759837177748,0.17438692098092642,0.13592233009708743,0.23066485753052912,0.5624151967435549,0.3795918367346939,0.49795918367346936,0.06566347469220246,0.4603825136612022,0.32517006802721093,0.6202185792349727,0.6556473829201102,0.8210382513661202,0.41496598639455784,0.26168224299065423,0.6994535519125683,0.5490463215258856,0.49043715846994534,0.7103120759837178,0.1255088195386703,0.4735413839891452,0.3894165535956581,0.45454545454545453,0.41044776119402987,0.5040705563093623,47,4.5,8.5,37,17
06073019902,0.31228768202533264,1.0,0.48690322749570375,1.0,0.4579869668355809,1.0,0.30924325506031614,1.0,0.2948569217207083,1.0,0.5300943503918445,1.0,0.47123473541383987,1.0,1.0,0.40894387699190377,40.894387699190375,4446,592,81977.0,6.5,6.3,24.2,415,91.0,0.0,4052,259,18.0,13.6,79.53586497890295,14.374999999999998,9.900090826521344,58.984375,25.356576862123614,8.30945558739255,67.02654071075123,43.73366521,2.265625,37.446548564447156,95.625,11.5,10.0,49.0,21.0,23.75,24.375,7.625,0.25373134328358204,0.2579750346740638,0.3453678474114441,0.3920765027322405,0.23773841961852862,0.6736770691994572,0.7479564032697548,0.6955617198335645,0.45861601085481685,0.8005427408412483,0.29047619047619044,0.282312925170068,0.056087551299589644,0.13524590163934425,0.5306122448979591,0.5150273224043715,0.46005509641873277,0.24316939890710387,0.09115646258503396,0.38504672897196257,0.6584699453551912,0.4564032697547684,0.47540983606557374,0.3860244233378562,0.18046132971506107,0.5020352781546812,0.46404341926729986,0.47829036635006783,0.4687924016282225,0.44301221166892807,64,4.5,10.0,20,21
06073019904,0.44517846407913825,1.0,0.45561413789293725,1.0,0.4125841109849639,1.0,0.40008932471196634,1.0,0.4755907245794159,1.0,0.49959798097109925,1.0,0.4734056987788331,1.0,1.0,0.4517229202854791,45.172292028547915,6071,325,111803.0,10.0,3.8,49.2,533,69.2,0.0,5641,541,16.2,11.0,41.3564929693962,8.19000819000819,22.85,47.583947583947584,33.056133056133056,3.1720856463124503,21.248558721792126,38.78033603,3.194103194103194,37.878036688150715,95.86404586404586,11.0,9.5,49.0,21.75,24.125,23.75,7.625,0.5149253731343284,0.5312066574202496,0.14305177111716616,0.5915300546448088,0.5892370572207084,0.8127544097693351,0.10967302452316076,0.6955617198335645,0.13907734056987786,0.3622795115332429,0.5360544217687075,0.6129251700680272,0.8084815321477428,0.2978142076502732,0.11564625850340138,0.37841530054644806,0.3112947658402204,0.6543715846994536,0.49183673469387756,0.44485981308411215,0.5601092896174864,0.44141689373297,0.4972677595628415,0.3568521031207598,0.16960651289009498,0.5020352781546812,0.47421981004070557,0.4864314789687924,0.46132971506105835,0.44301221166892807,63,4.5,6.6,19,21
06073020107,0.45192238526117456,1.0,0.48713198832371624,1.0,0.4386123648916826,1.0,0.635017180719028,1.0,0.5983471162669358,1.0,0.4684861750122839,1.0,0.34423337856173675,1.0,1.0,0.4891072270052225,48.91072270052225,4681,781,111970.0,1.6,11.0,39.5,431,81.2,0.0,4275,395,17.0,13.1,48.53801169590643,6.119162640901772,6.5503124326653746,72.46376811594203,36.10619469026549,5.980317940953823,10.681478316599017,4.841319228,3.462157809983897,52.46422893481717,98.30917874396135,13.5,11.25,35.0,21.125,12.375,21.25,2.5,0.15603799185888734,0.5353675450762829,0.9400544959128065,0.17622950819672134,0.46389645776566757,0.6933514246947082,0.358991825613079,0.6955617198335645,0.4043419267299865,0.5854816824966078,0.4224489795918367,0.3421768707482993,0.6935704514363885,0.389344262295082,0.7877551020408163,0.6693989071038251,0.2589531680440771,0.38524590163934425,0.7959183673469388,0.9532710280373832,0.5259562841530054,0.10217983651226159,0.7773224043715847,0.4864314789687924,0.22455902306648576,0.3229308005427408,0.4654002713704206,0.27408412483039346,0.42401628222523746,0.23473541383989144,36,2.0,9.4,25,23
06073020401,0.7814742564696795,1.0,0.3558631713976949,1.0,0.815665872862035,1.0,0.48748700776536313,1.0,0.7977374522558962,1.0,0.43274122382533514,1.0,0.2366350067842605,1.0,1.0,0.5582291416228949,55.82291416228949,2269,134,143512.0,2.5,3.3,65.6,82,74.2,0.0,2244,251,12.4,11.1,66.0377358490566,4.540420819490587,14.70327723649247,87.59689922480621,8.609271523178808,2.5889967637540456,6.610841780520053,19.51462352,3.10077519379845,40.87403598971722,94.57364341085271,7.0,11.25,23.75,14.875,8.0,14.375,1.875,0.8331071913161465,0.7794729542302358,0.8760217983651226,0.6372950819672132,0.8167574931880109,0.06105834464043419,0.18256130790190736,0.6955617198335645,0.903663500678426,0.8175033921302578,0.9421768707482994,0.5993197278911564,0.25991792065663477,0.4972677595628415,0.29931972789115646,0.8934426229508197,0.8553719008264463,0.6994535519125683,0.9183673469387755,0.7177570093457943,0.5683060109289617,0.35013623978201636,0.3797814207650273,0.1546811397557666,0.22455902306648576,0.2225237449118046,0.2876526458616011,0.18860244233378562,0.2903663500678426,0.19402985074626866,29,1.5,4.1,14,32
06073020404,0.593305590512657,1.0,0.4123923887964127,1.0,0.3181698188094777,1.0,0.4261815953983576,1.0,0.39554837920895797,1.0,0.6462753681452033,1.0,0.32347354138398915,1.0,1.0,0.4450495260364365,44.50495260364365,5447,333,104609.0,2.4,4.6,35.3,624,83.2,15.492957746478872,5008,910,16.7,11.7,58.187435633367656,3.386550556361877,18.070273284997214,52.00774068698597,29.82456140350877,4.216867469879518,21.479713603818613,62.31487243,1.5965166908563133,39.69138448349764,98.4034833091437,12.0,12.0,32.25,19.75,10.375,21.25,2.5,0.5027137042062415,0.4535367545076283,0.888283378746594,0.5286885245901639,0.41076294277929154,0.8724559023066486,0.42302452316076294,0.09986130374479885,0.2252374491180461,0.06512890094979651,0.4687074829931973,0.5136054421768708,0.47195622435020523,0.5915300546448088,0.20408163265306123,0.4371584699453552,0.37052341597796146,0.5601092896174864,0.4870748299319728,0.1644859813084112,0.7568306010928962,0.3896457765667575,0.7923497267759563,0.4185888738127544,0.2496607869742198,0.3012211668928087,0.4287652645861601,0.22862957937584802,0.42401628222523746,0.23473541383989144,29,1.0,7.6,20,28
06073020705,0.38166948992636046,1.0,0.46232645813468126,1.0,0.3723331394973186,1.0,0.800041652192711,1.0,0.6559344465101818,1.0,0.4604290436413991,1.0,0.31886024423337855,1.0,1.0,0.49308492487657585,49.30849248765759,4879,468,129973.0,10.6,7.0,33.3,352,82.0,0.0,4532,557,16.5,13.2,33.33333333333333,3.2909498878085266,6.405693950177936,87.13537771129394,19.626168224299064,3.395953757225433,12.297601967616314,24.28126945,1.4210919970082274,46.666666666666664,94.76439790575915,14.5,11.75,31.375,20.0,9.375,20.625,2.5,0.35820895522388063,0.6879334257975035,0.12397820163487738,0.35655737704918034,0.3698910081743869,0.5590230664857531,0.3896457765667575,0.6955617198335645,0.33107191316146545,0.33921302578018997,0.4884353741496599,0.33061224489795915,0.9097127222982216,0.6065573770491803,0.7959183673469388,0.8879781420765027,0.5936639118457301,0.6297814207650273,0.7442176870748299,0.6560747663551402,0.7786885245901639,0.19891008174386926,0.4036885245901639,0.5162822252374492,0.2435549525101764,0.2903663500678426,0.4443690637720488,0.21438263229308005,0.41044776119402987,0.23473541383989144,29,1.0,7.8,29,25
06073020805,0.6043337256623311,1.0,0.37127872429952213,1.0,0.43965007984197746,1.0,0.6959666920523452,1.0,0.802124854018126,1.0,0.4592043745626182,1.0,0.026594301221166895,1.0,1.0,0.4855932502368696,48.55932502368696,3823,186,122937.0,4.0,6.8,20.1,228,94.3,0.0,3450,388,18.4,13.4,45.357142857142854,7.279029462738301,1.674077949254512,74.87001733102254,10.946745562130179,0.0,15.171331415119017,13.41630367,0.0,61.693309650680874,94.45407279029463,5.0,6.5,1.625,1.625,0.5,0.0,0.0,0.7401628222523745,0.6393897364771152,0.6716621253405994,0.36612021857923494,0.17983651226158037,0.29579375848032563,0.8753405994550408,0.6955617198335645,0.6200814111261872,0.5943012211668928,0.2387755102040816,0.30544217687074826,0.749658002735978,0.3387978142076503,0.9863945578231292,0.7090163934426229,0.7975206611570248,0.9405737704918032,0.6666666666666667,0.8037383177570093,0.967896174863388,0.043596730245231585,0.366120218579235,0.10583446404341927,0.07530529172320218,0.01967435549525102,0.022388059701492536,0.027137042062415198,0.016960651289009497,0.046811397557666216,2,0.5,8.6,8,25
06073020806,0.3000594299736683,1.0,0.3580883903610894,1.0,0.19958071423956286,1.0,0.34704596669014537,1.0,0.47286243357627156,1.0,0.32235473960582284,1.0,0.02238805970149254,1.0,1.0,0.288911390592579,28.8911390592579,5230,540,90804.0,6.2,10.4,29.5,297,84.6,0.0,4849,803,18.7,14.1,71.08843537414967,5.8735689397710305,13.661621000191607,56.09756097560976,35.8974358974359,5.101558809636278,26.38623326959847,13.0802738,1.8914883026381284,58.184902459711616,91.98606271777004,7.5,5.25,1.5,1.5,0.0,0.0,0.0,0.28900949796472186,0.34257975034674065,0.37465940054495916,0.19398907103825136,0.305858310626703,0.45047489823609227,0.473433242506812,0.6955617198335645,0.2618724559023067,0.10447761194029848,0.20612244897959187,0.22585034013605443,0.1709986320109439,0.4016393442622951,0.34013605442176875,0.47540983606557374,0.26308539944903586,0.4508196721311475,0.3700680272108844,0.8074766355140187,0.7049180327868853,0.05449591280653954,0.20765027322404372,0.1791044776119403,0.044097693351424695,0.016960651289009497,0.01967435549525102,0.011533242876526458,0.016960651289009497,0.046811397557666216,1,0.0,10.0,8,21
06073000100,0.9128207734407819,1.0,0.5733745123890472,1.0,0.7842999750782267,1.0,0.8940940815899368,1.0,0.31937797987331995,1.0,0.5275606378701926,1.0,0.8028493894165536,1.0,1.0,0.687768192808294,68.7768192808294,2948,65,231667.0,0.0,2.5,80.6,38,71.5,0.0,2884,408,11.5,9.7,37.0,0.0,5.936227951153325,90.57724957555179,25.157232704402517,8.894044856921887,20.691994572591586,69.47106409,3.480475382003396,27.484874675885912,93.97283531409168,19.0,27.75,173.25,78.875,75.25,112.5,24.0,0.9457259158751696,0.9958391123439667,0.9931880108991825,0.7165300546448088,0.9713896457765667,0.0203527815468114,0.1396457765667575,0.6955617198335645,0.7761194029850746,0.5529172320217096,0.9843537414965986,0.8238095238095238,0.8727770177838577,0.950136612021858,0.8217687074829931,0.9316939890710383,0.46556473829201106,0.19808743169398912,0.5129251700680273,0.10093457943925233,0.5232240437158471,0.7384196185286104,0.32103825136612024,0.6546811397557666,0.9586160108548168,0.8229308005427408,0.8032564450474898,0.7998643147896879,0.8222523744911805,0.7659430122116689,187,17.25,3.4,35,52
06073016610,0.31371507712463553,1.0,0.445201751391284,1.0,0.33357932046631406,1.0,0.6711525155239373,1.0,0.753999355846354,1.0,0.4131676121558643,1.0,0.487652645861601,1.0,1.0,0.4883526111957129,48.835261119571285,4853,642,97700.0,6.6,7.8,31.8,301,89.8,15.639810426540285,4663,569,18.0,12.6,46.60493827160494,6.6537467700258395,4.976254387776172,76.29198966408268,24.846625766871167,1.4012738853503186,8.65444055223573,10.21779714,10.465116279069768,41.27290260366442,98.1266149870801,13.0,20.25,46.375,24.25,24.75,25.625,8.375,0.21709633649932158,0.3925104022191401,0.33719346049046317,0.30806010928961747,0.3405994550408719,0.4599728629579376,0.702316076294278,0.09708737864077666,0.3100407055630936,0.32835820895522383,0.29047619047619044,0.40544217687074835,0.7264021887824897,0.36475409836065575,0.8639455782312925,0.7295081967213115,0.4696969696969697,0.8155737704918032,0.8653061224489795,0.8654205607476635,0.1502732240437158,0.3419618528610354,0.7472677595628415,0.46404341926729986,0.60719131614654,0.4816824966078697,0.4972862957937585,0.494572591587517,0.47829036635006783,0.4864314789687924,72,4.625,7.7,21,57
06073016613,0.5839497244302267,1.0,0.49463056800396243,1.0,0.7226058944609051,1.0,0.6715687399626263,1.0,0.8563061998398407,1.0,0.7839755711399969,1.0,0.5561736770691994,1.0,1.0,0.6670300535581081,66.7030053558108,1945,52,120227.0,13.7,2.5,43.1,82,89.7,0.0,1878,244,16.2,11.2,50.29239766081871,4.293628808864266,6.7885117493472595,76.31578947368422,11.11111111111111,0.0,8.740359897172237,11.77349098,1.5235457063711912,29.34472934472934,99.30747922437672,10.5,21.5,65.0,32.125,34.0,36.875,9.875,0.9633649932157395,0.6102635228848821,0.04564032697547682,0.7165300546448088,0.5115803814713896,0.06105834464043419,0.6975476839237057,0.6955617198335645,0.9443690637720489,0.824966078697422,0.5360544217687075,0.5850340136054422,0.6634746922024624,0.5218579234972678,0.7700680272108844,0.7308743169398907,0.790633608815427,0.9405737704918032,0.8585034013605441,0.8355140186915888,0.76775956284153,0.6948228882833787,0.889344262295082,0.3310719131614654,0.6709633649932157,0.5508819538670285,0.55359565807327,0.5780189959294437,0.5468113975576662,0.5515603799185889,111,7.375,6.0,18,56
06073016614,0.4445581827683024,1.0,0.45360317000296707,1.0,0.4065022752656015,1.0,0.6667206417450701,1.0,0.592417880165018,1.0,0.5570556821171017,1.0,0.5575305291723203,1.0,1.0,0.5254840516051973,52.54840516051973,4075,477,124071.0,6.0,6.3,40.6,198,91.5,5.454545454545454,3672,529,17.9,12.8,81.2807881773399,1.2968299711815563,3.200198461920119,85.37463976945246,20.0,0.0,41.963190184049076,24.65463597,3.2420749279538903,40.816326530612244,98.27089337175792,10.5,21.0,64.875,32.25,33.75,35.0,10.5,0.33921302578018997,0.6504854368932039,0.39645776566757496,0.3920765027322405,0.4829700272479564,0.23609226594301222,0.7670299727520435,0.2552011095700416,0.5603799185888738,0.38127544097693356,0.30544217687074826,0.3789115646258503,0.03967168262653897,0.8019125683060109,0.9605442176870749,0.8647540983606558,0.5881542699724518,0.9405737704918032,0.19047619047619047,0.6504672897196262,0.5519125683060109,0.35286103542234337,0.7663934426229508,0.3310719131614654,0.6492537313432836,0.5495251017639078,0.5563093622795116,0.5759837177747625,0.5352781546811397,0.5705563093622795,105,7.25,8.1,18,55
06073016615,0.6430395739028654,1.0,0.4915187502829798,1.0,0.4975874338880736,1.0,0.3189551077770033,1.0,0.5408643461075393,1.0,0.49855819101363386,1.0,0.5366350067842605,1.0,1.0,0.5038797728223364,50.38797728223364,4230,232,141150.0,2.5,8.7,35.1,410,90.7,31.182795698924732,3145,384,19.5,11.3,67.94871794871796,4.811547714514836,23.635924674070495,54.93183640737771,22.284122562674096,0.0,46.09929078014184,33.11761045,1.9246190858059342,53.87878787878788,97.83480352846833,14.0,20.25,61.25,30.75,31.75,33.75,9.0,0.6668928086838535,0.7642163661581137,0.8760217983651226,0.26502732240437155,0.4025885558583106,0.6635006784260515,0.7370572207084468,0.03606102635228847,0.6960651289009498,0.6004070556309362,0.12585034013605445,0.5680272108843538,0.22708618331053354,0.47540983606557374,0.108843537414966,0.4644808743169399,0.5303030303030303,0.9405737704918032,0.1673469387755102,0.5252336448598132,0.7008196721311475,0.0831062670299727,0.7117486338797814,0.5027137042062415,0.60719131614654,0.5413839891451832,0.5481682496607869,0.55359565807327,0.5284938941655359,0.5115332428765265,98,6.75,8.5,25,53
06073017020,0.7179630426577663,1.0,0.3130478125144321,1.0,0.6640574954540839,1.0,0.6276141203717476,1.0,0.8336436502511388,1.0,0.4029645180983011,1.0,0.12116689280868384,1.0,1.0,0.5257796474508791,52.57796474508791,4382,263,216161.0,3.2,4.9,69.3,256,76.1,8.189655172413794,4324,323,13.2,10.5,48.125,3.9636127355425597,13.506672802577082,89.60363872644575,14.17910447761194,2.2857142857142856,5.020538566864445,6.322339764,0.9096816114359974,61.16295764536971,93.89213775178688,1.0,11.25,11.5,8.5,3.375,6.25,0.625,0.5990502035278155,0.9805825242718447,0.797683923705722,0.49453551912568305,0.8630790190735694,0.3487109905020353,0.21525885558583105,0.19140083217753123,0.38398914518317506,0.7014925373134329,0.8877551020408163,0.6829931972789116,0.6990424076607387,0.5464480874316939,0.3482993197278912,0.9166666666666666,0.7176308539944903,0.7213114754098361,0.9591836734693877,0.9364485981308411,0.8483606557377049,0.04495912806539515,0.3155737704918033,0.035278154681139755,0.22455902306648576,0.10990502035278155,0.14246947082767977,0.07666214382632293,0.14925373134328357,0.12754409769335143,22,1.0,4.4,2,38
06073003107,0.378606159917217,1.0,0.48337513935675874,1.0,0.28958269875114223,1.0,0.4626211159263553,1.0,0.677794791392405,1.0,0.7175568162078191,1.0,0.7628222523744912,1.0,1.0,0.5389084248465984,53.89084248465984,5527,474,109970.0,6.2,8.1,25.6,277,86.4,1.2903225806451613,5164,796,16.4,13.1,71.61572052401746,7.531106745252128,9.82500911410864,82.84217419777342,20.869565217391305,2.1153846153846154,13.931608467523068,21.05787181,1.1787819253438114,32.072762087123024,97.83889980353635,18.0,21.5,141.625,66.5,67.375,90.625,24.625,0.34599728629579374,0.5034674063800277,0.37465940054495916,0.29030054644808745,0.25817438692098094,0.40094979647218454,0.5728882833787466,0.3744798890429958,0.20352781546811394,0.1099050203527816,0.5027210884353741,0.3421768707482993,0.16279069767441856,0.3224043715846995,0.5360544217687075,0.8292349726775956,0.5743801652892562,0.7431693989071038,0.7020408163265306,0.691588785046729,0.8169398907103825,0.6226158038147138,0.7131147540983607,0.6227951153324288,0.6709633649932157,0.7544097693351425,0.7564450474898237,0.7761194029850746,0.751696065128901,0.7754409769335142,188,18.25,10.4,32,51
06073003108,0.3761810750949145,1.0,0.4312851891834837,1.0,0.574245193328349,1.0,0.5203348781373014,1.0,0.48269653030103626,1.0,0.424703324846265,1.0,0.7592944369063772,1.0,1.0,0.5098200896853896,50.98200896853896,3447,300,101914.0,7.9,8.4,20.8,292,85.6,16.9811320754717,3230,334,16.4,12.3,76.96969696969697,7.592407592407592,5.493863237872589,83.51648351648352,34.2560553633218,2.815533980582524,19.437191760951553,40.64716864,3.3966033966033966,29.88348183687457,87.3126873126873,19.0,21.5,138.0,65.25,66.875,87.5,25.125,0.5481682496607869,0.42718446601941745,0.25,0.27937158469945356,0.19209809264305178,0.4443690637720488,0.5340599455040872,0.09153952843273228,0.6784260515603799,0.6811397557666214,0.5027210884353741,0.4346938775510204,0.07113543091655272,0.319672131147541,0.8435374149659864,0.8469945355191257,0.27548209366391185,0.680327868852459,0.5469387755102041,0.4280373831775701,0.5341530054644809,0.6757493188010899,0.06420765027322405,0.6546811397557666,0.6709633649932157,0.7449118046132972,0.7489823609226595,0.7727272727272727,0.7442333785617368,0.7856173677069199,181,18.75,9.3,32,51
06073017809,0.6183287882068438,1.0,0.4613034273879936,1.0,0.8026913207616833,1.0,0.6467162064978489,1.0,0.6731507837121582,1.0,0.5996163448032837,1.0,0.34803256445047487,1.0,1.0,0.5928342051171838,59.283420511718376,2625,171,141181.0,7.1,3.3,60.7,142,89.1,0.0,2539,150,14.5,10.7,57.2972972972973,2.1615472127417523,8.483685220729367,76.56427758816837,12.464589235127479,4.352557127312296,17.523809523809526,13.67766024,2.1615472127417523,32.082794307891334,95.90443686006826,11.0,8.5,36.375,14.75,22.375,13.125,6.5,0.771370420624152,0.7656033287101248,0.2990463215258855,0.6372950819672132,0.7459128065395095,0.15400271370420623,0.6723433242506812,0.6955617198335645,0.858887381275441,0.9348710990502035,0.763265306122449,0.6537414965986394,0.5034199726402189,0.709016393442623,0.6394557823129252,0.7349726775956285,0.7589531680440771,0.53551912568306,0.6,0.7981308411214953,0.6721311475409837,0.6212534059945505,0.505464480874317,0.3568521031207598,0.14314789687924015,0.33921302578018997,0.2808683853459973,0.45047489823609227,0.25848032564450474,0.41112618724559025,47,4.0,4.8,16,19
06073018612,0.5223439480312401,1.0,0.2866473675628116,1.0,0.44003059839946834,1.0,0.6774643635570889,1.0,0.6261906168071667,1.0,0.6828888789624932,1.0,0.3503392130257802,1.0,1.0,0.5122721409065784,51.22721409065784,5033,425,149107.0,5.3,6.5,31.3,269,83.0,6.006006006006006,4523,403,16.9,12.5,36.7003367003367,7.184750733137831,7.017896641866077,76.75953079178885,15.406976744186046,0.6554989075018208,13.510828531690839,54.7977598,0.36656891495601174,47.14661984196663,99.633431085044,9.5,6.25,36.875,16.0,18.125,14.375,7.0,0.40094979647218454,0.811373092926491,0.49863760217983655,0.3784153005464481,0.3337874659400545,0.3819538670284939,0.41212534059945505,0.23855755894590847,0.3378561736770692,0.5671641791044777,0.4387755102040817,0.4163265306122449,0.8768809849521204,0.3415300546448088,0.7537414965986394,0.7377049180327869,0.6873278236914601,0.8633879781420765,0.7129251700680272,0.2411214953271028,0.9289617486338798,0.1880108991825613,0.9316939890710383,0.2856173677069199,0.06784260515603799,0.34599728629579374,0.3147896879240163,0.3778833107191316,0.2903663500678426,0.4226594301221167,51,3.0,8.3,17,17
06073019503,0.18636454332229024,1.0,0.44758325889945244,1.0,0.3218448573459235,1.0,0.2766096697924309,1.0,0.36252824511257514,1.0,0.4906121111954855,1.0,0.4557666214382632,1.0,1.0,0.3630441867294887,36.30441867294887,5372,601,85481.0,9.5,17.5,19.4,359,96.8,4.0201005025125625,4455,427,19.1,14.0,65.08108108108108,20.94554159186116,11.12165496299108,41.77139437462597,47.3015873015873,3.074245939675174,57.520476545048396,31.97261979,2.214242968282466,42.12147887323944,95.87073608617594,17.0,7.75,46.875,19.25,22.125,21.875,8.875,0.24559023066485752,0.29403606102635227,0.16553133514986373,0.04030054644808745,0.15803814713896458,0.567842605156038,0.952316076294278,0.30513176144244103,0.3595658073270014,0.5284938941655359,0.1612244897959184,0.23809523809523814,0.28454172366621067,0.050546448087431695,0.4571428571428572,0.31420765027322406,0.13085399449035817,0.6639344262295082,0.11700680272108843,0.5383177570093458,0.662568306010929,0.3079019073569482,0.5013661202185792,0.5888738127544098,0.11329715061058344,0.4864314789687924,0.4084124830393487,0.44301221166892807,0.4369063772048847,0.5040705563093623,51,4.5,12.2,30,18
06073020208,0.30803731615793295,1.0,0.39866578577194695,1.0,0.3778463895734684,1.0,0.6351182390607787,1.0,0.6317915774310565,1.0,0.6560466639865399,1.0,0.29430122116689283,1.0,1.0,0.4716867418783737,47.168674187837375,3527,337,114211.0,10.3,17.6,11.9,375,81.9,0.0,3057,556,18.5,14.2,55.04587155963303,12.793733681462141,2.5435838811088884,82.37597911227154,65.38461538461539,0.0,13.04224553444854,11.52457996,0.6527415143603132,48.355663824604136,99.47780678851174,13.0,10.75,30.0,19.25,8.75,20.0,1.875,0.49932157394843957,0.5631067961165048,0.13215258855585832,0.037568306010928976,0.03746594005449591,0.6085481682496607,0.3862397820163488,0.6955617198335645,0.7238805970149254,0.3419267299864315,0.22857142857142854,0.2170068027210884,0.5649794801641587,0.17213114754098358,0.9795918367346939,0.8237704918032787,0.019283746556473802,0.9405737704918032,0.7224489795918367,0.8448598130841122,0.8920765027322405,0.1607629427792916,0.9153005464480874,0.46404341926729986,0.20013568521031208,0.2700135685210312,0.4084124830393487,0.20488466757123475,0.3941655359565807,0.19402985074626866,28,1.0,11.8,22,22
06073020209,0.19604830776893648,1.0,0.34604395761976875,1.0,0.2116626976435079,1.0,0.3684337497866093,1.0,0.5372342401615412,1.0,0.13503124333070285,1.0,0.29877883310719133,1.0,1.0,0.299033289916894,29.9033289916894,4507,807,56230.0,9.1,5.9,16.2,335,86.8,11.801242236024844,4069,732,18.8,16.6,58.0952380952381,14.589486119314826,9.438202247191011,40.28352037802717,22.00772200772201,4.079320113314448,34.16907033503439,14.98444306,11.636148848198465,45.18599562363239,87.06438275251034,14.5,11.0,30.375,19.625,8.75,20.0,1.875,0.13839891451831754,0.052704576976421634,0.1791553133514986,0.41393442622950816,0.10013623978201634,0.5284938941655359,0.5844686648501363,0.13453536754507633,0.4545454545454546,0.15128900949796475,0.189795918367347,0.05102040816326525,0.4760601915184679,0.1311475409836066,0.5673469387755101,0.29918032786885246,0.5399449035812672,0.5737704918032787,0.25578231292517006,0.7794392523364486,0.10928961748633881,0.23569482288828336,0.060109289617486336,0.5162822252374492,0.21234735413839892,0.2781546811397558,0.4226594301221167,0.20488466757123475,0.3941655359565807,0.19402985074626866,28,1.0,13.7,21,23
06073020210,0.28171333998978365,1.0,0.4343772766208977,1.0,0.29126814905066506,1.0,0.5781936793016864,1.0,0.4862180044163374,1.0,0.4886665376235216,1.0,0.2617367706919945,1.0,1.0,0.40316767967069805,40.31676796706981,4445,531,73693.0,8.1,5.8,22.6,266,89.4,0.0,4044,534,18.8,15.2,44.936708860759495,5.84070796460177,8.932661475034356,60.58997050147492,39.770114942528735,3.198172472872644,32.62092238470191,12.68201618,3.893805309734513,37.81609195402299,96.16519174041298,12.5,10.75,26.875,17.375,8.125,16.875,1.875,0.29918588873812757,0.1664355062413315,0.23910081743869205,0.4221311475409836,0.21389645776566757,0.37177747625508817,0.6818801089918256,0.6955617198335645,0.46404341926729986,0.37177747625508817,0.189795918367347,0.1394557823129252,0.7633378932968536,0.40300546448087426,0.6040816326530613,0.5423497267759563,0.21349862258953167,0.6475409836065573,0.2707482993197279,0.8130841121495327,0.48633879781420764,0.444141689373297,0.5355191256830601,0.44301221166892807,0.20013568521031208,0.2496607869742198,0.34260515603799185,0.19335142469470828,0.32903663500678426,0.19402985074626866,28,1.0,12.6,20,22
06073016617,0.13123984222994015,1.0,0.44566872871279845,1.0,0.22065599645557002,1.0,0.44892288024626553,1.0,0.21084509552111164,1.0,0.23985026031972922,1.0,0.5527815468113977,1.0,1.0,0.3214234786138304,32.142347861383044,3607,872,46146.0,9.5,9.7,21.3,256,98.0,42.35294117647059,3433,1139,18.8,16.5,67.58448060075094,3.27455919395466,8.982533961741058,45.08816120906801,46.80306905370844,6.423099587507367,32.436928195176044,74.73553205,13.97984886649874,31.265508684863523,80.9823677581864,16.5,19.25,66.125,32.25,35.0,36.25,9.5,0.11940298507462688,0.018030513176144243,0.16553133514986373,0.22199453551912574,0.20367847411444143,0.3487109905020353,0.9713896457765667,0.01386962552011095,0.6248303934871099,0.01085481682496603,0.189795918367347,0.05714285714285716,0.23803009575923395,0.6092896174863388,0.5972789115646259,0.3510928961748634,0.13636363636363635,0.3592896174863388,0.27482993197278915,0.07289719626168223,0.061475409836065587,0.6444141689373297,0.01366120218579235,0.573270013568521,0.5630936227951153,0.5549525101763908,0.5563093622795116,0.5827679782903663,0.5434192672998643,0.5264586160108549,102,7.25,10.9,33,51
06073016804,0.16631281019219085,1.0,0.4876203195188676,1.0,0.05747653199678787,1.0,0.3427783770770985,1.0,0.35929758052553673,1.0,0.4478578837916847,1.0,0.15413839891451833,1.0,1.0,0.28792598600238345,28.792598600238346,9452,774,87841.0,10.6,16.3,21.7,536,89.0,0.0,8671,1438,21.5,14.6,52.56136606189968,12.67509395285275,14.28108458463865,35.9754014349163,42.21556886227545,3.399339933993399,25.391451544646635,54.90976976,2.186539118551418,44.64934339200894,94.97779296207722,7.5,14.75,15.375,6.25,9.125,3.75,1.75,0.15943012211668928,0.31900138696255204,0.12397820163487738,0.06284153005464477,0.20844686648501362,0.8168249660786974,0.667574931880109,0.6955617198335645,0.009497964721845276,0.0,0.04081632653061229,0.17959183673469392,0.6224350205198359,0.17486338797814205,0.3224489795918367,0.25136612021857924,0.1776859504132231,0.6284153005464481,0.3918367346938776,0.2392523364485981,0.6666666666666667,0.25204359673024523,0.4248633879781421,0.1791044776119403,0.3582089552238806,0.16417910447761194,0.09972862957937585,0.20759837177747625,0.11329715061058344,0.18588873812754408,20,2.0,12.0,12,50
06073016810,0.5845332479866465,1.0,0.4756725342933972,1.0,0.47613947885802893,1.0,0.49905086128999826,1.0,0.8112378836433538,1.0,0.5153077430850246,1.0,0.19932157394843963,1.0,1.0,0.5087519033006984,50.87519033006984,2948,236,135313.0,6.5,3.6,31.9,210,95.3,0.0,2754,433,18.1,13.4,75.1937984496124,5.662514156285391,8.648280558392917,85.3907134767837,11.895910780669144,0.0,13.568521031207599,12.57000622,2.944507361268403,29.595278246205737,92.97848244620612,9.5,14.5,19.5,8.625,10.875,6.25,3.0,0.6580732700135685,0.7267683772538142,0.3453678474114441,0.6079234972677596,0.3460490463215259,0.26255088195386705,0.9189373297002725,0.6955617198335645,0.8059701492537313,0.5189959294436907,0.27414965986394557,0.30544217687074826,0.09439124487004102,0.4112021857923497,0.6244897959183673,0.8661202185792349,0.7754820936639119,0.9405737704918032,0.7102040816326531,0.8186915887850468,0.5901639344262295,0.6920980926430518,0.26366120218579236,0.2856173677069199,0.34531886024423336,0.19742198100407055,0.1451831750339213,0.24151967435549526,0.14925373134328357,0.26322930800542743,24,2.875,7.6,15,50
06073017006,0.6726067916600742,1.0,0.36999196389791367,1.0,0.6685630290107902,1.0,0.7021194428972504,1.0,0.760215566979976,1.0,0.3698699145833644,1.0,0.13446404341926727,1.0,1.0,0.5254043932069481,52.54043932069481,3028,181,158026.0,10.7,0.0,57.5,62,79.0,0.0,2911,491,13.3,11.2,80.0,0.7766990291262136,3.90987408880053,94.46601941747574,7.82608695652174,8.035714285714286,6.605019815059445,2.153080274,4.854368932038835,39.91031390134529,94.07766990291262,7.5,13.75,12.5,9.5,4.375,6.25,0.625,0.7503392130257802,0.8529819694868238,0.11920980926430513,0.967896174863388,0.7070844686648501,0.0407055630936228,0.2847411444141689,0.6955617198335645,0.7693351424694708,0.4430122116689281,0.8768707482993198,0.5850340136054422,0.05266757865937077,0.8565573770491803,0.9156462585034013,0.9836065573770492,0.8746556473829201,0.2595628415300546,0.9197278911564626,0.9869158878504672,0.39480874316939896,0.3828337874659401,0.3319672131147541,0.1791044776119403,0.31275440976933516,0.12211668928086838,0.16485753052917232,0.10854816824966079,0.14925373134328357,0.12754409769335143,20,2.0,4.6,13,44
06073020601,0.1798352466141053,1.0,0.5515479565381309,1.0,0.11559110754206706,1.0,0.25720442198991683,1.0,0.4425338497966881,1.0,0.44266637880118925,1.0,0.3522388059701493,1.0,1.0,0.3345168238931781,33.45168238931781,6208,797,64231.0,6.0,15.0,24.8,532,89.6,0.0,5321,740,20.8,16.3,73.42814371257485,20.423280423280424,8.105004101722724,26.560846560846564,36.57534246575342,0.9952854897852279,32.37757731958763,42.83758556,3.9153439153439153,37.62788935202728,94.65608465608466,17.5,12.25,35.75,23.25,11.125,23.75,2.5,0.14654002713704206,0.09847434119278779,0.39645776566757496,0.07786885245901642,0.247275204359673,0.8113975576662144,0.69141689373297,0.6955617198335645,0.18317503392130263,0.14789687924016282,0.06258503401360549,0.06870748299319729,0.12311901504787959,0.05601092896174864,0.6761904761904762,0.17349726775956284,0.25068870523415976,0.8469945355191257,0.2761904761904762,0.39626168224299063,0.48497267759562845,0.45231607629427795,0.3907103825136612,0.6051560379918589,0.25848032564450474,0.3310719131614654,0.48846675712347354,0.24559023066485752,0.46132971506105835,0.23473541383989144,29,1.0,16.9,31,27
06073020602,0.29069856051798504,1.0,0.5263704614158109,1.0,0.0724990538956424,1.0,0.23476265649225758,1.0,0.5360474922514175,1.0,0.212962135763315,1.0,0.3394843962008141,1.0,1.0,0.31611782236246316,31.611782236246317,6320,1410,76014.0,5.8,4.7,26.0,594,92.8,1.8672199170124482,5423,1144,20.6,16.8,66.63732394366197,17.415730337078653,14.849377865094956,39.376915219611845,18.236173393124066,3.736479842674533,17.08860759493671,49.17237088,10.674157303370785,48.13049853372434,94.0755873340143,17.5,11.75,33.5,21.625,11.125,21.875,2.5,0.028493894165535938,0.1955617198335645,0.42166212534059944,0.5170765027322404,0.26362397820163486,0.8534599728629579,0.8276566757493188,0.3647711511789181,0.16689280868385348,0.009497964721845276,0.06938775510204087,0.04421768707482998,0.2544459644322845,0.10382513661202186,0.28979591836734697,0.29098360655737704,0.6225895316804408,0.605191256830601,0.6136054421768707,0.302803738317757,0.1407103825136612,0.16757493188010897,0.33060109289617484,0.6051560379918589,0.2435549525101764,0.30868385345997285,0.47150610583446406,0.24559023066485752,0.4369063772048847,0.23473541383989144,29,1.0,14.6,32,25
06073020707,0.39711688808509205,1.0,0.4686424375853049,1.0,0.25551440386195184,1.0,0.29910459799627054,1.0,0.3635971224277988,1.0,0.5296861273655843,1.0,0.31886024423337855,1.0,1.0,0.376074545936483,37.6074545936483,5273,914,100016.0,2.6,10.0,28.9,350,94.8,6.198347107438017,4532,583,19.6,13.8,66.6329625884732,12.126984126984127,10.527321360336263,36.44444444444444,36.00525624178712,6.69431279620853,30.912194196851885,30.15556938,1.2063492063492065,39.17844522968198,94.53968253968253,16.0,12.5,31.375,20.0,9.375,20.625,2.5,0.1099050203527816,0.4119278779472954,0.861716621253406,0.20491803278688525,0.2956403269754768,0.5529172320217096,0.8998637602179836,0.23439667128987518,0.33107191316146545,0.3127544097693351,0.11768707482993201,0.2605442176870748,0.2558139534883721,0.18579234972677594,0.49251700680272104,0.26229508196721313,0.2603305785123967,0.3292349726775956,0.29659863945578235,0.5682242990654205,0.8101092896174864,0.4046321525885559,0.3743169398907104,0.5556309362279511,0.2734056987788331,0.2903663500678426,0.4443690637720488,0.21438263229308005,0.41044776119402987,0.23473541383989144,28,1.0,13.0,29,28
06073008339,0.45440075568874705,1.0,0.5621134717907014,1.0,0.7282908278643886,1.0,0.28355285499636373,1.0,0.3120776264383289,1.0,0.5849991066243803,1.0,0.18833107191316145,1.0,1.0,0.4448236736165816,44.48236736165816,1824,577,80804.0,5.6,1.2,68.5,330,88.8,0.0,1757,123,20.0,9.1,62.323943661971825,3.372243839169909,32.87369001654716,23.086900129701686,9.183673469387756,10.244470314318974,59.75877192982456,65.97386434,14.656290531776914,18.29134720700986,98.31387808041504,4.0,19.25,19.5,10.625,7.5,8.125,1.125,0.26594301221166894,0.24687933425797504,0.4502724795640327,0.8545081967213115,0.853542234332425,0.5189959294436907,0.6587193460490464,0.6955617198335645,0.9511533242876526,0.9613297150610584,0.09863945578231292,0.9020408163265307,0.35704514363885087,0.5942622950819672,0.03809523809523807,0.1448087431693989,0.8347107438016529,0.15437158469945356,0.1115646258503401,0.14766355140186915,0.05464480874316935,0.9209809264305178,0.7793715846994536,0.08276797829036635,0.5630936227951153,0.19742198100407055,0.20420624151967434,0.18046132971506107,0.19335142469470828,0.16621438263229307,35,0.0,10.7,7,60
06073013412,0.45041418010358625,1.0,0.5067105032908373,1.0,0.44410161622315136,1.0,0.5449955506411486,1.0,0.6228218830497402,1.0,0.6382635259550433,1.0,0.6978290366350067,1.0,1.0,0.5578766136997877,55.78766136997877,5358,193,123571.0,12.4,6.9,37.9,326,84.7,2.834008097165992,4792,742,13.7,11.7,57.21830985915493,4.651162790697675,9.123604012871475,65.9468438538206,21.147540983606557,1.8478260869565217,17.357222844344903,31.53702551,0.9966777408637874,47.17893605588394,99.33554817275747,22.0,18.75,118.5,56.375,50.875,78.75,20.0,0.7272727272727273,0.644244105409154,0.06880108991825618,0.36133879781420764,0.44550408719346046,0.5094979647218453,0.4816076294277929,0.3370319001386962,0.27408412483039346,0.14654002713704206,0.8421768707482993,0.5136054421768708,0.5061559507523941,0.4890710382513661,0.5863945578231293,0.5983606557377049,0.5688705234159779,0.7725409836065573,0.6040816326530613,0.5457943925233645,0.8346994535519126,0.18664850136239786,0.8934426229508197,0.7333785617367707,0.5332428765264586,0.6933514246947082,0.694708276797829,0.6845318860244234,0.7055630936227951,0.7109905020352781,170,15.25,7.0,40,48
06073020403,0.7096800267525668,1.0,0.48310949489539096,1.0,0.5351090096825705,1.0,0.5451792096937899,1.0,0.5193498354319589,1.0,0.4857171572787779,1.0,0.2955223880597015,1.0,1.0,0.510523874542108,51.0523874542108,4089,115,137297.0,4.0,4.1,41.4,355,82.5,0.0,3778,379,16.1,12.2,77.05882352941177,7.8660436137071645,3.7540133366263273,86.13707165109035,13.636363636363635,1.984732824427481,21.765712888236735,68.78655881,1.7133956386292832,47.47409326424871,96.18380062305296,12.5,13.5,29.375,18.625,9.375,19.375,2.5,0.8690637720488467,0.739251040221914,0.6716621253405994,0.5587431693989071,0.49318801089918257,0.5617367706919946,0.40054495912806537,0.6955617198335645,0.5332428765264586,0.6065128900949797,0.5564625850340136,0.4442176870748299,0.06839945280437754,0.3087431693989071,0.927891156462585,0.8756830601092896,0.7286501377410468,0.7581967213114754,0.48027210884353744,0.11028037383177569,0.7336065573770492,0.1825613079019074,0.5409836065573771,0.44301221166892807,0.3046132971506106,0.26594301221166894,0.383989145183175,0.21438263229308005,0.378561736770692,0.23473541383989144,27,1.0,7.7,22,31
06073021304,0.88785796777511,1.0,0.2034941920480564,1.0,0.6641737970629229,1.0,0.9321737215664001,1.0,0.749084989537386,1.0,0.3597015629110148,1.0,0.10013568521031209,1.0,1.0,0.5566602737301717,55.666027373017165,3181,75,166630.0,1.7,1.7,35.2,249,71.4,18.64406779661017,3114,318,14.7,11.8,38.095238095238095,0.42016806722689076,2.1200260926288323,97.26890756302521,2.622950819672131,4.704704704704705,16.661427224143353,7.342874922,3.6764705882352944,60.48324240062354,96.11344537815127,0.5,11.75,8.625,3.875,4.75,2.5,1.75,0.932157394843962,0.8793342579750347,0.9318801089918256,0.8080601092896175,0.40735694822888285,0.33242876526458615,0.1362397820163488,0.07628294036061023,0.7069199457259159,0.7075983717774763,0.7442176870748299,0.49795918367346936,0.8556771545827633,0.8907103825136612,0.9836734693877551,0.9986338797814208,0.9600550964187328,0.4972677595628415,0.6231292517006803,0.9158878504672897,0.5027322404371585,0.04768392370572205,0.5286885245901639,0.025101763907734057,0.2435549525101764,0.06919945725915876,0.044097693351424695,0.1255088195386703,0.07598371777476255,0.18588873812754408,18,1.0,5.6,1,43
06073015801,0.10822380991767228,1.0,0.4329544916767299,1.0,0.2546772168840399,1.0,0.09453767782370288,1.0,0.31873739257240163,1.0,0.3770702739188914,1.0,0.5952510176390773,1.0,1.0,0.31163598291893074,31.163598291893074,3947,853,53602.0,7.9,21.2,15.2,372,87.1,12.837837837837837,3578,595,21.9,15.5,71.68587896253602,18.689655172413794,22.80970625798212,4.275862068965517,52.03389830508475,0.8207934336525308,64.60602989612364,55.56938395,15.310344827586206,12.093726379440666,89.37931034482759,22.0,17.25,77.375,39.0,40.75,44.375,12.5,0.12483039348710989,0.04576976421636616,0.25,0.012295081967213073,0.082425068119891,0.5990502035278155,0.6008174386920981,0.12343966712898746,0.582089552238806,0.2924016282225237,0.03129251700680269,0.11292517006802716,0.16142270861833108,0.0806010928961749,0.11836734693877549,0.017759562841530054,0.0881542699724518,0.855191256830601,0.09795918367346934,0.23364485981308414,0.04644808743169404,0.9768392370572208,0.10792349726775956,0.7333785617367707,0.45861601085481685,0.587516960651289,0.5881953867028494,0.6207598371777476,0.5719131614654003,0.6078697421981004,115,8.125,14.2,36,51
06073015901,0.10862860351348577,1.0,0.5099412325860276,1.0,0.38078138989652843,1.0,0.1123061634108466,1.0,0.3296069614271579,1.0,0.17733009732831054,1.0,0.6147896879240162,1.0,1.0,0.31905487658376763,31.905487658376764,3442,650,46372.0,12.9,11.8,20.2,238,95.2,5.263157894736842,3032,278,23.6,18.6,69.01408450704226,20.54933875890132,22.087522176227083,13.326551373346899,29.68036529680365,4.932301740812379,30.21499128413713,62.11574362,13.73346897253306,42.72727272727273,91.353001017294,24.5,19.75,82.375,42.0,43.375,46.25,13.0,0.20691994572591588,0.019417475728155338,0.05722070844686644,0.15095628415300544,0.18119891008174388,0.31343283582089554,0.9148501362397821,0.260748959778086,0.7340569877883311,0.7672998643147897,0.010884353741496544,0.010884353741496544,0.21203830369357046,0.051912568306010876,0.12653061224489792,0.05874316939890711,0.3732782369146006,0.4713114754098361,0.3074829931972789,0.16635514018691588,0.06557377049180324,0.29155313351498635,0.17486338797814208,0.8073270013568521,0.582089552238806,0.60719131614654,0.6153324287652646,0.6377204884667571,0.5909090909090909,0.6227951153324288,123,8.125,21.1,42,51
06073015902,0.08926345742694411,1.0,0.4923899927714582,1.0,0.07448818061824458,1.0,0.1967541992016021,1.0,0.46473365052970206,1.0,0.42148593181558747,1.0,0.6165535956580733,1.0,1.0,0.3365241440030874,33.652414400308736,5586,1466,46969.0,10.2,11.1,14.7,360,89.3,0.8565310492505354,5224,939,22.6,17.7,69.87381703470031,19.591141396933562,13.18922879648287,25.2129471890971,29.925925925925927,0.0,23.988542785535266,67.42999378,18.34185122089722,28.79640044994376,96.08177172061329,21.5,18.75,82.5,42.0,43.5,46.875,13.0,0.024423337856173677,0.023578363384188627,0.13692098092643057,0.17213114754098358,0.07152588555858311,0.5705563093622795,0.6771117166212534,0.38141470180305137,0.19674355495251017,0.05563093622795112,0.01904761904761909,0.026530612244897944,0.1942544459644323,0.06557377049180324,0.3659863945578231,0.16120218579234974,0.36914600550964183,0.9405737704918032,0.4258503401360544,0.12336448598130845,0.031420765027322384,0.7084468664850136,0.5245901639344263,0.7204884667571235,0.5332428765264586,0.6092265943012212,0.6153324287652646,0.6397557666214383,0.5956580732700135,0.6227951153324288,123,8.75,16.3,40,51
06073017050,0.3385424512285753,1.0,0.4274859709041345,1.0,0.6630906229520303,1.0,0.48778102548682456,1.0,0.5756733442065997,1.0,0.6162641513179772,1.0,0.05943012211668928,1.0,1.0,0.45260966974469014,45.260966974469014,2971,330,111272.0,8.3,13.6,44.3,175,90.3,6.629834254143646,2722,325,15.0,12.2,59.25925925925925,10.696266397578205,7.251779057946458,60.645812310797176,34.23913043478261,3.69290573372206,14.473241332884552,18.48164281,4.742684157416751,22.780569514237854,96.87184661957619,12.0,17.5,7.0,5.875,2.0,1.25,0.0,0.5074626865671642,0.521497919556172,0.22343324250681196,0.10177595628415304,0.5313351498637602,0.19877883310719133,0.717983651226158,0.22468793342579751,0.8113975576662144,0.6953867028493894,0.7013605442176871,0.4442176870748299,0.4473324213406292,0.21857923497267762,0.7414965986394557,0.5437158469945356,0.27685950413223137,0.6065573770491803,0.6884353741496598,0.7308411214953271,0.4016393442622951,0.8419618528610354,0.605191256830601,0.4185888738127544,0.4735413839891452,0.05359565807327001,0.09565807327001356,0.04952510176390773,0.051560379918588875,0.046811397557666216,11,1.0,6.9,20,58
06073018000,0.595365526820439,1.0,0.373585742589297,1.0,0.7304398692991444,1.0,0.29727474863372716,1.0,0.2871660927481505,1.0,0.5263520991845466,1.0,0.33487109905020357,1.0,1.0,0.44929359690364407,44.92935969036441,3452,229,101589.0,3.5,4.5,57.1,248,77.9,0.0,3115,260,15.6,9.9,57.09037472446731,4.211117349803481,34.64658169177289,21.729365524985962,33.840304182509506,19.810895992796038,69.81460023174971,18.09583074,1.6282987085906795,33.6046511627907,92.98147108366086,7.5,6.75,34.75,14.0,22.875,10.625,6.625,0.6743554952510176,0.4188626907073509,0.752724795640327,0.53551912568306,0.7043596730245232,0.32903663500678426,0.2513623978201635,0.6955617198335645,0.7055630936227951,0.7978290366350068,0.6333333333333333,0.7850340136054421,0.5102599179206566,0.5286885245901639,0.029931972789115635,0.12021857923497267,0.2892561983471075,0.040983606557377095,0.08571428571428574,0.7327102803738318,0.7486338797814207,0.5653950953678475,0.2650273224043716,0.1791044776119403,0.08208955223880597,0.31886024423337855,0.26322930800542743,0.45725915875169604,0.2198100407055631,0.4151967435549525,44,4.5,5.2,14,18
06073007200,0.6944656536202751,1.0,0.4288414186306902,1.0,0.4190946935083396,1.0,0.6534622245772117,1.0,0.7980127268699562,1.0,0.6339765637795745,1.0,0.5810040705563093,1.0,1.0,0.6012653359346223,60.12653359346223,5779,167,176063.0,10.8,0.0,72.3,150,37.3,0.0,5688,592,17.2,9.5,52.56410256410257,0.0,15.908694894580938,79.79861548143487,3.2911392405063293,1.4267990074441688,13.497144834746496,19.61418793,5.160478288231593,20.334620334620336,97.23096286972938,8.5,19.5,78.375,35.5,32.5,50.0,10.375,0.7829036635006784,0.912621359223301,0.114441416893733,0.967896174863388,0.8971389645776566,0.16960651289009498,0.005449591280653951,0.6955617198335645,0.1302578018995929,0.3005427408412483,0.3952380952380953,0.8503401360544218,0.6210670314637483,0.950136612021858,0.2612244897959184,0.7814207650273224,0.9490358126721763,0.8128415300546448,0.7142857142857143,0.7158878504672896,0.3702185792349727,0.8937329700272479,0.6379781420765027,0.2327001356852103,0.5725915875169606,0.592944369063772,0.5753052917232022,0.562415196743555,0.6085481682496607,0.5658073270013568,134,7.0,5.7,15,48
06073007302,0.8292578077134687,1.0,0.46458356497107145,1.0,0.871397880726239,1.0,0.6493066202844081,1.0,0.6141876691367916,1.0,0.9198828188978722,1.0,0.6560379918588874,1.0,1.0,0.7149506219412485,71.49506219412484,2610,55,183529.0,4.0,2.1,69.4,76,76.4,0.0,2546,140,13.4,9.7,63.793103448275865,0.0,9.652509652509652,79.26829268292683,37.93103448275862,4.558680892337536,11.11111111111111,6.932171749,0.5081300813008129,13.249211356466878,99.1869918699187,10.0,21.0,102.25,46.875,44.0,68.75,15.0,0.9592944369063772,0.9278779472954231,0.6716621253405994,0.7581967213114754,0.8658038147138964,0.04748982360922659,0.22070844686648503,0.6955617198335645,0.8521031207598372,0.9430122116689281,0.8666666666666667,0.8238095238095238,0.32284541723666216,0.950136612021858,0.5510204081632653,0.773224043715847,0.23691460055096414,0.5109289617486339,0.7836734693877551,0.9252336448598131,0.9139344262295082,0.9686648501362398,0.8770491803278688,0.30868385345997285,0.6492537313432836,0.6560379918588873,0.6472184531886025,0.6451831750339213,0.680461329715061,0.6512890094979648,162,9.25,4.0,16,50
06073007501,0.6110576628467201,1.0,0.5565430218242451,0.8333333333333334,0.6145873138943502,1.0,0.3658055540172607,1.0,0.25266144660903994,1.0,0.4261631254249738,1.0,0.6560379918588873,1.0,1.0,0.497550873782211,49.755087378221106,3944,469,95270.0,3.1,0.7,67.1,603,70.0,,3584,304,18.1,9.3,59.008264462809926,0.916988416988417,22.153687997943976,12.403474903474903,31.976744186046513,8.80281690140845,82.9107505070994,41.7423771,12.065637065637064,24.13055109684323,94.4015444015444,10.0,21.25,102.25,49.125,44.25,65.0,15.0,0.35617367706919945,0.37031900138696255,0.8079019073569482,0.9098360655737705,0.8392370572207084,0.8609226594301221,0.11444141689373297,,0.5793758480325645,0.7272727272727273,0.27414965986394557,0.8775510204081632,0.4541723666210671,0.837431693989071,0.12517006802721087,0.04644808743169399,0.3292011019283747,0.20628415300546443,0.06394557823129254,0.4112149532710281,0.09699453551912574,0.8228882833787465,0.35860655737704916,0.30868385345997285,0.6594301221166893,0.6560379918588873,0.6648575305291723,0.6485753052917232,0.6594301221166893,0.6512890094979648,163,9.25,6.7,18,52
06073007502,0.5261439185965092,1.0,0.5316197304404794,1.0,0.7520738146004671,1.0,0.42797839112770536,1.0,0.4414790641903693,1.0,0.5840703682196513,1.0,0.6187245590230666,1.0,1.0,0.5545842637426068,55.45842637426068,2952,287,97309.0,8.1,0.6,62.2,463,70.9,0.0,2658,208,17.2,9.0,49.087078651685395,1.6042780748663104,18.80781089414183,15.38918597742127,8.547008547008547,14.48170731707317,122.96747967479675,13.59054138,5.822935234699941,29.599999999999998,98.09863339275104,8.5,20.5,90.125,45.375,37.125,58.75,11.375,0.5549525101763908,0.391123439667129,0.23910081743869205,0.9193989071038251,0.7697547683923706,0.7408412483039348,0.12806539509536785,0.6955617198335645,0.824966078697422,0.8765264586160109,0.3952380952380953,0.9115646258503401,0.6839945280437756,0.76775956284153,0.18775510204081636,0.07240437158469945,0.8567493112947658,0.0792349726775956,0.029931972789115635,0.8,0.31557377049180324,0.6907356948228882,0.7459016393442623,0.2327001356852103,0.6227951153324288,0.6282225237449118,0.6377204884667571,0.5983717774762551,0.6445047489823609,0.5848032564450475,146,7.125,6.0,16,50
06073010009,0.1469007110809743,1.0,0.3841955398241222,1.0,0.24724475950488742,1.0,0.40248696314210014,1.0,0.24865674818980668,1.0,0.25230664621829135,1.0,0.22862957937584802,1.0,1.0,0.2729172781908615,27.291727819086148,5298,611,73918.0,15.0,11.9,11.9,442,91.8,22.872340425531913,4511,663,18.0,15.1,65.07072905331881,14.087439278278973,3.606870229007634,34.97571131158917,29.96389891696751,6.184895833333334,88.71272178180445,59.26571251,7.147814018043026,36.91845922961481,85.01040943789036,12.5,12.5,25.125,12.125,10.5,12.5,2.25,0.237449118046133,0.17059639389736478,0.03201634877384196,0.14754098360655743,0.03746594005449591,0.7096336499321574,0.782016348773842,0.05963938973647709,0.3405698778833107,0.20963364993215738,0.29047619047619044,0.14829931972789112,0.28590971272229826,0.14617486338797814,0.9346938775510204,0.24316939890710382,0.3677685950413223,0.3715846994535519,0.05714285714285716,0.19813084112149537,0.2527322404371585,0.46730245231607626,0.036885245901639344,0.44301221166892807,0.2734056987788331,0.2327001356852103,0.22795115332428764,0.23202170963364993,0.24491180461329715,0.20556309362279512,28,5.0,13.8,23,43
06073010010,0.14686596162343457,1.0,0.4893572053641853,1.0,0.31968543183894993,1.0,0.4172081737765636,1.0,0.5257271053266559,1.0,0.27545003796846385,1.0,0.46635006784260513,1.0,1.0,0.37723485482012264,37.723485482012265,4710,708,63485.0,13.9,8.7,16.6,333,90.4,1.5873015873015872,4363,692,15.9,15.3,75.25951557093425,12.326169405815424,5.626326963906582,61.94690265486725,33.842239185750635,2.706027060270603,21.231422505307854,25.58805227,9.29203539823009,33.79978471474704,88.30594184576486,27.0,14.5,51.625,25.5,19.875,30.625,5.875,0.18588873812754414,0.09431345353675451,0.04223433242506813,0.26502732240437155,0.10762942779291552,0.5244233378561737,0.726158038147139,0.37101248266296805,0.3772048846675712,0.1852103120759837,0.5891156462585034,0.1272108843537415,0.09165526675786595,0.18306010928961747,0.8353741496598639,0.5587431693989071,0.2865013774104683,0.6926229508196722,0.4938775510204082,0.6299065420560748,0.1885245901639344,0.555858310626703,0.08196721311475409,0.8616010854816825,0.34531886024423336,0.508819538670285,0.508819538670285,0.40637720488466755,0.5149253731343284,0.39280868385345996,69,8.0,11.5,43,44
06073010013,0.19343031604115157,1.0,0.46863149507111385,1.0,0.2669142690997701,1.0,0.2824690493810944,1.0,0.15958696687507481,1.0,0.15053006953440243,1.0,0.2420624151967435,1.0,1.0,0.2519463687427644,25.194636874276437,5259,564,73699.0,7.1,18.2,7.9,411,96.8,1.6042780748663104,4788,373,19.2,17.7,57.622739018087856,31.98482932996207,10.787902138316317,24.778761061946902,48.59437751004016,11.372549019607844,44.11485073207834,56.67703796,9.860935524652339,45.71097372488408,87.35777496839444,15.5,12.5,27.125,12.5,12.125,13.125,2.25,0.27679782903663497,0.1678224687933426,0.2990463215258855,0.030054644808743203,0.009536784741144414,0.666214382632293,0.952316076294278,0.3689320388349514,0.27679782903663497,0.6092265943012212,0.1551020408163265,0.026530612244897944,0.4979480164158687,0.002732240437158473,0.47619047619047616,0.15300546448087432,0.1198347107438017,0.12295081967213117,0.1768707482993197,0.2186915887850467,0.16803278688524592,0.21798365122615804,0.06557377049180328,0.5413839891451832,0.2734056987788331,0.25237449118046135,0.22930800542740842,0.2645861601085482,0.25848032564450474,0.20556309362279512,30,6.0,17.3,26,43
06073010106,0.1532676231039385,1.0,0.4604571363530397,1.0,0.2965981779414616,1.0,0.41609363150521356,1.0,0.3112112470629739,1.0,0.16863581542859696,1.0,0.437449118046133,1.0,1.0,0.32053039277733675,32.053039277733674,4605,1092,68000.0,6.2,17.4,17.5,316,94.8,12.195121951219512,4029,423,18.9,18.8,69.87179487179486,18.702865761689292,3.203159280386134,51.734539969834096,52.39520958083832,5.353319057815846,36.91639522258415,34.53640324,12.217194570135746,41.373801916932905,88.00904977375565,24.0,14.0,45.25,21.5,19.375,26.25,5.25,0.07123473541383984,0.12482662968099861,0.37465940054495916,0.042349726775956276,0.12602179836512262,0.4843962008141113,0.8998637602179836,0.12898751733703195,0.46675712347354137,0.533921302578019,0.17823129251700676,0.007482993197278964,0.1956224350205198,0.0792349726775956,0.9578231292517007,0.43169398907103823,0.08126721763085398,0.4316939890710383,0.22721088435374148,0.5046728971962617,0.09426229508196726,0.33787465940054495,0.07377049180327869,0.7971506105834464,0.32632293080054275,0.4701492537313433,0.4687924016282225,0.39348710990502034,0.4843962008141113,0.3704206241519674,58,8.0,17.8,40,44
06073010107,0.3456112157628959,1.0,0.512731942479122,1.0,0.32724688247076306,1.0,0.545777117556897,1.0,0.3297974575279238,1.0,0.5877145962686678,1.0,0.49850746268656715,1.0,1.0,0.4496266678218338,44.96266678218338,5645,365,88113.0,6.2,9.8,16.2,382,84.2,0.0,5019,642,16.1,13.4,57.250470809792844,9.42942942942943,5.922105637560021,66.30630630630631,24.61832061068702,11.717921527041357,28.520814880425156,42.63845675,2.1021021021021022,29.600316580926002,94.71471471471472,25.0,15.5,58.625,27.375,23.75,35.625,7.0,0.4681139755766621,0.3217753120665742,0.37465940054495916,0.21789617486338797,0.10013623978201634,0.6255088195386703,0.45708446866485014,0.6955617198335645,0.22320217096336503,0.22388059701492535,0.5564625850340136,0.30544217687074826,0.5047879616963065,0.25409836065573765,0.8231292517006803,0.6010928961748634,0.47245179063360887,0.11748633879781423,0.3292517006802721,0.4,0.680327868852459,0.6893732970027249,0.39344262295081966,0.8168249660786974,0.3812754409769335,0.5278154681139756,0.5244233378561737,0.47829036635006783,0.5393487109905021,0.4226594301221167,80,9.625,10.3,43,44
06073012102,0.19415009254269555,1.0,0.4805617064670959,1.0,0.5348302550328137,1.0,0.4694487116234217,1.0,0.1915911810216238,1.0,0.28478209079674216,1.0,0.7852103120759837,1.0,1.0,0.42008204993719656,42.00820499371966,2708,605,69714.0,9.7,9.1,13.3,356,80.3,4.62962962962963,2336,345,17.1,14.6,55.82655826558266,13.253012048192772,8.197932053175776,57.9408543263965,52.94117647058824,10.40235525024534,25.849335302806498,62.78780336,10.076670317634173,42.081031307550646,94.6330777656079,30.0,23.25,157.125,72.375,66.625,106.25,24.75,0.24151967435549526,0.13592233009708737,0.15803814713896458,0.24112021857923494,0.05040871934604905,0.5644504748982361,0.3181198910081744,0.27739251040221913,0.8846675712347354,0.6648575305291724,0.4102040816326531,0.17959183673469392,0.5458276333789329,0.16393442622950816,0.6666666666666667,0.5013661202185792,0.0757575757575758,0.1489071038251366,0.38095238095238093,0.1607476635514019,0.15710382513661203,0.3092643051771117,0.3879781420765027,0.9294436906377205,0.7435549525101763,0.7896879240162822,0.7829036635006784,0.7706919945725916,0.8039348710990502,0.7788331071913162,187,17.375,12.2,55,50
06073012302,0.4175274717635266,1.0,0.47334210075388644,1.0,0.5979672601740832,1.0,0.43728064043001874,1.0,0.38583014051616993,1.0,0.1572589250706015,1.0,0.7100407055630935,1.0,1.0,0.45417817775305425,45.41781777530542,1462,281,44125.0,6.0,2.8,34.7,118,67.4,0.0,1363,283,16.5,14.8,57.8538102643857,4.504504504504505,7.681660899653979,13.77091377091377,21.35922330097087,7.719714964370546,90.28727770177838,24.62974487,17.245817245817246,41.55405405405405,89.31788931788932,26.0,22.0,125.875,57.5,55.25,84.375,19.75,0.567842605156038,0.013869625520110958,0.39645776566757496,0.6919398907103825,0.39645776566757496,0.11058344640434192,0.10013623978201634,0.6955617198335645,0.9782903663500678,0.7598371777476255,0.4884353741496599,0.16530612244897958,0.48016415868673046,0.5,0.7074829931972789,0.06147540983606557,0.5606060606060606,0.27595628415300544,0.05442176870748294,0.6523364485981309,0.03688524590163933,0.329700272479564,0.1051912568306011,0.8385345997286295,0.6987788331071914,0.7082767978290366,0.6994572591587517,0.7048846675712347,0.7279511533242876,0.7096336499321574,169,15.75,11.4,45,48
06073012304,0.4896146294671725,1.0,0.4992942850721825,1.0,0.375955334644034,1.0,0.3079636925300048,1.0,0.5036691008600152,1.0,0.2984482561804222,1.0,0.7149253731343284,1.0,1.0,0.4556958102697371,45.56958102697371,4665,525,92614.0,5.9,0.9,35.1,376,77.9,7.246376811594203,4239,694,16.4,12.6,73.34254143646409,11.475409836065573,10.87912087912088,51.60655737704918,16.272189349112427,4.747033104309806,22.508038585209004,42.31487243,6.622950819672131,42.37368922783604,93.83606557377048,25.0,22.0,126.5,57.5,55.875,85.0,21.0,0.30597014925373134,0.3578363384188627,0.4073569482288828,0.8872950819672131,0.4025885558583106,0.6126187245590231,0.2513623978201635,0.21359223300970875,0.41383989145183175,0.18181818181818177,0.5027210884353741,0.40544217687074835,0.12585499316005477,0.20628415300546443,0.4693877551020408,0.430327868852459,0.6584022038567493,0.49590163934426235,0.45850340136054424,0.4018691588785047,0.27732240437158473,0.30381471389645776,0.31420765027322406,0.8168249660786974,0.6987788331071914,0.7103120759837178,0.6994572591587517,0.7096336499321574,0.7327001356852103,0.7225237449118046,171,15.75,9.2,47,48
06073012402,0.15846813243489755,1.0,0.6401671284516621,1.0,0.2115835479374925,1.0,0.34303262288521963,1.0,0.1796791324590188,1.0,0.5254947067494528,1.0,0.7215739484396202,1.0,1.0,0.3971427456224805,39.71427456224805,5604,1019,69048.0,7.6,11.8,14.9,368,99.4,0.0,4772,689,18.3,15.3,60.62544420753376,15.416666666666668,8.124662223022879,25.624999999999996,37.69507803121249,11.069939786938397,31.584582441113493,75.45737399,2.4479166666666665,35.1578947368421,95.10416666666667,23.0,22.5,126.875,58.875,55.5,85.625,21.625,0.08412483039348706,0.1317614424410541,0.26702997275204354,0.15095628415300544,0.07425068119891008,0.5895522388059702,0.989100817438692,0.6955617198335645,0.28358208955223885,0.18860244233378565,0.24693877551020404,0.1272108843537415,0.4117647058823529,0.12431693989071035,0.6707482993197279,0.16530054644808742,0.23966942148760328,0.1297814207650273,0.2857142857142857,0.06355140186915886,0.639344262295082,0.5068119891008174,0.430327868852459,0.7706919945725916,0.7218453188602443,0.7130257801899593,0.7123473541383989,0.7069199457259159,0.7381275440976933,0.737449118046133,172,15.375,13.7,39,49
06073006600,0.7628185141422378,1.0,0.5370502198068752,1.0,0.7235086164723692,1.0,0.09805300217685242,1.0,0.3101496468229858,1.0,0.7557411791565541,1.0,0.7396200814111262,1.0,1.0,0.5609916085698573,56.09916085698573,2032,121,110651.0,1.9,2.1,36.6,277,80.1,0.0,1501,108,21.1,9.1,74.94505494505495,15.723270440251572,20.03081664098613,0.0,2.557544757033248,26.615384615384613,91.04330708661418,58.2576229,1.6771488469601679,29.28921568627451,98.74213836477988,17.5,24.5,139.625,62.5,62.0,91.875,20.625,0.8568521031207599,0.5145631067961165,0.9216621253405994,0.7581967213114754,0.4257493188010899,0.40094979647218454,0.30994550408719346,0.6955617198335645,0.9715061058344641,0.9708276797829036,0.0496598639455782,0.9020408163265307,0.10123119015047877,0.11885245901639341,0.1673469387755102,0.0047814207650273225,0.9614325068870524,0.021857923497267784,0.051700680272108834,0.20560747663551404,0.7431693989071038,0.6961852861035422,0.8278688524590164,0.6051560379918589,0.7849389416553596,0.7503392130257802,0.7299864314789688,0.7455902306648575,0.7564450474898237,0.7157394843962008,180,13.0,10.2,29,52
06073021001,0.6197871455243291,1.0,0.3168510546221473,1.0,0.6433588089238409,1.0,0.8389360967414035,1.0,0.4191075111343367,0.75,0.5369460450757632,1.0,0.016553595658073274,1.0,1.0,0.4845057510971276,48.450575109712766,1894,49,65503.0,4.9,1.2,19.9,47,100.0,0.0,1720,258,14.8,16.1,34.411764705882355,0.9285051067780872,0.0,67.96657381615599,15.625,42.12788823213326,18.479408658922914,,3.5283194057567315,38.25816485225506,97.49303621169916,0.0,0.0,0.0,0.0,0.0,0.0,0.0,0.9674355495251018,0.10679611650485436,0.5504087193460491,0.8545081967213115,0.16689373297002724,0.029172320217096336,0.9952316076294278,0.6955617198335645,0.9572591587516961,0.805291723202171,0.7292517006802721,0.08163265306122447,0.8987688098495212,0.8360655737704918,0.9979591836734694,0.6229508196721312,0.6790633608815426,0.006830601092896127,0.5714285714285714,,0.5177595628415301,0.43324250681198906,0.6598360655737705,0.009497964721845319,0.0047489823609226595,0.0033921302578018998,0.004070556309362279,0.011533242876526458,0.016960651289009497,0.046811397557666216,0,0.0,7.3,0,0
06073013423,0.8634750358815209,1.0,0.33503257598973696,1.0,0.7584233286258872,1.0,0.6103939459886127,1.0,0.8039247980274166,0.75,0.3746519557481276,1.0,0.6255088195386703,1.0,1.0,0.6244872085428532,62.44872085428532,3542,47,195875.0,1.7,3.7,64.1,69,78.8,4.093567251461988,3273,324,13.7,9.7,60.98901098901099,4.4422507403751235,7.429718875502007,80.94768015794669,14.933837429111533,1.7458777885548011,6.493506493506494,,1.5794669299111548,49.96978851963746,92.30009871668312,6.5,17.25,88.25,42.375,40.875,52.5,14.75,0.9694708276797829,0.9514563106796117,0.9318801089918256,0.6010928961748634,0.7942779291553134,0.04206241519674356,0.279291553133515,0.29958391123439665,0.6689280868385346,0.6987788331071914,0.8421768707482993,0.8238095238095238,0.4008207934336525,0.5122950819672132,0.7224489795918367,0.8060109289617486,0.7011019283746556,0.7814207650273224,0.9292517006802721,,0.7595628415300546,0.13215258855585832,0.23224043715846995,0.13636363636363635,0.45861601085481685,0.6227951153324288,0.6173677069199457,0.6227951153324288,0.6180461329715061,0.6465400271370421,154,12.0,6.4,13,49
06073013320,0.5385679246926165,1.0,0.45198030680068985,1.0,0.5284648187633263,1.0,0.48636582539992745,1.0,0.8137513475335489,0.75,0.5569030637820561,1.0,0.2010854816824966,1.0,1.0,0.511016966950666,51.1016966950666,6317,408,126122.0,6.1,2.9,52.2,433,75.8,0.0,5794,419,15.6,9.7,64.98855835240275,3.6957686127477234,12.184466019417476,73.2726298875201,16.039823008849556,0.0,9.339876523666296,,2.088912694161757,68.23577568563242,100.0,8.0,12.5,19.25,9.25,8.125,9.375,2.875,0.4219810040705563,0.6643550624133149,0.385558583106267,0.6823770491803278,0.6321525885558583,0.6967435549525102,0.21049046321525886,0.6955617198335645,0.11668928086838537,0.5400271370420624,0.6333333333333333,0.8238095238095238,0.2913816689466484,0.5655737704918034,0.4040816326530612,0.6844262295081968,0.6666666666666667,0.9405737704918032,0.8340136054421768,,0.6816939890710383,0.02043596730245234,0.9685792349726776,0.20352781546811397,0.2734056987788331,0.1919945725915875,0.1546811397557666,0.19335142469470828,0.20963364993215738,0.25576662143826323,34,4.125,7.8,16,44
06073013424,0.4762033796858436,1.0,0.4373002367811792,1.0,0.4627071045514542,1.0,0.669222099819722,1.0,0.6732685979598902,0.75,0.6981159700818432,1.0,0.49253731343283585,1.0,1.0,0.5584792431875384,55.84792431875384,6464,319,177941.0,12.1,6.3,37.8,298,88.7,8.547008547008547,6099,451,15.2,11.1,36.920529801324506,5.489773950484392,6.40470297029703,64.85468245425189,15.117466802860061,0.0,25.68069306930693,,1.1302475780409043,36.863217007621344,98.4930032292788,13.5,16.0,50.625,25.0,22.875,30.625,8.25,0.5230664857530529,0.9167822468793343,0.07288828337874664,0.3920765027322405,0.444141689373297,0.4531886024423338,0.6525885558583107,0.18446601941747576,0.08141112618724555,0.48914518317503397,0.680952380952381,0.5993197278911564,0.8741450068399452,0.4207650273224044,0.7972789115646258,0.5846994535519126,0.6928374655647382,0.9405737704918032,0.38639455782312926,,0.819672131147541,0.4686648501362398,0.8060109289617486,0.4864314789687924,0.40298507462686567,0.5074626865671642,0.5067842605156038,0.45725915875169604,0.5149253731343284,0.4762550881953867,91,7.25,7.7,22,47
06073016403,0.2516171296795141,1.0,0.39139350215658314,1.0,0.30422124073510004,1.0,0.3648940189876942,1.0,0.4088176543254252,0.75,0.43467935260046753,1.0,0.25061058344640436,1.0,1.0,0.34374764027588417,34.37476402758842,5362,532,80341.0,5.5,26.9,39.5,102,77.6,0.0,4987,581,17.5,13.3,83.41625207296849,2.3794996949359364,17.90193842645382,59.8535692495424,43.42857142857143,3.303834808259587,24.24468481909735,,9.823062843197071,45.61301568855317,99.45088468578402,13.0,15.75,24.875,10.25,14.625,8.75,3.625,0.29647218453188606,0.24133148404993066,0.4686648501362398,0.0,0.46389645776566757,0.09226594301221167,0.24046321525885558,0.6955617198335645,0.22659430122116686,0.31818181818181823,0.3517006802721089,0.3204081632653061,0.030095759233926156,0.6912568306010929,0.20680272108843534,0.5314207650273224,0.1707988980716253,0.6352459016393442,0.42040816326530617,,0.1707650273224044,0.2220708446866485,0.9112021857923497,0.46404341926729986,0.3921302578018996,0.2299864314789688,0.1960651289009498,0.3256445047489824,0.20488466757123475,0.296472184531886,32,2.875,8.2,24,49
06073020812,0.49105005684155484,1.0,0.3377217445216712,1.0,0.335525064842762,1.0,0.6465636674036751,1.0,0.6654435946803415,0.75,0.5245839599370666,1.0,0.02130257801899593,1.0,1.0,0.43174152374943814,43.174152374943816,2163,108,54536.0,4.1,6.6,26.9,298,84.8,0.0,1985,548,21.1,18.5,30.76923076923077,9.436274509803921,3.6551077788191186,55.392156862745104,23.809523809523807,0.0,18.955154877484976,,0.6127450980392157,76.03121516164994,97.54901960784314,3.5,5.25,1.125,1.125,0.0,0.0,0.0,0.8846675712347354,0.04854368932038835,0.6580381471389646,0.3729508196721312,0.27043596730245234,0.4531886024423338,0.4884196185286104,0.6955617198335645,0.926729986431479,0.35142469470827675,0.0496598639455782,0.014285714285714235,0.9343365253077975,0.2527322404371585,0.9319727891156463,0.4672131147540984,0.4979338842975206,0.9405737704918032,0.5578231292517006,,0.9002732240437159,0.006811989100817484,0.6666666666666666,0.07462686567164178,0.044097693351424695,0.014246947082767978,0.016960651289009497,0.011533242876526458,0.016960651289009497,0.046811397557666216,1,0.0,15.4,7,21
06073021102,0.1749442925995271,1.0,0.09699844846579493,1.0,0.3220257709596729,1.0,0.48919976683010225,1.0,0.49426797860904736,0.75,0.13475950824635327,1.0,0.016553595658073274,1.0,1.0,0.24696419448122445,24.696419448122445,3095,997,52484.0,6.2,10.3,15.2,225,71.8,26.38888888888889,2489,623,19.3,18.2,66.3157894736842,4.904904904904905,8.634274458305976,66.36636636636636,48.81516587677725,3.664416586306654,11.954765751211632,,5.205205205205205,63.00738007380073,73.07307307307308,0.0,0.0,0.0,0.0,0.0,0.0,0.0,0.08819538670284943,0.038834951456310676,0.37465940054495916,0.19808743169398912,0.082425068119891,0.2903663500678426,0.14918256130790192,0.04576976421636614,0.8670284938941655,0.2550881953867028,0.14693877551020407,0.01904761904761909,0.2585499316005472,0.4685792349726776,0.6272108843537415,0.6024590163934426,0.1143250688705234,0.610655737704918,0.7578231292517007,,0.36612021857923494,0.0340599455040872,0.004098360655737705,0.009497964721845319,0.0047489823609226595,0.0033921302578018998,0.004070556309362279,0.011533242876526458,0.016960651289009497,0.046811397557666216,0,0.0,12.4,0,0
06073010016,0.9925373134328358,0.25,0.37652916630872474,1.0,0.6683738081392666,1.0,0.058503401360544216,0.25,0.36870748299319733,0.25,,0.0,0.14667571234735413,1.0,0.8571428571428571,0.4352211474303205,43.52211474303205,3170,0,,,,2.9,715,100.0,100.0,0,0,17.0,13.8,,,29.905362776025235,,,,26.498422712933753,,,,,4.5,11.75,13.875,7.25,5.375,6.25,1.125,0.9925373134328358,,,,0.0013623978201634877,0.9226594301221167,0.9952316076294278,0.001386962552011095,0.9959294436906377,0.994572591587517,0.4224489795918367,0.2605442176870748,,,0.058503401360544216,,,,0.36870748299319733,,,,,0.09497964721845319,0.2435549525101764,0.14789687924016282,0.11668928086838534,0.15332428765264586,0.14925373134328357,0.16621438263229307,25,3.125,12.5,9,43
06073016000,0.46434990250885017,1.0,0.4777219848360765,1.0,0.5405470329244316,1.0,0.5257666486342917,1.0,0.2781974594521975,1.0,0.44074686201813557,1.0,0.6310719131614654,1.0,1.0,0.4797716862193498,47.97716862193498,2424,622,90357.0,3.6,4.2,30.9,197,79.1,0.0,2269,291,18.0,14.1,46.88644688644688,7.819383259911894,11.742738589211617,69.93392070484582,15.11627906976744,7.817258883248732,66.006600660066,77.98382078,3.4140969162995596,33.76744186046511,92.29074889867842,21.0,20.25,89.25,44.0,45.125,51.875,13.5,0.22862957937584805,0.33980582524271846,0.7391008174386922,0.549863387978142,0.33174386920980925,0.23405698778833106,0.28746594005449594,0.6955617198335645,0.8955223880597015,0.7503392130257802,0.29047619047619044,0.22585034013605443,0.7222982216142271,0.3114754098360656,0.4258503401360544,0.6434426229508197,0.6942148760330579,0.2704918032786885,0.09387755102040818,0.0542056074766355,0.5314207650273224,0.5599455040871935,0.23087431693989072,0.7103120759837178,0.60719131614654,0.6261872455902306,0.6268656716417911,0.6567164179104478,0.6139755766621439,0.6316146540027137,132,8.75,9.7,38,51
06073017063,0.726200467557081,1.0,0.5815521343116364,1.0,0.6138659670109563,1.0,0.3993012797951815,1.0,0.5750860286308445,0.75,0.3796635448151953,1.0,0.15291723202170962,1.0,1.0,0.4897980934489436,48.979809344894356,4257,138,124861.0,2.4,4.5,63.4,398,94.5,0.0,4162,495,13.3,10.3,54.426705370101594,5.28580208973571,21.103117505995204,53.04240934234789,26.722338204592898,5.899363794100636,7.282123561193329,,5.654578979717271,31.705685618729095,91.5181315304241,5.5,15.0,14.875,10.125,4.375,7.5,0.625,0.824966078697422,0.6560332871012483,0.888283378746594,0.53551912568306,0.7813351498637602,0.6445047489823609,0.8835149863760218,0.6955617198335645,0.4355495251017639,0.43147896879240166,0.8768707482993198,0.7115646258503401,0.5745554035567715,0.4385245901639344,0.14013605442176869,0.44398907103825136,0.43250688705234164,0.3907103825136612,0.9020408163265307,,0.3306010928961749,0.6294277929155314,0.17896174863387979,0.11533242876526459,0.36906377204884666,0.16078697421981003,0.189280868385346,0.10854816824966079,0.1784260515603799,0.12754409769335143,25,2.0,4.8,10,45
06073008331,0.8334674749772238,1.0,0.45713859388890493,1.0,0.9217426319238686,1.0,0.8247267664213989,1.0,0.8311839217299851,1.0,0.8267211129474944,1.0,0.09009497964721845,1.0,1.0,0.6835822116480134,68.35822116480134,2648,70,230956.0,1.8,5.2,88.7,33,78.9,0.0,2616,132,11.9,8.8,45.65217391304348,1.164021164021164,6.145675265553869,90.05291005291005,11.63895486935867,3.472931562819203,5.66465256797583,3.248288737,1.3756613756613756,26.557377049180324,99.68253968253968,10.0,17.0,11.125,6.25,4.125,3.125,0.0,0.9389416553595658,0.9944521497919556,0.9257493188010899,0.4747267759562842,0.9965940054495913,0.013568521031207599,0.2826975476839237,0.6955617198335645,0.835820895522388,0.9525101763907734,0.9714285714285714,0.9272108843537414,0.7448700410396717,0.8142076502732241,0.8149659863945579,0.924863387978142,0.7837465564738292,0.6202185792349727,0.9469387755102041,0.9738317757009346,0.7868852459016393,0.7602179836512262,0.9330601092896175,0.30868385345997285,0.44572591587516963,0.10719131614654002,0.09972862957937585,0.09972862957937585,0.09701492537313433,0.046811397557666216,21,0.0,3.7,16,59
06073008336,0.7693083147424388,1.0,0.5107314791036536,1.0,0.9274880237033756,1.0,0.9061118490476633,1.0,0.9047069338107289,1.0,0.5957574584456257,1.0,0.08995929443690638,1.0,1.0,0.672009050470056,67.2009050470056,2047,68,190938.0,4.8,3.4,65.3,122,84.4,0.0,2006,166,12.0,9.1,32.35294117647059,0.0,6.692721055202735,94.18758256274768,14.479638009049776,0.0,3.9081582804103565,0.572495333,1.7173051519154559,40.61302681992337,97.75429326287978,13.5,17.75,11.25,8.5,2.5,3.125,0.0,0.9423337856173677,0.9431345353675451,0.5640326975476839,0.6277322404371585,0.8099455040871935,0.11804613297150611,0.4652588555858311,0.6955617198335645,0.9253731343283582,0.9172320217096337,0.9653061224489796,0.9020408163265307,0.9220246238030095,0.950136612021858,0.7755102040816326,0.976775956284153,0.7100550964187328,0.9405737704918032,0.9700680272108844,0.9981308411214953,0.7322404371584699,0.3583106267029973,0.6967213114754098,0.4864314789687924,0.4891451831750339,0.10854816824966079,0.14246947082767977,0.05495251017639077,0.09701492537313433,0.046811397557666216,20,1.0,3.9,19,60
06073018520,0.4826975011818767,1.0,0.5489853731213038,1.0,0.32097074922234836,1.0,0.3326665702499071,1.0,0.43891017139367144,0.75,0.4985184854305326,1.0,0.4290366350067843,1.0,1.0,0.4359693550866321,43.59693550866321,5213,254,99671.0,3.3,12.7,23.6,691,96.0,0.0,4287,608,18.2,13.0,65.70644718792867,11.146295123495884,12.150433944069432,53.134895503483214,44.30147058823529,0.0,38.94110876654518,,2.8499050031665614,50.21129466000769,98.29005699810006,12.5,6.75,42.875,18.25,22.375,18.125,9.625,0.6194029850746269,0.4091539528432732,0.7826975476839237,0.11953551912568305,0.22888283378746593,0.9118046132971506,0.9325613079019074,0.6955617198335645,0.4002713704206241,0.2727272727272727,0.2578231292517007,0.35306122448979593,0.2681258549931601,0.2103825136612022,0.4068027210884354,0.4453551912568306,0.1639118457300276,0.9405737704918032,0.21224489795918366,,0.5997267759562841,0.1267029972752044,0.7691256830601093,0.44301221166892807,0.08208955223880597,0.4362279511533243,0.37177747625508817,0.45047489823609227,0.3521031207598372,0.5345997286295794,44,3.0,10.5,22,17
06073018523,0.6349139444952276,1.0,0.4000116951472183,1.0,0.4758630317798761,1.0,0.4938076317068955,1.0,0.7374484296721895,0.75,0.5435427554682033,1.0,0.4525101763907734,1.0,1.0,0.5340139520943404,53.40139520943404,5210,195,106071.0,3.4,3.9,42.1,310,85.9,4.2283298097251585,4880,460,16.4,10.6,52.047315741583255,2.0752895752895753,16.165703275529868,46.95945945945946,17.099236641221374,0.0,16.314779270633395,,1.0135135135135136,38.11922753988245,94.4015444015444,13.5,7.25,44.625,19.125,25.125,18.75,9.625,0.7225237449118046,0.47018030513176146,0.7656675749318801,0.5812841530054644,0.4993188010899183,0.4762550881953867,0.5497275204359673,0.29403606102635227,0.2523744911804613,0.47896879240162826,0.5027210884353741,0.6693877551020408,0.6320109439124487,0.7172131147540983,0.254421768707483,0.37158469945355194,0.6391184573002755,0.9405737704918032,0.6326530612244898,,0.8319672131147541,0.44005449591280654,0.35860655737704916,0.4864314789687924,0.09430122116689281,0.4599728629579376,0.4023066485753053,0.4993215739484396,0.36635006784260515,0.5345997286295794,43,3.5,6.9,21,17
06073018521,0.5224823651659289,1.0,0.4229013394871461,1.0,0.3574019974339804,1.0,0.5280616592805631,1.0,0.3711192032248025,0.75,0.2566792235573225,1.0,0.4458616010854817,1.0,1.0,0.41492962703360364,41.49296270336036,4856,319,102679.0,3.9,5.6,35.2,267,86.4,0.0,4663,931,15.6,12.4,67.75147928994083,4.990524320909665,7.901850696610523,76.05811749842071,24.586776859504134,6.552538370720189,31.095551894563425,,5.243209096651927,48.15022421524663,92.3562855337966,12.0,6.25,42.875,18.75,23.125,19.375,10.25,0.5230664857530529,0.43828016643550627,0.688692098092643,0.4398907103825137,0.40735694822888285,0.3751696065128901,0.5728882833787466,0.6955617198335645,0.3100407055630936,0.05902306648575306,0.6333333333333333,0.42721088435374155,0.23392612859097128,0.4617486338797814,0.689795918367347,0.726775956284153,0.4752066115702479,0.34699453551912574,0.291156462585034,,0.36475409836065575,0.16621253405994552,0.2390710382513661,0.4185888738127544,0.06784260515603799,0.4362279511533243,0.3894165535956581,0.46472184531886024,0.378561736770692,0.5603799185888738,43,2.0,7.4,19,17
06073017071,0.8087172100951378,1.0,0.44903799581413134,1.0,0.7619608358947378,1.0,0.4760732848228884,1.0,0.7407623023015827,0.75,0.7187219269119479,1.0,0.16132971506105834,1.0,1.0,0.5880861815573549,58.808618155735495,5229,170,154907.0,3.6,1.0,66.1,205,80.9,0.0,4893,162,12.6,8.4,59.23295454545454,1.5,19.919401266551525,58.55555555555556,3.9764359351988214,3.277807630306287,16.064257028112447,,0.9444444444444444,41.24293785310734,100.0,8.5,14.5,15.125,10.0,5.375,7.5,0.625,0.7747625508819539,0.8432732316227461,0.7391008174386922,0.8777322404371585,0.8283378746594006,0.24830393487109906,0.34400544959128065,0.6955617198335645,0.24559023066485752,0.9219810040705563,0.927891156462585,0.9523809523809523,0.4487004103967168,0.7773224043715847,0.16870748299319727,0.5095628415300546,0.940771349862259,0.6379781420765027,0.6435374149659864,,0.8442622950819672,0.3433242506811989,0.9685792349726776,0.2327001356852103,0.34531886024423336,0.1628222523744912,0.18453188602442333,0.15332428765264586,0.1784260515603799,0.12754409769335143,25,2.0,4.5,15,44
06073008381,0.6777538333777158,1.0,0.6818800094270182,1.0,0.8238718282428303,1.0,0.4244603159601622,1.0,0.6704490078558633,0.75,0.7390499446603435,1.0,0.2043419267299864,1.0,1.0,0.6031152666077029,60.311526660770284,3255,283,201319.0,4.3,4.1,73.1,882,84.6,0.0,3223,304,12.9,7.9,35.661218424962854,3.5294117647058822,36.119775421085464,31.56862745098039,6.382978723404255,8.847184986595174,7.680491551459293,,1.3725490196078431,34.7124824684432,99.41176470588235,14.0,19.0,18.875,11.0,8.25,8.75,2.375,0.5637720488466758,0.9583911234396671,0.6301089918256131,0.5587431693989071,0.9080381471389646,0.9633649932157394,0.473433242506812,0.6955617198335645,0.6811397557666214,0.7272727272727273,0.9088435374149659,0.9782312925170068,0.8891928864569083,0.5806010928961749,0.023129251700680253,0.20491803278688525,0.9152892561983471,0.2008196721311475,0.8952380952380953,,0.7882513661202186,0.5231607629427792,0.9057377049180327,0.5027137042062415,0.5481682496607869,0.18995929443690637,0.21438263229308005,0.19810040705563092,0.20488466757123475,0.21438263229308005,33,1.0,5.2,26,61
06073017060,0.6575107172272908,1.0,0.44191051703266093,1.0,0.6762465501804521,1.0,0.8839111368908982,1.0,0.8859786618888172,0.75,0.6917432239940838,1.0,0.13975576662143824,1.0,1.0,0.6252937962622346,62.52937962622346,3323,286,127143.0,5.7,0.0,66.0,207,85.1,0.0,3250,450,11.0,11.5,45.65217391304348,0.0,4.574179957869395,92.33082706766918,0.0,2.1339220014716704,6.319590731266927,,0.9022556390977444,36.95364238410596,98.19548872180451,4.5,12.5,13.5,9.375,4.375,6.875,0.625,0.5583446404341927,0.6685159500693482,0.4352861035422343,0.967896174863388,0.8256130790190735,0.2544097693351425,0.5074931880108992,0.6955617198335645,0.6757123473541384,0.4918588873812755,0.9952380952380953,0.5421768707482993,0.7448700410396717,0.950136612021858,0.8843537414965986,0.9562841530054644,0.9855371900826446,0.7377049180327868,0.9346938775510204,,0.8497267759562841,0.4659400544959128,0.7595628415300546,0.09497964721845319,0.2734056987788331,0.1383989145183175,0.1587516960651289,0.10854816824966079,0.1655359565807327,0.12754409769335143,23,2.0,3.8,9,39
06073017065,0.611699896050505,1.0,0.456292409896802,1.0,0.5757328847414135,1.0,0.5375974922946686,1.0,0.693071450230275,0.75,0.4712643250299033,1.0,0.16933514246947085,1.0,1.0,0.5021419429590054,50.21419429590054,10415,365,212083.0,2.3,13.1,78.3,278,64.7,0.0,10244,503,12.9,8.1,59.08596300326442,8.959276018099548,6.528708831244535,69.92458521870286,32.43823845327605,0.0,10.177628420547288,,4.042232277526395,59.36015204307887,99.24585218702866,7.5,16.5,16.5,10.25,5.375,8.125,0.625,0.4681139755766621,0.9722607489597781,0.8985013623978202,0.10792349726775952,0.9550408719346049,0.40637720488466755,0.07697547683923706,0.6955617198335645,0.004070556309362261,0.41858887381275445,0.9088435374149659,0.9714285714285714,0.4528043775649795,0.26639344262295084,0.7891156462585034,0.6420765027322405,0.3223140495867769,0.9405737704918032,0.8163265306122449,,0.47677595628415304,0.05177111716621252,0.8852459016393442,0.1791044776119403,0.42469470827679784,0.17639077340569878,0.1960651289009498,0.15332428765264586,0.19335142469470828,0.12754409769335143,29,1.5,4.4,12,48
06073017064,0.912876510515077,1.0,0.5796185641716558,1.0,0.6636398249937696,1.0,0.873877087052892,1.0,0.8692752673485056,0.75,0.5198031595717753,1.0,0.16445047489823608,1.0,1.0,0.6547915555074159,65.47915555074158,8172,114,243880.0,2.6,0.6,83.8,430,96.5,1.984732824427481,8142,331,12.0,7.3,18.4,0.0,9.059576563269326,94.4271065537227,1.436265709156194,2.9844290657439445,4.527655408712677,,3.8787338386090062,44.4686140459913,98.61792242532323,6.0,15.25,16.0,10.25,4.875,8.125,0.625,0.8717774762550882,0.9986130374479889,0.861716621253406,0.9193989071038251,0.9822888283378747,0.689280868385346,0.9448228882833788,0.36199722607489593,0.014925373134328401,0.6845318860244234,0.9653061224489796,0.9897959183673469,0.9753761969904241,0.950136612021858,0.5877551020408163,0.98224043715847,0.9710743801652892,0.6707650273224044,0.9659863945578231,,0.4890710382513661,0.2561307901907357,0.8142076502732241,0.1248303934871099,0.37449118046132973,0.16960651289009498,0.1960651289009498,0.13568521031207598,0.19335142469470828,0.12754409769335143,28,1.5,4.3,10,45
06073017061,0.8408649136395846,1.0,0.32487602104714225,1.0,0.7667626616453909,1.0,0.5377706810898206,1.0,0.6898950882344538,0.75,0.4175451526927831,1.0,0.10502035278154682,1.0,1.0,0.5261049815901032,52.61049815901032,3663,254,171972.0,2.5,0.0,85.5,56,71.6,9.281437125748502,3571,275,11.8,10.2,94.14893617021278,0.0,14.550914550914552,87.18473074301295,2.293577981651376,9.388511426806671,6.552006552006552,,1.2951601908657124,62.96296296296296,94.95569188820723,7.0,17.25,10.25,5.75,3.75,4.375,0.625,0.6194029850746269,0.9001386962552012,0.8760217983651226,0.967896174863388,0.9877384196185286,0.035278154681139755,0.14373297002724797,0.1692094313453537,0.5834464043419267,0.7754409769335142,0.9768707482993197,0.7312925170068028,0.0068399452804377425,0.950136612021858,0.3047619047619048,0.889344262295082,0.9641873278236914,0.180327868852459,0.9251700680272109,,0.7937158469945356,0.03542234332425065,0.42349726775956287,0.1546811397557666,0.45861601085481685,0.08955223880597014,0.09226594301221167,0.09023066485753053,0.1255088195386703,0.12754409769335143,19,1.0,3.9,13,57
06073019810,0.27846720643290684,1.0,0.391858459979042,1.0,0.3467594771965774,1.0,0.657382505041666,1.0,0.7121996524753603,0.75,0.49742782269471864,1.0,0.34748982360922664,1.0,1.0,0.46165499248992825,46.16549924899282,6617,1166,133822.0,10.3,9.9,59.7,165,92.0,5.172413793103448,6519,474,16.9,12.3,48.84210526315789,11.140008669267447,3.2366927442859335,79.41048981361075,25.677267373380445,0.0,12.392322804896478,,6.415257910706545,41.69593577521324,99.21976592977893,8.0,9.5,37.0,14.375,19.625,15.625,6.375,0.05427408412483037,0.7170596393897365,0.13215258855585832,0.2103825136612022,0.7336512261580381,0.18724559023066487,0.7935967302452316,0.2635228848821082,0.05020352781546811,0.46336499321573943,0.4387755102040817,0.4346938775510204,0.6853625170998632,0.21174863387978138,0.9564625850340136,0.7759562841530054,0.45316804407713496,0.9405737704918032,0.7428571428571429,,0.28551912568306015,0.3242506811989101,0.8825136612021858,0.20352781546811397,0.16960651289009498,0.3487109905020353,0.27204884667571233,0.3989145183175034,0.3147896879240163,0.40298507462686567,50,4.5,7.6,15,22
06073008376,0.5672036551819879,1.0,0.6713063296465793,1.0,0.5360396533104422,1.0,0.2696393902585815,1.0,0.20556518682982383,0.75,0.602585577939578,1.0,0.41424694708276794,1.0,1.0,0.46665524860710866,46.66552486071087,6332,954,110625.0,3.9,0.0,71.6,906,86.6,0.0,5983,503,15.4,8.2,51.86485300570426,7.34622144112478,32.18080888183981,15.184534270650262,33.84146341463415,8.520900321543408,62.223626026531896,,4.499121265377856,22.26086956521739,96.02811950790861,8.0,22.0,42.625,20.625,19.125,21.875,5.0,0.09905020352781546,0.5131761442441054,0.688692098092643,0.967896174863388,0.8848773841961853,0.9674355495251018,0.5776566757493188,0.6955617198335645,0.10312075983717772,0.41858887381275445,0.6571428571428571,0.9653061224489796,0.6347469220246238,0.3306010928961749,0.0435374149659864,0.06967213114754098,0.28787878787878785,0.22677595628415304,0.10204081632653061,,0.4289617486338798,0.8610354223433243,0.51775956284153,0.20352781546811397,0.6987788331071914,0.4314789687924016,0.45861601085481685,0.39009497964721845,0.4369063772048847,0.3541383989145183,69,2.625,6.4,15,64
06073008375,0.48126536257308283,1.0,0.6851937294077436,1.0,0.675299292037032,1.0,0.30182194494267395,1.0,0.48468517561023416,0.75,0.7632132735764308,1.0,0.48561736770692,1.0,1.0,0.5538708779791596,55.38708779791596,4317,1178,123906.0,4.5,3.5,75.0,904,85.0,0.0,4297,173,16.8,8.7,45.813797722705964,7.30260155180283,44.47533009034051,21.999087174806025,57.89473684210527,0.0,22.237665045170257,,4.837973528069375,8.979990239141046,99.36102236421725,10.5,21.75,53.5,26.375,25.375,28.75,5.625,0.052917232021709615,0.6477115117891817,0.6076294277929155,0.6168032786885246,0.9305177111716622,0.966078697421981,0.5020435967302452,0.6955617198335645,0.39620081411126185,0.9138398914518318,0.4571428571428572,0.9340136054421768,0.7428180574555403,0.33606557377049184,0.0027210884353741083,0.12568306010928962,0.045454545454545414,0.9405737704918032,0.46802721088435373,,0.39754098360655743,0.9918256130790191,0.9002732240437158,0.3310719131614654,0.6858887381275441,0.514246947082768,0.5156037991858887,0.5067842605156038,0.5047489823609227,0.38670284938941657,86,3.75,8.2,18,64
06073017058,0.5615827916411247,1.0,0.45766975034344176,1.0,0.5989837454656217,1.0,0.5601210785496051,1.0,0.6382071267742973,0.75,0.7456348674578005,1.0,0.14979647218453188,1.0,1.0,0.5302851189166319,53.028511891663186,4285,261,147817.0,7.6,4.0,57.9,265,85.3,0.0,4149,406,15.1,10.3,39.42992874109264,2.4070021881838075,15.769770706598035,52.78993435448578,23.240938166311302,4.293193717277487,8.868144690781797,,0.5470459518599562,25.076142131979694,96.1706783369803,4.5,14.75,14.5,9.75,4.375,7.5,0.625,0.6031207598371777,0.8058252427184466,0.26702997275204354,0.5703551912568305,0.7125340599455041,0.3683853459972863,0.5163487738419619,0.6955617198335645,0.4369063772048847,0.5569877883310719,0.6904761904761905,0.7115646258503401,0.8426812585499316,0.6885245901639344,0.2693877551020408,0.43989071038251365,0.5110192837465565,0.5491803278688525,0.854421768707483,,0.9057377049180328,0.7929155313351499,0.5382513661202186,0.09497964721845319,0.3582089552238806,0.15807327001356852,0.17639077340569878,0.10854816824966079,0.1784260515603799,0.12754409769335143,25,2.0,5.9,9,44
06073008372,0.6506245327598705,0.75,0.5097355607513969,1.0,0.8450680272108844,1.0,0.5476208516193363,1.0,0.7029948961926821,0.75,0.8798633135301737,1.0,0.18426051560379916,1.0,1.0,0.6171668139525918,61.71668139525918,3819,271,,2.2,5.4,87.8,179,80.2,0.0,3568,173,12.8,8.2,58.18815331010453,0.3703703703703704,13.552631578947368,56.518518518518526,13.272727272727272,4.862579281183932,7.855459544383346,,1.5555555555555556,19.09722222222222,100.0,10.5,18.5,19.25,9.875,8.0,8.125,1.125,0.5841248303934872,,0.9039509536784741,0.4637978142076503,0.9945504087193461,0.20488466757123475,0.3126702997275204,0.6955617198335645,0.5861601085481682,0.9138398914518318,0.9149659863945578,0.9653061224489796,0.47058823529411764,0.8934426229508197,0.34557823129251697,0.4808743169398907,0.7396694214876033,0.48224043715847,0.8870748299319728,,0.7609289617486339,0.9100817438692098,0.9685792349726776,0.3310719131614654,0.519674355495251,0.1919945725915875,0.18113975576662145,0.18860244233378562,0.19335142469470828,0.16621438263229307,35,0.0,4.2,20,62
06073008374,0.7977166668380553,0.75,0.39294981696800607,1.0,0.8558146189276253,1.0,0.7411673580984053,1.0,0.8698541192207362,0.75,0.8934848101328647,1.0,0.15725915875169605,1.0,1.0,0.6726066498481984,67.26066498481984,3952,62,,0.7,5.4,89.4,125,72.6,4.263565891472868,3943,108,11.5,7.6,57.77777777777777,0.0,8.695652173913043,88.9795918367347,13.138686131386862,0.0,6.578947368421052,,0.8979591836734694,14.98913830557567,99.18367346938776,9.5,18.0,18.25,8.875,7.375,7.5,0.5,0.9518317503392131,,0.9775204359673024,0.4637978142076503,0.9986376021798365,0.12415196743554953,0.15599455040871935,0.2912621359223301,0.48168249660786977,0.9708276797829036,0.9843537414965986,0.9863945578231292,0.4870041039671683,0.950136612021858,0.616326530612245,0.9112021857923497,0.7451790633608815,0.9405737704918032,0.9238095238095239,,0.8510928961748634,0.9536784741144414,0.8756830601092896,0.2856173677069199,0.5020352781546812,0.1865671641791045,0.14789687924016282,0.17774762550881953,0.1784260515603799,0.09565807327001356,34,0.0,3.7,17,60
06073008369,0.581547127984819,1.0,0.6512231315671227,1.0,0.7193111437247899,1.0,0.3777549315570681,1.0,0.3137043816307176,0.75,0.9458490294466531,1.0,0.06160108548168249,1.0,1.0,0.5215701187704076,52.15701187704076,4624,264,170156.0,5.0,7.9,79.2,676,86.3,0.0,4456,289,14.3,7.7,58.920187793427225,2.7358490566037736,21.817393190197354,36.65094339622642,33.67556468172484,6.236178681999116,31.790657439446367,,0.5188679245283019,14.694835680751172,100.0,11.0,16.5,8.25,4.625,3.0,1.875,0.0,0.596336499321574,0.8932038834951457,0.5367847411444142,0.29986338797814205,0.9591280653950953,0.903663500678426,0.5674386920980926,0.6955617198335645,0.35820895522388063,0.7544097693351425,0.780952380952381,0.9836734693877551,0.45827633378932964,0.6584699453551912,0.1306122448979592,0.26366120218579236,0.290633608815427,0.3674863387978142,0.2829931972789116,,0.9112021857923497,0.9577656675749319,0.9685792349726776,0.3568521031207598,0.42469470827679784,0.06377204884667571,0.06445047489823609,0.07191316146540028,0.06105834464043419,0.046811397557666216,16,0.0,4.8,15,59
06073008370,0.752117969422508,1.0,0.5861422934983632,1.0,0.8548955131577732,1.0,0.4954022134969123,1.0,0.5167323190848846,0.75,0.7574646496230452,1.0,0.0780189959294437,1.0,1.0,0.5772534220304186,57.72534220304186,3757,136,149851.0,3.1,4.1,82.3,304,87.5,0.0,3523,124,13.2,7.9,41.842900302114806,3.1113876789047916,25.759612799139553,56.19166148102054,15.445544554455445,14.52127659574468,10.912962470055895,,3.7336652146857494,24.719101123595504,100.0,9.5,17.5,10.25,5.375,3.0,3.125,0.0,0.8276797829036635,0.8141470180305131,0.8079019073569482,0.5587431693989071,0.9795640326975477,0.46472184531886024,0.6178474114441417,0.6955617198335645,0.5956580732700136,0.9579375848032564,0.8877551020408163,0.9782312925170068,0.79890560875513,0.6188524590163935,0.0870748299319728,0.476775956284153,0.6845730027548209,0.07786885245901642,0.7877551020408163,,0.5,0.8038147138964578,0.9685792349726776,0.2856173677069199,0.4735413839891452,0.08955223880597014,0.08480325644504749,0.07191316146540028,0.09701492537313433,0.046811397557666216,20,0.0,4.0,14,59
06073020041,0.3721484626417262,1.0,0.4377483412302241,1.0,0.5810596830319645,1.0,0.3360522840474352,1.0,0.6137613858712432,0.75,0.4976573705970231,1.0,0.3921302578018996,1.0,1.0,0.4615082550316451,46.15082550316451,3150,388,85855.0,5.4,8.7,35.2,343,91.9,5.405405405405405,2540,299,18.8,11.5,74.95590828924162,11.60443995963673,7.638446849140674,42.78506559031282,32.0,1.5888778550148956,13.333333333333334,,2.0181634712411705,56.21156211562116,97.98183652875882,11.0,12.5,40.125,19.875,14.5,25.625,4.375,0.43826322930800543,0.30097087378640774,0.4843324250681199,0.26502732240437155,0.40735694822888285,0.5427408412483039,0.7874659400544959,0.25866851595006934,0.8575305291723202,0.7347354138398914,0.189795918367347,0.5421768707482993,0.09986320109439129,0.20355191256830596,0.7129251700680272,0.32786885245901637,0.3278236914600551,0.7978142076502732,0.7156462585034014,,0.6898907103825136,0.07220708446866486,0.7308743169398907,0.3568521031207598,0.2734056987788331,0.4016282225237449,0.4355495251017639,0.3229308005427408,0.47829036635006783,0.32225237449118044,47,2.5,10.2,18,24
06073020037,0.3676757651626702,1.0,0.38225149444083867,1.0,0.48823023103406904,1.0,0.4494400352592429,1.0,0.7288728782394953,0.75,0.7008767489068557,1.0,0.42265943012211676,1.0,1.0,0.5057152261664698,50.57152261664698,4415,289,107034.0,8.1,10.3,24.4,447,84.8,6.5015479876160995,3757,434,16.8,12.2,46.567717996289424,8.571428571428571,16.124630429838525,60.146520146520146,12.433392539964476,0.0,21.517553793884485,,2.490842490842491,16.893203883495143,96.11721611721612,10.5,12.75,43.75,18.125,20.25,23.75,7.0,0.5522388059701493,0.4812760055478502,0.23910081743869205,0.19808743169398912,0.24455040871934605,0.7164179104477612,0.4884196185286104,0.2260748959778086,0.5373134328358209,0.514246947082768,0.4571428571428572,0.4442176870748299,0.7277701778385772,0.2786885245901639,0.25578231292517006,0.5355191256830601,0.7603305785123967,0.9405737704918032,0.48571428571428577,,0.6352459016393442,0.9373297002724795,0.5300546448087432,0.3310719131614654,0.28697421981004073,0.4443690637720488,0.36974219810040704,0.4151967435549525,0.46132971506105835,0.4226594301221167,59,4.0,9.3,18,24
06073017406,0.7962877827301161,1.0,0.36958389155218624,1.0,0.7641488752896002,1.0,0.7312426857895273,1.0,0.6482477225185336,0.75,0.7366489976821865,1.0,0.08941655359565807,1.0,1.0,0.5907966441654011,59.07966441654011,2790,83,189135.0,6.3,0.0,67.7,183,58.5,0.0,2751,355,12.9,10.4,29.794520547945208,2.3486901535682025,8.676945141627822,72.53839205058718,0.0,6.582278481012659,16.845878136200717,,1.9873532068654018,30.363036303630363,98.91598915989161,7.5,11.5,10.375,4.625,5.0,3.125,0.0,0.9138398914518318,0.9389736477115118,0.364441416893733,0.967896174863388,0.8460490463215259,0.21641791044776118,0.04427792915531335,0.6955617198335645,0.8073270013568521,0.6438263229308006,0.9088435374149659,0.6965986394557824,0.9398084815321477,0.6939890710382514,0.6204081632653061,0.6707650273224044,0.9855371900826446,0.3387978142076503,0.6204081632653061,,0.6939890710382514,0.659400544959128,0.8565573770491803,0.1791044776119403,0.23609226594301222,0.09362279511533243,0.06445047489823609,0.1451831750339213,0.09701492537313433,0.046811397557666216,13,1.0,4.1,14,36
06073017405,0.6000037821961438,1.0,0.3760333709578913,1.0,0.5023449542639308,1.0,0.6350831306598126,1.0,0.5817145880164829,0.75,0.8069837157477305,1.0,0.0796472184531886,1.0,1.0,0.5116872514707401,51.168725147074014,4024,1368,150893.0,3.5,1.8,60.9,120,86.4,7.352941176470589,3477,136,18.2,14.4,64.59510357815442,0.0,6.933399602385686,59.77272727272728,11.64021164021164,8.71369294605809,12.176938369781311,,1.5151515151515151,16.99266503667482,97.87878787878788,11.5,11.25,9.5,4.25,4.5,3.125,0.0,0.03392130257801895,0.8169209431345353,0.752724795640327,0.7964480874316939,0.75,0.11329715061058344,0.5728882833787466,0.20943134535367547,0.6051560379918589,0.9477611940298507,0.2578231292517007,0.1986394557823129,0.30095759233926134,0.950136612021858,0.7591836734693878,0.5300546448087432,0.7823691460055097,0.21311475409836067,0.7496598639455783,,0.7704918032786885,0.9318801089918256,0.7185792349726776,0.3860244233378562,0.22455902306648576,0.08208955223880597,0.05359565807327001,0.11872455902306649,0.09701492537313433,0.046811397557666216,11,1.0,9.6,16,35
06073017307,0.7887844933483159,1.0,0.38197903128577,1.0,0.8425181605885231,1.0,0.7407607896380055,1.0,0.2589173925452401,0.75,0.40847987175096656,1.0,0.0706919945725916,1.0,1.0,0.4988759619613447,49.88759619613447,2282,104,175547.0,3.6,3.5,74.7,34,76.8,0.0,2208,232,13.5,10.0,37.24137931034483,1.572617946345976,8.443271767810026,73.17298797409806,26.732673267326735,33.51783517835179,28.48378615249781,,12.0259019426457,9.113300492610838,90.37927844588344,4.0,14.25,8.625,5.125,3.5,2.5,0.0,0.8907734056987788,0.9084604715672677,0.7391008174386922,0.6168032786885246,0.9291553133514986,0.015603799185888738,0.23160762942779292,0.6955617198335645,0.9063772048846676,0.8419267299864315,0.8612244897959184,0.7605442176870748,0.8700410396716827,0.7704918032786885,0.6408163265306123,0.6816939890710383,0.4297520661157025,0.015027322404371546,0.3319727891156462,,0.09836065573770492,0.989100817438692,0.13797814207650272,0.08276797829036635,0.33717774762550884,0.06919945725915876,0.07937584803256445,0.08208955223880597,0.07598371777476255,0.046811397557666216,12,1.0,4.4,6,51
06073017408,0.844457231975906,1.0,0.4253707240481163,1.0,0.8721983773156481,1.0,0.4616696182857436,1.0,0.5809416744162327,0.75,0.693288019336619,1.0,0.07137042062415197,1.0,1.0,0.5641851522860597,56.41851522860597,2522,133,177037.0,4.1,0.0,80.4,187,80.3,0.0,2308,81,14.8,9.2,46.15384615384615,3.4965034965034967,20.432692307692307,46.85314685314685,0.0,8.844621513944222,19.032513877874703,,2.0104895104895104,26.12847222222222,97.02797202797203,6.5,11.0,8.875,3.75,4.5,2.5,0.0,0.8364993215739485,0.9153952843273232,0.6580381471389646,0.967896174863388,0.9686648501362398,0.22116689280868385,0.3181198910081744,0.6955617198335645,0.8900949796472184,0.9782903663500678,0.7292517006802721,0.891156462585034,0.738030095759234,0.5819672131147541,0.15646258503401356,0.3702185792349727,0.9855371900826446,0.20218579234972678,0.5551020408163265,,0.6926229508196722,0.7697547683923706,0.6174863387978142,0.13636363636363635,0.21234735413839892,0.07394843962008141,0.041383989145183174,0.11872455902306649,0.07598371777476255,0.046811397557666216,10,1.0,4.9,12,37
06073017407,0.8427273740107342,1.0,0.4420499301972074,1.0,0.8253009073371547,1.0,0.8361150226388687,1.0,0.31188609843070136,0.75,0.4911853605515106,1.0,0.07042062415196744,1.0,1.0,0.5456693310454491,54.566933104544916,3078,117,196992.0,2.9,2.4,74.1,148,84.0,0.0,3061,236,13.6,9.2,18.010752688172044,0.0,6.660168940870695,69.52686447473937,19.076923076923077,14.99659168370825,34.76283300844704,,4.410585404971933,29.812981298129813,94.38652766639936,8.5,10.25,8.5,3.875,4.5,2.5,0.0,0.864314789687924,0.9528432732316228,0.826975476839237,0.7267759562841529,0.9243869209809265,0.1655359565807327,0.4475476839237057,0.6955617198335645,0.7218453188602443,0.835820895522388,0.8523809523809524,0.891156462585034,0.9794801641586868,0.950136612021858,0.7782312925170067,0.6366120218579235,0.6088154269972452,0.07650273224043713,0.25034013605442174,,0.4398907103825137,0.6784741144414169,0.3551912568306011,0.2327001356852103,0.1865671641791045,0.06648575305291723,0.044097693351424695,0.11872455902306649,0.07598371777476255,0.046811397557666216,9,1.0,3.9,14,35
06073008378,0.5413264442188515,1.0,0.5620731112944459,1.0,0.7369287606494429,1.0,0.08231581996122886,1.0,0.09823810660514942,0.75,0.7090201158410387,1.0,0.3521031207598372,1.0,1.0,0.4402864970471421,44.02864970471421,843,359,73828.0,0.0,4.6,66.6,84,96.8,0.0,843,74,19.3,9.6,79.3103448275862,12.531969309462914,38.43416370106761,16.11253196930946,56.25,24.807692307692307,39.145907473309606,,9.974424552429667,5.88235294117647,100.0,7.0,21.5,35.875,18.0,17.0,18.125,5.0,0.47421981004070557,0.16920943134535368,0.9931880108991825,0.5286885245901639,0.8337874659400545,0.06512890094979647,0.952316076294278,0.6955617198335645,0.9850746268656716,0.9796472184531886,0.14693877551020407,0.8360544217687075,0.057455540355677126,0.180327868852459,0.01224489795918371,0.07923497267759563,0.059228650137741035,0.02732240437158473,0.2081632653061225,,0.16256830601092898,0.9959128065395095,0.9685792349726776,0.1546811397557666,0.6709633649932157,0.33242876526458615,0.3656716417910448,0.35617367706919945,0.3521031207598372,0.3541383989145183,59,1.625,11.1,12,62
06073020310,0.3973032785508095,1.0,0.5268984766647704,1.0,0.27834413276843983,1.0,0.3418234964592013,1.0,0.43549073876942734,0.75,0.675761106396073,1.0,0.3640434192672999,1.0,1.0,0.43138066412514586,43.13806641251459,9019,439,111270.0,5.3,10.7,42.8,822,83.3,0.0,8633,889,19.6,9.0,61.68371361132966,5.572403335860501,19.50947603121516,48.938589840788474,32.58971871968962,10.938555030384874,8.759285951879365,,0.0,43.953934740882914,98.44579226686884,9.5,12.75,38.125,19.0,13.25,24.375,3.75,0.38398914518317506,0.5201109570041609,0.49863760217983655,0.1864754098360656,0.5081743869209809,0.9545454545454546,0.4305177111716621,0.6955617198335645,0.012211668928086894,0.07191316146540028,0.11768707482993201,0.9115646258503401,0.3775649794801642,0.41666666666666663,0.17278911564625854,0.40027322404371585,0.31818181818181823,0.1311475409836066,0.8571428571428572,,0.967896174863388,0.26430517711171664,0.7950819672131147,0.2856173677069199,0.28697421981004073,0.364314789687924,0.3968792401628223,0.2876526458616011,0.4687924016282225,0.30257801899592945,44,3.0,8.2,18,24
06073013316,0.4552924346542958,1.0,0.508592372802117,1.0,0.4952344031235289,1.0,0.4418535580454065,1.0,0.6188590181138617,0.75,0.5079274678260697,1.0,0.36906377204884666,1.0,1.0,0.4852604323734466,48.526043237344666,7768,390,139542.0,7.6,6.9,44.8,391,77.9,0.0,7221,464,14.7,10.2,55.66218809980806,9.457642312864186,15.799158780231334,74.18198117436128,10.618556701030927,5.265392781316349,17.25025746652935,,3.2720753025549083,42.6361585562359,97.62438368444644,16.5,14.75,37.75,19.0,15.0,21.25,4.75,0.4369063772048847,0.7558945908460472,0.26702997275204354,0.36133879781420764,0.5374659400544959,0.635685210312076,0.2513623978201635,0.6955617198335645,0.02985074626865669,0.4755766621438263,0.7442176870748299,0.7312925170068028,0.5512995896032832,0.2513661202185792,0.2680272108843538,0.6967213114754098,0.8071625344352618,0.4398907103825137,0.6095238095238096,,0.5505464480874317,0.2956403269754768,0.6775956284153005,0.573270013568521,0.3582089552238806,0.35617367706919945,0.3968792401628223,0.3283582089552239,0.42401628222523746,0.33989145183175035,68,5.0,7.3,29,45
06073019111,0.6603707211799802,1.0,0.3836501406879787,1.0,0.4653444281376051,1.0,0.45520515678631346,1.0,0.47071395238310293,0.75,0.5418571293856057,1.0,0.15915875169606514,1.0,1.0,0.44804289717952156,44.80428971795216,3678,125,142431.0,4.7,5.6,27.7,269,93.5,0.0,3128,295,18.0,15.3,67.93893129770993,9.762773722627738,11.02921102921103,86.67883211678831,15.112540192926044,8.590492076730609,21.207177814029365,,1.2773722627737227,61.74825174825175,98.35766423357664,2.0,5.5,14.25,10.0,3.625,8.125,1.25,0.8521031207598372,0.7711511789181692,0.5783378746594006,0.4398907103825137,0.279291553133515,0.3819538670284939,0.8446866485013624,0.6955617198335645,0.7014925373134329,0.7421981004070557,0.29047619047619044,0.1272108843537415,0.22845417236662102,0.24590163934426235,0.4625850340136054,0.8838797814207651,0.6955922865013774,0.2213114754098361,0.49523809523809526,,0.7991803278688525,0.04087193460490468,0.7855191256830601,0.051560379918588875,0.048846675712347354,0.1519674355495251,0.18453188602442333,0.08683853459972862,0.19335142469470828,0.1791044776119403,24,0.0,10.3,4,17
06073019110,0.6268355812575246,1.0,0.31661803472788685,1.0,0.40965995624844237,1.0,0.7000537538690658,1.0,0.24382904134873482,0.75,0.3109952204404341,1.0,0.02822252374491181,1.0,1.0,0.3766020159481429,37.66020159481429,4999,286,143144.0,3.9,5.1,47.0,324,82.9,2.18978102189781,4403,496,16.1,13.6,32.38636363636363,8.409986859395532,7.44421906693712,85.54533508541394,24.11764705882353,16.69403393541325,44.808961792358474,,2.562417871222076,64.33203631647211,93.23258869908015,2.0,3.25,3.0,3.0,0.0,0.0,0.0,0.5583446404341927,0.7766990291262136,0.688692098092643,0.48360655737704916,0.5599455040871935,0.5027137042062415,0.4080381471389646,0.35506241331484045,0.3704206241519674,0.4294436906377205,0.5564625850340136,0.282312925170068,0.920656634746922,0.2909836065573771,0.7210884353741497,0.8674863387978142,0.4944903581267218,0.06420765027322406,0.17278911564625854,,0.6256830601092895,0.027247956403269713,0.28005464480874315,0.051560379918588875,0.022388059701492536,0.029850746268656716,0.03595658073270014,0.011533242876526458,0.016960651289009497,0.046811397557666216,5,0.0,7.9,4,13
06073013315,0.6202530167626535,1.0,0.46767233493474053,1.0,0.7322859265823018,1.0,0.6978085057888957,1.0,0.7522869821730797,0.75,0.7090703682196513,1.0,0.3850746268656716,1.0,1.0,0.6234931087609992,62.34931087609992,3862,321,150938.0,2.1,9.3,56.3,154,88.0,1.0204081632653061,3623,310,13.1,10.1,60.0,0.8278145695364238,7.120662868979803,78.47682119205298,29.257641921397383,0.0,6.47332988089073,,0.0,47.007397444519164,100.0,16.5,14.75,38.625,18.875,16.0,21.875,5.375,0.519674355495251,0.8196948682385575,0.9087193460490464,0.23292349726775952,0.6873297002724795,0.1723202170963365,0.6348773841961853,0.3800277392510403,0.5698778833107192,0.7198100407055631,0.8945578231292517,0.7448979591836735,0.43228454172366626,0.8469945355191257,0.7496598639455783,0.7622950819672131,0.3856749311294766,0.9405737704918032,0.9306122448979592,,0.967896174863388,0.19073569482288832,0.9685792349726776,0.573270013568521,0.3582089552238806,0.3758480325644505,0.39348710990502034,0.34260515603799185,0.4369063772048847,0.37652645861601086,71,5.0,6.1,26,45
06073018615,0.25440117590032507,1.0,0.34649291221552797,1.0,0.5513667746610177,1.0,0.4591227836922035,1.0,0.3682010192868188,0.75,0.47265588163765676,1.0,0.4166892808683853,1.0,1.0,0.4098471183231336,40.98471183231336,3150,353,69149.0,11.7,7.6,21.2,149,88.7,0.0,2396,219,18.4,14.1,46.110056925996204,25.29832935560859,6.253968253968253,37.11217183770883,27.596439169139465,6.159014557670773,29.841269841269842,,0.0,43.619909502262445,91.40811455847255,9.5,6.5,40.625,17.125,27.25,14.375,9.125,0.48371777476255085,0.13314840499306518,0.07970027247956402,0.3210382513661202,0.2016348773841962,0.16824966078697423,0.6525885558583107,0.6955617198335645,0.8778833107191316,0.8629579375848033,0.2387755102040816,0.22585034013605443,0.7400820793433652,0.01775956284153002,0.8095238095238095,0.2691256830601093,0.4173553719008265,0.37568306010928965,0.31156462585034017,,0.967896174863388,0.273841961852861,0.1762295081967213,0.2856173677069199,0.07530529172320218,0.4050203527815468,0.33514246947082765,0.5345997286295794,0.2903663500678426,0.5183175033921302,38,2.5,12.1,13,17
06073020040,0.5959193389341269,1.0,0.38150533462170366,1.0,0.4884185288769511,1.0,0.6050326983633713,1.0,0.7721852792962012,0.75,0.23554716775112539,1.0,0.367842605156038,1.0,1.0,0.4923501361427882,49.23501361427882,4333,374,164345.0,5.3,4.1,48.0,171,81.9,0.0,4230,542,15.2,11.8,64.0,0.0,11.712552496500233,75.71714476317545,8.969465648854962,2.5357607282184653,11.539349180706207,,8.272181454302869,40.33613445378151,90.12675116744497,7.5,12.25,38.0,19.25,12.375,25.0,4.375,0.4525101763907734,0.8737864077669902,0.49863760217983655,0.5587431693989071,0.5762942779291553,0.19335142469470828,0.3862397820163488,0.6955617198335645,0.4151967435549525,0.3595658073270014,0.680952380952381,0.49795918367346936,0.3173734610123119,0.950136612021858,0.42721088435374155,0.7254098360655737,0.8402203856749311,0.7021857923497268,0.7741496598639456,,0.20765027322404372,0.36920980926430513,0.12978142076502733,0.1791044776119403,0.25848032564450474,0.36024423337856176,0.4084124830393487,0.27408412483039346,0.47421981004070557,0.32225237449118044,46,2.0,6.0,13,23
06073013608,0.2531321252937462,1.0,0.45876487541168487,1.0,0.3271880393948624,1.0,0.35432149794725365,1.0,0.45100662945031694,0.75,0.24715236521195336,1.0,0.5565807327001356,1.0,1.0,0.37830660934427895,37.8306609344279,3801,871,73583.0,16.3,2.6,32.8,88,92.6,0.0,3637,645,17.8,14.3,64.46837146702558,4.990403071017274,15.171858216970998,46.83301343570058,12.673267326732674,8.543007606787596,26.308866087871614,,15.419065898912349,31.943212067435674,87.90786948176583,11.5,16.5,62.75,32.0,32.75,35.0,11.375,0.12075983717774763,0.1650485436893204,0.02043596730245234,0.7062841530054644,0.36103542234332425,0.06987788331071913,0.8153950953678474,0.6955617198335645,0.5644504748982361,0.21913161465400266,0.31564625850340133,0.20952380952380956,0.3023255813953488,0.46311475409836067,0.2829931972789116,0.36885245901639346,0.7548209366391184,0.22540983606557374,0.3727891156462585,,0.04371584699453557,0.6267029972752043,0.07103825136612021,0.3860244233378562,0.42469470827679784,0.5440976933514247,0.5522388059701493,0.5664857530529173,0.5352781546811397,0.5848032564450475,103,7.25,8.9,21,50
06073013607,0.5747645070643979,1.0,0.46456923853537785,1.0,0.4193990622029002,1.0,0.5982137593886201,1.0,0.33292203030333756,0.75,0.36152926053314677,1.0,0.5682496607869743,1.0,1.0,0.4742353598306792,47.42353598306792,2151,138,79847.0,5.0,2.7,33.4,146,89.6,0.0,2090,585,18.7,14.0,47.353760445682454,1.3626834381551363,12.721342031686858,57.861635220125784,19.607843137254903,8.269230769230768,47.88470478847048,,5.660377358490567,34.27471116816431,92.13836477987421,12.0,17.0,69.75,34.25,33.75,38.75,11.375,0.824966078697422,0.23717059639389737,0.5367847411444142,0.700136612021858,0.3739782016348774,0.1621438263229308,0.69141689373297,0.6955617198335645,0.9226594301221167,0.31071913161465403,0.20612244897959187,0.23809523809523814,0.7168262653898769,0.7950819672131147,0.382312925170068,0.49863387978142076,0.5950413223140496,0.24590163934426235,0.15782312925170072,,0.3278688524590164,0.5408719346049047,0.21584699453551912,0.4185888738127544,0.44572591587516963,0.5610583446404342,0.5644504748982361,0.5759837177747625,0.5549525101763908,0.5848032564450475,112,8.125,9.6,22,50
06073008202,0.8582898110549723,1.0,0.2581494311942886,0.8333333333333334,0.8186163339148413,1.0,0.3124236351040607,1.0,0.13335284933645586,0.5,0.050440980132318854,1.0,0.23473541383989144,1.0,1.0,0.38085835065383267,38.085835065383264,1203,43,111836.0,1.3,0.0,60.8,73,43.3,,1106,182,9.3,12.7,71.60804020100502,2.2761760242792106,21.862011637572735,36.26707132018209,,38.29588014981273,34.08146300914381,,35.66009104704097,51.24999999999999,84.67374810318664,4.0,16.0,26.5,13.0,10.875,12.5,2.125,0.9735413839891451,0.5325936199722607,0.9591280653950953,0.967896174863388,0.7479564032697548,0.04477611940298507,0.01226158038147139,,0.9810040705563093,0.9029850746268657,0.9972789115646259,0.39319727891156464,0.16415868673050615,0.6994535519125683,0.12925170068027214,0.2568306010928962,,0.0095628415300546,0.2571428571428571,,0.002732240437158473,0.11580381471389645,0.03278688524590164,0.08276797829036635,0.40298507462686567,0.24559023066485752,0.24084124830393486,0.24151967435549526,0.24491180461329715,0.20081411126187246,45,1.125,3.3,6,49
06073013422,0.7321946881635929,1.0,0.4634197414676451,1.0,0.6081715725638966,1.0,0.8788873460173241,1.0,0.7840735282506626,0.75,0.4769136850255356,1.0,0.6525101763907734,1.0,1.0,0.6565958196970615,65.65958196970615,4017,84,153986.0,6.3,1.6,52.9,178,86.7,2.380952380952381,3653,497,13.3,11.3,20.73170731707317,1.7463933181473046,5.033979360684621,90.66059225512528,0.0,4.634322954380883,8.712969878018422,,3.037205770690964,40.8770555990603,95.8997722095672,13.0,19.0,98.5,48.5,42.5,60.625,16.625,0.9118046132971506,0.8321775312066574,0.364441416893733,0.8203551912568305,0.6362397820163488,0.2021709633649932,0.5803814713896458,0.3495145631067961,0.5617367706919946,0.42605156037991854,0.8768707482993198,0.5680272108843538,0.9699042407660738,0.7486338797814207,0.8625850340136054,0.9344262295081968,0.9855371900826446,0.5040983606557377,0.8625850340136054,,0.5778688524590163,0.3487738419618529,0.5040983606557377,0.46404341926729986,0.5481682496607869,0.6478968792401628,0.6601085481682497,0.6336499321573948,0.6492537313432836,0.6716417910447762,167,13.125,6.2,25,49
06073017062,0.7044255002144175,0.75,0.4022121177730758,1.0,0.6437003295212251,1.0,0.5836581391992558,1.0,0.4628524516431691,0.75,0.686510772621015,1.0,0.05305291723202171,1.0,1.0,0.5052017468863114,50.52017468863114,4767,69,,1.6,9.3,73.2,134,64.2,0.0,4751,470,12.3,9.4,100.0,0.7343124165554071,10.048248374239565,92.25634178905207,24.163027656477436,18.675352877307276,9.020348227396687,,0.7343124165554071,46.05095541401274,100.0,7.0,16.75,6.875,4.875,2.5,0.625,0.0,0.9402985074626866,,0.9400544959128065,0.23292349726775952,0.912125340599455,0.14314789687924015,0.07220708446866485,0.6955617198335645,0.29172320217096337,0.46879240162822255,0.9496598639455782,0.8646258503401361,0.0020519835841312783,0.860655737704918,0.5170068027210885,0.9549180327868853,0.4931129476584022,0.050546448087431695,0.8448979591836735,,0.8797814207650273,0.21117166212534055,0.9685792349726776,0.1546811397557666,0.4355495251017639,0.05088195386702849,0.07327001356852103,0.05495251017639077,0.03934871099050204,0.046811397557666216,14,1.0,4.0,13,59
06073017308,0.5889442530991214,1.0,0.35088049868249943,1.0,0.6955311568317964,1.0,0.5528138228223046,1.0,0.36852247650629594,0.75,0.5104971635324073,1.0,0.0706919945725916,1.0,1.0,0.44826876657814513,44.826876657814516,2388,237,101833.0,3.6,4.5,56.7,120,70.9,0.0,2266,340,15.5,11.3,51.11940298507462,4.040404040404041,8.161548169962138,46.043771043771045,23.809523809523807,8.825786646201074,24.706867671691793,,10.942760942760943,13.015184381778742,95.03367003367003,5.0,15.0,8.625,5.125,3.5,2.5,0.0,0.655359565807327,0.42579750346740636,0.7391008174386922,0.53551912568306,0.6934604904632152,0.11329715061058344,0.12806539509536785,0.6955617198335645,0.8968792401628223,0.6723202170963365,0.6448979591836734,0.5680272108843538,0.6429548563611491,0.540983606557377,0.6680272108843537,0.3592896174863388,0.4979338842975206,0.20355191256830596,0.4040816326530612,,0.1311475409836066,0.9741144414168937,0.4262295081967213,0.10583446404341927,0.36906377204884666,0.06919945725915876,0.07937584803256445,0.08208955223880597,0.07598371777476255,0.046811397557666216,12,1.0,6.7,8,53
06073020311,0.7450585535659918,1.0,0.33178166537812714,1.0,0.46146355421408725,1.0,0.6368097629825853,1.0,0.6176948781590043,0.75,0.4316331898969144,1.0,0.33066485753052915,1.0,1.0,0.50787235167532,50.787235167531996,4151,409,130764.0,0.5,0.9,50.1,87,77.3,0.0,4087,673,14.3,12.5,90.27777777777779,0.0,8.387878787878787,90.880303989867,15.637860082304528,3.2475490196078436,19.754276078053483,,3.7365421152628246,56.98924731182796,97.97340088663711,7.0,11.5,35.625,17.375,13.0,21.25,3.125,0.4206241519674355,0.6907073509015257,0.9816076294277929,0.8872950819672131,0.5994550408719346,0.06784260515603799,0.23705722070844687,0.6955617198335645,0.44640434192672995,0.20217096336499318,0.780952380952381,0.4163265306122449,0.013679890560875485,0.950136612021858,0.6448979591836734,0.9385245901639344,0.6776859504132231,0.639344262295082,0.5360544217687075,,0.4986338797814208,0.06675749318801094,0.7295081967213115,0.1546811397557666,0.23609226594301222,0.32971506105834464,0.34260515603799185,0.28222523744911804,0.42401628222523746,0.2747625508819539,44,3.5,6.0,14,27
06073002904,0.24930584562039743,1.0,0.6793302119689284,1.0,0.11745608691237686,1.0,0.14315580978865047,1.0,0.3605127066280437,1.0,0.34237876148359914,1.0,0.8868385345997286,1.0,1.0,0.3969968510002464,39.69968510002464,9700,3145,51657.0,8.4,2.2,51.1,587,80.9,0.0,9262,844,27.7,12.8,70.07223942208462,8.470588235294118,41.7367819673834,17.176470588235293,17.1875,13.588614029142661,27.628865979381445,45.16490355,11.568627450980392,33.5297131147541,94.19607843137256,22.5,25.25,193.875,98.25,92.5,126.25,34.75,0.0,0.036061026352288486,0.21457765667574935,0.7465846994535519,0.6123978201634878,0.8453188602442334,0.34400544959128065,0.6955617198335645,0.005427408412483015,0.08412483039348706,0.0013605442176870541,0.3789115646258503,0.18878248974008205,0.28415300546448086,0.00952380952380949,0.09016393442622951,0.637741046831956,0.0901639344262295,0.34965986394557824,0.36448598130841126,0.11475409836065575,0.5681198910081744,0.3442622950819672,0.7503392130257802,0.8283582089552238,0.864314789687924,0.898236092265943,0.9023066485753053,0.8629579375848032,0.9063772048846676,202,20.25,19.7,40,51
06073006900,0.532393892659432,1.0,0.529360620984046,1.0,0.604985969964648,1.0,0.5447854637470696,1.0,0.6220313438220723,1.0,0.7872667917392534,1.0,0.7017639077340571,1.0,1.0,0.6175125700929398,61.75125700929398,6093,472,146779.0,4.5,6.7,65.7,217,65.0,0.0,5990,249,14.9,9.9,62.5748502994012,0.0,16.641999671106724,69.67771221062188,12.146892655367232,0.6314839873703203,15.755785327424915,59.34038581,0.0,23.396946564885496,96.50476622787109,15.5,23.75,124.25,57.75,53.25,81.875,19.0,0.35074626865671643,0.8016643550624133,0.6076294277929155,0.36953551912568305,0.8208446866485014,0.27951153324287653,0.08038147138964577,0.6955617198335645,0.10040705563093621,0.8202170963364993,0.7142857142857143,0.7850340136054421,0.35020519835841313,0.950136612021858,0.2394557823129252,0.639344262295082,0.768595041322314,0.8674863387978142,0.6557823129251701,0.19626168224299068,0.967896174863388,0.8310626702997275,0.5628415300546448,0.5413839891451832,0.7584803256445047,0.7001356852103121,0.7021709633649932,0.6926729986431479,0.7137042062415196,0.7001356852103121,177,10.375,4.9,19,52
06073007002,0.9139971360653398,1.0,0.49704218467907096,1.0,0.7484767719842347,1.0,0.8882936695455919,1.0,0.7499600777802812,1.0,0.6002379853387134,1.0,0.6738127544097693,1.0,1.0,0.7245457971147145,72.45457971147144,3025,140,184167.0,0.0,0.7,65.5,163,70.2,0.0,2931,307,13.4,10.8,35.810810810810814,0.0,5.945582801477998,88.21656050955414,8.25082508250825,3.2357473035439135,12.231404958677686,16.96328563,5.095541401273886,16.88888888888889,95.78025477707006,13.5,21.75,108.875,50.75,45.5,73.125,16.125,0.819538670284939,0.9334257975034674,0.9931880108991825,0.9098360655737705,0.8133514986376021,0.18385345997286295,0.11716621253405994,0.6955617198335645,0.7652645861601086,0.7238805970149254,0.8666666666666667,0.638095238095238,0.8850889192886457,0.950136612021858,0.8204081632653062,0.8975409836065574,0.8663911845730028,0.6420765027322404,0.745578231292517,0.7457943925233645,0.37431693989071035,0.9386920980926431,0.48770491803278687,0.4864314789687924,0.6858887381275441,0.6770691994572592,0.6763907734056988,0.66078697421981,0.689280868385346,0.6655359565807327,165,9.25,4.4,18,51
06073009804,0.8383634991753316,1.0,0.6569139615391353,1.0,0.3746665559032297,1.0,0.7906493077597032,1.0,0.8361002582876658,1.0,0.37687298680285686,1.0,0.649932157394844,1.0,1.0,0.646214103837538,64.6214103837538,5636,76,131504.0,2.0,1.7,51.4,393,92.0,0.0,5602,824,14.8,11.6,35.54006968641115,1.2973533990659056,8.657777777777778,83.8090295796575,6.761006289308176,0.6701030927835051,8.87154009936125,18.55631612,6.175402179553711,29.358288770053477,90.29579657498704,16.0,20.75,96.25,48.25,47.875,56.25,15.0,0.9287652645861602,0.7004160887656034,0.9162125340599455,0.8080601092896175,0.6212534059945504,0.6390773405698779,0.7935967302452316,0.6955617198335645,0.14382632293080055,0.09633649932157395,0.7292517006802721,0.5292517006802722,0.8905608755129959,0.8005464480874317,0.6231292517006803,0.8483606557377049,0.9035812672176309,0.860655737704918,0.8530612244897959,0.7271028037383178,0.30327868852459017,0.6934604904632153,0.13387978142076504,0.5556309362279511,0.6363636363636364,0.6404341926729986,0.6567164179104478,0.6689280868385346,0.6322930800542741,0.6512890094979648,152,8.75,5.7,29,51
06073009805,0.6634512082297711,1.0,0.49790854891930164,1.0,0.5826793675407749,1.0,0.6461414493361203,1.0,0.8347911437093187,1.0,0.35180759667068684,1.0,0.689280868385346,1.0,1.0,0.6094371689701885,60.94371689701885,4356,219,102202.0,2.6,3.0,53.0,175,82.7,0.0,4117,433,14.4,11.1,56.80851063829787,0.966183574879227,9.774436090225564,73.5373054213634,13.18181818181818,1.84404636459431,8.494031221303949,5.090230243,3.1669350509930223,45.88715159755268,93.18303811057434,10.0,23.25,109.75,54.125,53.0,68.75,19.375,0.6872455902306649,0.43134535367545074,0.861716621253406,0.6734972677595629,0.6389645776566758,0.19877883310719133,0.4019073569482289,0.6955617198335645,0.4423337856173677,0.5189959294436907,0.7700680272108844,0.5993197278911564,0.5225718194254446,0.8306010928961749,0.5401360544217687,0.6912568306010929,0.7424242424242424,0.7745901639344263,0.8707482993197279,0.9514018691588785,0.5628415300546448,0.21525885558583102,0.2773224043715847,0.30868385345997285,0.7435549525101763,0.6797829036635007,0.689280868385346,0.6906377204884667,0.680461329715061,0.7062415196743554,174,10.0,5.2,20,52
06073010001,0.7148486215890457,1.0,0.4761339071418131,1.0,0.5602098505616628,1.0,0.5754471079320024,1.0,0.4294600070800181,1.0,0.41105453065519176,1.0,0.4826322930800543,1.0,1.0,0.5213980454342554,52.13980454342554,3869,148,110060.0,1.2,3.9,19.3,244,84.2,0.0,3563,350,15.4,13.1,41.726618705035975,11.874386653581944,8.591512626920073,72.71835132482826,6.607929515418502,10.378188214599824,23.520289480485914,56.32856254,4.2198233562316,48.34152334152334,96.95780176643768,28.0,14.5,56.375,26.5,23.0,32.5,5.875,0.8100407055630936,0.5048543689320388,0.9632152588555858,0.5812841530054644,0.15463215258855587,0.32157394843962006,0.45708446866485014,0.6955617198335645,0.587516960651289,0.6540027137042063,0.6571428571428571,0.3421768707482993,0.8030095759233926,0.19262295081967218,0.6312925170068027,0.674863387978142,0.9084022038567493,0.1502732240437158,0.43673469387755104,0.22242990654205608,0.4590163934426229,0.16212534059945505,0.6120218579234973,0.8826322930800543,0.34531886024423336,0.519674355495251,0.5169606512890095,0.46132971506105835,0.5223880597014925,0.39280868385345996,75,10.0,9.7,48,44
06073010003,0.5877697869527987,1.0,0.545542997248403,1.0,0.3439569314835839,1.0,0.49927233569752716,1.0,0.418641140340117,1.0,0.3501101829931061,1.0,0.4470827679782904,1.0,1.0,0.45605373467054655,45.605373467054655,4876,371,105455.0,4.1,2.0,18.4,549,95.2,4.166666666666666,4737,832,15.0,13.5,100.0,4.498044328552804,9.744540585084465,91.72099087353325,50.85470085470085,2.479338842975207,18.04757998359311,51.53702551,6.7144719687092564,54.87804878048781,97.78357235984355,23.0,14.0,46.125,22.875,18.875,26.875,5.875,0.4579375848032564,0.463245492371706,0.6580381471389646,0.7718579234972678,0.1362397820163488,0.8290366350067843,0.9148501362397821,0.2961165048543689,0.2930800542740841,0.09023066485753051,0.7013605442176871,0.291156462585034,0.0020519835841312783,0.5027322404371585,0.5442176870748299,0.9480874316939891,0.09641873278236912,0.7049180327868853,0.5891156462585034,0.28411214953271025,0.2691256830601093,0.07901907356948223,0.7021857923497268,0.7706919945725916,0.32632293080054275,0.4789687924016282,0.4843962008141113,0.38738127544097695,0.4918588873812754,0.39280868385345996,57,8.0,9.5,41,44
06073010004,0.4159186406194708,1.0,0.45288142172261764,1.0,0.36668489648233793,1.0,0.6462853517312377,1.0,0.6356132412630371,1.0,0.46662869820282604,1.0,0.4166892808683853,1.0,1.0,0.4858145044128446,48.58145044128446,4665,425,103500.0,7.1,4.7,19.0,263,90.3,1.2605042016806722,4134,599,15.9,15.0,48.34437086092716,8.667883211678832,6.525496974935177,82.66423357664233,26.111111111111114,0.0,17.363344051446948,30.64094586,4.562043795620438,49.58217270194986,98.8138686131387,24.0,13.75,41.625,21.25,17.25,23.75,5.25,0.40094979647218454,0.44660194174757284,0.2990463215258855,0.5170765027322404,0.1505449591280654,0.3616010854816825,0.717983651226158,0.3772538141470181,0.4396200814111262,0.28358208955223885,0.5891156462585034,0.15442176870748303,0.6949384404924761,0.27459016393442626,0.7904761904761904,0.825136612021858,0.4421487603305785,0.9405737704918032,0.6027210884353742,0.5570093457943925,0.4207650273224044,0.1416893732970027,0.837431693989071,0.7971506105834464,0.31275440976933516,0.42401628222523746,0.46675712347354137,0.36092265943012214,0.46132971506105835,0.3704206241519674,53,6.375,11.4,38,44
06073012002,0.06855045892250267,1.0,0.5515555108576516,1.0,0.43212301202706316,1.0,0.38308268599090417,1.0,0.3875211657189963,1.0,0.20620970503714953,1.0,0.8226594301221166,1.0,1.0,0.40738599552519766,40.738599552519766,3658,924,48786.0,16.2,12.7,22.8,247,93.6,7.468879668049793,3326,530,15.7,16.1,61.20768526989936,13.563218390804598,3.9832869080779947,14.78927203065134,59.72972972972973,2.4663677130044843,26.790595954073265,39.62663348,25.134099616858236,33.11061618411284,82.5287356321839,31.5,24.0,174.625,82.375,76.375,116.25,28.125,0.10583446404341923,0.026352288488210817,0.022479564032697574,0.11953551912568305,0.21525885558583105,0.3256445047489824,0.8494550408719346,0.20527045769764218,0.6519674355495251,0.3772048846675712,0.6176870748299319,0.08163265306122447,0.39671682626538984,0.15710382513661203,0.9102040816326531,0.06830601092896176,0.037190082644628086,0.709016393442623,0.36462585034013606,0.4392523364485982,0.01775956284153002,0.5817438692098093,0.01912568306010929,0.94640434192673,0.7672998643147897,0.8256445047489823,0.824966078697422,0.8032564450474898,0.835820895522388,0.8236092265943012,192,19.125,13.0,54,50
06073012003,0.47294583101556265,1.0,0.5302537303399438,1.0,0.6370992901909746,1.0,0.5425117950344454,1.0,0.3449278210651796,1.0,0.3524267556071728,1.0,0.8032564450474897,1.0,1.0,0.5262030954715383,52.62030954715383,2931,217,88472.0,5.8,5.5,24.0,213,91.3,7.4324324324324325,2621,362,15.4,12.4,59.310344827586206,12.85878300803674,1.5851137146795313,62.91618828932262,24.279835390946502,8.986415882967608,31.047424087342204,42.16552582,6.084959816303099,34.370015948963314,92.0780711825488,32.0,23.75,165.375,77.5,72.0,110.625,26.875,0.6913161465400272,0.3259361997226075,0.42166212534059944,0.4528688524590164,0.2329700272479564,0.2700135685210312,0.7588555858310627,0.20665742024965328,0.8324287652645862,0.6316146540027137,0.6571428571428571,0.42721088435374155,0.44596443228454175,0.1693989071038251,0.9904761904761905,0.5642076502732241,0.487603305785124,0.19262295081967218,0.29387755102040813,0.405607476635514,0.3087431693989071,0.5354223433242506,0.21311475409836064,0.9545454545454546,0.7584803256445047,0.8073270013568521,0.7991858887381276,0.7896879240162822,0.8154681139755766,0.8046132971506106,192,18.0,9.4,55,50
06073012101,0.3506230558090978,1.0,0.46413713474913193,1.0,0.6515668411190799,1.0,0.46095301635713376,1.0,0.3605483048306963,1.0,0.2867562027565601,1.0,0.7677069199457259,1.0,1.0,0.4774702107953465,47.747021079534655,2139,185,83750.0,11.3,8.3,11.5,81,82.4,0.0,1709,298,15.9,13.3,59.556786703601105,18.19484240687679,3.778096604495457,48.28080229226361,33.587786259541986,4.1208791208791204,36.93314633006078,46.26011201,10.028653295128938,31.27413127413127,86.96275071633238,27.5,22.75,151.125,68.875,64.125,100.625,23.5,0.7449118046132972,0.2766990291262136,0.09741144414168934,0.2834699453551912,0.02997275204359673,0.057666214382632294,0.39850136239782014,0.6955617198335645,0.9592944369063772,0.7374491180461329,0.5891156462585034,0.3204081632653061,0.4418604651162791,0.0901639344262295,0.9238095238095239,0.3879781420765027,0.29476584022038566,0.5683060109289617,0.22585034013605443,0.3532710280373832,0.1598360655737705,0.6416893732970027,0.05874316939890711,0.8710990502035278,0.73202170963365,0.7734056987788331,0.7706919945725916,0.7564450474898237,0.7815468113975577,0.7564450474898237,187,18.0,9.6,48,49
06073017813,0.5483953800704195,1.0,0.377393588821552,1.0,0.6003092145949289,1.0,0.7158623933751923,1.0,0.1399479843357572,1.0,0.5123440935463538,1.0,0.2514246947082768,1.0,1.0,0.44938247849321156,44.93824784932116,4583,349,135860.0,3.8,8.7,61.6,130,94.2,4.597701149425287,4408,338,13.7,11.7,56.23836126629422,0.6395348837209303,5.738599170848789,68.77906976744185,32.9646017699115,16.827852998065765,61.749945450578224,72.42065961,0.0,46.70126019273536,94.53488372093022,3.0,9.25,25.375,10.125,14.375,8.75,3.875,0.4871099050203528,0.7323162274618585,0.7091280653950953,0.26502732240437155,0.7540871934604905,0.13364993215739485,0.8705722070844687,0.2787794729542302,0.36906377204884666,0.6763907734056988,0.8421768707482993,0.5136054421768708,0.5348837209302326,0.8674863387978142,0.8299319727891157,0.6311475409836066,0.31267217630853994,0.061475409836065587,0.10340136054421767,0.0822429906542056,0.967896174863388,0.19618528610354224,0.3729508196721312,0.06987788331071913,0.15739484396200815,0.23473541383989144,0.189280868385346,0.31953867028493893,0.20488466757123475,0.30868385345997285,46,4.0,4.7,6,23
06073990100,0.9925373134328358,0.25,0.10199004975124377,0.5,0.9952510176390774,0.5,,0.0,,0.0,,0.0,0.03867028493894166,1.0,0.5714285714285714,0.5321121664405246,53.21121664405246,0,0,,,,,0,,,0,0,,,,,,,,,,,,,,0.0,13.0,4.0,2.5,1.5,0.625,0.0,0.9925373134328358,,,,,0.0027137042062415195,,,0.9959294436906377,0.994572591587517,,,,,,,,,,,,,,0.009497964721845319,0.2937584803256445,0.033921302578018994,0.032564450474898234,0.0407055630936228,0.03934871099050204,0.046811397557666216,9,0.0,,0,49
06073017054,0.8033503578918768,1.0,0.535878224938512,1.0,0.4381400049843547,1.0,0.679894720945946,1.0,0.88835441274426,1.0,0.3907066601152454,1.0,0.10664857530529173,1.0,1.0,0.5489961367036409,54.89961367036409,5849,145,175965.0,4.4,1.1,55.2,275,93.2,0.0,5483,607,14.1,11.7,54.1025641025641,0.0,11.254962886242016,76.59683188553909,6.750392464678178,1.509813789632612,5.983928876731065,8.301182327,5.6719468574348495,35.29106029106029,94.1747572815534,8.0,16.25,9.125,7.375,3.875,3.75,0.625,0.8147896879240163,0.9112343966712899,0.6198910081743869,0.8674863387978142,0.6723433242506812,0.39552238805970147,0.8358310626702997,0.6955617198335645,0.1601085481682497,0.27408412483039346,0.8047619047619048,0.5136054421768708,0.5827633378932968,0.950136612021858,0.4503401360544218,0.7363387978142076,0.9063360881542699,0.8060109289617486,0.9401360544217687,0.9009345794392524,0.32650273224043713,0.5040871934604905,0.34153005464480873,0.20352781546811397,0.412483039348711,0.0773405698778833,0.12008141112618724,0.09497964721845319,0.11329715061058344,0.12754409769335143,14,1.5,5.2,16,53
06073017053,0.6969048924121721,1.0,0.4031450306178192,1.0,0.7751871440570801,1.0,0.8812002612711116,1.0,0.8669691292917194,1.0,0.5475126933785978,1.0,0.10664857530529173,1.0,1.0,0.6110811037619703,61.10811037619703,3462,61,224615.0,7.5,4.0,71.9,118,79.7,0.0,3389,240,13.1,10.2,37.333333333333336,1.4629948364888123,4.188330444829578,93.54561101549054,14.56953642384106,1.0221465076660987,6.35470826112074,2.501555694,1.2048192771084338,41.52284263959391,95.86919104991394,5.5,13.5,9.125,7.375,3.875,3.75,0.625,0.9552238805970149,0.9875173370319001,0.2745231607629428,0.5703551912568305,0.8923705722070845,0.11058344640434192,0.30040871934604907,0.6955617198335645,0.6438263229308006,0.8310719131614654,0.8945578231292517,0.7312925170068028,0.8645690834473324,0.7855191256830601,0.9034013605442177,0.9713114754098361,0.7052341597796143,0.8442622950819672,0.9333333333333333,0.9850467289719627,0.8114754098360656,0.33106267029972747,0.5,0.11533242876526459,0.3046132971506106,0.0773405698778833,0.12008141112618724,0.09497964721845319,0.11329715061058344,0.12754409769335143,15,1.5,4.1,10,43
06073008371,0.7004091841654698,1.0,0.5880836025587092,1.0,0.7965139515779175,1.0,0.36735476882327467,1.0,0.6010721589814628,0.75,0.7464178119245792,1.0,0.18412483039348712,1.0,1.0,0.5691394726321286,56.91394726321286,4288,152,207532.0,4.1,6.6,84.3,659,79.9,0.0,4177,140,13.9,7.4,47.42268041237113,3.6904761904761907,33.53672846749589,24.94047619047619,21.818181818181817,4.8697621744054365,11.427238805970148,,5.476190476190476,16.938300349243306,100.0,6.0,18.5,19.375,9.5,8.5,8.125,1.125,0.8039348710990502,0.9667128987517337,0.6580381471389646,0.3729508196721312,0.9863760217983651,0.8962008141112618,0.305858310626703,0.6955617198335645,0.43147896879240166,0.9430122116689281,0.8238095238095238,0.9877551020408163,0.7127222982216141,0.5669398907103825,0.03265306122448974,0.15710382513661203,0.5468319559228649,0.4808743169398907,0.7755102040816326,,0.337431693989071,0.9332425068119891,0.9685792349726776,0.1248303934871099,0.519674355495251,0.19470827679782904,0.16485753052917232,0.20149253731343283,0.19335142469470828,0.16621438263229307,35,0.0,4.4,11,60
06073008368,0.7047214413600653,1.0,0.512764151267012,1.0,0.5829844285068165,1.0,0.7118384286615904,1.0,0.7352071768507792,0.75,0.8654079996823554,1.0,0.0780189959294437,1.0,1.0,0.5987060888940091,59.87060888940091,6134,286,220580.0,4.9,2.4,72.7,254,84.9,2.005730659025788,5992,505,12.6,9.2,59.813084112149525,0.0,9.57203528258739,88.43868179362507,7.035175879396985,6.467913087417888,5.053798500163025,,0.48622366288492713,25.49379880569591,99.3517017828201,14.0,17.5,10.25,7.5,2.5,2.5,0.0,0.5583446404341927,0.9833564493758669,0.5504087193460491,0.7267759562841529,0.9039509536784741,0.34260515603799185,0.494550408719346,0.35922330097087374,0.09905020352781546,0.41383989145183175,0.927891156462585,0.891156462585034,0.4363885088919288,0.950136612021858,0.5578231292517006,0.9030054644808743,0.8980716253443526,0.3497267759562842,0.9578231292517007,,0.9180327868852459,0.782016348773842,0.8961748633879781,0.5027137042062415,0.4735413839891452,0.08955223880597014,0.12279511533242876,0.05495251017639077,0.07598371777476255,0.046811397557666216,19,1.0,4.8,21,59
06073017057,0.8326609977112363,1.0,0.3778588113667498,1.0,0.6858520477390413,1.0,0.6587908600344445,1.0,0.7217609348756889,0.75,0.5893412843763494,1.0,0.1468113975576662,1.0,1.0,0.5732966190944537,57.32966190944537,3856,122,168831.0,0.8,3.5,68.8,156,92.1,34.21052631578947,3810,430,12.5,10.0,56.317689530685925,0.0,13.191712562286915,80.22412656558998,7.674418604651163,4.410838059231255,11.929460580912862,,2.4390243902439024,39.2226148409894,97.89057350032961,4.5,13.75,13.625,9.5,4.875,6.875,0.625,0.8541383989145184,0.8862690707350902,0.973433242506812,0.6168032786885246,0.8583106267029973,0.17639077340569878,0.7983651226158038,0.026352288488210807,0.5223880597014925,0.525101763907734,0.935374149659864,0.7605442176870748,0.533515731874145,0.950136612021858,0.36462585034013606,0.7868852459016393,0.8787878787878788,0.5245901639344263,0.7619047619047619,,0.6434426229508197,0.40326975476839233,0.7213114754098361,0.09497964721845319,0.31275440976933516,0.14043419267299864,0.16485753052917232,0.13568521031207598,0.1655359565807327,0.12754409769335143,23,2.5,4.2,9,43
06073021502,0.7229182083208456,1.0,0.6143290165588102,1.0,0.525102917693536,1.0,0.3732372991133167,1.0,0.6578966310816429,0.75,0.7880267814158017,1.0,0.12075983717774763,1.0,1.0,0.5431815273373858,54.31815273373858,9517,365,181644.0,3.1,2.8,73.4,626,82.3,0.0,9066,556,13.8,8.9,61.62935323383084,4.425874342308882,19.255050505050505,50.23212627669452,8.407871198568873,7.314974182444062,10.19228748555217,,2.383163107397091,27.342606149341144,100.0,10.5,17.5,13.25,7.75,4.625,4.375,0.5,0.4681139755766621,0.9237170596393898,0.8079019073569482,0.6919398907103825,0.9155313351498637,0.8744911804613297,0.3957765667574932,0.6955617198335645,0.006784260515603768,0.3419267299864315,0.8319727891156463,0.9197278911564626,0.38166894664842677,0.5150273224043715,0.18095238095238098,0.41530054644808745,0.8636363636363636,0.29644808743169404,0.8136054421768708,,0.6489071038251366,0.7465940054495912,0.9685792349726776,0.3310719131614654,0.4735413839891452,0.1350067842605156,0.1255088195386703,0.12211668928086838,0.1255088195386703,0.09565807327001356,25,0.5,5.2,18,59
06073007601,0.7125092077853357,1.0,0.627407357822519,1.0,0.8570097102613095,1.0,0.6825786280963014,1.0,0.3307836877242881,0.75,0.6940585558086786,1.0,0.6625508819538671,1.0,1.0,0.6524140042074713,65.24140042074713,1756,215,114034.0,3.7,1.1,63.4,127,98.1,0.0,1696,62,15.7,9.4,26.834862385321102,0.10266940451745381,11.161731207289293,50.71868583162218,0.0,47.85867237687366,268.79271070615033,,9.137577002053387,17.647058823529413,100.0,13.5,22.0,106.0,50.25,46.25,65.625,14.375,0.6974219810040705,0.5603328710124826,0.7247956403269755,0.8674863387978142,0.7813351498637602,0.1282225237449118,0.9741144414168937,0.6955617198335645,0.9633649932157395,0.9823609226594301,0.6176870748299319,0.8646258503401361,0.9534883720930233,0.9002732240437159,0.45442176870748296,0.42213114754098363,0.9855371900826446,0.002732240437158473,0.004081632653061273,,0.1898907103825137,0.9237057220708447,0.9685792349726776,0.4864314789687924,0.6987788331071914,0.6716417910447762,0.6716417910447762,0.664179104477612,0.664179104477612,0.641112618724559,161,8.75,5.6,27,52
06073008373,0.8616641700576843,1.0,0.5661336545035922,1.0,0.8529901512843944,1.0,0.6116811478689836,1.0,0.8559171046822739,0.75,0.7451261396743151,1.0,0.13989145183175034,1.0,1.0,0.6619148314147134,66.19148314147134,3323,174,192031.0,3.1,0.5,80.0,364,84.6,0.0,3302,140,13.5,8.5,29.72972972972973,1.7926734216679656,14.40677966101695,53.85814497272019,8.430232558139535,1.0030864197530864,8.727053866987662,,4.286827747466875,22.62008733624454,99.84411535463757,7.5,18.0,16.0,8.25,5.125,6.25,0.5,0.7672998643147897,0.9459084604715673,0.8079019073569482,0.9255464480874317,0.9645776566757494,0.582089552238806,0.473433242506812,0.6955617198335645,0.6614654002713705,0.9430122116689281,0.8612244897959184,0.9462585034013605,0.9411764705882353,0.7418032786885246,0.3129251700680272,0.45081967213114754,0.862258953168044,0.8456284153005464,0.8598639455782313,,0.4480874316939891,0.8514986376021798,0.9357923497267759,0.1791044776119403,0.5020352781546812,0.16960651289009498,0.13636363636363635,0.1485753052917232,0.14925373134328357,0.09565807327001356,29,0.0,4.5,13,60
06073017201,0.8996731507995044,1.0,0.540272743551787,1.0,0.9232566296532181,1.0,0.6015681749253265,1.0,0.29611679924645645,0.75,0.7506135753388623,1.0,0.05373134328358209,1.0,1.0,0.5807474881141053,58.07474881141053,2169,43,202045.0,0.8,2.8,85.8,89,100.0,0.0,2132,194,12.1,8.9,39.743589743589745,0.0,14.405594405594405,41.30434782608695,26.72413793103448,27.984344422700584,23.513139695712308,,0.0,33.23262839879154,97.82608695652173,5.0,15.5,6.375,4.875,1.5,1.875,0.0,0.9735413839891451,0.9597780859916782,0.973433242506812,0.6919398907103825,0.9904632152588556,0.07327001356852103,0.9952316076294278,0.6955617198335645,0.9185888738127544,0.8941655359565808,0.9605442176870749,0.9197278911564626,0.8344733242134063,0.950136612021858,0.3142857142857143,0.3073770491803279,0.431129476584022,0.01912568306010931,0.4380952380952381,,0.967896174863388,0.5762942779291553,0.7076502732240437,0.10583446404341927,0.3812754409769335,0.046811397557666216,0.07327001356852103,0.0407055630936228,0.06105834464043419,0.046811397557666216,12,0.0,3.3,10,57
06073007911,0.6277513691226372,1.0,0.6027817553419814,1.0,0.8099687093290505,1.0,0.4619225253959762,1.0,0.44701677807915835,0.75,0.553222852548354,1.0,0.6208955223880597,1.0,1.0,0.5890799303150311,58.90799303150311,2480,142,122344.0,9.4,0.9,70.5,456,77.9,0.0,2372,119,17.0,8.1,41.36212624584717,4.703328509406656,24.80777013354917,54.34153400868307,7.361963190184049,8.47682119205298,37.096774193548384,,7.814761215629522,33.71126228269085,99.05933429811867,12.5,20.5,89.25,44.125,38.125,55.0,12.625,0.8181818181818181,0.6352288488210819,0.17029972752043598,0.8872950819672131,0.8726158038147139,0.7313432835820896,0.2513623978201635,0.6955617198335645,0.8819538670284939,0.9640434192672999,0.4224489795918367,0.9714285714285714,0.8071135430916553,0.48224043715847,0.0993197278911565,0.45901639344262296,0.8870523415977961,0.2295081967213115,0.22448979591836737,,0.22814207650273222,0.561307901907357,0.8702185792349727,0.44301221166892807,0.6227951153324288,0.6261872455902306,0.6289009497964722,0.6078697421981004,0.6268656716417911,0.6146540027137042,139,7.75,5.6,19,52
06073018102,0.4864530906624264,1.0,0.2485968506887364,1.0,0.6516148386084419,1.0,0.41086319678462313,1.0,0.1242832381112134,0.75,0.7274819711836731,1.0,0.3886024423337856,1.0,1.0,0.4339850897675571,43.398508976755714,2424,239,90306.0,6.9,3.3,46.3,274,73.2,60.0,2302,299,17.2,11.2,67.41440377804014,0.0,16.419141914191417,31.629392971246006,39.568345323741006,20.90966519267214,55.28052805280528,,0.6389776357827476,28.37510105092967,96.48562300319489,10.0,6.0,38.375,17.0,25.25,13.75,7.875,0.6492537313432836,0.33841886269070737,0.3208446866485014,0.6372950819672132,0.5538147138964578,0.39280868385345996,0.16689373297002724,0.00832177531206657,0.8914518317503393,0.7347354138398914,0.3952380952380953,0.5850340136054422,0.24213406292749662,0.950136612021858,0.24489795918367352,0.2062841530054645,0.2148760330578512,0.03688524590163933,0.1210884353741497,,0.8961748633879781,0.7247956403269755,0.5614754098360656,0.30868385345997285,0.06105834464043419,0.37177747625508817,0.3310719131614654,0.5027137042062415,0.27544097693351427,0.46200814111261873,41,3.5,6.9,17,17
06073008201,0.813909607945052,1.0,0.3905829031821711,1.0,0.8670181098219478,1.0,0.5270357418606024,1.0,0.31164488646924243,0.75,0.46359494349399205,1.0,0.2746268656716418,1.0,1.0,0.5212018654920928,52.12018654920928,1986,77,129250.0,2.5,2.0,81.9,128,54.7,0.0,1974,258,12.6,9.8,56.84007707129094,1.4736842105263157,11.22905027932961,45.36842105263158,11.176470588235295,24.423229912490054,56.89828801611279,,5.473684210526316,36.699029126213595,96.63157894736842,4.5,16.25,30.125,14.625,13.5,13.75,2.625,0.9253731343283582,0.6823855755894591,0.8760217983651226,0.7718579234972678,0.9768392370572208,0.1309362279511533,0.0326975476839237,0.6955617198335645,0.9280868385345997,0.805291723202171,0.927891156462585,0.8068027210884354,0.5198358413132695,0.7814207650273224,0.4530612244897959,0.35382513661202186,0.7878787878787878,0.02868852459016391,0.11836734693877549,,0.3387978142076503,0.4727520435967303,0.5792349726775956,0.09497964721845319,0.412483039348711,0.2734056987788331,0.27544097693351427,0.296472184531886,0.27544097693351427,0.25237449118046135,50,2.125,4.1,6,49
06073020035,0.779707804922918,1.0,0.4012929151732436,1.0,0.5589660694671355,1.0,0.7809845440272944,1.0,0.6320751694075092,0.75,0.42000876004427173,1.0,0.23473541383989144,1.0,1.0,0.5439672395546091,54.396723955460914,6480,63,200915.0,2.3,7.7,67.3,95,79.1,0.0,6442,434,13.7,9.7,41.66666666666667,0.9433962264150944,7.8605388272583205,80.45822102425876,18.642350557244175,5.87737843551797,7.870370370370369,,0.6738544474393532,54.42883323152108,93.39622641509435,10.5,9.5,24.875,9.625,12.0,11.25,3.25,0.9491180461329715,0.957004160887656,0.8985013623978202,0.31420765027322406,0.8419618528610354,0.08208955223880597,0.28746594005449594,0.6955617198335645,0.05563093622795112,0.514246947082768,0.8421768707482993,0.8238095238095238,0.8043775649794802,0.8333333333333334,0.6938775510204082,0.7923497267759563,0.615702479338843,0.39480874316939896,0.8857142857142857,,0.889344262295082,0.0803814713896458,0.29030054644808745,0.3310719131614654,0.16960651289009498,0.2299864314789688,0.17028493894165536,0.26051560379918587,0.22930800542740842,0.2835820895522388,41,3.5,4.1,18,28
06073020032,0.7008559098384275,1.0,0.35629604542241894,1.0,0.8101399311420634,1.0,0.8238698109819605,1.0,0.45079022531651863,0.75,0.7536094856638029,1.0,0.3139755766621438,1.0,1.0,0.6013624264324766,60.13624264324766,3230,103,183368.0,7.0,3.0,63.3,61,74.7,0.0,3027,222,13.0,10.1,30.656934306569344,0.4864489228630994,9.690402476780186,90.47949965253649,18.456375838926174,10.787352758834471,17.647058823529413,,1.5983321751216122,34.367816091954026,100.0,8.5,10.75,32.125,15.125,15.5,15.625,4.5,0.89280868385346,0.926490984743412,0.31062670299727524,0.6734972677595629,0.7779291553133515,0.03867028493894165,0.1927792915531335,0.6955617198335645,0.7354138398914518,0.858887381275441,0.9013605442176871,0.7448979591836735,0.9357045143638851,0.8811475409836066,0.5482993197278911,0.930327868852459,0.6198347107438016,0.13797814207650272,0.5945578231292517,,0.755464480874317,0.5367847411444142,0.9685792349726776,0.2327001356852103,0.20013568521031208,0.29918588873812757,0.2903663500678426,0.3344640434192673,0.3147896879240163,0.3310719131614654,54,4.0,4.1,16,27
06073020033,0.39466814131380035,1.0,0.504527516257493,1.0,0.6000731500198451,1.0,0.4767902052166655,1.0,0.6548270349100667,0.75,0.5128956289116203,1.0,0.31953867028493893,1.0,1.0,0.4947600495592043,49.47600495592043,4031,317,118125.0,9.9,7.8,59.3,317,90.6,0.0,3803,369,15.5,11.0,50.24469820554649,4.427577482605946,17.841079460269864,59.13978494623656,21.41119221411192,3.4208918753817956,11.16348300669809,,1.8342820999367486,41.31736526946108,95.76217583807717,7.5,10.75,32.875,15.375,16.0,16.25,4.5,0.5291723202170964,0.5936199722607489,0.1478201634877384,0.30806010928961747,0.7295640326975477,0.48846675712347354,0.7343324250681199,0.6955617198335645,0.5257801899592944,0.6166892808683854,0.6448979591836734,0.6129251700680272,0.6662106703146375,0.5136612021857924,0.2081632653061225,0.5191256830601093,0.5578512396694215,0.6243169398907105,0.782312925170068,,0.7117486338797814,0.34059945504087197,0.48633879781420764,0.1791044776119403,0.20013568521031208,0.3066485753052917,0.29579375848032563,0.34260515603799185,0.32157394843962006,0.3310719131614654,56,3.5,5.7,14,27
06073020030,0.540963306242869,1.0,0.4671470726740725,1.0,0.35902260497143224,1.0,0.6316797878129521,1.0,0.6221385361261879,0.75,0.3963324449209115,1.0,0.32184531886024426,1.0,1.0,0.4770184388012385,47.70184388012385,8033,963,170288.0,3.8,5.4,63.1,311,86.9,0.0,7455,660,15.4,11.5,74.37106918238993,0.8104978772674644,5.340470558944355,74.95175607873408,16.049382716049383,3.6802973977695173,17.677082036599028,,7.796217676572752,41.648495420846054,97.18255499807024,5.0,9.25,34.125,14.0,17.25,15.0,5.125,0.09633649932157395,0.8945908460471568,0.7091280653950953,0.4637978142076503,0.7758855585831063,0.4789687924016282,0.5892370572207084,0.6955617198335645,0.02170963364993217,0.2150610583446404,0.6571428571428571,0.5421768707482993,0.1094391244870041,0.8524590163934427,0.8503401360544218,0.7144808743169399,0.6652892561983471,0.6092896174863388,0.5918367346938775,,0.2308743169398907,0.3269754768392371,0.6311475409836066,0.10583446404341927,0.15739484396200815,0.31614654002713705,0.26322930800542743,0.36092265943012214,0.30325644504748983,0.3656716417910448,58,4.0,6.3,9,24
06073008377,0.5358873438083346,1.0,0.6403137818579031,1.0,0.7983740850478591,1.0,0.2345602060877725,1.0,0.15972446875150728,0.75,0.5977210236099323,1.0,0.35644504748982364,1.0,1.0,0.47471799380759033,47.47179938075903,2008,531,92700.0,3.9,1.8,80.5,284,98.2,0.0,1930,124,16.9,9.4,75.79617834394905,3.6964980544747084,25.100401606425706,29.669260700389106,49.549549549549546,15.737704918032788,30.87649402390438,,10.311284046692606,15.011547344110854,97.66536964980544,6.5,20.75,36.125,18.75,16.5,18.125,5.0,0.29918588873812757,0.3592233009708738,0.688692098092643,0.7964480874316939,0.9700272479564033,0.42740841248303935,0.976158038147139,0.6955617198335645,0.932157394843962,0.9579375848032564,0.4387755102040817,0.8646258503401361,0.08207934336525313,0.5642076502732241,0.09659863945578229,0.1953551912568306,0.10881542699724522,0.07103825136612019,0.29931972789115646,,0.15300546448087426,0.952316076294278,0.6878415300546448,0.13636363636363635,0.6363636363636364,0.3358208955223881,0.3894165535956581,0.35074626865671643,0.3521031207598372,0.3541383989145183,59,1.625,8.7,11,61
06073008379,0.4700932232287796,1.0,0.5565665223664085,1.0,0.5409383970684611,1.0,0.2255254885026828,1.0,0.3161493428152998,0.75,0.2980313475578585,1.0,0.3834464043419267,1.0,1.0,0.3986786751259167,39.86786751259167,4043,1303,75110.0,3.9,0.0,73.9,471,65.2,0.0,3868,403,17.1,10.5,58.14406229720961,6.87910976226606,31.783329210981943,8.447142134547294,22.01492537313433,13.55487538259729,29.18624783576552,,22.91350531107739,26.5406162464986,89.52959028831563,8.0,21.75,38.75,19.75,18.125,19.375,5.0,0.04070556309362283,0.18307905686546463,0.688692098092643,0.967896174863388,0.9196185286103542,0.751696065128901,0.08310626702997276,0.6955617198335645,0.5033921302578019,0.5671641791044777,0.4102040816326531,0.6829931972789116,0.4733242134062927,0.35382513661202186,0.04489795918367345,0.030054644808743168,0.5371900826446281,0.09153005464480879,0.3197278911564626,,0.021857923497267784,0.7615803814713896,0.11065573770491803,0.20352781546811397,0.6858887381275441,0.3778833107191316,0.4287652645861601,0.3778833107191316,0.378561736770692,0.3541383989145183,62,2.125,10.1,14,63
06073018202,0.35713561504828895,1.0,0.2724499642273475,1.0,0.5057696212813484,1.0,0.21363940925207292,1.0,0.19335790767555724,0.75,0.5173203198284719,1.0,0.41397557666214385,1.0,1.0,0.3533783448536044,35.33783448536044,3550,371,95494.0,7.0,8.2,37.4,330,75.6,8.962264150943396,2519,181,20.4,14.7,65.41554959785523,17.391304347826086,16.338028169014084,33.67433930093777,30.76923076923077,19.1592005513439,44.225352112676056,,4.3478260869565215,36.30952380952381,97.10144927536231,8.5,6.0,40.875,17.5,28.375,13.75,8.5,0.4579375848032564,0.37309292649098474,0.31062670299727524,0.28688524590163933,0.4380108991825613,0.5189959294436907,0.2064032697547684,0.17753120665742028,0.8629579375848033,0.9056987788331072,0.08163265306122447,0.17278911564625854,0.27496580027359785,0.10519125683060104,0.24625850340136057,0.22814207650273224,0.35674931129476584,0.04781420765027322,0.17551020408163265,,0.44398907103825136,0.4822888283378747,0.6256830601092896,0.2327001356852103,0.06105834464043419,0.412483039348711,0.3487109905020353,0.5400271370420624,0.27544097693351427,0.4932157394843962,38,3.0,13.3,14,17
06073018616,0.34942753094243556,1.0,0.43258400739605335,1.0,0.3395365473190633,1.0,0.3212084776724262,1.0,0.28555368767206113,0.75,0.0754976846681854,1.0,0.43120759837177747,1.0,1.0,0.3192879334345718,31.92879334345718,3358,342,51607.0,4.2,9.5,23.1,269,93.9,0.0,3070,716,18.4,14.0,63.053297199638656,4.229195088676671,15.30087692772906,23.05593451568895,61.07382550335571,1.742627345844504,100.35735556879094,,18.48567530695771,51.995163240628784,88.81309686221009,11.0,6.5,41.5,18.625,26.75,15.0,9.125,0.494572591587517,0.03467406380027739,0.6423705722070845,0.2260928961748634,0.22343324250681199,0.3819538670284939,0.8623978201634878,0.6955617198335645,0.7177747625508819,0.16350067842605154,0.2387755102040816,0.23809523809523814,0.33515731874145005,0.5273224043715847,0.2789115646258503,0.14344262295081966,0.03305785123966942,0.7827868852459017,0.04081632653061229,,0.030054644808743203,0.10354223433242504,0.09289617486338798,0.3568521031207598,0.07530529172320218,0.42198100407055633,0.383989145183175,0.5284938941655359,0.30325644504748983,0.5183175033921302,38,2.5,11.0,19,17
06073016618,0.6112999475149621,1.0,0.4421961214603615,1.0,0.5113779433075809,1.0,0.5529767301506954,1.0,0.6298142008914843,0.75,0.6995726686618723,1.0,0.6137042062415196,1.0,1.0,0.5801345454612108,58.01345454612108,3649,143,104833.0,5.1,3.2,41.0,186,78.3,0.0,3461,512,16.2,11.9,56.06936416184971,3.0902348578491967,21.102449888641424,88.62793572311496,5.47945205479452,10.657095527332965,9.865716634694436,,3.0902348578491967,21.591695501730104,97.46600741656366,9.5,22.0,81.125,41.75,40.5,50.0,13.375,0.8168249660786975,0.4563106796116505,0.5245231607629428,0.6475409836065573,0.4904632152588556,0.21913161465400272,0.26362397820163486,0.6955617198335645,0.6146540027137042,0.4097693351424695,0.5360544217687075,0.4850340136054422,0.5403556771545828,0.6215846994535519,0.14149659863945574,0.9084699453551912,0.9242424242424242,0.1407103825136612,0.8244897959183674,,0.5710382513661203,0.8692098092643052,0.6584699453551912,0.2856173677069199,0.6987788331071914,0.6004070556309362,0.6119402985074627,0.6187245590230664,0.6085481682496607,0.6289009497964722,143,7.875,6.4,18,53
06073000902,0.5541450676447263,1.0,0.6445101951345963,1.0,0.6050215065673488,1.0,0.4818345552098079,1.0,0.10356315673539433,0.75,0.2672905406411459,1.0,0.9308005427408412,1.0,1.0,0.5124522235248372,51.24522235248372,2441,309,88229.0,4.0,2.9,60.6,316,60.7,0.0,2318,459,16.9,11.0,45.29505582137161,0.0,20.929276315789476,16.028552887735238,85.71428571428571,11.942857142857143,40.96681687832855,,15.314730694354314,34.82849604221636,92.40752757949383,29.0,29.25,223.625,104.25,102.625,146.875,35.5,0.5379918588873813,0.3245492371705964,0.6716621253405994,0.6823770491803278,0.7438692098092643,0.4843962008141113,0.05449591280653951,0.6955617198335645,0.8873812754409769,0.48100407055630934,0.4387755102040817,0.6129251700680272,0.7523939808481532,0.950136612021858,0.14693877551020407,0.0778688524590164,0.0027548209366391463,0.11065573770491799,0.19727891156462585,,0.04508196721311475,0.5149863760217983,0.24180327868852458,0.9029850746268657,0.985753052917232,0.9355495251017639,0.9308005427408412,0.937584803256445,0.9335142469470827,0.9165535956580733,192,23.625,7.9,52,52
06073004101,0.394970167646692,1.0,0.6212076546835815,1.0,0.5268723635994426,1.0,0.2834469052584816,1.0,0.3608360744830832,0.75,0.47030518703811247,1.0,0.9496607869742197,1.0,1.0,0.5153284485262304,51.532844852623036,4155,231,62365.0,6.6,5.1,45.9,688,73.7,10.989010989010989,3258,400,18.7,10.7,74.62787550744248,1.7873100983020553,30.17450315075133,33.958891867739055,31.767955801104975,4.318084651560496,39.229843561973524,,5.719392314566577,32.59041211101766,95.71045576407506,34.0,28.5,236.125,109.75,103.75,156.25,35.875,0.6689280868385346,0.09015256588072122,0.33719346049046317,0.48360655737704916,0.5483651226158038,0.9090909090909091,0.17574931880108993,0.144244105409154,0.6729986431478969,0.5746268656716418,0.20612244897959187,0.6537414965986394,0.10396716826265395,0.7431693989071038,0.05714285714285716,0.22950819672131148,0.3347107438016529,0.5437158469945356,0.20408163265306123,,0.32513661202185795,0.6049046321525886,0.4808743169398907,0.9782903663500678,0.9715061058344641,0.9674355495251018,0.9477611940298507,0.9416553595658074,0.9633649932157394,0.9280868385345997,200,25.25,9.7,61,51
06073005202,0.296062666486836,1.0,0.6802594276689765,1.0,0.2536835765513804,1.0,0.2220674278098582,1.0,0.3817427598777397,0.75,0.31156971059593114,1.0,0.9046132971506106,1.0,1.0,0.43571412373447604,43.57141237344761,5665,1776,47056.0,9.0,0.0,51.5,1363,55.2,0.0,4580,1125,18.7,12.0,68.72022864401397,2.8401022436807724,45.01323918799647,5.339392218119852,0.0,11.175580221997981,114.03353927625773,,34.791252485089466,20.218153486560187,84.72024992899745,24.0,27.25,214.375,97.5,91.75,143.125,35.0,0.006784260515603768,0.024965325936199722,0.18460490463215262,0.967896174863388,0.6239782016348774,0.9972862957937585,0.035422343324250684,0.6955617198335645,0.32157394843962006,0.013568521031207648,0.20612244897959187,0.47346938775510206,0.2175102599179206,0.6489071038251366,0.0013605442176870541,0.020491803278688523,0.9855371900826446,0.12431693989071035,0.03537414965986396,,0.004098360655737654,0.896457765667575,0.03415300546448088,0.7971506105834464,0.932157394843962,0.9118046132971506,0.89280868385346,0.8962008141112618,0.9118046132971506,0.9104477611940298,198,23.625,10.4,38,51
06073001202,0.43083603243274204,1.0,0.7506222531255431,1.0,0.7002482947045847,1.0,0.4565812848204474,1.0,0.21367504234227674,0.75,0.5478191708481609,1.0,0.9412483039348711,1.0,1.0,0.5772900546012323,57.729005460123226,3054,523,100670.0,5.1,5.2,55.1,956,81.5,0.0,2824,233,17.8,9.5,52.91120815138283,0.9014084507042254,16.33256654617154,22.197183098591548,64.58333333333334,7.068062827225131,30.451866404715126,,5.014084507042253,7.890017931858936,93.01408450704226,28.0,26.75,223.625,107.375,105.625,148.125,36.875,0.3080054274084125,0.4160887656033287,0.5245231607629428,0.4747267759562842,0.6696185286103542,0.9769335142469471,0.3712534059945504,0.6955617198335645,0.7951153324287652,0.8398914518317504,0.31564625850340133,0.8503401360544218,0.612859097127223,0.8387978142076502,0.24761904761904763,0.12704918032786885,0.024793388429752095,0.3101092896174863,0.30612244897959184,,0.3825136612021858,0.9945504087193461,0.26639344262295084,0.8826322930800543,0.9077340569877883,0.9355495251017639,0.9430122116689281,0.94640434192673,0.9389416553595658,0.9423337856173677,192,23.75,8.0,49,52
06073000901,0.6348716301096782,1.0,0.7416106169788059,1.0,0.7181806643960162,1.0,0.39216356004849523,1.0,0.45308779881911665,0.75,0.45505576152826793,1.0,0.9432835820895523,1.0,1.0,0.619750516281419,61.9750516281419,3632,472,102905.0,2.8,0.7,56.8,742,76.6,0.0,3182,240,16.8,9.2,39.65714285714286,4.60717749757517,18.53932584269663,11.590688651794375,8.771929824561402,4.933148916551406,102.14757709251101,,11.008729388942774,22.62266608771168,94.6168768186227,29.5,29.0,227.75,106.625,105.625,149.375,36.125,0.35074626865671643,0.43966712898751736,0.8392370572207084,0.9098360655737705,0.696866485013624,0.932157394843962,0.22752043596730245,0.6955617198335645,0.6933514246947083,0.8310719131614654,0.4571428571428572,0.891156462585034,0.8385772913816689,0.4918032786885246,0.19455782312925174,0.04371584699453552,0.849862258953168,0.4699453551912568,0.039455782312925125,,0.1297814207650273,0.8487738419618529,0.3866120218579235,0.917910447761194,0.9796472184531886,0.9511533242876526,0.9396200814111262,0.94640434192673,0.9443690637720489,0.9348710990502035,192,23.625,7.4,53,52
06073019109,0.5674143105870667,1.0,0.22058641310229654,1.0,0.4652913539907143,1.0,0.5673906619452966,1.0,0.663928496928284,0.75,0.21857923497267762,1.0,0.05549525101763908,1.0,1.0,0.394097960363425,39.4097960363425,4608,353,145221.0,3.7,8.7,31.8,240,80.6,4.661016949152542,3903,427,17.2,12.2,83.62068965517241,3.742613263296126,7.29765590446705,91.92383453709783,35.39651837524178,0.9108653220559532,8.463541666666666,,2.4294156270518714,81.22109158186865,80.10505581089954,0.5,4.0,4.375,3.75,0.625,0.625,0.625,0.48371777476255085,0.7961165048543689,0.7247956403269755,0.26502732240437155,0.3405994550408719,0.31614654002713705,0.33174386920980925,0.27600554785020803,0.49321573948439623,0.5284938941655359,0.3952380952380953,0.4442176870748299,0.0239398084815321,0.5601092896174864,0.7346938775510203,0.9508196721311475,0.2672176308539945,0.8524590163934427,0.8721088435374149,,0.644808743169399,0.0,0.01092896174863388,0.025101763907734057,0.033921302578018994,0.036635006784260515,0.041383989145183174,0.032564450474898234,0.03934871099050204,0.12754409769335143,9,0.0,7.9,1,16
06073017111,0.7339246036843057,1.0,0.38223012902964904,1.0,0.6676704603143836,1.0,0.6792844968715661,1.0,0.40988978258512,0.75,0.4969941632792841,1.0,0.1886024423337856,1.0,1.0,0.5083708682997278,50.837086829972776,4346,82,184080.0,10.7,0.0,69.0,83,80.8,0.0,4321,356,13.0,10.1,72.65625,0.4199160167966407,7.317073170731707,91.66166766646671,44.49438202247191,11.658717541070482,5.522319374137138,,0.0,59.641728134878825,95.56088782243552,1.5,13.0,18.125,10.125,7.125,10.0,1.25,0.9165535956580733,0.9320388349514563,0.11920980926430513,0.967896174863388,0.8596730245231607,0.06377204884667571,0.33787465940054495,0.6955617198335645,0.3853459972862958,0.6390773405698779,0.9013605442176871,0.7448979591836735,0.1450068399452804,0.8920765027322405,0.7333333333333334,0.9467213114754098,0.16115702479338845,0.11885245901639341,0.9496598639455782,,0.967896174863388,0.05040871934604907,0.4726775956284153,0.042740841248303935,0.2937584803256445,0.18453188602442333,0.189280868385346,0.17639077340569878,0.21370420624151967,0.1791044776119403,33,2.0,4.0,3,39
06073017059,0.7162942304833687,1.0,0.4484000843065221,1.0,0.6138200463360379,1.0,0.6219119062035794,1.0,0.6366736190027652,0.75,0.5294404490701449,1.0,0.1468113975576662,1.0,1.0,0.5304788189942978,53.04788189942978,3302,186,92090.0,1.6,1.5,53.1,29,95.5,0.0,3302,432,11.7,13.5,81.09452736318407,0.6418485237483954,7.843731072077528,86.58536585365853,13.609467455621301,7.919621749408984,6.662628709872804,,2.8241335044929397,29.927007299270077,93.77406931964056,5.0,13.75,13.625,9.5,4.875,6.875,0.625,0.7401628222523745,0.3536754507628294,0.9400544959128065,0.8312841530054644,0.6416893732970027,0.010854816824966078,0.9237057220708447,0.6955617198335645,0.6614654002713705,0.5230664857530529,0.9795918367346939,0.291156462585034,0.04377564979480164,0.8661202185792349,0.6952380952380952,0.8825136612021858,0.7300275482093663,0.26502732240437155,0.9149659863945578,,0.6038251366120219,0.6743869209809265,0.31010928961748635,0.10583446404341927,0.31275440976933516,0.14043419267299864,0.16485753052917232,0.13568521031207598,0.1655359565807327,0.12754409769335143,23,2.5,4.5,9,43
06073021402,0.4918312774561496,1.0,0.6074651133845651,1.0,0.6023698760372534,1.0,0.49731661250089054,1.0,0.2830518758557932,0.75,0.5196679124293365,1.0,0.6872455902306649,1.0,1.0,0.5269926082706647,52.699260827066475,3431,492,115341.0,4.8,4.8,46.3,439,84.6,0.0,3345,217,17.3,11.7,43.40136054421769,16.10305958132045,4.748774509803921,31.88405797101449,30.181818181818183,7.5892857142857135,39.63858933255611,,4.5893719806763285,19.274241522903036,92.35104669887278,14.5,22.0,114.375,52.25,48.25,77.5,17.875,0.32428765264586157,0.5755894590846047,0.5640326975476839,0.5034153005464481,0.5538147138964578,0.7069199457259159,0.473433242506812,0.6955617198335645,0.649932157394844,0.8663500678426052,0.3795918367346939,0.5136054421768708,0.7838577291381669,0.11475409836065575,0.8802721088435375,0.2103825136612022,0.36501377410468316,0.2814207650273224,0.20272108843537417,,0.4180327868852459,0.9046321525885559,0.23633879781420766,0.5162822252374492,0.6987788331071914,0.6879240162822252,0.6865671641791045,0.6716417910447762,0.7008141112618724,0.689280868385346,171,10.375,7.2,18,50
06073020042,0.5569863339610717,1.0,0.4707858332925801,1.0,0.5106914407554066,1.0,0.5428899276065745,1.0,0.6163951937637269,0.75,0.5353820173414134,1.0,0.28303934871099046,1.0,1.0,0.502310013633109,50.2310013633109,4759,222,110313.0,1.7,13.3,48.1,139,98.9,0.0,4473,493,13.1,12.9,51.546391752577314,4.284103720405862,13.37295690936107,71.70236753100339,33.33333333333333,3.218767048554282,7.144358058415634,,5.411499436302142,19.941634241245136,94.41939120631342,8.5,10.25,31.0,13.875,13.125,15.0,3.25,0.680461329715061,0.5110957004160888,0.9318801089918256,0.10450819672131151,0.5790190735694822,0.14789687924016282,0.9829700272479565,0.6955617198335645,0.3493894165535957,0.43419267299864317,0.8945578231292517,0.36462585034013606,0.6388508891928865,0.5232240437158471,0.35238095238095235,0.657103825136612,0.3023415977961432,0.6434426229508197,0.9034013605442177,,0.3422131147540983,0.9005449591280654,0.3633879781420765,0.2327001356852103,0.1865671641791045,0.2835820895522388,0.2591587516960651,0.2856173677069199,0.30325644504748983,0.2835820895522388,52,4.0,5.1,16,24
06073017112,0.8943655504744396,0.75,0.3830655296830578,1.0,0.8819176381543119,1.0,0.8488136981822847,1.0,0.7385057423592659,0.75,0.5304392926450371,1.0,0.2371777476255088,1.0,1.0,0.6448978855891294,64.48978855891295,2319,39,,3.2,0.7,71.0,105,81.8,0.0,2254,153,13.8,9.4,0.0,0.8670520231213872,9.597523219814242,97.6878612716763,4.40251572327044,6.738544474393531,5.17464424320828,,3.3236994219653178,54.98753117206982,100.0,2.0,10.5,25.5,11.5,10.625,13.125,2.5,0.9755766621438263,,0.797683923705722,0.9098360655737705,0.8794277929155313,0.09701492537313433,0.38283378746594005,0.6955617198335645,0.9002713704206241,0.9308005427408412,0.8319727891156463,0.8646258503401361,0.9958960328317373,0.842896174863388,0.5564625850340136,1.0,0.9366391184573003,0.32513661202185795,0.9537414965986395,,0.5450819672131147,0.07765667574931878,0.9685792349726776,0.051560379918588875,0.1919945725915875,0.23609226594301222,0.22184531886024422,0.23473541383989144,0.25848032564450474,0.23473541383989144,44,3.5,4.3,4,28
06073020031,0.4386733947677342,1.0,0.4318153093948531,1.0,0.5599234809256131,1.0,0.4510516692380345,1.0,0.5147416560446154,0.75,0.6154539092628162,1.0,0.351696065128901,1.0,1.0,0.480479354966081,48.047935496608105,6519,585,116982.0,4.5,7.9,59.3,174,86.1,0.0,6342,225,14.9,11.0,54.92610837438424,6.447309915518009,14.740602671637154,62.91685193419298,25.31645569620253,7.562679819153309,10.584445467096181,,1.1116051578479325,45.27363184079602,98.4437527790129,8.5,10.0,37.25,15.875,18.5,18.125,5.125,0.2605156037991859,0.5866851595006934,0.6076294277929155,0.29986338797814205,0.7295640326975477,0.1960651289009498,0.5565395095367848,0.6955617198335645,0.06105834464043425,0.8514246947082769,0.7142857142857143,0.6129251700680272,0.5690834473324213,0.3729508196721312,0.29659863945578235,0.5655737704918032,0.4614325068870524,0.28415300546448086,0.7986394557823129,,0.8210382513661202,0.2316076294277929,0.7937158469945356,0.2327001356852103,0.18046132971506107,0.35074626865671643,0.3100407055630936,0.37991858887381275,0.3521031207598372,0.3656716417910448,64,4.0,5.7,16,24
06073017113,0.733440949205006,1.0,0.45520991673960065,1.0,0.5318241815043521,1.0,0.5891533338459287,1.0,0.7597062968257348,0.75,0.5578398673833523,1.0,0.25413839891451834,1.0,1.0,0.5544732777740704,55.44732777740704,5175,61,132431.0,0.6,8.0,59.8,301,85.6,0.0,4789,491,15.8,9.8,56.63390663390664,3.984504703929164,5.7558139534883725,54.288876591034864,18.421052631578945,0.823271130625686,10.434782608695652,,1.3835085777531821,35.7630979498861,94.74266740453791,5.0,10.75,27.75,12.75,11.625,14.375,2.5,0.9552238805970149,0.7045769764216366,0.9795640326975477,0.2943989071038251,0.7356948228882834,0.4599728629579376,0.5340599455040872,0.6955617198335645,0.2754409769335142,0.4430122116689281,0.6020408163265306,0.8068027210884354,0.5266757865937073,0.5437158469945356,0.8285714285714285,0.4576502732240437,0.6212121212121212,0.8538251366120219,0.8040816326530612,,0.7841530054644809,0.49182561307901906,0.3975409836065574,0.10583446404341927,0.20013568521031208,0.257123473541384,0.2367706919945726,0.25169606512890097,0.2903663500678426,0.23473541383989144,47,4.0,5.9,10,28
06073013323,0.6101250920305228,1.0,0.5036158619947468,1.0,0.4373561229104939,1.0,0.7447542779978937,1.0,0.7148193206741217,0.75,0.6954463900180164,1.0,0.4690637720488467,1.0,1.0,0.5964544053820918,59.64544053820918,7011,376,173852.0,2.5,9.9,48.2,334,75.6,0.0,6612,596,15.0,10.3,28.484848484848484,5.684007707129094,6.800971567366767,84.10404624277457,28.78787878787879,0.4793863854266539,8.41534731136785,,0.0,48.78549435511461,100.0,19.0,14.75,48.375,26.25,19.375,27.5,7.625,0.4497964721845319,0.9042995839112344,0.8760217983651226,0.2103825136612022,0.5803814713896458,0.5264586160108549,0.2064032697547684,0.6955617198335645,0.046132971506105847,0.2903663500678426,0.7013605442176871,0.7115646258503401,0.9466484268125855,0.4098360655737705,0.7687074829931972,0.8538251366120219,0.3939393939393939,0.8770491803278688,0.8734693877551021,,0.967896174863388,0.14986376021798364,0.9685792349726776,0.6546811397557666,0.3582089552238806,0.49796472184531887,0.5128900949796472,0.39348710990502034,0.49796472184531887,0.44301221166892807,88,5.625,7.6,33,45
06073020043,0.6575911933147534,1.0,0.3847725392490753,1.0,0.6746298655147269,1.0,0.7970591458085332,1.0,0.780189528731151,0.75,0.5185586377014438,1.0,0.26770691994572593,1.0,1.0,0.5829296900379156,58.29296900379156,5378,162,237188.0,4.9,8.0,75.4,195,80.6,0.5012531328320802,5246,224,14.5,9.2,57.04697986577181,1.030337721808815,4.044943820224719,91.4710933028048,14.969450101832994,2.836484983314794,4.648568240981778,,4.12135088723526,50.85792724776938,100.0,7.0,12.5,30.125,13.75,11.125,16.875,2.5,0.7883310719131614,0.9972260748959778,0.5504087193460491,0.2943989071038251,0.9332425068119891,0.2299864314789688,0.33174386920980925,0.38557558945908466,0.1899592944369064,0.8541383989145184,0.763265306122449,0.891156462585034,0.5116279069767442,0.8265027322404371,0.9074829931972789,0.9426229508196722,0.6983471074380165,0.6775956284153005,0.964625850340136,,0.46448087431693985,0.12261580381471393,0.9685792349726776,0.1546811397557666,0.2734056987788331,0.2734056987788331,0.25576662143826323,0.24559023066485752,0.32903663500678426,0.23473541383989144,46,4.0,4.9,12,27
06073020110,0.5475765646631618,1.0,0.31821249247518674,1.0,0.23194140614183253,1.0,0.6671247282748403,1.0,0.7964069509843408,0.75,0.4785775971173747,1.0,0.20040705563093625,1.0,1.0,0.4628923993268104,46.28923993268104,9085,1124,134891.0,2.0,5.0,40.4,723,71.5,9.030837004405285,8646,1000,16.4,12.8,48.30827067669173,1.8628912071535022,11.233967271118974,80.17883755588674,14.194236926360727,0.1859427296392711,10.787011557512383,,0.3353204172876304,66.60387513455328,95.75260804769002,2.5,8.0,20.25,13.625,4.75,12.5,1.25,0.062415196743555,0.7226074895977809,0.9162125340599455,0.4890710382513661,0.48092643051771117,0.9280868385345997,0.1396457765667575,0.173370319001387,0.01085481682496603,0.035278154681139706,0.5027210884353741,0.3789115646258503,0.6963064295485636,0.7349726775956285,0.45170068027210886,0.7855191256830601,0.7148760330578512,0.8811475409836066,0.7931972789115647,,0.930327868852459,0.021798365122615793,0.48360655737704916,0.06173677069199457,0.1255088195386703,0.20149253731343283,0.2510176390773406,0.1255088195386703,0.24491180461329715,0.1791044776119403,26,0.0,7.9,5,21
06073001201,0.5658251569468291,1.0,0.5891614506116926,0.8333333333333334,0.7182725057458532,1.0,0.4228599750994565,1.0,0.2055996105708688,0.75,0.4872954542070547,1.0,0.958616010854817,1.0,1.0,0.5639471662909389,56.394716629093885,1982,206,68578.0,4.7,1.3,40.9,348,75.0,,1893,136,18.4,10.1,52.428810720268004,0.5943536404160475,20.131180625630677,8.469539375928678,32.69230769230769,9.84594775619558,50.95862764883956,,11.515601783060921,15.426695842450766,94.72511144130758,26.5,25.75,230.25,110.75,108.625,155.0,38.625,0.7082767978290366,0.130374479889043,0.5783378746594006,0.8463114754098361,0.4884196185286104,0.5495251017639078,0.19822888283378748,,0.9416553595658074,0.9477611940298507,0.2387755102040816,0.7448979591836735,0.6238030095759234,0.8729508196721312,0.16326530612244894,0.031420765027322405,0.3168044077134986,0.16530054644808745,0.13469387755102036,,0.11748633879781423,0.9495912806539509,0.3948087431693989,0.8514246947082768,0.8582089552238806,0.9552238805970149,0.9552238805970149,0.9647218453188603,0.9599728629579376,0.9579375848032564,194,24.375,8.3,46,52
06073001802,0.39881959255811705,1.0,0.7914504381848885,1.0,0.5878487894479365,1.0,0.421207310602472,1.0,0.48640392796236953,0.75,0.5319083992197853,1.0,0.9702849389416552,1.0,1.0,0.5982747709881748,59.82747709881748,3501,481,84885.0,6.4,3.5,55.5,924,90.0,0.0,3191,339,18.2,10.2,47.58999389871873,1.5127803860198226,21.336760925449873,14.501825769431404,28.97727272727273,3.0349013657056148,24.850042844901456,,10.485133020344287,13.356018715440237,95.7224830464267,26.5,25.5,235.0,112.0,110.125,157.5,41.0,0.3378561736770692,0.2857142857142857,0.3549046321525886,0.6168032786885246,0.6791553133514986,0.9715061058344641,0.7091280653950953,0.6955617198335645,0.6879240162822252,0.6743554952510176,0.2578231292517007,0.7312925170068028,0.707250341997264,0.7759562841530054,0.13741496598639458,0.06420765027322405,0.3911845730027548,0.6666666666666667,0.4013605442176871,,0.1489071038251366,0.9645776566757494,0.4822404371584699,0.8514246947082768,0.8419267299864315,0.9647218453188603,0.9620081411126187,0.9748982360922659,0.9681139755766621,0.9816824966078698,197,23.875,8.6,46,52
06073005302,0.6391220024857778,1.0,0.5731496608685062,1.0,0.6087593110514219,1.0,0.4077373991914722,1.0,0.16173560785014907,0.75,0.3098474809289121,1.0,0.8671641791044777,1.0,1.0,0.5096450916401024,50.96450916401024,4426,174,79650.0,3.9,1.1,33.3,1173,83.3,85.91549295774648,1925,492,15.8,12.1,36.87150837988827,3.2577903682719547,42.10526315789473,22.521246458923514,29.09090909090909,19.406392694063925,90.82693176683236,,27.053824362606232,25.423728813559322,90.15580736543909,22.0,26.75,201.125,90.25,84.75,131.875,31.0,0.7672998643147897,0.23300970873786409,0.688692098092643,0.8674863387978142,0.3698910081743869,0.9932157394843962,0.4305177111716621,0.004160887656033285,0.9348710990502035,0.43894165535956575,0.6020408163265306,0.4591836734693877,0.8755129958960328,0.610655737704918,0.006802721088435382,0.13797814207650272,0.38842975206611574,0.04371584699453557,0.05306122448979589,,0.010928961748633892,0.7874659400544959,0.13114754098360656,0.7333785617367707,0.9077340569877883,0.8805970149253731,0.8616010854816825,0.8521031207598372,0.8799185888738128,0.8616010854816825,196,23.0,8.5,36,51
06073001302,0.5808240397993221,1.0,0.8247016332869112,1.0,0.686417172024848,1.0,0.3487286374710006,1.0,0.35286706291603026,0.75,0.7027143729247629,1.0,0.9510176390773406,1.0,1.0,0.6353243653571737,63.53243653571737,3238,240,77459.0,3.8,2.1,68.1,822,86.0,0.0,3130,278,17.5,8.8,57.836644591611474,2.3137436372049978,21.525633106856084,16.149930587690882,52.25806451612903,1.9064911484339537,39.22174181593576,,3.2392410920869965,18.324901630129286,97.223507635354,29.5,29.0,230.0,108.125,107.0,152.5,37.375,0.6465400271370421,0.20943134535367544,0.7091280653950953,0.7581967213114754,0.8487738419618529,0.9545454545454546,0.5517711171662125,0.6955617198335645,0.6994572591587517,0.7672998643147897,0.3517006802721089,0.9272108843537414,0.48153214774281805,0.6980874316939891,0.13469387755102036,0.08060109289617487,0.08539944903581265,0.76775956284153,0.20544217687074828,,0.5532786885245902,0.9196185286103542,0.6352459016393442,0.917910447761194,0.9796472184531886,0.9538670284938942,0.9443690637720489,0.9538670284938942,0.9552238805970149,0.9477611940298507,192,23.625,7.3,53,52
06073021305,0.6176589039740878,1.0,0.31961236020731404,1.0,0.48478664192949905,1.0,0.8200108674808085,1.0,0.5626568615071915,0.75,0.32648660184730227,1.0,0.14708276797829037,1.0,1.0,0.4683278578463562,46.832785784635625,3876,98,143951.0,6.6,5.5,31.9,77,92.5,4.069767441860465,3803,560,15.8,12.0,45.55555555555556,2.5384615384615383,3.8699690402476783,90.84615384615384,8.16326530612245,3.6323202372127503,39.21568627450981,,2.1538461538461537,69.1958495460441,93.38461538461539,4.0,14.0,13.25,5.75,7.5,3.75,2.375,0.8941655359565808,0.7864077669902912,0.33719346049046317,0.4528688524590164,0.3460490463215259,0.04952510176390773,0.8092643051771117,0.30374479889042993,0.5257801899592944,0.3378561736770692,0.6020408163265306,0.47346938775510206,0.7469220246238031,0.6775956284153005,0.9183673469387755,0.9371584699453552,0.8691460055096418,0.6120218579234973,0.20680272108843534,,0.6734972677595629,0.017711171662125325,0.28825136612021857,0.08276797829036635,0.32632293080054275,0.1350067842605156,0.09226594301221167,0.18046132971506107,0.11329715061058344,0.21438263229308005,26,2.375,5.8,8,48
06073015705,0.25156191743339934,1.0,0.5944337566680239,1.0,0.19390916475138223,1.0,0.2022997227865603,1.0,0.49194628851856875,0.75,0.24060962959654164,1.0,0.5829036635006785,1.0,1.0,0.36538059189359356,36.53805918935936,3771,731,56811.0,6.7,5.6,15.2,372,94.9,0.0,3324,974,21.7,17.1,64.77166821994408,15.793588741204065,14.361843858246736,15.402658326817825,33.33333333333333,1.082753286929621,28.374436488994963,,6.88037529319781,42.080848243870115,90.46129788897576,24.0,17.75,72.125,35.375,38.125,41.875,12.0,0.1777476255088195,0.056865464632454926,0.33174386920980925,0.4398907103825137,0.082425068119891,0.5990502035278155,0.9032697547683923,0.6955617198335645,0.6540027137042063,0.049525101763907786,0.036054421768707434,0.036054421768707434,0.29685362517099867,0.11748633879781423,0.32108843537414966,0.07377049180327869,0.3023415977961432,0.8401639344262295,0.33333333333333337,,0.26366120218579236,0.31062670299727524,0.14754098360655737,0.7971506105834464,0.4891451831750339,0.5698778833107191,0.573270013568521,0.6078697421981004,0.5651289009497965,0.5983717774762551,106,6.25,13.6,38,51
06073021101,0.16331599797697027,1.0,0.40401447581196237,1.0,0.1979785672749425,1.0,0.5212390884680216,1.0,0.2892140327205262,0.75,0.3541229284852816,1.0,0.022795115332428766,1.0,1.0,0.2789543151528762,27.895431515287623,4714,1311,60455.0,8.6,7.3,26.9,361,94.2,0.0,4307,845,18.5,15.9,64.46280991735537,13.68483412322275,4.873377314322196,78.02132701421802,49.80694980694981,8.210984230560086,20.78913873568095,,1.1848341232227488,47.98071127185051,88.03317535545023,0.0,0.0,1.0,0.0,1.0,0.0,0.0,0.03934871099050208,0.07212205270457697,0.2036784741144414,0.33811475409836067,0.27043596730245234,0.573270013568521,0.8705722070844687,0.6955617198335645,0.38873812754409764,0.0827679782903663,0.22857142857142854,0.09183673469387754,0.3043775649794802,0.15437158469945356,0.8721088435374149,0.7540983606557377,0.1074380165289256,0.25,0.5102040816326531,,0.8142076502732241,0.1730245231607629,0.07513661202185792,0.009497964721845319,0.0047489823609226595,0.012211668928086838,0.004070556309362279,0.033921302578018994,0.016960651289009497,0.046811397557666216,1,0.0,11.4,0,0
06073013322,0.8072721057008007,1.0,0.43329546417931114,1.0,0.6814515086903147,1.0,0.6502416044572614,1.0,0.9037149913932967,0.75,0.5345252453060556,1.0,0.5055630936227951,1.0,1.0,0.6451520019071193,64.51520019071194,4442,107,164500.0,5.3,0.0,49.3,61,92.0,17.22972972972973,4307,364,13.8,9.3,46.15384615384615,5.69620253164557,6.683451590753033,72.96564195298373,0.0,0.0,11.031067086897792,,3.3453887884267632,53.191489361702125,100.0,21.5,15.0,57.75,30.75,23.0,33.125,8.125,0.8873812754409769,0.8751733703190014,0.49863760217983655,0.967896174863388,0.5919618528610354,0.03867028493894165,0.7935967302452316,0.0859916782246879,0.38873812754409764,0.6275440976933514,0.8319727891156463,0.8775510204081632,0.738030095759234,0.4084699453551912,0.7768707482993198,0.6775956284153005,0.9855371900826446,0.9405737704918032,0.7850340136054421,,0.5437158469945356,0.09128065395095364,0.9685792349726776,0.7204884667571235,0.36906377204884666,0.5237449118046132,0.5481682496607869,0.46132971506105835,0.5257801899592944,0.4687924016282225,99,8.25,6.4,37,46
06073015706,0.13609437531904367,1.0,0.43112416255036273,1.0,0.30497050923490154,1.0,0.20604075217582268,1.0,0.4848987456609343,0.75,0.2317627293617824,1.0,0.569742198100407,1.0,1.0,0.3378047817718935,33.78047817718935,2458,644,37432.0,20.7,7.6,17.5,180,92.6,8.0,2333,590,22.3,20.9,64.80836236933798,24.692874692874692,13.758806464981351,25.921375921375923,31.308411214953267,2.631578947368421,24.410089503661514,,10.933660933660933,34.66933867735471,85.13513513513513,24.0,17.0,68.375,33.5,36.25,38.125,11.375,0.21370420624151965,0.005547850208044383,0.004087193460490468,0.3210382513661202,0.12602179836512262,0.20827679782903663,0.8153950953678474,0.19417475728155342,0.8860244233378561,0.3073270013568521,0.02517006802721089,0.0013605442176870541,0.2954856361149111,0.024590163934426257,0.3360544217687075,0.1680327868852459,0.34573002754820936,0.6967213114754098,0.4122448979591836,,0.13251366120218577,0.5245231607629428,0.03825136612021858,0.7971506105834464,0.44572591587516963,0.5563093622795116,0.5617367706919946,0.592944369063772,0.5529172320217096,0.5848032564450475,99,6.75,18.4,38,51
06073015408,0.68077869695555,1.0,0.35186428850286955,1.0,0.2933899611404942,1.0,0.6328234477168679,1.0,0.8021342258621372,0.75,0.3977767355062214,1.0,0.5529172320217096,1.0,1.0,0.53024065538655,53.024065538654995,4482,529,143125.0,2.7,1.8,22.9,110,87.1,10.416666666666668,4378,830,16.8,13.9,60.24096385542169,4.597701149425287,5.601799775028121,79.66954022988506,11.055276381909549,0.7132667617689016,12.048192771084338,,1.7959770114942528,44.914756025867135,92.3132183908046,17.0,17.0,61.0,30.125,32.875,33.75,11.375,0.3018995929443691,0.7753120665742025,0.8494550408719346,0.7964480874316939,0.2186648501362398,0.10176390773405698,0.6008174386920981,0.15533980582524276,0.3731343283582089,0.09362279511533245,0.4571428571428572,0.24965986394557826,0.42134062927496585,0.4931693989071039,0.8380952380952381,0.7786885245901639,0.7920110192837466,0.8592896174863388,0.7551020408163265,,0.7185792349726776,0.24114441416893728,0.2336065573770492,0.5888738127544098,0.44572591587516963,0.5379918588873813,0.5440976933514247,0.5691994572591588,0.5284938941655359,0.5848032564450475,93,6.25,7.4,30,51
06073013425,0.7451876817868044,1.0,0.43045229538390695,1.0,0.8858001273779526,1.0,0.7862223911676757,1.0,0.7848005435295194,0.75,0.5925779097988415,1.0,0.39918588873812755,1.0,1.0,0.6606038339689755,66.06038339689755,1906,63,194935.0,9.9,0.2,56.3,142,83.2,0.0,1823,159,12.9,10.0,0.0,2.564102564102564,10.755508919202518,96.44970414201184,6.467661691542288,1.9342359767891684,14.690451206715634,,0.0,52.742616033755276,97.83037475345168,9.5,14.25,39.25,19.875,15.625,23.125,5.375,0.9491180461329715,0.9500693481276006,0.1478201634877384,0.9337431693989071,0.6873297002724795,0.15400271370420623,0.42302452316076294,0.6955617198335645,0.9497964721845319,0.9240162822252375,0.9088435374149659,0.7605442176870748,0.9958960328317373,0.6741803278688525,0.4789115646258504,0.9959016393442623,0.9104683195592287,0.7636612021857924,0.6802721088435374,,0.967896174863388,0.09945504087193457,0.7103825136612022,0.2856173677069199,0.33717774762550884,0.3914518317503392,0.4355495251017639,0.33717774762550884,0.4552238805970149,0.37652645861601086,72,5.0,6.1,17,45
06073017056,0.490709140795575,1.0,0.5760983837432004,1.0,0.5714671078743574,1.0,0.16251288162996808,1.0,0.5221581283953816,1.0,0.4764558300203987,1.0,0.11221166892808684,1.0,1.0,0.4159447344838526,41.59447344838526,4348,246,102405.0,9.6,2.4,64.6,493,80.4,0.0,4047,638,15.1,9.1,70.38664323374341,14.390934844192635,22.993542435424356,32.97450424929178,10.81081081081081,3.76226826608506,65.08739650413983,28.6123211,5.325779036827195,40.826245443499396,97.96033994334277,11.5,17.5,10.125,8.5,4.375,3.125,0.625,0.6370420624151967,0.4368932038834951,0.16212534059945505,0.7267759562841529,0.8024523160762943,0.7754409769335142,0.3235694822888283,0.6955617198335645,0.4620081411126187,0.23134328358208955,0.6904761904761905,0.9020408163265307,0.18057455540355682,0.13387978142076506,0.11428571428571432,0.22131147540983606,0.8016528925619835,0.5997267759562841,0.09659863945578229,0.5906542056074766,0.35245901639344257,0.3514986376021798,0.7254098360655737,0.3860244233378562,0.4735413839891452,0.08548168249660787,0.14246947082767977,0.10854816824966079,0.09701492537313433,0.12754409769335143,14,1.5,5.9,20,58
06073002502,0.14377380995453082,1.0,0.6858111100538155,1.0,0.23334833254875897,1.0,0.4995955358887741,1.0,0.42978341577778184,1.0,0.5512375733932888,1.0,0.9860244233378562,1.0,1.0,0.5042248858506866,50.422488585068656,7231,1114,92210.0,13.5,13.6,35.1,714,94.4,39.130434782608695,5743,803,17.6,12.9,51.43149284253579,8.650229837024655,8.886677093701124,55.662348516506476,36.48816936488169,0.9519867549668874,18.254736550961137,85.38892346,7.020476389469285,27.48031496062992,97.45089845382365,38.0,26.5,248.0,119.375,111.0,165.625,40.75,0.06648575305291726,0.3550624133148405,0.05177111716621252,0.10177595628415304,0.4025885558583106,0.921302578018996,0.8794277929155313,0.01941747572815533,0.12347354138398914,0.10447761194029848,0.3408163265306122,0.36462585034013606,0.6402188782489739,0.27595628415300544,0.6081632653061224,0.47404371584699456,0.2534435261707989,0.8510928961748634,0.5809523809523809,0.03364485981308407,0.25546448087431695,0.7411444141689374,0.657103825136612,0.9966078697421981,0.8955223880597015,0.9905020352781547,0.9850746268656716,0.9796472184531886,0.9952510176390773,0.9796472184531886,204,26.75,10.7,70,51
06073017052,0.7828962957460833,1.0,0.44625007544491235,1.0,0.6082470301553458,1.0,0.4140321549893309,1.0,0.6847645277476956,1.0,0.35475449541648674,1.0,0.14667571234735413,1.0,1.0,0.49108861312102986,49.10886131210299,5388,52,118036.0,3.9,0.9,64.3,435,83.1,19.54022988505747,5081,510,13.1,9.0,54.285714285714285,3.298774740810556,24.946900946128597,47.219604147031106,14.489795918367346,8.019072388383181,8.351893095768375,8.487865588,4.71253534401508,36.4494806421152,91.42318567389256,10.5,14.75,13.75,9.75,4.875,6.25,0.625,0.9633649932157395,0.5922330097087378,0.688692098092643,0.8872950819672131,0.797683923705722,0.7008141112618724,0.4162125340599455,0.07350901525658804,0.21573948439620083,0.41112618724559025,0.8945578231292517,0.9115646258503401,0.5800273597811217,0.6038251366120219,0.09795918367346934,0.3743169398907104,0.7066115702479339,0.2609289617486339,0.8761904761904762,0.8953271028037383,0.40710382513661203,0.47956403269754766,0.17759562841530055,0.3310719131614654,0.3582089552238806,0.14450474898236093,0.17639077340569878,0.13568521031207598,0.14925373134328357,0.12754409769335143,22,2.0,4.6,18,47
06073017055,0.7532500230081289,1.0,0.5288866162245884,1.0,0.7607823590766021,1.0,0.659361417079222,1.0,0.6206882461949575,1.0,0.6997029526064233,1.0,0.09959294436906377,1.0,1.0,0.5888949369369981,58.88949369369981,4958,116,178036.0,2.5,7.1,75.2,232,83.5,0.0,4883,188,12.6,8.2,36.58170914542729,1.723237597911227,11.765897124341839,64.75195822454309,24.290220820189273,5.618531296205028,13.513513513513514,9.931549471,2.8198433420365534,28.311425682507586,98.27676240208876,10.5,17.5,8.75,7.125,4.375,2.5,0.625,0.8663500678426052,0.9181692094313454,0.8760217983651226,0.35245901639344257,0.9318801089918256,0.3039348710990502,0.4373297002724796,0.6955617198335645,0.24966078697421978,0.9002713704206241,0.927891156462585,0.9653061224489796,0.8796169630642955,0.7527322404371585,0.4231292517006803,0.5819672131147541,0.4862258953168044,0.41393442622950816,0.7115646258503401,0.8710280373831776,0.605191256830601,0.726158038147139,0.76775956284153,0.3310719131614654,0.4735413839891452,0.07191316146540028,0.11397557666214382,0.10854816824966079,0.07598371777476255,0.12754409769335143,13,1.5,4.3,18,58
06073008360,0.3516956409746252,1.0,0.5296872020987843,1.0,0.31276548611303406,1.0,0.47840574468445407,1.0,0.5205640401506002,1.0,0.7382880937845874,1.0,0.28982360922659434,1.0,1.0,0.46017568814752563,46.017568814752565,6592,382,101963.0,10.6,5.9,36.5,511,79.2,0.0,5955,766,16.3,11.8,53.11890838206628,9.884201819685691,8.814589665653495,53.97022332506204,31.379310344827587,0.0,22.603155339805827,46.79527069,4.466501240694789,22.262190247801758,99.50372208436724,8.5,23.0,28.375,14.75,14.375,13.75,4.0,0.4402985074626866,0.42857142857142855,0.12397820163487738,0.41393442622950816,0.42370572207084467,0.7944369063772049,0.29223433242506813,0.6955617198335645,0.10583446404341923,0.12890094979647215,0.5183673469387755,0.49795918367346936,0.6087551299589603,0.2404371584699454,0.6122448979591837,0.4521857923497268,0.34435261707988984,0.9405737704918032,0.4571428571428572,0.34018691588785044,0.43306010928961747,0.8596730245231607,0.9221311475409836,0.2327001356852103,0.7394843962008141,0.2618724559023066,0.2808683853459973,0.31953867028493893,0.27544097693351427,0.3113975576662144,51,2.125,9.6,14,63
06073008502,0.2795740729864937,1.0,0.7211392187063584,1.0,0.2543700791035546,1.0,0.7105023995873606,1.0,0.5761586473980197,1.0,0.42455939210752264,1.0,0.6141112618724559,1.0,1.0,0.511487867394538,51.1487867394538,6507,1090,102326.0,9.7,5.5,53.6,716,91.5,0.0,6273,1153,16.2,12.6,45.326278659611994,3.0456852791878175,6.387596899224807,72.15931276844982,16.930379746835442,1.5757109915449656,38.72752420470263,24.76664592,7.575165950800468,23.17403065825068,91.8391253416634,19.0,20.75,88.5,41.375,40.125,51.875,12.5,0.07327001356852103,0.43411927877947293,0.15803814713896458,0.4528688524590164,0.6491825613079019,0.9240162822252375,0.7670299727520435,0.6955617198335645,0.06784260515603802,0.008141112618724522,0.5360544217687075,0.40544217687074835,0.7510259917920656,0.6256830601092895,0.8,0.6653005464480874,0.6432506887052342,0.7991803278688525,0.21360544217687072,0.6485981308411215,0.2404371584699454,0.8337874659400545,0.1994535519125683,0.6546811397557666,0.6363636363636364,0.6241519674355496,0.6078697421981004,0.6166892808683854,0.6139755766621439,0.6078697421981004,136,6.125,7.9,33,52
06073008504,0.4445790542783628,1.0,0.6528754471504644,1.0,0.3812489039034881,1.0,0.7697624760922287,1.0,0.46363775806726565,1.0,0.3604237082036698,1.0,0.671506105834464,1.0,1.0,0.5348619219328491,53.48619219328491,5774,508,126865.0,7.8,4.4,51.6,351,85.0,0.0,5329,756,15.4,11.4,53.15161839863713,0.7829491083079599,3.9205436487192893,74.46715963462374,22.956521739130434,3.2,21.64877034984413,58.12072184,7.698999565028274,26.82926829268293,88.69073510221835,26.5,21.75,109.5,53.25,48.5,66.25,14.875,0.3175033921302578,0.665742024965326,0.25408719346049047,0.540983606557377,0.6267029972752044,0.5556309362279511,0.5020435967302452,0.6955617198335645,0.18046132971506101,0.13364993215739485,0.6571428571428571,0.5537414965986395,0.6073871409028728,0.855191256830601,0.9142857142857143,0.7021857923497268,0.5179063360881543,0.6461748633879781,0.48299319727891155,0.20747663551401874,0.23633879781420764,0.7547683923705721,0.09016393442622951,0.8514246947082768,0.6858887381275441,0.6784260515603799,0.6879240162822252,0.6736770691994572,0.6689280868385346,0.6485753052917232,155,8.75,6.4,44,52
06073008505,0.3440523504193872,1.0,0.6683971389145816,1.0,0.3044693046825243,1.0,0.43316191516637154,1.0,0.4235575811221133,1.0,0.48909337264186065,1.0,0.6423337856173678,1.0,1.0,0.47215220693774373,47.21522069377437,5419,746,88184.0,9.8,2.4,44.0,510,88.6,0.0,5105,654,16.8,13.2,65.47344110854503,7.688564476885645,8.252967359050444,56.934306569343065,21.558441558441558,3.157398680490104,23.251522421110906,79.60174238,7.3965936739659375,12.340425531914894,92.60340632603406,18.5,22.25,97.875,47.0,43.125,60.0,13.75,0.1723202170963365,0.3231622746185853,0.1539509536784741,0.7267759562841529,0.526566757493188,0.7917232021709634,0.6478201634877384,0.6955617198335645,0.21302578018995932,0.21709633649932158,0.4571428571428572,0.33061224489795915,0.27359781121751026,0.31557377049180324,0.6585034013605442,0.4849726775956284,0.5495867768595042,0.6557377049180328,0.44217687074829937,0.04672897196261683,0.24453551912568305,0.9754768392370572,0.24726775956284153,0.6377204884667571,0.7109905020352781,0.6445047489823609,0.6485753052917232,0.6363636363636364,0.6472184531886025,0.6350067842605156,145,6.125,8.6,30,52
06073016502,0.1735059379616629,1.0,0.5942023770291857,1.0,0.06934944941341531,1.0,0.303304674900841,1.0,0.5030614397216215,1.0,0.3256180422169612,1.0,0.4656716417910447,1.0,1.0,0.347816223290676,34.7816223290676,7767,1451,68202.0,6.2,11.3,23.0,654,86.9,0.0,7437,1016,20.4,15.2,67.86140979689367,6.010488100040339,12.588950705136497,30.496167809600642,36.9290573372206,1.2743926722421346,17.38122827346466,46.9197262,4.719645018152481,36.763386180077774,89.1891891891892,20.5,17.5,44.125,20.25,26.0,21.25,8.375,0.02578018995929443,0.1276005547850208,0.37465940054495916,0.1659836065573771,0.2220708446866485,0.8900949796472184,0.5892370572207084,0.6955617198335645,0.023066485753052923,0.03324287652645863,0.08163265306122447,0.1394557823129252,0.2311901504787962,0.39480874316939896,0.3850340136054422,0.20218579234972678,0.2479338842975206,0.8265027322404371,0.601360544217687,0.33644859813084116,0.40437158469945356,0.4713896457765667,0.10109289617486339,0.694708276797829,0.4735413839891452,0.45115332428765265,0.45047489823609227,0.5162822252374492,0.42401628222523746,0.4864314789687924,58,4.625,11.8,35,51
06073017104,0.7798825082390708,1.0,0.35885882369569333,1.0,0.6199364956294593,1.0,0.5571227804884821,1.0,0.7540994772986908,1.0,0.42876570231731703,1.0,0.12265943012211669,1.0,1.0,0.5173321739701185,51.733217397011856,4057,307,137658.0,1.0,1.1,54.7,159,89.5,17.61904761904762,3727,354,15.0,11.2,69.83050847457626,7.97153024911032,2.36318407960199,77.01067615658363,22.30392156862745,1.9539427773900906,5.915701257086517,14.43683883,4.483985765124555,28.621908127208478,90.39145907473309,10.5,11.0,12.25,5.75,5.125,4.375,0.625,0.5427408412483039,0.7406380027739251,0.9686648501362398,0.8674863387978142,0.6607629427792916,0.1791044776119403,0.6866485013623979,0.0832177531206657,0.5454545454545454,0.6478968792401628,0.7013605442176871,0.5850340136054422,0.19835841313269498,0.3073770491803278,0.9809523809523809,0.7418032786885246,0.5289256198347108,0.7609289617486339,0.9414965986394558,0.7850467289719626,0.430327868852459,0.715258855585831,0.1407103825136612,0.3310719131614654,0.21234735413839892,0.11940298507462686,0.09226594301221167,0.1485753052917232,0.1255088195386703,0.12754409769335143,18,1.5,5.3,17,33
06073017107,0.6979058822920796,1.0,0.4145504139069717,1.0,0.7751949898005335,1.0,0.6031707746003472,1.0,0.8035773744717388,1.0,0.7610269849069153,1.0,0.16472184531886025,1.0,1.0,0.6028783236139209,60.28783236139209,3202,155,210227.0,4.5,5.9,82.1,104,74.7,0.0,3130,279,13.3,10.0,70.0,0.6603773584905661,13.1265664160401,95.28301886792453,21.867881548974943,0.0,10.306058713304184,7.143746111,0.4716981132075472,39.564220183486235,100.0,11.0,9.5,16.5,5.625,8.25,6.875,1.875,0.7991858887381276,0.970873786407767,0.6076294277929155,0.41393442622950816,0.9782016348773842,0.09430122116689281,0.1927792915531335,0.6955617198335645,0.6994572591587517,0.7639077340569878,0.8768707482993198,0.7605442176870748,0.19015047879616964,0.8647540983606558,0.36870748299319733,0.9890710382513661,0.5440771349862259,0.9405737704918032,0.8081632653061225,0.9214953271028037,0.9221311475409836,0.3923705722070845,0.9685792349726776,0.3568521031207598,0.16960651289009498,0.17639077340569878,0.08955223880597014,0.19810040705563092,0.1655359565807327,0.19402985074626866,24,2.5,4.3,18,28
06073013417,0.6698544613662955,1.0,0.38943524784971767,1.0,0.832255005122809,1.0,0.6928822405820887,1.0,0.7877380965732002,1.0,0.3856193822803909,1.0,0.5846675712347353,1.0,1.0,0.620350286429891,62.0350286429891,2127,77,158203.0,5.5,5.7,48.4,101,63.6,0.0,2076,174,13.1,11.1,66.66666666666666,1.6467065868263475,5.737316263632053,90.26946107784431,19.48717948717949,3.1884057971014492,6.582040432534086,2.514001245,2.844311377245509,53.272450532724505,95.50898203592814,13.5,16.25,77.75,40.25,32.625,46.875,10.75,0.9253731343283582,0.8543689320388349,0.4686648501362398,0.43101092896174864,0.5831062670299727,0.09090909090909091,0.0681198910081744,0.6955617198335645,0.9240162822252375,0.9111261872455902,0.8945578231292517,0.5993197278911564,0.25307797537619703,0.7609289617486339,0.8312925170068027,0.9262295081967213,0.5964187327823691,0.6489071038251366,0.9224489795918367,0.983177570093458,0.6010928961748634,0.08991825613079019,0.46584699453551914,0.4864314789687924,0.412483039348711,0.5902306648575305,0.6004070556309362,0.5644504748982361,0.5956580732700135,0.5725915875169606,140,10.5,6.4,24,47
06073004300,0.4877572534160318,1.0,0.8251277292130275,1.0,0.6562272127304111,1.0,0.5717847623227712,1.0,0.5428187539623006,1.0,0.6645002307887018,1.0,0.9677069199457259,1.0,1.0,0.6737032660541385,67.37032660541385,4181,313,121250.0,8.1,4.1,61.7,488,91.6,0.0,3997,211,16.3,10.0,35.66820276497696,1.1293634496919918,17.063205960105744,44.30184804928131,30.205278592375368,4.0866568193008375,15.068165510643386,30.32980709,3.5420944558521557,21.074815595363543,96.81724845995893,33.5,29.25,239.375,112.375,108.375,158.75,39.375,0.5345997286295794,0.6185852981969486,0.23910081743869205,0.5587431693989071,0.7568119891008175,0.7686567164179104,0.7717983651226158,0.6955617198335645,0.47354138398914514,0.8724559023066486,0.5183673469387755,0.7605442176870748,0.8878248974008208,0.8183060109289617,0.23401360544217686,0.3469945355191257,0.36363636363636365,0.5724043715846995,0.6707482993197279,0.5644859813084112,0.5150273224043715,0.8787465940054496,0.5997267759562842,0.9721845318860244,0.985753052917232,0.9728629579375848,0.9647218453188603,0.9626865671641791,0.9728629579375848,0.9654002713704206,198,27.5,6.2,64,51
06073004400,0.6621270016165177,1.0,0.7058919976314959,1.0,0.5755099733244722,1.0,0.6160242404243436,1.0,0.4834888303059227,1.0,0.8139669351756723,1.0,0.9683853459972862,1.0,1.0,0.6893420463536729,68.9342046353673,4033,271,137872.0,5.1,1.8,67.1,619,85.3,23.52941176470588,3745,317,16.9,11.0,37.6226826608506,4.48681996634885,7.63031981868547,48.0089736399327,20.723684210526315,5.360934182590234,31.986114554921897,24.82887368,1.2899607403252944,26.406157489638836,99.21480650588896,34.5,28.5,244.25,114.0,106.125,163.125,38.25,0.5841248303934872,0.7434119278779473,0.5245231607629428,0.7964480874316939,0.8392370572207084,0.8683853459972863,0.5163487738419619,0.0554785020804438,0.5407055630936228,0.7096336499321574,0.4387755102040817,0.6129251700680272,0.8618331053351573,0.5040983606557377,0.7142857142857143,0.383879781420765,0.5771349862258953,0.430327868852459,0.28163265306122454,0.6448598130841121,0.7964480874316939,0.7643051771117166,0.8811475409836066,0.9843962008141113,0.9715061058344641,0.9810040705563093,0.9715061058344641,0.9497964721845319,0.985753052917232,0.9538670284938942,199,26.375,7.4,65,51
06073004600,0.5063828574638272,1.0,0.518171281319437,0.8333333333333334,0.617875372672814,1.0,0.32273221717203854,1.0,0.13333485836763925,1.0,0.6426112873046361,1.0,0.9222523744911804,1.0,1.0,0.523337178398796,52.333717839879604,2046,214,86611.0,11.0,0.7,39.6,231,48.0,,1639,285,19.4,11.0,51.62374020156775,7.319304666056725,17.23456790123457,17.56633119853614,63.33333333333333,7.841483979763912,46.43206256109482,72.86869944,9.606587374199451,18.985126859142607,98.81061299176578,27.5,27.25,220.875,102.0,93.75,146.875,35.625,0.700135685210312,0.3092926490984743,0.10626702997275206,0.9098360655737705,0.46934604904632155,0.3005427408412483,0.017711171662125342,,0.9647218453188603,0.7584803256445047,0.13537414965986394,0.6129251700680272,0.637482900136799,0.33469945355191255,0.22585034013605443,0.09289617486338798,0.02754820936639113,0.26775956284153,0.16326530612244894,0.07476635514018692,0.180327868852459,0.9128065395095368,0.8346994535519126,0.8710990502035278,0.932157394843962,0.9226594301221167,0.9199457259158752,0.9131614654002713,0.9335142469470827,0.9219810040705563,199,24.125,9.3,45,51
06073004700,0.4393107496759862,1.0,0.5658778336274529,1.0,0.6437155594938111,1.0,0.14806109062000705,1.0,0.06559709035944117,1.0,0.4281242089903366,1.0,0.9165535956580733,1.0,1.0,0.4581771612035869,45.81771612035869,1538,225,72143.0,8.2,2.7,29.2,232,98.2,32.30769230769231,1100,287,17.5,11.9,76.4,13.687150837988826,18.966644865925442,26.955307262569832,60.0,10.611735330836455,92.32769830949285,82.85003111,11.731843575418994,38.61702127659574,98.18435754189943,26.0,27.5,219.125,100.75,92.625,145.625,35.625,0.6770691994572592,0.14979195561719832,0.23024523160762944,0.700136612021858,0.29836512261580383,0.3039348710990502,0.976158038147139,0.030513176144244092,0.9823609226594301,0.7557666214382632,0.3517006802721089,0.4850340136054422,0.07797537619699046,0.15300546448087426,0.18503401360544214,0.1762295081967213,0.03581267217630857,0.14344262295081966,0.04761904761904767,0.03551401869158877,0.10792349726775952,0.4196185286103542,0.7568306010928961,0.8385345997286295,0.9477611940298507,0.921302578018996,0.9104477611940298,0.903663500678426,0.9253731343283582,0.9219810040705563,199,25.25,10.0,38,51
06073004800,0.1400499872412011,1.0,0.5209412982270113,1.0,0.28352370799065896,1.0,0.36429052177485555,1.0,0.11535854932552267,1.0,0.34851079247380673,1.0,0.9200814111261874,1.0,1.0,0.3846794668798919,38.46794668798919,3272,782,61787.0,14.2,8.3,21.1,58,79.2,0.0,2560,778,20.1,16.3,62.99862448418156,9.018355945730248,9.492888064316636,39.66480446927375,57.20164609053497,10.881934566145093,50.4278728606357,66.64592408,12.689545091779728,23.06382978723404,90.02394253790902,32.0,27.5,221.5,102.5,93.25,146.875,35.125,0.15400271370420626,0.08321775312066575,0.03950953678474112,0.2834699453551912,0.1989100817438692,0.036635006784260515,0.29223433242506813,0.6955617198335645,0.8493894165535957,0.12075983717774763,0.09523809523809523,0.06870748299319729,0.33652530779753764,0.2622950819672131,0.564625850340136,0.2937158469945355,0.05096418732782371,0.13524590163934425,0.13877551020408163,0.1364485981308411,0.08606557377049184,0.8351498637602179,0.12431693989071038,0.9545454545454546,0.9477611940298507,0.9240162822252375,0.9219810040705563,0.9077340569877883,0.9335142469470827,0.9131614654002713,200,25.25,16.8,49,51
06073004900,0.07297056863784898,1.0,0.6959399426072896,1.0,0.12557389305790156,1.0,0.29536572730502797,1.0,0.347111401985959,1.0,0.206217149833981,1.0,0.8952510176390774,1.0,1.0,0.37691852872386944,37.691852872386946,5366,1373,52009.0,13.7,11.0,11.6,632,90.8,0.0,4482,931,20.4,18.5,60.46901172529313,18.323952470293932,9.924953095684803,23.577235772357724,21.29471890971039,4.821428571428572,28.6992172940738,91.81082763,16.57285803627267,33.388429752066116,76.54784240150094,28.0,27.5,210.75,98.0,88.875,139.375,33.0,0.0325644504748982,0.03744798890429958,0.04564032697547682,0.17622950819672134,0.0326975476839237,0.8772048846675712,0.7397820163487738,0.6955617198335645,0.3473541383989145,0.05902306648575306,0.08163265306122447,0.014285714285714235,0.41860465116279066,0.08606557377049184,0.5292517006802722,0.14754098360655737,0.5619834710743802,0.48633879781420764,0.32517006802721093,0.01495327102803734,0.0396174863387978,0.5735694822888283,0.00546448087431694,0.8826322930800543,0.9477611940298507,0.903663500678426,0.8968792401628223,0.8839891451831751,0.9009497964721845,0.8907734056987788,199,24.125,19.8,44,51
06073009102,0.46172454041090627,1.0,0.8036419268648475,1.0,0.4703303981022531,1.0,0.22838532096025602,1.0,0.27925955174293243,1.0,0.5077686454936644,1.0,0.7055630936227951,1.0,1.0,0.4938104967425221,49.38104967425221,4204,482,75764.0,3.6,3.9,47.5,1092,97.2,0.0,3792,563,17.9,10.3,73.72781065088758,3.6284470246734397,21.4456106870229,16.932752781809384,40.25974025974026,6.173399909214707,34.96669838249286,50.05600498,8.514755684567005,13.156822810590633,94.29124334784711,27.0,23.5,125.375,60.625,57.625,77.5,17.75,0.33649932157394846,0.1900138696255201,0.7391008174386922,0.5812841530054644,0.5667574931880109,0.989145183175034,0.9584468664850136,0.6955617198335645,0.5291723202170964,0.3351424694708277,0.30544217687074826,0.7115646258503401,0.12038303693570451,0.569672131147541,0.13605442176870752,0.08743169398907104,0.20385674931129472,0.37431693989071035,0.24353741496598635,0.2953271028037383,0.20491803278688525,0.9700272479564033,0.3483606557377049,0.8616010854816825,0.7503392130257802,0.7055630936227951,0.7211668928086838,0.7123473541383989,0.7008141112618724,0.6879240162822252,173,9.875,8.0,49,52
06073009104,0.7052222968726243,1.0,0.5312731231253089,1.0,0.7641068774864085,1.0,0.8698704395978749,1.0,0.554889713059175,1.0,0.7573380880769097,1.0,0.7386702849389417,1.0,1.0,0.703052974736749,70.3052974736749,3064,194,134896.0,0.8,6.2,67.1,95,59.1,0.0,3055,268,13.8,10.3,28.688524590163933,1.419698314108252,1.6485328058028355,78.34960070984916,16.9811320754717,5.214465937762826,11.74934725848564,45.11512134,2.9281277728482697,16.433566433566433,98.04791481810116,20.5,25.25,138.375,63.5,62.75,88.125,19.5,0.7252374491180461,0.723994452149792,0.973433242506812,0.39822404371584696,0.8392370572207084,0.08208955223880597,0.047683923705722074,0.6955617198335645,0.7259158751696065,0.7869742198100407,0.8319727891156463,0.7115646258503401,0.9439124487004104,0.7882513661202186,0.9877551020408163,0.7595628415300546,0.6418732782369145,0.4426229508196722,0.7687074829931972,0.36635514018691584,0.5915300546448088,0.9427792915531336,0.7377049180327869,0.694708276797829,0.8283582089552238,0.748303934871099,0.7408412483039348,0.7489823609226595,0.7469470827679783,0.7082767978290366,183,11.75,4.6,39,52
06073009107,0.48344764307755206,1.0,0.6645799910645329,1.0,0.4914126030330721,1.0,0.3276371452126409,1.0,0.22538633649712705,1.0,0.5741452132437973,1.0,0.7681139755766621,1.0,1.0,0.5049604153864835,50.49604153864835,5266,1147,100085.0,2.6,3.7,57.3,898,41.6,0.0,4894,204,20.4,10.0,53.97862232779097,5.2502050861361775,25.720876585928487,29.49138638228056,49.14675767918089,8.552138034508626,29.05431067223699,54.61107654,3.6505332239540604,32.9454253611557,97.12879409351928,23.0,25.5,151.5,67.625,69.25,96.875,22.75,0.05766621438263231,0.4133148404993065,0.861716621253406,0.6010928961748634,0.7057220708446866,0.9647218453188603,0.008855585831062671,0.6955617198335645,0.24423337856173677,0.8792401628222524,0.08163265306122447,0.7605442176870748,0.5868673050615595,0.4426229508196722,0.08843537414965985,0.19262295081967212,0.11019283746556474,0.22404371584699456,0.3224489795918367,0.2448598130841122,0.505464480874317,0.5885558583106267,0.6284153005464481,0.7706919945725916,0.8419267299864315,0.7754409769335142,0.7645861601085482,0.7856173677069199,0.7706919945725916,0.7442333785617368,185,14.0,10.4,43,52
06073008343,0.38328593734999294,1.0,0.6713563951476594,1.0,0.6350559355356796,1.0,0.33449429333304037,1.0,0.6195815359914686,1.0,0.6480137282053573,1.0,0.403527815468114,1.0,1.0,0.5279022344330446,52.79022344330446,4086,1121,91336.0,6.2,2.2,77.3,448,91.1,0.0,3956,298,17.2,8.8,52.58249641319943,4.178272980501393,27.17872968980798,19.832869080779943,22.868217054263564,5.327004219409283,15.173764072442488,10.75295582,10.083565459610028,11.683357176919408,98.49582172701949,9.0,21.0,40.875,20.625,18.625,20.625,5.0,0.06377204884667576,0.34812760055478503,0.37465940054495916,0.7465846994535519,0.9495912806539509,0.7191316146540027,0.7534059945504087,0.6955617198335645,0.480325644504749,0.7374491180461329,0.3952380952380953,0.9272108843537414,0.6196990424076607,0.53551912568306,0.07346938775510203,0.1092896174863388,0.5192837465564738,0.43579234972677594,0.6653061224489796,0.8579439252336448,0.15573770491803274,0.9809264305177112,0.8073770491803278,0.26119402985074625,0.6492537313432836,0.412483039348711,0.45861601085481685,0.3819538670284939,0.41044776119402987,0.3541383989145183,66,2.625,8.4,14,62
06073008344,0.6811395231705728,1.0,0.5767919064689327,1.0,0.7707189931603579,1.0,0.7729817041189332,1.0,0.4955988523102599,1.0,0.9144022076304203,1.0,0.544776119402985,1.0,1.0,0.6794870437517802,67.94870437517801,3350,222,193359.0,4.7,4.7,76.2,148,85.7,0.0,3187,383,13.2,9.1,45.96774193548387,0.0,8.328340323547035,77.71236333052985,24.317617866004962,6.451612903225806,11.940298507462687,44.03235843,0.6728343145500421,9.28449744463373,98.99074852817493,11.5,22.75,69.375,33.375,31.0,40.625,8.625,0.680461329715061,0.9486823855755895,0.5783378746594006,0.5170765027322404,0.94141689373297,0.1655359565807327,0.5401907356948229,0.6955617198335645,0.6906377204884668,0.6024423337856173,0.8877551020408163,0.9020408163265307,0.7414500683994528,0.950136612021858,0.6503401360544218,0.75,0.48484848484848486,0.35382513661202186,0.7605442176870748,0.383177570093458,0.8907103825136612,0.9863760217983651,0.8661202185792349,0.3860244233378562,0.73202170963365,0.5576662143826323,0.5597014925373134,0.5481682496607869,0.5610583446404342,0.4972862957937585,103,4.875,4.3,20,60
06073008345,0.49144580927439985,1.0,0.5984326807989176,1.0,0.6214927219191612,1.0,0.3579789578812844,1.0,0.6034432912354094,1.0,0.7955398222182516,1.0,0.6006784260515603,1.0,1.0,0.5812873870541406,58.128738705414065,4138,314,92846.0,9.0,0.9,75.6,202,83.9,0.0,3849,524,12.4,10.8,75.33960292580983,2.335456475583864,14.510575504181014,43.47133757961784,3.225806451612903,5.421686746987952,13.291445142580956,48.03982576,4.140127388535031,5.042016806722689,99.52229299363057,15.5,22.75,81.375,39.375,38.625,48.125,11.875,0.5318860244233379,0.361997226074896,0.18460490463215262,0.8872950819672131,0.9359673024523161,0.24151967435549526,0.444141689373297,0.6955617198335645,0.5135685210312075,0.3921302578018996,0.9421768707482994,0.638095238095238,0.08891928864569087,0.6953551912568305,0.30884353741496595,0.33879781420765026,0.9504132231404958,0.42349726775956287,0.7183673469387755,0.3214953271028037,0.46311475409836067,0.997275204359673,0.9262295081967213,0.5413839891451832,0.73202170963365,0.6031207598371777,0.592944369063772,0.6112618724559024,0.6004070556309362,0.5956580732700135,123,5.5,4.4,28,58
06073013414,0.5619012348284635,1.0,0.662301009455363,1.0,0.41252388336610085,1.0,0.778538876473197,1.0,0.7971682663634825,1.0,0.5790451303583926,1.0,0.6090909090909091,1.0,1.0,0.6286527585622727,62.865275856227264,7406,399,145961.0,5.6,4.0,40.8,702,89.8,0.0,6890,592,14.3,11.6,14.107883817427386,6.066693451185215,6.262763784887679,90.3173965447971,11.596638655462185,2.12347620920173,8.37159060221442,14.37461108,1.6472478907191643,46.060254924681345,98.35275210928084,23.0,16.0,82.375,42.5,33.25,51.875,13.625,0.4280868385345997,0.7988904299583911,0.4502724795640327,0.5703551912568305,0.48637602179836514,0.9158751696065129,0.702316076294278,0.6955617198335645,0.03934871099050208,0.3005427408412483,0.780952380952381,0.5292517006802722,0.9863201094391245,0.3920765027322405,0.8081632653061225,0.9275956284153005,0.7851239669421488,0.7418032786885246,0.8748299319727891,0.7869158878504673,0.7459016393442623,0.20844686648501365,0.7827868852459017,0.7706919945725916,0.40298507462686567,0.60719131614654,0.6187245590230664,0.5719131614654003,0.6139755766621439,0.6336499321573948,135,11.125,7.5,41,46
06073013415,0.7943793115187334,1.0,0.4410851820394311,1.0,0.8732243236507629,1.0,0.7250624706611581,1.0,0.7496096263180145,1.0,0.7113410312532572,1.0,0.5865671641791044,1.0,1.0,0.6973241585172089,69.73241585172089,1561,35,154688.0,1.4,6.1,39.7,141,92.9,20.0,1505,198,13.0,10.2,37.62376237623762,8.538899430740038,3.2030749519538757,80.83491461100569,11.71875,2.9465930018416207,14.734144778987828,10.06845053,0.0,46.68769716088328,100.0,22.0,15.75,76.0,40.875,32.25,46.875,11.875,0.9796472184531886,0.840499306518724,0.952316076294278,0.4050546448087432,0.47411444141689374,0.14993215739484397,0.8303814713896458,0.06657420249653256,0.9701492537313433,0.8900949796472184,0.9013605442176871,0.7312925170068028,0.8604651162790697,0.2814207650273224,0.9591836734693877,0.7991803278688525,0.778236914600551,0.6721311475409837,0.6789115646258503,0.8691588785046729,0.967896174863388,0.1975476839237057,0.9685792349726776,0.7333785617367707,0.3921302578018996,0.5793758480325645,0.6037991858887382,0.5583446404341926,0.5956580732700135,0.5956580732700135,127,10.0,5.9,36,47
06073013416,0.5665147914664822,1.0,0.502534435633862,1.0,0.49153213524215655,1.0,0.5199580384956117,1.0,0.6415335928880566,1.0,0.5602786587454028,1.0,0.583853459972863,1.0,1.0,0.5523150160634908,55.23150160634908,4115,209,121439.0,3.3,11.5,34.2,420,89.6,5.785123966942149,3873,488,15.8,12.5,76.92307692307693,3.1353135313531353,9.722222222222223,83.41584158415841,40.040650406504064,1.6233766233766231,12.393681652490887,12.45799627,0.0,57.45511319281811,97.35973597359737,17.5,16.0,77.0,39.625,32.5,45.625,11.875,0.7028493894165536,0.6213592233009708,0.7826975476839237,0.15915300546448086,0.3869209809264305,0.680461329715061,0.69141689373297,0.24826629680998613,0.49932157394843957,0.44843962008141114,0.6020408163265306,0.4163265306122449,0.0738714090287278,0.6161202185792349,0.545578231292517,0.8442622950819673,0.2079889807162535,0.7923497267759563,0.7414965986394557,0.8242990654205608,0.967896174863388,0.06403269754768393,0.6489071038251366,0.6051560379918589,0.40298507462686567,0.5848032564450475,0.5943012211668928,0.562415196743555,0.582089552238806,0.5956580732700135,138,10.5,8.4,30,47
06073020308,0.2579011235916176,1.0,0.3846704460083065,1.0,0.16556964712615035,1.0,0.36365252162626394,1.0,0.3785388775303048,1.0,0.19144170972240834,1.0,0.40990502035278154,1.0,1.0,0.3073827637082619,30.73827637082619,6685,930,52859.0,4.1,9.5,19.4,333,87.2,7.650273224043716,5901,1383,17.2,15.0,63.33661417322835,5.427135678391959,10.037397157816006,27.705192629815745,56.72955974842767,1.6474464579901154,46.522064323111444,33.988799,10.586264656616414,42.58111556689756,90.21775544388609,17.5,11.0,43.0,24.75,13.625,28.125,3.75,0.10447761194029848,0.04299583911234397,0.6580381471389646,0.2260928961748634,0.15803814713896458,0.5244233378561737,0.6069482288828338,0.2011095700416089,0.11126187245590236,0.0013568521031207537,0.3952380952380953,0.15442176870748303,0.3296853625170999,0.42349726775956287,0.5183673469387755,0.1830601092896175,0.05371900826446285,0.7882513661202186,0.16190476190476188,0.5102803738317757,0.14480874316939896,0.29700272479564027,0.1325136612021858,0.6051560379918589,0.21234735413839892,0.4396200814111262,0.5020352781546812,0.3039348710990502,0.5013568521031208,0.30257801899592945,39,2.0,10.6,30,24
06073013418,0.3321840836382281,1.0,0.4967921652690614,1.0,0.4177639169643434,1.0,0.4859894319908673,1.0,0.6515112017581282,1.0,0.49496731734190974,1.0,0.5445047489823609,1.0,1.0,0.4891018379921284,48.910183799212845,5435,637,90395.0,18.8,2.1,41.5,171,86.3,0.0,5212,492,15.2,13.0,82.76450511945393,3.547459252157239,7.9668813247470105,70.27804410354746,22.668810289389068,5.052344105598543,10.855565777368904,11.98506534,1.8696069031639502,64.4803229061554,98.13039309683606,18.5,15.75,63.0,33.625,25.875,36.25,10.125,0.2198100407055631,0.34119278779472956,0.009536784741144388,0.7581967213114754,0.494550408719346,0.19335142469470828,0.5674386920980926,0.6955617198335645,0.19810040705563092,0.43894165535956575,0.680952380952381,0.35306122448979593,0.034199726402188824,0.5778688524590163,0.6857142857142857,0.6461748633879781,0.5234159779614325,0.4590163934426229,0.7918367346938775,0.8317757009345794,0.709016393442623,0.02588555858310626,0.75,0.6377204884667571,0.3921302578018996,0.5454545454545454,0.5630936227951153,0.514246947082768,0.5434192672998643,0.5563093622795116,114,8.375,9.1,31,47
06073018517,0.703853100180829,1.0,0.46930836184378005,1.0,0.4626542611617239,1.0,0.5276522580057567,1.0,0.5357566349177867,1.0,0.4665753438255336,1.0,0.4502035278154682,1.0,1.0,0.516571926821554,51.6571926821554,3804,228,93265.0,2.5,0.8,33.9,352,85.0,0.0,3611,572,16.2,12.5,58.39909808342728,1.9933554817275747,10.379346680716543,50.3875968992248,4.38871473354232,5.345911949685535,25.76235541535226,43.72121966,2.990033222591362,46.61333333333334,97.00996677740864,16.5,7.5,45.75,19.125,25.5,18.125,9.0,0.6757123473541384,0.3647711511789182,0.8760217983651226,0.8989071038251366,0.3821525885558583,0.5590230664857531,0.5020435967302452,0.6955617198335645,0.5725915875169607,0.3256445047489823,0.5360544217687075,0.4163265306122449,0.46785225718194257,0.7226775956284153,0.5006802721088435,0.41939890710382516,0.9380165289256198,0.43306010928961747,0.3850340136054422,0.38691588785046727,0.5833333333333333,0.2002724795640327,0.6161202185792349,0.573270013568521,0.10379918588873813,0.47489823609226595,0.4023066485753053,0.5101763907734057,0.3521031207598372,0.5115332428765265,47,4.5,7.1,31,17
06073018518,0.5751532116706857,1.0,0.3756757736963681,1.0,0.4446399726783522,1.0,0.5737316009133352,1.0,0.5814200191451454,1.0,0.33150439491172956,1.0,0.46160108548168244,1.0,1.0,0.47767515121389975,47.76751512138998,3308,112,105990.0,6.3,3.8,13.1,301,90.4,2.824858757062147,3124,338,18.8,14.3,54.42622950819672,10.631229235880399,4.29053018694453,66.22369878183831,10.423452768729643,1.8478260869565217,41.71704957678356,31.2383323,6.312292358803987,34.97536945812808,91.80509413067553,16.0,8.0,46.0,19.75,24.5,19.375,9.625,0.8758480325644504,0.46879334257975036,0.364441416893733,0.5915300546448088,0.048365122615803814,0.4599728629579376,0.726158038147139,0.3384188626907073,0.7028493894165536,0.6763907734056988,0.189795918367347,0.20952380952380956,0.5759233926128591,0.22267759562841527,0.8965986394557823,0.5997267759562842,0.8085399449035813,0.7725409836065573,0.19319727891156457,0.5514018691588785,0.2909836065573771,0.5081743869209809,0.1953551912568306,0.5556309362279511,0.1255088195386703,0.4769335142469471,0.4287652645861601,0.4891451831750339,0.378561736770692,0.5345997286295794,46,4.5,12.1,29,17
06073018519,0.26617320656310306,1.0,0.5070964156298411,1.0,0.26675412363045625,1.0,0.41836606354322126,1.0,0.5162968130082006,1.0,0.4786359146925547,1.0,0.45807327001356857,1.0,1.0,0.41591368672584933,41.591368672584935,6007,431,82363.0,7.5,12.2,17.2,371,97.3,0.0,4892,531,18.2,14.5,55.21367521367522,18.135469774217043,9.925062447960032,57.392571012381644,28.044871794871796,1.3649425287356323,27.967371400033297,35.17112632,3.3503277494537507,37.2982158028887,95.19300801165332,15.5,8.0,45.25,19.5,23.5,20.0,9.625,0.39280868385346,0.260748959778086,0.2745231607629428,0.13661202185792354,0.1226158038147139,0.596336499321574,0.9611716621253406,0.6955617198335645,0.24694708276797828,0.3744911804613297,0.2578231292517007,0.18775510204081636,0.5595075239398084,0.09289617486338797,0.527891156462585,0.4931693989071038,0.4049586776859504,0.8183060109289617,0.34285714285714286,0.49906542056074765,0.540983606557377,0.45776566757493187,0.4371584699453552,0.5413839891451832,0.1255088195386703,0.4701492537313433,0.417910447761194,0.4735413839891452,0.3941655359565807,0.5345997286295794,46,4.0,11.7,28,17
06073018601,0.4906791228528845,1.0,0.33976842220582903,1.0,0.43105691394603973,1.0,0.47799248178112264,1.0,0.4536934500504407,1.0,0.7203033258389047,1.0,0.40936227951153326,1.0,1.0,0.4746937137409649,47.46937137409649,4749,539,112111.0,6.1,2.2,32.9,276,77.7,0.0,4469,630,16.0,11.4,90.2439024390244,1.4685314685314685,10.649130250318201,68.32167832167832,18.06930693069307,7.203114860480207,18.31964624131396,48.87367766,0.0,40.654205607476634,98.81118881118881,9.0,6.5,39.0,17.625,25.25,14.375,9.125,0.29104477611940294,0.5395284327323162,0.385558583106267,0.7465846994535519,0.364441416893733,0.39755766621438265,0.24455040871934605,0.6955617198335645,0.3527815468113975,0.24355495251017634,0.5741496598639455,0.5537414965986395,0.015047879616963078,0.7841530054644809,0.4843537414965986,0.6284153005464481,0.6267217630853994,0.30327868852459017,0.5782312925170068,0.30654205607476637,0.967896174863388,0.35694822888283384,0.8360655737704918,0.26119402985074625,0.07530529172320218,0.3819538670284939,0.35345997286295794,0.5027137042062415,0.2903663500678426,0.5183175033921302,38,2.5,6.6,17,17
06073008303,0.8024286704704202,1.0,0.39792420016517777,1.0,0.7950001846057284,1.0,0.7557473208498039,1.0,0.4906762842582634,1.0,0.7371229830804583,1.0,0.3241519674355495,1.0,1.0,0.6147216586950572,61.47216586950572,3055,185,230511.0,4.6,1.0,80.7,47,50.9,0.0,3015,221,11.6,11.1,55.793991416309005,0.0,7.266775777414075,79.94034302759135,4.912280701754386,19.748653500897667,19.639934533551553,38.3322962,1.7897091722595078,31.403508771929822,98.88143176733782,7.0,18.25,35.25,16.75,17.0,17.5,3.125,0.7449118046132972,0.9930651872399445,0.5940054495912807,0.8777322404371585,0.9727520435967303,0.029172320217096336,0.02452316076294278,0.6955617198335645,0.7394843962008142,0.8602442333785617,0.9809523809523809,0.5993197278911564,0.5485636114911081,0.950136612021858,0.7401360544217688,0.7841530054644809,0.9297520661157025,0.042349726775956276,0.5401360544217687,0.45046728971962613,0.7199453551912569,0.6389645776566757,0.8524590163934426,0.1546811397557666,0.510854816824966,0.3256445047489824,0.3256445047489824,0.35617367706919945,0.3385345997286296,0.2747625508819539,58,2.625,4.1,12,50
06073006200,0.9928626621660092,0.5,0.5588972142189067,0.6666666666666666,0.756128910180083,1.0,0.9979591836734694,0.25,0.014018691588785048,0.5,0.9986376021798365,0.3333333333333333,0.7750339213025781,1.0,1.0,0.7276483121870954,72.76483121870953,28,0,,0.0,,,0,,0.0,0,0,16.2,11.8,,,0.0,,,,19928.571428571428,87.11885501,,0.0,,16.5,28.0,155.375,70.0,65.125,102.5,24.0,0.9925373134328358,,0.9931880108991825,,,0.0027137042062415195,,0.6955617198335645,0.9959294436906377,0.994572591587517,0.5360544217687075,0.49795918367346936,,,0.9979591836734694,,,,0.0,0.028037383177570097,,0.9986376021798365,,0.573270013568521,0.9640434192672999,0.7856173677069199,0.7740841248303935,0.762550881953867,0.7869742198100407,0.7659430122116689,187,15.625,6.7,33,51
06073012200,0.17585224986994108,1.0,0.5736583816970026,1.0,0.39091832119550673,1.0,0.45678879443504433,1.0,0.20312047482892762,1.0,0.4666373837991294,1.0,0.7360922659430121,1.0,1.0,0.4290096959669377,42.90096959669377,3306,615,62179.0,8.6,11.0,16.9,409,91.9,2.6595744680851063,2778,410,19.0,16.8,66.37426900584795,17.97872340425532,3.7609948437973917,60.851063829787236,37.5,9.961685823754788,38.71748336358137,59.62663348,2.4468085106382977,31.66441136671177,90.1063829787234,27.0,21.5,137.75,63.0,58.5,91.25,21.125,0.2347354138398915,0.08876560332871013,0.2036784741144414,0.17622950819672134,0.11716621253405994,0.66078697421981,0.7874659400544959,0.3439667128987517,0.8005427408412483,0.5495251017639078,0.16938775510204085,0.04421768707482998,0.2571819425444597,0.09562841530054644,0.926530612244898,0.5478142076502732,0.24242424242424243,0.16256830601092898,0.21496598639455777,0.19252336448598129,0.6407103825136612,0.6321525885558583,0.12704918032786885,0.8616010854816825,0.6709633649932157,0.7435549525101763,0.737449118046133,0.7164179104477612,0.7530529172320217,0.7299864314789688,179,17.375,16.1,50,49
06073020706,0.6934742349337479,1.0,0.4899535259168997,1.0,0.43030395333167193,1.0,0.6093455681929654,1.0,0.6945096542682196,1.0,0.4473677680002779,1.0,0.24233378561736768,1.0,1.0,0.5153269271801643,51.53269271801643,5974,458,173981.0,4.8,0.1,49.3,389,86.1,0.0,5758,566,14.6,11.7,74.90636704119851,1.334604385128694,8.370044052863436,87.27359389895139,1.782178217821782,9.451877427708244,8.87177770338132,14.47417548,4.051477597712107,42.879746835443036,96.61582459485224,8.0,12.25,24.25,15.375,8.125,15.0,1.875,0.36838534599728634,0.9056865464632455,0.5640326975476839,0.9357923497267759,0.5919618528610354,0.6336499321573948,0.5565395095367848,0.6955617198335645,0.11940298507462688,0.33378561736770695,0.754421768707483,0.5136054421768708,0.10259917920656636,0.7978142076502732,0.6462585034013606,0.8907103825136612,0.9655647382920111,0.17759562841530052,0.8517006802721089,0.783177570093458,0.47540983606557374,0.2901907356948229,0.5765027322404371,0.20352781546811397,0.25848032564450474,0.22523744911804613,0.29579375848032563,0.19335142469470828,0.30325644504748983,0.19402985074626866,28,1.0,5.6,16,30
06073017801,0.3688473556606483,1.0,0.4405843432824181,1.0,0.3747210145930828,1.0,0.4667776393820967,1.0,0.5275032555240244,1.0,0.30206394584158464,1.0,0.3772048846675712,1.0,1.0,0.40824320556448945,40.824320556448946,6941,659,111118.0,11.4,3.1,54.6,617,84.6,23.544303797468356,6642,783,15.3,10.6,58.93635571054926,2.73109243697479,16.5513179207775,58.543417366946784,21.25237191650854,1.0737790093522688,61.23037026365078,27.96515246,6.372549019607843,41.48148148148148,93.38235294117648,13.0,8.0,38.375,16.375,23.5,13.125,7.875,0.20352781546811394,0.5173370319001387,0.09400544959128065,0.66051912568306,0.659400544959128,0.8670284938941656,0.473433242506812,0.05409153952843271,0.04341926729986434,0.11668928086838537,0.6693877551020408,0.6693877551020408,0.45554035567715456,0.6598360655737705,0.24353741496598635,0.5081967213114754,0.5647382920110193,0.8415300546448088,0.10748299319727894,0.5962616822429907,0.28688524590163933,0.3337874659400545,0.2855191256830601,0.46404341926729986,0.1255088195386703,0.37177747625508817,0.3202170963364993,0.4735413839891452,0.25848032564450474,0.46200814111261873,44,4.0,5.7,20,18
06073007702,0.7461602240273381,1.0,0.5903211453377543,1.0,0.6505978918025827,1.0,0.35672492023877794,1.0,0.5199489921676633,1.0,0.5895522202865751,1.0,0.6309362279511533,1.0,1.0,0.5834630888302635,58.34630888302635,3368,232,122898.0,1.2,2.5,70.5,955,60.2,0.0,3092,348,18.0,8.6,51.30490133672821,2.5150355385456535,31.30434782608696,12.903225806451612,16.666666666666664,19.391802556192157,23.15914489311164,5.886745488,2.6790595954073266,30.03606388459557,95.68069983597594,9.0,21.75,95.25,45.875,41.75,56.875,12.625,0.6668928086838535,0.6380027739251041,0.9632152588555858,0.7165300546448088,0.8726158038147139,0.9755766621438263,0.05108991825613079,0.6955617198335645,0.7123473541383989,0.658751696065129,0.29047619047619044,0.9408163265306122,0.6415868673050615,0.680327868852459,0.05034013605442178,0.0546448087431694,0.650137741046832,0.04508196721311475,0.44625850340136053,0.9383177570093458,0.6174863387978142,0.6716621253405994,0.47950819672131145,0.26119402985074625,0.6858887381275441,0.6377204884667571,0.6397557666214383,0.6268656716417911,0.635685210312076,0.6146540027137042,146,7.75,6.4,15,52
06073013401,0.48387604154229125,1.0,0.4092091412314521,1.0,0.47671198737296816,1.0,0.7685350102679271,1.0,0.5958583268195289,1.0,0.6463597425092936,1.0,0.6659430122116688,1.0,1.0,0.57807046599359,57.807046599359005,4692,299,136190.0,7.6,6.4,29.8,193,81.8,17.050691244239633,4530,521,14.8,12.2,25.688073394495415,6.350364963503649,4.305200341005968,83.35766423357664,19.880715705765407,0.7246376811594203,15.984654731457802,50.60360921,1.6788321167883213,24.857468643101484,94.74452554744526,28.0,19.25,105.375,48.25,44.625,67.5,16.75,0.5495251017639078,0.7337031900138696,0.26702997275204354,0.38524590163934425,0.3106267029972752,0.2259158751696065,0.38283378746594005,0.09015256588072118,0.33649932157394846,0.3968792401628223,0.7292517006802721,0.4442176870748299,0.9562243502051984,0.3797814207650273,0.8952380952380953,0.842896174863388,0.5895316804407713,0.8579234972677596,0.6462585034013606,0.28971962616822433,0.7418032786885246,0.7970027247956404,0.40027322404371585,0.8826322930800543,0.5630936227951153,0.669606512890095,0.6567164179104478,0.6519674355495251,0.6763907734056988,0.675033921302578,161,14.625,7.5,49,48
06073013409,0.5055787102125806,1.0,0.5855673336563539,1.0,0.36215144130922383,1.0,0.4289487411434265,1.0,0.32934731378493454,1.0,0.44450896601698403,1.0,0.6476255088195387,1.0,1.0,0.47196114499186315,47.196114499186315,5895,348,111349.0,3.5,8.8,30.4,602,94.7,14.098360655737704,5630,629,15.8,12.1,66.88632619439868,5.367088607594937,11.701400751622822,66.37974683544304,25.28925619834711,5.502392344497608,44.10517387616624,53.87678905,2.0759493670886076,38.45841784989858,92.20253164556962,24.0,18.75,99.75,47.125,41.5,64.375,15.25,0.48846675712347354,0.5256588072122053,0.752724795640327,0.25546448087431695,0.3201634877384196,0.858887381275441,0.8957765667574932,0.10818307905686542,0.14111261872455905,0.24626865671641796,0.6020408163265306,0.4591836734693877,0.25170998632010944,0.430327868852459,0.42993197278911566,0.6038251366120219,0.46418732782369143,0.4207650273224044,0.17823129251700676,0.25420560747663556,0.6830601092896175,0.4291553133514986,0.22131147540983606,0.7971506105834464,0.5332428765264586,0.6512890094979648,0.649932157394844,0.6255088195386703,0.6560379918588873,0.655359565807327,154,13.625,8.7,45,47
06073015601,0.2748399351189262,1.0,0.4188834031785158,1.0,0.12232252466794044,1.0,0.37061070520468953,1.0,0.5479393418616904,1.0,0.47292823712174226,1.0,0.467842605156038,1.0,1.0,0.3821952503299347,38.21952503299347,6110,1086,64757.0,18.3,0.7,19.9,321,84.0,2.719033232628399,5996,839,19.8,14.4,68.54166666666667,4.094412331406551,13.270533796066767,46.33911368015414,28.16399286987522,0.9541984732824428,25.204582651391163,31.74859988,5.491329479768786,45.42936288088642,98.94026974951831,18.5,16.5,44.0,20.625,25.0,22.5,8.375,0.07462686567164178,0.10263522884882108,0.012261580381471404,0.9098360655737705,0.16689373297002724,0.49525101763907736,0.4475476839237057,0.3411927877947295,0.09769335142469471,0.08819538670284943,0.10476190476190472,0.1986394557823129,0.22161422708618328,0.5382513661202186,0.3578231292517007,0.36475409836065575,0.40082644628099173,0.8497267759562841,0.3972789115646258,0.5439252336448599,0.33469945355191255,0.22479564032697552,0.8592896174863388,0.6377204884667571,0.42469470827679784,0.44843962008141114,0.45861601085481685,0.4972862957937585,0.44843962008141114,0.4864314789687924,60,4.125,10.1,30,51
06073015701,0.1387771653180684,1.0,0.5411982734310344,1.0,0.06804036404249625,1.0,0.08021849227681922,1.0,0.3421994470486598,1.0,0.5242588704754247,1.0,0.5450474898236093,1.0,1.0,0.31996287177373034,31.996287177373034,6513,2046,45285.0,5.9,12.4,19.7,523,100.0,14.244186046511627,6053,750,22.3,18.3,72.00832466181062,25.975139305615087,25.605199025182777,13.80197171024432,46.05263157894737,1.685630004214075,59.26608321817903,47.66645924,5.01500214316331,21.97620621282221,94.04200600085727,22.0,17.0,60.75,29.0,34.375,31.25,10.125,0.0027137042062415073,0.015256588072122053,0.4073569482288828,0.1297814207650273,0.1614441416893733,0.8046132971506106,0.9952316076294278,0.10679611650485432,0.09090909090909094,0.1397557666214383,0.02517006802721089,0.01632653061224487,0.15321477428180574,0.013661202185792365,0.09115646258503396,0.06284153005464481,0.14325068870523416,0.7855191256830601,0.11292517006802716,0.3271028037383178,0.3811475409836066,0.8637602179836512,0.32786885245901637,0.7333785617367707,0.44572591587516963,0.5352781546811397,0.5359565807327001,0.5793758480325645,0.5183175033921302,0.5563093622795116,83,6.25,17.6,34,51
06073000700,0.6018420175417702,1.0,0.7275472402663423,0.8333333333333334,0.5759874098893288,1.0,0.4584432381416158,1.0,0.3000607736507217,1.0,0.4027610269849069,1.0,0.9295793758480325,1.0,1.0,0.5708887260461026,57.088872604610266,4341,392,105633.0,4.4,0.9,61.9,815,64.7,,4084,550,15.3,9.6,36.50621957815035,3.4653465346534658,18.816067653276956,27.265803503427264,41.32231404958678,2.8127313101406366,65.88343699608386,55.48226509,10.891089108910892,26.299422478898265,93.67859862909368,26.5,30.5,223.5,103.625,100.75,145.625,36.0,0.4355495251017639,0.4646324549237171,0.6198910081743869,0.8872950819672131,0.7602179836512262,0.9497964721845319,0.07697547683923706,,0.44843962008141114,0.350067842605156,0.6693877551020408,0.8360544217687075,0.8809849521203831,0.5860655737704918,0.1863945578231293,0.18032786885245902,0.1831955922865014,0.6844262295081966,0.09523809523809523,0.23738317757009342,0.13524590163934425,0.7683923705722071,0.3046448087431694,0.8514246947082768,0.9993215739484396,0.9328358208955224,0.9280868385345997,0.9308005427408412,0.9253731343283582,0.9308005427408412,192,23.25,5.7,49,52
06073003305,0.11252514161981991,1.0,0.5969168281851415,1.0,0.07348715605645245,1.0,0.3709744401000965,1.0,0.32357657148152774,1.0,0.2581235141426324,1.0,0.9075983717774763,1.0,1.0,0.3776002890518781,37.76002890518781,6200,1393,49813.0,6.5,17.3,5.8,438,91.6,5.0884955752212395,5108,1137,21.2,17.8,71.34615384615385,18.022905364677516,1.6896831844029243,34.77998794454491,39.46540880503145,2.8119507908611596,32.74193548387097,67.76602365,11.754068716094032,33.16326530612245,88.42676311030742,34.0,25.75,215.875,102.875,90.375,145.0,32.875,0.031207598371777445,0.02912621359223301,0.3453678474114441,0.0443989071038251,0.004087193460490463,0.7042062415196744,0.7717983651226158,0.26490984743411927,0.21166892808683857,0.012211668928086894,0.045578231292517035,0.024489795918367308,0.16826265389876882,0.09426229508196726,0.9850340136054422,0.23633879781420766,0.21763085399449034,0.6857923497267759,0.2693877551020408,0.12149532710280375,0.10655737704918034,0.5803814713896458,0.08743169398907104,0.9782903663500678,0.8582089552238806,0.9158751696065129,0.9240162822252375,0.8900949796472184,0.9199457259158752,0.8880597014925373,199,21.375,19.5,60,51
06073012303,0.38573091484324207,1.0,0.5839329414476188,1.0,0.547749656171831,1.0,0.1611127542896686,1.0,0.2857436612515416,1.0,0.11629144890635934,1.0,0.7229308005427408,1.0,1.0,0.4004988824932861,40.04988824932861,3418,381,71583.0,5.3,5.5,32.9,234,88.4,0.0,2950,410,15.6,13.9,72.83621837549934,14.321608040201006,21.620011911852295,34.84087102177554,30.844155844155846,11.160714285714286,30.71971913399649,45.2769135,19.01172529313233,42.070484581497794,78.64321608040201,23.0,22.5,128.25,58.625,56.5,85.625,21.625,0.4430122116689281,0.14840499306518723,0.49863760217983655,0.4528688524590164,0.364441416893733,0.30800542740841247,0.6430517711171662,0.6955617198335645,0.7584803256445047,0.5495251017639078,0.6333333333333333,0.24965986394557826,0.13406292749658,0.139344262295082,0.13197278911564625,0.2390710382513661,0.3539944903581267,0.12568306010928965,0.3006802721088435,0.36261682242990656,0.02868852459016391,0.3119891008174387,0.00819672131147541,0.7706919945725916,0.7218453188602443,0.7184531886024423,0.7096336499321574,0.7109905020352781,0.7381275440976933,0.737449118046133,174,16.375,9.3,44,49
06073004200,0.6603701307157688,1.0,0.8085532754969657,1.0,0.5783577474409031,1.0,0.5868900419489184,1.0,0.4611201978635755,1.0,0.8162413206076939,1.0,0.980325644504749,1.0,1.0,0.6988369083683678,69.88369083683678,5678,202,160127.0,6.0,3.0,65.5,469,87.5,0.0,5207,370,14.9,9.9,40.65934065934066,4.6888320545609545,10.868787987129066,62.14833759590793,13.997308209959622,6.009615384615385,15.49841493483621,72.55756067,0.8951406649616368,26.31352282515073,98.76385336743392,38.5,29.0,246.875,116.125,110.0,163.75,40.5,0.7143826322930801,0.8571428571428571,0.39645776566757496,0.6734972677595629,0.8133514986376021,0.746268656716418,0.6178474114441417,0.6955617198335645,0.19945725915875168,0.6146540027137042,0.7142857142857143,0.7850340136054421,0.8303693570451436,0.48497267759562845,0.472108843537415,0.5601092896174863,0.71900826446281,0.3825136612021858,0.6625850340136055,0.0803738317757009,0.8524590163934427,0.7670299727520435,0.8292349726775956,0.9986431478968792,0.9796472184531886,0.9864314789687924,0.9769335142469471,0.9715061058344641,0.989145183175034,0.9776119402985075,200,27.5,5.4,73,51
06073003214,0.2964070401804718,1.0,0.5055980182651494,1.0,0.46424994692585314,1.0,0.5137230645212717,1.0,0.5637605808245398,1.0,0.38799923566752526,1.0,0.723202170963365,1.0,1.0,0.49356286533545374,49.35628653354537,4398,378,75474.0,8.4,7.3,30.5,327,87.1,2.666666666666667,4058,554,16.1,11.8,65.10903426791276,3.783102143757881,7.785665216395694,58.764186633039095,22.485207100591715,3.5866261398176293,14.55206912232833,40.69695084,2.3959646910466583,36.495535714285715,85.24590163934425,17.5,21.0,129.375,60.625,60.625,80.625,21.125,0.4470827679782904,0.18585298196948682,0.21457765667574935,0.33811475409836067,0.3235694822888283,0.5122116689280869,0.6008174386920981,0.3425797503467406,0.4572591587516961,0.3453188602442334,0.5564625850340136,0.49795918367346936,0.2831737346101231,0.5587431693989071,0.7006802721088435,0.5122950819672131,0.5275482093663912,0.6161202185792349,0.6870748299319728,0.42429906542056073,0.6461748633879781,0.47683923705722076,0.040983606557377046,0.6051560379918589,0.6492537313432836,0.723202170963365,0.7211668928086838,0.7313432835820896,0.7103120759837178,0.7299864314789688,185,17.125,9.3,32,51
06073003301,0.1391443707227376,1.0,0.4678842077766809,1.0,0.4843140512650108,1.0,0.46588028463386877,1.0,0.2799887862388485,1.0,0.46792409285150605,1.0,0.9092265943012212,1.0,1.0,0.4591946268271248,45.91946268271248,3548,757,67414.0,7.6,25.3,17.5,248,84.4,26.446280991735538,2968,258,18.7,14.7,50.390015600624025,18.558736426456072,5.168475157053113,36.72260612043436,45.73804573804574,2.0309477756286265,52.423900789177004,71.35034225,6.515301085883514,45.68298969072165,99.40769990128332,34.5,25.75,216.875,101.375,92.25,145.0,33.25,0.16960651289009498,0.11789181692094314,0.26702997275204354,0.002049180327868827,0.12602179836512262,0.32903663500678426,0.4652588555858311,0.04438280166435504,0.7530529172320217,0.805291723202171,0.20612244897959187,0.17278911564625854,0.6607387140902873,0.08333333333333337,0.854421768707483,0.2650273224043716,0.14738292011019283,0.7568306010928962,0.1278911564625851,0.08785046728971968,0.2800546448087432,0.2193460490463215,0.9043715846994536,0.9843962008141113,0.8582089552238806,0.9172320217096337,0.9138398914518318,0.9009497964721845,0.9199457259158752,0.8941655359565808,200,22.5,14.5,60,51
06073003303,0.22084531848223005,1.0,0.662178541537336,1.0,0.262474270576616,1.0,0.3254182267645907,1.0,0.4150788467930897,1.0,0.4667751125405121,1.0,0.8940298507462687,1.0,1.0,0.46382859534866333,46.382859534866334,4406,647,71563.0,5.5,16.4,19.8,318,93.5,0.0,4047,674,19.1,14.1,56.94143167028199,25.920679886685555,9.524913093858633,31.728045325779036,48.902195608782435,1.2587412587412588,23.15024965955515,52.68201618,1.9121813031161474,36.43044619422572,92.13881019830028,33.0,25.0,211.125,98.875,89.75,142.5,31.125,0.20895522388059706,0.14701803051317613,0.4686648501362398,0.058743169398907114,0.16348773841961853,0.49050203527815467,0.8446866485013624,0.6955617198335645,0.4620081411126187,0.20081411126187243,0.1612244897959184,0.22585034013605443,0.5143638850889193,0.015027322404371546,0.563265306122449,0.20901639344262296,0.11157024793388426,0.8319672131147541,0.4476190476190476,0.2691588785046729,0.7021857923497268,0.4809264305177112,0.21721311475409835,0.9647218453188603,0.8141112618724559,0.9050203527815468,0.9016282225237449,0.8887381275440976,0.9090909090909091,0.8656716417910447,200,21.875,14.8,57,50
06073003403,0.370372128534768,1.0,0.5859306319645657,1.0,0.39587798484386966,1.0,0.45079957831397904,1.0,0.15445921269261978,1.0,0.3709618181186502,1.0,0.9630936227951153,1.0,1.0,0.47021356818050963,47.02135681805096,3416,485,75550.0,3.7,9.3,8.6,388,78.4,0.0,2893,422,19.1,15.5,59.60854092526691,11.911911911911911,5.727923627684964,43.74374374374375,48.54368932038835,8.683729433272395,34.83606557377049,85.88674549,4.804804804804805,29.683377308707126,84.48448448448448,36.5,26.75,238.5,115.25,104.0,158.125,38.375,0.3351424694708277,0.18862690707350901,0.7247956403269755,0.23292349726775952,0.01634877384196185,0.6322930800542741,0.26907356948228883,0.6955617198335645,0.7734056987788331,0.5359565807327001,0.1612244897959184,0.11292517006802716,0.439124487004104,0.1912568306010929,0.8326530612244898,0.3401639344262295,0.12258953168044073,0.21721311475409832,0.24625850340136057,0.03177570093457949,0.4002732240437158,0.6839237057220708,0.028688524590163935,0.994572591587517,0.9077340569877883,0.9715061058344641,0.9742198100407056,0.9430122116689281,0.9715061058344641,0.9552238805970149,202,25.375,15.0,69,51
06073008506,0.5521043361224611,1.0,0.6335877513712479,1.0,0.5353649193734482,1.0,0.5206544741419251,1.0,0.5261798819179848,1.0,0.7569298650506494,1.0,0.6698778833107191,1.0,1.0,0.5992427301840622,59.92427301840622,4027,423,121484.0,4.3,4.2,51.3,347,83.0,0.0,3760,462,16.0,11.4,44.024205748865356,5.412208936438011,11.6662503122658,54.12208936438011,33.33333333333333,1.9135802469135803,19.120933697541595,36.11698818,2.2026431718061676,20.460933108487914,97.86028949024544,25.5,22.0,108.0,50.625,49.625,65.0,15.375,0.40569877883310723,0.6227461858529819,0.6301089918256131,0.549863387978142,0.6198910081743869,0.5481682496607869,0.41212534059945505,0.6955617198335645,0.5359565807327001,0.4776119402985075,0.5741496598639455,0.5537414965986395,0.7701778385772914,0.42486338797814205,0.4312925170068027,0.4562841530054645,0.3023415977961432,0.7663934426229508,0.5537414965986395,0.4822429906542056,0.6653005464480874,0.8910081743869209,0.7144808743169399,0.8270013568521031,0.6987788331071914,0.6757123473541384,0.6743554952510177,0.6811397557666214,0.6594301221166893,0.658751696065129,153,8.75,7.1,42,52
06073008507,0.36109172946694723,1.0,0.7184114961598144,1.0,0.2675956949944157,1.0,0.4187240393679393,1.0,0.1476894321944553,1.0,0.513842358908692,1.0,0.6930800542740841,1.0,1.0,0.4457764007666212,44.57764007666212,6606,699,88824.0,3.8,9.8,38.6,462,91.7,0.0,6011,986,17.0,11.7,60.859188544152744,5.5307035380235865,11.035111719106247,48.230988206588044,39.794419970631424,10.157106320789184,50.862851952770214,71.91039203,4.717364782431883,24.72095907399752,94.10329402196015,27.5,24.25,120.5,57.875,54.875,73.75,16.625,0.1872455902306649,0.3300970873786408,0.7091280653950953,0.21789617486338797,0.45231607629427795,0.7381275440976933,0.776566757493188,0.6955617198335645,0.0949796472184532,0.03934871099050208,0.4224489795918367,0.5136054421768708,0.40766073871409025,0.4193989071038251,0.46122448979591835,0.3866120218579235,0.21212121212121215,0.1584699453551912,0.13605442176870752,0.08411214953271029,0.40573770491803274,0.8010899182561309,0.33469945355191255,0.8710990502035278,0.776797829036635,0.6960651289009498,0.7042062415196744,0.7028493894165536,0.6906377204884667,0.6716417910447762,171,10.25,8.3,44,52
06073008509,0.6107960023585487,1.0,0.7444797553099395,1.0,0.30078295904521923,1.0,0.5104793404208806,1.0,0.5014345319612004,1.0,0.5051220202200682,1.0,0.726729986431479,1.0,1.0,0.5571177993924764,55.71177993924764,6558,443,113818.0,4.1,1.3,47.5,460,91.1,0.0,6226,1046,16.2,11.3,62.76445698166432,1.6678752719361856,9.628042247053422,48.04205946337926,13.931297709923665,4.335761359694763,30.039646233607808,40.23646546,6.925308194343726,21.2428662016487,94.5612762871646,29.5,24.75,132.75,62.5,61.125,83.125,20.625,0.38127544097693356,0.5575589459084604,0.6580381471389646,0.8463114754098361,0.5667574931880109,0.7354138398914518,0.7534059945504087,0.6955617198335645,0.07191316146540028,0.027137042062415184,0.5360544217687075,0.5680272108843538,0.344733242134063,0.7581967213114754,0.5537414965986395,0.38524590163934425,0.721763085399449,0.5396174863387978,0.30884353741496595,0.4355140186915888,0.2609289617486339,0.8760217983651226,0.37841530054644806,0.917910447761194,0.7978290366350068,0.7327001356852103,0.7299864314789688,0.7367706919945726,0.7184531886024423,0.7157394843962008,178,10.75,7.2,49,52
06073008510,0.5636937680001712,1.0,0.658629744773077,1.0,0.3778512354738367,1.0,0.35246753104596773,1.0,0.5835585691858536,1.0,0.4408647379679675,1.0,0.7529172320217096,1.0,1.0,0.5328546883526547,53.28546883526547,5814,428,87143.0,3.7,1.6,45.7,448,76.9,0.0,5598,716,15.7,11.2,63.179237631792375,10.894064613072878,11.595966620305981,51.50262960180315,14.395886889460154,1.8436578171091444,20.123839009287927,48.11449907,9.053343350864013,17.059050559629487,91.84823441021788,29.5,25.5,141.375,67.125,65.0,89.375,21.75,0.3975576662143826,0.3120665742024965,0.7247956403269755,0.8203551912568305,0.5442779291553134,0.7191316146540027,0.2329700272479564,0.6955617198335645,0.1451831750339213,0.16350067842605154,0.6176870748299319,0.5850340136054422,0.3310533515731874,0.21584699453551914,0.435374149659864,0.4275956284153005,0.7121212121212122,0.7759562841530054,0.5265306122448979,0.319626168224299,0.1912568306010929,0.9305177111716622,0.20081967213114754,0.917910447761194,0.8419267299864315,0.7530529172320217,0.7611940298507462,0.7605156037991859,0.7503392130257802,0.7394843962008141,181,11.75,7.4,49,52
06073008512,0.6317301841790393,1.0,0.6001610959439012,1.0,0.6508136497475516,1.0,0.7543832973524903,1.0,0.6843634446942584,1.0,0.5232724348952518,1.0,0.7132971506105834,1.0,1.0,0.6511458939175823,65.11458939175823,4137,345,123933.0,3.6,3.2,53.8,242,78.7,0.0,4017,238,14.9,11.2,41.74454828660436,0.9566326530612245,8.266276517922458,76.14795918367348,22.779043280182233,0.5076142131979695,7.735073724921441,38.38207841,3.6989795918367347,15.728900255754475,89.98724489795919,28.5,24.0,128.375,60.75,59.25,78.75,18.25,0.49118046132971505,0.6490984743411928,0.7391008174386922,0.6475409836065573,0.6519073569482289,0.3181818181818182,0.27588555858310626,0.6955617198335645,0.4694708276797829,0.8344640434192673,0.7142857142857143,0.5850340136054422,0.801641586867305,0.8319672131147541,0.6557823129251701,0.7281420765027322,0.5206611570247934,0.8743169398907104,0.8938775510204082,0.44859813084112155,0.5013661202185793,0.946866485013624,0.12158469945355191,0.8921302578018996,0.7672998643147897,0.7204884667571235,0.723202170963365,0.7238805970149254,0.7055630936227951,0.6933514246947082,175,10.25,5.8,48,52
06073017108,0.6918087312007746,1.0,0.47549029586946534,1.0,0.6377527944692124,1.0,0.8377535335521933,1.0,0.6654506046987129,1.0,0.47059305251559685,1.0,0.10990502035278153,1.0,1.0,0.5555362903798196,55.553629037981956,4328,321,170833.0,4.7,2.0,65.5,202,85.3,0.0,4306,371,14.0,10.2,43.57976653696498,0.0,6.644674835061264,83.27228327228327,15.27001862197393,0.6067961165048543,21.950092421441774,25.73739888,3.968253968253968,42.950819672131146,97.25274725274726,11.5,10.75,13.25,5.375,6.5,3.75,0.0,0.519674355495251,0.897364771151179,0.5783378746594006,0.7718579234972678,0.8133514986376021,0.24151967435549526,0.5163487738419619,0.6955617198335645,0.39077340569877883,0.6126187245590231,0.8163265306122449,0.7312925170068028,0.7811217510259918,0.950136612021858,0.7795918367346939,0.8401639344262295,0.6900826446280992,0.8688524590163934,0.4748299319727891,0.6280373831775701,0.48224043715847,0.28882833787465945,0.6407103825136612,0.3860244233378562,0.20013568521031208,0.1350067842605156,0.08480325644504749,0.16960651289009498,0.11329715061058344,0.046811397557666216,19,2.0,4.6,18,31
06073017303,0.6618675688550111,1.0,0.3873210972748733,1.0,0.763911426171554,1.0,0.33645790760070704,1.0,0.4266666094724967,1.0,0.7468942789217948,1.0,0.07381275440976934,1.0,1.0,0.4852759489580295,48.52759489580295,3542,200,122122.0,1.4,7.2,76.9,91,78.0,0.0,3428,162,14.2,10.3,75.51020408163265,7.226277372262774,14.451686030036836,66.86131386861314,33.33333333333333,8.176943699731904,16.657255787690573,32.63223398,0.5109489051094891,38.84057971014493,99.48905109489051,6.0,11.25,8.875,4.75,3.5,3.125,0.0,0.7177747625508819,0.6310679611650486,0.952316076294278,0.3463114754098361,0.9455040871934605,0.0773405698778833,0.2561307901907357,0.6955617198335645,0.6282225237449118,0.9219810040705563,0.7938775510204081,0.7115646258503401,0.08344733242134061,0.3401639344262295,0.31156462585034017,0.610655737704918,0.3023415977961432,0.2527322404371585,0.6244897959183673,0.5271028037383177,0.912568306010929,0.4100817438692098,0.9180327868852459,0.1248303934871099,0.22455902306648576,0.07394843962008141,0.06919945725915876,0.08208955223880597,0.09701492537313433,0.046811397557666216,12,1.0,4.5,10,39
06073008365,0.9483663018379368,1.0,0.5447318081495314,1.0,0.8873971976850441,1.0,0.8348084649414473,1.0,0.864907238334799,1.0,0.7804095134577111,1.0,0.16105834464043417,1.0,1.0,0.7173826955781291,71.73826955781291,2573,79,215532.0,1.8,0.0,68.4,137,85.7,0.0,2541,163,12.3,9.7,56.71641791044776,0.0,4.245283018867925,92.78017241379311,0.0,2.8272251308900525,8.550330353672756,6.807716241,0.5387931034482759,32.402234636871505,98.70689655172413,13.5,19.0,15.5,9.375,5.875,6.25,1.125,0.9206241519674355,0.9791955617198336,0.9257493188010899,0.967896174863388,0.8514986376021798,0.14654002713704206,0.5401907356948229,0.6955617198335645,0.8561736770691994,0.9199457259158752,0.9496598639455782,0.8238095238095238,0.5253077975376197,0.950136612021858,0.9020408163265307,0.9617486338797814,0.9855371900826446,0.6789617486338797,0.8680272108843538,0.9271028037383178,0.9084699453551912,0.6103542234332425,0.8224043715846995,0.4864314789687924,0.5481682496607869,0.16621438263229307,0.1587516960651289,0.16485753052917232,0.14925373134328357,0.16621438263229307,27,0.5,4.8,25,62
06073014805,0.3804005259862775,1.0,0.6656256668224784,1.0,0.4248057024709477,1.0,0.4985454437207593,1.0,0.313408084713765,1.0,0.7233525905411374,1.0,0.8127544097693352,1.0,1.0,0.5455560605749572,54.55560605749572,5131,671,105790.0,5.8,5.6,44.4,473,86.1,0.0,4648,468,17.7,11.2,50.0,1.154016866400355,21.099466086612615,46.737683089214386,47.192982456140356,3.9641943734015346,31.767686610797117,54.22526447,2.6631158455392807,26.596161378770073,98.40213049267643,19.0,24.75,164.875,79.25,78.625,104.375,28.75,0.19402985074626866,0.46601941747572817,0.42166212534059944,0.4398907103825137,0.5326975476839237,0.7564450474898237,0.5565395095367848,0.6955617198335645,0.3147896879240163,0.47082767978290363,0.3285714285714286,0.5850340136054422,0.6696306429548564,0.8155737704918032,0.1428571428571429,0.366120218579235,0.1336088154269972,0.5833333333333333,0.28435374149659864,0.25233644859813087,0.6202185792349727,0.7588555858310626,0.7909836065573771,0.6546811397557666,0.7978290366350068,0.8046132971506106,0.8059701492537313,0.8208955223880597,0.7991858887381276,0.8331071913161465,200,18.375,7.9,36,51
06073010011,0.6209475204395655,1.0,0.4923586725887916,1.0,0.4772307294695354,1.0,0.6967966675804901,1.0,0.7532504003979508,1.0,0.6369966696942174,1.0,0.46146540027137045,1.0,1.0,0.5912922943488459,59.12922943488459,4006,238,114167.0,4.2,3.4,13.8,193,92.3,0.0,3589,522,15.7,13.3,56.038647342995176,2.547169811320755,6.696878147029205,80.47169811320755,20.187793427230048,0.0,14.977533699450824,12.65712508,3.490566037735849,33.192261185006046,98.58490566037736,25.5,14.5,49.0,24.25,20.375,27.5,5.875,0.6519674355495251,0.5617198335644937,0.6423705722070845,0.6277322404371585,0.05722070844686648,0.2259158751696065,0.803133514986376,0.6955617198335645,0.5766621438263229,0.39416553595658077,0.6176870748299319,0.3204081632653061,0.5430916552667578,0.6762295081967213,0.7741496598639456,0.7937158469945356,0.5826446280991735,0.9405737704918032,0.6748299319727891,0.8149532710280374,0.5218579234972678,0.5776566757493188,0.8114754098360656,0.8270013568521031,0.34531886024423336,0.5020352781546812,0.4972862957937585,0.41723202170963364,0.49796472184531887,0.39280868385345996,63,9.0,9.8,43,44
06073018400,0.5072781470520573,1.0,0.5284190814683474,1.0,0.4050743499570792,1.0,0.36887247464750283,1.0,0.13937986049773451,1.0,0.2586533355171404,1.0,0.40149253731343276,1.0,1.0,0.3727385409218992,37.273854092189914,3587,695,72750.0,0.9,2.5,40.9,622,93.8,0.0,3008,593,18.1,13.4,44.173228346456696,6.500607533414337,16.867132867132867,18.59052247873633,32.35294117647059,21.24401913875598,174.51909673822135,59.93777225,12.15066828675577,35.32710280373832,91.61603888213851,8.0,5.75,39.0,17.125,26.25,13.75,8.5,0.18860244233378565,0.1539528432732316,0.9700272479564033,0.7165300546448088,0.4884196185286104,0.8710990502035278,0.8583106267029973,0.6955617198335645,0.7435549525101763,0.2971506105834464,0.27414965986394557,0.30544217687074826,0.7688098495212038,0.3715846994535519,0.23673469387755097,0.09836065573770492,0.3236914600550964,0.03551912568306015,0.00952380952380949,0.188785046728972,0.09562841530054644,0.49863760217983655,0.18169398907103826,0.20352781546811397,0.05359565807327001,0.3819538670284939,0.33514246947082765,0.5217096336499322,0.27544097693351427,0.4932157394843962,38,2.5,9.7,14,16
06073018509,0.22760974714159418,1.0,0.43467320224420547,1.0,0.17806445509004143,1.0,0.3216873920746339,1.0,0.274677708914217,1.0,0.368947380175995,1.0,0.4563093622795115,1.0,1.0,0.3231384639885998,32.31384639885998,5559,923,71371.0,7.0,7.2,29.5,820,74.7,0.0,4229,864,20.3,15.3,57.3469387755102,13.979057591623038,9.86758570651188,19.581151832460733,44.55066921606118,3.0948756976154232,69.43694909156322,59.78842564,14.45026178010471,31.229357798165136,94.76439790575915,11.5,6.5,44.625,19.625,28.75,15.0,9.875,0.10786974219810042,0.14563106796116504,0.31062670299727524,0.3463114754098361,0.305858310626703,0.9525101763907734,0.1927792915531335,0.6955617198335645,0.41655359565807326,0.07869742198100405,0.0897959183673469,0.1272108843537415,0.5006839945280438,0.1489071038251366,0.5333333333333333,0.10382513661202186,0.15977961432506882,0.6612021857923498,0.0870748299319728,0.1906542056074766,0.05737704918032782,0.6457765667574932,0.4036885245901639,0.3860244233378562,0.07530529172320218,0.4599728629579376,0.4226594301221167,0.5440976933514247,0.30325644504748983,0.5515603799185889,38,3.0,14.1,16,17
06073015002,0.1688945308417079,1.0,0.49039043381193376,1.0,0.4885371380573939,1.0,0.15556403651815282,1.0,0.32447078682441677,0.75,0.5565841783177737,1.0,0.7194029850746269,1.0,1.0,0.41483486992085794,41.483486992085794,2984,438,69545.0,17.5,12.1,40.2,170,94.3,32.77777777777778,2397,307,20.8,13.5,78.21969696969697,7.545605306799337,18.64064602960969,12.437810945273633,66.24605678233438,0.0,150.13404825737265,,4.477611940298507,40.32983508245877,99.00497512437812,18.5,22.75,125.625,61.625,59.875,75.625,22.625,0.3853459972862958,0.13453536754507628,0.01498637602179842,0.1407103825136612,0.47888283378746593,0.19063772048846675,0.8753405994550408,0.0277392510402219,0.8765264586160109,0.7238805970149254,0.06258503401360549,0.291156462585034,0.06292749658002739,0.3210382513661202,0.19047619047619047,0.04781420765027322,0.015151515151515138,0.9405737704918032,0.017687074829931926,,0.4316939890710383,0.3705722070844687,0.8674863387978142,0.6377204884667571,0.73202170963365,0.7069199457259159,0.7245590230664858,0.7272727272727273,0.6960651289009498,0.7421981004070556,180,14.625,11.9,32,51
06073015001,0.39065545415736913,1.0,0.6161025676786138,1.0,0.31814512779331544,1.0,0.33827632272886277,1.0,0.5315455107662901,0.75,0.6141510698173047,1.0,0.7199457259158751,1.0,1.0,0.5041173969796615,50.411739697966155,4418,1096,114833.0,3.1,13.0,47.8,280,89.5,0.0,4329,680,18.0,12.6,49.43089430894309,13.400758533501897,28.36814321781042,53.66624525916561,28.7292817679558,1.2484394506866416,26.708918062471707,,2.2123893805309733,30.219471018570626,96.01769911504425,17.0,23.0,124.5,61.875,59.125,76.875,23.25,0.06919945725915877,0.5728155339805825,0.8079019073569482,0.11270491803278693,0.5722070844686649,0.41383989145183175,0.6866485013623979,0.6955617198335645,0.38127544097693356,0.19538670284938942,0.29047619047619044,0.40544217687074835,0.6771545827633378,0.16120218579234968,0.0680272108843537,0.44672131147540983,0.39531680440771355,0.8333333333333334,0.3659863945578231,,0.6639344262295082,0.662125340599455,0.5163934426229508,0.5888738127544098,0.7394843962008141,0.7021709633649932,0.7259158751696065,0.7211668928086838,0.6987788331071914,0.751696065128901,180,13.125,8.8,31,51
06073014701,0.7442217242989262,1.0,0.6299594659960432,1.0,0.5537648030718393,1.0,0.6660186262839105,1.0,0.489101222388427,0.75,0.4332921387908657,1.0,0.842740841248304,1.0,1.0,0.6227284031540451,62.27284031540451,3688,230,113485.0,2.8,0.7,41.6,593,74.4,0.0,3470,380,16.8,11.5,39.51473136915078,1.6506189821182942,9.27920463960232,56.740027510316374,13.448275862068964,7.565162110616656,23.047722342733188,,4.264099037138927,44.8118006103764,96.8363136176066,22.5,24.75,175.875,87.75,81.5,112.5,31.625,0.6716417910447761,0.5561719833564494,0.8392370572207084,0.9098360655737705,0.49591280653950953,0.8521031207598372,0.1880108991825613,0.6955617198335645,0.6105834464043419,0.6051560379918589,0.4571428571428572,0.5421768707482993,0.8413132694938441,0.7595628415300546,0.5795918367346939,0.48360655737704916,0.7355371900826446,0.2827868852459017,0.44897959183673475,,0.4521857923497268,0.24523160762942775,0.6024590163934426,0.7503392130257802,0.7978290366350068,0.8317503392130258,0.8521031207598372,0.8378561736770692,0.8222523744911805,0.8697421981004071,199,19.375,7.2,39,51
06073014702,0.6188167387669552,1.0,0.5977083485340592,1.0,0.5028953100914721,1.0,0.45402914310977915,1.0,0.34886917780253945,0.75,0.4012906796106868,1.0,0.8606512890094979,1.0,1.0,0.5406086695607129,54.06086695607129,3996,59,120882.0,5.0,6.8,47.9,416,64.2,0.0,3861,457,16.5,11.6,92.19330855018588,5.303030303030303,9.815005138746145,83.01767676767676,22.181146025878004,10.254957507082153,27.027027027027028,,6.628787878787879,20.824742268041238,85.60606060606061,23.0,24.75,183.5,92.0,86.625,118.125,32.25,0.9579375848032564,0.6144244105409153,0.5367847411444142,0.36612021857923494,0.5735694822888283,0.6763907734056988,0.07220708446866485,0.6955617198335645,0.5094979647218454,0.4843962008141113,0.4884353741496599,0.5292517006802722,0.009575923392612817,0.43579234972677594,0.5374149659863945,0.8333333333333334,0.5330578512396694,0.15300546448087426,0.3605442176870748,,0.27595628415300544,0.8828337874659401,0.045081967213114756,0.7706919945725916,0.7978290366350068,0.8453188602442334,0.8724559023066486,0.8629579375848032,0.8432835820895522,0.8792401628222524,201,20.0,7.3,39,51
06073010201,0.2097534590020539,1.0,0.40811632239181733,1.0,0.378319672509438,1.0,0.3610666187939148,1.0,0.07177116522443328,0.75,0.5328389988237222,1.0,0.24436906377204887,1.0,1.0,0.31517647150248973,31.517647150248973,3327,869,98418.0,13.7,8.6,38.2,267,93.3,2.9585798816568047,3086,516,18.6,14.7,55.18796992481203,5.1573426573426575,22.632375189107414,41.60839160839161,65.41353383458647,23.427041499330656,46.28794709948903,,4.6328671328671325,37.863247863247864,98.07692307692307,7.5,12.5,26.0,12.0,10.875,13.125,2.875,0.12279511533242882,0.39667128987517336,0.04564032697547682,0.2739071038251366,0.44959128065395093,0.3751696065128901,0.8385558583106267,0.33287101248266293,0.7150610583446404,0.4050203527815468,0.2204081632653061,0.17278911564625854,0.5622435020519836,0.4494535519125683,0.11972789115646254,0.3128415300546448,0.017906336088154284,0.031420765027322384,0.16598639455782316,,0.41530054644808745,0.44277929155313356,0.7404371584699454,0.1791044776119403,0.2734056987788331,0.2394843962008141,0.2265943012211669,0.24151967435549526,0.25848032564450474,0.25576662143826323,36,6.375,10.3,15,42
06073020711,0.7703072542627887,1.0,0.25099466866436226,1.0,0.6112288741819659,1.0,0.7362550729403465,1.0,0.7733740581089954,0.75,0.5039817255053777,1.0,0.1162822252374491,1.0,1.0,0.5374891255573265,53.74891255573265,3604,223,154115.0,2.1,3.1,50.3,132,87.3,18.404907975460123,3431,369,15.6,11.3,76.38888888888889,0.0,3.4685314685314688,93.79591836734694,12.389380530973451,1.4481094127111827,12.208657047724751,,1.4693877551020407,50.06839945280438,96.89795918367346,0.5,5.75,11.0,8.0,2.875,6.25,0.625,0.6784260515603799,0.8335644937586685,0.9087193460490464,0.66051912568306,0.6008174386920981,0.13704206241519673,0.6103542234332425,0.07905686546463242,0.6268656716417911,0.6166892808683854,0.6333333333333333,0.5680272108843538,0.07934336525307795,0.950136612021858,0.9414965986394558,0.9740437158469946,0.7617079889807162,0.8114754098360656,0.7469387755102042,,0.7773224043715847,0.12806539509536785,0.6065573770491803,0.025101763907734057,0.05359565807327001,0.10515603799185888,0.13161465400271372,0.06784260515603799,0.14925373134328357,0.12754409769335143,21,0.5,6.1,1,18
06073010202,0.5858138447002352,1.0,0.5083777021036242,1.0,0.5011166338991498,1.0,0.37727952408565407,1.0,0.15629473665454077,0.75,0.27807308805209374,1.0,0.4879240162822252,1.0,1.0,0.4135542208253605,41.355422082536045,3671,305,108486.0,1.6,6.7,43.8,343,100.0,3.755868544600939,3211,497,17.0,12.0,60.05747126436781,4.937361827560796,16.23108665749656,46.05747973470892,59.54415954415955,13.29073482428115,28.330155271043314,,3.0950626381724393,47.92553191489362,88.65143699336772,10.0,15.0,57.25,27.375,19.875,36.25,7.625,0.5454545454545454,0.4882108183079057,0.9400544959128065,0.36953551912568305,0.5224795640326976,0.5427408412483039,0.9952316076294278,0.3120665742024965,0.6824966078697422,0.42605156037991854,0.4224489795918367,0.47346938775510206,0.4295485636114911,0.46584699453551914,0.2517006802721088,0.3620218579234973,0.038567493112947604,0.09426229508196726,0.3360544217687075,,0.569672131147541,0.1757493188010899,0.08879781420765027,0.30868385345997285,0.36906377204884666,0.5223880597014925,0.5244233378561737,0.40637720488466755,0.5434192672998643,0.44301221166892807,87,7.0,8.3,15,43
06073009307,0.6398895205471631,1.0,0.7049238501688132,1.0,0.5733025503281367,1.0,0.3205611218944307,1.0,0.4977850680533244,0.75,0.6414101934158217,1.0,0.9092265943012212,1.0,1.0,0.6124426998155588,61.244269981555874,4846,466,121642.0,0.0,3.9,63.7,933,62.8,0.0,4288,387,17.5,8.5,42.01826881252719,6.934710438952416,29.21997523730912,15.19734415344891,30.90277777777778,10.29119788219722,0.0,,3.282921431206197,28.149405772495754,97.27037993360383,26.0,26.0,211.375,98.875,102.5,138.125,34.375,0.3595658073270014,0.6255201109570042,0.9931880108991825,0.5812841530054644,0.7854223433242506,0.9728629579375848,0.06267029972752043,0.6955617198335645,0.39891451831750335,0.596336499321574,0.3517006802721089,0.9462585034013605,0.7948016415868673,0.35245901639344257,0.06394557823129254,0.07103825136612021,0.35123966942148765,0.15163934426229508,0.9904761904761905,,0.5491803278688525,0.7316076294277929,0.6434426229508197,0.8385345997286295,0.8744911804613297,0.9063772048846676,0.9016282225237449,0.9362279511533242,0.8989145183175034,0.9029850746268657,194,22.125,7.4,49,52
06073021002,0.43677355886295854,1.0,0.3598833541105857,1.0,0.7771128125605737,1.0,0.647318579547717,1.0,0.21772076124854492,0.75,0.6845180486691186,1.0,0.022252374491180466,1.0,1.0,0.4493684984986685,44.93684984986685,1551,94,101691.0,10.2,8.1,36.9,43,100.0,0.0,1482,164,12.9,13.4,22.5,0.0,32.62411347517731,69.27016645326505,77.38095238095238,45.49895324494068,16.118633139909736,,2.0486555697823303,39.385474860335194,100.0,0.0,0.0,0.875,0.375,0.5,0.0,0.0,0.898236092265943,0.42163661581137307,0.13692098092643057,0.29030054644808745,0.4298365122615804,0.024423337856173677,0.9952316076294278,0.6955617198335645,0.9755766621438263,0.9185888738127544,0.9088435374149659,0.30544217687074826,0.9671682626538988,0.950136612021858,0.039455782312925125,0.6325136612021858,0.00688705234159781,0.004098360655737654,0.6421768707482993,,0.6857923497267759,0.39918256130790186,0.9685792349726776,0.009497964721845319,0.0047489823609226595,0.0101763907734057,0.0101763907734057,0.027137042062415198,0.016960651289009497,0.046811397557666216,2,0.0,5.7,0,0
06073009203,0.6140763072667899,1.0,0.7077004058348724,1.0,0.7266861425710041,1.0,0.3921965507514481,1.0,0.3993467476861133,0.75,0.9106655400207462,1.0,0.8705563093622795,1.0,1.0,0.6601754290704649,66.01754290704649,4554,488,131629.0,5.1,0.8,72.7,637,55.9,0.0,4065,252,15.0,8.7,53.94385026737968,2.4849699398797593,26.624972079517534,32.90581162324649,12.944983818770226,8.001474926253687,43.47826086956522,,0.0,22.90927521540801,99.5190380761523,24.5,27.0,189.25,87.5,92.0,123.75,33.125,0.33107191316146545,0.7018030513176144,0.5245231607629428,0.8989071038251366,0.9039509536784741,0.8826322930800543,0.03678474114441417,0.6955617198335645,0.45590230664857534,0.8154681139755766,0.7013605442176871,0.9340136054421768,0.5882352941176471,0.6816939890710383,0.07891156462585036,0.21994535519125682,0.7520661157024793,0.26366120218579236,0.18231292517006803,,0.967896174863388,0.8392370572207084,0.924863387978142,0.8073270013568521,0.9199457259158752,0.8561736770691994,0.8493894165535957,0.898236092265943,0.8561736770691994,0.89280868385346,189,17.75,5.8,45,52
06073009204,0.8251981831066578,1.0,0.6083864726521361,1.0,0.49367909986246866,1.0,0.7798776382455384,1.0,0.8629483266006579,0.75,0.8257086205784111,1.0,0.8506105834464043,1.0,1.0,0.749486989213182,74.9486989213182,4129,93,151849.0,3.9,0.9,52.0,318,65.6,0.0,3923,591,16.1,10.9,35.507246376811594,0.0,8.501335924216663,69.89090909090909,3.939393939393939,0.0,13.80479534996367,,1.3818181818181818,21.45658263305322,98.6909090909091,23.5,27.75,180.625,85.0,88.375,118.125,30.5,0.9009497964721845,0.8238557558945908,0.688692098092643,0.8872950819672131,0.6301089918256131,0.49050203527815467,0.0885558583106267,0.6955617198335645,0.4877883310719131,0.30393487109905015,0.5564625850340136,0.6265306122448979,0.8919288645690835,0.950136612021858,0.636734693877551,0.6407103825136612,0.9421487603305785,0.9405737704918032,0.7061224489795919,,0.7855191256830601,0.8719346049046321,0.819672131147541,0.7869742198100407,0.9586160108548168,0.8385345997286295,0.8371777476255088,0.878561736770692,0.8432835820895522,0.8554952510176391,191,18.25,7.0,42,52
06073009308,0.5566479478396511,1.0,0.609374812327816,1.0,0.4775563278228523,1.0,0.25211949057167665,1.0,0.27256469313101206,0.75,0.21700341964334458,1.0,0.8724559023066487,1.0,1.0,0.4653889419490002,46.538894194900024,4200,159,86139.0,7.7,1.1,39.6,603,85.3,19.3717277486911,3594,714,18.0,9.3,63.50235849056604,4.48512585812357,32.38095238095238,22.379862700228834,21.929824561403507,8.768267223382047,80.71428571428571,,11.899313501144166,45.34548944337812,93.91304347826087,25.5,26.75,194.25,88.625,92.75,125.625,31.875,0.7944369063772049,0.30513176144244103,0.2595367847411444,0.8674863387978142,0.46934604904632155,0.8609226594301221,0.5163487738419619,0.07489597780859913,0.5753052917232022,0.16689280868385348,0.29047619047619044,0.8775510204081632,0.3283173734610123,0.505464480874317,0.04081632653061229,0.13387978142076504,0.5420110192837466,0.2090163934426229,0.06666666666666665,,0.10245901639344257,0.23024523160762944,0.31830601092896177,0.8270013568521031,0.9077340569877883,0.8670284938941656,0.8548168249660787,0.9056987788331072,0.8609226594301221,0.8738127544097694,192,19.5,7.6,49,52
06073007401,0.590838288230406,1.0,0.5282755090160189,1.0,0.7200747191685358,1.0,0.33063266290122606,1.0,0.3255416478111816,0.75,0.6294290337150032,1.0,0.6805970149253731,1.0,1.0,0.5436269822525349,54.36269822525349,2808,182,104722.0,4.2,4.7,63.4,330,50.2,0.0,2607,182,17.3,10.0,67.73399014778325,6.319444444444445,12.72264631043257,42.70833333333333,29.28571428571429,11.602209944751381,22.079772079772077,,7.5,20.509383378016086,98.19444444444444,11.5,24.0,113.0,51.75,48.625,72.5,16.625,0.7489823609226594,0.4549237170596394,0.6423705722070845,0.5170765027322404,0.7813351498637602,0.5189959294436907,0.020435967302452316,0.6955617198335645,0.8371777476255088,0.9029850746268657,0.3795918367346939,0.7605442176870748,0.23529411764705888,0.3811475409836066,0.38095238095238093,0.3251366120218579,0.3842975206611571,0.1202185792349727,0.472108843537415,,0.24316939890710387,0.8869209809264305,0.7581967213114754,0.3860244233378562,0.7672998643147897,0.6865671641791045,0.6818181818181818,0.6763907734056988,0.6865671641791045,0.6716417910447762,166,9.25,6.7,18,52
06073007303,0.5864557176996253,1.0,0.538138720824206,1.0,0.8706474584406354,1.0,0.43440969601717927,1.0,0.5689126275990232,0.75,0.7119347538005688,1.0,0.6036635006784261,1.0,1.0,0.6163089250085234,61.63089250085234,1592,96,105398.0,8.2,2.1,60.2,130,91.5,0.0,1490,158,15.4,8.8,53.56037151702786,1.520086862106406,17.650753768844222,22.90988056460369,8.620689655172415,8.08383233532934,17.587939698492463,,1.8458197611292075,25.03192848020434,97.17698154180239,9.5,20.25,85.75,41.625,35.0,56.25,11.0,0.8955223880597015,0.4618585298196949,0.23024523160762944,0.7581967213114754,0.7397820163487738,0.13364993215739485,0.7670299727520435,0.6955617198335645,0.9728629579375848,0.9253731343283582,0.6571428571428571,0.9272108843537414,0.6046511627906976,0.773224043715847,0.217687074829932,0.14207650273224043,0.8539944903581267,0.25546448087431695,0.5972789115646259,,0.7103825136612022,0.7956403269754768,0.6297814207650273,0.2856173677069199,0.60719131614654,0.6166892808683854,0.6099050203527816,0.5827679782903663,0.6322930800542741,0.576662143826323,142,7.625,4.9,16,50
06073021401,0.4177622331478794,1.0,0.5370835325676407,1.0,0.6785548140558801,1.0,0.3288963316931805,1.0,0.6568989647071402,0.75,0.7975114525791258,1.0,0.7109905020352781,1.0,1.0,0.5896711186837321,58.96711186837321,4176,488,130625.0,10.9,4.4,59.6,373,83.4,8.450704225352112,3392,203,17.4,9.7,64.46280991735537,5.642023346303502,15.848595848595847,43.255512321660184,11.051693404634582,0.0,35.91954022988506,,2.529182879377432,23.320795271359486,99.61089494163424,14.5,23.5,128.25,58.375,54.75,84.375,19.0,0.33107191316146545,0.6893203883495146,0.10967302452316074,0.540983606557377,0.7316076294277929,0.6031207598371777,0.43460490463215257,0.1865464632454924,0.641112618724559,0.8833107191316146,0.3659863945578231,0.8238095238095238,0.3043775649794802,0.412568306010929,0.26530612244897955,0.3333333333333333,0.7933884297520661,0.9405737704918032,0.23673469387755097,,0.6297814207650273,0.832425068119891,0.930327868852459,0.5162822252374492,0.7503392130257802,0.7184531886024423,0.7075983717774763,0.7008141112618724,0.7279511533242876,0.7001356852103121,178,11.875,7.0,19,52
06073021501,0.8503485452856889,0.75,0.5036716272605654,1.0,0.8342058261567855,1.0,0.8777796059331091,1.0,0.74839907330859,0.75,0.8379528297672757,1.0,0.09009497964721845,1.0,1.0,0.6774932124798904,67.74932124798903,3844,83,,3.3,1.2,84.2,264,76.3,0.0,3833,135,12.5,8.7,16.666666666666664,1.4693877551020407,3.4427966101694913,80.73469387755102,8.070866141732283,5.038759689922481,6.76378772112383,,2.122448979591837,17.37891737891738,99.42857142857143,9.5,17.5,10.75,6.375,4.125,3.125,0.0,0.9138398914518318,,0.7826975476839237,0.8545081967213115,0.9850136239782016,0.3649932157394844,0.21730245231607628,0.6955617198335645,0.5169606512890095,0.9504748982360922,0.935374149659864,0.9340136054421768,0.9835841313269493,0.7827868852459017,0.9482993197278912,0.796448087431694,0.8705234159779615,0.4617486338797814,0.9129251700680272,,0.6775956284153005,0.9277929155313351,0.9084699453551912,0.2856173677069199,0.4735413839891452,0.10244233378561737,0.1044776119402985,0.09972862957937585,0.09701492537313433,0.046811397557666216,20,1.0,3.9,17,60
06073005601,0.5455553670207463,1.0,0.6155498208733395,0.8333333333333334,0.4594268915164438,1.0,0.41340010460913296,1.0,0.3704999906298608,0.75,0.32063375073827566,1.0,0.8816824966078698,1.0,1.0,0.5152497745708099,51.524977457080986,2883,767,58867.0,0.1,0.0,62.5,127,84.9,,2283,628,16.8,14.0,43.87936132465997,1.7489711934156378,23.066250433576137,5.1440329218107,1.7699115044247788,14.020344980097303,84.63406174124177,,34.413580246913575,16.15798922800718,80.1954732510288,22.5,27.25,204.25,93.0,88.875,134.375,31.0,0.16553595658073272,0.06241331484049931,0.9863760217983651,0.967896174863388,0.7724795640326976,0.1282225237449118,0.494550408719346,,0.8941655359565808,0.24830393487109903,0.4571428571428572,0.23809523809523814,0.774281805745554,0.7472677595628415,0.11292517006802716,0.01912568306010929,0.9669421487603306,0.08333333333333337,0.061224489795918324,,0.005464480874316946,0.944141689373297,0.012295081967213115,0.7503392130257802,0.932157394843962,0.8900949796472184,0.8819538670284939,0.8839891451831751,0.8907734056987788,0.8616010854816825,195,23.375,9.8,37,51
06073005403,0.7322205821308033,1.0,0.6329120981782089,1.0,0.8809710722823728,1.0,0.4774917172358841,1.0,0.34850235989260897,0.75,0.34682578679094517,1.0,0.860379918588874,1.0,1.0,0.611329076442814,61.132907644281396,2415,135,129185.0,5.6,0.0,77.8,337,65.3,0.0,2251,249,12.0,9.6,53.87647831800263,1.680672268907563,20.082815734989648,48.48093083387201,0.0,25.193423597678915,117.18426501035196,,11.893988364576598,29.67992240543162,92.69553975436328,18.5,26.5,198.0,88.75,81.375,130.625,31.0,0.8297150610583446,0.680998613037448,0.4502724795640327,0.967896174863388,0.9509536784741145,0.5325644504748982,0.08514986376021798,0.6955617198335645,0.9023066485753053,0.8202170963364993,0.9653061224489796,0.8360544217687075,0.5937072503419973,0.7568306010928962,0.16598639455782316,0.39344262295081966,0.9855371900826446,0.025956284153005438,0.03401360544217691,,0.10382513661202186,0.6852861035422344,0.25136612021857924,0.6377204884667571,0.8955223880597015,0.8738127544097694,0.8561736770691994,0.8351424694708277,0.8751696065128901,0.8616010854816825,196,21.5,4.0,31,50
06073005402,0.6741332463706902,1.0,0.7326359522790202,1.0,0.6279765366119311,1.0,0.4168497193006062,1.0,0.0823404365133128,0.75,0.6744551649518818,1.0,0.837449118046133,1.0,1.0,0.5779771677247965,57.797716772479646,4577,461,168611.0,3.4,2.9,74.0,516,83.8,0.0,4249,474,13.3,10.0,46.21695533272562,6.701414743112435,28.42360193747248,58.004467609828744,45.294117647058826,18.234398782343987,102.46886606947781,,9.56813104988831,15.69362613818961,99.32985852568875,17.5,27.25,187.125,83.875,78.5,121.875,28.625,0.3649932157394844,0.883495145631068,0.7656675749318801,0.6823770491803278,0.9216621253405994,0.8005427408412483,0.44073569482288827,0.6955617198335645,0.41112618724559025,0.46336499321573943,0.8768707482993198,0.7605442176870748,0.7359781121751026,0.3620218579234973,0.06666666666666665,0.5027322404371585,0.15564738292011016,0.05327868852459017,0.03809523809523807,,0.18306010928961747,0.9482288828337875,0.8920765027322405,0.6051560379918589,0.932157394843962,0.8534599728629579,0.8324287652645862,0.819538670284939,0.8507462686567164,0.8310719131614654,195,20.875,4.7,32,51
06073005301,0.3179037951688491,1.0,0.7466455118628202,1.0,0.39850815495804837,1.0,0.23657380413087845,1.0,0.39004221478141005,0.75,0.19123325541112648,1.0,0.8834464043419267,1.0,1.0,0.4520504486650085,45.20504486650085,3849,883,78530.0,7.8,2.9,53.0,722,85.7,0.0,2979,686,18.2,12.7,48.782961460446245,10.324616771866546,47.77864380358535,7.75473399458972,100.0,9.395424836601308,0.0,,31.154192966636607,34.613415258576545,85.21190261496844,23.0,26.75,206.0,92.125,87.125,136.25,32.75,0.11601085481682494,0.21914008321775313,0.25408719346049047,0.6823770491803278,0.6389645776566758,0.926729986431479,0.5401907356948229,0.6955617198335645,0.7503392130257802,0.1926729986431479,0.2578231292517007,0.39319727891156464,0.6880984952120384,0.2308743169398907,0.0,0.0273224043715847,0.0006887052341597588,0.1789617486338798,0.9904761904761905,,0.008196721311475419,0.5258855585831063,0.03961748633879782,0.7706919945725916,0.9077340569877883,0.8948439620081411,0.8744911804613297,0.8690637720488467,0.8941655359565808,0.8846675712347354,196,23.0,10.4,38,51
06073005802,0.8474682352015545,1.0,0.7103165125573521,0.8333333333333334,0.778964638772741,1.0,0.4489790731389773,1.0,0.4641746397335071,0.75,0.6398778060680057,1.0,0.8402985074626865,1.0,1.0,0.6757256304192606,67.57256304192606,2948,146,143750.0,2.9,0.0,84.0,548,50.3,,2855,361,15.0,7.1,46.95340501792115,0.6824146981627297,33.10649880911875,26.77165354330709,0.0,6.1113849186791525,125.16960651289011,,3.202099737532808,18.879310344827584,95.32808398950131,23.0,27.5,189.875,83.75,81.375,124.375,28.0,0.8127544097693351,0.782246879334258,0.826975476839237,0.967896174863388,0.9836512261580381,0.8276797829036635,0.021798365122615803,,0.7883310719131614,0.6336499321573948,0.7013605442176871,0.992517006802721,0.7209302325581395,0.8633879781420765,0.03673469387755102,0.17486338797814208,0.9855371900826446,0.3784153005464481,0.02857142857142858,,0.5587431693989071,0.9141689373297003,0.44672131147540983,0.7706919945725916,0.9477611940298507,0.8575305291723202,0.830393487109905,0.8351424694708277,0.858887381275441,0.819538670284939,191,21.375,4.6,42,51
06073005801,0.72901928107328,1.0,0.6295761953293124,1.0,0.77084890944166,1.0,0.36050723186720357,1.0,0.07026876324300213,0.5,0.24984241846706676,1.0,0.8515603799185889,1.0,1.0,0.5230890256200162,52.30890256200163,1913,159,123537.0,5.2,0.0,70.8,286,64.6,0.0,1697,198,18.0,8.6,38.581314878892734,5.053598774885145,25.248301097752226,9.188361408882082,,12.933333333333334,97.22948248823838,,19.60183767228178,29.93138936535163,86.06431852986218,22.5,27.5,193.75,87.5,83.25,127.5,28.625,0.7944369063772049,0.6421636615811374,0.5115803814713896,0.967896174863388,0.8773841961852861,0.4314789687924016,0.07493188010899182,0.6955617198335645,0.9620081411126187,0.8900949796472184,0.29047619047619044,0.9408163265306122,0.8508891928864569,0.4590163934426229,0.09523809523809523,0.036885245901639344,,0.09836065573770492,0.042176870748299344,,0.02732240437158473,0.673024523160763,0.04918032786885246,0.7503392130257802,0.9477611940298507,0.8622795115332429,0.8493894165535957,0.8480325644504749,0.8670284938941656,0.8310719131614654,191,21.875,7.1,41,51
06073005201,0.45217601346726144,1.0,0.6650396693882967,1.0,0.6030111501859903,1.0,0.21503365928910645,1.0,0.05373443059199926,0.75,0.5342386206280431,1.0,0.910719131614654,1.0,1.0,0.49056466788076447,49.05646678807645,3503,598,96132.0,3.8,5.2,50.9,564,70.1,0.0,3000,398,19.1,8.8,50.4362050163577,14.017341040462428,38.395660862118184,9.585741811175337,71.37254901960785,11.092077087794433,141.5929203539823,,13.439306358381502,19.25996204933586,97.10982658959537,24.0,27.25,217.0,98.5,93.375,144.375,35.0,0.24898236092265946,0.37586685159500693,0.7091280653950953,0.4747267759562842,0.6096730245231607,0.8398914518317503,0.11580381471389646,0.6955617198335645,0.7449118046132972,0.578697421981004,0.1612244897959184,0.9272108843537414,0.6593707250341998,0.14754098360655743,0.013605442176870763,0.03961748633879782,0.011019283746556474,0.12841530054644812,0.0217687074829932,,0.069672131147541,0.9059945504087193,0.6270491803278688,0.7971506105834464,0.932157394843962,0.9185888738127544,0.8995929443690638,0.9090909090909091,0.9158751696065129,0.9104477611940298,199,24.125,8.7,39,51
06073004102,0.30281950998369056,1.0,0.6046055787841818,1.0,0.5275664811379097,1.0,0.2475069269034339,1.0,0.33450814910257104,0.75,0.4924584208096962,1.0,0.9294436906377206,1.0,1.0,0.49127267962274335,49.12726796227433,2103,662,76042.0,20.3,1.7,37.1,495,81.6,15.18987341772152,1841,272,19.7,13.7,60.10498687664042,8.462455303933254,16.618357487922705,9.177592371871276,23.57142857142857,6.465997770345597,49.45316214931051,,6.555423122765197,25.52954292084727,94.87485101311086,35.0,27.5,223.5,103.75,94.625,149.375,35.75,0.19945725915875168,0.19694868238557559,0.006811989100817484,0.8080601092896175,0.4332425068119891,0.7808683853459973,0.3746594005449591,0.10263522884882104,0.9470827679782904,0.7801899592944369,0.11088435374149663,0.27210884353741494,0.426812585499316,0.28551912568306015,0.2421768707482993,0.03551912568306011,0.5041322314049587,0.3510928961748634,0.14829931972789112,,0.2786885245901639,0.7806539509536785,0.4180327868852459,0.9884667571234735,0.9477611940298507,0.9328358208955224,0.9294436906377205,0.9145183175033921,0.9443690637720489,0.9260515603799185,200,24.75,14.0,55,51
06073014400,0.2906145404692573,1.0,0.5462926194016681,1.0,0.16103642271019672,1.0,0.22238544293050808,1.0,0.19228338143113233,1.0,0.20144379426552117,1.0,0.8522388059701493,1.0,1.0,0.3523278581683475,35.23278581683475,4426,791,51234.0,2.8,12.1,8.4,379,80.9,0.0,4077,886,21.3,16.2,64.1316685584563,14.156626506024098,12.508622671878591,9.63855421686747,48.692152917505034,3.8145823273780786,144.60009037505648,82.37710019,11.194779116465863,41.94528875379939,90.76305220883533,24.5,24.75,182.0,87.875,86.375,115.625,31.625,0.15061058344640432,0.0319001386962552,0.8392370572207084,0.1407103825136612,0.014986376021798364,0.6180461329715061,0.34400544959128065,0.6955617198335645,0.45318860244233383,0.07327001356852103,0.0435374149659864,0.07414965986394562,0.3160054719562243,0.14207650273224048,0.3904761904761904,0.040983606557377046,0.11707988980716255,0.5942622950819672,0.020408163265306145,0.03738317757009346,0.12704918032786883,0.3147138964577657,0.16256830601092895,0.8073270013568521,0.7978290366350068,0.8426051560379919,0.8534599728629579,0.8609226594301221,0.8344640434192673,0.8697421981004071,203,22.375,16.5,42,51
06073001900,0.7559529651443178,1.0,0.6152497940345988,1.0,0.6323542307017787,1.0,0.6142217218568709,1.0,0.5191734492362852,1.0,0.5812884958036162,1.0,0.9617367706919946,1.0,1.0,0.6685682039242088,66.85682039242089,3160,263,133778.0,0.8,2.3,64.1,281,90.9,100.0,3057,472,15.4,10.5,40.90150250417362,3.020565552699229,11.04743712193569,60.9254498714653,18.090452261306535,4.6568627450980395,20.253164556962027,40.68450529,7.647814910025708,27.363184079601986,98.20051413881748,26.0,26.5,230.75,109.75,110.0,153.125,40.375,0.5990502035278155,0.7156726768377254,0.973433242506812,0.735655737704918,0.7942779291553134,0.4185888738127544,0.7431880108991825,0.001386962552011095,0.7238805970149254,0.4654002713704206,0.6571428571428571,0.6829931972789116,0.8207934336525308,0.6270491803278688,0.4598639455782313,0.5491803278688525,0.6253443526170799,0.5027322404371585,0.5224489795918368,0.4261682242990654,0.23770491803278693,0.7452316076294279,0.7609289617486339,0.8385345997286295,0.8955223880597015,0.9579375848032564,0.9477611940298507,0.9715061058344641,0.9565807327001357,0.9748982360922659,199,22.875,5.8,48,52
06073002001,0.5834230953417037,1.0,0.6857091729973263,1.0,0.7262096290347889,1.0,0.6575363685314004,1.0,0.514061805893513,1.0,0.8107098365618937,1.0,0.9529172320217096,1.0,1.0,0.7043667343403337,70.43667343403337,3570,313,181477.0,11.1,2.0,73.8,247,83.8,0.0,3423,390,11.9,10.3,62.807017543859644,0.0,9.954622802041973,81.6010329244674,31.914893617021278,1.8999366687777075,16.526610644257705,47.67890479,1.2911555842479019,22.8,98.45061329890252,26.0,26.5,226.75,110.125,108.25,150.625,38.875,0.5345997286295794,0.9223300970873787,0.1049046321525886,0.7718579234972678,0.9182561307901907,0.3256445047489824,0.44073569482288827,0.6955617198335645,0.630257801899593,0.5915875169606513,0.9714285714285714,0.7115646258503401,0.3419972640218878,0.950136612021858,0.5251700680272109,0.8128415300546448,0.33195592286501374,0.7691256830601093,0.6299319727891157,0.3252336448598131,0.7950819672131147,0.840599455040872,0.796448087431694,0.8385345997286295,0.8955223880597015,0.9470827679782904,0.9511533242876526,0.9599728629579376,0.9470827679782904,0.9592944369063772,202,21.5,3.8,48,52
06073009509,0.5670943240944248,1.0,0.7452723307039627,1.0,0.4738762126288778,1.0,0.3208547582204823,1.0,0.26092001999142966,1.0,0.7550847962359107,1.0,0.8219810040705562,1.0,1.0,0.5635833494208062,56.358334942080624,5731,338,148568.0,5.5,4.9,55.5,923,92.5,0.0,4839,527,17.4,9.3,43.7190900098912,8.369694565648553,24.01064773735581,19.793732645775485,23.711340206185564,8.989169675090253,43.62240446693421,62.05351587,4.641015470051567,18.808777429467085,99.7223324077747,12.5,26.0,168.5,81.5,81.625,109.375,28.5,0.4979647218453188,0.8072122052704577,0.4686648501362398,0.49453551912568305,0.6791553133514986,0.9701492537313433,0.8092643051771117,0.6955617198335645,0.2645861601085482,0.3873812754409769,0.3659863945578231,0.8775510204081632,0.7770177838577291,0.29371584699453557,0.10476190476190472,0.10792349726775956,0.5013774104683195,0.1912568306010929,0.18095238095238098,0.17009345794392527,0.41393442622950816,0.9168937329700273,0.9344262295081968,0.44301221166892807,0.8744911804613297,0.8127544097693351,0.816146540027137,0.8398914518317503,0.8120759837177748,0.8290366350067843,201,16.125,7.4,24,52
06073010012,0.2559674061175432,1.0,0.4978570969889607,1.0,0.305167806607039,1.0,0.35488013733896145,1.0,0.5811239342837609,1.0,0.2064169185489595,1.0,0.25834464043419264,1.0,1.0,0.35139399147420247,35.13939914742025,5032,402,101771.0,15.3,11.9,14.5,377,90.5,0.0,4183,639,17.3,14.5,52.99026425591099,29.9922898997687,10.313990461049285,40.092521202775636,19.444444444444446,2.5544703230653645,23.44992050874404,29.11014312,13.723978411719354,40.79404466501241,91.82729375481881,17.5,12.5,29.625,12.875,13.625,13.75,2.25,0.4246947082767978,0.42302357836338417,0.028610354223433276,0.14754098360655743,0.0653950953678474,0.6146540027137042,0.7329700272479565,0.6955617198335645,0.42401628222523746,0.22930800542740837,0.3795918367346939,0.18775510204081636,0.6114911080711354,0.004098360655737654,0.5074829931972789,0.296448087431694,0.5991735537190083,0.7008196721311475,0.43945578231292515,0.5850467289719626,0.06693989071038253,0.3542234332425068,0.19808743169398907,0.6051560379918589,0.2734056987788331,0.26797829036635007,0.23880597014925373,0.3039348710990502,0.27544097693351427,0.20556309362279512,31,7.0,12.7,30,43
06073011902,0.3876754710373149,1.0,0.582945188477864,1.0,0.27386513628517895,1.0,0.4284563005530081,1.0,0.5261481614951293,1.0,0.1644791371976792,1.0,0.8629579375848033,1.0,1.0,0.4609324760901397,46.09324760901397,6050,529,82551.0,4.3,7.0,21.0,325,91.1,2.786377708978328,5453,1160,15.0,14.1,78.70967741935485,8.429926238145416,5.443649076077909,59.16754478398314,31.153846153846153,0.0,20.826446280991735,48.48786559,13.27713382507903,39.296636085626915,82.29715489989464,29.5,24.5,194.125,92.625,85.375,128.75,29.375,0.3018995929443691,0.2621359223300971,0.6301089918256131,0.35655737704918034,0.1955040871934605,0.5061058344640434,0.7534059945504087,0.3398058252427184,0.16146540027137046,0.006784260515603768,0.7013605442176871,0.22585034013605443,0.05882352941176472,0.28688524590163933,0.8462585034013606,0.5218579234972678,0.3471074380165289,0.9405737704918032,0.5047619047619047,0.31214953271028034,0.07377049180327866,0.4019073569482289,0.017759562841530054,0.917910447761194,0.7849389416553596,0.8656716417910447,0.8792401628222524,0.8568521031207599,0.8704206241519674,0.8426051560379919,199,22.375,10.0,52,50
06073012401,0.2305863609739938,1.0,0.6503365870787644,1.0,0.4516083774079509,1.0,0.4638137241171726,1.0,0.1074380879139683,1.0,0.3088225805651097,1.0,0.7348710990502035,1.0,1.0,0.42106811672959477,42.10681167295947,3461,368,80367.0,11.2,12.8,16.7,406,96.4,0.0,2985,527,17.1,13.8,41.316073354908305,25.062447960033307,3.807032839290904,19.150707743547045,41.47909967845659,11.102886750555143,71.07772320138689,81.717486,4.579517069109076,38.83553421368548,88.84263114071607,23.5,22.25,137.125,62.875,58.0,91.875,21.125,0.4620081411126187,0.24271844660194175,0.10149863760217981,0.11612021857923494,0.11103542234332425,0.655359565807327,0.9420980926430518,0.6955617198335645,0.748303934871099,0.3873812754409769,0.4102040816326531,0.2605442176870748,0.8098495212038304,0.021857923497267784,0.9210884353741496,0.10245901639344263,0.18181818181818177,0.12704918032786883,0.08163265306122447,0.03925233644859816,0.4193989071038251,0.41280653950953683,0.0942622950819672,0.7869742198100407,0.7109905020352781,0.7394843962008141,0.7347354138398915,0.7137042062415196,0.7564450474898237,0.7299864314789688,178,17.375,11.2,41,49
06073013903,0.5715849306443587,1.0,0.5757411471370314,1.0,0.46105257571142433,1.0,0.5444031749184615,1.0,0.4924012204787963,1.0,0.18089987740901217,1.0,0.6701492537313433,1.0,1.0,0.4994617400043468,49.94617400043468,3471,178,116488.0,5.2,5.7,32.1,352,91.0,0.0,3321,553,16.2,13.4,41.94444444444444,13.264427217915589,8.988439306358382,68.04478897502153,23.01255230125523,3.970223325062035,28.233938346297897,32.03484754,10.508182601205856,40.30534351145038,83.4625322997416,13.0,20.75,104.0,49.125,48.625,63.125,18.125,0.7598371777476255,0.5839112343966713,0.5115803814713896,0.43101092896174864,0.35149863760217986,0.5590230664857531,0.7479564032697548,0.6955617198335645,0.655359565807327,0.3473541383989145,0.5360544217687075,0.30544217687074826,0.7961696306429549,0.16256830601092898,0.5945578231292517,0.6243169398907104,0.5137741046831956,0.5819672131147541,0.33741496598639453,0.5364485981308411,0.14754098360655743,0.37193460490463215,0.023224043715846996,0.46404341926729986,0.6363636363636364,0.6635006784260515,0.6648575305291723,0.6763907734056988,0.6540027137042063,0.6919945725915875,172,15.5,9.7,23,51
06073015200,0.832871054075996,1.0,0.38409932560747695,1.0,0.6467583234107754,1.0,0.8184030322002991,1.0,0.7186542772336997,1.0,0.5337075584540631,1.0,0.6751696065128902,1.0,1.0,0.6585233110707429,65.85233110707429,3730,145,160313.0,2.6,1.8,53.3,128,72.6,12.056737588652481,3684,318,13.9,11.8,27.941176470588236,1.2265512265512266,9.624664879356569,92.85714285714286,8.503401360544217,4.215618521078093,6.970509383378015,31.87305538,1.2987012987012987,36.02442333785618,93.93939393939394,20.5,19.0,106.25,52.125,50.875,60.625,17.5,0.8147896879240163,0.8585298196948682,0.861716621253406,0.7964480874316939,0.6444141689373297,0.1309362279511533,0.15599455040871935,0.13037447988904305,0.5576662143826323,0.7075983717774763,0.8238095238095238,0.49795918367346936,0.9493844049247606,0.8046448087431695,0.5551020408163265,0.9644808743169399,0.8608815426997245,0.5614754098360656,0.9102040816326531,0.5420560747663552,0.7923497267759563,0.48910081743869205,0.319672131147541,0.694708276797829,0.5481682496607869,0.6729986431478969,0.6852103120759837,0.6845318860244234,0.6492537313432836,0.683853459972863,161,11.25,5.2,38,51
06073015301,0.3204654898736236,1.0,0.5830128145616128,1.0,0.34217756301978053,1.0,0.38142171470189296,1.0,0.6143926175324473,1.0,0.4916891251371083,1.0,0.6023066485753052,1.0,1.0,0.4764951390573958,47.64951390573958,3347,543,78580.0,11.5,2.9,30.2,249,93.1,0.0,3119,412,20.9,16.4,92.11136890951276,9.528214616096207,7.295749170937595,59.75948196114709,14.82889733840304,1.0978956999085088,22.4081266806095,37.82202862,0.7400555041628123,50.371370695476024,95.55966697502313,25.0,18.0,79.875,39.875,41.875,45.625,12.5,0.2876526458616011,0.22191400832177532,0.08991825613079019,0.6823770491803278,0.31743869209809267,0.33242876526458615,0.8337874659400545,0.6955617198335645,0.7042062415196744,0.5447761194029851,0.05646258503401358,0.06326530612244896,0.01094391244870041,0.25,0.7360544217687075,0.5286885245901639,0.7038567493112948,0.837431693989071,0.46394557823129257,0.4523364485981308,0.8784153005464481,0.12534059945504084,0.4713114754098361,0.8168249660786974,0.5020352781546812,0.596336499321574,0.596336499321574,0.6289009497964722,0.582089552238806,0.6078697421981004,118,8.125,13.8,43,51
06073015405,0.6152003450596748,1.0,0.3175245562752487,1.0,0.3547062922862496,1.0,0.6420768993834667,1.0,0.8420095611123539,1.0,0.49562990425991277,1.0,0.3990502035278155,1.0,1.0,0.5237425374149602,52.37425374149603,5434,241,139494.0,10.2,0.5,41.1,183,76.0,21.9672131147541,5361,723,15.9,11.8,68.98954703832753,1.4442518775274409,7.28744939271255,82.9000577700751,7.129455909943714,2.037351443123939,9.385351490614648,8.736776602,4.506065857885615,42.48627059410884,98.20912767186597,13.5,16.75,39.375,17.625,22.125,20.0,6.5,0.6438263229308006,0.7545076282940361,0.13692098092643057,0.9255464480874317,0.49182561307901906,0.21641791044776118,0.21389645776566757,0.061026352288488184,0.17367706919945725,0.15807327001356852,0.5891156462585034,0.49795918367346936,0.21340629274965806,0.7868852459016393,0.7374149659863946,0.8306010928961749,0.8939393939393939,0.755464480874317,0.8326530612244898,0.8859813084112149,0.42622950819672134,0.29836512261580383,0.7622950819672131,0.4864314789687924,0.4355495251017639,0.39348710990502034,0.35345997286295794,0.44301221166892807,0.3941655359565807,0.41112618724559025,56,3.625,6.0,26,50
06073017046,0.8636162130771193,1.0,0.4321164728534706,1.0,0.7875460360534987,1.0,0.7728953056632489,1.0,0.8104832775789232,1.0,0.8018269531424488,1.0,0.232157394843962,1.0,1.0,0.6715202361732387,67.15202361732388,3777,68,186452.0,1.3,3.5,73.2,224,79.2,6.214689265536723,3773,276,12.0,9.3,36.19047619047619,1.5283842794759825,8.722325953587623,82.24163027656476,9.393346379647749,3.7815126050420167,5.824728620598359,9.495955196,0.5822416302765648,32.81899109792285,99.41775836972343,8.5,20.75,21.0,11.875,10.75,11.25,3.0,0.9423337856173677,0.9361997226074896,0.9591280653950953,0.6168032786885246,0.912125340599455,0.2876526458616011,0.29223433242506813,0.231622746185853,0.5345997286295794,0.7727272727272727,0.9653061224489796,0.8775510204081632,0.8823529411764706,0.7718579234972678,0.6149659863945578,0.8224043715846995,0.8278236914600551,0.5969945355191257,0.9442176870748299,0.8728971962616823,0.9043715846994536,0.5940054495912807,0.907103825136612,0.2327001356852103,0.6363636363636364,0.2062415196743555,0.22455902306648576,0.23744911804613297,0.22930800542740842,0.26322930800542743,40,1.5,4.0,15,61
06073016809,0.2602050819080327,1.0,0.3301186856774701,1.0,0.17521783475941258,1.0,0.6278545692009172,1.0,0.5522412294570751,1.0,0.14875820788850672,1.0,0.19118046132971506,1.0,1.0,0.3265108671744471,32.65108671744471,5899,933,79330.0,7.0,6.2,25.1,271,84.7,3.6111111111111107,5540,1059,18.4,13.6,41.11498257839721,7.017543859649122,10.645872181725716,84.74215842636895,20.598591549295776,4.66294982260517,19.833870147482624,28.01493466,10.89845826687932,48.24518042511122,90.48378522062733,8.0,14.25,18.25,7.875,10.375,6.25,3.0,0.10312075983717772,0.2288488210818308,0.31062670299727524,0.39822404371584696,0.25272479564032696,0.3880597014925373,0.4816076294277929,0.3176144244105409,0.15671641791044777,0.023066485753052923,0.2387755102040816,0.282312925170068,0.8153214774281805,0.3483606557377049,0.48571428571428577,0.8620218579234973,0.578512396694215,0.5013661202185793,0.5346938775510204,0.594392523364486,0.13387978142076506,0.1634877384196185,0.1489071038251366,0.20352781546811397,0.33717774762550884,0.1865671641791045,0.1282225237449118,0.22862957937584802,0.14925373134328357,0.26322930800542743,24,2.375,8.6,16,47
06073016901,0.5920848986794602,1.0,0.48441705173590965,1.0,0.21151662836097804,1.0,0.6412020545923287,1.0,0.5267197091772929,1.0,0.5071159849714367,1.0,0.1028493894165536,1.0,1.0,0.43798653099056567,43.798653099056565,7427,598,125347.0,3.9,2.0,29.5,470,89.4,0.0,7247,982,17.0,13.0,56.622516556291394,1.3883045856121161,13.202900533588727,86.53765250315524,9.012875536480687,5.674603174603175,13.329742830214084,66.1605476,6.4366848969289014,29.65806001395673,96.2978544383677,2.5,16.25,9.75,4.875,5.375,2.5,0.625,0.24898236092265946,0.6588072122052705,0.688692098092643,0.7718579234972678,0.305858310626703,0.7489823609226595,0.6818801089918256,0.6955617198335645,0.028493894165535938,0.042062415196743586,0.4224489795918367,0.35306122448979593,0.5294117647058824,0.790983606557377,0.363265306122449,0.8811475409836066,0.8388429752066116,0.40710382513661203,0.7170068027210884,0.14392523364485976,0.28415300546448086,0.6866485013623977,0.5505464480874317,0.06173677069199457,0.412483039348711,0.08412483039348712,0.07327001356852103,0.15332428765264586,0.07598371777476255,0.12754409769335143,18,1.5,6.8,5,55
06073017044,0.7584714815472462,1.0,0.5052418354221354,1.0,0.7212543497724735,1.0,0.6514571383261654,1.0,0.8243372890423404,1.0,0.7079976970761801,1.0,0.17435549525101765,1.0,1.0,0.620445040919651,62.0445040919651,5674,131,225882.0,3.9,4.7,76.0,122,83.0,0.0,5574,223,12.7,8.3,47.05882352941176,3.371369294605809,11.824505082932049,85.89211618257261,13.277511961722489,2.1816336884830037,4.758547761720127,10.36714375,2.6970954356846475,32.22060957910015,99.32572614107885,9.5,19.75,14.875,9.0,6.25,7.5,2.375,0.83921302578019,0.9889042995839112,0.688692098092643,0.5170765027322404,0.9380108991825613,0.11804613297150611,0.41212534059945505,0.6955617198335645,0.14925373134328357,0.8568521031207599,0.9197278911564626,0.9591836734693877,0.719562243502052,0.5956284153005464,0.41768707482993195,0.8729508196721312,0.7382920110192838,0.7322404371584699,0.963265306122449,0.8635514018691589,0.6147540983606558,0.6185286103542234,0.8907103825136612,0.2856173677069199,0.582089552238806,0.16078697421981003,0.15128900949796473,0.16689280868385345,0.1784260515603799,0.21438263229308005,28,0.5,4.4,17,60
06073017049,0.668098177372871,1.0,0.4405715344622334,1.0,0.6319312528267753,1.0,0.6870045254090962,1.0,0.5735545288462716,1.0,0.3857769638133242,1.0,0.07815468113975577,1.0,1.0,0.4950130948386183,49.501309483861824,2945,217,120486.0,3.2,4.0,44.1,117,88.9,0.0,2794,282,16.7,11.8,31.98198198198198,6.866952789699571,6.504621704895584,72.85407725321889,11.036789297658862,0.0,39.72835314091681,45.57560672,3.2188841201716736,38.70967741935484,91.63090128755364,6.5,18.25,9.25,6.375,2.625,3.125,0.0,0.6913161465400272,0.6130374479889042,0.797683923705722,0.5703551912568305,0.529291553133515,0.1078697421981004,0.6634877384196185,0.6955617198335645,0.7991858887381276,0.7618724559023067,0.4687074829931973,0.49795918367346936,0.9247606019151847,0.35519125683060104,0.7918367346938775,0.6762295081967213,0.7947658402203857,0.9405737704918032,0.19999999999999996,0.35887850467289717,0.5573770491803278,0.4168937329700273,0.1830601092896175,0.13636363636363635,0.510854816824966,0.08005427408412483,0.1044776119402985,0.06241519674355495,0.09701492537313433,0.046811397557666216,19,1.0,7.1,11,58
06073008310,0.7601383546868613,1.0,0.47030813138842736,1.0,0.5642441779968432,1.0,0.6510270473038624,1.0,0.7329109139043498,1.0,0.5840356258344377,1.0,0.5318860244233379,1.0,1.0,0.6135071822197313,61.35071822197313,6538,158,172399.0,6.2,0.0,77.9,166,64.2,0.0,6320,442,11.5,10.3,69.85294117647058,0.0,10.477210156011013,92.5111925111925,12.859884836852206,4.173166926677068,8.718262465585806,16.565028,4.884004884004884,28.270042194092827,97.19169719169719,10.5,19.75,63.125,28.625,28.5,36.25,8.5,0.7964721845318861,0.9015256588072122,0.37465940054495916,0.967896174863388,0.952316076294278,0.18860244233378562,0.07220708446866485,0.6955617198335645,0.06309362279511532,0.4979647218453188,0.9843537414965986,0.7115646258503401,0.19699042407660738,0.950136612021858,0.4965986394557823,0.9603825136612022,0.7534435261707989,0.5655737704918034,0.8612244897959184,0.7514018691588785,0.3907103825136612,0.728882833787466,0.6325136612021858,0.3310719131614654,0.582089552238806,0.5468113975576662,0.5345997286295794,0.5413839891451832,0.5434192672998643,0.4932157394843962,103,4.375,3.8,21,52
06073015100,0.454557493077249,1.0,0.575475106766676,1.0,0.48595127331801113,1.0,0.47681163010381433,1.0,0.4653205922940383,1.0,0.5409054361906463,1.0,0.6549525101763908,1.0,1.0,0.5219962917038322,52.19962917038322,4811,230,103244.0,7.5,5.7,37.3,365,83.7,0.0,4531,403,16.5,11.4,59.55555555555555,4.934770277935337,11.340421096518657,61.25921724333523,30.066445182724255,6.1734965407131455,20.16212845562253,27.81580585,2.3255813953488373,33.023027927486524,94.6114577424844,18.5,21.25,98.5,48.625,49.125,58.125,14.5,0.6716417910447761,0.44105409153952846,0.2745231607629428,0.43101092896174864,0.43528610354223435,0.5861601085481682,0.43869209809264303,0.6955617198335645,0.3344640434192673,0.5671641791044777,0.4884353741496599,0.5537414965986395,0.44322845417236667,0.4672131147540983,0.44625850340136053,0.5505464480874317,0.3663911845730028,0.3729508196721312,0.5238095238095238,0.5981308411214954,0.6516393442622951,0.5858310626702997,0.38524590163934425,0.6377204884667571,0.6594301221166893,0.6478968792401628,0.6621438263229308,0.6797829036635007,0.641112618724559,0.6438263229308006,150,8.75,6.6,33,51
06073016608,0.7687156953002345,1.0,0.3549055515246195,1.0,0.564904143475572,1.0,0.7879236950212796,1.0,0.8581240375024412,1.0,0.5140396460247266,1.0,0.2662143826322931,1.0,1.0,0.5878324502115951,58.783245021159516,2471,88,143882.0,2.3,5.1,34.6,200,84.9,9.210526315789473,2387,316,17.8,13.0,54.166666666666664,0.0,8.036080360803608,91.12207151664612,9.67741935483871,0.0,3.6422501011736137,20.68450529,0.9864364981504316,53.65853658536586,97.04069050554871,10.5,18.0,26.75,14.75,13.125,10.625,3.625,0.9077340569877883,0.7850208044382802,0.8985013623978202,0.48360655737704916,0.3930517711171662,0.23812754409769335,0.494550408719346,0.1705963938973648,0.8792401628222524,0.7116689280868385,0.31564625850340133,0.35306122448979593,0.5813953488372092,0.950136612021858,0.6802721088435374,0.9398907103825137,0.8195592286501377,0.9405737704918032,0.9714285714285714,0.7009345794392523,0.8387978142076502,0.08446866485013627,0.6188524590163934,0.3310719131614654,0.5020352781546812,0.24830393487109906,0.2808683853459973,0.2856173677069199,0.2198100407055631,0.296472184531886,42,2.375,7.1,17,56
06073020021,0.40656693984578607,1.0,0.430065398507065,1.0,0.25321744708738314,1.0,0.4404894077341192,1.0,0.5413664114867807,1.0,0.32722611833256404,1.0,0.3093622795115333,1.0,1.0,0.3868991432150331,38.68991432150331,5534,575,79604.0,2.4,9.2,25.5,294,96.0,9.401709401709402,5019,593,18.6,13.7,62.264150943396224,15.478366849482022,4.901070974768561,50.09140767824497,21.514423076923077,5.089647194910353,24.213950126490783,17.43621655,3.1078610603290677,46.27791563275434,92.01706276660573,14.0,12.5,33.75,15.5,13.0,19.375,3.125,0.26865671641791045,0.231622746185853,0.888283378746594,0.23770491803278693,0.255449591280654,0.44843962008141114,0.9325613079019074,0.16782246879334262,0.22320217096336503,0.2971506105834464,0.2204081632653061,0.27210884353741494,0.36114911080711354,0.12158469945355188,0.8693877551020408,0.4098360655737705,0.5509641873278237,0.45628415300546443,0.4217687074829932,0.7364485981308411,0.5669398907103825,0.20572207084468663,0.20901639344262296,0.5027137042062415,0.2734056987788331,0.3120759837177748,0.29918588873812757,0.28222523744911804,0.378561736770692,0.2747625508819539,47,2.5,12.2,23,24
06073020024,0.5982495360825257,1.0,0.42748395033678693,1.0,0.38134720645381626,1.0,0.538545071097444,1.0,0.8631177368733802,1.0,0.32493063930951993,1.0,0.4033921302578019,1.0,1.0,0.505295181487325,50.5295181487325,4220,230,99254.0,5.5,1.3,37.4,290,79.5,0.0,3961,688,15.7,14.0,86.13333333333333,2.146464646464646,7.4605451936872305,74.68434343434343,6.756756756756757,2.342786683107275,9.004739336492891,2.588674549,9.91161616161616,45.38653366583541,96.65404040404042,12.5,12.0,42.25,22.75,13.0,28.125,4.375,0.6716417910447761,0.406380027739251,0.4686648501362398,0.8463114754098361,0.4380108991825613,0.4416553595658073,0.2970027247956403,0.6955617198335645,0.47896879240162826,0.19063772048846672,0.6176870748299319,0.23809523809523814,0.019151846785225746,0.7103825136612022,0.7197278911564626,0.7049180327868853,0.9049586776859504,0.7199453551912569,0.8462585034013606,0.9813084112149533,0.16530054644808745,0.22615803814713897,0.5833333333333334,0.44301221166892807,0.2496607869742198,0.4287652645861601,0.48236092265943015,0.28222523744911804,0.5013568521031208,0.32225237449118044,43,2.0,7.8,23,24
06073020025,0.23920006778914996,1.0,0.5164139905001021,1.0,0.30477944230609477,1.0,0.34178044454533624,1.0,0.40893286260636474,1.0,0.5749517329005425,1.0,0.4169606512890095,1.0,1.0,0.4004313131338,40.04313131338,5250,773,82796.0,6.3,11.3,38.7,414,89.7,0.0,4923,637,17.7,12.5,68.87323943661971,5.186385737439222,20.22644406064095,60.66990815775256,38.501742160278745,2.4248813916710596,40.761904761904766,35.29558183,2.2690437601296596,46.326211568525274,98.97352782279849,10.5,12.0,44.0,23.0,14.5,28.75,4.375,0.16146540027137046,0.26490984743411927,0.364441416893733,0.1659836065573771,0.4536784741144414,0.6709633649932157,0.6975476839237057,0.6955617198335645,0.23948439620081408,0.2347354138398915,0.3285714285714286,0.4163265306122449,0.21477428180574554,0.44672131147540983,0.16054421768707483,0.5450819672131147,0.2286501377410468,0.7131147540983607,0.1986394557823129,0.4953271028037384,0.657103825136612,0.20299727520435973,0.8647540983606558,0.3310719131614654,0.2496607869742198,0.44843962008141114,0.4864314789687924,0.3229308005427408,0.5047489823609227,0.32225237449118044,45,3.0,9.0,18,24
06073020106,0.3991538681330124,1.0,0.4896860991172837,1.0,0.4773096484183904,1.0,0.5646021809410001,1.0,0.7104743431432619,1.0,0.35965689413002583,1.0,0.4010854816824966,1.0,1.0,0.4859955022236387,48.59955022236387,3768,418,116850.0,11.6,4.7,18.1,369,91.9,0.0,3472,293,17.7,14.1,65.74585635359117,4.533091568449683,7.755102040816326,80.41704442429737,28.02547770700637,2.475685234305924,11.94267515923567,3.721219664,4.533091568449683,53.027522935779814,96.46418857660925,15.0,10.75,41.0,23.375,13.625,26.875,3.75,0.40909090909090906,0.5852981969486823,0.08514986376021794,0.5170765027322404,0.1335149863760218,0.5922659430122117,0.7874659400544959,0.6955617198335645,0.6085481682496607,0.7462686567164178,0.3285714285714286,0.22585034013605443,0.2653898768809849,0.4986338797814208,0.7034013605442178,0.7909836065573771,0.40633608815427,0.7062841530054644,0.7591836734693878,0.9700934579439252,0.4221311475409836,0.09673024523160767,0.5601092896174863,0.5291723202170964,0.20013568521031208,0.41655359565807326,0.49050203527815467,0.3039348710990502,0.4918588873812754,0.30257801899592945,37,2.0,10.0,25,23
06073009305,0.3155120535422487,1.0,0.8308841835033789,1.0,0.40196443570644,1.0,0.269175335021542,1.0,0.5372610850290479,1.0,0.7438617650124328,1.0,0.8549525101763908,1.0,1.0,0.5648016239987831,56.48016239987831,6104,970,134102.0,12.6,6.4,57.8,1109,92.3,0.0,5700,637,16.9,9.8,58.44346549192364,11.762208067940552,23.976109215017065,41.31634819532909,27.533460803059274,3.285420944558522,14.580602883355176,41.91661481,1.8259023354564756,27.482128673550438,98.30148619957538,25.5,27.75,183.125,87.5,89.375,118.125,30.0,0.0949796472184532,0.7198335644937587,0.06198910081743869,0.38524590163934425,0.7104904632152589,0.9905020352781547,0.803133514986376,0.6955617198335645,0.1275440976933514,0.2347354138398915,0.4387755102040817,0.8068027210884354,0.4637482900136799,0.19808743169398912,0.10612244897959189,0.3087431693989071,0.418732782369146,0.6366120218579234,0.6843537414965987,0.4093457943925234,0.7158469945355191,0.7397820163487738,0.7759562841530054,0.8270013568521031,0.9586160108548168,0.8439620081411127,0.8493894165535957,0.8873812754409769,0.8432835820895522,0.8507462686567164,197,18.25,6.9,45,52
06073009306,0.5507135177099738,1.0,0.7414628852386954,1.0,0.5555543248507001,1.0,0.4680403556771546,1.0,0.36009024413116103,1.0,0.9062526366988779,1.0,0.8411126187245591,1.0,1.0,0.6318895118615888,63.18895118615888,5589,208,155329.0,6.0,8.8,61.9,471,87.4,0.0,5132,364,15.8,9.9,40.85532302092811,4.179918218991367,21.567912488605288,47.88732394366197,39.1812865497076,2.9113365681517425,26.12274109858651,62.09085252,1.1812812358019082,16.930807885581757,100.0,20.0,27.5,174.875,84.875,85.125,114.375,30.625,0.7048846675712348,0.8460471567267683,0.39645776566757496,0.25546448087431695,0.7602179836512262,0.751696065128901,0.6130790190735694,0.6955617198335645,0.2075983717774763,0.6275440976933514,0.6020408163265306,0.7850340136054421,0.8221614227086184,0.5341530054644809,0.1333333333333333,0.3825136612021858,0.221763085399449,0.674863387978142,0.3755102040816326,0.16822429906542058,0.8155737704918032,0.9346049046321526,0.9685792349726776,0.680461329715061,0.9477611940298507,0.8276797829036635,0.835820895522388,0.8548168249660787,0.8297150610583447,0.8575305291723202,197,16.75,6.7,36,52
06073018613,0.661926951810875,1.0,0.324908879997498,1.0,0.44860922659430125,1.0,0.26559633384425063,1.0,0.48296874795562067,1.0,0.45226644431540125,1.0,0.3541383989145183,1.0,1.0,0.42720214049035216,42.720214049035214,3572,149,81042.0,3.3,1.7,24.2,289,92.7,20.0,2954,421,19.4,12.9,72.76051188299817,7.385892116182573,20.348021330339602,52.033195020746895,17.404129793510325,7.73353751914242,33.034714445688685,16.24144368,5.145228215767634,38.839285714285715,96.59751037344398,10.0,6.5,35.25,15.875,20.875,13.125,7.75,0.8086838534599728,0.24826629680998613,0.7826975476839237,0.8080601092896175,0.23773841961852862,0.43826322930800543,0.8228882833787466,0.06657420249653256,0.757123473541384,0.5373134328358209,0.13537414965986394,0.36462585034013606,0.13953488372093026,0.32650273224043713,0.15782312925170072,0.4385245901639344,0.6336088154269972,0.27459016393442626,0.2666666666666667,0.7570093457943925,0.3715846994535519,0.41144414168937327,0.5737704918032787,0.30868385345997285,0.07530529172320218,0.3256445047489824,0.3100407055630936,0.42130257801899595,0.25848032564450474,0.4552238805970149,38,2.0,11.0,19,17
06073009510,0.23873748912286072,1.0,0.5834013228499949,1.0,0.5565694255992764,1.0,0.2120260551799828,1.0,0.48461639097138687,1.0,0.49457274310984056,1.0,0.8116689280868385,1.0,1.0,0.48308462213145437,48.30846221314544,4109,521,60497.0,10.7,5.5,23.3,790,80.6,0.0,3087,204,24.9,10.9,92.91866028708135,1.6267123287671232,28.802186878727635,2.054794520547945,8.200455580865604,21.293800539083556,10.221465076660987,56.26633479,3.8527397260273974,37.285491419656786,96.1472602739726,13.0,25.5,163.625,81.625,77.875,106.25,28.0,0.3093622795115333,0.07350901525658807,0.11920980926430513,0.4528688524590164,0.22547683923705722,0.9416553595658074,0.33174386920980925,0.6955617198335645,0.7137042062415198,0.8792401628222524,0.006802721088435382,0.6265306122448979,0.008207934336525335,0.7622950819672132,0.0653061224489796,0.012295081967213115,0.8677685950413223,0.03415300546448086,0.8122448979591836,0.22429906542056077,0.4918032786885246,0.4591280653950953,0.5327868852459017,0.46404341926729986,0.8419267299864315,0.8005427408412483,0.8188602442333786,0.8154681139755766,0.8039348710990502,0.819538670284939,199,16.125,13.4,22,52
06073012501,0.04460955357290464,1.0,0.6158691854197323,1.0,0.2601004716676358,1.0,0.3830155050964343,1.0,0.24721551637088798,1.0,0.2906833330851734,1.0,0.6862957937584803,1.0,1.0,0.3611127655673213,36.11127655673213,3905,997,40000.0,16.1,16.6,11.0,431,94.6,0.0,3435,601,19.4,19.5,57.29847494553377,16.955941255006675,8.092189500640206,34.979973297730304,46.646341463414636,2.600780234070221,63.76440460947504,78.45675171,17.95727636849132,23.431498079385406,79.90654205607477,21.5,21.5,115.375,51.375,51.5,75.0,17.25,0.08819538670284943,0.009708737864077669,0.02452316076294281,0.05601092896174864,0.025204359673024524,0.6933514246947082,0.8896457765667575,0.6955617198335645,0.6227951153324287,0.2795115332428765,0.13537414965986394,0.0027210884353741083,0.5020519835841313,0.10792349726775952,0.6775510204081633,0.24453551912568305,0.1391184573002755,0.6980874316939891,0.0993197278911565,0.0523364485981308,0.032786885245901676,0.829700272479564,0.009562841530054645,0.7204884667571235,0.6709633649932157,0.6906377204884667,0.6784260515603799,0.6879240162822252,0.6940298507462687,0.680461329715061,166,15.75,18.6,36,48
06073012502,0.24717055025766158,1.0,0.5535531479600024,1.0,0.24461251257626526,1.0,0.24099567390814502,1.0,0.18677295421471463,1.0,0.22839644039447496,1.0,0.6967435549525102,1.0,1.0,0.34260640489482486,34.26064048948248,4789,593,61936.0,5.4,11.3,16.7,595,98.5,8.333333333333332,4258,618,19.0,15.2,57.73524720893142,22.89085545722714,15.021459227467812,24.07079646017699,39.103869653767816,5.09518477043673,79.13969513468365,92.96826385,9.43952802359882,45.613249776186215,93.21533923303835,13.5,22.0,124.5,56.875,53.25,80.625,17.375,0.2523744911804613,0.08599167822468794,0.4843324250681199,0.1659836065573771,0.11103542234332425,0.8554952510176391,0.9795640326975477,0.19001386962552014,0.4097693351424695,0.2598371777476255,0.16938775510204085,0.1394557823129252,0.49247606019151846,0.03688524590163933,0.2857142857142857,0.1489071038251366,0.22314049586776863,0.4521857923497268,0.0680272108843537,0.0037383177570093906,0.18579234972677594,0.22070844686648505,0.2786885245901639,0.4864314789687924,0.6987788331071914,0.7021709633649932,0.6960651289009498,0.6926729986431479,0.7103120759837178,0.6824966078697422,176,16.875,14.9,25,49
06073013420,0.28270762031952335,1.0,0.4690234159112223,1.0,0.6688115544725353,1.0,0.23128669500587123,1.0,0.5010589831652664,1.0,0.700267516366145,1.0,0.6316146540027135,1.0,1.0,0.49782434846332535,49.782434846332535,3174,476,79757.0,4.9,25.0,36.7,209,87.7,2.922077922077922,2819,259,16.2,11.5,74.00346620450607,12.084592145015106,14.63726430169383,41.893252769385704,56.34517766497462,0.0,35.28670447385003,15.706285,2.8197381671701915,32.511923688394276,99.29506545820746,20.0,17.75,91.875,46.25,36.375,58.125,14.75,0.3419267299864315,0.23439667128987518,0.5504087193460491,0.004098360655737654,0.42779291553133514,0.25848032564450474,0.6226158038147139,0.3356449375866851,0.7964721845318861,0.8005427408412483,0.5360544217687075,0.5421768707482993,0.11764705882352944,0.18715846994535523,0.30340136054421774,0.31693989071038253,0.05785123966942152,0.9405737704918032,0.2394557823129252,0.7663551401869159,0.6065573770491803,0.6062670299727521,0.8879781420765027,0.680461329715061,0.4891451831750339,0.6316146540027137,0.6431478968792401,0.5956580732700135,0.641112618724559,0.6465400271370421,150,12.125,9.6,38,47
06073019808,0.8315606555124067,1.0,0.4936554460906162,1.0,0.4893027903155835,1.0,0.5874111138927549,1.0,0.5794350187619703,1.0,0.5857150479196757,1.0,0.3599728629579376,1.0,1.0,0.5610075622072779,56.10075622072779,4584,72,109675.0,0.0,0.8,53.6,340,87.7,0.0,4473,770,11.5,11.8,31.54121863799283,5.8329836340746954,13.93979057591623,73.43684431389006,23.856209150326798,8.906727828746178,10.471204188481677,12.50777847,0.0,49.8744769874477,97.44020142677297,10.0,9.0,38.25,15.625,20.125,15.625,6.375,0.9362279511533242,0.49791955617198336,0.9931880108991825,0.8989071038251366,0.6491825613079019,0.5345997286295794,0.6226158038147139,0.6955617198335645,0.3493894165535957,0.12550881953867032,0.9843537414965986,0.49795918367346936,0.9274965800273598,0.40437158469945356,0.3292517006802721,0.6885245901639344,0.49586776859504134,0.19672131147540983,0.8027210884353742,0.822429906542056,0.967896174863388,0.13487738419618533,0.6543715846994536,0.30868385345997285,0.15128900949796473,0.3677069199457259,0.30257801899592945,0.4118046132971506,0.3147896879240163,0.40298507462686567,51,4.0,3.9,17,22
06073014901,0.2129859647239851,1.0,0.6482235148377894,1.0,0.35578946639714226,1.0,0.22740611875707203,1.0,0.34160457772230746,1.0,0.5598747785172943,1.0,0.7525101763907733,1.0,1.0,0.4426277996209092,44.26277996209092,4994,565,83018.0,8.4,14.0,46.3,336,90.3,0.0,4512,519,18.0,12.7,64.9953574744661,12.291105121293802,20.80148729601322,39.02964959568733,45.79288025889968,5.6939501779359425,21.425710853023627,47.47977598,6.954177897574124,26.614481409001954,97.52021563342318,20.0,22.25,137.25,67.625,64.125,85.625,23.875,0.2754409769335142,0.26629680998613037,0.21457765667574935,0.09562841530054644,0.5538147138964578,0.5305291723202171,0.717983651226158,0.6955617198335645,0.33921302578018997,0.4002713704206241,0.29047619047619044,0.39319727891156464,0.2900136798905609,0.18442622950819676,0.14829931972789112,0.28688524590163933,0.1460055096418733,0.40300546448087426,0.4884353741496599,0.3289719626168224,0.2581967213114754,0.7574931880108992,0.6639344262295082,0.680461329715061,0.7109905020352781,0.7408412483039348,0.7645861601085482,0.7564450474898237,0.7381275440976933,0.762550881953867,190,16.125,8.9,36,51
06073016503,0.44990932204618894,1.0,0.43743047801857154,1.0,0.4949242654999585,1.0,0.43122874006636586,1.0,0.413596720388961,1.0,0.5527984991289587,1.0,0.5381275440976934,1.0,1.0,0.47400222417809973,47.40022241780997,2912,234,109023.0,6.0,8.9,20.9,216,90.9,10.344827586206897,2687,355,18.2,13.8,48.818897637795274,13.564668769716087,13.448275862068964,59.93690851735016,34.21926910299003,8.38150289017341,19.230769230769234,28.6372122,3.995793901156677,34.568896051571315,97.37118822292324,22.0,18.5,58.75,30.375,32.75,30.625,9.625,0.66078697421981,0.49375866851595007,0.39645776566757496,0.24863387978142082,0.19346049046321526,0.2781546811397558,0.7431880108991825,0.15672676837725386,0.8175033921302578,0.6438263229308006,0.2578231292517007,0.2605442176870748,0.6867305061559508,0.15573770491803274,0.34965986394557824,0.5327868852459017,0.2796143250688705,0.23360655737704916,0.5523809523809524,0.5887850467289719,0.4781420765027322,0.5272479564032697,0.6530054644808743,0.7333785617367707,0.519674355495251,0.5291723202170964,0.5454545454545454,0.5664857530529173,0.5149253731343284,0.5345997286295794,87,6.25,8.7,42,51
06073017022,0.5593758283638041,1.0,0.5458571265661183,1.0,0.5344928880643166,1.0,0.5937779457951691,1.0,0.5224378101475533,1.0,0.6154650764580635,1.0,0.27272727272727276,1.0,1.0,0.5205905640174711,52.05905640174711,5695,241,135848.0,5.4,6.5,61.4,364,79.6,0.0,5545,526,13.8,10.0,60.798548094373864,2.8927458834000888,8.879082082965578,74.89986648865154,19.42215088282504,2.473958333333333,21.59789288849868,49.90665837,6.275033377837117,28.521889900303428,98.79839786381842,9.0,21.75,26.375,13.875,13.375,13.125,4.0,0.6438263229308006,0.7309292649098474,0.4843324250681199,0.3784153005464481,0.7520435967302452,0.582089552238806,0.29836512261580383,0.6955617198335645,0.15468113975576658,0.39077340569877883,0.8319727891156463,0.7605442176870748,0.41039671682626544,0.6434426229508197,0.6095238095238096,0.7117486338797814,0.6005509641873279,0.7076502732240437,0.4843537414965986,0.297196261682243,0.29371584699453557,0.7193460490463215,0.8333333333333334,0.26119402985074625,0.6858887381275441,0.24287652645861602,0.2591587516960651,0.29172320217096337,0.25848032564450474,0.3113975576662144,49,2.125,4.8,15,62
06073009901,0.9845404997318021,0.75,0.4236224367503964,1.0,0.7763734666186692,1.0,0.44417029106724665,0.75,0.6770865881718603,0.75,0.6554827206265541,1.0,0.5417910447761194,1.0,1.0,0.643295292534664,64.3295292534664,1310,0,,0.0,0.0,53.9,350,61.6,0.0,13,9,19.5,5.5,,0.0,33.51145038167939,44.44444444444444,,0.0,6.106870229007633,64.64219042,0.0,63.7239165329053,100.0,1.0,19.0,70.25,31.75,27.5,46.25,8.0,0.9925373134328358,,0.9931880108991825,0.967896174863388,0.6539509536784741,0.5529172320217096,0.055858310626702996,0.6955617198335645,0.9918588873812755,0.989145183175034,0.12585034013605445,0.998639455782313,,0.950136612021858,0.03401360544217691,0.3483606557377049,,0.9405737704918032,0.9374149659863945,0.15327102803738313,0.967896174863388,0.02997275204359673,0.9685792349726776,0.035278154681139755,0.5481682496607869,0.5644504748982361,0.5508819538670285,0.5359565807327001,0.5909090909090909,0.46675712347354137,125,6.5,7.2,2,48
06073017045,0.8142905593657745,1.0,0.5029155611704067,1.0,0.950431515889938,1.0,0.9196470553528312,1.0,0.8702425004381513,1.0,0.6817622330419937,1.0,0.1502035278154681,1.0,1.0,0.6984989932963661,69.84989932963661,2293,44,228750.0,6.0,0.8,79.4,42,87.8,0.0,2256,109,11.8,8.3,36.17021276595745,0.0,4.497816593886463,92.44332493702771,5.762711864406779,1.9753086419753085,6.541648495420846,9.433727442,1.0075566750629723,38.507109004739334,98.36272040302268,7.5,18.75,13.75,8.0,5.5,6.25,1.125,0.9715061058344641,0.9902912621359223,0.39645776566757496,0.8989071038251366,0.9611716621253406,0.021709633649932156,0.6267029972752044,0.6955617198335645,0.898236092265943,0.9674355495251018,0.9768707482993197,0.9591836734693877,0.8837209302325582,0.950136612021858,0.8857142857142857,0.9590163934426229,0.9201101928374655,0.7595628415300546,0.926530612244898,0.874766355140187,0.8333333333333334,0.4250681198910081,0.7868852459016393,0.1791044776119403,0.5332428765264586,0.14450474898236093,0.13161465400271372,0.15943012211668928,0.14925373134328357,0.16621438263229307,26,1.0,3.9,14,59
06073013503,0.24765988956224988,1.0,0.4474853255874409,1.0,0.24869714507241159,1.0,0.37948104899603763,1.0,0.5987720246974763,1.0,0.7253415920946183,1.0,0.6563093622795115,1.0,1.0,0.47196376975567805,47.19637697556781,6247,525,104500.0,9.9,14.7,32.1,545,74.4,6.415929203539823,5699,598,18.1,13.4,61.23456790123457,11.052072263549416,11.759868421052632,56.96068012752391,26.687598116169546,2.081165452653486,24.811909716663997,12.73179838,0.5844845908607864,33.34618350038551,97.76833156216792,16.5,18.5,98.0,49.5,46.0,56.875,16.375,0.30597014925373134,0.4521497919556172,0.1478201634877384,0.08469945355191255,0.35149863760217986,0.8236092265943012,0.1880108991825613,0.2288488210818308,0.12890094979647215,0.28629579375848035,0.27414965986394557,0.30544217687074826,0.39398084815321477,0.21311475409836067,0.42448979591836733,0.48633879781420764,0.43388429752066116,0.7472677595628415,0.40272108843537413,0.811214953271028,0.9030054644808743,0.5749318801089918,0.6980874316939891,0.573270013568521,0.519674355495251,0.6458616010854816,0.6689280868385346,0.6621438263229308,0.635685210312076,0.6689280868385346,155,12.875,10.1,26,51
06073020017,0.20350746913736914,1.0,0.30433544959057984,1.0,0.39527178578351296,1.0,0.20869323711184817,1.0,0.30313003789441073,1.0,0.44743353037228945,1.0,0.43270013568521026,1.0,1.0,0.3278673779393172,32.78673779393172,3013,380,73312.0,11.7,12.4,20.6,179,74.7,0.0,2674,363,20.7,16.4,72.8169014084507,15.233644859813083,13.224821973550355,32.149532710280376,65.06550218340611,0.0,50.116163292399605,69.15992533,8.037383177570094,28.539823008849556,94.76635514018692,10.0,11.5,45.125,19.375,22.125,21.875,6.375,0.4450474898236092,0.15950069348127602,0.07970027247956402,0.1297814207650273,0.1880108991825613,0.20488466757123475,0.1927792915531335,0.6955617198335645,0.8208955223880597,0.6295793758480326,0.06734693877551023,0.06326530612244896,0.1354309165526676,0.12568306010928965,0.3605442176870748,0.21311475409836064,0.02203856749311295,0.9405737704918032,0.14149659863945574,0.108411214953271,0.21857923497267762,0.717983651226158,0.4057377049180328,0.30868385345997285,0.23609226594301222,0.46675712347354137,0.41383989145183175,0.44301221166892807,0.4369063772048847,0.40298507462686567,64,4.5,14.0,19,24
06073015403,0.5656206480197625,1.0,0.581810164201819,1.0,0.7932187393274813,1.0,0.7651192673028037,1.0,0.6715434013221276,1.0,0.42090647846220275,1.0,0.5780189959294436,1.0,1.0,0.6251768135093773,62.51768135093773,2580,80,160625.0,6.3,12.7,54.9,277,85.8,0.0,2458,229,14.0,10.8,47.107438016528924,2.6506024096385543,6.140691799455888,84.57831325301206,40.78947368421053,0.4796163069544364,12.015503875968992,10.71561917,2.891566265060241,40.998959417273674,93.97590361445783,20.0,18.0,73.25,35.75,38.125,39.375,11.25,0.9185888738127544,0.8599167822468793,0.364441416893733,0.11953551912568305,0.6655313351498637,0.40094979647218454,0.5463215258855586,0.6955617198335645,0.8710990502035278,0.8473541383989145,0.8163265306122449,0.638095238095238,0.7181942544459644,0.6680327868852459,0.8163265306122449,0.8579234972677595,0.19421487603305787,0.8756830601092896,0.7564625850340136,0.8598130841121495,0.5956284153005464,0.34468664850136244,0.3224043715846995,0.680461329715061,0.5020352781546812,0.5712347354138398,0.576662143826323,0.6078697421981004,0.5563093622795116,0.5780189959294437,110,8.125,4.6,37,51
06073010103,0.10612855248569887,1.0,0.5524434357928358,1.0,0.10088056932406611,1.0,0.3912077850583619,1.0,0.22505317582730786,1.0,0.21304030613004568,1.0,0.523473541383989,1.0,1.0,0.30174676657175786,30.174676657175787,6497,1488,66222.0,8.9,13.7,12.3,804,85.9,0.0,5641,909,19.3,16.6,62.225705329153605,9.011893870082343,8.522550544323483,41.07959743824337,54.275741710296685,5.080330004342162,36.01662305679544,66.62103298,4.071363220494053,54.29458433942739,88.38060384263495,18.0,17.25,64.5,27.25,26.0,41.25,8.125,0.02170963364993217,0.11234396671289876,0.19141689373297,0.09904371584699456,0.04223433242506812,0.9457259158751696,0.5497275204359673,0.6955617198335645,0.13907734056987786,0.06648575305291726,0.14693877551020407,0.05102040816326525,0.36251709986320113,0.26366120218579236,0.6353741496598639,0.30327868852459017,0.06887052341597799,0.4576502732240437,0.23537414965986392,0.1383177570093458,0.47267759562841527,0.08174386920980925,0.08469945355191257,0.6227951153324288,0.45861601085481685,0.5481682496607869,0.5210312075983717,0.5162822252374492,0.5630936227951153,0.4687924016282225,93,9.5,15.2,35,44
06073018504,0.5300208930912036,1.0,0.44704600506192266,1.0,0.2668921164123723,1.0,0.47772804890160414,1.0,0.32647922631947524,1.0,0.5290136140518058,1.0,0.4398914518317503,1.0,1.0,0.43101019366716203,43.1010193667162,6885,234,96023.0,8.5,1.0,42.8,589,62.5,0.0,5585,610,17.7,13.3,67.22173531989483,6.215360253365003,6.013395457192778,54.43388756927949,19.851576994434136,4.354411207875804,95.86056644880173,66.65836963,5.740300870942201,31.273472174803686,97.07046714172604,13.0,7.5,43.125,18.5,26.625,15.0,9.875,0.66078697421981,0.37447988904299584,0.20708446866485009,0.8777322404371585,0.5081743869209809,0.8493894165535957,0.06130790190735695,0.6955617198335645,0.14789687924016282,0.27069199457259163,0.3285714285714286,0.3204081632653061,0.2448700410396717,0.38661202185792354,0.819047619047619,0.4603825136612022,0.5922865013774105,0.5341530054644809,0.04489795918367345,0.1345794392523364,0.32377049180327866,0.6430517711171662,0.6202185792349727,0.46404341926729986,0.10379918588873813,0.44097693351424694,0.378561736770692,0.5251017639077341,0.30325644504748983,0.5515603799185889,40,3.0,8.1,24,17
06073020801,0.7230665522176232,1.0,0.43063206904470874,1.0,0.42182708904457306,1.0,0.7542753147770737,1.0,0.6200427321417256,1.0,0.3911533479251352,1.0,0.026594301221166895,1.0,1.0,0.4810844866245723,48.108448662457235,5146,199,148688.0,4.7,1.9,37.5,534,83.4,0.0,4508,574,15.7,12.6,26.683291770573565,4.502501389660923,6.1794414735591205,77.70983879933297,25.563909774436087,3.590568060021436,6.412747765254567,36.52769135,0.6114508060033352,70.68480300187618,92.82934963868816,2.0,8.75,1.625,1.625,0.5,0.0,0.0,0.7198100407055631,0.8085991678224688,0.5783378746594006,0.7855191256830601,0.44073569482288827,0.8147896879240163,0.43460490463215257,0.6955617198335645,0.3419267299864315,0.3222523744911805,0.6176870748299319,0.40544217687074835,0.9548563611491108,0.5013661202185793,0.8122448979591836,0.7486338797814208,0.45867768595041325,0.6147540983606558,0.9319727891156463,0.47476635514018695,0.9016393442622951,0.013623978201634857,0.2581967213114754,0.051560379918588875,0.14654002713704206,0.01967435549525102,0.022388059701492536,0.027137042062415198,0.016960651289009497,0.046811397557666216,3,0.5,6.0,4,33
06073018608,0.6988501639870572,1.0,0.4288307893396916,1.0,0.5520260478682653,1.0,0.7880835502329029,1.0,0.5744649383113933,1.0,0.5286190398197367,1.0,0.35617367706919945,1.0,1.0,0.561006886661178,56.100688666117804,3223,128,133026.0,1.8,7.7,36.0,214,97.7,0.0,2966,611,15.4,11.6,24.031007751937985,4.724409448818897,6.019236735960285,87.30314960629921,55.41666666666667,1.2633624878522838,12.721067328575861,23.23584319,2.1653543307086616,55.064935064935064,98.81889763779527,7.0,6.0,36.75,16.75,19.625,13.125,7.75,0.8453188602442334,0.710124826629681,0.9257493188010899,0.31420765027322406,0.4196185286103542,0.2747625508819539,0.9673024523160763,0.6955617198335645,0.7544097693351425,0.2672998643147897,0.6571428571428571,0.5292517006802722,0.9616963064295485,0.4808743169398907,0.817687074829932,0.8920765027322405,0.06749311294765836,0.8292349726775956,0.7319727891156462,0.6691588785046729,0.6707650273224044,0.07629427792915533,0.8387978142076503,0.1546811397557666,0.06105834464043419,0.34260515603799185,0.3256445047489824,0.3989145183175034,0.25848032564450474,0.4552238805970149,44,2.0,6.8,14,17
06073005900,0.663770709477951,1.0,0.518723970095094,1.0,0.7141497983182419,1.0,0.389812863765407,1.0,0.286243946903689,1.0,0.4313403612215423,1.0,0.8709633649932156,1.0,1.0,0.5535721449678773,55.35721449678773,3194,247,82686.0,2.6,0.8,66.4,337,66.7,100.0,2905,337,16.1,9.5,52.679589509692136,1.378982406086543,26.588310038119438,14.645744174988112,36.53846153846153,3.884826325411334,54.16405760801503,61.24455507,17.59391345696624,20.499679692504806,94.48407037565383,22.0,27.0,202.375,91.375,86.75,134.375,29.875,0.6309362279511533,0.2635228848821082,0.861716621253406,0.8989071038251366,0.8317438692098093,0.5325644504748982,0.09332425068119891,0.001386962552011095,0.7706919945725916,0.6791044776119404,0.5564625850340136,0.8503401360544218,0.6169630642954856,0.7937158469945356,0.08163265306122447,0.06693989071038252,0.2520661157024794,0.5915300546448088,0.12380952380952381,0.17757009345794394,0.03551912568306015,0.888283378746594,0.3702185792349727,0.7333785617367707,0.9199457259158752,0.8853459972862958,0.8663500678426052,0.864314789687924,0.8907734056987788,0.8480325644504749,190,23.0,6.1,38,51
06073020500,0.4281204369224759,1.0,0.4358344024499799,1.0,0.3477581941867656,1.0,0.47071256256982397,1.0,0.24986202746321054,1.0,0.21983616483772825,1.0,0.36947082767978284,1.0,1.0,0.3602278023013953,36.02278023013953,4261,605,83523.0,2.4,7.8,20.0,286,94.7,4.390243902439024,3513,490,18.7,15.2,43.962848297213625,10.641509433962264,10.280594199481255,47.69811320754717,23.25056433408578,8.240997229916898,85.19126965501056,60.59738643,4.226415094339623,51.016260162601625,88.37735849056604,16.0,12.5,36.875,23.625,11.75,25.625,3.125,0.24151967435549526,0.27461858529819694,0.888283378746594,0.30806010928961747,0.17438692098092642,0.4314789687924016,0.8957765667574932,0.2843273231622746,0.5997286295793758,0.44572591587516963,0.20612244897959187,0.1394557823129252,0.7729138166894665,0.2213114754098361,0.508843537414966,0.3797814207650273,0.5096418732782368,0.24863387978142082,0.05986394557823127,0.18130841121495322,0.45628415300546443,0.11989100817438691,0.08333333333333333,0.5556309362279511,0.2734056987788331,0.34599728629579374,0.4932157394843962,0.25508819538670285,0.47829036635006783,0.2747625508819539,29,1.0,13.4,27,28
06073019001,0.543261339962878,1.0,0.16887202693780304,1.0,0.30666472830651936,1.0,0.7311278819572054,1.0,0.5465617639669132,1.0,0.3903046410863447,1.0,0.03188602442333786,1.0,1.0,0.3883826295201431,38.838262952014304,6507,339,133157.0,6.6,3.4,37.0,97,75.2,4.824561403508771,6272,756,14.5,13.8,49.7737556561086,6.409681757059614,2.6871699285492388,88.34603316898252,15.568862275449103,13.08920919361122,11.679729522053172,25.31425016,3.809950694755715,37.69926755708746,92.29045271178845,0.0,1.0,3.5,3.0,0.5,0.0,0.0,0.49660786974219806,0.7115117891816921,0.33719346049046317,0.6277322404371585,0.4318801089918256,0.08683853459972862,0.20231607629427792,0.27184466019417475,0.06919945725915877,0.13364993215739485,0.763265306122449,0.2605442176870748,0.6730506155950753,0.37431693989071035,0.9768707482993197,0.9002732240437158,0.6804407713498623,0.09699453551912574,0.7714285714285715,0.6373831775700934,0.49590163934426235,0.44550408719346046,0.22950819672131148,0.009497964721845319,0.010854816824966078,0.032564450474898234,0.03595658073270014,0.027137042062415198,0.016960651289009497,0.046811397557666216,9,0.0,6.4,0,4
06073009505,0.5979889547705981,1.0,0.4614515204244332,1.0,0.4386721309962248,1.0,0.5931147087123069,1.0,0.6639585809683695,1.0,0.8552595008015565,1.0,0.6781546811397557,1.0,1.0,0.6126571539733207,61.265715397332066,6286,122,121960.0,6.3,4.3,58.6,488,74.8,9.01639344262295,6121,874,13.7,10.0,63.670411985018724,0.8187967248131008,9.529880478087648,69.34852260590958,30.369127516778523,3.0710835058661146,7.317849188673242,18.49408836,0.7831968672125312,17.56924348904506,98.29120683517266,7.5,22.75,105.375,51.75,52.125,65.625,17.625,0.8541383989145184,0.6282940360610264,0.364441416893733,0.5450819672131147,0.717983651226158,0.7686567164179104,0.19618528610354224,0.1747572815533981,0.07598371777476254,0.07598371777476254,0.8421768707482993,0.7605442176870748,0.32558139534883723,0.8510928961748634,0.5619047619047619,0.6338797814207651,0.3608815426997245,0.6653005464480874,0.9006802721088435,0.7289719626168225,0.8702185792349727,0.9250681198910082,0.7704918032786885,0.1791044776119403,0.73202170963365,0.669606512890095,0.6818181818181818,0.689280868385346,0.664179104477612,0.6858887381275441,174,8.375,4.9,15,55
06073016504,0.0854478717655716,1.0,0.6526146444017605,1.0,0.14089570699378803,1.0,0.21224060726082275,1.0,0.23263705320941594,1.0,0.28856280678766943,1.0,0.5597014925373134,1.0,1.0,0.3103000261366203,31.030002613662027,6521,1292,70394.0,12.6,13.7,20.0,651,94.9,0.0,5565,638,21.5,15.2,69.98037933289731,10.3878733838609,16.242087386135555,27.15113687026304,42.659758203799655,4.390451832907076,51.52583959515412,70.13067828,13.330361123495319,30.527926549349655,90.3254569772626,21.5,18.75,65.25,32.25,36.125,35.625,10.25,0.042062415196743586,0.13869625520110956,0.06198910081743869,0.09904371584699456,0.17438692098092642,0.8887381275440976,0.9032697547683923,0.6955617198335645,0.15196743554952508,0.23134328358208955,0.04081632653061229,0.1394557823129252,0.19151846785225723,0.22814207650273222,0.25034013605442174,0.17896174863387979,0.17355371900826444,0.5259562841530054,0.13197278911564625,0.09906542056074763,0.07103825136612019,0.6580381471389646,0.1366120218579235,0.7204884667571235,0.5332428765264586,0.5522388059701493,0.5563093622795116,0.5902306648575305,0.5393487109905021,0.5603799185888738,96,6.75,14.5,38,51
06073007905,0.5862605318814088,1.0,0.4121437671395582,1.0,0.7746060975272063,1.0,0.355724602078727,1.0,0.4636783442863184,1.0,0.3809527354665158,1.0,0.5613297150610583,1.0,1.0,0.5049565419201132,50.495654192011315,2674,345,123571.0,7.4,0.4,71.8,433,60.2,59.74025974025974,2368,139,17.7,8.6,47.90307548928239,3.716690042075736,31.75018698578908,20.336605890603085,5.607476635514018,18.187033849684454,67.31488406881077,14.31238332,3.0855539971949506,46.038863976083704,94.3899018232819,9.0,19.25,76.375,36.0,30.5,45.625,9.125,0.49118046132971505,0.644244105409154,0.27997275204359673,0.9296448087431695,0.8896457765667575,0.6967435549525102,0.05108991825613079,0.01109570041608876,0.8833107191316146,0.9457259158751696,0.3285714285714286,0.9408163265306122,0.7004103967168263,0.5628415300546448,0.04625850340136051,0.1133879781420765,0.9214876033057852,0.05464480874316935,0.0897959183673469,0.788785046728972,0.5724043715846995,0.21389645776566757,0.35655737704918034,0.26119402985074625,0.5630936227951153,0.5807327001356852,0.5793758480325645,0.5461329715061058,0.582089552238806,0.5183175033921302,122,6.5,6.4,15,51
06073007910,0.6715436859540499,1.0,0.5681039245307169,1.0,0.7669080386564395,1.0,0.4498796735621431,1.0,0.3520964367954592,1.0,0.7146459006467047,1.0,0.5709633649932158,1.0,1.0,0.5848772893055327,58.487728930553274,3021,260,103250.0,3.3,1.2,79.1,880,60.2,0.0,2885,213,16.9,7.7,45.00393391030684,1.7241379310344827,19.596160211850382,20.44334975369458,24.691358024691358,10.867178924259056,139.35782853359817,15.14623522,5.295566502463054,24.183976261127597,100.0,7.5,19.25,77.375,37.0,31.125,46.25,9.75,0.6058344640434192,0.4431345353675451,0.7826975476839237,0.8545081967213115,0.9577656675749319,0.9620081411126187,0.05108991825613079,0.6955617198335645,0.7747625508819539,0.8704206241519674,0.4387755102040817,0.9836734693877551,0.761969904240766,0.7513661202185793,0.17142857142857137,0.11475409836065574,0.47107438016528924,0.13661202185792354,0.023129251700680253,0.7775700934579439,0.35655737704918034,0.8188010899182561,0.9685792349726776,0.1791044776119403,0.5630936227951153,0.587516960651289,0.5814111261872456,0.5495251017639078,0.5909090909090909,0.5454545454545454,124,6.5,5.5,12,51
06073014902,0.577293402362081,1.0,0.49529723344337545,1.0,0.6101039330250417,1.0,0.44816947747455826,1.0,0.38235856718362704,1.0,0.6071132552125985,1.0,0.7431478968792401,1.0,1.0,0.551926252225789,55.1926252225789,3018,120,74792.0,4.0,3.7,35.1,224,88.7,5.4945054945054945,2675,243,17.4,12.4,72.71750805585391,1.6238159675236805,8.53413654618474,36.129905277401896,27.835051546391753,0.0,53.6779324055666,78.66832607,5.7510148849797025,20.49071618037135,96.9553450608931,19.0,22.5,135.375,66.0,63.875,83.125,23.25,0.858887381275441,0.17753120665742025,0.6716621253405994,0.6010928961748634,0.4025885558583106,0.2876526458616011,0.6525885558583107,0.2524271844660194,0.819538670284939,0.8276797829036635,0.3659863945578231,0.42721088435374155,0.14227086183310533,0.7636612021857924,0.6340136054421769,0.2527322404371585,0.4132231404958677,0.9405737704918032,0.12517006802721087,0.05046728971962622,0.3210382513661202,0.8896457765667575,0.610655737704918,0.6546811397557666,0.7218453188602443,0.7367706919945726,0.7544097693351425,0.7544097693351425,0.7184531886024423,0.751696065128901,190,15.625,7.7,35,51
06073000201,0.694284617117578,1.0,0.5843511809412577,1.0,0.8319914804456382,1.0,0.635227751031789,1.0,0.3905338590390592,1.0,0.37587414322796464,1.0,0.837584803256445,1.0,1.0,0.6214068335799617,62.140683357996174,2270,152,124722.0,4.1,3.1,76.4,89,74.1,0.0,2254,246,12.9,10.4,46.275752773375594,0.7627118644067797,8.986784140969164,45.2542372881356,34.13461538461539,6.4234734337827115,18.061674008810574,47.18108276,12.54237288135593,25.252525252525253,92.62711864406779,18.5,28.75,181.0,81.75,83.125,117.5,29.125,0.8039348710990502,0.6546463245492372,0.6580381471389646,0.66051912568306,0.9427792915531336,0.07327001356852103,0.18119891008174388,0.6955617198335645,0.9002713704206241,0.8222523744911805,0.9088435374149659,0.6965986394557824,0.734610123119015,0.8579234972677596,0.5959183673469388,0.3524590163934426,0.2837465564738292,0.3579234972677595,0.5877551020408163,0.33271028037383177,0.08879781420765032,0.7901907356948229,0.24863387978142076,0.6377204884667571,0.9755766621438263,0.8398914518317503,0.8215739484396201,0.8466757123473542,0.8398914518317503,0.8398914518317503,188,17.75,4.5,35,52
06073002711,0.42881700400961975,1.0,0.621623483042345,1.0,0.5194936726386619,1.0,0.2474087595388899,1.0,0.48711913248003597,1.0,0.5961929790602681,1.0,0.9484396200814112,1.0,1.0,0.5498706644073189,54.987066440731894,3645,215,84607.0,5.1,9.9,25.5,400,80.0,0.0,3041,220,19.8,12.8,74.33774834437085,6.628242074927954,17.06437291897891,38.13640730067243,24.53531598513011,1.606805293005671,18.381344307270233,70.32980709,1.0566762728146013,39.98862343572241,96.63784822286263,33.0,25.75,227.125,111.75,106.375,146.25,37.875,0.6974219810040705,0.2829403606102635,0.5245231607629428,0.2103825136612022,0.255449591280654,0.6478968792401628,0.3079019073569482,0.6955617198335645,0.7327001356852103,0.8616010854816825,0.10476190476190472,0.3789115646258503,0.1108071135430917,0.3674863387978142,0.2326530612244898,0.2786885245901639,0.47796143250688705,0.7964480874316939,0.5768707482993197,0.09719626168224305,0.8278688524590164,0.3801089918256131,0.5806010928961749,0.9647218453188603,0.8582089552238806,0.9491180461329715,0.9599728629579376,0.9518317503392131,0.9301221166892809,0.9511533242876526,209,24.375,13.1,62,51
06073003304,0.10610338042551345,1.0,0.5660024656912621,1.0,0.42395051643452497,1.0,0.22038083437721256,1.0,0.21198009153634043,1.0,0.060012507258676934,1.0,0.937584803256445,1.0,1.0,0.3608592284257108,36.08592284257108,3319,644,41735.0,8.9,22.9,17.0,360,87.2,4.247104247104247,3046,253,20.3,16.4,80.71428571428572,18.727915194346288,9.049360146252285,25.795053003533567,56.39269406392694,4.472573839662447,50.01506477854775,66.84505289,14.929328621908128,51.79127725856698,83.56890459363959,35.5,25.0,226.25,110.0,96.5,151.25,35.625,0.21370420624151965,0.011095700416088766,0.19141689373297,0.008196721311475419,0.11989100817438691,0.5705563093622795,0.6069482288828338,0.2926490984743412,0.7299864314789688,0.8127544097693351,0.0897959183673469,0.06326530612244896,0.046511627906976716,0.07786885245901642,0.5904761904761905,0.16666666666666666,0.05509641873278237,0.5191256830601093,0.1428571428571429,0.13084112149532712,0.049180327868852514,0.10626702997275206,0.02459016393442623,0.9918588873812755,0.8141112618724559,0.9457259158751696,0.9497964721845319,0.9206241519674355,0.9497964721845319,0.9219810040705563,202,22.375,18.0,62,51
06073007908,0.6022565339198369,1.0,0.5289682014652668,1.0,0.7577942846066513,1.0,0.4044058168444656,1.0,0.35127724185663334,1.0,0.7378811115577989,1.0,0.6241519674355496,1.0,1.0,0.5723907368123147,57.23907368123147,3215,180,94432.0,3.9,3.7,60.0,810,84.3,21.1864406779661,2655,117,18.2,7.8,50.07407407407407,2.2356495468277946,18.708661417322833,13.111782477341391,76.5625,5.103211009174312,31.415241057542765,23.82078407,3.927492447129909,24.70076169749728,99.5166163141994,11.0,20.25,91.875,44.125,40.125,55.625,12.625,0.751696065128901,0.36754507628294036,0.688692098092643,0.6010928961748634,0.7384196185286104,0.9477611940298507,0.4611716621253406,0.06241331484049928,0.8263229308005428,0.966078697421981,0.2578231292517007,0.9809523809523809,0.667578659370725,0.7035519125683061,0.1891156462585034,0.05737704918032787,0.008264462809917328,0.4480874316939891,0.28707482993197275,0.6616822429906541,0.48360655737704916,0.8065395095367848,0.9234972677595629,0.3568521031207598,0.60719131614654,0.6316146540027137,0.6289009497964722,0.6166892808683854,0.6289009497964722,0.6146540027137042,142,7.75,6.3,17,52
06073014806,0.43595575071225556,1.0,0.46957963983578677,1.0,0.3125748806985481,1.0,0.28972507416996535,1.0,0.4653934664631863,1.0,0.3189338554617511,1.0,0.8047489823609226,1.0,1.0,0.44241594995748795,44.2415949957488,3277,803,67500.0,4.8,0.6,20.4,255,67.4,0.0,2939,625,20.8,14.7,61.52716593245228,6.790123456790123,13.29249617151608,13.39506172839506,21.49122807017544,1.5197568389057752,30.51571559353067,58.80522713,11.481481481481481,24.570200573065904,83.9506172839506,20.5,24.75,162.375,77.75,76.5,103.75,28.25,0.14111261872455905,0.11927877947295423,0.5640326975476839,0.9193989071038251,0.18392370572207084,0.34531886024423336,0.10013623978201634,0.6955617198335645,0.7639077340569878,0.25101763907734054,0.06258503401360549,0.17278911564625854,0.38440492476060195,0.3579234972677595,0.3564625850340136,0.060109289617486336,0.5523415977961432,0.8039617486338798,0.30340136054421774,0.20186915887850465,0.1202185792349727,0.8106267029972752,0.025956284153005466,0.694708276797829,0.7978290366350068,0.7964721845318861,0.8005427408412483,0.8046132971506106,0.7957937584803256,0.8263229308005428,197,17.875,13.0,38,51
06073008363,0.3366451422168616,1.0,0.6568600448456643,1.0,0.4603741496598639,1.0,0.11894639098491094,1.0,0.8076015006587365,1.0,0.5793739422184502,1.0,0.37924016282225237,1.0,1.0,0.4770059047723914,47.70059047723914,5631,2214,76500.0,8.0,0.8,69.2,839,88.2,0.0,5394,242,20.9,9.9,65.06575185820469,13.404689092762487,44.06109613656783,7.033639143730887,6.884057971014493,4.19921875,8.701829160007104,8.189172371,12.996941896024463,22.666123114553606,98.57288481141691,6.5,21.0,38.25,19.75,17.625,19.375,5.0,0.0013568521031207537,0.19972260748959778,0.2465940054495913,0.8989071038251366,0.8610354223433242,0.9579375848032564,0.6410081743869209,0.6955617198335645,0.17096336499321574,0.8290366350067843,0.05646258503401358,0.7850340136054421,0.28727770177838574,0.1598360655737705,0.004081632653061273,0.02459016393442623,0.8994490358126722,0.5642076502732241,0.8639455782312925,0.902803738317757,0.0806010928961749,0.8474114441416893,0.8101092896174863,0.13636363636363635,0.6492537313432836,0.3677069199457259,0.4287652645861601,0.36702849389416553,0.378561736770692,0.3541383989145183,62,2.125,13.7,12,62
06073009511,0.4321815595267531,1.0,0.5688966016261314,1.0,0.5297065230434101,1.0,0.25124069071013844,1.0,0.5523647215971705,1.0,0.7270501729674463,1.0,0.8370420624151966,1.0,1.0,0.5569260474123209,55.69260474123209,4222,430,78102.0,3.6,6.5,35.0,540,82.4,1.9920318725099602,3454,119,24.7,11.6,87.83930510314875,0.8238928939237898,21.925391095066185,1.6477857878475797,9.764309764309765,14.07079646017699,8.289909995262908,40.39825762,0.7209062821833162,29.268292682926827,96.80741503604531,15.0,26.75,173.25,83.875,84.5,113.125,30.125,0.3948439620081411,0.21636615811373092,0.7391008174386922,0.3784153005464481,0.39850136239782014,0.8188602442333786,0.39850136239782014,0.36061026352288483,0.6173677069199457,0.9640434192672999,0.008163265306122436,0.5292517006802722,0.01641586867305067,0.8497267759562841,0.1278911564625851,0.01092896174863388,0.8168044077134986,0.08196721311475408,0.8789115646258503,0.4317757009345794,0.8838797814207651,0.6989100817438691,0.5983606557377049,0.5291723202170964,0.9077340569877883,0.8229308005427408,0.8324287652645862,0.8507462686567164,0.8256445047489823,0.8534599728629579,200,16.125,14.2,29,52
06073008364,0.42263186430518823,1.0,0.6995850191813182,1.0,0.6755316644975493,1.0,0.4042312216537397,1.0,0.4089025065207168,1.0,0.6209035005434701,1.0,0.3932157394843962,1.0,1.0,0.5178573594551968,51.78573594551968,4440,1035,106875.0,5.6,2.9,85.6,656,92.7,0.0,4270,253,16.3,8.2,46.31178707224334,3.956521739130435,31.614654002713706,39.26086956521739,22.112211221122113,12.7134724857685,31.306306306306304,20.11200996,10.565217391304348,27.236580516898606,100.0,8.0,20.0,39.625,20.5,17.625,20.0,5.0,0.07937584803256448,0.478502080443828,0.4502724795640327,0.6823770491803278,0.989100817438692,0.8921302578018996,0.8228882833787466,0.6955617198335645,0.40569877883310723,0.8127544097693351,0.5183673469387755,0.9653061224489796,0.73187414500684,0.5491803278688525,0.04761904761904767,0.28825136612021857,0.534435261707989,0.10245901639344257,0.2884353741496599,0.7102803738317758,0.14617486338797814,0.7479564032697548,0.9685792349726776,0.20352781546811397,0.5943012211668928,0.39552238805970147,0.4552238805970149,0.36702849389416553,0.3941655359565807,0.3541383989145183,62,2.125,7.1,14,57
06073008366,0.7850494599331124,1.0,0.5480429214979592,1.0,0.5608642778685422,1.0,0.7054795745976622,1.0,0.7346552009626123,1.0,0.7390846870455571,1.0,0.1293080054274084,1.0,1.0,0.6003548753332649,60.035487533326496,7106,89,207135.0,5.4,1.9,81.1,330,89.0,5.530973451327434,6922,632,11.4,8.0,61.858974358974365,2.7766266058847906,4.032372568507738,87.07003729796934,8.05523590333717,6.581494386372436,5.066141289051505,15.48226509,0.9946125155408205,36.19961612284069,99.33692498963946,11.5,17.75,14.0,8.375,4.75,5.625,0.5,0.9050203527815468,0.9653259361997226,0.4843324250681199,0.7855191256830601,0.9754768392370572,0.5189959294436907,0.667574931880109,0.2510402219140083,0.037991858887381325,0.24151967435549526,0.9891156462585035,0.9748299319727891,0.37072503419972636,0.657103825136612,0.9088435374149659,0.8852459016393442,0.871900826446281,0.3401639344262295,0.9564625850340136,0.7700934579439253,0.837431693989071,0.4850136239782016,0.894808743169399,0.3860244233378562,0.4891451831750339,0.14925373134328357,0.1390773405698779,0.1255088195386703,0.13704206241519673,0.09565807327001356,25,0.5,3.9,21,60
06073016607,0.633427733041958,1.0,0.3663587955739766,1.0,0.2529961509705646,1.0,0.5518304252696122,1.0,0.6155319149540953,1.0,0.5419601157417747,1.0,0.3639077340569878,1.0,1.0,0.47514469565842427,47.514469565842425,7167,553,143331.0,3.6,2.3,35.3,362,71.2,23.15270935960591,7002,916,16.8,12.1,55.391120507399584,9.427062169849656,8.976034858387798,80.78017066233238,11.96105702364395,2.727272727272727,10.185572764057486,60.14934661,3.4538805363673304,38.488576449912124,97.5619666802113,14.0,18.5,36.0,17.625,19.5,17.5,6.125,0.28086838534599734,0.7780859916782247,0.7391008174386922,0.735655737704918,0.41076294277929154,0.5759837177747625,0.13215258855585832,0.0568654646324549,0.0325644504748982,0.06309362279511532,0.4571428571428572,0.4591836734693877,0.5554035567715458,0.25546448087431695,0.5986394557823129,0.7978142076502732,0.7727272727272727,0.6912568306010929,0.8149659863945579,0.18317757009345792,0.5273224043715847,0.42779291553133514,0.6707650273224044,0.5027137042062415,0.519674355495251,0.3337856173677069,0.35345997286295794,0.39620081411126185,0.3385345997286296,0.39755766621438265,54,4.0,6.6,25,54
06073002902,0.2489895257525763,1.0,0.5621853411299774,1.0,0.3879867822298526,1.0,0.3697719537681638,1.0,0.3675493642536386,1.0,0.40195326652868973,1.0,0.9145183175033921,1.0,1.0,0.46470779302375576,46.470779302375576,6007,883,81220.0,6.8,7.9,48.5,597,60.2,6.779661016949152,5553,438,18.4,10.7,69.34673366834171,7.443609022556391,10.336700336700337,53.00751879699248,47.27272727272727,4.350952894642215,32.46212751789579,32.42065961,4.8120300751879705,30.82216588192684,90.52631578947368,25.5,25.25,206.0,102.5,99.75,133.75,36.625,0.11601085481682494,0.2524271844660194,0.3276566757493188,0.29986338797814205,0.5858310626702997,0.8575305291723202,0.05108991825613079,0.22330097087378642,0.15332428765264583,0.5061058344640434,0.2387755102040816,0.6537414965986394,0.2065663474692202,0.32513661202185795,0.5047619047619047,0.4426229508196721,0.1322314049586777,0.5368852459016393,0.27210884353741494,0.5289719626168224,0.3989071038251366,0.6553133514986376,0.15163934426229508,0.8270013568521031,0.8283582089552238,0.8948439620081411,0.9219810040705563,0.9294436906377205,0.8873812754409769,0.9389416553595658,203,23.375,8.8,47,51
06073002903,0.3365691879849527,1.0,0.5672033617020561,1.0,0.47293818477187344,1.0,0.4101818462802582,1.0,0.4627990648908256,1.0,0.4333070283845288,1.0,0.8944369063772051,1.0,1.0,0.5110622257702429,51.10622257702428,4517,537,96153.0,6.4,7.6,25.0,435,67.3,0.0,4178,225,18.0,13.3,82.00934579439252,8.834586466165414,8.112994350282486,71.74185463659147,20.052770448548813,1.6635859519408502,32.32233783484614,59.25326696,3.007518796992481,45.35637149028078,95.80200501253134,25.0,25.5,201.0,100.625,96.0,128.75,33.375,0.2930800542740841,0.37725381414701803,0.3549046321525886,0.3210382513661202,0.2506811989100817,0.7008141112618724,0.09741144414168937,0.6955617198335645,0.4294436906377205,0.8514246947082769,0.29047619047619044,0.3204081632653061,0.0369357045143639,0.2691256830601093,0.6748299319727891,0.6598360655737705,0.5853994490358126,0.7868852459016393,0.2789115646258503,0.19999999999999996,0.5819672131147541,0.228882833787466,0.4890710382513661,0.8168249660786974,0.8419267299864315,0.8792401628222524,0.9090909090909091,0.9172320217096337,0.8704206241519674,0.8962008141112618,204,22.125,10.3,45,51
06073016401,0.4923955496775454,1.0,0.4609183081489152,1.0,0.33733420098025646,1.0,0.5993203591005598,1.0,0.5306637648722177,1.0,0.37941166252239644,1.0,0.3289009497964722,1.0,1.0,0.44699211358548047,44.69921135854805,5194,168,111250.0,7.3,6.4,25.8,271,83.2,0.0,4580,593,17.1,13.3,53.92857142857142,6.21301775147929,9.00137876698838,82.7810650887574,21.837088388214905,4.031800113571834,24.64381979206777,28.16428127,6.449704142011835,39.09395973154363,95.38461538461539,16.5,16.5,34.5,13.75,20.625,13.75,5.375,0.7801899592944369,0.5187239944521498,0.28542234332425065,0.38524590163934425,0.2608991825613079,0.3880597014925373,0.42302452316076294,0.6955617198335645,0.32157394843962006,0.2971506105834464,0.4102040816326531,0.3204081632653061,0.5896032831737346,0.3879781420765027,0.5931972789115647,0.8265027322404371,0.5454545454545454,0.5792349726775956,0.40544217687074835,0.5925233644859813,0.2814207650273224,0.40599455040871935,0.45081967213114754,0.573270013568521,0.42469470827679784,0.3175033921302578,0.25576662143826323,0.41926729986431477,0.27544097693351427,0.37652645861601086,43,3.5,7.6,29,51
06073016100,0.41498939192321255,1.0,0.4594323228407871,1.0,0.22366460831279594,1.0,0.521127551287385,1.0,0.4073393149175514,1.0,0.5072580565109711,1.0,0.6359565807327001,1.0,1.0,0.45282397521791473,45.282397521791474,6199,527,114228.0,4.9,9.1,33.4,419,77.4,6.042296072507553,5947,803,17.7,13.0,80.88495575221238,2.9914529914529915,7.359449270611375,73.17188983855651,23.371647509578544,5.64516129032258,18.228746572027745,67.16863721,0.0,43.28018223234624,93.11490978157644,18.0,20.25,90.75,44.375,46.25,52.5,14.0,0.30393487109905015,0.5644937586685159,0.5504087193460491,0.24112021857923494,0.3739782016348774,0.6784260515603799,0.23841961852861035,0.23578363384188628,0.10854816824966074,0.10447761194029848,0.3285714285714286,0.35306122448979593,0.045143638850889234,0.6311475409836065,0.727891156462585,0.680327868852459,0.5055096418732783,0.4112021857923497,0.5836734693877551,0.12897196261682242,0.967896174863388,0.2806539509536785,0.273224043715847,0.6227951153324288,0.60719131614654,0.6295793758480326,0.6309362279511533,0.664179104477612,0.6180461329715061,0.6370420624151968,136,8.75,7.9,33,51
06073016202,0.18206650864222665,1.0,0.6099720855832694,1.0,0.42355061427556095,1.0,0.24414197055108738,1.0,0.3417452266060147,1.0,0.3941734538397781,1.0,0.6010854816824966,1.0,1.0,0.3995336201686334,39.953362016863345,3470,549,72342.0,11.7,9.9,26.6,362,91.9,0.0,3009,356,21.0,13.8,56.99626865671642,13.157894736842104,17.40938799762329,16.015037593984964,33.59580052493438,15.609137055837563,0.0,92.53266957,8.721804511278195,29.28430728824688,93.38345864661655,22.5,19.75,78.25,38.0,41.375,45.625,13.0,0.2856173677069199,0.15256588072122051,0.07970027247956402,0.2103825136612022,0.2683923705722071,0.5759837177747625,0.7874659400544959,0.6955617198335645,0.7415196743554953,0.6390773405698779,0.05306122448979589,0.2605442176870748,0.5129958960328318,0.16530054644808745,0.22176870748299315,0.07650273224043716,0.29338842975206614,0.07377049180327866,0.9904761904761905,0.009345794392523366,0.19808743169398912,0.6975476839237057,0.28688524590163933,0.7503392130257802,0.582089552238806,0.5915875169606513,0.5848032564450475,0.6241519674355496,0.582089552238806,0.6227951153324288,118,7.25,12.4,38,51
06073016301,0.126126739655527,1.0,0.5291852980410635,1.0,0.14646226197398904,1.0,0.31724860741093996,1.0,0.293394157351963,1.0,0.24629993597474722,1.0,0.5936227951153323,1.0,1.0,0.3217628279319374,32.17628279319374,5120,1245,63889.0,15.4,7.3,12.5,385,96.0,0.7352941176470588,4682,733,21.8,15.7,75.09803921568627,13.455149501661129,7.347740667976424,38.70431893687707,24.561403508771928,7.050952135872363,48.2421875,55.76851276,14.562569213732004,33.70959466393022,89.92248062015504,21.0,17.5,76.75,39.0,40.75,43.75,12.5,0.04341926729986434,0.0970873786407767,0.02588555858310626,0.33811475409836067,0.04495912806539509,0.6309362279511533,0.9325613079019074,0.38280166435506247,0.30122116689280864,0.14925373134328357,0.03265306122448974,0.1027210884353742,0.09575923392612862,0.1584699453551912,0.7306122448979592,0.28415300546448086,0.47658402203856753,0.3114754098360656,0.15374149659863945,0.23177570093457944,0.05601092896174864,0.5626702997275204,0.12021857923497267,0.7103120759837178,0.4735413839891452,0.5827679782903663,0.5881953867028494,0.6207598371777476,0.5685210312075983,0.6078697421981004,111,7.25,14.0,35,51
06073016302,0.0980644951374586,1.0,0.5715088407472563,1.0,0.12168771171969464,1.0,0.12243520740358667,1.0,0.1957088447097232,1.0,0.45487708640431207,1.0,0.5359565807327001,1.0,1.0,0.30003410955067594,30.003410955067594,5669,1695,51164.0,6.8,18.9,16.3,431,91.3,0.0,4761,852,21.7,16.1,75.27131782945736,18.289251547552055,18.214672930972174,19.921215531795163,52.718078381795195,6.7191601049868765,58.56412065620039,53.0802738,6.0213843556555995,34.15398388540734,95.94822734946538,22.0,17.0,59.0,28.375,33.25,30.0,9.625,0.009497964721845276,0.030513176144244106,0.3276566757493188,0.024590163934426257,0.10217983651226158,0.6933514246947082,0.7588555858310627,0.6955617198335645,0.2876526458616011,0.08141112618724555,0.036054421768707434,0.08163265306122447,0.09028727770177836,0.08879781420765032,0.19999999999999996,0.11065573770491803,0.07713498622589532,0.32650273224043713,0.11564625850340138,0.26355140186915893,0.3101092896174863,0.5449591280653951,0.5095628415300546,0.7333785617367707,0.44572591587516963,0.5305291723202171,0.5325644504748982,0.5719131614654003,0.5101763907734057,0.5345997286295794,83,6.25,14.5,32,51
06073003208,0.36630743954385164,1.0,0.5740321956299521,1.0,0.28749365417808914,1.0,0.48111791609514565,1.0,0.4245873690431163,1.0,0.4880374522912603,1.0,0.7183175033921302,1.0,1.0,0.4771276471676494,47.71276471676494,6664,809,99464.0,2.5,17.3,19.0,584,92.7,5.793991416309012,5870,1078,16.1,12.1,41.2962962962963,19.12908242612753,7.800880254970405,44.012441679626754,32.516129032258064,11.87756966651439,18.157262905162064,22.40199129,7.776049766718507,31.517241379310345,96.78589942975636,21.5,21.25,127.75,58.375,58.125,83.75,21.125,0.13704206241519679,0.4077669902912621,0.8760217983651226,0.0443989071038251,0.1505449591280654,0.8439620081411127,0.8228882833787466,0.24687933425797504,0.11261872455902311,0.02170963364993217,0.5564625850340136,0.4591836734693877,0.811217510259918,0.07240437158469948,0.6993197278911565,0.34153005464480873,0.31955922865013775,0.11202185792349728,0.5863945578231293,0.6803738317757009,0.23224043715846998,0.6348773841961852,0.5969945355191257,0.7204884667571235,0.6594301221166893,0.7164179104477612,0.7075983717774763,0.7150610583446404,0.7225237449118046,0.7299864314789688,180,16.25,9.7,36,50
06073003209,0.3816756400173008,1.0,0.6029240723376391,1.0,0.4272498823138482,1.0,0.2759447469418572,1.0,0.5500013147552887,1.0,0.5215086384459234,1.0,0.7211668928086838,1.0,1.0,0.4972101696600774,49.72101696600774,5436,270,85700.0,6.0,9.0,28.0,524,92.7,4.086021505376344,5152,455,16.4,11.7,64.92146596858639,14.768883878241262,11.413651622528906,34.89289740698985,23.270440251572328,4.418103448275862,19.49963208241354,25.91163659,5.411499436302142,31.562858234619796,96.73055242390079,22.0,21.5,129.0,59.875,59.125,82.5,21.125,0.5881953867028493,0.29819694868238555,0.39645776566757496,0.2438524590163934,0.28201634877384196,0.8073270013568521,0.8228882833787466,0.30097087378640774,0.20624151967435544,0.48643147896879235,0.5027210884353741,0.5136054421768708,0.292749658002736,0.12841530054644812,0.44217687074829937,0.24043715846994534,0.5082644628099173,0.5232240437158471,0.5442176870748299,0.6242990654205607,0.3422131147540983,0.6335149863760218,0.5887978142076503,0.7333785617367707,0.6709633649932157,0.7218453188602443,0.7170963364993216,0.7211668928086838,0.7157394843962008,0.7299864314789688,182,16.75,10.0,38,50
06073003211,0.3822557681094113,1.0,0.5686350809852537,1.0,0.5655855693702175,1.0,0.6240553445930412,1.0,0.5373728213554141,1.0,0.5510067846915124,1.0,0.7525101763907734,1.0,1.0,0.5687745064993749,56.87745064993749,3094,378,96541.0,4.5,14.1,24.9,205,90.0,0.0,2881,405,15.7,13.4,45.258620689655174,11.1731843575419,5.526826115061409,73.5195530726257,44.680851063829785,4.482390608324439,13.574660633484163,15.74362166,2.2346368715083798,35.63218390804598,95.8659217877095,26.0,21.5,140.625,67.0,60.5,93.125,23.625,0.4470827679782904,0.3814147018030513,0.6076294277929155,0.09289617486338797,0.24931880108991825,0.24830393487109906,0.7091280653950953,0.6955617198335645,0.7788331071913162,0.5603799185888738,0.6176870748299319,0.30544217687074826,0.7564979480164159,0.2090163934426229,0.8408163265306122,0.6898907103825137,0.1584022038567493,0.5177595628415301,0.708843537414966,0.7644859813084113,0.6598360655737705,0.4945504087193461,0.49863387978142076,0.8385345997286295,0.6709633649932157,0.751696065128901,0.7598371777476255,0.7293080054274084,0.7618724559023067,0.7598371777476255,179,16.875,9.8,45,50
06073003212,0.433290589320701,1.0,0.42118660125636564,1.0,0.6008104191473063,1.0,0.4624498770152361,1.0,0.7049043754177424,1.0,0.6203097779961585,1.0,0.7238805970149254,1.0,1.0,0.5666903195954908,56.66903195954907,3748,436,88639.0,5.3,4.7,27.0,214,85.3,19.883040935672515,3291,355,15.0,12.7,82.77511961722487,5.9330143540669855,8.243823845327606,78.2775119617225,16.109422492401215,2.427637721755369,12.540021344717182,20.41070317,4.114832535885168,30.985915492957744,98.08612440191388,23.0,20.5,129.5,59.0,58.625,85.0,21.125,0.38873812754409764,0.3287101248266297,0.49863760217983655,0.5170765027322404,0.2724795640326976,0.2747625508819539,0.5163487738419619,0.0700416088765603,0.6648575305291724,0.6438263229308006,0.7013605442176871,0.39319727891156464,0.03283173734610123,0.3989071038251366,0.6598639455782314,0.7581967213114754,0.6639118457300275,0.7117486338797814,0.7374149659863946,0.7065420560747664,0.4685792349726776,0.6498637602179836,0.7424863387978142,0.7706919945725916,0.6227951153324288,0.7245590230664858,0.7137042062415196,0.7184531886024423,0.7327001356852103,0.7299864314789688,176,16.75,9.0,42,50
06073003213,0.6165910847767,1.0,0.6091898313848535,1.0,0.596195045182252,1.0,0.46722543763979096,1.0,0.7708279496844453,1.0,0.5607352729510678,1.0,0.7325644504748983,1.0,1.0,0.6219041531562868,62.19041531562868,3984,269,137870.0,2.0,9.8,39.2,373,87.4,0.0,3864,562,12.8,10.9,73.25102880658436,7.684824902723736,7.835726883345931,75.58365758754863,15.891472868217054,0.0,9.538152610441768,25.2769135,0.2918287937743191,57.49219562955255,97.66536964980544,18.5,21.0,133.375,62.875,61.75,83.75,21.125,0.5902306648575305,0.7420249653259362,0.9162125340599455,0.21789617486338797,0.4564032697547684,0.6031207598371777,0.6130790190735694,0.6955617198335645,0.5067842605156039,0.33649932157394846,0.9149659863945578,0.6265306122448979,0.12995896032831733,0.31693989071038253,0.6979591836734693,0.7240437158469946,0.6735537190082644,0.9405737704918032,0.8299319727891157,0.6392523364485981,0.9316939890710383,0.06267029972752047,0.6878415300546448,0.6377204884667571,0.6492537313432836,0.7340569877883311,0.7347354138398915,0.7415196743554953,0.7225237449118046,0.7299864314789688,187,17.125,7.0,34,51
06073018512,0.3951044149691722,1.0,0.169550504908351,1.0,0.3834429429845208,1.0,0.4135372181659549,1.0,0.3188494425407429,1.0,0.33352193485306453,1.0,0.4601085481682496,1.0,1.0,0.35344500094143655,35.344500094143655,3719,413,63668.0,4.9,4.7,31.8,34,62.0,31.736526946107784,3625,1081,13.8,15.5,64.81751824817519,3.1730292513634106,20.557208547470925,65.4933068914229,39.33054393305439,8.359836437982734,42.753428340951864,25.40136901,4.51165096678235,42.667844522968196,93.30689142290531,13.0,7.5,43.875,20.0,24.625,18.125,10.375,0.4172320217096337,0.0957004160887656,0.5504087193460491,0.5170765027322404,0.3405994550408719,0.015603799185888738,0.05858310626702997,0.03467406380027738,0.5685210312075983,0.020352781546811416,0.8319727891156463,0.11292517006802716,0.2941176470588235,0.6147540983606558,0.1523809523809524,0.592896174863388,0.22038567493112948,0.23497267759562845,0.1863945578231293,0.6336448598130842,0.42486338797814205,0.2929155313351499,0.2827868852459016,0.46404341926729986,0.10379918588873813,0.44640434192673,0.4443690637720488,0.4918588873812754,0.3521031207598372,0.5658073270013568,41,2.5,6.3,21,17
06073018515,0.650666758749809,1.0,0.5006991229256631,1.0,0.573550614275561,1.0,0.4472709289586975,1.0,0.5110311373244166,1.0,0.5604591950685666,1.0,0.4823609226594302,1.0,1.0,0.5322912399945919,53.22912399945919,5116,104,116161.0,6.1,2.2,49.8,511,76.5,0.0,4793,378,14.7,10.6,69.47852760736197,1.3206550449022716,18.324504610555227,64.87057580559957,5.319148936170213,5.680119581464873,28.342455043002346,44.2688239,7.871104067617539,32.244897959183675,98.837823560486,16.0,8.25,46.5,20.375,26.875,19.375,10.375,0.8907734056987788,0.579750346740638,0.385558583106267,0.7465846994535519,0.5960490463215259,0.7944369063772049,0.22479564032697547,0.6955617198335645,0.2727272727272727,0.6078697421981004,0.7442176870748299,0.6693877551020408,0.20519835841313272,0.7991803278688525,0.1986394557823129,0.5860655737704918,0.9256198347107438,0.40437158469945356,0.3346938775510204,0.3794392523364486,0.22540983606557374,0.6158038147138964,0.8401639344262295,0.5556309362279511,0.13772048846675713,0.4830393487109905,0.4525101763907734,0.5318860244233379,0.378561736770692,0.5658073270013568,46,3.5,5.5,31,17
06073009706,0.43258516974407746,1.0,0.5835199395756311,1.0,0.4228770341243689,1.0,0.737392587610721,1.0,0.6412443836552535,1.0,0.7243377853218386,1.0,0.8062415196743554,1.0,1.0,0.621171202815178,62.1171202815178,7127,491,154217.0,8.3,7.2,72.6,261,73.1,0.0,6983,841,13.0,10.6,47.46987951807229,0.5447470817120622,9.764689305340285,82.06225680933852,20.951302378255946,5.895276455510802,8.278377999158131,19.12881145,2.762645914396887,29.8828125,99.26070038910507,16.0,25.25,160.625,79.375,76.625,102.5,28.875,0.3256445047489823,0.8349514563106796,0.22343324250681196,0.3463114754098361,0.9019073569482289,0.35617367706919945,0.16348773841961853,0.6955617198335645,0.03392130257801895,0.08683853459972868,0.9013605442176871,0.6693877551020408,0.7099863201094392,0.8784153005464481,0.5414965986394558,0.819672131147541,0.5730027548209367,0.3920765027322405,0.8802721088435375,0.719626168224299,0.6092896174863388,0.6771117166212535,0.8866120218579235,0.5556309362279511,0.8283582089552238,0.7924016282225237,0.8086838534599728,0.8066485753052918,0.7869742198100407,0.8364993215739485,199,17.375,4.6,29,52
06073009103,0.768177137005585,1.0,0.5337659229360151,1.0,0.6839328404360387,1.0,0.5595275205011474,1.0,0.5417522432281305,1.0,0.6394484894507229,1.0,0.7264586160108548,1.0,1.0,0.6361518242240708,63.61518242240708,4011,75,144821.0,5.8,0.5,66.4,281,76.7,7.920792079207921,3901,366,13.8,9.9,57.66738660907127,2.1045918367346936,12.31041456016178,68.11224489795919,6.787330316742081,7.273802483737433,27.673896783844427,26.1107654,3.8903061224489797,20.763563295378432,96.23724489795919,22.5,24.25,132.625,63.125,61.75,83.75,18.875,0.932157394843962,0.7933425797503467,0.42166212534059944,0.9255464480874317,0.8317438692098093,0.4185888738127544,0.2295640326975477,0.19556171983356452,0.4952510176390773,0.6234735413839891,0.8319727891156463,0.7850340136054421,0.49658002735978113,0.7158469945355191,0.4,0.6256830601092896,0.9022038567493113,0.2978142076502732,0.3482993197278912,0.6186915887850467,0.4877049180327869,0.885558583106267,0.5450819672131147,0.7503392130257802,0.776797829036635,0.7313432835820896,0.7394843962008141,0.7415196743554953,0.7225237449118046,0.6974219810040706,180,11.75,4.6,43,52
06073008328,0.4214432143054098,0.75,0.45975031852063847,1.0,0.6709476735063089,1.0,0.5599832470159242,1.0,0.6558002956034161,1.0,0.770161750619159,1.0,0.06377204884667571,1.0,1.0,0.5145512212025046,51.455122120250465,7814,381,,9.9,3.0,89.6,75,79.4,0.0,7497,328,11.2,7.7,78.43137254901961,0.0,14.469950993035852,89.6124031007752,9.153005464480875,13.596784996651037,6.654722293319683,14.71064095,3.4496124031007755,22.16919739696312,99.49612403100775,9.5,16.75,8.0,5.5,3.0,1.25,0.0,0.4430122116689281,,0.1478201634877384,0.6734972677595629,1.0,0.04613297150610583,0.2956403269754768,0.6955617198335645,0.01763907734056991,0.689280868385346,0.9931972789115646,0.9836734693877551,0.061559507523939794,0.950136612021858,0.310204081632653,0.9180327868852459,0.8360881542699725,0.08879781420765032,0.9170068027210885,0.7813084112149533,0.5286885245901639,0.8623978201634878,0.9193989071038251,0.2856173677069199,0.4355495251017639,0.06105834464043419,0.08751696065128901,0.07191316146540028,0.051560379918588875,0.046811397557666216,15,1.0,3.7,17,59
06073006500,0.34505636512847704,1.0,0.5542585561171108,0.8333333333333334,0.3319536362713335,1.0,0.23662887000015406,1.0,0.5406794164788927,1.0,0.18939314979427543,1.0,0.753731343283582,1.0,1.0,0.4216716195819751,42.16716195819751,3645,996,72766.0,8.4,0.6,35.8,310,86.2,,3309,780,17.1,15.2,64.19327006039688,6.779661016949152,20.462046204620464,20.46004842615012,16.463414634146343,4.78386167146974,0.0,87.13130056,31.35593220338983,34.09490333919156,81.17433414043583,15.0,24.5,145.125,65.75,64.75,94.375,21.125,0.09090909090909094,0.1553398058252427,0.21457765667574935,0.9193989071038251,0.41825613079019075,0.4762550881953867,0.5626702997275205,,0.6594301221166893,0.11872455902306644,0.4102040816326531,0.1394557823129252,0.3146374829001368,0.360655737704918,0.1551020408163265,0.11612021857923498,0.6542699724517906,0.4918032786885246,0.9904761904761905,0.0261682242990654,0.006830601092896127,0.5463215258855586,0.015027322404371584,0.5291723202170964,0.7849389416553596,0.7639077340569878,0.751696065128901,0.7584803256445047,0.7645861601085482,0.7299864314789688,182,14.0,10.4,27,52
06073008305,0.28142793680639067,1.0,0.5936719908131269,1.0,0.24997046308346949,1.0,0.2268354139215732,1.0,0.5144166855971617,1.0,0.3297101988753393,1.0,0.25508819538670285,1.0,1.0,0.35016012635482346,35.01601263548235,11134,259,41840.0,14.6,5.3,86.2,780,75.5,0.0,10778,984,25.9,8.4,67.45283018867924,2.9723991507431,36.125089863407624,2.335456475583864,38.46153846153847,3.0864197530864197,7.813903359080294,52.23397635,28.450106157112526,11.757105943152455,69.2144373673036,4.5,20.75,28.125,15.25,12.125,13.75,1.625,0.6085481682496607,0.012482662968099861,0.03678474114441421,0.46789617486338797,0.9918256130790191,0.9389416553595658,0.20435967302452315,0.6955617198335645,0.0027137042062415073,0.04070556309362283,0.004081632653061273,0.9523809523809523,0.23939808481532143,0.6325136612021858,0.0217687074829932,0.01366120218579235,0.23002754820936644,0.662568306010929,0.8884353741496599,0.2766355140186916,0.0095628415300546,0.9782016348773842,0.001366120218579235,0.09497964721845319,0.6363636363636364,0.2598371777476255,0.29240162822252375,0.2645861601085482,0.27544097693351427,0.18317503392130258,49,1.625,14.9,8,61
06073004501,0.6412067252616556,1.0,0.7944341880015718,1.0,0.7667585080165038,1.0,0.31298396598441136,1.0,0.4143995046278568,1.0,0.2809269268374999,1.0,0.9308005427408412,1.0,1.0,0.5916443373529058,59.16443373529058,2631,169,78021.0,3.5,1.6,52.0,426,92.7,0.0,2159,135,17.5,9.5,51.95804195804195,4.282933160285529,27.213740458015266,5.515898767034393,31.543624161073826,4.285714285714286,48.270619536297986,26.42190417,11.615833874107723,34.25707547169811,91.7585983127839,34.5,27.5,224.5,103.125,96.25,149.375,35.75,0.7781546811397557,0.21359223300970873,0.752724795640327,0.8203551912568305,0.6301089918256131,0.6858887381275441,0.8228882833787466,0.6955617198335645,0.9145183175033922,0.9504748982360922,0.3517006802721089,0.8503401360544218,0.6333789329685362,0.5245901639344263,0.07210884353741498,0.02185792349726776,0.3402203856749312,0.5519125683060109,0.1523809523809524,0.6130841121495327,0.11065573770491799,0.5422343324250681,0.18989071038251365,0.9843962008141113,0.9477611940298507,0.9389416553595658,0.9260515603799185,0.9185888738127544,0.9443690637720489,0.9260515603799185,200,24.125,8.0,57,51
06073003204,0.44148265607199877,1.0,0.48011249697688346,1.0,0.5723008334948634,1.0,0.708873049791781,1.0,0.4695826713151228,1.0,0.3942553466049245,1.0,0.7112618724559023,1.0,1.0,0.5396955609587823,53.96955609587823,3692,396,112377.0,4.8,9.4,32.9,180,69.4,0.0,3516,367,14.8,13.1,36.597938144329895,6.005459508644222,6.882255389718077,80.61874431301183,27.401129943502823,0.0,91.82015167930662,36.81393902,5.368516833484986,32.5065274151436,92.26569608735214,26.5,21.0,124.625,58.0,54.75,82.5,21.125,0.432157394843962,0.5409153952843273,0.5640326975476839,0.22882513661202186,0.364441416893733,0.20827679782903663,0.11171662125340599,0.6955617198335645,0.5983717774762551,0.6194029850746269,0.7292517006802721,0.3421768707482993,0.8782489740082079,0.39617486338797814,0.7659863945578231,0.7950819672131147,0.42148760330578516,0.9405737704918032,0.048979591836734726,0.4672897196261683,0.3483606557377049,0.6076294277929155,0.226775956284153,0.8514246947082768,0.6492537313432836,0.7042062415196744,0.7055630936227951,0.7008141112618724,0.7157394843962008,0.7299864314789688,175,15.75,8.7,50,49
06073016609,0.6471730399981575,1.0,0.4358834009410852,1.0,0.2411003885950581,1.0,0.6575972287504404,1.0,0.8842706312183748,1.0,0.4511559287880367,1.0,0.305427408412483,1.0,1.0,0.5175154323862337,51.75154323862336,5673,239,127559.0,4.5,3.1,30.5,342,79.2,0.0,5429,712,18.4,12.7,58.80077369439072,1.3392857142857142,8.124103299856527,74.35515873015873,12.191358024691358,0.6407097092163627,7.050943063634761,0.908525202,3.3234126984126986,49.97838305231301,97.61904761904762,8.5,18.75,27.75,15.25,13.625,14.375,5.5,0.6492537313432836,0.6712898751733704,0.6076294277929155,0.66051912568306,0.3235694822888283,0.5379918588873813,0.29223433242506813,0.6955617198335645,0.16417910447761197,0.16824966078697423,0.2387755102040816,0.39319727891156464,0.4610123119015048,0.7964480874316939,0.672108843537415,0.7008196721311475,0.7672176308539945,0.8661202185792349,0.9074829931972789,0.9962616822429906,0.5464480874316939,0.13079019073569487,0.6762295081967213,0.2327001356852103,0.5332428765264586,0.257123473541384,0.29240162822252375,0.3039348710990502,0.2903663500678426,0.38331071913161463,49,2.5,7.3,14,57
06073020108,0.21726913579177068,1.0,0.47847793533704874,1.0,0.2807848512539344,1.0,0.3054203000300387,1.0,0.4123095546116852,1.0,0.19794970295260642,1.0,0.38290366350067845,1.0,1.0,0.32501644906825183,32.501644906825184,4731,772,68516.0,5.5,13.1,18.8,632,92.3,8.450704225352112,4078,594,18.9,14.4,67.88256227758008,12.606697307944845,8.310130648961234,25.21339461588969,34.22459893048128,5.109034267912772,32.33988585922638,24.79153703,5.252790544977019,48.72188139059305,88.1812212738017,18.0,11.5,41.125,24.75,12.375,26.25,2.5,0.16350067842605154,0.1289875173370319,0.4686648501362398,0.10792349726775952,0.14509536784741145,0.8772048846675712,0.803133514986376,0.1865464632454924,0.4518317503392131,0.2944369063772049,0.17823129251700676,0.1986394557823129,0.22982216142270862,0.17622950819672134,0.653061224489796,0.16256830601092895,0.278236914600551,0.44672131147540983,0.27755102040816326,0.6467289719626168,0.3620218579234973,0.1512261580381471,0.08060109289617487,0.6227951153324288,0.23609226594301222,0.41926729986431477,0.5020352781546812,0.27408412483039346,0.4843962008141113,0.23473541383989144,37,2.0,13.7,29,24
06073020109,0.6658243146989953,1.0,0.5002037055365128,1.0,0.30233941609208137,1.0,0.49804381150096333,1.0,0.630479380644678,1.0,0.4259552915134279,1.0,0.31316146540027134,1.0,1.0,0.4765724836267043,47.65724836267043,4683,368,106841.0,1.4,2.0,16.6,280,98.9,0.0,4312,708,17.4,13.6,83.23353293413174,12.605687932359725,3.8353196099674975,84.78093774019985,40.58441558441558,1.289833080424886,16.22891308989964,10.52893591,3.5357417371252886,42.41263762565821,95.46502690238279,17.0,11.0,31.0,19.625,9.375,20.625,2.5,0.4620081411126187,0.47711511789181693,0.952316076294278,0.7718579234972678,0.10762942779291552,0.41383989145183175,0.9829700272479565,0.6955617198335645,0.38670284938941657,0.17435549525101768,0.3659863945578231,0.282312925170068,0.03146374829001364,0.17759562841530052,0.9197278911564626,0.8633879781420765,0.19972451790633605,0.825136612021858,0.6353741496598639,0.8616822429906542,0.5163934426229508,0.30108991825613074,0.4603825136612022,0.5888738127544098,0.21234735413839892,0.2835820895522388,0.4226594301221167,0.21438263229308005,0.41044776119402987,0.23473541383989144,28,1.0,10.5,27,23
06073020202,0.200126459740717,1.0,0.579625151686984,1.0,0.08990991240458193,1.0,0.24666625514101947,1.0,0.3033633355731225,1.0,0.2643374378979864,1.0,0.3389416553595658,1.0,1.0,0.28899574397199673,28.89957439719967,6550,1160,53028.0,4.4,14.9,13.6,659,96.2,0.0,5040,793,22.4,19.1,73.25162220620042,19.42512749188688,8.621484555094513,24.942049142327306,53.95894428152492,3.748326639892905,34.04580152671756,51.69881767,8.344923504867872,44.45178335535007,94.06583217431617,19.5,11.25,33.875,22.0,10.5,21.875,2.5,0.05563093622795112,0.044382801664355064,0.6198910081743869,0.0806010928961749,0.05313351498637602,0.8962008141112618,0.9380108991825613,0.6955617198335645,0.2198100407055631,0.11261872455902311,0.023129251700680253,0.004081632653061273,0.12859097127222985,0.069672131147541,0.6299319727891157,0.15846994535519127,0.07024793388429751,0.6024590163934427,0.25850340136054417,0.28224299065420566,0.20628415300546443,0.25749318801089915,0.3292349726775956,0.6702849389416553,0.22455902306648576,0.3141112618724559,0.4769335142469471,0.23202170963364993,0.4369063772048847,0.23473541383989144,29,1.0,22.1,32,24
06073020206,0.24343719216587617,1.0,0.47517957077079925,1.0,0.303405052658784,1.0,0.24476480832516,1.0,0.4860789851142612,1.0,0.5400542477529121,1.0,0.31316146540027134,1.0,1.0,0.372297331741152,37.2297331741152,4894,617,71250.0,4.8,17.8,14.5,444,96.6,2.147239263803681,3813,465,19.7,15.6,74.09879839786382,19.162141194724594,10.724578015644298,41.89294026377037,38.87240356083086,4.447739065974797,18.389865140988967,26.02364655,2.482544608223429,34.73869126043039,95.50038789759505,16.0,11.0,31.0,19.625,9.375,20.625,2.5,0.23337856173677074,0.1435506241331484,0.5640326975476839,0.032786885245901676,0.0653950953678474,0.7130257801899593,0.9482288828337875,0.35644937586685155,0.5210312075983718,0.47354138398914514,0.11088435374149663,0.10816326530612241,0.11217510259917918,0.07103825136612019,0.48027210884353744,0.3155737704918033,0.22451790633608815,0.5218579234972678,0.5755102040816327,0.6224299065420561,0.6366120218579234,0.5204359673024523,0.46311475409836067,0.5556309362279511,0.21234735413839892,0.2835820895522388,0.4226594301221167,0.21438263229308005,0.41044776119402987,0.23473541383989144,28,1.0,15.2,25,23
06073020207,0.23407725003049099,1.0,0.3762160775073448,1.0,0.18729681832027245,1.0,0.43300544769947624,1.0,0.3732271436355521,1.0,0.14054287458495254,1.0,0.31886024423337855,1.0,1.0,0.29474655085878115,29.474655085878116,4939,632,78077.0,5.7,16.3,13.1,368,88.8,7.046070460704606,4084,641,21.7,17.0,53.881700554528656,20.454545454545457,3.875968992248062,26.203208556149733,33.22784810126582,9.333333333333334,25.51123709252885,26.27255756,22.727272727272727,47.27807748896518,92.11229946524064,15.0,11.0,31.375,20.0,9.375,20.625,2.5,0.22320217096336503,0.21497919556171982,0.4352861035422343,0.06284153005464477,0.048365122615803814,0.5895522388059702,0.6587193460490464,0.21914008321775313,0.44843962008141114,0.2252374491180461,0.036054421768707434,0.039455782312925125,0.5909712722298222,0.05464480874316935,0.9170068027210885,0.16939890710382513,0.30578512396694213,0.1816939890710383,0.3904761904761904,0.6149532710280374,0.023224043715846965,0.18392370572207084,0.21448087431693988,0.5291723202170964,0.21234735413839892,0.2903663500678426,0.4443690637720488,0.21438263229308005,0.41044776119402987,0.23473541383989144,29,1.0,19.1,24,23
06073013504,0.6342260464683375,1.0,0.4411214144420286,1.0,0.5824248423928594,1.0,0.7429818839468688,1.0,0.8037983146781713,1.0,0.5973320329754866,1.0,0.6573948439620081,1.0,1.0,0.6370399112665373,63.703991126653726,4077,134,141330.0,10.4,1.7,45.7,221,86.3,3.018867924528302,3870,396,15.7,10.9,37.60330578512397,4.587155963302752,6.2900838677849045,81.49847094801224,6.41399416909621,5.286024619840695,7.603630120186411,3.82078407,1.2996941896024465,50.04699248120301,99.08256880733946,11.0,19.25,98.625,48.0,47.5,57.5,16.875,0.8331071913161465,0.7669902912621359,0.12874659400544963,0.8080601092896175,0.5442779291553134,0.2835820895522388,0.5674386920980926,0.33148404993065184,0.5020352781546811,0.5834464043419267,0.6176870748299319,0.6265306122448979,0.8632010943912449,0.49453551912568305,0.8040816326530612,0.8101092896174863,0.9118457300275482,0.4385245901639344,0.8965986394557823,0.9682242990654205,0.790983606557377,0.1294277929155313,0.8715846994535519,0.3568521031207598,0.5630936227951153,0.649932157394844,0.6540027137042063,0.6675712347354138,0.6383989145183175,0.6770691994572592,161,13.875,6.8,19,51
06073013605,0.6864424060130657,1.0,0.5050833203433308,1.0,0.4194920573385392,1.0,0.6015095477764114,1.0,0.7895092867483029,1.0,0.5900646704684763,1.0,0.5761194029850746,1.0,1.0,0.5954600988104574,59.546009881045734,6383,342,132554.0,1.4,3.8,56.7,133,83.2,0.0,6320,599,14.5,11.3,71.49532710280374,2.8314028314028317,8.334638884537052,90.81939081939082,13.127413127413126,3.598014888337469,5.169982766724111,11.57436217,1.5444015444015444,51.50375939849624,99.35649935649936,17.0,17.75,72.0,35.875,35.625,40.625,11.375,0.494572591587517,0.7073509015256588,0.952316076294278,0.5915300546448088,0.6934604904632152,0.14043419267299864,0.42302452316076294,0.6955617198335645,0.06309362279511532,0.28358208955223885,0.763265306122449,0.5680272108843538,0.16689466484268123,0.6543715846994536,0.6489795918367347,0.9357923497267759,0.7465564738292011,0.6133879781420766,0.9551020408163265,0.8429906542056075,0.7636612021857924,0.10899182561307907,0.8975409836065574,0.5888738127544098,0.4891451831750339,0.5685210312075983,0.5780189959294437,0.5881953867028494,0.5610583446404342,0.5848032564450475,111,8.125,5.2,31,51
06073020015,0.5960887573750991,1.0,0.44530357157663675,1.0,0.5859840408347872,1.0,0.793584168322304,1.0,0.615974274281998,1.0,0.6080388916186478,1.0,0.2795115332428765,1.0,1.0,0.5606407481789071,56.064074817890706,5500,271,184063.0,5.4,6.4,70.1,188,84.4,0.0,5427,330,14.2,10.4,33.939393939393945,1.2634534394010295,6.906232453677709,74.59054749649042,17.708333333333336,6.024626209322779,15.636363636363635,14.20037337,0.8423022929340197,40.28287061288633,96.77117454375292,8.5,10.25,29.625,13.25,13.75,14.375,3.25,0.5841248303934872,0.9306518723994452,0.4843324250681199,0.38524590163934425,0.8692098092643051,0.2225237449118046,0.4652588555858311,0.6955617198335645,0.16553595658073272,0.6879240162822252,0.7938775510204081,0.6965986394557824,0.9042407660738714,0.8032786885245902,0.763265306122449,0.703551912568306,0.6322314049586777,0.3811475409836066,0.6598639455782314,0.7906542056074766,0.8592896174863388,0.3732970027247956,0.5915300546448088,0.2327001356852103,0.1865671641791045,0.26797829036635007,0.24491180461329715,0.310719131614654,0.2903663500678426,0.2835820895522388,50,4.0,4.7,15,27
06073015406,0.6603099291041599,1.0,0.3378332224933456,1.0,0.7275803265675334,1.0,0.714527412184851,1.0,0.8550335153744518,1.0,0.5640947375212797,1.0,0.21831750339213024,1.0,1.0,0.5825280923768217,58.25280923768217,2704,208,169375.0,8.9,1.2,54.4,162,77.7,3.3707865168539324,2652,204,14.7,12.1,81.63265306122449,0.580046403712297,2.9039463886820553,94.3155452436195,7.373271889400922,4.115684093437152,2.5887573964497044,1.530802738,1.740139211136891,50.84889643463497,98.83990719257541,9.0,14.75,21.75,9.875,11.875,7.5,3.0,0.7048846675712348,0.8904299583911235,0.19141689373297,0.8545081967213115,0.6573569482288828,0.18113975576662145,0.24455040871934605,0.32454923717059636,0.8276797829036635,0.8792401628222524,0.7442176870748299,0.4591836734693877,0.03830369357045149,0.8743169398907104,0.9673469387755103,0.9781420765027322,0.884297520661157,0.569672131147541,0.9755102040816327,0.9906542056074766,0.7267759562841529,0.12397820163487738,0.8415300546448088,0.26119402985074625,0.3582089552238806,0.21031207598371776,0.18113975576662145,0.25848032564450474,0.1784260515603799,0.26322930800542743,33,2.375,5.2,18,48
06073019702,0.5225493709985101,1.0,0.44778296923782285,1.0,0.36565525803265675,1.0,0.5566011955678192,1.0,0.5503471967134645,1.0,0.6948352962780979,1.0,0.4598371777476255,1.0,1.0,0.5139440663679995,51.39440663679995,4791,458,109750.0,3.0,6.1,32.4,219,88.0,0.0,4422,536,17.2,13.2,76.69902912621359,3.533787972721637,6.602389436176901,80.34717916924986,15.96452328159645,2.1237864077669903,37.779169275725316,29.86932172,1.5499070055796653,33.50371747211896,98.1401115933044,16.5,8.75,48.0,20.75,22.375,22.5,7.625,0.36838534599728634,0.5,0.8167574931880108,0.4050546448087432,0.3542234332425068,0.28222523744911804,0.6348773841961853,0.6955617198335645,0.36635006784260515,0.3704206241519674,0.3952380952380953,0.33061224489795915,0.07523939808481528,0.5792349726775956,0.782312925170068,0.7896174863387978,0.6707988980716253,0.7390710382513661,0.217687074829932,0.5738317757009346,0.7622950819672132,0.5708446866485013,0.7513661202185792,0.573270013568521,0.14654002713704206,0.49592944369063774,0.46132971506105835,0.45047489823609227,0.44843962008141114,0.44301221166892807,58,4.5,7.9,32,20
06073019601,0.39791763594824553,1.0,0.4372462438116647,1.0,0.2345115793943086,1.0,0.481132624609127,1.0,0.5210752819532608,1.0,0.4599358258513125,1.0,0.4766621438263229,1.0,1.0,0.4297830479134631,42.97830479134631,6425,650,118571.0,5.4,7.9,36.2,239,95.4,3.8548752834467117,6014,708,17.9,12.9,58.12743823146944,8.22550831792976,9.380392156862746,64.46395563770795,41.935483870967744,0.0,24.435797665369652,30.93963908,4.852125693160813,35.87548638132296,95.84103512014788,14.5,8.25,49.625,20.875,24.0,23.125,8.25,0.20691994572591588,0.6005547850208044,0.4843324250681199,0.29986338797814205,0.4223433242506812,0.3147896879240163,0.9216621253405994,0.3106796116504854,0.09362279511533245,0.17435549525101768,0.30544217687074826,0.36462585034013606,0.4746922024623803,0.29644808743169404,0.5727891156462586,0.5806010928961749,0.17906336088154273,0.9405737704918032,0.4095238095238095,0.5551401869158878,0.39617486338797814,0.4904632152588556,0.4931693989071038,0.5162822252374492,0.13772048846675713,0.5061058344640434,0.4626865671641791,0.4830393487109905,0.4552238805970149,0.4762550881953867,58,5.5,9.1,26,18
06073017047,0.8281644801628513,1.0,0.46572644482496034,1.0,0.7212192746840934,1.0,0.8064480481479668,1.0,0.7468274266872597,1.0,0.7305864514624063,1.0,0.23107191316146541,1.0,1.0,0.6471491484472862,64.71491484472863,4260,38,181429.0,1.6,5.2,71.9,94,81.7,0.0,4180,362,12.3,9.3,31.360946745562128,0.8783783783783784,9.653056407835733,88.58108108108108,15.437392795883362,6.2103929024081115,4.929577464788733,3.260734287,1.2162162162162162,24.306688417618272,96.55405405405405,6.0,20.5,20.625,11.5,10.75,11.25,3.0,0.9769335142469471,0.9209431345353676,0.9400544959128065,0.4747267759562842,0.8923705722070845,0.08005427408412483,0.3787465940054496,0.6955617198335645,0.42605156037991854,0.6316146540027137,0.9496598639455782,0.8775510204081632,0.9288645690834474,0.8415300546448088,0.5496598639455783,0.9057377049180327,0.6859504132231404,0.3688524590163934,0.9605442176870749,0.9719626168224299,0.8087431693989071,0.8160762942779292,0.5669398907103825,0.1248303934871099,0.6227951153324288,0.20352781546811397,0.22184531886024422,0.23744911804613297,0.22930800542740842,0.26322930800542743,39,2.0,3.8,11,60
06073009704,0.39012374791427373,1.0,0.6363897249070862,1.0,0.43752849850930875,1.0,0.5136052724559134,1.0,0.7617278249783289,1.0,0.5256969570633752,1.0,0.7930800542740841,1.0,1.0,0.5797360114431959,57.97360114431959,6731,376,128491.0,8.4,9.8,65.7,200,93.4,0.0,6619,597,14.5,10.7,71.71717171717171,1.381509032943677,11.516056758775207,71.94473963868225,25.595238095238095,1.8086956521739128,8.765413757242609,4.679527069,2.6567481402763016,43.18697956093868,97.55579171094581,13.0,23.75,154.375,75.0,74.125,98.125,28.125,0.4497964721845319,0.6782246879334258,0.21457765667574935,0.21789617486338797,0.8208446866485014,0.23812754409769335,0.8412806539509536,0.6955617198335645,0.04477611940298509,0.28833107191316143,0.763265306122449,0.6537414965986394,0.158686730506156,0.7923497267759563,0.4408163265306122,0.662568306010929,0.4573002754820936,0.7786885245901639,0.85578231292517,0.9551401869158879,0.6243169398907105,0.284741144414169,0.6680327868852459,0.46404341926729986,0.7584803256445047,0.7822252374491181,0.7896879240162822,0.7951153324287653,0.7747625508819539,0.8236092265943012,198,15.875,5.5,23,52
06073015501,0.3509215051591205,1.0,0.30744097507212237,1.0,0.223488079085094,1.0,0.7453635705139853,1.0,0.6359602848162855,1.0,0.366885791853407,1.0,0.12727272727272726,1.0,1.0,0.39390470482467743,39.39047048246774,5665,470,112703.0,10.4,6.6,27.6,242,84.7,2.0151133501259446,5233,1038,17.4,13.4,57.14285714285714,2.8938906752411575,5.045625335480408,93.51554126473741,40.14962593516209,1.2698412698412698,12.533097969991173,15.45737399,1.607717041800643,48.38709677419355,91.7470525187567,4.0,14.0,11.875,4.375,7.5,3.125,1.75,0.35413839891451837,0.5478502080443828,0.12874659400544963,0.3729508196721312,0.2779291553133515,0.3181818181818182,0.4816076294277929,0.35783633841886264,0.19402985074626866,0.028493894165535938,0.3659863945578231,0.30544217687074826,0.5082079343365253,0.6420765027322404,0.8612244897959184,0.9699453551912568,0.20523415977961434,0.8278688524590164,0.7387755102040816,0.77196261682243,0.7527322404371585,0.15940054495912803,0.1885245901639344,0.08276797829036635,0.32632293080054275,0.11601085481682497,0.05698778833107191,0.18046132971506107,0.09701492537313433,0.18588873812754408,19,1.0,7.4,7,47
06073019303,0.5792654313765189,1.0,0.4539105244269504,1.0,0.19774204118553798,1.0,0.6289821094278352,1.0,0.4566145959831828,1.0,0.3727535325560966,1.0,0.38846675712347356,1.0,1.0,0.4396764274399421,43.96764274399421,7993,322,115906.0,4.6,3.4,28.1,705,77.1,0.0,7412,981,17.3,13.1,47.713717693836976,6.2287655719139305,7.99130545965989,77.50094375235939,17.30496453900709,5.291383625312835,16.63955961466283,67.25575607,2.491506228765572,45.74159907300116,93.01623254058136,14.0,7.0,41.375,17.25,20.125,16.875,7.625,0.5169606512890095,0.5783633841886269,0.5940054495912807,0.6277322404371585,0.2854223433242507,0.9172320217096337,0.2356948228882834,0.6955617198335645,0.02578018995929443,0.04341926729986434,0.3795918367346939,0.3421768707482993,0.7045143638850889,0.38387978142076506,0.6816326530612244,0.7459016393442623,0.6349862258953167,0.43715846994535523,0.6272108843537415,0.12710280373831773,0.6338797814207651,0.21662125340599458,0.2677595628415301,0.5027137042062415,0.08683853459972862,0.4206241519674355,0.3378561736770692,0.4118046132971506,0.32903663500678426,0.44301221166892807,50,4.0,8.5,25,17
06073019208,0.6296050225835951,1.0,0.28614879144809646,1.0,0.5827550558893841,1.0,0.6000827551760315,1.0,0.5934362541775754,1.0,0.6369420745174531,1.0,0.33432835820895523,1.0,1.0,0.5233283302858701,52.33283302858701,3627,355,107375.0,3.7,1.5,42.1,356,81.0,13.559322033898304,3400,314,15.8,12.8,83.62068965517241,2.8399311531841653,5.817565659418243,88.2960413080895,3.0973451327433628,8.647798742138365,11.855527984560243,40.14934661,0.8605851979345954,49.81245311327832,99.48364888123923,2.0,8.25,33.875,15.875,14.125,19.375,5.0,0.47829036635006783,0.4840499306518724,0.7247956403269755,0.8312841530054644,0.4993188010899183,0.5644504748982361,0.35149863760217986,0.1123439667128987,0.6350067842605156,0.7150610583446404,0.6020408163265306,0.3789115646258503,0.0239398084815321,0.6502732240437159,0.8272108843537415,0.8989071038251366,0.9517906336088154,0.2199453551912568,0.7646258503401361,0.4373831775700935,0.8565573770491803,0.13760217983651224,0.9166666666666666,0.051560379918588875,0.13772048846675713,0.3141112618724559,0.3100407055630936,0.3147896879240163,0.378561736770692,0.3541383989145183,49,2.5,6.8,4,19
06073020807,0.5844068457990187,1.0,0.2875511829130683,1.0,0.5320180175190836,1.0,0.5787771170229433,1.0,0.6155307499674256,1.0,0.5323203446444613,1.0,0.01953867028493894,1.0,1.0,0.4500204183072771,45.00204183072771,2950,255,128177.0,4.6,5.5,28.7,49,89.4,0.0,2732,366,16.7,14.1,60.526315789473685,7.485604606525912,9.220338983050848,95.489443378119,21.631205673758867,6.881143878462913,9.152542372881356,16.14187928,1.055662188099808,71.1038961038961,98.17658349328215,0.0,2.0,0.75,0.75,0.0,0.0,0.0,0.6166892808683854,0.6740638002773925,0.5940054495912807,0.4528688524590164,0.29223433242506813,0.031207598371777476,0.6818801089918256,0.6955617198335645,0.8100407055630936,0.6234735413839891,0.4687074829931973,0.22585034013605443,0.414500683994528,0.32377049180327866,0.5850340136054422,0.9918032786885246,0.5482093663911846,0.31693989071038253,0.8380952380952381,0.7588785046728972,0.8292349726775956,0.012261580381471404,0.755464480874317,0.009497964721845319,0.014925373134328358,0.008141112618724558,0.014246947082767978,0.011533242876526458,0.016960651289009497,0.046811397557666216,1,0.0,7.0,0,8
06073003401,0.2421367645706454,1.0,0.653231143279677,1.0,0.2790929397539206,1.0,0.4466319085773845,1.0,0.22209893695160193,1.0,0.34936818490890054,1.0,0.9729986431478969,1.0,1.0,0.4522226458842895,45.22226458842895,6109,598,83108.0,10.7,7.4,31.5,637,71.8,0.0,5273,979,16.9,12.2,61.16625310173698,2.570439940682155,17.53365464517201,57.63717251606525,33.21799307958477,6.255792400370713,41.08692093632345,88.17672682,7.711319822046465,39.52191235059761,94.9085516559565,38.0,25.75,242.375,114.875,110.0,160.625,39.75,0.24898236092265946,0.26907073509015256,0.11920980926430513,0.33128415300546443,0.3371934604904632,0.8826322930800543,0.14918256130790192,0.6955617198335645,0.18860244233378565,0.04477611940298509,0.4387755102040817,0.4442176870748299,0.39945280437756503,0.6721311475409837,0.2204081632653061,0.49453551912568305,0.30716253443526176,0.36475409836065575,0.1959183673469388,0.020560747663551426,0.23497267759562845,0.39373297002724794,0.41939890710382516,0.9966078697421981,0.8582089552238806,0.9755766621438263,0.9728629579375848,0.9715061058344641,0.9769335142469471,0.9681139755766621,203,26.75,10.1,68,51
06073017033,0.5923803192239778,1.0,0.39059542826402033,1.0,0.71072259297206,1.0,0.7570453953598214,1.0,0.7931036843993314,1.0,0.8441400763339835,1.0,0.10027137042062415,1.0,1.0,0.598322695281974,59.8322695281974,5525,179,170875.0,7.0,6.1,74.0,181,78.4,9.70873786407767,5274,259,12.5,8.9,55.06072874493927,3.343782654127482,2.570647219690064,87.09508881922675,15.727391874180865,3.382130237253912,8.32579185520362,1.941505912,0.0,20.821448944666287,97.64890282131663,10.5,17.0,9.125,7.0,4.375,2.5,0.625,0.7550881953867028,0.8987517337031901,0.31062670299727524,0.4050546448087432,0.9216621253405994,0.21099050203527817,0.26907356948228883,0.16504854368932043,0.1872455902306649,0.8005427408412483,0.935374149659864,0.9197278911564626,0.5636114911080712,0.5997267759562841,0.9782312925170068,0.8866120218579235,0.6749311294765841,0.6311475409836065,0.8775510204081632,0.9887850467289719,0.967896174863388,0.8841961852861036,0.680327868852459,0.3310719131614654,0.44572591587516963,0.0773405698778833,0.11194029850746269,0.10854816824966079,0.07598371777476255,0.12754409769335143,14,1.5,4.6,20,59
06073020305,0.691013566866944,1.0,0.4057135336538629,1.0,0.23497678582966428,1.0,0.40630467017153793,1.0,0.5953701061009564,1.0,0.31948601122675363,1.0,0.40189959294436906,1.0,1.0,0.4363948952562983,43.639489525629834,6432,663,124489.0,1.5,0.0,39.0,490,79.1,4.07673860911271,6101,1206,16.6,12.8,65.0314465408805,10.855683269476373,9.761049508043104,64.24010217113666,12.974051896207584,3.1739488870568837,34.35945273631841,18.91723709,4.682843763303533,46.30261660978385,94.21030225627926,12.0,10.75,40.625,23.0,13.625,26.875,4.375,0.19810040705563092,0.651872399445215,0.9461852861035422,0.967896174863388,0.4550408719346049,0.7706919945725916,0.28746594005449594,0.30235783633841884,0.0800542740841248,0.004070556309362261,0.47687074829931975,0.3789115646258503,0.28864569083447333,0.21721311475409832,0.5428571428571429,0.5765027322404371,0.7506887052341598,0.6530054644808743,0.254421768707483,0.7233644859813084,0.4084699453551912,0.20435967302452318,0.34562841530054644,0.4185888738127544,0.20013568521031208,0.4050203527815468,0.4864314789687924,0.3039348710990502,0.4918588873812754,0.32225237449118044,40,2.0,8.1,23,23
06073020902,0.6217848436436619,1.0,0.33406218746425337,1.0,0.6321227812699027,1.0,0.6955928616204392,1.0,0.592686104940845,1.0,0.37087186015693635,1.0,0.032021709633649934,1.0,1.0,0.4684489069613841,46.84489069613841,2402,127,127012.0,24.1,0.0,24.2,209,92.0,0.0,2193,215,16.6,13.7,37.2093023255814,8.70020964360587,7.405857740585773,89.30817610062893,16.923076923076923,17.616580310880828,7.077435470441299,15.75606721,1.3626834381551363,63.030303030303024,93.39622641509435,0.0,0.25,2.0,2.0,0.0,1.25,0.0,0.8493894165535957,0.6671289875173371,0.0027247956403270157,0.967896174863388,0.23773841961852862,0.25848032564450474,0.7935967302452316,0.6955617198335645,0.9111261872455902,0.8683853459972863,0.47687074829931975,0.27210884353741494,0.8714090287277702,0.2718579234972678,0.7251700680272108,0.9139344262295082,0.6446280991735538,0.05737704918032782,0.9061224489795918,0.7626168224299066,0.7896174863387978,0.032697547683923744,0.29030054644808745,0.009497964721845319,0.009497964721845319,0.023066485753052916,0.027137042062415198,0.011533242876526458,0.051560379918588875,0.046811397557666216,4,0.0,6.6,0,1
06073020710,0.7559071052651171,1.0,0.32588918697253305,1.0,0.7731661728463435,1.0,0.8069407118547,1.0,0.6265022088577937,1.0,0.5148709816709102,1.0,0.13297150610583447,1.0,1.0,0.562321124796176,56.232112479617605,1677,247,153403.0,4.6,0.0,51.2,45,81.4,0.0,1586,86,14.1,13.1,8.47457627118644,3.289473684210526,6.997607655502393,85.85526315789474,6.329113924050633,3.492063492063492,22.659511031604055,33.67766024,2.9605263157894735,48.03738317757009,98.35526315789474,2.5,10.25,13.0,8.875,3.875,6.875,0.625,0.6309362279511533,0.8307905686546463,0.5940054495912807,0.967896174863388,0.6164850136239782,0.027137042062415198,0.3678474114441417,0.6955617198335645,0.9687924016282226,0.9769335142469471,0.8047619047619048,0.3421768707482993,0.9917920656634747,0.6079234972677596,0.7564625850340136,0.8715846994535519,0.9173553719008265,0.6188524590163935,0.45578231292517,0.514018691588785,0.5887978142076502,0.17166212534059944,0.7841530054644809,0.06173677069199457,0.1865671641791045,0.12890094979647218,0.14789687924016282,0.09497964721845319,0.1655359565807327,0.12754409769335143,22,1.0,6.0,5,31
06073009502,0.6482636896710376,1.0,0.5663802848642979,1.0,0.6728885719823886,1.0,0.6575713072114091,1.0,0.6005825918526957,1.0,0.681860256200275,1.0,0.7290366350067842,1.0,1.0,0.6509404766841269,65.09404766841268,3918,129,141786.0,6.9,3.1,68.6,316,78.8,0.0,3830,395,14.3,9.8,44.65408805031446,5.154639175257731,6.394269036879809,67.33247422680412,15.970515970515969,4.07911001236094,14.037774374680959,37.27442439,1.4819587628865978,24.267468069120962,95.42525773195877,9.5,24.75,131.625,64.0,60.75,83.75,20.75,0.8419267299864315,0.7697642163661581,0.3208446866485014,0.66051912568306,0.8555858310626703,0.4843962008141113,0.279291553133515,0.6955617198335645,0.5183175033921303,0.5854816824966078,0.780952380952381,0.8068027210884354,0.7647058823529411,0.4508196721311475,0.7986394557823129,0.6161202185792349,0.6694214876033058,0.575136612021858,0.6979591836734693,0.4598130841121495,0.7745901639344263,0.8174386920980926,0.453551912568306,0.2856173677069199,0.7978290366350068,0.7272727272727273,0.7435549525101763,0.7327001356852103,0.7225237449118046,0.7191316146540027,192,11.25,5.4,15,53
06073002601,0.2709592216252601,1.0,0.7492242702876889,1.0,0.14288252614478625,1.0,0.4353249267682674,1.0,0.4019893013050805,1.0,0.28542606572266643,1.0,0.9991858887381275,1.0,1.0,0.4692846000845539,46.92846000845539,6025,1553,63347.0,3.3,10.5,17.5,666,93.7,0.0,5230,611,20.5,17.1,56.896551724137936,25.79241765071473,3.131840377167874,35.301429459291484,22.980251346499102,9.809417040358746,36.6804979253112,20.8836341,11.497824735860783,32.60223048327138,90.30453697949036,32.0,28.0,259.375,128.75,121.25,171.875,43.125,0.01763907734056991,0.09292649098474341,0.7826975476839237,0.19057377049180324,0.12602179836512262,0.9009497964721845,0.8542234332425068,0.6955617198335645,0.19538670284938942,0.2672998643147897,0.07278911564625845,0.036054421768707434,0.5170998632010944,0.016393442622950838,0.9619047619047619,0.2459016393442623,0.5165289256198347,0.1693989071038251,0.22857142857142854,0.6934579439252336,0.11885245901639341,0.6021798365122616,0.13524590163934427,0.9545454545454546,0.9640434192672999,1.0,1.0,1.0,1.0,0.9959294436906377,209,28.5,18.1,52,51
06073002602,0.18078823992150533,1.0,0.56674437563146,1.0,0.1957362999473874,1.0,0.1953851918197702,1.0,0.3792107369710841,1.0,0.4243248810073306,1.0,0.9725915875169606,1.0,1.0,0.41639733040221405,41.63973304022141,4624,838,67762.0,5.8,17.0,18.9,541,86.1,31.914893617021278,4019,974,19.7,15.0,72.73576097105509,14.14356787491116,13.387737097485664,23.240938166311302,56.19047619047619,5.570469798657718,26.16782006920415,23.62165526,6.183368869936034,32.84978942442677,94.59843638948117,34.5,25.75,242.875,118.875,109.5,161.25,38.5,0.1302578018995929,0.12205270457697642,0.42166212534059944,0.049180327868852514,0.14713896457765668,0.8208955223880597,0.5565395095367848,0.03328710124826628,0.4681139755766621,0.049525101763907786,0.11088435374149663,0.15442176870748303,0.14090287277701774,0.14344262295081966,0.3510204081632653,0.14617486338797814,0.06060606060606055,0.41666666666666663,0.37414965986394555,0.6654205607476635,0.2991803278688525,0.5912806539509536,0.3825136612021858,0.9843962008141113,0.8582089552238806,0.9782903663500678,0.9823609226594301,0.9674355495251018,0.9782903663500678,0.9565807327001357,206,25.125,15.5,61,51
06073002702,0.3082036120026231,1.0,0.7526234867394898,1.0,0.37512668568105667,1.0,0.3765585437377391,1.0,0.39493096146870976,1.0,0.6257922504628183,1.0,0.9511533242876526,1.0,1.0,0.540626980625727,54.0626980625727,5592,735,74940.0,4.6,8.3,45.0,677,87.5,0.0,4675,618,17.5,11.2,65.24500907441016,2.9688273132112815,16.79184549356223,45.472538347352796,36.8575624082232,2.2254475084663765,32.01001430615164,47.95270691,8.213755566551212,21.008064516129032,98.3671449777338,30.0,25.25,224.125,110.375,109.0,145.625,40.25,0.175033921302578,0.18030513176144244,0.5940054495912807,0.2834699453551912,0.5395095367847411,0.9050203527815468,0.6178474114441417,0.6955617198335645,0.30393487109905015,0.2598371777476255,0.3517006802721089,0.5850340136054422,0.2777017783857729,0.6338797814207651,0.23809523809523814,0.35655737704918034,0.24931129476584024,0.7267759562841529,0.28027210884353737,0.3233644859813084,0.2090163934426229,0.8801089918256131,0.7882513661202186,0.9294436906377205,0.8283582089552238,0.937584803256445,0.9538670284938942,0.966078697421981,0.9253731343283582,0.9728629579375848,206,24.0,9.5,52,51
06073002710,0.14596821955918282,1.0,0.6204166550201481,1.0,0.3149410646212353,1.0,0.34003617459183444,1.0,0.3927004004685822,1.0,0.2067196736201069,1.0,0.9880597014925373,1.0,1.0,0.4298345556248039,42.98345556248039,4426,837,60076.0,6.4,18.5,24.2,500,91.1,16.574585635359114,3921,411,19.8,15.4,65.9090909090909,19.784172661870503,4.7585227272727275,24.820143884892087,48.80952380952381,4.3852106620808255,25.305015815634885,32.20908525,14.928057553956833,34.72090823084201,85.97122302158273,34.0,26.0,245.375,121.5,114.625,162.5,43.75,0.13161465400271366,0.06934812760055478,0.3549046321525886,0.028005464480874265,0.23773841961852862,0.7842605156037992,0.7534059945504087,0.09431345353675447,0.4898236092265943,0.5468113975576663,0.10476190476190472,0.11836734693877549,0.26265389876880985,0.06420765027322406,0.8789115646258503,0.15437158469945356,0.11570247933884292,0.5273224043715847,0.39319727891156464,0.5345794392523364,0.050546448087431695,0.5217983651226158,0.04781420765027322,0.9782903663500678,0.8744911804613297,0.9823609226594301,0.9918588873812755,0.9850746268656716,0.9823609226594301,0.9986431478968792,210,25.75,16.1,56,51
06073002801,0.4787974046713208,1.0,0.590489211373688,1.0,0.34169366525443284,1.0,0.3811794866631365,1.0,0.4675278861847043,1.0,0.5811234694738513,1.0,0.9251017639077339,1.0,1.0,0.5379875553612667,53.79875553612668,5239,513,130833.0,12.5,1.4,60.3,182,78.3,0.0,5093,443,27.6,10.7,70.27027027027027,1.744186046511628,34.410246606767345,61.627906976744185,7.216494845360824,37.37864077669903,14.124832983393778,52.84380834,4.069767441860465,17.470525187566988,94.18604651162791,23.0,25.75,212.375,105.625,100.875,140.0,37.375,0.3154681139755766,0.6934812760055479,0.06607629427792916,0.8401639344262295,0.7411444141689373,0.21370420624151967,0.26362397820163486,0.6955617198335645,0.21438263229308008,0.49592944369063774,0.0027210884353741083,0.6537414965986394,0.18741450068399457,0.75,0.03129251700680269,0.5560109289617486,0.8925619834710744,0.013661202185792365,0.6965986394557824,0.2672897196261682,0.47404371584699456,0.9264305177111717,0.34289617486338797,0.7706919945725916,0.8582089552238806,0.9077340569877883,0.9348710990502035,0.932157394843962,0.9029850746268657,0.9477611940298507,204,20.375,16.2,45,52
06073017808,0.6272318934946027,1.0,0.3757719874856968,1.0,0.6204083940224665,1.0,0.6984735497325122,1.0,0.5188397456955982,1.0,0.5752768223621844,1.0,0.2537313432835821,1.0,1.0,0.5242476765823776,52.424767658237755,5433,167,168897.0,5.9,5.7,74.1,210,65.4,0.0,5417,397,11.9,10.0,52.800000000000004,0.0,14.103747461694665,88.39244587747582,25.0,8.81982360352793,13.620467513344376,20.87118855,1.0594196222938737,40.969162995594715,96.31506218332567,5.5,9.5,26.25,10.375,15.0,10.0,3.25,0.7829036635006784,0.8876560332871013,0.4073569482288828,0.43101092896174864,0.9243869209809265,0.26255088195386705,0.08719346049046321,0.6955617198335645,0.16824966078697423,0.5814111261872457,0.9714285714285714,0.7605442176870748,0.6142270861833106,0.950136612021858,0.32789115646258504,0.9016393442622951,0.46763085399449034,0.20491803278688525,0.7074829931972789,0.6953271028037383,0.8265027322404371,0.3460490463215259,0.5532786885245902,0.11533242876526459,0.16960651289009498,0.24151967435549526,0.20149253731343283,0.3283582089552239,0.21370420624151967,0.2835820895522388,47,3.5,3.6,9,24
06073017811,0.6662860343806438,1.0,0.43888394195659225,1.0,0.5156647190762329,1.0,0.6585783722562605,1.0,0.5415779505630305,1.0,0.748025888040182,1.0,0.2655359565807327,1.0,1.0,0.5477932661219534,54.77932661219535,6485,372,170540.0,6.5,0.0,65.2,547,63.1,0.0,5960,537,14.1,9.9,39.726027397260275,1.122754491017964,10.326941213454889,55.613772455089816,2.4285714285714284,7.415107415107415,23.5929067077872,36.17921593,0.7859281437125748,30.14586709886548,97.82934131736528,3.0,9.5,27.625,10.75,16.0,10.0,3.875,0.45590230664857534,0.8959778085991679,0.3453678474114441,0.967896174863388,0.8079019073569482,0.8263229308005428,0.06403269754768393,0.6955617198335645,0.10447761194029848,0.36838534599728634,0.8047619047619048,0.7850340136054421,0.8358413132694938,0.819672131147541,0.5061224489795919,0.4726775956284153,0.9628099173553719,0.2909836065573771,0.4340136054421768,0.4785046728971962,0.8674863387978142,0.667574931880109,0.7090163934426229,0.06987788331071913,0.16960651289009498,0.25508819538670285,0.20759837177747625,0.34260515603799185,0.21370420624151967,0.30868385345997285,48,4.5,4.6,5,24
06073019809,0.7629487695450059,1.0,0.4379598395290154,1.0,0.4687409427814545,1.0,0.7681565630445849,1.0,0.7824265562686538,1.0,0.504285721375997,1.0,0.38154681139755764,1.0,1.0,0.5865807434203242,58.65807434203242,4372,192,133323.0,4.2,0.0,46.1,314,90.4,7.428571428571429,4261,595,14.3,12.7,39.24050632911392,2.3679417122040074,9.549381274807377,94.04978749241045,9.322033898305085,2.3710729104919976,12.580054894784995,11.2881145,2.9751062537947783,42.66666666666667,97.20704310868246,14.5,8.75,40.75,16.0,21.125,17.5,7.0,0.728629579375848,0.7128987517337032,0.6423705722070845,0.967896174863388,0.5504087193460491,0.48032564450474896,0.726158038147139,0.20804438280166437,0.40841248303934874,0.2924016282225237,0.780952380952381,0.39319727891156464,0.8440492476060192,0.6926229508196722,0.5605442176870749,0.9754098360655737,0.8292011019283747,0.7172131147540983,0.7346938775510203,0.8485981308411215,0.5846994535519126,0.29427792915531337,0.6338797814207651,0.5162822252374492,0.14654002713704206,0.4084124830393487,0.3147896879240163,0.4233378561736771,0.3385345997286296,0.4226594301221167,50,4.5,5.4,26,20
06073020029,0.29679568153949937,1.0,0.5668619920085372,1.0,0.10431885101394697,1.0,0.1512243059633308,1.0,0.15541633957674023,1.0,0.26374557654988257,1.0,0.29796472184531886,1.0,1.0,0.2623324954996081,26.233249549960806,7007,1017,77449.0,4.0,9.7,35.6,797,87.0,0.0,5762,1016,19.6,15.1,69.62083142987665,11.748633879781421,21.26337091644984,14.558938329430132,41.12792297111417,7.241129616220131,77.06579135150564,77.19975109,6.830601092896176,39.07304194778528,89.89071038251366,13.0,12.75,32.75,14.125,13.375,18.125,3.125,0.08548168249660792,0.20804438280166435,0.6716621253405994,0.22199453551912574,0.41689373297002724,0.9430122116689281,0.5946866485013624,0.6955617198335645,0.11804613297150612,0.03324287652645863,0.11768707482993201,0.14829931972789112,0.20109439124487005,0.1994535519125683,0.13877551020408163,0.06557377049180328,0.18732782369146006,0.3005464480874317,0.07210884353741498,0.06168224299065417,0.26502732240437155,0.4073569482288828,0.11885245901639344,0.46404341926729986,0.28697421981004073,0.3046132971506106,0.2666214382632293,0.29172320217096337,0.3521031207598372,0.2747625508819539,48,3.5,14.4,20,24
06073020309,0.51476996763966,1.0,0.4584482063367464,1.0,0.40923605534479734,1.0,0.45674764377729743,1.0,0.357098794375322,1.0,0.744095035313153,1.0,0.4078697421981004,1.0,1.0,0.4783236349978681,47.83236349978681,4528,332,113359.0,2.0,14.8,30.0,558,89.7,11.66077738515901,4051,661,17.1,11.4,37.269372693726936,17.795484727755646,10.347923681257015,46.015936254980076,57.32838589981447,1.6971279373368149,28.48939929328622,53.0056005,0.9960159362549801,36.28357551739322,99.46879150066401,14.5,12.0,41.75,24.125,13.625,26.875,4.375,0.5047489823609226,0.5547850208044383,0.9162125340599455,0.08333333333333337,0.31539509536784743,0.8331071913161465,0.6975476839237057,0.13869625520110962,0.4599728629579376,0.21302578018995932,0.4102040816326531,0.5537414965986395,0.8673050615595075,0.09836065573770492,0.5034013605442177,0.35792349726775957,0.04820936639118456,0.7841530054644809,0.33061224489795915,0.2654205607476635,0.8360655737704918,0.48365122615803813,0.912568306010929,0.5162822252374492,0.2496607869742198,0.4260515603799186,0.49525101763907736,0.3039348710990502,0.4918588873812754,0.32225237449118044,41,2.0,8.5,25,24
06073021205,0.46356575598978106,1.0,0.39769312862173084,1.0,0.11253242138103547,1.0,0.47380235929674963,1.0,0.6351840427852358,1.0,0.3218273998302586,1.0,0.05495251017639078,1.0,1.0,0.35136537401159734,35.136537401159735,7108,1397,87217.0,3.6,2.0,26.5,699,82.0,0.0,6702,997,19.3,14.1,61.224489795918366,2.10727969348659,13.165786091674997,50.3448275862069,20.480404551201012,4.500548847420418,20.258863252673045,7.069072806,5.478927203065134,49.93757802746567,95.86206896551724,4.0,4.25,3.375,0.75,2.625,0.625,0.625,0.02985074626865669,0.31345353675450766,0.7391008174386922,0.7718579234972678,0.2670299727520436,0.9145183175033921,0.3896457765667575,0.6955617198335645,0.04070556309362283,0.03663500678426057,0.14693877551020407,0.22585034013605443,0.39534883720930236,0.71448087431694,0.36734693877551017,0.4180327868852459,0.5798898071625345,0.5163934426229508,0.5210884353741496,0.9233644859813084,0.33606557377049184,0.13351498637602177,0.4959016393442623,0.08276797829036635,0.036635006784260515,0.031207598371777476,0.014246947082767978,0.06241519674355495,0.03934871099050204,0.12754409769335143,7,0.5,9.4,6,16
06073001000,0.5470727618373832,1.0,0.7693593824405731,1.0,0.5193506031992172,1.0,0.3829567949940175,1.0,0.33968797546153046,1.0,0.472137847858132,1.0,0.9187245590230665,1.0,1.0,0.5641842749734172,56.41842749734172,4978,457,92850.0,4.1,1.8,57.0,1010,84.2,0.0,4769,433,17.2,9.3,50.284713096802456,2.7126099706744866,22.278023302531135,16.312316715542522,42.532467532467535,5.409153952843273,90.19686621132986,20.69695084,6.634897360703812,32.83873486919172,96.29765395894428,29.0,26.0,217.75,101.5,101.375,143.125,35.0,0.3704206241519674,0.3633841886269071,0.6580381471389646,0.7964480874316939,0.702316076294278,0.9837177747625508,0.45708446866485014,0.6955617198335645,0.2856173677069199,0.5189959294436907,0.3952380952380953,0.8775510204081632,0.66484268125855,0.662568306010929,0.12244897959183676,0.08196721311475409,0.1763085399449036,0.4275956284153005,0.05578231292517011,0.6990654205607476,0.27459016393442626,0.5926430517711172,0.5491803278688525,0.9029850746268657,0.8744911804613297,0.9199457259158752,0.9165535956580733,0.9348710990502035,0.9118046132971506,0.9104477611940298,192,23.25,6.9,53,52
06073001100,0.5821580555469665,1.0,0.680737745763912,1.0,0.7373245091795199,1.0,0.49737757283622563,1.0,0.4220833290373104,1.0,0.5783986738335244,1.0,0.9347354138398914,1.0,1.0,0.6332593285767644,63.325932857676435,3068,237,98634.0,5.0,2.3,58.7,554,71.6,0.0,2860,229,16.9,9.3,40.604026845637584,1.2034383954154728,19.875776397515526,27.106017191977077,15.671641791044777,8.20620725933719,30.964797913950456,36.91350342,5.616045845272207,18.426647767540754,95.7593123209169,26.5,25.5,222.0,106.375,104.875,145.625,36.875,0.655359565807327,0.40083217753120665,0.5367847411444142,0.735655737704918,0.720708446866485,0.8310719131614654,0.14373297002724797,0.6955617198335645,0.7856173677069199,0.8473541383989145,0.4387755102040817,0.8775510204081632,0.8317373461012312,0.8101092896174864,0.17006802721088432,0.17759562841530055,0.6763085399449036,0.2513661202185792,0.2952380952380952,0.4654205607476636,0.3319672131147541,0.9182561307901907,0.4849726775956284,0.8514246947082768,0.8419267299864315,0.9253731343283582,0.9362279511533242,0.9443690637720489,0.9253731343283582,0.9423337856173677,194,23.25,6.6,50,52
06073001400,0.5527962747288849,1.0,0.6852291603777388,1.0,0.7347582587987705,1.0,0.5045476902160025,1.0,0.3003199588513788,1.0,0.4083346982127525,1.0,0.9541383989145183,1.0,1.0,0.5914463485857209,59.14463485857209,3285,282,97292.0,5.7,1.6,63.1,434,58.1,0.0,3144,124,16.6,9.8,45.551894563426686,0.48025613660619,21.054244560220656,34.898612593383135,33.14917127071823,7.4567901234567895,70.92846270928463,33.25451151,9.551760939167556,30.988477865372953,94.66382070437567,29.0,29.75,233.0,109.625,107.25,154.375,37.875,0.5658073270013568,0.3897364771151179,0.4352861035422343,0.8203551912568305,0.7758855585831063,0.6987788331071914,0.04223433242506812,0.6955617198335645,0.6974219810040705,0.9579375848032564,0.47687074829931975,0.8068027210884354,0.7482900136798906,0.8838797814207651,0.14421768707482996,0.24180327868852458,0.3085399449035813,0.2882513661202186,0.08299319727891152,0.5214953271028038,0.18442622950819676,0.6485013623978202,0.39207650273224043,0.9029850746268657,0.9959294436906377,0.9592944369063772,0.9457259158751696,0.9565807327001357,0.9579375848032564,0.9511533242876526,193,24.25,6.5,52,51
06073001500,0.48217516076792505,1.0,0.6893513226651377,1.0,0.6058127728703422,1.0,0.5211400686847366,1.0,0.2545428065156804,1.0,0.5729577681491739,1.0,0.9793758480325645,1.0,1.0,0.5864793925265086,58.64793925265086,3961,237,102321.0,6.6,4.8,55.0,495,62.2,0.0,3731,506,16.1,9.0,43.689320388349515,1.4763779527559056,14.767501277465508,34.104330708661415,37.29372937293729,5.88235294117647,48.47260792729109,55.86807716,3.346456692913386,20.355555555555554,93.30708661417323,31.5,29.25,242.5,113.5,112.625,162.5,41.5,0.655359565807327,0.43273231622746183,0.33719346049046317,0.5034153005464481,0.667574931880109,0.7808683853459973,0.05994550408719346,0.6955617198335645,0.5427408412483039,0.412483039348711,0.5564625850340136,0.9115646258503401,0.7797537619699042,0.7800546448087432,0.29387755102040813,0.23087431693989072,0.24380165289256195,0.39344262295081966,0.15102040816326534,0.22990654205607475,0.5423497267759563,0.8923705722070845,0.28415300546448086,0.94640434192673,0.985753052917232,0.9769335142469471,0.9681139755766621,0.9823609226594301,0.9823609226594301,0.9871099050203528,195,25.375,5.9,56,51
06073013905,0.8093170699515395,1.0,0.410890358170883,1.0,0.4775849417107413,1.0,0.4212311268388408,1.0,0.8460992277589767,1.0,0.5386912295330127,1.0,0.6805970149253732,1.0,1.0,0.5977729955556239,59.777299555562394,4486,134,138340.0,3.9,0.0,42.3,356,80.5,32.5,4169,611,16.1,10.7,65.625,15.10673234811166,14.64968152866242,94.7454844006568,5.251141552511415,3.7914691943127963,7.133303611234953,4.604853765,0.0,43.82918817456593,94.58128078817734,12.0,20.5,107.5,51.75,51.375,64.375,19.25,0.8331071913161465,0.7475728155339806,0.688692098092643,0.967896174863388,0.5034059945504087,0.5644504748982361,0.32697547683923706,0.029126213592232997,0.4328358208955224,0.2672998643147897,0.5564625850340136,0.6537414965986394,0.2708618331053352,0.12704918032786883,0.30204081632653057,0.9849726775956285,0.9269972451790633,0.5956284153005464,0.9047619047619048,0.9570093457943926,0.967896174863388,0.26702997275204354,0.38114754098360654,0.4185888738127544,0.6227951153324288,0.6743554952510177,0.6818181818181818,0.6865671641791045,0.6560379918588873,0.7042062415196744,170,16.0,7.4,24,51
06073013907,0.21231500844364476,1.0,0.4540594000940545,1.0,0.31646475415132136,1.0,0.4169908279743464,1.0,0.4534695284148604,1.0,0.5909704540829748,1.0,0.7360922659430122,1.0,1.0,0.45433746272917347,45.43374627291735,3616,598,74545.0,7.7,11.3,14.6,410,84.3,5.084745762711865,3020,589,19.9,15.4,50.577124868835256,8.009708737864079,9.43557582668187,22.89644012944984,51.32275132275132,6.716981132075471,17.699115044247787,13.49097698,3.2362459546925564,32.25806451612903,96.84466019417476,17.5,21.25,132.0,63.0,63.75,80.0,23.25,0.24898236092265946,0.17475728155339806,0.2595367847411444,0.1659836065573771,0.06880108991825613,0.6635006784260515,0.4611716621253406,0.26629680998613037,0.7374491180461329,0.3093622795115333,0.10068027210884356,0.11836734693877549,0.655266757865937,0.30327868852459017,0.5687074829931973,0.1407103825136612,0.09366391184572997,0.3278688524590164,0.5904761904761905,0.8018691588785047,0.5546448087431695,0.614441416893733,0.6038251366120219,0.6051560379918589,0.6594301221166893,0.7299864314789688,0.737449118046133,0.7530529172320217,0.7082767978290366,0.751696065128901,182,18.5,14.9,30,51
06073013908,0.46313823535452725,1.0,0.45181847275253156,1.0,0.5312969013928502,1.0,0.49802719219597863,1.0,0.4464193849918656,1.0,0.1956467791327308,1.0,0.7082767978290365,1.0,1.0,0.4706605376642173,47.06605376642173,3853,272,118259.0,7.1,6.5,21.5,487,84.7,36.024844720496894,3529,353,16.5,12.7,39.60573476702509,11.562782294489612,9.7911227154047,49.59349593495935,33.52112676056338,0.0,52.686218531014795,41.00808961,7.8590785907859075,47.59036144578313,91.59891598915989,16.5,21.25,123.875,57.75,59.25,75.0,21.0,0.578697421981004,0.5963938973647711,0.2990463215258855,0.3784153005464481,0.2064032697547684,0.7666214382632293,0.4816076294277929,0.023578363384188616,0.5929443690637721,0.6506105834464043,0.4884353741496599,0.39319727891156464,0.8399452804377565,0.20491803278688525,0.5387755102040817,0.40846994535519127,0.2961432506887053,0.9405737704918032,0.12653061224489792,0.42242990654205603,0.22677595628415304,0.17983651226158037,0.18032786885245902,0.573270013568521,0.6594301221166893,0.6987788331071914,0.7021709633649932,0.7238805970149254,0.6940298507462687,0.7225237449118046,181,17.5,9.9,28,51
06073013909,0.43069277149433904,1.0,0.45699117024418573,1.0,0.3081212675029306,1.0,0.5961701436197812,1.0,0.8374218576577683,1.0,0.32979333243995773,1.0,0.6704206241519675,1.0,1.0,0.5185158810158471,51.85158810158471,4742,431,105944.0,13.3,1.7,15.8,287,84.5,0.0,4080,795,17.3,13.5,69.11764705882352,6.524633821571238,4.850274145929987,90.41278295605859,8.75,0.0,16.87051876845213,5.637834474,6.324900133155792,39.82725527831094,93.80825565912117,12.5,20.25,104.25,50.125,48.5,62.5,18.0,0.39280868385346,0.46740638002773927,0.05449591280653954,0.8080601092896175,0.09332425068119891,0.43419267299864317,0.46866485013623976,0.6955617198335645,0.4504748982360922,0.11126187245590236,0.3795918367346939,0.291156462585034,0.21067031463748287,0.3702185792349727,0.8748299319727891,0.9289617486338798,0.8512396694214877,0.9405737704918032,0.6176870748299319,0.9401869158878504,0.2896174863387978,0.38692098092643057,0.3128415300546448,0.44301221166892807,0.60719131614654,0.6648575305291723,0.6702849389416553,0.6736770691994572,0.6526458616010855,0.6906377204884667,169,15.5,10.7,22,51
06073014001,0.23254933996652108,1.0,0.5455781461893299,1.0,0.2733043963854198,1.0,0.5079441822478133,1.0,0.40971586780494434,1.0,0.4342227383948025,1.0,0.7978290366350068,1.0,1.0,0.45730624394626257,45.730624394626254,5020,504,85223.0,12.1,8.9,18.6,494,73.2,0.0,4426,768,17.7,13.7,61.67557932263814,5.9171597633136095,7.689144736842106,60.74950690335306,31.48936170212766,7.650273224043716,22.310756972111555,31.03920348,1.9723865877712032,45.53706505295008,94.60880999342538,22.5,23.25,161.875,79.25,77.0,98.75,26.25,0.32157394843962006,0.2871012482662968,0.07288828337874664,0.24863387978142082,0.13896457765667575,0.7781546811397557,0.16689373297002724,0.6955617198335645,0.3649932157394844,0.1275440976933514,0.3285714285714286,0.27210884353741494,0.3789329685362517,0.4002732240437158,0.7061224489795919,0.546448087431694,0.3415977961432507,0.2786885245901639,0.4653061224489796,0.5532710280373832,0.6953551912568305,0.22343324250681196,0.383879781420765,0.7503392130257802,0.7435549525101763,0.7951153324287653,0.8059701492537313,0.8100407055630936,0.7774762550881954,0.8005427408412483,198,20.25,10.1,41,51
06073019206,0.33739044641209726,1.0,0.4706755857795453,1.0,0.3042191639206564,1.0,0.2670417404476087,1.0,0.5053125753876656,1.0,0.39729530531111806,1.0,0.45725915875169604,1.0,1.0,0.391313425144341,39.131342514434095,5745,513,98538.0,5.5,11.3,14.9,713,95.1,5.94900849858357,4532,471,18.6,14.4,55.81140350877193,25.132625994694962,17.651232925314883,38.9920424403183,42.72727272727273,0.0,30.461270670147954,27.59178594,5.901856763925729,43.7432771602725,96.9496021220159,16.5,7.5,47.375,19.375,23.25,21.875,8.25,0.3154681139755766,0.39944521497919555,0.4686648501362398,0.1659836065573771,0.07425068119891008,0.9199457259158752,0.9107629427792916,0.2420249653259362,0.33107191316146545,0.46675712347354137,0.2204081632653061,0.1986394557823129,0.5471956224350205,0.01912568306010931,0.21632653061224494,0.2855191256830601,0.17217630853994492,0.9405737704918032,0.3047619047619048,0.6037383177570094,0.31284153005464477,0.26975476839237056,0.6092896174863388,0.573270013568521,0.10379918588873813,0.49050203527815467,0.41383989145183175,0.4687924016282225,0.4369063772048847,0.4762550881953867,51,5.5,12.6,26,17
06073019404,0.2824849791930486,1.0,0.4661238297646084,1.0,0.47007171932545067,1.0,0.5268591023904796,1.0,0.49347295346490244,1.0,0.336343512852201,1.0,0.42198100407055633,1.0,1.0,0.42819101443732105,42.8191014437321,3420,636,85769.0,5.0,15.7,15.0,381,95.7,0.35714285714285715,2692,337,18.6,14.8,57.826086956521735,20.37974683544304,3.4442154842508095,67.72151898734177,46.540880503144656,0.0,22.80701754385965,39.40261357,6.70886075949367,46.93333333333333,96.20253164556962,20.0,7.5,44.125,17.75,21.625,20.0,8.25,0.22116689280868385,0.29958391123439665,0.5367847411444142,0.07240437158469948,0.0776566757493188,0.6227951153324288,0.9250681198910081,0.38696255201109575,0.8154681139755766,0.6791044776119404,0.2204081632653061,0.16530612244897958,0.4842681258549931,0.05737704918032782,0.9469387755102041,0.6188524590163934,0.14049586776859502,0.9405737704918032,0.45170068027210886,0.44112149532710276,0.2718579234972678,0.1948228882833788,0.5423497267759563,0.680461329715061,0.10379918588873813,0.45115332428765265,0.3582089552238806,0.43012211668928085,0.3941655359565807,0.4762550881953867,47,4.5,13.3,32,17
06073019405,0.4123372732447275,1.0,0.3542601974408248,1.0,0.5269672047923648,1.0,0.28880491388320484,1.0,0.6302826259706547,1.0,0.3340170138423589,1.0,0.47164179104477616,1.0,1.0,0.4311872886027017,43.118728860270174,4050,318,82000.0,5.6,5.9,27.3,282,87.8,37.43016759776536,3394,310,18.6,11.6,76.99346405228759,8.785714285714285,10.674442190669371,43.142857142857146,21.428571428571427,0.0,27.901234567901234,22.53889235,3.642857142857143,44.738154613466335,92.42857142857143,19.0,8.0,47.375,20.0,23.75,20.625,9.625,0.5257801899592944,0.2593619972260749,0.4502724795640327,0.41393442622950816,0.27520435967302453,0.4226594301221167,0.6267029972752044,0.020804438280166426,0.6383989145183175,0.7198100407055631,0.2204081632653061,0.5292517006802722,0.06976744186046513,0.2704918032786885,0.48299319727891155,0.3319672131147541,0.556473829201102,0.9405737704918032,0.34557823129251697,0.6785046728971962,0.5068306010928962,0.24931880108991822,0.2459016393442623,0.6546811397557666,0.1255088195386703,0.49050203527815467,0.4443690637720488,0.47829036635006783,0.41044776119402987,0.5345997286295794,47,5.0,9.9,35,17
06073019406,0.4084814359477981,1.0,0.5259615585799408,1.0,0.3223516000701502,1.0,0.5679596771991298,1.0,0.4048687184274077,1.0,0.16014750624122134,1.0,0.42388059701492536,1.0,1.0,0.4019501562115105,40.19501562115105,4648,345,97750.0,5.8,7.5,30.7,563,86.2,0.0,4330,616,17.6,13.4,71.52,1.1723329425556859,7.380796864794252,62.95427901524033,40.99099099099099,6.005509641873278,27.753872633390706,20.8089608,8.206330597889801,48.59154929577465,89.5662368112544,17.5,8.0,44.375,18.0,22.125,19.375,8.25,0.49118046132971505,0.39389736477115117,0.42166212534059944,0.3271857923497268,0.32833787465940056,0.8385345997286295,0.5626702997275205,0.6955617198335645,0.3799185888738128,0.26322930800542743,0.3408163265306122,0.30544217687074826,0.16552667578659375,0.8128415300546448,0.726530612244898,0.5669398907103825,0.19146005509641872,0.38387978142076506,0.34693877551020413,0.6971962616822429,0.2103825136612022,0.15803814713896458,0.11202185792349727,0.6051560379918589,0.1255088195386703,0.4559023066485753,0.3656716417910448,0.44301221166892807,0.378561736770692,0.4762550881953867,47,4.5,9.5,33,17
06073017009,0.4847179579612152,1.0,0.42862845954952017,1.0,0.6370639843454342,1.0,0.5307289461724453,1.0,0.6823661202164257,1.0,0.479367986380985,1.0,0.0401628222523745,1.0,1.0,0.4690051824112,46.90051824112,4079,76,96644.0,5.8,10.1,38.2,307,92.1,7.834101382488479,3719,313,15.3,11.0,56.15763546798029,4.2077580539119,10.0,59.96055226824457,19.290465631929045,0.0,17.161068889433686,29.90665837,2.498356344510191,48.66151100535396,97.37015121630506,8.5,16.5,4.875,4.375,1.5,0.0,0.0,0.9287652645861602,0.3855755894590846,0.42166212534059944,0.20286885245901642,0.44959128065395093,0.4694708276797829,0.7983651226158038,0.1969486823855756,0.5481682496607869,0.7177747625508819,0.6693877551020408,0.6129251700680272,0.5376196990424076,0.5300546448087431,0.5210884353741496,0.5341530054644809,0.6046831955922864,0.9405737704918032,0.6122448979591837,0.5719626168224299,0.6325136612021858,0.1539509536784741,0.6516393442622951,0.2327001356852103,0.42469470827679784,0.03934871099050204,0.05698778833107191,0.0407055630936228,0.016960651289009497,0.046811397557666216,10,1.5,5.9,14,57
06073017014,0.5804275123346956,1.0,0.25164153224464747,0.8333333333333334,0.5507033478248831,1.0,0.6831599519334992,1.0,0.46927321257904114,0.75,0.2536702848379268,1.0,0.1559023066485753,1.0,1.0,0.4206825926290384,42.06825926290384,2674,185,75536.0,5.8,0.0,54.8,43,68.0,,2601,773,8.8,14.0,53.87673956262425,0.0,8.975317875841435,65.17067003792667,,10.923423423423422,23.93418100224383,11.47479776,14.72819216182048,36.84210526315789,92.35145385587863,7.0,13.75,14.375,10.25,4.875,6.875,0.625,0.7449118046132972,0.18723994452149792,0.42166212534059944,0.967896174863388,0.6628065395095368,0.024423337856173677,0.10354223433242507,,0.8426051560379919,0.12347354138398914,0.998639455782313,0.23809523809523814,0.5923392612859097,0.950136612021858,0.6,0.5901639344262295,,0.13387978142076506,0.42721088435374155,0.8467289719626168,0.05327868852459017,0.47002724795640327,0.23770491803278687,0.1546811397557666,0.31275440976933516,0.1546811397557666,0.1960651289009498,0.13568521031207598,0.1655359565807327,0.12754409769335143,23,2.5,3.4,14,43
06073017018,0.6194716200418863,1.0,0.6666160394576922,1.0,0.6504945125947259,1.0,0.35227665980612605,1.0,0.4432813881497074,1.0,0.6310681298174039,1.0,0.09090909090909091,1.0,1.0,0.4934453486823761,49.34453486823761,4715,280,116202.0,2.6,5.4,63.9,588,91.3,0.0,4583,320,14.9,9.4,61.40350877192983,9.725814795654424,14.528462192013594,55.25090532850492,22.185430463576157,5.337904015670911,22.481442205726406,46.68326073,2.2762545266425245,33.001730103806224,97.36161407139163,12.0,17.75,10.5,7.5,2.625,4.375,0.0,0.5712347354138398,0.5811373092926491,0.861716621253406,0.4637978142076503,0.7901907356948229,0.8473541383989145,0.7588555858310627,0.6955617198335645,0.31886024423337855,0.7042062415196744,0.7142857142857143,0.8646258503401361,0.3885088919288646,0.24726775956284153,0.3074829931972789,0.46584699453551914,0.5316804407713498,0.43442622950819676,0.46122448979591835,0.3457943925233645,0.6557377049180328,0.5871934604904632,0.6502732240437158,0.4185888738127544,0.4891451831750339,0.09701492537313433,0.12279511533242876,0.06241519674355495,0.1255088195386703,0.046811397557666216,17,1.0,6.1,22,60
06073017021,0.860114204537744,1.0,0.2784351797730284,1.0,0.7208265259971017,1.0,0.8673531049857991,1.0,0.8646077163858945,1.0,0.6058513621496603,1.0,0.08588873812754409,1.0,1.0,0.6118681188509674,61.18681188509674,3087,245,191406.0,2.4,0.0,59.7,259,46.2,5.555555555555555,2947,209,14.5,11.9,28.78787878787879,0.0,8.847535096310805,92.95392953929539,6.607929515418502,3.90625,4.211208292840946,1.39390168,1.1743450767841013,43.608124253285546,97.9223125564589,2.5,12.25,7.0,5.875,3.375,2.5,0.625,0.6397557666214382,0.9445214979195562,0.888283378746594,0.967896174863388,0.7336512261580381,0.3521031207598372,0.014986376021798364,0.24965325936199723,0.7598371777476255,0.8751696065128901,0.763265306122449,0.4850340136054422,0.9425444596443229,0.950136612021858,0.6108843537414965,0.9658469945355191,0.9084022038567493,0.5887978142076502,0.9687074829931973,0.9925233644859813,0.8183060109289617,0.2752043596730245,0.7240437158469946,0.06173677069199457,0.25848032564450474,0.05359565807327001,0.09565807327001356,0.07666214382632293,0.07598371777476255,0.12754409769335143,13,1.0,5.5,5,42
06073000800,0.5090492771587877,1.0,0.7654193045294106,1.0,0.48838599211733535,1.0,0.4251302045789722,1.0,0.5805972999063042,1.0,0.37036747517160257,1.0,0.9377204884667572,1.0,1.0,0.58238143456131,58.238143456131,5283,359,84747.0,4.3,3.2,60.4,978,78.7,0.0,4869,582,16.0,9.8,55.61250640697079,2.528658125421443,16.08910891089109,31.995954146999328,24.42396313364055,3.1352057478772046,23.85008517887564,16.4654636,10.013486176668914,23.021032504780116,89.58192852326366,29.0,30.0,225.375,104.875,103.125,148.125,36.125,0.47421981004070557,0.2843273231622746,0.6301089918256131,0.6475409836065573,0.7425068119891008,0.9782903663500678,0.27588555858310626,0.6955617198335645,0.257123473541384,0.3154681139755766,0.5741496598639455,0.8068027210884354,0.5526675786593707,0.6789617486338797,0.2571428571428571,0.21174863387978143,0.4807162534435262,0.6584699453551912,0.42993197278911566,0.7532710280373832,0.16120218579234968,0.8365122615803815,0.1133879781420765,0.9029850746268657,0.9972862957937585,0.9423337856173677,0.9335142469470827,0.9389416553595658,0.9389416553595658,0.9348710990502035,192,24.25,6.6,53,52
06073003800,0.9845404997318021,0.75,0.619459208424023,1.0,0.5311326022946492,1.0,0.2521676741607814,1.0,0.2683143836156597,0.75,0.5603710983060606,1.0,0.8306648575305292,1.0,1.0,0.5780929034376436,57.80929034376436,4573,0,,0.0,0.0,34.1,1033,81.0,3.6659877800407332,15,0,31.1,15.2,100.0,0.0,31.204898316203806,0.0,,44.44444444444444,10.933741526350317,91.96017424,100.0,28.786453433678272,100.0,23.0,26.75,183.75,85.375,75.25,121.875,27.875,0.9925373134328358,,0.9931880108991825,0.967896174863388,0.385558583106267,0.9864314789687924,0.35149863760217986,0.3148404993065187,0.9905020352781547,0.994572591587517,0.0,0.1394557823129252,0.0020519835841312783,0.950136612021858,0.051700680272108834,0.0047814207650273225,,0.005464480874316946,0.7863945578231293,0.013084112149532756,0.0,0.7125340599455041,0.9685792349726776,0.7706919945725916,0.9077340569877883,0.8466757123473542,0.83921302578019,0.7998643147896879,0.8507462686567164,0.8168249660786974,195,19.25,34.9,44,50
06073003901,0.15371303465873967,1.0,0.6084259738143668,1.0,0.3659487811406788,1.0,0.34603904276159564,1.0,0.35399814897615245,1.0,0.5931505387551307,1.0,0.9248303934871099,1.0,1.0,0.4780151305133963,47.801513051339626,4213,895,73324.0,6.9,19.1,7.5,473,92.3,10.294117647058822,3389,347,20.3,16.3,49.50911640953717,27.38317757009346,10.551674295350518,31.68224299065421,43.67816091954023,1.3824884792626728,29.19534773320674,68.41319228,8.878504672897195,28.449144008056393,98.97196261682242,32.0,28.5,222.25,104.375,92.75,148.75,35.5,0.11126187245590236,0.1608876560332871,0.3208446866485014,0.021857923497267784,0.006811989100817439,0.7564450474898237,0.803133514986376,0.15811373092926495,0.6438263229308006,0.6614654002713705,0.0897959183673469,0.06870748299319729,0.6757865937072504,0.0095628415300546,0.491156462585034,0.20765027322404372,0.16666666666666663,0.8169398907103825,0.31836734693877555,0.11401869158878508,0.19535519125683065,0.720708446866485,0.8633879781420765,0.9545454545454546,0.9715061058344641,0.9280868385345997,0.932157394843962,0.9056987788331072,0.9416553595658074,0.9165535956580733,201,23.75,17.4,53,51
06073003902,0.2734518315015428,1.0,0.6845726090989582,1.0,0.4031572194685201,1.0,0.32129686033773025,1.0,0.1289543878992503,1.0,0.12680474283190146,1.0,0.903663500678426,1.0,1.0,0.40598587883090415,40.59858788309042,3786,586,46875.0,4.2,11.2,14.6,325,96.6,0.0,3097,354,19.4,15.4,72.80453257790369,10.322108345534406,6.467129877071084,21.815519765739385,50.602409638554214,7.452574525745257,60.75013206550449,91.25077785,26.720351390922403,43.76355748373102,89.0922401171303,29.0,29.25,215.625,100.5,88.75,144.375,33.75,0.25848032564450474,0.022191400832177532,0.6423705722070845,0.1707650273224044,0.06880108991825613,0.5061058344640434,0.9482288828337875,0.6955617198335645,0.7109905020352781,0.6478968792401628,0.13537414965986394,0.11836734693877549,0.13679890560875518,0.23224043715846998,0.7931972789115647,0.12295081967213115,0.09917355371900827,0.2896174863387978,0.11020408163265305,0.016822429906542036,0.013661202185792365,0.2683923705722071,0.09836065573770492,0.9029850746268657,0.985753052917232,0.9145183175033921,0.9077340569877883,0.8819538670284939,0.9158751696065129,0.898236092265943,200,22.625,15.6,48,50
06073004000,0.10490050933208972,1.0,0.6079607969920632,1.0,0.31126625684194975,1.0,0.23366937892198436,1.0,0.23297774516274494,1.0,0.4118002511378131,1.0,0.935820895522388,1.0,1.0,0.40548511913014756,40.54851191301476,4253,983,56563.0,8.1,17.8,13.0,392,95.0,12.222222222222221,3782,349,21.2,18.6,80.60686015831135,21.55536770921386,8.672480620155039,32.544378698224854,59.21658986175116,4.2105263157894735,43.73383494004232,65.65028002,7.3541842772612,22.75482093663912,90.4480135249366,33.0,28.0,227.125,106.625,97.25,151.25,35.5,0.09362279511533245,0.05409153952843273,0.23910081743869205,0.032786885245901676,0.04632152588555858,0.6377204884667571,0.9073569482288828,0.12760055478502086,0.5318860244233379,0.6567164179104478,0.045578231292517035,0.010884353741496544,0.0492476060191519,0.04644808743169404,0.6217687074829932,0.21721311475409835,0.03994490358126723,0.5628415300546448,0.17959183673469392,0.14953271028037385,0.24726775956284153,0.8433242506811989,0.1448087431693989,0.9647218453188603,0.9640434192672999,0.9491180461329715,0.9396200814111262,0.9240162822252375,0.9497964721845319,0.9165535956580733,200,24.75,20.9,54,51
06073008800,0.2852443044723386,1.0,0.6833564025419488,1.0,0.22228283443635258,1.0,0.3003278169826833,1.0,0.3287727858579904,1.0,0.40551560181255986,1.0,0.8202170963364992,1.0,1.0,0.43510240606291045,43.51024060629104,6061,1190,83125.0,5.1,7.9,30.5,449,86.3,0.0,5642,801,17.2,13.9,61.80048661800487,10.597014925373134,13.745418193935354,37.014925373134325,28.614457831325304,6.641895030190432,24.913380630259034,60.01244555,11.990049751243781,27.369505494505496,94.5273631840796,27.5,27.0,172.375,82.0,81.5,108.75,27.25,0.046132971506105847,0.27045769764216365,0.5245231607629428,0.29986338797814205,0.3235694822888283,0.7225237449118046,0.5674386920980926,0.6955617198335645,0.13704206241519679,0.10719131614653998,0.3952380952380953,0.24965986394557826,0.37209302325581395,0.22404371584699456,0.33741496598639453,0.2677595628415301,0.3980716253443526,0.33333333333333337,0.39863945578231297,0.18504672897196262,0.10109289617486339,0.7438692098092643,0.37158469945355194,0.8710990502035278,0.9199457259158752,0.819538670284939,0.8236092265943012,0.8378561736770692,0.8100407055630936,0.8100407055630936,187,15.5,11.9,48,52
06073008901,0.4947407883578642,1.0,0.6676578640232468,1.0,0.4350197066614977,1.0,0.2687614103971745,1.0,0.655400840785738,1.0,0.7505198949787326,1.0,0.8169606512890095,1.0,1.0,0.584151593784752,58.4151593784752,5576,233,81859.0,5.6,3.6,55.2,819,64.9,0.0,5064,591,16.2,10.5,65.7973174366617,7.384376214535561,23.605306196620027,47.18227749708511,0.0,0.0,25.28694404591105,49.45861854,2.681694520015546,17.35889243876464,97.82355227361057,22.0,26.0,174.625,81.625,78.75,112.5,25.75,0.664179104477612,0.2565880721220527,0.4502724795640327,0.6079234972677596,0.6723433242506812,0.9511533242876526,0.07901907356948229,0.6955617198335645,0.21709633649932158,0.30393487109905015,0.5360544217687075,0.6829931972789116,0.26402188782489744,0.3278688524590164,0.11020408163265305,0.3729508196721312,0.9855371900826446,0.9405737704918032,0.3945578231292517,0.3009345794392523,0.6161202185792349,0.9291553133514986,0.7062841530054644,0.7333785617367707,0.8744911804613297,0.8256445047489823,0.8188602442333786,0.8222523744911805,0.8222523744911805,0.7957937584803256,186,16.625,7.0,40,52
06073013505,0.28665591129315815,1.0,0.5512234500463115,1.0,0.2788397991489676,1.0,0.6538499482904103,1.0,0.5164951893501286,1.0,0.37318036757443557,1.0,0.6016282225237448,1.0,1.0,0.465981841175308,46.5981841175308,5450,577,113333.0,8.4,13.0,31.4,414,98.4,2.4691358024691357,4917,791,17.2,12.9,53.74823196605375,1.8877551020408163,7.6766931168112205,63.92857142857142,52.28070175438596,3.6855036855036856,16.146788990825687,17.68512757,4.642857142857143,44.75580464371497,95.45918367346938,13.0,18.25,81.125,41.625,37.625,46.25,12.375,0.26594301221166894,0.5533980582524272,0.21457765667574935,0.11270491803278693,0.335149863760218,0.6709633649932157,0.9782016348773842,0.348127600554785,0.24151967435549526,0.11397557666214386,0.3952380952380953,0.36462585034013606,0.5991792065663475,0.7336065573770492,0.708843537414966,0.5737704918032787,0.08402203856749313,0.6079234972677596,0.6394557823129252,0.7345794392523364,0.412568306010929,0.24795640326975477,0.45901639344262296,0.46404341926729986,0.510854816824966,0.6004070556309362,0.6099050203527816,0.6044776119402985,0.5909090909090909,0.6024423337856174,132,9.625,8.8,19,51
06073013506,0.3968754725353782,1.0,0.3881092052857231,1.0,0.44729667986597627,1.0,0.6952972115266236,1.0,0.7716413259347679,1.0,0.4621004005300695,1.0,0.5880597014925373,1.0,1.0,0.5356257138815823,53.56257138815823,4331,429,111304.0,10.9,4.1,30.8,279,75.1,0.0,3968,292,18.1,13.5,41.42394822006473,8.429752066115702,1.2254335260115607,73.96694214876032,12.32876712328767,0.0,16.162549064881087,17.19975109,0.0,40.458452722063036,86.52892561983471,8.0,17.75,76.75,39.25,35.625,45.0,12.375,0.39620081411126185,0.5228848821081831,0.10967302452316074,0.5587431693989071,0.329700272479564,0.41044776119402987,0.20027247956403268,0.6955617198335645,0.47625508819538676,0.7476255088195387,0.27414965986394557,0.291156462585034,0.8057455540355677,0.2882513661202186,0.9918367346938776,0.6953551912568307,0.7658402203856749,0.9405737704918032,0.638095238095238,0.7420560747663552,0.967896174863388,0.3637602179836512,0.0546448087431694,0.20352781546811397,0.4891451831750339,0.5827679782903663,0.5915875169606513,0.5881953867028494,0.5753052917232022,0.6024423337856174,131,9.125,10.4,16,50
06073013604,0.5282818570579505,1.0,0.4318530510802827,1.0,0.4184478811877533,1.0,0.6334320899537855,1.0,0.7153132737659498,1.0,0.5643466198140786,1.0,0.3826322930800543,1.0,1.0,0.5249010094199793,52.49010094199793,5525,586,106622.0,4.9,1.5,43.8,343,72.1,0.0,4649,581,16.8,11.2,61.61449752883031,2.8656126482213438,4.287284719677538,66.699604743083,8.94454382826476,7.198532783127005,11.76470588235294,5.264467953,1.2845849802371543,40.89138900908698,96.29446640316206,9.5,15.75,37.625,17.625,20.375,18.75,7.0,0.25848032564450474,0.47295423023578365,0.5504087193460491,0.8312841530054644,0.5224795640326976,0.5427408412483039,0.15258855585831063,0.6955617198335645,0.31343283582089554,0.31818181818181823,0.4571428571428572,0.5850340136054422,0.38303693570451436,0.6461748633879781,0.8979591836734694,0.6065573770491803,0.8415977961432507,0.30464480874316935,0.7673469387755102,0.9476635514018692,0.7978142076502732,0.34741144414168934,0.5478142076502732,0.2856173677069199,0.3921302578018996,0.35345997286295794,0.35345997286295794,0.41723202170963364,0.36635006784260515,0.4226594301221167,61,4.625,6.4,15,49
06073013802,0.21377712879054053,1.0,0.525853904025067,1.0,0.3522178070685534,1.0,0.37431782282108417,1.0,0.47997247717916014,1.0,0.35659336023386595,1.0,0.7666214382632293,1.0,1.0,0.4384791340545001,43.847913405450015,3125,505,96613.0,11.6,16.0,23.8,223,93.8,1.1428571428571428,2879,663,19.0,13.9,46.771037181996086,10.568181818181818,16.62914120295915,41.25,40.652818991097924,2.2222222222222223,23.68,30.49159925,3.4090909090909087,37.13450292397661,88.06818181818183,19.5,22.75,142.25,67.75,67.875,88.125,25.0,0.3202170963364993,0.3828016643550624,0.08514986376021794,0.06693989071038253,0.23092643051771117,0.28493894165535955,0.8583106267029973,0.3786407766990292,0.7801899592944369,0.20963364993215738,0.16938775510204085,0.24965986394557826,0.7250341997264023,0.22540983606557374,0.24081632653061225,0.30601092896174864,0.19834710743801653,0.7281420765027322,0.43265306122448977,0.5607476635514019,0.5327868852459017,0.4604904632152589,0.07650273224043716,0.6702849389416553,0.73202170963365,0.7557666214382632,0.7672998643147897,0.7801899592944369,0.7469470827679783,0.7829036635006784,195,18.125,12.1,35,51
06073018609,0.3071854960091194,1.0,0.3645762808439445,1.0,0.175930182113551,1.0,0.4697905181897387,1.0,0.670861033744655,1.0,0.437780110480785,1.0,0.37571234735413844,1.0,1.0,0.4002622812479903,40.026228124799026,6249,751,76579.0,3.8,11.9,16.1,491,91.8,8.438818565400844,5609,634,19.1,14.9,59.391771019677996,10.222222222222223,8.566290665358837,63.44444444444445,27.850877192982455,2.2270505160239003,15.362457993278923,8.948350965,9.61111111111111,41.88334504567814,98.66666666666667,9.5,6.0,38.0,17.375,19.625,14.375,8.375,0.17096336499321574,0.20110957004160887,0.7091280653950953,0.14754098360655743,0.09741144414168937,0.7727272727272727,0.782016348773842,0.18862690707350904,0.1424694708276798,0.2401628222523745,0.1612244897959184,0.15986394557823125,0.44459644322845415,0.23360655737704916,0.6326530612244898,0.5683060109289617,0.4118457300275482,0.7254098360655737,0.6639455782312925,0.8822429906542056,0.1789617486338798,0.3174386920980926,0.8169398907103825,0.2856173677069199,0.06105834464043419,0.36024423337856176,0.34260515603799185,0.3989145183175034,0.2903663500678426,0.4864314789687924,44,2.0,12.6,16,17
06073007304,0.6266222427873634,1.0,0.5050981089221115,1.0,0.6126182630447022,1.0,0.3809372796011275,1.0,0.4155584864122228,0.75,0.6708580872827979,1.0,0.5754409769335143,1.0,1.0,0.54101906356912,54.101906356912,3774,661,106491.0,1.1,1.1,50.9,565,53.0,0.0,3318,263,18.4,10.0,52.40174672489083,2.423654871546292,26.609898882384247,22.297624818225884,32.5,4.9308755760368665,22.78749337572867,,8.14348036839554,20.012239902080783,99.36984973339797,9.0,20.0,77.375,37.5,31.875,49.375,9.75,0.20081411126187243,0.47156726768377255,0.9666212534059946,0.8674863387978142,0.6096730245231607,0.841248303934871,0.02861035422343324,0.6955617198335645,0.6567164179104478,0.7944369063772049,0.2387755102040816,0.7605442176870748,0.6251709986320109,0.6871584699453552,0.08027210884353742,0.13114754098360656,0.32093663911845727,0.47267759562841527,0.4530612244897959,,0.21311475409836067,0.8978201634877384,0.9016393442622951,0.26119402985074625,0.5943012211668928,0.587516960651289,0.5834464043419267,0.5549525101763908,0.6058344640434192,0.5454545454545454,128,6.5,6.8,16,50
06073018201,0.4668490056797403,1.0,0.4433125993339495,1.0,0.5423566305762468,1.0,0.2673281092841254,1.0,0.3509925281588045,0.75,0.364559292843565,1.0,0.41533242876526455,1.0,1.0,0.40724722780595657,40.724722780595656,3025,476,77759.0,6.5,0.0,40.7,471,96.0,15.625,2670,346,18.0,12.7,62.04620462046204,8.18394388152767,17.78221778221778,29.15042868277475,9.248554913294797,10.529986052998606,76.36363636363637,,6.703039750584567,28.780934922089823,89.32190179267342,10.5,6.0,39.625,17.75,26.375,13.75,9.25,0.3419267299864315,0.21220527045769763,0.3453678474114441,0.967896174863388,0.48501362397820164,0.751696065128901,0.9325613079019074,0.09847434119278775,0.8222523744911805,0.6635006784260515,0.29047619047619044,0.39319727891156464,0.3693570451436389,0.2991803278688525,0.2108843537414966,0.18989071038251365,0.8333333333333334,0.14617486338797814,0.07346938775510203,,0.27322404371584696,0.7138964577656676,0.10655737704918032,0.3310719131614654,0.06105834464043419,0.39552238805970147,0.3582089552238806,0.5237449118046132,0.27544097693351427,0.5237449118046132,38,3.0,9.3,17,17
06073018101,0.766256177028149,1.0,0.28163618982783134,1.0,0.6401272856496737,1.0,0.5827605327300573,1.0,0.4864408248057386,0.75,0.5958368696118282,1.0,0.3921302578018996,1.0,1.0,0.535026876779311,53.50268767793111,3465,188,119399.0,1.6,1.9,42.8,293,67.2,8.053691275167784,3301,226,16.0,12.0,54.524361948955914,1.915991156963891,11.859917598587405,66.98599852616066,7.482993197278912,8.681022880215343,27.12842712842713,,3.1687546057479734,26.1142498430634,95.43109801031687,11.5,6.0,38.75,17.375,25.25,13.75,7.875,0.7347354138398914,0.6047156726768377,0.9400544959128065,0.7855191256830601,0.5081743869209809,0.44640434192673,0.09536784741144415,0.19278779472954233,0.6635006784260515,0.8493894165535957,0.5741496598639455,0.47346938775510206,0.5718194254445965,0.7295081967213115,0.4163265306122449,0.6133879781420765,0.8829201101928374,0.21857923497267762,0.3578231292517007,,0.5614754098360656,0.771117166212534,0.45491803278688525,0.3860244233378562,0.06105834464043419,0.3778833107191316,0.34260515603799185,0.5027137042062415,0.27544097693351427,0.46200814111261873,40,3.0,6.5,18,17
06073017202,0.8620005816288698,1.0,0.3737454900496666,1.0,0.9255591245996363,1.0,0.6067185957493939,1.0,0.3584544001405828,0.75,0.7884734692256915,1.0,0.05318860244233379,1.0,1.0,0.5668771805480249,56.687718054802495,1734,62,179732.0,3.8,1.1,87.3,50,53.5,0.0,1720,108,11.4,9.9,62.149532710280376,0.0,11.019929660023447,70.70572569906791,19.879518072289155,26.15535889872173,22.49134948096886,,1.7310252996005324,26.65148063781321,99.20106524633822,5.5,15.25,6.5,4.5,2.0,1.875,0.0,0.9518317503392131,0.9195561719833565,0.7091280653950953,0.8674863387978142,0.9931880108991825,0.032564450474898234,0.031335149863760216,0.6955617198335645,0.9572591587516961,0.9708276797829036,0.9891156462585035,0.7850340136054421,0.3638850889192886,0.950136612021858,0.46394557823129257,0.6489071038251366,0.5909090909090908,0.024590163934426257,0.4598639455782313,,0.7295081967213115,0.7561307901907357,0.8797814207650273,0.11533242876526459,0.37449118046132973,0.048846675712347354,0.05970149253731343,0.04952510176390773,0.06105834464043419,0.046811397557666216,12,0.5,3.3,11,56
06073018302,0.4693201854501251,1.0,0.3602675490634903,1.0,0.6416179769058235,1.0,0.4130389775048411,1.0,0.062358138396034914,0.75,0.4297223587101641,1.0,0.37991858887381275,1.0,1.0,0.39374911070061314,39.374911070061316,1222,172,64792.0,4.8,5.6,42.4,71,88.7,0.0,1097,234,17.7,12.5,62.34042553191489,0.0,20.29459901800327,28.462709284627092,44.44444444444444,37.784090909090914,171.03109656301146,,2.89193302891933,30.212014134275616,84.62709284627093,8.0,6.0,37.75,16.0,26.25,12.5,7.875,0.7693351424694708,0.10402219140083217,0.5640326975476839,0.4398907103825137,0.5054495912806539,0.04341926729986431,0.6525885558583107,0.6955617198335645,0.9837177747625508,0.8378561736770692,0.3285714285714286,0.4163265306122449,0.3556771545827634,0.950136612021858,0.15918367346938778,0.1871584699453552,0.16253443526170797,0.012295081967213073,0.01224489795918371,,0.5942622950819672,0.6648501362397821,0.030054644808743168,0.20352781546811397,0.06105834464043419,0.35617367706919945,0.3147896879240163,0.5217096336499322,0.24491180461329715,0.46200814111261873,38,3.0,7.7,13,17
06073017068,0.5950925079451646,1.0,0.5331015152247572,1.0,0.7186354867591542,1.0,0.5084186915330371,1.0,0.7360255893894386,0.75,0.7647853665073482,1.0,0.14192672998643147,1.0,1.0,0.5711408410493332,57.11408410493332,4608,171,156146.0,7.6,4.9,71.9,224,81.1,0.0,4465,291,14.0,8.4,49.63592233009709,3.467561521252797,13.643376680625966,51.90156599552572,13.026315789473683,2.1881838074398248,12.803819444444445,,2.796420581655481,26.324324324324323,99.49664429530202,12.0,19.0,13.75,9.125,4.375,5.625,1.125,0.771370420624152,0.8474341192787794,0.26702997275204354,0.49453551912568305,0.8923705722070845,0.2876526458616011,0.35626702997275206,0.6955617198335645,0.3554952510176391,0.7503392130257802,0.8163265306122449,0.9523809523809523,0.6744186046511628,0.5846994535519126,0.3414965986394558,0.43306010928961747,0.7493112947658402,0.7308743169398907,0.727891156462585,,0.6079234972677596,0.7656675749318801,0.9207650273224044,0.4185888738127544,0.5481682496607869,0.14450474898236093,0.15332428765264586,0.10854816824966079,0.13704206241519673,0.16621438263229307,25,0.5,5.1,21,61
06073013325,0.3454457176257968,1.0,0.595206768004702,1.0,0.2723292166255919,1.0,0.31485369977194083,1.0,0.5719905109675176,0.75,0.1579636991706496,1.0,0.48073270013568525,1.0,1.0,0.39121747318598343,39.121747318598345,5457,950,85455.0,2.5,13.0,29.5,611,88.7,0.0,4871,711,18.2,12.6,75.390625,4.047131147540984,12.3252391464312,34.47745901639344,50.29821073558648,0.0,15.026571376214036,,7.2233606557377055,58.08383233532935,90.98360655737704,20.5,14.75,52.75,27.875,20.875,30.0,7.5,0.10040705563093621,0.2926490984743412,0.8760217983651226,0.11270491803278693,0.305858310626703,0.864314789687924,0.6525885558583107,0.6955617198335645,0.2550881953867028,0.17096336499321574,0.2578231292517007,0.40544217687074835,0.08755129958960328,0.5396174863387978,0.39863945578231297,0.2336065573770492,0.10192837465564741,0.9405737704918032,0.6734693877551021,,0.2513661202185792,0.05585831062670299,0.16666666666666666,0.694708276797829,0.3582089552238806,0.5115332428765265,0.5278154681139756,0.42130257801899595,0.5101763907734057,0.43283582089552236,90,6.625,11.7,35,45
06073013318,0.8882446674338791,1.0,0.6232223440753026,1.0,0.507611063421298,1.0,0.7455066548159485,1.0,0.7367607920194678,0.75,0.6886238541216877,1.0,0.3666214382632293,1.0,1.0,0.6509415448786876,65.09415448786876,7761,47,161486.0,1.5,2.0,47.5,524,89.5,0.0,7475,415,15.5,9.7,9.900990099009901,5.307656176608737,7.537688442211055,83.32550493189291,7.2265625,4.5291479820627805,10.30795000644247,,1.8788163457022076,39.576868829337094,100.0,18.5,14.5,36.5,19.375,13.375,20.625,5.375,0.9694708276797829,0.8654646324549237,0.9461852861035422,0.7718579234972678,0.5667574931880109,0.8073270013568521,0.6866485013623979,0.6955617198335645,0.018995929443690662,0.5427408412483039,0.6448979591836734,0.8238095238095238,0.9904240766073872,0.43442622950819676,0.7156462585034014,0.8415300546448088,0.8911845730027548,0.5122950819672132,0.8068027210884354,,0.7062841530054644,0.3910081743869209,0.9685792349726776,0.6377204884667571,0.34531886024423336,0.3405698778833107,0.41383989145183175,0.29172320217096337,0.41044776119402987,0.37652645861601086,64,5.0,7.8,33,45
06073013317,0.31942306810748883,1.0,0.5803488331484017,1.0,0.39147536898069946,1.0,0.40018498821564463,1.0,0.5079228981932835,0.75,0.42521577502816615,1.0,0.39918588873812755,1.0,1.0,0.4319652600588303,43.19652600588303,18047,1349,129469.0,7.1,8.8,42.2,1515,90.1,2.2606382978723407,16685,1026,15.4,9.3,83.5285505124451,4.857304857304857,11.712022046159145,72.61387261387262,16.74660271782574,6.154664774742816,21.11154208455699,,4.384804384804385,51.440379239090795,97.88319788319788,17.0,14.0,39.25,20.0,16.125,21.875,5.375,0.03663500678426057,0.6865464632454924,0.2990463215258855,0.25546448087431695,0.5013623978201635,0.9986431478968792,0.7132152588555858,0.35367545076282936,0.0,0.031207598371777445,0.6571428571428571,0.8775510204081632,0.02735978112175108,0.47267759562841527,0.4285714285714286,0.6721311475409836,0.6487603305785123,0.3770491803278688,0.49795918367346936,,0.4426229508196722,0.11307901907356943,0.7199453551912568,0.5888738127544098,0.32632293080054275,0.3914518317503392,0.4443690637720488,0.3466757123473541,0.4369063772048847,0.37652645861601086,59,6.25,7.9,31,44
06073015407,0.12404877534620373,1.0,0.5840906862879451,1.0,0.20745230249494645,1.0,0.19060565514806763,1.0,0.48684258872677005,0.75,0.3279308924326122,1.0,0.5709633649932158,1.0,1.0,0.35599060934710874,35.59906093471088,3640,714,49544.0,11.4,10.4,24.1,395,89.1,0.0,3226,784,22.9,18.2,71.98275862068965,5.138339920948617,36.417322834645674,22.450592885375496,31.645569620253166,4.815650865312264,16.20879120879121,,16.363636363636363,38.371116708648195,95.96837944664031,23.5,17.5,69.5,33.375,36.25,40.0,11.375,0.18046132971506101,0.027739251040221916,0.09400544959128065,0.19398907103825136,0.23433242506811988,0.6417910447761194,0.6723433242506812,0.6955617198335645,0.6797829036635007,0.11533242876526462,0.0156462585034014,0.01904761904761909,0.15458276333789334,0.4521857923497268,0.020408163265306145,0.13524590163934427,0.3360881542699724,0.4877049180327869,0.636734693877551,,0.040983606557377095,0.4318801089918256,0.5109289617486339,0.7869742198100407,0.4735413839891452,0.5590230664857531,0.5597014925373134,0.592944369063772,0.5583446404341926,0.5848032564450475,104,6.25,15.2,40,51
06073008367,0.5714640488123481,1.0,0.3678059435564765,1.0,0.6628804031789106,1.0,0.5639334040898097,1.0,0.6899335826097589,0.75,0.8634754545048465,1.0,0.08222523744911805,1.0,1.0,0.5431025820287526,54.31025820287526,3394,247,122266.0,7.3,2.3,64.3,135,80.8,16.346153846153847,2985,251,16.1,11.6,59.21501706484642,2.912621359223301,7.100766057748968,50.24271844660194,13.777777777777779,3.8880248833592534,12.080141426045964,,0.0,30.840258541089565,100.0,11.0,17.5,10.5,6.75,3.5,2.5,0.0,0.6309362279511533,0.6338418862690708,0.28542234332425065,0.735655737704918,0.797683923705722,0.1451831750339213,0.33787465940054495,0.09570041608876556,0.748303934871099,0.8175033921302578,0.5564625850340136,0.5292517006802722,0.4500683994528044,0.6379781420765027,0.7510204081632653,0.4166666666666667,0.7258953168044078,0.5901639344262295,0.7537414965986394,,0.967896174863388,0.6539509536784741,0.9685792349726776,0.3568521031207598,0.4735413839891452,0.09701492537313433,0.10922659430122117,0.08208955223880597,0.07598371777476255,0.046811397557666216,19,1.0,8.3,18,59
06073010017,0.371358098947362,1.0,0.5151321012960147,1.0,0.37407420227249655,1.0,0.3910223296333402,1.0,0.3184438748628657,0.75,0.593558761781391,1.0,0.4023066485753053,1.0,1.0,0.4236994310526822,42.36994310526822,6562,398,112388.0,8.1,8.6,28.3,667,88.5,2.368421052631579,5933,625,16.2,11.1,63.07977736549165,16.923076923076923,10.822843107153822,70.38461538461539,31.462140992167104,6.330416881111684,34.74550441938434,,2.142857142857143,43.645007923930265,98.79120879120879,17.5,13.25,40.75,19.875,17.75,23.125,4.75,0.4301221166892809,0.5423023578363384,0.23910081743869205,0.2739071038251366,0.28814713896457766,0.9023066485753053,0.6450953678474114,0.35090152565880717,0.1099050203527816,0.25101763907734054,0.5360544217687075,0.5993197278911564,0.33378932968536257,0.10928961748633881,0.47346938775510206,0.6475409836065574,0.3429752066115702,0.360655737704918,0.2517006802721088,,0.6762295081967213,0.2724795640326976,0.8319672131147541,0.6051560379918589,0.29918588873812757,0.4084124830393487,0.4355495251017639,0.3724559023066486,0.4552238805970149,0.33989145183175035,52,7.375,9.2,31,44
06073005602,0.7452003140936395,1.0,0.5836429075824741,0.8333333333333334,0.7942091490598954,1.0,0.453780449465337,1.0,0.32524217201670896,0.75,0.5962550190338639,1.0,0.9284938941655358,1.0,1.0,0.6324034150596365,63.24034150596365,2096,245,104896.0,1.4,0.4,69.9,170,57.3,,1948,239,16.4,9.0,63.177570093457945,0.0,30.851581508515814,56.341275941583405,7.6923076923076925,13.612217795484726,174.1412213740458,,4.996156802459646,24.553039332538738,96.771714066103,26.5,28.25,222.125,101.5,99.125,147.5,36.25,0.6397557666214382,0.4590846047156727,0.952316076294278,0.9296448087431695,0.8678474114441417,0.19063772048846675,0.040190735694822885,,0.9294436906377205,0.8331071913161465,0.5027210884353741,0.9115646258503401,0.332421340629275,0.950136612021858,0.05442176870748294,0.4781420765027322,0.8774104683195593,0.08743169398907102,0.010884353741496544,,0.38387978142076506,0.8119891008174387,0.592896174863388,0.8514246947082768,0.9681139755766621,0.926729986431479,0.9165535956580733,0.9253731343283582,0.9362279511533242,0.937584803256445,195,24.25,6.4,48,51
06073001301,0.5385899719104799,1.0,0.7475545473147408,1.0,0.804039404092709,1.0,0.4735280292063452,1.0,0.08686122147906265,0.75,0.687250289106277,1.0,0.9639077340569878,1.0,1.0,0.6145330281666574,61.45330281666575,2816,262,100764.0,3.2,7.3,58.5,656,79.8,0.0,2430,146,16.9,8.2,41.77215189873418,0.9416195856873822,24.11221590909091,24.921531701192716,84.18079096045197,9.949123798756359,66.05113636363637,,8.976773383553043,19.98820754716981,100.0,29.0,28.75,234.5,112.125,108.375,157.5,39.125,0.6010854816824966,0.4174757281553398,0.797683923705722,0.33811475409836067,0.7159400544959128,0.8921302578018996,0.30313351498637603,0.6955617198335645,0.8738127544097694,0.9382632293080054,0.4387755102040817,0.9653061224489796,0.8002735978112175,0.8346994535519126,0.10340136054421767,0.1557377049180328,0.004132231404958664,0.16393442622950816,0.09251700680272112,,0.19398907103825136,0.8991825613079019,0.9685792349726776,0.9029850746268657,0.9755766621438263,0.9626865671641791,0.9633649932157394,0.9626865671641791,0.9681139755766621,0.9626865671641791,192,23.75,6.6,52,52
06073021306,0.4800684186487224,1.0,0.3875829783574465,1.0,0.5460678979868745,1.0,0.9755768405341549,1.0,0.708565582218978,0.75,0.4370505203912985,1.0,0.45386702849389415,1.0,1.0,0.569825609518767,56.98256095187671,4665,497,162697.0,9.9,3.9,49.7,226,80.5,0.0,4579,479,14.1,11.1,18.181818181818183,0.0,0.9623797025371827,94.32955303535691,10.707803992740473,5.959849435382685,6.216505894962487,,0.733822548365577,51.04232469993683,93.79586390927285,1.5,15.25,44.5,21.75,21.25,26.25,7.125,0.3229308005427408,0.8682385575589459,0.1478201634877384,0.5812841530054644,0.5940054495912807,0.29172320217096337,0.32697547683923706,0.6955617198335645,0.32428765264586157,0.45590230664857534,0.8047619047619048,0.5993197278911564,0.9767441860465116,0.950136612021858,0.9959183673469387,0.9795081967213115,0.803030303030303,0.38661202185792354,0.9360544217687075,,0.8811475409836066,0.11852861035422346,0.3114754098360656,0.042740841248303935,0.37449118046132973,0.45725915875169604,0.47421981004070557,0.42469470827679784,0.4843962008141113,0.4287652645861601,79,5.125,6.8,3,48
06073013319,0.5551443805497414,1.0,0.6135592402237405,1.0,0.3809394585513989,1.0,0.4167891460816122,1.0,0.4183526465727871,0.75,0.5272380300074945,1.0,0.29158751696065127,1.0,1.0,0.45765863127820366,45.76586312782037,9371,395,133750.0,2.6,9.9,51.7,613,90.2,0.0,8592,1192,15.2,9.7,72.6530612244898,1.7657992565055762,15.88033454857388,58.82899628252788,38.59649122807017,1.4952700640830028,37.66940561306157,,2.0136307311028503,53.150614754098356,98.45105328376704,13.0,13.75,29.125,14.25,11.75,16.875,4.75,0.43419267299864317,0.7142857142857143,0.861716621253406,0.2103825136612022,0.6280653950953679,0.8656716417910447,0.715258855585831,0.6955617198335645,0.013568521031207648,0.005427408412483015,0.680952380952381,0.8238095238095238,0.146374829001368,0.744535519125683,0.26258503401360545,0.5136612021857924,0.2272727272727273,0.8073770491803278,0.2204081632653061,,0.6912568306010929,0.0926430517711172,0.7978142076502732,0.46404341926729986,0.31275440976933516,0.2645861601085482,0.2693351424694708,0.25508819538670285,0.32903663500678426,0.33989145183175035,52,4.125,7.5,22,44
06073013324,0.6028357823865057,1.0,0.48072914990249566,1.0,0.8489433629625528,1.0,0.3126664810033811,1.0,0.5959342812227633,0.75,0.6467567983403066,1.0,0.45373134328358217,1.0,1.0,0.5630853141573696,56.308531415736965,2899,91,127716.0,4.2,10.4,47.7,125,84.7,0.0,2478,152,15.2,9.0,63.96694214876033,5.408388520971302,15.313059033989266,33.22295805739514,27.513227513227513,2.054054054054054,16.902380131079685,,2.759381898454746,40.57843996494303,100.0,19.0,14.75,46.0,24.875,17.75,26.875,7.0,0.9023066485753053,0.6726768377253814,0.6423705722070845,0.19398907103825136,0.5701634877384196,0.12415196743554953,0.4816076294277929,0.6955617198335645,0.8697421981004071,0.9335142469470827,0.680952380952381,0.9115646258503401,0.32010943912448697,0.4289617486338798,0.27755102040816326,0.22404371584699453,0.42011019283746553,0.7513661202185793,0.616326530612245,,0.610655737704918,0.3610354223433242,0.9685792349726776,0.6546811397557666,0.3582089552238806,0.4769335142469471,0.5047489823609227,0.3724559023066486,0.4918588873812754,0.4226594301221167,82,5.625,7.1,34,45
06073009000,0.4658705963528077,1.0,0.5692523501016485,1.0,0.5555416332068784,1.0,0.4739978911884998,1.0,0.44888031085444824,1.0,0.7739213730190636,1.0,0.7967435549525101,1.0,1.0,0.5834582442394082,58.34582442394082,3778,274,117161.0,5.2,10.6,55.3,251,51.3,0.0,3484,441,15.9,11.6,38.991596638655466,8.501440922190202,14.108443485298084,52.809798270893374,36.2962962962963,5.770536320434488,15.087347803070408,36.70192906,1.6570605187319885,27.81712813908564,98.84726224783861,24.5,26.0,164.375,76.0,75.5,105.0,25.125,0.5753052917232022,0.5880721220527045,0.5115803814713896,0.1885245901639344,0.6743869209809265,0.33649932157394846,0.027247956403269755,0.6955617198335645,0.6037991858887382,0.5,0.5891156462585034,0.5292517006802722,0.8454172366621067,0.2827868852459017,0.326530612244898,0.4412568306010929,0.25619834710743805,0.3989071038251366,0.6693877551020408,0.47102803738317756,0.744535519125683,0.7343324250681199,0.842896174863388,0.8073270013568521,0.8744911804613297,0.8032564450474898,0.7924016282225237,0.8018995929443691,0.8005427408412483,0.7856173677069199,185,14.5,8.4,43,52
06073009101,0.7816661831376364,1.0,0.540157508824728,1.0,0.6105502173732451,1.0,0.6601062575239779,1.0,0.3991835576382732,1.0,0.777981268891172,1.0,0.689416553595658,1.0,1.0,0.6370087924263844,63.70087924263844,5425,270,136356.0,1.2,1.4,62.4,404,76.5,73.13432835820896,5058,276,14.6,10.4,37.242128121606946,0.47068891741548996,13.263041065482797,59.69191270860077,20.858895705521473,4.3780687397708675,24.147465437788018,74.78531425,2.053915275994865,25.637025481019244,99.10141206675225,26.0,23.5,118.875,55.375,54.0,71.875,17.125,0.5881953867028493,0.7350901525658807,0.9632152588555858,0.8401639344262295,0.771117166212534,0.6506105834464043,0.22479564032697547,0.00554785020804438,0.21845318860244234,0.7727272727272727,0.754421768707483,0.6965986394557824,0.8686730506155951,0.8866120218579235,0.35918367346938773,0.5259562841530054,0.5757575757575757,0.5286885245901639,0.4231292517006803,0.06915887850467295,0.6844262295081966,0.776566757493188,0.8729508196721312,0.8385345997286295,0.7503392130257802,0.694708276797829,0.6933514246947082,0.6967435549525102,0.683853459972863,0.6784260515603799,169,9.375,5.2,47,52
