tract_geoid,total_population,yoi_z_raw,yoi_z_0_100,yoi_z_level,yoi_domain_coverage_z,yoi_custom_0_100,yoi_0_100,economic_score_z,economic_score_z_0_100,economic_coverage_z,education_score_z,education_score_z_0_100,education_coverage_z,health_score_z,health_score_z_0_100,health_coverage_z,housing_score_z,housing_score_z_0_100,housing_coverage_z,safety_env_score_z,safety_env_score_z_0_100,safety_env_coverage_z,mobility_connectivity_score_z,mobility_connectivity_score_z_0_100,mobility_connectivity_coverage_z,youth_supports_score_z,youth_supports_score_z_0_100,youth_supports_coverage_z,poverty_rate,median_hh_income,unemployment_rate,snap_or_assist_rate,hs_plus,ba_plus,school_enrollment,youth_disconnection_proxy,uninsured_rate,disability_rate,frequent_mental_distress,poor_physical_health,rent_burden_proxy,overcrowding_proxy,moved_past_year_proxy,homeownership_rate,single_parent_proxy,vacancy_rate,crime_rate_per_1k,env_burden,no_vehicle_rate,commute_time_proxy,internet_sub_rate_proxy,service_count,services_per_10k,z_poverty_rate,z_median_hh_income,z_unemployment_rate,z_snap_or_assist_rate,z_hs_plus,z_ba_plus,z_school_enrollment,z_youth_disconnection_proxy,z_uninsured_rate,z_disability_rate,z_frequent_mental_distress,z_poor_physical_health,z_rent_burden_proxy,z_overcrowding_proxy,z_moved_past_year_proxy,z_homeownership_rate,z_single_parent_proxy,z_vacancy_rate,z_crime_rate_per_1k,z_env_burden,z_no_vehicle_rate,z_commute_time_proxy,z_internet_sub_rate_proxy,z_service_count,z_services_per_10k
06073017039,6711,0.6534859889085177,65.98494516195585,High,1.0,65.98494516195585,65.98494516195585,0.3557252740925487,54.80070550712942,1.0,0.7851242319471948,67.84711610490932,1.0,0.2334897502672033,53.28283091591918,1.0,0.20539342197881788,53.24288734094729,1.0,0.4758051604292192,56.99885115383155,1.0,0.5447564911609925,58.390527377033756,1.0,1.974107592483648,70.46973213160003,1.0,352,135750.0,4.7,4.8,61.9,642,88.8,0.0,6452,291,14.1,9.9,50.38363171355499,3.4561336878085833,17.109634551495017,68.55298139004937,21.151586368977675,2.155332590115199,9.089554462822232,30.52893591,0.6456513482719332,27.136150234741784,95.1386251424231,27.0,40.23245417970496,0.25118259945893456,0.5279351267427691,0.3705144271277416,0.2732689430407495,0.8832646703611972,1.2458922376537056,0.5249747641210057,0.4863652556528707,-1.6203634688864528,0.760222960249495,0.9212311235130836,0.8728683861926875,0.34070050716639527,0.4927943431396325,-0.5224677544850446,0.5105465920942883,0.30257906566792125,0.620726699403184,0.6878616768074034,0.2920531998383682,0.8767725108130564,0.7023927586922255,0.05510420397769547,2.6731951638449805,1.2750200211223153
06073017040,4386,0.33157848123335004,58.13132789101711,Moderate,1.0,58.13132789101711,58.13132789101711,0.4977976570332448,56.734776903460286,1.0,0.06976165823347477,51.59330383764317,1.0,0.3251627042414388,54.58881104168263,1.0,0.5056024387746356,58.01051952338931,1.0,0.6747659138309379,59.84416187251088,1.0,0.5664853225813827,58.72413124938422,1.0,-0.3185263260616643,46.70100638637169,1.0,329,166042.0,6.1,4.0,59.2,105,85.0,0.0,4304,503,14.0,10.5,70.64220183486239,1.0723860589812333,7.144546960018926,91.48793565683646,12.6232741617357,0.0,20.51983584131327,22.85003111,0.0,35.4140127388535,97.58713136729224,5.0,11.399908800729596,0.3152467582166804,1.254763221294036,-0.007914752757983695,0.4290954013802463,0.7538939670359597,-1.15114410524509,0.18993151549015866,0.4863652556528707,-0.19457011039907113,-0.10183424544641304,0.9588929204413199,0.6381622523699194,-0.9225642944355745,0.8535760232800664,0.6775716051317453,1.4138264211223053,0.8124789502778463,0.948225856976042,0.31738270664327484,0.6209761414265884,0.9973242970865002,0.06917184649799576,0.6329598241596524,-0.30267462612805834,-0.3343780259952703
06073017043,5590,0.63092304803335,65.43447430335382,High,1.0,65.43447430335382,65.43447430335382,0.892671269807291,62.110302701115856,1.0,0.364503938568935,58.29016759293893,1.0,0.49443131438826726,57.00022499949498,1.0,0.25427423540431315,54.0191656209226,1.0,0.7604554975410933,61.06959697386172,1.0,0.6264498864472284,59.644770299060895,1.0,1.023675194076322,60.61618908035827,1.0,248,175450.0,3.8,1.4,69.4,413,87.5,9.090909090909092,5294,451,13.2,8.4,62.64462809917355,6.638616175783076,6.171735241502684,71.71575502571295,7.099697885196375,0.0,15.742397137745977,26.17299315,4.160822814399252,24.148488327592805,97.98971482000935,17.0,30.41144901610018,0.5408640129722201,1.4804993467904812,0.6137903284828509,0.9355313909836113,1.2426277351535242,0.2236923819296382,0.410354705378874,-0.41865906818629633,-0.8517095074672778,0.10961374840352665,1.2601872958672122,1.459633720749608,-0.4238591371606307,0.01112364732282034,0.7947218399891406,0.6351105914659223,1.1427284577536472,0.948225856976042,0.4722293383500367,0.4786383370846472,0.22044274331040903,0.9309360568242159,0.7279708592070602,1.320527077493599,0.726823310659045
06073003103,6442,-0.04892140361298387,48.84822514886291,Moderate,1.0,48.84822514886291,48.84822514886291,0.15072169127209545,52.00993394779063,1.0,-0.12936315552143035,47.068972457369156,1.0,-1.0711483800858697,34.696853310864974,1.0,0.6223294017639807,59.86426539433769,1.0,0.6383304523062201,59.32310328460441,1.0,-0.7989946689315409,37.75984633352262,1.0,0.24567483390565742,52.55032342208575,1.0,436,118317.0,4.6,5.8,16.0,689,93.5,20.92198581560284,6044,932,17.6,13.9,42.3728813559322,7.798960138648179,9.892541087231352,92.83651068746389,16.615384615384617,0.0,20.645762185656626,20.58494088,6.81686886192952,53.03584491587417,91.33448873483536,11.0,17.075442409189694,0.017209150082819348,0.10964666205531907,0.39754508283386497,0.07848587011637842,-1.3160372861678424,1.4556887145927062,0.9393703611117907,-1.596474411622376,-1.349542384034101,-1.8462801947084155,-0.39693176897519516,-0.6918391726257672,0.8402273197997135,-0.16449513018561104,0.3466461534105303,1.4669392640312895,0.5737943653095439,0.948225856976042,0.313301174367381,0.7180004125719134,-0.2754767592373301,-1.2788225953188486,-0.8426846522384441,0.5089262256827704,-0.017576557871455522
06073003105,4870,0.16483148869937617,54.06318089469611,Moderate,1.0,54.06318089469611,54.06318089469611,-0.2112466581577885,47.08235677537382,1.0,0.12412104479508809,52.82840796050688,1.0,-0.3128036932750338,45.50029147357117,1.0,0.015192552892953542,50.22229923782926,1.0,0.7337774236472584,60.688077461565825,1.0,-0.46932248027992424,42.82132049256214,1.0,1.2741022312730799,63.21247430416609,1.0,413,112842.0,5.6,11.5,26.0,501,90.4,4.375,4574,359,17.7,14.5,83.5820895522388,7.615384615384616,4.476386036960986,79.15384615384615,14.181818181818182,0.3067484662576687,12.114989733059549,20.43559428,5.076923076923077,62.782152230971136,97.3076923076923,18.0,36.96098562628337,0.08127330884056518,-0.02172082169181504,0.12723852577263253,-1.0317776455525367,-0.8368865331114068,0.6165028068367033,0.6660456056497842,0.05082229980527162,-0.3737899459631275,0.4837140452149584,-0.4345935659034309,-0.9265453064485354,-1.7294576038923202,-0.13671086103113309,0.9988831938226287,0.9280554826726388,0.7192950474506596,0.9016159440805184,0.5898010861621954,0.7243976168956602,0.04939450907625042,-2.024373225753396,0.5670112758373731,1.4557938861287372,1.0924105764174228
06073008101,3511,0.24089542745792675,55.918922214443725,Moderate,1.0,55.918922214443725,55.918922214443725,0.455085022155268,56.15331776503012,1.0,-0.05936516113609794,48.659402683426315,1.0,0.7272798003682538,60.317402878255585,1.0,-0.026664473873196204,49.55756601295295,1.0,0.11003676811679586,51.768047040925275,1.0,0.2777562675188252,54.2912591374228,1.0,0.20213976905563869,52.09897660724956,1.0,246,117411.0,5.0,1.6,73.4,384,57.3,0.0,3451,324,14.1,9.6,45.04854368932038,2.839295854628052,17.802703480011502,36.28620102214651,4.712041884816754,19.257221458046768,22.78553118769581,16.60236465,2.0442930153321974,33.599361532322426,94.94605337876206,8.0,22.785531187695813,0.5464348093859371,0.08790804282702619,0.2894224600093719,0.8965747763987368,1.4342880363760986,0.09424349190344625,-2.2523574284768073,0.4863652556528707,0.3716318145495958,0.626034810306264,0.9212311235130836,0.9902214531040718,0.6733808925098417,0.5861531312671048,-0.6059301410935319,-0.7602617781761994,1.2854841976347378,-1.9778765151720992,0.24394685228075752,0.8885925377237873,0.6156273095030018,0.20798486637398508,0.009656626679488717,0.103125799777356,0.30115373833392134
06073008102,3591,0.41090564389805456,60.06668248792435,High,1.0,60.06668248792435,60.06668248792435,0.4496310707279817,56.0790715868908,1.0,0.20050105836307944,54.563844572825644,1.0,0.8368722209699395,61.878665137572945,1.0,0.9940765262187541,65.76799731151156,1.0,0.4046857274292539,55.98178179939148,1.0,0.09330797055107702,51.459414896634655,1.0,-0.10273506697370334,48.938207543516604,1.0,170,203039.0,12.6,2.8,74.6,284,73.5,0.0,3403,203,13.6,10.3,24.316109422492403,0.0,10.868957809443978,75.01799856011519,10.92436974789916,13.780260707635009,16.70843776106934,4.443061605,1.5838732901367891,41.33476856835307,94.74442044636427,6.0,16.70843776106934,0.7581250731071842,2.1424714945712453,-1.7649073736559946,0.6628350888894917,1.4917861267428703,-0.35213199094549147,-0.8240151579979318,0.4863652556528707,0.4034931186498725,1.1180580267647775,1.1095401081542662,0.7163976303108418,1.9661944674059213,1.015882317553658,0.22906178826702234,0.7651675316484148,0.9140548709908491,-1.1456615521331053,0.4409179713403822,1.4094316195188896,0.7015938616621362,-0.38374053340355163,-0.03792941660535353,-0.16740781749292022,-0.03806231645448646
06073008301,3190,0.3742834486068164,59.17320626080514,Moderate,1.0,59.17320626080514,59.17320626080514,1.2685699435462676,67.22751730503177,1.0,-0.05535162900144994,48.750594479366306,1.0,1.0012865970965148,64.22092529503936,1.0,0.5518044829149831,58.74425615425121,1.0,0.6300994059701821,59.20539220859843,1.0,0.043309610318245394,50.69178748666755,1.0,-0.8197342705970283,41.50476721420172,1.0,75,216823.0,2.9,2.5,66.3,195,73.0,1.8518518518518516,2944,217,12.2,10.6,50.47169811320755,0.0,14.650283553875235,83.07349665924276,17.981072555205046,0.0,9.717868338557992,27.71624144,2.1529324424647367,34.07172995780591,92.20489977728286,1.0,3.1347962382445145,1.022737902758743,2.4732056308215644,0.85706622983796,0.721270010766803,1.0940910017060288,-0.749406170681046,-0.8680997959756749,0.3020084489448923,0.7081668391087683,1.0611297207282553,1.6368052651495775,0.5990445633994582,0.3352089457077767,1.015882317553658,-0.2263019687692175,1.0824286371677154,0.4921411488224326,0.948225856976042,0.6674967295314382,0.4125338885508158,0.5953428680074421,0.17185071155710716,-0.6372647486098131,-0.8437418606686108,-0.7957266805254457
06073008306,2711,0.7580851764623506,68.53686447515153,High,1.0,68.53686447515153,68.53686447515153,0.6874872151863907,59.317074328286196,1.0,0.23204150414908775,55.280477652985674,1.0,1.1458844861177764,66.28087821574694,1.0,1.4026879417564124,72.25717260552182,1.0,0.602181781813748,58.8061460563084,1.0,1.0170963556981223,65.64238574099583,1.0,0.21921695051491719,52.27602312100987,1.0,247,204779.0,7.0,4.8,70.6,132,84.8,0.0,2561,195,12.2,10.0,12.643678160919542,0.0,8.905380333951761,92.03296703296702,24.372759856630825,2.062780269058296,12.541497602360751,11.94772869,1.8315018315018317,16.4778578784758,98.62637362637363,7.0,25.820730357801548,0.5436494111790786,2.1842211606388275,-0.251190654113093,0.2732689430407495,1.3001258255202959,-1.0306227248758768,0.17229766029906118,0.4863652556528707,0.962393494742226,1.150588487357076,1.6368052651495775,0.8337506972222263,2.6940529230406898,1.015882317553658,0.46552436168817507,1.435292164743127,0.10998808755291366,0.6347898687333189,0.5759770873511998,1.0879720836175597,0.6553582840957896,1.51770632604312,0.8782244569554575,-0.03214100885778211,0.47057490988761647
06073010402,5528,-0.6924770600240006,33.147318219099574,Low,1.0,33.147318219099574,33.147318219099574,-1.2346435337529555,33.15056663281529,1.0,-0.14589211525632986,46.693416594683264,1.0,-0.7228734456003219,39.65840547015862,1.0,-0.6108938437998626,40.279394505250906,1.0,-0.3257745850879409,45.53556805502258,1.0,-0.9505246819823707,35.433398207847716,1.0,-0.8567372146882235,41.121141715706216,1.0,778,70125.0,9.3,16.9,19.4,522,96.0,17.94871794871795,4726,599,19.3,14.4,64.22697368421053,12.589729431253453,11.806069578090304,26.449475427940367,50.14925373134328,7.270865335381464,16.461649782923303,41.18232732,11.209276642738818,40.23904382470119,88.73550524572059,1.0,1.808972503617945,-0.9353970366627926,-1.0466751236509617,-0.8728957353539278,-2.08360623934414,-1.1531260301286543,0.7102416582349803,1.159793551000506,-1.3004776401321514,-0.47468407561400366,-0.492199772553994,-1.0371823167552157,-0.8874276174780741,-0.5225295502044953,-0.8895810300724211,0.1162106972542724,-1.147675492176806,-1.4311645969376157,-0.15656988688446993,0.4489168781883343,-0.16428073471801227,-1.095598339460401,-0.2999222987633418,-1.4560534077233696,-0.8437418606686108,-0.8697325687078361
06073010501,1265,0.34627765365700974,58.48994541829594,Moderate,1.0,58.48994541829594,58.48994541829594,0.682617530936534,59.25078194392644,1.0,-0.39587213529957654,41.013599861670365,1.0,0.9651610093343935,63.70627732523451,1.0,0.6484914613732174,60.279746177304304,1.0,0.04793222281855843,50.87989837142866,1.0,0.2974271724945429,54.59326755865706,1.0,0.17818631394139844,51.85064079547624,1.0,74,121310.0,4.4,0.7,48.4,79,75.9,4.285714285714286,1151,153,15.5,11.5,23.39622641509434,2.166064981949458,12.569169960474309,51.98555956678699,11.76470588235294,5.621805792163544,48.22134387351779,41.68014935,2.166064981949458,30.859375,94.40433212996388,4.0,31.620553359683793,1.0255233009656015,0.1814608865037524,0.45160639424611126,1.0718795420306708,0.23641115373500898,-1.2672017307858139,-0.6124088957047646,0.05971093155726345,1.8983193026878535,1.3213734054666426,0.39396596651777216,0.2469853626653057,2.023555664068835,0.6880470408530283,0.024314817183660575,-0.14195167661265415,0.8638119521601249,0.09400193375620676,-0.5804802442265581,-0.18560475041553984,0.5928908463436959,0.4175820625747322,-0.11819139143479936,-0.43794143476319647,0.7943140626459934
06073010502,5892,-0.5662384184562718,36.227177967747004,Low,1.0,36.227177967747004,36.227177967747004,-1.24528317679115,33.00572617303408,1.0,-0.013042373364529097,49.71190657977469,1.0,-1.098676914037969,34.30467964704968,1.0,-0.6751261469073024,39.259318563775494,1.0,-0.3812309003400229,44.742494820691704,1.0,-0.1504599588446983,47.716833271882734,1.0,-0.39984945890823076,45.857894354513036,1.0,1117,68109.0,9.1,12.3,14.1,424,96.4,6.0200668896321075,4845,676,20.9,15.7,61.74264281592614,18.29211385907606,3.575278476464247,12.739150723285114,43.56435643564357,6.785558938668987,37.67820773930754,41.21966397,5.319645356976201,40.4270462633452,94.3070461969202,5.0,8.486082824168363,-1.8796470287878289,-1.095047150543057,-0.818834423941681,-1.1876041038920337,-1.4070759292485653,0.2727936850430213,1.195061261382701,-0.11294851063527334,-0.5536735586959396,-0.8053054557548662,-1.6397710676069992,-1.3959575740940715,-0.3676139898937462,-1.7526404453380187,1.1073985008801734,-1.6876486532776185,-1.0374596891371848,-0.08282839714085669,-0.23875547928310095,-0.16588003579894897,0.004074996452165655,-0.3143036774868667,-0.1411511954993938,-0.30267462612805834,-0.49702429168840323
06073010601,2043,0.473144363714688,61.58512823155787,High,1.0,61.58512823155787,61.58512823155787,1.1215588956707567,65.22621447083253,1.0,0.10137217294176046,52.311528959587754,1.0,1.2555355996990958,67.84297661987692,1.0,0.4090300806953022,56.476849791455535,1.0,0.006996592118355627,50.29448347519526,1.0,0.5754020054893678,58.86102954313386,1.0,-0.15788480061182217,48.36644644238164,1.0,113,207727.0,3.3,3.3,76.0,32,81.0,0.0,1904,230,11.3,10.4,61.17021276595744,0.0,12.536873156342182,79.04967602591793,11.029411764705882,24.28454619787408,1.9579050416054824,15.33291848,0.0,33.51278600269179,97.0842332613391,4.0,19.579050416054823,0.9168927708981196,2.254955652344134,0.7489436070134671,0.5654435524273062,1.5588672321707715,-1.4769982077248145,-0.16274558833178585,0.4863652556528707,1.3984950946147632,1.0082677222657703,1.9380996405754691,0.6772799413403806,-0.33191893692729085,1.015882317553658,0.02820413935896574,0.923952802795876,0.9077745061370086,-2.7417700435721093,0.9190131284344659,0.9429687774740573,0.9973242970865002,0.214607522382004,0.5142741969995992,-0.43794143476319647,0.12217183353955213
06073013205,2195,-0.3529985129834595,41.42961831022123,Moderate,1.0,41.42961831022123,41.42961831022123,-0.7987024138481741,39.08515598114927,1.0,-0.12986435216514183,47.05758472692978,1.0,0.05514890138528872,50.74217313023222,1.0,-0.49112721786710223,42.181413392871065,1.0,-1.3568504143615991,30.790292624344747,1.0,-0.13821915154556064,47.90476701929338,1.0,0.38862505751807236,54.032350113210704,1.0,215,65000.0,13.6,9.4,21.5,155,93.9,0.0,1931,193,19.1,15.6,57.86516853932584,23.285714285714285,5.10110294117647,49.142857142857146,20.161290322580644,8.136482939632545,157.63097949886105,69.43372744,3.1428571428571432,42.99065420560748,93.57142857142856,7.0,31.890660592255124,0.6327821537985511,-1.1696446860626626,-2.035213930717227,-0.6227331924113576,-1.0525043719868028,-0.9279563638206211,0.9746380714939857,0.4863652556528707,1.3805731110583574,1.1587211025051505,-0.961858722898743,-1.3568398851236103,-0.12582610736227662,-2.508424962996374,0.9236520564347551,-0.2539098575445139,0.36178794868216196,-0.28809902418448763,-4.12667195992523,-1.3744186220188415,0.41051061879444073,-0.510408669433926,-0.3147594039971966,-0.03214100885778211,0.8093911238939269
06073013102,7058,-0.5969901883433841,35.47692323513273,Low,1.0,35.47692323513273,35.47692323513273,-1.4994230953226424,29.546047825112034,1.0,0.24968424748272053,55.68133988503639,1.0,-1.0712782614149874,34.69500301121626,1.0,-1.537386563215247,25.565724166404017,1.0,-0.3645061978469053,44.98167252009611,1.0,-0.4816321609235507,42.632329329132254,1.0,0.5256107128369234,55.45253954945968,1.0,557,71037.0,15.0,17.7,16.1,719,85.5,0.0,6405,694,18.6,14.8,77.7445855115758,26.74307545367717,20.10650546919977,33.5243553008596,43.4319526627219,13.148071339693074,30.6035704165486,22.6260112,6.160458452722064,41.6695652173913,91.16523400191022,14.0,19.835647492207425,-0.3198240329470609,-1.0247925400569184,-2.4136431106029526,-2.2394326976836374,-1.311245778637278,1.5896013594473877,0.23401615346790172,0.4863652556528707,-1.589165941954932,-0.8784989920875377,-0.7735497382575603,-1.0438983733599196,-1.3654480346274718,-3.0316987172920666,-0.8833640360202758,-0.8690354649211733,-1.0295433902384006,-1.0496014422563111,-0.009451907233464368,0.6305719483405546,-0.1529161116521681,-0.40935103845823906,-0.8826293326602449,0.9147266515881847,0.13649477408566202
06073013103,2435,-0.5190869670930497,37.377537757272954,Low,1.0,37.377537757272954,37.377537757272954,-0.30895516115911603,45.75222338194676,1.0,-0.19012877102527398,45.68831187629212,1.0,-0.08745819641176406,48.71058117817076,1.0,-0.7099144033216508,38.70684478193404,1.0,-1.6492099805407037,26.60929816621531,1.0,-0.8065906671223931,37.64322458052501,1.0,0.11864840992955386,51.2333856373561,1.0,202,81667.0,10.2,6.3,15.2,322,94.2,7.142857142857142,2113,331,18.7,15.7,53.6986301369863,22.93956043956044,14.791924186238154,48.62637362637363,16.883116883116884,16.8,198.35728952772075,57.89670193,4.12087912087912,41.72727272727273,85.43956043956044,6.0,24.640657084188913,0.6689923304877118,-0.7697356720693321,-1.1161716367090366,-0.018905666345807124,-1.3543693464123574,-0.18250930746289515,1.0010888542806313,-0.2247252845064747,1.2597656663448085,0.5975706572880028,-0.811211535185796,-1.3959575740940715,0.13398696318915912,-2.4560343639697924,-0.24335895218217873,-0.27425126032379127,0.5577869011002586,-1.6045058524859963,-4.669886411038515,-0.8802345597385621,0.22790076785740157,-0.4137654149992148,-2.2339073542253662,-0.16740781749292022,0.40470463735202794
06073013104,5735,-0.514365200014542,37.4927352925679,Low,1.0,37.4927352925679,37.4927352925679,-1.0579118183265293,35.556465292046035,1.0,-0.11365157485294197,47.42595658261054,1.0,-0.8636122030838242,37.65343004142144,1.0,-0.9847643634530743,34.34194085848954,1.0,0.05650184056333554,51.00245131117837,1.0,-0.24375253808300412,46.284507478869514,1.0,-0.39336574286575593,45.92511383825918,1.0,644,64250.0,12.3,10.3,13.8,491,90.1,7.3426573426573425,4983,569,18.9,16.1,66.95715323166304,21.8645948945616,9.854206920779903,22.47502774694784,32.093023255813954,4.807184363444268,26.329555361813423,31.96017424,4.8834628190899005,33.77994315874949,90.62153163152054,5.0,8.718395815170009,-0.5621536769437517,-1.187640231781448,-1.6838154065376252,-0.7980379580432916,-1.4214504518402584,0.5718652585518096,0.6395948228631374,-0.24461592898645643,-0.6452748079842351,-0.37021054533287495,-0.8865351290422688,-1.5524283299759178,-0.6927755104918331,-2.293337662889676,0.3512625211180444,-1.3042068015488322,-0.35159930755428015,0.21778228805971658,0.12907772677221271,0.23074665497569302,0.08551613991792832,0.19417114789836842,-1.0109449020653092,-0.30267462612805834,-0.4840568596034535
06073013203,6018,-0.5883034895367667,35.6888537000908,Low,1.0,35.6888537000908,35.6888537000908,-1.4532818571720223,30.174181506347292,1.0,-0.223333186135919,44.933871611335256,1.0,-0.9132500405688899,36.94628549735459,1.0,-0.6420362804693109,39.78482014206345,1.0,-0.15401863753442535,47.99182653924845,1.0,-0.5554160520073935,41.499521434108665,1.0,-0.17678837286940596,48.17046494661771,1.0,451,57014.0,13.3,18.9,8.1,381,85.5,0.0,5540,601,18.1,16.1,60.581859669138616,19.49834358731661,2.96695886716116,17.037387600567914,50.6056527590848,4.041780199818347,29.57793286806248,26.0360921,10.6010411736867,38.933901918976545,92.85376242309512,7.0,11.63177135260884,-0.02457182302005837,-1.3612612568762905,-1.9541219635988576,-2.4731723851928824,-1.6945663810824265,0.08085222741797811,0.23401615346790172,0.4863652556528707,-1.0149986909811959,-0.5003323877020686,-0.5852407536163777,-1.5524283299759178,-0.29523096962879886,-1.9352040618581317,1.1806550044170658,-1.518365094807379,-1.4584522719108497,0.33408416181222605,0.0237911189128405,0.48450244104808166,-0.9820326008224379,-0.20008455107480852,-0.4841310041249341,-0.03214100885778211,-0.32143573688102983
06073013204,4334,-0.2738848773241655,43.35976346237332,Moderate,1.0,43.35976346237332,43.35976346237332,-1.0655132055027907,35.45298546573679,1.0,0.14626449143052858,53.33153104492297,1.0,-0.3874546289008331,44.436808362463594,1.0,-0.35790270092116855,44.297157620879126,1.0,0.12890268092737378,52.03784589833723,1.0,-0.19881164363440995,46.974487355140056,1.0,-0.1826791346678585,48.109392875544664,1.0,399,67361.0,13.7,12.4,14.3,458,95.0,0.0,3519,574,17.2,15.3,69.23076923076923,13.83399209486166,11.87514667918329,65.0592885375494,31.61764705882353,1.556420233463035,19.843101061375176,42.30242688,5.296442687747035,41.89602446483181,94.1501976284585,6.0,13.84402399630826,0.12026888373658438,-1.1129947081399258,-2.06224458642335,-1.207082411184471,-1.3974929141874366,0.42456134921166017,1.07162427504502,0.4863652556528707,0.32649496707420383,-0.39054208320306144,-0.24628458126224834,-1.2394868182122265,-0.8345515118004871,-1.0779009549184142,0.10789213112037123,0.3729495319138558,-0.3231770052157366,0.711730423451673,0.33931707518974813,-0.21225976971618948,0.008407246712889536,-0.42667419780859916,-0.17816797980752025,-0.16740781749292022,-0.19795045184279678
06073010109,4234,-0.2229687377382515,44.60197081599917,Moderate,1.0,44.60197081599917,44.60197081599917,-0.2682411789203797,46.30647429861881,1.0,-0.639134133702949,35.48642385456947,1.0,0.08543176311736637,51.173585164630616,1.0,0.4589656443459619,57.26987860468132,1.0,-0.4300615127307021,44.04417486331626,1.0,-0.1935360072145178,47.05548447388698,1.0,-0.5742057390625401,44.05026751473588,1.0,139,109239.0,10.1,9.9,18.2,211,96.6,23.776223776223777,3849,387,15.9,13.1,51.0548523206751,9.172661870503598,3.763313609467456,76.52877697841727,29.36893203883495,8.927108927108927,19.60321209258385,71.67392657,2.697841726618705,48.04570054119062,94.1546762589928,3.0,7.085498346717053,0.8444724175197982,-0.10817142332486056,-1.0891409810029133,-0.7201247288735432,-1.2106241204954267,-0.677986093425216,1.2126951165737971,-1.8806214374649508,0.10744850138480161,0.369857433141914,0.24331877880482597,-0.37889766086207605,0.29884516584628334,-0.3724057381866888,1.0847544891217975,0.8246686606024554,-0.18872841781070362,-0.4082333115985172,0.3470923709299549,-1.4703766924435424,0.493600979389752,-0.8970979929413048,-0.1771110080920007,-0.5732082433983345,-0.5752032347267458
06073008337,4939,0.6141536298021977,65.02534873310876,High,1.0,65.02534873310876,65.02534873310876,0.8110631959879755,60.99934898853204,1.0,0.3001981434476104,56.82907029765664,1.0,0.6690151060159127,59.487359451497184,1.0,0.9254355205142113,64.67790657631309,1.0,1.0569719775016964,65.31003889153732,1.0,0.7663998018108006,61.79342858616028,1.0,-0.230008336662823,47.61871060269728,1.0,85,173622.0,5.3,3.1,68.7,251,82.9,0.0,4886,343,12.4,9.2,40.689655172413794,0.0,6.239669421487603,79.81591058514135,8.9171974522293,0.0,4.859283255719781,4.18170504,0.7889546351084813,33.09222423146474,100.0,6.0,12.148208139299452,0.994883920690158,1.4366382033585614,0.2083304928910022,0.6044001670121802,1.2090871824395737,-0.4994359002856409,0.0047760359836382885,0.4863652556528707,-0.5808884226149259,0.5487749663995553,1.5614816712931041,1.1466922089859175,0.9451883500225314,1.015882317553658,0.7865409094055572,0.9541305050750987,1.0340618427202861,0.948225856976042,0.8249734825824925,1.4206267277279654,0.8500158607212711,0.24677869075767278,1.2024048539534578,-0.16740781749292022,-0.2926088558327258
06073011601,5526,-0.6464042724807886,34.27136171402417,Low,1.0,34.27136171402417,34.27136171402417,-1.002904262500926,36.30529865502821,1.0,0.09080850356847439,52.07151095311657,1.0,-0.8747316111461862,37.49502207800204,1.0,-0.4965569831074972,42.09518305982008,1.0,-0.8550498473238582,37.9664743969833,1.0,-0.6478157778232922,40.08090366585728,1.0,-0.7385799290322341,42.346129313961676,1.0,1092,77036.0,2.6,17.8,13.7,493,99.3,7.317073170731707,4563,677,18.8,15.9,42.88956127080182,19.796040791841634,7.353210170111578,18.35632873425315,57.22983257229832,8.75752599890531,22.982265653275427,70.51649035,6.1787642471505695,32.46195864221615,86.08278344331134,2.0,3.619254433586681,-1.810012073616366,-0.880852168367593,0.9381581969563297,-2.2589110049760746,-1.4262419593708227,0.5807927682087883,1.45075216165361,-0.24206895621767824,-0.3664883971068141,-0.8093717633289035,-0.8488733321140332,-1.4741929520349946,0.8080086811573447,-1.980260718159656,0.6524434702592169,-1.4664193656868942,-1.854505845034587,-0.3824654712289459,0.23757028290418206,-1.420798355936082,-0.15633404955846575,0.29499130013000624,-2.082104584041417,-0.7084750520334727,-0.7686848060309955
06073011602,3811,-0.34558795662450814,41.61041457007937,Moderate,1.0,41.61041457007937,41.61041457007937,-0.588214511343711,41.95058713026636,1.0,-0.06295588892720644,48.57781745998284,1.0,-0.2907518782052355,45.81444336864658,1.0,-0.41149810537209197,43.44600672002191,1.0,-0.7083967779979321,40.063740028249626,1.0,-0.36851097628498186,44.369084726152145,1.0,0.011212441759601451,50.11955056672042,1.0,632,61854.0,0.0,17.6,19.0,305,90.7,0.0,3111,481,18.0,15.2,33.45864661654135,27.984790874524716,6.979795329309893,39.31558935361217,33.45132743362832,9.559834938101789,39.09734977696143,74.97199751,9.73384030418251,40.75268817204301,95.13307984790876,7.0,18.367882445552347,-0.5287288984614495,-1.245130001837728,1.640955245315534,-2.2199543903912007,-1.1722920602509117,-0.25839313954721455,0.6924963884364298,0.4863652556528707,0.5973160519265557,-0.012375478817592392,-0.5475789566881407,-1.2003691292417646,1.3960927590710628,-3.0985458150377423,0.6974117158780878,-0.6409510813997761,-0.4328110557527797,-0.5043749634832139,-0.28475279669087633,-1.6116482960648586,-0.8201145406241297,-0.3392138842427623,0.053795496011946456,-0.03214100885778211,0.05456589237698501
06073011700,7364,-0.7236513018625409,32.38675638604461,Low,1.0,32.38675638604461,32.38675638604461,-0.6361783700579219,41.297641601538714,1.0,0.20565953976015827,54.681050855755764,1.0,-1.4515902000646288,29.2770491662186,1.0,-0.8915980680291891,35.821518764318796,1.0,-1.2240365619599736,32.68964549352309,1.0,-1.5704221041062274,25.916081032358612,1.0,0.5026066514199955,55.21404651207485,1.0,692,56582.0,0.2,16.8,12.2,657,92.6,3.4000000000000004,6453,1241,17.3,15.2,70.3755868544601,14.11853529633824,13.633894622487777,19.13929784824462,57.05069124423963,10.928043039677204,61.65127648017381,68.26384568,14.269535673839185,34.29936305732484,81.35145337863344,14.0,19.011406844106464,-0.6958527908729604,-1.371626691210311,1.5868939339032875,-2.0641279320517034,-1.4981145723292881,1.3128485600810462,0.8600180127518527,0.14788615853702225,-1.6210272460552086,-2.701018046771056,-0.28394637819048535,-1.2003691292417646,-0.905938969039693,-1.1209667447108342,-0.10390397566104764,-1.4355825827051811,-1.8437951510207786,-0.7122718805090723,-1.0157720307306286,-1.3243071855794155,-1.6669898399133782,0.15443775756670428,-3.1987142299720084,0.9147266515881847,0.09048665125180623
06073011801,3205,-0.5518306890541073,36.578685123591384,Low,1.0,36.578685123591384,36.578685123591384,-1.1438827052392835,34.38611937503161,1.0,-0.7144237301976653,33.775762698855914,1.0,-0.19368411824680348,47.197278325549114,1.0,-0.5694981008166504,40.936802062723075,1.0,-0.8855340255362518,37.53052430363637,1.0,0.15492317103596256,52.40539625567447,1.0,-0.510715314378059,44.7085001612855,1.0,627,60735.0,9.4,15.9,15.5,181,77.9,7.59493670886076,2520,301,18.5,16.6,70.58823529411765,19.818181818181817,2.8705148205928235,41.18181818181818,51.829268292682926,4.926534140017287,45.2418096723869,77.64779091,10.636363636363637,9.197080291970805,92.27272727272728,3.0,9.3603744149766,-0.5148019074271569,-1.271979356050156,-0.8999263910600509,-1.8888231664197699,-1.3399948238206643,-0.8118987382798973,-0.43607034379379234,-0.2697310148963068,0.9896083586612123,0.7195598845091219,-0.7358879413293233,-1.7480167748282247,-0.9191990998054094,-1.9836117762106187,1.1922692176209435,-0.567450744871517,-1.5316111108730048,0.1996472904897669,-0.48390740180458996,-1.7262648799571796,-0.9886277794473703,2.0746545264414693,-0.6212572338862112,-0.5732082433983345,-0.44822238535778325
06073013307,4642,-0.20907790994035672,44.94086705948556,Moderate,1.0,44.94086705948556,44.94086705948556,-2.0688267965500446,21.79459473680467,1.0,-0.16469751438051375,46.26613756415095,1.0,-0.7913976837495579,38.68220377406038,1.0,0.5557885542047223,58.80752736009585,1.0,-0.3912293747960732,44.59950799513018,1.0,0.3275624961332589,55.05593674071791,1.0,1.0692549495557113,61.08873408580405,1.0,1185,80156.0,20.4,16.4,9.5,455,99.1,13.680781758957655,3753,677,18.2,17.0,52.09580838323353,8.895949166004765,2.810883741848437,84.0349483717236,32.11920529801324,6.947524020694752,20.46531667384748,70.57871811,0.0,45.366795366795365,97.7760127084988,16.0,34.46790176647996,-2.069054106854208,-0.8059906981774453,-3.414047678286571,-1.9862147028819546,-1.6274852756545257,0.41117008472619204,1.4331183064625126,-0.875593173056234,0.17117110958535497,-0.8093717633289035,-0.6229025505446135,-1.9044875307100695,0.23393420984247545,-0.3305250989621399,1.1994502524982367,1.1202948534403168,-0.35316470759731944,-0.10743871861185614,0.3191497851908721,-1.4234638581659893,0.9973242970865002,-0.6921732581598546,0.6775364494731311,1.185260268858461,0.9532496302529617
06073002703,7111,-0.20005126822239225,45.16109115368817,Moderate,1.0,45.16109115368817,45.16109115368817,-0.6204454006292789,41.5118189491798,1.0,0.1768555251434024,54.026592454760774,1.0,-0.9395862932192757,36.571097166910306,1.0,0.39576409894787945,56.26617217029095,1.0,-0.7317770728691748,39.72938160596967,1.0,0.43863533674009747,56.761243805902986,1.0,-0.11980507167039568,48.7612354343528,1.0,923,83469.0,3.0,12.6,25.8,469,97.4,6.924643584521386,6449,729,18.2,13.4,44.5729537366548,5.560307955517536,5.138849126825078,50.1710863986313,52.33333333333333,1.5578947368421052,49.500773449585154,71.3130056,0.0,28.2103825136612,93.62703165098377,8.0,11.250175783996625,-1.3392797766572773,-0.7264983742223302,0.8300355741318368,-1.246039025769345,-0.8464695481725355,0.4736626523250433,1.2832305373381871,-0.20300154091708544,-1.6183721373801856,-1.0208197571788433,-0.6229025505446135,-0.4962507277734604,0.7030372820575953,0.1743262643750383,0.9191064959428957,-0.21341364658401146,-1.5617486925911415,0.7115063751462288,-0.6219491928939914,-1.4549167811377952,0.9973242970865002,0.6202186052524984,-0.301636892118706,0.103125799777356,-0.34273594311814737
06073003109,3256,0.29319830457993584,57.194961975217794,Moderate,1.0,57.194961975217794,57.194961975217794,0.6813704053660855,59.23380447199621,1.0,-0.2775350290083834,43.70234705167685,1.0,0.4205054670009081,55.94707155256616,1.0,0.26186093642244196,54.13965034292946,1.0,0.9271444633050268,63.453393239530634,1.0,0.2471486799145368,53.82133926227872,1.0,-0.20810679094106463,47.84577338382692,1.0,249,128313.0,2.3,2.0,27.1,174,87.9,4.166666666666666,3042,669,12.9,11.0,78.57142857142857,3.3860045146726865,7.651796778190831,89.72911963882618,4.918032786885246,2.4229074889867843,7.985257985257985,10.92719353,1.805869074492099,39.83115886415963,96.3882618510158,5.0,15.356265356265355,0.5380786147653616,0.34949129539529217,1.0192501640746996,0.8186615472289885,-0.7841799502751988,-0.843145022079323,0.4456224157610689,0.07156244055991925,0.6431166765707034,-0.7768413027366051,1.3731726866519214,0.44257380751761255,-1.417007534024829,0.5034084369324703,0.6164863671569751,1.3445564756251513,1.2731681924694687,0.5800691441052319,0.7236542009121675,1.131686315733239,0.6601442644130411,-0.26872085193378387,0.3500226272643531,-0.30267462612805834,-0.1135389557540709
06073003111,6194,-0.5520841853450995,36.572500543233396,Low,1.0,36.572500543233396,36.572500543233396,-1.87183258779433,24.476332429318045,1.0,0.13979389003973045,53.184511974975884,1.0,-1.2598391020064443,32.00875041834242,1.0,-0.3613875420791079,44.24181471002115,1.0,-0.10752852246031094,48.65667536230216,1.0,-0.5558591764063355,41.492718122298655,1.0,0.1520637432911019,51.579816826361615,1.0,1622,61364.0,11.2,14.2,17.9,562,94.5,6.21301775147929,5183,945,18.8,16.0,69.25182481751825,9.92407809110629,8.26215505913272,38.66594360086768,42.62048192771085,3.1512605042016806,27.28446884081369,37.73490977,8.622559652928416,40.06224988883949,91.64859002169196,10.0,16.144656118824667,-3.286273123251379,-1.2568870917073347,-1.386478193770269,-1.5576919424483386,-1.2249986430871198,0.8887918513745554,1.027539637067277,-0.13215728519579076,-0.7780302417353879,-1.8991421931709005,-0.8488733321140332,-1.5133106410054558,-0.835864476212973,-0.48613304860972073,0.5429843578796223,-0.66653700137336,-0.9810263068939252,0.46939712996110383,0.0981270134361804,-0.0166119263446028,-0.6126235039859266,-0.2863983223405456,-0.7685557028925343,0.3736594170476322,-0.06953193046542844
06073003112,4261,0.1573042378227463,53.87953762426005,Moderate,1.0,53.87953762426005,53.87953762426005,0.1209726824125511,51.6049523045359,1.0,-0.3854242010973492,41.25098823973739,1.0,0.04232968606104897,50.55954957862238,1.0,0.67084958102862,60.634816427844065,1.0,0.7493464900222737,60.91072856576233,1.0,0.07911507665444113,51.24151066275423,1.0,-0.1760596503223615,48.17801992791017,1.0,249,95278.0,2.4,9.3,22.4,284,90.4,13.385826771653544,3981,410,16.5,12.5,32.278481012658226,9.932659932659933,4.46980504041845,73.4006734006734,12.529002320185617,0.0,25.81553625909411,12.00995644,3.3670033670033668,42.0671834625323,96.21212121212122,6.0,14.081201595869514,0.5380786147653616,-0.44315250836481296,0.9922195083685763,-0.6032548851189206,-1.0093808042117238,-0.35213199094549147,0.6660456056497842,-0.8462296148819659,0.019829915109040724,0.27633235893905606,0.017347997235407017,-0.14419152703930796,1.4696844123081705,-0.487431915644544,0.9996757061617377,0.7014701212891158,0.8181153763326446,0.948225856976042,0.14573814496440954,1.0853065818159986,0.3686595055278201,-0.43976712567497994,0.30845285011048323,-0.16740781749292022,-0.1847114831518028
06073003113,4701,0.08500629638281561,52.11567580678757,Moderate,1.0,52.11567580678757,52.11567580678757,-0.10379969309425008,48.54506259793115,1.0,-0.42977419107342196,40.24330844544233,1.0,-0.059967469276796956,49.10221624309017,1.0,0.8653779272035413,63.724129378932275,1.0,0.4119525927827771,56.085704254087005,1.0,0.5051054430764147,57.78176278551704,1.0,-0.593850534938555,43.84660143367473,1.0,520,122533.0,4.2,10.9,19.7,294,82.3,7.142857142857142,4192,691,14.7,12.0,25.27777777777778,5.3467000835421885,4.265809217577706,63.82623224728488,35.54502369668246,3.467741935483871,14.67772814294831,7.517112632,1.7543859649122806,35.31283138918346,98.16207184628236,3.0,6.381620931716657,-0.21676429929329588,0.21080562305585193,0.5056677056583578,-0.9149078017979142,-1.1387515075369614,-0.3074944426605977,-0.04812552958965414,-0.2247252845064747,-0.12022706749842554,-0.8663000693654258,0.6952603419436646,0.05139691781299887,1.9062276594440537,0.20665594810938562,1.0242417738815743,0.3243863273791518,-0.5579912153197555,0.42130830942003367,0.5067374540907875,1.2777558229400428,0.6697568530638195,0.07691178497888781,0.7686476911865369,-0.5732082433983345,-0.6144928264787755
06073007701,3948,-0.031103966034637852,49.28291937671663,Moderate,1.0,49.28291937671663,49.28291937671663,0.2710345002239933,53.647786129823906,1.0,0.7903085023968425,67.9649083430381,1.0,0.49179642485700775,56.96268815561435,1.0,-0.6956020004431798,38.93414066165068,1.0,-0.7260838388290094,39.81079977292708,1.0,0.6256766045931361,59.632898062770195,1.0,-0.9748579550412555,39.89653299838602,1.0,403,121935.0,7.3,0.5,75.5,633,82.1,0.0,3581,398,16.3,8.9,62.36641221374046,2.8372324539571925,29.70625798212005,32.15530114484818,65.03067484662577,18.100285364859356,29.635258358662615,9.408836341,5.07715281234445,20.92660072878709,97.66052762568442,0.0,0.0,0.10912729090915033,0.1964571746027403,-0.3322826212314627,1.1108361566155451,1.5349096945179497,1.2057184441973012,-0.06575938478075162,0.4863652556528707,0.28534078261134643,0.32512804982750365,0.09267159109187978,1.264045275897301,-0.4065104134743279,0.5864654282367305,-2.039408150267554,-0.9229548662675675,-2.320910976422964,-1.8020820240470614,0.021933081650375906,1.1967245635036112,0.04935161438472535,1.1773966139172645,0.6502815854774184,-0.979008669303749,-0.9707072407787621
06073007907,3085,0.1147796348977352,52.84205962822435,Moderate,1.0,52.84205962822435,52.84205962822435,0.3311717471976668,54.46645142436195,1.0,0.299356394378391,56.80994484736056,1.0,0.6659294819248456,59.44340140756153,1.0,-0.37243159577937807,44.06642362281128,1.0,0.5318442553497416,57.800258641068545,1.0,0.006242169139879118,50.1226891455749,1.0,-0.6586550079269995,43.174745480979176,1.0,450,104067.0,4.7,0.0,66.9,554,68.5,0.0,2832,147,19.0,8.4,35.48621190130624,0.7198560287942412,30.47001620745543,16.616676664667065,0.0,6.2429696287964,36.30470016207456,19.72619788,5.398920215956808,37.58620689655172,95.44091181763648,2.0,6.482982171799027,-0.021786424813199857,-0.23226870660160534,0.3705144271277416,1.2082276930777307,1.1228400468894153,0.8530818127466404,-1.2648615377753625,0.4863652556528707,0.7825098820094138,1.3457712509108664,-0.9241969259705058,1.459633720749608,1.2696597560577059,0.9069316617095374,-2.131383250658795,-1.5349345502259604,1.567212815790265,-0.00038286520473311943,-0.19423726876175354,0.7547843395751878,-0.010726685418809872,-0.09699167280634484,0.12644486564479207,-0.7084750520334727,-0.6088349638205263
06073021600,2985,-0.023455687669517524,49.469515369755314,Moderate,1.0,49.469515369755314,49.469515369755314,0.3788786676646757,55.115899180304694,1.0,-0.03418580830014552,49.23150484398833,1.0,0.7995333565689204,61.34673273316921,1.0,-0.9425177818305697,35.01286062063181,1.0,-0.9359990792704752,36.80883042253814,1.0,0.7392976382944498,61.37732766829657,1.0,-0.16919680681347815,48.24916998979994,1.0,309,111076.0,4.7,1.9,45.9,335,80.5,4.102564102564102,1723,146,18.3,9.6,75.0,0.6349206349206349,35.24590163934426,35.55555555555556,4.864864864864865,52.84431137724551,0.0,64.13192284,2.857142857142857,18.006872852233677,96.4021164021164,5.0,16.75041876046901,0.3709547223538507,-0.06409433334431529,0.3705144271277416,0.8381398545214257,0.11662346547090008,-0.12448049469253324,-0.2068302263095289,0.07794402233058002,1.5186387621595565,1.3498375584849036,-0.6605643474728505,0.9902214531040718,-1.1943037608214044,0.9197866861821506,-2.706516227933316,-0.7890378247497087,1.276347053262126,-4.855498379523715,0.9824728648551377,-1.1473178556754489,0.4638573168209916,1.4007432506162594,0.35329234744609855,-0.30267462612805834,-0.03571898749889796
06073021800,1937,0.4226069515243047,60.35216073703316,High,1.0,60.35216073703316,60.35216073703316,1.215116854783118,66.49984534034391,1.0,-0.7991816313127217,31.84997140991584,1.0,1.159095767659589,66.46908717358549,1.0,0.2866974286731209,54.53407973421534,1.0,-0.67152079421409,40.59109846516789,1.0,1.0491461857148525,66.13444843847353,1.0,0.7188948493662644,57.456399648931715,1.0,53,215000.0,3.9,2.3,71.7,37,41.7,0.0,1880,218,12.7,10.3,69.93006993006993,1.139240506329114,11.564274651522974,81.89873417721519,24.2603550295858,26.579925650557623,0.0,53.56565028,1.89873417721519,8.128544423440454,96.70886075949367,8.0,41.30098089829634,1.0840166633096304,2.4294644576944364,0.5867596727767276,0.7602266253516772,1.3528324083565042,-1.4546794335823676,-3.581244755677894,0.4863652556528707,1.4144257466649015,1.057063413154218,1.448496280508395,0.7163976303108418,-0.8781578450151443,0.8434575612636432,0.1453286980919817,1.036161300352003,0.11670866800858543,-3.0905490860788296,0.9824728648551377,-0.6947156236412538,0.6428051013404343,2.078948418860562,0.4256850369435616,0.103125799777356,1.3346638989551727
06073022000,4529,-0.5649614333577957,36.25833273110295,Low,1.0,36.25833273110295,36.25833273110295,-0.6070860177419171,41.69368399416791,1.0,-0.033408342661489704,49.249169705136104,1.0,-0.24411061683314114,46.47889845329034,1.0,-1.0557603345719426,33.21445081724186,1.0,-0.6929842799627107,40.28415206987824,1.0,-0.7342939694200727,38.75319951866237,1.0,-0.5870864723132958,43.91672739149243,1.0,447,72188.0,4.4,15.8,14.7,508,84.1,0.0,3861,711,16.4,12.6,50.94207955338451,21.660649819494584,17.641863546036653,12.936221419975931,65.61743341404357,5.675368898978434,26.054316626186797,52.28375856,13.056558363417569,38.42794759825328,92.35860409145609,3.0,6.623978803267829,-0.013430230192624314,-0.9971753758938224,0.45160639424611126,-1.8693448591273325,-1.3783268840651792,0.6477490906361291,0.11057916713022065,0.4863652556528707,0.09948317535973245,-0.9476262208461718,0.055009794163644064,-0.1833092160097692,0.30587734366754127,-2.262470449452639,-0.5865610939480674,-1.6798871385546048,-2.3559927274834096,0.08586310987384536,0.13799878128939302,-0.6398062835306716,-1.440510669890959,-0.16138121958822502,-0.6009900187810342,-0.5732082433983345,-0.6009647012282572
06073008003,3540,0.3027051506513998,57.42690167441346,Moderate,1.0,57.42690167441346,57.42690167441346,0.8819274193952813,61.96404363698093,1.0,0.8865968883302124,70.15268473222531,1.0,0.7541763218978894,60.70057284330051,1.0,-0.06940873946624868,48.8787425104767,1.0,0.364216440746116,55.403036025624,1.0,-0.016661352312497674,49.77105019642254,1.0,-0.6819109240309539,42.93364135730833,1.0,187,169013.0,3.8,1.7,73.4,728,82.8,0.0,3469,347,15.3,7.9,35.693215339233035,2.9177718832891246,25.651189127972817,41.43236074270557,14.479638009049776,10.536307546274324,24.858757062146893,8.599875544,3.7665782493368702,35.74821852731592,93.26259946949602,2.0,5.649717514124294,0.7107733035905894,1.326049576401385,0.6137903284828509,0.8770964691062998,1.4342880363760986,1.629775152903792,-0.004040891611911076,0.4863652556528707,0.359683825511992,0.532509736103406,0.46928956037424496,1.6552221656019148,1.25675163098384,0.5742757357204047,-1.5510790526793594,-0.55758327188988,0.7014886759377847,-0.6527483319536385,0.17674933006318455,1.231376088937133,0.2940535034738801,0.04360653973847326,-0.3876441001498464,-0.7084750520334727,-0.655346796028435
06073008006,3870,0.41170576536050274,60.0862031501845,High,1.0,60.0862031501845,60.0862031501845,0.7985554751874473,60.82907785959848,1.0,0.8170593473470174,68.5727165060423,1.0,0.7629727433080509,60.825887355831,1.0,-0.18325420902170048,47.07075775948252,1.0,-0.06990586930849024,49.19471181646602,1.0,0.613365102441532,59.443878933634146,1.0,0.1431477675696628,51.48738105632447,1.0,150,143977.0,2.4,2.8,80.9,759,74.0,0.0,3633,282,15.1,8.4,34.280936454849495,1.8152696209289907,29.820452771272443,36.14522156967432,30.80808080808081,15.668617739756863,27.131782945736433,6.421904169,1.708489054991991,32.89623717217788,98.718633208756,8.0,20.671834625322997,0.8138330372443545,0.7253342662473669,0.9922195083685763,0.6628350888894917,1.7936511011684253,1.7681515525869627,-0.7799305200201887,0.4863652556528707,0.2508243698360467,0.7968197284158306,0.5446131542307183,1.459633720749608,1.3448171851668065,0.7411401360296741,-2.0531599854007676,-0.7658141718825149,-0.27477378922098594,-1.4325942232451936,0.10307587788611912,1.3246686573460993,0.6783264231423627,0.2617708586510449,0.8999980255311881,0.103125799777356,0.18316973536196957
06073008361,2798,0.06170463813875586,51.54718236918895,Moderate,1.0,51.54718236918895,51.54718236918895,-0.37103816378914833,44.90706996718916,1.0,0.6305901757182881,64.33593501836707,1.0,0.7323187778535496,60.38918854856152,1.0,-0.44916680510838275,42.84778849509887,1.0,0.04787908023156831,50.87913838650803,1.0,0.8162073571066717,62.558126558064096,1.0,-0.9748579550412555,39.89653299838602,1.0,822,112426.0,12.0,0.0,76.6,324,89.9,0.0,2619,177,17.1,9.6,55.210643015521065,3.134996801023673,26.15774240231549,36.14843250159949,12.337662337662335,4.169221336603311,70.05003573981415,29.5208463,4.73448496481126,15.784215784215784,98.1445937300064,0.0,0.0,-1.0579545577645673,-0.03170235105050139,-1.602723439419255,1.2082276930777307,1.5876162773541573,-0.17358179780591637,0.6219609676720412,0.4863652556528707,0.9238944189543917,1.2237820236897474,-0.2086227843340126,0.9902214531040718,0.03970229069823748,0.5413986098699676,-1.6120804098048038,-0.7656877111969322,0.829555416593722,0.3147196956836031,-1.2879931229447874,0.3352343315937355,0.11333230803488974,1.5707669657246168,0.7645227975605087,-0.979008669303749,-0.9707072407787621
06073008362,3320,0.24209228286421425,55.94812204379073,Moderate,1.0,55.94812204379073,55.94812204379073,0.3700201307178874,54.99530541980393,1.0,0.955362893230801,71.71512282319449,1.0,1.0618281748096243,65.08340538156419,1.0,-0.16443940930285478,47.369556395190315,1.0,-0.5210461987174431,42.74301522329898,1.0,0.8160804841303401,62.55617867069813,1.0,-0.8231600948188553,41.46925021529435,1.0,240,127500.0,7.0,1.9,88.7,436,94.0,0.0,3101,129,14.1,8.8,54.72222222222223,5.941845764854614,17.996965098634295,50.12642225031606,48.18941504178273,8.076699593259733,52.10843373493976,32.32109521,5.499367888748419,14.381022979985175,98.29329962073324,1.0,3.0120481927710845,0.5631471986270882,0.3299841238361287,-0.251190654113093,0.8381398545214257,2.0252725751959058,0.32635874298489387,0.9834549990895338,0.4863652556528707,0.6039538236141133,1.4189647872435378,0.9212311235130836,1.3031629648677623,0.07015877370026251,0.11658028060348971,-0.6293239734377277,-0.21517271807744356,-1.3139876576585403,-0.2790150453759382,-0.70646883550524,0.21528674366994607,-0.029481616256403352,1.6781051858313096,0.7996178828161139,-0.8437418606686108,-0.8025783289690998
06073016706,2694,-0.10114513121005923,47.57411640883606,Moderate,1.0,47.57411640883606,47.57411640883606,-0.3893055292884188,44.658391171443135,1.0,-0.5223210223948266,38.14054422838331,1.0,-0.20284345747879612,47.066793657132415,1.0,0.18676119198105803,52.946988102756194,1.0,0.5183388197929922,57.60711924099569,0.75,0.1625167279058581,52.52198052694519,1.0,-0.46116264898828163,45.22223403919219,1.0,415,92353.0,6.9,10.8,30.3,96,74.3,0.0,2499,384,19.4,15.0,69.5906432748538,3.0837004405286343,5.605048255382331,60.46255506607929,23.006134969325153,0.3293084522502744,15.961395694135112,,2.8634361233480177,47.974217311233886,98.7885462555066,3.0,11.135857461024498,0.07570251242684815,-0.5133351366680764,-0.22415999840696985,-0.8954294945054772,-0.6308517092971395,-1.1913178987014943,-0.7534797372335431,0.4863652556528707,1.0035476792050835,0.38205635586402587,-1.0748441136834515,-1.1221337513008423,-0.8569921978992582,0.5491623458043767,0.8629647612564593,0.1919098587626543,0.19169732326200015,0.8981879921990693,0.46513114391790733,,0.4626822794195258,-0.8916298330078306,0.9164977373058791,-0.5732082433983345,-0.3491170545782288
06073017031,3522,0.42955982331805975,60.521790809958205,High,1.0,60.521790809958205,60.521790809958205,0.914994515814997,62.4141953414947,1.0,-0.0592910222138302,48.66108720001765,1.0,0.7853210271772335,61.14426276878295,1.0,1.0976365587150099,67.41263859848429,1.0,0.2988318991668334,54.46798057468369,1.0,0.5036544009272624,57.7594848603707,1.0,-0.5342286163610871,44.46472760707242,1.0,206,163594.0,0.4,4.8,59.9,255,91.7,18.181818181818183,3394,278,14.6,9.1,19.06474820143885,0.0,11.265164644714035,78.43289371605896,14.482758620689657,6.1863173216885015,11.357183418512207,40.34847542,1.7067494181536074,34.93333333333333,97.98293250581848,3.0,8.517887563884157,0.6578507376602777,1.1960257600679203,1.532832622491041,0.2732689430407495,0.78743451974991,-0.4815808809716834,0.780665664391916,-1.3236833920254634,0.40946711316867435,0.8130849587119798,0.7329221388719009,1.1858098979563787,2.2936538957530974,1.015882317553658,0.18134883115463576,0.8996611903986489,0.7013020974593682,0.008225357460059436,0.6143631501832681,-0.12856300843536242,0.6786512367261887,0.10594175557600655,0.7263702104795918,-0.5732082433983345,-0.49524898932383965
06073017034,5792,0.1989857781936915,54.89644731891343,Moderate,1.0,54.89644731891343,54.89644731891343,0.11165645173413768,51.47812783025183,1.0,0.42492219795657304,59.66293586693959,1.0,-0.04211156639214239,49.35659284255565,1.0,0.0025773586955039306,50.02195680146459,1.0,0.3715871254535368,55.508443186802594,1.0,0.8042097029625402,62.37392595361521,1.0,-0.27994082305430856,47.101038956467065,1.0,115,138308.0,5.0,13.1,54.4,378,89.9,0.0,5679,492,15.7,10.4,60.98484848484848,6.5425023877745945,10.987261146496817,57.879656160458445,30.55141579731744,5.420054200542006,8.632596685082873,15.90541381,0.5253104106972302,29.01155327342747,98.94937917860554,6.0,10.359116022099448,0.9113219744844026,0.5893119346743069,0.2894224600093719,-1.3434305622315306,0.5239016055688704,0.06746096293250999,0.6219609676720412,0.4863652556528707,-1.107263717438247,-0.057104862132002714,0.3186423726612994,0.6772799413403806,-0.32036016597766126,0.025670528671757366,0.21481518385595283,0.09018388823196681,-0.2594280260510455,0.12465774836136964,0.7026726198891664,0.9184461596146565,0.8992417816126603,0.5589324847025919,0.9544548425723687,-0.16740781749292022,-0.3924738286156969
06073017035,3396,0.3751839988153142,59.195177095601395,Moderate,1.0,59.195177095601395,59.195177095601395,0.2613466074528423,53.515902114707295,1.0,0.388756274631022,58.841206928627685,1.0,0.37931774667337764,55.36030804335955,1.0,0.1632081789562463,52.57294169972313,1.0,0.8544190794127722,62.41335739944262,1.0,-0.3935172085358003,43.98516274938446,1.0,0.9727573131167399,60.08830142316771,1.0,674,129348.0,4.3,1.9,56.5,327,89.7,0.0,3254,386,15.5,11.5,45.27421236872812,4.444444444444445,7.409638554216867,30.317460317460316,6.382978723404255,2.097902097902098,19.729093050647823,7.940261357,11.34920634920635,38.60424028268552,95.3968253968254,13.0,38.28032979976443,-0.6457156231495071,0.37432514848721615,0.47863704995223466,0.8381398545214257,0.624523263710722,-0.16019053332044825,0.6043271124809437,0.4863652556528707,0.5023959167944814,0.37392374071595125,0.39396596651777216,0.2469853626653057,0.6593088579184192,0.3432128979531065,0.6456481178547038,-0.9953371579012441,1.1855804323313592,0.629453165984279,0.3430123097168886,1.2596304096185615,-1.1217250967459367,-0.1748668524305076,0.11604032356904351,0.7794598429530466,1.166054783280433
06073017036,3329,0.5372698662863702,63.149606047380615,High,1.0,63.149606047380615,63.149606047380615,0.7992116197357455,60.83801014028847,1.0,0.21848577884756118,54.97247689603551,1.0,0.9483990122099386,63.467484593424054,1.0,0.9069180209593213,64.38382937717188,1.0,0.8251268236054672,61.994452826566686,1.0,0.5831939914644187,58.980660306716395,1.0,-0.5204461828178608,44.60761604658335,1.0,52,162083.0,5.8,1.7,65.7,278,90.9,10.135135135135137,3210,278,13.4,8.9,23.905723905723907,1.0919017288444042,11.936176741331698,72.975432211101,7.829977628635347,2.657218777679362,13.21718233703815,11.59925327,3.548680618744313,30.17241379310345,98.9080982711556,3.0,9.01171522979874,1.0868020615164888,1.1597707339598071,0.07317721436038599,0.8770964691062998,1.065341956522643,-0.3789145199164277,0.7101302436275273,-0.522614564843498,0.531602112219735,0.8130849587119798,1.1848637020107389,1.264045275897301,1.9917849002605883,0.850622314558072,0.10054262455300349,0.6847222444656212,1.0990657085643887,0.5444659383593714,0.5540767529351146,1.1028988945629943,0.3347379203236074,0.4701316430802086,0.9447124109894404,-0.5732082433983345,-0.46768412223738715
06073017037,5194,0.37999939332045957,59.31265887080173,Moderate,1.0,59.31265887080173,59.31265887080173,0.5230668951356707,57.07877416464071,1.0,0.4849360527324752,61.0265156302735,1.0,0.13160996768371977,51.831443505532846,1.0,0.1529082810938749,52.40936858307052,1.0,0.36217950769431745,55.373906122633464,1.0,0.6451124086566934,59.931296967543474,1.0,0.36018264024646585,53.73747529251141,1.0,189,132813.0,5.3,2.5,56.7,494,85.5,0.0,4862,556,14.5,10.5,68.58846918489066,5.093099671412924,8.644589911436272,72.45345016429354,25.296442687747035,5.093555093555094,12.514439738159414,22.33976353,1.9715224534501643,34.962406015037594,100.0,11.0,21.17828263380824,0.7052025071768725,0.45746456970800514,0.2083304928910022,0.721270010766803,0.6341062787718508,0.5852565230372777,0.23401615346790172,0.4863652556528707,-0.5649577705647876,-0.31734854687039005,0.7705839358001373,0.6381622523699194,-0.7944995715516378,0.24503852756781255,0.49692988309045333,0.6641642852688715,0.054761946957078284,0.1742687378564011,0.5768540884793623,0.6428332574844282,0.6292145516678032,0.1037178203488193,1.2024048539534578,0.5089262256827704,0.21143905481016137
06073019304,3186,0.021523736611708973,50.566883945974986,Moderate,1.0,50.566883945974986,50.566883945974986,0.4265879394802564,55.76537894581835,1.0,0.14682943078055016,53.344367078670125,1.0,0.290222534052295,54.091050624028384,1.0,-0.35957126703175335,44.27065905140822,1.0,0.06706283950157234,51.153482722977735,0.75,0.5543926345402979,58.538471584601396,1.0,-0.9748579550412555,39.89653299838602,1.0,191,106657.0,2.8,4.7,39.9,320,88.1,0.0,2830,488,16.3,11.3,90.79754601226992,6.672519754170326,15.706641485678311,83.23090430201931,24.2152466367713,5.004170141784821,33.58443188951663,,0.877963125548727,37.66816143497758,98.85864793678664,0.0,0.0,0.6996317107631554,-0.1701240887193994,0.8840968855440833,0.29274725033318655,-0.17086698636296133,-0.1914368171198739,0.46325627095216515,0.4863652556528707,0.7838374363469254,-0.040839631835853506,0.09267159109187978,0.3252207406062282,-2.179392230021828,0.005992319733690408,-0.3535132034292537,1.088628045590378,0.1194056570179137,0.18785063075715772,-0.10606776927035437,,0.8333967790066688,-0.10326084284325952,0.9330419674574844,-0.979008669303749,-0.9707072407787621
06073019209,2792,0.0877131911539165,52.1817162532452,Moderate,1.0,52.1817162532452,52.1817162532452,0.11993095136011825,51.59077092607602,1.0,-0.16346312485125278,46.29418423084911,1.0,0.3772297296502641,55.33056198832124,1.0,0.8605417794351717,63.647326310238284,1.0,0.8087869172797831,61.76077804490352,0.75,-0.4141759597554134,43.667987873688176,1.0,-0.9748579550412555,39.89653299838602,1.0,413,140417.0,9.2,3.1,43.5,426,66.7,0.0,2603,443,14.6,12.9,38.095238095238095,3.7178265014299336,6.585275619681835,84.46139180171592,6.808510638297872,1.317027281279398,14.326647564469916,,3.813155386081983,63.48122866894198,97.23546234509055,0.0,0.0,0.08127330884056518,0.6399154092355317,-0.8458650796478041,0.6044001670121802,0.0016272847373555845,0.28172119470000007,-1.4235662344952373,0.4863652556528707,0.934514853654484,0.14214420899582508,0.7329221388719009,-0.3006622829211536,1.1069685622806515,0.453186973702863,0.7449215019539499,1.1370900798032226,1.1601382734340988,0.748105779407679,0.5181166989975715,,0.28535692590279,-2.0778495693777934,0.5499647642087632,-0.979008669303749,-0.9707072407787621
06073020813,5898,-0.05572234613435,48.68230171318349,Moderate,1.0,48.68230171318349,48.68230171318349,0.6406577440810197,58.679571537838825,1.0,-0.311482915527867,42.931014311282524,1.0,-1.0575298620219034,34.89086379228667,1.0,-0.46033879341825074,42.67036567290489,1.0,0.3404224274301379,55.06276107204229,0.75,0.16858430236816732,52.61513631140683,1.0,0.289630674148246,53.006032597098766,1.0,247,115893.0,1.1,3.0,16.5,281,86.2,3.720930232558139,5728,527,20.1,16.1,80.44280442804428,20.51282051282051,4.913793103448276,76.78812415654521,21.489001692047378,4.878048780487805,13.903017972193965,,0.7422402159244265,45.20156974669997,96.28879892037789,11.0,18.650389962699222,0.5436494111790786,0.05148505829220435,1.3436180325481786,0.6238784743046174,-1.2920797485150206,-0.3655232554309596,0.29573464663674226,0.11593669519776988,-1.1397887987072794,-0.19942562722330828,-1.338476692181108,-1.5524283299759178,-1.53370102404286,-2.0887457729104253,0.9462087249691631,0.8348828983111194,0.2824053161477332,0.2070145592228369,0.5318474069198434,,0.8587380707692122,-0.6795342081849731,0.32654904452026295,0.5089262256827704,0.07033512261372163
06073016621,4265,0.2851646157586511,56.998963075621276,Moderate,1.0,56.998963075621276,56.998963075621276,0.6686702855678199,59.06091416127302,1.0,0.016143458645552028,50.37504028537678,1.0,0.0497866696174897,50.665782353946646,1.0,0.5863689663709253,59.29317618820913,1.0,0.9334241086180234,63.54319759447544,0.75,0.3174019139164313,54.89994079656014,1.0,-0.5756430924256835,44.03536585180087,1.0,264,154577.0,3.8,3.2,41.7,229,85.8,0.0,4167,440,16.6,11.7,58.26771653543307,1.8374558303886923,9.27105449398443,89.54063604240282,7.600950118764846,0.0,7.502930832356389,,1.413427561837456,44.81605351170568,98.58657243816256,3.0,7.033997655334114,0.49629764166248386,0.9796713124062018,0.6137903284828509,0.5849218597197432,-0.0846198508128027,-0.5976385065124072,0.2604669362545473,0.4863652556528707,-0.10363263827953142,0.15434313171793698,-0.020313799692830033,0.16874998472438327,-0.15092781549827236,0.7377822394855855,0.42148828264664506,1.3371331588497426,1.1127590511646162,0.948225856976042,0.739287417713412,,0.7334183704533864,-0.6500438727430025,0.8688312440389099,-0.5732082433983345,-0.5780779414530325
06073016404,4110,-1.2651071328187715,19.176791523282333,Very Low,1.0,19.176791523282333,19.176791523282333,-2.473878349943005,16.280513764546214,1.0,-0.3141665496585495,42.87003923800228,1.0,-1.8447821689656587,23.675605395366993,1.0,-1.5788219882944081,24.907686415875915,1.0,-0.28334412552968585,46.142360295780904,0.75,-1.5214382777852744,26.668132250717175,1.0,-0.8393184695548204,41.30172936755628,1.0,1700,46835.0,17.7,14.9,7.8,268,87.1,0.0,3808,1115,22.9,18.9,47.85714285714286,25.0828729281768,39.97071742313324,36.353591160220994,55.970149253731336,0.0,30.90024330900243,,11.60220994475138,53.46907993966818,86.07734806629834,1.0,2.4330900243309004,-3.4525056882366933,-1.6054968033716472,-3.1434708146682797,-1.6940400934953987,-1.6945663810824265,-0.4235520682013215,0.375086994996679,0.4863652556528707,0.13466336530378795,-2.590414480757242,-2.3930070061717292,-2.530370554237452,0.4982449155246236,-2.780426036711333,-3.2754991751916407,-0.7576076567992823,-1.7791905466292446,0.948225856976042,-0.019067686935855067,,-1.1689642691850397,-1.311963213059849,-2.0833873511109346,-0.8437418606686108,-0.8348950784410301
06073009109,3281,-0.002272589287886624,49.98632204041503,Moderate,1.0,49.98632204041503,49.98632204041503,0.5905564051174982,57.99752788796444,1.0,-0.9370506067421058,28.717439004039207,1.0,0.06184995962768197,50.837636933968795,1.0,-0.27476061257251605,45.61754066718873,1.0,-0.8015332793648607,38.73180756866273,0.75,1.403705349202686,71.5780136090278,1.0,-0.05867534028358978,49.39499375418713,1.0,20,176250.0,11.7,0.0,58.7,53,25.9,0.0,3164,268,25.3,8.2,0.0,0.0,35.96464492532764,0.0,0.0,41.17647058823529,3.047851264858275,,0.0,10.024154589371982,100.0,6.0,18.28710758914965,1.1759348041359614,1.4996945955571859,-1.5216314723008852,1.2082276930777307,0.729936429383138,-1.3832593563265376,-3.581244755677894,0.4863652556528707,0.5621358619825001,0.8537480344523529,-2.7063531566146564,1.5378690986905312,2.797652033989971,1.015882317553658,-2.7930704327732356,-2.1195063690604576,1.567212815790265,-4.855498379523715,0.8836857256388679,,0.9973242970865002,2.011386896568101,1.2024048539534578,-0.16740781749292022,0.05005713692574065
06073007402,3835,0.08075510044796785,52.01195885387401,Moderate,1.0,52.01195885387401,52.01195885387401,0.32166750913005715,54.33706755249323,1.0,-0.030050293680860457,49.32546821406156,1.0,0.3571587433836028,55.044629136456365,1.0,0.1277982572769163,52.0105952253301,1.0,0.527072486266628,57.73201821934159,0.75,0.09608806423304228,51.50209781868679,1.0,-0.834449063473611,41.352212602908494,1.0,437,121103.0,3.1,4.7,66.0,466,58.5,0.0,3538,432,16.4,9.9,46.85466377440347,1.7615971814445095,14.743765415182242,41.338813857897826,20.042194092827003,0.0,22.16427640156454,,5.284791544333529,25.942782834850455,92.71873165002935,1.0,2.607561929595828,0.014423751875960832,0.1764941158853676,0.8030049184257135,0.29274725033318655,1.0797164791143359,0.46027138783957516,-2.1465542973302236,0.4863652556528707,0.3138832008678443,0.1868735923102354,0.055009794163644064,0.8728683861926875,0.5607565603240233,0.7492634929909028,-0.237559462689753,-0.5612675615175078,0.3689086019055854,0.948225856976042,0.26408299991825634,,0.010582671815594821,0.7936802369713942,-0.5159987160878622,-0.8437418606686108,-0.8251562662786112
06073016704,7583,-0.24491787491684142,44.06647500208381,Moderate,1.0,44.06647500208381,44.06647500208381,0.20065814416730007,52.68973295713894,1.0,-0.3656820912949812,41.699550351145604,1.0,-1.184776865824429,33.07809294958261,1.0,-0.13117628053642227,47.89780955989595,1.0,0.3286686206357887,54.894671477057074,0.75,-0.005013199250603173,49.94988489268386,1.0,-0.5571034523145428,44.22757430586428,1.0,283,112045.0,3.8,7.3,36.1,560,74.4,17.391304347826086,7257,1103,16.9,11.9,64.75315729047072,5.254515599343185,17.17914438502674,64.24466338259441,25.86206896551724,4.245283018867925,9.890544639324808,,2.832512315270936,33.91405342624855,92.07717569786536,4.0,5.274957140973229,0.44337507573217205,-0.040844088275644425,0.6137903284828509,-0.2136887392701782,-0.35294427252440674,0.8798643417175767,-0.7446628096379938,-1.2449856247351008,-2.1547040897348433,-2.541618789868794,-0.13329919047753852,0.0905146067834601,-0.5553408110678356,0.22060812689290754,-0.530838432148714,0.34086599417795294,0.020943675913663973,0.30316225114837053,0.6618999348453316,,0.4684561700991426,0.18391228869671025,-0.6674080565476623,-0.43794143476319647,-0.6762654698658892
06073016620,2411,0.0645571779375495,51.61677613539726,Moderate,1.0,51.61677613539726,51.61677613539726,0.4754695632799132,56.430818269353765,1.0,-0.2638504606425729,44.01327526255844,1.0,0.23138274541910173,53.25281435882993,1.0,-0.225204645577348,46.40454108976061,1.0,0.5258178266362649,57.71407550233067,0.75,0.4997511634366079,57.699558253348286,1.0,-0.7914659469891201,41.79783713071942,1.0,118,96855.0,3.4,2.7,29.8,252,78.4,0.0,2316,167,18.7,13.8,83.85650224215246,3.968253968253968,14.969801553062986,73.24263038548753,10.847457627118644,6.070287539936102,10.783907092492742,,1.473922902494331,40.128755364806864,99.43310657596372,1.0,4.147656574035669,0.902965779863827,-0.40531387423344667,0.7219129513073438,0.6823133961819287,-0.6548092469499612,-0.4949721454571515,-0.3919857058160493,0.4863652556528707,1.1250189010873883,1.2644450994301204,-0.811211535185796,-0.652721483655306,-1.7465691715007488,0.4152846214817371,-0.2647797213841857,0.6952456890938054,0.9186533754262036,0.025855887407756514,0.6329442170748346,,0.7221230771082617,-0.2914857054828791,1.0686161186844412,-0.8437418606686108,-0.7391900333096295
06073016813,3322,0.09476785773591888,52.35382982620678,Moderate,1.0,52.35382982620678,52.35382982620678,0.7847584152555711,60.641254593631,1.0,-0.0870101840972615,48.03127782779914,1.0,-0.3452996443005901,45.03735159471566,1.0,0.03519761353265849,50.54000045791763,1.0,1.0651503367746176,65.42699649700774,0.75,-0.2695053263892288,45.88912358838029,1.0,-0.5199162066243345,44.61311053861435,1.0,161,108958.0,1.4,0.0,32.9,233,85.7,0.0,3271,780,15.9,14.4,80.61224489795919,4.473684210526316,13.304455445544557,91.40350877192982,0.0,0.0,9.331727874774232,,0.8771929824561403,44.00417101147029,90.43859649122808,3.0,9.030704394942806,0.7831936569689109,-0.11491375445416552,1.2625260654298085,1.2082276930777307,-0.5062725135024663,-0.5797834871984497,0.25165000865899917,0.4863652556528707,0.4911117049256334,-1.2282014434547457,0.24331877880482597,-0.8874276174780741,-1.5442668329982148,0.33878744124520815,-0.0642314715006438,1.4105013173842844,1.567212815790265,0.948225856976042,0.6800123375575454,,0.8335405750751599,-0.5879383500747742,-1.0541182041680721,-0.5732082433983345,-0.4666241698503344
06073016812,2978,0.07669080401513263,51.912801711222535,Moderate,1.0,51.912801711222535,51.912801711222535,0.042639853837143527,50.53858542868344,1.0,-0.370840862308355,41.58233748781968,1.0,-0.10278383514799024,48.492250921138066,1.0,1.2137552578150141,69.25672460469846,1.0,0.9886897608336144,64.33354418261048,0.75,-0.7438226076597045,38.606905843063004,1.0,-0.4908019392637939,44.91495071927652,1.0,354,72986.0,7.2,0.0,22.9,86,85.7,0.0,2858,637,15.7,14.3,24.13793103448276,0.8821170809943866,8.234496780752288,92.38171611868484,0.0,1.4229249011857708,9.738079247817328,,9.30232558139535,46.05714285714286,91.7401764234162,3.0,10.07387508394896,0.24561180304521754,-0.9780281152490347,-0.3052519655253395,1.2082276930777307,-0.985423266558902,-1.235955446986388,0.25165000865899917,0.4863652556528707,0.765251675621764,-0.6467194603674115,0.3186423726612994,-0.8483099285076129,1.9773051472135756,0.882373350952907,0.5463150885301132,1.44902744456346,1.567212815790265,0.7320148143903245,0.6668416523202534,,-0.7395449409872488,-0.7449818747987154,-0.7469410071931495,-0.5732082433983345,-0.4083956351292533
06073018805,4109,0.1018715892986672,52.52714044357084,Moderate,1.0,52.52714044357084,52.52714044357084,0.34867000903187806,54.7046601951206,1.0,0.12665837963966467,52.886058955594365,1.0,0.48951832151775065,56.93023411593825,1.0,0.9710046333294784,65.40159159784315,1.0,0.31097619536290305,54.64165450558063,0.75,-0.6944244704180212,39.36531799841071,1.0,-0.8393019433729833,41.30190070161904,1.0,170,125871.0,7.1,3.0,48.8,78,94.6,0.0,3865,372,13.3,11.6,40.70796460176992,0.0,7.987298485588666,89.81670061099797,20.305676855895197,5.516356638871072,15.818934047213434,,1.9687712152070609,78.2824112303881,95.45145960624576,1.0,2.433682161109759,0.7581250731071842,0.2908977985349266,-0.2782213098192161,0.6238784743046174,0.25557718385726635,-1.2716654856143033,1.036356564662825,0.4863652556528707,0.09682806668470938,0.4308520467524735,1.2225254989389753,0.2078676736948445,0.9440466279017442,1.015882317553658,0.5760837866076154,1.3480058012548957,0.35315521164261043,0.1100247550267792,0.4697486194193194,,0.629728244832942,-2.841935834957331,0.12893417887032552,-0.8437418606686108,-0.8348620260773557
06073016619,4319,0.1531053943181169,53.777097920060285,Moderate,1.0,53.777097920060285,53.777097920060285,0.4129263741345087,55.57940020584504,1.0,0.18639133827702412,54.24325645450707,1.0,-0.4163677306889581,44.02491003615811,1.0,0.5366487275361188,58.50356695755518,1.0,0.19244272034488075,52.94652337431616,0.75,-0.18798025207946922,47.14078226975206,1.0,0.34767658270271345,53.607819594099645,1.0,367,96630.0,2.1,2.2,37.5,478,83.2,0.0,4179,582,17.4,14.2,61.37820512820513,0.6030701754385964,2.862462182918315,65.0767543859649,30.885529157667385,4.3022035676810075,12.965964343598054,,5.263157894736842,42.34752589182969,94.4078947368421,10.0,23.153507756425096,0.20940162635605686,-0.4107125379490823,1.073311475486946,0.7797049326441142,-0.28586316709650583,0.5138364457814477,0.031226818770283875,0.4863652556528707,-0.1115979643046006,-0.42307254379535986,-0.3216081751187211,-0.8091922395371509,-0.34488872841090623,0.9246072729532542,1.1932389514109814,0.3736374141911459,-0.27940435427978966,0.29451326960818375,0.5622192457062481,,0.014621965018458208,-0.46121211690529634,-0.11735060435156948,0.3736594170476322,0.3216937483577947
06073018804,5023,-0.028711469667080512,49.34128940644538,Moderate,1.0,49.34128940644538,49.34128940644538,0.5749754715113555,57.78542024683091,1.0,-1.4169835612451966,17.81284260773767,1.0,-0.10909815463602264,48.40229662816951,1.0,1.2712505153701334,70.16980923880861,1.0,0.720060269702151,60.491910305569064,0.75,-0.5127200978942121,42.15503462532837,1.0,-0.728464730477772,42.45099794490825,1.0,147,124911.0,5.2,1.2,55.1,228,48.5,30.952380952380953,4832,746,13.5,12.0,16.783216783216783,0.5676442762535477,10.807577268195413,93.23557237464524,7.356948228882835,2.8938906752411575,14.134979096157675,,4.446546830652791,62.507836990595614,96.16840113528856,2.0,3.9816842524387814,0.8221892318649301,0.26786350001488113,0.23536114859712537,0.9744880055684854,0.5574421582828211,-0.6021022613408966,-3.028247056885085,-2.5950270850376262,-0.5450444555021147,-1.0899469859374773,1.1472019050825024,0.05139691781299887,2.435923479298757,0.9299690047380719,0.2364535010579733,1.4826560763857317,1.1273476980705996,0.5085040420710055,0.5243290689648478,,0.16709422846137104,-2.003389288577212,0.2981347664332047,-0.7084750520334727,-0.7484544089220713
06073018620,2328,0.12120181101615832,52.99874225313397,Moderate,1.0,52.99874225313397,52.99874225313397,0.5863608382338135,57.940412453330566,1.0,-0.42860287225893556,40.26992207720803,1.0,0.35203862037414346,54.971687460619265,1.0,0.47449988822500744,57.51657859336957,1.0,0.09030145400043012,51.485814993490166,0.75,-0.0014038580272089558,50.00529929511825,1.0,-0.22478139343414172,47.67290058003445,1.0,118,118241.0,2.0,5.0,18.6,112,84.1,0.0,2204,104,18.4,13.7,32.5,7.166666666666667,12.260034904013962,67.0,35.199999999999996,2.4390243902439024,23.195876288659793,,0.8333333333333334,57.953568357695616,98.33333333333331,4.0,17.18213058419244,0.902965779863827,0.10782311342248214,1.1003421311930692,0.23431232845587524,-1.191458090373169,-1.1198978214456643,0.11057916713022065,0.4863652556528707,1.1993619439880339,1.5206224765944703,-0.6982261444010862,-0.6136037946848442,1.4558711402993503,-0.06879712155223124,0.06154221049900864,0.4493833236539019,-0.537362568191114,0.5776202080994395,0.23064672209296494,,0.841729761175727,-1.6550073075198977,0.8090659722625438,-0.43794143476319647,-0.01162135210508698
06073018525,3963,0.16806204389177853,54.14199714920663,Moderate,1.0,54.14199714920663,54.14199714920663,0.6021613845186691,58.15550974376384,1.0,-0.3442505432276443,42.1864983292527,1.0,0.44603560469958997,56.31077590588997,1.0,0.2300578452965336,53.634584098179914,1.0,0.5669951055821959,58.302946177314226,0.75,0.23611786547903502,53.65198259786972,1.0,-0.5606829551059295,44.19046405487107,1.0,108,134475.0,5.4,2.1,44.1,262,77.7,9.941520467836256,3680,326,15.0,11.2,73.05389221556887,3.1982942430703627,11.278387343710133,88.13077469793888,22.530864197530864,0.0,13.87837496845824,,0.6396588486140725,47.017129356172475,97.6545842217484,3.0,7.57002271006813,0.9308197619324121,0.4973426990208338,0.18129983718487883,0.7991832399365513,0.030376329920741792,-0.45033459717225777,-0.45370419898488984,-0.5033397066741714,0.21962684290452578,0.6179021951581893,0.5822749511589548,0.3643384295766901,-1.0729502077584605,0.5318185028091247,0.17975649600554436,1.2816065901299258,0.22011332232575279,0.948225856976042,0.5326461374447929,,0.8778913910569088,-0.8184167169826411,0.6488789223628373,-0.5732082433983345,-0.5481576668135244
06073018524,3448,-0.15911023877598843,46.159934511745995,Moderate,1.0,46.159934511745995,46.159934511745995,0.2701938331460701,53.63634189192493,1.0,-0.04527914457016233,48.97945223210167,1.0,-0.0643472597340776,49.039821403126524,1.0,-0.38995914953246275,43.788067795112994,1.0,0.07828226479746163,51.31393020071401,0.75,-0.13638139845892475,47.932982137458936,1.0,-0.8262808170798235,41.43689634015189,1.0,566,103458.0,3.2,1.6,35.5,361,79.7,0.0,3183,326,18.7,13.7,71.04072398190046,3.953488372093023,19.039198349543177,48.604651162790695,3.785488958990536,9.282700421940929,50.17401392111369,,8.992248062015504,43.212951432129515,98.29457364341086,1.0,2.9002320185614847,-0.3448926168087875,-0.24688108972525916,0.7759742627195902,0.8965747763987368,-0.38169331770779297,-0.008422869151809429,-0.2773656470739176,0.4863652556528707,0.5495240957761406,0.6179021951581893,-0.811211535185796,-0.6136037946848442,-0.9474149624737165,0.41751940360665585,-0.7548342523500635,-0.2751067869127269,1.340881938533879,-0.46226484043617533,-0.6437703037053188,,-0.6816492997181236,-0.5274134520679229,0.7999185564092723,-0.8437418606686108,-0.8088197734910362
06073018522,5332,0.2219066219432792,55.45564997819996,Moderate,1.0,55.45564997819996,55.45564997819996,0.3536919166674031,54.773024839338184,1.0,0.19198257938039254,54.37029550655502,1.0,0.27597778787227456,53.88811884752121,1.0,0.003141445553358435,50.03091508888015,1.0,-0.19255683837146198,47.44069696195519,0.75,-0.023658405189392495,49.66362408180035,1.0,0.9447678676903806,59.798122757171924,1.0,160,146406.0,4.7,8.9,58.5,740,72.2,11.888111888111888,5037,389,15.5,9.5,73.90438247011953,3.4250129735339905,12.637571157495255,71.45822522055008,27.631578947368425,5.908203125,47.074268567141786,,1.7125064867669952,51.255605381165914,96.574987026466,16.0,30.00750187546887,0.7859790551757694,0.7836158403152734,0.3705144271277416,-0.525341655949172,0.7203534143220091,1.6833402108456645,-0.9386352167400636,-0.69712809090604,-0.6811187750970463,0.3617248179938394,0.39396596651777216,1.029339142074533,-1.1259842766115893,0.49750448252157764,0.016077646369401823,0.6249679299340436,-0.08485368628841966,0.05048434131352967,-0.543301170139496,,0.6775763146232608,-1.1426419204728653,0.39409039028142695,1.185260268858461,0.7042754665223001
06073017067,2979,0.8944788638627494,71.86447813272335,High,1.0,71.86447813272335,71.86447813272335,1.1556425263500796,65.69020454276298,1.0,0.3574499985519878,58.129894437768385,1.0,0.9405065992101568,63.355048655939925,1.0,0.5722934582562463,59.069642444326256,1.0,0.9007742319959275,63.076276142238896,0.75,0.24445282307848196,53.77994963287755,1.0,2.090232409596367,71.67364825088973,1.0,154,224149.0,5.2,1.4,72.5,143,88.9,0.0,2898,326,13.1,9.3,52.17391304347826,3.096330275229358,8.69419268210809,81.53669724770643,9.48509485094851,0.0,7.049345417925478,,5.389908256880735,39.85507246376812,99.19724770642202,19.0,63.779791876468614,0.8026914444169204,2.648986121402661,0.23536114859712537,0.9355313909836113,1.391164468601019,-0.9815214217624937,0.533791691716555,0.4863652556528707,0.7387005888715334,0.6179021951581893,1.2978490927954487,1.1075745200154556,0.2290638331309193,0.5472508124993747,0.49095650085915776,1.0219026865355336,1.0001077834597318,0.948225856976042,0.7539890555520089,,-0.009044031510703576,-0.2705501395488427,1.0129526402949922,1.5910606947638755,2.589404124428858
06073019811,6394,0.03283833294084733,50.84292755174851,Moderate,1.0,50.84292755174851,50.84292755174851,0.5308913262661321,57.1852903511701,1.0,0.10892784007347754,52.48320189807451,1.0,-0.23910129054111862,46.550261710360516,1.0,-0.10256600506009912,48.352170563323845,1.0,0.00821264557137257,50.31187409050606,0.75,0.1193824346796319,51.8597374926573,1.0,-0.19587862040346504,47.97254810766007,1.0,413,136513.0,2.7,3.2,62.6,322,81.0,6.25,6160,821,13.6,10.2,70.28423772609818,2.046663937781416,18.56784706988405,67.82644289807614,27.40076824583867,4.5703125,35.18923991241789,,3.0699959066721245,49.86835176408636,99.01760130986492,7.0,10.947763528307789,0.08127330884056518,0.5462425952540135,0.9111275412502065,0.5849218597197432,0.9168052230751478,-0.18250930746289515,-0.16274558833178585,-0.13583896698655656,-1.4265405356097696,-1.394920053990275,1.1095401081542662,0.7555153192813038,-0.9002427062814813,0.706118462846077,-0.6980720731314353,0.481932296326443,-0.07105372831117546,0.25377456882718946,-0.1580829038018963,,0.4241147910705526,-1.0365229796937054,0.9705554926620485,-0.03214100885778211,-0.359616231949148
06073018619,5048,0.2695935199849219,56.61907312655118,Moderate,1.0,56.61907312655118,56.61907312655118,0.42978892902564864,55.80895491879461,1.0,0.32193418629825366,57.322936726946516,1.0,0.40283793488748565,55.695378497950486,1.0,1.0393592168878816,66.48713365073928,1.0,0.4189455417737095,56.185709468074634,0.75,0.12622534814689668,51.964797096953205,1.0,-0.8519365171254218,41.1709126201812,1.0,110,150918.0,7.3,5.0,56.9,249,90.4,0.0,4713,492,13.3,9.8,28.67924528301887,2.066869300911854,7.190966719492868,83.22188449848025,19.39393939393939,4.582366589327147,11.885895404120443,,0.0,60.12422360248447,100.0,1.0,1.9809825673534072,0.9252489655186951,0.8918770433594869,-0.3322826212314627,0.23431232845587524,0.6436892938329793,-0.5083634099426196,0.6660456056497842,0.4863652556528707,-0.46605497242017874,-0.057104862132002714,1.2225254989389753,0.9119860751631487,1.694122158047165,0.7030603686208787,0.6719815350072915,1.0882728058761908,0.40766714968482204,0.251942970252541,0.5972265053837655,,0.9973242970865002,-1.821053106599268,1.2024048539534578,-0.8437418606686108,-0.860131173582233
06073018617,3519,0.2395343314026796,55.8857153856745,Moderate,1.0,55.8857153856745,55.8857153856745,0.4226264640954508,55.71145026474442,1.0,-0.18079244682876378,45.90044327138121,1.0,0.14964646975601725,52.088392935255946,1.0,0.944366620534802,64.97855218206644,1.0,0.7177143642419087,60.45836183011893,0.75,0.3041487988562415,54.6964650357497,1.0,-0.6809699508368992,42.943396832703755,1.0,330,146900.0,6.8,2.2,33.7,214,85.8,3.389830508474576,3271,467,16.1,12.4,28.235294117647054,4.69061876247505,9.991435912075364,91.51696606786427,10.62992125984252,0.0,21.88121625461779,,0.3992015968063871,47.55351681957187,98.50299401197606,2.0,5.683432793407218,0.3124613600098219,0.7954689064287135,-0.19712934270084645,0.7797049326441142,-0.46794045325795125,-0.6645948289397479,0.2604669362545473,0.14889855862809662,0.4911117049256334,0.044552827218929836,0.16799518494835255,-0.10507383806884674,1.721805645948146,0.3059542624363095,0.3347368067855456,1.4149697669692074,0.9316596732583076,0.948225856976042,0.27325756249137667,,0.9227879924585849,-0.8594480531149583,0.849106457225098,-0.7084750520334727,-0.6534648496403257
06073018618,3946,-0.27237079039016066,43.39670282853002,Moderate,1.0,43.39670282853002,43.39670282853002,-0.5162234257769585,42.93062207093167,1.0,-0.10996959259462016,47.50961520635917,1.0,-0.39523171471422974,44.32601538516401,1.0,-0.4985365349750404,42.063745712297205,1.0,0.2780660333089194,54.1710107467253,0.75,-0.10492754849381936,48.41589472238713,1.0,-0.5597727494853759,44.19990054954722,1.0,532,83750.0,5.8,12.2,18.6,366,93.6,7.000000000000001,3362,499,19.2,14.5,58.778625954198475,13.691683569979714,15.288611544461778,44.11764705882353,30.676328502415455,0.0,25.595539787126206,,3.8539553752535496,47.89251844046365,96.14604462474644,3.0,7.602635580334517,-0.25018907777559807,-0.7197560430930252,0.07317721436038599,-1.1681257965995964,-1.191458090373169,0.013895904990637456,0.9481872887073388,-0.21050347370328792,0.43070798256885884,-0.08556901515026383,-0.9995205198269786,-0.9265453064485354,-0.18278662298905535,-1.0563624715301905,-0.3031722126097415,-0.4518248327711742,-0.2668964409458128,0.948225856976042,0.152868683896529,,0.2777390194464126,-0.8853802204479853,0.2928585555201145,-0.5732082433983345,-0.5463372555724172
06073018622,5080,-0.6334585347683097,34.58720047782946,Low,1.0,34.58720047782946,34.58720047782946,-0.9356520168095814,37.22082243268554,1.0,-0.10730289299508283,47.57020550875514,1.0,-0.6169364956299688,41.16759160682617,1.0,-0.148505891762584,47.62259726589863,1.0,-0.746580888514457,39.51767424855015,0.75,-0.9043736026252386,36.141958115595216,1.0,-0.9748579550412555,39.89653299838602,1.0,869,77601.0,7.7,12.6,21.1,300,87.8,0.0,4486,426,18.7,16.1,57.70877944325482,5.327650506126798,14.39543127215439,43.1006925945658,67.48329621380846,6.756085444610036,20.866141732283463,,4.954714970697922,47.19216898505925,86.62759722962173,0.0,0.0,-1.1888682734869174,-0.8672955239261079,-0.44040524405595577,-1.246039025769345,-1.0716704021090602,-0.2807119136896614,0.43680548816551956,0.4863652556528707,-0.3153775551126202,0.2112714377544592,-0.811211535185796,-1.5524283299759178,-0.11607414366306743,0.20953911345070617,-0.19561154420990268,-0.4918769926280721,-2.4675509353888567,-0.07834994935080156,0.30615821919628733,,0.07221240536341532,-0.831806496459984,-1.9535267167791472,-0.979008669303749,-0.9707072407787621
06073017066,5413,0.40308789072142787,59.87595179695256,Moderate,1.0,59.87595179695256,59.87595179695256,0.821320997749077,61.13899133537478,1.0,0.1835709441604707,54.17917404626452,1.0,0.2796532305804914,53.940479493952026,1.0,0.5784446393968594,59.16732961401564,1.0,0.9041412137412211,63.12442689099555,0.75,0.31418205601121085,54.85050615164905,1.0,-0.2596978465893352,47.31090663397589,1.0,603,200260.0,3.4,1.4,67.6,182,81.7,0.0,5377,477,13.6,9.8,66.89419795221842,1.4810751508502469,3.320754716981132,82.83049917718047,7.07482993197279,1.0851871947911014,6.096434509514133,,0.8228195282501372,31.451612903225808,93.74657158529897,6.0,11.084426380934786,-0.4479523504625526,2.0757919991679055,0.7219129513073438,0.9355313909836113,1.1563805996033654,-0.807434983451408,-0.10102709516294532,0.4863652556528707,-0.9068030124740062,0.003889751478556815,1.1095401081542662,0.9119860751631487,-0.6888498045747229,0.7917206760795301,1.1380493633571516,1.0728583227254789,1.1442152896344528,0.7833334901400062,0.7848748614492043,,0.8436928299228184,0.37227840778095317,-0.2734250696701389,-0.16740781749292022,-0.3519878756857502
06073019108,2334,-0.13821626693328495,46.669687326482915,Moderate,1.0,46.669687326482915,46.669687326482915,0.08326674881648066,51.09165080194513,1.0,-0.5246498555677372,38.08763061704107,1.0,0.34505825567630855,54.87224463511028,1.0,0.6999187464146871,61.09646508147396,1.0,-1.0214658388403974,35.586581898960794,0.75,0.050794128311193454,50.806697678422324,1.0,-0.60043605334353,43.7783265208804,1.0,242,110114.0,5.5,7.7,30.6,43,85.4,7.6923076923076925,1870,144,17.8,14.5,21.052631578947366,11.63084702907712,10.589754627636678,83.81795195954489,13.17365269461078,18.537590113285273,91.25964010282776,,1.5170670037926677,51.18881118881119,97.34513274336284,2.0,8.56898029134533,0.5575764022133711,-0.08717661998627747,0.15426918147875568,-0.2916019684399267,-0.6164771867054464,-1.4278969046114314,0.2251992258723536,-0.2794245568264244,1.4210635183524591,1.3579701736329783,-0.47225536283166797,-0.9265453064485354,2.1696953396724328,-0.7444535845615655,0.26268465454123363,1.1117485760066474,0.7795723277732816,-1.868529744166416,-1.9754401001280577,,0.7140674934056992,-1.1375324517674925,0.5758473432953737,-0.7084750520334727,-0.49239705465358735
06073013326,4583,0.2998332294156491,57.35683505689105,Moderate,1.0,57.35683505689105,57.35683505689105,0.8107166987443881,60.994632023884456,1.0,-0.07889019236559161,48.21577283224584,1.0,0.6837038759928576,59.69661682600256,1.0,0.7547448081292245,61.96716010275162,1.0,0.09248027382062451,51.516973999889544,0.75,0.42534189200909633,56.55714886157122,1.0,-0.5892647504210557,43.894144241814075,1.0,64,208750.0,9.0,2.6,49.8,310,90.4,15.422885572139302,4466,530,11.9,8.3,49.23076923076923,4.669603524229075,4.473052585642592,88.54625550660793,9.29203539823009,16.42120765832106,5.236744490508401,,0.0,44.85981308411215,98.85462555066078,3.0,6.545930613135502,1.0533772830341868,2.279501576704557,-0.7918037682355579,0.7017917034743658,0.3034922591629099,-0.23607436540476767,0.6660456056497842,-1.0490242688702929,-0.30210201173750495,-0.21162454994542018,1.7497906559342866,1.4987514097200691,0.41258961813869105,0.3091349317618892,0.9992846225856695,1.297970060030648,1.0116506292505305,-1.5469489940392573,0.8127391862506004,,0.9973242970865002,-0.6533912920004119,0.9320926709412009,-0.5732082433983345,-0.605321257443777
06073022101,2514,0.4026697688236166,59.86575082530787,Moderate,1.0,59.86575082530787,59.86575082530787,1.220052808561619,66.56703987047715,1.0,0.34939099272940055,57.946785099211404,1.0,0.8946225322171779,62.70138062208481,1.0,0.25952928885094845,54.10262134853544,1.0,-0.6712200969349937,40.595398696126324,0.75,0.31197631000323733,54.81664121913404,1.0,0.4543365463379269,54.713609490661064,1.0,0,190469.0,2.7,1.6,62.1,121,95.3,0.0,2439,181,14.3,10.9,30.555555555555557,4.888888888888889,19.49085123309467,55.44444444444444,5.490196078431373,5.857740585774058,132.4582338902148,,0.0,34.32835820895522,94.0,8.0,31.821797931583134,1.2316427682731317,1.8408661483244004,0.9111275412502065,0.8965747763987368,0.892847685422326,-1.07972402798926,1.0980750578316656,0.4863652556528707,1.0433743093304293,1.2075167933935982,0.8459075296566101,0.4816914964880738,1.5771209723767703,0.27594595599305133,-0.8092242646977548,-0.0057255082682731015,1.238959079429533,0.05815203917198403,-3.3107714094064984,,0.9973242970865002,0.15221975305702787,-0.21361512013381606,0.103125799777356,0.8055472928984978
06073010019,3683,0.29863440478249137,57.327587184072584,Moderate,1.0,57.327587184072584,57.327587184072584,0.12037973044079556,51.59688028220311,1.0,-0.13382205393229565,46.96766145739221,1.0,0.3892887205517336,55.50235532290177,1.0,-0.3232606978608783,44.847308746975465,1.0,0.24588286529786232,53.71076363096359,0.75,0.4722320303504648,57.277055580118926,1.0,1.3197402386297574,63.68562323197567,1.0,88,130779.0,8.3,7.8,50.7,158,77.7,0.0,3473,437,15.6,10.4,67.72388059701493,4.182509505703422,18.398876404494384,49.04942965779467,26.253687315634217,3.839122486288848,18.734727124626662,,0.0,39.516129032258064,97.71863117870724,16.0,43.442845506380664,0.9865277260695824,0.40866064971865884,-0.6025891782926953,-0.31108027573236374,0.3466158269379894,-0.914565099335153,-0.45370419898488984,0.4863652556528707,0.35702871683696896,0.16654205444004888,0.3563041695895358,0.6772799413403806,-0.740586372130845,0.3828569131767132,-0.677723887806734,-0.25758944468264755,-0.0024708223696199437,0.36487766011543,0.3752417581477769,,0.9973242970865002,-0.24462242345348229,0.6639942174183766,1.185260268858461,1.4542202084010538
06073016703,3003,-0.05794950494723064,48.627965444221374,Moderate,1.0,48.627965444221374,48.627965444221374,-0.22404279030259577,46.9081594215132,1.0,-0.16303815877056463,46.30383992035437,1.0,0.2564150428561038,53.60942644055811,1.0,0.710996137524179,61.272385601499614,1.0,-0.34013009607615574,45.33027184163112,0.75,0.32901128517967443,55.07818007386143,1.0,-0.9748579550412555,39.89653299838602,1.0,178,120258.0,2.6,20.2,31.9,282,86.9,5.833333333333333,2930,309,18.0,11.7,33.111111111111114,1.0416666666666663,8.724608724608725,57.638888888888886,65.22781774580336,0.5181347150259068,16.650016650016653,,2.170138888888889,34.822934232715006,96.09375,0.0,0.0,0.7358418874523162,0.15621913437553595,0.9381581969563297,-2.726390379994565,-0.5541875888081098,-0.3610595006024702,0.3574531398055828,-0.09435868547726138,0.717459719471349,0.6870294239168235,-0.5475789566881407,0.16874998472438327,1.4177640502178752,0.8582254223347788,0.4872936682117297,0.08070140933233218,-2.3326979676938695,0.8694961595462974,0.44281151991910506,,0.5921301931521946,0.11438681239643982,0.28051684999038884,-0.979008669303749,-0.9707072407787621
06073020034,2549,0.520903196717725,62.7503063860575,High,1.0,62.7503063860575,62.7503063860575,1.3411643336655126,68.21576520062962,1.0,0.1467163173833566,53.34179701980703,1.0,1.2312161312610734,67.49651955623615,1.0,0.4053458125089243,56.4183397714648,1.0,1.0122562892514952,64.67056590555335,0.75,0.4844814479949684,57.4651215226072,1.0,-0.9748579550412555,39.89653299838602,1.0,50,247222.0,4.1,1.1,76.1,24,83.1,0.0,2542,70,13.3,9.4,72.54901960784314,0.8274231678486997,10.414153598713307,93.3806146572104,2.8213166144200628,0.0,9.023146331894862,,0.0,39.50995405819295,97.87234042553192,0.0,0.0,1.0923728579302059,2.7456198025064404,0.5326983613644812,0.9939663128609224,1.5636587397013355,-1.4855686169955142,0.022409891174734513,0.4863652556528707,0.9750052609485855,1.6588769341117386,1.2225254989389753,1.0684568310449942,-1.0414678380347402,0.8906513085854701,0.2838312971936779,1.4883684822912895,1.3985289096219085,0.948225856976042,0.6900141011565355,,0.9973242970865002,-0.24415006447091364,0.7002701113693185,-0.979008669303749,-0.9707072407787621
06073016705,4792,-0.4639030500891906,38.7238666043059,Low,1.0,38.7238666043059,38.7238666043059,-0.263111652678771,46.376303985256534,1.0,-0.2598533749210665,44.10409337818372,1.0,-0.9976179724991215,35.74437329123529,1.0,-0.2174364411862057,46.527908274565014,1.0,0.09445572876475512,51.54522471281007,0.75,-1.1323999060124443,32.641058488919995,1.0,-0.4713577320914806,45.116537210636366,1.0,490,76985.0,3.4,10.1,10.7,190,92.1,0.0,4502,898,19.8,14.0,60.03460207612456,2.7085590465872156,16.883116883116884,37.32394366197183,36.964285714285715,0.6458557588805167,27.963272120200333,,13.921993499458289,43.582089552238806,89.65330444203684,4.0,8.347245409015025,-0.13320235308754044,-0.8820758654764703,0.7219129513073438,-0.7590813434584172,-1.5699871852877536,-0.771724944823493,0.8159333747741097,0.4863652556528707,-0.32599798981271244,-1.7080257371911471,-1.2254913013963982,-0.7309568615962285,-0.2611055969828314,0.6059402281437879,-0.49518950778554743,-0.7193908881202318,-0.64284757627622,0.8500891620097941,0.07612560056069126,,-1.6020990439147187,-0.5556509320967544,-1.2394497420258594,-0.43794143476319647,-0.5047740294197647
06073020312,3997,0.0061839253040531835,50.19263667262368,Moderate,1.0,50.19263667262368,50.19263667262368,0.3099868032911117,54.17805481135064,1.0,-0.024625669207206075,49.44872155587041,1.0,-0.07422496637712746,48.899102815967545,1.0,0.25593991045199194,54.045618277300356,1.0,0.514440998521509,57.55137702825459,0.75,-0.6506680051078031,40.037113272875374,1.0,-0.2875615944441039,47.022031128978384,1.0,216,113911.0,5.2,4.3,36.9,323,81.8,0.0,3826,530,16.3,12.9,84.0909090909091,0.0,3.435114503816794,71.96141479099678,18.61111111111111,1.644528779253637,18.26369777333,,5.659163987138264,51.97873597164796,91.96141479099678,5.0,12.509382036527397,0.6299967555916925,0.003928829472693886,0.23536114859712537,0.37066047950293507,-0.314612212279892,-0.17804555263440577,-0.09221016756739721,0.4863652556528707,0.12271537626618419,-0.21162454994542018,0.09267159109187978,-0.3006622829211536,-1.7611860926119403,1.015882317553658,1.1242776584824679,0.644785758383782,0.4544717273531405,0.6983424782901101,0.3905087899212766,,-0.059317695979587554,-1.1979583034054335,-0.6947280159383883,-0.30267462612805834,-0.2724485627601494
06073020313,2675,-0.7200151782019527,32.475467344624924,Low,1.0,32.475467344624924,32.475467344624924,0.11327800780803779,51.50020253017001,1.0,-2.0203326315326473,4.104098426208367,1.0,-0.39203105641014463,44.371612215562536,1.0,-0.26731438471480407,45.73579452895188,1.0,-1.6899459415807874,26.0267387186793,0.75,-0.8407079311462623,37.119420461832945,1.0,0.056947690162938935,50.593707634447384,1.0,321,64464.0,3.0,3.8,28.8,231,67.8,70.0,2547,662,17.7,15.6,83.50340136054422,1.9327731092436975,11.068408916218294,48.65546218487395,31.63265306122449,6.739811912225706,309.9065420560748,,5.88235294117647,55.94671741198858,91.00840336134452,6.0,22.429906542056074,0.3375299438715485,-1.1825055027363547,0.8300355741318368,0.4680520159651206,-0.7027243222556048,-0.5887109968554285,-1.326580030944203,-5.463315176075354,0.9716863751048067,-0.748377149718344,-0.4345935659034309,-1.3568398851236103,-1.7245508398771776,0.7233559102903929,0.20504301510008666,-0.27310562437251795,-0.32407420019485683,-0.07587721350898993,-4.669886411038515,,-0.10099007404837028,-1.5014918334651823,-0.9196418859252341,-0.16740781749292022,0.2813031978187981
06073019210,6167,-0.33802423032572426,41.794947735900166,Moderate,1.0,41.794947735900166,41.794947735900166,-0.6828009761847365,40.662954922355524,1.0,-0.9184268812332668,29.140590213315228,1.0,-0.5094386831205353,42.699013914214916,1.0,0.05317635644056379,50.82552163980098,1.0,-0.27372263860491497,46.27995587384654,0.75,0.26256450449716634,54.058019214216436,1.0,-0.29752129407434663,46.91877462252039,1.0,839,87792.0,5.1,12.7,19.3,455,84.4,35.66308243727598,5338,261,19.5,14.5,45.02164502164502,14.34878587196468,4.624938715476385,48.28918322295806,56.38766519823789,1.948051948051948,20.10702124209502,,0.4966887417218543,41.47620831772199,96.08167770419426,6.0,9.729203826820171,-1.105306327281162,-0.6227720486992505,0.26239180430324877,-1.265517333061782,-1.1579175376592188,0.41117008472619204,0.13702994991686748,-3.063990021916908,-0.8809157028925314,0.882212187470614,-1.1125059106116884,-0.9265453064485354,0.6750582142497671,-1.1558153119514334,0.9809938316310246,-0.28753130816710315,-1.804153438084592,0.6522226439122619,0.3307628783575853,,0.9045858319741187,-0.39456006647400604,0.27766774799138655,-0.16740781749292022,-0.42763477065577304
06073020111,3888,0.10457223003572046,52.593028309586465,Moderate,1.0,52.593028309586465,52.593028309586465,0.2944179446707837,53.9661115504027,1.0,-0.10123849270353076,47.707995249894,1.0,0.2464284762005014,53.46715702508259,1.0,0.9084353768558489,64.4079265707929,1.0,0.20639558360342292,53.14606137719876,0.75,-0.126409001108746,48.086088869628405,1.0,-0.696024277268237,42.78732213044486,1.0,195,131111.0,5.3,6.9,39.3,146,94.7,7.722007722007722,3745,464,15.1,11.6,42.98245614035088,4.374057315233785,3.4652185156452027,90.04524886877829,41.17647058823529,0.0,12.860082304526747,,3.0165912518853695,48.24355971896955,95.32428355957768,2.0,5.1440329218107,0.6884901179357213,0.4166266779568412,0.2083304928910022,-0.13577551010042987,-0.19961603154634752,-0.9681301572770256,1.0451734922583744,-0.28238127424912435,0.17648132693540108,0.056751749941041735,0.5446131542307183,0.2078676736948445,0.8022160305285966,0.35386603355764024,1.120652401931049,1.3570070414061095,-0.8946902069152253,0.948225856976042,0.565651100749452,,0.43408615804297684,-0.9122333698549636,0.0989202084857487,-0.7084750520334727,-0.6835735025030013
06073020039,1959,0.36327423088850536,58.90461301476224,Moderate,1.0,58.90461301476224,58.90461301476224,0.5623732834367672,57.61386310826713,1.0,-0.001962609055381967,49.96365082201471,1.0,1.0702060042665391,65.20275660014542,1.0,0.010181170285244706,50.14271325718801,1.0,0.6898183624797881,60.059424896753995,0.75,0.556858400181439,58.57632861198951,1.0,-0.34455499537485845,46.43115593296345,1.0,94,156833.0,6.1,4.9,53.2,36,88.5,0.0,1917,153,14.8,9.8,63.57615894039736,5.2727272727272725,15.190525231719876,70.72727272727273,9.502262443438914,5.008635578583765,3.062787136294028,,0.0,43.23570432357043,100.0,3.0,15.313935681470138,0.9698153368284314,1.0338019139283086,-0.007914752757983695,0.2537906357483123,0.46640351520209833,-1.459143188410857,0.4985239813343601,0.4863652556528707,1.3898659914209381,1.3213734054666426,0.6575985450154275,0.9119860751631487,-0.4819466584554835,0.2178517788457311,-0.2913602305424039,0.5961797912931351,0.999081349012075,0.18717211515517773,0.8832016232721114,,0.9973242970865002,-0.5291539504956411,1.2024048539534578,-0.5732082433983345,-0.1159017473513824
06073020044,9056,0.18374307555553054,54.52456921777998,Moderate,1.0,54.52456921777998,54.52456921777998,0.9337796771823017,62.66992303834856,1.0,0.21952823893292858,54.99616271794777,1.0,-0.5489554472820593,42.136054978213615,1.0,0.47521517652885015,57.52793811738895,1.0,0.6227692505555295,59.100564651332476,0.75,0.06646215122799663,51.047249644425264,1.0,-0.4825975182568336,45.000009494354124,1.0,488,213196.0,2.7,3.3,66.0,263,80.1,0.0,8972,644,14.6,10.0,62.396694214876035,0.0,13.936158380602826,91.99205823957644,16.13653995345229,2.985553772070626,6.515017667844523,,1.7207147584381206,56.63457513604019,99.47054930509596,5.0,5.521201413427562,-0.12763155667382342,2.3861791717255176,0.9111275412502065,0.5654435524273062,1.0797164791143359,-0.4458708423437684,-0.24209793669172386,0.4863652556528707,-3.0873110118366918,-0.6751836133856726,0.7329221388719009,0.8337506972222263,-0.4083987099299799,1.015882317553658,-0.14030389722661604,1.4336809957183385,0.6024240439531139,0.4945759888648107,0.7713077188486636,,0.6760437199577028,-1.554109993680752,1.0774527274070391,-0.30267462612805834,-0.6625204103856089
06073020036,3567,-0.33186064905438356,41.9453213903484,Moderate,1.0,41.9453213903484,41.9453213903484,-0.9867131902008457,36.52571228618819,1.0,-0.02898528419781421,49.3496663827055,1.0,-0.04273761109339916,49.34767416041183,1.0,-0.5139573256178784,41.81884747928544,1.0,0.2614721448029264,53.9337038003883,0.75,-0.037245322032418225,49.45502344495784,1.0,-0.9748579550412555,39.89653299838602,1.0,799,73024.0,5.6,17.0,23.4,343,98.0,8.921933085501859,2961,274,18.8,14.3,58.87372013651877,15.658021133525455,13.052039381153303,43.41978866474543,34.89795918367347,0.0,19.34398654331371,,3.3621517771373677,40.546697038724375,94.23631123919309,0.0,0.0,-0.9938903990068214,-0.9771163409326161,0.12723852577263253,-2.1030845466365777,-0.9614657289060802,-0.08877045606461821,1.3361321029114783,-0.4018370547320367,0.6968826272399203,0.8293501890081291,-0.8488733321140332,-0.8483099285076129,-0.1887164162885341,-1.3539688797422327,-0.033834426869729387,-0.4793095795710175,-0.5193038276513855,0.948225856976042,0.3554944050841228,,0.36956536257617556,-0.3234564476727349,-0.15784488100069533,-0.979008669303749,-0.9707072407787621
06073019305,4203,-0.22514060192245167,44.548983576930546,Moderate,1.0,44.548983576930546,44.548983576930546,0.0827972940079055,51.08525998130609,1.0,-0.0450213270853656,48.98531012452027,1.0,-0.14468617074977058,47.89530694642579,1.0,-0.5322640058459307,41.5281183108531,1.0,-0.481322144381142,43.3111035304651,0.75,-0.016777600722090603,49.7692654285791,1.0,-0.438710258680768,45.4550076639856,1.0,268,78578.0,2.8,7.2,32.1,376,80.8,0.0,3728,569,16.8,12.9,76.96177062374245,4.304080491894913,17.74505070014486,40.91671324762437,58.23293172690763,5.092838196286472,21.1753509398049,,5.366126327557295,38.66597186034393,95.47233091112354,4.0,9.517011658339282,0.4851560488350498,-0.84385332636977,0.8840968855440833,-0.19421043197774115,-0.544604573746981,0.05853345327553123,-0.18037944352288332,0.4863652556528707,0.1877655388042491,-0.37021054533287495,-0.0956373935493028,-0.3006622829211536,-1.3166340024401868,0.36445706911433134,-0.5989873416051988,-0.5778917484526683,-1.9144802140255894,0.17437766918914144,0.296136111693022,,-0.0046036256033314205,-0.17958905286529775,0.13385987630235735,-0.43794143476319647,-0.43947908259833957
06073013308,3901,-0.001909081799757933,49.99519057755323,Moderate,1.0,49.99519057755323,49.99519057755323,-0.16099805258319078,47.766405207136295,1.0,0.15633813884181946,53.56041522182328,1.0,-0.07454636692823448,48.89452411839145,1.0,0.1356462148489488,52.135228973797126,1.0,-0.39708702336990565,44.51573855825169,1.0,-0.36798999367346413,44.377083399125716,1.0,0.6952735102657213,57.21150702727318,1.0,652,101979.0,4.6,7.1,16.6,464,99.0,4.513888888888888,3569,366,17.8,13.6,59.17312661498708,10.338345864661653,3.569580962234868,60.43233082706767,24.27616926503341,4.915102770330653,36.40092284029736,77.22464219,7.142857142857142,34.2355175688509,90.97744360902256,12.0,30.761343245321715,-0.5844368625986198,-0.2823683058827042,0.39754508283386497,-0.17473212468530397,-1.2872882409844564,0.4513438781825964,1.4243013788669645,0.03699553930217329,0.2933061086364156,0.4552498921966973,-0.47225536283166797,-0.5744861057143829,-0.20738652298193824,-0.5488327327389778,1.1080846204214687,0.19071949469524255,0.11576314952450796,0.2013842678636749,-0.197356044017934,-1.7081394668498715,-0.3363431535772711,0.1593216630955617,-0.926948490538683,0.6441930343179084,0.7463539862135342
06073013309,7069,0.0891052938317422,52.215679554419665,Moderate,1.0,52.215679554419665,52.215679554419665,0.3518423140818644,54.74784567797532,1.0,0.42763010263468226,59.724462393337454,1.0,-0.8221249229838837,38.24446110274986,1.0,0.4970165045016898,57.874165935502674,1.0,0.2812679773534612,54.216801313733015,1.0,0.22027422988865,53.40873444140871,1.0,-0.3321691486542685,46.55956535386696,1.0,233,145195.0,4.3,8.3,30.5,635,90.0,0.0,6535,1049,14.8,12.0,53.18066157760815,4.182106934886183,8.127410369947151,77.92482795129698,16.247582205029012,1.921079958463136,12.731645211486772,53.61543248,0.0,41.73669467787115,95.23557437797776,6.0,8.487763474324517,0.5826449860750978,0.7545590324946745,0.47863704995223466,-0.4084718121945495,-0.6212686942360108,1.21464595385428,0.6307778952675893,0.4863652556528707,-1.6754569738931813,-2.32203818087078,0.6575985450154275,0.05139691781299887,0.16628595790995113,0.3829178425192588,0.5592109017045181,0.8796513158730312,0.5957849306221412,0.6563209923105144,0.5698140115636919,-0.6968480250825028,0.9973242970865002,-0.4144861537345609,0.07798454631401072,-0.16740781749292022,-0.4969304798156168
06073013312,2943,-0.17660813599769706,45.73303614948663,Moderate,1.0,45.73303614948663,45.73303614948663,-0.06072564677607156,49.13144173217144,1.0,-0.12329984702963068,47.20673739163544,1.0,0.14663443214792152,52.04548321015501,1.0,0.5915019152231638,59.3746927675576,1.0,0.011304158382194868,50.35608539543516,1.0,-1.3142137056390755,29.849661822034452,1.0,-0.4874582582923817,44.94961610363909,1.0,61,114667.0,5.0,14.5,24.3,117,94.6,0.0,2766,277,17.1,14.3,42.5,7.366071428571429,5.524861878453039,74.88839285714286,29.651162790697676,4.782146652497343,16.989466530750935,46.74548849,15.178571428571429,39.96901626646011,87.16517857142857,3.0,10.19367991845056,1.0617334776547622,0.022068339557229665,0.2894224600093719,-1.61612686432565,-0.9183421611310009,-1.0975790473032174,1.036356564662825,0.4863652556528707,0.8263191751472944,0.8171512662860172,-0.2086227843340126,-0.8483099285076129,0.832300575329761,-0.09897715577984524,0.8726211548944368,0.7600630864483023,-0.20560273295197784,0.22158672607558322,0.4318092498898282,-0.4025766094846541,-1.836719035574014,-0.27926635084658585,-1.8266557304966262,-0.5732082433983345,-0.4017082731864289
06073008355,3065,0.23785661417005197,55.84478391088824,Moderate,1.0,55.84478391088824,55.84478391088824,0.7313726726208107,59.91449943077242,1.0,-0.44416651707953425,39.9162992146152,1.0,0.8945730676383132,62.700675945796704,1.0,0.16408416749124852,52.586853310958205,1.0,0.7322137283592688,60.66571526757733,1.0,-0.07299007894189823,48.90623234383868,1.0,-0.3400907408978445,46.47743878669894,1.0,186,155263.0,2.8,4.5,50.8,316,76.5,18.53932584269663,2810,320,13.6,9.5,58.4375,2.263374485596708,13.814016172506738,62.44855967078189,16.27906976744186,1.5197568389057752,19.249592169657426,7.952706907,5.246913580246913,42.43394715772618,95.88477366255144,4.0,13.05057096247961,0.713558701797448,0.9961312382236509,0.8840968855440833,0.3317038649180608,0.3514073344685535,-0.2092918364338314,-0.5595073301314735,-1.3592742362213857,0.7971129797220406,0.6423000406024132,1.1095401081542662,1.029339142074533,-0.16151501259052203,0.6733191872015252,-0.1255949992023591,0.27012749455635,0.5939023184415827,0.7173013645149371,0.358553921222306,1.2590973092582494,0.017654996907557133,-0.46782297240051307,0.2311977386672613,-0.43794143476319647,-0.24224004703249263
06073008356,3976,0.2856628047894603,57.0111174550106,Moderate,1.0,57.0111174550106,57.0111174550106,0.6605938185235563,58.950966938805166,1.0,0.11255328975428625,52.56557604044873,1.0,0.5484190908414879,57.769339116859214,1.0,0.3520194809632983,55.57146202887715,1.0,0.8173421289222949,61.88312496494086,1.0,0.4835697795625546,57.45112463002385,1.0,-0.9748579550412555,39.89653299838602,1.0,306,124707.0,1.7,2.0,52.3,320,84.9,4.511278195488721,3884,420,14.2,9.6,32.98245614035088,5.409356725146199,15.452706120384422,58.333333333333336,14.198782961460449,3.1847133757961785,9.808853118712271,4.144368388,5.190058479532164,23.51874244256348,96.78362573099416,0.0,0.0,0.37931091697442626,0.2629687115793715,1.1814340983114389,0.8186615472289885,0.42327994742701885,-0.1914368171198739,0.18111458789461055,0.037255440815389444,0.08421630047834987,0.23566928319868302,0.8835693265848471,0.9902214531040718,1.4257865954981859,0.1971728265924605,-0.3229331979497237,0.10805169971227079,0.7182807389952681,0.46431402245563735,0.6645477253437025,1.4222260288945712,0.028270608519403127,0.9791089110569069,0.4433298191113538,-0.979008669303749,-0.9707072407787621
06073008357,4619,0.23377016852899893,55.745086391264955,Moderate,1.0,55.745086391264955,55.745086391264955,0.08738319570231988,51.147689153745986,1.0,0.8082412208234162,68.37235912318462,1.0,0.23599287136260005,53.31849057627971,1.0,-0.41160915288613376,43.4442431697216,1.0,0.5199109399118939,57.629601917347095,1.0,0.34687855405506474,55.35249717678505,1.0,0.049593550733831655,50.51746409562129,1.0,539,111332.0,4.0,5.6,55.5,605,95.2,0.0,4443,521,14.3,10.7,56.342182890855455,17.27917472598324,12.901824500434406,55.57704706640877,26.442307692307693,0.0,19.484736956051098,18.80522713,10.31592520954223,23.904202440126525,99.22630560928434,8.0,17.319766183156528,-0.26968686522360763,-0.057951853738969834,0.5597290170706043,0.11744248470125267,0.5766081884050784,1.0807333089995985,1.0892581302361175,0.4863652556528707,-0.2868351368561224,-0.17502778177908446,0.8459075296566101,0.5599268744289969,-0.030857205236550937,-1.599331480119666,-0.015744895030891246,-0.0005030311574268433,-0.013748259916901038,0.948225856976042,0.35093239420841094,0.7942337683800234,-0.9287976174762644,0.9496228775367778,1.019810402104681,0.103125799777356,-0.003938698309692688
06073008348,5110,0.7436968402773274,68.18583045802384,High,1.0,68.18583045802384,68.18583045802384,0.8167309590406522,61.076505844597015,1.0,0.565421889733666,62.85524099676809,1.0,0.4405650100774364,56.232841383842725,1.0,0.7506017768864159,61.901364447121765,1.0,0.7378249804737878,60.74596102214792,1.0,0.5468293609526769,58.42235225412932,1.0,1.3479039047766566,63.97760811940618,1.0,238,161447.0,4.0,1.1,54.2,510,89.7,0.0,4876,486,13.3,9.2,38.66943866943867,4.147196261682243,5.102243398848521,71.32009345794393,11.914893617021278,5.0471436494731,9.001956947162427,8.761667704,4.0887850467289715,31.666666666666664,99.35747663551402,19.0,37.18199608610568,0.5687179950408052,1.144510511190277,0.5597290170706043,0.9939663128609224,0.5143185905077419,0.6566766002931078,0.6043271124809437,0.4863652556528707,-0.5742506509273683,-0.0327070166877789,1.2225254989389753,1.1466922089859175,1.07116310463464,0.3882015945326995,0.9235147175421589,0.6195276908361654,0.854832366666974,0.1813208786296171,0.6907008927738317,1.2244457838247278,0.23389316294485546,0.3558277189480352,1.0507672009651399,1.5910606947638755,1.1047471147894377
06073008349,3539,0.3636593883328002,58.9140097485582,Moderate,1.0,58.9140097485582,58.9140097485582,0.6291430216992442,58.52281837628611,1.0,0.2113881145771891,54.81121027848266,1.0,0.4187154325194946,55.92157058029669,1.0,0.4929119909678327,57.80898198124925,1.0,0.8237746710637498,61.97511587666848,1.0,0.3585572704790157,55.53180111392439,1.0,-0.388874782976925,45.971673558529815,1.0,317,150114.0,5.1,0.9,43.4,283,91.0,0.0,3423,527,14.3,10.5,35.07853403141361,9.800362976406534,6.458923512747876,65.33575317604355,7.333333333333333,1.607142857142857,23.17038711500424,8.612321095,7.6225045372050815,22.60869565217391,96.82395644283122,4.0,11.302627860977678,0.3486715366989826,0.8725858183489489,0.26239180430324877,1.0329229274457967,-0.0031642227932088406,-0.35659574577398084,0.7189471712230754,0.4863652556528707,0.3902175752747572,-0.19942562722330828,0.8459075296566101,0.6381622523699194,1.2950813480231604,-0.46740868936951807,0.7601373743784893,0.3838379308391993,1.1287596107941444,0.7040232061984236,0.231472878728445,1.2308429885339862,-0.42589977004652624,1.0487235801171477,0.4528480013664257,-0.43794143476319647,-0.3398081311906536
06073008351,5122,0.14154016368588027,53.49493955820134,Moderate,1.0,53.49493955820134,53.49493955820134,0.3556573921897639,54.79978141165226,1.0,0.006704715625885566,50.16058182372678,1.0,0.31887062827956547,54.49917363174044,1.0,-0.23231734004776963,46.2915840859271,1.0,0.5824686997943418,58.52423194707314,1.0,0.5678870097730072,58.74565142531559,1.0,-0.6084899598136326,43.694828194995445,1.0,220,142516.0,4.5,7.8,44.8,683,72.8,10.714285714285714,4760,568,13.6,9.5,50.85536547433903,9.257950530035336,19.281366581582564,53.78091872791519,22.65446224256293,0.0,26.94260054666146,12.60734287,1.060070671378092,28.441879637262986,96.18374558303888,3.0,5.857087075361187,0.6188551627642584,0.6902789431871726,0.4245757385399881,-0.31108027573236374,0.06391688263469208,1.42890618562177,-0.8857336511667724,-0.5802705545861474,-0.49725249935169963,-0.36614423775883764,1.1095401081542662,1.029339142074533,0.3112845783936619,-0.3853142296354765,-0.7839972082627299,-0.07124250068653401,0.21272350973817591,0.948225856976042,0.10920766922717601,1.059717763235973,0.7993948521116648,0.6025100700231865,0.3017561071841706,-0.5732082433983345,-0.6437716762289307
06073008352,3738,0.19948111231427823,54.90853204670503,Moderate,1.0,54.90853204670503,54.90853204670503,0.5252208624595734,57.10809672898125,1.0,0.44499535950467217,60.11901983247268,1.0,0.3947597115793635,55.58029549217267,1.0,-0.5264681140699736,41.62016311500966,1.0,0.47771520117725474,57.02616638721593,1.0,0.4858131444072071,57.48556712648358,1.0,-0.40566837885814944,45.79756709890355,1.0,261,114493.0,2.9,2.5,44.5,443,92.9,0.0,3626,490,14.7,10.4,61.72248803827751,7.062436028659161,27.07317073170732,56.49948822927329,13.94422310756972,12.29802513464991,7.758159443552702,5.438705663,1.7400204708290683,34.51187335092348,97.64585465711362,4.0,10.700909577314071,0.5046538362830594,0.01789337295047143,0.85706622983796,0.721270010766803,0.04954236004299915,0.3576050267843195,0.8864687955384996,0.4863652556528707,0.25547081001733707,-0.04897224698392811,0.6952603419436646,0.6772799413403806,-0.3663571972852271,-0.05302174992828281,-1.7223202863833216,0.03582677731693711,0.7335006367864138,-0.9204383528443139,0.7310149325574156,1.3667835882095036,0.6724390839258272,0.13818163324761173,0.6468187160481823,-0.43794143476319647,-0.37339532295310246
06073008353,4372,0.5208420227670316,62.74881391761784,High,1.0,62.74881391761784,62.74881391761784,0.7663186895515486,60.39022940983279,1.0,-0.08777020519313447,48.0140093255523,1.0,0.5573677751947469,57.89682277927476,1.0,0.8504214559816569,63.48660502242128,1.0,0.8373880245637344,62.169798596594,1.0,0.38232546561921815,55.89671544291643,1.0,0.33984295365145134,53.526604979327026,1.0,114,153376.0,6.1,0.0,56.8,262,85.4,12.568306010928962,4327,403,13.3,9.8,24.0,0.4578155657292347,14.993058769088384,74.29692609548725,3.7815126050420167,6.938527084601338,8.920402561756633,4.16925949,4.970568999345978,32.701949860724234,98.29954218443427,10.0,22.872827081427268,0.9141073726912611,0.9508544451951866,-0.007914752757983695,1.2082276930777307,0.6388977863024149,-0.45033459717225777,0.2251992258723536,-0.7648432357750486,-0.20983698528045372,0.30479651195731716,1.2225254989389753,0.9119860751631487,1.9859061205235011,0.9465916481049418,-0.26758045688895543,0.7367685121871399,1.3411196810520056,-0.1060716493229477,0.693344238437602,1.4211598280882776,0.06925224508764295,0.2766330031388678,0.8010911486311438,0.3736594170476322,0.3060264902552704
06073005500,290,0.09117938833508678,52.26628149449452,Moderate,1.0,52.26628149449452,52.26628149449452,-0.32472573897856954,45.53753406068052,0.75,-1.0524686881074317,26.09501522106003,1.0,1.0050715416884177,64.27484591393346,1.0,0.18510962822996635,52.920759548480575,1.0,-0.518587772262106,42.77817284622139,1.0,1.2886882171057774,69.81214963264448,1.0,0.05516853066955302,50.57526231977537,1.0,0,,34.0,0.0,51.2,18,8.7,0.0,75,0,22.8,6.1,0.0,0.0,20.689655172413794,0.0,0.0,0.0,144.82758620689657,57.84691973,0.0,14.534883720930234,100.0,1.0,34.48275862068965,1.2316427682731317,,-3.414047678286571,1.2082276930777307,0.3705733645908112,-1.4855686169955142,-3.581244755677894,0.4863652556528707,2.599400748327692,1.8996023424947468,-2.355345209243494,1.8766282851747265,2.797652033989971,1.015882317553658,-0.9535894695633058,-2.1195063690604576,1.567212815790265,0.948225856976042,-3.7116876035174173,-0.8781021582973134,0.9973242970865002,1.666335500277374,1.2024048539534578,-0.8437418606686108,0.9540789220077168
06073005700,2451,-0.5697888005426082,36.140558856956275,Low,1.0,36.140558856956275,36.140558856956275,-0.5564810319725029,42.382583929978864,1.0,-0.9003895083665419,29.550418855661498,1.0,-0.35343422287092346,44.92146574743182,1.0,-0.9201903320590263,35.36744380143969,1.0,-0.4264793576421634,44.09540277683753,1.0,-1.1272090951134113,32.72075327705901,1.0,0.2956619442263122,53.06856137817513,1.0,879,76250.0,9.0,2.7,43.5,133,75.2,24.0,2216,542,20.0,14.8,50.94760312151616,1.5732546705998034,36.9811320754717,8.652900688298919,25.97402597402597,1.4534883720930232,77.92737658098734,58.45675171,24.385447394296953,29.73856209150327,93.5103244837758,7.0,28.559771521827823,-1.2167222555555026,-0.8997115002808801,-0.7918037682355579,0.6823133961819287,0.0016272847373555845,-1.0261589700473874,-0.6741273888736051,-1.9028989592825303,1.1913966179629647,-0.2604202408338678,-1.300814895252871,-1.0438983733599196,0.3055329102174911,0.7777692486685069,-2.9154802538129405,-1.848583233309163,0.014249870113332418,0.7273707464536481,-1.5433139698979832,-0.9042240772376507,-3.5557665472641533,0.503319434023562,-0.32918017209964245,-0.03214100885778211,0.6234648973104066
06073009201,6288,-0.14083135242241396,46.60588676243043,Moderate,1.0,46.60588676243043,46.60588676243043,-0.33279835568311006,45.42763925397265,1.0,0.3836945125399752,58.726198213058,1.0,-0.6657831200777737,40.47171874603242,1.0,-0.8147415592317451,37.04208025405595,1.0,-0.5038751146782661,42.98857656458204,1.0,0.6903377296233485,60.625643658852916,1.0,0.25734644055067374,52.67132800773176,1.0,360,86111.0,5.5,11.6,33.4,991,72.9,3.978779840848806,4954,977,19.3,9.5,69.51901565995526,6.38481449525453,22.251096313139517,22.217428817946505,37.08281829419035,8.776072412436049,18.447837150127224,69.20970753,4.270923209663503,21.32075471698113,97.97238999137188,11.0,17.493638676844785,0.22889941380406645,-0.6631060651702885,0.15426918147875568,-1.0512559528449739,-0.4823149758496445,2.8037426727964982,-0.876916723571223,0.09026707678426983,-0.6260252700903179,-2.029264035540094,-1.0371823167552157,1.029339142074533,-0.8525257106702872,0.049536688878146155,-1.1416250296519703,-1.314352185482869,-0.6499345293974447,-0.3852835675335122,0.384540453322768,-1.3648228151048754,0.1998855194247283,1.1472455274713067,0.7238821419740107,0.5089262256827704,0.005766655418577105
06073009301,5084,0.18427079496736942,54.537444053526926,Moderate,1.0,54.537444053526926,54.537444053526926,-0.3095128813494269,45.74463097978591,1.0,0.09920285792762815,52.26223977353875,1.0,-0.2644652613624248,46.18892458346505,1.0,0.09396798803568095,51.473335278588095,1.0,0.09237877828315193,51.51552252598964,1.0,0.7152329200015978,61.0078608040093,1.0,0.8630911632353788,58.95134509578375,1.0,517,112923.0,8.8,7.6,43.2,473,76.4,0.0,4683,770,16.4,10.8,49.25925925925926,3.808487486398259,16.19913077834848,54.02611534276387,31.898238747553815,5.598356445814073,14.555468135326514,34.98444306,2.3939064200217626,22.620827105132037,97.2252448313384,15.0,29.504327301337533,-0.20840810467272033,-0.019777302754186207,-0.7377424568233115,-0.2721236611474895,-0.012747237854337349,0.4915176716390008,-0.5683242577270216,0.4863652556528707,-0.4461416573575058,-1.1875383677143725,0.055009794163644064,0.520809185458535,0.4108130638225385,0.439465377471575,-0.4128209144723124,-0.06158557467907739,-0.33995332229106406,0.09756502244623372,0.5107001528395003,0.10120326013793775,0.5503497869619719,1.047795576093818,0.5475533969490033,1.0499934602233227,0.6761888662474348
06073009506,4366,0.5928450198641189,64.50547994148597,High,1.0,64.50547994148597,64.50547994148597,0.51144820833401,56.92060570613461,1.0,0.2113336242502821,54.809972199253366,1.0,0.5707892815157032,58.08802661588183,1.0,0.6766524222034664,60.72697159570038,1.0,0.8986182105970226,63.04544317296671,1.0,0.6772375216617625,60.42451548863386,1.0,0.6038358704865849,56.26353353481073,1.0,280,160956.0,6.6,3.1,65.6,256,80.3,0.0,4185,320,14.2,9.9,41.05263157894737,2.711223203026482,9.322429906542055,74.96847414880202,9.108159392789371,1.3067828251400124,10.077874484654146,10.11823273,1.639344262295082,24.592487597448617,96.7843631778058,12.0,27.485112230874943,0.4517312703527476,1.132729427259712,-0.1430680312885999,0.6044001670121802,1.060550448992078,-0.477117126143194,-0.22446408150062638,0.4863652556528707,-0.11558062731713518,0.6423000406024132,0.8835693265848471,0.8728683861926875,0.9225542097332541,0.6055370064164994,0.415301431139345,0.7632170415247672,1.0226444052378985,0.7496624072667982,0.6558281885881296,1.1663378412952643,0.6912366854587494,0.8969720205126658,0.44350385901387224,0.6441930343179084,0.5634787066552616
06073009602,4016,0.467692685527505,61.452122964685785,High,1.0,61.452122964685785,61.452122964685785,0.8303828102869848,61.26235234379678,1.0,0.3145271799859394,57.154641523246084,1.0,0.5101091047652527,57.223572036550024,1.0,0.8082559064508295,62.816972134378304,1.0,0.31353278125121253,54.678215893225484,1.0,0.3748676057676819,55.782214534985194,1.0,0.12217341018463454,51.269930837022365,1.0,110,141442.0,1.9,3.1,56.9,351,84.9,0.0,3874,382,14.1,10.5,34.93670886075949,1.2070006035003018,10.082977118430977,75.1961375980688,10.70615034168565,4.988532110091743,18.177290836653388,43.33540759,0.7845503922751962,29.09418116376725,93.72359686179844,8.0,19.9203187250996,0.9252489655186951,0.6645093217178718,1.1273727868991923,0.6044001670121802,0.6436892938329793,-0.0530604174367032,0.18111458789461055,0.4863652556528707,0.0908540721659075,0.3901889710121005,0.9212311235130836,0.6381622523699194,1.3039251482023304,0.8332020285854936,0.32371301500798977,0.772183434007504,0.9271020070881215,0.19022680333909173,0.39330941676981834,-0.2565071021921813,0.8508381920648911,0.5526118061376061,-0.2788471808994515,0.103125799777356,0.14122102059191308
06073008307,4355,0.2231833296862006,55.48679797487814,Moderate,1.0,55.48679797487814,55.48679797487814,0.054730794504844145,50.70318281218685,1.0,-0.09622608450325403,47.82188259162514,1.0,0.6898431837719495,59.78407788837536,1.0,0.33431922130512176,55.29036345134409,1.0,0.5358336911526392,57.8573110207836,1.0,-0.29855235488389154,45.4431630579396,1.0,0.3423348564559952,53.55243961165357,1.0,358,108667.0,6.4,5.2,71.0,252,65.3,1.4925373134328357,4190,341,12.7,9.9,69.71428571428572,0.4807692307692308,9.962756052141527,78.96634615384616,22.0125786163522,6.569343065693431,8.495981630309988,8.512756689,12.259615384615383,21.8293620292083,91.88701923076924,10.0,22.96211251435132,0.2344702102177835,-0.1218960261930543,-0.08900671987635363,0.195355713871001,1.3192918556425537,-0.4949721454571515,-1.5470032208329183,0.3377791726345,-0.11889951316091402,0.5569075815476299,1.448496280508395,0.8728683861926875,-0.8647021764803362,0.943117596683406,0.33819056074736126,0.920670904270056,0.25110113698544306,-0.04997475934123063,0.707100595292853,1.2351077916734916,-1.2917107023700687,1.1083392535343848,-0.7122856158159907,0.3736594170476322,0.3110102958643582
06073008327,6039,0.6460067099070036,65.80247226728906,High,1.0,65.80247226728906,65.80247226728906,0.8592345691983233,61.65511947058979,1.0,0.4417843329151422,60.046061831468414,1.0,0.2833708619371414,53.99344116319271,1.0,0.7289097296839671,61.55687212157717,1.0,0.4676085592174946,56.881632672871284,1.0,0.8944181404487391,63.758900758833704,1.0,0.8467207759482169,58.7816262223848,1.0,179,192234.0,2.1,7.5,78.2,268,83.3,0.0,5797,517,12.7,9.5,45.28,1.4078674948240166,6.5957800299053,73.62318840579711,28.000000000000004,4.052443384982122,10.597781089584368,13.8643435,0.4968944099378882,25.462962962962965,98.92339544513456,16.0,26.49445272396092,0.7330564892454576,1.8832156659159422,1.073311475486946,-0.25264535385505243,1.6642803978431875,-0.4235520682013215,0.04004374636583199,0.4863652556528707,-1.1855894233514273,-0.15876255148293525,1.448496280508395,1.029339142074533,0.6589479582682151,0.8028007001646633,0.7436565150080748,0.7102337452949147,-0.10688123964946877,0.33246390878297405,0.638976944318804,1.0058746234176692,0.9045474309533683,0.8303843954198581,0.9483225949729908,1.185260268858461,0.5081812830379728
06073008330,5321,0.8890712781145412,71.73254859453728,High,1.0,71.73254859453728,71.73254859453728,0.4473073369900199,56.04743794450192,1.0,0.040021591048525734,50.917577308743866,1.0,0.7172452180486004,60.17444942784656,1.0,0.14699722996724013,52.3154949283609,1.0,0.6168224251844342,59.01551990918513,1.0,0.33083342326608595,55.10615545412112,1.0,3.924271722296883,90.68792570570706,1.0,519,164821.0,3.7,5.5,79.4,142,70.8,0.0,5243,295,12.4,8.6,49.86338797814208,8.37669094693028,9.38097057699656,57.07596253902185,21.38979370249729,6.562955760816723,8.269122345423792,1.269446173,6.971904266389179,19.191226867717617,94.84911550468264,41.0,77.05318549144897,-0.21397890108643736,1.2254664728638534,0.640820984188974,0.1369207919936897,1.7217784882099598,-0.9859851765909831,-1.0620722030777445,0.4863652556528707,-0.8178568718607337,0.7439577299533457,1.5614816712931041,1.3813983428086856,0.37314137516772716,-0.25193504587141863,0.40825170798951005,0.05853088258314184,0.2883368699176592,-0.04900421912118455,0.7144535721316352,1.513503477809627,-0.3044239534052976,1.3101452575144017,-0.013221034310846189,4.518234433628263,3.330309010965503
06073010900,1658,0.6420772599151011,65.70660498993175,High,1.0,65.70660498993175,65.70660498993175,0.579187299736949,57.84275705169593,1.0,0.02902601347584023,50.6677458803134,1.0,1.4277338676727476,70.29612671393501,1.0,0.5027977263342152,57.965977765662764,1.0,-0.5085340269212646,42.9219500932014,1.0,1.0795366398507145,66.60103465224934,1.0,1.3847932992565066,64.3600564000525,1.0,24,169750.0,8.8,3.4,71.1,81,77.9,0.0,1489,102,12.1,10.0,40.75829383886256,5.636070853462158,8.121212121212121,64.4122383252818,13.90728476821192,22.082810539523212,0.0,68.74922215,0.966183574879227,16.901408450704224,98.87278582930756,10.0,60.31363088057901,1.1647932113085273,1.3437331993277115,-0.7377424568233115,0.545965245134869,1.3240833631731177,-1.2582742211288351,-0.43607034379379234,0.4863652556528707,1.6739626196484054,1.528755091742545,1.674467062077814,0.8337506972222263,0.9409082448209095,0.16285950284281375,0.5599573218814059,0.3474658357917315,0.7357091458698676,-2.4072200179217798,0.9824728648551377,-1.3450981004882843,0.8169248351609659,1.4853065272335055,0.9363785571576716,0.3736594170476322,2.395927181465381
06073011000,2922,0.265713454600647,56.524410691572925,Moderate,1.0,56.524410691572925,56.524410691572925,0.19912732513939901,52.6688934862049,1.0,0.2062496876372806,54.69445965453436,1.0,0.7036794622005517,59.98119060111027,1.0,-0.5105249847130072,41.873356631388305,1.0,-0.8498669460577475,38.04059436423406,1.0,0.8021139399661844,62.34174959596456,1.0,1.309215698031868,63.5765107753195,1.0,77,109132.0,2.3,12.0,66.8,124,86.1,0.0,2426,325,14.9,10.8,59.59821428571429,2.172389628591451,27.481177275838466,37.21093202522775,61.29032258064516,17.083091226031378,0.0,52.2215308,1.6818500350385426,25.620567375886527,98.73861247372108,14.0,47.91238877481177,1.017167106345026,-0.11073878784740729,1.0192501640746996,-1.1291691820147223,1.1180485393588506,-1.0663327635037918,0.2869177190411929,0.4863652556528707,1.0520034125242541,0.6219685027322267,0.6199367480871911,0.520809185458535,-0.23389373888163545,0.6870898016662125,-1.7714542159593558,-0.7238417856772502,-2.0972787802183683,-1.6475210875669952,0.9824728648551377,-0.637140781300764,0.6833002862784924,0.8183283350458518,0.9047131985742091,0.9147266515881847,1.7037047444755515
06073011100,3641,0.13015873033560552,53.21726532135827,Moderate,1.0,53.21726532135827,53.21726532135827,0.21012315762476289,52.8185828533331,1.0,-0.18807431927945636,45.7349912445114,1.0,0.42462471790388134,56.00575472550971,1.0,-0.11147332042741034,48.21071310858911,1.0,-0.20685801824924765,47.23617773039667,1.0,0.6033346911268171,59.28988151006738,1.0,0.17943420364989165,51.863578206897024,1.0,199,123288.0,6.1,6.5,70.3,208,76.3,12.615384615384617,3194,643,13.7,10.2,60.498687664041995,0.0,20.7039911308204,50.094876660341555,26.02040816326531,13.98258977149075,0.274649821477616,52.1966397,7.969639468690702,16.496465043205028,98.22896900695764,8.0,21.97198571820928,0.6773485251082872,0.22892113907942932,-0.007914752757983695,-0.057862280930681374,1.285751302928603,-0.6913773579106841,-0.5771411853225709,-0.7695300368131734,0.5422225469198272,-0.6711173058116353,1.0718783112260297,0.7555153192813038,-0.2900446082080235,1.015882317553658,-0.9553158682715791,-0.21641512278369682,0.011476721996051807,-1.1764051126718147,0.9735708982589119,-0.6360745805801397,-0.49071452832203416,1.5162829578949613,0.7844356438075244,0.103125799777356,0.25574260752242733
06073013306,4156,-0.5176901795134722,37.41161535657477,Low,1.0,37.41161535657477,37.41161535657477,-1.3699669217960406,31.30837120643209,1.0,-0.5185844943630631,38.225442191166536,1.0,-0.32865429747256114,45.27448251721167,1.0,-0.4273304277232063,43.19457293442277,1.0,-0.4134821192121741,44.281274518805716,1.0,0.13946920254245718,52.168130678300734,1.0,-0.7052821985697173,42.69134126293444,1.0,644,87757.0,18.5,11.0,15.4,194,92.5,13.191489361702128,3839,522,17.3,14.6,80.0,18.173836698858647,3.953712632594021,67.5153643546971,28.054298642533936,13.38403041825095,24.302213666987488,52.59489732,3.0728709394205445,48.854041013269,98.94644424934152,2.0,4.8123195380173245,-0.5621536769437517,-0.6236118408327939,-3.359716060317266,-0.9343861090903512,-1.3447863313512287,-0.7538699255095355,0.8512010851563047,-0.826882805747793,0.11408627307235926,-0.17909408935312177,-0.28394637819048535,-0.9656629954189966,-1.506089043306199,-1.7347391238770427,1.061825807393008,0.46968064889740857,-0.11012770517391536,-1.0854550268973906,0.1947880481894328,-0.6531337929668233,0.42357798380709016,-0.9589325656753577,0.953762189495639,-0.7084750520334727,-0.7020893451059619
06073013206,6087,-0.8300453048090768,29.79104873977128,Low,1.0,29.79104873977128,29.79104873977128,-1.432985646667884,30.45047954103535,1.0,-0.9842256035852768,27.645571994814556,1.0,-1.5537868134101314,27.8211481598316,1.0,-0.8499647616300235,36.48269907651819,1.0,-0.007068263162760019,50.093343889604576,1.0,-0.6883334875886638,39.45883317274203,1.0,-0.2939525576187988,46.955773254261274,1.0,1103,54293.0,16.2,4.8,9.4,89,94.6,26.16487455197133,5749,975,17.9,18.6,74.09448818897638,22.951582867783983,5.388532939050435,37.988826815642454,16.612903225806452,8.322663252240718,29.078363725973382,44.95332918,9.636871508379889,34.50704225352113,88.96648044692738,6.0,9.857072449482503,-1.8406514538918097,-1.4265490967440444,-2.738010979076431,0.2732689430407495,-1.6322767831850902,-1.22256418250092,1.036356564662825,-2.118418013317922,-1.1537281192511506,-2.0211314203920194,-0.5099171597599037,-2.530370554237452,-1.1378387096627411,-2.4578539659282397,0.8890384810479847,-0.6932048519770979,0.573942725293188,-0.31638880916498985,0.039983184108647526,-0.3258101528878858,-0.8020091628872473,0.13855119144001915,-1.4015424913187629,-0.16740781749292022,-0.4204972977446774
06073013301,4863,-0.06619772780885762,48.42673253111395,Moderate,1.0,48.42673253111395,48.42673253111395,-0.04085867154916631,49.4018964660377,1.0,-0.023700544599800616,49.46974138867286,1.0,-0.22908075053614002,46.69301511284821,1.0,0.46778804636868143,57.40998754697391,1.0,0.43063273535336954,56.352846436521595,1.0,-0.8434553060461901,37.07723987293325,1.0,-0.22470960365275727,47.6736448556954,1.0,488,92813.0,5.5,4.6,21.1,448,84.1,0.0,4447,504,16.3,13.7,61.30952380952381,2.4359775140537163,3.45612582781457,66.83322923173017,18.620689655172416,0.0,22.002878881348963,36.15432483,8.057464084946908,41.8724279835391,88.13241723922548,6.0,12.338062924120914,-0.12763155667382342,-0.5022978686272213,0.15426918147875568,0.31222555762562376,-1.0716704021090602,0.37992380092676636,0.11057916713022065,0.4863652556528707,-0.28949024553114544,-0.10590055302045033,0.09267159109187978,-0.6136037946848442,-0.3406059635416095,0.6471956119324938,1.1217473831021934,0.442815153981648,0.453899035079112,0.948225856976042,0.2693142260881588,0.0510918232701653,-0.5071125648115454,-0.42486916838206246,-1.5983841849449623,-0.16740781749292022,-0.2820113898125943
06073013302,6832,-0.11061273083519671,47.343134210044525,Moderate,1.0,47.343134210044525,47.343134210044525,-0.12587365498733322,48.244563532472874,1.0,0.0866670885953422,51.97741352061506,1.0,-0.8718575808462146,37.535965740117035,1.0,0.018549885317311526,50.27561717705829,1.0,0.34664312790008245,55.15172246479038,1.0,0.42098677712303556,56.490284557531496,1.0,-0.6494047589486012,43.27064680620346,1.0,569,112464.0,3.2,10.8,17.9,364,97.9,2.480916030534351,6299,824,16.2,13.9,64.24870466321244,14.519427402862986,3.286959180553432,71.77914110429448,24.59349593495935,3.740157480314961,11.563231850117097,30.29247044,0.0,28.795569912321184,93.59236537150647,3.0,4.391100702576113,-0.3532488114293631,-0.03079057673408293,0.7759742627195902,-0.8954294945054772,-1.2249986430871198,0.004968395333658703,1.3273151753159302,0.2393834268188996,-1.5188055620668208,-1.4071189767123868,0.13033338802011682,-0.6918391726257672,-0.5238846300898511,-1.1816420133499839,1.1421191694195982,0.6376070152894829,0.09679048196181143,0.37991522611999196,0.6076846959775335,0.3021821075409929,0.9973242970865002,0.5754542837625021,-0.3098182494798956,-0.5732082433983345,-0.7256012744988679
06073019903,4961,-0.19860169106505837,45.19645666684632,Moderate,1.0,45.19645666684632,45.19645666684632,-0.04019683062620877,49.41090629308162,1.0,-0.885451833714195,29.88981899823299,1.0,-0.03996808267219125,49.38712908052765,1.0,0.03929114957356107,50.60501007813789,1.0,0.37341052096888705,55.53451931847939,1.0,0.13756119405599385,52.13883692534887,1.0,-0.9748579550412555,39.89653299838602,1.0,472,110068.0,8.7,2.5,28.4,369,87.2,37.34177215189873,4183,391,16.6,13.1,58.932238193018485,10.977242302543509,8.218344155844155,66.93440428380187,26.6384778012685,5.142857142857142,19.754081838339044,13.76477909,0.4685408299866131,43.87417218543047,95.24765729585006,0.0,0.0,-0.08306518536408718,-0.08828034679036299,-0.7107118011171879,0.721270010766803,-0.7218903523778624,0.02728716947610559,0.3839039225922284,-3.2311080745472514,-0.11425307297962366,0.35359220284576476,-0.020313799692830033,-0.37889766086207605,-0.19236543004377904,-0.6455301043513186,0.5482602581508466,0.4467998745384954,-0.025477088962124316,0.16677737448766297,0.34220237162149625,1.0101394267285133,0.9098414254900815,-0.5779939984781842,0.08083615515608421,-0.979008669303749,-0.9707072407787621
06073006000,4964,0.6468253584965663,65.82244493816043,High,1.0,65.82244493816043,65.82244493816043,0.2270139280311188,53.04852167204469,1.0,-0.12721475567369586,47.11778642819072,1.0,-0.11749047871788151,48.282738918019206,1.0,-0.07166220009872104,48.84295520619147,1.0,0.2795428060230326,54.1921298727875,1.0,0.033762221831080526,50.545205937548275,1.0,4.30382598808103,94.6229286627335,1.0,692,102404.0,3.6,0.0,65.1,710,41.6,0.0,4796,820,14.1,10.8,43.83561643835616,0.6350392230108329,24.804607157548332,42.734404183787824,0.0,6.594556873691556,33.440773569701854,44.20659614,8.703772880089652,25.44927536231884,94.47142323496452,45.0,90.65269943593876,-0.6958527908729604,-0.2721708299753924,0.6678516398950973,1.2082276930777307,1.0365929113392565,1.5494275659909833,-3.581244755677894,0.4863652556528707,-0.5211484774269072,-1.3908537464162376,0.9212311235130836,0.520809185458535,0.7490154656249187,0.9197687378012445,-1.4491299552604544,-0.5063030485605928,1.567212815790265,-0.05380595500748669,-0.10141150713487987,-0.29382412955576787,-0.627787105253889,0.8314314380545139,-0.10235766730738331,4.518234433628263,4.089417542533798
06073006100,2115,-0.026215074749788972,49.40219426193979,Moderate,1.0,49.40219426193979,49.40219426193979,-0.16284199632278099,47.74130308123844,1.0,0.08986341775142667,52.050037580017104,1.0,0.8167235319406447,61.59162532602893,1.0,0.09258209176413076,51.45132580087056,1.0,-0.9912426642833202,36.0187994144732,1.0,0.34748983287781193,55.36188217215866,1.0,-0.3760797369764356,46.10432532505178,1.0,179,109750.0,11.2,5.7,68.0,260,85.6,10.909090909090908,1929,156,16.4,10.8,42.1602787456446,5.232558139534884,14.37440305635148,42.53875968992248,26.900584795321635,15.823817292006526,51.06382978723404,79.25326696,5.135658914728682,13.500482160077146,91.76356589147288,3.0,14.184397163120568,0.7330564892454576,-0.09591045817512804,-1.386478193770269,0.09796417740881545,1.175546629725623,-0.4592621068292365,0.24283308106344983,-0.5996639329541296,1.381900665395869,1.3091744827445306,0.055009794163644064,0.520809185458535,0.8534845927808186,0.22393140203556683,-0.19307923464469706,-0.5140083931151654,-0.041148223270464655,-1.4561765338595998,-0.672611069282298,-1.7950348307209185,0.038427738566618,1.7454627749347118,-0.7414210148678941,-0.5732082433983345,-0.1789512305545366
06073006300,2038,0.17828540286164138,54.39141770218653,Moderate,0.7142857142857143,54.39141770218653,54.39141770218653,1.003808515496361,63.623245354044755,0.5,-0.146516861544211,46.67922168254916,1.0,1.0709796863128316,65.21377853553983,1.0,,,0.25,-0.06198637091551923,49.30796748764146,0.5,,,0.3333333333333333,-0.9748579550412555,39.89653299838602,1.0,0,,3.2,,11.9,279,98.0,5.2396878483835,0,0,22.1,7.3,,,42.05103042198234,,,,1.9627085377821392,61.6925949,,13.28560063643596,,0.0,0.0,1.2316427682731317,,0.7759742627195902,,-1.5124890949209813,-0.37445076508793834,1.3361321029114783,-0.035259689079402745,2.599400748327692,1.8996023424947468,-2.0917126307458385,1.8766282851747265,,,-3.415866129709348,,,,0.9188574372263681,-1.0428301790574066,,1.761900288163057,,-0.979008669303749,-0.9707072407787621
06073009603,6548,-0.5620346729964304,36.32973726555423,Low,1.0,36.32973726555423,36.32973726555423,-0.966353941178215,36.80286848199778,1.0,0.8857252964470292,70.13288122088225,1.0,-1.0954418904286847,34.35076604829392,1.0,-0.8584365070945879,36.34815892596106,1.0,-0.8415904131756375,38.15895593715905,1.0,-0.4140558672761791,43.66983165973159,1.0,-0.644089388268738,43.325753549108164,1.0,1355,57430.0,6.4,5.6,46.3,868,90.4,0.0,6077,854,20.2,12.4,67.03858670385867,8.030431107354184,26.646201074443592,33.61510284587207,41.06090373280943,7.481751824817519,61.2400733048259,67.40510268,11.045364891518735,38.53153435833072,94.87179487179486,3.0,4.581551618814905,-2.5425718020201553,-1.351279727517604,-0.08900671987635363,0.11744248470125267,0.13578949559315742,2.2547008288923047,0.6660456056497842,0.4863652556528707,-1.3714470306030413,-1.529108203933506,-1.3761384891093438,-0.10507383806884674,-0.6978534621182794,-0.19952840467472635,-1.6709027359227673,-0.8654614256625782,-0.8877805717125719,-0.18861373382974078,-1.0024440885840962,-1.287523258576141,-1.064993812026708,-0.16930516162940973,-0.007868628172419722,-0.5732082433983345,-0.7149705331391413
06073009604,3532,0.07160264282654695,51.78866521351674,Moderate,1.0,51.78866521351674,51.78866521351674,0.14809378107941412,51.97415946558241,1.0,-0.5341028225406389,37.872848971771916,1.0,0.2631349894265961,53.70515932890511,1.0,0.4003206420382083,56.338534825183864,1.0,-0.4373785471041638,43.93953494827875,1.0,0.16948752389342894,52.6290035181879,1.0,0.4916629329929839,55.1005882578719,1.0,284,92049.0,6.9,1.6,50.5,292,79.9,23.943661971830984,3280,516,15.7,11.1,48.66220735785953,2.0064724919093853,9.937178754997143,58.12297734627832,8.791208791208792,10.174418604651162,63.70328425821064,63.28562539,6.148867313915858,27.44413407821229,94.8220064724919,10.0,28.312570781426952,0.4405896775253136,-0.5206293311994241,-0.22415999840696985,0.8965747763987368,0.33703281187686057,-0.31642195231757647,-0.2597317918828201,-1.8972903578390197,0.4851377104068315,-0.15469624390889794,0.3186423726612994,0.4034561185471513,0.4480434629697383,0.7122014630737974,0.3412706905509497,0.09976695155834767,1.0415945880226878,-0.5977599166807156,-1.0822818307261406,-1.1110670290324867,-0.15075189021629334,0.6788333180508027,-0.0196188561542225,0.3736594170476322,0.6096664489383357
06073009703,3565,0.5317073561494783,63.01389679972632,High,1.0,63.01389679972632,63.01389679972632,0.7654146502430401,60.37792246789549,1.0,0.019272286113354242,50.44613063333042,1.0,0.3806368773083052,55.37910048232672,1.0,0.9361974888573861,64.84881785395216,1.0,0.8206998055243229,61.93114264210717,1.0,0.3153819445400079,54.86892810227544,1.0,0.48434844045993153,55.024755755535914,1.0,133,149583.0,4.5,1.5,53.5,196,81.2,0.0,3457,493,14.7,10.8,38.41059602649007,0.0,8.97254457967733,85.65672844480258,1.547987616099071,5.411585365853658,11.781206171107996,12.0970753,2.73972602739726,28.61635220125786,94.3593875906527,10.0,28.050490883590463,0.8611848067609492,0.8598449719800488,0.4245757385399881,0.916053083691174,0.48077803779379125,-0.7449424158525566,-0.14511173314068837,0.4863652556528707,0.36764915153706124,-0.061171169706040016,0.6952603419436646,0.520809185458535,1.087303769944808,1.015882317553658,0.4574361499499663,1.184167717981112,1.4746600705757729,0.12594457353108016,0.6006196991249719,1.0815748788654667,0.4857806173798482,0.5891636685734373,-0.12879845233326165,0.3736594170476322,0.5950374638722308
06073009705,3868,0.5491933317648322,63.44050430908125,High,1.0,63.44050430908125,63.44050430908125,0.8539707046325988,61.583460998478586,1.0,-0.033000090428737194,49.258445637918555,1.0,0.5468409288413404,57.74685649665253,1.0,0.5722711996989267,59.06928895522941,1.0,0.758909403738473,61.04748649632549,1.0,0.7223390856580937,61.1169621327787,1.0,0.42302209021313064,54.38895900308408,1.0,131,147083.0,2.7,1.9,65.3,381,85.5,19.883040935672515,3647,441,14.2,9.8,33.44155844155844,1.925820256776034,18.439531859557867,77.17546362339515,15.369261477045908,0.5673758865248227,16.028955532574976,12.54511512,1.783166904422254,32.393483709273184,100.0,10.0,25.853154084798344,0.8667556031746663,0.7998598195840971,0.9111275412502065,0.8381398545214257,1.0461759264003851,0.08085222741797811,0.23401615346790172,-1.4930446690012138,0.241531489473466,0.15027682414389967,0.8835693265848471,0.9119860751631487,1.3971583273639019,0.724408228818041,-0.6826197952246521,0.8501380378384165,0.6482989131037845,0.8620140464572295,0.46294139035534365,1.0623832650375344,0.6643830647524631,0.30022933826836,1.2024048539534578,0.3736594170476322,0.4723847633786291
06073009801,5311,0.33873423402443664,58.305907676721745,Moderate,1.0,58.305907676721745,58.305907676721745,0.9053598326909313,62.28303568430259,1.0,0.11263086939444603,52.56733873387617,1.0,0.08140400610478901,51.11620542085898,1.0,0.5920995359397586,59.384183607612115,1.0,0.7008787478887261,60.21759796666208,1.0,-0.007844054704887452,49.906422622516516,1.0,-0.01338929914270727,49.86449369626586,1.0,116,138866.0,0.5,3.1,61.6,90,86.4,0.0,5131,580,14.3,10.5,40.0,3.292568203198494,9.286675639300135,66.83913452492945,14.942528735632186,6.426056338028169,9.226134437958953,2.924704418,3.80997177798683,44.76351351351352,96.33113828786452,8.0,15.063076633402371,0.908536576277544,0.6027006206890833,1.5058019667849178,0.6044001670121802,0.8688901477695042,-1.2181004276724305,0.3133685018278397,0.4863652556528707,-0.7435138289600882,-0.41493992864728524,0.8459075296566101,0.6381622523699194,0.9881932165721583,0.5175500805494866,0.41960711611909995,0.4430477305182896,0.6738128683060064,-0.028202582361696937,0.6834348384070021,1.4744698672035925,0.2859513483316945,-0.6460247886418354,0.3365412761954786,0.103125799777356,-0.12990439806277054
06073011802,7019,-0.8177901165681319,30.09004008272813,Low,1.0,30.09004008272813,30.09004008272813,-1.9376694003273136,23.58007734222774,1.0,-0.1045152666308704,47.633543398183676,1.0,-1.179834907313728,33.14849647993178,1.0,-0.7248233188134966,38.47007565999731,1.0,-0.44745605685511997,43.79541784969651,1.0,-0.3553739109951402,44.57077876883773,1.0,-0.9748579550412555,39.89653299838602,1.0,1147,61947.0,11.5,22.0,15.8,316,93.8,3.3684210526315788,6069,618,19.4,16.5,72.12355212355213,19.823788546255507,4.452797455544311,32.69701419481155,48.24667472793229,3.1294452347083923,20.800683858099447,66.60858743,7.391091532060695,33.033788641265275,90.94468918257463,0.0,0.0,-1.9632089749935844,-1.2428985541685986,-1.467570160888639,-3.076999911258433,-1.3256203012289711,-0.2092918364338314,0.9658211438984363,0.15102992724088465,-1.3661368132529952,-0.5694596164607028,-1.0748441136834515,-1.7088990858577626,-1.014936938079187,-1.9844603579774358,1.0017238337946996,-0.9016198129920632,-1.3174111612370873,0.47271192342455487,0.30827984376648043,-1.2534048333744279,-0.38269185107953646,0.2512487623144707,-0.9346786442203548,-0.979008669303749,-0.9707072407787621
06073013601,5214,0.15359256113617434,53.788983389162134,Moderate,1.0,53.788983389162134,53.788983389162134,0.11931153308664515,51.582338610517624,1.0,0.09595164667993714,52.188368733589236,1.0,-0.22241907303654684,46.78791789541982,1.0,0.6997966333109581,61.09452579807251,1.0,0.31706994635544977,54.72880041109019,1.0,-0.17131693174075635,47.39661508853836,1.0,0.23675417329753343,52.45783908180551,1.0,257,122238.0,5.6,8.1,44.6,380,80.2,0.0,4923,667,15.5,11.9,44.60431654676259,3.4586466165413534,6.928948913681738,78.49624060150376,34.707903780068726,4.454022988505748,18.603759110088223,11.07654014,6.817042606516291,48.6587982832618,97.89473684210527,10.0,19.179133103183737,0.5157954291104935,0.20372737507312963,0.12723852577263253,-0.36951519760967505,0.05433386757356357,0.07638847258948873,-0.2332810090961745,0.4863652556528707,-0.6054481778588893,-0.7687086875885305,0.39396596651777216,0.0905146067834601,0.7010815895358006,0.49241400981939426,0.7035348632653133,0.9021560706233241,-0.5079405911735676,0.2714445642717864,0.379486701342434,1.1252891109811463,-0.2755091996873449,-0.9439973357735517,0.7055557402386274,0.3736594170476322,0.09984892954743463
06073014602,5155,-0.10595873734172223,47.45667826480472,Moderate,1.0,47.45667826480472,47.45667826480472,-0.032997683092825796,49.508910317749056,1.0,-0.8927781972008964,29.723356086850302,1.0,0.19825051499550658,52.78080999353379,1.0,0.3452624512541216,55.46415335226568,1.0,0.2176155092871075,53.30651601091296,1.0,0.15424649991497066,52.39500728896461,1.0,-0.73131025655004,42.42149714747804,1.0,370,132446.0,8.1,7.4,48.4,261,73.1,29.931972789115648,4753,406,15.5,10.6,59.66620305980529,0.0,9.633950120675784,61.31578947368421,19.167717528373267,2.813299232736573,24.63627546071775,43.31051649,1.789473684210526,39.39393939393939,95.05263157894736,2.0,3.87972841901067,0.2010454317354813,0.4486587493362794,-0.5485278668804485,-0.23316704656261542,0.23641115373500898,-0.45479835200074714,-0.8592828683801268,-2.4934427221577202,-0.4926060591704093,0.29259758923520524,0.39396596651777216,0.5990445633994582,-0.23813331870878685,1.015882317553658,0.37778680672234566,0.22551399944926936,0.42119274541177687,0.5207497760467639,0.18396041716144595,-0.2554409014715567,0.6632055041833659,-0.23527544116205124,0.03480943672359738,-0.7084750520334727,-0.7541454610666073
06073011300,2304,-0.19871113625581377,45.193786518993775,Moderate,1.0,45.193786518993775,45.193786518993775,-0.9161625311750272,37.48613829432436,1.0,0.05697353212528425,51.30274376551975,1.0,1.0008423356896003,64.21459631203051,1.0,-1.167688993039168,31.436907024781927,1.0,-0.41102543695444665,44.31640719819494,1.0,1.0209410946043163,65.70141421622618,1.0,-0.9748579550412555,39.89653299838602,1.0,0,111397.0,16.7,16.3,35.4,430,80.9,0.0,130,37,22.5,6.9,65.3061224489796,0.0,37.49456285341453,0.0,64.1025641025641,0.0,0.0,67.91537026,0.0,25.03536067892503,100.0,0.0,0.0,1.2316427682731317,-0.056392239776675096,-2.8731642576070473,-1.9667363955895178,-0.38648482523835737,0.2995762140139576,-0.17156251592733396,0.4863652556528707,2.576035791987489,1.7930650840549696,-2.242359818458784,1.8766282851747265,-0.589822090697823,1.015882317553658,-2.9773098299520497,-2.1195063690604576,-2.2654200950149854,0.948225856976042,0.9824728648551377,-1.309380374633981,0.9973242970865002,0.8630941327729905,1.2024048539534578,-0.979008669303749,-0.9707072407787621
06073008511,5607,0.7867417660563041,69.23600283506943,High,1.0,69.23600283506943,69.23600283506943,0.30938347369709873,54.169841515520815,1.0,0.7117910847297964,66.18090759521394,1.0,-0.03109546441289357,49.51352909937492,1.0,0.18406211936559647,52.904124015589304,1.0,-0.2636224938133993,46.42439667307033,1.0,0.6327663477090957,59.741747255425565,1.0,3.963907295118836,91.0988448029687,1.0,382,140403.0,8.3,0.9,58.4,1001,69.2,0.0,4974,732,16.0,8.7,47.36537348002316,2.7248973497573723,9.050179211469532,34.1545352743561,23.35164835164835,8.316221765913758,0.0,81.53080274,1.269130272489735,25.76,96.30459126539752,44.0,78.4733369003032,0.16762065325317912,0.6395794923821143,-0.6025891782926953,1.0329229274457967,0.7155619067914447,2.848380221081392,-1.2031430446065219,0.4863652556528707,-0.6393008134654332,-1.033018679900955,0.2056569818765896,1.3422806538382244,0.5289102063571511,0.6034674158388742,0.4480870486034121,-0.8442161933370516,0.17103939828263798,-0.31541003616481744,0.9824728648551377,-1.8925922022265556,0.7603606141764758,0.8076623384329684,0.33027609051784274,4.518234433628263,3.4095801566094086
06073017048,6422,0.07558002528448378,51.88570190517508,Moderate,1.0,51.88570190517508,51.88570190517508,0.14960871449362179,51.99478268117941,1.0,0.30949515305910485,57.04030842280445,1.0,-0.4186752716052088,43.9920366264406,1.0,-0.33693119211219574,44.63020704550726,1.0,0.3302891939303021,54.91784707569373,1.0,0.025929679749876172,50.424952513970894,1.0,0.4693438994758861,54.86919720050542,1.0,473,98007.0,2.0,6.4,43.1,449,92.6,4.773869346733668,6074,514,17.0,12.1,60.26615969581749,14.763869784502525,8.684587243518372,46.81338835396608,11.156462585034014,2.1534320323014806,18.997197134848957,50.57871811,4.401650618982118,34.92445054945055,94.03943145346172,13.0,20.242914979757085,-0.08585058357094569,-0.3776727160093921,1.1003421311930692,-0.038383973638244334,-0.017538745384901775,0.38438755575525574,0.8600180127518527,0.011113789114212735,-1.369455699096774,-0.14656362876082335,-0.17096098740577556,0.012279228842537642,-0.27554484855632516,-1.2186385192212141,0.4921132297156009,-0.34565463038684446,0.9001782553137919,0.6210154859625141,0.3667345643293373,-0.5667715298844349,0.1754769547242312,0.10662125037436614,-0.20430916584896883,0.7794598429530466,0.15922795599872563
06073009507,4056,0.4765645929993268,61.668571988351246,High,1.0,61.668571988351246,61.668571988351246,-0.03641766539323715,49.462353134669044,1.0,-0.0249031240680172,49.44241748100547,1.0,0.5801081510498368,58.22078396555315,1.0,0.0865486376607538,51.35550825927383,1.0,0.2992311773316846,54.47369059750358,1.0,0.8138152793554506,62.52140086466017,1.0,1.6175696950588163,66.77334980334403,1.0,221,117330.0,3.3,14.4,64.5,274,81.4,10.743801652892564,3852,300,14.8,10.0,76.54723127035831,0.0,8.320373250388803,57.75116433799069,38.78887070376432,7.336621454993835,9.122287968441814,3.99502178,1.0645375914836992,26.45466847090663,98.66932801064536,19.0,46.84418145956607,0.6160697645574,0.08596452388939736,0.7489436070134671,-1.5966485570332132,1.0078438661558704,-0.3967695392303852,-0.1274778779495909,-0.5832089452479632,0.10545716987853432,0.7236261920831593,0.6575985450154275,0.8337506972222263,-1.290784548560999,1.015882317553658,0.535973469082944,0.08512331256741223,-0.7519378221523163,-0.16656141852885556,0.6868007164469153,1.4286232335609947,0.7985608180787259,0.7545231853482715,0.8883618346393543,1.5910606947638755,1.6440786953537574
06073007800,5853,-0.02751762209755204,49.37041585322703,Moderate,1.0,49.37041585322703,49.37041585322703,-0.21109706824661403,47.08439318500103,1.0,0.1313675957640822,52.9930574450665,1.0,0.028744602414363885,50.36601540654377,1.0,-0.277659374086626,45.57150531211712,1.0,-0.4795819086909469,43.33599040477414,1.0,0.43728749320964866,56.740550294485786,1.0,0.17831530495322795,51.85197810099151,1.0,732,108000.0,5.7,6.2,57.6,1029,73.5,28.000000000000004,5173,304,18.7,9.6,41.2751677852349,4.6681254558716265,19.40246656244572,16.739606126914662,34.40860215053764,10.684039087947884,41.17546557321032,46.70815184,2.4434719183078046,23.84586035864174,94.12837345003648,10.0,17.085255424568597,-0.8072687191473009,-0.1379000648522942,0.10020787006650914,0.0005726409466299162,0.67722984654693,2.9733653562790945,-0.8240151579979318,-2.301109661771764,-0.7713924700478303,0.70736096178701,-0.811211535185796,0.9902214531040718,0.9086775069451637,0.3093586383233195,-0.7985805967327856,-1.5300930448822014,-0.49004562407423125,-0.6751958909368413,-0.35210881134899785,-0.4009773084037174,0.5410952421183683,0.9540857960787027,-0.18331855856812498,0.3736594170476322,-0.017028807141176352
06073008503,7840,-0.08541396285876865,47.95791166837505,Moderate,1.0,47.95791166837505,47.95791166837505,-0.3515019982018367,45.173021296183016,1.0,0.9089033914221375,70.65951263588977,1.0,-0.4813980246746329,43.0984833439222,1.0,-0.04449931727322716,49.27433010528321,1.0,-0.647766383386274,40.930807068943786,1.0,0.27059765120283247,54.18135253096603,1.0,-0.25223305910037974,47.388297309013964,1.0,791,110065.0,1.3,14.6,59.1,781,88.9,0.0,7465,546,15.7,11.3,56.83018867924529,5.129849310676499,15.457818930041151,54.761141391471625,57.72151898734177,3.466419065304859,18.239795918367346,72.83136279,4.680987495992305,19.0990990990991,92.2411029176018,7.0,8.928571428571429,-0.9716072133519533,-0.08835232897323814,1.289556721135932,-1.6356051716180873,0.7491024595053953,1.866354158813729,0.533791691716555,0.4863652556528707,-2.292769740836042,-0.276685471130017,0.3186423726612994,0.3252207406062282,-0.06128780975401883,0.23947644690217187,-0.3235489048133094,-0.03263700142775229,-1.8839033201976123,0.42150931731607333,0.3912834982874451,-1.5199550289510022,0.12332100463483343,1.3171926359474284,-0.6287206869737644,-0.03214100885778211,-0.47232510934297733
06073016201,5537,0.2729074509341354,56.69992350971063,Moderate,1.0,56.69992350971063,56.69992350971063,0.5364473095111045,57.260925517204306,1.0,-0.17547563719819032,46.02124694321366,1.0,-0.1381714646923711,47.98811596225117,1.0,0.7270641958528452,61.527563120198884,1.0,0.38434093832037214,55.69083373284545,1.0,0.7247340323522845,61.15373187321239,1.0,-0.148587217607097,48.462838499894694,1.0,330,130852.0,4.7,0.8,48.0,207,77.0,1.951219512195122,5344,618,14.6,11.7,54.4973544973545,3.799472295514512,3.6390101892285296,88.17941952506597,2.975206611570248,0.0,11.197399313707784,70.49159925,0.6860158311345647,32.372619660319096,99.155672823219,7.0,12.642225031605564,0.3124613600098219,0.41041221616862067,0.3705144271277416,1.0524012347382339,0.21724512361275164,-0.6958411127391735,-0.5154226921537304,0.292116132487391,-0.884898365905066,-0.5694596164607028,0.7329221388719009,0.16874998472438327,0.08418086312418205,0.4408298321959306,1.0997236497490752,1.2835224383421933,1.3893279692854528,0.948225856976042,0.6195420822354514,-1.4197321552154574,0.8692359192391089,0.30182534836205394,1.0031408294556905,-0.03214100885778211,-0.2650334263564119
06073020304,6153,0.1378040291712271,53.40378862244734,Moderate,1.0,53.40378862244734,53.40378862244734,0.7729758989725817,60.480855878215316,1.0,0.13454063791438306,53.06515239848204,1.0,-0.3721321950688053,44.65509296217856,1.0,0.5800588282575433,59.1929646160648,1.0,0.538178378767684,57.89084207999492,1.0,0.05987978011203088,50.94619016032096,1.0,-0.7488731247568278,42.23941530949686,1.0,179,144653.0,2.9,2.3,48.0,305,83.9,0.0,5746,764,14.8,11.7,53.59281437125748,0.3458711629917855,12.177182085648903,84.65196714223951,8.503937007874015,4.263245033112583,7.801072647489029,35.85563161,0.0,57.52416014726185,98.31387808041504,2.0,3.2504469364537623,0.7330564892454576,0.7415542514552321,0.85706622983796,0.7602266253516772,0.21724512361275164,-0.25839313954721455,0.09294531193912442,0.4863652556528707,-1.1517367877448832,-1.1631405222701487,0.6575985450154275,0.16874998472438327,0.14058532287098016,0.9635345027987513,0.07151970865750934,1.1445957787029322,1.0587703017646992,0.30043295333121883,0.7296240272004669,0.0638862327743509,0.9973242970865002,-1.622159424557418,0.8044744678070105,-0.7084750520334727,-0.7892711974801828
06073015502,3013,0.15726297338536693,53.87853089067866,Moderate,1.0,53.87853089067866,53.87853089067866,0.33621229417598736,54.535069811207066,1.0,-0.146400284342275,46.6818704428066,1.0,0.05701602836119116,50.76877236825274,1.0,0.5649953916993241,58.953741538491535,1.0,0.40968797253002825,56.05331822735201,1.0,-0.10739266849367952,48.37804760756299,1.0,-0.013277920233007834,49.86564840951381,1.0,164,143542.0,5.6,7.6,28.3,162,89.1,0.0,2748,294,17.9,14.3,62.68656716417911,0.3015075376884422,7.19327731092437,82.1105527638191,27.666666666666668,4.693486590038314,25.224029206770663,6.397013068,1.6080402010050252,56.05920444033302,96.98492462311556,6.0,19.913707268503153,0.7748374623483353,0.7148968497304712,0.12723852577263253,-0.2721236611474895,-0.7266818599084266,-0.8967100800211955,0.5514255469076513,0.4863652556528707,0.8382671641848981,0.748024037527383,-0.5099171597599037,-0.8483099285076129,-0.4264743338066118,0.9702489649676909,0.6717032834980757,1.0445036521381417,-0.08695154851328134,0.23505847326618132,0.16491010725765448,1.3257348581095585,0.697081574525008,-1.5100966077849907,0.4908370277789441,-0.16740781749292022,0.14085197702690455
06073021202,3238,0.004940049859946015,50.16228968959961,Moderate,1.0,50.16228968959961,50.16228968959961,0.6639063812978605,58.996061789596865,1.0,-0.48318931380756214,39.029659019184905,1.0,0.026686842337991123,50.336700394352846,1.0,1.0905634424105994,67.30031013719093,1.0,-0.08766148997302012,48.9407910962746,1.0,-1.2776546791099623,30.410954446728045,1.0,0.10192916586371559,51.06005001510351,1.0,183,91597.0,0.7,1.0,16.9,177,91.5,10.843373493975903,2664,412,17.2,14.2,16.228070175438596,1.8502202643171808,9.456040480708412,74.80176211453744,34.5945945945946,6.584362139917696,45.08956145768993,21.43123833,7.929515418502203,58.04347826086956,87.7533039647577,7.0,21.618282890673253,0.7219148964180235,-0.5314746467526121,1.4517406553726713,1.0134446201533596,-1.2729137183927635,-0.8297537575938548,0.7630318092008185,-0.5931215884444488,0.8940244463603823,0.26819974379098144,-0.24628458126224834,-0.8091922395371509,2.470540787684077,0.7358503345040892,0.39921146239709576,0.7566511850571356,-0.5011659399653905,-0.052256882378078504,-0.478972723477563,0.6817495859289514,-0.483222828760506,-1.6618850287764202,-1.687856179792961,-0.03214100885778211,0.23599934058521327
06073008501,5923,0.26127570323774446,56.41614232281219,Moderate,1.0,56.41614232281219,56.41614232281219,0.4739850265457508,56.41060885233044,1.0,0.15620610463356954,53.55741526164559,1.0,0.0639244770403774,50.86719067249337,1.0,-0.012825276089660165,49.77734690240185,1.0,0.4150197338188078,56.12956702157412,1.0,1.0189551232099379,65.67092349471778,1.0,-0.2863352664945721,47.0347450003341,1.0,455,144559.0,4.4,2.4,56.5,247,83.2,0.0,5589,438,14.9,10.8,64.30446194225722,7.327188940092166,10.029756695256433,61.6589861751152,29.01234567901235,1.2289485662266726,10.298835049805842,27.60423149,2.1198156682027647,13.114754098360656,97.78801843317972,6.0,10.130001688333614,-0.03571341584749243,0.7392988097251444,0.45160639424611126,0.7407483180592401,0.624523263710722,-0.5172909195995984,0.031226818770283875,0.4863652556528707,-1.0475237722502282,0.16247574686601157,0.6199367480871911,0.520809185458535,-0.5273614898893634,-0.09309226706430186,0.33012205074988776,0.2390306018451368,-0.16740844976677832,0.7614891918388554,0.6486664014095282,0.4173317917936259,0.6015262149540261,1.7749693142107275,0.6803698404650599,-0.16740781749292022,-0.40526271549622395
06073018510,3042,-0.27596148479072347,43.3091002132242,Moderate,1.0,43.3091002132242,43.3091002132242,-0.5485640875171598,42.49035952647752,1.0,-0.02493016810038337,49.44180301130691,1.0,-0.41588251897445677,44.031822400475555,1.0,0.0821757714352106,51.28606258449387,1.0,-0.43843519271090364,43.9244240029325,1.0,-0.4081376389740523,43.76069452487357,1.0,-0.17795655869331906,48.15835385978285,1.0,618,87083.0,5.4,12.6,33.7,124,93.6,0.0,2621,543,18.9,15.8,72.77628032345014,3.1746031746031744,6.8401735068401734,59.01027077497666,48.61111111111111,2.813067150635209,42.077580539119005,50.28002489,6.442577030812324,32.2279792746114,89.2623716153128,5.0,16.43655489809336,-0.4897333235654303,-0.6397838379187425,0.18129983718487883,-1.246039025769345,-0.46794045325795125,-1.0663327635037918,0.9481872887073388,0.4863652556528707,0.9225668646168802,-0.2644865484079051,-0.8865351290422688,-1.4350752630645334,-1.0556391473173854,0.5354041606961213,0.7142255853887193,0.13471248697338725,-1.3392004749037167,0.520785040531249,-0.38134821609089753,-0.5539771203802493,-0.2055914427278817,0.3128897163595242,-1.3317111905537993,-0.30267462612805834,-0.053238491258579795
06073019803,5783,-0.22876909673238605,44.460458740362995,Moderate,1.0,44.460458740362995,44.460458740362995,-0.2576826151794782,46.45021100307134,1.0,0.6404625668505776,64.56024643468875,1.0,-0.557610389285721,42.012755992456114,1.0,-0.6855212725469407,39.0942331307361,1.0,-0.3162584795866699,45.67165658765987,1.0,-0.37707163923334647,44.23765242525162,1.0,-0.0477018481451236,49.5087606853124,1.0,886,109795.0,2.8,9.2,51.5,626,94.9,5.491990846681922,5239,751,17.7,11.8,63.99716513111269,2.3923444976076556,31.03148373630197,38.10352327098739,40.57052297939778,4.367720465890184,54.29707764136261,35.33291848,12.614180078294911,43.16866933689363,98.08612440191388,8.0,13.833650354487292,-1.2362200430035122,-0.09483072543200091,0.8840968855440833,-0.5837765778264832,0.3849478871825041,1.1744721603978756,1.062807347449472,-0.06037712762754137,-0.8152017631857107,-1.1102785238076638,-0.4345935659034309,0.12963229575392132,-0.5081993652754885,0.6537994959983371,-2.19899762209081,-0.6886875988198016,-0.8584611608486968,0.2845580872531742,-0.7774072939436601,0.08627644919250313,-1.3579126971261628,-0.5240260620593051,0.7507238414854284,0.103125799777356,-0.1985294960676032
06073015302,4518,-0.05320960122890844,48.7436054613606,Moderate,1.0,48.7436054613606,48.7436054613606,0.20561099603363164,52.757157525705054,1.0,-0.02089436610561607,49.53350080258255,1.0,-0.026804418959162968,49.57465967102526,1.0,0.1660918687976338,52.61873770091829,1.0,-0.1529405189984091,48.0072445660406,1.0,-0.34511599402482024,44.72826909849885,1.0,-0.1984147753456162,47.9462546943158,1.0,293,112656.0,6.2,3.8,35.5,371,80.3,0.0,4030,439,15.9,13.4,59.917355371900825,4.028268551236749,15.832777407160329,77.95053003533569,33.60433604336043,9.46896992962252,15.050907481186366,41.40634723,2.4734982332155475,44.0093512565751,90.74204946996468,6.0,13.280212483399731,0.4155210936635869,-0.02618371703007384,-0.03494540846410708,0.4680520159651206,-0.38169331770779297,0.03621467913308434,-0.22446408150062638,0.4863652556528707,-0.012695166159991724,0.1584094392919743,0.24331877880482597,-0.4962507277734604,-0.25379443762347,0.40620137717365284,-0.3687030418577117,0.880663577498064,-0.4419592987521949,-0.49056817845788264,0.4946419428484197,-0.1738765416319786,0.5354889254785511,-0.5883346165661576,-0.9825022909868542,-0.16740781749292022,-0.22942173319831213
06073010104,3107,-0.15088918012030775,46.3605046963619,Moderate,1.0,46.3605046963619,46.3605046963619,0.10241848296110093,51.35236875734611,1.0,-1.4058286746020303,18.066293710748855,1.0,0.33376998870068403,54.711431094307166,1.0,0.6976840539977124,61.060975836018436,1.0,-0.018672981344920445,49.9273863906184,1.0,-0.26311984125408905,45.98716027184041,1.0,-0.5024752893006119,44.793928059134934,1.0,151,111573.0,6.5,7.4,20.7,359,93.6,59.77011494252874,2876,350,16.0,12.5,30.979498861047837,4.371097234611954,6.724080821464061,59.58965209634255,24.495677233429394,7.736625514403292,18.667524943675573,44.99066584,0.4460303300624442,50.91137649277184,92.41748438893843,3.0,9.65561635017702,0.811047639037496,-0.0521692850480001,-0.11603737558247677,-0.23316704656261542,-1.0908364322313178,-0.017350378808788182,0.9481872887073388,-5.463315176075354,0.7533036865841602,0.5203108133812941,0.2056569818765896,-0.14419152703930796,1.5506851157246808,0.35431404359325835,0.728205973472223,0.1575310832006872,0.10263897148831619,-0.22734136176504946,0.37741991929422014,-0.3274094543971687,0.914044438436666,-1.1163098896370995,-0.5870940725618337,-0.5732082433983345,-0.4317423352028893
06073017601,5143,0.09128373004685683,52.26882713213918,Moderate,1.0,52.26882713213918,52.26882713213918,0.921369840549156,62.500984434177155,1.0,-0.08606357577993709,48.05278579375345,1.0,0.4818175535321733,56.82052836842731,1.0,0.10104081178353116,51.58565909377825,1.0,-0.19921548484034096,47.34547256294247,1.0,-0.5803064674068042,41.1173775994493,1.0,0.00034343249021971667,50.006866854612475,1.0,203,175607.0,2.7,3.0,69.3,92,73.1,0.0,4869,459,11.4,10.9,73.38709677419355,0.0,11.01511879049676,62.45924545877969,24.406047516198704,8.287056813327638,28.582539373906283,52.52022402,10.759198882161156,41.45383104125737,93.4792734047508,8.0,15.555123468792534,0.6662069322808533,1.484266414360947,0.9111275412502065,0.6238784743046174,1.2378362276229595,-1.2091729180154518,-0.8592828683801268,0.4863652556528707,-0.5696042107460779,0.07708328781122825,1.9380996405754691,0.4816914964880738,-1.0937278632456644,1.015882317553658,0.21146044472704434,0.27054834809908673,0.10799784923141052,-0.31097847073198737,0.05605387294416292,-0.6499351908049499,-1.0115627711233914,-0.3928483009779842,-0.33650833011903736,0.103125799777356,-0.10243893479691657
06073016606,3704,0.23370462151353072,55.74348723262322,Moderate,1.0,55.74348723262322,55.74348723262322,0.7499072428829694,60.16681576027531,1.0,-0.33850624097625936,42.317015096317746,1.0,0.12727697940341456,51.76971541307021,1.0,0.2515933959588587,53.97659109550519,1.0,0.6708092082927891,59.78757756386775,1.0,0.720761456146297,61.09274070530811,1.0,-0.5459096911133543,44.3436248614704,1.0,71,128750.0,4.6,0.0,33.9,228,74.0,0.0,3505,350,17.5,12.1,71.92429022082018,4.755145493257629,4.972375690607735,75.2306600425834,6.21301775147929,0.0,15.11879049676026,36.25388923,2.55500354861604,30.571428571428573,100.0,3.0,8.099352051835853,1.0338794955861772,0.3599767000341045,0.39754508283386497,1.2082276930777307,-0.45835743819682273,-0.6021022613408966,-0.7799305200201887,0.4863652556528707,0.3357878474367845,0.5203108133812941,-0.35926997204695815,0.012279228842537642,-1.0025115523528394,0.29618810176385585,0.9391539540266912,0.7735430803977271,1.1957422413583716,0.948225856976042,0.4924417144490755,0.04682702038766757,0.5202707874097502,0.439608727075683,1.2024048539534578,-0.5732082433983345,-0.5186111388283742
06073019002,4928,-0.08014419356887127,48.0864788813857,Moderate,1.0,48.0864788813857,48.0864788813857,0.22296909961255393,52.993458282626655,1.0,-0.14203390328210413,46.781079348398244,1.0,0.259565546578582,53.65430876483509,1.0,0.09341636908307321,51.4645749945068,1.0,-0.0581261407009685,49.36317211578164,1.0,-0.7075487958436111,39.16381955151974,1.0,-0.2292515304296243,47.626556739690045,1.0,336,139412.0,4.2,8.9,50.5,331,81.4,11.267605633802818,4596,268,16.2,11.0,72.41379310344827,3.47661188369153,15.049751243781095,85.84070796460178,31.917631917631915,3.182374541003672,17.248376623376625,55.54449284,3.2237673830594185,68.76790830945558,94.75347661188368,6.0,12.175324675324674,0.2957489707686708,0.6158013779723591,0.5056677056583578,-0.525341655949172,0.33703281187686057,-0.14233551400649075,-0.1274778779495909,-0.6353550330491955,-0.38839304367575433,0.8537480344523529,0.13033338802011682,0.44257380751761255,-1.0330355112603034,0.4896949555083467,-0.27440761223513893,1.1914136443193883,-0.3411128219604883,0.46466940446385313,0.4234174403354664,-0.7794785856427052,0.39540358926479807,-2.482257845400966,-0.035792131394665846,-0.16740781749292022,-0.29109524336632836
06073003601,3151,-0.48412291376789046,38.23056008980451,Low,1.0,38.23056008980451,38.23056008980451,-0.7969560065998706,39.108930315297656,1.0,-0.1392169649332539,46.845083237856684,1.0,-0.22448832964084064,46.758439102786255,1.0,-0.21238248361707548,46.608170389981986,1.0,-0.8654318426255906,37.81800289188373,1.0,-0.9565595822586662,35.34074407185346,1.0,-0.19382518669993604,47.99383694149454,1.0,434,85430.0,9.6,14.3,11.5,236,100.0,4.421768707482993,2756,296,19.4,15.7,38.80952380952381,24.299065420560748,1.6325224071702944,40.58744993324432,35.93314763231198,5.548549810844893,49.82545223738496,92.28375856,15.62082777036048,33.97976391231028,90.12016021361816,5.0,15.867978419549347,0.022779946496536377,-0.6794460206829457,-0.9539877024722972,-1.5771702497407758,-1.5316551250432386,-0.5663922227129816,1.4950131381832623,0.04616634983994257,0.832956946834852,0.7398914223793084,-1.0748441136834515,-1.3959575740940715,1.0624278076399665,-2.661796284935338,1.3406981353337855,-0.590859592506716,-0.5811967857987286,0.10513305675739001,-0.6324727013672439,-2.35319094009378,-1.9192942398791304,0.17888571886614488,-1.1292702257630132,-0.30267462612805834,-0.08497574727181373
06073013411,4958,0.35736825511954373,58.76052419361034,Moderate,1.0,58.76052419361034,58.76052419361034,0.5463275022278421,57.39542736568569,1.0,-0.02866530846759538,49.356936577764856,1.0,0.31269330903309417,54.41117105500821,1.0,1.2598170841022462,69.98823442986279,1.0,0.8387481017521696,62.18924887578887,1.0,-0.07211021220146907,48.919740983400594,1.0,-0.3552326906094817,46.320455656059266,1.0,216,160882.0,5.8,4.4,50.0,80,86.8,0.0,4783,519,12.7,10.9,32.91139240506329,0.9673518742442564,2.8454452405322415,94.80048367593712,13.871635610766043,0.9580838323353292,5.445744251714401,13.80211574,3.990326481257558,44.35967302452316,95.52599758162032,5.0,10.084711577248893,0.6299967555916925,1.130953866748792,0.07317721436038599,0.35118217221049786,0.31307527422403875,-1.2627379759573245,0.34863621221003344,0.4863652556528707,-0.5125193742330822,-0.16689516663100987,1.448496280508395,0.4816914964880738,1.430217920854399,0.8694730121992453,1.1952882059163898,1.544289197438951,0.7378405759613524,0.8026466320281072,0.8059650733716425,1.0085401256475766,0.25227670070601355,-0.6151327265071452,0.14652538919672448,-0.30267462612805834,-0.40779075509090507
06073000400,4315,0.20293287940906674,54.99274523535251,Moderate,1.0,54.99274523535251,54.99274523535251,0.2728098417451387,53.671954354384475,1.0,0.5745800666003861,63.06332469162694,1.0,0.4417360327459199,56.249523865049646,1.0,-0.44723336177696843,42.8784935909956,1.0,-0.6205558460013789,41.31994126932523,1.0,-0.07527568265957936,48.871141351777254,1.0,1.2744691052099493,63.21627784467816,1.0,333,100636.0,5.6,1.2,63.4,1158,55.1,0.0,3712,397,16.3,9.2,52.68340718857706,0.0,25.964912280701753,19.70633693972179,23.78640776699029,2.1919879062736203,92.46813441483198,66.011201,9.65996908809892,24.778434268833088,93.6244204018547,17.0,39.397450753186554,0.30410516538924637,-0.3145923297498094,0.12723852577263253,0.9744880055684854,0.9551372833196625,3.303147563007888,-2.4463298355788763,0.4863652556528707,0.1983859735043413,0.32919435740154096,0.09267159109187978,1.1466922089859175,0.1972932779401237,1.015882317553658,-1.5888589645809694,-1.413250078020686,0.14504553568369527,0.6151569858390199,-2.014609890733828,-1.2278160147944026,-0.8063217915237011,0.8827478991510136,-0.3022531556060506,1.320527077493599,1.2284111329262994
06073000500,2983,0.23399080008325676,55.75046916657687,Moderate,1.0,55.75046916657687,55.75046916657687,0.17009832329847324,52.27371350145018,1.0,0.3072289827453235,56.98881857947279,1.0,0.6717791564273793,59.526736331454586,1.0,-0.029472080136680706,49.51297829829906,1.0,-0.487217934360072,43.2267886385313,1.0,0.04603809853123364,50.733678107286075,1.0,0.9594810540771406,59.950660713291505,1.0,154,120172.0,7.6,5.5,64.1,281,84.2,0.0,2882,267,16.1,9.8,40.77471967380224,2.119700748129676,20.52341597796143,34.78802992518703,39.849624060150376,9.83698707138842,27.153871940998993,53.44119477,4.675810473815462,22.61995430312262,90.52369077306732,12.0,40.22795843110962,0.8026914444169204,0.1541556451331152,-0.4133745883498324,0.1369207919936897,0.9886778360336128,-0.3655232554309596,0.11939609472577001,0.4863652556528707,0.7493210235716257,0.8578143420263902,0.16799518494835255,0.9119860751631487,0.9398839781035665,0.6950642963601281,-0.9335702198956495,-0.8192663751147679,-0.8153592824456608,-0.5464877634228467,0.10235992803800488,-0.6893846196097855,0.12428762427044028,1.047862341697172,-1.0340356703739113,0.6441930343179084,1.2747690738363726
06073000600,3221,0.21380253159572693,55.257933483861436,Moderate,1.0,55.257933483861436,55.257933483861436,0.4777463055765979,56.46181220400659,1.0,-0.017837759099962696,49.60295022343607,0.75,0.6327327735171314,58.970478483823044,1.0,0.10894364345452329,51.71116430014808,1.0,-0.893255732422742,37.42009722193816,1.0,0.15748501834876355,52.444728429935765,1.0,1.0308034717957772,60.690091013318,1.0,128,104078.0,3.4,3.4,62.0,540,63.2,,3075,348,15.3,9.8,34.20843277645187,0.0,22.819000310462588,37.3229115779189,62.16216216216216,4.790697674418604,71.40639552933871,44.62974487,6.936980947728383,29.758149316508938,96.04298974108453,13.0,40.360136603539274,0.8751117977952418,-0.23200477193106314,0.7219129513073438,0.545965245134869,0.8880561778917616,0.790589245147789,-1.7321587003394388,,0.6212120300017632,0.5284434285293688,0.46928956037424496,0.9119860751631487,1.3493383011368845,1.015882317553658,-1.2100145087223138,-0.7194315361501353,-2.149405260958178,0.22028741269423155,-1.3319555383355999,-0.31194954309142203,-0.297903300333909,0.501821095475503,0.2685372599046966,0.7794598429530466,1.282147100638508
06073013303,4703,-0.3322746084554352,41.93522197165187,Moderate,1.0,41.93522197165187,41.93522197165187,-0.7238802892688241,40.10373065390627,1.0,-0.2047203976925572,45.35677431864101,1.0,-0.5445331406368747,42.19905550714024,1.0,-0.20107802542241998,46.78769697205852,1.0,0.1495877091550585,52.333659678322185,1.0,-0.33434906447812573,44.89357432456505,1.0,-0.46694905084430316,45.16224391270277,1.0,418,73438.0,13.6,6.0,15.0,213,91.1,0.0,4369,635,16.4,15.6,60.93189964157706,11.805555555555555,11.767213813685782,59.72222222222222,22.033898305084744,5.943827563683867,21.900914310014887,36.62725576,5.902777777777778,38.497899159663866,91.80555555555556,4.0,8.50520944078248,0.06734631780627261,-0.9671827996958465,-2.035213930717227,0.039529255531504166,-1.363952361473486,-0.6690585837682372,0.7277640988186236,0.4863652556528707,-0.23771562636819582,-0.6385868452193368,0.055009794163644064,-1.3568398851236103,-0.31705843196633693,-0.7708958282603067,0.12088987806481621,0.16275228047214746,0.24982645255076533,0.04507126784566692,0.2726191079305393,0.030834008293262397,-0.10480366561481087,-0.16673221345938663,-0.7315113143601797,-0.43794143476319647,-0.4959566669254098
06073008358,5836,0.20493012399239705,55.04147225842573,Moderate,1.0,55.04147225842573,55.04147225842573,0.2507045023992005,53.3710281388158,1.0,0.3331675428368397,57.5781707509486,1.0,-0.28878591752089094,45.84245059946526,1.0,0.17222205401321328,52.71609143342795,1.0,0.2676509610881014,54.02206621309721,1.0,0.2889349552886941,54.462886108780566,1.0,0.41061676984162143,54.26034769043318,1.0,609,114760.0,3.4,2.5,39.5,513,87.0,0.0,5340,692,15.2,11.9,59.81735159817352,7.28578758337609,7.286821705426356,64.80246280143663,13.48314606741573,7.84869976359338,22.446881425633997,30.36714375,6.20831195484864,13.262307127112416,91.7906618778861,12.0,20.5620287868403,-0.4646647397037037,0.024299787226359067,0.7219129513073438,0.721270010766803,-0.19003301648521867,0.6700678647785759,0.3662700674011309,0.4863652556528707,-0.8822432572300429,-0.8703663769394631,0.506951357302482,0.0905146067834601,-0.2475584966552475,-0.08682614608090415,0.660438259057154,0.3628345997318507,0.761068005787183,-0.24437085520086432,0.2549231888153136,0.2989835049507733,-0.16185100379827597,1.7636821415358006,-0.7350262718714424,0.6441930343179084,0.1770405053653344
06073008359,4324,-0.11525188340219274,47.22995223120281,Moderate,1.0,47.22995223120281,47.22995223120281,0.007526680091795232,50.06057989678762,1.0,0.47731181633232705,60.85328472376139,1.0,0.17706571597193071,52.479009677370115,1.0,-0.6499921210049724,39.65847309965601,1.0,-0.2025889354518406,47.297229303808564,1.0,0.09441415281062167,51.47639817006385,1.0,-0.7105004925652111,42.637240955932285,1.0,272,96447.0,6.9,5.2,47.7,775,81.3,4.854368932038835,3923,500,16.9,9.9,41.844459738472125,15.422612513721184,18.58700806069227,18.660812294182215,25.0,5.742369374030005,37.234042553191486,54.48662103,8.122941822173436,27.15201465201465,95.33479692645444,2.0,4.6253469010175765,0.4740144560076157,-0.41510345110446595,-0.22415999840696985,0.195355713871001,0.2028706010210587,1.8395716298427927,-0.13629480554514026,0.003099840010597138,0.05832899089687505,-0.08963532272430112,-0.13329919047753852,0.8728683861926875,0.8731781364538859,-1.3183396393203737,-0.7003795233096745,-1.4544274578437273,0.07248598057621718,0.07568250051591875,-0.22435917045340903,-0.7341650524460893,-0.5193381385750445,0.7011791989390931,0.10140139806781648,-0.7084750520334727,-0.7125259330969494
06073019502,5706,-0.623691406853272,34.82549030534853,Low,1.0,34.82549030534853,34.82549030534853,-1.3647006423518444,31.38006255296463,1.0,0.08462795894880135,51.93108228708207,1.0,-1.1021682868791023,34.25494127444928,1.0,-0.9247151429006581,35.2955850877399,1.0,0.09187679670807773,51.50834375564565,1.0,-0.2924483525943369,45.536878120716544,1.0,-0.8583121789038408,41.1048133816461,1.0,1028,65603.0,9.4,15.3,11.9,391,96.9,0.0,4882,455,21.7,17.2,64.43661971830986,29.66101694915254,3.0163236337828248,24.11994784876141,32.77027027027027,6.463414634146342,20.15422362425517,26.50902302,11.799217731421122,37.084398976982094,96.54498044328554,1.0,1.752541184717841,-1.6317465883774211,-1.155176267304759,-0.8999263910600509,-1.771953322665147,-1.5124890949209813,0.1254897757028719,1.239145899360444,0.4863652556528707,-0.5782333139399028,0.09334851810737746,-1.9410654430328915,-1.982722908650992,-0.5356024597971901,-3.0985458150377423,1.1747102836727177,-1.239422580440418,-0.39209127901733803,-0.033879112546954825,0.32923295189707896,0.4642446264995248,-1.2057482713502643,-0.05860552319123151,0.38700873675848513,-0.8437418606686108,-0.8728824971390707
06073010015,5159,0.5273099973617378,62.90661389361665,High,1.0,62.90661389361665,62.90661389361665,0.05715701033580066,50.73621157219531,1.0,-0.12108789746807458,47.256995280766475,1.0,-0.03972219262209461,49.39063204955644,1.0,0.20038098819254377,53.16328466649447,1.0,-0.23052935740849545,46.897657123273156,1.0,0.05228638638561852,50.82960839380057,1.0,3.7726850441168667,89.11636116103821,1.0,272,131029.0,10.1,4.0,31.9,444,78.4,3.883495145631067,4299,478,16.7,11.9,55.00000000000001,9.103641456582633,11.133082855447894,78.78151260504201,12.351945854483926,8.695652173913043,0.0,92.76913503,3.6414565826330536,47.006129184347,97.68907563025208,39.0,75.59604574529948,0.4740144560076157,0.414659164958254,-1.0891409810029133,0.4290954013802463,-0.5541875888081098,0.36206878161280887,-0.3919857058160493,0.0997529231390519,-0.1912512245552923,-0.00017655609548048647,-0.057975596621065745,0.0905146067834601,0.05283736911777386,-0.3619594557878076,0.19725469694386985,0.9133913424963389,0.8287014183579435,-0.373063847714454,0.9824728648551377,-2.360227865132609,0.3174154006696755,-0.817575251104927,0.6570190095921071,4.296396867466638,3.248973220767095
06073020810,5005,0.11664619034698562,52.88759821233277,Moderate,1.0,52.88759821233277,52.88759821233277,0.5326915001278915,57.20979662538319,1.0,-0.10968121433625232,47.51616747264442,1.0,-0.08150278110467676,48.795422493897426,1.0,0.4814121518890354,57.62635254702986,1.0,1.1278388265800405,66.3234960776112,1.0,-0.4061700756912671,43.79090262569282,1.0,-0.7280650750358719,42.45514134543735,1.0,167,138093.0,4.7,4.1,34.6,271,87.1,4.672897196261682,4812,435,16.6,12.0,60.86956521739131,1.9058963668850508,13.208685162846804,96.72424061941632,3.010752688172043,0.0,5.594405594405594,5.252022402,0.0,77.67200346170489,97.55807027992851,2.0,3.996003996003996,0.7664812677277598,0.584153211568255,0.3705144271277416,0.4096170940878093,-0.4248168854828721,-0.4101608037158534,0.375086994996679,0.02116583685703723,-0.5317689121269994,0.1746746695881235,-0.020313799692830033,0.05139691781299887,-0.31317144075568076,0.7274237218941004,-0.05269839588400422,1.564094722301726,1.3872027023021216,0.948225856976042,0.8011466529566308,1.3747800940853678,0.9973242970865002,-2.841935834957331,0.6261013107970297,-0.7084750520334727,-0.747655098038271
06073021900,5794,-0.42427696168034984,39.69062918326834,Low,1.0,39.69062918326834,39.69062918326834,-0.874852526907422,38.04850302688208,1.0,0.8746298951376299,69.8807816890648,1.0,-0.2074385810277069,47.001331164978055,1.0,-1.1488864031592432,31.735511755517777,1.0,-0.8582996995519542,37.919998701547755,1.0,-1.0540652389861218,33.84373468229974,1.0,0.29897382273236905,53.10289705264772,1.0,445,52696.0,15.3,3.8,29.9,1042,90.0,0.0,1906,268,20.5,16.2,55.258467023172905,24.291497975708506,17.759751467034864,20.78272604588394,11.693548387096774,6.557377049180328,88.7124611667242,97.03795893,10.121457489878544,33.410834689607064,84.34547908232119,11.0,18.98515705902658,-0.007859433778907285,-1.4648676120945783,-2.4947350777213226,0.4680520159651206,-0.650017739419397,3.0313941690494564,0.6307778952675893,0.4863652556528707,1.3971675402772517,0.8537480344523529,-1.4891238798940536,-1.5915460189463784,0.03672012635118068,-2.6606509474695987,-0.6007576721439538,-1.3708571193746006,0.8680663928675653,-0.048156543282364885,-1.892880782660408,-2.360227865132609,-0.8924878799674273,0.2224063597556428,-2.492114196746581,0.5089262256827704,0.08902141978196773
06073020026,4447,0.34600182084636166,58.48321589110584,Moderate,1.0,58.48321589110584,58.48321589110584,0.2768363462632708,53.72676829538078,1.0,-0.13240282306468648,46.9999079194433,1.0,0.20604820867417567,52.89189655210586,1.0,0.7304757914478586,61.5817428151523,1.0,0.37948667571475797,55.62141358245452,1.0,0.5020983776563025,57.73559515463288,1.0,0.45947016923285283,54.766831975804415,1.0,202,135238.0,7.8,4.2,45.3,144,83.2,1.5873015873015872,4277,538,14.0,11.4,33.89830508474576,0.984936268829664,13.561266636071592,75.43453070683661,17.817371937639198,3.4135422495803023,13.941983359568248,36.04231487,0.0,40.37834311806915,98.37775202780996,11.0,24.735776928266247,0.6689923304877118,0.5156501675320783,-0.4674358997620789,0.39013878679537206,0.08787442028751387,-0.9770576669340043,0.031226818770283875,0.32834513561746065,-0.1766481268426655,-0.2441550105377186,0.9588929204413199,0.28610305163576694,1.3686769511298742,0.8668116031867918,-0.09515779641183691,0.7815724078866052,0.501928657063104,0.42954386042294573,0.5305844584316605,0.05588972694132156,0.9973242970865002,-0.31057809614710535,0.8195489320295126,0.5089262256827704,0.4100141127829353
06073020028,3571,-0.39332914867329816,40.44566680412192,Moderate,1.0,40.44566680412192,40.44566680412192,-1.113554201113876,34.79898985068864,1.0,-0.12257325539409122,47.223246340346186,1.0,-0.6996268871181963,39.98957777402685,1.0,-1.3266325319669214,28.91271791323843,1.0,-0.03225971266674377,49.7330843908479,1.0,0.20409859169505143,53.16038903181339,1.0,0.33724395585168965,53.499660046943674,1.0,763,59559.0,3.0,25.3,11.5,259,94.4,0.0,2695,286,23.0,17.3,63.6978579481398,37.060041407867494,11.535150645624103,8.178053830227745,46.910755148741416,8.349146110056926,26.043125175021,7.218419415,4.451345755693581,23.52941176470588,92.65010351966872,9.0,25.20302436292355,-0.893616063559915,-1.3001963717372118,0.8300355741318368,-3.090439943290214,-1.5316551250432386,-0.4637258616577259,1.0187227094717288,0.4863652556528707,0.8734473541289536,0.7805544981196815,-2.4306688030999664,-2.0218405976214537,-0.48953545035690244,-3.0985458150377423,0.1488359380502387,-1.86728480052328,-1.2375377674489092,-0.32041283481407384,0.13836151928028348,1.2905502323157245,0.16619820464386012,0.9782927537583108,-0.5321951833170167,0.23839260841249413,0.43609530329088514
06073013421,4150,0.2382282407479162,55.8538505304627,Moderate,1.0,55.8538505304627,55.8538505304627,0.274371977301453,53.6932201460473,1.0,0.008265861592168564,50.19605275048499,1.0,0.34096480630969195,54.81392903288672,1.0,0.7420711291997042,61.76588886786591,1.0,0.37345703007047315,55.53518443882597,1.0,0.09401502155457449,51.4702702872515,1.0,-0.16554814079265162,48.28699728585599,1.0,286,152548.0,4.4,9.9,52.5,341,84.6,9.473684210526317,3998,583,13.3,10.7,38.76651982378855,3.9260969976905313,7.8426640926640925,78.13702848344882,29.39393939393939,6.881720430107527,14.457831325301203,7.753578096,1.3856812933025404,40.42988741044013,94.30331023864512,6.0,14.457831325301203,0.43501888111159653,0.9309873627216474,0.45160639424611126,-0.7201247288735432,0.4328629624881477,-0.09769796572159697,0.1546638051079637,-0.45676535550584024,0.008545703240192732,-0.42713885136939717,1.2225254989389753,0.5599268744289969,1.0651094096080547,0.4216651050889676,0.5935012917394553,0.8880087103623389,-0.19022358440079712,-0.09743997383278069,0.5138647630210446,1.267626915494426,0.7385989717845215,-0.31452101303142765,-0.14203289408937034,-0.16740781749292022,-0.163688464092383
06073020811,5960,0.11570584579962585,52.864656510130445,Moderate,1.0,52.864656510130445,52.864656510130445,0.6573456253294494,58.90674836925318,1.0,-0.097172335874506,47.8003827358721,1.0,-0.5184351970328052,42.57084886813294,1.0,1.0960286840901046,67.38710387308248,1.0,1.0326132609608782,64.96168819381494,1.0,-0.500042417427899,42.34967570906447,1.0,-0.8603966994478409,41.08320225711381,1.0,118,154594.0,3.6,5.8,32.7,309,81.5,0.0,5834,688,16.5,12.2,27.6,0.8382642998027613,8.399526787223255,86.24260355029585,3.6734693877551026,2.1235521235521233,5.87248322147651,5.476042315,2.6627218934911245,74.46110590440487,98.47140039447731,1.0,1.6778523489932884,0.902965779863827,0.9800792114424943,0.6678516398950973,0.07848587011637842,-0.5158555285635948,-0.24053812023325705,-0.1186609503540428,0.4863652556528707,-1.2101491785953904,-0.8541011466433138,0.017347997235407017,-0.02683846012792359,1.761420717134449,0.8890104965491161,0.5264414545590105,1.2072420681178422,1.3475794849016702,0.6255556877803901,0.7921335841185548,1.3651842870428976,0.5001583243538517,-2.841935834957331,0.8416502583197826,-0.8437418606686108,-0.8770515382270709
06073021206,3034,0.04296614886314062,51.090017129182264,Moderate,1.0,51.090017129182264,51.090017129182264,0.6812423884979193,59.23206174228447,1.0,-0.3760358024009085,41.464302823851014,1.0,0.11721249017974555,51.62633590655004,1.0,0.28563484492638797,54.517204796475184,1.0,0.7140109502691687,60.405399809759736,1.0,-0.14644387438907322,47.77849242419342,1.0,-0.9748579550412555,39.89653299838602,1.0,106,139375.0,3.1,4.3,39.4,82,76.7,0.0,2914,394,16.2,14.0,100.0,0.0,5.89990056347365,95.9023539668701,3.076923076923077,5.674342105263158,20.43506921555702,12.44555072,1.8308631211857016,58.01056338028169,97.2972972972973,0.0,0.0,0.9363905583461292,0.614913597716899,0.8030049184257135,0.37066047950293507,-0.1948245240157831,-1.2538104663003458,-0.541873474940376,0.4863652556528707,0.7280801541714412,0.34139328012365283,0.13033338802011682,-0.7309568615962285,-2.264895019014154,1.015882317553658,0.8274573588643217,1.564094722301726,1.383246436071613,0.08601912944980128,0.3201301676352289,1.066648067920032,0.6554775398980532,-1.6593671818442848,0.5645580187790119,-0.979008669303749,-0.9707072407787621
06073017051,4904,0.25336046824271724,56.223033355862555,Moderate,1.0,56.223033355862555,56.223033355862555,0.628883242547924,58.51928192947265,1.0,0.14103833664927692,53.2127871494279,1.0,0.17616126898125428,52.466124854274284,1.0,0.45084264646289884,57.140876929320115,1.0,0.9616276648791877,63.94653282297017,1.0,0.016193361732745465,50.27547032000889,1.0,-0.6012232435542665,43.77016538007332,1.0,128,130980.0,4.2,2.5,63.7,405,70.6,0.0,4774,798,12.4,9.7,44.0,0.5509641873278237,20.146818923327896,81.49678604224059,10.097087378640776,0.0,8.97226753670473,8.326073429,0.7805325987144168,49.643947100712104,95.821854912764,3.0,6.117455138662316,0.8751117977952418,0.4134834559712934,0.5056677056583578,0.721270010766803,0.9695118059113558,0.18798234330172317,-1.079706058268842,0.4863652556528707,-0.5065453797142804,-1.3013949797874171,1.5614816712931041,0.9511037641336106,0.7387649905843225,0.9324935465287961,-0.8882187581922352,1.0203308069307118,0.9635173172960477,0.948225856976042,0.69166318773814,1.2431042975065212,0.8515883681342608,-1.019356987196016,0.21634870425999161,-0.5732082433983345,-0.6292382437101984
06073017109,6290,0.4807101392836223,61.769711393675934,High,1.0,61.769711393675934,61.769711393675934,0.932744936943533,62.65583682780565,1.0,0.424780887273695,59.65972513521381,1.0,0.311532293248651,54.39463113265983,1.0,0.8140722134364584,62.9093411533492,1.0,0.6981622421015639,60.178749586258334,1.0,0.8225229515720507,62.655090206457466,1.0,-0.6388445495905963,43.38012905629678,1.0,109,184881.0,4.9,2.2,73.1,407,82.0,3.309692671394799,5953,316,14.4,9.4,40.96109839816934,0.5253104106972302,8.63275039745628,78.2712511938873,9.90566037735849,1.6439643024894317,18.91891891891892,19.83820784,0.0,32.816901408450704,100.0,3.0,4.769475357710652,0.9280343637255536,1.7067873356889693,0.31645311571549506,0.7797049326441142,1.4199135137844048,0.19690985295870192,-0.07457631237629973,0.15687649472797308,-1.2891386616773264,0.6585652708985624,0.8082457327283737,1.0684568310449942,0.9282619494583759,0.9363762615120454,0.49835564906032576,0.8932949937150865,0.9749625603280951,0.6984282495838744,0.3692717225902544,0.7499864359040317,0.9973242970865002,0.2678397036761939,1.2024048539534578,-0.5732082433983345,-0.704480855782858
06073014002,4093,-0.09126146196342173,47.81524950963334,Moderate,1.0,47.81524950963334,47.81524950963334,-0.39640553187731686,44.56173683485194,1.0,-0.44932024827494144,39.79920086141057,1.0,-0.12033089434591208,48.242274133169374,1.0,0.2187341524875046,53.45475205037326,1.0,0.2593786513801186,53.90376503521197,1.0,-0.5342436963102377,41.8245817059061,1.0,0.38335733319683296,53.97773734067855,1.0,423,78430.0,7.2,8.7,23.8,326,69.5,0.0,3692,314,17.8,14.4,74.45652173913044,7.75,3.502326720548616,82.91666666666667,27.86885245901639,4.610492845786964,16.12509161983875,27.33042937,6.333333333333334,46.40052356020942,92.16666666666666,10.0,24.43195699975568,0.05341932677198004,-0.8474044473916104,-0.3052519655253395,-0.4863850413642976,-0.9422996987838227,-0.16465428814893762,-1.1766922618198763,0.4863652556528707,0.2116615168794566,0.666697886046637,-0.47225536283166797,-0.8874276174780741,-1.1604140562034921,-0.15708498287480355,1.116183669866224,1.0762519791620901,-0.09904004969424722,0.24766923294697923,0.45982542169055535,0.42906000057718713,-0.18519417583537723,-0.7712490231015173,-0.6462878899938186,0.3736594170476322,0.39305524934603375
06073014101,4139,0.0011703941447228012,50.07032093297016,Moderate,1.0,50.07032093297016,50.07032093297016,0.2931874360282858,53.94936028939664,1.0,-0.11592674523056157,47.374262248083234,1.0,-0.11655423233775941,48.29607675772274,1.0,0.37347367940895887,55.91217706818457,1.0,0.48241011464799416,57.0933077072661,1.0,-0.6088580381901431,40.679023856869655,1.0,-0.29953945531371523,46.89785147355178,1.0,111,108365.0,3.3,8.1,22.9,269,88.0,0.0,3903,532,16.8,12.7,60.07067137809188,4.841269841269842,7.501217730150998,76.90476190476191,29.343629343629345,0.0,10.38898284609809,25.14001245,6.190476190476191,56.70279520821448,94.44444444444444,5.0,12.080212611741969,0.9224635673118365,-0.12914223260248525,0.7489436070134671,-0.36951519760967505,-0.985423266558902,-0.41908831337283214,0.45443934335661706,0.4863652556528707,0.07160453427199034,-0.21975716509349477,-0.0956373935493028,-0.22242690498023043,-0.2633547724834137,0.2831531283459144,0.6346197536147112,0.8394766081586236,-0.18721559310962135,0.948225856976042,0.6457445255932632,0.5228856691322927,-0.15852082682210172,-1.55932853606542,-0.10872475168290727,-0.30267462612805834,-0.2964042844993721
06073014102,3608,0.04219618586308981,51.07123224665854,Moderate,1.0,51.07123224665854,51.07123224665854,0.19615517646878383,52.628432788562634,1.0,-0.5499707218824357,37.512313117011566,1.0,0.13023663497647853,51.8118788995726,1.0,0.13585267842278956,52.138507830607125,1.0,0.6791749041682085,59.90721424465314,1.0,0.24381973771357013,53.77022984053452,1.0,-0.5398951088257661,44.405980633017435,1.0,275,107234.0,5.9,4.0,19.9,134,86.5,8.614232209737828,3462,275,16.9,13.5,75.23364485981308,8.560677328316087,3.467879476975554,78.73941674506115,19.060773480662984,0.0,15.79822616407982,17.02551338,1.599247412982126,48.12611540749554,98.87111947318908,3.0,8.314855875831485,0.4656582613870402,-0.15627951554641378,0.0461465586542626,0.4290954013802463,-1.1291684924758327,-1.021695215218898,0.32218542942338785,-0.37120460925839993,0.36433026569328236,0.8252838814340918,-0.13329919047753852,-0.5353684167439217,-1.2088731665449928,-0.2797814986571879,1.1203319573487485,0.9117334215445904,0.4275868309309357,0.948225856976042,0.470419804577723,0.8704671241881331,0.6987233062511498,-0.9032493846768266,0.9359852915663872,-0.5732082433983345,-0.5065819742531976
06073014200,7017,-0.14513913129959868,46.50078934847579,Moderate,1.0,46.50078934847579,46.50078934847579,0.0034990030171422604,50.00574999344887,1.0,0.11135751096012209,52.53840665145956,1.0,-0.7574248358640828,39.166183641955605,1.0,0.1922380554939699,53.03396640547906,1.0,-0.12506756262774965,48.40585193039145,1.0,-0.0027550394819820614,49.9845545363763,1.0,-0.4378210505946105,45.464226468156355,1.0,488,114340.0,3.8,8.7,25.1,645,78.3,0.1949317738791423,6385,831,15.9,12.8,68.64244741873804,6.789815277084374,5.647363126886047,73.88916625062406,44.81981981981982,1.4756517461878995,17.671369531138662,49.5208463,2.895656515227159,43.48206474190726,95.25711432850724,5.0,7.125552230297847,-0.12763155667382342,0.014222281623839188,0.6137903284828509,-0.4863850413642976,-0.880010100886486,1.2592835021391737,-0.40080263341159866,0.4669592759993993,-1.5758903985798167,-1.435583129730648,0.24331877880482597,-0.26154459395069235,-0.7978654953292654,-0.011760430313385223,0.8578690196650837,0.7207091279534467,-1.1125226815754603,0.7240030590821802,0.4097073686701005,-0.521457996687819,0.4566662991139679,-0.5479994639056923,0.08306804634577825,-0.30267462612805834,-0.5729674750611627
06073014601,4791,-0.34593821942803477,41.6018691651492,Moderate,1.0,41.6018691651492,41.6018691651492,-0.43965397402967954,43.97298360096221,1.0,-0.21237798731510396,45.18278559080123,1.0,-0.9584300888608189,36.30264696938836,1.0,-0.050740953902842306,49.17520640812024,1.0,-0.3272349270741379,45.51468390256929,1.0,-1.2206926206872835,31.285495875082393,1.0,0.7875630158736222,58.16831218060039,1.0,1052,81085.0,3.9,5.5,38.2,364,70.5,0.0,4376,1030,18.7,13.5,49.34210526315789,5.437146585471944,12.968782736224597,35.84167029143106,34.15637860082305,4.327923429047025,49.67647672719683,48.94835096,16.92040017398869,27.765237020316025,85.7764245324054,14.0,29.221456898351075,-1.6985961453420255,-0.7837002155471097,0.5867596727767276,0.1369207919936897,-0.2523226143825552,0.004968395333658703,-1.0885229858643901,0.4863652556528707,-0.24236206654948617,-2.2447783369640715,-0.811211535185796,-0.5353684167439217,0.4056470308768843,0.19296681401883814,-0.023808298153154016,-0.7777693623539377,-0.47496541174497736,0.2906051799848504,-0.6276440981363529,-0.49693537840007185,-2.161941877909106,0.6542703227357463,-2.1544063068884904,0.9147266515881847,0.6603993801590599
06073015704,4928,-0.800291984760624,30.516944168206244,Low,1.0,30.516944168206244,30.516944168206244,-1.9882085359996415,22.892073842350243,1.0,-0.28043109038557146,43.6365454013404,1.0,-1.5898640150187844,27.307189502981686,1.0,-0.9041937544671427,35.621486131513564,1.0,-0.3367352340486826,45.37882130251752,1.0,-0.5218952078454656,42.0141686878207,1.0,0.019283944440919527,50.20323132012472,1.0,1618,46022.0,9.8,16.7,18.7,272,86.7,3.571428571428571,4825,907,22.1,17.2,78.02469135802468,19.527449617790133,8.352284473847426,34.60736622654621,48.54545454545455,4.258150365934797,32.87337662337662,42.71313006,13.759555246699096,32.661529342027265,93.74565670604586,8.0,16.233766233766236,-3.275131530423945,-1.6250039749308107,-1.008049013884544,-2.0446496247592663,-1.1866665828426048,-0.405697048887364,0.3398192846144853,0.13081998557319802,-0.5403980153208243,-1.7446225053574829,-2.0917126307458385,-1.982722908650992,-1.3829146107196129,-1.9396092775988691,0.5321305802159529,-0.8263817097660416,-1.3352749296799225,0.30120707942966474,-0.08302100305294152,-0.22985208289153136,-1.57176963845205,0.2797249991351706,-0.2736409842195173,0.103125799777356,-0.06455791089551695
06073019501,3250,-0.28983912454863897,42.970525719979975,Moderate,1.0,42.970525719979975,42.970525719979975,-0.923859976306069,37.38135080399989,1.0,-0.03917294518226941,49.11819169396934,1.0,-0.3245962046489324,45.332294427337885,1.0,-0.9904904196753421,34.2510051157356,1.0,0.04727601378120766,50.8705140150883,1.0,-0.20474869822173516,46.883335449067964,1.0,0.40671835841266757,54.21993117589619,1.0,425,86125.0,11.2,14.9,6.4,309,97.5,0.0,2479,263,21.1,15.9,48.595041322314046,27.55102040816326,11.93983077405202,19.642857142857142,41.269841269841265,4.273504273504273,34.76923076923077,15.51960174,11.35204081632653,37.52549286199864,97.44897959183672,9.0,27.69230769230769,0.04784853035826301,-0.6627701483168711,-1.386478193770269,-1.6940400934953987,-1.6945663810824265,-0.24053812023325705,1.2920474649337352,0.4863652556528707,1.0168232225801987,0.8740795723225394,-1.7150946614634732,-1.4741929520349946,0.4522317392429247,-3.0985458150377423,0.10010258997774654,-1.4157501928842973,-0.9002727534519724,0.2988740790298581,-0.14446954209408283,0.9349722716410278,-1.1222543298612793,-0.09234731004680435,0.6003555452428782,0.23839260841249413,0.575044108412841
06073001600,6014,-0.4727063118478764,38.50909233859236,Low,1.0,38.50909233859236,38.50909233859236,-1.6964789990349463,26.863470261764032,1.0,0.9627967311045755,71.88402766902442,1.0,-0.4152449622769778,44.040905083424654,1.0,-0.5659938377523394,40.99245341370337,1.0,-1.0307031686685697,35.45448009937117,1.0,0.18345643667920683,52.84346895849172,1.0,-0.7467763829860843,42.261153136763674,1.0,1658,73984.0,11.3,11.5,31.9,983,95.9,0.0,4782,423,19.6,12.7,62.05128205128205,14.17624521072797,7.939508506616256,21.839080459770116,68.14159292035397,9.54948016942626,39.07549052211506,56.70192906,6.130268199233716,21.770972037283624,93.1460195828012,2.0,3.325573661456601,-3.3865474586982853,-0.9540820424125708,-1.4135088494763928,-1.0317776455525367,-0.5541875888081098,2.7680326341685833,1.1509766234049579,0.4863652556528707,-0.5118555970643265,0.2234703604765711,-1.1501677075399255,-0.22242690498023043,-0.386859824130013,-1.129701175999825,0.5818388645470414,-1.3292532154265608,-2.506909885501121,-0.5028015738199898,-0.2840442932030027,-0.8290569221501654,-0.1472791854755104,1.1128058370190939,-0.41515734150596295,-0.7084750520334727,-0.7850777139386959
06073001700,4867,-0.08277459247269067,48.0223047140614,Moderate,1.0,48.0223047140614,48.0223047140614,-0.2943638563339691,45.95085892752807,1.0,0.8960915056604362,70.3684127187117,1.0,-0.009714873877463337,49.81811867684404,1.0,-0.0772805598442664,48.75372979577145,1.0,-0.6242961292377295,41.266451986633385,1.0,0.504999721365413,57.78013963462138,1.0,-0.9748579550412555,39.89653299838602,1.0,822,91280.0,3.8,7.2,47.2,838,91.9,0.0,4779,404,18.1,10.2,43.47826086956522,3.5486443381180224,17.135812615574274,29.346092503987244,73.92550143266476,3.016241299303944,28.148756934456543,43.01182327,3.628389154704944,23.004694835680752,95.65390749601276,0.0,0.0,-1.0579545577645673,-0.5390807640764188,0.6137903284828509,-0.19421043197774115,0.17891306336823692,2.1207881840376235,0.7982995195830135,0.4863652556528707,-0.5098642655580592,0.30073020438327985,-0.5852407536163777,0.7555153192813038,0.7712991070175185,0.47879279891326554,-0.5256202312661369,-1.0335939140417127,-2.8145647513238705,0.4899130707782946,0.07011365556202868,-0.24264649196737106,0.31985526513050155,1.01843134415843,0.1767125548073075,-0.979008669303749,-0.9707072407787621
06073019804,4417,0.2756135072459684,56.765943500173826,Moderate,1.0,56.765943500173826,56.765943500173826,0.5362852632811169,57.2587195361979,1.0,-0.09256720717518957,47.905016246340374,1.0,0.331851437843691,54.68409926762463,1.0,0.9238273271395592,64.65236678883296,1.0,0.7940836314978504,61.550508351409405,1.0,0.4106720531760064,56.33192206741958,1.0,-0.9748579550412555,39.89653299838602,1.0,191,151667.0,5.1,4.8,54.9,164,81.0,3.5555555555555554,4148,446,14.3,11.0,50.0,0.0,2.7809436972874404,83.81795195954489,8.880994671403197,4.295220810647308,7.923930269413629,11.22588675,0.6321112515802781,40.60031595576619,97.78761061946902,0.0,0.0,0.6996317107631554,0.9098485950173141,0.26239180430324877,0.2732689430407495,0.5478591432216922,-0.8877825703642167,-0.16274558833178585,0.13240018677355211,-0.09102087207317192,0.12994528627371316,0.8459075296566101,0.44257380751761255,0.36462265160256896,1.015882317553658,1.203055763395362,1.1117485760066474,1.036226373440692,0.2955742877807667,0.7256419585408896,1.1188919062290532,0.8793006288861663,-0.3275580644298653,0.6802735950717183,-0.979008669303749,-0.9707072407787621
06073019805,4245,-0.3162075583312575,42.327211780338196,Moderate,1.0,42.327211780338196,42.327211780338196,-0.11405727611604308,48.40542322884828,1.0,0.5117503290036364,61.63576502157375,1.0,-0.3124881604891515,45.50478657850151,1.0,-0.34784369211712474,44.45690516813632,1.0,-0.20741085631588727,47.228271668272306,1.0,-1.302065009782077,30.036181377711046,1.0,-0.44133824250215536,45.427762221000485,1.0,219,87868.0,8.7,4.9,28.0,595,97.2,0.0,3802,681,16.1,14.0,55.014749262536874,11.182795698924732,17.133364973896537,49.46236559139785,15.053763440860216,7.677035076108537,71.61366313309776,35.94275047,13.118279569892474,46.964285714285715,87.95698924731182,4.0,9.422850412249703,0.621640560971117,-0.6209485000664137,-0.7107118011171879,0.2537906357483123,-0.7410563825001197,1.0360957607147048,1.2655966821470896,0.4863652556528707,0.13864602831632253,-0.8256369936250527,0.16799518494835255,-0.7309568615962285,0.051917648520473966,-0.6766407382154714,-0.5253254755678493,-0.24132620320565212,0.667162248349548,-0.21828669501411135,-1.338673508422805,0.060154529823819296,-1.4520348488637382,-0.8143744054435719,-1.6397857750389206,-0.43794143476319647,-0.4447350502411142
06073006801,3205,0.02228428266715683,50.58543908213676,Moderate,1.0,50.58543908213676,50.58543908213676,0.3396952174723976,54.582483827807415,1.0,0.0039680635420055455,50.0984021251422,1.0,0.2079406112662282,52.91885586854568,1.0,-0.22121050308295342,46.46797223683534,1.0,-0.18908732484548274,47.490314003785244,1.0,0.8348276558047593,62.84400496679321,1.0,-0.8201437414868566,41.50052205268585,1.0,288,96523.0,3.7,2.6,53.5,524,63.9,0.0,3054,433,18.1,10.6,51.80840664711632,5.410566518141311,15.345753078623304,29.598981540420116,29.615384615384617,3.914373088685015,32.449297971918874,56.88861232,3.373647358370465,10.74574280681151,95.67154678548695,1.0,3.1201248049921997,0.4294480846978795,-0.41327990247162905,0.640820984188974,0.7017917034743658,0.48077803779379125,0.7191691678919591,-1.6704402071705988,0.4863652556528707,0.6351513505456342,0.1828072847361981,-0.5852407536163777,0.5990445633994582,0.2518557361388605,0.1969897236732922,-0.310053445657946,-1.0236340264860204,-0.20346358900176098,0.3534434578003814,-0.06927574019735643,-0.8370534279831949,0.36741898302378956,1.9561884985458209,0.18087548584466742,-0.8437418606686108,-0.7965456223051025
06073009802,6914,-0.11533608658017623,47.22789791585721,Moderate,1.0,47.22789791585721,47.22789791585721,-0.8040372019518637,39.012532006923834,1.0,-0.16230752922302852,46.32044061479792,1.0,-0.6276230722100394,41.01534979480881,1.0,0.2256372335105024,53.56438017412023,1.0,0.332385640071675,54.94782806729733,1.0,0.4474509357989773,56.896590154090475,1.0,-0.2188586120574569,47.73430461190042,1.0,941,105000.0,14.0,3.5,51.2,280,81.1,9.866666666666667,6602,747,16.5,11.4,53.79061371841155,7.855973813420622,4.386984311446833,54.00981996726678,25.98639455782313,2.745722244329486,17.356089094590683,28.82389546,6.1783960720130935,20.327421555252386,96.07201309328968,7.0,10.1243853051779,-1.3894169443807305,-0.20988224772743616,-2.14333655354172,0.5264869378424318,0.3705733645908112,-0.36998701025944897,-0.15392866073623773,-0.49588781048723857,-1.7199300441998175,-1.0940132935115146,0.017347997235407017,0.28610305163576694,0.1282511378054324,-0.17312418517726763,1.009649339975364,-0.06222735856151914,0.013510363948724156,0.5310179856382352,0.41992625721513577,0.3650879534846047,-0.1562653063108864,1.2232312460635426,0.27538686764427556,-0.03214100885778211,-0.4055762152571317
06073018801,3488,0.09868968258666011,52.44951107205227,Moderate,1.0,52.44951107205227,52.44951107205227,0.054800190545398586,50.704127520048274,1.0,-0.5579058572863427,37.332018248493526,1.0,0.2281091713099757,53.20617876412733,1.0,0.40776518381619176,56.45676191024303,1.0,0.5597689120503516,58.199605364817934,1.0,-0.3556918245048668,44.56589782628424,1.0,0.3539820021759128,53.673190600327366,1.0,329,121050.0,11.4,0.2,36.6,115,68.3,0.0,3326,425,15.0,13.0,45.04132231404959,9.861450692746535,8.938053097345133,80.27709861450693,13.230769230769232,8.569299552906111,13.188073394495412,7.890479154,1.0594947025264874,69.39759036144578,97.71801140994296,9.0,25.80275229357798,0.3152467582166804,0.1752224306545734,-1.4405395051825158,1.1692710784928564,-0.328986734871585,-1.1065065569601962,-1.28249539296646,0.4863652556528707,0.45460396064406633,0.2153377453284965,0.5822749511589548,-0.3397799718916148,0.6738311962155884,-0.47665435307592724,0.46158976485703124,0.9722941272680746,0.7761573830000612,-0.3538647797252853,0.5550202337383162,1.2617628111883143,0.7995023932390621,-2.5304258166804496,0.6638479499267871,0.23839260841249413,0.4695713959393315
06073013906,4830,-0.2941789529866556,42.86464638892656,Moderate,1.0,42.86464638892656,42.86464638892656,-0.7557542239932894,39.66982179587833,1.0,-0.11805927209728395,47.32580892857748,1.0,-0.7919940524552831,38.673707858487255,1.0,0.006238997965656003,50.08010745067292,1.0,0.33716805430833596,55.016220723919716,1.0,-0.3890784188252476,44.05331171733127,1.0,-0.347773755809477,46.39778565374392,1.0,892,74625.0,8.5,7.1,28.0,364,93.9,12.025316455696204,4461,603,18.9,15.9,68.39237057220708,9.271137026239067,3.378665533361666,57.20116618075802,29.65686274509804,2.2792022792022792,19.254658385093165,23.47230865,7.813411078717201,21.865284974093264,87.23032069970846,5.0,10.351966873706004,-1.2529324322446633,-0.9387018493382487,-0.6566504897049417,-0.17473212468530397,-0.7410563825001197,0.004968395333658703,0.9746380714939857,-0.7107871727166605,-0.29878312589372613,-0.5084650028501432,-0.8865351290422688,-1.4741929520349946,-0.7822714392815531,-0.3873100140037605,1.1310754899851174,0.0634619551628203,-0.2059435279440466,0.6019049087380772,0.35838971474172066,0.5943211216975925,-0.4615445877212171,1.1055913026089546,-1.81128197136348,-0.30267462612805834,-0.39287288549089566
06073002301,3247,-0.429045109903195,39.57430008145963,Low,1.0,39.57430008145963,39.57430008145963,-0.3439992037424718,45.275158952045835,1.0,-1.155762570116517,23.748066375502027,1.0,0.2630368601552225,53.703761371572945,1.0,0.024839753298884715,50.375506838376005,1.0,-0.4237695851462551,44.13415486535734,1.0,-0.6999787123537405,39.28004343477318,1.0,-0.6676823114174881,43.08115552789128,1.0,459,78838.0,4.0,11.6,37.6,379,89.1,54.761904761904766,2836,393,17.5,11.4,53.852667231160034,2.2501654533421576,7.007751937984496,20.185307743216413,78.22878228782287,3.2030749519538757,41.88481675392671,13.22962041,12.772998014559894,37.66434648105182,92.32296492389146,2.0,6.159531875577456,-0.046855008674926486,-0.837614870520591,0.5597290170706043,-1.0512559528449739,-0.2810716595659414,0.07192471776099936,0.5514255469076513,-4.965328885568778,0.7798547733343908,0.34545958769769014,-0.35926997204695815,0.28610305163576694,0.12438166340514041,0.6753183824150598,0.6940450589909346,-1.3943860916155961,-2.8145647513238705,0.46152401187864595,-0.37510034464677305,1.0330627435069772,-1.3875661408311109,-0.10296901526051755,-0.6094009809695929,-0.7084750520334727,-0.6268895708015036
06073002302,6030,-0.8079757490586016,30.32948242047555,Low,1.0,30.32948242047555,30.32948242047555,-1.0260415821458713,35.99032380075458,1.0,-0.09860076469455589,47.76792728638204,1.0,-0.9003693629503149,37.12978464565249,1.0,-1.030987306423178,33.60787233242213,1.0,0.029643512237113562,50.61835400472061,1.0,-1.9963697304811951,19.376485099747484,1.0,-0.6331050089522103,43.439633352309265,1.0,1184,63049.0,9.4,5.8,14.5,430,85.2,0.0,4414,775,18.9,15.3,64.65311004784688,23.29573320255027,9.320066334991708,17.99901912702305,18.75993640699523,6.553620531622364,51.90713101160863,27.52955818,26.974006866110837,25.175997318136105,83.0308974987739,3.0,4.975124378109452,-2.0662687086473492,-1.2164570989924632,-0.8999263910600509,0.07848587011637842,-1.387909899126308,0.2995762140139576,0.20756537068125613,0.4863652556528707,-0.2675855989622052,-1.2078699055845592,-0.8865351290422688,-1.2394868182122265,-0.5491021595071756,-2.5099413322653183,0.41558606274580606,-1.480491796666025,0.445573600812474,-0.04758574676525984,-0.6999441994826053,0.42053039438384543,-4.039085398897335,0.8523360341787056,-2.8023598267249556,-0.5732082433983345,-0.693001774506086
06073002401,4295,-0.1634454313561761,46.05416828228929,Moderate,1.0,46.05416828228929,46.05416828228929,-0.19624316683980972,47.286603531869154,1.0,0.22555733509919568,55.13315031113295,1.0,-0.1871792531818079,47.28994714582129,1.0,-0.3416016243690002,44.5560357119107,1.0,-0.3907950796606588,44.605718790891345,1.0,0.05792900605074583,50.91623982528753,1.0,-0.3117852365918975,46.770894171567065,1.0,622,78870.0,4.1,6.1,39.5,462,84.7,0.0,3687,537,18.5,12.1,56.62835249042145,10.479573712255773,7.768595041322314,21.314387211367674,36.21169916434541,3.3752860411899315,34.69150174621653,66.73304294,4.9141503848431025,34.55098934550989,94.73060982830076,5.0,11.641443538998836,-0.5008749163928644,-0.8368470605699229,0.5326983613644812,0.02005094823906713,-0.19003301648521867,0.44241636852561766,0.16348073270351307,0.4863652556528707,0.21498040272323543,-0.2400887029636813,-0.7358879413293233,0.012279228842537642,-0.04870189912439976,-0.5702076549503066,0.6024210103193142,-1.3499179537206087,-0.5978511237955428,0.4353568268659152,-0.14195018430711123,-1.2587358374058963,0.07978635885600736,0.1351894277403219,-0.041188768444091785,-0.30267462612805834,-0.3208958470557366
06073002402,4665,-0.5791423550275614,35.91235903155231,Low,1.0,35.91235903155231,35.91235903155231,-1.2719992282345611,32.64203303401512,1.0,0.33336986471280644,57.5827677230441,1.0,-0.9769820115400947,36.038354817085256,1.0,-0.8596975258091277,36.32813263404529,1.0,-0.649082642173924,40.91198343074869,1.0,-0.16458949492713695,47.49990177379979,1.0,-0.46501544722089183,45.18229041635652,1.0,984,60029.0,4.6,20.0,24.4,588,93.3,1.6666666666666667,3937,645,20.4,16.8,73.47204161248374,17.657241777264858,3.943965517241379,11.252163877668782,55.42168674698795,3.400222965440357,43.08681672025723,57.59800871,12.810155799192152,24.417601380500432,94.86439699942296,4.0,8.57449088960343,-1.5091890672756465,-1.288919163086773,0.39754508283386497,-2.6874337654096907,-0.9135506536004366,1.0048494769152791,0.9217365059206932,0.3204441296156901,0.04903611053429435,-0.6792499209597098,-1.4514620829658165,-1.826252152769147,-1.0990247733260503,-1.6565521625096982,1.062999597583864,-1.7462127649846264,-1.7463984815517206,0.43156770321886084,-0.41405964012845947,-0.8674401502343765,-1.3945039987375054,0.9103500646359066,-0.009614550679812052,-0.43794143476319647,-0.4920894596785872
06073002501,5046,-0.3457499510877498,41.606462371127876,Moderate,1.0,41.606462371127876,41.606462371127876,-1.3389816815046516,31.7301820166374,1.0,-0.23854370676978745,44.58827211262677,1.0,-0.7660325603996103,39.043557319969686,1.0,-0.5775189704681595,40.8094222901571,1.0,-0.6775215872249559,40.50528193913213,1.0,-0.1827168751632934,47.22159116770451,1.0,1.3610657239162092,64.11406238142584,1.0,1035,71250.0,8.8,16.2,17.1,534,94.5,19.774011299435028,4450,544,19.8,15.4,67.99468791500664,18.377253814147014,7.8820697954271965,46.04715672676838,47.60820045558087,6.302794022092267,24.37574316290131,75.02177971,8.737864077669903,35.294117647058826,94.9375866851595,19.0,37.65358699960365,-1.6512443758254307,-1.0196818050727834,-0.7377424568233115,-1.9472580882970805,-1.2633307033316346,0.7638067161768528,1.027539637067277,-1.482190476991645,-0.29148157703741273,-0.2685528559819424,-1.2254913013963982,-1.2786045071826877,-0.757473119358644,-1.7655264302745577,0.588755884950504,-0.37583221718994037,-1.2792373760979905,-0.00947308102411928,0.19240480572839408,-1.613780697506108,-0.634152390133259,0.07834330583983967,0.0076584588035391015,1.5910606947638755,1.1310707530685427
06073002705,4868,-0.23756545837333934,44.24585281767503,Moderate,1.0,44.24585281767503,44.24585281767503,-0.1793530513524291,47.51653343498413,1.0,0.005183867435994027,50.126026506082496,1.0,-0.3404675522587378,45.10618995869259,1.0,-0.23743398725276535,46.21032639373283,1.0,0.4376795433411955,56.45362188071059,1.0,-1.1235037396587122,32.77764179095132,1.0,-0.22506328886792068,47.66997804835587,1.0,709,81464.0,3.4,5.8,24.8,288,91.5,0.0,4677,529,16.6,13.9,74.61858529819695,12.42603550295858,1.0442773600668338,49.11242603550296,8.908685968819599,1.617076326002587,15.61216105176664,48.15183572,9.664694280078894,45.18103008669046,86.91650230111769,6.0,12.325390304026294,-0.7432045603895552,-0.7746064664438834,0.7219129513073438,0.07848587011637842,-0.894384623478179,-0.33427697163153397,0.7630318092008185,0.4863652556528707,-0.4421589943449712,-0.20755824237138287,-0.020313799692830033,-0.6918391726257672,-1.1705198627123006,-0.8648058526313157,1.3406981353337855,-0.2551083690012307,1.0345707364266843,0.7025138323327578,0.4764505582320447,-0.4628169536267049,-0.8072040483875571,-0.6779630124516642,-1.885344158136915,-0.16740781749292022,-0.28271876024292114
06073002707,5333,-0.9234091913249949,27.51323845532372,Low,1.0,27.51323845532372,27.51323845532372,-1.5834872131214188,28.401659293526208,1.0,-0.2009308814930621,45.44287622997053,1.0,-1.3330164494736816,30.96626016025433,1.0,-0.8402295289340362,36.63730472161284,1.0,-0.18566408584735458,47.539269279875846,1.0,-1.4656450243196473,27.524728956129408,1.0,-0.8548911560857642,41.14028060232765,1.0,1652,51585.0,5.9,14.0,8.1,800,92.8,24.352331606217614,4014,615,22.5,18.8,55.93705293276109,21.561338289962823,6.910955002847921,9.541511771995044,51.0934393638171,3.7567084078711983,35.252203262703915,25.02800249,13.568773234200744,28.141783029001072,76.88971499380422,1.0,1.8751171948246763,-3.3698350694571344,-1.4915250138193392,0.0461465586542626,-1.5187353278634645,-1.6945663810824265,1.9511655005550272,0.8776518679429502,-1.9379745133877992,-0.002074731459899496,-0.5572606937385908,-2.242359818458784,-2.530370554237452,-0.005594493551050109,-2.2474395879434406,0.7057017685770625,-1.8135858028187168,-1.4876165810289024,0.3774003405489315,-0.16012367571289624,0.5276835728034489,-1.5361480720182852,0.6254661710620253,-3.486253172002682,-0.8437418606686108,-0.8660404515029175
06073002708,4839,-0.9170351957683177,27.668745613110545,Low,1.0,27.668745613110545,27.668745613110545,-1.499370047978692,29.546769973558213,1.0,-0.044273102669386444,49.002310593426515,1.0,-0.7612210443625036,39.11210255656171,1.0,-1.3292898443512318,28.87051702208113,1.0,-0.7141105090319609,39.98202873656615,1.0,-1.9732894506748109,19.730837829048728,1.0,-0.0976923713096389,48.990487346797124,1.0,1127,37059.0,8.4,15.1,22.4,544,77.6,0.0,4132,402,20.7,16.5,74.07621247113164,25.025329280648428,7.2496884088076445,2.9381965552178317,62.22596964586846,7.193229901269394,49.18371564372804,36.10454263,25.835866261398177,41.57923799006074,87.74062816616008,7.0,14.46579871874354,-1.907501010856414,-1.7273626389792627,-0.6296198339988185,-1.7329967080802728,-1.0093808042117238,0.8084442644617466,-0.4625211265804392,0.4863652556528707,-0.08040043737307968,0.30886281953135447,-1.5644474737505263,-1.7088990858577626,-1.136699089692574,-2.7717167700147964,0.6649100127758967,-2.073653530473454,-2.1532202512855094,-0.1447733134061526,-0.6116726961475967,0.053224224711414324,-3.826579247867567,-0.4024413936969467,-1.6908477104599189,-0.03214100885778211,-0.16324373376149567
06073002709,3987,-0.7969776519584656,30.597804355421687,Low,1.0,30.597804355421687,30.597804355421687,-1.8076569020291227,25.34997412948025,1.0,0.15288728270841656,53.4820080338955,1.0,-1.0811550943798482,34.5542968705456,1.0,-0.7445799677632867,38.156319476537,1.0,-0.016843966813946176,49.95354287907467,1.0,-1.5195401783121039,26.697273870075584,1.0,-0.5619547371193689,44.17727894160871,1.0,1331,58875.0,8.2,20.9,16.8,445,94.6,0.0,3406,552,22.2,18.0,56.88282138794085,21.440536013400337,7.725761064210795,22.780569514237857,50.107066381156315,2.050861361771944,23.5766240280913,25.52582452,11.390284757118929,49.58037443511943,84.67336683417085,3.0,7.524454477050414,-2.475722245055551,-1.316608309432744,-0.5755585225865717,-2.8627385310416247,-1.2777052259233277,0.36653253644129824,1.036356564662825,0.4863652556528707,0.4015017871436052,-0.3010833165742408,-2.1293744276740743,-2.2956644204146834,-0.06456983054373597,-2.229156088559555,0.6075792648746194,-1.292173216824475,-1.4286422543603747,0.63660092662451,0.21830590337415873,0.5063595571059214,-1.12939498772407,-1.0144939514452753,-2.414731595766966,-0.5732082433983345,-0.5507012308404032
06073003114,3195,0.3269836101552802,58.01922625313645,Moderate,1.0,58.01922625313645,58.01922625313645,-0.0858493901372812,48.789425131915245,1.0,0.17788867446641762,54.050066726070725,1.0,0.38582302091850257,55.45298269284409,1.0,0.9043020604265473,64.34228519653011,1.0,0.5457058901083077,57.99849199756038,1.0,0.25096560171013366,53.8799406599717,1.0,0.11004941359433396,51.14423612948101,1.0,256,113267.0,10.3,4.7,32.5,289,95.1,0.0,2974,602,13.8,11.3,33.0,6.9954128440366965,4.119496855345912,85.89449541284404,29.6875,0.0,12.206572769953052,17.3739888,2.522935779816514,33.86046511627907,95.06880733944956,7.0,21.90923317683881,0.518580827317352,-0.011523345784503258,-1.1432022924151601,0.29274725033318655,-0.5254385436247236,-0.3298132168030446,1.080441202640568,0.4863652556528707,0.6882535240460954,-0.5043986952761059,1.0342165142977926,0.3252207406062282,1.4246926120508707,-0.04287774942083368,1.041861347404124,1.1935320316720277,-0.20777530102641678,0.948225856976042,0.5868326912409072,0.8555403132426985,0.5262582709346176,0.18801156414432302,0.038626970051460346,-0.03214100885778211,0.25223983604645
06073003115,5897,-0.29312872230633374,42.89026899670298,Moderate,1.0,42.89026899670298,42.89026899670298,-0.5329785999731795,42.702529161650496,1.0,0.2153829572946176,54.90197743062658,1.0,-0.8109128895776511,38.40418861411653,1.0,0.1351913460173924,52.12800518250909,1.0,0.2643237139569491,53.97448370366206,1.0,-1.0378188459126905,34.093166395223726,1.0,-0.2850887379497742,47.04766829998313,1.0,799,101813.0,4.9,12.2,20.0,439,96.0,0.0,5665,916,16.3,13.3,62.28710462287105,3.624856156501726,14.261488892657283,72.20943613348678,25.792811839323463,2.359550561797753,21.705952179074107,33.52831363,13.291139240506327,41.73669467787115,89.75834292289989,6.0,10.174665083940988,-0.9938903990068214,-0.28635132000179536,0.31645311571549506,-1.1681257965995964,-1.1243769849452683,0.339750007470362,1.159793551000506,0.4863652556528707,-1.0979708370756662,-1.7812192735238186,0.09267159109187978,-0.4571330388029992,-0.40156502554984624,0.4672580929945201,-0.17948161802091994,0.6545539346458158,0.02508449531572967,0.5896961225010366,0.2789382322897928,0.16357600572123726,-1.4843100731359602,-0.4144861537345609,-1.2146603108675504,-0.16740781749292022,-0.4027696584066281
06073020211,5809,-0.7784707916965335,31.049318513738942,Low,1.0,31.049318513738942,31.049318513738942,-0.8541446747085877,38.330404855993585,1.0,-0.6082376969097703,36.188424353081366,1.0,-1.3406000222120933,30.85822398546901,1.0,-0.9863973559626135,34.31600723489201,1.0,-0.4221610090090753,44.15715889427599,1.0,-0.7256108506075147,38.8865118907778,1.0,-0.5121439324660804,44.693689060719386,1.0,713,57192.0,4.2,15.5,13.4,323,94.0,22.943722943722943,4971,882,20.4,16.3,73.04761904761905,16.577017114914426,18.9877775865037,39.559902200489,45.45454545454545,2.0593869731800765,71.61301428817353,33.49097698,12.273838630806846,38.2277397260274,91.78484107579462,4.0,6.885866758478223,-0.7543461532169892,-1.3569903140256987,0.5056677056583578,-1.810909937250021,-1.4406164819625158,-0.17804555263440577,0.9834549990895338,-1.7977437521316935,-0.6373094819591659,-1.6429648160065504,-1.4514620829658165,-1.6306637079168402,-1.072559031470199,-1.4930594907608683,-0.7486419395397191,-0.6313289620796678,-1.1504723391443674,0.6353054743278379,-1.3386524780219458,0.16517530680217393,-1.2943663736384352,-0.14606617764154284,-0.736400000542566,-0.43794143476319647,-0.5863464301689643
06073017306,2670,0.4339768581302712,60.62955375446997,High,1.0,60.62955375446997,60.62955375446997,1.1795990509167238,66.01633146455316,1.0,-0.07208066707634517,48.370492620151474,1.0,1.305065997540037,68.54859057030777,1.0,0.49163601147554703,57.788718096584866,1.0,-0.18988582167786366,47.47889480900859,1.0,0.6097094310268173,59.38775322137678,1.0,-0.28620599529301755,47.03608521069723,1.0,16,229406.0,5.4,3.1,80.1,10,71.0,0.0,2570,188,11.0,9.2,62.06896551724138,3.561887800534283,5.470543228768172,80.94390026714159,26.537216828478964,12.470771628994544,27.340823970037455,34.7728687,1.2466607301869992,38.1201044386423,100.0,4.0,14.9812734082397,1.1870763969633955,2.7456198025064404,0.18129983718487883,0.6044001670121802,1.75531904092391,-1.4855686169955142,-1.044438347886647,0.4863652556528707,0.9564195002234241,1.179052640375337,1.9380996405754691,1.1466922089859175,-0.387962513015901,0.47678839267342976,0.8791624438680363,0.998555722376623,-0.019422789226588362,-0.9466868917616921,0.0963004275852341,0.11026596669159174,0.7645559797845418,-0.1378325406575476,1.2024048539534578,-0.43794143476319647,-0.13447055582283862
06073008350,6722,0.6420932439649186,65.70699495477169,High,1.0,65.70699495477169,65.70699495477169,0.2832510004055012,53.81409279038149,1.0,0.9980392395329891,72.68477562100244,1.0,-0.06045048531687086,49.095335158523625,1.0,0.179930015544644,52.838501898811366,1.0,-0.3575179386800036,45.081610665547075,1.0,0.7150605164464211,61.00521388331204,1.0,2.736340359821749,78.37212834685855,1.0,605,145682.0,5.2,3.2,61.7,910,85.0,0.0,6380,640,14.1,9.4,34.43830570902394,3.0180180180180183,21.048585485854854,51.08108108108108,21.46666666666667,2.759526938239159,58.911038381434096,68.06471686,3.1081081081081083,24.719913263462235,98.46846846846849,34.0,50.580184468908065,-0.4535231468762696,0.7662441401814059,0.23536114859712537,0.5849218597197432,0.8736816553000686,2.4421785316888585,0.18993151549015866,0.4863652556528707,-1.5725715127360378,-0.6589183830895233,0.9212311235130836,1.0684568310449942,1.3350041016933663,0.5591034211357159,-0.9968134251517445,-0.17757403549876166,0.2837407066198025,0.528920385645221,-0.92695526802731,-1.3157775789577277,0.41699873071658883,0.8872245046013998,0.840958314021275,3.620062824290947,1.852617895352551
06073002803,5457,-0.16333483810883123,46.05686643942042,Moderate,1.0,46.05686643942042,46.05686643942042,-0.8334404753163202,38.61225695841965,1.0,0.9084493022258273,70.64919523766315,1.0,-0.28779980683600775,45.85649880998351,1.0,-0.24095611393776806,46.15439134983148,1.0,0.16279230425304592,52.52249679984366,1.0,0.12246887789065945,51.90712381486984,1.0,-0.9748579550412555,39.89653299838602,1.0,848,84515.0,9.9,8.6,51.5,876,88.2,0.0,4858,660,16.8,11.5,60.50995024875622,1.7100660707345512,17.270553614125436,33.03536727555383,45.58521560574948,1.8688024408848207,33.168407549935864,8.450528936,9.949475320637388,25.914396887159537,96.73532841041586,0.0,0.0,-1.1303749111428887,-0.701400586459864,-1.0350796695906672,-0.46690673407186056,0.3849478871825041,2.2904108675202197,0.4720731985477145,0.4863652556528707,-0.5623026618897645,-0.7402445345702694,-0.0956373935493028,0.2469853626653057,-0.2907469098393502,0.7570627585157466,-0.5418463306487227,-0.8882939737787459,-1.1582849864070128,0.66426447307326,-0.09258356325762009,1.2377732936035566,-0.8603764969978204,0.7958516399974064,0.43193149067239234,-0.979008669303749,-0.9707072407787621
06073002804,6071,-0.21320934198905894,44.840072000911974,Moderate,1.0,44.840072000911974,44.840072000911974,-1.0307078800335296,35.92680017227397,1.0,-0.2266567471870816,44.858356705510715,1.0,-0.3870410717037739,44.442699930879485,1.0,-0.5098416360450974,41.884208920689034,1.0,0.18573397586524523,52.850582530454126,1.0,0.7692754891076,61.83757916192392,1.0,-0.29322752392677565,46.96328999160095,1.0,1974,80566.0,6.4,5.1,53.0,299,65.1,0.0,5669,274,20.8,11.3,61.31386861313869,6.4054726368159205,27.73081385711918,57.0273631840796,27.0516717325228,5.244549204478491,21.24855872179213,29.22215308,0.808457711442786,24.489795918367346,97.2636815920398,6.0,9.883050568275408,-3.4525056882366933,-0.7961531331845092,-0.08900671987635363,0.21483402116343822,0.4568205001409695,-0.2851756685181508,-1.5646370760240158,0.4863652556528707,-1.1006259457506893,0.8293501890081291,-1.6021092706787634,0.3252207406062282,-0.34087689270609056,0.04641006635696771,-1.8015165430976825,0.056616825266416204,-0.05018157124985984,0.15132543696972342,0.2937632966431961,0.34802874109792126,0.8463743741879888,0.9048274927037417,0.5566246004310694,-0.16740781749292022,-0.419047230360631
06073003001,4537,0.37268796656339176,59.13428108809883,Moderate,1.0,59.13428108809883,59.13428108809883,-0.47244698558519316,43.52656309096386,1.0,-0.04287793319308389,49.034010354613514,1.0,0.10044628211850437,51.38748318540232,1.0,0.480791458116616,57.61649528279305,1.0,-0.5994789221850776,41.62135949490977,1.0,-0.5321062139364513,41.85739858331566,1.0,3.6744880806084277,88.09831084093861,1.0,472,98944.0,3.3,17.5,30.9,375,81.6,0.0,3932,353,17.0,12.1,34.068627450980394,5.812973883740522,12.491309385863268,65.62763268744735,52.522935779816514,5.868358445678033,20.938946440379105,65.01555694,6.908171861836562,34.77218225419664,88.87952822240943,36.0,79.3475865109103,-0.08306518536408718,-0.35519028089138943,0.7489436070134671,-2.200476083098763,-0.6021026641137535,0.054069698447041854,-0.10984402275849468,0.4863652556528707,0.05235499637807318,0.5081118906591823,-0.17096098740577556,0.012279228842537642,1.3580561497158852,0.13608511963465542,0.03369112755102267,0.39533343556490075,-1.5730848471823675,0.056538673239632756,0.30379846860177184,-1.1851679833993474,-0.29252425671468724,0.11826912067555136,-1.4220635057702178,3.8905964415612235,3.4583797196556314
06073003004,5395,-0.5454430155301676,36.73452598443689,Low,1.0,36.73452598443689,36.73452598443689,-1.8368090891881068,24.953117188267328,1.0,-0.3068333817743586,43.0366567526637,1.0,-0.7614163793037814,39.10931979959668,1.0,-0.9455208331358819,34.96516903494414,1.0,0.045437195415339,50.844217323320414,1.0,0.006976316860226779,50.133960553486666,1.0,-0.01993493758461118,49.796632236268024,1.0,836,66531.0,14.7,20.5,20.0,477,85.0,12.944162436548224,4662,590,19.4,14.9,73.29113924050633,22.10242587601078,11.52770005595971,42.52021563342318,48.47457627118644,3.322475570032573,23.911028730305837,17.22464219,5.188679245283019,32.59393390674513,93.66576819407008,8.0,14.828544949026876,-1.0969501326605864,-1.1329097787353817,-2.3325511434845825,-2.7848253018718765,-1.1243769849452683,0.5093726909529583,0.18993151549015866,-0.8022607485952832,-0.43220233681363474,-0.4556030043876583,-1.0748441136834515,-1.083016062330381,-1.087744233896221,-2.3293335292469277,0.14973317059009866,-0.5147387399904776,-1.3310371833366346,0.4433812890275235,0.20746715797567586,0.8619375179947912,0.028528130094892593,0.2848957594816079,-0.29249493899582013,0.103125799777356,-0.14299567494657836
06073003101,4120,-0.1358101637824512,46.728389322585834,Moderate,1.0,46.728389322585834,46.728389322585834,0.11943604701602309,51.58403365373623,1.0,-0.8880630809246326,29.83048863416105,1.0,-0.037863239411461136,49.41711484347288,1.0,0.3152570898971355,54.98763693054653,1.0,0.08769119007236076,51.448485963487336,1.0,0.15697947211252386,52.43696675243002,1.0,-0.704108625239108,42.703508204377435,1.0,425,98505.0,1.4,8.6,23.3,100,80.3,16.819571865443425,3539,343,17.4,13.9,65.14084507042254,5.2935514918190565,4.854842644547451,72.6660250240616,27.877237851662407,7.397504456327986,18.689320388349515,31.52457996,1.539942252165544,30.216587427363972,91.91530317613088,2.0,4.854368932038835,0.04784853035826301,-0.36572367365211855,1.2625260654298085,-0.46690673407186056,-0.9662572364366444,-1.1734628793875368,-0.22446408150062638,-1.1880681263737227,0.31321942369908856,0.5487749663995553,-0.3216081751187211,-0.6918391726257672,-0.5795158798654717,0.21470002038745745,0.9533077966330161,0.6725364224335402,-0.09954140455071947,-0.17581248805700478,0.37671348402550786,0.2494051688716594,0.7097963770203936,0.4667525498701572,-0.7056105105529791,-0.7084750520334727,-0.6997421984447432
06073017305,3032,0.4346037006751032,60.64484690954984,High,1.0,60.64484690954984,60.64484690954984,0.8803341089519482,61.94235345279353,1.0,0.10680640404373706,52.43500057439412,1.0,0.9904596209605546,64.0666833398859,1.0,0.9569120520115257,65.17778671369189,1.0,0.30642665907852884,54.57659220493276,1.0,0.4567792657134879,57.039808485616724,1.0,-0.6554922060340598,43.2075356138354,1.0,169,159766.0,2.9,2.1,72.2,210,74.3,0.0,2941,257,12.2,10.3,29.838709677419356,0.4418262150220913,10.886159973448391,81.73784977908689,13.765182186234815,4.366197183098591,11.213720316622693,47.20597386,1.251840942562592,39.33415536374846,98.4536082474227,2.0,6.596306068601583,0.7609104713140428,1.104176494719239,0.85706622983796,0.7991832399365513,1.376789946009326,-0.6824498482537054,-0.7534797372335431,0.4863652556528707,0.7101581706150356,0.8984774177667632,1.6368052651495775,0.7163976303108418,1.6218213712993215,0.9490116462384337,0.2269902285655766,1.0298249619427715,0.7442053275752428,0.2847895475082085,0.6190130849035625,-0.4223013236728988,0.7635887644959424,-0.2307022197400542,0.8374512523845756,-0.7084750520334727,-0.6025093600346467
06073018621,1812,-0.2683296936882633,43.49529396447699,Moderate,1.0,43.49529396447699,43.49529396447699,0.20444535008123293,52.7412892587828,1.0,-0.04604469874193276,48.962058012379245,1.0,0.3369495633860856,54.756727565812625,1.0,0.007207884666475789,50.09549438163612,1.0,-1.1696918181131324,33.46682229612141,0.75,-0.6796337562578275,39.59240059770959,1.0,-0.5315403808387449,44.49259770545676,1.0,135,74836.0,4.2,4.2,22.9,142,97.6,0.0,1481,234,17.6,14.5,55.487804878048784,5.105633802816902,10.375275938189846,42.25352112676056,53.41614906832298,4.377104377104377,97.13024282560706,,5.809859154929577,53.104925053533194,92.0774647887324,2.0,11.037527593818984,0.8556140103472323,-0.9336391024760304,0.5056677056583578,0.39013878679537206,-0.985423266558902,-0.9859851765909831,1.3008643925292833,0.4863652556528707,1.6792728369984515,0.9920024919696211,-0.39693176897519516,-0.9265453064485354,0.02241929277779409,0.2431414790160526,0.28851311483047226,-0.5252423479584157,-1.6264892420583836,0.2831322177463142,-2.165718430027328,,-0.08745450961537013,-1.2841069290174598,-0.6673398301406526,-0.7084750520334727,-0.35460570964401716
06073009108,2133,-0.12351999832955439,47.02823400890786,Moderate,1.0,47.02823400890786,47.02823400890786,0.07851008053937489,51.02689693587938,1.0,-0.30310092141986145,43.12146229341497,1.0,0.763423354849118,60.83230680335135,1.0,0.24646058499178825,53.89507670591695,1.0,-1.2438111654780544,32.40685157368894,0.75,0.37025687478346053,55.71142574377302,1.0,-0.7763787965727068,41.95425213340431,1.0,129,93967.0,3.5,10.2,55.5,97,70.5,0.0,2096,189,15.9,11.2,55.6745182012848,0.0,10.773611770289511,48.44587352625938,38.028169014084504,6.513026052104208,122.36286919831224,,0.857449088960343,22.66839378238342,91.63987138263666,1.0,4.688232536333802,0.8723263995883833,-0.47460872228125,0.6948822956012205,-0.7785596507508542,0.5766081884050784,-1.186854143873005,-1.0885229858643901,0.4863652556528707,1.2710498782136563,1.1749863328012997,0.24331877880482597,0.3643384295766901,0.010776399532031059,1.015882317553658,0.24054377462374996,-0.2813601517422861,-0.7064561729860329,-0.041417483961979785,-2.9835598394861504,,0.8372270254098202,1.0441569296746236,-0.770613330734062,-0.8437418606686108,-0.7090157324768028
06073017069,2162,0.5906751015511887,64.45254017607935,High,1.0,64.45254017607935,64.45254017607935,0.9331802059713477,62.66176226777491,1.0,0.15335029753328427,53.49252823206758,1.0,1.3272120826468206,68.86408544375817,1.0,0.760295604762529,62.05531254050845,1.0,0.8642058996798023,62.553317387186254,0.75,0.6778914589888414,60.434555422230254,1.0,-0.5814098387243047,43.97557950296188,1.0,78,166875.0,5.2,0.0,78.6,104,78.3,0.0,2143,268,12.3,8.0,50.71428571428571,1.6229712858926344,4.848484848484849,80.89887640449437,7.368421052631578,0.0,14.338575393154487,,1.2484394506866416,31.97530864197531,98.87640449438202,2.0,9.250693802035151,1.0143817081381676,1.274750274072367,0.23536114859712537,1.2082276930777307,1.6834464279654444,-1.1556078600735793,-0.40080263341159866,0.4863652556528707,1.2398523512821356,0.8537480344523529,1.5991434682213403,1.6161044766314536,0.3200818969618844,0.7702446081489621,0.9540734301957422,0.9967824837435271,1.1266617485692825,0.948225856976042,0.5177300934940824,,0.7642238687557535,0.3322179340489392,0.9372325741618317,-0.7084750520334727,-0.45434462541513687
06073008002,2689,0.5093966390274738,62.469579475219504,High,1.0,62.469579475219504,62.469579475219504,1.088304613041101,64.77351454767881,1.0,0.0804747454060731,51.836716778303874,1.0,0.9689971600052709,63.76092742996451,1.0,0.7250058095327196,61.494873799376776,1.0,0.6323383653428826,59.23741126257221,1.0,0.874089332594636,63.44679152068879,1.0,-0.8034335527303658,41.67376379463654,1.0,138,189479.0,3.5,1.1,73.1,236,71.3,0.0,2545,253,14.0,9.5,39.68253968253968,0.0,12.010443864229766,75.51020408163265,8.860759493670885,8.695652173913043,14.875418371141688,5.488487866,3.498542274052478,15.059445178335537,97.667638483965,1.0,3.718854592785422,0.8472578157266567,1.8171120279756037,0.6948822956012205,0.9939663128609224,1.4199135137844048,-0.5663922227129816,-1.0179875651000014,0.4863652556528707,0.9730139294423182,0.9147426480629124,0.9588929204413199,1.029339142074533,1.0079891075235743,1.015882317553658,0.09159905333147077,0.7845527597221754,1.0374362159675645,-0.373063847714454,0.5003299064786689,1.3646511866397508,0.34409942329199994,1.626208802788121,0.6519597717037868,-0.8437418606686108,-0.7631252447921206
06073010110,7030,-0.7042230614218086,32.860749570519374,Low,1.0,32.860749570519374,32.860749570519374,-1.5861349097544137,28.365615452928598,1.0,-0.25784144419573574,44.149806622775905,1.0,-1.3258604627941848,31.06820491035235,1.0,-0.7146605431215435,38.631471133621105,1.0,-0.37235996136451077,44.869356914447515,1.0,-0.12718147428218224,48.074229049053635,1.0,-0.5455226344400891,44.34763764512517,1.0,1538,76875.0,10.8,12.0,20.5,408,90.7,13.170731707317074,6201,832,18.2,16.7,70.5253784505788,18.931068931068932,9.55096222380613,43.35664335664335,32.69720101781171,8.333333333333332,21.90611664295875,62.00373367,4.895104895104895,36.693548387096776,93.05694305694306,4.0,5.689900426742533,-3.0522996738752637,-0.8847152121818922,-1.2783555709457763,-1.1291691820147223,-1.1004194472924465,0.2013736077871913,0.6924963884364298,-0.8248163257141177,-1.453755399528756,-1.4396494373046853,-0.6229025505446135,-1.7871344637986852,-0.9152795320616366,-1.8493466912593801,0.38778057162418067,-0.481796520789338,-0.38772253611818447,-0.3180101100190165,0.2724504896010623,-1.0561576889219044,0.08334240782041911,-0.028707132521429975,-0.43617969814553587,-0.43794143476319647,-0.6531038341169817
06073010111,3786,-0.4492615443980087,39.08107722918157,Low,1.0,39.08107722918157,39.08107722918157,-1.2006437647811912,33.61341507168181,1.0,-0.13759174523841755,46.882009989106464,1.0,-0.40528490699232284,44.182796815820666,1.0,-0.7377414045555166,38.26492299011235,1.0,-0.13791148209393794,48.2221727821063,1.0,0.025148100570815197,50.41295288842092,1.0,-0.5508056076954901,44.29286678030839,1.0,563,80404.0,8.2,24.3,10.8,363,91.4,2.272727272727273,3192,408,18.2,16.8,62.93706293706294,33.52601156069364,5.309033280507132,47.74566473988439,40.310077519379846,4.525386313465784,14.79133650290544,48.37585563,0.8092485549132947,44.636251541307026,94.33526011560691,3.0,7.923930269413629,-0.336536422188212,-0.8000401710597669,-0.5755585225865717,-3.090439943290214,-1.565195677757189,0.0005046405051693256,0.7542148816052704,0.260109174693079,0.5435501012573387,0.2844649740871306,-0.6229025505446135,-1.826252152769147,-0.44209451286857826,-3.0985458150377423,0.8986121770594141,-0.30893746737516015,-0.8428893681207579,0.26060102721713585,0.5030551730685412,-0.47241276054067094,0.8462267130806624,-0.6362897946034339,-0.1344926167647829,-0.5732082433983345,-0.5284029719926457
06073010112,5123,-0.7323543846183322,32.17442619985255,Low,1.0,32.17442619985255,32.17442619985255,-1.8073922950136025,25.353576299369944,1.0,-0.16906701654015815,46.166857743799746,1.0,-0.9629102836072589,36.23882176200991,1.0,-0.8336152085650202,36.74234702511484,1.0,-0.16700440297957125,47.80611887087866,1.0,-0.5779696172043044,41.153255381441994,1.0,-0.60852186841841,43.69449738471225,1.0,670,61522.0,14.4,23.8,16.5,404,95.4,11.661807580174926,4769,723,19.5,15.3,62.614487926727726,22.021419009370817,5.598570577724836,18.54082998661312,41.51724137931034,4.292120435618194,25.57095451883662,42.07840697,8.032128514056225,46.04012671594509,92.8380187416332,3.0,5.855943782939684,-0.634574030322073,-1.2530960300759104,-2.2514591763662133,-3.090439943290214,-1.2920797485150206,0.1835185884732338,1.1068919854272148,-0.6745988915460606,-0.5032264938705016,-0.9964219117346194,-1.1125059106116884,-1.2394868182122265,-0.4219796847245982,-2.317073089804496,0.8637448314842969,-1.4591528912152838,-0.9150645767583052,0.29604538454553125,0.15366554309671238,-0.20266396280222349,-0.5023820731378211,-0.7436802131142017,-0.4878465653608902,-0.5732082433983345,-0.6438354934384856
06073010300,3884,-0.43595300023770445,39.40576742675809,Low,1.0,39.40576742675809,39.40576742675809,-0.5039330520944667,43.09793439228161,1.0,-0.03738539343713618,49.158806805174535,1.0,-0.3582155620934049,44.85335041211876,1.0,-0.1783351734978843,47.14887717215117,1.0,-0.17743990958212033,47.6568821079321,1.0,-1.6584485531990403,24.564606407769904,1.0,-0.13791335775987906,48.57349901368161,1.0,574,77123.0,3.3,14.0,24.3,512,78.5,0.0,3497,458,18.7,14.8,62.513426423200855,8.168642951251647,7.87847579814624,38.669301712779976,52.14723926380368,1.8111254851228975,20.85478887744593,40.58494088,12.318840579710146,53.301886792452834,84.84848484848484,6.0,15.44799176107106,-0.36717580246365566,-0.8787646850642138,0.7489436070134671,-1.5187353278634645,-0.9183421611310009,0.6656041099500866,-0.38316877822050116,0.4863652556528707,0.34109806478683063,0.08114959538526555,-0.811211535185796,-1.0438983733599196,-0.41567778683950546,-0.22044685285842264,0.5891886897960121,-0.6664047440896212,-1.5506223006071351,0.6730283893755635,0.3065261886127311,-0.13869191570964076,-1.3027688424640624,-1.299173655714612,-2.3734031614184468,-0.16740781749292022,-0.1084188980268379
06073010401,2197,-0.04257953343764478,49.002948539748694,Moderate,1.0,49.002948539748694,49.002948539748694,0.13968671885177375,51.85971175769509,1.0,-0.36138365112993487,41.79721556603383,1.0,0.4850442759939016,56.86649651086937,1.0,-0.406153036568921,43.530891985345896,1.0,0.38291206617784834,55.670399626353415,1.0,0.24202730878655687,53.74271058653527,1.0,-0.7801904161747382,41.914735427211944,1.0,94,75417.0,5.2,4.8,20.7,205,81.3,0.0,1826,244,17.7,12.2,64.35643564356435,7.011070110701106,11.344922232387924,24.600246002460025,21.153846153846153,4.912280701754386,15.930814747382795,24.24393279,3.444034440344403,30.099728014505896,94.4649446494465,1.0,4.551661356395084,0.9698153368284314,-0.9196985530592112,0.23536114859712537,0.2732689430407495,-1.0908364322313178,-0.7047686223961522,-0.13629480554514026,0.4863652556528707,1.4502697137777127,0.9513394162292481,-0.4345935659034309,-0.02683846012792359,-0.5306024169181284,-0.04524748642876157,0.17174407419107193,-1.220506317119866,0.30244395522453227,0.2018130764315863,0.46612233541042486,0.56126889764485,0.3542767685991714,0.4756917928174419,-0.10388663505694258,-0.8437418606686108,-0.7166389716808655
06073012600,4654,-0.7148516854585412,32.6014417155891,Low,1.0,32.6014417155891,32.6014417155891,-1.6572785730907647,27.397116709957103,1.0,-0.42110359138111636,40.440313858951356,1.0,-0.5967800185416271,41.45474236767303,1.0,-0.383236449108864,43.894831286878016,1.0,-1.3034917120290053,31.553368181136634,1.0,-0.6880297556531773,39.46349638485292,1.0,0.04595830159476661,50.479775898171596,1.0,799,75929.0,14.7,18.5,11.0,213,96.3,11.374407582938389,4303,539,17.9,15.8,53.87243735763098,18.676277850589777,7.086614173228346,42.136304062909566,58.91891891891892,7.121119902617163,60.80790717662226,87.21841942,8.650065530799477,42.23541048466865,90.69462647444298,8.0,17.189514396218307,-0.9938903990068214,-0.9074135938485204,-2.3325511434845825,-2.395259156023134,-1.5556126626960602,-0.6690585837682372,1.1862443337871516,-0.6459874528473193,-0.19390633323031536,-0.24822131811175588,-0.5099171597599037,-1.4350752630645334,0.12314885651183967,-1.8107839034086852,0.6845481242764893,-0.5298588738150999,-1.9554947526060853,-0.13381632054134227,-0.9884366939439269,-2.136219081024666,-0.617759221148526,-0.4526357700091889,-0.9936942758018171,0.103125799777356,-0.011209196587822785
06073012700,4956,-0.5022622003494593,37.78801367202021,Low,1.0,37.78801367202021,37.78801367202021,-0.9589420850227816,36.90376816909549,1.0,-0.12095217620512969,47.26007901481917,1.0,-0.784017794117396,38.78733826326469,1.0,-0.44199884754448027,42.961623134473754,1.0,-1.0024841839377905,35.85803596831492,1.0,-0.34811228564138647,44.68226687837763,1.0,0.14067197002274884,51.4617133941577,1.0,638,75862.0,7.1,17.0,15.0,373,86.8,0.0,4539,752,17.9,15.1,56.50969529085873,9.656398104265405,9.355425338452212,12.618483412322275,40.78212290502793,12.493519958527736,74.85875706214689,54.73553205,9.597156398104266,36.47619047619048,93.89810426540284,9.0,18.159806295399516,-0.5454412877026006,-0.9090211959327318,-0.2782213098192161,-2.1030845466365777,-1.363952361473486,0.0451421887900631,0.34863621221003344,0.4863652556528707,-0.35055774505667575,-1.1143448313817013,-0.5099171597599037,-1.1612514402713034,-0.04130278542749636,-0.4456195167976588,0.41132797715650055,-1.6924010651092665,-0.8711125243354443,-0.9501434621269701,-1.4438536887797213,-0.7448270605090263,-0.7945938179048705,-0.012080186308159286,-0.23766285271112944,0.23839260841249413,0.04295133163300355
06073012800,3737,-0.0944160364518193,47.73828696575399,Moderate,1.0,47.73828696575399,47.73828696575399,-0.21157589854035258,47.0778747332397,1.0,-0.1322707390972846,47.002909010202806,1.0,0.03597894937758657,50.469076483418206,1.0,0.0033644106540762636,50.03445600714133,1.0,-0.011943023243303652,50.02363060760792,1.0,0.06112250590436245,50.96526979366942,1.0,-0.4055884602178196,45.798395649955054,1.0,272,79155.0,9.4,4.1,29.8,349,80.9,1.276595744680851,3189,496,16.1,13.4,81.23791102514507,4.583020285499624,3.7872683319903304,60.480841472577005,39.89501312335958,7.633587786259542,20.604763179020605,21.7672682,3.3057851239669422,31.197301854974707,92.41172051089409,4.0,10.703773080010704,0.4740144560076157,-0.8300087531967844,-0.8999263910600509,0.4096170940878093,-0.6548092469499612,-0.061987927093681956,-0.17156251592733396,0.3592767335818388,0.545541432763606,-0.07337009242815191,0.16799518494835255,-0.4962507277734604,-1.5832815310393782,0.32223935857412617,1.0818697568389888,0.19263005824256835,-0.8180730524778219,-0.21168495248508054,0.3146300366458589,0.6673558753438289,0.3800897744652506,0.39173211021617055,-0.5884543669683338,-0.43794143476319647,-0.37323548567244264
06073012900,3643,0.03278696890455247,50.84167441700349,Moderate,1.0,50.84167441700349,50.84167441700349,-0.020275390726557582,49.68210246989047,1.0,-0.3678890469076673,41.64940592994033,1.0,0.30406246460297626,54.288215365182204,1.0,0.24039308476995586,53.798718476462916,1.0,0.34261123506884333,55.09406291287801,1.0,-0.015757796550737835,49.78492253475385,1.0,-0.25363576792494547,47.373754820969175,1.0,271,115288.0,6.4,8.8,37.3,179,73.3,0.0,3437,314,15.3,12.9,50.476190476190474,11.932324131789848,2.8916339135317237,61.35351736420303,21.929824561403507,4.991539763113368,24.43041449354927,20.21157436,0.9795191451469278,33.63114231014678,90.38290293855744,5.0,13.72495196266813,0.47679985421447424,0.036968651412384056,-0.08900671987635363,-0.505863348656735,-0.2954461821576347,-0.8208262479368761,-0.8416490131890293,0.4863652556528707,0.3809246949121765,0.666697886046637,0.46928956037424496,-0.3006622829211536,0.33492881517544576,-0.7900823307951064,1.1897259642342133,0.22699989046527086,0.25604892525162665,0.18976979552722503,0.19063279525854915,0.7339934242379725,0.8144349049206758,0.20555377343010225,-1.0672620680029916,-0.30267462612805834,-0.20459690972183253
06073013000,5469,-0.5174651182004296,37.41710620525953,Low,1.0,37.41710620525953,37.41710620525953,-0.7921711044352178,39.174068537233154,1.0,-0.22001798429619507,45.00919658682459,1.0,-0.6169234159205907,41.167777941396594,1.0,-0.47942899424292484,42.36719338050536,1.0,-0.4518471777515375,43.7326210260015,1.0,-1.0363324091975674,34.1159877349716,1.0,-0.02553474155897409,49.73857665058686,1.0,587,67740.0,8.4,11.5,20.3,621,83.0,14.285714285714285,4361,720,17.2,14.7,74.01918047079337,9.818569903948772,9.260642270351008,36.87299893276414,48.88123924268503,4.921359715880263,38.581093435728654,46.32233976,11.52614727854856,32.804232804232804,85.48559231590181,8.0,14.627902724446882,-0.4033859791528164,-1.1039009590366995,-0.6296198339988185,-1.0317776455525367,-1.1100024623535751,1.1521533862554287,0.0135929635791864,-0.9358158246658203,-0.2324054090181497,-0.9842229890125075,-0.24628458126224834,-1.0047806843894578,-1.133142742025346,-0.47016431913059104,0.4227421680808209,-0.7371510838965833,-1.3553511855921074,0.20043353552386128,-0.26801986498890373,-0.3844511959489999,-1.1547623468874832,0.2688087974627967,-2.223043678168016,0.103125799777356,-0.15419528289530418
06073017041,5565,0.2276434601174323,55.595612328536234,Moderate,1.0,55.595612328536234,55.595612328536234,0.28819494203503415,53.88139606138244,1.0,0.11529507874631054,52.627872455148584,1.0,0.06528937146755995,50.88663506605101,1.0,0.3139311707054909,54.96657995138956,1.0,0.36460649020939195,55.40861407003577,1.0,0.007624338588849755,50.143909664594084,1.0,0.4385628290693889,54.5500765529749,1.0,220,131650.0,7.2,4.1,50.4,394,83.9,5.919003115264798,5354,542,14.8,10.2,65.53030303030303,3.308823529411765,6.7525866763477955,71.32352941176471,8.516886930983848,9.073543457497612,23.719676549865227,22.93714997,1.050420168067227,51.67919799498747,96.58613445378153,12.0,21.563342318059306,0.6188551627642584,0.4295594768134084,-0.3052519655253395,0.4096170940878093,0.3322413043462961,0.13888104018834002,0.09294531193912442,-0.10288734148851839,-0.8915361375926236,-0.2604202408338678,0.6575985450154275,0.7555153192813038,-0.6038013318729296,0.5150898268583944,0.7247731739583214,0.6196630138781773,1.05799603786125,-0.43048379190109926,0.21366927640136038,0.6172444384760567,0.8011967308124162,-1.1750449352837045,0.39672122023783757,0.6441930343179084,0.2329326238208694
06073021302,6675,-0.31365181231318745,42.3895646319775,Moderate,1.0,42.3895646319775,42.3895646319775,-0.20588597466859024,47.155333270781576,1.0,-0.2547310540632422,44.220478054507446,1.0,-0.515449468034337,42.613383798708114,1.0,0.10733109399677554,51.68555533352678,1.0,0.22094998051743686,53.35420183120953,1.0,-0.5729193088990995,41.23079302599287,1.0,-0.9748579550412555,39.89653299838602,1.0,455,120218.0,7.4,9.2,20.5,810,78.2,20.0,4471,728,17.4,13.2,57.67918088737202,4.638088545326775,17.712007360834228,76.52846099789178,21.28146453089245,8.488745980707396,5.692883895131086,34.25015557,0.7027406886858749,77.73695811903012,95.99437807449053,0.0,0.0,-0.03571341584749243,0.1552593719372007,-0.3593132769375861,-0.5837765778264832,-1.1004194472924465,1.995803048839921,-0.40961956100714675,-1.5046882567932967,-0.30542089758128377,-1.0167534496048058,-0.3216081751187211,-0.4180153498325373,-0.11422846484165532,0.31390474333944934,-0.5950081184040051,0.8246562158933133,0.2948137707110297,-0.3416248000787317,0.7979547683277057,0.13265618310974367,0.8661131635004651,-2.841935834957331,0.25706474475956775,-0.979008669303749,-0.9707072407787621
06073009504,6428,0.8845481154384162,71.62219643540614,High,1.0,71.62219643540614,71.62219643540614,0.6934535066418479,59.3982951356474,0.75,-0.021119318897873635,49.52838963156424,1.0,-0.1565372933132162,47.7264749205679,1.0,0.686620255950668,60.88527118799648,1.0,0.3676353120371605,55.45192883972866,1.0,0.039429089215624526,50.63220964552524,1.0,4.5823552564347025,97.51056185090431,1.0,206,,2.9,3.3,77.2,97,71.5,0.0,6290,917,12.6,9.1,50.62240663900415,0.3395585738539898,8.2069720181335,78.60780984719864,9.553349875930522,10.007639419404123,7.778469197261979,29.95644057,0.0,51.480781348456205,96.09507640067912,94.0,146.2352209085252,0.6578507376602777,,0.85706622983796,0.5654435524273062,1.6163653225375438,-1.186854143873005,-1.0003537099089042,0.4863652556528707,-1.512831567548019,-1.7852855810978558,1.4861580774366312,1.1858098979563787,0.325811205650105,0.9644899170748382,0.5496297406295998,0.9065501604481291,0.9960268787605792,-0.5724181003320037,0.7303566515939515,0.3165758181261152,0.9973242970865002,-1.1598669144058946,0.28082988496626804,4.518234433628263,4.6464760792411415
06073019205,6387,-0.4100861380019974,40.036844463346924,Moderate,1.0,40.036844463346924,40.036844463346924,-0.5943605681627327,41.8669191263387,1.0,0.014337734731851723,50.334012282824965,1.0,-0.983200660360475,35.94976345598652,1.0,-0.40696100907230354,43.518060539605955,1.0,-0.20410835625625506,47.27550027319791,1.0,-0.5007663570919647,42.33856102596864,1.0,-0.19554374980210235,47.97601985577456,1.0,711,61467.0,5.8,8.5,18.8,421,97.0,7.578947368421053,5327,970,17.0,14.4,72.69906928645294,13.002944062806671,7.988587731811697,50.49067713444554,37.59398496240601,11.774891774891776,18.788163457022076,29.60796515,5.34838076545633,49.40570522979398,92.78704612365064,7.0,10.95976201659621,-0.7487753568032721,-1.2544157034286214,0.07317721436038599,-0.4474284267794235,-1.1818750753120404,0.2594024205575532,1.2479628269559921,-0.268139233274098,-0.873614154036218,-2.0007998825218327,-0.17096098740577556,-0.8874276174780741,-1.0508244943211622,-0.9521213205073269,0.5759285299480355,-0.20082675140876055,-0.6804967108474007,-0.8409491197650282,0.37350977651585887,0.3315026290715499,-0.0012902906038409535,-1.0011325077786906,-0.49987627289336256,-0.03214100885778211,-0.3589464907464226
06073017810,5126,0.1264357614312218,53.12643558862603,Moderate,1.0,53.12643558862603,53.12643558862603,0.13804089065202546,51.83730663448591,1.0,0.01773518618192435,50.41120605852105,1.0,-0.020656881459245796,49.6622379746494,1.0,0.5489505741608125,58.6989331077706,1.0,0.37178372894881156,55.511254786692874,1.0,0.3157342058997886,54.87433638914687,1.0,-0.48653737436556416,44.959163304926946,1.0,255,104137.0,7.7,2.6,60.9,210,76.4,0.0,5120,700,13.9,10.7,47.81746031746032,3.3300198807157058,9.03377847604085,74.20477137176938,11.685393258426966,8.253533971728226,18.72805306281701,24.53018046,0.7455268389662028,43.665436654366545,97.66401590457257,4.0,7.803355442840422,0.5213662255242105,-0.23058912233451867,-0.44040524405595577,0.7017917034743658,0.8353495950555536,-0.6824498482537054,-0.5683242577270216,0.4863652556528707,-0.7362122801037748,-0.9028968375317614,0.9965547173695563,0.5599268744289969,0.5007194018935504,0.5118817459593085,0.4500620967763871,0.7331390520140039,0.8685539804542606,-0.30588473140210093,0.3754580782421102,0.5490075885009764,0.8581244140649336,-0.5620266272731188,0.6511048309075511,-0.43794143476319647,-0.5351333139679318
06073020903,2895,-0.242697505978213,44.12064561764418,Moderate,1.0,44.12064561764418,44.12064561764418,0.0055611022208850724,50.03382193117389,1.0,-1.7021191342445166,11.334253645233467,1.0,0.02580689432005967,50.32416458555316,1.0,-0.10171943879083689,48.36561491830353,1.0,-0.6822353685509305,40.437870792446205,1.0,-0.8939415038176944,36.30212266800983,1.0,1.6497649070155425,67.1071314669227,1.0,550,67938.0,4.2,1.5,26.1,132,66.4,40.0,2623,406,16.1,15.4,96.05263157894736,2.9035012809564473,10.48080249048772,81.12724167378309,50.0,20.231607629427792,11.744386873920552,32.27131301,2.5619128949615715,65.16203703703704,90.69171648163965,16.0,55.26770293609672,-0.3003262454990513,-1.0991501349669401,0.5056677056583578,0.916053083691174,-0.8320950255808424,-1.0306227248758768,-1.450017017281883,-3.495741769239464,0.9212393102793687,0.29259758923520524,0.16799518494835255,-1.2786045071826877,-2.264895019014154,0.5764356002228109,0.27580514662852385,1.0057765169994715,-1.4222408546378307,-2.125932853085531,0.6018130884084447,0.2174191451111951,0.5189807195640544,-2.2064241872263244,-0.9943810437908135,1.185260268858461,2.114269545172624
06073020023,3942,0.29169315352184894,57.15824061873085,Moderate,1.0,57.15824061873085,57.15824061873085,0.5200390992818535,57.037555926207695,1.0,-0.2934511234105439,43.340716152959565,1.0,-0.17898725955347677,47.406650932545425,1.0,0.8263570298985068,63.10443684682629,1.0,0.4281721363217576,56.317657743880886,1.0,0.05337809715945937,50.84636948576147,1.0,0.6863440949553858,57.118931923215015,1.0,280,97031.0,2.6,0.6,29.4,309,89.4,13.294797687861273,3720,567,17.2,12.9,41.02564102564102,2.8458498023715415,7.339685809940767,84.58498023715416,4.683195592286501,4.094010614101592,48.19888381532217,21.49346609,1.185770750988142,37.6491646778043,92.72727272727272,12.0,30.441400304414003,0.4517312703527476,-0.40109091950477166,0.9381581969563297,1.0913578493231082,-0.6739752770722188,-0.24053812023325705,0.5778763296942981,-0.8371674260309979,0.1930757561542952,-0.36207793018480033,-0.24628458126224834,-0.3006622829211536,0.9242372611906622,0.585161187216546,0.6540721327641495,1.1419575384226694,1.2872088907363937,0.32614783831584643,-0.5797522674642539,0.6790840836990442,0.7759249574506173,-0.10180767254718134,-0.5139829934250578,0.6441930343179084,0.7284951555928633
06073014300,4282,-0.26266001316022003,43.6336178614166,Moderate,1.0,43.6336178614166,43.6336178614166,-0.49690802062243045,43.193568125926106,1.0,-0.1316420266727585,47.017194037256004,1.0,-0.3236334560196021,45.3460098201719,1.0,-0.3679955487267055,44.13687267499792,1.0,-0.19036223648115572,47.47208166559629,1.0,0.3811555031976826,55.878752949362244,1.0,-0.7092343067965707,42.65036805050847,1.0,416,91744.0,8.5,10.7,20.0,410,93.7,10.606060606060606,3556,528,18.2,14.1,46.43320363164721,19.074221867517956,8.419324577861163,37.50997605746209,18.88888888888889,5.362537764350453,18.449322746380197,77.43621655,4.309656823623304,34.92898474487112,98.48363926576216,2.0,4.670714619336758,0.07291711421998964,-0.5279475197917302,-0.6566504897049417,-0.8759511872130398,-1.1243769849452683,0.21030111744417004,0.9570042163028882,-0.569496455492824,0.3019352118302405,-0.20349193479734556,-0.6229025505446135,-0.7700745505666897,0.5870375742570918,-1.871012976861318,0.5240573181647389,-0.7120641104673346,0.4378636514063177,0.13339727398526408,0.384492302087321,-1.7172021734035257,0.19265343299886156,0.10627440390779853,0.8445386726863878,-0.7084750520334727,-0.7099935615596688
06073014500,4031,-0.0612022722617049,48.54860727782198,Moderate,1.0,48.54860727782198,48.54860727782198,-0.05437049831575237,49.21795615955082,1.0,0.03474730252179828,50.79773976243251,1.0,-0.024378131233005224,49.609224757153456,1.0,0.005504920919185544,50.06844954183161,1.0,-0.23456599957772806,46.839929651723025,1.0,-0.0017174449932847817,50.00048477821315,1.0,-0.15363605515314777,48.41049502107168,1.0,281,84390.0,5.5,6.8,28.7,243,93.0,0.0,3704,399,17.4,12.9,61.64978292329957,7.088255733148019,7.930513595166164,51.98054204308548,26.08695652173913,1.3031550068587106,24.31158521458695,81.48102054,1.5288394718554552,31.8233295583239,90.41000694927033,6.0,14.884644008930788,0.4489458721458891,-0.7043998440796616,0.15426918147875568,-0.11629720280799266,-0.7075158297861692,-0.5351459389135559,0.8952857231340476,0.4863652556528707,0.20369619085438742,0.32106174225346634,-0.3216081751187211,-0.3006622829211536,-0.36182352032292964,-0.05692957819565779,0.5829220710595071,-0.1421492888641775,0.007497857306041262,0.750213648145539,0.19448429702281436,-1.8904598007853068,0.7118694153599946,0.34384368090525486,-1.0608654312451038,-0.16740781749292022,-0.13986429281337534
06073014804,4527,0.06927314171690525,51.73183208688518,Moderate,1.0,51.73183208688518,51.73183208688518,-0.1508005262538419,47.90522700753614,1.0,0.13317034259315239,53.03401780503194,1.0,-0.05767737556556162,49.13484109855026,1.0,0.20097909960929927,53.172783299379134,1.0,0.46217140836982884,56.803876716877774,1.0,0.22550506882839136,53.48904378212649,1.0,-0.3284360255629315,46.5982682528398,1.0,373,99107.0,5.7,9.0,46.8,289,85.3,0.0,4266,630,15.1,12.1,75.0,3.956834532374101,2.938517179023508,65.6731757451182,25.97402597402597,4.5142296368989205,19.880715705765407,8.537647791,2.312435765673176,33.78119001919386,94.55292908530318,5.0,11.04484205875856,0.19268923711490576,-0.35127924895517343,0.10020787006650914,-0.5448199632416091,0.15974703324597922,-0.3298132168030446,0.21638229827680425,0.4863652556528707,-0.1693465779863521,-0.6182553073491504,0.5446131542307183,0.012279228842537642,-1.1943037608214044,0.4170129601754691,1.1840800766912247,0.3971271223919077,0.014249870113332418,0.2622962654340671,0.33809790706471793,1.234041590867198,0.5655614533464303,0.19407576843204247,-0.08312201529329868,-0.30267462612805834,-0.3541974249978046
06073010800,2389,0.33734249720816784,58.27195330151693,Moderate,1.0,58.27195330151693,58.27195330151693,0.7080746301693714,59.59733661162945,1.0,0.06900020873732483,51.57600288059537,1.0,1.0292753540127093,64.6196553314648,1.0,0.2495921532761493,53.94480927522279,1.0,-0.24264134445043115,46.72444524120241,1.0,0.6006643615082002,59.2488838013555,1.0,-0.05256788279614896,49.458312403032615,1.0,23,136731.0,3.9,3.5,65.7,78,82.8,0.0,2376,191,13.6,10.2,56.934306569343065,0.0,12.934282126412723,57.365145228215766,13.389121338912132,18.855218855218855,0.0,56.09209708,5.08298755186722,25.590551181102363,98.85892116182572,5.0,20.929259104227707,1.167578609515386,0.5514733005429405,0.5867596727767276,0.5264869378424318,1.065341956522643,-1.2716654856143033,-0.004040891611911076,0.4863652556528707,1.0851922709620423,1.1668537176532252,1.1095401081542662,0.7555153192813038,-0.06778029490918998,1.015882317553658,-0.01965358407513189,0.06992017453526109,0.7666896571819047,-1.9167928966289391,0.9824728648551377,-0.802935003209828,0.04826219007887869,0.8206244449694446,0.9331064494762775,-0.30267462612805834,0.19753886053576042
06073008902,3973,0.6644673556218814,66.25285892358707,High,1.0,66.25285892358707,66.25285892358707,0.35886008569003425,54.843380581046596,1.0,0.49723454227334174,61.30595062941028,1.0,0.4531817010149235,56.412579757080806,1.0,-0.9581367464005344,34.764815179042586,1.0,-0.05220387190930387,49.447865677620946,1.0,0.9149993499737056,64.07488513288256,1.0,3.437336428711003,85.63965726856438,1.0,619,106897.0,2.8,0.0,63.9,566,78.5,0.0,3311,355,16.3,10.2,54.2942494398805,5.1020408163265305,43.267276422764226,36.36363636363637,9.740259740259742,12.428919577579205,0.0,66.19788426,4.313543599257885,14.65478841870824,98.7012987012987,32.0,80.54366977095394,-0.49251872177228884,-0.16436551408938807,0.8840968855440833,1.2082276930777307,0.9790948209724842,0.9066468706885129,-0.38316877822050116,0.4863652556528707,0.4645606181754028,0.4999792755111076,0.09267159109187978,0.7555153192813038,0.09684589666790622,0.24368527974690252,-3.415866129709348,-0.7572120323075985,0.9848517111614151,-0.9403275430263365,0.9824728648551377,-1.235812520627432,0.19192771973759923,1.6571633061190814,0.8959070240644363,3.349529207020671,3.525143650401335
06073007100,4163,0.15833083977712545,53.904583759087785,Moderate,1.0,53.904583759087785,53.904583759087785,0.16986917741815177,52.270594073989734,1.0,-0.4920352951250959,38.82866874524799,1.0,0.5137507283069875,57.275450892470325,1.0,0.03011936048430458,50.4593525049603,1.0,-0.2416998169072188,46.737909898753365,1.0,0.4870701670923894,57.504866260767244,1.0,0.6412415571703596,56.65133443965938,1.0,414,144087.0,8.2,3.9,72.4,88,53.2,0.0,3907,435,12.6,11.3,79.67479674796748,0.0,13.692049003122747,73.39667458432304,33.064516129032256,8.716392020815263,26.663463848186407,44.33105165,5.273159144893111,22.695652173913043,96.62707838479812,12.0,28.82536632236368,0.07848791063370666,0.7279736129527887,-0.5755585225865717,0.4485737086726835,1.386372961070455,-1.2270279373294093,-2.6138514598943,0.4863652556528707,0.06894942559696728,0.1746746695881235,1.4861580774366312,0.3252207406062282,-1.4858103257462123,1.015882317553658,-0.11090718010410702,0.7013126302338797,-0.40968396626702397,-0.37621523252616146,0.11825506475154626,-0.29915513358723617,0.01275459716654738,1.042071779849924,0.4063841242606969,0.6441930343179084,0.6382900800228107
06073006802,5531,-0.20443902272785994,45.05404256444075,Moderate,1.0,45.05404256444075,45.05404256444075,0.0974352422066199,51.2845304962796,1.0,0.6050631911933938,63.75593428941771,1.0,-0.09173207715469427,48.649695136343,1.0,-0.601640100845718,40.42635359124742,1.0,-0.8946385151631704,37.40032223372728,1.0,0.07501698724957288,51.17859248421751,1.0,-0.6205778865810238,43.5695074388824,1.0,766,111858.0,3.0,3.6,53.8,1221,61.7,0.0,4507,331,19.2,11.2,43.69908960229995,4.351174432036966,29.52449828240825,17.404697728147863,23.209876543209877,8.459640465280225,78.64762249141204,80.63472309,8.086253369272237,11.74540682414698,90.06546014632268,3.0,5.4239739649249685,-0.9019722581804904,-0.045330977674861606,0.8300355741318368,0.5070086305499948,0.49515256038548416,3.303147563007888,-1.8644126142726678,0.4863652556528707,-0.3293168756564913,0.5975706572880028,-0.9995205198269786,0.3643384295766901,0.757528877254227,0.3573293721033684,-2.017519853587366,-1.5038987991531012,0.17951580334463046,-0.3372022660221141,-1.5666586238328535,-1.8542089741423444,-0.5124879112121089,1.8797184967028946,-1.1421796237420672,-0.5732082433983345,-0.667947529763713
06073003207,6052,-0.10227423994272244,47.546569403462826,Moderate,1.0,47.546569403462826,47.546569403462826,0.026594577403599384,50.32015655775155,1.0,-0.12346736366182748,47.202931232365415,1.0,-0.13370419888521892,48.05175698294178,1.0,-0.19634139003936854,46.862919680322776,1.0,0.35010713954291994,55.20126082493669,1.0,-0.3467468767572657,44.70323007157802,1.0,-0.2923615672018959,46.972267738869895,1.0,507,106678.0,4.6,5.9,32.7,400,75.7,0.0,5509,483,15.2,12.2,71.09207708779444,11.842105263157894,4.93063680427879,55.52631578947368,29.10284463894967,2.1459227467811157,16.853932584269664,25.32669571,1.6228070175438596,32.62919652961146,86.35964912280701,6.0,9.91407799074686,-0.1805541226041352,-0.16962021343927342,0.39754508283386497,0.059007562823941206,-0.5158555285635948,0.16566356915927627,-0.630042750895862,0.4863652556528707,-0.9944215987497671,-0.020508093965666996,0.506951357302482,-0.02683846012792359,-0.9506171909992417,-0.7764276491451795,0.9441803329683223,-0.002501052981375289,-0.1728192987258693,0.6221565092519926,0.43620218434629304,0.5148891632992633,0.6943244113655206,0.28219832035324716,-2.0167633619905647,-0.16740781749292022,-0.4173153169108716
06073018803,4724,-0.09608275748006358,47.697623766725826,Moderate,1.0,47.697623766725826,47.697623766725826,-0.0815763838579739,48.84759477087034,1.0,-0.1606238876094594,46.35869477530039,1.0,0.09822241073535205,51.35580173844614,1.0,-0.01713333954247559,49.70893036321571,1.0,0.10287573387577535,51.665638062599456,1.0,-0.14633956051417243,47.78009396050863,1.0,-0.4680042754474912,45.15130394361747,1.0,806,104866.0,4.4,3.9,46.4,232,94.5,17.20430107526882,4241,366,15.3,13.1,62.8,7.131452900478978,13.346186803770353,68.22778073443321,39.351851851851855,6.656731246895181,18.628281117696865,16.76415681,3.6721660457690266,56.43212508884151,98.24374667376264,4.0,8.46740050804403,-1.013388186454831,-0.21309745189585919,0.45160639424611126,0.4485737086726835,0.14058100312372185,-0.5842472420269391,1.027539637067277,-1.2263689486018972,-0.152752148767458,0.4552498921966973,0.46928956037424496,-0.37889766086207605,-0.4335476715585052,-0.06346749622796122,-0.06925694387522281,0.49773875349178687,-0.7855979433429586,-0.06325324631658315,0.37869189255126096,0.8816622326113822,0.3116815310720226,-1.5386234349831127,0.7879232223685727,-0.43794143476319647,-0.4980671161317859
06073013701,2541,0.150369850283519,53.710358513978434,Moderate,1.0,53.710358513978434,53.710358513978434,0.24624248624157236,53.310285455109025,1.0,-0.48224846556299705,39.05103611004913,1.0,0.6620035103532794,59.387471707202806,1.0,0.2845490725808387,54.499961599609556,1.0,0.468729980309169,56.897669963632104,1.0,-0.03917811053427064,49.425349243148375,1.0,-0.08750952140295866,49.0960573485226,1.0,259,123750.0,4.7,6.9,44.0,126,79.8,11.2,2493,230,14.9,12.1,67.2316384180791,6.096131301289566,5.2465483234714005,77.13950762016412,19.12350597609562,3.941441441441442,15.741833923652106,22.6509023,5.74443141852286,38.12233285917496,95.31066822977726,5.0,19.677292404565133,0.5102246326967764,0.2400063952422012,0.3705144271277416,-0.13577551010042987,0.025584822390177366,-1.057405253846813,-0.26854871947836945,-0.6286247113169829,1.007530342217618,1.0082677222657703,0.6199367480871911,0.012279228842537642,-0.7098915987687575,0.09322906909803642,0.9061368884218091,0.848721931572267,0.4238361131564116,0.34933046718108174,0.47224759327925236,0.6295057476199303,-0.07523827167709556,-0.1380030052529359,0.09570694532721956,-0.30267462612805834,0.12765558332214103
06073020904,2750,0.026329164658930017,50.68412256826891,Moderate,1.0,50.68412256826891,50.68412256826891,0.14916023897273278,51.98867745749728,1.0,0.2661375379729757,56.05517646054953,1.0,0.5546434881245877,57.85801237101081,1.0,0.5261289150980833,58.336501368159695,1.0,-0.9849823521867396,36.108327287715184,1.0,-1.0431470129727998,34.0113627708413,1.0,0.7163633376036695,57.43015437343474,1.0,165,85355.0,2.4,8.7,40.6,212,98.6,0.0,2573,340,14.4,12.4,54.06976744186046,8.412698412698413,3.515195898938118,84.44444444444444,51.546391752577314,33.12101910828025,11.272727272727272,13.01804605,0.0793650793650793,78.10499359795135,89.52380952380953,10.0,36.36363636363637,0.7720520641414768,-0.6812455752548242,0.9922195083685763,-0.4863850413642976,-0.1373264336490107,-0.6735223385967266,1.3890336684847695,0.4863652556528707,0.9544281687171569,0.5609738891216671,0.8082457327283737,-0.10507383806884674,0.11084393330099201,-0.2573847981188144,1.1146339072122013,1.1364226179979544,-1.5146981846510703,-4.084457222036165,0.6171005478796462,1.0421254500606312,0.9825057698569027,-2.841935834957331,-1.2700109738179706,0.3736594170476322,1.059067258159707
06073016806,4131,-0.01067846892019844,49.78124275557781,Moderate,1.0,49.78124275557781,49.78124275557781,0.3558730883236837,54.802717743923736,1.0,-0.056048077896597104,48.73477040635575,1.0,-0.7980135433286483,38.587953717194516,1.0,0.2639612251345508,54.173005117423386,1.0,0.6555332944744624,59.569118794578976,1.0,0.07321983415681786,51.15100069985735,1.0,-0.5692751033056584,44.101385544573496,1.0,464,99191.0,2.1,2.3,19.9,264,92.6,0.0,3926,718,19.6,15.0,47.368421052631575,7.987711213517665,9.383443871284696,63.51766513056836,9.523809523809524,7.790368271954675,12.829823287339629,7.156191661,3.993855606758832,36.57850309510411,94.85407066052228,3.0,7.262164124909223,-0.06078199970921906,-0.3492637478346694,1.073311475486946,0.7602266253516772,-1.1291684924758327,-0.441407087515279,0.8600180127518527,0.4863652556528707,0.05633765939060776,-0.9760903738644329,-1.1501677075399255,-1.1221337513008423,0.5287201686998295,-0.1930627222814344,0.40795386309186793,0.31223359102794,0.9977930690420564,-0.23550748327429624,0.5666318578414654,1.2932157342886241,0.2516177655325636,-0.019906662025204434,-0.012051601036905567,-0.5732082433983345,-0.5653419632129822
06073019602,6064,-0.3927085498088426,40.46080763135957,Moderate,1.0,40.46080763135957,40.46080763135957,-0.4827266446796269,43.38662319408133,1.0,-0.247603633348306,44.38242077070098,1.0,-0.525857316050449,42.46511277577556,1.0,-0.2725767487757054,45.6522227011625,1.0,0.365386891841226,55.41977448780645,1.0,-1.1790151396606994,31.925372396340418,1.0,-0.40656725798833804,45.78824803084356,1.0,718,101648.0,9.3,6.2,29.3,328,91.8,14.382022471910114,5572,359,18.1,14.6,57.77351247600768,17.80011827321112,10.276150627615063,65.93731519810763,16.906474820143885,5.213004484304933,42.21635883905013,10.85252022,10.703725606150206,48.697501329080275,88.17267888823181,5.0,8.24538258575198,-0.7682731442512818,-0.2903103400599281,-0.8728957353539278,0.0005726409466299162,-0.6787667846027831,-0.15572677849195887,0.7894825919874641,-0.9454035622859462,-1.0362395603813803,0.4837140452149584,-0.5852407536163777,-0.9656629954189966,-0.12011070504365715,-1.678176608670313,0.300450217553556,0.4075301010575925,0.5563903516886787,0.15611860408002992,-0.3858463067272629,1.1348849183234584,-1.0012051647597424,-0.946957952474505,-1.5888823017478508,-0.30267462612805834,-0.5104598898486178
06073019203,2751,0.12424688362217731,53.07303326604823,Moderate,1.0,53.07303326604823,53.07303326604823,0.3677155694859145,54.96393277814343,1.0,-0.19471589628156571,45.58408742354344,1.0,0.5298505805107685,57.50481065556661,1.0,0.7423551678048534,61.770399697052255,1.0,0.7426177390430917,60.81450161166684,1.0,-0.34323702016656576,44.75711708130251,1.0,-0.9748579550412555,39.89653299838602,1.0,127,142891.0,8.7,3.1,40.2,153,87.0,5.405405405405405,2605,258,15.7,12.2,38.36477987421384,1.6091954022988506,11.863173216885007,80.91954022988506,9.274193548387096,2.684563758389262,6.906579425663396,21.96639701,1.4942528735632183,74.53531598513011,99.54022988505749,0.0,0.0,0.8778971960021004,0.6992767160465654,-0.7107118011171879,0.6044001670121802,-0.15649246377126805,-0.9368838734775998,0.3662700674011309,-0.05175731527852584,0.9331872993169724,0.8944111101927259,0.3186423726612994,-0.02683846012792359,1.0901607303407703,0.7723295966638031,0.10933402773160798,0.9975963164832327,1.0127173769205375,0.5403109145883721,0.7586163955129697,0.6588262691504871,0.7183271982120101,-2.841935834957331,1.093897576245624,-0.979008669303749,-0.9707072407787621
06073021204,6158,0.055945448603449396,51.406674709930705,Moderate,1.0,51.406674709930705,51.406674709930705,0.20349302102998762,52.72832493496571,1.0,0.24103935407734917,55.4849185462012,1.0,-0.43864631109945385,43.70752762417096,1.0,0.8458070931887383,63.41332413036885,1.0,0.8869305549749035,62.87829959691328,1.0,-0.3721476169061233,44.31325119465255,1.0,-0.9748579550412555,39.89653299838602,1.0,588,140104.0,5.7,3.7,35.0,473,90.9,3.1963470319634704,5984,621,15.8,12.5,31.147540983606557,3.0665280665280665,14.719894857893872,94.33471933471932,13.539651837524175,1.02880658436214,9.418642416368952,6.509023024,0.7796257796257797,62.85362853628536,95.16632016632016,0.0,0.0,-0.40617137735967485,0.6324052681555585,0.10020787006650914,0.48753032325755763,-0.40565085536061474,0.4915176716390008,0.7101302436275273,0.16816035640348326,-1.3097157539087552,-0.5816585391828146,0.28098057573306234,-0.14419152703930796,1.5402065035944177,0.5517613952461049,-0.23468486595198473,1.5259453398664156,0.7576895781501619,0.7919004289519608,0.6771952581877504,1.3209369546097407,0.8517576834485626,-2.0298408559814733,0.061640321814540676,-0.979008669303749,-0.9707072407787621
06073019107,2461,-0.0538564276491729,48.72782475720065,Moderate,1.0,48.72782475720065,48.72782475720065,-0.07753163487263769,48.902657078941445,1.0,-0.8081789502756873,31.645542580806755,1.0,0.35066430301120854,54.95210882717642,1.0,0.5785483391034061,59.168976473472156,1.0,0.7901026722749128,61.49357719411337,1.0,-0.4167819146883171,43.62797851285473,1.0,-0.7938178080970959,41.7734543711283,1.0,194,108533.0,10.9,4.0,27.4,163,71.7,10.79136690647482,2296,303,16.0,13.8,60.97560975609756,3.0037546933667083,4.68050468050468,83.4793491864831,15.517241379310343,3.5024154589371985,10.564811052417715,3.148724331,4.505632040050062,63.8580931263858,97.87234042553192,1.0,4.063388866314506,0.6912755161425799,-0.1251112303614773,-1.3053862266518996,0.4290954013802463,-0.7698054276835059,-0.8922463251927061,-0.9827198547178065,-0.5879441935087304,1.1382944444625036,0.7114272693610473,0.2056569818765896,-0.652721483655306,-0.31978406604698034,0.5612621841565394,0.9743023354974548,1.0984129028066107,0.6394513318643044,0.4160397259201477,0.6400455711540767,1.4648740601611225,0.15606222557893984,-2.1066780810132095,0.7002701113693185,-0.8437418606686108,-0.7438937555255809
06073008347,6604,0.5962730064529523,64.58911295418903,High,1.0,64.58911295418903,64.58911295418903,0.4962189066159339,56.713284929011316,1.0,0.6632905117246323,65.07892206025883,1.0,-0.07501472617764801,48.88785183561955,1.0,0.5662861509421127,58.974240141003165,1.0,0.5599696992454557,58.2024767952314,1.0,0.6302284957078053,59.702783482422646,1.0,1.332932007112375,63.82238799176638,1.0,234,149052.0,3.0,7.6,51.1,685,93.7,5.964912280701754,6251,711,13.3,9.8,37.93706293706294,4.892661008487269,10.086455331412104,69.54568147778333,27.181208053691275,4.845605700712589,6.662628709872804,6.546359676,0.7488766849725411,38.53039910481163,100.0,21.0,31.798909751665654,0.5798595878682393,0.8471041256111487,0.8300355741318368,-0.2721236611474895,0.36578185706024674,1.4378336952787487,0.9570042163028882,-0.1074577217433546,-1.4869442579665442,-0.9476262208461718,1.2225254989389753,0.9119860751631487,1.116831899555395,0.2753750433553475,0.3232941534134311,0.5496435074442769,-0.057926427865276936,0.21194423056181305,0.766523340842152,1.3193376534431347,0.857498952783259,-0.16921831961330092,1.2024048539534578,1.8615943120341516,0.8042697021905983
06073015802,4479,-0.571814754156515,36.091131416113996,Low,1.0,36.091131416113996,36.091131416113996,-1.3635723799125739,31.395421907585003,1.0,-0.14371566612379266,46.742867875627226,1.0,-1.317328195096836,31.189756268275897,1.0,-1.463308953241571,26.74215384556016,1.0,-0.20928966215916628,47.201403121019645,1.0,-0.3498615819642657,44.65540984147995,1.0,0.8443731594026019,58.757287468004385,1.0,849,60368.0,16.6,7.2,15.3,302,97.3,7.174887892376682,3713,959,20.5,17.3,71.70474516695958,22.317314022383147,22.498321020819343,21.790651744568795,28.22384428223844,5.769230769230769,44.65282429113641,44.90354698,14.285714285714285,19.75662133142448,92.16589861751152,14.0,31.256977003795487,-1.133160309349747,-1.2807851764218818,-2.8461336019009247,-0.19421043197774115,-1.349577838881793,-0.27178440403268267,1.2744136097426377,-0.22791403132333282,0.19772219633558555,-1.9560704992074227,-1.4891238798940536,-2.0218405976214537,-0.9888213690256261,-2.361856983304279,-1.1713969084400022,-1.3311605521963772,-0.12026468187230942,0.07160095674869367,-0.4648171720664123,-0.3236777514466371,-1.6700106042410425,1.266895010499524,-0.6464691521512788,0.9147266515881847,0.7740196672170192
06073005000,1919,-0.6411729750077192,34.39899032536235,Low,1.0,34.39899032536235,34.39899032536235,-0.7819669303868843,39.3129808349054,1.0,-0.21368109984078362,45.15317746321138,1.0,-0.09894620068020676,48.5469221641557,1.0,-0.8575671206262432,36.36196568949435,1.0,-1.9075310003364658,22.915084338018644,1.0,-0.7190135574581271,38.98780047363282,1.0,0.09049508427467598,50.94150795427119,1.0,366,60750.0,12.5,7.9,13.8,206,91.7,0.0,1708,174,20.4,16.5,50.83333333333333,21.41863699582754,12.373871481678172,15.855354659248958,33.46456692913386,15.411764705882351,136.529442417926,95.6067206,21.140472878998608,38.23953823953824,98.88734353268428,5.0,26.055237102657635,0.21218702456291536,-1.2716194451357803,-1.7378767179498713,-0.33055858302480096,-1.4214504518402584,-0.7003048675676629,0.780665664391916,0.4863652556528707,1.5285954196908929,1.2359809464118592,-1.4514620829658165,-1.7088990858577626,0.3126584378551035,-2.225841658685439,0.047833512757307094,-1.5649187744319444,-0.4336026329214526,-1.3935658372783486,-3.442727666013453,-2.360227865132609,-2.9498861827639944,-0.14696871322777164,0.9398142236173846,-0.30267462612805834,0.4836647946774103
06073014803,4692,-0.1965968961200053,45.24536789702816,Moderate,1.0,45.24536789702816,45.24536789702816,-0.22141390850582082,46.94394713044182,1.0,-0.02048827048599336,49.542727734779525,1.0,-0.2426409504608794,46.49983543623316,1.0,-0.3896281366189657,43.793324625290964,1.0,-0.4841592239258766,43.27053084112631,1.0,-0.31415335436150466,45.20364010626419,1.0,0.2963055715190034,53.075234140223344,1.0,534,83775.0,7.4,3.9,39.6,515,70.8,0.0,4178,640,16.8,12.4,58.43971631205673,8.574091332712023,14.395886889460154,32.24603914259087,28.08988764044944,9.983221476510067,39.64194373401535,59.60174238,13.000931966449208,28.841372451516655,94.5479962721342,10.0,21.312872975277067,-0.25575987418931506,-0.7191561915690656,-0.3593132769375861,0.4485737086726835,-0.18524150895465427,0.6789953744355547,-1.0620722030777445,0.4863652556528707,-0.11093418713584484,-0.6589183830895233,-0.0956373935493028,-0.10507383806884674,-0.16165321528665852,-0.2818117165312828,-0.19566641163528362,-0.9193812030226379,-0.11225553838282257,-0.5687078350281055,-0.30240420890778,-0.9532693133847985,-1.4301244737861425,0.5719505863242127,-0.0842861756225842,0.3736594170476322,0.21895172599037457
06073003003,4845,-0.1710138483447604,45.86952067712939,Moderate,1.0,45.86952067712939,45.86952067712939,-0.6606840806114262,40.96403845610488,1.0,-0.27432589966351706,43.775261945228024,1.0,-0.569588029826308,41.84212158152678,1.0,0.2696612115581803,54.263526844594764,1.0,-0.13295569239734406,48.29304485763955,1.0,0.3942258450015841,56.079422582918056,1.0,-0.22343029247449195,47.68690802706045,1.0,774,86319.0,5.6,12.3,21.0,343,78.1,0.0,4531,666,17.5,14.2,63.85135135135135,4.247104247104247,10.557184750733136,79.40797940797941,37.77777777777778,0.0,21.052631578947366,62.76291226,3.603603603603604,28.31050228310502,95.94594594594594,6.0,12.38390092879257,-0.9242554438353586,-0.6581153004909452,0.12723852577263253,-1.1876041038920337,-1.0764619096396246,-0.08877045606461821,-0.4184364886026961,0.4863652556528707,-0.34524752770662964,-0.7646423800144933,-0.35926997204695815,-0.8091922395371509,-0.49910684717287546,0.3730804590550616,0.26660686133202566,0.9380643730185094,-0.6914855129776295,0.948225856976042,0.3001136990265459,-1.0886768126143347,0.3244830607155884,0.6125598730973798,0.24563460119178407,-0.16740781749292022,-0.2794527674560637
06073013702,5743,-0.18592725131228896,45.505676540780634,Moderate,1.0,45.505676540780634,45.505676540780634,-0.5541431814339908,42.41440974835287,1.0,0.3762907335650325,58.55797633795721,1.0,-0.6496201642702848,40.70197748803943,1.0,-0.49607786135711257,42.10279201274502,1.0,0.07997894413953856,51.33819418160288,1.0,0.8007080731835216,62.32016525055586,1.0,-0.8586273030127272,41.10154635394524,1.0,440,91217.0,12.8,5.5,22.3,591,94.7,0.3058103975535168,4940,813,17.6,12.7,65.15986769570011,12.685240071132188,13.860351732543966,46.23592175459395,46.31083202511774,2.089378990133488,16.541877067734635,26.9695084,0.0,24.16267942583732,96.9176052163604,1.0,1.7412502176562772,0.006067557255385289,-0.5405923899167968,-1.8189686850682414,0.1369207919936897,-1.014172311742288,1.0182407414007473,1.0451734922583744,0.45592101234329635,-0.6167323897277373,-1.3623895933979766,-0.39693176897519516,-0.22242690498023043,-0.5807020747846257,-0.904036624578325,-0.1311749296629928,-0.36839781640250685,-1.2016689197710795,0.6307482378571416,0.44631654658915804,0.44451991188293405,0.9973242970865002,0.9298504987866225,0.474949423677442,-0.8437418606686108,-0.8735127453568434
06073017106,4174,0.2773121623066373,56.807385797739926,Moderate,1.0,56.807385797739926,56.807385797739926,1.0178732218201634,63.814712165789686,1.0,-0.5308588950586297,37.9465545166783,1.0,0.82512611235683,61.71132914872621,1.0,0.5626502250169063,58.91649784652112,1.0,-0.32432128905063307,45.55635144431754,1.0,0.02059091010027018,50.34298610748368,1.0,0.37012485096155406,53.84055048383465,1.0,175,213659.0,7.1,0.0,74.6,77,50.8,0.0,4089,213,12.2,10.5,57.534246575342465,0.0,14.542405366554863,95.02724795640329,4.28849902534113,27.968596663395484,14.374700527072353,33.21717486,0.4768392370572207,53.01530153015301,96.73024523160764,10.0,23.957834211787254,0.7441980820728916,2.397288421949248,-0.2782213098192161,1.2082276930777307,1.4917861267428703,-1.2761292404427926,-2.8254577221874673,0.4863652556528707,-0.05185801911658182,1.0773949510244045,1.6368052651495775,0.6381622523699194,-0.10519078775808047,1.015882317553658,-0.21331080640961167,1.5532201766816593,1.3108074327515982,-3.30155530801228,0.5165592034724145,0.1769035155857352,0.9082920013337415,-1.277251114584607,0.43073184355167604,0.3736594170476322,0.3665902848754759
06073016902,2425,-0.022681150327906453,49.48841185305573,Moderate,1.0,49.48841185305573,49.48841185305573,0.1504199035421796,52.005825626355374,1.0,-0.34690851395447897,42.126106356296134,1.0,-0.3788551028649343,44.5593178879778,1.0,0.5157289778482769,58.17133952173428,1.0,-0.08709695887111331,48.94886437890859,1.0,-0.13354066870447998,47.97659600826723,1.0,0.12148431070920487,51.26278664522175,1.0,212,128313.0,7.8,5.8,21.3,109,91.4,4.3478260869565215,2189,503,19.7,15.8,68.0,3.851261620185923,4.0799333888426315,89.64143426294821,40.70796460176992,4.320203303684879,28.04123711340206,33.77722464,0.2656042496679947,44.67054263565892,91.89907038512617,6.0,24.74226804123711,0.6411383484191266,0.34949129539529217,-0.4674358997620789,0.07848587011637842,-1.0620873870479315,-1.1332890859311324,0.7542148816052704,0.05352753555587785,1.2093186015193704,-0.10183424544641304,-1.1878295044681613,-1.4350752630645334,-0.7578043653426918,0.4329914858280805,1.046625752791532,1.3411030381161868,-0.8666786680980968,0.29177824003324154,0.0735985944937555,0.15291399808664657,0.9477324131308753,-0.638912915975027,-0.7094415032692882,-0.16740781749292022,0.41037643891132997
06073017010,3113,0.3529339073577045,58.652338862925625,Moderate,1.0,58.652338862925625,58.652338862925625,0.9773234426108901,63.26269659124326,1.0,-0.0009437409809629482,49.98680060789287,1.0,0.7493423820166423,60.63170815485796,1.0,1.0054230041678853,65.94819121109866,1.0,0.6854144201731764,59.99644471581275,1.0,-0.7576029763294212,38.39533513032231,1.0,-0.1884191801542784,48.049883345554626,1.0,121,214398.0,5.8,3.5,56.1,148,81.3,0.0,3020,202,14.8,10.7,37.27272727272727,0.0,8.232997071265864,88.62461220268872,17.293233082706767,5.103042198233562,4.49726951493736,9.359054138,0.9307135470527405,71.4572864321608,93.17476732161325,5.0,16.061676839062,0.8946095852432514,2.415020032997491,0.07317721436038599,0.5264869378424318,0.6053572335884646,-0.9592026476200468,-0.13629480554514026,0.4863652556528707,0.6577197742833302,1.1221243343388148,0.6575985450154275,0.5599268744289969,1.158257916109319,1.015882317553658,0.546495690094844,1.30105609291372,0.5332664335369387,0.17282718827641821,0.8367070938059846,1.1988569650733643,0.8235475661830511,-2.687983715726635,-0.40837277944468,-0.30267462612805834,-0.07416373418049842
06073016811,5026,0.07353537515473305,51.8358183231238,Moderate,1.0,51.8358183231238,51.8358183231238,0.13769933523256628,51.83265694428318,1.0,-0.2463897102924459,44.410002416962435,1.0,-0.504184405455245,42.77386676784981,1.0,1.1824868256465146,68.76014930162408,1.0,0.6958499462456644,60.145681757196265,1.0,0.10098014292995439,51.57720615587982,1.0,-0.8516945082238776,41.17342163095792,1.0,469,125792.0,4.9,6.1,34.6,218,89.3,9.737827715355806,4710,752,16.6,13.2,31.071428571428573,0.8328375966686495,2.360774818401937,82.034503271862,14.912280701754383,3.942857142857143,9.948269001193792,11.69881767,4.104699583581202,38.798701298701296,96.01427721594288,1.0,1.9896538002387585,-0.07470899074351163,0.2890022677192145,0.31645311571549506,0.02005094823906713,-0.4248168854828721,-0.6467398096257904,0.5690594020987487,-0.48306154815987,-0.46406364091391145,-1.1143448313817013,-0.020313799692830033,-0.4180153498325373,1.54495264958072,0.8898318314298188,1.253654334428492,1.0415084871470275,0.675621370223991,0.34911535373495134,0.6600289693432185,1.0986340916804964,0.23092170497394618,-0.18974228457093817,0.2617610083868551,-0.8437418606686108,-0.8596471557791443
06073020708,3817,0.23006851185669308,55.65477661569413,Moderate,1.0,55.65477661569413,55.65477661569413,0.9847365113546019,63.363612785647014,1.0,0.008985373847143721,50.21240084800378,1.0,0.43713483589869284,56.18397485220893,1.0,0.7966119671463717,62.63205423833759,1.0,-0.28421916032077643,46.12984654204938,1.0,-0.20242448328724635,46.91901924113755,1.0,-0.1303454616419358,48.65195866039656,1.0,175,163222.0,1.6,2.1,45.2,266,81.7,0.0,3368,406,15.3,10.7,18.012422360248447,1.9756838905775076,18.103679828095625,74.69604863221885,7.588075880758807,0.0,117.89363374377784,45.74984443,4.25531914893617,47.85714285714286,95.2127659574468,6.0,15.719151165837044,0.7441980820728916,1.1870999693914026,1.2084647540175624,0.7991832399365513,0.08308291275694979,-0.43247957785830027,-0.10102709516294532,0.4863652556528707,0.42672531955632426,0.29259758923520524,0.46928956037424496,0.5599268744289969,2.3592738376854165,0.7168613369561484,-0.6421750271217912,0.7524877210657129,1.1135287899258386,0.948225856976042,-2.838702710095387,-0.35992857808959927,0.2027990073293598,-0.8826741403302417,0.07260168313914281,-0.16740781749292022,-0.0932831057909514
06073008313,2195,0.7543811638816177,68.44649722219148,High,1.0,68.44649722219148,68.44649722219148,1.1716639636837387,65.90830888530837,1.0,-0.6551826932688977,35.12178320389803,1.0,1.3592525884796427,69.3205370145108,1.0,0.9508278399901011,65.08116308343672,1.0,0.19161762717417113,52.934723828916425,1.0,0.899947326052119,63.84379063130522,1.0,1.3625414950604497,64.12936233808547,1.0,160,221536.0,3.3,3.3,77.2,107,40.3,0.0,2153,108,11.8,9.8,37.93103448275862,0.0,8.898109727985247,86.15574783683559,10.07462686567164,10.409745293466225,17.312072892938495,37.02551338,2.966625463535229,14.912280701754383,97.52781211372064,12.0,54.66970387243736,0.7859790551757694,2.5862896401184123,0.7489436070134671,0.5654435524273062,1.6163653225375438,-1.1422165955881112,-3.581244755677894,0.4863652556528707,1.233214579594578,1.5043572462983212,1.787452452862523,0.9119860751631487,1.117207816221039,1.015882317553658,0.4663999198052502,1.2038213063804573,0.9648602105547534,-0.633517410765294,0.4213529130006465,0.013774795906578761,0.4434154424226841,1.6374662528915767,0.6189602828420964,0.6441930343179084,2.080889955802991
06073018700,40415,-0.36685839893458433,41.09147695879666,Moderate,1.0,41.09147695879666,41.09147695879666,-1.2399380804584532,33.07849047608668,1.0,0.7528703174033873,67.11427224203021,1.0,-1.4059490893756856,29.927256025422487,1.0,-1.5523675619878312,25.32781028681567,1.0,-0.04181727641265853,49.59640296948333,1.0,1.1486597784575636,67.66228577349571,1.0,-0.22946688016841302,47.624324115964484,1.0,1787,67156.0,10.9,1.5,29.0,4624,85.2,2.937697160883281,16255,824,23.8,8.1,82.63251406573883,3.6378668871434474,36.72809079649149,1.047264709935235,2.7326440177252587,7.412605256442969,0.4701224792774959,92.80647169,2.039410224610721,13.13554346549767,99.37990905332782,10.0,2.4743288383026103,-3.4525056882366933,-1.117913490636394,-1.3053862266518996,0.916053083691174,-0.6931413071944761,3.303147563007888,0.20756537068125613,0.19390964311888123,-3.0873110118366918,-1.4071189767123868,-2.7063531566146564,1.5769867876609924,-1.6702448716325144,0.4652889108529173,-2.885007918111269,-2.1195063690604576,1.4038305620150218,-0.1781070292053242,0.9672352266722772,-2.360227865132609,0.6165389921705109,1.7733790169551373,1.0560613262470426,0.3736594170476322,-0.8325931773844583
06073019701,7452,-0.14216534622138371,46.573341150759,Moderate,1.0,46.573341150759,46.573341150759,-0.03813134484765737,49.43902433320411,1.0,0.286204861259026,56.51112777444722,1.0,-0.4281006035128871,43.85776260540697,1.0,-0.4255796784394751,43.22237665836681,1.0,0.25750067598205173,53.87690836404352,1.0,-0.09253590314624875,48.606144294154895,1.0,-0.5545154308444955,44.25440544189813,1.0,569,89417.0,4.9,3.8,30.0,644,83.4,0.0,6111,529,17.6,11.4,75.48953409858203,5.236907730673317,15.859090295586448,47.23904524403277,17.023809523809526,3.7709976002742542,27.106816961889425,37.31176105,2.6718916993231208,46.24492557510148,94.83434271464196,4.0,5.367686527106817,-0.3532488114293631,-0.583781699641882,0.31645311571549506,0.4680520159651206,-0.6452262318888325,1.2548197473106844,0.04886067396138135,0.4863652556528707,-1.3940154543407373,-0.20755824237138287,-0.39693176897519516,0.28610305163576694,-1.2248296662638716,0.22327308872258425,-0.3718717547753541,-0.3288903814412589,0.5493750184778419,0.37522912182572404,0.10388507686193599,0.0015134867627051908,0.498446198334466,-0.7593464458339325,-0.01670746193927975,-0.43794143476319647,-0.6710894269257944
06073020405,3469,0.4536476975008016,61.10946565503413,High,1.0,61.10946565503413,61.10946565503413,0.728552979011889,59.87611414685902,1.0,0.04215607282310365,50.96607504587286,1.0,0.86044971644011,62.21455199584932,1.0,1.3814977618827922,71.92065045640223,1.0,0.2594888980714858,53.90534165817546,1.0,0.4339850027031706,56.689846986974835,1.0,-0.5305965484269403,44.50238282359715,1.0,177,164185.0,5.6,1.9,64.4,115,87.7,6.451612903225806,3350,223,12.5,11.0,19.444444444444446,0.4780876494023904,6.556425877574703,96.33466135458168,19.471947194719473,0.0,10.089362928797923,59.96266335,0.0,43.383742911153114,98.48605577689244,3.0,8.648025367541077,0.7386272856591746,1.2102062500943231,0.12723852577263253,0.8381398545214257,1.0030523586253064,-1.1065065569601962,0.4279885605699715,-0.1559100709426671,0.438673308593928,1.0367318752840315,1.5238198743648677,0.44257380751761255,2.2699771556763144,0.943523455684276,0.7483957138688523,1.564094722301726,0.40300313555754125,0.948225856976042,0.6554558244429053,-0.9687292246905455,0.9973242970865002,-0.5404782663347226,0.845108977357734,-0.5732082433983345,-0.487984853455546
06073003502,4637,-0.8574445581834077,29.122585767082214,Low,1.0,29.122585767082214,29.122585767082214,-1.7361441348246291,26.32349758745176,1.0,-0.5713871810939339,37.02570797404729,1.0,-1.2712980224694124,31.845505734511832,1.0,-0.8231270314092609,36.908910213245065,1.0,-0.4729186925875047,43.431280153510265,1.0,-0.9193102110887491,35.91263559351361,1.0,-0.2079266338103642,47.847641150589,1.0,1210,55556.0,15.3,10.9,9.3,254,90.4,13.20754716981132,3790,759,21.1,18.2,56.22489959839358,26.346801346801342,6.886812948077341,30.05050505050505,34.15977961432507,6.677140612725845,29.760621091222777,69.28438083,10.69023569023569,36.080467229072035,87.37373737373737,6.0,12.939400474444684,-2.1386890620256707,-1.3962445977536095,-2.4947350777213226,-0.9149078017979142,-1.6370682907156542,-0.48604463580017276,0.6660456056497842,-0.8284814035096927,0.1466113543413917,-1.1428089843999623,-1.7150946614634732,-2.373899798355606,-0.02354376434235629,-2.9717223857602164,0.708609060227113,-1.0058510357615842,-0.47516875519091323,-0.06635441508598468,0.017869817193627995,-1.3680214172667489,-0.9986864161123092,0.018190941702524534,-1.7774351588564627,-0.16740781749292022,-0.24844545012780814
06073003404,4586,-0.35577494521002523,41.361881349863815,Moderate,1.0,41.361881349863815,41.361881349863815,-0.7093021048511627,40.30218758768209,1.0,0.04546451399085835,51.04124641157461,1.0,-0.832375962536003,38.09842398555119,1.0,-0.6813851589164528,39.15991892747006,1.0,-1.053614614127399,35.12682662887581,1.0,0.1737518918640649,52.69447458014278,1.0,0.5670368181059171,55.88202186971447,1.0,268,79795.0,8.0,16.4,11.4,383,95.8,0.0,4285,597,19.6,16.0,60.22443890274314,24.58001768346596,1.007667031763417,27.939876215738284,48.336594911937375,8.8638195004029,37.50545137374618,90.10578718,6.2776304155614495,30.11683254002596,95.84438549955792,12.0,26.166593981683384,0.4851560488350498,-0.8146525541834208,-0.5214972111743255,-1.9862147028819546,-1.5364466325738029,0.08977973707495687,1.1421596958094087,0.4863652556528707,-0.18195834419271162,-0.4840671574059194,-1.1501677075399255,-1.5133106410054558,-0.2729432627054897,-2.7043185839507182,1.3406981353337855,-1.0889769243433887,-1.322787405719479,-0.398616589787437,-0.23315608953203973,-2.25989837147064,-0.17479369226786645,0.4743833701120533,0.22166599774800785,0.6441930343179084,0.4898806018939259
06073003501,3447,-0.732201367483486,32.17815937781306,Low,1.0,32.17815937781306,32.17815937781306,-1.2852380779780517,32.4618088406904,1.0,-0.5215607346812259,38.15781878847362,1.0,-0.7971566771476458,38.600160700326555,1.0,-0.41397205947563054,43.40671774953127,1.0,-0.9099957516130548,37.18070048052692,1.0,-0.3712289367802039,44.32735573812885,1.0,-0.8262573347085894,41.437139792033676,1.0,625,61722.0,11.6,15.9,12.4,286,78.9,3.9473684210526314,3066,554,20.8,17.0,62.90630975143403,16.633466135458168,6.614447345517842,44.02390438247012,53.822629969418955,12.237762237762238,29.881055990716565,62.83758556,9.860557768924302,22.37808951235805,89.2430278884462,1.0,2.901073397156948,-0.5092311110134399,-1.2482972178842344,-1.4946008165947622,-1.8888231664197699,-1.4885315572681594,-0.3432044812885127,-0.3479010678383062,0.09339416767007455,0.627186024520565,-0.30921593172231543,-1.6021092706787634,-1.9044875307100695,-0.44017683473485486,-1.5016030849852584,0.7414085153524972,-0.4555168335349061,-1.6507923584931894,-0.9112815071425758,0.01396627395975452,-1.0918754147762082,-0.8437743947660765,1.0663639589153286,-1.3362763744898638,-0.8437418606686108,-0.808772808748568
06073003602,3383,-0.4582490170059404,38.86180874859997,Low,1.0,38.86180874859997,38.86180874859997,-1.0756023936182997,35.31563850398032,1.0,-0.2539436365044336,44.238369034056994,1.0,-0.3480085730642192,44.99875998209671,1.0,-0.7625894324410892,37.87031040091739,1.0,-0.4042994481030391,44.41259465147618,1.0,-0.2892358873228247,45.58619926614005,1.0,-0.07406374798767777,49.23545548712428,1.0,475,66037.0,7.4,20.1,11.8,329,89.6,4.310344827586207,3051,483,18.9,15.0,56.04770017035775,22.97619047619047,8.486646884272997,27.857142857142858,37.995337995338,4.97737556561086,33.10671002069169,61.02053516,7.976190476190475,37.11583924349882,93.57142857142856,6.0,17.735737511084835,-0.09142137998466272,-1.1447628448488218,-0.3593132769375861,-2.7069120727021283,-1.5172806024515455,-0.1512630236634695,0.5955101848853943,0.057258895211886346,0.6371426820519015,-0.020508093965666996,-0.8865351290422688,-1.1221337513008423,-0.01249412959709741,-2.461578342702763,0.5159500720685292,-1.0922353295330258,-0.7044932367961202,0.19192202148578066,-0.09058381921465504,-1.0140427578871616,-0.4919376894880444,-0.061010568483233094,-0.3147594039971966,-0.16740781749292022,0.01928032151756468
06073003603,3281,-0.5830377314183643,35.817323052054476,Low,1.0,35.817323052054476,35.817323052054476,-0.7758239601028862,39.39660682096175,1.0,-0.6166139278953691,35.998107315330294,1.0,-0.31941328066983515,45.4061307707369,1.0,-0.2118689646854615,46.616325606007095,1.0,-0.8605146422823982,37.88832310631381,1.0,-0.6275655941705669,40.391805782572945,1.0,-0.6694637501220336,43.06268658365306,1.0,745,73333.0,8.9,8.9,8.1,270,83.2,8.787878787878787,3009,290,19.3,16.4,62.11901306240929,6.808943089430894,8.063530849114233,29.979674796747968,51.44927536231883,4.835589941972921,29.564157269125268,88.02738021,8.536585365853659,35.30166880616174,89.1260162601626,2.0,6.095702529716549,-0.8434788958364616,-0.9697021760964766,-0.7647731125294347,-0.525341655949172,-1.6945663810824265,-0.41462455854434277,0.031226818770283875,-0.3884915907249906,0.6650213231396436,0.7642892678235322,-1.0371823167552157,-1.6697813968873008,-0.39108333061747025,-0.014655436559991636,0.5669035525286348,-1.008640644093019,-1.5088916856647312,0.21346610823616266,0.02423761445732079,-2.170870606158345,-0.5965709488287388,0.07776567461524542,-1.3638915082982073,-0.7084750520334727,-0.6304524482105945
06073008513,2946,0.8246417998517015,70.16065464618858,High,1.0,70.16065464618858,70.16065464618858,0.5966993648045551,58.081153729761645,1.0,0.41738661640126473,59.49171929449745,1.0,0.8699201074611622,62.34946793256255,1.0,0.528899322421774,58.38049832486631,1.0,0.7931767097437209,61.5375385865492,1.0,0.7809785328647955,62.01725659786848,1.0,1.785431945264639,68.51365023065809,1.0,127,138835.0,5.6,2.2,58.7,412,85.5,0.0,2865,155,14.3,10.7,57.75401069518716,0.0,6.265060240963856,66.63800515907137,15.447154471544716,0.0,10.862186014935505,15.15868077,0.9458297506448838,24.70978441127695,97.59243336199484,17.0,57.70536320434488,0.8778971960021004,0.6019568047993734,0.12723852577263253,0.7797049326441142,0.729936429383138,0.2192286271011488,0.23401615346790172,0.4863652556528707,0.7606052354404736,1.3132407903185679,0.8459075296566101,0.5599268744289969,-0.11889463139524072,1.015882317553658,0.7834832360570066,0.43512636747167166,0.6436417631376826,0.948225856976042,0.6304070359143843,0.9504321829467747,0.8207251677638684,0.8879993182706365,0.6342111125598814,1.320527077493599,2.2503368130356787
06073008600,6204,0.03304602174776735,50.84799456125315,Moderate,1.0,50.84799456125315,50.84799456125315,-0.40755628143768274,44.40993853791372,1.0,-0.0045754701818455645,49.90428378802312,1.0,-0.9143732221270291,36.93028456437531,1.0,0.1766211532647727,52.785953716011406,1.0,0.153992196034633,52.39664764712743,1.0,0.06230044774235932,50.98335479561714,1.0,1.1649133289391638,62.080465808172065,1.0,645,66193.0,5.0,7.3,29.3,227,91.7,0.0,6064,870,17.4,13.1,42.488789237668165,7.982261640798225,13.551629113308476,59.64523281596452,18.118948824343015,4.77195945945946,22.08252740167634,45.70006223,8.159645232815965,32.18009478672986,96.58536585365852,19.0,30.625402965828496,-0.5649390751506101,-1.1410197713393144,0.2894224600093719,-0.2136887392701782,-0.6787667846027831,-0.606566016169386,0.780665664391916,0.4863652556528707,-1.3628179274092163,-1.5941691251181027,-0.3216081751187211,-0.37889766086207605,0.8329996454698612,-0.1922379260748267,-0.09399720383913994,0.1597200975031963,0.4838976544456439,0.223134652902858,0.2667326534383804,-0.35779617664835023,-0.5261911587493647,0.3165526739263164,0.3965398280501263,1.5910606947638755,0.7387659631144519
06073008701,3169,0.17297367889258855,54.26182691568052,Moderate,1.0,54.26182691568052,54.26182691568052,-0.5097208743152148,43.0191431369194,1.0,0.08277564545809983,51.88899571889373,1.0,0.7618207198002662,60.80947553816445,1.0,-0.9329526677027393,35.16476460549977,1.0,0.14319764390678102,52.24227622287621,1.0,0.7721117688146375,61.88112471092426,1.0,0.8935835162862893,59.267472485826744,1.0,313,79191.0,12.6,5.2,51.2,325,78.8,0.0,2604,123,17.5,9.5,70.31431897555296,8.681135225375627,23.80340507548988,25.041736227045075,9.46291560102302,8.058326937835764,19.88008835594825,48.79900436,0.9181969949916527,25.341972642188622,97.66277128547578,12.0,37.86683496371095,0.35981312952641664,-0.8291449670022826,-1.7649073736559946,0.195355713871001,0.3705733645908112,-0.169118042977427,-0.3567179954338556,0.4863652556528707,0.9338510764857282,1.4433626326877615,-0.35926997204695815,1.029339142074533,-0.9021184844532322,-0.29801287598999016,-1.3285608288607886,-1.2031184815069464,1.001433860261674,-0.27622335132309384,0.33811824076486907,-0.4905381740763251,0.8258845747140288,0.8396396350725277,0.6508110966573557,0.6441930343179084,1.1429739982546703
06073008702,4980,-0.05495308736478545,48.70106941450896,Moderate,1.0,48.70106941450896,48.70106941450896,-0.42054367068927934,44.233137547146825,1.0,0.13968334894038237,53.18200036150512,1.0,-0.4882019198830464,43.00155451666457,1.0,0.0013218482030534495,50.00201798585842,1.0,-1.090525452381149,34.59896974291608,1.0,0.5933065654859486,59.13591917856936,1.0,0.8802876687705921,59.129628693760935,1.0,550,118556.0,7.0,12.6,39.7,375,85.1,0.0,4107,725,18.2,12.8,55.386289445048966,1.079136690647482,16.276252019386106,44.064748201438846,45.47677261613692,11.464968152866245,55.42168674698795,74.76042315,7.733812949640288,19.04509283819629,98.7410071942446,15.0,30.120481927710845,-0.3003262454990513,0.11538124262437205,-0.251190654113093,-1.246039025769345,-0.18045000142408985,0.054069698447041854,0.19874844308570677,0.4863652556528707,-0.06380600815418558,-1.004554526882694,-0.6229025505446135,-0.26154459395069235,0.028749496368677005,0.85255431099597,-0.42210819106251624,-0.45390822348991694,-1.1518012805404234,-0.793856747297415,-0.813858192175553,-1.6025855895112047,-0.44668254697751125,1.3213238828455365,0.9052783605898207,1.0499934602233227,0.7105818773178613
06073017501,2855,0.2615126156009373,56.421922303032936,Moderate,1.0,56.421922303032936,56.421922303032936,0.36968792892543456,54.99078306316224,1.0,0.10513329277268382,52.396985674675825,1.0,0.9288978785232688,63.18966990631574,1.0,-0.05140070717133425,49.164728838362656,1.0,-0.9373929346512213,36.788897086001576,1.0,0.736624613447237,61.3362885796007,1.0,0.6790382373604927,57.043188943011316,1.0,328,157243.0,6.0,5.7,70.6,439,63.5,0.0,2687,203,14.3,9.9,60.837070254110614,4.458109146810147,12.43432574430823,48.57801691006918,45.50898203592814,14.125412541254128,74.25569176882662,36.72682016,1.2298232129131437,33.18385650224215,100.0,10.0,35.02626970227671,0.31803215642353894,1.0436394789212446,0.019115902948139453,0.09796417740881545,1.3001258255202959,0.339750007470362,-1.7057079175527932,0.4863652556528707,0.8787575714789997,1.1180580267647775,0.8459075296566101,0.8728683861926875,-0.3111451504945197,0.34114473678600254,0.04055334648212697,-0.2761557614589468,-1.153727051904768,-1.1981067920294441,-1.424307100081437,0.02656920541076436,0.7676997706078801,0.23976921578037289,1.2024048539534578,0.3736594170476322,0.9844170576733533
06073017502,3545,0.5423432555324695,63.27338215217891,High,1.0,63.27338215217891,63.27338215217891,0.5245824635046473,57.09940602405596,1.0,0.0692774610216721,51.58230235270369,1.0,0.5285702645545728,57.48657117357108,1.0,0.28865410480660714,54.565153791231324,1.0,0.23387642865035738,53.53906121075153,1.0,0.7845029576038455,62.071367273127876,1.0,1.3669391085855849,64.17495429629867,1.0,218,129375.0,2.8,5.1,56.1,205,81.6,0.0,3242,270,15.5,11.2,48.170731707317074,2.6627218934911245,10.685483870967742,50.81360946745562,16.018306636155607,6.43598615916955,23.413258110014105,34.26260112,0.4437869822485207,18.848526387936943,95.34023668639054,16.0,45.13399153737659,0.6244259591779755,0.37497298813309243,0.8840968855440833,0.21483402116343822,0.6053572335884646,-0.7047686223961522,-0.10984402275849468,0.4863652556528707,0.5103612428195505,0.8456154193042783,0.39396596651777216,0.3643384295766901,0.47869043787749377,0.6128777096568779,0.25115652106432623,-0.1881082493722694,0.6094931044403029,-0.029711401962702312,0.2236009293743976,0.13212308274943133,0.9144633016310587,1.336360371658703,0.10268519952177493,1.185260268858461,1.5486179483127085
06073017603,3005,0.44730703516692294,60.95477173200581,High,1.0,60.95477173200581,60.95477173200581,0.4696206204235836,56.35119496155071,1.0,0.35785613919479875,58.13912239294094,1.0,0.9868542320651623,64.01532068559254,1.0,0.6067630809997574,59.61705599126969,1.0,0.19570676598077852,52.99320204774944,1.0,0.6866566560925006,60.56912794659306,1.0,-0.17230824858811994,48.21691232946634,1.0,112,168807.0,10.8,1.5,71.6,155,88.8,0.0,2842,224,13.6,9.5,54.0625,2.140945584299732,4.270342972427707,70.82961641391614,13.580246913580249,2.5217391304347827,28.618968386023298,51.17610454,0.2676181980374665,36.115992970123024,99.55396966993756,5.0,16.638935108153078,0.919678169104978,1.3211067998439585,-1.2783555709457763,0.916053083691174,1.3480409008259395,-0.9279563638206211,0.5249747641210057,0.4863652556528707,0.7758721103218562,1.032665567709994,1.1095401081542662,1.029339142074533,0.11129710958367331,0.6918488772465234,1.0236957993262168,0.600210537842616,0.7552624361678192,0.5650518426157981,0.05487313360395693,-0.5923603484644602,0.9473563818965999,0.015473375163637285,1.0971402112172648,-0.30267462612805834,-0.041941871048181534
06073017701,5137,0.19590720427248653,54.8213389702699,Moderate,1.0,54.8213389702699,54.8213389702699,0.46993234693311825,56.35543858239447,1.0,0.9204640166474966,70.92218255882091,1.0,0.18415558980316044,52.5800125786223,1.0,0.200082260570356,53.15854056040289,1.0,-0.19488534018871137,47.40739737364037,1.0,0.2786052837482468,54.304294127493996,1.0,-0.487003727606261,44.954328419519,1.0,445,119280.0,3.4,0.9,64.7,751,87.9,0.0,4806,356,16.2,10.5,47.53435731608731,1.8493459630130809,12.434017595307918,43.031123139377534,6.41025641025641,19.84815618221258,17.325287132567645,44.74175482,5.051871898962562,29.71046770601336,96.07577807848445,4.0,7.786645902277595,-0.007859433778907285,0.13275294275823965,0.7219129513073438,1.0329229274457967,1.0174268812169993,1.7324415139590477,0.4456224157610689,0.4863652556528707,-0.5277862491144648,0.49591296793707035,0.13033338802011682,0.6381622523699194,0.5183728717446261,0.7359826605480159,0.0405904551302555,-0.4946169451414735,1.18394952470974,-2.067668051398306,0.4209246122679522,-0.3167474463342318,0.05407190076679171,0.5054685337940185,0.2762754166839302,-0.43794143476319647,-0.5360660204493255
06073017702,3199,0.26623749387168494,56.53719574246968,Moderate,1.0,56.53719574246968,56.53719574246968,0.815192720562856,61.055565370600156,1.0,0.3550333866254431,58.074986398097,1.0,0.7094034029717877,60.062734312359964,1.0,0.20064815234573585,53.167527511790546,1.0,0.03947387258347039,50.75893665322664,1.0,0.25413625371901843,53.92861984421201,1.0,-0.510225331706517,44.71358002320571,1.0,79,157875.0,5.2,1.3,62.1,290,87.0,0.0,3067,198,15.6,10.3,54.38335809806835,1.9067796610169492,10.567576042646598,48.44632768361582,21.07843137254902,11.72069825436409,20.006251953735543,29.18481643,3.036723163841808,33.96923076923077,95.55084745762711,3.0,9.377930603313535,1.011596309931309,1.0588037254469411,0.23536114859712537,0.9550096982760483,0.892847685422326,-0.3253494619745552,0.3662700674011309,0.4863652556528707,0.6265222473518093,1.138389564634964,0.3563041695895358,0.7163976303108418,0.09128934303491845,0.7272900347801163,0.26535549658696417,-0.2813422650190556,0.30695293511959726,-0.8327145055805991,0.3340290186160257,0.3496280421788578,0.4303272594455465,0.1796914590515815,0.15239004265992734,-0.5732082433983345,-0.4472424200146993
06073005102,5116,-0.640225877465467,34.422096781216126,Low,1.0,34.422096781216126,34.422096781216126,-1.0250048699491865,36.004436856116456,1.0,0.721986027882681,66.41254774270193,0.75,-0.11533969838984973,48.31337910404487,1.0,-1.1390869332301308,31.89113755484773,1.0,-0.9611621601337997,36.44897661985952,0.75,-1.5990484014154174,25.476580009563623,1.0,-0.36392510702256636,46.2303376219001,1.0,1054,85538.0,16.9,0.0,55.5,947,71.3,,4293,625,17.9,10.0,70.34191317710335,2.443876101165104,37.58086649676534,22.30747371412333,0.0,7.223833377273927,163.01798279906177,,24.865018471156574,35.532407407407405,89.769820971867,5.0,9.77326035965598,-1.7041669417557426,-0.6768546620994406,-2.927225569019294,1.2082276930777307,0.5766081884050784,2.6073374603429658,-1.0179875651000014,,-0.18726856154275773,-0.5979237694789639,-0.5099171597599037,0.8337506972222263,-0.903839177638298,0.6460001558807204,-2.987702891523118,-1.3108058196398276,1.567212815790265,-0.14942346004999377,-4.30127583614167,,-3.6453089142323964,0.060115163086861774,-1.211951453100718,-0.30267462612805834,-0.4251755879170744
06073005101,3953,-0.7191286078587592,32.497097110918645,Low,1.0,32.497097110918645,32.497097110918645,-0.6458457647778288,41.166036632171675,1.0,0.8072392131727246,68.34959242438997,1.0,-0.6447612430790836,40.77119806219201,1.0,-0.8741759629980161,36.09819995637306,1.0,-2.1875076708609664,18.91117598924462,0.75,-0.6522273603900537,40.01317241059592,1.0,-0.8366214660780908,41.32969036710957,1.0,997,91137.0,10.5,2.6,47.4,695,95.0,0.0,3392,715,20.4,13.6,47.60530871321408,3.3538289547233093,33.13938780672906,3.130240357741755,60.86956521739131,7.8310149407521905,161.39640779155073,,21.632196757965342,25.436241610738257,95.97540525433205,1.0,2.5297242600556538,-1.5453992439648072,-0.5425119147934673,-1.1972636038274065,0.7017917034743658,0.18849607842936542,1.4824712435636425,1.07162427504502,0.4863652556528707,0.4107946675061859,-0.963891451142321,-1.4514620829658165,-0.5744861057143829,0.5139485514654539,0.5082782278606761,-2.4528406342659044,-2.0660899970522904,-2.072122087339591,-0.24168367615069028,-4.248717249092618,,-3.0416976412568832,0.8324284640453503,0.25258709604137186,-0.8437418606686108,-0.8295010714875709
06073017901,3874,-0.3127367869669126,42.41188861850006,Moderate,1.0,42.41188861850006,42.41188861850006,-0.22378505968058945,46.91166798111967,1.0,0.03456032857845656,50.79349151198495,1.0,0.22251263607517172,53.126450082188676,1.0,-1.0137599838257638,33.88146017634957,1.0,-0.3678021335301073,44.93453779142649,0.75,-0.42473035108131846,43.505945757915676,1.0,-0.4161529453042374,45.6888690715391,1.0,396,75908.0,9.6,1.9,45.8,480,71.7,0.0,3433,324,17.0,12.0,61.46848602988953,1.9884877027734171,35.20861372812921,11.983254840397697,8.717948717948717,8.956646021915198,83.89261744966443,,10.047095761381476,38.80368098159509,94.03453689167976,4.0,10.325245224574084,0.12862507835715992,-0.9079174691286463,-0.9539877024722972,0.8381398545214257,0.11183195794033565,0.5227639554384265,-0.9827198547178065,0.4863652556528707,0.38357980358719956,0.626034810306264,-0.17096098740577556,0.05139691781299887,-0.3505183796978369,0.7149234720494866,-2.702025854849768,-1.7174191728049364,1.0459747399207509,-0.4127214234150264,-1.7366597170960465,,-0.8786035456053981,-0.1901232089149801,-0.20546429872357702,-0.43794143476319647,-0.3943644558452784
06073022102,7247,0.17933089378444553,54.41692467351268,Moderate,1.0,54.41692467351268,54.41692467351268,0.2363035778334726,53.17498429337035,1.0,0.5577432899885827,62.68077489619458,1.0,-0.28855528074258463,45.845736269182225,1.0,0.05274391846888932,50.81865407395413,1.0,-0.21571564426830422,47.10950602342344,0.75,0.40162346220092154,56.19299858229506,1.0,0.5111729330101414,55.30285685206222,1.0,401,152627.0,2.2,12.1,68.5,399,87.2,0.0,6937,668,14.2,10.4,57.82865583456426,0.7950849295265631,15.950320960089313,51.06613661004699,34.126163391933815,8.347134812851937,25.803780874844765,,4.2284062161185405,31.30939809926082,97.50632453921214,14.0,19.318338622878432,0.11469808732286736,0.9328828935373595,1.0462808197808227,-1.1486474893071594,1.1995041673784448,0.1611998143307869,0.3839039225922284,0.4863652556528707,-1.9422953957329985,-0.7727749951625679,0.8835693265848471,0.6772799413403806,-0.12354928256860172,0.8955457209861577,-0.38285814974704296,-0.1781626147949557,-0.4731588724026441,-0.32010722159072097,0.14611916118845245,,0.2078240136794681,0.38315722919765366,0.6138891437256427,0.9147266515881847,0.10761921443209826
06073017070,5572,0.37694473656843336,59.23813403229218,Moderate,1.0,59.23813403229218,59.23813403229218,0.3234576735666031,54.36143756557943,1.0,0.4544340709746325,60.3334775772792,1.0,0.6501105514848315,59.21804367804734,1.0,-0.12641457064466977,47.97343047750087,1.0,0.8248495055038144,61.99048693805035,0.75,0.0743691512157646,51.16864622409218,1.0,0.4378067738780573,54.54223820235745,1.0,308,202813.0,11.8,4.5,71.7,278,86.9,0.0,5155,255,13.7,8.6,65.73426573426573,5.801621958827199,13.869957634923558,58.265751715533376,13.029989658738367,0.0,7.537688442211055,,1.7467248908296942,48.6562150055991,97.00561447286336,12.0,21.536252692031585,0.3737401205607092,2.1370488367946514,-1.548662128007009,0.3317038649180608,1.3528324083565042,-0.3789145199164277,0.3574531398055828,0.4863652556528707,-0.7594444810102265,0.9066100329148378,1.0718783112260297,1.3813983428086856,-0.6165198457272044,0.1378032405017841,-0.13233171437103766,0.10539003701777894,0.7881618075711542,0.948225856976042,0.7381608519642473,,0.6711872785835693,-0.9437997261325104,0.4957199011962349,0.6441930343179084,0.2314205134382061
06073008380,6664,0.12056206532019574,52.9831342982804,Moderate,1.0,52.9831342982804,52.9831342982804,-0.30813913136940774,45.76333222549651,1.0,0.2563705519818804,55.833259963168146,1.0,0.11629481064048158,51.61326257152436,1.0,-0.758394191190956,37.93693520589734,1.0,0.2657674312320495,53.99513010837933,0.75,1.042236128302576,66.02835796971799,1.0,0.2297988576447463,52.38573032127235,1.0,549,94766.0,9.0,4.6,58.9,1314,89.3,40.909090909090914,5713,476,16.0,8.6,61.75663311985361,5.616065350578625,25.390156062424968,22.294077603812116,26.47058823529412,2.9402048232573508,20.708283313325328,,0.7147719537100068,22.45557350565428,100.0,11.0,16.50660264105642,-0.2975408472921928,-0.45543746757550385,-0.7918037682355579,0.31222555762562376,0.7395194444442664,3.303147563007888,0.5690594020987487,-3.586244201623381,-1.129832141175943,0.007956059052594116,0.2056569818765896,1.3813983428086856,-0.3684863840661612,0.16588734809584754,-1.5196443111436408,-1.3113334176498694,-0.01543912737755046,0.5014666852711451,0.31127473580255377,,0.8638667645830459,1.0604367663712246,1.2024048539534578,0.5089262256827704,-0.04932851039327773
06073018301,889,-0.508101106256841,37.64556116257495,Low,1.0,37.64556116257495,37.64556116257495,-0.11449948630264714,48.399403296927844,1.0,-0.5694184227647978,37.070440295050986,1.0,1.3168714510270974,68.71677199090495,1.0,-0.5039917462810842,41.977111269193834,1.0,-3.815289307868248,0.0,0.75,-0.040246989870747894,49.40893868342589,1.0,0.16986675826254105,51.76438836954232,1.0,82,74524.0,11.6,1.2,59.0,202,51.2,0.0,816,58,13.9,11.0,65.2439024390244,1.215277777777778,26.546681664791898,40.27777777777778,58.333333333333336,61.05476673427992,291.33858267716533,,4.861111111111112,48.89589905362776,98.0902777777778,3.0,33.74578177727784,1.0032401153107335,-0.9411252494950452,-1.4946008165947622,0.9744880055684854,0.7443109519748309,-0.7181598868816204,-2.7901900118052723,0.4863652556528707,2.1206846542210345,1.7076726250001861,0.9965547173695563,0.44257380751761255,-0.5859422340218053,0.8319492731316321,-1.658918174068036,-0.6030558501661276,-1.9204831330425136,-4.855498379523715,-4.669886411038515,,0.08968950427365568,-0.962134525901862,0.7517040520159626,-0.5732082433983345,0.9129417599234166
06073017902,2972,-0.08713887466827616,47.91582878166069,Moderate,1.0,47.91582878166069,47.91582878166069,0.058104263237819614,50.74910679296212,1.0,-0.3998723310393286,40.922711083063014,1.0,0.02939261917016045,50.37524710430786,1.0,-0.4478141019101881,42.86927083220466,1.0,-0.16398904807167775,47.849241051979014,0.75,0.48135838919347035,57.417173039340845,1.0,-0.16715191325818907,48.27037028423015,1.0,668,85227.0,2.3,3.5,34.6,205,72.0,0.0,2193,177,19.5,15.2,65.93567251461988,2.7777777777777777,24.62987886944818,47.22222222222222,18.983050847457623,12.903225806451612,27.59084791386272,,0.0,10.488505747126435,88.42592592592592,5.0,16.823687752355315,-0.629003233908356,-0.684316815057497,1.0192501640746996,0.5264869378424318,-0.4248168854828721,-0.7047686223961522,-0.956269071931161,0.4863652556528707,1.2066634928443474,1.2237820236897474,-1.1125059106116884,-1.2003691292417646,-0.6290789797086186,0.5954639303033133,-1.4280884118687034,-0.3295529463667437,0.43223379515315774,-1.0123975757905004,0.08819663642230942,,0.9973242970865002,1.97586602828288,-1.529115157788969,-0.30267462612805834,-0.03162920038831978
06073007912,1738,0.23020703393676928,55.65815615601101,Moderate,1.0,55.65815615601101,55.65815615601101,0.6513783525376514,58.825514202683756,1.0,-0.3871194847192096,41.2124695602006,0.75,1.2586308388179974,67.88707164025672,1.0,-0.6012011920475469,40.433323920565485,1.0,-0.25752644856981144,46.511575388352504,0.75,0.7810609772470668,62.01852237073252,1.0,0.16622619429123744,51.726645070931966,1.0,88,116303.0,2.4,3.3,79.5,420,47.2,,1613,60,16.9,7.1,53.066332916145186,1.516793066088841,26.71068427370948,12.78439869989166,37.9746835443038,5.4303278688524586,36.24856156501726,,5.417118093174431,21.220657276995304,100.0,5.0,28.76869965477561,0.9865277260695824,0.061322623285140425,0.9922195083685763,0.5654435524273062,1.726569995740524,0.2549386657290638,-3.1428671156272165,,1.5916542507226905,1.6995400098521116,-0.13329919047753852,1.8766282851747265,0.1734151567120188,0.7863147474841307,-1.6786680843397013,-1.6858665880466355,-0.703258326307023,0.1230966817620489,-0.19241770116446028,,-0.014124473731094574,1.154902551518837,1.2024048539534578,-0.30267462612805834,0.6351270147105332
06073007602,1774,-0.5613706585640613,36.34593730777092,Low,1.0,36.34593730777092,36.34593730777092,0.37990176746048754,55.129826926216424,1.0,-0.522206315569627,38.14315049165606,1.0,0.929423106511769,63.19715234562569,1.0,-0.266769397020734,45.7444495017339,1.0,-3.710038114413546,0.0,0.5,-0.21496388323223906,46.72650118539548,1.0,-0.5249417736845396,44.56100831496581,1.0,304,135798.0,8.3,0.0,63.8,370,5.8,0.0,1725,232,16.3,9.3,32.576769025367156,0.0,32.29988726042841,25.570342205323193,,37.971698113207545,110.4847801578354,,11.596958174904945,45.198675496688736,100.0,2.0,11.273957158962796,0.38488171338814325,0.5290868416687714,-0.6025891782926953,1.2082276930777307,0.9743033134419199,0.03175092430459497,-3.581244755677894,0.4863652556528707,1.517311207822045,1.0001351071176958,0.09267159109187978,1.1075745200154556,1.451084049847314,1.015882317553658,-2.35174431286053,-1.182299642623378,,-4.821509728482574,-2.598566500344519,,-1.1679836931546803,-0.6793128104954947,1.2024048539534578,-0.7084750520334727,-0.3414084953356066
06073013327,5615,0.12239792944484781,53.027924102347384,Moderate,1.0,53.027924102347384,53.027924102347384,0.5454234778218761,57.3831206266209,1.0,-0.008718040848581687,49.810160096911545,1.0,0.2978554519855373,54.19978977434745,1.0,-0.22284863077892242,46.441957061123404,1.0,0.6460380312803554,59.43332832494638,0.75,-0.012799222648074907,49.83034567286321,1.0,-0.3881655606982549,45.979026372120224,1.0,464,139803.0,2.9,2.3,47.1,528,66.6,0.0,5308,470,13.5,9.9,52.35042735042735,17.667638483965014,4.88979440637155,45.42274052478134,3.7804878048780486,4.029099048684947,22.261798753339267,,7.521865889212828,36.96287025448478,96.67638483965014,5.0,8.904719501335707,-0.06078199970921906,0.6251830558070859,0.85706622983796,0.7602266253516772,0.1741215558376725,0.7370241872059166,-1.4323831620907865,0.4863652556528707,-0.8610023878298585,0.03235390449681793,1.1472019050825024,0.8728683861926875,0.21805692051997305,-1.6581257105085923,0.9490987528597584,-0.400424485986829,1.3411809529042382,0.33601104137238735,0.2609220995644407,,-0.40710918157167536,-0.04930909812022725,0.4180206117476779,-0.30267462612805834,-0.47365649526845144
06073017606,3687,0.016126753415511338,50.43521307956141,Moderate,1.0,50.43521307956141,50.43521307956141,0.355032216055252,54.791270712708524,1.0,0.38282737434108294,58.706495894244476,1.0,0.4895017781781459,56.929998438218696,1.0,0.341072732766534,55.397616254512954,1.0,-0.5994655888740535,41.62155017278027,0.75,-0.16788363357024075,47.449326692879076,1.0,-0.688197604988141,42.86846462136701,1.0,247,103250.0,3.7,3.7,65.0,266,87.9,0.0,3586,450,14.3,10.3,50.60422960725075,6.223306894447834,5.906369080021775,59.06040268456376,30.239520958083833,8.435754189944134,68.0770273935449,,5.796217205613178,41.51090342679128,94.81391092129348,2.0,5.424464334147003,0.5436494111790786,-0.2518718544046023,0.640820984188974,0.48753032325755763,1.0318014038086922,-0.43247957785830027,0.4456224157610689,0.4863652556528707,0.2820218967675676,0.11368005597756396,0.8459075296566101,0.7163976303108418,0.32694467184609854,0.07398096429968268,0.8266783918572758,0.13668690306307882,-0.2407801226123558,-0.3335727867083415,-1.2240438573014634,,-0.08490737428800613,-0.3972140932354582,-0.02152943318725799,-0.7084750520334727,-0.6679201579428092
06073017605,3931,0.2669919348008876,56.555601931111504,Moderate,1.0,56.555601931111504,56.555601931111504,0.5365516377160942,57.262345766466865,1.0,0.20628982369921708,54.69537158932077,1.0,0.5927914781642177,58.40147164301791,1.0,0.548727807459878,58.69539534030483,1.0,-0.1353529275563491,48.25876232313718,0.75,-0.014259296620688625,49.80792908166425,1.0,0.1341950207438443,51.39456406437124,1.0,266,152035.0,4.5,4.6,72.3,304,74.0,0.0,3614,264,13.5,11.9,47.4694589877836,0.3003003003003003,6.3407181054239885,53.75375375375376,16.205533596837945,16.331658291457288,13.991350801322818,,3.3783783783783785,28.435114503816795,90.61561561561562,8.0,20.351055711015007,0.4907268452487668,0.9186784094499981,0.4245757385399881,0.31222555762562376,1.3815814535398903,-0.2628568943757039,-0.7799305200201887,0.4863652556528707,0.26343613604240623,0.870013264748502,1.1472019050825024,0.0905146067834601,0.5224197404692189,0.9704316810941612,0.7743721856639952,-0.07231237738786324,0.5982989779440047,-1.5333421185419123,0.5289843579288603,,0.3665356379887705,0.603027573662536,-1.0123411015133723,0.103125799777356,0.16526424171033258
06073010018,6819,0.39290286604127045,59.62746649037892,Moderate,1.0,59.62746649037892,59.62746649037892,0.1352025571999916,51.79866760113402,1.0,0.2372483979213741,55.39878391750128,1.0,-0.06077469324034038,49.09071646689965,1.0,0.036543287532537855,50.56137116402558,1.0,0.31608420336557935,54.71470343444033,0.75,0.2382550214385097,53.68479446382348,1.0,1.8477612880712413,69.15984544004871,1.0,186,133875.0,5.4,10.5,39.6,663,75.0,0.0,6080,493,15.7,9.9,62.2680412371134,7.340720221606649,7.1695853914084715,54.75530932594644,29.288321167883215,0.0,24.637043554773427,,2.308402585410896,43.97143641856633,98.01477377654663,26.0,38.12875788238745,0.713558701797448,0.48294626244580535,0.18129983718487883,-0.8369945726281657,-0.18524150895465427,1.3396310890519825,-0.6917612440647026,0.4863652556528707,-1.3734383621093085,-0.061171169706040016,0.3186423726612994,0.8728683861926875,-0.40037628892713334,-0.09514023490293153,0.6745563678952737,-0.032866693935057464,-0.1839087685298423,0.948225856976042,0.18393552165053828,,0.5663145023198151,-0.5854342943757749,0.7338848563714889,2.5379283552098424,1.1575942209326402
06073013321,8004,0.00489191325635968,50.16111529492948,Moderate,1.0,50.16111529492948,50.16111529492948,0.23824212301016273,53.201374255297694,1.0,-0.09054248726775013,47.951020074998155,1.0,-0.413026464114044,44.07250998306221,1.0,0.4151124388846781,56.57344398092497,1.0,0.2977815020112687,54.452958987589255,0.75,0.1515233598682486,52.35319877901931,1.0,-0.564847079598046,44.14729277827891,1.0,476,167670.0,5.4,8.4,54.8,264,86.7,12.958115183246074,7210,701,15.1,10.0,52.05128205128206,9.986000933271114,5.406094606655616,81.80121325244983,26.855713094245203,4.6283934134401425,9.120439780109944,,2.6598226784881005,52.639898830224475,100.0,4.0,4.997501249375312,-0.09420677819152123,1.2938255525342799,0.18129983718487883,-0.4279501194869865,0.5430676356911277,-0.441407087515279,0.3398192846144853,-0.8036497818613345,-2.123506562803322,-0.9069631451057988,0.5446131542307183,0.8337506972222263,0.23671074083957586,-0.4955051091270022,0.8869236283531875,1.032320495472951,-0.03846538584083886,0.24494927183592927,0.6868606200387156,,0.500699646769333,-1.248534421118045,1.2024048539534578,-0.43794143476319647,-0.6917527244328956
06073020038,5685,0.17439486759537273,54.29649983220259,Moderate,1.0,54.29649983220259,54.29649983220259,-0.047286343613098775,49.31439475439937,1.0,0.21036170210348873,54.78788907568378,1.0,-0.24264990041499243,46.49970793448165,1.0,0.08470065523083062,51.32616037159369,1.0,0.46578050560658046,56.85548992640233,0.75,0.32399794829464273,55.001210053436196,1.0,0.42585950596015776,54.41837571727065,1.0,363,151650.0,9.8,7.8,55.5,407,78.1,0.0,5433,842,14.9,10.0,56.782334384858046,10.693825588796944,11.644806806097128,77.53023551877784,25.597269624573375,0.0,17.59014951627089,,0.6365372374283895,44.53004622496148,97.96308084022915,12.0,21.108179419525065,0.2205432191834909,0.9094406959810216,-1.008049013884544,-0.31108027573236374,0.5766081884050784,0.19690985295870192,-0.4184364886026961,0.4863652556528707,-0.9439745339243291,-1.4803125130450583,0.6199367480871911,0.8337506972222263,-0.058303756815291444,-0.6026348091745942,0.13563066440019625,0.8641105225130119,0.03677578314789544,0.948225856976042,0.412339876695804,,0.878474237829385,-0.6281655442594837,0.7216851513140268,0.6441930343179084,0.20752597760240712
06073005103,2980,-1.5862285220396755,11.34235328148148,Very Low,1.0,11.34235328148148,11.34235328148148,-2.5838549974294542,14.783370662098989,1.0,-0.36925808935409765,41.6182998031623,1.0,-1.724488808843175,25.389314082287054,1.0,-1.4340309116198529,27.207119671585033,1.0,-2.6015436204804065,12.990104093260385,0.75,-2.544589019594308,10.959646006701256,1.0,0.15416579304356556,51.601609683766796,1.0,1419,39519.0,25.1,18.9,15.6,141,92.6,5.0,2870,1122,23.2,23.3,40.8130081300813,20.244565217391305,35.0,6.114130434782608,53.64238410596026,16.077537058152792,256.3758389261745,,48.369565217391305,35.18930957683742,69.29347826086956,7.0,23.48993288590604,-2.7208372872591005,-1.7273626389792627,-3.414047678286571,-2.4731723851928824,-1.3352033162900998,-0.9904489314194724,0.8600180127518527,-0.011398122458671108,0.7572863495966948,-2.6188786337755032,-2.5059923969564393,-2.530370554237452,0.9374964226721917,-2.048145167787169,-2.676903678811337,-1.9485712225530971,-1.6400156253312679,-1.494728825071437,-4.669886411038515,,-4.2338745596394,0.08636067285915806,-3.486253172002682,-0.03214100885778211,0.3404725949449132
06073020712,3987,0.3065810551026339,57.521462594593785,Moderate,1.0,57.521462594593785,57.521462594593785,0.644239096505979,58.728325497911314,1.0,-0.14271455308510664,46.76561424786843,1.0,0.22299744004390987,53.13335663772785,1.0,1.0246561783765424,66.25363406989885,1.0,0.5899115185578153,58.63067068759268,0.75,-0.04397077548321995,49.3517672103683,1.0,-0.14905151919748227,48.458024884831396,1.0,317,139609.0,3.8,1.1,39.7,197,81.3,0.0,3864,401,15.3,12.1,27.27272727272727,0.7417397167902899,12.891898670679709,91.84086311530682,15.91695501730104,0.6697923643670463,20.817657386506145,,1.416048550236008,51.48452305748579,96.1564396493594,6.0,15.048908954100828,0.3486715366989826,0.62052820798116,0.6137903284828509,0.9939663128609224,-0.18045000142408985,-0.7404786610240672,-0.13629480554514026,0.4863652556528707,0.09749184385346514,0.3129291271053917,0.46928956037424496,0.012279228842537642,1.7818284810789085,0.9036195519763575,-0.014549583271395869,1.4277262637222992,0.6155528238200753,0.8464520351144164,0.30772969673895423,,0.7329289966851862,-1.1601531390688076,0.29531181593396155,-0.16740781749292022,-0.13069522090204436
06073005401,1859,-0.017543024183281363,49.61376735197255,Moderate,1.0,49.61376735197255,49.61376735197255,1.2152650361595958,66.50186257519127,1.0,0.21556877459266852,54.90619940084072,0.75,1.318619877246134,68.74168020859003,1.0,0.17228573328331478,52.7171027266287,1.0,-2.2073243419123125,18.62778046732934,0.75,-0.080122947850168,48.796721038664025,1.0,-0.757093300802202,42.154193195133324,1.0,36,186494.0,3.2,0.0,60.7,298,84.1,,1743,14,14.8,9.0,17.938144329896907,8.964955175224123,25.44378698224852,60.47269763651182,0.0,29.40161104718067,235.610543302851,,17.766911165444174,24.850657108721624,100.0,1.0,5.3792361484669176,1.1313684328262252,1.7454897560148372,0.7759742627195902,1.2082276930777307,0.825766579994425,-0.28963942334664017,0.11057916713022065,,1.5053632187844412,1.8865901582578275,0.6575985450154275,1.22492758692684,2.3639055970205307,-0.3409692012005104,-1.5261027806844167,0.1923093179976555,1.567212815790265,-3.5192994304886875,-4.669886411038515,,-2.319996859739768,0.8772231622358062,1.2024048539534578,-0.8437418606686108,-0.6704447409357933
06073000301,2311,0.2157818016055123,55.3062219790412,Moderate,1.0,55.3062219790412,55.3062219790412,0.15244713236769863,52.03342286379237,1.0,0.14360140512469124,53.27102284047233,1.0,0.8201668119946186,61.640678564993955,1.0,-0.17986563686173448,47.12457181828332,1.0,0.10908361433259728,51.754416118080634,0.75,-0.06731103755190772,48.99342295995076,1.0,0.5323503218326227,55.52241198594116,1.0,355,87813.0,5.8,1.5,62.0,469,68.4,0.0,2207,202,16.0,10.2,43.16143497757848,3.9170506912442393,19.312744671596345,26.49769585253456,0.0,11.728813559322033,42.838598009519686,,6.221198156682028,30.25540275049116,92.78033794162826,8.0,34.617048896581565,0.24282640483835902,-0.6222681734191245,0.07317721436038599,0.916053083691174,0.8880561778917616,0.4736626523250433,-1.2736784653709106,0.4863652556528707,1.1973706124817665,1.1221243343388148,0.2056569818765896,0.7555153192813038,0.7910554370638349,0.4230342691729877,-0.7877758948724035,-1.145776358811357,1.567212815790265,-0.8339476125031049,-0.4060143602893682,,-0.1642570309109781,0.4637833444375345,-0.5014594261822796,0.103125799777356,0.9615748438878893
06073000302,2873,-0.0610432943220864,48.55248588227362,Moderate,1.0,48.55248588227362,48.55248588227362,0.3308225603454532,54.461697845313985,1.0,0.5648773020180103,62.84286737419042,1.0,0.7079685338316243,60.04229305352749,1.0,-0.5430178244003736,41.357336460356,1.0,-2.0558516836319862,20.793970385808706,0.75,0.38931592675656884,56.00404035422056,1.0,0.17858212482609834,51.85474433782083,1.0,256,89573.0,3.4,2.8,63.9,277,96.2,0.0,2538,331,14.8,10.6,57.14285714285714,4.730473047304731,23.459798120431604,27.55775577557756,100.0,17.25079654073737,82.14410024364776,,6.710671067106711,19.680851063829788,95.54455445544554,7.0,24.364775495997215,0.518580827317352,-0.5800386261323747,0.7219129513073438,0.6628350888894917,0.9790948209724842,-0.3833782747449171,1.1774274061916035,0.4863652556528707,0.9776603696236086,0.5975706572880028,0.6575985450154275,0.5990445633994582,-0.08078489480428029,0.29992229174118984,-1.287182178997167,-1.1040265155412368,-2.8145647513238705,-1.6730036277274294,-1.6799866718446588,,-0.25564820331708704,1.2726911103912146,0.15090487319557894,-0.03214100885778211,0.38930525850997877
06073001801,1982,0.1303586195074293,53.22214204220099,Moderate,1.0,53.22214204220099,53.22214204220099,0.19216111696383362,52.57406053067637,1.0,0.27999176511405066,56.36995950251114,1.0,0.6237761450267252,58.842881648603736,1.0,-0.0637360131403874,48.968831318874344,1.0,-0.3603652813247185,45.04089120500904,0.75,0.7986450988513744,62.28849229896224,1.0,-0.5579624949388727,44.2186682400611,1.0,178,83065.0,3.3,6.1,43.8,275,94.3,0.0,1923,210,18.5,10.2,56.1119293078056,2.9233870967741935,11.651469098277609,31.55241935483871,45.86466165413533,4.339440694310511,36.32694248234107,,2.217741935483871,21.498054474708173,97.78225806451611,2.0,10.090817356205854,0.7358418874523162,-0.7361919748495159,0.7489436070134671,0.02005094823906713,0.016001807329048517,-0.39230578440189584,1.0099057818761794,0.4863652556528707,1.3858833284084036,1.0895938737465163,-0.7358879413293233,0.7555153192813038,-0.016499269549684132,0.5734258696813195,0.1348283620853944,-0.9466990147785793,-1.1749928067076871,0.28885515092268454,-0.194958188189153,,0.5832420644207325,1.1336828578492917,0.6790103742840989,-0.7084750520334727,-0.4074499378442727
06073020213,4060,-0.6986194874086444,32.99746065864092,Low,1.0,32.99746065864092,32.99746065864092,-1.7710617072421935,25.848154831567157,1.0,-0.06455403668867168,48.541505812372655,1.0,-0.48623450028728576,43.029582531250234,1.0,-0.7757195975250115,37.661789689970654,1.0,0.006935218927969706,50.29360578553306,1.0,-0.9612196012782922,35.26919855888514,1.0,-0.8384821877670265,41.310399461939426,1.0,791,59094.0,12.4,22.1,14.1,342,94.3,2.553191489361702,2986,403,20.1,16.2,66.92531522793405,19.059205190592053,3.293413173652695,12.814274128142742,45.49918166939443,1.1226944667201284,16.256157635467982,38.56876167,12.00324412003244,44.94875549048316,90.75425790754258,1.0,2.463054187192118,-0.9716072133519533,-1.3113536100828587,-1.7108460622437482,-3.090439943290214,-1.4070759292485653,-0.0932342108931076,1.0099057818761794,0.23218821151080685,0.6802881980210261,0.30479651195731716,-1.338476692181108,-1.5915460189463784,-0.6907901862945539,-1.8687401935071009,1.1413419513896799,-1.684689961688071,-1.1531410970706533,0.7776343233311583,0.4555773020786264,-0.05232965262725265,-1.2438427408496993,-0.6601950039087731,-0.9796210590764042,-0.8437418606686108,-0.8332225148654422
06073020214,4643,-0.551291734906334,36.591834054580175,Low,1.0,36.591834054580175,36.591834054580175,-0.7869517736893326,39.24512075790169,1.0,-0.3434308861118785,42.205121826445215,1.0,-0.938930161829336,36.5804444663918,1.0,-1.0550472217858837,33.225775791770644,1.0,-1.2341360050854235,32.54521472873043,1.0,-0.6973379636439413,39.32058698626241,1.0,1.196791867801457,62.41096438504788,1.0,1020,36598.0,3.5,8.8,18.7,384,86.1,10.59322033898305,3597,636,20.9,16.6,65.63413208649912,16.075268817204304,15.331461887281364,7.741935483870968,36.46209386281589,8.011869436201781,132.67284083566662,54.54884879,13.172043010752688,45.17766497461929,95.10752688172045,17.0,36.614258022830064,-1.609463402722553,-1.7273626389792627,0.6948822956012205,-0.505863348656735,-1.1866665828426048,0.09424349190344625,0.2869177190411929,-0.5682181725495483,0.2747203479112542,-0.6426531527933742,-1.6397710676069992,-1.7480167748282247,-0.6102758061961752,-1.4171195751144658,-0.3083324379950719,-1.8844610678378222,-0.6128219908035091,-0.2691642121824122,-3.3177272626797754,-0.7368305546759966,-1.4620732060192718,-0.6777055958378603,0.04776491092530811,1.320527077493599,1.0730566581093148
06073000202,3755,0.43014855441376143,60.536154155300885,High,1.0,60.536154155300885,60.536154155300885,0.3939420725056667,55.32096155647722,1.0,0.5384067262931556,62.24142723146019,1.0,0.47075844264274697,56.66297940328472,1.0,0.3657932128782295,55.79020325207838,1.0,-0.5349678539532354,42.543923522112166,1.0,0.48061534767110786,57.40576508442687,1.0,1.2964919328586593,63.44459800791153,1.0,108,120091.0,6.7,2.8,62.1,480,85.7,0.0,3472,367,15.7,10.2,41.14793856103476,2.1875,10.382659887610382,44.776785714285715,35.67567567567568,9.531502423263328,31.15845539280959,61.77971375,4.419642857142858,24.695121951219512,96.51785714285714,16.0,42.60985352862849,0.9308197619324121,0.15221212619548635,-0.1700986869947233,0.6628350888894917,0.892847685422326,0.5227639554384265,0.25165000865899917,0.4863652556528707,0.3576924940057247,0.45118358462266,0.3186423726612994,0.7555153192813038,0.9166111468666758,0.6848028375940115,0.28762390739975763,-0.4258650403475267,-0.5658027760827546,-0.5000698855643483,-0.02743687258624705,-1.0465618815795918,0.17211756198829156,0.8891209334615109,0.38060754756352105,1.185260268858461,1.4077235968588577
06073002712,5309,-0.7152995958422436,32.59051399057056,Low,1.0,32.59051399057056,32.59051399057056,-1.7548682407374925,26.06860105570952,1.0,-0.6086088236868932,36.17999195085015,1.0,-1.0096332423739531,35.57320280984527,1.0,-0.0797946504425738,48.713803415897864,1.0,-0.5588384810623265,42.202552925078095,1.0,-0.621512670681756,40.484736629880885,1.0,-0.37384106191070965,46.12753463607152,1.0,1532,52688.0,11.5,11.6,17.7,416,80.4,17.153284671532848,4615,746,19.5,15.8,61.42270861833106,11.941143180531975,6.290755657844266,56.59309564233163,44.02654867256637,2.0509977827051,21.28461103786024,86.35967642,12.73344651952462,34.44846292947559,92.24674589700057,5.0,9.417969485778867,-3.0355872846341123,-1.4650595645822453,-1.467570160888639,-1.0512559528449739,-1.2345816581482485,0.23708364641510632,-0.21564715390507702,-1.2212901291093534,-0.40100480988211384,-1.0899469859374773,-1.1125059106116884,-1.4350752630645334,-0.3476638350590005,-0.7914170992848355,0.7803888817590444,0.03951345081449628,-1.0650937347194298,0.6365801976934443,0.2925947667980709,-2.0994351540213914,-1.380181345013602,0.14303225801842784,-0.6273889250500938,-0.30267462612805834,-0.4450074976933609
06073019905,5562,0.18965406239179197,54.66878029456045,Moderate,1.0,54.66878029456045,54.66878029456045,0.10080962447986361,51.330466913336046,1.0,0.4738771971646438,60.7752464572761,1.0,0.09478321161810818,51.30680663682733,1.0,-0.1792400259541437,47.134507171753214,1.0,0.2787169457252964,54.18031935680831,1.0,0.7088046277236898,60.909166900272794,1.0,-0.15017314401491427,48.4463965160548,1.0,256,112063.0,3.9,9.6,49.2,373,95.2,0.0,4944,400,15.6,11.3,48.739495798319325,8.365200764818356,18.186793141189348,49.043977055449325,28.85304659498208,2.379841343910406,24.271844660194173,25.89919104,0.4780114722753346,29.178605539637054,97.75334608030592,7.0,12.585400934915498,0.518580827317352,-0.040412195178393576,0.5867596727767276,-0.6616898069962317,0.27474321397952406,0.0451421887900631,1.0892581302361175,0.4863652556528707,-0.6193874984027603,0.31699543467942903,0.3563041695895358,0.3252207406062282,0.44322398332142493,-0.2501959996916438,-0.6521838951929495,-0.25780419225340645,-0.15788410513777584,0.5866129723278964,0.19577237027120292,0.49036654543986224,0.9080731292600528,0.5461537041489402,0.6721870497620764,-0.03214100885778211,-0.26820527917204645
06073002905,4818,-0.28035587135212364,43.20188982088809,Moderate,1.0,43.20188982088809,43.20188982088809,-0.7450438543407685,39.81562507699678,1.0,-0.004381546073155523,49.90868995375301,1.0,-0.7337975899878548,39.5027792484368,1.0,0.07359150361285868,51.1497354615801,1.0,-0.333850886267679,45.42006996848492,1.0,0.2536061936756732,53.920481804958214,1.0,-0.47261492008393946,45.1035033998909,1.0,955,88529.0,5.9,11.3,43.6,499,80.3,8.974358974358974,4665,624,20.5,13.2,52.62172284644194,2.906350914962325,12.505227938101212,42.518837459634014,50.591715976331365,1.7970401691331923,34.8692403486924,46.80771624,4.520990312163617,31.473922902494333,95.90958019375672,4.0,8.302200083022,-1.4284125192767496,-0.605088425772924,0.0461465586542626,-0.9928210309676627,0.0064187922679200095,0.6075752971797246,-0.22446408150062638,-0.4070561922396403,-0.434193668319902,-0.5938574619049265,-1.4891238798940536,-0.4180153498325373,0.2011397319476209,0.5760043063509293,0.03201499471615396,-0.5147930185632694,-1.4576190045837254,0.6751686294210821,-0.14771105862185752,-0.4052421112862151,0.1531946297126599,0.37057178870134766,0.23705216261301199,-0.43794143476319647,-0.5072884054046825
06073003201,5335,-0.34839820020542744,41.54185270992877,Moderate,1.0,41.54185270992877,41.54185270992877,-1.1204089434272841,34.705674311361655,1.0,-0.6819595226471162,34.51338464655283,1.0,-0.531562329965986,42.383838698003515,1.0,-0.17072901162579712,47.269670952808625,1.0,-0.07786423559026745,49.0809003008904,1.0,0.3989115164792793,56.15136193940155,1.0,-0.2551748746608202,47.357798236884065,1.0,612,83169.0,8.1,20.2,20.0,504,88.1,31.97278911564626,4580,704,19.3,11.6,76.11548556430446,1.6982364467668192,7.645951035781544,35.40169823644676,38.34586466165413,9.83510011778563,18.74414245548266,23.68388301,1.502286087524494,29.23904052936311,94.64402351404313,6.0,11.246485473289598,-0.4730209343242792,-0.7336965925098443,-0.5485278668804485,-2.726390379994565,-1.1243769849452683,0.6298940713221715,0.46325627095216515,-2.696611447917533,-0.37777260897566206,-0.9191620678279107,-1.0371823167552157,0.2078676736948445,-1.26386215717628,0.7588531794306518,0.6171903369829228,-0.795097405740483,-0.7254509013801541,-0.5462010440004584,0.3749365878756042,0.5852584151439386,0.7168272891741981,0.5415306871196318,-0.061623426855992126,-0.16740781749292022,-0.3429419318287201
06073003202,5005,-0.04713988841126748,48.891688995536406,Moderate,1.0,48.891688995536406,48.891688995536406,-0.04761902648040567,49.309865848750086,1.0,0.1862478507551857,54.23999626264303,1.0,-0.015748309727288377,49.73216587431784,1.0,0.3403530455654349,55.386186871418886,1.0,0.17979745780112688,52.76568519170428,1.0,-0.36834160175974584,44.3716851419961,1.0,-0.60466863503318,43.73444551896301,1.0,202,99821.0,2.9,13.3,20.0,484,92.4,0.0,4395,417,16.0,12.8,57.861635220125784,6.013878180416345,11.411953469715202,86.50732459521974,30.985915492957744,2.260738507912585,15.784215784215784,39.00435594,4.163454124903624,49.61451247165533,93.6006168080185,3.0,5.994005994005994,0.6689923304877118,-0.3341474894308896,0.85706622983796,-1.3823871768164049,-1.1243769849452683,0.540618974752384,0.8423841575607565,0.4863652556528707,-0.2549738327558457,0.24786820592079492,0.2056569818765896,-0.26154459395069235,-0.12560577997729672,0.10567812989061429,0.16367187990495705,1.2176679524434648,-0.28540636024968147,0.6047104476932831,0.47087390985577887,-0.07098816609487298,0.21995144226629104,-1.0171053645516233,-0.3078708829939053,-0.5732082433983345,-0.6361290266680254
06073020019,7253,-0.27582217336883796,43.312499011210804,Moderate,1.0,43.312499011210804,43.312499011210804,-0.2017740966246802,47.21130942564939,1.0,-0.5047631223638566,38.53947872872945,1.0,-1.1433144760057452,33.668769422003,1.0,0.27943362461114396,54.41872295252218,1.0,0.5975267167016749,58.73957460222474,1.0,-0.3013455195507373,45.400279456380716,1.0,-0.6565183403496653,43.196897236322044,1.0,1180,89875.0,3.3,0.7,39.3,345,91.7,30.201342281879196,6648,992,15.2,15.3,72.64492753623189,4.758667573079538,5.156486970908589,79.77566281441196,4.740406320541761,0.0,10.89204467117055,48.35096453,5.370496261046907,42.391304347826086,93.0659415363698,3.0,4.136219495381222,-2.055127115819915,-0.5727924197229437,0.7489436070134671,1.0718795420306708,-0.19961603154634752,-0.07984294640763946,0.780665664391916,-2.5202591758933552,-1.7504637939625827,-2.0902586491506536,0.506951357302482,-1.2394868182122265,-1.0474483741437841,0.2956550328011981,0.9169824697439587,0.9525453700432032,1.2837883143049826,0.948225856976042,0.6294392553457221,-0.4713465598200466,-0.005419550931264034,-0.46456098067619406,-0.43405602704475377,-0.5732082433983345,-0.739828437300996
06073010005,6487,-0.8190595722851316,30.059069014623123,Low,1.0,30.059069014623123,30.059069014623123,-2.2430284501618427,19.42313852223021,1.0,0.17784334049134168,54.04903668906951,1.0,-1.6966586674933186,25.78578446885619,1.0,-0.5067147560915368,41.93386703441374,1.0,-0.04015089312186746,49.620233690656484,1.0,-2.109704459043551,17.63645115182377,1.0,0.6849968794248534,57.10496475811033,1.0,1482,34148.0,19.0,11.0,5.3,458,100.0,0.0,6006,1085,18.4,18.0,67.8475935828877,11.816578483245149,8.280757097791797,29.01234567901235,46.76923076923077,0.7874015748031495,28.0561122244489,33.45364032,14.770723104056438,59.1157476403378,82.93650793650794,15.0,23.123169415754585,-2.8963173742911867,-1.7273626389792627,-3.414047678286571,-0.9343861090903512,-1.6945663810824265,0.42456134921166017,1.4950131381832623,0.4863652556528707,-1.324318851621382,-2.468425253536123,-0.6982261444010862,-2.2956644204146834,-0.7483007497803209,-0.7725641551938396,0.5407442191598081,-1.0467383385517948,-1.229076155933246,0.8285815136379263,0.07311646149639293,0.16677460831145682,-1.7605682706441383,-1.7439090288425678,-2.8246360776439476,1.0499934602233227,0.3200002986263842
06073015602,2732,0.46917515357282913,61.48829092090544,High,1.0,61.48829092090544,61.48829092090544,0.2927750180353494,53.943745927006425,1.0,-0.6890131025213366,34.353119674215,1.0,0.38897689013167835,55.49791296216673,1.0,1.2009264879632484,69.05299036427083,1.0,0.7850742535582143,61.42166646082548,1.0,0.24285493295870175,53.755417143244955,1.0,1.0626315948839486,61.02006690809502,1.0,374,154333.0,9.0,2.1,42.3,122,58.9,0.0,2627,269,16.0,13.2,31.88405797101449,1.2135922330097086,3.668378576669112,90.65533980582524,10.0,0.6031363088057901,17.569546120058565,16.30367144,7.281553398058252,28.79120879120879,97.0873786407767,12.0,43.92386530014642,0.18990383890804724,0.973816761532357,-0.7918037682355579,0.7991832399365513,-0.055870805629416834,-1.0752602731607706,-2.1112865869480295,0.4863652556528707,0.9185842016043456,0.8496817268783156,0.2056569818765896,-0.4180153498325373,1.4942794721996513,0.8322043813763229,1.0961869802984907,1.3810351179785294,0.9693220817046458,0.8565803105107784,0.41300767521780624,0.9013869467996268,-0.3622396089299657,0.5757878907881816,0.5150165170178894,0.6441930343179084,1.481070155449989
06073019103,6413,0.019335553073465014,50.513498561607754,Moderate,1.0,50.513498561607754,50.513498561607754,0.11535794373785463,51.52851728427488,1.0,-0.04406828887032119,49.006964184713055,1.0,-0.2538972445239205,46.33947738406204,1.0,0.3565928054958195,55.64409119056828,1.0,0.48373637581605156,57.11227438814523,1.0,-0.21443540956522514,46.73461486893143,1.0,-0.3079373105760038,46.8107872820283,1.0,584,121601.0,1.8,8.7,34.3,452,75.8,0.0,6108,429,15.9,12.3,67.42424242424242,6.379893668438859,6.269641734758014,88.9801836636056,22.753346080305928,7.510058113544926,10.135661936691095,7.766023647,0.7249879168680522,60.53103695730175,96.37506041565976,6.0,9.355995633868703,-0.3950297845322408,0.18844315824264116,1.1544034426053158,-0.4863850413642976,-0.43919140807456536,0.3977788202407239,-0.621225823300314,0.4863652556528707,-1.3920241228344699,0.1990725150323473,0.24331877880482597,-0.06595614909838551,-0.7219018176626244,0.050281459064707955,0.7829315125695451,1.3150600680116495,0.2068113367044394,-0.19291482673519553,0.6539551782036833,1.267093815091279,0.8619593069272967,-1.85217258019553,0.34690704457255783,-0.16740781749292022,-0.4484668036590875
06073013801,5381,-0.14137835059736242,46.59254158031594,Moderate,1.0,46.59254158031594,46.59254158031594,-0.35360816378109705,45.14434947046665,1.0,0.26210223794235077,55.96349007444273,1.0,-0.580721410614777,41.683514561550275,1.0,-0.1866214799031751,47.01728198719272,1.0,0.24769376415534367,53.73666104963305,1.0,-0.35963521239052093,44.50535478817131,1.0,-0.01885818958966126,49.807795347649076,1.0,577,86477.0,8.0,5.5,32.6,405,96.5,3.1055900621118013,4712,610,17.8,14.3,70.56145675265554,10.083102493074794,9.69787392763894,63.49030470914128,17.880794701986755,0.0,19.513101653967663,56.15432483,4.265927977839335,40.221857025472474,90.74792243767314,8.0,14.86712506968965,-0.3755319970842312,-0.6543242388595212,-0.5214972111743255,0.1369207919936897,-0.5206470360941592,0.18798234330172317,1.203878188978249,0.17719545558359007,-0.465391195251423,-0.5369291558684043,-0.47225536283166797,-0.8483099285076129,-0.9175292687825506,-0.5102014903489782,0.3700888227690537,0.31115601674977456,0.498136668749754,0.948225856976042,0.35001303590696786,-0.805600505011389,0.20081819635766607,-0.29860758247276536,-0.9811162510564636,0.103125799777356,-0.14084217895667853
06073008346,4307,1.225901651209129,79.95024085843369,High,1.0,79.95024085843369,79.95024085843369,0.9628944106118537,63.06627011138526,1.0,0.21159758535322742,54.815969681328596,1.0,0.9062331848587397,62.86678689448751,1.0,0.7460594800619094,61.82922803778316,1.0,0.3110540325534221,54.642767644673185,1.0,0.8611176085900484,63.24763597130517,1.0,4.5823552564347025,97.51056185090431,1.0,139,183698.0,4.4,1.7,73.1,375,70.9,0.6097560975609756,4222,295,12.4,8.4,32.99492385786802,1.1845386533665836,13.098057792515396,74.93765586034912,7.769423558897243,5.647058823529412,28.790341304852564,37.29931549,1.683291770573566,21.42436727486757,98.1296758104738,88.0,204.31855119572788,0.8444724175197982,1.678402361575205,0.45160639424611126,0.8770964691062998,1.4199135137844048,0.054069698447041854,-1.0532552754821953,0.42566240466365834,-0.14014038256109845,0.7439577299533457,1.5614816712931041,1.459633720749608,1.4250091453325815,0.8366016586513912,-0.039376164902096035,0.7620032811657602,1.1026861802851475,0.09016477816527274,0.04931858421190433,0.002046587551363721,0.6830310948727187,1.1393196120085842,0.7610021188888423,4.518234433628263,4.6464760792411415
06073020105,3990,0.03178766995267903,50.8172943969041,Moderate,1.0,50.8172943969041,50.8172943969041,0.3449378608812702,54.653853410328566,1.0,-0.1455291661570421,46.701663191219296,1.0,-0.027976961565394403,49.55795553666542,1.0,0.20962702835617258,53.31012142414672,1.0,0.3820565763495931,55.658165382481506,1.0,-0.2536525613640393,46.132511909525924,1.0,-0.2869490868318069,47.028381259863124,1.0,260,114309.0,3.4,5.5,33.8,245,82.2,0.2227171492204899,3524,573,16.5,12.3,49.27835051546392,4.465493910690121,14.78549540347293,64.00541271989174,23.65038560411311,7.1024512884978,20.80200501253133,9.38394524,9.878213802435724,29.20212765957447,92.96346414073072,5.0,12.531328320802004,0.5074392344899179,0.013478465734129388,0.7219129513073438,0.1369207919936897,-0.46314894572738713,-0.5262184292565771,-0.05694245718520225,0.4641931675409981,0.323176081230425,-0.38647577562902413,0.017347997235407017,-0.06595614909838551,0.4096225892807866,0.3400270481985709,-0.24258477009076462,0.33144324603609737,0.15317817476515028,-0.13097965606311554,0.30823702242926715,1.1977907642670704,-0.8470710135743582,0.5443543630465586,-0.4582410335643184,-0.30267462612805834,-0.2712235475355555
06073016807,7822,-0.08689054743653384,47.92188725184097,Moderate,1.0,47.92188725184097,47.92188725184097,0.06775553671859544,50.880492299356604,1.0,0.3035573813194664,56.905395819478095,1.0,-1.3515624814299176,30.70205192765581,1.0,0.32916166531591773,55.208456085005395,1.0,0.3027283004058843,54.52370247973379,1.0,0.5083556249828379,57.831662996386584,1.0,-0.7682298593685211,42.0387356839418,1.0,772,119187.0,4.1,3.5,34.0,506,89.0,0.0,7429,1058,17.4,13.3,71.91489361702128,2.865876958349255,9.22680412371134,88.8421857088269,10.07751937984496,9.257975034674065,10.227563283047814,36.09209708,3.4772640427970956,27.690802348336597,97.09591134887276,2.0,2.5568908207619536,-0.9186846474216416,0.13052149508911023,0.5326983613644812,0.5264869378424318,-0.4535659306662583,0.6388215809791502,0.5426086193121031,0.4863652556528707,-2.2688737627608346,-2.358634949037116,-0.3216081751187211,-0.4571330388029992,-1.0019256077988716,0.5821300647542959,0.42681710545104745,1.3096250988571991,0.9646872698125093,-0.4585078594775532,0.6509764662168547,0.05375732507172635,0.34807235511261997,0.659964255301826,0.5170302645340679,-0.7084750520334727,-0.8279846667035693
06073018904,6860,-0.2139736875663804,44.821424167345214,Moderate,1.0,44.821424167345214,44.821424167345214,-0.35488043100063293,45.12702973818047,1.0,0.09969306916963175,52.27337790375637,1.0,-1.033780537696594,35.22919853797275,1.0,-0.3421327207720407,44.5476013473132,1.0,0.40258502181865685,55.951739893696875,1.0,-0.9192071586171294,35.91421776343903,1.0,0.6499069441334453,56.74117224783966,1.0,1126,85518.0,1.7,6.3,15.4,521,93.2,3.6312849162011176,5411,591,19.3,16.5,53.736991485335864,17.6345231752797,7.520685579196218,43.4203516249334,19.420783645655877,1.2624934245134138,26.96793002915452,29.42128189,3.516249334043687,65.74933687002653,91.31592967501332,15.0,21.865889212827987,-1.9047156126495555,-0.6773345433186082,1.1814340983114389,-0.018905666345807124,-1.3447863313512287,0.7057779034064909,0.9129195783251451,0.12486112629811964,-0.9293714362117022,-0.4596693119616956,-1.0371823167552157,-1.7088990858577626,0.13159486242282603,-1.6531136880271124,0.6322753502276978,-0.4792874077115743,0.4060621567483471,0.7563921071104045,0.10838668851129638,0.33949913490457945,0.34079327715398827,-2.2513501008655514,-0.8470646521398254,1.0499934602233227,0.24982042804356788
06073009400,4394,-6.379229652311856e-05,50.04021033374702,Moderate,1.0,50.04021033374702,50.04021033374702,-0.00231443915420472,49.926609966477415,1.0,-0.09710597800096912,47.80189045861096,1.0,0.754733502462754,60.70851048153108,1.0,-1.3995882431326727,27.754105156835614,1.0,-0.0868188513151329,48.95284155730407,1.0,1.2809035317376463,69.69263095565748,1.0,-0.45025606867308265,45.335307266554516,1.0,188,89893.0,5.6,7.6,33.4,452,80.6,5.94900849858357,1623,128,21.5,6.9,86.1788617886179,2.3300970873786406,31.46067415730337,0.0,12.12121212121212,9.171075837742505,6.5999089667728725,72.66957063,0.0,14.840182648401823,100.0,4.0,9.103322712790169,0.7079879053837309,-0.5723605266256928,0.12723852577263253,-0.2721236611474895,-0.4823149758496445,0.3977788202407239,-0.1980132987139808,-0.10587445768097514,1.5850164790351329,1.423031094817575,-1.8657418491764188,1.8766282851747265,-1.8913846769459457,0.6632206800931747,-2.2506826066174628,-2.1195063690604576,0.8424967744743631,-0.4453036728386259,0.7685562169423281,-1.513024723838597,0.9973242970865002,1.6429814441729806,1.2024048539534578,-0.43794143476319647,-0.4625707025829688
06073008324,7023,0.3995496459009009,59.78962880053665,Moderate,1.0,59.78962880053665,59.78962880053665,0.7480582852424149,60.14164537873032,1.0,-0.3362586956025504,42.368081760843936,1.0,0.15081118624554085,52.1049855781405,1.0,0.9405742811452534,64.9183258786951,1.0,0.1626722438724636,52.52077983264324,1.0,0.4952471670584362,57.630408164061826,1.0,0.6357430533447482,56.594329076359614,1.0,423,197535.0,4.8,3.2,82.9,265,45.6,0.0,6924,519,12.1,9.5,20.034246575342465,3.369639210347175,12.130726416440703,79.61198093941458,15.254237288135592,6.87797147385103,12.672647016944326,48.53764779,4.118447923757658,29.613960867266,98.05990469707284,15.0,21.358393848782573,0.05341932677198004,2.010408183056318,0.3434837714216184,0.5849218597197432,1.8894812517797124,-0.43694333268678964,-3.283937957155995,0.4863652556528707,-1.9336662925391737,-0.16689516663100987,1.674467062077814,1.029339142074533,2.2331988308778796,0.5058853358789717,0.07711410318895968,0.9460988546352032,0.6551761027783037,-0.09687032624270059,0.5717262646073273,-0.4793430656530762,0.22835470504278732,0.5128508922753571,0.7445359038571642,1.0499934602233227,0.22149264646617375
06073008312,4147,0.3475193596038761,58.520239471827544,Moderate,1.0,58.520239471827544,58.520239471827544,0.5170156403071922,56.9963967269331,1.0,0.09274851769074413,52.11559017461612,1.0,0.5982763649505526,58.479609772362245,1.0,-0.004554956125210702,49.90868820601239,1.0,-0.36552316950911445,44.9671289464435,1.0,0.5455267779600178,58.40235363008914,1.0,1.0491463419529512,60.88025946830747,1.0,318,143847.0,5.4,2.0,71.5,278,70.6,0.0,3962,438,12.3,10.6,74.40476190476191,2.564102564102564,13.026634382566584,69.3500298151461,12.096774193548388,12.747138397502605,45.57511454063178,56.55258245,1.2522361359570662,22.59450171821306,94.1562313655337,15.0,36.17072582589824,0.3458861384921241,0.7222150383227773,0.18129983718487883,0.8186615472289885,1.3432493932953755,-0.3789145199164277,-1.079706058268842,0.4863652556528707,0.03244168131540025,0.16247574686601157,1.5991434682213403,0.5990445633994582,-1.1571864652875006,0.6278038062456476,-0.030775046010784433,0.5419378805517946,0.8439578955254031,-0.9886803568457444,-0.4947104993180438,-0.8226597173980726,0.7635149765765725,1.0498093550748557,-0.17674399777137467,1.0499934602233227,1.0482992236825794
06073017403,4730,0.31654715295983304,57.76460671639584,Moderate,1.0,57.76460671639584,57.76460671639584,0.7731216843448274,60.48284049558167,1.0,0.2931753361375163,56.66950451129621,1.0,0.24892773806608642,53.50276170655113,1.0,0.14453933071739838,52.27646092568564,1.0,0.414189813396193,56.11769844230035,1.0,0.43026478437016086,56.63273028254329,1.0,-0.0883886163133511,49.086943392011655,1.0,67,154886.0,4.6,2.8,67.5,145,88.6,0.0,4668,629,12.6,10.7,81.15501519756839,0.0,12.293499249088178,83.08483290488432,11.41078838174274,2.75,14.587737843551798,43.60920971,2.365038560411311,31.958762886597935,96.60668380462724,7.0,14.799154334038056,1.0450210884136113,0.9870854772423414,0.39754508283386497,0.6628350888894917,1.1515890920728011,-0.9725939121055149,0.5073409089299082,0.4863652556528707,-0.4361849998261693,-0.6141889997751131,1.4861580774366312,0.5599268744289969,-1.5781123912358173,1.015882317553658,0.05751228794547194,1.082875108606281,0.8849723515846829,0.5303679878676726,0.5096542251081588,-0.26823531097574255,0.5557398044245625,0.33348361323940656,0.40157093544651357,-0.03214100885778211,-0.14463622376892007
06073016616,3568,-0.19317712942377413,45.32880036799495,Moderate,1.0,45.32880036799495,45.32880036799495,-0.198342027624899,47.25803114837492,1.0,-0.1594854514177023,46.38456127827247,1.0,-0.18164843280429777,47.368739648724876,1.0,-0.13269088433102688,47.87375607252279,1.0,-0.06503154806268249,49.2644188227467,1.0,-0.36945768208972046,44.354549902979784,1.0,-0.24558387963609035,47.457232223497726,1.0,247,70855.0,7.5,5.8,28.1,186,87.4,0.0,3285,434,18.6,13.7,75.42533081285444,5.17115804806992,10.138770886434438,59.14056809905317,28.640776699029125,3.241719520789288,35.59417040358744,46.67081518,4.224326292789512,39.816772374911906,90.45884923525126,5.0,14.013452914798206,0.5436494111790786,-1.0291594591513438,-0.3863439326437092,0.07848587011637842,-0.7362648749695553,-0.7895799641374505,0.4015377777833259,0.4863652556528707,0.4818188245630527,0.17874097716216078,-0.7735497382575603,-0.6136037946848442,-1.2208261383484662,0.23322434391062746,0.3169940858454651,0.13984417126826612,-0.1451926847462169,0.4556520347200361,-0.17120753533011462,-0.39937800689443453,0.2085857902117861,-0.26762034732402584,-1.0493384891569217,-0.30267462612805834,-0.18849313314412233
06073008311,2739,0.5439261742050078,63.31200081477215,High,1.0,63.31200081477215,63.31200081477215,0.9433352023075233,62.80000509538934,0.75,-0.4003196981441359,40.91254641803401,1.0,0.976550945445603,63.86853925255427,1.0,1.4984341028605546,73.77772146810264,1.0,0.6721939655006111,59.807380788668716,1.0,0.5835575129904246,58.98624147150211,1.0,-0.4662688115255259,45.169296247433735,1.0,90,,3.7,0.0,80.3,17,56.0,0.0,2721,344,11.9,10.2,0.0,2.5735294117647056,4.420505200594354,95.3125,8.264462809917356,9.03010033444816,12.778386272362177,2.999377722,0.0,34.53237410071942,97.51838235294116,3.0,10.95290251916758,0.9809569296558653,,0.640820984188974,1.2082276930777307,1.7649020559850388,-1.4855686169955142,-2.366977487218939,0.4863652556528707,0.8561891477413037,0.5447086588255179,1.7497906559342866,0.7555153192813038,2.797652033989971,0.6263770470128975,1.0056126081376244,1.564094722301726,1.0730882421657861,-0.4238826825102424,0.5682990374765199,1.4712712648703807,0.9973242970865002,0.136613413978446,0.6167348279063276,-0.5732082433983345,-0.3593293796527172
06073002002,2733,0.2398733390793587,55.89398619788319,Moderate,1.0,55.89398619788319,55.89398619788319,0.9043518930856989,62.26931431833857,1.0,-0.08974327247287686,47.9691791005251,1.0,0.8654870810112884,62.28631468845364,1.0,0.2742102323477721,54.33577003750928,1.0,-0.11546429341190073,48.543186979475465,1.0,-0.03363739502936194,49.51041613479425,1.0,-0.126090871975109,48.69606782851593,1.0,157,182125.0,3.5,3.7,68.3,214,67.3,0.0,2591,244,14.7,9.9,57.77126099706745,2.592912705272256,12.58767072720561,70.09507346585998,39.48339483394834,10.170807453416147,25.97877789974387,18.94212819,5.790838375108038,30.926916221033867,93.085566119274,5.0,18.294914013904133,0.794335249796345,1.6406597036876722,0.6948822956012205,0.48753032325755763,1.1899211523173159,-0.6645948289397479,-1.3706646689219462,0.4863652556528707,0.9424801796795531,0.9513394162292481,0.6952603419436646,0.8728683861926875,-0.11997030944417945,0.6234433735343216,0.022086874071585775,0.5712809912293605,-0.7934627763559065,-0.5972112083315915,0.14044714705165207,0.7883696639882427,-0.08390307432457807,0.41241544938533287,-0.4294245601488406,-0.30267462612805834,0.05049288217784035
06073002100,5333,-0.05207485951499574,48.77128989527393,Moderate,1.0,48.77128989527393,48.77128989527393,-0.2541193163814449,46.49871919403153,1.0,0.1600675756342306,53.645152063970045,1.0,0.016737899229574693,50.194966966895116,1.0,-0.08716194291261992,48.5968031303883,1.0,-0.7386872949947917,39.63055945764992,1.0,0.6737294251728972,60.37065550184385,1.0,-0.1350903623528162,48.60276622597736,1.0,580,79538.0,4.8,7.0,57.8,779,71.5,13.962264150943396,4981,371,17.3,10.7,46.41013608634444,3.5493827160493825,11.798179059180576,16.666666666666664,52.71493212669684,9.27546377318866,46.315394712169514,46.45924082,4.62962962962963,9.038322487346347,94.0972222222222,7.0,13.125820363772736,-0.38388819170480676,-0.8208190278497245,0.3434837714216184,-0.15525381739286692,0.6868128616080584,1.8574266491567502,-1.0003537099089042,-0.9036154983189818,-0.6439472536467236,0.43491835432651077,-0.28394637819048535,0.5599268744289969,0.588475998482783,0.4786810449559954,0.11716090799477537,-1.5329657230840332,-1.584564130860171,-0.4611652438444995,-0.5187045049337157,-0.39031530034078055,0.13291020869331502,2.078948418860562,-0.1906703520351849,-0.03214100885778211,-0.23803971584785033
06073002201,3170,-0.3502352766589501,41.49703332852441,Moderate,1.0,41.49703332852441,41.49703332852441,-0.7760494144332377,39.393537647611616,1.0,-0.3057153803809054,43.06205895489158,1.0,-0.456914841229731,43.44727270445103,1.0,-0.022259303536140307,49.62752471070375,1.0,-0.6466023063046378,40.947454377225036,1.0,-0.04762610365319941,49.2956467679651,1.0,-0.19647958707479907,47.96631762669343,1.0,782,38933.0,6.8,7.4,19.0,204,84.8,0.0,2755,538,20.4,14.6,62.944162436548226,4.954640614096301,3.677646306363927,30.00697836706211,55.51601423487544,6.278613472858077,33.4384858044164,54.32482887,9.769713886950454,27.164179104477608,94.83600837404047,5.0,15.772870662460567,-0.9465386294902267,-1.7273626389792627,-0.19712934270084645,-0.23316704656261542,-1.1722920602509117,-0.7092323772246416,0.17229766029906118,0.4863652556528707,0.8336207240036078,-0.2441550105377186,-1.4514620829658165,-0.9656629954189966,-0.4425372167590823,0.2659943916556253,1.0950709198217536,-1.0075653088628578,-1.752038234649471,-0.005798887287076138,-0.10133735594831972,-0.7272347473336841,-0.8268126207788118,0.7002486705954402,-0.016314360776226593,-0.30267462612805834,-0.09028454802153982
06073002202,4604,-0.7333312890660595,32.15059254124005,Low,1.0,32.15059254124005,32.15059254124005,-1.2181607672897508,33.37495117884063,1.0,-0.21044325588920917,45.226744783719056,1.0,-0.7971027856368843,38.60092844303529,1.0,-0.6821026518389164,39.14852439180847,1.0,-0.7430935541300407,39.56754614405693,1.0,-1.4053311443346415,28.45073107424596,1.0,-0.07708486434297314,49.20413426941369,1.0,1185,55790.0,6.4,13.0,16.9,251,94.0,5.416666666666667,3871,694,18.7,16.2,60.22471910112359,12.850904553961325,10.203189862355254,8.983156581409856,55.42168674698795,6.585081585081586,47.78453518679409,51.52457996,25.57704304429195,26.965174129353237,90.0187149095446,7.0,15.204170286707212,-2.069054106854208,-1.3906299874893484,-0.08900671987635363,-1.3239522549390934,-1.2729137183927635,-0.4994359002856409,0.9834549990895338,-0.05287840396796629,0.0928454036721748,-0.8784989920875377,-0.811211535185796,-1.5915460189463784,-0.27296073505172985,-0.9291100466687726,0.3092364714841713,-1.8355762971193341,-1.7463984815517206,-0.052366200859214264,-0.5663223746993333,-0.6072871594098948,-3.7782534738492752,0.7154716960826177,-1.153211655237267,-0.03214100885778211,-0.12202871982816417
06073018511,4357,-0.4079013051208753,40.09014810131802,Moderate,1.0,40.09014810131802,40.09014810131802,-0.47915035080745516,43.43530829064881,1.0,-0.8255559017292117,31.250719428070767,1.0,-0.33488405544761446,45.185732894220116,1.0,-0.645528782742116,39.729355564713984,1.0,-0.0194943433397764,49.91564020425792,1.0,0.16078252582697158,52.495355232756026,1.0,-0.7114782276069256,42.627104354589164,1.0,792,75000.0,7.2,4.7,33.2,560,80.9,40.229885057471265,3709,497,18.8,13.7,68.796992481203,11.746031746031743,16.064814814814817,39.94708994708995,40.04914004914005,4.30379746835443,24.09915079182924,31.42501556,2.9629629629629632,37.66169154228856,95.5026455026455,2.0,4.590314436538903,-0.9743926115588118,-0.929704076478856,-0.3052519655253395,0.29274725033318655,-0.491897990910773,0.8798643417175767,-0.17156251592733396,-3.5186274417963164,0.2003773050106086,-0.07743640000218922,-0.8488733321140332,-0.6136037946848442,-0.8075024705207191,-0.7618868628192275,-0.3966459996624193,-0.6160797979660982,-0.8272881585575463,0.2942710790849231,0.20136973435936037,0.2536699717541573,0.44409928051486164,-0.10276592385320571,0.14101422081925877,-0.7084750520334727,-0.7144814031803783
06073018516,3860,0.06385123861111815,51.59955324635582,Moderate,1.0,51.59955324635582,51.59955324635582,0.3924281041111739,55.30035147796563,1.0,0.0920568211106486,52.099874079349334,1.0,-0.10800432100520617,48.41787946826365,1.0,-0.08917233957814538,48.5648759353149,1.0,0.1034510993216911,51.67386628571598,1.0,0.47130707040570186,57.262854622259205,1.0,-0.41510776408803685,45.69970491649498,1.0,249,110313.0,2.6,5.3,38.0,396,82.8,0.0,3398,476,18.1,12.8,64.38631790744466,6.264501160092808,12.866108786610878,58.62335653518949,25.60646900269542,0.0,50.777202072538856,35.18357187,0.5413766434648105,34.77074235807861,96.5970610982212,4.0,10.362694300518134,0.5380786147653616,-0.08240180185555973,0.9381581969563297,0.17587740657856396,-0.261905629443684,0.14780854984531877,-0.004040891611911076,0.4863652556528707,0.4068120044936513,0.007956059052594116,-0.5852407536163777,-0.26154459395069235,-0.5324657869351699,0.0677461866781706,-0.011443852822119818,0.1194740947665375,0.036225760854043394,0.948225856976042,-0.6633208744879168,0.09267365394459577,0.8962419999750929,0.11837926654145271,0.39929994470055985,-0.43794143476319647,-0.3922740934128772
06073018903,5530,-0.5253462836155549,37.22482843806371,Low,1.0,37.22482843806371,37.22482843806371,-1.3878016695920437,31.06558175742691,1.0,0.1281406149650472,52.91973694714711,1.0,-0.9352815088754008,36.6324234638722,1.0,-0.21726670531128697,46.53060385722411,1.0,-0.14756885711884934,48.08406397319359,1.0,-0.2608903852537569,46.0213892250941,1.0,-0.8567554741225942,41.12095241226605,1.0,1617,80211.0,3.6,17.2,25.6,546,93.4,8.695652173913043,4674,546,19.0,17.5,70.44728434504792,14.328899637243047,4.823209428830463,61.60822249093108,40.929203539823014,4.6685878962536025,15.913200723327307,47.05662726,4.413542926239419,57.07220573689417,97.58162031438935,1.0,1.8083182640144664,-3.2723461322170864,-0.8046710248247344,0.6678516398950973,-2.1420411612214516,-0.8560525632336642,0.8173717741187253,0.9305534335162426,-0.37931018454111504,-0.4401676628387039,-0.276685471130017,-0.9241969259705058,-2.1000759755623766,-0.9104098135109681,-1.1528055180085792,0.9571172065938583,0.23703130368054126,-0.8799063392061853,0.23884178785834914,0.4666932422215908,-0.41590411934915206,0.17325650108990154,-1.5875868541793674,0.6316591973281951,-0.8437418606686108,-0.8697690875765778
06073018905,6182,-0.334866682834984,41.87198281248531,Moderate,1.0,41.87198281248531,41.87198281248531,0.16833483062720592,52.24970657862296,1.0,-0.08338021320287162,48.113754697041486,1.0,-0.848997111920611,37.86163778174081,1.0,-0.575960159655043,40.83417783107414,1.0,-0.09937610614819158,48.773261961012786,1.0,-0.7192875044372756,38.98359455149671,1.0,-0.1854005151081012,48.08117914948516,1.0,354,89716.0,5.6,1.7,16.8,415,85.4,0.0,5644,601,19.0,14.4,57.78577857785778,13.033832501386575,17.324882171298555,38.380476982806435,30.944625407166125,6.869834710743801,31.057910061468775,37.22464219,7.321131447587355,61.72465960665659,95.56295063782584,7.0,11.32319637657716,0.24561180304521754,-0.5766074754153262,0.12723852577263253,0.8770964691062998,-1.2777052259233277,0.23261989158661694,0.2251992258723536,0.4863652556528707,-1.0840315165317953,-0.5003323877020686,-0.9241969259705058,-0.8874276174780741,-0.1208755830497214,-0.9567963048190069,-0.5483888127253178,-0.6777799380261257,-0.28293766427924055,-0.09563395879054551,-0.02417799123621736,0.005245189713237097,-0.369629362828447,-1.9434795839618688,0.15524643347848854,-0.03214100885778211,-0.3386600213584203
06073018906,6175,-0.46082087979092445,38.79906269420531,Low,1.0,38.79906269420531,38.79906269420531,0.04887691256900853,50.623492267302254,1.0,-0.6221265956163,35.872853535610346,1.0,-0.6561966381173725,40.608288523415105,1.0,-0.2992697169302913,45.22831053697438,1.0,-0.43723637304303764,43.94156816022193,1.0,-0.51059741673456,42.18762425893199,1.0,-0.7491963306639184,42.23606449430446,1.0,308,81045.0,7.0,1.8,31.5,462,80.7,26.666666666666668,4899,513,18.8,14.8,46.2877030162413,16.243386243386244,14.373648311429047,51.5873015873016,41.0958904109589,9.785202863961814,34.81781376518219,41.41879278,3.5978835978835977,49.056603773584904,91.16402116402116,2.0,3.2388663967611335,0.3737401205607092,-0.7846599779854448,-0.251190654113093,0.8576181618138627,-0.5733536189303672,0.44241636852561766,-0.18919637111843143,-2.1683727609420194,-0.5895175258087509,-0.14249732118678604,-0.8488733321140332,-1.0438983733599196,0.5961105643523004,-1.4425642517007382,-0.1929883449655972,-0.15763683540713028,-0.8898723927807723,-0.5386192403069386,-0.14604421709214893,-0.17440964199229061,0.32555106267808204,-0.9744277464421447,-0.8829155664396173,-0.7084750520334727,-0.789917609294364
06073019105,7971,0.02657447315587972,50.69010739000316,Moderate,1.0,50.69010739000316,50.69010739000316,-0.05932837350549758,49.15046320706711,1.0,0.5123632351634317,61.64969091317728,1.0,-0.9274133373148897,36.74451405590235,1.0,0.9935290122694387,65.7593022191624,1.0,0.6374444045589326,59.31043203608169,1.0,-0.4063039863809328,43.78884668795014,1.0,-0.5642696426993248,44.1532793159332,1.0,660,122109.0,9.7,0.3,43.8,661,85.3,0.0,7754,893,14.0,13.4,10.27027027027027,3.618739903069467,19.353202282815474,93.6995153473344,1.4749262536873156,10.65242494226328,10.538200978547234,11.66148102,1.8739903069466883,70.35414384811975,98.02907915993538,4.0,5.01819094216535,-0.6067200482534879,0.20063214120949854,-0.9810183581784204,1.1497927712004195,0.016001807329048517,1.3307035793950037,0.21638229827680425,0.4863652556528707,-2.484601342606458,-1.6876941993209607,0.9588929204413199,-0.4962507277734604,2.797652033989971,0.46818379173996183,-0.7926479770707133,1.5009282004185351,1.479028341736339,-0.6703921747370413,0.6409080584749994,1.1002333927614332,0.647425114553711,-2.6035980481705714,0.737260974474062,-0.43794143476319647,-0.6905978506354531
06073019301,6412,-0.013898526155181192,49.70268262103261,Moderate,1.0,49.70268262103261,49.70268262103261,0.11745567276261634,51.55707426079676,1.0,0.05363566042451328,51.22690370624057,1.0,-0.3261306955736146,45.310433948713374,1.0,0.41097327420128704,56.5077097302899,1.0,0.4433623898033573,56.53489149632544,1.0,-0.15520871373442569,47.6439253925124,1.0,-0.6413772709700021,43.353871240180034,1.0,462,125564.0,5.9,5.2,57.0,451,73.5,4.918032786885246,6095,748,14.7,10.9,60.1965601965602,2.4261138067931185,10.518003790271637,80.85575650639612,20.96985583224115,4.224757076468103,12.164691203992511,24.14436839,3.043670048522276,53.38945502879929,96.64755183061314,3.0,4.678727386150967,-0.05521120329550203,0.28353162182070374,0.0461465586542626,0.195355713871001,0.6484808013635437,0.3933150654122345,-0.8240151579979318,-0.0032380670797933866,-1.383395019640645,-1.098079601085552,0.6952603419436646,0.4816914964880738,-0.27120482864897805,0.6486884901360654,0.27132520367169627,0.9950842316463646,0.3134445660694386,0.3062811335311453,0.5881901590854975,0.5655337005273476,0.4290301826880868,-1.305872249520803,0.4112159256294392,-0.5732082433983345,-0.7095462985416696
06073019403,5717,-0.04634370840002174,48.91111349772417,Moderate,1.0,48.91111349772417,48.91111349772417,-0.11902252793533863,48.33782985622717,1.0,-0.6225348655406164,35.863577200856405,1.0,-0.12421683863281299,48.18691466466198,1.0,-0.20271415330759296,46.76171355542701,1.0,0.21468909914638232,53.26466581685059,1.0,0.33973463726430625,55.24281625289928,1.0,0.18965869020552034,51.96957987373998,1.0,325,111389.0,13.3,0.0,34.4,237,73.6,11.702127659574469,4980,404,17.3,11.8,77.98165137614679,5.019685039370079,14.168270071715936,67.81496062992126,16.28498727735369,1.3113161728994658,24.313451110722408,53.17983821,1.968503937007874,34.040501446480235,95.81692913385828,10.0,17.491691446562882,0.32638835104411446,-0.05658419226434214,-1.9541219635988576,1.2082276930777307,-0.43439990054400096,-0.5619284678844922,-0.8151982304023837,-0.678612863331589,-0.6432834764779678,0.30073020438327985,-0.28394637819048535,0.12963229575392132,-1.380230764138025,0.2561498776012635,-0.16825580056976433,0.481480073876154,0.5935485160070685,0.7489735727087282,0.194423819484615,-0.6781895116148825,0.6297781492657758,0.17423955848688977,0.2151862040402532,0.3736594170476322,0.005657963363408486
06073019902,4446,-0.20995654125769994,44.91943098258724,Moderate,1.0,44.91943098258724,44.91943098258724,-0.32863838132190676,45.48427015756516,1.0,0.12869966245024944,52.93243911134587,1.0,-0.0647546309141134,49.03401796119658,1.0,-0.5393750520642548,41.41518748298135,1.0,-0.43169427010852973,44.02082502175853,1.0,0.21929451053063753,53.39369275944587,1.0,-0.453227627375982,45.304499834424284,1.0,592,81977.0,6.5,6.3,24.2,415,91.0,0.0,4052,259,18.0,13.6,79.53586497890295,14.374999999999998,9.900090826521344,58.984375,25.356576862123617,8.30945558739255,67.02654071075123,43.73366521,2.265625,37.44654856444715,95.625,4.0,8.99685110211426,-0.41731297018710894,-0.7622975131722342,-0.11603737558247677,-0.018905666345807124,-0.9231336686615653,0.23261989158661694,0.7189471712230754,0.4863652556528707,-0.02729826387261854,0.8903448026186885,-0.5475789566881407,-0.5744861057143829,-1.477146949573433,-1.1597828364668752,0.345736980839826,0.13369259694346294,0.051166580390913555,-0.314381926732498,-1.1899954195136697,-0.27356631457886466,0.5743016525790852,-0.08630841050199314,0.16989028951482057,-0.43794143476319647,-0.46851381998876757
06073019904,6071,-0.0811533298618574,48.06185885845873,Moderate,1.0,48.06185885845873,48.06185885845873,-0.07858015232878193,48.888383315254885,1.0,0.0793270965935591,51.8106409546128,1.0,-0.1913717306869073,47.23022078093389,1.0,-0.21228210432419498,46.60976451780765,1.0,0.07235524301057904,51.22916866693548,1.0,0.16931093448193316,52.62629233182213,1.0,-0.40683259577918895,45.78549715939847,1.0,325,111803.0,10.0,3.8,49.2,533,69.2,0.0,5641,541,16.2,11.0,41.3564929693962,8.19000819000819,22.85,47.583947583947584,33.056133056133056,3.1720856463124503,21.24855872179213,38.78033603,3.194103194103194,37.878036688150715,95.86404586404586,5.0,8.23587547356284,0.32638835104411446,-0.04665065102757254,-1.0621103252967903,0.4680520159651206,0.27474321397952406,0.7593429613483634,-1.2031430446065219,0.4863652556528707,-1.082040185025528,-0.25635393325983047,0.13033338802011682,0.44257380751761255,0.9036063078417919,-0.22368049497807058,-1.2137476266943643,-0.3153066034661369,-0.40918275010606436,0.46623278468609103,0.2937632966431961,-0.06139235918090665,0.40094229212137394,-0.11931539789237726,0.2263059092168028,-0.30267462612805834,-0.5109905654303195
06073020107,4681,-0.007079396276423939,49.869049775919294,Moderate,1.0,49.869049775919294,49.869049775919294,-0.17807955730092,47.53386986847979,1.0,0.11381511871735267,52.59424616079429,1.0,-0.09696306205584751,48.575174113261376,1.0,0.48980844346262137,57.75969441113057,1.0,0.36915501479128476,55.47366190246383,1.0,-0.026946042782324375,49.61314881183909,1.0,-0.7203456887671345,42.53517155595588,1.0,781,111970.0,1.6,11.0,39.5,431,81.2,0.0,4275,395,17.0,13.1,48.53801169590643,6.119162640901772,6.5503124326653746,72.46376811594203,36.10619469026549,5.980317940953823,10.681478316599016,4.841319228,3.462157809983897,52.46422893481717,98.30917874396135,2.0,4.272591326639607,-0.9437532312833682,-0.04264364284752298,1.2084647540175624,-0.9343861090903512,-0.19003301648521867,0.304039968842447,-0.14511173314068837,0.4863652556528707,-0.17532057250515398,0.3373269725496156,-0.17096098740577556,-0.37889766086207605,0.45578793887882507,0.0897432615818842,0.7491319215987591,0.6645706517910173,-0.5915431090498467,0.03952661646785453,0.6362641447434296,1.3923724070037018,0.3508928918533356,-1.2350964289600905,0.8033654087597818,-0.7084750520334727,-0.7322163255007963
06073020401,2269,0.23730549043826582,55.83133807705342,Moderate,1.0,55.83133807705342,55.83133807705342,0.7758022103863925,60.5193312521721,1.0,-0.11729785662112208,47.34310911265432,1.0,1.0151559775722614,64.4185095821462,1.0,0.18028499528880043,52.844139347247854,1.0,0.7848383788101833,61.41829324808194,1.0,-0.002787317327399184,49.98405897294659,1.0,-0.9748579550412555,39.89653299838602,1.0,134,143512.0,2.5,3.3,65.6,82,74.2,0.0,2244,251,12.4,11.1,66.0377358490566,4.540420819490587,14.70327723649247,87.59689922480621,8.609271523178808,2.5889967637540456,6.610841780520053,19.51462352,3.10077519379845,40.87403598971722,94.57364341085272,0.0,0.0,0.8583994085540908,0.7141770279017198,0.965188852662453,0.5654435524273062,1.060550448992078,-1.2538104663003458,-0.7622966648290913,0.4863652556528707,1.1728108572378033,0.922875263210987,1.5614816712931041,0.4034561185471513,-0.6354433488203572,0.32868681414113454,-0.23268369942315764,1.260580215257582,1.0524724486966857,0.5548321584921402,0.7682018619230655,0.7638470461288418,0.4183678843952506,-0.34849647087213387,-0.07823336550531426,-0.979008669303749,-0.9707072407787621
06073020404,5447,-0.1434824876468728,46.541206688527296,Moderate,1.0,46.541206688527296,46.541206688527296,0.3473215764553208,54.68630360235979,1.0,-0.06262625114255282,48.58530718738099,1.0,-0.5769790692948515,41.73682825087482,1.0,-0.10545652325057521,48.30626612082597,1.0,-0.17292605927082427,47.72143406832458,1.0,0.4222753521506773,56.51006811656044,1.0,-0.8559864391753039,41.128925329617914,1.0,333,104609.0,2.4,4.6,35.3,624,83.2,15.492957746478872,5008,910,16.7,11.7,58.187435633367656,3.386550556361877,18.070273284997217,52.00774068698597,29.82456140350877,4.216867469879518,21.479713603818613,62.31487243,1.596516690856313,39.69138448349764,98.4034833091437,1.0,1.8358729575913344,0.30410516538924637,-0.219263925562163,0.9922195083685763,0.31222555762562376,-0.3912763327689218,1.1655446507408969,0.031226818770283875,-1.0560001413124702,-0.6618692372031292,-1.7568214280795948,-0.057975596621065745,0.16874998472438327,-0.14592173475255268,0.5033257931845876,-0.6381520653345696,-0.1410780860997662,-0.2159700753422832,0.3074799459664942,0.2862710906505482,-1.0694851983580562,0.6992331687813903,-0.258028712413442,0.8256216000840836,-0.8437418606686108,-0.8682310176819971
06073020705,4879,0.0757022828474262,51.88868463805622,Moderate,1.0,51.88868463805622,51.88868463805622,-0.26553755821921143,46.343279449320335,1.0,-0.03097855067796293,49.30437720997344,1.0,-0.26699837797923576,46.15283760454294,1.0,0.9826632274624647,65.5867422278399,1.0,0.4923876622106397,57.23599526016658,1.0,-0.030945059819211623,49.551751696490804,1.0,-0.3506753630454994,46.36770343867438,1.0,468,129973.0,10.6,7.0,33.3,352,82.0,0.0,4532,557,16.5,13.2,33.33333333333333,3.2909498878085266,6.405693950177936,87.13537771129394,19.626168224299064,3.395953757225433,12.297601967616314,24.28126945,1.4210919970082274,46.666666666666664,94.76439790575915,5.0,10.24800163968026,-0.07192359253665312,0.38932143658620405,-1.2242942595335298,-0.15525381739286692,-0.48710648338020895,-0.048596662608213825,-0.07457631237629973,0.4863652556528707,-0.3459113048753854,-0.3214148544444273,0.017347997235407017,-0.4180153498325373,1.4039069265518849,0.5177950135861591,0.7665475107262874,1.2424034589855273,0.39378240309886303,0.4322164022179401,0.5838822473901885,0.5596695961355671,0.731987317373289,-0.791607827148015,-0.03321466968290888,-0.30267462612805834,-0.39867609996294046
06073020805,3823,0.17185851245143996,54.234620062117436,Moderate,1.0,54.234620062117436,54.234620062117436,0.34437243493577435,54.64615610755028,1.0,-0.05635417530663758,48.727815541758254,1.0,-0.1140975387220796,48.33107500854892,1.0,0.6660057508248027,60.55789135406552,1.0,0.844186972868045,62.26702943310446,1.0,-0.35006985998701756,44.65221213822701,1.0,-0.1310339974528077,48.6448203123498,1.0,186,122937.0,4.0,6.8,20.1,228,94.3,0.0,3450,388,18.4,13.4,45.357142857142854,7.279029462738301,1.674077949254512,74.87001733102254,10.94674556213018,0.0,15.171331415119017,13.41630367,0.0,61.693309650680874,94.45407279029465,6.0,15.694480774261052,0.713558701797448,0.22049922368303773,0.5597290170706043,-0.11629720280799266,-1.1195854774147038,-0.6021022613408966,1.0099057818761794,0.4863652556528707,0.3722955917183516,0.3657911255678767,-0.6982261444010862,-0.4962507277734604,0.6541375567670213,-0.08580330033632656,1.3363493698246098,0.7593393770439063,0.9127170417912143,0.948225856976042,0.49073875503097586,1.0250662376739479,0.9973242970865002,-1.9410814470381967,-0.106452430009356,-0.16740781749292022,-0.0946601774126952
06073020806,5230,-0.2311625321991207,44.402065799315494,Moderate,1.0,44.402065799315494,44.402065799315494,-0.41885896858072746,44.25607187183432,1.0,-0.08056447173898737,48.17773139197751,1.0,-0.864835317695263,37.63600545429055,1.0,-0.22768047122999577,46.365222397118856,1.0,0.190172899919313,52.914062980615775,1.0,-0.572485463978015,41.237453869499504,1.0,0.35611406790983086,53.69529464637256,1.0,540,90804.0,6.2,10.4,29.5,297,84.6,0.0,4849,803,18.7,14.1,71.08843537414967,5.8735689397710305,13.661621000191609,56.09756097560976,35.8974358974359,5.101558809636278,26.38623326959847,13.0802738,1.8914883026381284,58.184902459711616,91.98606271777004,11.0,21.03250478011472,-0.27247226343046616,-0.550501937092608,-0.03494540846410708,-0.8175162653357286,-0.6691837695416544,-0.29410317817512954,0.1546638051079637,0.4863652556528707,-0.5563286673709626,-1.3217265176576036,-0.811211535185796,-0.7700745505666897,-0.9503901044557491,0.1269140203712468,-0.10724290712941333,0.019997106293932584,-0.5790616142606755,0.17305258667580764,0.12724067900304975,1.03945994825907,0.644158003530937,-1.6727033722983888,-0.6889110231665933,0.5089262256827704,0.2033019101368914
06073000100,2948,0.47367594142774677,61.59809719875678,High,1.0,61.59809719875678,61.59809719875678,1.5396092358540265,70.91725159176512,1.0,-0.046231888608294996,48.95780485592686,1.0,0.9710000127755221,63.78946022834595,1.0,1.098047234882973,67.41916056419952,1.0,-0.35108483364770465,45.17360962710023,1.0,0.26772117195360023,54.13718979631574,1.0,-0.16332934321589418,48.3100005183649,1.0,65,231667.0,0.0,2.5,80.6,38,71.5,0.0,2884,408,11.5,9.7,37.0,0.0,5.936227951153325,90.5772495755518,25.157232704402517,8.894044856921887,20.691994572591582,69.47106409,3.480475382003396,27.484874675885912,93.97283531409168,5.0,16.960651289009498,1.0505918848273283,2.7456198025064404,1.640955245315534,0.721270010766803,1.7792765785767317,-1.4502156787538782,-1.0003537099089042,0.4863652556528707,0.7479934692341141,0.2844649740871306,1.900437843647233,0.9511037641336106,1.1752643860630352,1.015882317553658,0.8230826562189624,1.3779595796962363,0.06308518287046835,-0.40320928181218774,0.3118026874506789,-1.3760179230997782,0.3474727549124723,0.6757168373881419,-0.22002607643981356,-0.30267462612805834,-0.023984060303729998
06073016610,4853,-0.12029582411060769,47.10689458601992,Moderate,1.0,47.10689458601992,47.10689458601992,-0.34894252006865334,45.207864193475665,1.0,-0.3231757334145612,42.66534082794802,1.0,-0.38349120800329384,44.49327156887098,1.0,0.5847980311258196,59.268228098671266,1.0,0.6702495966948419,59.77957463439189,1.0,-0.1917939647688209,47.0822301416332,1.0,-0.8497149703395861,41.19394435492768,1.0,642,97700.0,6.6,7.8,31.8,301,89.8,15.639810426540285,4663,569,18.0,12.6,46.60493827160494,6.6537467700258395,4.976254387776172,76.29198966408268,24.846625766871167,1.4012738853503186,8.65444055223573,10.21779714,10.465116279069768,41.27290260366442,98.1266149870801,1.0,2.06058108386565,-0.5565828805300347,-0.38503889272361497,-0.1430680312885999,-0.31108027573236374,-0.5589790963386742,-0.27624815886117204,0.6131440400764918,-1.0706197185348905,-0.4328661139823905,-0.37021054533287495,-0.5475789566881407,-0.1833092160097692,0.5763287076107629,0.008833622512134823,0.9386868643776107,0.8153429300027702,0.08165608385973885,0.735304649787064,0.7019646151481439,1.1620730379844204,-0.9566535957464674,-0.3790080529383997,0.7602797543784044,-0.8437418606686108,-0.8556880800105613
06073016613,1945,0.27231763862752484,56.6855337859317,Moderate,1.0,56.6855337859317,56.6855337859317,-0.024674298913558018,49.62221889277672,1.0,-0.0451642108878583,48.982063649813476,1.0,0.715441133707117,60.14874830016346,1.0,0.5622889308553968,58.910760118553696,1.0,0.9114327290340489,63.22870186112601,1.0,0.7617571416387828,61.722149584476874,1.0,-0.9748579550412555,39.89653299838602,1.0,52,120227.0,13.7,2.5,43.1,82,89.7,0.0,1878,244,16.2,11.2,50.29239766081871,4.293628808864266,6.7885117493472595,76.31578947368422,11.11111111111111,0.0,8.740359897172237,11.77349098,1.5235457063711912,29.34472934472934,99.30747922437672,0.0,0.0,1.0868020615164888,0.15547531848582613,-2.06224458642335,0.721270010766803,-0.017538745384901775,-1.2538104663003458,0.6043271124809437,0.4863652556528707,1.415753301002413,0.9513394162292481,0.13033338802011682,0.3643384295766901,0.3463895941473182,0.36603893781489805,0.7204469198034317,0.8162802716559391,0.9028897779173549,0.948225856976042,0.6991797921525218,1.095435489090277,0.712857832540488,0.533445946881232,1.0389676454946286,-0.979008669303749,-0.9707072407787621
06073016614,4075,0.09876233969703246,52.4512836965586,Moderate,1.0,52.4512836965586,52.4512836965586,0.0377316372534485,50.47176849280165,1.0,-0.04173971732359989,49.05987185162498,1.0,-0.18852073395685176,47.27083630499692,1.0,0.38981904193325667,56.171758466625796,1.0,0.371423300017184,55.50610034148221,1.0,0.28074443758875073,54.3371366670185,1.0,-0.15812158763296097,48.36399156909378,1.0,477,124071.0,6.0,6.3,40.6,198,91.5,5.454545454545454,3672,529,17.9,12.8,81.2807881773399,1.2968299711815563,3.200198461920119,85.37463976945246,20.0,0.0,41.963190184049076,24.65463597,3.2420749279538903,40.81632653061224,98.27089337175792,6.0,14.723926380368098,-0.09699217639837975,0.2477084888098414,0.019115902948139453,-0.018905666345807124,-0.1373264336490107,-0.7360149061955779,0.7630318092008185,-0.05664933865062942,0.22493706025457189,-0.20755824237138287,-0.5099171597599037,-0.26154459395069235,-1.5859552240412202,0.8196062981457161,1.1525672739919728,1.1730578196365582,0.37143134761902674,0.948225856976042,-0.37764058899584074,0.543676584469508,0.39198532452297286,-0.34408194522393154,0.7943299334672108,-0.16740781749292022,-0.1488353577730017
06073016615,4230,-0.010049824827343732,49.796579863247565,Moderate,1.0,49.796579863247565,49.796579863247565,0.43043431287453415,55.81774071105027,1.0,-0.5290068328770865,37.98863537485044,1.0,0.042379703511856354,50.560262131167754,1.0,-0.4503153405273367,42.82954855519126,1.0,0.21313995516915388,53.24251171918146,1.0,-0.00464026342756237,49.95561059565875,1.0,0.2276596914850351,52.36355266204714,1.0,232,141150.0,2.5,8.7,35.1,410,90.7,31.182795698924732,3145,384,19.5,11.3,67.94871794871796,4.811547714514836,23.635924674070495,54.93183640737771,22.284122562674096,0.0,46.09929078014184,33.11761045,1.9246190858059344,53.87878787878788,97.83480352846831,9.0,21.27659574468085,0.5854303842819564,0.6575030559180247,0.965188852662453,-0.4863850413642976,-0.4008593478300503,0.21030111744417004,0.6924963884364298,-2.6179654895588955,0.5747476281888597,0.38205635586402587,-1.1125059106116884,0.3252207406062282,-0.7546065675736174,0.28765159064047074,-1.3083921076305207,-0.025914277545679272,0.23486577604515266,0.948225856976042,-0.5117001312411583,0.1811683188965791,0.6379720409333107,-1.3433041099174297,0.6914112787014318,0.23839260841249413,0.21692677455757606
06073017020,4382,0.3121062087934619,57.65626045241407,Moderate,1.0,57.65626045241407,57.65626045241407,0.9965423752010902,63.524329338025815,1.0,-0.0407481920547256,49.08240037935445,1.0,0.5801512530858116,58.22139800055392,1.0,0.5371400804404931,58.511370153957586,1.0,0.8672632609423873,62.597040295461255,1.0,-0.437369418668617,43.311897499707676,1.0,-0.3182358973922058,46.70401738578903,1.0,263,216161.0,3.2,4.9,69.3,256,76.1,8.189655172413794,4324,323,13.2,10.5,48.125,3.96361273554256,13.506672802577082,89.60363872644575,14.17910447761194,2.2857142857142856,5.020538566864445,6.322339764,0.9096816114359974,61.16295764536971,93.89213775178688,5.0,11.410314924691924,0.4990830398693424,2.4573215624671163,0.7759742627195902,0.2537906357483123,1.2378362276229595,-0.477117126143194,-0.5947750405136684,-0.32893682918499956,-0.20784565377418643,0.6301011178803013,1.2601872958672122,0.6381622523699194,0.48154213253436695,0.4159870749274352,-0.08858336860230952,1.3396144829024796,0.7194572973106558,0.6009154203145401,0.8197468657015826,1.3289334604427703,0.8274745112969621,-1.9005117975157066,-0.23907096978710649,-0.30267462612805834,-0.3337971686563533
06073003107,5527,-0.023412000728033008,49.47058120546892,Moderate,1.0,49.47058120546892,49.47058120546892,-0.14593208815396766,47.97150242770492,1.0,-0.14203803645424457,46.78098543825183,1.0,-0.5956421767167006,41.47095215196812,1.0,0.08021784439646718,51.25496866179822,1.0,0.5437252258874024,57.97016678748004,1.0,0.5981236808831231,59.20987660034531,1.0,-0.502338454938311,44.79534668005114,1.0,474,109970.0,6.2,8.1,25.6,277,86.4,1.2903225806451613,5164,796,16.4,13.1,71.61572052401746,7.531106745252128,9.82500911410864,82.84217419777342,20.869565217391305,2.1153846153846154,13.931608467523068,21.05787181,1.1787819253438114,32.072762087123024,97.83889980353636,4.0,7.237199203908087,-0.08863598177780421,-0.09063176476428429,-0.03494540846410708,-0.36951519760967505,-0.8560525632336642,-0.3833782747449171,0.3133685018278397,0.3579101903337632,-0.7654184755290284,-1.2932623646393424,0.055009794163644064,-0.37889766086207605,-0.9832700543360626,-0.12395535318401503,0.3547786484875588,1.0733181366183875,0.31944084900288594,0.6267967268926808,0.5309207300590322,0.6977425975950103,0.7772298651498464,0.32476316424547197,0.692378013254051,-0.43794143476319647,-0.5667354751134255
06073003108,3447,-0.1880052933909106,45.4549782912236,Moderate,1.0,45.4549782912236,45.4549782912236,-0.20258032214615257,47.200334050366756,1.0,-0.5909464183777549,36.58130092427429,1.0,0.27318798711894227,53.848375126164576,1.0,0.13146700572985565,52.06885877577307,1.0,0.06265030771567867,51.09037970505959,1.0,-0.31215889940102,45.23426107640168,1.0,-0.6776567143759233,42.97774658568133,1.0,300,101914.0,7.9,8.4,20.8,292,85.6,16.9811320754717,3230,334,16.4,12.3,76.96969696969697,7.592407592407592,5.493863237872589,83.51648351648352,34.2560553633218,2.815533980582524,19.437191760951553,40.64716864,3.3966033966033966,29.88348183687457,87.3126873126873,2.0,5.802146794313896,0.39602330621557735,-0.2839279198449989,-0.4944665554682023,-0.4279501194869865,-1.0860449247007533,-0.31642195231757647,0.24283308106344983,-1.2041518775561395,0.5183265688446197,0.585371734565891,0.055009794163644064,-0.06595614909838551,-1.317128266042687,-0.13323327437135987,0.8763541465465094,1.09987541678696,-0.4809249930151431,0.5204102098747989,0.3524734319426069,-0.141357417939548,0.36313278208554595,0.4922336962122142,-1.79184317650082,-0.7084750520334727,-0.6468383767183741
06073017809,2625,0.4468184763520418,60.94285230218533,High,1.0,60.94285230218533,60.94285230218533,0.4252021973290375,55.74651444730085,1.0,0.219393051490991,54.99309111288638,1.0,0.9102699327181853,62.92429472257207,1.0,0.485172259941645,57.68606698316645,1.0,0.6342974819517094,59.265428323178035,1.0,0.3845228119307611,55.93045141445781,1.0,0.06887159910196336,50.71732794691427,1.0,171,141181.0,7.1,3.3,60.7,142,89.1,0.0,2539,150,14.5,10.7,57.2972972972973,2.1615472127417523,8.483685220729367,76.56427758816837,12.46458923512748,4.352557127312296,17.523809523809526,13.67766024,2.1615472127417523,32.082794307891334,95.90443686006826,6.0,22.857142857142858,0.7553396749003257,0.6582468718077344,-0.2782213098192161,0.5654435524273062,0.825766579994425,-0.9859851765909831,0.5514255469076513,0.4863652556528707,0.9769965924548528,1.3335723281887544,0.7705839358001373,0.5599268744289969,-0.09041532824010438,0.6887308080209665,0.5163067285243478,0.8260668314613699,0.8219665750036574,0.28686213101561964,0.4144900925368621,1.0138711292506986,0.593734374587566,0.32399574246441587,0.23583831874030142,-0.16740781749292022,0.30515101569684694
06073018612,5033,0.06391815807584243,51.60118588881178,Moderate,1.0,51.60118588881178,51.60118588881178,0.26168513532061083,53.52051058999545,1.0,-0.27499517395845563,43.76005530855878,1.0,-0.0781578789790282,48.84307423314375,1.0,0.6622491264717031,60.498232242709236,1.0,0.3229335916193995,54.812655605819785,1.0,0.40548404660669224,56.252270334299745,1.0,-0.8517717405500247,41.17262093008544,1.0,425,149107.0,5.3,6.5,31.3,269,83.0,6.006006006006006,4523,403,16.9,12.5,36.7003367003367,7.184750733137831,7.017896641866077,76.75953079178885,15.406976744186046,0.6554989075018208,13.51082853169084,54.7977598,0.3665689149560117,47.14661984196663,99.633431085044,1.0,1.9868865487780647,0.04784853035826301,0.8484237989638596,0.2083304928910022,-0.057862280930681374,-0.5829366339914959,-0.41908831337283214,0.0135929635791864,-0.111548712048681,-0.33993731035658353,0.30479651195731716,-0.13329919047753852,-0.14419152703930796,1.1939505073702046,-0.07153415621409571,0.6928233894533815,0.833756765277322,0.6460439522281193,0.8486239018154693,0.5445590747445969,-0.7474925623105872,0.9288809528442246,-0.8283221827347386,1.1158933697105906,-0.8437418606686108,-0.8598016204314386
06073019503,5372,-0.1682105795458292,45.937912372661344,Moderate,1.0,45.937912372661344,45.937912372661344,-1.0620092518719604,35.50068577420763,1.0,0.03650151429615274,50.83759735340119,1.0,-0.4451027292989353,43.61554898176231,1.0,-0.7689068213931138,37.76998367789574,1.0,-0.3578691588969162,45.07658791291515,1.0,0.12261990041828652,51.90944247154557,1.0,1.297292489925682,63.45289772868925,1.0,601,85481.0,9.5,17.5,19.4,359,96.8,4.0201005025125625,4455,427,19.1,14.0,65.08108108108108,20.94554159186116,11.12165496299108,41.77139437462597,47.3015873015873,3.074245939675174,57.5204765450484,31.97261979,2.214242968282466,42.12147887323944,95.87073608617594,19.0,35.36857781087118,-0.44238155404883556,-0.6782223235740683,-0.9269570467661741,-2.200476083098763,-1.1531260301286543,-0.017350378808788182,1.2303289717648946,0.08615349435715873,-0.29480046288119155,0.20720513018042191,-0.961858722898743,-0.7309568615962285,-0.5757891734056225,-2.1542383762550448,0.19863089365260472,-0.544230629564393,-1.260905259725838,0.4810993633514148,-0.8818842938286222,0.23021355461538084,0.583895368634176,-0.44392049129066374,0.2278848239113473,1.5910606947638755,1.0035242850874886
06073020208,3527,-0.17866356506092132,45.6828895924625,Moderate,1.0,45.6828895924625,45.6828895924625,-0.7647665156210851,39.54713492956464,1.0,-0.2638618451982291,44.013016593126764,1.0,-0.30731717717437435,45.57845281425575,1.0,0.35402918432141045,55.60337821350599,1.0,0.06799935401023713,51.16687568980231,1.0,0.34460178230372246,55.317541782359505,1.0,-0.6813297380681307,42.93966676312893,1.0,337,114211.0,10.3,17.6,11.9,375,81.9,0.0,3057,556,18.5,14.2,55.04587155963303,12.79373368146214,2.5435838811088884,82.37597911227154,65.38461538461539,0.0,13.04224553444854,11.52457996,0.6527415143603132,48.355663824604136,99.47780678851174,2.0,5.670541536716756,0.29296357256181227,0.011127047760208083,-1.1432022924151601,-2.2199543903912007,-1.5124890949209813,0.054069698447041854,-0.08339323997184785,0.4863652556528707,0.6331600190393669,-0.31734854687039005,-0.7358879413293233,-0.8091922395371509,0.04997695368213396,-0.9204571997038038,1.2316396688744584,1.0549573144328532,-2.3420727532310908,0.948225856976042,0.5597468151427835,1.1060974971532138,0.8754486814905942,-0.920808852232859,1.0791655176534323,-0.7084750520334727,-0.6541844241027888
06073020209,4507,-0.5714321764227136,36.10046521239404,Low,1.0,36.10046521239404,36.10046521239404,-0.7890182616117727,39.21698907531196,1.0,-0.4426946345499023,39.949741979438514,1.0,-0.9171228156461699,36.89111363844513,1.0,-0.38347201799214536,43.891090207409114,1.0,0.35316250671049054,55.24495521592966,1.0,-1.234695950901897,31.070502022214008,1.0,-0.586184060967599,43.926083079555724,1.0,807,56230.0,9.1,5.9,16.2,335,86.8,11.801242236024844,4069,732,18.8,16.6,58.0952380952381,14.589486119314826,9.438202247191011,40.28352037802717,22.00772200772201,4.079320113314448,34.16907033503439,14.98444306,11.636148848198465,45.18599562363239,87.06438275251034,3.0,6.656312402928778,-1.0161735846616895,-1.380072600667661,-0.818834423941681,0.059007562823941206,-1.3064542711067137,-0.12448049469253324,0.34863621221003344,-0.6884799846103957,-0.03858247574146653,-1.033018679900955,-0.8488733321140332,-1.7480167748282247,-0.14017256765852756,-1.192245443480048,0.401359620366648,-0.6028296811966539,0.25139150911535024,0.3283800351722285,-0.12501710586510853,0.957895588419492,-1.1753011187024436,-0.6783428546911721,-1.8504438793120754,-0.5732082433983345,-0.5991598785368635
06073020210,4445,-0.19772187784433579,45.21792157878755,Moderate,1.0,45.21792157878755,45.21792157878755,-0.4196274976210673,44.245609669375234,1.0,-0.09200894541543161,47.91770055800627,1.0,-0.5747800720299849,41.768155339181924,1.0,0.3678523054141952,55.82290378834432,1.0,0.1583360372407644,52.458768330391486,1.0,0.15103298254242895,52.3456699905796,1.0,-0.9748579550412555,39.89653299838602,1.0,531,73693.0,8.1,5.8,22.6,266,89.4,0.0,4044,534,18.8,15.2,44.936708860759495,5.84070796460177,8.932661475034356,60.58997050147492,39.770114942528735,3.198172472872644,32.62092238470191,12.68201618,3.893805309734513,37.81609195402299,96.16519174041298,0.0,0.0,-0.24740367956873954,-0.9610643141514595,-0.5485278668804485,0.07848587011637842,-0.9997977891505949,-0.43247957785830027,0.5778763296942981,0.4863652556528707,-0.021988046522572424,-0.2278897802415694,-0.8488733321140332,-1.2003691292417646,0.6803545832327407,0.13188754931753505,0.462239047557833,0.19692804154867216,-0.8106055059755306,0.4622689353194575,-0.07483844102662313,1.0565191606457538,0.2702985009724443,-0.11457689190360232,0.2973773385584449,-0.979008669303749,-0.9707072407787621
06073016617,3607,-0.8955893084336684,28.19196357835281,Low,1.0,28.19196357835281,28.19196357835281,-1.1068445851335769,34.890329744334814,1.0,-0.983263942304665,27.667421980394064,1.0,-1.2155496192296833,32.639701879806715,1.0,-0.042246639037742076,49.310104984288564,1.0,-0.7323117059360784,39.72173589107459,1.0,-1.5040688343252382,26.934806214297332,1.0,-0.684839833068696,42.903276092672016,1.0,872,46146.0,9.5,9.7,21.3,256,98.0,42.35294117647059,3433,1139,18.8,16.5,67.58448060075094,3.27455919395466,8.982533961741058,45.08816120906801,46.80306905370844,6.423099587507367,32.436928195176044,74.73553205,13.97984886649874,31.265508684863523,80.9823677581864,2.0,5.544774050457444,-1.197224468107493,-1.6220287113719716,-0.9269570467661741,-0.6811681142886687,-1.0620873870479315,-0.477117126143194,1.3361321029114783,-3.7299833589390126,0.38357980358719956,-2.688005862534137,-0.8488733321140332,-1.7088990858577626,-0.7318937986881355,0.5202757552535036,0.45623318494392073,-0.41360169766025706,-1.2310993156079013,-0.027753309099112413,-0.06887481024671958,-1.6015193887905805,-1.612901418696246,0.38651458080944034,-3.2858196650889084,-0.7084750520334727,-0.6612046141039193
06073016804,9452,-0.4397490635700576,39.31315440022803,Low,1.0,39.31315440022803,39.31315440022803,-1.184220609667674,33.836988111600604,1.0,0.18969668596828282,54.318357533073225,1.0,-2.1549334758007905,19.257165439564062,1.0,-0.4129853639532428,43.42238750314832,1.0,-0.2794804782970115,46.19761379023329,1.0,-0.010358647039871561,49.86781595637311,1.0,0.7740384437999039,58.02809710228307,1.0,774,87841.0,10.6,16.3,21.7,536,89.0,0.0,8671,1438,21.5,14.6,52.56136606189968,12.67509395285275,14.28108458463865,35.9754014349163,42.21556886227545,3.399339933993399,25.391451544646635,54.90976976,2.186539118551418,44.64934339200894,94.97779296207722,18.0,19.043588658484975,-0.9242554438353586,-0.6215963397122899,-1.2242942595335298,-1.9667363955895178,-1.0429213569256741,0.7727342258338316,0.5426086193121031,0.4863652556528707,-3.0873110118366918,-2.701018046771056,-1.8657418491764188,-0.9656629954189966,0.2049034033712972,-0.9025010032921236,-0.18184141681252136,-0.7725024390796236,-0.9568169299005223,0.43170187836023594,0.1594836043339837,-0.7522904659817435,0.5890680498043891,-0.6372912649274043,0.017147274003400513,1.4557938861287372,0.09228300147107073
06073016810,2948,0.13829081639510685,53.41566483054308,Moderate,1.0,53.41566483054308,53.41566483054308,0.37067744213149934,55.00425358536035,1.0,0.08695071910568028,51.98385791292422,1.0,-0.016099923870319152,49.7271567515305,1.0,0.15566128585115274,52.453089168878705,1.0,0.8520498490307635,62.37947535745347,1.0,0.1690428528280821,52.6221764603286,1.0,-0.650246510311111,43.26192000637758,1.0,236,135313.0,6.5,3.6,31.9,210,95.3,0.0,2754,433,18.1,13.4,75.1937984496124,5.662514156285391,8.648280558392917,85.3907134767837,11.895910780669144,0.0,13.5685210312076,12.57000622,2.944507361268403,29.595278246205737,92.97848244620612,2.0,6.7842605156037985,0.5742887914545223,0.5174497221039568,-0.11603737558247677,0.5070086305499948,-0.5541875888081098,-0.6824498482537054,1.0980750578316656,0.4863652556528707,0.8342845011723635,0.1828072847361981,-0.5852407536163777,-0.4962507277734604,-1.206388461692908,0.158857292581268,0.49648543926898475,1.1736908732472662,0.8559673328631344,0.948225856976042,0.5426891419669677,1.0613170643169099,0.44754518945160465,0.5142800325086098,-0.45469666347596804,-0.7084750520334727,-0.5920179685887493
06073017006,3028,0.21760604986667187,55.350728389450175,Moderate,1.0,55.350728389450175,55.350728389450175,0.4367038248303688,55.90308934455489,1.0,-0.13084152711091376,47.035382254079686,1.0,0.5659742149088521,58.01943079759346,1.0,0.49761523714423367,57.88367443410055,1.0,0.775605896644927,61.286260774261436,1.0,-0.12637075896502928,48.08667600323831,1.0,-0.4954445383857351,44.86681888960156,1.0,181,158026.0,10.7,0.0,57.5,62,79.0,0.0,2911,491,13.3,11.2,80.0,0.7766990291262136,3.90987408880053,94.46601941747574,7.82608695652174,8.035714285714286,6.605019815059445,2.153080274,4.854368932038835,39.91031390134529,94.07766990291262,3.0,9.907529722589167,0.7274856928317406,1.0624268286516567,-1.2513249152396528,1.2082276930777307,0.6724383390163655,-1.3430855628701333,-0.3390841402427581,0.4863652556528707,0.7300714856777085,-0.05303855455796541,1.2225254989389753,0.3643384295766901,-1.506089043306199,0.8983284384001635,1.0671050362545258,1.5311165172284444,1.099298328244998,-0.27278739691205045,0.7683905638190867,1.5075220914276737,0.09094835974218961,-0.2747758721550757,-0.19528476448220172,-0.5732082433983345,-0.4176808333731357
06073020601,6208,-0.27227911455091747,43.398939455316416,Moderate,1.0,43.398939455316416,43.398939455316416,-0.9677045548431144,36.784482197466566,1.0,0.23559250589499,55.36116025766682,1.0,-1.2919884025281352,31.550748949879598,1.0,-0.9382153242368121,35.08118813293149,1.0,-0.031183332397905106,49.74847755891717,1.0,0.03577326501115304,50.57608158747884,1.0,1.051772041243401,60.907481226573935,1.0,797,64231.0,6.0,15.0,24.8,532,89.6,0.0,5321,740,20.8,16.3,73.42814371257485,20.423280423280424,8.105004101722724,26.560846560846564,36.57534246575342,0.995285489785228,32.37757731958763,42.83758556,3.9153439153439153,37.62788935202728,94.65608465608466,18.0,28.994845360824744,-0.9883196025931044,-1.1880961189396573,0.019115902948139453,-1.7135184007878355,-0.894384623478179,0.7548792065198741,0.5955101848853943,0.4863652556528707,-0.8696314910236834,-1.0655491404932536,-1.6021092706787634,-1.6306637079168402,-1.0962874295013343,-2.075193824896495,0.5619091623594916,-1.1432892049089107,-0.6195930198379582,0.79699390282472,-0.0669511260837285,-0.23518308649465375,0.2662769537596922,-0.10018020154375967,-0.058776957182473395,1.4557938861287372,0.6477501963580649
06073020602,6320,-0.6250572274761862,34.792168210717705,Low,1.0,34.792168210717705,34.792168210717705,-0.8088045843427148,38.947632286607565,1.0,0.34321896441419397,57.80654993283581,1.0,-1.7478481596498163,25.056534930076204,1.0,-0.7954111817152525,37.349066802728025,1.0,0.19485691026329832,52.9810483765307,1.0,-0.698348432605282,39.30507320404968,1.0,-0.8630641086977309,41.05554807368834,1.0,1410,76014.0,5.8,4.7,26.0,594,92.8,1.867219917012448,5423,1144,20.6,16.8,66.63732394366197,17.415730337078653,14.849377865094956,39.376915219611845,18.236173393124066,3.736479842674533,17.08860759493671,49.17237088,10.674157303370784,48.13049853372434,94.0755873340143,1.0,1.5822784810126582,-2.695768703397374,-0.905374098667058,0.07317721436038599,0.29274725033318655,-0.8368865331114068,1.0316320058862154,0.8776518679429502,0.30047851693901695,-0.9373367622367714,-2.701018046771056,-1.5267856768222907,-1.826252152769147,-0.6728318975105679,-1.619999256442885,-0.2502777750575463,-0.6385357978500111,0.47688890609750667,0.38047403696645815,0.4285958837316129,-0.5065311857423844,-0.9956843651413824,-0.9035846749993569,-0.1957762576751066,-0.8437418606686108,-0.882386356726851
06073020707,5273,-0.1832679824091023,45.57055505304948,Moderate,1.0,45.57055505304948,45.57055505304948,-0.36128116988730163,45.039894675476155,1.0,0.04195916238382747,50.96160102747846,1.0,-0.6439848368600035,40.7822588063666,1.0,-0.4939826224360442,42.136066591292355,1.0,-0.09147015502363523,48.88632389454214,1.0,0.15568112515995483,52.41703316453238,1.0,0.11020261979948602,51.14582448436107,1.0,914,100016.0,2.6,10.0,28.9,350,94.8,6.198347107438017,4532,583,19.6,13.8,66.6329625884732,12.126984126984128,10.527321360336265,36.44444444444444,36.00525624178712,6.69431279620853,30.912194196851885,30.15556938,1.2063492063492065,39.17844522968198,94.53968253968252,9.0,17.068082685378343,-1.3142111927955507,-0.3294686475440054,0.9381581969563297,-0.7396030361659802,-0.6979328147250405,-0.057524172265192575,1.0539904198539225,-0.1306967833283795,-0.3459113048753854,-0.42713885136939717,-1.1501677075399255,-0.652721483655306,-0.672559936238659,-0.8195442416421325,0.2702031412000021,-0.7540294530633876,-0.5855080927440273,-0.06896369944889845,-0.019455039834388663,0.3080462119327735,0.7720826831966188,-0.21879106355903669,-0.08624824415771756,0.23839260841249413,-0.017987368813522087
06073008339,1824,0.45685443314884383,61.18770078117543,High,1.0,61.18770078117543,61.18770078117543,-0.01606200310488201,49.739460503253916,1.0,0.5160112295793352,61.73257729634423,1.0,0.7061069934532824,60.015773402616006,1.0,-0.8998309464735943,35.690772071082804,1.0,-0.4427308599244983,43.86299224939444,1.0,0.14808482719218652,52.300406809044276,1.0,3.1864017913200775,83.03810953437241,1.0,577,80804.0,5.6,1.2,68.5,330,88.8,0.0,1757,123,20.0,9.1,62.323943661971825,3.372243839169909,32.87369001654716,23.08690012970169,9.183673469387756,10.244470314318974,59.75877192982456,65.97386434,14.656290531776914,18.29134720700986,98.31387808041504,20.0,109.64912280701752,-0.3755319970842312,-0.7904425466764147,0.12723852577263253,0.9744880055684854,1.1995041673784448,-0.14679926883498012,0.5249747641210057,0.4863652556528707,1.4960703384218605,1.4433626326877615,-1.300814895252871,1.1858098979563787,-0.4038621995923471,0.5054911236933174,-2.420844146221562,-1.2801085637737855,1.018129488568778,-0.6084041560004211,-0.95443205898123,-1.22621671328512,-1.7392021710718484,1.3789821848413975,0.8044744678070105,1.7263275033990135,4.6464760792411415
06073013412,5358,0.1641385145293767,54.04627431817937,Moderate,1.0,54.04627431817937,54.04627431817937,-0.22921229991602216,46.837785429964406,1.0,-0.01590963139374091,49.646759372692436,1.0,-0.08788670711069982,48.70447658098887,1.0,0.2683965847849712,54.24344325294558,1.0,0.4097585772002874,56.05432793515438,1.0,0.34200964698372166,55.27774459475754,1.0,0.4618134311571196,54.791125583945075,1.0,193,123571.0,12.4,6.9,37.9,326,84.7,2.834008097165992,4792,742,13.7,11.7,57.21830985915493,4.651162790697675,9.123604012871477,65.9468438538206,21.147540983606557,1.8478260869565215,17.357222844344903,31.53702551,0.9966777408637874,47.17893605588394,99.33554817275748,12.0,22.396416573348265,0.6940609143494384,0.23571145833065105,-1.7108460622437482,-0.13577551010042987,-0.26669713697424846,-0.16465428814893762,0.16348073270351307,0.20423216684470935,-0.5184933687518841,-1.073681755641328,1.0718783112260297,0.16874998472438327,-0.08548990409731057,0.31192594820424363,0.43924491341437977,0.407905381618572,0.30282093551084094,0.6674517947293116,0.41988951004964975,0.24887206851134722,0.8112311644357414,-0.8307942342390026,1.045592010754426,0.6441930343179084,0.27943382799633076
06073020403,4089,0.20522465860742908,55.04865805585,Moderate,1.0,55.04865805585,55.04865805585,0.6114305061720501,58.28169290961105,1.0,0.0804184524317681,51.8354377409738,1.0,0.17453032473027555,52.44289029396324,1.0,0.1979065081519526,53.123987343575095,1.0,0.08221504460117696,51.37017235067775,1.0,0.041935634139463884,50.67069275934924,1.0,0.2481361400253168,52.57584084536907,1.0,115,137297.0,4.0,4.1,41.4,355,82.5,0.0,3778,379,16.1,12.2,77.05882352941177,7.8660436137071645,3.7540133366263273,86.13707165109035,13.636363636363637,1.984732824427481,21.765712888236735,68.78655881,1.7133956386292832,47.47409326424871,96.18380062305296,9.0,22.010271460014675,0.9113219744844026,0.565053939045384,0.5597290170706043,0.4096170940878093,-0.09899437340449597,-0.035205398122745694,-0.030491674398556663,0.4863652556528707,0.15457668036646088,0.4023878937342124,0.16799518494835255,-0.02683846012792359,-1.3226859359622023,-0.17464825568797207,1.0858744685863109,1.2030857556716739,0.7519072693098753,0.6466490465161501,0.27700126457624985,-1.3466974019975675,0.6774102980176205,-0.8533724924099503,0.3017690968107214,0.23839260841249413,0.2578796716381395
06073021304,3181,0.31974705475532494,57.842675116191415,Moderate,1.0,57.842675116191415,57.842675116191415,1.0875350498285115,64.76303826674138,1.0,-0.8208258664324861,31.358190951680676,1.0,0.5176625034670905,57.33117834963272,1.0,1.2264998130258224,69.45912142882611,1.0,0.8428509561084156,62.247923238834915,1.0,-0.41749122068395544,43.617088501226945,1.0,-0.19800185202612403,47.95053564866068,1.0,75,166630.0,1.7,1.7,35.2,249,71.4,18.64406779661017,3114,318,14.7,11.8,38.095238095238095,0.4201680672268907,2.1200260926288323,97.2689075630252,2.622950819672131,4.704704704704705,16.661427224143353,7.342874922,3.6764705882352944,60.48324240062354,96.11344537815128,5.0,15.718327569946558,1.022737902758743,1.268871729137564,1.1814340983114389,0.8770964691062998,-0.3960678402994859,-0.5083634099426196,-1.0091706375044522,-1.369701577983387,0.5953247204202884,0.6504326557504878,0.6952603419436646,0.12963229575392132,1.1069685622806515,0.9522896203225133,1.2826463471983989,1.564094722301726,1.4103890166858404,0.23335389963348632,0.44244167970157583,1.2852192284127602,0.310877815127206,-1.8485165019793646,0.28516502480029204,-0.30267462612805834,-0.09332907792418972
06073015801,3947,-0.8333769851997759,29.70976532129306,Low,1.0,29.70976532129306,29.70976532129306,-1.500767725857651,29.527742990614545,1.0,-0.43256994194082515,40.17978595850412,1.0,-0.8806784152956861,37.41030343750489,1.0,-1.5075797820707846,26.039086927310024,1.0,-0.6531061341071384,40.85444401893827,1.0,-0.4374542047610317,43.31059577444672,1.0,-0.42148269236531477,45.633613282482926,1.0,853,53602.0,7.9,21.2,15.2,372,87.1,12.837837837837837,3578,595,21.9,15.5,71.68587896253602,18.689655172413794,22.80970625798212,4.275862068965517,52.03389830508475,0.8207934336525308,64.60602989612364,55.56938395,15.310344827586206,12.093726379440666,89.37931034482759,4.0,10.134279199391944,-1.1443019021771812,-1.4431289928662854,-0.4944665554682023,-2.921173452918936,-1.3543693464123574,0.040678433961573716,0.375086994996679,-0.7916758503091961,0.2873321141176137,-0.47593454225784476,-2.016389036889364,-1.3177221961531491,-0.987644928050503,-1.8128085693527987,-1.208895278340792,-2.0209703525390443,-1.5438457497060922,0.8235076769163372,-1.1115416768471222,-0.780544786791676,-1.8613229006121217,1.853073547426605,-1.3041132610975783,-0.43794143476319647,-0.405023949967433
06073015901,3442,-0.836063888848218,29.644212600726977,Low,1.0,29.644212600726977,29.644212600726977,-1.2829210069961232,32.4933517811033,1.0,-0.1551491869237206,46.48308590287017,1.0,-0.9310426829841493,36.69281011152077,1.0,-1.4254383651553253,27.343578267967807,1.0,-0.26659766489229203,46.381849155452194,1.0,-0.9651585968026252,35.208722956922685,1.0,-0.8261397181832915,41.43835917333581,1.0,650,46372.0,12.9,11.8,20.2,238,95.2,5.263157894736842,3032,278,23.6,18.6,69.01408450704226,20.54933875890132,22.087522176227083,13.3265513733469,29.68036529680365,4.932301740812379,30.21499128413713,62.11574362,13.73346897253306,42.72727272727273,91.353001017294,1.0,2.905287623474724,-0.5788660661849028,-1.6166060535953775,-1.8459993407743645,-1.0902125674298482,-1.1147939698841396,-0.5574647130560029,1.0892581302361175,-0.03759619499085747,0.649754448258261,0.8130849587119798,-2.656639584669386,-2.530370554237452,-0.8210396902410165,-2.094272832074527,-1.1219267178500576,-1.6645142204557,-0.20734872373326194,0.19877091326136506,0.0031427430674432918,-1.0609555921647145,-1.566898980385044,-0.4902611180722848,-0.8383156919505466,-0.8437418606686108,-0.8085375756979721
06073015902,5586,-0.7577595942589763,31.554612158712136,Low,1.0,31.554612158712136,31.554612158712136,-1.6310171638191246,27.75462067693722,1.0,-0.10526470200008313,47.61651541510875,1.0,-1.7845806055678426,24.533241611164435,1.0,-1.017657490135438,33.81956371264039,1.0,-0.08935985019932638,48.91650307728861,1.0,-0.5247550698943516,41.970261077906564,1.0,-0.1516822781966688,48.43075067037978,1.0,1466,46969.0,10.2,11.1,14.7,360,89.3,0.8565310492505354,5224,939,22.6,17.7,69.87381703470031,19.59114139693356,13.18922879648287,25.2129471890971,29.925925925925927,0.0,23.988542785535262,67.42999378,18.34185122089722,28.79640044994376,96.08177172061328,7.0,12.531328320802004,-2.8517510029814503,-1.6022815992032242,-1.1161716367090366,-0.9538644163827883,-1.3783268840651792,-0.012886623980298806,0.5690594020987487,0.4010952979463967,-0.8052451056543742,-1.8747443477266765,-2.280021615387021,-2.178311353503299,-0.8746500800404631,-1.9492490678235594,-0.05035537529160969,-1.1963754373861202,-0.2220305662141064,0.948225856976042,0.2049547677375246,-1.2885894592967657,-2.427345897065445,0.5753907512031344,0.2776899361792556,-0.03214100885778211,-0.2712235475355555
06073017050,2971,0.28054167374029676,56.886176587539325,Moderate,1.0,56.886176587539325,56.886176587539325,-0.4475853535932655,43.865011495266074,1.0,-0.0787864318735722,48.21813038297608,1.0,0.5082325910839515,57.19683907478475,1.0,0.012005964538122457,50.17169289244084,1.0,0.30716041343852596,54.58708552640286,1.0,0.5371758730856521,58.27414175574488,1.0,1.1255886595026632,61.67276998054905,1.0,330,111272.0,8.3,13.6,44.3,175,90.3,6.629834254143646,2722,325,15.0,12.2,59.25925925925925,10.696266397578205,7.251779057946458,60.645812310797176,34.23913043478261,3.69290573372206,14.473241332884552,18.48164281,4.742684157416751,22.780569514237857,96.8718466195762,13.0,43.75631100639515,0.3124613600098219,-0.059391497396472676,-0.6025891782926953,-1.440822098693716,0.0399593449818703,-0.8386812672508336,0.6572286780542349,-0.17365248327956043,0.855525370572548,0.6219685027322267,0.5822749511589548,-0.02683846012792359,-0.21275750114705036,-0.6030042270954997,0.6646582476779289,0.19912733871711102,-0.4799130672202788,0.387095049444704,0.5133652929248452,0.8080943786048335,0.11180140855293644,1.0355759681986823,0.4641502425053373,0.7794598429530466,1.47171747605228
06073018000,3452,-0.07682860074298471,48.16736980955585,Moderate,1.0,48.16736980955585,48.16736980955585,0.3321616874413351,54.47992775994334,1.0,0.047685013995519374,51.09169857603138,1.0,0.6775279985196019,59.60863478888517,1.0,-0.9167257311692736,35.422465275736506,1.0,-0.7434539314795888,39.56239243651457,1.0,0.14896264536888468,52.313883996901296,1.0,-0.08395788787737166,49.13287866680389,1.0,229,101589.0,3.5,4.5,57.1,248,77.9,0.0,3115,260,15.6,9.9,57.09037472446731,4.211117349803481,34.64658169177289,21.72936552498596,33.840304182509506,19.81089599279604,69.81460023174971,18.09583074,1.6282987085906797,33.6046511627907,92.98147108366086,6.0,17.381228273464657,0.5937865789025318,-0.2917259896564726,0.6948822956012205,0.3317038649180608,0.6532723088941081,-0.512827164771109,-0.43607034379379234,0.4863652556528707,0.5946609432515326,0.8862784950446513,0.3563041695895358,0.8728683861926875,-0.0775122456756487,0.378527098252181,-2.6343435029585436,-1.3335742742950831,-0.4560676151458606,-2.0620064283611534,-1.2803621730425463,0.8246204906312048,0.6932990388217662,0.20758023237231757,-0.4539913350874298,-0.16740781749292022,-0.0005079582618230876
06073007200,5779,0.21979174377714583,55.404053034060844,Moderate,1.0,55.404053034060844,55.404053034060844,0.5478902740044207,57.41670181839432,1.0,-0.6658932961120503,34.87842670989235,1.0,-0.19847969267012427,47.12896019444322,1.0,0.4490547677500154,57.112483551330264,1.0,0.8516124087460424,62.373219583339136,1.0,0.6017923571012371,59.266201976021726,1.0,-0.047434612379520166,49.511531233881264,1.0,167,176063.0,10.8,0.0,72.3,150,37.3,0.0,5688,592,17.2,9.5,52.56410256410257,0.0,15.908694894580938,79.79861548143487,3.2911392405063293,1.4267990074441688,13.497144834746496,19.61418793,5.160478288231593,20.334620334620336,97.23096286972938,8.0,13.843225471534868,0.7664812677277598,1.4952077061579687,-1.2783555709457763,1.2082276930777307,1.3815814535398903,-0.950275137963068,-3.581244755677894,0.4863652556528707,-1.113237711957049,-0.4637356195357329,-0.24628458126224834,1.029339142074533,0.2047327631488278,1.015882317553658,-0.37784535718124906,0.9534493474788247,1.3704386501418333,0.7314261504682031,0.5450025915561356,0.7595822428179978,0.03379362788448023,1.2226805703745234,0.5489028730447078,0.103125799777356,-0.19799502453639634
06073007302,2610,0.5065553777430508,62.40026087232096,High,1.0,62.40026087232096,62.40026087232096,1.0279263722940768,63.95156853697283,1.0,-0.029981065547977165,49.327041152200685,1.0,1.12063825558676,65.92121842630439,1.0,0.4571305794132885,57.240735860325195,1.0,0.3700109461545834,55.48590246066844,1.0,1.2258885735082437,68.84798345725105,1.0,-0.6257260172076198,43.516134545820684,1.0,55,183529.0,4.0,2.1,69.4,76,76.4,0.0,2546,140,13.4,9.7,63.793103448275865,0.0,9.652509652509652,79.26829268292683,37.93103448275862,4.558680892337536,11.11111111111111,6.932171749,0.5081300813008129,13.249211356466878,99.1869918699187,2.0,7.662835249042145,1.0784458668959134,1.6743473652732386,0.5597290170706043,0.7991832399365513,1.2426277351535242,-1.280592995271282,-0.5683242577270216,0.4863652556528707,0.9723501522735625,1.3742354039291276,1.1848637020107389,0.9511037641336106,-0.4954746793899682,1.015882317553658,0.37555178686002627,0.9325628926294379,-0.7006485893620833,0.25554197202433193,0.6223388606678253,1.3028115412882597,0.902449580067736,1.7646839117186146,1.01053222873838,-0.7084750520334727,-0.5429769823817667
06073007501,3944,-0.09834354013239827,47.64246717279472,Moderate,1.0,47.64246717279472,47.64246717279472,0.3392077522150982,54.5758478258531,1.0,0.35720707915034344,58.12437504593061,0.75,0.37826104482279177,55.345254185532404,1.0,-0.5376935992325893,41.44189070701862,1.0,-0.6567750190002417,40.801975794258446,1.0,-0.14734448975628153,47.764665229891705,1.0,-0.4212675491259088,45.635843765340226,1.0,469,95270.0,3.1,0.7,67.1,603,70.0,,3584,304,18.1,9.3,59.008264462809926,0.916988416988417,22.153687997943976,12.403474903474905,31.976744186046513,8.80281690140845,82.9107505070994,41.7423771,12.065637065637064,24.13055109684323,94.4015444015444,4.0,10.141987829614605,-0.07470899074351163,-0.44334446085247997,0.8030049184257135,1.0718795420306708,1.1324230619505435,1.0718057993426198,-1.1326076238421332,,0.28334945110507914,0.70736096178701,-0.5852407536163777,1.1075745200154556,-0.19710620444441698,0.8770955526505518,-1.1298946950095938,-1.7008690501268984,-0.3446470897160753,-0.38934734759620304,-1.7048353864715875,-0.1882702522171009,-1.2554923425482485,0.9323081779015884,-0.11884930462218446,-0.43794143476319647,-0.40459366348862114
06073007502,2952,0.2318132473695619,55.69734314375074,Moderate,1.0,55.69734314375074,55.69734314375074,0.14516072369726396,51.93423092866907,1.0,0.19440732411941822,54.42538833253215,1.0,0.7435941509830248,60.54981840261641,1.0,-0.27890613611113013,45.55170543130303,1.0,-0.5454009418581096,42.394721348632636,1.0,0.3925662847021794,56.05394326782884,1.0,0.9712713260542867,60.072895553672936,1.0,287,97309.0,8.1,0.6,62.2,463,70.9,0.0,2658,208,17.2,9.0,49.087078651685395,1.6042780748663104,18.80781089414183,15.38918597742127,8.547008547008547,14.48170731707317,122.96747967479676,13.59054138,5.822935234699941,29.6,98.09863339275104,12.0,40.650406504065046,0.432233482904738,-0.39442057055834184,-0.5485278668804485,1.0913578493231082,0.8976391929528904,0.44688012335410704,-1.0532552754821953,0.4863652556528707,0.8980071093729168,1.097726488894591,-0.24628458126224834,1.22492758692684,0.4215497396967027,0.7730738372165604,-0.7269695646336498,-1.5832785567241339,1.0561950943495648,-1.2522451832287853,-3.0031565107544482,1.0176028322012305,-0.08989598949145249,0.5139188386323796,0.753676004965611,0.6441930343179084,1.2983496177906648
06073010009,5298,-0.6952844942940227,33.07882489805432,Low,1.0,33.07882489805432,33.07882489805432,-1.2373087929696207,33.11428370781564,1.0,-0.5401256656077014,37.7360034557715,1.0,-0.698311459645835,40.00831745744831,1.0,-0.3499211408401256,44.42391311648223,1.0,-0.7619061046182345,39.29851041397162,1.0,-0.9061229778760816,36.11509986691242,1.0,-0.3732953185005606,46.1331925936452,1.0,611,73918.0,15.0,11.9,11.9,442,91.8,22.872340425531913,4511,663,18.0,15.1,65.07072905331881,14.087439278278971,3.606870229007634,34.97571131158917,29.96389891696751,6.184895833333334,88.71272178180445,59.26571251,7.147814018043026,36.91845922961481,85.01040943789036,5.0,9.437523593808985,-0.4702355361174207,-0.9556656504358239,-2.4136431106029526,-1.1096908747222853,-1.5124890949209813,0.3531412719558301,0.7894825919874641,-1.7906374314531184,-0.33197198433151437,-0.7524434572923813,-0.5475789566881407,-1.1612514402713034,-0.5751436514255928,-1.1162603431163753,1.1035940840957421,-0.8118746529142764,-0.22430093616303418,0.008441350221896769,-1.892889229732124,-0.9388756027996762,-0.33726866881020934,-0.045911845548603614,-2.3351884192694317,-0.30267462612805834,-0.4439160108730628
06073010010,4710,-0.40396638346031466,40.18614887165219,Moderate,1.0,40.18614887165219,40.18614887165219,-1.1372764474493002,34.4760522244984,1.0,-0.1065763760166809,47.58671276117488,1.0,-0.5250668449256312,42.47637388970554,1.0,-0.23735128344287332,46.211639816460305,1.0,0.21971976671126056,53.336608710610946,1.0,-0.7008006904906204,39.26742356193486,1.0,-0.3404128086083577,46.47409977168191,1.0,708,63485.0,13.9,8.7,16.6,333,90.4,1.5873015873015872,4363,692,15.9,15.3,75.25951557093425,12.326169405815424,5.626326963906582,61.94690265486725,33.842239185750635,2.706027060270603,21.231422505307854,25.58805227,9.29203539823009,33.79978471474704,88.30594184576486,5.0,10.615711252653927,-0.7404191621826967,-1.2059956884146092,-2.116305897835597,-0.4863850413642976,-1.2872882409844564,-0.133408004349512,0.6660456056497842,0.32834513561746065,-0.23373296335566124,-0.8703663769394631,0.24331877880482597,-1.2394868182122265,-1.2104863879399923,-0.8496910569706274,0.8604022862639908,0.25037002487513577,-0.4561833071966903,0.5370496020108568,0.29431871672651533,0.5036940553043604,-0.7376236254584061,0.19265335412227202,-1.5574318001357275,-0.30267462612805834,-0.3781509910886571
06073010013,5259,-0.6849027363521498,33.33210993034153,Low,1.0,33.33210993034153,33.33210993034153,-0.9788219285364546,36.633138255614156,1.0,0.019295635953212778,50.44666116697515,1.0,-0.8167210985571756,38.32144441133157,1.0,-1.0459768675777625,33.36982247328055,1.0,-0.8483462165121214,38.062342110975074,1.0,-1.1145162300465221,32.915627490752925,1.0,-0.009232449188226181,49.90758955458537,1.0,564,73699.0,7.1,18.2,7.9,411,96.8,1.6042780748663104,4788,373,19.2,17.7,57.622739018087856,31.98482932996207,10.787902138316316,24.778761061946906,48.59437751004016,11.372549019607844,44.11485073207834,56.67703796,9.86093552465234,45.71097372488408,87.35777496839444,8.0,15.212017493820118,-0.33932182039507053,-0.9609203497857092,-0.2782213098192161,-2.3368242341458227,-1.6945663810824265,0.21476487227265942,1.2303289717648946,0.3266550808577236,-0.5158382600768611,0.4267857391784362,-0.9995205198269786,-2.178311353503299,-0.11070891600990872,-3.0985458150377423,0.23882286610807935,-1.2134756053714784,-1.3381999884008962,-0.7798138156289793,-0.44738034058906884,-0.827990721429541,-0.8438449268387067,-0.7185014236443855,-1.7812023396564742,0.103125799777356,-0.12159069815380837
06073010106,4605,-0.6755165926548639,33.56110483878866,Low,1.0,33.56110483878866,33.56110483878866,-1.2809044402685799,32.52080387239511,1.0,-0.281789463480166,43.60568169378882,1.0,-0.8013666779485964,38.54018469718571,1.0,-0.42223980055360405,43.27541740132669,1.0,-0.38107971680138775,44.7446568759494,1.0,-1.0993386334580533,33.148649915978005,1.0,-0.4618974160736594,45.21461639156092,1.0,1092,68000.0,6.2,17.4,17.5,316,94.8,12.195121951219512,4029,423,18.9,18.8,69.87179487179486,18.702865761689292,3.203159280386134,51.734539969834096,52.39520958083832,5.353319057815846,36.91639522258415,34.53640324,12.217194570135746,41.373801916932905,88.00904977375565,4.0,8.686210640608035,-1.810012073616366,-1.0976625031875207,-0.03494540846410708,-2.180997775806326,-1.2441646732093772,-0.2092918364338314,1.0539904198539225,-0.7276917641313777,-0.01203138899123596,0.2234703604765711,-0.8865351290422688,-2.530370554237452,-0.874523983913922,-1.8148080002224183,1.1522107193040907,-0.15183793738216625,-1.5654482160954637,0.13479804091925904,-0.21406356599521625,0.12039487396587009,-1.2837901660397693,-0.38672641684646236,-1.6274993174879282,-0.43794143476319647,-0.4858533973841224
06073010107,5645,0.035132109817532724,50.898889109851076,Moderate,1.0,50.898889109851076,50.898889109851076,-0.2839223406017624,46.093002224444746,1.0,-0.1538442346204014,46.5127358322001,1.0,-0.4161193317805371,44.028448746580274,1.0,0.18702072361340855,52.9511097356637,1.0,-0.22639633457128283,46.9567629216691,1.0,0.3579293764188464,55.5221610239515,1.0,0.7812569102644578,58.102934060904865,1.0,365,88113.0,6.2,9.8,16.2,382,84.2,0.0,5019,642,16.1,13.4,57.25047080979285,9.42942942942943,5.922105637560021,66.30630630630631,24.61832061068702,11.717921527041357,28.520814880425156,42.63845675,2.1021021021021022,29.600316580926,94.71471471471472,15.0,26.572187776793623,0.21497242276977388,-0.6150699551316103,-0.03494540846410708,-0.7006464215811061,-1.3064542711067137,0.0853159822464675,0.11939609472577001,0.4863652556528707,-0.6691707860594426,-0.667050998237598,0.16799518494835255,-0.4962507277734604,-0.08749536631323546,-0.41126766727453895,0.824783326885953,0.4220626011554555,0.09530623760238592,-0.8322925865398093,0.05805449095360416,-0.22665348030131208,0.604833575870135,0.5138946215518659,-0.04494006816546169,1.0499934602233227,0.5125203603055929
06073012102,2708,-0.26356946114962904,43.61142994635918,Moderate,1.0,43.61142994635918,43.61142994635918,-0.7638441145733981,39.559691835033185,1.0,-0.4187851188512595,40.49299206526494,1.0,0.11952498230268616,51.659279851548185,1.0,-0.08634028031651558,48.60985198907385,1.0,-0.7938964854259558,38.841020321827365,1.0,-0.46305286635741755,42.91757819930323,1.0,0.5614076551744567,55.823661907048475,1.0,605,69714.0,9.7,9.1,13.3,356,80.3,4.62962962962963,2336,345,17.1,14.6,55.82655826558266,13.253012048192772,8.197932053175776,57.9408543263965,52.94117647058824,10.40235525024534,25.849335302806494,62.78780336,10.076670317634171,42.081031307550646,94.6330777656079,9.0,33.23485967503693,-0.4535231468762696,-1.0565366827048561,-0.9810183581784204,-0.5642982705340461,-1.44540798949308,-0.030741643294256313,-0.22446408150062638,0.02547323888292457,1.111743357712273,0.5406423512514806,-0.2086227843340126,-0.9656629954189966,0.0012956286528078645,-0.9899692649901551,0.5507183726821776,0.09259414238910735,-1.598091070545366,-0.632394506142422,0.14464264831892365,-1.089743013334959,-0.8841255128312844,-0.4408264263157053,-0.06420665992526295,0.23839260841249413,0.8844227019364191
06073012302,1462,-0.12183546059778874,47.069331884255,Moderate,1.0,47.069331884255,47.069331884255,-0.1349059611463347,48.12160420270419,1.0,-0.5971557890251404,36.440217299677414,1.0,0.38095039690722815,55.38356690723702,1.0,-0.20627958370979674,46.70509080334836,1.0,-0.3334470580881371,45.425845060447074,1.0,-1.3139417928546342,29.853836513074032,1.0,1.3519315637322937,64.01936459885869,1.0,281,44125.0,6.0,2.8,34.7,118,67.4,0.0,1363,283,16.5,14.8,57.8538102643857,4.504504504504505,7.681660899653979,13.77091377091377,21.35922330097087,7.719714964370546,90.28727770177838,24.62974487,17.245817245817246,41.55405405405405,89.31788931788932,9.0,61.55950752393981,0.4489458721458891,-1.670520708568859,0.019115902948139453,0.6628350888894917,-0.42002537795230765,-1.093115292474728,-1.3618477413263967,0.4863652556528707,1.7575985429116316,0.7927534208417933,0.017347997235407017,-1.0438983733599196,-0.1251178387701261,0.33412277066120716,0.6128899992508055,-1.6470132659810734,0.2901646458986515,-0.2247718321642736,-1.9439238312770586,0.5447427851901324,-2.2227016198314344,-0.4005149308059677,-1.3186088279265005,0.23839260841249413,2.465470519052093
06073012304,4665,-0.2815128744753799,43.173662272618216,Moderate,1.0,43.173662272618216,43.173662272618216,0.08532637725363296,51.11968910442809,1.0,-0.2533567957142739,44.2517026922389,1.0,-0.2895557520909023,45.831483475521125,1.0,-0.4352295357363196,43.06912686362231,1.0,0.21534598801530008,53.27405989536988,1.0,-0.3182624480138412,45.140552978947085,1.0,-0.9748579550412555,39.89653299838602,1.0,525,92614.0,5.9,0.9,35.1,376,77.9,7.246376811594203,4239,694,16.4,12.6,73.34254143646409,11.475409836065571,10.87912087912088,51.60655737704918,16.272189349112427,4.747033104309806,22.508038585209004,42.31487243,6.622950819672131,42.37368922783604,93.83606557377048,0.0,0.0,-0.23069129032758845,-0.507072686757939,0.0461465586542626,1.0329229274457967,-0.4008593478300503,0.05853345327553123,-0.43607034379379234,-0.23503094450878412,-0.15142459442994646,-0.8784989920875377,0.055009794163644064,-0.1833092160097692,-1.090949523533627,-0.7209280691198965,0.22783790704020387,-0.1568784573319589,0.5943136922781628,0.22692217059284805,0.25294095926669136,-0.21279287007650183,-0.23926965388961313,-0.4632134996878389,-0.2523041904640715,-0.979008669303749,-0.9707072407787621
06073012402,5604,-0.39095211404951735,40.503659611775795,Moderate,1.0,40.503659611775795,40.503659611775795,-1.045695471899628,35.72276985949881,1.0,0.15000347263639893,53.41648474647819,1.0,-0.8158591113197993,38.33372434943624,1.0,-0.5589984091159383,41.10354811383213,1.0,-0.7735153909181018,39.1324875869544,1.0,0.22533366998884904,53.48641228688031,1.0,0.08206644228159746,50.854124583416535,1.0,1019,69048.0,7.6,11.8,14.9,368,99.4,0.0,4772,689,18.3,15.3,60.62544420753376,15.416666666666668,8.124662223022879,25.624999999999996,37.69507803121249,11.069939786938397,31.584582441113493,75.45737399,2.4479166666666665,35.1578947368421,95.10416666666669,9.0,16.059957173447536,-1.6066780045156945,-1.0725167273031377,-0.4133745883498324,-1.0902125674298482,-1.3687438690040505,0.02282341464761621,1.4595690892491593,0.4863652556528707,-0.5052178253767688,-0.8581674542173512,-0.6605643474728505,-1.2394868182122265,-0.29794877315189877,-1.317439731685755,0.5595418455567286,-1.180146977182828,-0.686540971759368,-0.7338328523068798,-0.041248528204085526,-1.6324392114020738,0.5402653478486036,0.08876377313152761,0.04697188898641587,0.23839260841249413,-0.0742597238492992
06073006600,2032,-0.07634332097057861,48.17920924017159,Moderate,1.0,48.17920924017159,48.17920924017159,0.686718450706842,59.30660892072679,1.0,-0.1170244226638388,47.34932182823728,1.0,0.6602674441036407,59.36273957061567,1.0,-1.3871193943886508,27.952123474821157,1.0,-1.1364400509739536,33.942351302915554,1.0,0.7091386283693181,60.91429482945561,1.0,0.05005609805259234,50.5222595233932,1.0,121,110651.0,1.9,2.1,36.6,277,80.1,0.0,1501,108,21.1,9.1,74.94505494505495,15.723270440251572,20.03081664098613,0.0,2.557544757033248,26.615384615384613,91.04330708661418,58.2576229,1.677148846960168,29.28921568627451,98.74213836477988,5.0,24.606299212598422,0.8946095852432514,-0.07429180925162707,1.1273727868991923,0.7991832399365513,-0.328986734871585,-0.3833782747449171,-0.24209793669172386,0.4863652556528707,1.665997293623336,1.5043572462983212,-1.7150946614634732,1.1858098979563787,-1.1908775489259673,-1.3638444027313115,-0.874249256836866,-2.1195063690604576,1.4142995845663215,-3.0959370160727913,-1.9684283013450354,-0.8956944710443091,0.684178061291233,0.5376925032148927,0.9055453206018285,-0.30267462612805834,0.402786822233243
06073021001,1894,0.39929595148007124,59.78343938638052,Moderate,1.0,59.78343938638052,59.78343938638052,0.30713092600511194,54.13917694884172,1.0,-0.1394579959842934,46.839606751389354,1.0,0.38005285472451483,55.3707804505795,1.0,1.0100402553440766,66.02151797368887,1.0,-1.2796575600229123,31.894217152675473,0.75,0.26696637254606553,54.125601321982735,1.0,2.2499968077479355,73.32999474947314,1.0,49,65503.0,4.9,1.2,19.9,47,100.0,0.0,1720,258,14.8,16.1,34.411764705882355,0.9285051067780872,0.0,67.96657381615599,15.625,42.12788823213326,18.47940865892291,,3.5283194057567315,38.25816485225506,97.49303621169916,15.0,79.1974656810982,1.0951582561370645,-1.157575673400597,0.31645311571549506,0.9744880055684854,-1.1291684924758327,-1.4100418852974739,1.4950131381832623,0.4863652556528707,1.5206300936658237,0.8944111101927259,0.6575985450154275,-1.5524283299759178,1.336659120525752,0.8753524945173311,1.3406981353337855,0.4874512709994383,0.6330085437814851,-4.855498379523715,0.3835171556734937,,0.33853963250606717,-0.14839356906341422,0.6107530541955436,1.0499934602233227,3.4500001552725488
06073013423,3542,0.3614730607330773,58.860669643752566,Moderate,1.0,58.860669643752566,58.860669643752566,1.1850678789962958,66.09078016275348,1.0,-0.15025993888524483,46.594174912367734,1.0,0.7847002590635066,61.13541925732086,1.0,0.4162149345001982,56.59095276075329,1.0,0.7097600402647357,60.34460812299258,0.75,-0.31888778308945437,45.1309521771964,1.0,-0.09628396571849591,49.005088895680764,1.0,47,195875.0,1.7,3.7,64.1,69,78.8,4.093567251461988,3273,324,13.7,9.7,60.98901098901099,4.4422507403751235,7.429718875502007,80.94768015794669,14.933837429111533,1.7458777885548011,6.493506493506494,,1.5794669299111548,49.96978851963746,92.30009871668312,6.0,16.93958215697346,1.1007290525507816,1.9705780418654062,1.1814340983114389,0.48753032325755763,0.9886778360336128,-1.3118392790707076,-0.3567179954338556,0.07883968292997098,0.48978415058812186,0.626034810306264,1.0718783112260297,0.9511037641336106,-0.32061972748489204,0.3435449164228008,0.6432299578862424,0.9987045911766417,0.6743325134695861,0.682942666994536,0.7720049403300849,,0.7024165883513721,-1.044282455627038,-0.6147974819926971,-0.16740781749292022,-0.02516011394407162
06073013320,6317,0.11133035251028217,52.75790705928899,Moderate,1.0,52.75790705928899,52.75790705928899,0.2568906591373522,53.45524203424595,1.0,0.1491488376871093,53.39706651503412,1.0,0.09088635816267673,51.25129175544545,1.0,0.16339386700149913,52.57589061947874,1.0,0.7453935801625088,60.85419853860037,0.75,-0.21061697220700135,46.79323953513579,1.0,-0.4157838623721696,45.692695513658194,1.0,408,126122.0,6.1,2.9,52.2,433,75.8,0.0,5794,419,15.6,9.7,64.98855835240275,3.6957686127477234,12.184466019417476,73.2726298875201,16.039823008849556,0.0,9.339876523666296,,2.088912694161757,68.23577568563242,100.0,5.0,7.915149596327371,0.09520029987485776,0.2969203078354801,-0.007914752757983695,0.6433567815970546,0.41848843989645473,0.31296747849942574,-0.621225823300314,0.4863652556528707,-1.1835980918451598,0.2397355907727203,0.3563041695895358,0.9511037641336106,-0.5700197283861749,0.45652544881779505,0.07064254554831538,0.696427202026061,0.6082066604538184,0.948225856976042,0.6797482230576659,,0.607296215639034,-2.441551986213496,1.2024048539534578,-0.30267462612805834,-0.5288930986162808
06073013424,6464,0.32770977209442825,58.03694251576101,Moderate,1.0,58.03694251576101,58.03694251576101,0.05867738286297187,50.75690883197026,1.0,-0.10237063627364093,47.68227172209937,1.0,-0.09150722601562704,48.65289838338749,1.0,0.6241949081705905,59.893891581037984,1.0,0.5872293436372696,58.592313268250834,0.75,0.5304514755180766,58.170901732185115,1.0,0.6872931567613572,57.12877125674268,1.0,319,177941.0,12.1,6.3,37.8,298,88.7,8.547008547008547,6099,451,15.2,11.1,36.920529801324506,5.489773950484392,6.40470297029703,64.85468245425189,15.11746680286006,0.0,25.68069306930693,,1.1302475780409045,36.863217007621344,98.4930032292788,15.0,23.205445544554458,0.34310074028526555,1.5402685526378075,-1.6297540951253784,-0.018905666345807124,-0.27148864450481286,-0.28963942334664017,0.5161578365254575,-0.3645123137685683,-1.386050128315668,0.10961374840352665,0.506951357302482,0.4034561185471513,1.1802199137316673,0.18500162972628145,0.7666668488505898,0.36489124037382364,0.6633534833625672,0.948225856976042,0.15010869057319975,,0.7862918802430401,-0.04168605293789475,0.8467485992490842,1.0499934602233227,0.3245928532993915
06073016403,5362,-0.4402543826069821,39.30082606919783,Low,1.0,39.30082606919783,39.30082606919783,-0.9969779091218003,36.38597577409856,1.0,-0.3326810642858363,42.44936941820835,1.0,-0.47083479093263453,43.248968004149475,1.0,-0.3783320104793104,43.972718885647154,1.0,-0.1288249437707624,48.35211813285806,0.75,-0.15832327702766968,47.59610734122356,1.0,-0.6158066826308612,43.61897257034042,1.0,532,80341.0,5.5,26.9,39.5,102,77.6,0.0,4987,581,17.5,13.3,83.41625207296849,2.3794996949359364,17.90193842645382,59.8535692495424,43.42857142857143,3.303834808259587,24.24468481909735,,9.823062843197071,45.61301568855317,99.45088468578402,3.0,5.594927265945542,-0.25018907777559807,-0.8015517969001449,0.15426918147875568,-3.090439943290214,-0.19003301648521867,-1.164535369730558,-0.4625211265804392,0.4863652556528707,-0.6479299166592581,-0.41900623622132255,-0.35926997204695815,-0.4571330388029992,-1.7191164668281482,0.6557435648389027,-0.6178804466465018,0.16792530671850553,-1.0293412293815667,0.4462137213886205,0.19665267668065897,,-0.8367735880850317,-0.7110080547835953,1.0728118117856178,-0.5732082433983345,-0.6584051218633878
06073020812,2163,-0.09775378722655903,47.656855447365686,Moderate,1.0,47.656855447365686,47.656855447365686,-0.008635251214345694,49.840562970192394,1.0,-0.10618486818275905,47.59560824308512,1.0,-0.7866091172657521,38.75042206950775,1.0,0.5603733560120656,58.88033879287728,1.0,0.4866621821363945,57.1541159470543,0.75,-0.4450179876029952,43.19446862536638,1.0,-0.38486482446852127,46.01324652980317,1.0,108,54536.0,4.1,6.6,26.9,298,84.8,0.0,1985,548,21.1,18.5,30.76923076923077,9.43627450980392,3.655107778819118,55.392156862745104,23.809523809523807,0.0,18.955154877484976,,0.6127450980392157,76.03121516164994,97.54901960784314,3.0,13.869625520110958,0.9308197619324121,-1.4207185399311577,0.5326983613644812,-0.07734058822311841,-0.7937629653363277,-0.28963942334664017,0.17229766029906118,0.4863652556528707,1.3447291439455462,-0.28481808627809163,-1.7150946614634732,-2.49125286526699,1.5637968150056254,-0.41230367442913,1.0977851077215885,-0.007784824249821117,0.14366344891974342,0.948225856976042,0.3680972405133981,,0.8829165500932846,-2.841935834957331,0.6239653220550611,-0.5732082433983345,-0.19652140553870803
06073021102,3095,-0.6898348313478578,33.21178099884209,Low,1.0,33.21178099884209,33.21178099884209,-0.9620842408724902,36.860993115802614,1.0,-1.2711212598242008,21.126992035293593,1.0,-0.7476719546372674,39.30512395639919,1.0,0.13583502858025065,52.13822753270601,1.0,-0.1216608391039841,48.45457102092573,0.75,-1.8341376162425178,21.867243138343063,1.0,-0.02800293733479537,49.71298779926329,1.0,997,52484.0,6.2,10.3,15.2,225,71.8,26.38888888888889,2489,623,19.3,18.2,66.3157894736842,4.904904904904905,8.634274458305976,66.36636636636636,48.81516587677725,3.664416586306654,11.954765751211632,,5.205205205205205,63.00738007380073,73.07307307307308,6.0,19.38610662358643,-1.5453992439648072,-1.469954353017755,-0.03494540846410708,-0.7980379580432916,-1.3543693464123574,-0.6154935258263647,-0.9739029271222585,-2.1407192399358226,1.0101854508926411,-0.5897911543308892,-1.0371823167552157,-2.373899798355606,-0.6527819544004448,0.2735219220485449,0.4981721149981012,0.42442803167480125,-1.3514007202674965,0.3914239274198734,0.5949942755356707,,0.025442511217405536,-2.041602187942277,-3.486253172002682,-0.16740781749292022,0.11140194282332948
06073010016,3170,,,Insufficient data,0.42857142857142855,,,,,0.25,-1.022780519710272,26.769562553304908,1.0,0.9188301549403391,63.04624432285869,1.0,,,0.25,,,0.25,,,0.0,-0.8191822814479642,41.510489924047505,1.0,0,,,,2.9,715,100.0,100.0,0,0,17.0,13.8,,,29.905362776025235,,,,26.498422712933753,,,,,1.0,3.154574132492114,1.2316427682731317,,,,-1.6945663810824265,1.5717463401334302,1.4950131381832623,-5.463315176075354,2.599400748327692,1.8996023424947468,-0.17096098740577556,-0.652721483655306,,,-2.0633852189266384,,,,0.12360438799202049,,,,,-0.8437418606686108,-0.7946227022273177
06073016000,2424,-0.16091272853088637,46.11595894630487,Moderate,1.0,46.11595894630487,46.11595894630487,-0.0010279430108497967,49.9441234011144,1.0,-0.29662082053303995,43.268697202197735,1.0,0.1496964702533934,52.0891052462814,1.0,0.26998996293521804,54.268747759215906,1.0,-0.6184411552766134,41.350183174238595,1.0,-0.020670039958756308,49.70950460770853,1.0,-0.6093155741255567,43.68626869494063,1.0,622,90357.0,3.6,4.2,30.9,197,79.1,0.0,2269,291,18.0,14.1,46.88644688644688,7.819383259911894,11.742738589211616,69.93392070484582,15.11627906976744,7.817258883248732,66.006600660066,77.98382078,3.4140969162995596,33.76744186046511,92.29074889867842,2.0,8.250825082508252,-0.5008749163928644,-0.5612272823410042,0.6678516398950973,0.39013878679537206,-0.6021026641137535,-0.7404786610240672,-0.33026721264721,0.4863652556528707,1.1562164280189091,0.760222960249495,-0.5475789566881407,-0.7700745505666897,0.558774659010683,-0.16758618223916233,0.12383729146533454,0.5649340835040171,0.6634244968236315,-0.2395934663776985,-1.1569370610100842,-1.7406585905423022,0.3598665067912614,0.195127443499958,-0.6170040701674884,-0.7084750520334727,-0.5101560962176408
06073017063,4257,0.14582165173963038,53.59939555168559,Moderate,1.0,53.59939555168559,53.59939555168559,0.609461246495064,58.254884822533384,1.0,0.6564445588855269,64.92337459897676,1.0,0.4423263979899875,56.25793425483495,1.0,-0.19981236008099026,46.80779705725385,1.0,0.2559268914346811,53.85440188492659,0.75,-0.16832100593684207,47.44261169231902,1.0,-0.5752741666100145,44.0391906650264,1.0,138,124861.0,2.4,4.5,63.4,398,94.5,0.0,4162,495,13.3,10.3,54.426705370101594,5.28580208973571,21.103117505995204,53.04240934234789,26.722338204592894,5.899363794100636,7.282123561193329,,5.654578979717271,31.705685618729095,91.5181315304241,3.0,7.047216349541931,0.8472578157266567,0.26666379696696213,0.9922195083685763,0.3317038649180608,0.9551372833196625,0.15673605950229752,1.027539637067277,0.4863652556528707,-0.1003137524357526,-0.06930378485411462,1.2225254989389753,0.7163976303108418,0.08858633474375237,0.21587289719283007,-1.0033804091272605,-0.10032826313328298,-0.030491024772558113,0.051827462758603116,0.7464442363179984,,-0.05846161345740729,0.35284293677684514,-0.7993443411299641,-0.5732082433983345,-0.5773400898216945
06073008331,2648,1.1611487517304369,78.37045636268846,High,1.0,78.37045636268846,78.37045636268846,1.2830109631939481,67.42410697612983,1.0,0.17280057752853628,53.934459654265666,1.0,1.3464013089460334,69.13745667364776,1.0,0.907654037671457,64.39551808992624,1.0,0.8878323259555989,62.89119570126199,1.0,0.8715398025837363,63.40764845460049,1.0,2.6588022462337477,77.56825724394606,1.0,70,230956.0,1.8,5.2,88.7,33,78.9,0.0,2616,132,11.9,8.8,45.65217391304348,1.164021164021164,6.145675265553869,90.05291005291005,11.63895486935867,3.472931562819203,5.66465256797583,3.248288737,1.3756613756613756,26.557377049180324,99.68253968253968,21.0,79.30513595166163,1.0366648937930356,2.7456198025064404,1.1544034426053158,0.195355713871001,2.0252725751959058,-1.4725344528963251,-0.3479010678383062,0.4863652556528707,0.925885750460659,1.4067658645214258,1.7497906559342866,1.3031629648677623,0.6357402885458687,0.8397069933725612,0.7978600960819415,1.357308772685457,0.8713304887072403,0.42051975428555793,0.7988698038079808,1.4606092570216167,0.7404698251068109,0.7466664204415897,1.1274831622028085,1.8615943120341516,3.456010180433344
06073008336,2047,0.6037375632044537,64.77122666830175,High,1.0,64.77122666830175,64.77122666830175,0.9459510174192803,62.83561492385158,1.0,0.1485777147023382,53.38408998240983,1.0,1.3743099968420653,69.53504604050286,1.0,1.183264127597523,68.77249366701542,1.0,1.0047548533579032,64.56328888941525,1.0,0.3401868454712002,55.24975902888248,1.0,-0.7708816129591337,42.01124380949584,1.0,68,190938.0,4.8,3.4,65.3,122,84.4,0.0,2006,166,12.0,9.1,32.35294117647059,0.0,6.692721055202735,94.18758256274768,14.479638009049776,0.0,3.908158280410357,0.572495333,1.717305151915456,40.61302681992337,97.75429326287978,1.0,4.885197850512945,1.0422356902067527,1.852119362913881,0.3434837714216184,0.545965245134869,1.0461759264003851,-1.0752602731607706,0.13702994991686748,0.4863652556528707,1.3307898234016753,1.2685114070041577,1.7121288590060502,1.1858098979563787,1.4650412956665502,1.015882317553658,0.7319824534556166,1.520150443714268,0.7014886759377847,0.948225856976042,0.8558014027081592,1.513503477809627,0.6766803393311417,-0.3285303909202349,0.6724105880026937,-0.8437418606686108,-0.6980213652496566
06073018520,5213,-0.17324592687920942,45.81506438111181,Moderate,1.0,45.81506438111181,45.81506438111181,-0.08254217522297314,48.83444718078136,1.0,0.5397230792645276,62.27133619631289,1.0,-0.41869124042169525,43.99180913342266,1.0,-0.3269616073517545,44.78853444571919,1.0,-0.1376646359896209,48.225702894726346,0.75,0.06710156563544434,51.05706660688561,1.0,-0.853686474068394,41.152770060958375,1.0,254,99671.0,3.3,12.7,23.6,691,96.0,0.0,4287,608,18.2,13.0,65.70644718792867,11.146295123495884,12.150433944069432,53.134895503483214,44.30147058823529,0.0,38.94110876654518,,2.849905003166562,50.21129466000769,98.29005699810006,1.0,1.918281220026856,0.524151623731069,-0.33774659857464673,0.7489436070134671,-1.265517333061782,-0.9518827138449514,1.464616224249685,1.159793551000506,0.4863652556528707,-0.18328589853022315,-0.5287965407203297,-0.6229025505446135,-0.3397799718916148,-0.6147851630616011,-0.6711163535154894,0.07474083666038053,-0.09668574949030817,-1.0815310613169813,0.948225856976042,-0.2796887036279234,,0.4652087214575096,-1.062756637631122,0.7988526130799454,-0.8437418606686108,-0.8636310874681772
06073018523,5210,0.12210634319280936,53.020810236499656,Moderate,1.0,53.020810236499656,53.020810236499656,0.4186980423686845,55.657971552434546,1.0,0.008294846858987206,50.19671132713227,1.0,0.03754139454947547,50.491335200451104,1.0,0.04751172240070217,50.73556134534198,1.0,0.6489228040314018,59.47458306835266,0.75,0.18382431102153596,52.849116952291524,1.0,-0.4900487188811217,44.922759680208586,1.0,195,106071.0,3.4,3.9,42.1,310,85.9,4.2283298097251585,4880,460,16.4,10.6,52.047315741583255,2.0752895752895753,16.165703275529868,46.95945945945946,17.099236641221374,0.0,16.314779270633395,,1.0135135135135136,38.11922753988245,94.4015444015444,4.0,7.677543186180422,0.6884901179357213,-0.18418460844101048,0.7219129513073438,0.4485737086726835,-0.06545382069054534,-0.23607436540476767,0.26928386385009667,0.06542370968116516,-0.5769057596023913,0.07301698023719094,0.055009794163644064,0.5990445633994582,0.23695806823754859,0.7017859548782074,-0.4087954286240648,-0.3399017048888825,0.5448653010179086,0.948225856976042,0.4536772541002549,,0.8080876993571814,-0.13776546167038908,-0.11884930462218446,-0.43794143476319647,-0.542156002999047
06073018521,4856,-0.09657186046373126,47.68569106075217,Moderate,1.0,47.68569106075217,47.68569106075217,0.19543260863785203,52.618596269002765,1.0,-0.006087476462146579,49.86992936813873,1.0,-0.5059624173990198,42.74853706959887,1.0,0.22769045457832304,53.59698746535049,1.0,0.008124284805257802,50.31061045518784,0.75,-0.4960947123962427,42.41028502854321,1.0,-0.0991057650101427,48.975834084029984,1.0,319,102679.0,3.9,5.6,35.2,267,86.4,0.0,4663,931,15.6,12.4,67.75147928994083,4.990524320909665,7.901850696610523,76.05811749842071,24.586776859504138,6.552538370720189,31.095551894563425,,5.243209096651927,48.15022421524663,92.3562855337966,7.0,14.41515650741351,0.34310074028526555,-0.2655724632118377,0.5867596727767276,0.11744248470125267,-0.3960678402994859,-0.4280158230298109,0.3133685018278397,0.4863652556528707,-0.4328661139823905,-1.842213887134378,0.3563041695895358,-0.10507383806884674,-0.742307345384868,0.2605633704026914,0.5863737824580998,0.806132010837369,0.09719220925744078,-0.0474213142384906,-0.025398040603176773,,0.018346673794458278,-0.9050936048759998,-0.6015372061071866,-0.03214100885778211,-0.1660705211625033
06073017071,5229,0.5766237010099817,64.10972641951838,High,1.0,64.10972641951838,64.10972641951838,0.856752671419527,61.62133269652976,1.0,0.1736355259935711,53.953430587471,1.0,0.9112583931725824,62.93837640809197,1.0,-0.04157229162748925,49.320814324233055,1.0,0.747143699718897,60.879226760737765,0.75,0.5488909329102071,58.45400367499293,1.0,0.8402569754825773,58.71461321202284,1.0,170,154907.0,3.6,1.0,66.1,205,80.9,0.0,4893,162,12.6,8.4,59.23295454545454,1.5,19.919401266551525,58.55555555555556,3.9764359351988214,3.277807630306287,16.064257028112447,,0.9444444444444444,41.24293785310734,100.0,15.0,28.68617326448652,0.7581250731071842,0.9875893525224674,0.6678516398950973,1.0134446201533596,1.0845079866449,-0.7047686223961522,-0.17156251592733396,0.4863652556528707,-0.5855348627962162,1.284776637300307,1.4861580774366312,1.459633720749608,-0.21111721662219354,0.7888563884384718,-0.8608321309600864,0.11680379263385104,1.329465395756219,0.45016850724988244,0.46179719615058973,,0.8209838230542904,-0.3767158782771268,1.2024048539534578,1.0499934602233227,0.6305204907418317
06073008381,3255,0.3840555391728029,59.411617162733066,Moderate,1.0,59.411617162733066,59.411617162733066,0.8582077323737617,61.64114085145229,1.0,1.0945339927590987,74.87724089853458,1.0,1.0646822057666891,65.12406413146428,1.0,-0.5043405168986891,41.97157242816057,1.0,0.5076745792901437,57.454611385599385,0.75,0.6424887359598715,59.89101558496444,1.0,-0.9748579550412555,39.89653299838602,1.0,283,201319.0,4.3,4.1,73.1,882,84.6,0.0,3223,304,12.9,7.9,35.661218424962854,3.5294117647058822,36.119775421085464,31.56862745098039,6.382978723404255,8.847184986595174,7.680491551459293,,1.3725490196078431,34.7124824684432,99.41176470588236,0.0,0.0,0.44337507573217205,2.1012017097228304,0.47863704995223466,0.4096170940878093,1.4199135137844048,2.317193396491156,0.1546638051079637,0.4863652556528707,0.52297300902591,0.70736096178701,1.3731726866519214,1.6552221656019148,1.258746864374714,0.48170366081204363,-2.811751924438747,-0.9460606683427669,1.1855804323313592,-0.39608900342621867,0.7335323089652904,,0.7410509438216971,0.12283589776007275,1.0635793662978448,-0.979008669303749,-0.9707072407787621
06073017060,3323,0.4558805399439225,61.16394058822604,High,1.0,61.16394058822604,61.16394058822604,0.5162181720824558,56.98554056719944,1.0,0.267247266278435,56.080390689260106,1.0,0.7009540211719608,59.942363753463574,1.0,1.0214380594638164,66.20252698637752,1.0,0.9896115755331755,64.34672692946107,0.75,0.5189306731759499,57.99402225810943,1.0,-0.823235988098336,41.46846339689684,1.0,286,127143.0,5.7,0.0,66.0,207,85.1,0.0,3250,450,11.0,11.5,45.65217391304348,0.0,4.574179957869395,92.33082706766918,0.0,2.1339220014716704,6.319590731266927,,0.9022556390977444,36.95364238410596,98.19548872180452,1.0,3.009328919650918,0.43501888111159653,0.3214182440739868,0.10020787006650914,1.2082276930777307,1.0797164791143359,-0.6958411127391735,0.19874844308570677,0.4863652556528707,0.5050510254695044,0.11368005597756396,1.9380996405754691,0.2469853626653057,0.6357402885458687,1.015882317553658,0.9871064228565887,1.4470232088991497,1.567212815790265,0.6239800022929807,0.7776419085162811,,0.8288610401605501,-0.04860320568773261,0.7765341850550322,-0.8437418606686108,-0.8027301155280612
06073017065,10415,0.09585995112314227,52.380473763620095,Moderate,1.0,52.380473763620095,52.380473763620095,0.5625664516229456,57.61649276123582,1.0,0.044154463675996264,51.01148064990232,1.0,-0.05974644574254778,49.10536496177482,1.0,0.19355975461334132,53.05495636548851,1.0,0.40952713687802716,56.051018138531674,0.75,-0.1651987550576793,47.490547771511984,1.0,-0.31384294812808716,46.74956098759432,1.0,365,212083.0,2.3,13.1,78.3,278,64.7,0.0,10244,503,12.9,8.1,59.08596300326442,8.959276018099548,6.528708831244535,69.92458521870286,32.43823845327605,0.0,10.177628420547288,,4.042232277526395,59.36015204307887,99.24585218702866,7.0,6.721075372059529,0.21497242276977388,2.35947378187884,1.0192501640746996,-1.3434305622315306,1.6690719053737515,-0.3789145199164277,-1.5999047864062095,0.4863652556528707,-3.0873110118366918,-0.10183424544641304,1.3731726866519214,1.5769867876609924,-0.20195125672126898,-0.3401096572519785,0.7517335216124565,0.5645664108141563,-0.37223940433709257,0.948225856976042,0.652594957995132,,0.24258519076817892,-1.7626049154643995,1.0244234595231827,-0.03214100885778211,-0.5955448873983922
06073017064,8172,0.6558992689867283,66.04382225444347,High,1.0,66.04382225444347,66.04382225444347,1.4223108053692848,69.32043499349815,1.0,0.9312097537831729,71.16633734199604,1.0,0.3610452293462712,55.09999632171942,1.0,1.3318818224145075,71.13269760843039,1.0,0.9372696434502829,63.598192065948865,0.75,0.17529208202476934,52.718121199320144,1.0,-0.56771445348119,44.117565475159914,1.0,114,243880.0,2.6,0.6,83.8,430,96.5,1.984732824427481,8142,331,12.0,7.3,18.4,0.0,9.059576563269326,94.4271065537227,1.436265709156194,2.9844290657439445,4.527655408712677,,3.8787338386090062,44.4686140459913,98.61792242532324,4.0,4.894762604013706,0.9141073726912611,2.7456198025064404,0.9381581969563297,1.0913578493231082,1.9326048195547911,0.2995762140139576,1.203878188978249,0.2887797925856938,-2.7421468840836947,0.5975706572880028,1.7121288590060502,1.8766282851747265,2.335105636906471,1.015882317553658,0.44695537846680783,1.5295839567310932,1.4813398198713252,0.4947468860971888,0.8357222243823342,,0.2731125472387633,-0.6234662465378491,0.8762299453733938,-0.43794143476319647,-0.6974874721991835
06073017061,3663,0.5958886200621688,64.57973503188094,High,1.0,64.57973503188094,64.57973503188094,1.0236540430621215,63.89340811485418,1.0,-0.19624276760391504,45.54939525380788,1.0,0.9150575519692057,62.99249952366654,1.0,-0.054750255395469405,49.11153452034892,1.0,0.5739493673116728,58.40239813002889,0.75,-0.4235908814439695,43.52344009417752,1.0,2.333143282535535,74.19201015451563,1.0,254,171972.0,2.5,0.0,85.5,56,71.6,9.281437125748502,3571,275,11.8,10.2,94.14893617021278,0.0,14.550914550914552,87.18473074301295,2.293577981651376,9.388511426806671,6.552006552006552,,1.2951601908657124,62.96296296296296,94.95569188820724,23.0,62.79006279006279,0.524151623731069,1.3970480027772334,0.965188852662453,1.2082276930777307,2.0140604475743853,-1.3698680918410695,-0.991536782313356,-0.43762664383562,0.29197855429890407,0.8252838814340918,1.787452452862523,0.7555153192813038,-2.264895019014154,1.015882317553658,-0.21433551954495794,1.2443471994235762,1.4300819134770495,-0.47834264444396246,0.7701088329019313,,0.7555004784930692,-2.0382044698202675,0.011931346995289775,2.1321279293044277,2.534158635766642
06073019810,6617,-0.017211018569093597,49.621867333996775,Moderate,1.0,49.621867333996775,49.621867333996775,-0.849445996249397,38.3943692903219,1.0,0.16827168986382632,53.83155842265722,1.0,-0.4620008011420861,43.37481771878719,1.0,0.4632490953486573,57.3379042724988,1.0,0.5203435995804364,57.63578932451859,0.75,0.135469382466931,52.10672123385871,1.0,-0.09636409985202303,49.004258110518236,1.0,1166,133822.0,10.3,9.9,59.7,165,92.0,5.172413793103448,6519,474,16.9,12.3,48.84210526315789,11.140008669267448,3.2366927442859335,79.41048981361075,25.677267373380445,0.0,12.392322804896478,,6.415257910706545,41.69593577521324,99.21976592977892,8.0,12.090071029167296,-2.016131540923896,0.4816745772150112,-1.1432022924151601,-0.7201247288735432,0.7778515046887815,-0.8833188155357273,0.8071164471785616,-0.028562376876310493,-1.664836539193089,0.016088674200668722,-0.13329919047753852,-0.06595614909838551,0.4368255591253638,-0.6701648947741223,1.1481724731597747,0.938163243883613,0.03199279187194982,0.948225856976042,0.5808121498933173,,-0.2004905957506625,-0.41136827281925753,1.018267015970713,0.103125799777356,-0.29585399948140206
06073008376,6332,-0.048033860797388445,48.86987864068607,Moderate,1.0,48.86987864068607,48.86987864068607,0.07361114748700551,50.960206379326365,1.0,1.1474330064681617,76.07916376890093,1.0,0.1396526599875319,51.94602033382357,1.0,-0.9440949900497125,34.987812909726074,1.0,-0.6123235271221444,41.43767054379866,0.75,0.49921216376439553,57.69128296351025,1.0,-0.6397274861169566,43.37097527209436,1.0,954,110625.0,3.9,0.0,71.6,906,86.6,0.0,5983,503,15.4,8.2,51.86485300570426,7.34622144112478,32.18080888183981,15.184534270650262,33.84146341463415,8.520900321543408,62.223626026531896,,4.499121265377856,22.26086956521739,96.0281195079086,3.0,4.737839545167404,-1.4256271210698912,-0.07491565483654496,0.5867596727767276,1.2082276930777307,1.3480409008259395,2.424323512374901,0.33100235701893593,0.4863652556528707,-1.3090519767399993,-0.10183424544641304,0.43162776344600856,1.5378690986905312,0.24833590736734462,-0.09597284788451178,-2.3374043745635595,-1.5913386451181233,-0.4561369245604584,-0.34651059802212086,-1.034323058783854,,0.15727787473518964,1.0753307811860415,0.2650278353719554,-0.5732082433983345,-0.7062467288355788
06073008375,4317,0.23646504559109133,55.81083364018983,Moderate,1.0,55.81083364018983,55.81083364018983,-0.2136860435680175,47.04914873417048,1.0,1.1506612326815198,76.15251256398227,1.0,0.5741917110142594,58.136497894615516,1.0,-1.0506316552165331,33.29589959252934,1.0,-0.2281098918283222,46.932257572010116,0.75,1.0748540085572234,66.52914197187113,1.0,0.3479759574975101,53.61092334186112,1.0,1178,123906.0,4.5,3.5,75.0,904,85.0,0.0,4297,173,16.8,8.7,45.81379772270597,7.30260155180283,44.47533009034051,21.999087174806025,57.89473684210527,0.0,22.237665045170257,,4.837973528069375,8.979990239141046,99.36102236421723,10.0,23.164234422052353,-2.0495563194061983,0.24374946875170858,0.4245757385399881,0.5264869378424318,1.5109521568651278,2.415396002717922,0.18993151549015866,0.4863652556528707,-0.18992367021778078,1.2400472539858964,-0.0956373935493028,1.3422806538382244,0.6256619035154909,-0.08937095061703361,-3.415866129709348,-1.3229514440552412,-1.8942598552317407,0.948225856976042,0.2617043227707321,,0.09400960206822691,2.078948418860562,1.0516040047428812,0.3736594170476322,0.32229249794738796
06073017058,4285,0.2861982456073606,57.02418067085604,Moderate,1.0,57.02418067085604,57.02418067085604,0.3344615274102555,54.511236129719066,1.0,0.23935214759537704,55.446583388028586,1.0,0.3654809311337094,55.16318767889807,1.0,0.3009837210582572,54.76096095207522,1.0,0.38952632753080013,55.76498927985006,0.75,0.6846100614490683,60.537706473207244,1.0,-0.31102699692594304,46.778755169576144,1.0,261,147817.0,7.6,4.0,57.9,265,85.3,0.0,4149,406,15.1,10.3,39.42992874109264,2.4070021881838075,15.769770706598036,52.78993435448578,23.240938166311302,4.293193717277487,8.868144690781797,,0.5470459518599562,25.076142131979697,96.1706783369803,5.0,11.668611435239203,0.5046538362830594,0.8174714603275486,-0.4133745883498324,0.4290954013802463,0.6916043691386229,-0.43694333268678964,0.21638229827680425,0.4863652556528707,-0.09168464924192768,0.29259758923520524,0.5446131542307183,0.7163976303108418,1.023741182271137,0.6515810454505147,-0.36111549986169195,-0.1102718436269311,0.17765865768083025,0.2958823012047657,0.6950380237068043,,0.8951834638846797,0.8599745268492324,0.2986721936132929,-0.30267462612805834,-0.3193793677238277
06073008372,3819,1.1788667901295595,78.80272553647524,High,1.0,78.80272553647524,78.80272553647524,0.559826591093808,57.57919426754086,0.75,0.36438264345393145,58.28741163658805,1.0,1.1206801805154392,65.92181569214186,1.0,0.18907959867075647,52.983806818142455,1.0,0.570291703318668,58.35009037391776,0.75,1.0755407421011849,66.53968542748115,1.0,4.372266071753129,95.33247656116761,1.0,271,,2.2,5.4,87.8,179,80.2,0.0,3568,173,12.8,8.2,58.18815331010453,0.3703703703703704,13.552631578947368,56.518518518518526,13.272727272727272,4.862579281183932,7.855459544383346,,1.5555555555555556,19.09722222222222,100.0,38.0,99.50248756218905,0.47679985421447424,,1.0462808197808227,0.15639909928612675,2.0252725751959058,-0.8208262479368761,-0.2332810090961745,0.4863652556528707,0.29396988580517136,1.2400472539858964,1.4108344835801578,1.5378690986905312,-0.14596648696138062,0.9598265325869453,-0.09411792512857078,0.03657627418603198,0.7736487505493524,0.2093651235920331,0.7278612358146184,,0.7068811633863901,1.3173362089637068,1.2024048539534578,4.1611300588315,4.583402084674759
06073008374,3952,1.3470807295584144,82.90666181758922,Very High,1.0,82.90666181758922,82.90666181758922,0.8890292780355673,62.06072324052285,0.75,0.03048798090686697,50.70096336336036,1.0,1.3056059424951532,68.55628266868376,1.0,0.6753307856461198,60.70598262924111,1.0,0.8330414762328221,62.10763919910603,0.75,1.156999765920914,67.79033003226414,1.0,4.539069877671459,97.06180363953898,1.0,62,,0.7,5.4,89.4,125,72.6,4.263565891472868,3943,108,11.5,7.6,57.77777777777777,0.0,8.695652173913043,88.9795918367347,13.138686131386862,0.0,6.578947368421052,,0.8979591836734694,14.98913830557567,99.18367346938776,40.0,101.21457489878544,1.0589480794479038,,1.4517406553726713,0.15639909928612675,2.0252725751959058,-1.0618690086753024,-0.9033675063578698,0.06191586346473432,0.04505344752175977,1.5043572462983212,1.900437843647233,1.7725752325132993,-0.12037667670711122,1.015882317553658,0.49078074248323744,1.3150367592546952,0.7816629461887216,0.948225856976042,0.7692356255337027,,0.8296632461459118,1.6315869764507558,1.0097490751660738,4.431663676101776,4.6464760792411415
06073008369,4624,0.4244328964048304,60.39670854007461,High,1.0,60.39670854007461,60.39670854007461,0.45215907668096716,56.11348604452303,1.0,0.9751930512140841,72.1656854846114,1.0,0.7630641021367675,60.82718886090359,1.0,-0.35627433805606623,44.32301772089616,1.0,-0.16449894293564687,47.841949114765036,0.75,1.2523164656645844,69.25373225205934,1.0,0.04907086012912304,50.51204513643534,1.0,264,170156.0,5.0,7.9,79.2,676,86.3,0.0,4456,289,14.3,7.7,58.920187793427225,2.7358490566037736,21.81739319019735,36.65094339622642,33.67556468172484,6.236178681999116,31.790657439446367,,0.5188679245283019,14.694835680751172,100.0,8.0,17.301038062283737,0.49629764166248386,1.353474788076814,0.2894224600093719,-0.33055858302480096,1.7121954731488311,1.3976599018223443,0.30455157423229035,0.4863652556528707,-0.2954642400499473,0.7683555753975695,0.8459075296566101,1.7334575435428377,-0.19161400259565592,0.6018098682240732,-1.089396605853216,-0.7458966119994662,-0.4462179930401565,0.0006490077254274872,-0.047927843492211554,,0.9004446803873394,1.6540998626529557,1.2024048539534578,0.103125799777356,-0.004984079519109931
06073008370,3757,0.37228990234060666,59.12456946603203,Moderate,1.0,59.12456946603203,59.12456946603203,0.7329315012426978,59.935720204204735,1.0,0.6236488183130916,64.17821986203963,1.0,1.169636411245508,66.61925001266926,1.0,-0.03054636529934098,49.49591752987416,1.0,0.004747205494732916,50.262315302521905,0.75,0.7966300977537282,62.25755588291851,1.0,-0.6910183523661708,42.8392207153589,1.0,136,149851.0,3.1,4.1,82.3,304,87.5,0.0,3523,124,13.2,7.9,41.842900302114806,3.1113876789047916,25.759612799139553,56.19166148102054,15.445544554455443,14.52127659574468,10.912962470055897,,3.7336652146857494,24.719101123595504,100.0,2.0,5.3233963268565345,0.8528286121403738,0.8662753803168948,0.8030049184257135,0.4096170940878093,1.8607322065963259,-0.2628568943757039,0.410354705378874,0.4863652556528707,0.3238398583991808,1.4392963251137243,1.2601872958672122,1.6552221656019148,0.8732753783149226,0.5449718651263895,-1.5641359045855612,0.023703199946885214,0.6437380185887148,-1.2582576684898155,0.6287612663852994,,0.30019880949622774,0.8872866298114991,1.2024048539534578,-0.7084750520334727,-0.673561652698869
06073020041,3150,-0.1498567328752719,46.3856934394686,Moderate,1.0,46.3856934394686,46.3856934394686,-0.20585637123575615,47.155736270657364,1.0,0.06542597698509589,51.4947924650171,1.0,0.27553433637364155,53.881801402529554,1.0,-0.45455623610123175,42.76219871195111,1.0,0.30369102302029,54.53747024511993,0.75,-0.05837790412768736,49.130573819326784,1.0,-0.9748579550412555,39.89653299838602,1.0,388,85855.0,5.4,8.7,35.2,343,91.9,5.405405405405405,2540,299,18.8,11.5,74.95590828924162,11.60443995963673,7.638446849140674,42.78506559031282,32.0,1.5888778550148956,13.333333333333334,,2.0181634712411705,56.21156211562116,97.98183652875882,0.0,0.0,0.15090826401202806,-0.6692485447756339,0.18129983718487883,-0.4863850413642976,-0.3960678402994859,-0.08877045606461821,0.7982995195830135,-0.05175731527852584,0.976332815286097,0.7276924996571965,-0.8488733321140332,0.2469853626653057,-1.1915543315225965,-0.7404568582449562,0.6180940239047175,-0.5043077785420916,-0.3460375332837162,0.7067985425142235,0.5503120598303628,,0.6205060466466858,-1.5217513152747357,0.7261115562449878,-0.979008669303749,-0.9707072407787621
06073020037,4415,0.1524794527921473,53.76182674724902,Moderate,1.0,53.76182674724902,53.76182674724902,-0.27024536654270226,46.27919072757578,1.0,-0.13166854735106126,47.01659145872845,1.0,0.05619528109881657,50.75707993808149,1.0,0.01821367464929218,50.270277801119356,1.0,0.6857007552007888,60.00053955416287,0.75,0.7680798641873819,61.819222670700505,1.0,-0.0589194916974848,49.39246253105977,1.0,289,107034.0,8.1,10.3,24.4,447,84.8,6.5015479876160995,3757,434,16.8,12.2,46.567717996289424,8.571428571428571,16.124630429838525,60.146520146520146,12.433392539964476,0.0,21.517553793884485,,2.490842490842491,16.893203883495143,96.11721611721612,7.0,15.855039637599091,0.426662686491021,-0.16107832773808992,-0.5485278668804485,-0.7980379580432916,-0.9135506536004366,0.375460046098277,0.17229766029906118,-0.16088124220114658,0.16851600091033192,0.17874097716216078,-0.0956373935493028,-0.02683846012792359,0.5786496544214448,-0.28140870596169115,-0.4038492572042332,0.1794630073416483,0.8238317965008629,0.948225856976042,0.2850446121254614,,0.5322505194191337,1.4859341413705744,0.28605493177243796,-0.03214100885778211,-0.08569797453718749
06073017406,2790,0.62856742871015,65.37700396743638,High,1.0,65.37700396743638,65.37700396743638,0.988891104254324,63.420170429887456,1.0,-0.32549704079158537,42.612598210837234,1.0,0.8466769340455101,62.01834385261803,1.0,0.8613816700954917,63.66066464958802,1.0,0.6505785958258045,59.49826232197411,0.75,0.6761277547689358,60.407477180144525,1.0,0.7018129827725693,57.27930456235997,1.0,83,189135.0,6.3,0.0,67.7,183,58.5,0.0,2751,355,12.9,10.4,29.794520547945208,2.3486901535682025,8.676945141627822,72.53839205058718,0.0,6.582278481012659,16.845878136200717,,1.9873532068654016,30.363036303630363,98.9159891598916,10.0,35.842293906810035,1.000454717103875,1.8088580710059206,-0.06197606417023023,1.2082276930777307,1.16117210713393,-0.8029712286229186,-2.1465542973302236,0.4863652556528707,0.8362758326786308,0.4999792755111076,1.3731726866519214,0.6772799413403806,1.6245768753424925,0.660406608008651,0.49303352499395914,0.6675096720368644,1.567212815790265,-0.05194027391625761,0.436463245603406,,0.626258737190889,0.4555498401158986,0.9465746870000197,0.3736594170476322,1.0299665484975065
06073017405,4024,0.17331082217954547,54.27005224214261,Moderate,1.0,54.27005224214261,54.27005224214261,-0.033751082364676305,49.49865408109319,1.0,-0.04527734952314406,48.9794930175136,1.0,0.05863601859113379,50.79185087671698,1.0,0.33453438878800745,55.29378053530436,1.0,0.36108114602967184,55.358198601607484,0.75,0.9648475544053738,64.84020719307014,1.0,-0.4268949206695485,45.57750237476526,1.0,1368,150893.0,3.5,1.8,60.9,120,86.4,7.352941176470589,3477,136,18.2,14.4,64.59510357815442,0.0,6.933399602385686,59.77272727272728,11.64021164021164,8.71369294605809,12.176938369781311,,1.5151515151515151,16.99266503667482,97.87878787878788,4.0,9.940357852882702,-2.578781978709316,0.8912771918355274,0.6948822956012205,0.8576181618138627,0.8353495950555536,-1.0841877828177493,0.3133685018278397,-0.24563971215822025,0.3543736081619459,1.3905006342252768,-0.6229025505446135,-0.8874276174780741,-0.5454850467993738,1.015882317553658,0.702998891897966,0.16474139249977968,0.8712553475424545,-0.3758051126619446,0.5877932032085056,,0.7144251408850941,1.478325790529637,0.7017917318013904,-0.43794143476319647,-0.41584840657590044
06073017307,2282,0.2065852037887468,55.081851444879845,Moderate,1.0,55.081851444879845,55.081851444879845,0.9047816758002049,62.275165071578286,1.0,-0.004546088871589499,49.90495136320613,1.0,1.0444486361838587,64.83581510486636,1.0,0.7879386640699088,62.49431314276103,1.0,-1.3722023453130268,30.57074674435742,0.75,-0.07908076746743024,48.8127216879692,1.0,0.16475665211930213,51.71140969271775,1.0,104,175547.0,3.6,3.5,74.7,34,76.8,0.0,2208,232,13.5,10.0,37.24137931034483,1.572617946345976,8.443271767810026,73.17298797409806,26.732673267326735,33.51783517835179,28.48378615249781,,12.0259019426457,9.113300492610838,90.37927844588344,6.0,26.29272567922875,0.9419613547598462,1.4828267707034442,0.6678516398950973,0.5264869378424318,1.496577634273435,-1.4680706980678357,-0.5330565473448279,0.4863652556528707,1.1967068353130108,1.0001351071176958,1.1472019050825024,0.8337506972222263,1.1602126827706654,0.7778656172787172,0.521173492987383,0.6925028632428695,-0.031108948597033812,-4.14475275566091,0.059254668318863564,,-1.2480732609228098,2.078948418860562,-1.0681174603400427,-0.16740781749292022,0.4969211217315245
06073017408,2522,0.42333240608170825,60.36985974157783,High,1.0,60.36985974157783,60.36985974157783,1.0301721956836483,63.982141563827696,1.0,0.31161963208972165,57.08857888675971,1.0,1.1371918558090268,66.15704231942547,1.0,-0.04389795313554502,49.28388039476745,1.0,0.5123677345462148,57.52172756166031,0.75,0.6341370112141607,59.762791123093024,1.0,-0.6182636336352694,43.59350029841735,1.0,133,177037.0,4.1,0.0,80.4,187,80.3,0.0,2308,81,14.8,9.2,46.15384615384615,3.4965034965034967,20.432692307692307,46.85314685314685,0.0,8.844621513944222,19.032513877874703,,2.0104895104895104,26.12847222222222,97.02797202797204,2.0,7.930214115781126,0.8611848067609492,1.5185779215314315,0.5326983613644812,1.2082276930777307,1.7696935635156035,-0.7851162093089611,-0.22446408150062638,0.4863652556528707,1.1303291184374344,1.6141475507973282,0.6575985450154275,1.1466922089859175,0.6044574842831802,0.4866843475881892,-0.9226448793833422,-0.3440887650302074,1.567212815790265,-0.3956994880736935,0.36558987592207287,,0.6219388782807883,0.7794757967311833,0.5009963586305104,-0.7084750520334727,-0.5280522152370659
06073017407,3078,0.4546301294374404,61.13343416847711,High,1.0,61.13343416847711,61.13343416847711,1.1252362834809508,65.27627578767468,1.0,0.2741883591643862,56.23809983542388,1.0,0.9676517760815184,63.74176098457609,1.0,1.1650163007507954,68.48269915163863,1.0,-0.34937397054822134,45.198076447977826,0.75,0.18301403015065187,52.83667666818288,1.0,-0.18332187301799852,48.1027293295477,1.0,117,196992.0,2.9,2.4,74.1,148,84.0,0.0,3061,236,13.6,9.2,18.010752688172044,0.0,6.660168940870695,69.52686447473937,19.076923076923077,14.99659168370825,34.76283300844704,,4.410585404971933,29.812981298129813,94.38652766639936,5.0,16.244314489928524,0.9057511780706855,1.9973794079559175,0.85706622983796,0.7407483180592401,1.4678285890900484,-0.9592026476200468,0.10176223953467253,0.4863652556528707,0.6305049103643439,0.9838698768215465,1.1095401081542662,1.1466922089859175,2.3593779535214163,1.015882317553658,0.7359025211999893,0.548902410728118,0.4266212615346224,-1.3304809956940025,-0.14426217748528397,,0.17380871006877446,0.49762668449052455,-0.12239330410734343,-0.30267462612805834,-0.06396911990793869
06073008378,843,-0.16105302890052267,46.1125360208377,Moderate,1.0,46.1125360208377,46.1125360208377,0.30676012475750114,54.13412912693655,1.0,0.39506919876803004,58.984643400636195,1.0,0.9246033777072686,63.12849010930225,1.0,-1.747293459765136,22.232183801797227,1.0,-1.634503476373191,26.819613885404607,0.75,0.8054394729485798,62.392806675799754,1.0,-0.17744644034671173,48.16364247694063,1.0,359,73828.0,0.0,4.6,66.6,84,96.8,0.0,843,74,19.3,9.6,79.3103448275862,12.531969309462914,38.43416370106761,16.11253196930946,56.25,24.807692307692307,39.145907473309606,,9.974424552429667,5.88235294117647,100.0,2.0,23.72479240806643,0.23168481201092497,-0.9578251159220781,1.640955245315534,0.31222555762562376,1.1084655242977217,-1.2448829566433668,1.2303289717648946,0.4863652556528707,2.102762670664629,1.6426117038155894,-1.0371823167552157,0.9902214531040718,-1.463084176756572,-0.8808389998622188,-3.090460666727181,-1.5547899957145723,-1.7959225634413427,-2.8212612140015554,-0.28632665167667454,,-0.8650348539682803,2.078948418860562,1.2024048539534578,-0.7084750520334727,0.35358217134004927
06073020310,9019,-0.11850819803733309,47.150507520382476,Moderate,1.0,47.150507520382476,47.150507520382476,-0.1795518060945458,47.51382773065472,1.0,0.6359659602059753,64.45807866281095,1.0,-1.1661826408951679,33.34298774307226,1.0,-0.316216416919883,44.959179272634245,1.0,-0.13219968972543603,48.30385634919732,0.75,0.4162784869348095,56.41799793481565,1.0,-0.08765127976708391,49.0945876783534,1.0,439,111270.0,5.3,10.7,42.8,822,83.3,0.0,8633,889,19.6,9.0,61.68371361132966,5.572403335860501,19.50947603121516,48.938589840788474,32.58971871968962,10.938555030384874,8.759285951879365,,0.0,43.953934740882914,98.44579226686884,9.0,9.978933362900545,0.008852955462243803,-0.059439485518389436,0.2083304928910022,-0.8759511872130398,-0.03191326797659505,2.0493681067817935,0.04004374636583199,0.4863652556528707,-3.0680614739427745,-1.6714289690248114,-1.1501677075399255,1.22492758692684,-0.36393933815340257,0.17249562106812955,-0.8114671442112901,-0.2619548063829688,-0.3812962691056421,-0.7138691597953246,0.6985663597246586,,0.9973242970865002,-0.5840954912364239,0.8356066549543524,0.23839260841249413,-0.41369516794666195
06073013316,7768,0.02494751950566914,50.65041440061441,Moderate,1.0,50.65041440061441,50.65041440061441,0.05377699376124932,50.69019845380697,1.0,0.059925392549160586,51.369813230616,1.0,-0.15582017512340623,47.73669104280586,1.0,-0.00910137573780992,49.83648632250049,1.0,0.5012846395339879,57.3632297247992,0.75,0.1816146902699284,52.81519253063715,1.0,-0.457047528713426,45.264897267905006,1.0,390,139542.0,7.6,6.9,44.8,391,77.9,0.0,7221,464,14.7,10.2,55.66218809980806,9.457642312864186,15.799158780231334,74.18198117436128,10.618556701030927,5.265392781316349,17.25025746652935,,3.2720753025549083,42.6361585562359,97.62438368444644,5.0,6.436663233779609,0.145337467598311,0.6189206058969485,-0.4133745883498324,-0.13577551010042987,0.06391688263469208,0.1254897757028719,-0.43607034379379234,0.4863652556528707,-2.1308081116596354,0.056751749941041735,0.6952603419436646,0.7555153192813038,0.011545268366429058,-0.415537704657735,-0.3646545400095618,0.7322414733496281,0.9323391496993498,0.14815829056897295,0.4233564783336409,,0.38638385128713915,-0.48329127549890266,0.6417514950215488,-0.30267462612805834,-0.6114204312987936
06073019111,3678,0.1302172066775808,53.21869197590446,Moderate,1.0,53.21869197590446,53.21869197590446,0.5149160880626305,56.967814930406156,1.0,0.06280409957500413,51.435220571298665,1.0,-0.11426905122232847,48.32863162795591,1.0,0.05461755971146903,50.84840945033094,1.0,0.2005558766321922,53.062548520742894,0.75,-0.12388480396989525,48.124842998822224,1.0,0.3167806779539935,53.28750840936023,1.0,125,142431.0,4.7,5.6,27.7,269,93.5,0.0,3128,295,18.0,15.3,67.93893129770993,9.762773722627738,11.02921102921103,86.67883211678831,15.112540192926044,8.590492076730609,21.207177814029365,,1.2773722627737227,61.74825174825175,98.35766423357664,9.0,24.469820554649264,0.8834679924158174,0.6882394480057104,0.3705144271277416,0.11744248470125267,-0.7554309050918128,-0.41908831337283214,0.9393703611117907,0.4863652556528707,0.5860318400577077,0.7439577299533457,-0.5475789566881407,-1.2394868182122265,-0.7539963008237939,-0.461719532526933,0.20976339580830686,1.2244226763882962,0.6636480408055673,-0.3570849480330427,0.29510453712405205,,0.7588217237926141,-1.9452842814201898,0.8148081457178901,0.23839260841249413,0.3951687474954929
06073019110,4999,-0.07861776573012126,48.12371933012151,Moderate,1.0,48.12371933012151,48.12371933012151,0.48548994713019955,56.567228579253225,1.0,0.06722274559520527,51.535616993374546,1.0,-0.1850362658250185,47.32047631256457,1.0,0.7568117758638937,61.99998570538361,1.0,-0.6443471174164507,40.979705527296076,0.75,-0.6729243355740211,39.695410680398425,1.0,-0.35754110988465704,46.29652327670607,1.0,286,143144.0,3.9,5.1,47.0,324,82.9,2.18978102189781,4403,496,16.1,13.6,32.38636363636363,8.409986859395532,7.44421906693712,85.54533508541394,24.11764705882353,16.69403393541325,44.808961792358474,,2.562417871222076,64.33203631647211,93.23258869908015,5.0,10.002000400080016,0.43501888111159653,0.7053472134690357,0.5867596727767276,0.21483402116343822,0.16933004830710807,-0.17358179780591637,0.0047760359836382885,0.2683666958959911,-0.2602840501058918,-0.07337009242815191,0.16799518494835255,-0.5744861057143829,1.4629571694467323,-0.25697440284685985,0.6414837815195641,1.1797805553361385,0.12524104534847771,-1.5884044874147163,-0.4698779101831136,,0.5188864337077754,-2.1429326985555557,-0.3947267418742831,-0.30267462612805834,-0.4124075936412557
06073013315,3862,0.26654043389014664,56.54458660756081,Moderate,1.0,56.54458660756081,56.54458660756081,0.4249858647045571,55.74356945030396,1.0,0.13043509153251598,52.971869939212475,1.0,0.7582268397284011,60.758276839477894,1.0,0.5533708091186982,58.76913104740645,1.0,0.5129367593609494,57.52986510827128,0.75,0.46068562782716044,57.09978306513789,1.0,-0.9748579550412555,39.89653299838602,1.0,321,150938.0,2.1,9.3,56.3,154,88.0,1.020408163265306,3623,310,13.1,10.1,60.0,0.8278145695364238,7.120662868979803,78.47682119205298,29.257641921397383,0.0,6.47332988089073,,0.0,47.00739744451917,100.0,0.0,0.0,0.3375299438715485,0.8923569245786546,1.073311475486946,-0.6032548851189206,0.6149402486495931,-0.9324201186491105,0.45443934335661706,0.38478089277296423,0.25746214152360436,0.6829631163427862,1.2978490927954487,0.794633008251765,-0.25894791336702033,0.8905920696975951,0.6804478316628733,0.9013912484813448,-0.18207448480958155,0.948225856976042,0.7726589059163875,,0.9973242970865002,-0.8176722675584766,1.2024048539534578,-0.979008669303749,-0.9707072407787621
06073018615,3150,-0.2541156496360768,43.84207575488737,Moderate,1.0,43.84207575488737,43.84207575488737,-0.65386281483566,41.056898269888585,1.0,-0.25477367379793137,44.219509687986786,1.0,0.1641532845498329,52.29505816188515,1.0,-0.5371899663640591,41.449888922054825,1.0,-0.018374306664922884,49.93165769666176,0.75,-0.12884280381204263,48.04872257087776,1.0,-0.34991926652775457,46.3755422177406,1.0,353,69149.0,11.7,7.6,21.2,149,88.7,0.0,2396,219,18.4,14.1,46.11005692599621,25.29832935560859,6.253968253968253,37.11217183770883,27.596439169139465,6.159014557670773,29.84126984126984,,0.0,43.619909502262445,91.40811455847256,4.0,12.698412698412698,0.24839720125207607,-1.0700933271463413,-1.5216314723008852,-0.2721236611474895,-1.066878894578496,-0.9547388927915574,0.5161578365254575,0.4863652556528707,1.071916727586927,1.0529971055801806,-0.6982261444010862,-0.7700745505666897,0.6071880516381774,-2.813035500459027,0.784818981563395,-0.7277313981987825,-0.08275271150832782,0.012373966475774642,0.015255825037784517,,0.9973242970865002,-0.5585439957640012,-0.8253087127586269,-0.43794143476319647,-0.26189709829231267
06073020040,4333,0.12625679570501347,53.122069339673324,Moderate,1.0,53.122069339673324,53.122069339673324,0.5054741814336307,56.83927959398122,1.0,-0.059079786817754165,48.665886696941556,1.0,0.05767820307784774,50.778205761442834,1.0,0.35692040220239724,55.64929376781866,1.0,0.734105614206709,60.69277087019344,0.75,-0.6607557458503357,39.88223566763892,1.0,-0.05054529831740051,49.479281409633735,1.0,374,164345.0,5.3,4.1,48.0,171,81.9,0.0,4230,542,15.2,11.8,64.0,0.0,11.712552496500232,75.71714476317545,8.969465648854962,2.5357607282184653,11.539349180706209,,8.272181454302869,40.33613445378151,90.12675116744497,7.0,16.155088852988694,0.18990383890804724,1.214045299847664,0.2083304928910022,0.4096170940878093,0.21724512361275164,-0.8565362865647911,-0.08339323997184785,0.4863652556528707,-0.1454505999111446,-0.2604202408338678,0.506951357302482,0.12963229575392132,-0.508376139354856,1.015882317553658,0.1274724325550815,0.7927029980557054,1.0309367756753014,0.5629212844443857,0.6084587825004398,,-0.5472031841358529,-0.3073493146966475,-1.1277147387185067,-0.03214100885778211,-0.06894958777701891
06073013608,3801,-0.40244104010977066,40.223362861995135,Moderate,1.0,40.223362861995135,40.223362861995135,-1.055348165516426,35.591365020392345,1.0,-0.09792717248942912,47.783232030646175,1.0,-0.43791148778449174,43.71799597501692,1.0,-0.22774866470412738,46.36413941365163,1.0,0.19645615041570194,53.003918892798744,0.75,-1.06610920177326,33.658823098860246,1.0,-0.12849873891636288,48.671104432269054,1.0,871,73583.0,16.3,2.6,32.8,88,92.6,0.0,3637,645,17.8,14.3,64.46837146702558,4.990403071017274,15.171858216970998,46.83301343570058,12.673267326732674,8.543007606787596,26.308866087871618,,15.419065898912349,31.94321206743567,87.90786948176583,6.0,15.785319652722968,-1.1944390699006344,-0.9637036608568814,-2.765041634782555,0.7017917034743658,-0.5110640210330307,-1.2270279373294093,0.8600180127518527,0.4863652556528707,0.24816926116102364,-0.6792499209597098,-0.47225536283166797,-0.8483099285076129,-0.5375824053857335,0.2605817216490081,-0.2891122671181423,-0.34488170796164186,0.8094899052659159,-0.349869762787178,0.12974830876836788,,-1.881622586176177,0.3346731840845862,-1.6513782032281896,-0.16740781749292022,-0.08958966033980556
06073013607,2151,0.11393633486599658,52.82148553306988,Moderate,1.0,52.82148553306988,52.82148553306988,0.2513972022260931,53.3804580568175,1.0,-0.09214242314710128,47.91466779941344,1.0,-0.17560183051832634,47.45488002133787,1.0,0.358684358006685,55.677307225078174,1.0,-0.1609869560510845,47.89217356232898,0.75,-0.18539598568554683,47.180458645325054,1.0,0.8015999792312569,58.31383944059798,1.0,138,79847.0,5.0,2.7,33.4,146,89.6,0.0,2090,585,18.7,14.0,47.353760445682454,1.3626834381551365,12.721342031686858,57.861635220125784,19.607843137254903,8.269230769230768,47.88470478847048,,5.660377358490567,34.27471116816431,92.1383647798742,9.0,41.84100418410041,0.8472578157266567,-0.8134048630135849,0.2894224600093719,0.6823133961819287,-0.4823149758496445,-0.9681301572770256,0.5955101848853943,0.4863652556528707,1.275032541226191,-0.4352714665174718,-0.811211535185796,-0.7309568615962285,0.5296343609956357,0.8096393351289605,0.005989591919642792,0.08947414398250113,0.39487804307336466,-0.30826983334982383,-0.5695690778767943,,-0.0595442487225263,0.15632352116011844,-0.6529672294942326,0.23839260841249413,1.3648073500500197
06073008202,1203,-0.6168837520086106,34.99157750240941,Low,1.0,34.99157750240941,34.99157750240941,0.8909490531439831,62.086857680219865,1.0,-1.3167178213617914,20.090988785336833,0.75,1.2118281241741655,67.22031647958195,1.0,-0.5417986025185977,41.37669897499042,1.0,-2.4888379757263017,14.601892215247602,0.5,-2.5969097691829917,10.156362832867778,1.0,0.5233007274112593,55.42859093314813,1.0,43,111836.0,1.3,0.0,60.8,73,43.3,,1106,182,9.3,12.7,71.60804020100502,2.2761760242792106,21.862011637572735,36.26707132018209,,38.29588014981273,34.08146300914381,,35.66009104704097,51.24999999999999,84.67374810318664,5.0,41.56275976724855,1.1118706453782157,-0.04585884701594598,1.289556721135932,1.2082276930777307,0.8305580875249892,-1.2939842597567501,-3.486727291853613,,1.928189275281863,1.203450485819561,1.9380996405754691,-0.22242690498023043,-0.9827911320000612,0.6713816663925257,-1.0947697541094594,-0.7610151903573957,,-4.855498379523715,-0.12217757192888795,,-4.2338745596394,-1.1422131328995857,-2.4146416150099896,-0.30267462612805834,1.349276080950577
06073013422,4017,0.44959506129093996,61.0105929882844,High,1.0,61.0105929882844,61.0105929882844,0.6994397133763305,59.47978705531569,1.0,0.053973337514820106,51.234576095368105,1.0,0.4269646665009864,56.03908981760226,1.0,1.313562298211436,70.84176446428373,1.0,0.8371095543241402,62.16581623150941,0.75,0.10541571264686823,51.64530568709779,1.0,-0.2892998535380013,47.00400984640781,1.0,84,153986.0,6.3,1.6,52.9,178,86.7,2.380952380952381,3653,497,13.3,11.3,20.73170731707317,1.7463933181473046,5.033979360684621,90.66059225512528,0.0,4.634322954380883,8.712969878018422,,3.037205770690964,40.8770555990603,95.8997722095672,5.0,12.447099825740604,0.9976693188970165,0.9654908223797988,-0.06197606417023023,0.8965747763987368,0.452028992610405,-0.8252900027653655,0.3398192846144853,0.24933507559975557,0.23754882646093142,-0.07743640000218922,1.2225254989389753,0.3252207406062282,2.189707232001367,0.7515646071183616,0.9317353710879576,1.3812419826380589,1.567212815790265,0.24404828807509704,0.7000675591070585,,0.4302371502590804,-0.3487274580118386,0.2347374456933629,-0.30267462612805834,-0.27592508094794427
06073017062,4767,0.46782520715899373,61.455356111316476,High,1.0,61.455356111316476,61.455356111316476,0.5482200536328453,57.42119120143434,0.75,-0.18865359065875256,45.72182957154045,1.0,0.5521689247325636,57.82275954594276,1.0,0.10295837775442923,51.61611204063636,1.0,-0.3589433297399995,45.0612263415436,0.75,0.4393715298175857,56.77254661628869,1.0,2.1796544845742845,72.60072551277895,1.0,69,,1.6,9.3,73.2,134,64.2,0.0,4751,470,12.3,9.4,100.0,0.7343124165554071,10.048248374239565,92.25634178905209,24.163027656477436,18.675352877307276,9.020348227396688,,0.7343124165554071,46.05095541401274,100.0,25.0,52.44388504300398,1.0394502919998942,,1.2084647540175624,-0.6032548851189206,1.4247050213149697,-1.021695215218898,-1.6439894243839526,0.4863652556528707,-0.49127850483289776,0.03235390449681793,1.5991434682213403,1.0684568310449942,-2.264895019014154,0.9047436784674521,0.3278952020241286,1.4440896495402902,0.12252778146402388,-1.8894625641724936,0.6901047934884712,,0.8602182974855518,-0.7445085619862525,1.2024048539534578,2.402661546574704,1.956647422573865
06073017308,2388,0.2593034881843119,56.36802594827497,Moderate,1.0,56.36802594827497,56.36802594827497,0.32129686481954856,54.33202186701707,1.0,-0.25424288096880576,44.231569875805434,1.0,0.609592088942711,58.6408144679864,1.0,0.21957973955308613,53.46818085457758,1.0,-0.022500578186778104,49.87264844791002,0.75,0.2556947143737087,53.95254697122826,1.0,0.6857044687567132,57.11230064223608,1.0,237,101833.0,3.6,4.5,56.7,120,70.9,0.0,2266,340,15.5,11.3,51.11940298507462,4.040404040404041,8.161548169962138,46.043771043771045,23.809523809523807,8.825786646201074,24.706867671691793,,10.942760942760945,13.015184381778742,95.03367003367003,9.0,37.688442211055275,0.5715033932476637,-0.2858714387826277,0.6678516398950973,0.3317038649180608,0.6341062787718508,-1.0841877828177493,-1.0532552754821953,0.4863652556528707,1.1582077595251765,0.5609738891216671,0.39396596651777216,0.3252207406062282,0.29481997641940627,0.4043646633713385,0.5550998787664205,-0.3759655603448209,0.14366344891974342,-0.39283756163729716,0.18167237815721943,,-1.0458362754792105,1.7825859696854471,0.030334448914889574,0.23839260841249413,1.1330163291009323
06073020311,4151,0.07816863264836231,51.94885647913162,Moderate,1.0,51.94885647913162,51.94885647913162,0.7598601336757492,60.30230726815799,1.0,-0.22905789102937738,44.803800117462266,1.0,-0.03548024879863063,49.45106311551299,1.0,0.19666016591664293,53.10419412945108,1.0,0.4764006598266289,57.00736730985452,0.75,-0.185819507007385,47.173956300571454,1.0,-0.43538288404509207,45.48950399352485,1.0,409,130764.0,0.5,0.9,50.1,87,77.3,0.0,4087,673,14.3,12.5,90.2777777777778,0.0,8.387878787878787,90.880303989867,15.637860082304528,3.2475490196078436,19.754276078053483,,3.7365421152628246,56.98924731182796,97.97340088663712,4.0,9.63623223319682,0.09241490166799925,0.40830073880428314,1.5058019667849178,1.0329229274457967,0.3178667817546032,-1.2314916921578987,-0.4889719093670848,0.4863652556528707,-0.05053046477907029,-0.7931065330327544,0.8459075296566101,-0.14419152703930796,-2.1469810128582782,1.015882317553658,0.5278441575002379,1.389895201470954,0.6322396513765396,0.45476625219120287,0.3421960759121443,,0.299661653484046,-1.581240891128093,0.7241207166218921,-0.43794143476319647,-0.43282433332698766
06073002904,9700,-0.6543783077015949,34.07681819069513,Low,1.0,34.07681819069513,34.07681819069513,-1.1980545077554332,33.64866335743315,1.0,0.42024257971814327,59.556609873485606,1.0,-1.8859134726487932,23.08964560212185,1.0,-1.5204807741650876,25.83420572237252,1.0,-0.20621537819090524,47.245368038610685,1.0,-0.37224041756118464,44.31182642139686,1.0,0.18201381669209618,51.890322169128844,1.0,3145,51657.0,8.4,2.2,51.1,587,80.9,0.0,9262,844,27.7,12.8,70.07223942208462,8.470588235294118,41.7367819673834,17.176470588235293,17.1875,13.58861402914266,27.628865979381445,45.16490355,11.568627450980392,33.5297131147541,94.19607843137256,12.0,12.371134020618555,-3.4525056882366933,-1.4897974414303357,-0.6296198339988185,0.7797049326441142,0.36578185706024674,1.0003857220867898,-0.17156251592733396,0.4863652556528707,-3.0873110118366918,-1.488445128193133,-2.7063531566146564,-0.26154459395069235,-0.887023116060848,-0.2661464586262165,-3.415866129709348,-1.5128873922639374,0.5395881165806071,-1.1165411620616472,0.08696439258730519,-0.334872859869886,-1.1626939661454119,0.21331267104380078,-0.16733995758194287,0.6441930343179084,-0.28016540093371606
06073006900,6093,0.19130614166141352,54.70908627679294,Moderate,1.0,54.70908627679294,54.70908627679294,0.2593143206782737,53.48823602198416,1.0,-0.1682375889745825,46.18570323619135,1.0,0.27752864892941265,53.910212536342584,1.0,0.17126616483407994,52.70091091666025,1.0,0.305738870549535,54.566756234570406,1.0,0.7877560391615831,62.12131200249398,1.0,-0.2942234635484069,46.952964655517476,1.0,472,146779.0,4.5,6.7,65.7,217,65.0,0.0,5990,249,14.9,9.9,62.5748502994012,0.0,16.641999671106724,69.67771221062188,12.146892655367232,0.6314839873703203,15.755785327424917,59.34038581,0.0,23.396946564885496,96.50476622787107,6.0,9.847365829640571,-0.08306518536408718,0.7925656250527494,0.4245757385399881,-0.09681889551555563,1.065341956522643,-0.6512035644542797,-1.573454003619564,0.4863652556528707,-1.3136984169212897,0.9310078783590616,0.6199367480871911,0.8728683861926875,-0.4195079989579925,1.015882317553658,-0.46615312029400535,0.5548434610346596,0.8409613591325921,0.8522729284892717,0.47179539953782607,-0.9420742049615496,0.9973242970865002,0.9884257723512858,0.3775180480469632,-0.16740781749292022,-0.4210391096038936
06073007002,3025,0.5341642153248086,63.07383709683523,High,1.0,63.07383709683523,63.07383709683523,1.3110443457059575,67.80573331431486,1.0,-0.11627397418233926,47.36637283032036,1.0,0.7794077172091913,61.060021289034054,1.0,1.0930605899434447,67.33996744352027,1.0,0.7474058967887092,60.88297640543094,1.0,0.5795711237658637,58.925038231609435,1.0,-0.6550661919571656,43.21195228571458,1.0,140,184167.0,0.0,0.7,65.5,163,70.2,0.0,2931,307,13.4,10.8,35.810810810810814,0.0,5.945582801477998,88.21656050955414,8.25082508250825,3.2357473035439135,12.231404958677686,16.96328563,5.095541401273886,16.88888888888889,95.78025477707006,2.0,6.6115702479338845,0.8416870193129397,1.6896555761646854,1.640955245315534,1.0718795420306708,1.055758941461514,-0.8922463251927061,-1.1149737686510357,0.4863652556528707,0.7167959423025932,0.6951620390648982,1.1848637020107389,0.520809185458535,1.2494187235188778,1.015882317553658,0.8219561042955719,1.2849852144056708,1.0739036292509754,0.45655950307349225,0.5860278288406748,0.8731326259896941,0.045918217632089905,1.4862642199167364,0.20653093374876486,-0.7084750520334727,-0.6016573318808587
06073009804,5636,0.24732535388904658,56.075793924690586,Moderate,1.0,56.075793924690586,56.075793924690586,0.8558618621911847,61.609205859403055,1.0,0.45201384196080563,60.278487353468186,1.0,-0.399451408361542,44.26590129697014,1.0,0.9231418340070847,64.64148044319914,1.0,0.877301770607849,62.74059965911643,1.0,-0.23703901900590227,46.387580484402534,1.0,-0.7405514041761531,42.32569017990268,1.0,76,131504.0,2.0,1.7,51.4,393,92.0,0.0,5602,824,14.8,11.6,35.54006968641115,1.2973533990659056,8.657777777777778,83.8090295796575,6.761006289308176,0.6701030927835051,8.87154009936125,18.55631612,6.175402179553711,29.358288770053477,90.29579657498704,2.0,3.5486160397444997,1.0199525045518847,0.42605634391348485,1.1003421311930692,0.8770964691062998,0.3801563796519397,0.13441728535985065,0.8071164471785616,0.4863652556528707,-1.0561528754440532,-1.4071189767123868,0.6575985450154275,0.2078676736948445,1.266301343109118,0.8195270770112032,0.49534174264172215,1.1113971732662955,1.1629785144430698,0.8464048204547898,0.694927971518923,0.8048957760146138,-0.15570630634154506,0.5324087091077955,-1.0878194597839572,-0.7084750520334727,-0.7726277563188334
06073009805,4356,0.36363090412731697,58.91331481587475,Moderate,1.0,58.91331481587475,58.91331481587475,0.4766649004857697,56.44709073167871,1.0,0.022911667333886845,50.528821315372205,1.0,0.331016339042495,54.67220238430049,1.0,0.46935849271830843,57.43492787234186,1.0,0.8839961123147055,62.83633453088062,1.0,-0.24412805664415216,46.27874212298292,1.0,0.6055968736402053,56.28179061486887,1.0,219,102202.0,2.6,3.0,53.0,175,82.7,0.0,4117,433,14.4,11.1,56.80851063829787,0.966183574879227,9.774436090225564,73.5373054213634,13.18181818181818,1.84404636459431,8.494031221303949,5.090230243,3.1669350509930223,45.88715159755268,93.18303811057434,12.0,27.548209366391184,0.621640560971117,-0.27701763028898524,0.9381581969563297,0.6238784743046174,0.4568205001409695,-0.8386812672508336,-0.012857819207459188,0.4863652556528707,-0.07044377984174321,0.1828072847361981,0.8082457327283737,0.4034561185471513,-0.05993603092991711,0.8696498350317989,0.3608688728470963,0.7068512939242556,0.7790841208592217,0.6680261171773462,0.7071638120673163,1.3817103991549382,0.4060149496639155,-0.7319782738800881,-0.40642084571628395,0.6441930343179084,0.5670007129625022
06073010001,3869,0.5544233083041284,63.56810069343482,High,1.0,63.56810069343482,63.56810069343482,0.624023154973695,58.453120187363325,1.0,-0.27070959284141116,43.85742835195266,1.0,0.2175824219035442,53.05621386261935,1.0,0.3192829609113448,55.05157195959584,1.0,-0.012380905302443762,50.01736851573761,1.0,-0.07528822457555905,48.8709487950927,1.0,3.0784533430597296,81.91896136136134,1.0,148,110060.0,1.2,3.9,19.3,244,84.2,0.0,3563,350,15.4,13.1,41.726618705035975,11.874386653581944,8.591512626920073,72.71835132482826,6.607929515418502,10.378188214599824,23.52028948048591,56.32856254,4.2198233562316,48.34152334152334,96.95780176643768,29.0,74.95476867407599,0.8194038336580716,-0.08847229927803003,1.316587376842055,0.4485737086726835,-1.1579175376592188,-0.5306821840850665,0.11939609472577001,0.4863652556528707,0.2972887716489502,0.5203108133812941,0.43162776344600856,-0.37889766086207605,0.880526356433524,-0.7813134575812795,0.5033216814501086,0.674597263343026,1.1721308329143052,-0.6287223657724216,0.22013182213244759,-0.8130639104841063,0.209426549000543,-0.9197271660378008,0.48443594331058065,2.9437287811152566,3.213177905004202
06073010003,4876,-0.1685006497113554,45.93083549496373,Moderate,1.0,45.93083549496373,45.93083549496373,0.3376637480326799,54.55482886169399,1.0,0.19763562599148304,54.49873884666123,1.0,-0.4686821318399923,43.27963495520382,1.0,-0.03558007784507544,49.41597692653603,1.0,-0.27803869472162457,46.218232541373524,1.0,-0.33226020184395544,44.92564474059826,1.0,-0.6002428157530031,43.780329898417364,1.0,371,105455.0,4.1,2.0,18.4,549,95.2,4.166666666666666,4737,832,15.0,13.5,100.0,4.498044328552804,9.744540585084463,91.72099087353324,50.85470085470085,2.479338842975207,18.04757998359311,51.53702551,6.714471968709256,54.87804878048781,97.78357235984356,3.0,6.152584085315833,0.1982600335286228,-0.19896494999137299,0.5326983613644812,0.8186615472289885,-1.201041105434298,0.8307630386041934,1.0892581302361175,0.07156244055991925,-0.48198562447031706,-1.4396494373046853,0.5822749511589548,-0.5353684167439217,-2.264895019014154,0.3351005222929955,0.3644690201127996,1.423005165228057,-1.4733426267819005,0.5714944948948675,0.3975136127707418,-0.6078202597702071,-0.2563578827421556,-1.4197432751463954,0.6793205523566846,-0.5732082433983345,-0.6272773881076716
06073010004,4665,-0.04976320144374556,48.827687703091435,Moderate,1.0,48.827687703091435,48.827687703091435,-0.04587471707319343,49.33361162439635,1.0,-0.15001388369951182,46.59976555261542,1.0,-0.3631856841901504,44.78254566110362,1.0,0.49757149800529354,57.882979810972074,1.0,0.41530648486900135,56.13366780940669,1.0,0.017790593113415465,50.29999269598587,1.0,-0.7199367011310737,42.53941170737127,1.0,425,103500.0,7.1,4.7,19.0,263,90.3,1.2605042016806722,4134,599,15.9,15.0,48.34437086092716,8.667883211678832,6.525496974935177,82.66423357664233,26.11111111111111,0.0,17.363344051446948,30.64094586,4.562043795620438,49.58217270194986,98.8138686131387,2.0,4.287245444801715,0.04784853035826301,-0.24587333916500717,-0.2782213098192161,0.29274725033318655,-1.1722920602509117,-0.4458708423437684,0.6572286780542349,0.360878689742398,-0.08172799171059121,-0.492199772553994,0.24331877880482597,-1.1221337513008423,0.46786281136574576,-0.2960071755085489,0.7521203073735732,1.0663100487904043,0.0060536767889261805,0.948225856976042,0.419691109115479,0.28725529659555826,0.1455293924654783,-1.0146315111307818,0.9224738980055498,-0.7084750520334727,-0.7313983502286746
06073012002,3658,-0.7905963184074398,30.753490539164034,Low,1.0,30.753490539164034,30.753490539164034,-1.7260694693610488,26.460646848253887,1.0,-0.20412502604606753,45.37030180711592,1.0,-0.24770163665399308,46.4277405019651,1.0,-0.4799540683782115,42.35885465579856,1.0,-0.3535039195018067,45.139014608774254,1.0,-2.1236832983177094,17.42183330963057,1.0,-0.39913681059324335,45.86528268730124,1.0,924,48786.0,16.2,12.7,22.8,247,93.6,7.468879668049793,3326,530,15.7,16.1,61.20768526989936,13.563218390804598,3.9832869080779942,14.78927203065134,59.72972972972973,2.4663677130044843,26.790595954073265,39.62663348,25.134099616858236,33.11061618411284,82.5287356321839,4.0,10.934937124111537,-1.3420651748641357,-1.5586843904418466,-2.738010979076431,-1.265517333061782,-0.9902147740894662,-0.5172909195995984,0.9481872887073388,-0.25718169920254447,0.45460396064406633,-0.21162454994542018,0.3186423726612994,-1.5524283299759178,-0.3342556119726797,-1.0369191870894041,1.0582643440052426,-1.6069058184560046,-2.003972379694109,0.5734654362510471,0.11413445125970431,-0.09764318582386883,-3.6955499814177437,0.24537178540896962,-2.920871698944354,-0.43794143476319647,-0.3603321864232903
06073012003,2931,-0.07244750297331014,48.274255993596974,Moderate,1.0,48.274255993596974,48.274255993596974,0.057713319122839495,50.74378476052558,1.0,-0.27748264821475244,43.70353720002591,1.0,0.43015897812172216,56.084596232649695,1.0,0.12074935213745625,51.898651262578554,1.0,-0.132983683237907,48.29264456442937,1.0,-0.21899436851072576,46.664620936506765,1.0,-0.4862934702318037,44.961691964394376,1.0,217,88472.0,5.8,5.5,24.0,213,91.3,7.432432432432432,2621,362,15.4,12.4,59.310344827586206,12.85878300803674,1.585113714679531,62.91618828932262,24.279835390946506,8.986415882967608,31.047424087342204,42.16552582,6.084959816303099,34.370015948963314,92.0780711825488,3.0,10.23541453428864,0.627211357384834,-0.6064560872475517,0.07317721436038599,0.1369207919936897,-0.932716683722694,-0.6690585837682372,0.745397954009721,-0.2535532793777995,0.9225668646168802,0.4715151224928465,0.43162776344600856,-0.10507383806884674,-0.21594304681739349,-0.930302455573081,1.3406981353337855,0.28854477560651404,0.11554395525316484,-0.41724490367066713,-0.023838119209716783,-0.20639566532440887,-0.13881950129756213,0.14903311494667376,-0.667196719181289,-0.5732082433983345,-0.3993786970652728
06073012101,2139,-0.3668011101136882,41.092874641244244,Moderate,1.0,41.092874641244244,41.092874641244244,-0.45634815118991523,43.74572106152575,1.0,-0.5857181731283271,36.70009231746986,1.0,0.5114690474387994,57.24294588703518,1.0,-0.2935289793836054,45.319479434466714,1.0,-0.17882419665140928,47.637085606518454,1.0,-0.7879114925452564,37.930006913669516,1.0,-0.7767458253361037,41.950446987738786,1.0,185,83750.0,11.3,8.3,11.5,81,82.4,0.0,1709,298,15.9,13.3,59.556786703601105,18.19484240687679,3.778096604495457,48.28080229226361,33.587786259541986,4.12087912087912,36.93314633006078,46.26011201,10.028653295128938,31.27413127413127,86.96275071633238,1.0,4.675081813931744,0.7163441000043065,-0.7197560430930252,-1.4135088494763928,-0.4084718121945495,-1.5316551250432386,-1.2582742211288351,-0.039308601994104776,0.4863652556528707,1.5279316425221372,0.7317588072312339,0.24331877880482597,-0.4571330388029992,-0.23131043680327107,-1.737918350796737,1.0829742563116218,-0.28786138624603536,-0.44096980251257795,0.32206521395650767,-0.214606503902128,-0.38178569414743885,-0.8751600892322617,0.3858549897810936,-1.8744293781846009,-0.8437418606686108,-0.7097497900035966
06073017813,4583,-0.004448924890057811,49.933225711609246,Moderate,1.0,49.933225711609246,49.933225711609246,0.22937963866156363,53.08072675770338,1.0,0.2147701430082752,54.88805362648738,1.0,0.386532966067621,55.463096627379144,1.0,0.5652595126507491,58.95793605457074,1.0,-1.1334452647715203,33.98517933375203,1.0,0.03856314416049588,50.618914746317614,1.0,-0.3322026140075893,46.55921840409944,1.0,349,135860.0,3.8,8.7,61.6,130,94.2,4.597701149425287,4408,338,13.7,11.7,56.23836126629422,0.6395348837209303,5.738599170848789,68.77906976744185,32.9646017699115,16.827852998065765,61.749945450578224,72.42065961,0.0,46.70126019273536,94.53488372093022,5.0,10.909884355225834,0.25953879407951014,0.530574473448191,0.6137903284828509,-0.4863850413642976,0.8688901477695042,-1.0395502345328556,1.0010888542806313,0.028651804515820792,-0.2636029359496706,0.5691065042697417,1.0718783112260297,0.16874998472438327,-0.024383194328179966,0.9190883167681134,0.8468819768753473,0.5194509512877159,-0.4037101793149839,-1.608738068638738,-1.0189700953566987,-1.5023627157756603,0.9973242970865002,-0.7942540832464167,-0.08738078135859585,-0.30267462612805834,-0.36173060188712025
06073017054,5849,0.44297310416438135,60.84903628141494,High,1.0,60.84903628141494,60.84903628141494,0.941547255892432,62.77566527685442,1.0,0.3923031788473763,58.92179643300071,1.0,-0.1029781293177357,48.4894829910863,1.0,0.5336518706517099,58.4559737457297,1.0,0.9787792996039575,64.1918160222488,1.0,-0.05183302306215439,49.23105771674826,1.0,0.4093412765350843,54.24712410059281,1.0,145,175965.0,4.4,1.1,55.2,275,93.2,0.0,5483,607,14.1,11.7,54.1025641025641,0.0,11.254962886242016,76.59683188553909,6.750392464678178,1.509813789632612,5.983928876731065,8.301182327,5.6719468574348495,35.29106029106029,94.1747572815534,12.0,20.516327577363658,0.8277600282786471,1.4928562881840473,0.45160639424611126,0.9939663128609224,0.5622336658133854,-0.39230578440189584,0.9129195783251451,0.4863652556528707,-0.9771633923621172,-0.5247302331462924,0.9212311235130836,0.16874998472438327,0.10879883007658363,1.015882317553658,0.1825773714550943,0.8273489635215039,1.1636131051830183,0.718812194108291,0.7885214008117057,1.2441704983128148,-0.06170442970527336,0.07857718043649231,-0.1723718199176821,0.6441930343179084,0.17448951875226015
06073017053,3462,0.5000400629094925,62.24130593066092,High,1.0,62.24130593066092,62.24130593066092,0.9411630750501414,62.77043531475543,1.0,0.11957493488046454,52.725115420732195,1.0,0.8584387644036506,62.18590381468328,1.0,1.1193436793203375,67.75737030538201,1.0,0.9395312767269361,63.63053537634431,1.0,0.20058704668332814,53.10647609967363,1.0,-0.6783583366984112,42.97047256411816,1.0,61,224615.0,7.5,4.0,71.9,118,79.7,0.0,3389,240,13.1,10.2,37.333333333333336,1.4629948364888123,4.188330444829578,93.54561101549054,14.56953642384106,1.0221465076660987,6.35470826112074,2.501555694,1.2048192771084338,41.52284263959391,95.86919104991394,2.0,5.777007510109763,1.0617334776547622,2.6601673538092663,-0.3863439326437092,0.4290954013802463,1.362415423417633,-1.093115292474728,-0.2773656470739176,0.4863652556528707,0.41278599901245316,0.9676046465253973,1.2978490927954487,0.7555153192813038,1.1544787005640487,0.794457142857263,1.0335721060014937,1.4948667678585448,0.6961137330165152,0.7929124163906174,0.7765036770183732,1.492595280482239,0.7723683415528521,-0.39812739171293443,0.22752019021006675,-0.7084750520334727,-0.6482416213633497
06073008371,4288,0.6235466043838201,65.25451029548573,High,1.0,65.25451029548573,65.25451029548573,0.8784742061073125,61.91703407110015,1.0,0.876242972678922,69.91743255743857,1.0,1.027832580446454,64.59910146555539,1.0,-0.6812833764445789,39.161535339241084,1.0,0.36103004907321107,55.3574678709713,0.75,0.8865784092382638,63.63853696018289,1.0,1.0159513895871572,60.53611306424087,1.0,152,207532.0,4.1,6.6,84.3,659,79.9,0.0,4177,140,13.9,7.4,47.42268041237113,3.6904761904761902,33.53672846749589,24.94047619047619,21.818181818181817,4.8697621744054365,11.427238805970148,,5.476190476190476,16.938300349243306,100.0,15.0,34.98134328358209,0.8082622408306375,2.2502768104572497,0.5326983613644812,-0.07734058822311841,1.956562357207613,1.321776069738025,-0.2597317918828201,0.4863652556528707,-0.11027040996708908,1.3742354039291276,0.9965547173695563,1.8508106104542217,0.5253367147390614,0.45732646020677153,-2.5006901315953813,-1.2071065491287671,0.2627239414216415,0.2082736950627347,0.6120925107352572,,-0.02515408175572456,1.482484455517058,1.2024048539534578,1.0499934602233227,0.9819093189509918
06073008368,6134,0.6685997439939795,66.35367731370081,High,1.0,66.35367731370081,66.35367731370081,1.013892908182133,63.760527034264484,1.0,0.34562670943143586,57.86125650672677,1.0,0.30196436364231494,54.258325653575014,1.0,0.6118915306435302,59.69850111849688,1.0,0.643564122161295,59.39794928655237,0.75,0.927989901776986,64.27432974643305,1.0,0.8352686721201611,58.66289731721897,1.0,286,220580.0,4.9,2.4,72.7,254,84.9,2.005730659025788,5992,505,12.6,9.2,59.813084112149525,0.0,9.57203528258739,88.43868179362507,7.035175879396985,6.467913087417888,5.053798500163025,,0.4862236628849271,25.49379880569591,99.3517017828201,16.0,26.084121291164003,0.43501888111159653,2.5633513178422005,0.31645311571549506,0.7407483180592401,1.4007474836621479,-0.48604463580017276,0.18111458789461055,0.28668940196915765,-1.3150259712588013,-0.10996686059448764,1.4861580774366312,1.1466922089859175,-0.24729238878814905,1.015882317553658,0.3852428618717183,1.2937333319368933,1.1465861686948546,-0.03456264494634826,0.8186688427353787,,0.9065398028760003,0.8280255859501509,1.0494043165048066,1.185260268858461,0.4852770753818611
06073017057,3856,0.3118951685850516,57.651111678352834,Moderate,1.0,57.651111678352834,57.651111678352834,1.0411759454630831,64.13193871131182,1.0,-0.45326617944481185,39.70954503258845,1.0,0.6714781475029201,59.52244813459849,1.0,0.47652645472237465,57.54876258223117,1.0,0.660729116088437,59.64342353397016,0.75,0.3414429946952371,55.26904475287201,1.0,-0.5548202989318786,44.25124474280053,1.0,122,168831.0,0.8,3.5,68.8,156,92.1,34.21052631578947,3810,430,12.5,10.0,56.317689530685925,0.0,13.191712562286916,80.22412656558998,7.674418604651163,4.410838059231255,11.929460580912862,,2.4390243902439024,39.2226148409894,97.8905735003296,3.0,7.780082987551867,0.8918241870363929,1.3216826573069598,1.4247099996665482,0.5264869378424318,1.2138786899701377,-0.9234926089921317,0.8159333747741097,-2.919384173531363,0.13333581096627642,0.19500620745831,1.5238198743648677,0.8337506972222263,-0.02932987139265923,1.015882317553658,-0.05065448121492086,0.9702078539434206,1.1083664384687433,0.2780064415533265,0.5958144682432412,,0.5419256553964319,-0.22216984903046233,0.7045731777197417,-0.5732082433983345,-0.5364323544654226
06073021502,9517,0.7669627503733323,68.75345174363386,High,1.0,68.75345174363386,68.75345174363386,0.8274827476129175,61.222872973145115,1.0,0.7617499807092977,67.31602780721381,1.0,-0.2765994421279971,46.01606008815587,1.0,-0.25159095713271257,45.98549895208605,1.0,0.5177872210221169,57.59923090187178,0.75,0.8137867767190531,62.52096326220975,1.0,2.9761229258106514,80.85805774159313,1.0,365,181644.0,3.1,2.8,73.4,626,82.3,0.0,9066,556,13.8,8.9,61.62935323383084,4.425874342308882,19.255050505050505,50.23212627669452,8.407871198568873,7.314974182444062,10.19228748555217,,2.383163107397091,27.342606149341144,100.0,41.0,43.0808027739834,0.21497242276977388,1.6291185603666911,0.8030049184257135,0.6628350888894917,1.4342880363760986,1.1744721603978756,-0.04812552958965414,0.4863652556528707,-3.0873110118366918,-0.31734854687039005,1.0342165142977926,1.264045275897301,-0.36054958502251283,0.3460234944138332,-0.7808281114194496,-0.21100962650272095,1.0645139874892973,-0.1632721519180715,0.6521198274951253,,0.552355707852348,0.6865997683513537,1.2024048539534578,4.518234433628263,1.4340114179930397
06073007601,1756,0.11113509022573222,52.75314322118723,Moderate,1.0,52.75314322118723,52.75314322118723,0.5686123874547555,57.69879778994246,1.0,0.43337751761530896,59.85504988498133,1.0,1.1537668360315732,66.39317079371519,1.0,0.7028584154931371,61.14315009131722,1.0,-2.6527239915906553,12.258180555496388,0.75,0.6406293883924535,59.862468925618835,1.0,-0.06857492181644745,49.29236051800247,1.0,215,114034.0,3.7,1.1,63.4,127,98.1,0.0,1696,62,15.7,9.4,26.834862385321102,0.1026694045174538,11.161731207289291,50.71868583162218,0.0,47.85867237687366,268.79271070615033,,9.137577002053389,17.647058823529413,100.0,4.0,22.779043280182233,0.6327821537985511,0.006880098970574707,0.640820984188974,0.9939663128609224,0.9551372833196625,-1.0529414990183237,1.3449490305070264,0.4863652556528707,1.536560745715962,1.6914073947040371,0.3186423726612994,1.0684568310449942,1.8091324466009295,1.0003432395854728,0.1938047373241236,-0.19184676153797767,1.567212815790265,-4.855498379523715,-4.669886411038515,,-0.7087841664936428,1.428267477717546,1.2024048539534578,-0.43794143476319647,0.30079159113030157
06073008373,3323,0.9028347718240514,72.06833825252357,High,1.0,72.06833825252357,72.06833825252357,1.1347923567156,65.4063653062836,1.0,0.5991312473719598,63.621154102703414,1.0,1.1031219883712453,65.67168030334335,1.0,0.5269994920301777,58.35032703749849,1.0,0.8528655517264051,62.39114061094433,0.75,0.8034612174504363,62.36243441684523,1.0,1.2994715491025366,63.47548897604816,1.0,174,192031.0,3.1,0.5,80.0,364,84.6,0.0,3302,140,13.5,8.5,29.72972972972973,1.7926734216679656,14.40677966101695,53.85814497272019,8.430232558139535,1.0030864197530864,8.727053866987662,,4.286827747466875,22.62008733624454,99.84411535463757,15.0,45.13993379476376,0.7469834802797501,1.878344871541391,0.8030049184257135,1.1108361566155451,1.7505275333933459,0.004968395333658703,0.1546638051079637,0.4863652556528707,0.47053461269420466,1.3742354039291276,1.1472019050825024,1.4205160317791468,1.6286170400544393,0.7445600847841449,-0.1969781667486707,-0.06820098996920282,1.0631770225204118,0.7958085646525628,0.6996110680062406,,0.19691592841065916,1.0478521652349784,1.1656155587056714,1.0499934602233227,1.5489496379817504
06073017201,2169,0.4973705010087841,62.176176298858735,High,1.0,62.176176298858735,62.176176298858735,1.3295092829782178,68.05710171029813,1.0,0.6960216966327797,65.82261002260267,1.0,1.3350802582611692,68.9761760935396,1.0,0.3151510259324045,54.98595252420509,1.0,-1.0380610736269207,35.34925569964873,0.75,0.6409056036848538,59.866709673285584,1.0,0.20298671319898454,52.1077572428765,1.0,43,202045.0,0.8,2.8,85.8,89,100.0,0.0,2132,194,12.1,8.9,39.743589743589745,0.0,14.405594405594403,41.30434782608695,26.72413793103448,27.984344422700584,23.513139695712308,,0.0,33.23262839879154,97.82608695652172,6.0,27.662517289073307,1.1118706453782157,2.118621397978615,1.4247099996665482,0.6628350888894917,2.0252725751959058,-1.22256418250092,1.4950131381832623,0.4863652556528707,1.2471539001384488,1.1546547949311132,1.674467062077814,1.264045275897301,1.0041822054175322,1.015882317553658,-0.19683543311535354,-0.5626249861262188,-0.030598628748889436,-3.3039481535200843,0.22036356138821112,,0.9973242970865002,0.2360383752636203,0.6893541387044411,-0.16740781749292022,0.5733812438908893
06073007911,2480,0.15761207531842478,53.88704797370845,Moderate,1.0,53.88704797370845,53.88704797370845,0.29384587620492164,53.95832382112228,1.0,0.44031576735087297,60.012694431689745,1.0,0.9883752607190484,64.03698937964651,1.0,-0.07284704525523947,48.824138629795065,1.0,0.18910832985494275,52.89883870867697,0.75,0.23934429339568267,53.701518112505966,1.0,-0.9748579550412555,39.89653299838602,1.0,142,122344.0,9.4,0.9,70.5,456,77.9,0.0,2372,119,17.0,8.1,41.36212624584717,4.703328509406656,24.80777013354917,54.34153400868307,7.361963190184049,8.47682119205298,37.096774193548384,,7.814761215629522,33.71126228269085,99.05933429811869,0.0,0.0,0.8361162228992226,0.206270745534718,-0.8999263910600509,1.0329229274457967,1.2953343179897319,0.4156338395546814,-0.43607034379379234,0.4863652556528707,1.0878473796370653,1.4596278629839108,-0.17096098740577556,1.5769867876609924,0.9032550333038756,0.30403063436566496,-1.4495108546413866,-0.04916299404911175,1.1270478581812202,-0.33981284852356747,-0.21991002009282454,,-0.4617966764327634,0.19942493980014814,0.9804046168196633,-0.979008669303749,-0.9707072407787621
06073018102,2424,-0.3457870773344978,41.60555659749504,Moderate,1.0,41.60555659749504,41.60555659749504,0.08619129285110036,51.1314634442588,1.0,-1.6436902901242898,12.661820250225553,1.0,0.4950145323554018,57.00853356860992,1.0,-0.27209726522229566,45.65983739989669,1.0,-1.2789291311604976,31.904634314927765,0.75,0.6195457036268035,59.53877002321781,1.0,-0.4265443836677074,45.58113654321794,1.0,239,90306.0,6.9,3.3,46.3,274,73.2,60.0,2302,299,17.2,11.2,67.41440377804014,0.0,16.419141914191417,31.62939297124601,39.568345323741006,20.90966519267214,55.28052805280528,,0.6389776357827476,28.37510105092967,96.48562300319487,3.0,12.376237623762377,0.5659325968339467,-0.5624509794498815,-0.22415999840696985,0.5654435524273062,0.13578949559315742,-0.3967695392303852,-0.8504659407845774,-5.463315176075354,1.134311781449969,0.7276924996571965,-0.24628458126224834,0.3643384295766901,-0.7212883086455351,1.015882317553658,-0.43931561611360664,-0.943667453683699,-0.7985418874262136,-2.228962557998293,-0.8092829480569859,,0.8780185826501244,0.6076183449349793,0.3730001832953068,-0.5732082433983345,-0.27988052393708024
06073008201,1986,0.29978720902830963,57.35571229181038,Moderate,1.0,57.35571229181038,57.35571229181038,0.7932478091874405,60.75682310621565,1.0,-0.3005359645059914,43.1797408918259,1.0,1.1611464888985912,66.4983019099446,1.0,0.1285172331584139,52.022013311927275,1.0,-0.9085262289304791,37.201715924872545,0.75,0.11787791941064373,51.83663859193713,1.0,1.1067832059795484,61.47780572407099,1.0,77,129250.0,2.5,2.0,81.9,128,54.7,0.0,1974,258,12.6,9.8,56.84007707129094,1.4736842105263157,11.22905027932961,45.36842105263158,11.176470588235295,24.423229912490054,56.89828801611279,,5.473684210526316,36.699029126213595,96.63157894736842,10.0,50.35246727089628,1.017167106345026,0.37197373051329485,0.965188852662453,0.8186615472289885,1.8415661764740687,-1.0484777441898343,-2.481597545961071,0.4863652556528707,1.3520306928018597,0.8944111101927259,1.4861580774366312,0.9119860751631487,-0.061904420775473694,0.7928392994755803,0.18569788072505447,-0.40256382679150543,0.8989819953416318,-2.7628428004700964,-0.8617178816629725,,-0.0246861282642636,-0.029126385513531174,0.40744627200972594,0.3736594170476322,1.8399069949114646
06073020035,6480,0.2549329112367344,56.26139644203152,Moderate,1.0,56.26139644203152,56.26139644203152,0.9688297464928659,63.14706951178579,1.0,0.025580616621837374,50.589462733124876,1.0,0.14699933883072652,52.05068169951137,1.0,0.8320349423885478,63.19460801691816,1.0,0.41171666533675594,56.08233028771667,0.75,-0.28999376632593593,45.57456351061691,1.0,-0.31063716468765645,46.782796728711915,1.0,63,200915.0,2.3,7.7,67.3,95,79.1,0.0,6442,434,13.7,9.7,41.66666666666667,0.9433962264150944,7.86053882725832,80.45822102425876,18.642350557244175,5.87737843551797,7.870370370370369,,0.6738544474393532,54.42883323152108,93.39622641509436,6.0,9.25925925925926,1.0561626812410452,2.0915081090956447,1.0192501640746996,-0.2916019684399267,1.1420060770116724,-1.1957816535299837,-0.33026721264721,0.4863652556528707,-1.6137256971988951,0.17874097716216078,1.0718783112260297,0.9511037641336106,0.8842647890772264,0.8730987143365597,0.5913487381508521,0.9794275279895535,0.4526039498150479,0.055168100972761695,0.7273779452224581,,0.871506613061616,-1.3853802158968305,-0.35610769614259324,-0.16740781749292022,-0.4538665118823927
06073020032,3230,0.36200720049148455,58.873701117488665,Moderate,1.0,58.873701117488665,58.873701117488665,0.7469797236542921,60.12696261580629,1.0,-0.1572625782770005,46.43506736294972,1.0,0.9560038537338897,63.57582376500406,1.0,1.0645388967496332,66.8870132190939,1.0,0.06110810181390902,51.06832482786551,0.75,0.6835001473240174,60.52066590425396,1.0,-0.8208177415583491,41.49353440292547,1.0,103,183368.0,7.0,3.0,63.3,61,74.7,0.0,3027,222,13.0,10.1,30.656934306569344,0.4864489228630994,9.690402476780186,90.47949965253648,18.456375838926174,10.787352758834473,17.647058823529413,,1.5983321751216122,34.367816091954026,100.0,1.0,3.095975232198142,0.9447467529667047,1.6704843214589393,-0.251190654113093,0.6238784743046174,0.9503457757890981,-1.3475493176986226,-0.7182120268513482,0.4863652556528707,0.6530733341020398,1.0407981828580688,1.3355108897236851,0.794633008251765,1.5707992918722125,0.9422579717669403,0.3709885675050274,1.3741097558543527,0.4637232059006995,-0.690894229251908,0.4104953287929356,,0.6988941934633351,0.14920139455525944,1.2024048539534578,-0.8437418606686108,-0.7978936224480875
06073020033,4031,0.07440626856352618,51.85706561731039,Moderate,1.0,51.85706561731039,51.85706561731039,-0.2231121515681846,46.92082846893316,1.0,0.43097552736373324,59.80047406559755,1.0,0.3543932486643842,55.00523168077692,1.0,0.05609787447438607,50.871918392131406,1.0,0.44537531650693224,56.563678087789704,0.75,0.1582313862486517,52.4561874548959,1.0,-0.7011173217452196,42.73452033928125,1.0,317,118125.0,9.9,7.8,59.3,317,90.6,0.0,3803,369,15.5,11.0,50.24469820554649,4.427577482605946,17.841079460269864,59.13978494623656,21.41119221411192,3.4208918753817956,11.16348300669809,,1.8342820999367488,41.31736526946108,95.76217583807716,2.0,4.9615480029769286,0.3486715366989826,0.10503980235130998,-1.0350796695906672,-0.31108027573236374,0.7586854745665238,-0.20482808160534202,0.6836794608408805,0.4863652556528707,0.13798225114756676,0.4430509694745854,0.39396596651777216,0.44257380751761255,0.3493639917746019,0.34576572307493025,-0.6105515442022516,0.1398133272502637,0.2870574727358981,0.42842709715888905,0.6206413796260096,,0.6548391706035837,-0.38240925581901797,0.20226424396138948,-0.7084750520334727,-0.6937595914569665
06073020030,8033,0.04540112837463028,51.14942362542688,Moderate,1.0,51.14942362542688,51.14942362542688,0.16903393174017006,52.259223639136344,1.0,0.3882426364025362,58.829536511910526,1.0,-0.5869408444018599,41.59491201775404,1.0,0.348878112071892,55.521573815713396,1.0,0.46872272462575054,56.89756620108874,0.75,-0.10953172792786899,48.34520651746351,1.0,-0.36059693388820807,46.26484222981997,1.0,963,170288.0,3.8,5.4,63.1,311,86.9,0.0,7455,660,15.4,11.5,74.37106918238993,0.8104978772674644,5.340470558944355,74.95175607873408,16.049382716049383,3.6802973977695177,17.677082036599028,,7.796217676572752,41.648495420846054,97.18255499807024,6.0,7.469189592929167,-1.4506957049316176,1.3566420041233203,0.6137903284828509,0.15639909928612675,0.9407627607279696,-0.2316106105762783,0.3574531398055828,0.4863652556528707,-2.2861319691484843,-0.7402445345702694,0.43162776344600856,0.2469853626653057,-1.1550854862950146,0.8932129617986364,0.8948263627213475,0.7625586100625988,0.6076350944182837,0.389010864860752,0.409522214598216,,-0.45833434840834564,-0.4077392895579038,0.5374784541826425,-0.16740781749292022,-0.5537860502834959
06073008377,2008,-0.02358537299300647,49.46635142088162,Moderate,1.0,49.46635142088162,49.46635142088162,0.17299123937658312,52.313095583476596,1.0,0.8156210734640306,68.54003736606211,1.0,0.9389227134770732,63.33248449498283,1.0,-0.8232882471146781,36.90634993976072,1.0,-0.9522328889688044,36.57667291433654,0.75,0.4511220168671024,56.95295245155346,1.0,-0.7682335180523521,42.03869775278678,1.0,531,92700.0,3.9,1.8,80.5,284,98.2,0.0,1930,124,16.9,9.4,75.79617834394905,3.696498054474709,25.100401606425702,29.669260700389103,49.549549549549546,15.737704918032788,30.87649402390438,,10.311284046692606,15.011547344110854,97.66536964980544,1.0,4.9800796812749,-0.24740367956873954,-0.5050091975155183,0.5867596727767276,0.8576181618138627,1.7744850710461675,-0.35213199094549147,1.3537659581025758,0.4863652556528707,1.3812368882271133,1.4392963251137243,-0.13329919047753852,1.0684568310449942,-1.2439510987966906,0.45641504736059224,-1.4847508143598394,-1.0208661226627742,-1.3953088395889286,-1.4430919036441348,-0.018297923673349897,,-0.927931049980656,1.6298727812928158,0.6514243192891475,-0.8437418606686108,-0.6927251754360932
06073008379,4043,-0.4880075856510101,38.13578526950432,Low,1.0,38.13578526950432,38.13578526950432,-0.38245211479562213,44.75168863477385,1.0,0.21784521080883665,54.9579224965905,1.0,0.20729317879291653,52.9096324945159,1.0,-1.0786793395985574,32.850473122232266,1.0,-0.27465578904444804,46.26661101611782,0.75,-1.2672111057321123,30.57129516881389,1.0,-0.8381931399880843,41.313396145068545,1.0,1303,75110.0,3.9,0.0,73.9,471,65.2,0.0,3868,403,17.1,10.5,58.14406229720961,6.87910976226606,31.783329210981943,8.447142134547294,22.01492537313433,13.55487538259729,29.18624783576552,,22.91350531107739,26.5406162464986,89.52959028831563,1.0,2.473410833539451,-2.3977310952635125,-0.9270647297734341,0.5867596727767276,1.2082276930777307,1.4582455740289202,0.48259016198202204,-1.5558201484284664,0.4863652556528707,0.09483673517844209,0.30479651195731716,-0.2086227843340126,0.6381622523699194,-0.1432171011792837,-0.0252752059555415,-2.2895381370319425,-1.856686914227462,0.25096082657192437,-1.1114146315336295,0.03648643782836115,,-3.2809351728728515,0.7479485498267971,-1.268646694150282,-0.8437418606686108,-0.8326444193075578
06073018202,3550,-0.41064431666342244,40.02322650952131,Moderate,1.0,40.02322650952131,40.02322650952131,-0.21997347917109628,46.963556101003604,1.0,-0.3705414355402255,41.58914078821,1.0,-0.06461345953292702,49.03602909981668,1.0,-0.8764059976327492,36.0627846813557,1.0,-0.8954651009556421,37.388501342546405,0.75,0.23484434986012956,53.63243024672179,1.0,-0.6823550936714473,42.929036458862115,1.0,371,95494.0,7.0,8.2,37.4,330,75.6,8.962264150943396,2519,181,20.4,14.7,65.41554959785523,17.391304347826086,16.338028169014084,33.67433930093777,30.76923076923077,19.1592005513439,44.225352112676056,,4.3478260869565215,36.30952380952381,97.10144927536231,2.0,5.633802816901409,0.1982600335286228,-0.4379697911978027,-0.251190654113093,-0.3889935049021121,-0.29065467462707023,-0.14679926883498012,-0.6388596784914115,-0.40585212020744005,0.9902721358299681,1.2075167933935982,-1.4514620829658165,-1.0047806843894578,-0.5966456456025623,-1.6163023678398039,-0.42954754474191204,-0.8631284323467183,-0.27245098139625545,-1.9629824034619425,-0.45096191800872826,,0.1855267184215959,0.0006690975373527452,0.51833723362144,-0.7084750520334727,-0.6562351353094219
06073018616,3358,-0.4449406754825669,39.186494002418236,Low,1.0,39.186494002418236,39.186494002418236,-0.33712608924904297,45.368724597038195,1.0,0.016518690569062827,50.38356596097896,1.0,-0.44315246221703275,43.64333264028401,1.0,-0.41488222703841704,43.39226333970018,1.0,-1.2237379524610512,32.69391586742074,0.75,-1.6970520780658045,23.97192449438155,1.0,0.9848473900843171,60.213644471334504,1.0,342,51607.0,4.2,9.5,23.1,269,93.9,0.0,3070,716,18.4,14.0,63.053297199638656,4.229195088676671,15.30087692772906,23.05593451568895,61.07382550335571,1.742627345844504,100.35735556879094,,18.48567530695771,51.995163240628784,88.81309686221009,13.0,38.71351995235259,0.2790365815275197,-1.4909971444782548,0.5056677056583578,-0.6422114997037947,-0.9758402514977731,-0.41908831337283214,0.9746380714939857,0.4863652556528707,0.624530915845542,-0.9679577587163583,-0.6982261444010862,-0.7309568615962285,-0.44934253934689455,0.3757910212761892,-0.30464926361871747,-1.2813281264642453,-2.08433462057157,0.6834365662907482,-2.2703158031023323,,-2.4541997873734926,-1.1992149188956922,-1.4377415279282277,0.7794598429530466,1.1902349372155876
06073016618,3649,0.0905244307418938,52.25030241310316,Moderate,1.0,52.25030241310316,52.25030241310316,0.3666888082019676,54.94995518736162,1.0,-0.2055444363557329,45.338051267947016,1.0,0.11185275601321659,51.54998071128897,1.0,0.20805382536460182,53.28513732043065,1.0,0.41040141800153646,56.063521114165454,0.75,0.7170765990089226,61.03616690314161,1.0,-0.9748579550412555,39.89653299838602,1.0,143,104833.0,5.1,3.2,41.0,186,78.3,0.0,3461,512,16.2,11.9,56.06936416184971,3.0902348578491967,21.102449888641424,88.62793572311496,5.47945205479452,10.657095527332965,9.865716634694436,,3.0902348578491967,21.591695501730104,97.46600741656366,0.0,0.0,0.8333308246923641,-0.21388925590748575,0.26239180430324877,0.5849218597197432,-0.11816040352675333,-0.7895799641374505,-0.40080263341159866,0.4863652556528707,0.3649940428620381,-0.13843101361274873,0.13033338802011682,0.0905146067834601,-0.013845032338511355,0.5481733576954253,-1.003300011730414,1.3011869878319073,1.2396014546474599,-0.6711018622732986,0.6627046616304482,,0.42033590681169175,1.1265197216507645,0.6043741685643117,-0.979008669303749,-0.9707072407787621
06073000902,2441,-0.36351432082421686,41.173062845974705,Moderate,1.0,41.173062845974705,41.173062845974705,0.24043846924026785,53.231273735634126,1.0,-0.2136333496363135,45.15426239956072,1.0,0.37751231290029474,55.33458769156756,1.0,-0.21666292944957813,46.54019244740034,1.0,-1.3421273343857045,31.00084539191898,0.75,-0.7792081185887287,38.06363026405766,1.0,-0.6109192958497557,43.66964221937216,1.0,309,88229.0,4.0,2.9,60.6,316,60.7,0.0,2318,459,16.9,11.0,45.29505582137161,0.0,20.929276315789476,16.028552887735238,85.71428571428571,11.942857142857145,40.96681687832855,,15.314730694354314,34.82849604221636,92.40752757949384,2.0,8.193363375665712,0.3709547223538507,-0.6122866440604382,0.5597290170706043,0.6433567815970546,0.8209750724638607,-0.2092918364338314,-1.952581890228154,0.4863652556528707,1.1236913467498768,0.07708328781122825,-0.13329919047753852,0.44257380751761255,0.6580091215643374,1.015882317553658,-0.9824456939374061,-1.558097462978902,-2.8145647513238705,-0.8664711745803053,-0.34534607725293737,,-1.8621418008973418,0.11396135786827545,-0.58944391273712,-0.7084750520334727,-0.5133635396660386
06073004101,4155,-0.05834184484902083,48.618393479121735,Moderate,1.0,48.618393479121735,48.618393479121735,-0.1432218160810856,48.008398125404476,1.0,0.03846173292054014,50.88213564306624,1.0,0.14136289551052206,51.97038448384351,1.0,-0.8433612797054995,36.58756925422156,1.0,-0.10970361774546078,48.62556961997272,0.75,0.1348867205588071,52.09777559545503,1.0,0.37318245059903066,53.872249939484334,1.0,231,62365.0,6.6,5.1,45.9,688,73.7,10.989010989010987,3258,400,18.7,10.7,74.62787550744248,1.7873100983020551,30.17450315075133,33.958891867739055,31.767955801104975,4.318084651560496,39.22984356197352,,5.719392314566577,32.59041211101766,95.71045576407506,10.0,24.067388688327316,0.5882157824888148,-1.2328690366879955,-0.1430680312885999,0.21483402116343822,0.11662346547090008,1.4512249597642168,-0.8063813028068343,-0.6076201907461222,0.4997408081194583,0.31699543467942903,-0.811211535185796,0.5599268744289969,-1.171099172815093,0.7453718270976721,-2.095796278033595,-0.8519214950709826,-0.3321638256419506,0.29210016565581487,-0.2890471932502466,,-0.07056313436545616,0.28516516172186007,0.19005813432001734,0.3736594170476322,0.3727054841504291
06073005202,5665,-0.9088479975654717,27.868489700071557,Low,1.0,27.868489700071557,27.868489700071557,-1.1590689698235912,34.17938447454161,1.0,0.4342369494649838,59.87457710719622,1.0,-0.9421661957115185,36.534343672720254,1.0,-1.4029086464864369,27.7013736897496,1.0,-0.6320870059611124,41.155035716489934,0.75,-1.8019839350503986,22.360900268286436,1.0,-0.8579581793902284,41.10848344745335,1.0,1776,47056.0,9.0,0.0,51.5,1363,55.2,0.0,4580,1125,18.7,12.0,68.72022864401397,2.8401022436807724,45.01323918799647,5.339392218119852,0.0,11.17558022199798,114.03353927625771,,34.791252485089466,20.218153486560187,84.72024992899745,1.0,1.76522506619594,-3.4525056882366933,-1.6001941158998452,-0.7918037682355579,1.2082276930777307,0.3849478871825041,3.303147563007888,-2.4375129079833275,0.4863652556528707,-0.37777260897566206,-2.631077556497615,-0.811211535185796,0.05139691781299887,-0.8027157035881992,0.58603108378449,-3.415866129709348,-1.9790838364326904,1.567212815790265,-0.7498847385198537,-2.7135890951537487,,-4.2338745596394,1.2315897838015888,-2.4036670293133846,-0.8437418606686108,-0.8721744981118461
06073001202,3054,0.03262143746416677,50.837635925983236,Moderate,1.0,50.837635925983236,50.837635925983236,-0.020287376854211524,49.68193929935607,1.0,0.8931644293452548,70.30190637540116,1.0,0.5852431695364959,58.29393784353215,1.0,-0.17037437825015514,47.275302900551985,1.0,-0.8081513655900263,38.637163216187915,0.75,0.5645937583598118,58.69508996608154,1.0,-0.8158381742980023,41.54515972678712,1.0,523,100670.0,5.1,5.2,55.1,956,81.5,0.0,2824,233,17.8,9.5,52.91120815138283,0.9014084507042254,16.33256654617154,22.197183098591548,64.58333333333334,7.068062827225131,30.45186640471513,,5.014084507042253,7.890017931858936,93.01408450704226,1.0,3.2743942370661427,-0.22512049391387143,-0.3137765316772244,0.26239180430324877,0.195355713871001,0.5574421582828211,2.64751125379937,-0.1186609503540428,0.4863652556528707,0.78782009935946,0.9960687995436585,-0.47225536283166797,1.029339142074533,0.18308828043238246,0.8794535901980531,-0.42888983227142263,-1.3151495513596336,-2.2941648418460256,-0.12575438728154714,-0.0045348676425063465,,0.061127314817734556,2.078948418860562,-0.4462944585988605,-0.8437418606686108,-0.7879344879273937
06073000901,3632,-0.0037256234183168915,49.95087218705676,Moderate,1.0,49.95087218705676,49.95087218705676,0.4031903591938558,55.44686109007032,1.0,0.5667100899805009,62.884510301235615,1.0,0.6422118337267271,59.10551792247936,1.0,-0.27484041444548785,45.61627333024509,1.0,-0.36231704176928575,45.012979343909436,0.75,-0.026176235573272685,49.624967701724806,1.0,-0.9748579550412555,39.89653299838602,1.0,472,102905.0,2.8,0.7,56.8,742,76.6,0.0,3182,240,16.8,9.2,39.65714285714286,4.60717749757517,18.53932584269663,11.590688651794377,8.771929824561402,4.933148916551406,102.147577092511,,11.008729388942774,22.62266608771168,94.6168768186227,0.0,0.0,-0.08306518536408718,-0.26014980543524363,0.8840968855440833,1.0718795420306708,0.6388977863024149,1.6922677205026433,-0.5506904025359253,0.4863652556528707,0.5501878729448964,0.9676046465253973,-0.0956373935493028,1.1466922089859175,1.009572778799687,0.31858314956327066,-0.694637422417602,-1.7328801637273072,1.0427472595748097,0.19864218633443045,-2.3283405712170975,,-1.0581534712013103,1.0476549018284491,-0.06803013734695686,-0.979008669303749,-0.9707072407787621
06073019109,4608,-0.2707432720769628,43.4364095940715,Moderate,1.0,43.4364095940715,43.4364095940715,0.28950400553908623,53.89921671186188,1.0,-0.3207952628019682,42.719427697832714,1.0,0.0014216557655600901,49.976770555650646,1.0,0.20192462291094743,53.18779919520498,1.0,0.3229537422498182,54.812943777249274,0.75,-1.9281564221013774,20.423767550472792,1.0,-0.46205524610080617,45.212980099521765,1.0,353,145221.0,3.7,8.7,31.8,240,80.6,4.661016949152542,3903,427,17.2,12.2,83.62068965517241,3.742613263296126,7.29765590446705,91.92383453709785,35.39651837524178,0.9108653220559532,8.463541666666666,,2.4294156270518714,81.22109158186865,80.10505581089954,4.0,8.680555555555555,0.24839720125207607,0.7551828780795924,0.640820984188974,-0.4863850413642976,-0.5589790963386742,-0.548537203399024,-0.1980132987139808,0.0223485472438063,0.07160453427199034,0.20720513018042191,-0.24628458126224834,-0.02683846012792359,-1.73186459269174,0.4494354819412435,0.6591335575019086,1.4309940448923775,-0.5491122197545766,0.8098214051509478,0.7081520413530834,,0.5437197406558806,-2.841935834957331,-3.486253172002682,-0.43794143476319647,-0.4861690574384158
06073017111,4346,0.07708751974505311,51.92248043394217,Moderate,1.0,51.92248043394217,51.92248043394217,0.6619277465025295,58.96912607639051,1.0,0.07002520142234946,51.59929182425819,1.0,0.6050506359111503,58.57611657025122,1.0,0.495409339850979,57.84864248523128,1.0,-0.3709595273027693,44.88938433180772,0.75,-0.21068679243649102,46.792167581542174,1.0,-0.7111539657323762,42.63046611745215,1.0,82,184080.0,10.7,0.0,69.0,83,80.8,0.0,4321,356,13.0,10.1,72.65625,0.4199160167966407,7.317073170731707,91.66166766646673,44.49438202247191,11.658717541070482,5.522319374137138,,0.0,59.641728134878825,95.56088782243552,2.0,4.601932811780948,1.0032401153107335,1.6875680928613064,-1.2513249152396528,1.2082276930777307,1.2234617050312666,-1.2493467114718562,-0.18037944352288332,0.4863652556528707,-0.20585432226791914,0.49591296793707035,1.3355108897236851,0.794633008251765,-1.0481544096566568,0.9523277683112542,0.6567952455141969,1.4206687552351218,-1.0930650572199054,-0.8232966405687142,0.8034831158803115,,0.9973242970865002,-1.7841442765752045,0.15475960217923118,-0.7084750520334727,-0.7138328794312798
06073017059,3302,0.16828417539029059,54.14741651884399,Moderate,1.0,54.14741651884399,54.14741651884399,0.5796077412015135,57.84848063986708,1.0,0.14452938983791339,53.29210765797585,1.0,0.4867885095128196,56.8913449990182,1.0,0.28962799035131814,54.58062010904728,1.0,0.42163045878704164,56.2241061017131,0.75,0.23066309308268354,53.56823519521347,1.0,-0.9748579550412555,39.89653299838602,1.0,186,92090.0,1.6,1.5,53.1,29,95.5,0.0,3302,432,11.7,13.5,81.09452736318407,0.6418485237483954,7.843731072077528,86.58536585365853,13.6094674556213,7.919621749408984,6.662628709872804,,2.8241335044929397,29.927007299270077,93.77406931964056,0.0,0.0,0.713558701797448,-0.5196455747001305,1.2084647540175624,0.916053083691174,0.4616120076715339,-1.4855686169955142,1.115708913022763,0.4863652556528707,0.47053461269420466,0.1868735923102354,1.82511424979076,-0.5353684167439217,-1.5743405479297357,0.9187381459168645,0.5933728014195991,1.2207415619985447,0.7535153670346888,-0.255147331515716,0.766523340842152,,0.4700206067085264,0.4889041853646894,-0.2669355128251651,-0.979008669303749,-0.9707072407787621
06073021402,3431,-0.02737263998593365,49.37395299973227,Moderate,1.0,49.37395299973227,49.37395299973227,0.12905497540107216,51.71497883722515,1.0,0.27914214095608847,56.35065512167171,1.0,0.34698138042496496,54.89964162181385,1.0,-0.15319699395375197,47.548097672194054,1.0,-0.24819298006102888,46.64505205415943,0.75,0.2804827524838241,54.33311900207136,1.0,-0.8258797551527044,41.44105432232054,1.0,492,115341.0,4.8,4.8,46.3,439,84.6,0.0,3345,217,17.3,11.7,43.40136054421769,16.10305958132045,4.748774509803921,31.88405797101449,30.181818181818183,7.5892857142857135,39.63858933255611,,4.5893719806763285,19.274241522903036,92.35104669887278,1.0,2.9146021568055964,-0.13877314950125746,0.03824033664317823,0.3434837714216184,0.2732689430407495,0.13578949559315742,0.339750007470362,0.1546638051079637,0.4863652556528707,0.4419921944377068,1.0611297207282553,-0.28394637819048535,0.16874998472438327,0.776094384949849,-1.4213257244773254,0.9660809845578519,-0.9336376208453833,-0.23733012708633103,-0.20495332725160065,-0.3022954858451549,,0.1404268529402123,1.3037949931006247,-0.6027735885893648,-0.8437418606686108,-0.8080176496367979
06073020042,4759,0.23120915294993943,55.68260497749457,Moderate,1.0,55.68260497749457,55.68260497749457,0.08248237149750393,51.08097285240164,1.0,0.281127474247788,56.39576404377217,1.0,0.15731679706236495,52.19766502245198,1.0,0.2994443488674485,54.736514116746996,1.0,0.2614309421694996,53.933114567122324,0.75,0.375009841213288,55.784398283136284,1.0,0.1616522955916832,51.67922548819931,1.0,222,110313.0,1.7,13.3,48.1,139,98.9,0.0,4473,493,13.1,12.9,51.546391752577314,4.284103720405862,13.37295690936107,71.70236753100339,33.33333333333333,3.218767048554282,7.144358058415634,,5.411499436302142,19.941634241245136,94.41939120631342,9.0,18.911536036982557,0.6132843663505415,-0.08240180185555973,1.1814340983114389,-1.3823871768164049,0.22203663114331607,-0.9993764410764512,1.4154844512714164,0.4863652556528707,-0.3067484519187953,-0.061171169706040016,1.2978490927954487,-0.3006622829211536,0.26819421372067404,0.36748056585301375,-0.07248071688023258,0.6345833327763387,-0.42575629782846514,0.4591396242250865,0.7509095001118774,,-0.01307539496091173,1.2527423178851984,-0.11463739928442267,0.23839260841249413,0.08491198277087227
06073017112,2319,0.5185789106532854,62.69360049152862,High,1.0,62.69360049152862,62.69360049152862,0.9902886809853036,63.43919603587517,0.75,0.14057570962073432,53.202275762408235,1.0,1.1475549590899188,66.30467590533438,1.0,1.4071434265661786,72.32793034955677,1.0,0.6810192782600346,59.93359038810356,0.75,0.05034386016475212,50.799784688287566,1.0,-0.7868735401139239,41.84544859570041,1.0,39,,3.2,0.7,71.0,105,81.8,0.0,2254,153,13.8,9.4,0.0,0.8670520231213872,9.597523219814242,97.6878612716763,4.40251572327044,6.738544474393531,5.17464424320828,,3.3236994219653178,54.98753117206982,100.0,1.0,4.3122035360068995,1.1230122382056495,,0.7759742627195902,1.0718795420306708,1.3192918556425537,-1.15114410524509,-0.09221016756739721,0.4863652556528707,1.1661730855502457,1.3213734054666426,1.0342165142977926,1.0684568310449942,2.797652033989971,0.8846534567934349,0.38217349317958277,1.564094722301726,1.3039904800293005,-0.07568462846470625,0.8147519832155097,,0.3767449342053812,-1.4281182076645826,1.2024048539534578,-0.8437418606686108,-0.7300052195592369
06073020031,6519,0.03329423252995,50.85405019039912,Moderate,1.0,50.85405019039912,50.85405019039912,-0.056545859137007826,49.18834235950043,1.0,0.1722058567953161,53.92094695524504,1.0,0.13594045885436043,51.893136023974435,1.0,0.0372288308183383,50.57225830614651,1.0,0.16402132025198327,52.54007279076355,0.75,0.31328378366598425,54.83671492988497,1.0,-0.5330747635393245,44.476690097485296,1.0,585,116982.0,4.5,7.9,59.3,174,86.1,0.0,6342,225,14.9,11.0,54.92610837438424,6.447309915518009,14.740602671637154,62.91685193419298,25.31645569620253,7.562679819153309,10.58444546709618,,1.1116051578479325,45.27363184079602,98.4437527790129,4.0,6.13591041570793,-0.3978151827390993,0.07761459067588089,0.4245757385399881,-0.33055858302480096,0.7586854745665238,-0.843145022079323,0.2869177190411929,0.4863652556528707,-1.5473479803233188,1.0285992601359568,0.6199367480871911,0.44257380751761255,0.057445033390948266,0.04007796831097268,-0.23717859130215713,0.2885709128735894,0.05356538772540644,-0.2009106062895107,0.639409179320054,,0.7897726707048551,-0.6850466487377685,0.8351253290308661,-0.43794143476319647,-0.6282080923154525
06073017113,5175,0.22488196006436853,55.52823967026221,Moderate,1.0,55.52823967026221,55.52823967026221,0.6596916842095557,58.938685930095076,1.0,0.3088982975186235,57.026747218651295,1.0,0.15585651477315718,52.17686172589577,1.0,0.289337211296592,54.57600223449411,1.0,0.6444088012313748,59.410028927239544,0.75,0.2477099448403254,53.82995639170621,1.0,-0.731728733419049,42.417158617087416,1.0,61,132431.0,0.6,8.0,59.8,301,85.6,0.0,4789,491,15.8,9.8,56.63390663390664,3.984504703929164,5.7558139534883725,54.288876591034864,18.421052631578945,0.823271130625686,10.434782608695652,,1.383508577753182,35.7630979498861,94.74266740453793,2.0,3.864734299516908,1.0617334776547622,0.4482988384219037,1.4787713110787948,-0.350036890317238,0.7826430122193456,-0.27624815886117204,0.24283308106344983,0.4863652556528707,-0.5165020372456168,-0.05303855455796541,0.28098057573306234,0.9119860751631487,-0.04904823916349808,0.4128250625714259,0.8448088975827559,-0.05123687580431577,0.4658351477378088,0.8231311950336102,0.6442600609227052,,0.7390046469856036,0.04246832784764588,-0.03834314031227331,-0.7084750520334727,-0.7549824148046254
06073013323,7011,0.26040429272950555,56.39488241288649,Moderate,1.0,56.39488241288649,56.39488241288649,0.46788850091555734,56.327615130438154,1.0,-0.013652633421420729,49.69804081049432,1.0,-0.22697402106236522,46.7230277469331,1.0,0.9259527718801812,64.68612106728717,1.0,0.47703674678336466,57.01646390305227,0.75,0.41534670339114327,56.40369221388913,1.0,-0.22276801937992144,47.69377409818762,1.0,376,173852.0,2.5,9.9,48.2,334,75.6,0.0,6612,596,15.0,10.3,28.484848484848484,5.684007707129094,6.800971567366767,84.10404624277457,28.78787878787879,0.4793863854266539,8.41534731136785,,0.0,48.78549435511461,100.0,7.0,9.984310369419484,0.18433304249433022,1.442156837378989,0.965188852662453,-0.7201247288735432,0.2268281386738805,-0.12894424952102262,-0.6388596784914115,0.4863652556528707,-1.7265678158873752,-0.48000084983188207,0.5822749511589548,0.7163976303108418,1.7062441701735036,0.15560423034775048,0.7189464541126072,1.1230162328868636,-0.15398778233500227,0.8753839029782438,0.7097141197068524,,0.9973242970865002,-0.9536890408665283,1.2024048539534578,-0.03214100885778211,-0.4133950299020608
06073020043,5378,0.410748421573367,60.06284671542728,High,1.0,60.06284671542728,60.06284671542728,0.8731110716666874,61.84402421019974,1.0,0.2547907206769329,55.79736448528305,1.0,0.532523377282262,57.54288752897854,1.0,0.812284059842126,62.88094340995535,1.0,0.6737443984729173,59.82955332008143,0.75,0.10599876154275249,51.65425726694456,1.0,-0.37721343847010835,46.092571752158136,1.0,162,237188.0,4.9,8.0,75.4,195,80.6,0.5012531328320802,5246,224,14.5,9.2,57.04697986577181,1.030337721808815,4.044943820224719,91.4710933028048,14.969450101832994,2.836484983314794,4.648568240981778,,4.12135088723526,50.85792724776938,100.0,5.0,9.297136481963555,0.7804082587620523,2.7456198025064404,0.31645311571549506,-0.350036890317238,1.5301181869873857,-0.749406170681046,-0.1980132987139808,0.4364641651153728,-0.819848203367001,1.032665567709994,0.7705839358001373,1.1466922089859175,-0.07480627002029587,0.8599400651562777,1.0508393494239814,1.413163094808541,0.6722032647659675,0.5172267402902935,0.8318031903624912,,0.22781268273671118,-1.1122212520619115,1.2024048539534578,-0.30267462612805834,-0.4517522508121584
06073020110,9085,-0.14040596279381815,46.61626504580178,Moderate,1.0,46.61626504580178,46.61626504580178,-0.01429153205184347,49.763562424759265,1.0,0.01187862222441853,50.2781385839363,1.0,-1.3515036216666498,30.702890448481227,1.0,0.589394104950712,59.34121854284349,1.0,0.7571227698387757,61.021936087522505,0.75,-0.3939989750664285,43.97776616292857,1.0,-0.5814431077857115,43.975234588237385,1.0,1124,134891.0,2.0,5.0,40.4,723,71.5,9.030837004405283,8646,1000,16.4,12.8,48.30827067669173,1.8628912071535024,11.233967271118974,80.17883755588674,14.194236926360729,0.1859427296392711,10.787011557512384,,0.3353204172876304,66.60387513455328,95.75260804769002,4.0,4.402861860209136,-1.8991448162358384,0.5073242283795202,1.1003421311930692,0.23431232845587524,-0.14690944871013953,1.6074563787613452,-1.0003537099089042,-0.41267873124462745,-3.0766905771365995,-2.122789109742952,0.055009794163644064,-0.26154459395069235,0.47011391259366503,0.7339325794573016,0.1851057551040817,0.9684241726477997,0.7185525422215632,0.919972172327584,0.6328435949671799,,0.9347154674353694,-2.3167186062133664,0.20000621357871165,-0.43794143476319647,-0.7249447808082266
06073001201,1982,-0.16025966633351457,46.13189178549001,Moderate,1.0,46.13189178549001,46.13189178549001,0.22489523177762272,53.01967926272781,1.0,-0.29372161234806393,43.334570351414484,0.75,0.723176035386758,60.25894031896963,1.0,-0.400761161945286,43.61652057589825,1.0,-0.534826848110383,42.545940027524445,0.75,0.1342786459460056,52.088439794482404,1.0,-0.9748579550412555,39.89653299838602,1.0,206,68578.0,4.7,1.3,40.9,348,75.0,,1893,136,18.4,10.1,52.428810720268,0.5943536404160475,20.131180625630677,8.469539375928678,32.69230769230769,9.84594775619558,50.95862764883956,,11.51560178306092,15.426695842450766,94.72511144130758,0.0,0.0,0.6578507376602777,-1.0837939359535766,0.3705144271277416,0.9550096982760483,-0.12295191105731776,-0.06645168192217134,-0.6917612440647026,,1.4057966434710765,1.3905006342252768,-0.6982261444010862,0.794633008251765,0.21316916429839797,0.925926525928027,-0.8863355261000135,-1.8558048119075556,-0.38742996872041296,-0.5478493243898546,-0.6692012512208814,,-1.152793361115865,1.5981157050325747,-0.04248640607869295,-0.979008669303749,-0.9707072407787621
06073001802,3501,0.2331705771711627,55.730458086764024,Moderate,1.0,55.730458086764024,55.730458086764024,-0.0907940837912497,48.722111623393666,1.0,1.049605609653312,73.85641938605005,1.0,0.3104667109646223,54.37945076347812,1.0,-0.33697947119298627,44.62944032336889,1.0,0.1662660034764982,52.57217370076492,0.75,0.32967307675507956,55.08834059413851,1.0,0.20395619433286327,52.117808272393226,1.0,481,84885.0,6.4,3.5,55.5,924,90.0,0.0,3191,339,18.2,10.2,47.58999389871873,1.5127803860198226,21.336760925449873,14.501825769431404,28.97727272727273,3.0349013657056148,24.850042844901456,,10.485133020344287,13.356018715440236,95.7224830464267,8.0,22.850614110254213,-0.1081337692258138,-0.6925227839052631,-0.08900671987635363,0.5264869378424318,0.5766081884050784,2.5046710992877097,0.6307778952675893,0.4863652556528707,0.5442138784260945,0.5650401966957045,-0.6229025505446135,0.7555153192813038,0.5149035382181808,0.7869220690980712,-1.0315167698854828,-1.6182267222027142,-0.16531147048056333,0.4870777051113772,0.1770317757986807,,-0.9603909904293332,1.7565136077005699,0.19289661299400196,0.103125799777356,0.30478658888837057
06073005302,4426,-0.5570776549239652,36.45067424843924,Low,1.0,36.45067424843924,36.45067424843924,0.3773944432237536,55.09569401461728,1.0,-0.6518075875204608,35.1984692610571,1.0,0.40517767912862235,55.72871067877181,1.0,-0.7530405403736049,38.02195676255405,1.0,-1.3780212160235095,30.487531864437276,0.75,-1.447153379495825,27.808632135274497,1.0,-0.45209298340673215,45.31626317836918,1.0,174,79650.0,3.9,1.1,33.3,1173,83.3,85.91549295774648,1925,492,15.8,12.1,36.87150837988827,3.2577903682719547,42.10526315789473,22.52124645892351,29.09090909090909,19.406392694063925,90.82693176683236,,27.053824362606232,25.42372881355932,90.15580736543907,4.0,9.03750564844103,0.7469834802797501,-0.8181316930223859,0.5867596727767276,0.9939663128609224,-0.48710648338020895,3.303147563007888,0.04004374636583199,-5.463315176075354,1.384555774070892,-0.057104862132002714,0.28098057573306234,0.012279228842537642,1.1832767452777282,0.5228137274073614,-3.415866129709348,-1.3023865044701615,-0.1721056833678997,-2.0005428332864232,-1.9614151314162052,,-4.053988398487047,0.8333856392629639,-1.1208573792633914,-0.43794143476319647,-0.46624453205026783
06073001302,3238,0.17237863883993312,54.24730964993489,Moderate,1.0,54.24730964993489,54.24730964993489,0.2763545216160731,53.720209080641766,1.0,0.9985430727841239,72.69622325801738,1.0,0.5854205593132451,58.29646495226929,1.0,-0.5164825771485656,41.778743852169356,1.0,-0.3958317670983278,44.533689807747606,0.75,0.7720244227806798,61.879783682748425,1.0,-0.5133777603676964,44.680897434122095,1.0,240,77459.0,3.8,2.1,68.1,822,86.0,0.0,3130,278,17.5,8.8,57.836644591611474,2.3137436372049978,21.525633106856084,16.149930587690882,52.25806451612903,1.9064911484339535,39.22174181593576,,3.2392410920869965,18.32490163012929,97.223507635354,3.0,9.264978381717109,0.5631471986270882,-0.8707026805821979,0.6137903284828509,0.7991832399365513,1.180338137256187,2.0493681067817935,0.27810079144564476,0.4863652556528707,0.5847042857201962,0.8130849587119798,-0.35926997204695815,1.3031629648677623,-0.12404743794313539,0.6656957849064481,-1.0542615826674608,-1.5533170728901142,-1.5572484397539381,0.6585377374274676,-0.2887845989685127,,0.39251443977484085,1.3764154156536654,0.5471434129135332,-0.5732082433983345,-0.45354727733705835
06073021305,3876,0.09450484328237692,52.347413030060075,Moderate,1.0,52.347413030060075,52.347413030060075,0.419309231342134,55.66629184021205,1.0,-0.2244766816098734,44.90789015599348,1.0,0.03418649188177219,50.443540992694665,1.0,0.9334776276640303,64.8056236224943,1.0,0.39561711145681594,55.85209275374404,0.75,-0.7595563944490856,38.36534420092386,1.0,-0.1370234833091547,48.58272472634156,1.0,98,143951.0,6.6,5.5,31.9,77,92.5,4.069767441860465,3803,560,15.8,12.0,45.55555555555556,2.5384615384615383,3.8699690402476783,90.84615384615384,8.16326530612245,3.6323202372127503,39.21568627450981,,2.1538461538461537,69.1958495460441,93.3846153846154,6.0,15.479876160990711,0.9586737440009973,0.724710420662449,-0.1430680312885999,0.1369207919936897,-0.5541875888081098,-1.2761292404427926,0.8512010851563047,0.0812090176551041,0.13798225114756676,-0.3336137771665392,0.28098057573306234,0.05139691781299887,0.6417651249223864,0.6316845913587277,1.0719105764438366,1.3885502179311708,1.079138747148943,0.396300913615705,-0.28858832639420023,,0.5951722658094245,-2.514993511167764,-0.3588479379889172,-0.16740781749292022,-0.10663914912538916
06073015705,3771,-0.5611923568996597,36.35028735552561,Low,1.0,36.35028735552561,36.35028735552561,-0.5558178936211887,42.39161141928072,1.0,0.05887042266288975,51.345843172481636,1.0,-1.3614510651374567,30.561178384979048,1.0,-0.9263242441328258,35.270030882535906,1.0,0.140248645575665,52.20010299817017,0.75,-0.5923024283783563,40.93320299036657,1.0,-0.6915699352663457,42.83350221727075,1.0,731,56811.0,6.7,5.6,15.2,372,94.9,0.0,3324,974,21.7,17.1,64.77166821994408,15.793588741204063,14.361843858246736,15.402658326817823,33.33333333333333,1.082753286929621,28.374436488994963,,6.88037529319781,42.080848243870115,90.46129788897576,2.0,5.303632988597189,-0.8044833209404425,-1.3661320512508417,-0.1700986869947233,0.11744248470125267,-1.3543693464123574,0.040678433961573716,1.062807347449472,0.4863652556528707,0.45593151498157786,-2.017065112817982,-1.9410654430328915,-1.9436052196805316,-0.5564950981428165,-1.3744871211363385,-0.19156680117007213,-1.582747956082076,-0.42575629782846514,0.7837033183409532,0.06279891621450696,,-0.2873342636779769,-0.44081242273075594,-1.048760598726336,-0.7084750520334727,-0.6746648184992187
06073021101,4714,-0.21476486977886267,44.80212159707189,Moderate,1.0,44.80212159707189,44.80212159707189,-1.1490204646795315,34.316177607540034,1.0,0.1713170688613412,53.900752731008176,1.0,-0.9747884427592066,36.069604570781856,1.0,0.060491559761671865,50.941694695317636,1.0,-0.4671546291287794,43.513711242364984,0.75,-0.5792774515129778,41.133176133675505,1.0,1.4350782710054437,64.88138241417926,1.0,1311,60455.0,8.6,7.3,26.9,361,94.2,0.0,4307,845,18.5,15.9,64.46280991735537,13.68483412322275,4.873377314322196,78.02132701421802,49.80694980694981,8.210984230560086,20.78913873568095,,1.1848341232227488,47.98071127185051,88.03317535545023,19.0,40.30547305897327,-2.4200142809183807,-1.2786976931185026,-0.6836811454110648,-0.2136887392701782,-0.7937629653363277,-0.008422869151809429,1.0010888542806313,0.4863652556528707,-0.19656144190533842,-1.4925114357671703,-0.7358879413293233,-1.4741929520349946,-0.5372356035187379,-1.0553258035209072,0.9510757707684145,0.8834518753179179,-1.4106985624740158,-0.2994193698836895,0.30865404497136695,,0.7760998384455903,-0.892126593090928,-1.6218055998935956,1.5910606947638755,1.2790958472470122
06073013322,4442,0.317673375902938,57.792083316804366,Moderate,1.0,57.792083316804366,57.792083316804366,0.8919819313510542,62.10091854240041,1.0,-0.3724496470502322,41.54578415649684,1.0,0.6021530249381705,58.534836976010496,1.0,0.5439128510180097,58.618928811969596,1.0,1.0467906417265804,65.16443699108152,0.75,0.09479045507881405,51.482175558245224,1.0,-0.5834656257418309,43.95426627130509,1.0,107,164500.0,5.3,0.0,49.3,61,92.0,17.22972972972973,4307,364,13.8,9.3,46.15384615384615,5.69620253164557,6.683451590753033,72.96564195298373,0.0,0.0,11.031067086897792,,3.3453887884267632,53.191489361702125,100.0,3.0,6.753714542998649,0.9336051601392706,1.2177643792962132,0.2083304928910022,1.2082276930777307,0.2795347215100881,-1.3475493176986226,0.8071164471785616,-1.228900439190956,-0.19656144190533842,0.46338250734477193,1.0342165142977926,1.1075745200154556,0.6044574842831802,0.15375853610358414,0.7330987228391117,0.6843366608461628,1.567212815790265,0.948225856976042,0.6249332524134341,,0.3726952379148604,-1.290728726631876,1.2024048539534578,-0.5732082433983345,-0.5937230080853274
06073015706,2458,-0.8209369174477844,30.013267192542596,Low,1.0,30.013267192542596,30.013267192542596,-1.4939219138392685,29.620936959318076,1.0,-0.3776413257228769,41.42782359551996,1.0,-1.0098187735022202,35.5705597187729,1.0,-1.1419008971596676,31.846448873828482,1.0,0.14498845227019544,52.26788633011799,0.75,-1.0745845695204503,33.52870033959379,1.0,-0.7936793946602041,41.7748893629926,1.0,644,37432.0,20.7,7.6,17.5,180,92.6,8.0,2333,590,22.3,20.9,64.80836236933798,24.692874692874692,13.758806464981353,25.921375921375923,31.308411214953267,2.631578947368421,24.410089503661514,,10.933660933660931,34.66933867735471,85.13513513513513,1.0,4.068348250610252,-0.5621536769437517,-1.7273626389792627,-3.414047678286571,-0.2721236611474895,-1.2441646732093772,-0.8163624931083867,0.8600180127518527,-0.3100561493255962,1.1137346892185402,-0.4556030043876583,-2.167036224602311,-2.530370554237452,-0.5587832372896804,-2.7213995622295033,-0.11894640515286313,-1.1684743839666232,-0.304688080646019,0.5483618673986551,0.19129157005795017,,-1.04413718144797,0.1261362123926244,-2.305752739506006,-0.8437418606686108,-0.7436169286517975
06073015408,4482,-0.02485213779388682,49.435446003389934,Moderate,1.0,49.435446003389934,49.435446003389934,0.5579510365549682,57.55366181492238,1.0,-0.5724508461860935,37.00154035141999,1.0,-0.6156707523046696,41.18562348597368,1.0,0.46444136046413564,57.35683868557948,1.0,0.7793467905351458,61.33975878983132,0.75,-0.2024347135428819,46.91886217549379,1.0,-0.5851478400778124,43.93682602893878,1.0,529,143125.0,2.7,1.8,22.9,110,87.1,10.416666666666668,4378,830,16.8,13.9,60.24096385542169,4.597701149425287,5.601799775028121,79.66954022988506,11.055276381909549,0.7132667617689016,12.048192771084338,,1.7959770114942528,44.914756025867135,92.3132183908046,3.0,6.693440428380187,-0.24183288315502252,0.7048913263108265,0.9111275412502065,0.8576181618138627,-0.985423266558902,-1.128825331102643,0.375086994996679,-0.5506417820795082,-0.2436896208869977,-1.4315168221566108,-0.0956373935493028,-0.6918391726257672,-0.2739737101132757,0.3200174007255014,0.8633559574449732,0.9483657937993436,0.9062280846403342,0.8398461736383765,0.5919661133267267,,0.6619912455546612,-0.6575941909588624,-0.6117011952244444,-0.5732082433983345,-0.5970874367572903
06073013425,1906,0.5962694894821896,64.58902715021844,High,1.0,64.58902715021844,64.58902715021844,0.7845944286769406,60.63902219811156,1.0,0.03663678662044115,50.8406708870815,1.0,1.2390399972951365,67.60797896824543,1.0,1.3080685903834528,70.75451865627576,1.0,0.7803881156642575,61.35465063910729,0.75,0.14376617477357198,52.23410231515265,1.0,-0.11860766703847248,48.77364944518638,1.0,63,194935.0,9.9,0.2,56.3,142,83.2,0.0,1823,159,12.9,10.0,0.0,2.564102564102564,10.755508919202518,96.44970414201184,6.467661691542288,1.9342359767891684,14.690451206715634,,0.0,52.74261603375528,97.83037475345168,4.0,20.986358866736623,1.0561626812410452,1.9480236245645284,-1.0350796695906672,1.1692710784928564,0.6149402486495931,-0.9859851765909831,0.031226818770283875,0.4863652556528707,1.4522610452839801,1.2969755600224189,1.3731726866519214,0.8337506972222263,2.797652033989971,0.6278038062456476,0.2427237989964666,1.564094722301726,1.1805173161328995,0.6543219574800901,0.5063250733797824,,0.9973242970865002,-1.2563918458198338,0.6903660730540495,-0.43794143476319647,0.20072610068625152
06073017056,4348,-0.01314957070283572,49.72095497981723,Moderate,1.0,49.72095497981723,49.72095497981723,0.015262147264611503,50.16588499188443,1.0,0.4660365609107542,60.597098711769846,1.0,0.26391447655420214,53.71626396394532,1.0,-1.0476369148759428,33.343459191432274,1.0,0.13610172092531309,52.14079839183217,1.0,0.12637578235125121,51.9671067210713,1.0,-0.05210076805003932,49.46315518329597,1.0,246,102405.0,9.6,2.4,64.6,493,80.4,0.0,4047,638,15.1,9.1,70.38664323374341,14.390934844192635,22.993542435424356,32.97450424929178,10.81081081081081,3.76226826608506,65.08739650413983,28.6123211,5.325779036827195,40.826245443499396,97.96033994334276,7.0,16.09935602575897,0.5464348093859371,-0.272146835914434,-0.9539877024722972,0.7407483180592401,1.0126353736864346,0.5807927682087883,-0.21564715390507702,0.4863652556528707,-0.023979378028839718,-0.6507857679414487,0.5446131542307183,1.1858098979563787,-0.9066284123073146,-1.1621945850056348,-1.2310336335360723,-0.8906910286547489,0.9208444546166227,0.37655552945591736,-1.1271437604095464,0.3741506600382587,0.0029297559683567854,-0.3448406994389553,0.7210382905243522,-0.03214100885778211,-0.07206052724229653
06073002502,7231,-0.28290679316894457,43.13965466588321,Moderate,1.0,43.13965466588321,43.13965466588321,-1.4592656238142996,30.092722804342003,1.0,-0.30600706956836143,43.055431460712384,1.0,-0.7922665064481421,38.66982645743675,1.0,0.11316421239823085,51.778191335308456,1.0,-0.36946550749722423,44.91075010618259,1.0,0.3211270057760853,54.95713232449825,1.0,0.5123659369710994,55.31522523923978,1.0,1114,92210.0,13.5,13.6,35.1,714,94.4,39.130434782608695,5743,803,17.6,12.9,51.43149284253579,8.650229837024655,8.886677093701124,55.66234851650648,36.48816936488169,0.9519867549668874,18.254736550961137,85.38892346,7.020476389469285,27.48031496062992,97.45089845382364,14.0,19.36108422071636,-1.8712908341672534,-0.5167662873851249,-2.008183275011104,-1.440822098693716,-0.4008593478300503,1.5672825853049408,1.0187227094717288,-3.409174225220065,-1.149745456238616,-1.3217265176576036,-0.39693176897519516,-0.3006622829211536,0.27535897154557243,-0.2933353263199602,0.4677766875455346,0.0028565168217765794,-0.6143810209106864,0.8035730726670037,0.3907992416017466,-2.057853323346961,-0.3134930217439177,0.6760656360124622,0.6008084030597114,0.9147266515881847,0.11000522235401419
06073017052,5388,0.07689668822268955,51.91782469369337,Moderate,1.0,51.91782469369337,51.91782469369337,0.7023472481662568,59.519368145986775,1.0,-0.029087795313427756,49.347337219160025,1.0,0.4205383276838286,55.94753968844433,1.0,-0.295483202833978,45.288444328615725,1.0,0.5946418623315026,58.69831869159444,1.0,-0.23811942693694044,46.37099292557163,1.0,-0.616560195538415,43.611160576676596,1.0,52,118036.0,3.9,0.9,64.3,435,83.1,19.54022988505747,5081,510,13.1,9.0,54.285714285714285,3.298774740810556,24.946900946128597,47.219604147031106,14.489795918367346,8.019072388383181,8.351893095768375,8.487865588,4.71253534401508,36.4494806421152,91.42318567389256,3.0,5.567928730512249,1.0868020615164888,0.1029043309260141,0.5867596727767276,1.0329229274457967,0.9982608510947416,0.3218949881564045,0.022409891174734513,-1.4589169116795917,-0.7103249705223,-0.13029839846467414,1.2978490927954487,1.22492758692684,0.09737812375845932,0.5166107172375088,-1.466265594597069,-0.32965605773481116,0.700881343951919,-0.2702586886368883,0.7117708015740287,1.2361739924369508,0.11743059730832864,-0.010036998771605408,-0.8217518793475446,-0.5732082433983345,-0.6599121476784954
06073017055,4958,0.5458618725489295,63.35922628663188,High,1.0,63.35922628663188,63.35922628663188,0.8103853231708867,60.99012091479425,1.0,0.37008269677727945,58.41692302009549,1.0,0.9060456813484601,62.86411570470557,1.0,0.6095777395336859,59.66175570333087,1.0,0.48205722600046996,57.08826109463455,1.0,0.6263419729621422,59.64311349774438,1.0,0.016542468049582496,50.17480925066321,1.0,116,178036.0,2.5,7.1,75.2,232,83.5,0.0,4883,188,12.6,8.2,36.58170914542729,1.723237597911227,11.76589712434184,64.75195822454309,24.290220820189273,5.618531296205028,13.513513513513514,9.931549471,2.8198433420365534,28.311425682507583,98.27676240208876,8.0,16.135538523598225,0.908536576277544,1.5425479884288538,0.965188852662453,-0.17473212468530397,1.5205351719262568,-0.5842472420269391,0.05767760155692946,0.4863652556528707,-0.5788970911086586,1.179052640375337,1.4861580774366312,1.5378690986905312,1.2013477725137869,0.7550692397189793,0.12104843954484464,0.3608455063571324,0.11492302006178962,0.09449948790298116,0.5444720489516496,1.1743343470854595,0.47082163771218627,0.6124892370108636,0.7957150441633769,0.103125799777356,-0.07004086367819101
06073008360,6592,0.05705036177280127,51.433631413153876,Moderate,1.0,51.433631413153876,51.433631413153876,-0.3201045635786119,45.60044342401693,1.0,0.12306927083016447,52.80451051716606,1.0,-0.5598588666468151,41.98072400679933,1.0,0.025677469075784436,50.388810638309515,1.0,0.12111195034932735,51.926431718198394,1.0,0.7746266134161606,61.91973525012889,1.0,0.23483065896359906,52.43789717817211,1.0,382,101963.0,10.6,5.9,36.5,511,79.2,0.0,5955,766,16.3,11.8,53.11890838206628,9.884201819685693,8.814589665653495,53.97022332506204,31.379310344827587,0.0,22.603155339805827,46.79527069,4.466501240694789,22.26219024780176,99.50372208436724,11.0,16.686893203883493,0.16762065325317912,-0.28275221085803826,-1.2242942595335298,0.059007562823941206,-0.33377824240214937,0.6611403551215972,-0.3214502850516606,0.4863652556528707,-1.290466216014838,-1.1712731374182235,0.09267159109187978,0.12963229575392132,0.17013670541322315,-0.48009775023044704,0.47645777039569387,-0.06378684927533226,-0.30892707392667784,0.948225856976042,0.24985802927384831,-0.4047090109259031,0.1633684718575415,1.0752297546432137,1.0852816137477266,0.5089262256827704,-0.03926490775557225
06073008502,6507,0.03852286291080773,50.98161373235881,Moderate,1.0,50.98161373235881,50.98161373235881,-0.7306453025293814,40.011636621468554,1.0,0.8277941762849911,68.81662344315426,1.0,-1.06388530760997,34.80032361365647,1.0,0.6580712032490724,60.43188246606167,1.0,0.3824682542076677,55.6640527316305,1.0,-0.04505729043890109,49.33508589007228,1.0,0.24091430721217533,52.50096898635795,1.0,1090,102326.0,9.7,5.5,53.6,716,91.5,0.0,6273,1153,16.2,12.6,45.326278659611994,3.0456852791878175,6.387596899224807,72.15931276844982,16.930379746835442,1.5757109915449656,38.72752420470263,24.76664592,7.575165950800468,23.17403065825068,91.8391253416634,11.0,16.904871676655908,-1.804441277202649,-0.27404236673014604,-0.9810183581784204,0.1369207919936897,0.4855695453243557,1.5762100949619196,0.7630318092008185,0.4863652556528707,-1.501547355679171,-2.701018046771056,0.13033338802011682,-0.1833092160097692,0.6560621572761866,0.5549159640202851,0.7687268366215582,0.6525798550782601,0.5549610982718909,0.7087992252460001,-0.2727659879139181,0.538878681226698,-0.41706101958776876,1.005477881355487,-0.7235887330844215,0.5089262256827704,-0.027097611258419693
06073008504,5774,0.26407232271712483,56.48437179407283,Moderate,1.0,56.48437179407283,56.48437179407283,0.0037886616912455595,50.00969319862842,1.0,0.2532439371048487,55.76221988767259,1.0,-0.3219552387424511,45.36991783573872,1.0,0.7186931781107312,61.394622630892265,1.0,0.011904036128203233,50.364664165626934,1.0,-0.3936446073635975,43.983206788593755,1.0,1.5764762920908937,66.3473167514984,1.0,508,126865.0,7.8,4.4,51.6,351,85.0,0.0,5329,756,15.4,11.4,53.15161839863713,0.7829491083079599,3.9205436487192897,74.46715963462374,22.956521739130434,3.2,21.64877034984413,58.12072184,7.698999565028274,26.82926829268293,88.69073510221835,22.0,38.101835815725664,-0.1833395208109937,0.31474789512755696,-0.4674358997620789,0.35118217221049786,0.38973939471306857,-0.0530604174367032,0.18993151549015866,0.4863652556528707,-0.8749417083737295,-1.1306100616778503,0.43162776344600856,0.28610305163576694,0.168097005061898,0.8973824850446438,1.0658201612612288,0.7434730610751541,0.1946636523241481,0.46199124564993943,0.28079161319125395,-0.8898303666525285,-0.44018242007088376,0.7258679086104467,-1.4666193106303556,1.9968611206692897,1.156091463512498
06073008505,5419,0.05236837239366228,51.31940433930923,Moderate,1.0,51.31940433930923,51.31940433930923,-0.43173284166804726,44.08081620860967,1.0,0.41899189681651605,59.528193003724866,1.0,-0.48893876377008105,42.99105738058965,1.0,-0.037749910680437496,49.381517718858646,1.0,-0.2086001275222992,47.2112640622336,1.0,0.30242235696702524,54.6699588841538,1.0,0.8121859966129598,58.42358925361635,1.0,746,88184.0,9.8,2.4,44.0,510,88.6,0.0,5105,654,16.8,13.2,65.47344110854503,7.688564476885645,8.252967359050444,56.934306569343065,21.55844155844156,3.157398680490104,23.251522421110906,79.60174238,7.3965936739659375,12.340425531914894,92.60340632603406,15.0,27.68038383465584,-0.8462642940433202,-0.6133663768035653,-1.008049013884544,0.7407483180592401,0.025584822390177366,0.6566766002931078,0.5073409089299082,0.4863652556528707,-0.7262556225724384,-0.7158466891260455,-0.0956373935493028,-0.4180153498325373,-0.6002555898053404,-0.14778667839766096,0.5440907808409735,0.05295184464027797,0.27825357087841057,0.46846444441052487,0.22884311628822085,-1.809961641666353,-0.3837191749390501,1.8342021223105582,-0.5432158764704325,1.0499934602233227,0.5743785330025968
06073016502,7767,-0.5673404457558707,36.20029167144505,Low,1.0,36.20029167144505,36.20029167144505,-1.2326380430460675,33.17786794311582,1.0,0.2906609830064235,56.612375685623604,1.0,-1.7784663058115027,24.620346407274578,1.0,-0.40233430033171125,43.59153749817924,1.0,0.03072854046908921,50.633870846136446,1.0,-0.4223095949233497,43.54311175238129,1.0,-0.457024399653977,45.26513705685096,1.0,1451,68202.0,6.2,11.3,23.0,654,86.9,0.0,7437,1016,20.4,15.2,67.86140979689367,6.010488100040339,12.588950705136496,30.49616780960064,36.9290573372206,1.2743926722421346,17.38122827346466,46.9197262,4.719645018152481,36.763386180077774,89.1891891891892,5.0,6.4374919531350585,-2.809970029878573,-1.0928157028739276,-0.03494540846410708,-0.9928210309676627,-0.9806317590283375,1.299457295595578,0.3574531398055828,0.4863652556528707,-2.2741839801108807,-2.187850030927549,-1.4514620829658165,-1.2003691292417646,-0.7491622882176653,0.10619122065537287,0.02193273354021536,-0.9882988673047681,-0.6407413042538093,0.7545840364558897,0.4191114446316478,-0.4100400149573714,0.11610312557086579,-0.034049423596582924,-1.3489824867443319,-0.30267462612805834,-0.6113741731798957
06073017104,4057,0.2532622806293161,56.2206378605168,Moderate,1.0,56.2206378605168,56.2206378605168,0.8287140787335379,61.239635430777696,1.0,-0.26319750894910887,44.02811103204811,1.0,0.40977206994844867,55.794162732409895,1.0,0.2586122427523214,54.08805770038369,1.0,0.6642735895590772,59.694112567790434,1.0,-0.10546675038999946,48.40761632779406,1.0,-0.01987175724906421,49.7972872540866,1.0,307,137658.0,1.0,1.1,54.7,159,89.5,17.61904761904762,3727,354,15.0,11.2,69.83050847457626,7.97153024911032,2.36318407960199,77.01067615658363,22.30392156862745,1.9539427773900904,5.915701257086517,14.43683883,4.483985765124555,28.62190812720848,90.39145907473308,7.0,17.254128666502343,0.37652551876756774,0.5737157950513594,1.3706486882543016,0.9939663128609224,0.5382761281605637,-0.9101013445066636,0.5866932572898462,-1.2676580767401817,0.18842931597300486,0.5040455830851449,0.5822749511589548,0.3643384295766901,-0.871949485710006,-0.19061372329572962,1.2533642006749128,0.8436479793401085,0.23368201182479093,0.6513275423142557,0.790732798538994,0.9813520055582684,0.16010387610041732,0.5887386641116227,-1.0652427913820384,-0.03214100885778211,-0.007602505640346313
06073017107,3202,0.4963264691349383,62.15070492413044,High,1.0,62.15070492413044,62.15070492413044,0.8996075380785192,62.20472807628719,1.0,0.11592364006578504,52.64215404893139,1.0,0.8624997832548351,62.24375740922861,1.0,0.38847489608703173,56.150412029191116,1.0,0.7875398499464805,61.45692661998514,1.0,0.6211185274480883,59.56291766867348,1.0,-0.20087895093617186,47.92070752198871,1.0,155,210227.0,4.5,5.9,82.1,104,74.7,0.0,3130,279,13.3,10.0,70.0,0.6603773584905661,13.1265664160401,95.28301886792453,21.867881548974943,0.0,10.306058713304184,7.143746111,0.4716981132075472,39.564220183486235,100.0,5.0,15.61524047470331,0.7999060462100619,2.3149408047400857,0.4245757385399881,0.059007562823941206,1.851149191535197,-1.1556078600735793,-0.7182120268513482,0.4863652556528707,0.5847042857201962,0.8090186511379426,1.2225254989389753,0.8337506972222263,-0.8825184783366097,0.9159337953016893,-0.042809297827832285,1.5632935652108797,0.25975244056886554,0.948225856976042,0.6484322675920778,1.2937488346489365,0.9092519182690814,-0.24830118987827454,1.2024048539534578,-0.30267462612805834,-0.09908327574428535
06073013417,2127,0.35006644773476053,58.58238109592257,Moderate,1.0,58.58238109592257,58.58238109592257,0.5840185606684718,57.90852636859244,1.0,-0.535778426282103,37.83477744042705,1.0,1.0554028948358076,64.99187033677192,1.0,0.5762161528174443,59.13193892373073,1.0,0.7817607322984189,61.37428024321284,1.0,-0.2293863726499589,46.505071959607946,1.0,0.21823159245524343,52.265807488548106,1.0,77,158203.0,5.5,5.7,48.4,101,63.6,0.0,2076,174,13.1,11.1,66.66666666666666,1.6467065868263475,5.737316263632053,90.26946107784433,19.48717948717949,3.1884057971014492,6.582040432534086,2.514001245,2.844311377245509,53.272450532724505,95.50898203592814,6.0,28.20874471086037,1.017167106345026,1.06667377744129,0.15426918147875568,0.09796417740881545,0.23641115373500898,-1.1689991245590474,-1.6968909899572444,0.4863652556528707,1.2843254215887716,1.2359809464118592,1.2978490927954487,0.4034561185471513,-0.674661623346746,0.766652255650759,0.8470364701641104,1.3658375088016539,0.40209241090546866,0.4637529652561935,0.7691353729529216,1.4920621800790919,0.4662531266126032,-1.296921908330852,0.1425096637683721,-0.16740781749292022,0.6038710024034071
06073004300,4181,0.8229955222987253,70.12049020915451,High,1.0,70.12049020915451,70.12049020915451,0.10023089989500673,51.32258857243152,1.0,0.6725924104539118,65.29027127145665,1.0,0.5052898337238834,57.154916321556215,1.0,0.28545424916770623,54.5143367475395,1.0,0.22079945319318006,53.35204916038455,1.0,0.6510971180147269,60.02318051977438,1.0,3.3255046916426627,84.48024936375748,1.0,313,121250.0,8.1,4.1,61.7,488,91.6,0.0,3997,211,16.3,10.0,35.66820276497696,1.1293634496919918,17.063205960105744,44.30184804928131,30.205278592375368,4.0866568193008375,15.068165510643386,30.32980709,3.5420944558521557,21.074815595363543,96.81724845995892,32.0,76.5367137048553,0.35981312952641664,0.18002124284624954,-0.5485278668804485,0.4096170940878093,0.8736816553000686,0.5584739940663415,0.7718487367963666,0.4863652556528707,0.009209480408948497,1.085527566172479,0.09267159109187978,0.8337506972222263,1.2583113414898603,0.8449524599036204,-0.5168766207827828,-0.4445701839398728,-0.23873280329532953,0.32726523505232036,0.49408257455567317,0.3005828064600562,0.33596764547397295,1.1660588134926173,0.4512648950775905,3.349529207020671,3.3014801762646546
06073004400,4033,0.6502593186960679,65.90622368978165,High,1.0,65.90622368978165,65.90622368978165,0.5439150861070097,57.36258646502102,1.0,0.15899514887079447,53.62078536668423,1.0,0.28506372682500003,54.01755784977584,1.0,0.44843514537754514,57.102643302041685,1.0,0.23593851061032806,53.568550764863005,1.0,0.8439339760651556,62.98381477262018,1.0,2.035533637016642,71.10656245776275,1.0,271,137872.0,5.1,1.8,67.1,619,85.3,23.52941176470588,3745,317,16.9,11.0,37.6226826608506,4.48681996634885,7.63031981868547,48.0089736399327,20.723684210526315,5.360934182590234,31.986114554921897,24.82887368,1.2899607403252944,26.406157489638836,99.21480650588896,22.0,54.549962806843546,0.47679985421447424,0.5788505240964529,0.26239180430324877,0.8576181618138627,1.1324230619505435,1.1432258765984498,0.21638229827680425,-1.85605064134262,0.17648132693540108,0.6544989633245251,-0.13329919047753852,0.44257380751761255,1.1364357282006974,0.3367993364650474,0.6190727163982377,-0.2985671995538017,0.3281629392312517,0.13364093553336087,-0.05426301132009098,0.5362131789967907,0.7564712858056621,0.7582340669671158,1.0170965754226888,1.9968611206692897,2.0742061533639946
06073004600,2046,-0.3998668644317106,40.286165344328175,Moderate,1.0,40.286165344328175,40.286165344328175,-0.06901970575326011,49.018532369385866,1.0,-1.282094733557637,20.877662830024843,0.75,0.4316866359657301,56.1063593666685,1.0,-0.46589342953262614,42.582152260185644,1.0,-1.1266858023533635,34.08184548796616,1.0,0.4837539583913048,57.45395233710516,1.0,-0.7708149741821226,42.011934682470354,1.0,214,86611.0,11.0,0.7,39.6,231,48.0,,1639,285,19.4,11.0,51.62374020156775,7.319304666056725,17.23456790123457,17.56633119853614,63.33333333333333,7.841483979763912,46.43206256109482,72.86869944,9.606587374199451,18.985126859142607,98.81061299176578,1.0,4.887585532746823,0.6355675520054096,-0.6511090346910982,-1.3324168823580227,1.0718795420306708,-0.18524150895465427,-0.5887109968554285,-3.072331694862828,,1.5743960443350407,0.7846208056937187,-1.0748441136834515,0.44257380751761255,0.26337099211702536,-0.09189897730543867,-0.5375127739733305,-1.4975329589687607,-2.219428500085322,-0.24327442899907223,-0.5224859502971207,-1.521554330031939,-0.7963547079233296,1.325911022573713,0.9217055605235309,-0.8437418606686108,-0.6978880876956346
06073004700,1538,-0.43045046127664927,39.540013550219626,Low,1.0,39.540013550219626,39.540013550219626,-0.07164301582790666,48.98282050988114,1.0,-0.6609978832044698,34.98965579189128,1.0,0.6099761908941359,58.64628641465203,1.0,-1.052782681098922,33.261739058873154,1.0,-1.6608749890376118,26.4424784636244,1.0,-0.19836865490389866,46.981288584025634,1.0,0.02153780424212734,50.22659805785366,1.0,225,72143.0,8.2,2.7,29.2,232,98.2,32.30769230769231,1100,287,17.5,11.9,76.4,13.687150837988826,18.96664486592544,26.955307262569832,60.0,10.611735330836456,92.32769830949285,82.85003111,11.731843575418994,38.61702127659574,98.18435754189944,4.0,26.007802340702213,0.6049281717299659,-0.9982551086369496,-0.5755585225865717,0.6823133961819287,-0.6835582921333474,-0.5842472420269391,1.3537659581025758,-2.7299519567601687,1.9321719382943976,0.7764881905456441,-0.35926997204695815,0.0905146067834601,-1.281603639917147,-1.0556764397357494,-0.7460970450531529,-1.1277535996896386,-2.0201315887234497,-0.6642094568004375,-2.0100580672084853,-1.9491008434180748,-1.193168610707627,-0.175844543545643,0.773907189541574,-0.43794143476319647,0.48101704324745115
06073004800,3272,-0.7312457162350464,32.20147451949442,Low,1.0,32.20147451949442,32.20147451949442,-1.1997864776401703,33.6250855631846,1.0,-0.5669240034229852,37.127116203446896,1.0,-0.8065379891234093,38.466513790711566,1.0,-0.25685202060213286,45.90194777904537,1.0,-1.1162722266109264,34.23076862066013,1.0,-0.5033515004533003,42.29887118626961,1.0,-0.6689957957924013,43.06753806824131,1.0,782,61787.0,14.2,8.3,21.1,58,79.2,0.0,2560,778,20.1,16.3,62.99862448418156,9.018355945730248,9.492888064316636,39.66480446927375,57.20164609053497,10.881934566145093,50.4278728606357,66.64592408,12.689545091779728,23.06382978723404,90.02394253790902,2.0,6.112469437652812,-0.9465386294902267,-1.2467376039219396,-2.1973978649539663,-0.4084718121945495,-1.0716704021090602,-1.3609405821840908,-0.3214502850516606,0.4863652556528707,0.9630572719109818,-1.220068828306671,-1.338476692181108,-1.6306637079168402,-0.4459333097402943,-0.34905144089359025,0.39477411548662167,-0.6271974472612686,-1.852820601407309,-0.7052657756007203,-0.6519983949803114,-1.2550041344553644,-1.3719843582826579,1.0139077744631693,-1.1519779175404123,-0.7084750520334727,-0.6295165395513299
06073004900,5366,-0.8834269186756871,28.48869090524559,Low,1.0,28.48869090524559,28.48869090524559,-1.767672799307574,25.894288990546404,1.0,0.2155174108852466,54.905032361791626,1.0,-1.5244128204511953,28.239612378072756,1.0,-0.7409268412122574,38.21433493489036,1.0,-0.4427554539099362,43.86264053414816,1.0,-1.7863946731846028,22.600243011800686,1.0,-0.1373432535494916,48.57940953018984,1.0,1373,52009.0,13.7,11.0,11.6,632,90.8,0.0,4482,931,20.4,18.5,60.46901172529313,18.323952470293932,9.924953095684804,23.577235772357724,21.29471890971039,4.821428571428572,28.6992172940738,91.81082763,16.57285803627267,33.388429752066116,76.54784240150094,7.0,13.045098770033544,-2.5927089697436085,-1.4813515319729857,-2.06224458642335,-0.9343861090903512,-1.5268636175126742,1.2012546893688119,0.701313316031978,0.4863652556528707,-0.31272244643759717,-1.842213887134378,-1.4514620829658165,-2.49125286526699,-0.28819410401886014,-1.7574592388670016,0.3427429578278196,-1.2607969797909877,0.29402130368289897,0.2156179046431865,0.052272101151047086,-2.3329331251168774,-2.0970510887562717,0.22412024120514581,-3.486253172002682,-0.03214100885778211,-0.24254549824120109
06073009102,4204,0.04485164829251325,51.13601789191629,Moderate,1.0,51.13601789191629,51.13601789191629,0.02353339180711382,50.27848377533969,1.0,1.2999578585584537,79.54469356185352,1.0,0.0014878926665417846,49.97771417176123,1.0,-0.803842543638119,37.215167984916654,1.0,-0.3812357003099582,44.742426176973424,1.0,0.3447918213762247,55.32045946206616,1.0,-0.170731182412664,48.23326245545169,1.0,482,75764.0,3.6,3.9,47.5,1092,97.2,0.0,3792,563,17.9,10.3,73.72781065088758,3.62844702467344,21.4456106870229,16.932752781809384,40.25974025974026,6.173399909214707,34.96669838249286,50.05600498,8.514755684567005,13.156822810590633,94.29124334784711,6.0,14.272121788772598,-0.11091916743267233,-0.9113726139066531,0.6678516398950973,0.4485737086726835,0.19328758595992984,3.254581910473925,1.2655966821470896,0.4863652556528707,0.14528380000388016,-0.34581269988865115,-0.5099171597599037,0.7163976303108418,-1.1149737777039714,0.46671461287251104,-1.0446249334589037,-1.522486076262112,-0.839879750008981,0.010188136533038945,-0.15086987429760781,-0.5443813134662829,-0.5924950538740864,1.7717512384913165,-0.14488072048855577,-0.16740781749292022,-0.17405454733240774
06073009104,3064,0.6836083153821947,66.71984328577733,High,1.0,66.71984328577733,66.71984328577733,0.6560005888600176,58.88843800865597,1.0,-0.4176615169208754,40.51852151775613,1.0,0.8097124381094665,61.49174473086501,1.0,1.1825899993646527,68.76178780783627,1.0,0.24418376409541825,53.68646501537847,1.0,0.9044680541896414,63.91319760415816,1.0,1.4059648799770428,64.57955131883077,1.0,194,134896.0,0.8,6.2,67.1,95,59.1,0.0,3055,268,13.8,10.3,28.688524590163933,1.419698314108252,1.6485328058028357,78.34960070984916,16.9811320754717,5.214465937762826,11.74934725848564,45.11512134,2.9281277728482697,16.433566433566433,98.04791481810116,15.0,48.9556135770235,0.6912755161425799,0.507444198684312,1.4247099996665482,0.0005726409466299162,1.1324230619505435,-1.1957816535299837,-2.093652731756932,0.4863652556528707,0.6344875733768784,0.8537480344523529,1.0342165142977926,0.7163976303108418,1.6935435277672677,0.8010100983378652,1.3394256275401257,0.8963807438133522,0.5519266635694022,0.15589653868813305,0.6016523121244287,-0.33274045800029106,0.45060347880197277,1.5210944312615842,0.7417062525053671,1.0499934602233227,1.7619362997307628
06073009107,5266,-0.23773504564952377,44.241715375927264,Moderate,1.0,44.241715375927264,44.241715375927264,-0.2163333780293935,47.013109823917205,1.0,-0.010852675580700105,49.76165888442161,1.0,-0.02247957662945549,49.63627171563381,1.0,-0.5623886799428324,41.04970707842949,1.0,-0.605304166531538,41.53805346648694,1.0,0.3661731816689955,55.64872859222726,1.0,-0.6129600245017427,43.648485104292796,1.0,1147,100085.0,2.6,3.7,57.3,898,41.6,0.0,4894,204,20.4,10.0,53.97862232779097,5.2502050861361775,25.720876585928487,29.49138638228056,49.14675767918089,8.552138034508626,29.05431067223699,54.61107654,3.650533223954061,32.9454253611557,97.12879409351928,3.0,5.6969236612229395,-1.9632089749935844,-0.32781305733787713,0.9381581969563297,0.48753032325755763,0.6628553239552367,2.388613473746986,-3.581244755677894,0.4863652556528707,-0.586198639964972,1.1139917191907402,-1.4514620829658165,0.8337506972222263,0.11652747432844503,0.2212605257367637,-1.559471120651745,-1.0278715991847933,-1.371226286883085,-0.3512571159041082,0.04076279313859927,-0.7394960564775577,0.3157206697169107,0.25800817355229533,0.5247907017377804,-0.5732082433983345,-0.6527118056051509
06073008343,4086,0.14464748060697916,53.57074915336756,Moderate,1.0,53.57074915336756,53.57074915336756,-0.4209415485245014,44.22772112402216,1.0,0.8038024963665922,68.27150649728779,1.0,0.45626538379117065,56.45651014489256,1.0,-0.639053737387514,39.83218603577998,1.0,0.4921373681782116,57.23241583919479,1.0,0.6154886245538321,59.47648147842725,1.0,-0.295166222728937,46.9431906640291,1.0,1121,91336.0,6.2,2.2,77.3,448,91.1,0.0,3956,298,17.2,8.8,52.58249641319943,4.178272980501393,27.17872968980798,19.832869080779943,22.868217054263564,5.327004219409283,15.173764072442488,10.75295582,10.083565459610028,11.683357176919408,98.49582172701948,5.0,12.236906510034265,-1.890788621615263,-0.5377370966627495,-0.03494540846410708,0.7797049326441142,1.621156830068108,0.37992380092676636,0.7277640988186236,0.4863652556528707,0.03642434432793483,0.7317588072312339,-0.24628458126224834,1.3031629648677623,0.20358577686149837,0.3834981138901869,-1.735032157033539,-1.4082666832682027,0.1999433076099733,0.1387965363019854,0.49065990759493133,1.1391497212059563,-0.8854129285302111,1.8844650280930035,0.8474137740987039,-0.30267462612805834,-0.28765781932981566
06073008344,3350,0.6241977552848244,65.27039650453705,High,1.0,65.27039650453705,65.27039650453705,0.7966887570763975,60.80366569976231,1.0,0.33681571598093085,57.6610611950135,1.0,0.8447472110906928,61.990852867349574,1.0,0.7595605682121042,62.04363939374398,1.0,0.0975753953254016,51.58983864069257,1.0,1.3012942407545245,70.00569056555526,1.0,0.2327023985537196,52.41583258356428,1.0,222,193359.0,4.7,4.7,76.2,148,85.7,0.0,3187,383,13.2,9.1,45.96774193548387,0.0,8.328340323547035,77.71236333052985,24.31761786600496,6.451612903225806,11.940298507462687,44.03235843,0.6728343145500421,9.28449744463373,98.99074852817492,8.0,23.880597014925375,0.6132843663505415,1.9102089844941206,0.3705144271277416,0.29274725033318655,1.5684502472319004,-0.9592026476200468,0.25165000865899917,0.4863652556528707,0.5468689871011175,0.3861226634380632,1.2601872958672122,1.1858098979563787,0.6160623955419194,1.015882317553658,0.5350140393455673,0.8712835204072714,0.11328497607833783,-0.0320858594072292,0.5954631887135483,-0.2863607240830506,0.8716970855857917,2.0679674898878733,0.9642181467899087,0.103125799777356,0.36227899733008323
06073008345,4138,0.31427155664267276,57.709088711652164,Moderate,1.0,57.709088711652164,57.709088711652164,0.024160206478550578,50.287016780148456,1.0,0.3502129706897221,57.96546132850523,1.0,0.5006281634088111,57.088505798927514,1.0,-0.30995698430909124,45.05858558853226,1.0,0.3981013037933946,55.887618851035484,1.0,1.1309732288490169,67.39074326282056,1.0,0.10578200758830508,51.0999940888393,1.0,314,92846.0,9.0,0.9,75.6,202,83.9,0.0,3849,524,12.4,10.8,75.33960292580983,2.335456475583864,14.510575504181014,43.47133757961784,3.225806451612903,5.421686746987952,13.291445142580956,48.03982576,4.140127388535031,5.042016806722689,99.52229299363056,8.0,19.33301111648139,0.3570277313195581,-0.5015060646155947,-0.7918037682355579,1.0329229274457967,1.539701202048514,-0.7181598868816204,0.09294531193912442,0.4863652556528707,0.10744850138480161,-0.18722670450119636,1.5614816712931041,0.520809185458535,-1.2154803996526604,0.6624095333686547,-0.20947771539970653,-0.47727935555265283,1.3743448370529685,0.12440968567805201,0.5516697423981063,-0.45801904995554865,0.22430685752979201,2.078948418860562,1.0896644101566966,0.103125799777356,0.10843821539925415
06073013414,7406,0.45811526244122786,61.21846138933237,High,1.0,61.21846138933237,61.21846138933237,0.3623853235195643,54.891370637313926,1.0,0.6213708511261371,64.12646198097585,1.0,-0.33026457124643893,45.25154243014615,1.0,1.212979769685327,69.24440904468078,1.0,0.7986444077325051,61.61573139306003,1.0,0.2527299684070757,53.907029073101626,1.0,0.28896108786442515,52.99909070698096,1.0,399,145961.0,5.6,4.0,40.8,702,89.8,0.0,6890,592,14.3,11.6,14.107883817427386,6.066693451185215,6.262763784887679,90.3173965447971,11.596638655462185,2.12347620920173,8.37159060221442,14.37461108,1.6472478907191643,46.060254924681345,98.35275210928084,12.0,16.203078584931138,0.12026888373658438,0.772938483188794,0.12723852577263253,0.4290954013802463,-0.12774341858788218,1.513717527363068,0.6131440400764918,0.4863652556528707,-1.9110978688014775,-0.4637356195357329,0.8459075296566101,0.2078676736948445,2.6027493681946634,0.09768450594543235,0.7837597853250132,1.3677254192761992,0.8738605359262697,0.6255672228380955,0.711132364805826,0.9840175073598294,0.6897609717827619,-0.7452199345930829,0.8136488680315481,0.6441930343179084,-0.06627085858905812
06073013415,1561,0.4815188484519277,61.78944157125781,High,1.0,61.78944157125781,61.78944157125781,0.8497663744686353,61.52622626684009,1.0,-0.4472795985245898,39.845566633348106,1.0,1.2231894896470663,67.38217138733711,1.0,0.7515918150457881,61.91708728529913,1.0,0.7601086853725288,61.06463726013068,1.0,0.46883752715028953,57.22493959696385,1.0,-0.23558235399622385,47.560922358257095,1.0,35,154688.0,1.4,6.1,39.7,141,92.9,20.0,1505,198,13.0,10.2,37.62376237623762,8.538899430740038,3.2030749519538757,80.83491461100569,11.71875,2.9465930018416207,14.734144778987828,10.06845053,0.0,46.68769716088328,100.0,3.0,19.218449711723256,1.1341538310330836,0.9823346531725821,1.2625260654298085,0.02005094823906713,-0.18045000142408985,-0.9904489314194724,0.8864687955384996,-1.5046882567932967,1.663342184948313,1.138389564634964,1.3355108897236851,0.7555153192813038,1.1363684003273085,-0.27648540036960256,1.1522208745021172,0.9942633857233294,0.8665596117836801,0.5004960122927063,0.5049088746772155,1.1684702427365135,0.9973242970865002,-0.7932165695890894,1.2024048539534578,-0.5732082433983345,0.10204353540588683
06073013416,4115,0.0722669876907942,51.80487331732082,Moderate,1.0,51.80487331732082,51.80487331732082,0.13780415621700404,51.83408390189127,1.0,0.07922665523659148,51.80835881822489,1.0,0.04686681654814103,50.624185897048456,1.0,0.17254947075951685,52.721291152721555,1.0,0.3804147541170547,55.634685905667425,1.0,-0.01341985930020051,49.82081700625128,1.0,-0.2975730797425482,46.91823773813817,1.0,209,121439.0,3.3,11.5,34.2,420,89.6,5.785123966942149,3873,488,15.8,12.5,76.92307692307693,3.1353135313531353,9.722222222222223,83.41584158415841,40.040650406504064,1.6233766233766231,12.393681652490889,12.45799627,0.0,57.45511319281811,97.35973597359737,5.0,12.15066828675577,0.6494945430397021,0.1845561203673835,0.7489436070134671,-1.0317776455525367,-0.4439829156051294,0.2549386657290638,0.5955101848853943,-0.08955931406296283,0.09151784933466327,-0.040839631835853506,0.28098057573306234,-0.14419152703930796,-1.3142211771617107,0.5413506725384175,0.36715669482022584,1.0959116928411348,-0.8267805706907708,0.7015565127562254,0.5807681068430443,1.06611496755972,0.9973242970865002,-1.6168776292321898,0.5792937542450881,-0.30267462612805834,-0.292471533357038
06073020308,6685,-0.6892805836536254,33.225303048375,Low,1.0,33.225303048375,33.225303048375,-0.7323118206507406,39.98894984052441,1.0,-0.2944675062320806,43.31762283471792,1.0,-1.3310146570590433,30.99477785272616,1.0,-0.26038630720150624,45.845819623025974,1.0,-0.37706191395828803,44.802114928854586,1.0,-0.8548639254324636,36.902082749579534,1.0,-0.9748579550412555,39.89653299838602,1.0,930,52859.0,4.1,9.5,19.4,333,87.2,7.650273224043716,5901,1383,17.2,15.0,63.33661417322835,5.427135678391959,10.037397157816006,27.705192629815745,56.72955974842767,1.6474464579901154,46.52206432311144,33.988799,10.586264656616414,42.58111556689756,90.21775544388608,0.0,0.0,-1.3587775641052868,-1.4609565801583622,0.5326983613644812,-0.6422114997037947,-1.1531260301286543,-0.133408004349512,0.3839039225922284,-0.2752399130423846,-1.2546222489020267,-2.701018046771056,-0.24628458126224834,-1.1221337513008423,-0.46700935187557435,0.19448197100625103,0.3292019528869237,-1.0982198008236255,-1.824594996443876,0.6978991419193582,-0.525403092841627,0.1438512915329926,-0.9792736264433236,-0.4790807233302229,-1.1062374265238444,-0.979008669303749,-0.9707072407787621
06073013418,5435,-0.22995203491432623,44.431598451259354,Moderate,1.0,44.431598451259354,44.431598451259354,-0.9294589589675869,37.30513027478757,1.0,-0.039955580638390414,49.100409368970894,1.0,-0.17180331408761015,47.50899398571711,1.0,-0.010618397304922395,49.81239443837916,1.0,0.5273476813456657,57.73595374679978,1.0,-0.24828700988834698,46.21488949877387,1.0,-0.7368886648590927,42.363663379897346,1.0,637,90395.0,18.8,2.1,41.5,171,86.3,0.0,5212,492,15.2,13.0,82.76450511945393,3.547459252157239,7.966881324747011,70.27804410354746,22.668810289389068,5.052344105598543,10.855565777368904,11.98506534,1.8696069031639504,64.4803229061554,98.13039309683606,2.0,3.679852805887765,-0.5426558894957421,-0.5603155080245857,-3.414047678286571,0.7991832399365513,-0.09420286587393155,-0.8565362865647911,0.30455157423229035,0.4863652556528707,-0.7972797796293051,-0.057104862132002714,0.506951357302482,-0.3397799718916148,-1.67847544522612,0.4789721624074843,0.5785425102662585,0.5784871833326876,0.21186565331321838,0.18053067807871925,0.6306216114541021,1.086372782536623,0.6482435549664526,-2.154275985489686,0.7611714008581923,-0.7084750520334727,-0.7653022776847127
06073018517,3804,0.05503041644149609,51.3843505571252,Moderate,1.0,51.3843505571252,51.3843505571252,0.530677377859011,57.18237781119619,1.0,0.04233566758449819,50.97015563331642,1.0,-0.03271003488137611,49.4905278012595,1.0,0.1595506850814546,52.51485688371508,1.0,0.32879194960193947,54.89643518785588,1.0,0.04942130079152596,50.785620586526775,1.0,-0.6928540309465804,42.82018944290794,1.0,228,93265.0,2.5,0.8,33.9,352,85.0,0.0,3611,572,16.2,12.5,58.39909808342728,1.9933554817275747,10.379346680716544,50.3875968992248,4.38871473354232,5.345911949685535,25.76235541535226,43.72121966,2.990033222591362,46.61333333333334,97.00996677740864,2.0,5.257623554153523,0.5965719771093904,-0.49145255307403324,0.965188852662453,1.0524012347382339,-0.45835743819682273,-0.048596662608213825,0.18993151549015866,0.4863652556528707,0.2654274675486735,-0.3824094680549868,0.13033338802011682,-0.14419152703930796,-0.15912038210920562,0.7141867306896232,0.28802289824079746,-0.20488650649539666,1.304815628417266,0.13592353852638167,0.1474618456826626,-0.27303321421855264,0.4390448991342238,-0.7875280563174517,0.4967470595578058,-0.7084750520334727,-0.677233009859688
06073018518,3308,-0.03487272453920601,49.190972509446475,Moderate,1.0,49.190972509446475,49.190972509446475,0.28490649838030724,53.83662955096424,1.0,-0.21501263740834275,45.12292348789148,1.0,-0.1348474519047934,48.03547011034135,1.0,0.23388227859533578,53.69532008629107,1.0,0.37586496014363857,55.569619919843554,1.0,-0.27005319418252244,45.880712145820745,1.0,-0.5188495253980651,44.62416928345786,1.0,112,105990.0,6.3,3.8,13.1,301,90.4,2.824858757062147,3124,338,18.8,14.3,54.42622950819672,10.6312292358804,4.29053018694453,66.22369878183831,10.423452768729645,1.8478260869565215,41.71704957678356,31.2383323,6.312292358803987,34.97536945812808,91.80509413067551,3.0,9.068923821039904,0.919678169104978,-0.18612812737863932,-0.06197606417023023,0.4680520159651206,-1.4549910045542087,-0.27624815886117204,0.6660456056497842,0.2051430081322256,0.5886869487327308,0.5691065042697417,-0.8488733321140332,-0.8483099285076129,0.08861600809143938,-0.5931608123878607,1.0212647668080546,0.41880915186970996,0.9440042330300104,0.6674517947293116,-0.3696626647719543,0.26166647758718675,-0.18126554303497222,0.10272617265536498,-0.7316202121679601,-0.5732082433983345,-0.46449080739779564
06073018519,6007,-0.12187345870818622,47.06840483965689,Moderate,1.0,47.06840483965689,47.06840483965689,-0.5690923484421232,42.2109025240004,1.0,0.13461358718188063,53.066809884828835,1.0,-0.5875024500350168,41.586911339651905,1.0,-0.3189222355212062,44.916208052178554,1.0,0.200115136079303,53.056245549941615,1.0,0.12158340601193048,51.893529119329784,1.0,0.16609069376792843,51.725240278500515,1.0,431,82363.0,7.5,12.2,17.2,371,97.3,0.0,4892,531,18.2,14.5,55.21367521367522,18.135469774217043,9.925062447960032,57.39257101238165,28.044871794871796,1.3649425287356325,27.967371400033297,35.17112632,3.3503277494537507,37.2982158028887,95.19300801165332,10.0,16.6472448809722,0.03113614111711192,-0.7530358056422992,-0.3863439326437092,-1.1681257965995964,-1.2585391958010703,0.03621467913308434,1.2744136097426377,0.4863652556528707,-0.5848710856274605,-0.2156908575194575,-0.6229025505446135,-0.9265453064485354,0.03951321174662906,-1.7289322660676743,0.34272978914935764,0.07100032308686274,-0.10956408268703229,0.7408251382440927,0.0759927344552436,0.0932067543049081,0.3717730674962098,-0.07496159161780946,0.06793874215739107,0.3736594170476322,-0.04147802951177536
06073018601,4749,-0.06998192618528006,48.33440897538092,Moderate,1.0,48.33440897538092,48.33440897538092,0.1157107086025329,51.5333195718151,1.0,-0.21536337160197297,45.114954427238246,1.0,-0.1076471542701415,48.42296769371463,1.0,-0.1485695595370757,47.62158615526014,1.0,0.058887247379413935,51.03656469015465,1.0,0.5291617872283189,58.15110108118533,1.0,-0.722053141098036,42.517469660398994,1.0,539,112111.0,6.1,2.2,32.9,276,77.7,0.0,4469,630,16.0,11.4,90.2439024390244,1.4685314685314683,10.6491302503182,68.32167832167832,18.06930693069307,7.203114860480207,18.31964624131396,48.87367766,0.0,40.654205607476634,98.8111888111888,2.0,4.211412929037692,-0.26968686522360763,-0.0392604802523913,-0.007914752757983695,0.7797049326441142,-0.5062725135024663,-0.38784202957340647,-0.45370419898488984,0.4863652556528707,-0.30409334324377224,-0.6182553073491504,0.2056569818765896,0.28610305163576694,-2.1448686464457785,0.7936191701681611,0.25553438279846147,0.5014368553308531,0.48686569726922047,-0.14627531631235394,0.38869538479898774,-0.4937367762381985,0.9973242970865002,-0.3316803912258184,0.9218414558242748,-0.7084750520334727,-0.7356312301625991
06073008303,3055,0.5281227540567218,62.92644281920741,High,1.0,62.92644281920741,62.92644281920741,1.218238401374493,66.54233983399375,1.0,-0.4890623345323064,38.89621762902915,1.0,0.9930338289563407,64.10335570983074,1.0,0.6602730501809223,60.46685009096895,1.0,-0.11883382654749836,48.494999743632505,1.0,0.6591795766131191,60.14727092456282,1.0,0.7740305823519826,58.028015599258055,1.0,185,230511.0,4.6,1.0,80.7,47,50.9,0.0,3015,221,11.6,11.1,55.793991416309005,0.0,7.266775777414075,79.94034302759135,4.912280701754386,19.748653500897667,19.639934533551553,38.3322962,1.7897091722595078,31.403508771929825,98.88143176733782,11.0,36.00654664484452,0.7163441000043065,2.7456198025064404,0.39754508283386497,1.0134446201533596,1.7840680861072964,-1.4100418852974739,-2.8166407945919185,0.4863652556528707,0.661038660127109,1.044864490432106,1.8627760467189964,0.4034561185471513,0.0033264015128932293,1.015882317553658,0.6628522772375219,0.9590312044196159,1.2735121043096098,-2.052548786531099,0.34590212095612405,-0.0422007449246281,0.6631615353989333,0.3759581671251586,0.9384190273152654,0.5089262256827704,1.039134939021195
06073006200,28,0.16595729952698685,54.090647440671965,Moderate,0.7142857142857143,54.090647440671965,54.090647440671965,1.4362990067943329,69.51086032249114,0.5,-0.49960168067132177,38.65675227277772,0.5,1.1897421936491193,66.90567857304292,1.0,,,0.25,-3.4009203443761686,1.558326107523584,0.5,,,0.3333333333333333,2.1042673222389725,71.81915425023917,1.0,0,,0.0,,,0,,0.0,0,0,16.2,11.8,,,0.0,,,,19928.571428571428,87.11885501,,0.0,,4.0,1428.5714285714284,1.2316427682731317,,1.640955245315534,,,-1.4855686169955142,,0.4863652556528707,2.599400748327692,1.8996023424947468,0.13033338802011682,0.12963229575392132,,,1.3406981353337855,,,,-4.669886411038515,-2.131954277713822,,2.078948418860562,,-0.43794143476319647,4.6464760792411415
06073012200,3306,-0.34818882256779426,41.54696092204516,Moderate,1.0,41.54696092204516,41.54696092204516,-0.8341940788681314,38.60199794084309,1.0,-0.01179483371396213,49.74025203146783,1.0,-0.4139407176695929,44.0594854548705,1.0,-0.26734809910007906,45.73525910936334,1.0,-0.6167722558896557,41.37404987776138,1.0,-0.07868306796097402,48.81882758905605,1.0,-0.2145887047721648,47.77857258438425,1.0,615,62179.0,8.6,11.0,16.9,409,91.9,2.6595744680851063,2778,410,19.0,16.8,66.37426900584795,17.97872340425532,3.760994843797392,60.85106382978723,37.5,9.961685823754788,38.71748336358137,59.62663348,2.4468085106382977,31.66441136671177,90.1063829787234,5.0,15.124016938898972,-0.48137712894485474,-1.2373319320262544,-0.6836811454110648,-0.9343861090903512,-1.2729137183927635,0.20583736261568067,0.7982995195830135,0.22159750133822081,0.8183538491222252,0.27633235893905606,-0.9241969259705058,-1.826252152769147,-0.6564285658914952,-1.705208605883679,1.0850337250085131,0.20721105036634502,-0.6748774370308067,-0.5654355288571314,-0.2724405435652614,-0.9543355141054232,0.5404722554761445,0.3560002397037254,-1.132521699062792,-0.30267462612805834,-0.12650278341627125
06073020706,5974,0.18572785176053422,54.57299204828536,Moderate,1.0,54.57299204828536,54.57299204828536,0.7333539044953661,59.94147049875033,1.0,0.2923449905625112,56.65063816073634,1.0,-0.1540104031961078,47.76247319628463,1.0,0.35081573733933635,55.55234532511434,1.0,0.6618400011707702,59.65931015069201,1.0,0.047554141798677896,50.756953997962626,1.0,-0.6318034098468144,43.453127592238346,1.0,458,173981.0,4.8,0.1,49.3,389,86.1,0.0,5758,566,14.6,11.7,74.90636704119851,1.334604385128694,8.370044052863436,87.27359389895139,1.782178217821782,9.451877427708244,8.87177770338132,14.47417548,4.051477597712107,42.87974683544304,96.61582459485224,3.0,5.021760964178105,-0.044069610468067975,1.4452520712426202,0.3434837714216184,1.1887493857852935,0.2795347215100881,0.11656226604589313,0.2869177190411929,0.4863652556528707,-1.1597021137699524,-0.358011622610763,0.7329221388719009,0.16874998472438327,-1.1884650851194423,0.8138891171969623,0.5299918941648973,1.247847023114928,1.4606580314977784,-0.4879710015751079,0.6949202702830788,0.9797527044773316,0.24085896520380815,-0.5019247321772126,0.40372819236943813,-0.5732082433983345,-0.6903985762952943
06073017801,6941,0.05085101360277182,51.282385149255504,Moderate,1.0,51.282385149255504,51.282385149255504,-0.37579014275025713,44.84237993810389,1.0,-0.008771597592536429,49.8089432296978,1.0,-0.4796368433383005,43.12357327201334,1.0,0.017750127102094757,50.26291618277858,1.0,0.12034060583369209,51.91540082501666,1.0,-0.31562053155278685,45.18111445898172,1.0,1.3976854775174967,64.49371517865877,1.0,659,111118.0,11.4,3.1,54.6,617,84.6,23.544303797468356,6642,783,15.3,10.6,58.93635571054926,2.73109243697479,16.5513179207775,58.543417366946784,21.25237191650854,1.0737790093522688,61.23037026365078,27.96515246,6.372549019607843,41.48148148148148,93.38235294117648,22.0,31.69572107765452,-0.6039346500466294,-0.0630865827840633,-1.4405395051825158,0.6044001670121802,0.5334846206299992,1.134298366941471,0.1546638051079637,-1.8575331830495796,-1.746481130950048,-1.2404003661768574,0.46928956037424496,0.5990445633994582,-0.19262218631707267,0.6025297855512183,-0.4552328279639012,0.11632573713813461,0.29655319116807627,0.785066944706502,-1.002129593027689,0.4018718804878791,-0.19251627164294283,-0.39496344084320767,-0.3593818821722101,1.9968611206692897,0.7985098343657039
06073007702,3368,0.09466313100366634,52.35127479516979,Moderate,1.0,52.35127479516979,52.35127479516979,0.7107128067991189,59.633250853739355,1.0,0.6070201361018965,63.80039819671309,1.0,0.4930476581957072,56.98051332434943,1.0,-0.7486401956594035,38.09183882438277,1.0,0.03795790226136775,50.73725696749501,1.0,0.3869017724010088,55.96697571756868,1.0,-0.8243581630740311,41.456829324391975,1.0,232,122898.0,1.2,2.5,70.5,955,60.2,0.0,3092,348,18.0,8.6,51.30490133672821,2.5150355385456535,31.30434782608696,12.903225806451612,16.666666666666664,19.391802556192157,23.15914489311164,5.886745488,2.679059595407326,30.03606388459557,95.68069983597594,1.0,2.969121140142518,0.5854303842819564,0.21956345530566088,1.316587376842055,0.721270010766803,1.2953343179897319,2.6430474989708808,-1.996666528205897,0.4863652556528707,0.6099278181329152,0.5284434285293688,-0.5475789566881407,1.3813983428086856,0.2832528452252509,0.6352301309562983,-2.2318571072244966,-1.681186651594667,0.5707282589809,-1.9983258864060252,0.2318372623031979,1.3475919741673983,0.4971078557768517,0.4805618251954675,0.18303563623070734,-0.8437418606686108,-0.8049744654794513
06073013401,4692,0.09636335900753468,52.39275546802564,Moderate,1.0,52.39275546802564,52.39275546802564,0.12138566399970396,51.61057433929305,1.0,-0.6791074434441086,34.578186974268135,1.0,0.027787138142636385,50.35237529508454,1.0,1.0121280034694708,66.05467359059105,1.0,0.27830529165487794,54.174432347843364,1.0,0.50755375630334,57.81935186508727,1.0,-0.5935088970731778,43.85014334093722,1.0,299,136190.0,7.6,6.4,29.8,193,81.8,17.050691244239633,4530,521,14.8,12.2,25.688073394495415,6.350364963503649,4.305200341005968,83.35766423357664,19.880715705765407,0.7246376811594203,15.984654731457802,50.60360921,1.6788321167883211,24.857468643101484,94.74452554744526,3.0,6.3938618925831205,0.3988087044224358,0.5384925135644566,-0.4133745883498324,-0.038383973638244334,-0.6548092469499612,-0.7583336803380248,-0.09221016756739721,-1.211076678921051,-0.3445837505378739,-0.17502778177908446,0.6575985450154275,-0.02683846012792359,1.8806428324919373,0.05475064684703074,1.0194981227997846,1.093620411739131,0.3785632450435073,0.8381183815851674,0.4643772705958967,-0.5678377306050595,0.6838637721859642,0.8767021091244125,-0.0379046124003568,-0.5732082433983345,-0.613809550748021
06073013409,5895,-0.06525982800524784,48.449614588600696,Moderate,1.0,48.449614588600696,48.449614588600696,0.09844979613204419,51.29834190484883,1.0,0.14232276637295746,53.241970783526654,1.0,-0.3489169578421819,44.985819060972915,1.0,0.017245393866991116,50.254900492773956,1.0,-0.24694290017896842,46.66292927681173,1.0,-0.06393968513917551,49.04518350786915,1.0,-0.0550372092484018,49.432711829498274,1.0,348,111349.0,3.5,8.8,30.4,602,94.7,14.098360655737704,5630,629,15.8,12.1,66.88632619439868,5.367088607594937,11.701400751622822,66.37974683544304,25.28925619834711,5.502392344497608,44.10517387616624,53.87678905,2.0759493670886076,38.45841784989858,92.20253164556962,8.0,13.570822731128075,0.2623241922863686,-0.05754395470267736,0.6948822956012205,-0.505863348656735,-0.6260602017665752,1.0673420445141304,1.0451734922583744,-0.9171642695140997,-1.0747386361692146,-0.6141889997751131,0.28098057573306234,0.012279228842537642,-0.6883589449276268,0.20357013236514396,0.12881537436652563,0.4249550136639217,0.055191620499360196,0.11214660604150561,-0.4470666937509878,-0.7080431335057517,0.6097166430708015,-0.16371206291064544,-0.6378236355776826,0.103125799777356,-0.2132002182741596
06073015601,6110,-0.41802623094984737,39.8431290338484,Low,1.0,39.8431290338484,39.8431290338484,-1.300637533531278,32.25217171144625,1.0,-0.2496752732484514,44.33535086900409,1.0,-1.2246783972828106,32.509652588352225,1.0,-0.20496769250364977,46.72592500347015,1.0,0.2729751390306417,54.098206558914455,1.0,0.07578828186791738,51.19043421037501,1.0,-0.2949881409813016,46.94503691439884,1.0,1086,64757.0,18.3,0.7,19.9,321,84.0,2.719033232628399,5996,839,19.8,14.4,68.54166666666667,4.094412331406551,13.270533796066768,46.33911368015414,28.16399286987522,0.9541984732824428,25.204582651391163,31.74859988,5.491329479768786,45.42936288088642,98.94026974951832,6.0,9.819967266775777,-1.793299684375215,-1.175475242875549,-3.30565474890502,1.0718795420306708,-1.1291684924758327,-0.18697306229138452,0.10176223953467253,0.21567822223873923,-1.3176810799338243,-1.4681135903229463,-1.2254913013963982,-0.8874276174780741,-0.7915811042785449,0.39619047507482624,-0.06014647835404162,-0.36433366245683874,-0.1166862213849188,0.8032370057934017,0.16554041018473672,0.239809361529347,-0.027980737238826915,-0.6969594041397843,0.9523049869823633,-0.16740781749292022,-0.422568464469683
06073015701,6513,-0.8216782070344197,29.995181858831646,Low,1.0,29.995181858831646,29.995181858831646,-1.5640322846560097,28.666504718680493,1.0,0.03482136659261456,50.79942257831782,1.0,-1.7604455766787268,24.877071134458415,1.0,-1.7786383972883388,21.734393513926236,1.0,-0.4686557947431323,43.49224327674864,1.0,0.3181202400639349,54.91096929504593,1.0,-0.5329170025312806,44.478325673973615,1.0,2046,45285.0,5.9,12.4,19.7,523,100.0,14.244186046511627,6053,750,22.3,18.3,72.00832466181062,25.975139305615087,25.605199025182777,13.80197171024432,46.05263157894737,1.685630004214075,59.26608321817903,47.66645924,5.01500214316331,21.97620621282221,94.04200600085728,4.0,6.141563027790573,-3.4525056882366933,-1.6426875978571374,0.0461465586542626,-1.207082411184471,-1.1387515075369614,0.7147054130634697,1.4950131381832623,-0.9316815773393122,-1.355516378552903,-1.1062122162336265,-2.167036224602311,-2.4130174873260675,-1.0077516927373704,-2.915471105615446,-1.545540723688847,-1.6457900671116918,-1.1862313543408758,0.6920972163702147,-0.9384630027123785,-0.44202603828948966,0.06095597981806565,1.097106304466648,-0.20370156409290902,-0.43794143476319647,-0.6278925702993646
06073000700,4341,-0.04419390666339,48.96356247653129,Moderate,1.0,48.96356247653129,48.96356247653129,0.3574004964339302,54.823510781074276,1.0,0.43382723564578524,59.86526796558711,0.75,0.27950529469483687,53.93837198766826,1.0,-0.036508428184831465,49.401233755249436,1.0,-0.5780830345353188,41.92733917896635,1.0,-0.18641884214381968,47.164754677231386,1.0,-0.5790800685543123,43.999733236260525,1.0,392,105633.0,4.4,0.9,61.9,815,64.7,,4084,550,15.3,9.6,36.50621957815035,3.4653465346534658,18.816067653276956,27.265803503427264,41.32231404958678,2.8127313101406366,65.88343699608386,55.48226509,10.891089108910892,26.299422478898265,93.67859862909368,3.0,6.91085003455425,0.139766671184594,-0.19469400714078122,0.45160639424611126,1.0329229274457967,0.8832646703611972,2.018121822982368,-1.5999047864062095,,-0.048539133272802994,-0.2929507014261662,0.46928956037424496,0.9902214531040718,1.206055079725406,0.49139997306312894,-0.7279638796212573,-1.1155248859066034,-0.9034100523321282,0.5208360709288571,-1.15294507289686,-0.7768130838411441,-1.0361884494701414,0.7663988366562275,-0.2894669136175452,-0.5732082433983345,-0.5849518937102901
06073003305,6200,-0.7006250906157497,32.948529709189856,Low,1.0,32.948529709189856,32.948529709189856,-1.6150040669536836,27.972611478337747,1.0,-0.151909871349217,46.556686660244274,1.0,-1.8445764255825594,23.678536431814344,1.0,-0.540867306827346,41.39148892152957,1.0,-0.4132941584047063,44.28396252079121,1.0,-0.8282971896431867,37.309963217863604,1.0,0.48957338445045073,55.07892500590783,1.0,1393,49813.0,6.5,17.3,5.8,438,91.6,5.0884955752212395,5108,1137,21.2,17.8,71.34615384615385,18.022905364677516,1.6896831844029243,34.77998794454491,39.46540880503145,2.8119507908611596,32.74193548387097,67.76602365,11.754068716094032,33.16326530612245,88.42676311030742,13.0,20.96774193548387,-2.648416933880779,-1.5340424898375897,-0.11603737558247677,-2.161519468513889,-1.6945663810824265,0.3352862526418726,0.7718487367963666,-0.020208093752680758,-0.7282469540787057,-2.6798732473860625,-1.752756458391709,-2.2174290424737606,-0.9664606697748241,-1.711895572960332,1.334470119268881,-0.8195831038431083,-0.7923874083526661,0.5209546695190099,-0.07876072490328125,-1.3029831698818877,-1.1973183432462882,0.24134435380466504,-1.528917579487937,0.7794598429530466,0.1996869259478549
06073012303,3418,-0.5776480748301239,35.94881517030774,Low,1.0,35.94881517030774,35.94881517030774,-0.12400861160722831,48.269952893724614,1.0,-0.026379984120185967,49.408861621480476,1.0,0.16124538299976457,52.25363196727236,1.0,-1.0234727469574947,33.72721137136191,1.0,-0.34436096408126665,45.26976677277488,1.0,-2.159564403541666,16.870948845788966,1.0,-0.526995196502791,44.539719593983705,1.0,381,71583.0,5.3,5.5,32.9,234,88.4,0.0,2950,410,15.6,13.9,72.83621837549934,14.321608040201006,21.620011911852295,34.84087102177554,30.844155844155846,11.160714285714286,30.71971913399649,45.2769135,19.01172529313233,42.070484581497794,78.64321608040201,3.0,8.777062609713282,0.17040605146003765,-1.0116917827736427,0.2083304928910022,0.1369207919936897,-0.5062725135024663,-0.5753197323699604,0.489707053738812,0.4863652556528707,0.7041841760962337,0.27633235893905606,0.3563041695895358,-0.6918391726257672,-1.0593767078153353,-1.1517019302797773,-1.0656270904634917,-0.8171852592713741,-0.27693068220109285,-0.7476258845351975,-0.013216526476080081,-0.33967076311269606,-2.552420391531143,-0.44001964709117336,-3.486253172002682,-0.5732082433983345,-0.4807821496072476
06073004200,5678,1.0406353868173053,75.43027689655504,High,1.0,75.43027689655504,75.43027689655504,0.6062062646164208,58.210573836705215,1.0,0.6065353887045755,63.78938421096289,1.0,0.2844572255987251,54.008917585516556,1.0,0.4351722543617364,56.892014764917505,1.0,-0.06567196724596758,49.25526027496532,1.0,0.8353932852509449,62.85268910492803,1.0,4.5823552564347025,97.51056185090431,1.0,202,160127.0,6.0,3.0,65.5,469,87.5,0.0,5207,370,14.9,9.9,40.65934065934066,4.6888320545609545,10.868787987129066,62.14833759590793,13.997308209959622,6.009615384615385,15.49841493483621,72.55756067,0.8951406649616368,26.31352282515073,98.76385336743392,123.0,216.62557238464248,0.6689923304877118,1.1128383507252144,0.019115902948139453,0.6238784743046174,1.055758941461514,0.4736626523250433,0.410354705378874,0.4863652556528707,-0.7939608937855263,0.4389846619005481,0.6199367480871911,0.8728683861926875,0.9470786738269108,0.30622468178581286,0.22908223901170124,0.25830342282252067,0.7303267277027229,0.03507491923922075,0.4801373042416269,-1.508226820167441,0.8301895014790199,0.7653202207560714,0.9106701335177435,4.518234433628263,4.6464760792411415
06073003214,4398,-0.23037017983135355,44.421396918012,Moderate,1.0,44.421396918012,44.421396918012,-0.3957193046932418,44.57107863894245,1.0,-0.046370194641599596,48.95466239309281,1.0,-0.010717344476298664,49.80383740170253,1.0,0.14779029111929692,52.32808956629532,1.0,0.2483519187718315,53.746073229436476,1.0,-0.5810686698582078,41.10567546580097,1.0,-0.9748579550412555,39.89653299838602,1.0,378,75474.0,8.4,7.3,30.5,327,87.1,2.666666666666667,4058,554,16.1,11.8,65.10903426791276,3.783102143757881,7.785665216395694,58.764186633039095,22.485207100591715,3.5866261398176293,14.55206912232833,40.69695084,2.3959646910466583,36.495535714285715,85.24590163934425,0.0,0.0,0.1787622460806132,-0.9183308915845836,-0.6296198339988185,-0.2136887392701782,-0.6212686942360108,-0.16019053332044825,0.375086994996679,0.22089145399338173,-0.031280926885153125,-0.30921593172231543,0.16799518494835255,0.12963229575392132,-0.5775322518561556,0.4433074648041344,0.6003653453012638,0.12502060622794509,0.22284311784626937,0.4032440547678343,0.5108103218540192,-0.14348981938079702,0.5499654800920951,-0.013560013897370125,-2.2796114757693484,-0.979008669303749,-0.9707072407787621
06073003301,3548,-0.40527010445376177,40.15434182936055,Moderate,1.0,40.15434182936055,40.15434182936055,-1.3731103072169855,31.265579414639376,1.0,-0.9415986663493539,28.61410216513697,1.0,-0.05733623058097448,49.139701076881494,1.0,-0.3200567316451931,44.89819107091228,1.0,-0.6752514127083602,40.537747396640235,1.0,0.04236309738615499,50.67725562467893,1.0,0.4880995199383794,55.06364481612712,1.0,757,67414.0,7.6,25.3,17.5,248,84.4,26.446280991735534,2968,258,18.7,14.7,50.390015600624025,18.558736426456072,5.168475157053113,36.72260612043436,45.73804573804574,2.0309477756286265,52.42390078917701,71.35034225,6.515301085883514,45.68298969072165,99.40769990128332,10.0,28.18489289740699,-0.8769036743187638,-1.1117230229091317,-0.4133745883498324,-3.090439943290214,-1.2441646732093772,-0.512827164771109,0.13702994991686748,-2.146432777333797,0.69223618705863,0.8944111101927259,-0.811211535185796,-1.0047806843894578,0.34030242675976125,-1.792993936059701,0.915538800022867,-0.7430742173036996,-1.1674225584059141,0.6396267625052927,-0.7166937727140874,-1.4565160822187317,-0.2191700014459032,-0.7163607652763097,1.0626200588806778,0.3736594170476322,0.6025396228291267
06073003303,4406,-0.47517182698898297,38.44894086081604,Low,1.0,38.44894086081604,38.44894086081604,-0.8536567642400841,38.33704691873351,1.0,0.022852822495352948,50.527484296923696,1.0,-0.638271373025266,40.863653262353395,1.0,-0.8810794501415398,35.98856538300871,1.0,-0.2560954564222889,46.53203981274816,1.0,-0.007049570798934164,49.918620375005744,1.0,-0.7129029967901213,42.612333157281256,1.0,647,71563.0,5.5,16.4,19.8,318,93.5,0.0,4047,674,19.1,14.1,56.94143167028199,25.920679886685555,9.524913093858633,31.728045325779036,48.902195608782435,1.2587412587412588,23.15024965955515,52.68201618,1.9121813031161472,36.43044619422572,92.13881019830028,2.0,4.5392646391284615,-0.5705098715643272,-1.0121716639928102,0.15426918147875568,-1.9862147028819546,-1.133960000006397,-0.20036432677685265,0.9393703611117907,0.4863652556528707,-0.023979378028839718,-0.7971728406067916,-0.961858722898743,-0.7700745505666897,-0.06822459523098529,-2.9072286388277453,0.39091752159414456,-0.9397820881015733,-1.356604147303082,0.7569622423809841,0.23212557515029714,-0.6568654959173549,0.6402943421637626,-0.00858094529769235,-0.6528621092628727,-0.7084750520334727,-0.7173309415467698
06073003403,3416,-0.3974520148755724,40.34508072756286,Moderate,1.0,40.34508072756286,40.34508072756286,-0.24955415148373528,46.5608660706126,1.0,-0.366032695593845,41.69158424184212,1.0,-0.32750619407149284,45.29083848872905,1.0,-0.15997845782060344,47.44040095568384,1.0,-0.9830586826797445,36.13583742413088,1.0,-0.6171883259035332,40.55112851886392,1.0,-0.07884559657605283,49.185879998105776,1.0,485,75550.0,3.7,9.3,8.6,388,78.4,0.0,2893,422,19.1,15.5,59.60854092526691,11.911911911911911,5.727923627684964,43.74374374374375,48.54368932038835,8.683729433272395,34.83606557377049,85.88674549,4.804804804804805,29.68337730870713,84.48448448448448,6.0,17.56440281030445,-0.11927536205324787,-0.9165073429517466,0.640820984188974,-0.6032548851189206,-1.670608843429605,0.11209851121740376,-0.3919857058160493,0.4863652556528707,0.7420194747153123,0.2275366680506084,-0.961858722898743,-1.3177221961531491,-0.23453767772764167,-0.786992928673045,0.8481675723971404,-0.4665507972788673,-1.3351693885088571,-0.37125220735153297,-0.14663579581409988,-2.079177339044488,0.10020264859195126,0.5075408327824874,-2.4593084590850385,-0.16740781749292022,0.009716624340814542
06073008506,4027,0.15245589211815472,53.76125193457217,Moderate,1.0,53.76125193457217,53.76125193457217,0.2769577541575243,53.72842105526771,1.0,0.2011019136506929,54.577496655564566,1.0,0.18079226700138437,52.53209841697239,1.0,0.25230984601421397,53.987969069349816,1.0,0.16177984869060158,52.50801781032057,1.0,0.8321684810092754,62.80317851865768,1.0,-0.8379188656966093,41.3162396650742,1.0,423,121484.0,4.3,4.2,51.3,347,83.0,0.0,3760,462,16.0,11.4,44.02420574886536,5.412208936438011,11.6662503122658,54.12208936438011,33.33333333333333,1.9135802469135803,19.120933697541595,36.11698818,2.2026431718061676,20.46093310848791,97.86028949024544,1.0,2.4832381425378696,0.05341932677198004,0.18563585311051062,0.47863704995223466,0.39013878679537206,0.37536487212137526,-0.07091543675066071,0.0135929635791864,0.4863652556528707,0.16652466940406463,0.06488436508911634,0.2056569818765896,0.28610305163576694,0.7372555913347739,0.19674114264675616,0.13304834375580932,-0.057805693680483654,-0.42575629782846514,0.6574605608512508,0.3627240073885186,0.05269112435110199,0.5860612065734428,1.2130181859304134,0.69742605052397,-0.8437418606686108,-0.8320958707246079
06073008507,6606,-0.18095088980121776,45.62708544792927,Moderate,1.0,45.62708544792927,45.62708544792927,-0.3500542123023568,45.19273041373448,1.0,0.36907267607752664,58.39397425614966,1.0,-0.8489273859632456,37.86263110322355,1.0,-0.05362198667899701,49.12945260389121,1.0,-0.8884476471702794,37.48885699627181,1.0,0.27147866457954306,54.19487877489406,1.0,0.23384366284928454,52.4276645632906,1.0,699,88824.0,3.8,9.8,38.6,462,91.7,0.0,6011,986,17.0,11.7,60.859188544152744,5.5307035380235865,11.035111719106249,48.23098820658805,39.794419970631424,10.157106320789184,50.862851952770214,71.91039203,4.717364782431883,24.72095907399752,94.10329402196017,11.0,16.651528913109296,-0.7153505783209699,-0.5980101777902017,0.6137903284828509,-0.7006464215811061,-0.2331565842602978,0.44241636852561766,0.780665664391916,0.4863652556528707,-1.3276377374651607,-2.0658608037064297,-0.17096098740577556,0.16874998472438327,-0.3125243819562929,0.17880691130002346,0.2090528089661789,-0.2898232850258975,-0.8120586810849594,-0.5951293443010919,-0.6660969635772461,-1.4805055997178205,0.1165288762333222,0.887144504589222,-0.18923738708391508,0.5089262256827704,-0.041238899984201285
06073008509,6558,0.11819899578136908,52.92548219853103,Moderate,1.0,52.92548219853103,52.92548219853103,0.37177920101972595,55.01925213966954,1.0,0.4602264498250157,60.46508669673068,1.0,-0.8311587395674933,38.11576463987268,1.0,0.10333779337575877,51.62213755627902,1.0,0.2271871466561446,53.44339869725083,1.0,0.25877592532928256,53.99985296235227,1.0,0.2372451938311493,52.462929703689966,1.0,443,113818.0,4.1,1.3,47.5,460,91.1,0.0,6226,1046,16.2,11.3,62.76445698166432,1.6678752719361856,9.628042247053422,48.04205946337926,13.931297709923664,4.335761359694763,30.039646233607808,40.23646546,6.925308194343726,21.2428662016487,94.5612762871646,11.0,16.773406526379993,-0.0022886373651902553,0.0016973818035644845,0.5326983613644812,0.9550096982760483,0.19328758595992984,0.4334888588686389,0.7277640988186236,0.4863652556528707,-1.4703498287476502,-2.309839258148668,0.13033338802011682,0.3252207406062282,-0.43133131355607474,0.763448362047287,0.37849825866026354,-0.29726413364844073,0.7342734343351086,0.289414219621693,0.008826037431982948,-0.12376510476420616,-0.29572384035908506,1.1532036642129786,-0.08115204786604575,0.5089262256827704,-0.03443583802047174
06073008510,5814,-0.06384845315556514,48.484048075335096,Moderate,1.0,48.484048075335096,48.484048075335096,0.2346359755160397,53.152282752959444,1.0,0.11227247181003254,52.55919555268645,1.0,-0.33461868081184976,45.18951344219163,1.0,-0.2773990757444375,45.575639121176216,1.0,0.3108953403536382,54.640498209071964,1.0,0.019584003080072725,50.327527011937505,1.0,-0.5123092062924519,44.69197559559959,1.0,428,87143.0,3.7,1.6,45.7,448,76.9,0.0,5598,716,15.7,11.2,63.179237631792375,10.894064613072878,11.59596662030598,51.50262960180315,14.395886889460154,1.8436578171091444,20.123839009287927,48.11449907,9.053343350864012,17.059050559629487,91.84823441021788,4.0,6.879944960440317,0.03949233573768746,-0.6383441942612396,0.640820984188974,0.8965747763987368,0.10704045040977157,0.37992380092676636,-0.5242396197492785,0.4863652556528707,-1.0534977667690302,-0.9679577587163583,0.3186423726612994,0.3643384295766901,-0.45719581398995546,-0.6329411095288356,0.14151221283038848,-0.16097159228934746,0.7064960777749778,0.6680851563134185,0.3302177798719248,-0.4612176525457682,-0.6930566114557855,1.4732475832773462,-0.7214389625813425,-0.43794143476319647,-0.5866769778217075
06073008512,4137,0.3975868706957633,59.74174273114558,Moderate,1.0,59.74174273114558,59.74174273114558,0.4419627987298424,55.97468123864784,1.0,0.019093299816726472,50.442063870865205,1.0,0.4889865940927966,56.92265908514445,1.0,0.7756655251550242,62.29940290090782,1.0,0.44094992462172367,56.500391159337454,1.0,0.24034492159792067,53.71688080903536,1.0,0.3761050308563095,53.90254959092095,1.0,345,123933.0,3.6,3.2,53.8,242,78.7,0.0,4017,238,14.9,11.2,41.74454828660436,0.9566326530612244,8.266276517922458,76.14795918367348,22.779043280182233,0.5076142131979695,7.735073724921441,38.38207841,3.6989795918367343,15.728900255754477,89.98724489795919,10.0,24.1721053903795,0.2706803869069442,0.24439730839758486,0.6678516398950973,0.5849218597197432,0.49515256038548416,-0.5396096937420453,-0.3655349230294037,0.4863652556528707,-0.0040660629661667886,0.975737261673472,0.6199367480871911,0.3643384295766901,0.8794083205026971,0.8710953729648913,0.5424880338161032,0.809670373336405,0.20527492493464053,0.871094732082942,0.7317631882635351,-0.04433314679422302,0.3066750815641901,1.5749983659651228,-1.1606386827355508,0.3736594170476322,0.3785506446649867
06073017108,4328,0.3524200488799369,58.639802194101215,Moderate,1.0,58.639802194101215,58.639802194101215,0.7241061713934791,59.8155785012836,1.0,0.2600866521273921,55.91769378225648,1.0,0.48835723232813794,56.91369314785404,1.0,0.9022194878168996,64.30921177221394,1.0,0.5696446887277136,58.34083750610685,1.0,0.10102683225833824,51.57792297955271,1.0,-0.5785007224924027,44.00573956703393,1.0,321,170833.0,4.7,2.0,65.5,202,85.3,0.0,4306,371,14.0,10.2,43.57976653696498,0.0,6.644674835061264,83.27228327228327,15.27001862197393,0.6067961165048543,21.950092421441777,25.73739888,3.968253968253968,42.950819672131146,97.25274725274726,3.0,6.931608133086876,0.3375299438715485,1.369718767345638,0.3705144271277416,0.8186615472289885,1.055758941461514,-0.7181598868816204,0.21638229827680425,0.4863652556528707,-0.19589766473658266,0.43491835432651077,0.9588929204413199,0.7555153192813038,0.7649695123807099,1.015882317553658,0.7377683890754798,1.090257732257751,0.6542325514509583,0.8560242088938776,0.27102514401375105,0.4972968505522674,0.25639793560662727,-0.5073614987890664,0.5540440599574539,-0.5732082433983345,-0.5837932015864709
06073017303,3542,0.17037522947723407,54.198432223977086,Moderate,1.0,54.198432223977086,54.198432223977086,0.4859557060888634,56.57356908724564,1.0,0.11186649163913405,52.5499712436095,1.0,0.8179105709067436,61.6085359766737,1.0,-0.2656006402637012,45.76301057757282,1.0,-0.01886678700463377,49.92461480219458,1.0,0.5969322253541084,59.191584122000634,1.0,-0.5355709603798757,44.450810947033396,1.0,200,122122.0,1.4,7.2,76.9,91,78.0,0.0,3428,162,14.2,10.3,75.51020408163265,7.226277372262774,14.451686030036836,66.86131386861314,33.33333333333333,8.176943699731904,16.657255787690573,32.63223398,0.5109489051094891,38.84057971014493,99.48905109489051,3.0,8.46979107848673,0.6745631269014288,0.2009440640019575,1.2625260654298085,-0.19421043197774115,1.601990799945851,-1.2136366728439412,-0.42725341619824425,0.4863652556528707,0.3868986894309784,1.284776637300307,0.8835693265848471,0.7163976303108418,-1.2261185855647505,-0.07781923876767657,-0.2023859877865344,0.44392125106415653,-0.42575629782846514,-0.2942469685472597,0.44257688455174155,0.20195923380544814,0.9019232677689457,-0.1929458030979022,1.0818192113912817,-0.5732082433983345,-0.49793367736141686
06073008365,2573,0.9696166924398072,73.69762502785287,High,1.0,73.69762502785287,73.69762502785287,1.4541141859346625,69.75338337787063,1.0,0.23110599335658016,55.25922183481156,1.0,1.2016566500496404,67.07541285773422,1.0,0.8632807400792515,63.690823860886596,1.0,1.0248320403717859,64.85041001473682,1.0,0.6978374823120977,60.74078774968008,1.0,1.3144897549746326,63.631189200873294,1.0,79,215532.0,1.8,0.0,68.4,137,85.7,0.0,2541,163,12.3,9.7,56.71641791044776,0.0,4.245283018867925,92.78017241379312,0.0,2.8272251308900525,8.550330353672756,6.807716241,0.5387931034482759,32.402234636871505,98.70689655172411,13.0,50.524679362611735,1.011596309931309,2.442229298124295,1.1544034426053158,1.2082276930777307,1.1947126598478808,-1.00830395073343,0.25165000865899917,0.4863652556528707,0.9756690381173413,1.2807103297262696,1.5991434682213403,0.9511037641336106,-0.05419339949640885,1.015882317553658,1.0267136283564033,1.4647204139033538,1.567212815790265,0.5186337592730064,0.7053390411898137,1.3081425452340587,0.8967243816269485,0.2995599299091849,0.8972281354001602,0.7794598429530466,1.8495196669962186
06073014805,5131,0.006527937371450172,50.20102957757154,Moderate,1.0,50.20102957757154,50.20102957757154,-0.1594166672594021,47.78793305130988,1.0,0.32738787471137476,57.4468504329304,1.0,-0.11316951828322556,48.34429566084498,1.0,-0.03643328145862609,49.402427163609005,1.0,-0.4196729838056026,44.19273980487644,1.0,0.6896955616620651,60.61578442093815,1.0,-0.24269542396643232,47.48717809060019,1.0,671,105790.0,5.8,5.6,44.4,473,86.1,0.0,4648,468,17.7,11.2,50.0,1.154016866400355,21.099466086612615,46.737683089214386,47.19298245614035,3.9641943734015346,31.767686610797117,54.22526447,2.6631158455392807,26.596161378770073,98.40213049267643,6.0,11.693626973299551,-0.6373594285289316,-0.19092693957031545,0.07317721436038599,0.11744248470125267,0.04475085251243473,0.4915176716390008,0.2869177190411929,0.4863652556528707,-0.42290945645105404,0.040486519644892534,-0.4345935659034309,0.3643384295766901,0.36462265160256896,0.8412211500142339,-1.0029406892615442,-0.3486362381897631,-1.2544118766488848,0.34587319748478645,-0.04718331160712561,-0.7229699444511863,0.5000847682105269,0.7436995858814042,0.8253023308942643,-0.16740781749292022,-0.3179830304399444
06073010011,4006,0.22003114180732258,55.40989365740636,Moderate,1.0,55.40989365740636,55.40989365740636,0.4076055637280178,55.506966513951596,1.0,-0.2149629116400513,45.124053311189975,1.0,-0.009388547558380311,49.82276754729885,1.0,0.5824692801350111,59.23124510499848,1.0,0.7157586773118136,60.430393816882955,1.0,0.4843842888112391,57.463629832635505,1.0,-0.4256483581363917,45.59042602678628,1.0,238,114167.0,4.2,3.4,13.8,193,92.3,0.0,3589,522,15.7,13.3,56.038647342995176,2.547169811320755,6.696878147029205,80.47169811320755,20.187793427230048,0.0,14.977533699450824,12.65712508,3.490566037735849,33.192261185006046,98.58490566037736,4.0,9.98502246630055,0.5687179950408052,0.010071309078039334,0.5056677056583578,0.545965245134869,-1.4214504518402584,-0.7583336803380248,0.8335672299652072,0.4863652556528707,0.2800305652613003,-0.17909408935312177,0.3186423726612994,-0.4571330388029992,-0.01192962192979219,0.6303665888674929,0.7314818383062253,0.9799583152961183,0.36020335261272396,0.948225856976042,0.4970201382921105,1.0575853613663782,0.3455886938376006,0.23912629366324256,0.8684378789328744,-0.43794143476319647,-0.41335528150958695
06073018400,3587,-0.3119383007417321,42.43136938567437,Moderate,1.0,42.43136938567437,42.43136938567437,0.1077624138996198,51.42511719555927,1.0,0.6214629073944768,64.12855359907078,1.0,-0.22090207704780224,46.80952913980843,1.0,-0.29762152562191985,45.25448553334351,1.0,-2.07111401781698,20.57570581701233,1.0,-0.6572622039051379,39.935872197767424,1.0,0.3341063979056185,53.467131628984454,1.0,695,72750.0,0.9,2.5,40.9,622,93.8,0.0,3008,593,18.1,13.4,44.173228346456696,6.500607533414337,16.867132867132867,18.59052247873633,32.35294117647059,21.24401913875598,174.51909673822135,59.93777225,12.15066828675577,35.32710280373832,91.61603888213853,9.0,25.090604962364093,-0.7042089854935359,-0.9836907136352124,1.3976793439604247,0.721270010766803,-0.12295191105731776,1.156617141083918,0.9658211438984363,0.4863652556528707,0.6656851003083993,-0.4678019271097702,-0.5852407536163777,-0.4962507277734604,0.7279629807974476,0.03201134082927924,-0.49326464278767507,-1.457195781326731,-0.36713955919262037,-2.2797670770668637,-4.669886411038515,-0.9676630239699211,-1.2713688146137183,0.07582008308866638,-0.7762378801903617,0.23839260841249413,0.42982018739874295
06073018509,5559,-0.39913164869554507,40.30410249355814,Moderate,1.0,40.30410249355814,40.30410249355814,-0.7003648466112327,40.42385300333635,1.0,0.28485251409617074,56.480400982589615,1.0,-1.0919613016665188,34.40035079005561,1.0,-0.5654741409295188,41.00070674108187,1.0,-0.711963312675136,40.01273550010985,1.0,-0.448222844949918,43.145264284802494,1.0,0.4392123918673378,54.55681085096895,1.0,923,71371.0,7.0,7.2,29.5,820,74.7,0.0,4229,864,20.3,15.3,57.3469387755102,13.979057591623038,9.86758570651188,19.581151832460733,44.55066921606118,3.0948756976154232,69.43694909156322,59.78842564,14.45026178010471,31.229357798165136,94.76439790575915,12.0,21.586616297895304,-1.3392797766572773,-1.0167785236968194,-0.251190654113093,-0.19421043197774115,-0.6691837695416544,2.0404405971248147,-0.7182120268513482,0.4863652556528707,-0.14478682274238883,-1.569771279673879,-1.413800286037581,-1.2394868182122265,-0.09351082470161906,-1.099856707708286,0.3496513893226767,-1.4181804206308466,-1.0964304163693763,0.4779647063720933,-1.2681217214854328,-0.9612658192178282,-1.7007338334709934,0.38927996830414835,-0.03321466968290888,0.6441930343179084,0.23423174941676714
06073015002,2984,-0.6114843432834756,35.12330754475241,Low,1.0,35.12330754475241,35.12330754475241,-1.3217525794752283,31.964726639102718,1.0,-0.6960842365916793,34.192455851533644,1.0,-0.09276567448490391,48.63497042733368,1.0,-0.9818949732377302,34.387509766714444,1.0,-1.7763442170351322,24.79116871292392,0.75,0.27400072862512453,54.233600154596616,1.0,0.3144505492152205,53.263350958624216,1.0,438,69545.0,17.5,12.1,40.2,170,94.3,32.77777777777778,2397,307,20.8,13.5,78.21969696969697,7.545605306799337,18.64064602960969,12.437810945273633,66.24605678233438,0.0,150.13404825737263,,4.477611940298507,40.32983508245877,99.00497512437812,8.0,26.80965147453083,0.011638353669102318,-1.0605916790068224,-3.0894095032560336,-1.1486474893071594,-0.15649246377126805,-0.8610000413932805,1.0099057818761794,-2.776750223078348,1.0712529504181714,0.6951620390648982,-1.6021092706787634,-0.5353684167439217,-1.3950745866638856,-0.12614971945474096,-0.7068388417331136,-1.6995167450991804,-2.3935775361964855,0.948225856976042,-3.8836809718849534,,0.16129395487936,-0.3068674398583962,0.9675756708544099,0.103125799777356,0.5257752986530849
06073015001,4418,-0.1162324631825668,47.20602890504525,Moderate,1.0,47.20602890504525,47.20602890504525,-0.5790124123202147,42.07585789816062,1.0,0.22768340280872268,55.18145687159327,1.0,-0.44090584959172263,43.675338060767885,1.0,-0.641561438955182,39.7923611203741,1.0,0.24160835465716304,53.64963443470178,0.75,0.43778067129502923,56.74812208313186,1.0,-0.059219970171763184,49.38934734097657,1.0,1096,114833.0,3.1,13.0,47.8,280,89.5,0.0,4329,680,18.0,12.6,49.43089430894309,13.400758533501897,28.36814321781042,53.66624525916561,28.7292817679558,1.2484394506866416,26.708918062471707,,2.2123893805309733,30.219471018570623,96.01769911504424,7.0,15.844273426889997,-1.8211536664438002,0.026051353676320853,0.8030049184257135,-1.3239522549390934,0.2076621085516228,-0.36998701025944897,0.5866932572898462,0.4863652556528707,-0.21116453961796525,-0.8215706860510155,-0.5475789566881407,-0.1833092160097692,0.40011040733254566,-1.01233078705736,-1.878266527565767,-0.07575884853014715,-0.15048432080930374,0.7585275847670444,0.11678180001374848,,0.584241458385332,0.4665319675334291,0.2625685879663267,-0.03214100885778211,-0.08629893148574426
06073014701,3688,0.16781756989523097,54.13603268688188,Moderate,1.0,54.13603268688188,54.13603268688188,0.6351712419437128,58.60488223770861,1.0,0.16986483468230895,53.867756397985666,1.0,0.22717240090485358,53.192833459122355,1.0,0.5625800839172044,58.915383932729256,1.0,0.265771257830185,53.995184832039676,0.75,0.0024018252859884424,50.063728147809826,1.0,-0.6882386552976362,42.868039035083804,1.0,230,113485.0,2.8,0.7,41.6,593,74.4,0.0,3470,380,16.8,11.5,39.51473136915078,1.6506189821182942,9.27920463960232,56.740027510316374,13.448275862068964,7.565162110616656,23.047722342733188,,4.264099037138927,44.8118006103764,96.8363136176066,2.0,5.42299349240781,0.5910011806956733,-0.006292640495576275,0.8840968855440833,1.0718795420306708,-0.08941135834336712,1.027168251057726,-0.7446628096379938,0.4863652556528707,0.35902004834323625,0.3983215861601751,-0.0956373935493028,0.2469853626653057,1.018453140002225,0.7660601121999456,0.4205068065243035,0.045300276942343454,0.7631528630544324,-0.20128778629728533,0.23544869673340785,,0.20115968417305202,-0.6497185440657187,0.455764335750632,-0.7084750520334727,-0.6680022585617996
06073014702,3996,-0.09529456278472329,47.716853450174014,Moderate,1.0,47.716853450174014,47.716853450174014,0.35290523992085593,54.76231558703902,1.0,-0.17702172655844708,45.986118118847614,1.0,0.10247868731232171,51.41643698993849,1.0,-0.15385401211876854,47.53766353873126,1.0,-0.08750126215653042,48.943082492521825,0.75,-0.41659464115284756,43.630853733128326,1.0,-0.2874742247396471,47.02293692842891,1.0,59,120882.0,5.0,6.8,47.9,416,64.2,0.0,3861,457,16.5,11.6,92.19330855018588,5.303030303030303,9.815005138746145,83.01767676767676,22.181146025878004,10.254957507082151,27.027027027027028,,6.628787878787879,20.82474226804124,85.60606060606061,5.0,12.512512512512512,1.0673042740684793,0.17119142841356547,0.2894224600093719,-0.11629720280799266,0.2124536160821872,0.23708364641510632,-1.6439894243839526,0.4863652556528707,0.09948317535973245,0.08521590295930286,0.017347997235407017,0.2078676736948445,-2.264895019014154,0.2132653964393637,0.35598337088236254,1.0802302032173534,0.2410226477630137,-0.6099976672807665,0.10647123304816158,,-0.24035951129465133,1.1851883484859587,-2.19461276064985,-0.30267462612805834,-0.27227382335123596
06073010201,3327,-0.5284004479506544,37.15031561311081,Low,1.0,37.15031561311081,37.15031561311081,-1.0214576877344064,36.05272564748587,1.0,0.10830719522498262,52.46910017508429,1.0,-0.32977904635261657,45.25845925604089,1.0,-0.36543981641027035,44.177460368770724,1.0,-1.824363426815382,24.1044525141046,0.75,0.25422463504642084,53.92997676730163,1.0,-0.5202949886133099,44.60918354218445,1.0,869,98418.0,13.7,8.6,38.2,267,93.3,2.9585798816568047,3086,516,18.6,14.7,55.18796992481203,5.1573426573426575,22.632375189107417,41.60839160839161,65.41353383458647,23.427041499330656,46.28794709948903,,4.6328671328671325,37.863247863247864,98.07692307692308,3.0,9.017132551848512,-1.1888682734869174,-0.36781115695549765,-2.06224458642335,-0.46690673407186056,-0.2523226143825552,-0.4280158230298109,0.9217365059206932,0.19183071239160338,0.6139104811454498,-0.15469624390889794,-0.7735497382575603,-1.0047806843894578,0.041116117896541404,0.2353153118545915,-1.187540296723311,-0.5506503986689031,-2.343801760559274,-2.6114736486325567,-0.5178148712543152,,0.13230572331681636,-0.11818411633380914,0.7485522981562553,-0.5732082433983345,-0.4673817338282852
06073020711,3604,0.49639237954188864,62.1523129484791,High,1.0,62.1523129484791,62.1523129484791,0.8141991667215598,61.04203984209566,1.0,-0.41408616393972897,40.599757408869465,1.0,0.3773708093987651,55.332571821534884,1.0,0.5899874881919687,59.35064208737168,1.0,0.7138054798383258,60.40246140502788,0.75,0.047152325454624666,50.750784890855286,1.0,1.3463175511277052,63.96116170617297,1.0,223,154115.0,2.1,3.1,50.3,132,87.3,18.404907975460123,3431,369,15.6,11.3,76.38888888888889,0.0,3.4685314685314688,93.79591836734694,12.389380530973453,1.4481094127111829,12.208657047724753,,1.469387755102041,50.06839945280438,96.89795918367346,16.0,44.39511653718091,0.610498968143683,0.96858605624343,1.073311475486946,0.6044001670121802,0.3274497968157317,-1.0306227248758768,0.39272085018777647,-1.3458925778865471,0.3849073579247111,0.4430509694745854,0.3563041695895358,0.3252207406062282,-1.2809107837338471,1.015882317553658,1.1202534416787102,1.5047249772693536,0.8264632337372855,0.728188070273763,0.5867651355039286,,0.7229698500928101,-1.0518257682903327,0.4703128945613966,1.185260268858461,1.5073748333969492
06073010202,3671,-0.20511163393894066,45.03763278555078,Moderate,1.0,45.03763278555078,45.03763278555078,0.34187580561419256,54.61216878884579,1.0,0.3836757455499687,58.72577180672421,1.0,0.08348446636400332,51.145843821643346,1.0,-0.19650423451170365,46.86033354032163,1.0,-0.9999740223406932,35.893933448474826,0.75,-0.6481216364011427,40.07620780329622,1.0,-0.4002175618472098,45.85407807240544,1.0,305,108486.0,1.6,6.7,43.8,343,100.0,3.755868544600939,3211,497,17.0,12.0,60.05747126436781,4.937361827560796,16.23108665749656,46.05747973470892,59.54415954415955,13.29073482428115,28.330155271043314,,3.0950626381724393,47.92553191489362,88.65143699336772,4.0,10.896213565785889,0.38209631518128473,-0.1262389512265212,1.2084647540175624,-0.09681889551555563,0.016001807329048517,-0.08877045606461821,1.4950131381832623,0.11245849275218202,0.5309383350509792,-0.07743640000218922,-0.17096098740577556,0.05139691781299887,-0.2625316522461557,0.2686095467004293,-0.41666918097241407,-0.37542565152867413,-1.9928773102466129,-1.0712789184997833,0.06423416172431663,,0.41943449532504284,-0.8879056093853906,-1.4758937951430804,-0.43794143476319647,-0.36249368893122313
06073009307,4846,0.47419987197327895,61.61087959706393,High,1.0,61.61087959706393,61.61087959706393,0.5531507681518041,57.488314408050584,1.0,0.5583238858966768,62.693966663894024,1.0,0.31178845429378094,54.398280423093176,1.0,-0.6857581206910042,39.09047173527224,1.0,0.028844300103077886,50.60692458051211,0.75,0.5224824095135133,58.04855224975303,1.0,2.0305674065451043,71.05507540214923,1.0,466,121642.0,0.0,3.9,63.7,933,62.8,0.0,4288,387,17.5,8.5,42.01826881252719,6.934710438952416,29.21997523730912,15.19734415344891,30.90277777777778,10.29119788219722,0.0,,3.282921431206197,28.14940577249575,97.27037993360383,24.0,49.52538175815105,-0.06635279612293608,0.18942691474193477,1.640955245315534,0.4485737086726835,0.9695118059113558,2.5448448927441145,-1.7674264107216335,0.4863652556528707,-0.1839496756989789,0.369857433141914,-0.35926997204695815,1.4205160317791468,0.8623399142033501,-0.03369040281164351,-1.9808478588181577,-1.5908341353375657,-0.28043563329376636,-0.6155043312521378,0.9824728648551377,,0.3843587332624282,0.6248830639390541,0.5582054313390575,2.267394737939566,1.7937400751506425
06073021002,1551,0.07211944858447496,51.801273787499674,Moderate,1.0,51.801273787499674,51.801273787499674,-0.20128752323224952,47.21793328639584,1.0,0.05971731923620241,51.36508557964442,1.0,0.9580437602150972,63.60488443347147,1.0,0.31083187049599315,54.91735983275502,1.0,-2.4033427921718764,15.824547226367812,0.75,0.5275298917271941,58.1260465051746,1.0,1.2533436138209637,62.997260753900505,1.0,94,101691.0,10.2,8.1,36.9,43,100.0,0.0,1482,164,12.9,13.4,22.5,0.0,32.62411347517731,69.27016645326505,77.38095238095238,45.49895324494068,16.118633139909736,,2.0486555697823303,39.385474860335194,100.0,9.0,58.02707930367505,0.9698153368284314,-0.28927859543871776,-1.1161716367090366,-0.36951519760967505,-0.314612212279892,-1.4278969046114314,1.4950131381832623,0.4863652556528707,1.6786090598296957,1.2766440221522322,1.3731726866519214,-0.4962507277734604,2.07944170526894,1.015882317553658,-2.3907890493514623,0.5387925085128371,-2.8145647513238705,-4.855498379523715,0.46003475433195723,,0.614812761940937,-0.23462794071281254,1.2024048539534578,0.23839260841249413,2.268294619229433
06073009203,4554,0.2623831175586942,56.44316004694018,Moderate,1.0,56.44316004694018,56.44316004694018,0.4040542709752354,55.45862176466967,1.0,0.18372294700294736,54.182627715433824,1.0,0.7018592983919214,59.955260404071204,1.0,-0.45081658995501483,42.821588191680746,1.0,0.03297076418247454,50.6659365830031,0.75,1.037317023660273,65.9528347017879,1.0,-0.0724258913469773,49.25243585411087,1.0,488,131629.0,5.1,0.8,72.7,637,55.9,0.0,4065,252,15.0,8.7,53.94385026737968,2.4849699398797593,26.624972079517537,32.90581162324649,12.944983818770226,8.001474926253687,43.47826086956522,,0.0,22.90927521540801,99.5190380761523,7.0,15.371102327624069,-0.12763155667382342,0.4290556015332824,0.26239180430324877,1.0524012347382339,1.4007474836621479,1.2235734635112587,-2.3757944148144876,0.4863652556528707,-0.03592736706644348,0.9188089556369498,0.5822749511589548,1.3422806538382244,0.11869575766402764,0.6397805779373176,-1.6683462476588646,-0.8933964477625398,0.7932442279771659,-0.26758478389974444,-0.42674715152999776,,0.9973242970865002,1.025730535098159,1.0888962387961598,-0.03214100885778211,-0.11271077383617248
06073009204,4129,0.42861218526581124,60.49867116721521,High,1.0,60.49867116721521,60.49867116721521,0.8766247123423884,61.89185639114299,1.0,-0.2064115210837322,45.31835016405008,1.0,0.062086590092901454,50.841007990221804,1.0,0.8404129188723252,63.32765901829753,1.0,0.938312321273528,63.61310325991997,0.75,0.9232101945301894,64.20094665392415,1.0,-0.4339499191669207,45.5043601591413,1.0,93,151849.0,3.9,0.9,52.0,318,65.6,0.0,3923,591,16.1,10.9,35.507246376811594,0.0,8.501335924216663,69.89090909090909,3.939393939393939,0.0,13.80479534996367,,1.3818181818181818,21.45658263305322,98.6909090909091,4.0,9.687575684185031,0.9726007350352899,0.9142155141117394,0.5867596727767276,1.0329229274457967,0.4089054248353259,-0.20036432677685265,-1.5205524380462727,0.4863652556528707,0.05832899089687505,-0.4596693119616956,0.16799518494835255,0.4816914964880738,1.2683481080802346,1.015882317553658,0.5141811537398573,0.5632400961155509,1.331680102362597,0.948225856976042,0.5350310044819451,,0.7393202666308178,1.1368552755344223,0.8934550414253278,-0.43794143476319647,-0.429958403570645
06073009308,4200,-0.4154765337231533,39.905334312376525,Low,1.0,39.905334312376525,39.905334312376525,0.1699728226810352,52.27200502616889,1.0,-0.08479887112286866,48.08152125298053,1.0,-0.030779475205861828,49.51803070651693,1.0,-0.9524375722556282,34.85532400638096,1.0,-0.5872306979800093,41.79651968615162,0.75,-0.7163726974888326,39.028345733294834,1.0,-0.7066892446899081,42.676753808273155,1.0,159,86139.0,7.7,1.1,39.6,603,85.3,19.3717277486911,3594,714,18.0,9.3,63.50235849056604,4.48512585812357,32.38095238095238,22.37986270022883,21.929824561403507,8.768267223382047,80.71428571428571,,11.899313501144166,45.34548944337812,93.91304347826087,2.0,4.761904761904762,0.7887644533826279,-0.6624342314634538,-0.44040524405595577,0.9939663128609224,-0.18524150895465427,1.0718057993426198,0.21638229827680425,-1.4421420731562444,0.2767116794175215,-0.9598251435682837,-0.5475789566881407,1.1075745200154556,-0.47734467963585064,0.33705574079429146,-2.36150652863915,-1.3079548215418033,0.25604892525162665,-0.38409758220038737,-1.6336434369912671,,-1.2244374971542908,-0.6905434465684315,-0.2341371487437754,-0.7084750520334727,-0.7049034373463435
06073007401,2808,0.04043911215072582,51.02836470202314,Moderate,1.0,51.02836470202314,51.02836470202314,0.3266406634856401,54.40476850456839,1.0,-0.3959140044058014,41.01264855024119,1.0,0.6712786374576907,59.51960589877359,1.0,-0.2958208990646101,45.283081360393666,1.0,-0.24388045094225666,46.70672494751385,0.75,0.5275243848366516,58.12596195759935,1.0,-0.30675454631223353,46.823049509843834,1.0,182,104722.0,4.2,4.7,63.4,330,50.2,0.0,2607,182,17.3,10.0,67.73399014778325,6.319444444444445,12.72264631043257,42.70833333333333,29.28571428571429,11.60220994475138,22.079772079772077,,7.5,20.50938337801609,98.19444444444444,4.0,14.245014245014248,0.7247002946248821,-0.216552596673866,0.5056677056583578,0.29274725033318655,0.9551372833196625,-0.14679926883498012,-2.8783592877607584,0.4863652556528707,0.9318597449794609,1.203450485819561,-0.28394637819048535,0.8337506972222263,-0.741216773959264,0.05943048655912389,0.005832524978043113,-0.5073298338363434,-0.1837529054604769,-0.814710406464592,0.26682195909829903,,-0.4030265261104598,1.2093119484987758,0.7762877321216388,-0.43794143476319647,-0.17556765786127054
06073007303,1592,0.22063145847085192,55.42453965727998,Moderate,1.0,55.42453965727998,55.42453965727998,0.2468841615746733,53.31902076229395,1.0,0.25291396816560924,55.75472263608368,1.0,1.1772828595974691,66.72818191839954,1.0,-0.23657186914028727,46.22401772819702,1.0,0.394700805695211,55.83898878946713,0.75,0.684068238444544,60.529387836602226,1.0,-0.9748579550412555,39.89653299838602,1.0,96,105398.0,8.2,2.1,60.2,130,91.5,0.0,1490,158,15.4,8.8,53.56037151702786,1.520086862106406,17.650753768844222,22.90988056460369,8.620689655172415,8.08383233532934,17.587939698492463,,1.8458197611292075,25.03192848020434,97.1769815418024,0.0,0.0,0.9642445404147143,-0.20033261146600068,-0.5755585225865717,0.7991832399365513,0.8018090423416033,-1.0395502345328556,0.7630318092008185,0.4863652556528707,1.6732988424796496,1.3010418675964561,0.43162776344600856,1.3031629648677623,0.14260836376509928,0.7858162294166615,-0.5876316933970849,-1.287080376345825,1.051789769164731,-0.2800988535221585,0.41241150144306027,,0.6526849341571,0.8633566812272163,0.5361630999493154,-0.979008669303749,-0.9707072407787621
06073021401,4176,0.419404826013276,60.27403808497465,High,1.0,60.27403808497465,60.27403808497465,-0.16921751169603924,47.65451139333219,1.0,0.1280344747589957,52.91732532673731,1.0,0.5395870708214632,57.6435174637276,1.0,-0.30791612238968635,45.09099660360011,1.0,0.5576382409076032,58.16913492611688,0.75,0.8766392124661587,63.48593995820533,1.0,1.3110684172244373,63.5957187151545,1.0,488,130625.0,10.9,4.4,59.6,373,83.4,8.450704225352112,3392,203,17.4,9.7,64.46280991735537,5.642023346303502,15.848595848595847,43.255512321660184,11.051693404634582,0.0,35.91954022988506,,2.529182879377432,23.320795271359486,99.61089494163424,17.0,40.7088122605364,-0.12763155667382342,0.40496556433106823,-1.3053862266518996,0.35118217221049786,0.773059997158217,0.0451421887900631,0.04886067396138135,-0.3549249608736788,0.4107946675061859,1.1180580267647775,-0.3216081751187211,0.9511037641336106,-0.5372356035187379,0.16195858936424196,-0.3706079676454843,-0.4857795077587652,0.9064423075316485,0.948225856976042,-0.18175344178488081,,0.5250918534662543,0.9942510190894817,1.11057476484274,1.320527077493599,1.3016097569552756
06073021501,3844,1.0143940230718291,74.79006310032256,High,1.0,74.79006310032256,74.79006310032256,0.9079621098952758,62.318461217415155,0.75,0.35489695812301747,58.07188659479751,1.0,1.094684101521825,65.55147350241621,1.0,1.3375873920771386,71.22330800325815,1.0,0.6768341945328178,59.87374007398871,0.75,1.0391198317221004,65.98051330718064,1.0,1.6896735736306292,67.52088184545397,1.0,83,,3.3,1.2,84.2,264,76.3,0.0,3833,135,12.5,8.7,16.666666666666664,1.469387755102041,3.4427966101694913,80.73469387755102,8.070866141732283,5.038759689922481,6.76378772112383,,2.122448979591837,17.37891737891738,99.42857142857144,19.0,49.42767950052029,1.000454717103875,,0.7489436070134671,0.9744880055684854,1.951770849677049,-0.441407087515279,-0.5771411853225709,0.4863652556528707,0.11806893608489384,1.394566941799314,1.5238198743648677,1.3422806538382244,2.4431912015012003,0.7934895706653123,1.1233525456921012,0.9903162504499408,1.0846632075715565,0.18259480716507626,0.7632445688618206,,0.6010345403178367,1.448779146046172,1.0675458088022927,1.5910606947638755,1.7882864524973827
06073005601,2883,-0.45807161439905203,38.866136861937335,Low,1.0,38.866136861937335,38.866136861937335,0.15014859109484535,52.00213217353227,1.0,0.013395601473623397,50.312605995058895,0.75,-0.07244834992256965,48.92441263396914,1.0,-0.43227632235433705,43.11602697112686,1.0,-0.49381398678549054,43.13245938843483,0.75,-2.05440968154967,18.485394729866616,1.0,-0.317097152749766,46.715823243183465,1.0,767,58867.0,0.1,0.0,62.5,127,84.9,,2283,628,16.8,14.0,43.87936132465997,1.7489711934156378,23.066250433576137,5.1440329218107,1.7699115044247788,14.020344980097304,84.63406174124177,,34.413580246913575,16.15798922800718,80.1954732510288,4.0,13.87443635102324,-0.904757656387349,-1.316800261920411,1.613924589609411,1.2082276930777307,0.9120137155445833,-1.0529414990183237,0.18111458789461055,,1.1469235476563284,-0.6101226922010757,-0.0956373935493028,-0.7309568615962285,0.7462876632782193,0.7511744440997372,-1.239789448147849,-1.9867779486474555,1.4613914469255536,-1.1821419530412973,-1.760691454240728,,-4.2338745596394,1.5421749033517511,-3.4715293883613616,-0.43794143476319647,-0.19625287073633552
06073005403,2415,0.005944925868886532,50.18680577384991,Moderate,1.0,50.18680577384991,50.18680577384991,0.6403735864371489,58.675703219734466,1.0,0.11723085437633193,52.67185537351482,1.0,1.2003806518814242,67.05723488728648,1.0,-0.06902056303014444,48.88490715699195,1.0,-1.3761234086821987,30.514672149533187,0.75,-0.4123700617348123,43.69571391937774,1.0,-0.05885657816554381,49.39311478281016,1.0,135,129185.0,5.6,0.0,77.8,337,65.3,0.0,2251,249,12.0,9.6,53.87647831800263,1.680672268907563,20.082815734989648,48.48093083387201,0.0,25.193423597678915,117.18426501035196,,11.893988364576598,29.67992240543162,92.69553975436328,5.0,20.70393374741201,0.8556140103472323,0.3704141165510001,0.12723852577263253,1.2082276930777307,1.64511436772093,-0.11555298503555449,-1.5470032208329183,0.4863652556528707,1.1681644170565129,0.9310078783590616,1.7121288590060502,0.9902214531040718,0.12289687411764245,0.7615115286290797,-0.8805112147871413,-0.27997944008015857,1.567212815790265,-2.879872433958729,-2.815710607878132,,-1.2234432225708203,0.5078051180375971,-0.5214720806712136,-0.30267462612805834,0.18496146979697073
06073005402,4577,0.13289151838798183,53.28393748940107,Moderate,1.0,53.28393748940107,53.28393748940107,0.6573119729279677,58.906290249625876,1.0,0.6792474627049935,65.44148126467222,1.0,0.4785756260610916,56.774343614223916,1.0,-0.29692609182269286,45.26552974712943,1.0,-1.7673650167049602,24.91957903761254,0.75,0.6109238414304407,59.40639812709827,1.0,0.5684728341190322,55.8969096677643,1.0,461,168611.0,3.4,2.9,74.0,516,83.8,0.0,4249,474,13.3,10.0,46.21695533272562,6.701414743112435,28.42360193747248,58.004467609828744,45.294117647058826,18.234398782343987,102.4688660694778,,9.56813104988831,15.69362613818961,99.32985852568876,12.0,26.218046755516717,-0.052425805088643515,1.316403963896116,0.7219129513073438,0.6433567815970546,1.4630370815594844,0.6834591292640441,0.08412838434357506,0.4863652556528707,-0.1580623661175041,0.016088674200668722,1.2225254989389753,0.8337506972222263,0.6005221816503168,0.0016190452594534144,-1.8849451087440552,0.09509951454351366,-1.1408805091857748,-1.822460331992141,-2.3387542089369644,,-0.7891743952024981,1.5776966843885296,1.0442492351052903,0.6441930343179084,0.492752633920156
06073005301,3849,-0.650412019743562,34.1735842084674,Low,1.0,34.1735842084674,34.1735842084674,-0.47423700196093344,43.502195093471144,1.0,0.6994570970964237,65.90066604097818,1.0,-0.25159083720444164,46.37233464447062,1.0,-1.3515160922793408,28.517541032059288,1.0,-0.7704950039630268,39.17568173067822,0.75,-2.130365268238126,17.319244679931487,1.0,-0.27413703165548936,47.16120936785511,1.0,883,78530.0,7.8,2.9,53.0,722,85.7,0.0,2979,686,18.2,12.7,48.782961460446245,10.324616771866546,47.77864380358535,7.75473399458972,100.0,9.395424836601308,0.0,,31.154192966636607,34.613415258576545,85.21190261496844,5.0,12.990387113535984,-1.2278638483829367,-0.8450050412957723,-0.4674358997620789,0.6433567815970546,0.4568205001409695,1.6029926239328558,0.25165000865899917,0.4863652556528707,0.6849346382023166,-0.8459685314952392,-0.6229025505446135,-0.22242690498023043,0.44051359257249884,-0.5467548260404994,-3.415866129709348,-1.8839570059400144,-2.8145647513238705,-0.4793931254203478,0.9824728648551377,,-4.2338745596394,0.1304141136303098,-2.287635358705288,-0.30267462612805834,-0.24559943718292035
06073005802,2948,0.1042943025043027,52.58624767723472,Moderate,1.0,52.58624767723472,52.58624767723472,0.9025390418493234,62.244635463451345,1.0,-0.033685080591195384,49.24288191972217,0.75,0.9254319183821491,63.14029356504214,1.0,-0.5291672287034931,41.577298360552206,1.0,-0.4959026510279496,43.10258968471094,0.75,0.6110906279323952,59.408958808886965,1.0,-0.650246510311111,43.26192000637758,1.0,146,143750.0,2.9,0.0,84.0,548,50.3,,2855,361,15.0,7.1,46.95340501792115,0.6824146981627297,33.10649880911875,26.77165354330709,0.0,6.1113849186791525,125.16960651289013,,3.202099737532808,18.879310344827584,95.32808398950132,2.0,6.7842605156037985,0.8249746300717886,0.7198876144098144,0.85706622983796,1.2082276930777307,1.94218783461592,0.826299283775704,-2.86954236016521,,0.7672430071280313,0.4755814300668838,0.5822749511589548,1.8766282851747265,0.5545993470234114,0.9125984302921559,-2.448879997566185,-1.1349866945633547,1.567212815790265,0.019611209914116214,-3.07453197878823,,0.39944922996478854,1.3340055312329822,0.09981712259941503,-0.7084750520334727,-0.5920179685887493
06073005801,1913,-0.37237754530400075,40.95682566233971,Moderate,1.0,40.95682566233971,40.95682566233971,0.6168122388288875,58.35495595327123,1.0,-0.03896302476399402,49.12296131317376,1.0,0.8770264798256788,62.45070587321996,1.0,-0.50059517093536,42.03105242692854,1.0,-1.592953677882301,27.413811911818357,0.5,-1.4201652315334712,28.22298256644217,1.0,-0.5478044306674458,44.323981278403984,1.0,159,123537.0,5.2,0.0,70.8,286,64.6,0.0,1697,198,18.0,8.6,38.581314878892734,5.053598774885145,25.248301097752226,9.188361408882082,,12.933333333333334,97.22948248823838,,19.60183767228178,29.93138936535163,86.06431852986218,2.0,10.454783063251435,0.7887644533826279,0.23489566025806613,0.23536114859712537,1.2082276930777307,1.3097088405814248,-0.3432044812885127,-1.608721714001759,0.4863652556528707,1.5358969685472064,1.138389564634964,-0.5475789566881407,1.3813983428086856,1.0766582448204391,0.2510170127245471,-1.5025615168980637,-1.8274944243883622,,-1.0169723638002892,-2.168934991964313,,-2.662602305653896,0.48856897613886824,-2.086462365085386,-0.7084750520334727,-0.38713380930141883
06073005201,3503,-0.4257029796310673,39.655838446987275,Low,1.0,39.655838446987275,39.655838446987275,-0.011885224345191021,49.79632016985987,1.0,0.15412319060923438,53.510089199639516,1.0,0.3343569023637421,54.71979231259744,1.0,-1.4164741389629822,27.485939525938857,1.0,-2.348042584462221,16.615387987931378,0.75,0.1044089177572362,51.62984831309798,1.0,0.20359207962270998,52.114033337975904,1.0,598,96132.0,3.8,5.2,50.9,564,70.1,0.0,3000,398,19.1,8.8,50.4362050163577,14.017341040462428,38.395660862118184,9.585741811175335,71.37254901960785,11.092077087794433,141.5929203539823,,13.439306358381502,19.25996204933586,97.10982658959536,8.0,22.837567799029404,-0.43402535942826004,-0.42266158030635587,0.6137903284828509,0.195355713871001,0.3561988419991179,0.8977193610315342,-1.1237906962465851,0.4863652556528707,0.6709953176584454,0.32512804982750365,-0.961858722898743,1.3031629648677623,0.33742219075329516,-1.1056509314032834,-3.0858239867409636,-1.8118438284609772,-2.700085756899252,-0.7371965778936123,-3.6068454185937986,,-1.5119748658675898,1.304887311470659,0.5203143076686394,0.103125799777356,0.304058359468064
06073004102,2103,-0.3650704902112078,41.1350967890087,Moderate,1.0,41.1350967890087,41.1350967890087,-1.013486079701925,36.16124539466868,1.0,-0.21274505688924372,45.17444537261492,1.0,0.11909064031239366,51.65309218133014,1.0,-0.7054086756000889,38.7784004357912,1.0,-0.16559289523631746,47.82630465145454,0.75,0.19716087366234433,53.0538738881221,1.0,-0.7745122380256173,41.97360355180317,1.0,662,76042.0,20.3,1.7,37.1,495,81.6,15.18987341772152,1841,272,19.7,13.7,60.10498687664042,8.462455303933254,16.618357487922705,9.177592371871276,23.57142857142857,6.465997770345597,49.45316214931051,,6.555423122765197,25.52954292084727,94.87485101311086,1.0,4.755111745126011,-0.612290844667205,-0.9047022649602233,-3.414047678286571,0.8770964691062998,-0.30502919721876315,0.5897202778657671,-0.10984402275849468,-1.0258272854454842,1.4403130562463764,0.8374828041562037,-1.1878295044681613,-0.6136037946848442,-0.26549458596512615,-0.26491553442712973,-0.4633060253630624,-1.8279185566450373,0.1578989425884486,-0.034271615742532055,-0.6204060125548689,,-0.22666132509598383,0.8252913147309229,-0.0071473686479061466,-0.8437418606686108,-0.7052826153826237
06073014400,4426,-0.7740636464280813,31.156840181828706,Low,1.0,31.156840181828706,31.156840181828706,-0.68402618658269,40.646275787845916,1.0,-0.3233661002510494,42.66101548729436,1.0,-1.2712717534151343,31.845879965528965,1.0,-0.8553690331310713,36.39687361062762,1.0,-1.652149104306989,26.567266156320116,1.0,-0.8336265784460591,37.22814083600136,1.0,0.20136323113642207,52.090925903348115,1.0,791,51234.0,2.8,12.1,8.4,379,80.9,0.0,4077,886,21.3,16.2,64.1316685584563,14.156626506024098,12.508622671878593,9.63855421686747,48.692152917505034,3.8145823273780786,144.60009037505648,82.37710019,11.194779116465863,41.94528875379939,90.76305220883532,9.0,20.334387708992317,-0.9716072133519533,-1.4999469292157308,0.8840968855440833,-1.1486474893071594,-1.6801918584907336,0.07192471776099936,-0.17156251592733396,0.4863652556528707,-0.04389269309151265,-1.6592300463026997,-1.790418255319946,-1.5915460189463784,-0.5165866030933886,-1.1267318728908697,0.03160618605181652,-1.8097638425918434,-1.3440458894153655,0.36860649593726086,-3.7043139948803327,-1.9288430288695175,-1.0928914564136476,-0.43044270422956893,-0.9775455746949611,0.23839260841249413,0.16433385386035
06073001900,3160,0.48330537718319533,61.833027733631724,High,1.0,61.833027733631724,61.833027733631724,0.7911596258551026,60.728396077895475,1.0,-1.0325075879612933,26.548553030200814,1.0,0.4317928310510095,56.10787223022112,1.0,0.4771013139116397,57.55789194550068,1.0,0.22732354894215626,53.445349367821805,1.0,0.3440400961354027,55.30891818557365,1.0,2.1442278123483502,72.23344190531205,1.0,263,133778.0,0.8,2.3,64.1,281,90.9,100.0,3057,472,15.4,10.5,40.90150250417362,3.020565552699229,11.04743712193569,60.9254498714653,18.090452261306535,4.6568627450980395,20.253164556962027,40.68450529,7.647814910025708,27.363184079601982,98.20051413881748,20.0,63.291139240506325,0.4990830398693424,0.48061883853284243,1.4247099996665482,0.7602266253516772,0.9886778360336128,-0.3655232554309596,0.7101302436275273,-5.463315176075354,0.6331600190393669,0.024221289348743322,0.43162776344600856,0.6381622523699194,0.9319781739872539,0.5587178501837459,0.2075685301394565,0.2101407013361025,0.48560143754492374,0.24062340483174444,0.32602607241244164,-0.1429567190204847,-0.430625556901831,0.6850256451082622,0.777720200199777,1.7263275033990135,2.5621281212976865
06073002001,3570,0.6411318674020785,65.68354013188693,High,1.0,65.68354013188693,65.68354013188693,0.3610346727194752,54.87298384725091,1.0,0.3766641967238007,58.56646182530923,1.0,0.803516092984922,61.40347110997459,1.0,0.48637589114617596,57.70518190159149,1.0,0.08070920056207839,51.348637479544365,1.0,0.8756940821585859,63.47142932372242,1.0,1.5039289355195113,65.59518698148234,1.0,313,181477.0,11.1,2.0,73.8,247,83.8,0.0,3423,390,11.9,10.3,62.80701754385965,0.0,9.954622802041971,81.6010329244674,31.91489361702128,1.8999366687777075,16.526610644257705,47.67890479,1.291155584247902,22.8,98.45061329890252,17.0,47.61904761904762,0.35981312952641664,1.6251115521866415,-1.359447538064146,0.8186615472289885,1.4534540664983555,-0.5172909195995984,0.08412838434357506,0.4863652556528707,0.3902175752747572,0.35765851041980207,1.7497906559342866,0.7163976303108418,-0.4339852649374315,1.015882317553658,0.339170002237612,1.0244365097308654,-0.34094910150426444,0.6595336795737488,0.446811362828631,-0.4425591386498017,0.7562481923829133,1.0340896195292557,0.8367444345635887,1.320527077493599,1.6873307935454234
06073009509,5731,0.4042061283504845,59.903233578666814,Moderate,1.0,59.903233578666814,59.903233578666814,0.38343224792232855,55.17788835191519,1.0,1.1035954684183686,75.08312743725239,1.0,0.009212455497505323,50.08775890251447,1.0,-0.5644800931562599,41.01649325610815,1.0,-0.4394597037582968,43.9097726095561,1.0,0.869019897745913,63.36896022532629,1.0,1.468122625783833,65.22396750803233,1.0,338,148568.0,5.5,4.9,55.5,923,92.5,0.0,4839,527,17.4,9.3,43.7190900098912,8.369694565648553,24.01064773735581,19.793732645775485,23.711340206185564,8.989169675090253,43.62240446693421,62.05351587,4.641015470051567,18.808777429467085,99.7223324077747,21.0,36.64281975222474,0.2901781743549538,0.8354910001072924,0.15426918147875568,0.2537906357483123,0.5766081884050784,2.5002073444592203,0.8512010851563047,0.4863652556528707,-0.549690895683405,-0.19942562722330828,-0.3216081751187211,1.1075745200154556,0.7562817107080974,-0.2508761392307998,-1.3535178951131317,-1.4098080489892055,0.1495337555872507,-0.41766333774642567,-0.43141914251085917,-1.0582900903631531,0.1307843192256285,1.339400996183277,1.1368743778288337,1.8615943120341516,1.0746509395335144
06073010012,5032,-0.5367612126376272,36.94633700317382,Low,1.0,36.94633700317382,36.94633700317382,-0.9449680834724117,37.09400019119183,1.0,-0.04092122553102104,49.07846887141288,1.0,-0.4948992082835326,42.90614441839284,1.0,-0.8087114833939798,37.13784414527262,1.0,0.38499129069714294,55.7001343338781,1.0,-0.8779618234383335,36.54745952715058,1.0,-0.9748579550412555,39.89653299838602,1.0,402,101771.0,15.3,11.9,14.5,377,90.5,0.0,4183,639,17.3,14.5,52.99026425591099,29.9922898997687,10.313990461049285,40.09252120277563,19.444444444444446,2.5544703230653645,23.44992050874404,29.11014312,13.723978411719354,40.79404466501241,91.8272937548188,0.0,0.0,0.11191268911600884,-0.28735907056204735,-2.4947350777213226,-1.1096908747222853,-1.387909899126308,0.06299720810402061,0.6748625332453324,0.4863652556528707,-0.11425307297962366,-0.6548520755154861,-0.28394637819048535,-0.9265453064485354,0.17815857445589028,-3.0985458150377423,0.2958933795864466,-0.6103520725805139,0.40464749951267215,0.5600783930136197,0.22241262549320254,0.3528266447690773,-1.565126965098634,-0.3423774782490929,-0.7263810269672736,-0.979008669303749,-0.9707072407787621
06073011902,6050,-0.36220386853330366,41.205034112563,Moderate,1.0,41.205034112563,41.205034112563,-0.1667436431944446,47.68818886257838,1.0,-0.0772104885921769,48.253937520756125,1.0,-0.9615169308695588,36.25867157490158,1.0,-0.165578194485682,47.35147129919792,1.0,0.12075331111584235,51.921302867217854,1.0,-1.561684250893727,26.05023374454656,1.0,0.2765531171866214,52.87045191746036,1.0,529,82551.0,4.3,7.0,21.0,325,91.1,2.786377708978328,5453,1160,15.0,14.1,78.70967741935485,8.429926238145416,5.443649076077909,59.16754478398314,31.153846153846153,0.0,20.826446280991735,48.48786559,13.27713382507903,39.296636085626915,82.29715489989464,11.0,18.181818181818183,-0.24183288315502252,-0.7485249221821236,0.47863704995223466,-0.15525381739286692,-1.0764619096396246,-0.169118042977427,0.7277640988186236,0.2089738994297205,-0.9572500772994443,-2.701018046771056,0.5822749511589548,-0.7700745505666897,-1.4256283252456075,-0.25999224017130784,0.8824011551664163,0.14090663230777095,-0.2954467788610869,0.948225856976042,0.3074448305602414,-0.4772106642118272,-1.4816950737995827,-0.2278321561813527,-2.9755255227002455,0.5089262256827704,0.04418000869047243
06073012401,3461,-0.5089107361553243,37.62580852182507,Low,1.0,37.62580852182507,37.62580852182507,-0.8164463893226293,38.84360224134423,1.0,0.147843970427973,53.367418518000115,1.0,-0.09495448000571124,48.6037885314155,1.0,-0.5567128827883578,41.13984465478714,1.0,-1.2183786267026242,32.770558857380465,1.0,-0.4936880955897826,42.447233940813994,1.0,-0.5300386491061391,44.50816680674523,1.0,368,80367.0,11.2,12.8,16.7,406,96.4,0.0,2985,527,17.1,13.8,41.316073354908305,25.062447960033307,3.807032839290904,19.150707743547045,41.47909967845659,11.102886750555143,71.07772320138689,81.717486,4.579517069109076,38.83553421368548,88.84263114071607,3.0,8.668015024559375,0.20661622814919833,-0.800927951315227,-1.386478193770269,-1.2849956403542193,-1.2824967334538921,0.19244609813021255,1.195061261382701,0.4863652556528707,0.6809519751897819,-0.19942562722330828,-0.2086227843340126,-0.652721483655306,0.9061267560259988,-2.777334705131383,1.0794896285695286,-1.4351332106175758,-0.912784119806033,-0.738839087947056,-1.321302590997823,-1.900588708059585,0.14226689741031034,-0.19255984429888373,-1.4307713398807744,-0.5732082433983345,-0.4868690548139436
06073013903,3471,-0.0030360017944239806,49.96769697109157,Moderate,1.0,49.96769697109157,49.96769697109157,0.28373218450517446,53.8206432851665,1.0,0.1530277976301878,53.485200685067284,1.0,-0.053286029353444134,49.197400562707855,1.0,0.2053250483944594,53.24180149714188,1.0,0.20779288716922412,53.16604402576159,1.0,-1.3233937245755463,29.708720516622908,1.0,0.5055498236689768,55.244559649580644,1.0,178,116488.0,5.2,5.7,32.1,352,91.0,0.0,3321,553,16.2,13.4,41.94444444444444,13.264427217915587,8.988439306358382,68.04478897502153,23.01255230125523,3.970223325062035,28.233938346297897,32.03484754,10.508182601205856,40.30534351145038,83.4625322997416,10.0,28.81014116969173,0.7358418874523162,0.06576152456244085,0.23536114859712537,0.09796417740881545,-0.544604573746981,-0.048596662608213825,0.7189471712230754,0.4863652556528707,0.45792284648784515,-0.3051496241482781,0.13033338802011682,-0.4962507277734604,0.8669433844947383,-0.9916969579983749,0.4555220375598324,0.49053172952164176,0.19131363693214568,0.34495710843249044,0.06735275049844068,0.22754805281381965,-0.9646946570338456,-0.3049939399147454,-2.7004925767780477,0.3736594170476322,0.6374402302903214
06073015200,3730,0.25526801027461454,56.2695718946961,Moderate,1.0,56.2695718946961,56.2695718946961,0.9352094082780783,62.68938637076792,1.0,-0.548641364597146,37.5425175539575,1.0,0.49839785077586707,57.056732589419255,1.0,1.1042614531034982,67.5178488284399,1.0,0.5893736752614425,58.62297906364186,1.0,0.1831330041418172,52.83850328202114,1.0,-0.9748579550412555,39.89653299838602,1.0,145,160313.0,2.6,1.8,53.3,128,72.6,12.05673758865248,3684,318,13.9,11.8,27.941176470588236,1.2265512265512266,9.624664879356567,92.85714285714286,8.503401360544217,4.215618521078093,6.970509383378015,31.87305538,1.2987012987012987,36.02442333785618,93.93939393939394,0.0,0.0,0.8277600282786471,1.1173012460634733,0.9381581969563297,0.8576181618138627,0.4711950227326624,-1.0484777441898343,-0.9033675063578698,-0.713915230573542,0.21697173422950272,0.6504326557504878,0.9965547173695563,0.12963229575392132,1.7401459566825455,0.8302430296768825,0.37890497602535633,1.4677518500292084,1.0588023276222216,0.3076697216336902,0.7565442938636334,0.2344783579262248,0.7548393060567236,0.022478058564032198,-0.2279183521953041,-0.979008669303749,-0.9707072407787621
06073015301,3347,-0.2963971334398378,42.81052916611624,Moderate,1.0,42.81052916611624,42.81052916611624,-0.4872117938976199,43.32556559350306,1.0,0.06161531990303576,51.408210209944414,1.0,-0.6123367215317023,41.23312035107309,1.0,-0.4659885792070348,42.58064118415368,1.0,0.4244612298821611,56.26458857477053,1.0,-0.020461434186448874,49.71270734291735,1.0,-0.9748579550412555,39.89653299838602,1.0,543,78580.0,11.5,2.9,30.2,249,93.1,0.0,3119,412,20.9,16.4,92.11136890951276,9.528214616096207,7.295749170937595,59.75948196114709,14.82889733840304,1.0978956999085088,22.4081266806095,37.82202862,0.7400555041628123,50.371370695476024,95.55966697502312,0.0,0.0,-0.28082845805104173,-0.8438053382478532,-1.467570160888639,0.6433567815970546,-0.6356432168277039,-0.5083634099426196,0.9041026507295958,0.4863652556528707,0.5920058345765096,0.26819974379098144,-1.6397710676069992,-1.6697813968873008,-2.2613183586521983,-0.4262188664651005,0.6593631746791431,0.1642197336100166,0.6806067842564573,0.781402454188038,0.2561793099509374,-0.020343628866788203,0.859145985824389,-1.075001766509422,0.15447147812568646,-0.979008669303749,-0.9707072407787621
06073015405,5434,-0.03482486567209594,49.192140128145454,Moderate,1.0,49.192140128145454,49.192140128145454,0.2931988028244211,53.9495150287965,1.0,-0.8051154196536716,31.7151493137209,1.0,-0.3799133537374465,44.544241962662234,1.0,0.4284362032586822,56.785039250443404,1.0,0.9208473148386901,63.363338574366566,1.0,0.15463625272572631,52.40099118402146,1.0,-0.8558638599610733,41.130196161259,1.0,241,139494.0,10.2,0.5,41.1,183,76.0,21.9672131147541,5361,723,15.9,11.8,68.98954703832753,1.4442518775274409,7.28744939271255,82.9000577700751,7.129455909943714,2.037351443123939,9.385351490614648,8.736776602,4.506065857885615,42.48627059410884,98.20912767186596,1.0,1.840264998159735,0.5603618004202296,0.6177688909709463,-1.1161716367090366,1.1108361566155451,-0.1133688959961889,-0.8029712286229186,-0.6035919681092164,-1.7005295858863623,-0.896182577773914,-0.9964219117346194,0.24331877880482597,0.12963229575392132,-0.81950960591808,0.7972939013056451,0.6603626702133983,1.0755978474337653,1.1409492530275347,0.6386537360129037,0.6782742856833005,1.2255119846310216,0.15598122595718858,-0.4718254904538035,0.7797530226737939,-0.8437418606686108,-0.8679858592535359
06073017046,3777,1.132551598687754,77.67276808366167,High,1.0,77.67276808366167,77.67276808366167,1.1506903386599254,65.62278901581439,1.0,0.0877434416789766,52.00186942814719,1.0,0.9497041297729499,63.486077401064534,1.0,0.8868847378307165,64.06567995453523,1.0,0.8414747484990788,62.22824228068099,1.0,0.7404285666378918,61.39469086963142,1.0,3.270935227734739,83.91450416946385,1.0,68,186452.0,1.3,3.5,73.2,224,79.2,6.214689265536723,3773,276,12.0,9.3,36.19047619047619,1.5283842794759823,8.722325953587623,82.24163027656476,9.393346379647747,3.7815126050420167,5.824728620598359,9.495955196,0.5822416302765648,32.81899109792285,99.41775836972344,30.0,79.42811755361397,1.0422356902067527,1.7444820054545853,1.289556721135932,0.5264869378424318,1.4247050213149697,-0.6199572806548541,-0.3214502850516606,-0.1323236888925485,0.1578955662102397,0.8212175738600545,1.7121288590060502,1.1075745200154556,1.2257439079891448,0.7845604101582718,0.4875685694656493,1.0496660637098,1.0055933395454564,0.37363138455811623,0.7936814091254902,1.1929928607672526,0.8886119575855231,0.26767985141081796,1.0649938909173342,3.0789955897503947,3.462874865719084
06073016809,5899,-0.44261369162531594,39.243265715331944,Low,1.0,39.243265715331944,39.243265715331944,-0.6108903911053483,41.64189398719487,1.0,-0.24995517233162842,44.328991258760404,1.0,-1.1626030494269548,33.393982885185295,1.0,0.5691283840476935,59.019377766011225,1.0,0.32867408609154214,54.89474963779769,1.0,-0.9977917436112606,34.707704566576766,1.0,-0.9748579550412555,39.89653299838602,1.0,933,79330.0,7.0,6.2,25.1,271,84.7,3.6111111111111103,5540,1059,18.4,13.6,41.11498257839721,7.017543859649122,10.645872181725716,84.74215842636895,20.598591549295776,4.66294982260517,19.833870147482624,28.01493466,10.89845826687932,48.24518042511122,90.48378522062733,0.0,0.0,-1.3671337587258623,-0.8258097925290677,-0.251190654113093,0.0005726409466299162,-0.880010100886486,-0.4101608037158534,0.16348073270351307,0.12686948257231281,-1.0149986909811959,-2.362701256611153,-0.6982261444010862,-0.5744861057143829,0.9186661849379185,-0.046227292341949465,0.25592673364449475,1.1481479099503105,0.3356421135364368,0.2396984836549346,0.3396162681281671,0.39973947904663004,-1.0375643703271225,-0.9123573469107458,-1.0434535135959133,-0.979008669303749,-0.9707072407787621
06073016901,7427,-0.04217782154480326,49.01274915447293,Moderate,1.0,49.01274915447293,49.01274915447293,0.3124301927925478,54.21131736137625,1.0,0.2182960557397618,54.96816618159468,1.0,-1.177100712688739,33.18744803200251,1.0,0.4810710462554403,57.62093543393413,1.0,0.10763400385917588,51.733685435534376,1.0,0.21122412394426418,53.269787696882176,1.0,-0.4487994607160738,45.35040855017787,1.0,598,125347.0,3.9,2.0,29.5,470,89.4,0.0,7247,982,17.0,13.0,56.622516556291394,1.388304585612116,13.202900533588728,86.53765250315524,9.012875536480689,5.674603174603175,13.329742830214084,66.1605476,6.4366848969289014,29.65806001395673,96.2978544383677,5.0,6.732193348592972,-0.43402535942826004,0.2783249105927351,0.5867596727767276,0.8186615472289885,-0.6691837695416544,0.47812640715353266,0.5778763296942981,0.4863652556528707,-2.1480663180472854,-2.0495955734102806,-0.17096098740577556,-0.3397799718916148,-0.048337987450139425,0.8057615585913486,-0.05200178557057165,1.2188623994511236,1.0283413387173892,0.08597946040321626,0.5504284354342472,-1.2342132191181492,-0.20449130212334335,0.5094774970443273,0.3286861769118086,-0.30267462612805834,-0.5949242953040893
06073017044,5674,0.8530224476852271,70.85306082085513,High,1.0,70.85306082085513,70.85306082085513,1.1092075888320287,65.05807264925092,1.0,0.2458912945605145,55.5951598876456,1.0,0.736603112698401,60.450223520349,1.0,0.5902695464593527,59.35512146672963,1.0,0.8435018327381048,62.25723133713736,1.0,0.6168225889730906,59.496961903132686,1.0,1.8288611695350983,68.96389975050622,1.0,131,225882.0,3.9,4.7,76.0,122,83.0,0.0,5574,223,12.7,8.3,47.05882352941176,3.371369294605809,11.824505082932047,85.89211618257261,13.277511961722489,2.1816336884830037,4.758547761720127,10.36714375,2.6970954356846475,32.22060957910015,99.32572614107885,24.0,42.298202326401125,0.8667556031746663,2.690567829043535,0.5867596727767276,0.29274725033318655,1.5588672321707715,-1.0752602731607706,0.0135929635791864,0.4863652556528707,-1.0375671147188918,1.0367318752840315,1.448496280508395,1.4987514097200691,0.548025758946566,0.5056234865547957,0.11399061326389963,1.1934383270721494,0.7733626784277802,0.6167302917962093,0.8282385274961019,1.1556758332323276,0.49374032193959894,0.3134534663990917,1.0432739785805814,2.267394737939566,1.3903276011306305
06073017049,2945,0.24902723885453118,56.11731502264388,Moderate,1.0,56.11731502264388,56.11731502264388,0.49849270043967936,56.7442387252709,1.0,-0.01176144250326247,49.741010715930834,1.0,0.4190524604927048,55.92637190735944,1.0,0.7248287317725479,61.492061619925266,1.0,0.29947229470386755,54.47713878430325,1.0,-0.18644909442439084,47.16429021240349,1.0,-0.00044497849942796985,49.99869305746332,1.0,217,120486.0,3.2,4.0,44.1,117,88.9,0.0,2794,282,16.7,11.8,31.98198198198198,6.866952789699571,6.504621704895584,72.85407725321889,11.036789297658862,0.0,39.72835314091681,45.57560672,3.2188841201716736,38.70967741935484,91.63090128755364,6.0,20.37351443123939,0.627211357384834,0.16168978027404673,0.7759742627195902,0.4290954013802463,0.030376329920741792,-1.0975790473032174,0.533791691716555,0.4863652556528707,0.807733414422133,0.7968197284158306,-0.057975596621065745,0.12963229575392132,1.4881732191153425,-0.02343524062745154,0.7546341985421334,0.6799427500601674,0.9073334102777089,0.948225856976042,-0.30520491582139864,-0.352465172616882,0.39631536009209684,-0.18293234033003886,-0.7727303030352305,-0.16740781749292022,0.16651786049406428
06073008310,6538,0.3598721075991313,58.82161099217427,Moderate,1.0,58.82161099217427,58.82161099217427,0.843031400752393,61.43454117118669,1.0,-0.09664333854670631,47.81240212795645,1.0,0.3075752769793113,54.338259167090435,1.0,0.4682246356905736,57.41692104059038,1.0,0.6756350603535421,59.85659141891431,1.0,0.4135686224923794,56.3763932459095,1.0,-0.09228690452757428,49.046528154894986,1.0,158,172399.0,6.2,0.0,77.9,166,64.2,0.0,6320,442,11.5,10.3,69.85294117647058,0.0,10.477210156011012,92.5111925111925,12.859884836852206,4.173166926677068,8.718262465585806,16.565028,4.884004884004884,28.270042194092827,97.1916971916972,8.0,12.23615784643622,0.7915498515894864,1.4072934668064618,-0.03494540846410708,1.2082276930777307,1.6499058752514946,-0.878855060707238,-1.6439894243839526,0.4863652556528707,-1.532744882610692,0.14621051656986236,1.900437843647233,0.7163976303108418,-0.8733483229694093,1.015882317553658,0.27623775123188393,1.4541267969461618,0.7983322172540562,0.3141201699161139,0.6998960154392747,0.8901918388047239,0.08541492911127181,0.6156548960527665,0.5396360423130999,0.103125799777356,-0.28769960883250456
06073015100,4811,0.07688279250411409,51.917485678128976,Moderate,1.0,51.917485678128976,51.917485678128976,0.012651401672606737,50.13034417622357,1.0,0.06891567010135277,51.574082071247894,1.0,0.06575000828046537,50.89319733438392,1.0,0.10833504225161696,51.701499078522765,1.0,0.12924679910773496,52.04276708570878,1.0,0.24862328029760983,53.843978878208596,1.0,-0.095342654182588,49.014847878812276,1.0,230,103244.0,7.5,5.7,37.3,365,83.7,0.0,4531,403,16.5,11.4,59.55555555555555,4.934770277935337,11.340421096518655,61.25921724333523,30.066445182724255,6.1734965407131455,20.16212845562253,27.81580585,2.3255813953488373,33.023027927486524,94.6114577424844,7.0,14.54998960715028,0.5910011806956733,-0.2520158187703526,-0.3863439326437092,0.09796417740881545,-0.2954461821576347,0.00943215016214808,0.07531145674802694,0.4863652556528707,-0.34524752770662964,0.30479651195731716,0.017347997235407017,0.28610305163576694,-0.23123366603503825,0.26900177934147457,0.17228612062634122,0.2232859350736903,-0.2304320823741382,0.010173453539574846,0.32897674002553123,0.4082690852399719,0.563106987568063,0.25207191068054435,-0.06930905735577787,-0.03214100885778211,-0.15854429950739388
06073016608,2471,0.21008945113795413,55.16734500078394,Moderate,1.0,55.16734500078394,55.16734500078394,0.7359166854410103,59.97635835816,1.0,-0.3503392442751285,42.04815644862628,1.0,0.2311051645702522,53.248859920185005,1.0,0.7725775588626332,62.25036277669359,1.0,0.878747595120942,62.761276199158104,1.0,-0.0031048428571505506,49.979183987069725,1.0,-0.7942767588968797,41.768696230021526,1.0,88,143882.0,2.3,5.1,34.6,200,84.9,9.210526315789473,2387,316,17.8,13.0,54.166666666666664,0.0,8.036080360803608,91.12207151664612,9.67741935483871,0.0,3.6422501011736137,20.68450529,0.9864364981504316,53.65853658536586,97.04069050554872,1.0,4.046944556859571,0.9865277260695824,0.7230548304563207,1.0192501640746996,0.21483402116343822,-0.4248168854828721,-0.7270873965385991,0.18111458789461055,-0.4305672829736536,1.077890722105729,0.6585652708985624,-0.47225536283166797,-0.3397799718916148,0.10480158286524023,1.015882317553658,0.570209260191619,1.3994170748400157,0.9886088795783756,0.948225856976042,0.864420034668281,0.7137356092610695,0.8131433421243025,-1.3264558323743587,0.5039979616786046,-0.8437418606686108,-0.7448116571251485
06073020021,5534,-0.08503699987524081,47.967108480898375,Moderate,1.0,47.967108480898375,47.967108480898375,-0.19518842248872315,47.30096206403181,1.0,-0.11453625828375814,47.40585561712978,1.0,-0.6310315615279043,40.96679218741176,1.0,-0.2489306904011702,46.02774676135758,1.0,0.37656789860254986,55.57967254729653,1.0,-0.3421400313574156,44.77395920721243,1.0,0.5600000663297359,55.80906882572766,1.0,575,79604.0,2.4,9.2,25.5,294,96.0,9.401709401709402,5019,593,18.6,13.7,62.264150943396224,15.478366849482022,4.901070974768561,50.09140767824497,21.514423076923077,5.089647194910353,24.213950126490783,17.43621655,3.1078610603290677,46.27791563275434,92.01706276660572,13.0,23.491145645103,-0.3699612006705142,-0.8192354198264714,0.9922195083685763,-0.5837765778264832,-0.8608440707642286,-0.3074944426605977,1.159793551000506,-0.44960007071071223,-0.6691707860594426,-0.4678019271097702,-0.7735497382575603,-0.6136037946848442,-0.40013370166202156,-1.3267780925725765,0.9477407792550507,-0.21655174662513357,0.2808853951012527,0.17486253647472214,0.19764885139308724,0.8528748114411373,0.417044857858022,-0.7618700434885092,-0.6815949084417595,0.7794598429530466,0.34054028970642514
06073020024,4220,-0.018502116488566863,49.59036825840181,Moderate,1.0,49.59036825840181,49.59036825840181,0.3381319846140465,54.561203098262645,1.0,-0.10615959580344245,47.596182458908046,1.0,-0.3083275442735217,45.56405904494858,1.0,0.048503085997320866,50.751305232844715,1.0,0.9837375608109558,64.26272344251674,1.0,-0.3780811952426406,44.22215265963886,1.0,-0.7073191115226865,42.67022370685434,1.0,230,99254.0,5.5,1.3,37.4,290,79.5,0.0,3961,688,15.7,14.0,86.13333333333333,2.146464646464646,7.4605451936872305,74.68434343434343,6.756756756756757,2.342786683107275,9.004739336492891,2.588674549,9.91161616161616,45.38653366583541,96.65404040404042,2.0,4.739336492890995,0.5910011806956733,-0.34775212199429145,0.15426918147875568,0.9550096982760483,-0.29065467462707023,-0.3253494619745552,-0.29499950226501503,0.4863652556528707,0.03310545848415601,-0.8541011466433138,0.3186423726612994,-0.7309568615962285,-1.8885456564875467,0.6910135637693008,0.6395177180494364,0.7520267186580929,1.1632325900567384,0.5922433656383436,0.6906107098028609,1.4888635777458803,-0.8533076830643643,-0.6936831532223892,0.4127472505588317,-0.7084750520334727,-0.7061631710119001
06073020025,5250,-0.21738105841541072,44.738294119395405,Moderate,1.0,44.738294119395405,44.738294119395405,-0.6797283795034283,40.704783047081634,1.0,0.27262085704055217,56.20248448988368,1.0,-0.45773818279225986,43.43554331567536,1.0,-0.3197671519526907,44.90278989834289,1.0,-0.10145754069046342,48.74349564824959,1.0,0.2560842840154594,53.95852805408191,1.0,-0.49168129502504443,44.9058340584121,1.0,773,82796.0,6.3,11.3,38.7,414,89.7,0.0,4923,637,17.7,12.5,68.87323943661971,5.186385737439222,20.22644406064095,60.66990815775256,38.501742160278745,2.4248813916710596,40.761904761904766,35.29558183,2.2690437601296596,46.326211568525274,98.97352782279847,4.0,7.6190476190476195,-0.9214700456285001,-0.7426463772473203,-0.06197606417023023,-0.9928210309676627,-0.2283650767297334,0.22815613675812757,0.6043271124809437,0.4863652556528707,-0.6054481778588893,-0.6467194603674115,-0.4345935659034309,-0.14419152703930796,-0.8122570062273599,0.2309196236923986,-0.8978075649050122,0.20007633962921062,-0.734770672588164,0.5797692129163307,-0.3387044533634599,0.08787575027343951,0.5736633241041676,-0.7655644750508783,0.9601540029930888,-0.43794143476319647,-0.5454211552868924
06073020106,3768,-0.037244341868499016,49.1331118681961,Moderate,1.0,49.1331118681961,49.1331118681961,-0.2650149684564821,46.35039361106796,1.0,0.024134079171499734,50.55659583594671,1.0,-0.02372131934074387,49.61858175112465,1.0,0.32360130152748734,55.120151710850514,1.0,0.6248456812854206,59.13025940525425,1.0,-0.2531030832830837,46.14094807491522,1.0,-0.6914520839835911,42.8347240324048,1.0,418,116850.0,11.6,4.7,18.1,369,91.9,0.0,3472,293,17.7,14.1,65.74585635359117,4.533091568449683,7.755102040816326,80.41704442429737,28.02547770700637,2.475685234305924,11.94267515923567,3.721219664,4.533091568449683,53.027522935779814,96.46418857660925,2.0,5.307855626326964,0.06734631780627261,0.07444737462937465,-1.4946008165947622,0.29274725033318655,-1.215415628025991,0.02728716947610559,0.7982995195830135,0.4863652556528707,0.3576924940057247,0.7520903451014204,-0.4345935659034309,-0.7700745505666897,-0.617242602631315,0.32979610082598765,0.6040458963564791,0.9778058115587978,-0.10840452814395428,0.572049654579632,0.5953861565327876,1.4403514421732175,0.15093516248573866,-1.2781859996005704,0.3679415872655806,-0.7084750520334727,-0.6744291159337096
06073009305,6104,0.005051977087020403,50.16502039199916,Moderate,1.0,50.16502039199916,50.16502039199916,-0.6962729813476272,40.479556718584675,1.0,1.327473227558506,80.16987253909532,1.0,-0.24730890341597986,46.43333541061958,1.0,-0.709433284069122,38.71448545727561,1.0,0.1710440524482972,52.640503930327256,1.0,0.7112935409085123,60.947379313095965,1.0,-0.5214318124734436,44.59739759836953,1.0,970,134102.0,12.6,6.4,57.8,1109,92.3,0.0,5700,637,16.9,9.8,58.44346549192364,11.762208067940552,23.976109215017065,41.31634819532909,27.53346080305927,3.285420944558522,14.580602883355176,41.91661481,1.8259023354564756,27.48212867355044,98.30148619957538,4.0,6.553079947575361,-1.4701934923796274,0.4883929142833578,-1.7649073736559946,-0.038383973638244334,0.6868128616080584,3.303147563007888,0.8335672299652072,0.4863652556528707,-1.121203037982118,-0.6467194603674115,-0.13329919047753852,0.9119860751631487,-0.16188700310743656,-0.7643351591599032,-1.3493586154430812,-0.5621523585660667,-0.07898729335560777,0.4490116769697765,0.5098854838688383,-0.19573365768981818,0.6564037852820033,0.6759268947674341,0.8015499426760996,-0.43794143476319647,-0.6049221901836906
06073009306,5589,0.20177799142424835,54.96456929037665,Moderate,1.0,54.96456929037665,54.96456929037665,0.29081183544621725,53.91702056903872,1.0,0.5634394664448539,62.810198193084176,1.0,0.21826346578541944,53.06591606742396,1.0,-0.011151113957046363,49.80393434253695,1.0,-0.29841380555900876,45.92685084790539,1.0,1.1540752203449707,67.74542933281444,1.0,-0.5045791285356676,44.772116649391066,1.0,208,155329.0,6.0,8.8,61.9,471,87.4,0.0,5132,364,15.8,9.9,40.85532302092811,4.179918218991367,21.567912488605288,47.88732394366197,39.1812865497076,2.9113365681517425,26.12274109858651,62.09085252,1.1812812358019082,16.930807885581757,100.0,4.0,7.1569153694757555,0.6522799412465606,0.9977148462469041,0.019115902948139453,-0.505863348656735,0.8832646703611972,0.48259016198202204,0.4015377777833259,0.4863652556528707,-0.744177606128844,0.46338250734477193,0.28098057573306234,0.8728683861926875,0.9348577906329945,0.38324910602565193,-1.0593530504276347,-0.30335830205919717,-0.7754000019721022,0.5058531680214383,0.13578100315871888,-1.05988939144409,0.776763210288857,1.4830575967925976,1.2024048539534578,-0.43794143476319647,-0.5712168223081385
06073018613,3572,-0.14913807269179055,46.40322668083251,Moderate,1.0,46.40322668083251,46.40322668083251,0.41448163785066494,55.600572449210766,1.0,-0.47220005047762614,39.27934698118305,1.0,-0.11059358838968716,48.38099256108086,1.0,-0.5522892288670338,41.21009689112698,1.0,0.2788915076518644,54.18281574321742,1.0,0.08106672619851456,51.271474439120176,1.0,-0.6833235128092308,42.91899643951746,1.0,149,81042.0,3.3,1.7,24.2,289,92.7,20.0,2954,421,19.4,12.9,72.76051188299817,7.385892116182573,20.3480213303396,52.033195020746895,17.404129793510325,7.73353751914242,33.034714445688685,16.24144368,5.145228215767634,38.839285714285715,96.59751037344398,2.0,5.599104143337066,0.816618435451213,-0.78473196016832,0.7489436070134671,0.8770964691062998,-0.9231336686615653,-0.3298132168030446,0.868834940347402,-1.5046882567932967,0.7015290674212107,0.2316029756246457,-1.0748441136834515,-0.3006622829211536,-1.0546558737852532,-0.1019770291269265,-0.9124484305806858,-0.14007558197526976,0.5266360219539367,-0.22687214608522233,-0.08825029429079093,0.9040524490295341,0.03664102142164255,-0.192846817974878,0.3994059751487791,-0.7084750520334727,-0.6581719735849889
06073009510,4109,-0.39058699536625724,40.51256745744085,Moderate,1.0,40.51256745744085,40.51256745744085,-0.652910940826092,41.06985639909505,1.0,0.3071556681930947,56.98715279346137,1.0,-0.12435580923978708,48.18493487844472,1.0,-1.3835495965136997,28.008815586920527,1.0,-0.34241009724164306,45.297665854551525,1.0,0.16570773976903727,52.57097229708125,1.0,-0.703745931704711,42.70726840485206,1.0,521,60497.0,10.7,5.5,23.3,790,80.6,0.0,3087,204,24.9,10.9,92.91866028708137,1.6267123287671232,28.802186878727635,2.054794520547945,8.200455580865604,21.293800539083556,10.221465076660987,56.26633479,3.8527397260273974,37.285491419656786,96.1472602739726,2.0,4.867364322219518,-0.2195496975001544,-1.2776899425582506,-1.2513249152396528,0.1369207919936897,-0.9662572364366444,1.9065279522701333,-0.1980132987139808,0.4863652556528707,0.613246703976694,1.1139917191907402,-2.7063531566146564,0.4816914964880738,-2.264895019014154,0.7696783989926684,-1.930535960434412,-2.1084458055989015,1.07691517508224,-2.287331277016722,0.6511741216504551,-0.8103984086825453,0.27796599749902073,-0.07398823097631314,0.2931454527844042,-0.7084750520334727,-0.6990168113759493
06073012501,3905,-0.9727925653099134,26.30842617360289,Low,1.0,26.30842617360289,26.30842617360289,-2.002228380945302,22.701217741191478,1.0,0.06778728161552064,51.54844386303405,1.0,-0.930823701593321,36.69592973766933,1.0,-0.47228827537126394,42.48059544104859,1.0,-0.8784665777367411,37.63159491496972,1.0,-1.6186703480970308,25.175323247550278,1.0,-0.9748579550412555,39.89653299838602,1.0,997,40000.0,16.1,16.6,11.0,431,94.6,0.0,3435,601,19.4,19.5,57.29847494553377,16.955941255006675,8.092189500640206,34.979973297730304,46.64634146341464,2.600780234070221,63.76440460947504,78.45675171,17.95727636849132,23.43149807938541,79.90654205607477,0.0,0.0,-1.5453992439648072,-1.7273626389792627,-2.7109803233703085,-2.0251713174668295,-1.5556126626960602,0.304039968842447,1.036356564662825,0.4863652556528707,0.38225224924968804,-0.5003323877020686,-1.0748441136834515,-2.530370554237452,-0.09048876291771954,-1.5504098940732787,0.5634523525758991,-0.8117067970699569,-1.2217287182066785,0.553041680020497,-1.084262867241577,-1.7609164055192055,-2.355540602245785,0.9857827299573755,-3.486253172002682,-0.979008669303749,-0.9707072407787621
06073012502,4789,-0.6086351195594493,35.19282040827456,Low,1.0,35.19282040827456,35.19282040827456,-0.618695512753973,41.535640666084674,1.0,0.19764384840425048,54.49892566878252,1.0,-0.7145155080773198,39.777473306681934,1.0,-1.019686593431135,33.78733943677646,1.0,-1.1348964458720325,33.96442618988101,1.0,-0.624995372045784,40.43126653575564,1.0,-0.3453002531401512,46.42342952392385,1.0,593,61936.0,5.4,11.3,16.7,595,98.5,8.333333333333332,4258,618,19.0,15.2,57.73524720893142,22.89085545722714,15.021459227467812,24.07079646017699,39.103869653767816,5.09518477043673,79.13969513468365,92.96826385,9.43952802359882,45.613249776186215,93.21533923303836,5.0,10.440593025683858,-0.42009836839396747,-1.2431624888391408,0.18129983718487883,-0.9928210309676627,-1.2824967334538921,1.0360957607147048,1.3802167408892214,-0.3432403745330322,-0.16403636063630597,-0.5694596164607028,-0.9241969259705058,-1.2003691292417646,-0.11772459562271143,-2.4486628347252886,-0.2710005640956021,-1.2413583792809377,-0.7707713174976955,0.1740211111985481,-1.582607712056373,-2.360227865132609,-0.7651624813718172,-0.711025961481666,-0.3987976732838688,-0.30267462612805834,-0.3879258801522441
06073013420,3174,-0.1365256942092767,46.710932438282065,Moderate,1.0,46.710932438282065,46.710932438282065,-0.9209394835665198,37.42110829489178,1.0,-0.0969139224300263,47.80625416913999,1.0,0.5147006346268375,57.28898333275156,1.0,-0.6773641191780215,39.22377723082296,1.0,-0.0219133640267411,49.88104611787833,1.0,0.5993494731400729,59.22869625224946,1.0,-0.35259907803053886,46.34775945480433,1.0,476,79757.0,4.9,25.0,36.7,209,87.7,2.922077922077922,2819,259,16.2,11.5,74.00346620450607,12.084592145015106,14.63726430169383,41.893252769385704,56.34517766497462,0.0,35.28670447385003,15.706285,2.8197381671701915,32.511923688394276,99.29506545820746,4.0,12.60239445494644,-0.09420677819152123,-0.8155643284998392,0.31645311571549506,-3.090439943290214,-0.3241952273410205,-0.6869136030821947,0.4279885605699715,0.1954645801331385,0.7911389852032388,0.8903448026186885,0.13033338802011682,0.2469853626653057,-1.1321628466346603,-0.8131281889130982,-0.22473413357388752,-0.53943130759044,-1.8016131478393658,0.948225856976042,-0.16124193105163884,0.9269757658079982,0.4708412752736115,0.2911691887935323,1.036037955353075,-0.43794143476319647,-0.26725672129788125
06073019808,4584,0.21283363193211863,55.23429511895694,Moderate,1.0,55.23429511895694,55.23429511895694,0.90668514117152,62.30107748222676,1.0,0.3244404102492779,57.37988084884571,1.0,0.1339458299419966,51.86472038332046,1.0,0.5527169862499055,58.75874765857908,1.0,0.36069946655655916,55.35274025528852,1.0,0.18620554439682704,52.88567615143105,1.0,-0.9748579550412555,39.89653299838602,1.0,72,109675.0,0.0,0.8,53.6,340,87.7,0.0,4473,770,11.5,11.8,31.54121863799283,5.8329836340746954,13.93979057591623,73.43684431389006,23.8562091503268,8.906727828746178,10.471204188481677,12.50777847,0.0,49.8744769874477,97.44020142677296,0.0,0.0,1.0310940973793186,-0.0977100127470066,1.640955245315534,1.0524012347382339,0.4855695453243557,-0.10216172055008635,0.4279885605699715,0.4863652556528707,-0.3067484519187953,-1.1875383677143725,1.900437843647233,0.12963229575392132,1.5156579238582626,0.13305663152733635,-0.1407413020459805,0.7028946916600038,0.14087217565136945,-0.4051364380232639,0.6430795624796599,1.0639825661184712,0.9973242970865002,-1.0369915329612107,0.5982838690651917,-0.979008669303749,-0.9707072407787621
06073014901,4994,-0.2369812820207272,44.26010504038733,Moderate,1.0,44.26010504038733,44.26010504038733,-0.806945519044693,38.97294026654281,1.0,0.2898416723590548,56.59376006056823,1.0,-0.31738419744991275,45.435037250171206,1.0,-0.7585242979997268,37.93486897412565,1.0,-0.3084173622897021,45.78379134142429,1.0,0.35278382281376475,55.443161073386676,1.0,-0.11022309253387555,48.860575949360516,1.0,565,83018.0,8.4,14.0,46.3,336,90.3,0.0,4512,519,18.0,12.7,64.9953574744661,12.291105121293802,20.80148729601322,39.02964959568733,45.79288025889968,5.6939501779359425,21.425710853023627,47.47977598,6.954177897574124,26.614481409001954,97.52021563342318,7.0,14.016820184221066,-0.34210721860192905,-0.7373196957145598,-0.6296198339988185,-1.5187353278634645,0.13578949559315742,-0.12001673986404386,0.6572286780542349,0.4863652556528707,-0.33263576150027013,-0.16689516663100987,-0.5475789566881407,-0.22242690498023043,-0.5704437016248093,-0.844384055789107,-0.967056782194219,-0.6522126523907716,-1.1707010635985735,0.08303971582639343,0.2880214310698317,-0.43402953245646003,-0.30111420205030365,0.7422981822884966,0.6171674882031012,-0.03214100885778211,-0.18830517620996898
06073016503,2912,-0.1444286365492398,46.518123376758105,Moderate,1.0,46.518123376758105,46.518123376758105,-0.009930076406166,49.82293614987086,1.0,-0.39257012555773063,41.08862509841154,1.0,0.02577820319754695,50.3237558495611,1.0,-0.1273023408137654,47.959331761632946,1.0,-0.017951624722329335,49.937702413729276,1.0,0.32235734159764756,54.97602173398483,1.0,-0.8113818331398817,41.59136053972883,1.0,234,109023.0,6.0,8.9,20.9,216,90.9,10.344827586206897,2687,355,18.2,13.8,48.818897637795274,13.564668769716087,13.448275862068964,59.93690851735016,34.21926910299003,8.38150289017341,19.230769230769234,28.6372122,3.995793901156677,34.568896051571315,97.37118822292324,1.0,3.4340659340659343,0.5798595878682393,-0.11335414049187079,0.019115902948139453,-0.525341655949172,-1.081253417170189,-0.6556673192827691,0.7101302436275273,-0.5434900094054917,0.8787575714789997,0.4999792755111076,-0.6229025505446135,-0.652721483655306,0.4382727183312607,-1.0371387028360375,-0.08155095404020521,0.1712075752899204,-0.47872557659574067,-0.32532939306523084,0.35916401145402,0.37308445931763423,0.2512558599118142,0.13381964167043042,0.5819965232106981,-0.8437418606686108,-0.7790218056111525
06073017022,5695,0.6918637481005648,66.92125209865127,High,1.0,66.92125209865127,66.92125209865127,0.3035214753477794,54.09004047961161,1.0,0.26611455225635944,56.054654200179144,1.0,0.16357257876144335,52.286785381466565,1.0,0.37463167373805767,55.93056722544707,1.0,0.18068725325131768,52.778410035617334,1.0,0.4469678626499829,56.88917350705525,1.0,3.1075508406990138,82.22062768308244,1.0,241,135848.0,5.4,6.5,61.4,364,79.6,0.0,5545,526,13.8,10.0,60.798548094373864,2.8927458834000888,8.879082082965578,74.89986648865154,19.42215088282504,2.473958333333333,21.59789288849868,49.90665837,6.275033377837117,28.521889900303428,98.79839786381842,35.0,61.45741878841089,0.5603618004202296,0.5302865447166905,0.18129983718487883,-0.057862280930681374,0.8593071327083753,0.004968395333658703,-0.28618257466946695,0.4863652556528707,-1.0183175768249746,-0.19535931964927097,1.0342165142977926,0.8337506972222263,-0.3087430220034303,0.5780634363049679,0.468691311901387,0.760514968749306,0.40598041090487313,0.572312054274384,0.28244065654020395,-0.5379841087141903,-0.17430879041251404,0.5963896286988466,0.918822749663616,3.755329632926085,2.4597720484719425
06073009901,1310,0.18969019489489342,54.66966182370666,Moderate,1.0,54.66966182370666,54.66966182370666,1.3602752355554655,68.47592729503802,0.75,-0.23611109764112245,44.64354362605204,1.0,1.315781366346369,68.70124255864916,1.0,-0.6402392748197402,39.813358465323574,0.75,0.18786250117388614,52.88102228187298,0.75,0.03443833429366302,50.555586327146685,1.0,-0.694175700644267,42.806487122482515,1.0,0,,0.0,0.0,53.9,350,61.6,0.0,13,9,19.5,5.5,,0.0,33.51145038167939,44.44444444444444,,0.0,6.106870229007633,64.64219042,0.0,63.7239165329053,100.0,1.0,7.633587786259542,1.2316427682731317,,1.640955245315534,1.2082276930777307,0.4999440679160486,-0.057524172265192575,-1.8732295418682166,0.4863652556528707,2.599400748327692,1.8996023424947468,-1.1125059106116884,1.8766282851747265,,1.015882317553658,-2.4976460341263813,-0.4389541078864973,,0.948225856976042,0.784536618278905,-1.1691749717332887,0.9973242970865002,-2.096414148158969,1.2024048539534578,-0.8437418606686108,-0.5446095406199232
06073017045,2293,0.9910948524287433,74.22163035303251,High,1.0,74.22163035303251,74.22163035303251,1.2315555468410428,66.72362988906647,1.0,0.30314714314710733,56.89607476399741,1.0,1.4878350831299023,71.15233336506279,1.0,1.1726615244149037,68.60411327427892,1.0,0.9592123924660474,63.91199234014559,1.0,0.4859215375599392,57.487231292162264,1.0,1.297330739442261,63.45329427794297,1.0,44,228750.0,6.0,0.8,79.4,42,87.8,0.0,2256,109,11.8,8.3,36.17021276595745,0.0,4.497816593886463,92.44332493702773,5.762711864406779,1.9753086419753083,6.541648495420846,9.433727442,1.0075566750629723,38.507109004739334,98.36272040302268,12.0,52.33318796336677,1.109085247171357,2.7456198025064404,0.019115902948139453,1.0524012347382339,1.7217784882099598,-1.4323606594399207,0.43680548816551956,0.4863652556528707,1.1648455312127342,1.5002909387242838,1.787452452862523,1.4987514097200691,1.2270074754966815,1.015882317553658,0.9963024325826494,1.451453872026626,1.2226656130968574,0.6480810351698059,0.7704445588573743,1.1956583627401522,0.8091999211742301,-0.16743672703362858,0.816001418539216,0.6441930343179084,1.9504684445666138
06073013503,6247,-0.10393993781049218,47.50593116660728,Moderate,1.0,47.50593116660728,47.50593116660728,-0.7856834292588515,39.26238708815472,1.0,-0.15717925681439088,46.43696051680044,1.0,-0.6725410517957894,40.37544471828073,1.0,-0.2042556512077742,46.7372329616177,1.0,0.45905920805708417,56.75936956279271,1.0,0.5970895793300576,59.19399998572983,1.0,0.03593103701621851,50.37581891672138,1.0,525,104500.0,9.9,14.7,32.1,545,74.4,6.415929203539823,5699,598,18.1,13.4,61.23456790123457,11.052072263549416,11.759868421052632,56.96068012752391,26.687598116169543,2.081165452653486,24.811909716663997,12.73179838,0.5844845908607864,33.34618350038551,97.76833156216792,9.0,14.406915319353288,-0.23069129032758845,-0.2218792782066265,-1.0350796695906672,-1.655083478910524,-0.544604573746981,0.8129080192902359,-0.7446628096379938,-0.1523576631628246,-1.1205392608133624,-0.4881334649799567,-0.5852407536163777,-0.4962507277734604,-0.33593193373363645,-0.6568556652999981,0.12177444231883833,0.053990551883699466,-0.028413947075594418,0.6319962710459546,0.17826774905347167,1.0543867592045049,0.8881931666921214,0.22735189792965588,0.6757236733683952,0.23839260841249413,-0.1665305343800571
06073020017,3013,-0.5770088197147265,35.9644111564066,Low,1.0,35.9644111564066,35.9644111564066,-0.8814321212987657,37.95893315377684,1.0,-0.5370752397243089,37.80531243483435,1.0,-0.4698483452615483,43.26302098690758,1.0,-0.8314337850646122,36.7769903046375,1.0,-0.8448382682351327,38.11250880296048,1.0,0.019633959218413242,50.328293991112574,1.0,-0.49406793763713164,44.88109070394992,1.0,380,73312.0,11.7,12.4,20.6,179,74.7,0.0,2674,363,20.7,16.4,72.8169014084507,15.233644859813085,13.224821973550355,32.149532710280376,65.06550218340611,0.0,50.116163292399605,69.15992533,8.037383177570094,28.539823008849556,94.76635514018692,3.0,9.956853634251576,0.17319144966689617,-0.9702060513766025,-1.5216314723008852,-1.207082411184471,-1.095627939761882,-0.8208262479368761,-0.7182120268513482,0.4863652556528707,0.8873866746728246,0.4674488149188092,-1.5644474737505263,-1.6697813968873008,-1.0581721586097335,-1.289739267852905,-0.05464166108917028,-0.9231820527066402,-2.322993270618348,0.948225856976042,-0.6418952456345987,-1.3626904136636262,-0.5033631894547903,0.5950178229523249,-0.03275275584229483,-0.5732082433983345,-0.4149276318759288
06073015403,2580,0.21493994845553666,55.28568318364002,Moderate,1.0,55.28568318364002,55.28568318364002,0.20152622689373173,52.70155041198899,1.0,0.22782826509604825,55.18474829961776,1.0,0.8806996697159332,62.503034425828574,1.0,0.7749653734081439,62.28828376119428,1.0,0.43439289905835615,56.40662002709594,1.0,-0.039974839942201,49.41311701535118,1.0,-0.9748579550412555,39.89653299838602,1.0,80,160625.0,6.3,12.7,54.9,277,85.8,0.0,2458,229,14.0,10.8,47.10743801652893,2.6506024096385543,6.140691799455888,84.57831325301206,40.78947368421053,0.4796163069544364,12.015503875968992,10.71561917,2.891566265060241,40.998959417273674,93.97590361445783,0.0,0.0,1.0088109117244506,1.124787393082488,-0.06197606417023023,-1.265517333061782,0.5478591432216922,-0.3833782747449171,0.2604669362545473,0.4863652556528707,1.0307625431240697,1.0123340298398076,0.9588929204413199,0.520809185458535,0.54499430262683,0.6147120010448953,0.7984602268294132,1.1416949631314368,-0.8715520206116025,0.8753489667892761,0.593025627768858,1.140749022286893,0.45743000380574456,-0.3580525762933625,-0.21930194733898506,-0.979008669303749,-0.9707072407787621
06073010103,6497,-0.7025415279693317,32.9017741500932,Low,1.0,32.9017741500932,32.9017741500932,-1.5696068064048618,28.590617182767343,1.0,0.3078366436433071,57.00262529304841,1.0,-1.4049985992786314,29.940796782239776,1.0,-0.20141500022239048,46.78234546090753,1.0,-0.7351108129265072,39.68170624207885,1.0,-0.8925920069089037,36.3228415638302,1.0,-0.42190411368733405,45.62924422567659,1.0,1488,66222.0,8.9,13.7,12.3,804,85.9,0.0,5641,909,19.3,16.6,62.225705329153605,9.011893870082345,8.522550544323483,41.07959743824337,54.275741710296685,5.080330004342162,36.01662305679544,66.62103298,4.071363220494053,54.29458433942739,88.38060384263495,5.0,7.695859627520393,-2.9130297635323377,-1.1403239435715213,-0.7647731125294347,-1.460300405986153,-1.4933230647987237,1.9690205198689847,0.26928386385009667,0.4863652556528707,-1.082040185025528,-1.7527551205055576,-1.0371823167552157,-1.7480167748282247,-0.3977363463226343,-0.348073401741605,0.5116263965544535,-0.571476649379776,-1.6778834896308092,0.17627826789177697,-0.18490009623225614,-1.2539379337347398,0.23714605210614376,-1.3751107525093427,-1.5398113203235122,-0.30267462612805834,-0.5411336012466097
06073018504,6885,-0.057735722691418606,48.63318111635214,Moderate,1.0,48.63318111635214,48.63318111635214,0.12784419634145947,51.69849616059228,1.0,-0.08252799352205872,48.133118050970516,1.0,-0.6183811060375098,41.14701157313107,1.0,0.03354343200700772,50.51373033065274,1.0,-0.6783042523171008,40.49408915192289,1.0,0.2741545706914689,54.23596209979606,1.0,0.5395210939968031,55.59675447715758,1.0,234,96023.0,8.5,1.0,42.8,589,62.5,0.0,5585,610,17.7,13.3,67.22173531989483,6.215360253365003,6.013395457192778,54.43388756927949,19.851576994434136,4.354411207875804,95.86056644880172,66.65836963,5.740300870942201,31.27347217480369,97.07046714172604,14.0,20.334059549745824,0.5798595878682393,-0.42527693295081936,-0.6566504897049417,1.0134446201533596,-0.03191326797659505,1.0093132317437685,-1.7938771935082791,0.4863652556528707,-1.0448686635752051,-0.5369291558684043,-0.4345935659034309,-0.4571330388029992,-0.7092740707157863,0.07518369334979906,0.8137898081952258,-0.04552570280120769,0.38030542159432357,0.2865804065961931,-2.1245656026432433,-1.2555372348156766,-0.07446704291645155,0.38590540804755197,0.5110253469433064,0.9147266515881847,0.16431553640542162
06073020801,5146,0.29163745233106647,57.156881669891476,Moderate,1.0,57.156881669891476,57.156881669891476,0.6810932735449382,59.23003179839702,1.0,0.25329236967364976,55.76332032807839,1.0,-0.14629739484419457,47.872353321018885,1.0,0.954496950603182,65.13943238536032,1.0,0.3127841832544519,54.667510294921556,1.0,-0.7452087811048452,38.58562385048358,1.0,0.7313015651902831,57.58502542884131,1.0,199,148688.0,4.7,1.9,37.5,534,83.4,0.0,4508,574,15.7,12.6,26.683291770573565,4.502501389660923,6.1794414735591205,77.70983879933297,25.563909774436087,3.590568060021436,6.412747765254567,36.52769135,0.6114508060033352,70.68480300187618,92.82934963868816,14.0,27.20559657986786,0.6773485251082872,0.8383702874222981,0.3705144271277416,0.8381398545214257,-0.28586316709650583,0.7638067161768528,0.04886067396138135,0.4863652556528707,-0.3299806528252471,-0.39054208320306144,0.3186423726612994,-0.1833092160097692,1.8185839439880205,0.3344259433335329,0.7937938218761864,0.871184093214988,0.03877033767665235,0.4026450866309042,0.7746224971061448,0.03509881160410633,0.8831582118156714,-2.6288920526147157,-0.48989250251549166,0.9147266515881847,0.5478764787923815
06073018608,3223,0.18305785563915306,54.507851822747725,Moderate,1.0,54.507851822747725,54.507851822747725,0.5501221441631927,57.44708489598518,1.0,0.1934289916957461,54.40315956053085,1.0,0.19801592877363824,52.77746805973264,1.0,1.0867275057160488,67.23939146316195,1.0,0.04619215257844694,50.8550138631988,1.0,0.02754834206000008,50.449803920115926,1.0,-0.8206300755130009,41.49548001784789,1.0,128,133026.0,1.8,7.7,36.0,214,97.7,0.0,2966,611,15.4,11.6,24.031007751937985,4.724409448818897,6.019236735960285,87.30314960629921,55.41666666666667,1.2633624878522838,12.72106732857586,23.23584319,2.1653543307086616,55.064935064935064,98.81889763779527,1.0,3.1026993484331364,0.8751117977952418,0.4625753046921402,1.1544034426053158,-0.2916019684399267,-0.35773578005497114,-0.6645948289397479,1.3096813201248327,0.4863652556528707,0.6935637413961415,-0.5409954634424416,0.43162776344600856,0.2078676736948445,1.9839725683840606,0.300840021127875,0.8130863759005114,1.2490110574517481,-1.7460983356008746,0.7562600543995316,0.5701568625432598,0.604450028971871,0.5930235344837034,-1.4340392728699018,0.9236607645661987,-0.8437418606686108,-0.7975182903573911
06073005900,3194,-0.40738668994251326,40.102703231460396,Moderate,1.0,40.102703231460396,40.102703231460396,0.447230779730225,56.04639574894438,1.0,-1.475887971592388,16.47447062312724,1.0,0.626140321889227,58.876561898474215,1.0,-0.5679465026739651,40.961443058913794,1.0,-0.5140473275092724,42.843105130111184,1.0,-0.3923381744001642,44.00326452143431,1.0,-0.9748579550412555,39.89653299838602,1.0,247,82686.0,2.6,0.8,66.4,337,66.7,100.0,2905,337,16.1,9.5,52.679589509692136,1.378982406086543,26.58831003811944,14.645744174988112,36.53846153846153,3.884826325411334,54.16405760801503,61.24455507,17.59391345696624,20.49967969250481,94.48407037565384,0.0,0.0,0.5436494111790786,-0.7452857239527422,0.9381581969563297,1.0524012347382339,1.0988825092365935,-0.11555298503555449,-1.4235662344952373,-5.463315176075354,0.7340541486902431,0.5731728118437791,0.16799518494835255,1.029339142074533,0.19753133715803797,0.8071724762367964,-1.6639312445514913,-1.6125585795392035,-0.6173879433687276,0.3579330387242322,-0.7730958405914665,-1.0236385648011277,-2.2876958619426664,1.2100542387443611,-0.09937290000218743,-0.979008669303749,-0.9707072407787621
06073020500,4261,-0.2387163569101544,44.21777420375544,Moderate,1.0,44.21777420375544,44.21777420375544,-0.1243966522926587,48.26467038649295,1.0,-0.0932758113612163,47.888915991959315,1.0,-0.4325188203311876,43.7948203404764,1.0,0.033867445274335675,50.518875999151774,1.0,-0.7253914329254756,39.82070177573576,1.0,-0.8189048303449287,37.45416459582935,1.0,0.4896056036100502,55.07925903584696,1.0,605,83523.0,2.4,7.8,20.0,286,94.7,4.390243902439024,3513,490,18.7,15.2,43.962848297213625,10.641509433962264,10.280594199481255,47.69811320754717,23.25056433408578,8.240997229916898,85.19126965501056,60.59738643,4.226415094339623,51.016260162601625,88.37735849056604,11.0,25.81553625909411,-0.4535231468762696,-0.7252026949305777,0.9922195083685763,-0.31108027573236374,-1.1243769849452683,-0.3432044812885127,1.0451734922583744,0.04930472853054137,0.3304776300867384,-0.04897224698392811,-0.811211535185796,-1.2003691292417646,0.7410816614139307,-0.5947167267352095,0.2999151032268864,-0.31081025680826496,0.17708311802911886,-0.3039797945952488,-1.7787517107842652,-0.9959173443515075,0.20819578288242716,-1.1243330397016125,-1.5405772342156008,0.5089262256827704,0.47028498153733
06073019001,6507,-0.029405992920796566,49.32434503674165,Moderate,1.0,49.32434503674165,49.32434503674165,0.2890021291680131,53.89238452735357,1.0,-0.5411837445666211,37.71196275614006,1.0,-0.6284077970108587,41.0041705434633,1.0,0.7322341065460518,61.60966669211807,1.0,0.17875963952387347,52.75084349344056,1.0,-0.14558633797636522,47.791658225079175,1.0,-0.09065994612966945,49.06339553509288,1.0,339,133157.0,6.6,3.4,37.0,97,75.2,4.824561403508771,6272,756,14.5,13.8,49.7737556561086,6.409681757059614,2.6871699285492388,88.34603316898252,15.568862275449105,13.08920919361122,11.679729522053172,25.31425016,3.809950694755715,37.69926755708746,92.29045271178845,8.0,12.294452128477024,0.2873927761480953,0.46571852667768804,-0.1430680312885999,0.545965245134869,-0.3098207047493276,-1.186854143873005,-0.6741273888736051,0.0060672592294532205,-1.5008835785104153,-1.1306100616778503,0.7705839358001373,-0.652721483655306,0.3787305829367225,0.045773013400913,1.2143484100833555,1.2900844197632164,0.6363649663156482,-1.040657438280708,0.6039087664009781,0.5154222636595754,0.28595528485436755,-0.10564032752393175,-0.6170739712595315,0.103125799777356,-0.2844456920366949
06073009505,6286,0.9292614284581037,72.71307266227146,High,1.0,72.71307266227146,72.71307266227146,0.3493914071239494,54.714480790695646,1.0,0.04074574515985871,50.93403087426529,1.0,-0.2763646432485727,46.01940505149332,1.0,0.33408269317170225,55.286607137982884,1.0,0.44647457113663586,56.57939837898773,1.0,1.02814496942845,65.81201567889866,1.0,4.5823552564347025,97.51056185090431,1.0,122,121960.0,6.3,4.3,58.6,488,74.8,9.01639344262295,6121,874,13.7,10.0,63.67041198501872,0.8187967248131008,9.529880478087648,69.34852260590958,30.369127516778523,3.0710835058661146,7.317849188673242,18.49408836,0.7831968672125312,17.56924348904506,98.29120683517266,107.0,170.2195354756602,0.8918241870363929,0.1970570261266998,-0.06197606417023023,0.37066047950293507,0.7251449218525735,0.5584739940663415,-0.7093950992558001,-0.4112408360236801,-1.400653226028295,-1.610434355414252,1.0718783112260297,0.8337506972222263,-0.4878240008839477,0.8919569260822142,0.3903193274955541,0.5418785199929882,-0.24852917866438368,0.4815798898432874,0.7452862951231184,0.8075612782445213,0.8510909133896537,1.4342200164387926,0.799123978456904,4.518234433628263,4.6464760792411415
06073016504,6521,-0.7447689493928032,31.8715465278992,Low,1.0,31.8715465278992,31.8715465278992,-1.6581300539708437,27.38552526072118,1.0,0.4277154123167961,59.72640072168815,1.0,-1.1871224666399305,33.044677335541415,1.0,-0.7439146615052252,38.16688523355845,1.0,-0.6985321269288862,40.2048130637247,1.0,-0.709838795740242,39.12866106469558,1.0,-0.643559953281292,43.33124243022204,1.0,1292,70394.0,12.6,13.7,20.0,651,94.9,0.0,5565,638,21.5,15.2,69.98037933289731,10.3878733838609,16.242087386135555,27.15113687026304,42.659758203799655,4.390451832907076,51.52583959515412,70.13067828,13.33036112349532,30.527926549349655,90.3254569772626,3.0,4.600521392424475,-2.367091714988069,-1.0402207212531573,-1.7649073736559946,-1.460300405986153,-1.1243769849452683,1.28606603111011,1.062807347449472,0.4863652556528707,-1.0315931202000899,-0.6507857679414487,-1.8657418491764188,-1.2003691292417646,-0.8812949912895794,-0.5563287534476307,-0.41799393674902646,-1.1200409645346645,-0.9833745990482139,0.2811040943136836,-0.687585759071304,-1.4042722439097106,-1.4916333259534231,0.44293644483971006,-1.0808195061070127,-0.5732082433983345,-0.7139116631642495
06073007905,2674,-0.3006637867770197,42.70643509704652,Moderate,1.0,42.70643509704652,42.70643509704652,0.31934825805199785,54.30549493381718,1.0,-1.4467531444202644,17.136445443583042,1.0,0.8539022441801272,62.121276190120085,1.0,-0.681308659589442,39.161133816540634,1.0,-0.19899363472427725,47.34864521132856,1.0,-0.14799024145668935,47.75475097064485,1.0,-0.8028513294805901,41.679799954458865,1.0,345,123571.0,7.4,0.4,71.8,433,60.2,59.74025974025974,2368,139,17.7,8.6,47.90307548928239,3.716690042075736,31.75018698578908,20.336605890603085,5.607476635514018,18.187033849684457,67.31488406881077,14.31238332,3.0855539971949506,46.038863976083704,94.3899018232819,1.0,3.7397157816005984,0.2706803869069442,0.23571145833065105,-0.3593132769375861,1.130314463907982,1.3576239158870684,0.31296747849942574,-1.996666528205897,-5.4609374438616545,1.0905024883120886,1.3783017115031648,-0.4345935659034309,1.3813983428086856,0.49538069178724514,0.4533589775300552,-2.2855470055610323,-1.3884273021140363,1.2319469835927215,-1.8152633102352056,-1.1993412218443615,0.9866830095897366,0.42120988642108426,-0.7435836189407065,-0.12159699185044585,-0.8437418606686108,-0.7619607982925696
06073007910,3021,0.1947077155019189,54.79207489440891,Moderate,1.0,54.79207489440891,54.79207489440891,0.49474974816681705,56.693284860917146,1.0,0.6263421449748543,64.23941516012106,1.0,0.8562207490387655,62.15430579302477,1.0,-0.1937584220389837,46.90393990515242,1.0,-0.7988801216564368,38.76975001679411,1.0,0.7130656928784561,60.974587253924845,1.0,-0.3347857828500399,46.53243757735114,1.0,260,103250.0,3.3,1.2,79.1,880,60.2,0.0,2885,213,16.9,7.7,45.00393391030684,1.7241379310344829,19.596160211850385,20.44334975369458,24.69135802469136,10.867178924259056,139.35782853359817,15.14623522,5.295566502463054,24.183976261127597,100.0,4.0,13.240648791790798,0.5074392344899179,-0.2518718544046023,0.7489436070134671,0.9744880055684854,1.7074039656182662,2.308265886834177,-1.996666528205897,0.4863652556528707,0.7473296920653584,1.0773949510244045,-0.13329919047753852,1.7334575435428377,0.676162627020106,0.7549329737430992,-0.821906031743737,-1.384223257175403,0.09093939829490894,-0.7030236806640565,-3.5344014875636867,0.9509652833070869,0.008570842284048969,0.9282213823978616,1.2024048539534578,-0.43794143476319647,-0.23163013093688328
06073014902,3018,0.313982454653241,57.702035454666444,Moderate,1.0,57.702035454666444,57.702035454666444,0.25248987065501816,53.3953328601418,1.0,-0.1413215648765182,46.79726444829109,1.0,0.35386165202994657,54.99765851323512,1.0,-0.13451093804162687,47.84485172202378,1.0,-0.41902797518096735,44.201963985635395,1.0,0.5393761893879746,58.307923325708266,1.0,1.7470099485988602,68.11531280140449,1.0,120,74792.0,4.0,3.7,35.1,224,88.7,5.4945054945054945,2675,243,17.4,12.4,72.71750805585391,1.6238159675236803,8.53413654618474,36.129905277401896,27.835051546391753,0.0,53.6779324055666,78.66832607,5.7510148849797025,20.49071618037135,96.9553450608931,17.0,56.32869449966866,0.8973949834501099,-0.9346948411581991,0.5597290170706043,0.48753032325755763,-0.4008593478300503,-0.6199572806548541,0.5161578365254575,-0.0606274675466258,0.8867228975040689,0.9554057238032854,-0.3216081751187211,-0.10507383806884674,-1.051974281706433,0.770116765060899,0.510231159620862,-0.7664173951418354,-0.09701912444805633,0.948225856976042,-0.7573395211789957,-1.7699791120728594,-0.07646749336673933,1.2107399089070139,0.4838561526236493,1.320527077493599,2.173492819704121
06073000201,2270,0.7689156274877577,68.80109632808185,High,1.0,68.80109632808185,68.80109632808185,0.5521723479252615,57.4749948977096,1.0,0.01768018575508487,50.409956389268956,1.0,1.0399581286559303,64.77184298079023,1.0,0.38649040566280235,56.11889625223916,1.0,-0.1314131625506185,48.31510436752645,1.0,-0.3452143475299243,44.72675907204933,1.0,3.8627358344957683,90.04995658695569,1.0,152,124722.0,4.1,3.1,76.4,89,74.1,0.0,2254,246,12.9,10.4,46.275752773375594,0.7627118644067797,8.986784140969164,45.2542372881356,34.13461538461539,6.4234734337827115,18.061674008810577,47.18108276,12.54237288135593,25.252525252525253,92.6271186440678,30.0,132.15859030837004,0.8082622408306375,0.2633286224937472,0.5326983613644812,0.6044001670121802,1.5780332622930293,-1.22256418250092,-0.7711135924246406,0.4863652556528707,1.1661730855502457,0.9432068010811735,1.3731726866519214,0.6772799413403806,0.5968557463218297,0.9004454044442413,0.45572135980316486,-0.4070608879180265,-0.4736642092135312,-0.027810114411108637,0.3970567963744403,-0.42123512295227444,-1.3445053281468338,0.846481976032878,-0.537619690475817,3.0789955897503947,4.6464760792411415
06073002711,3645,-0.17331832851881804,45.81329798935729,Moderate,1.0,45.81329798935729,45.81329798935729,-0.13103597590585908,48.17428740265411,1.0,-0.11493252755983843,47.39685195009803,1.0,0.05141883909962798,50.68903436899734,1.0,-0.586180888628281,40.67186199892187,1.0,-0.05544068024732307,49.401576521086234,1.0,0.30939608626899223,54.77702691072411,1.0,-0.6864531526590449,42.88655011188101,1.0,215,84607.0,5.1,9.9,25.5,400,80.0,0.0,3041,220,19.8,12.8,74.33774834437085,6.628242074927954,17.06437291897891,38.13640730067243,24.53531598513011,1.606805293005671,18.381344307270233,70.32980709,1.0566762728146013,39.98862343572241,96.63784822286264,2.0,5.486968449931413,0.6327821537985511,-0.6991931328516929,0.26239180430324877,-0.7201247288735432,-0.8608440707642286,0.16566356915927627,-0.250914864287272,0.4863652556528707,0.6437804537394591,1.0489307980061433,-1.2254913013963982,-0.26154459395069235,-1.153007696916133,0.012693773913066173,-0.5170171510657332,-0.6873924804443238,0.1002690072530582,0.7040744985006243,0.38669562336007773,-1.4128018501030526,0.8000286319546839,-0.2807662150445782,0.408925841896871,-0.7084750520334727,-0.6644312532846172
06073003304,3319,-0.8293773189015744,29.8073456745579,Low,1.0,29.8073456745579,29.8073456745579,-1.5361823429356658,29.045633825660296,1.0,-0.20838756201087397,45.273452374534116,1.0,-0.38209436674157227,44.51317107955073,1.0,-1.0236232249722592,33.72482162360017,1.0,-0.8594951226938341,37.90290311751525,1.0,-1.8830629772100345,21.116089541578926,1.0,0.08720436425321826,50.90739163894423,1.0,644,41735.0,8.9,22.9,17.0,360,87.2,4.247104247104247,3046,253,20.3,16.4,80.71428571428572,18.727915194346288,9.049360146252283,25.795053003533567,56.39269406392694,4.472573839662447,50.01506477854775,66.84505289,14.929328621908128,51.79127725856698,83.56890459363959,7.0,21.09068996685749,-0.5621536769437517,-1.7273626389792627,-0.7647731125294347,-3.090439943290214,-1.268122210862199,-0.012886623980298806,0.3839039225922284,0.06355466420677347,0.6404615678956803,0.9147426480629124,-1.413800286037581,-1.6697813968873008,-1.5506297979468844,-1.8185992473709267,0.4481856840132636,-1.1734495385844896,-1.8044541093044364,0.2686257936774283,-0.6386184344996219,-1.2635337406487064,-1.7901820529757642,-1.183618517351131,-2.675388361303208,-0.03214100885778211,0.2065497373642186
06073007908,3215,0.17152143031283504,54.22639622749925,Moderate,1.0,54.22639622749925,54.22639622749925,0.33527740078432033,54.522342843938574,1.0,0.3233601244224365,57.35533558512955,1.0,0.8597990557597331,62.205282632527314,1.0,-0.3376208339822529,44.619254813595184,1.0,-0.5245321819722402,42.693162650113436,1.0,0.747007623859813,61.495699475349106,1.0,-0.2026411766819647,47.90243776678963,1.0,180,94432.0,3.9,3.7,60.0,810,84.3,21.1864406779661,2655,117,18.2,7.8,50.07407407407407,2.2356495468277946,18.708661417322833,13.111782477341391,76.5625,5.103211009174312,31.415241057542765,23.82078407,3.927492447129909,24.70076169749728,99.5166163141994,5.0,15.552099533437014,0.7302710910385991,-0.463451483935603,0.5867596727767276,0.48753032325755763,0.7922260272804744,1.995803048839921,0.12821302232131812,-1.6228016007519674,0.8999984408791841,1.4677604781319855,-0.6229025505446135,1.6943398545723765,0.3600036103805723,0.6775153738573081,-0.7150295517059175,-1.6729727684609745,-2.8145647513238705,0.17280153773824228,-0.03575982505549039,0.579394310752158,0.2640086595614054,0.8886895171048392,1.0883246949131942,-0.30267462612805834,-0.10260772723587107
06073014806,3277,-0.3728366382726516,40.945625114413374,Moderate,1.0,40.945625114413374,40.945625114413374,-0.16996247618905996,47.64436998169813,1.0,-0.6155685803670551,36.02185874307281,1.0,-0.6233319998986595,41.07648074907533,1.0,-0.5226479556719508,41.68083121323946,1.0,0.018454581997210534,50.45834263263924,1.0,-0.9443495518930266,35.5282052994127,1.0,0.24754951411397985,52.56975904125337,1.0,803,67500.0,4.8,0.6,20.4,255,67.4,0.0,2939,625,20.8,14.7,61.52716593245228,6.790123456790123,13.29249617151608,13.39506172839506,21.49122807017544,1.5197568389057752,30.51571559353067,58.80522713,11.48148148148148,24.570200573065904,83.9506172839506,8.0,24.412572474824536,-1.0050319918342554,-1.109659533666711,0.3434837714216184,1.0913578493231082,-1.105210954823011,-0.4815808809716834,-1.3618477413263967,0.4863652556528707,0.7114857249525471,-0.5979237694789639,-1.6021092706787634,-1.0047806843894578,-0.354177485697178,-0.01180707350274002,-0.06279128350280908,-1.6618159799850762,0.28227220306239936,0.7173013645149371,-0.006604351405408997,-0.9191508881830853,-1.1464226421285986,0.8986768821122281,-2.5853028956627093,0.103125799777356,0.39197322845060373
06073008363,5631,-0.2494141099794029,43.95677979927057,Moderate,1.0,43.95677979927057,43.95677979927057,-0.9538286624285175,36.97337863224263,1.0,1.0791837782897735,74.52846740462445,1.0,-0.18137946859496082,47.37257133404435,1.0,-1.7289955011510147,22.522774461907243,1.0,0.8537950155473594,62.40443274684134,1.0,0.16018402352279557,52.486166395932685,1.0,-0.9748579550412555,39.89653299838602,1.0,2214,76500.0,8.0,0.8,69.2,839,88.2,0.0,5394,242,20.9,9.9,65.06575185820469,13.404689092762489,44.06109613656783,7.033639143730887,6.884057971014493,4.19921875,8.701829160007104,8.189172371,12.996941896024463,22.666123114553606,98.57288481141693,0.0,0.0,-3.4525056882366933,-0.8937129850412849,-0.5214972111743255,1.0524012347382339,1.2330447200923953,2.125251938866113,0.4720731985477145,0.4863652556528707,-0.9180872243428542,0.9594720313773227,-1.6397710676069992,0.8728683861926875,-0.574833288188665,-1.0129256796360786,-3.415866129709348,-1.9123569070699675,1.1556213684124836,0.31016163923243817,0.7004286527318829,1.2489684018126326,-1.4293794739989552,1.0443306260067104,0.8656009185606314,-0.979008669303749,-0.9707072407787621
06073009511,4222,-0.181871079079486,45.60463547631931,Moderate,1.0,45.60463547631931,45.60463547631931,-0.05284090027439318,49.2387790088509,1.0,0.15842073515316415,53.60773406504619,1.0,-0.16730428422314317,47.5730875196711,1.0,-1.0814119927431638,32.80707574125174,1.0,0.09417255093006369,51.54117502504721,1.0,0.6169862001191578,59.49947383351825,1.0,-0.8411198625180873,41.283053548902046,1.0,430,78102.0,3.6,6.5,35.0,540,82.4,1.99203187250996,3454,119,24.7,11.6,87.83930510314875,0.8238928939237898,21.925391095066185,1.6477857878475797,9.764309764309765,14.07079646017699,8.289909995262908,40.39825762,0.7209062821833162,29.268292682926827,96.80741503604531,1.0,2.3685457129322596,0.033921539323970434,-0.8552744993859591,0.6678516398950973,-0.057862280930681374,-0.40565085536061474,0.790589245147789,-0.039308601994104776,0.2880531528195871,0.3696404830433285,1.4596278629839108,-2.7063531566146564,0.2078676736948445,-1.994925034520144,0.8911856177306927,-1.1024021851227461,-2.1195063690604576,0.9834137825080106,-1.189807970481101,0.7137798015699567,-0.13069540987661143,0.8627214029927314,0.5392930230663738,0.44894417429836847,-0.8437418606686108,-0.8384978643675638
06073008364,4440,0.0502399500374877,51.26747695589084,Moderate,1.0,51.26747695589084,51.26747695589084,-0.26138561297155405,46.3998010503269,1.0,1.1706092390894447,76.60575286921298,1.0,0.593320412795987,58.409006887459945,1.0,-0.4751656663081458,42.43489947302417,1.0,-0.008097870146413333,50.07861961993567,1.0,0.3072571028443509,54.74418698760316,1.0,-0.9748579550412555,39.89653299838602,1.0,1035,106875.0,5.6,2.9,85.6,656,92.7,0.0,4270,253,16.3,8.2,46.31178707224334,3.956521739130435,31.614654002713703,39.26086956521739,22.112211221122113,12.7134724857685,31.306306306306304,20.11200996,10.565217391304348,27.23658051689861,100.0,0.0,0.0,-1.6512443758254307,-0.16489338343047244,0.12723852577263253,0.6433567815970546,2.0188519551049495,1.3083848052525568,0.868834940347402,0.4863652556528707,-0.17200168666137516,0.9147426480629124,0.09267159109187978,1.5378690986905312,0.5946087535115052,0.4170603016266453,-2.269225531943896,-0.6431061884268374,0.24514419586496852,-0.983564878249816,-0.032229025321276195,0.7382582271204703,-0.9753438190692173,0.6947102736488123,1.2024048539534578,-0.979008669303749,-0.9707072407787621
06073008366,7106,0.9521456076529942,73.2713808118832,High,1.0,73.2713808118832,73.2713808118832,1.0609832969564503,64.40158177048669,1.0,0.533696379120987,62.13440304335846,1.0,0.24886936412700889,53.50193010681541,1.0,0.6282383444147126,59.95810556425169,1.0,0.6971542383062416,60.16433426085238,1.0,0.6222034257306277,59.579574168103164,1.0,2.873874204914932,79.79800110319496,1.0,89,207135.0,5.4,1.9,81.1,330,89.0,5.530973451327434,6922,632,11.4,8.0,61.858974358974365,2.7766266058847906,4.032372568507738,87.07003729796934,8.05523590333717,6.581494386372436,5.066141289051505,15.48226509,0.9946125155408204,36.19961612284069,99.33692498963946,36.0,50.66141289051505,0.9837423278627239,2.2407511682567725,0.18129983718487883,0.8381398545214257,1.8032341162295533,-0.14679926883498012,0.5426086193121031,-0.06425795022272864,-1.9323387382016621,-0.626387922497225,1.9380996405754691,1.6161044766314536,-0.37486808249598286,0.5956381608823644,1.052353234447223,1.2398300648252458,1.0855977250423554,-0.05182113205606018,0.8182687875167065,0.9365715727219646,0.8116167697665552,0.0090765633033129,1.045916944122015,3.8905964415612235,1.85715196826864
06073016607,7167,-0.13630556950771136,46.716302847846165,Moderate,1.0,46.716302847846165,46.716302847846165,0.45730748199885013,56.18357273734772,1.0,-0.8101472121973378,31.60082153871864,1.0,-0.9625045874831768,36.24460134096075,1.0,0.2666655067438139,54.215951928842706,1.0,0.2653763482441054,53.989537283671616,1.0,0.2711467260407552,54.18978250534419,1.0,-0.4419832499009897,45.421075150795986,1.0,553,143331.0,3.6,2.3,35.3,362,71.2,23.15270935960591,7002,916,16.8,12.1,55.391120507399584,9.427062169849656,8.976034858387798,80.78017066233238,11.96105702364395,2.727272727272727,10.185572764057486,60.14934661,3.4538805363673304,38.48857644991213,97.5619666802113,5.0,6.976419701409237,-0.30868244011962687,0.7098341028682529,0.6678516398950973,0.7602266253516772,-0.3912763327689218,-0.003959114323320052,-1.0268044926955497,-1.8185489090015594,-1.9854409117021232,-1.7812192735238186,-0.0956373935493028,0.012279228842537642,0.02844824554073917,-0.4109093810708356,0.4570158353475961,0.992107327157756,0.8520722993596218,0.5338213586867501,0.6523374654536248,-0.9767257305235751,0.352438370109707,-0.16601906622238144,0.6270208742349399,-0.30267462612805834,-0.5812918736739211
06073002902,6007,-0.24857727760359455,43.97719610222353,Moderate,1.0,43.97719610222353,43.97719610222353,-0.634003197856578,41.32725283385308,1.0,-0.22475218374132944,44.9016304492539,1.0,-0.2498628293202746,46.39695198094828,1.0,-0.19025977030108376,46.95950214241898,1.0,-0.20768587132552463,47.22433871596216,1.0,-0.1713780546864632,47.39567666479238,1.0,-0.062099035993908314,49.35949882247762,1.0,883,81220.0,6.8,7.9,48.5,597,60.2,6.779661016949152,5553,438,18.4,10.7,69.34673366834171,7.443609022556391,10.336700336700336,53.00751879699248,47.27272727272727,4.350952894642215,32.46212751789579,32.42065961,4.8120300751879705,30.82216588192684,90.52631578947368,8.0,13.31779590477776,-1.2278638483829367,-0.7804610173177282,-0.19712934270084645,-0.33055858302480096,0.2412026612655734,1.0450232703716835,-1.996666528205897,-0.1885681383966775,-1.0236277941750207,0.16247574686601157,-0.6982261444010862,0.5599268744289969,-0.8417827127858327,-0.11071251865703997,0.2931585571994788,-0.10170240696094118,-1.2591797453417528,0.28710589146837384,-0.06969157221616783,0.21102194078744835,0.09885359348143304,0.42042840022246747,-1.03341615776329,0.103125799777356,-0.22732387176517263
06073002903,4517,-0.12897137815038287,46.89523602131663,Moderate,1.0,46.89523602131663,46.89523602131663,-0.2618510387149909,46.3934650784873,1.0,-0.3618015083824303,41.787721396802525,1.0,-0.021761730622756978,49.64649820640851,1.0,-0.18888457441713222,46.981341686825296,1.0,0.01505495534507259,50.40972503350246,1.0,-0.014643902446437743,49.80202420853435,1.0,-0.0689118478140047,49.28886746070815,1.0,537,96153.0,6.4,7.6,25.0,435,67.3,0.0,4178,225,18.0,13.3,82.00934579439252,8.834586466165414,8.112994350282486,71.74185463659147,20.052770448548813,1.6635859519408502,32.32233783484614,59.25326696,3.007518796992481,45.35637149028078,95.80200501253134,7.0,15.497011290679652,-0.26411606880989064,-0.42215770502622985,-0.08900671987635363,-0.2721236611474895,-0.8848016084170504,0.3218949881564045,-1.3706646689219462,0.4863652556528707,-0.11093418713584484,1.0285992601359568,-0.5475789566881407,-0.4571330388029992,-1.63138593252906,-0.3212378163327765,0.560946941739069,0.6361385094542388,0.36827625139693904,0.6954467729918159,-0.06516070056910074,-0.9383425024393639,0.43578010733333333,-0.6913758763971245,0.21166406172447794,-0.03214100885778211,-0.10568268677022727
06073016401,5194,0.08911189563456058,52.21584061941938,Moderate,1.0,52.21584061941938,52.21584061941938,0.08327747697840931,51.09179684743752,1.0,-0.18475956936630863,45.81030595173957,1.0,-0.3778325898056111,44.573884689590685,1.0,0.4300154836669509,56.81011986987291,1.0,0.2935630795905261,54.392631901345155,1.0,-0.10203057871284653,48.46037204923076,1.0,0.48154996709080405,54.99574277379554,1.0,168,111250.0,7.3,6.4,25.8,271,83.2,0.0,4580,593,17.1,13.3,53.92857142857142,6.21301775147929,9.00137876698838,82.7810650887574,21.837088388214905,4.031800113571834,24.64381979206777,28.16428127,6.449704142011835,39.09395973154363,95.3846153846154,12.0,23.103581055063533,0.7636958695209013,-0.05991936673755705,-0.3322826212314627,-0.038383973638244334,-0.8464695481725355,-0.4101608037158534,0.031226818770283875,0.4863652556528707,-0.37777260897566206,-0.4678019271097702,-0.2086227843340126,-0.4571330388029992,0.11964850107880205,0.07553823246117113,0.453963811211527,1.0709113899163034,0.2615935351180291,0.3356006191113117,0.18371588983822612,0.3933422742945373,-0.20692217019924852,-0.21232828597946513,0.11315872004017406,0.6441930343179084,0.3189068998636997
06073016100,6199,-0.1534742114290215,46.29743736786542,Moderate,1.0,46.29743736786542,46.29743736786542,-0.118143073690839,48.34980211475808,1.0,-0.20678913299700677,45.30977041250341,1.0,-0.8453140135293602,37.91410749163536,1.0,0.0865008798911806,51.354749816101105,1.0,-0.15636398705091686,47.958286014274414,1.0,0.014089539842615628,50.243170233745424,1.0,0.15170030753117564,51.57604893091445,1.0,527,114228.0,4.9,9.1,33.4,419,77.4,6.042296072507553,5947,803,17.7,13.0,80.88495575221238,2.9914529914529915,7.359449270611375,73.17188983855651,23.371647509578544,5.64516129032258,18.228746572027745,67.16863721,0.0,43.28018223234624,93.11490978157644,10.0,16.13163413453783,-0.23626208674130547,0.011534946796500556,0.31645311571549506,-0.5642982705340461,-0.4823149758496445,0.25047491090057444,-0.4801549817715354,-0.11516148526742155,-1.2851559986647918,-1.3217265176576036,-0.4345935659034309,-0.3397799718916148,-1.561272279144215,0.5631240543609791,0.6516921305344396,0.6924596138135187,0.1698436671610402,0.09045310514067972,0.39164163036812905,-1.2773943508735164,0.9973242970865002,-0.5325563193986665,-0.42249935815998674,0.3736594170476322,-0.07025880198528092
06073016202,3470,-0.2657018091251943,43.55940678911909,Moderate,1.0,43.55940678911909,43.55940678911909,-0.8831943347432132,37.9349436454249,1.0,0.11814204324613586,52.6925585712694,1.0,-0.292305014278457,45.79231726976682,1.0,-0.7911030993930537,37.41748364157965,1.0,-0.8106900504446737,38.60085782879479,1.0,-0.15073560354404877,47.71260128456059,1.0,0.9499733952809499,59.852090709341965,1.0,549,72342.0,11.7,9.9,26.6,362,91.9,0.0,3009,356,21.0,13.8,56.99626865671642,13.157894736842104,17.40938799762329,16.015037593984964,33.59580052493438,15.609137055837564,0.0,92.53266957,8.721804511278195,29.28430728824688,93.38345864661656,13.0,37.46397694524495,-0.2975408472921928,-0.9934802905062318,-1.5216314723008852,-0.7201247288735432,-0.8081374879280206,-0.003959114323320052,0.7982995195830135,0.4863652556528707,0.6650213231396436,0.49591296793707035,-1.677432864535236,-0.652721483655306,-0.07164406829219963,-0.975573201000606,-0.5585653733200655,-1.5586297549593437,-0.44144896801443967,-1.4235562334867837,0.9824728648551377,-2.360227865132609,-0.6311538531976838,0.5380679745729787,-0.3591209320074412,0.7794598429530466,1.1204869476088533
06073016301,5120,-0.7145498645820002,32.60880527683639,Low,1.0,32.60880527683639,32.60880527683639,-1.5419836399376916,28.96665913430229,1.0,0.04698137671665206,51.07571117515914,1.0,-1.2143119204297355,32.65733423443628,1.0,-0.5582258927540874,41.115816479078234,1.0,-0.3486688525622059,45.20816024455198,1.0,-0.8993579678391089,36.21896341581483,1.0,-0.4862821552678234,44.96180927151152,1.0,1245,63889.0,15.4,7.3,12.5,385,96.0,0.7352941176470588,4682,733,21.8,15.7,75.09803921568627,13.455149501661127,7.347740667976424,38.70431893687707,24.561403508771928,7.050952135872363,48.2421875,55.76851276,14.562569213732004,33.70959466393022,89.92248062015504,4.0,7.8125,-2.2361779992657187,-1.1963020877874235,-2.5217657334274457,-0.2136887392701782,-1.483740049737595,0.09870724673193562,1.159793551000506,0.41316475887176163,-0.44547788018875006,-1.0370849874749923,-1.9787272399611286,-1.3959575740940715,-1.2004171977328706,-1.0205628937785758,0.6531021315885269,-0.6650256110934301,0.09870925838699005,-0.12315444654422392,-0.5811558291065722,-0.7890743929850177,-1.7217031410884758,0.19955250546970077,-1.1759232678985516,-0.43794143476319647,-0.5346228757724504
06073016302,5669,-0.7817330631505514,30.96972847367185,Low,1.0,30.96972847367185,30.96972847367185,-1.9061084824033099,24.009725014317826,1.0,0.05853510373222234,51.33822436329452,1.0,-1.3780964095786739,30.324047496485736,1.0,-1.2559395214176905,30.03539662477579,1.0,-0.8117817766970898,38.58524519989812,1.0,0.0949275171360215,51.48427987909673,1.0,-0.273667872825339,47.166073340020304,1.0,1695,51164.0,6.8,18.9,16.3,431,91.3,0.0,4761,852,21.7,16.1,75.27131782945736,18.289251547552055,18.214672930972178,19.921215531795163,52.718078381795195,6.7191601049868765,58.56412065620039,53.0802738,6.0213843556555995,34.15398388540734,95.94822734946538,6.0,10.583877227024166,-3.4525056882366933,-1.5016265134828173,-0.19712934270084645,-2.4731723851928824,-1.3016627635761493,0.304039968842447,0.745397954009721,0.4863652556528707,-0.4979162765204554,-1.5209755887854313,-1.9410654430328915,-1.5524283299759178,-1.2112223420415091,-1.7522072327159157,-0.6555413012137311,-1.404787209699606,-1.5847522425372087,-0.07273920617587934,-0.9157109497712328,-0.6739247083040385,-0.1269491081438485,0.16555863953471395,0.2461730200171991,-0.16740781749292022,-0.3799279281577578
06073003208,6664,-0.27585272286896484,43.31175369127854,Moderate,1.0,43.31175369127854,43.31175369127854,-0.6401970915299686,41.24293361334265,1.0,0.14827381133110815,53.37718496874981,1.0,-0.8734329608493925,37.51352275245839,1.0,-0.20734784067423262,46.68812576899623,1.0,-0.0498302359560463,49.48181072308632,1.0,0.11885193414339625,51.85159269049338,1.0,-0.4272866765476183,45.573440872425266,1.0,809,99464.0,2.5,17.3,19.0,584,92.7,5.793991416309012,5870,1078,16.1,12.1,41.2962962962963,19.12908242612753,7.800880254970405,44.012441679626754,32.516129032258064,11.87756966651439,18.157262905162064,22.40199129,7.776049766718507,31.517241379310345,96.78589942975636,5.0,7.503001200480193,-1.0217443810754065,-0.3427133691930315,0.965188852662453,-2.161519468513889,-1.1722920602509117,0.9869944576013217,0.868834940347402,-0.09044209237337941,-1.234045156670598,-2.439961100517862,0.16799518494835255,0.012279228842537642,0.9073599951872114,-1.8793161563880623,0.5985330839207057,-0.45596828541678536,-0.3768964098816836,-0.856550852491561,0.3939585632945387,0.6401677552545207,-0.4545687285194718,0.36725811136125236,0.44386641958840817,-0.30267462612805834,-0.5518987269671782
06073003209,5436,-0.015247978498854446,49.669759865334484,Moderate,1.0,49.669759865334484,49.669759865334484,-0.17977160802407993,47.51083550503021,1.0,0.2316346519704012,55.27123353094757,1.0,-0.11008621312713862,48.388220669050185,1.0,-0.6092255749163799,40.30588835444554,1.0,0.32327007270376523,54.8174675761185,1.0,0.260499188312324,54.026310308037296,1.0,-0.023056366410873066,49.76427103585809,1.0,270,85700.0,6.0,9.0,28.0,524,92.7,4.086021505376344,5152,455,16.4,11.7,64.92146596858639,14.768883878241262,11.413651622528906,34.89289740698985,23.270440251572328,4.418103448275862,19.49963208241354,25.91163659,5.411499436302142,31.562858234619796,96.7305524239008,8.0,14.716703458425313,0.47958525242133276,-0.6729676242241829,0.019115902948139453,-0.5448199632416091,-0.7410563825001197,0.7191691678919591,0.868834940347402,0.07959088214236343,-0.7574531495039593,0.09334851810737746,0.055009794163644064,0.16874998472438327,-0.5658360448180225,-1.2193974054143524,0.16346738092826646,-0.815136230361411,0.17589475533945312,0.27690247792262723,0.3504496124734305,0.48983344507955007,-0.01307539496091173,0.3637686179423734,0.4308043419555104,0.103125799777356,-0.14923853259910214
06073003211,3094,0.013532258676063138,50.37191487057508,Moderate,1.0,50.37191487057508,50.37191487057508,-0.33693091497741956,45.37138155941352,1.0,-0.11930464685582678,47.29751266557526,1.0,0.21726008560936577,53.05162183437373,1.0,0.3909079485828172,56.18905143950692,1.0,0.15769672322355494,52.449625587440096,1.0,0.28643962523716743,54.42457517747109,1.0,-0.5013430100872172,44.805666886634825,1.0,378,96541.0,4.5,14.1,24.9,205,90.0,0.0,2881,405,15.7,13.4,45.258620689655174,11.1731843575419,5.526826115061409,73.5195530726257,44.680851063829785,4.482390608324439,13.574660633484164,15.74362166,2.23463687150838,35.63218390804598,95.8659217877095,3.0,9.696186166774403,0.1787622460806132,-0.41284800937437816,0.4245757385399881,-1.5382136351559015,-0.8895931159476148,-0.7047686223961522,0.6307778952675893,0.4863652556528707,0.7499848007403814,0.29666389680924254,0.3186423726612994,-0.4962507277734604,0.6602811091312535,-0.6751860557438176,0.8723846129453564,0.7061521279984766,-1.1042138684220757,0.2671341522102901,0.54249014480729,0.9253764642987153,0.5800875527447616,0.05248268952034327,0.22674863344639729,-0.5732082433983345,-0.42947777677609983
06073003212,3748,0.059943208929713186,51.504208562962496,Moderate,1.0,51.504208562962496,51.504208562962496,-0.021040546440123514,49.67168618947963,1.0,-0.6825571643674802,34.49980557954146,1.0,0.3344158708100875,54.720632381730546,1.0,-0.03062174021635808,49.4947204976066,1.0,0.6212211297429567,59.07842518580216,1.0,0.46255194888157375,57.12843678878993,1.0,-0.26436703590266386,47.26249913230573,1.0,436,88639.0,5.3,4.7,27.0,214,85.3,19.883040935672515,3291,355,15.0,12.7,82.77511961722487,5.9330143540669855,8.243823845327606,78.2775119617225,16.109422492401215,2.427637721755369,12.540021344717182,20.41070317,4.114832535885168,30.985915492957744,98.08612440191388,5.0,13.340448239060832,0.017209150082819348,-0.6024490790675021,0.2083304928910022,0.29274725033318655,-0.7889714578057633,-0.6645948289397479,0.21638229827680425,-1.4930446690012138,0.47783616155051806,0.4999792755111076,0.5822749511589548,-0.22242690498023043,-1.6791373340633096,0.11791692009646255,0.5451918826879847,0.8935415704134301,0.6040453718225504,0.5793503932015711,0.5760249359030749,0.7254638180446307,0.22902974656057629,0.40790225859871665,0.7507238414854284,-0.30267462612805834,-0.2260594456772694
06073003213,3984,0.10033470046180087,52.489644776570415,Moderate,1.0,52.489644776570415,52.489644776570415,0.3652172240536726,54.92992209754078,1.0,0.18215942078733702,54.14710270683357,1.0,0.41206785790177075,55.82686870849144,1.0,0.03732965681399181,50.57385952807793,1.0,0.6889113716522446,60.04645414408429,1.0,-0.008484672935154905,49.896587177702166,1.0,-0.9748579550412555,39.89653299838602,1.0,269,137870.0,2.0,9.8,39.2,373,87.4,0.0,3864,562,12.8,10.9,73.25102880658436,7.684824902723736,7.835726883345931,75.58365758754863,15.891472868217054,0.0,9.538152610441768,25.2769135,0.2918287937743191,57.49219562955255,97.66536964980544,0.0,0.0,0.4823706506281913,0.5788025359745361,1.1003421311930692,-0.7006464215811061,-0.20440753907691162,0.0451421887900631,0.4015377777833259,0.4863652556528707,0.09749184385346514,-0.34174639231461384,1.4108344835801578,0.4816914964880738,-1.0852430653020315,-0.14722069153192585,0.5943367007763829,0.7874456833135417,0.6170763779022657,0.948225856976042,0.6733216865618122,0.5170215651688583,0.9428359382072411,-1.6197142763018533,0.6514243192891475,-0.979008669303749,-0.9707072407787621
06073018512,3719,-0.4674217683285864,38.638020000304444,Low,1.0,38.638020000304444,38.638020000304444,-0.1277827750924947,48.21857414233859,1.0,-1.6345256356710447,12.870051122864162,1.0,-0.6198827794773093,41.12561861498207,1.0,-0.14282709310319205,47.712782509283706,1.0,-0.24948111236854598,46.626630648937585,1.0,-0.2359892521511013,46.40369760920558,1.0,-0.2614637304364171,47.292598953661255,1.0,413,63668.0,4.9,4.7,31.8,34,62.0,31.736526946107784,3625,1081,13.8,15.5,64.81751824817519,3.17302925136341,20.557208547470925,65.4933068914229,39.33054393305439,8.359836437982734,42.753428340951864,25.40136901,4.51165096678235,42.667844522968196,93.30689142290532,5.0,13.444474321054049,0.08127330884056518,-1.2016047752592256,0.31645311571549506,0.29274725033318655,-0.5589790963386742,-1.4680706980678357,-1.8379618314860222,-2.6730909167916463,0.25613458718609283,-2.4521600232399736,1.0342165142977926,-1.3177221961531491,-0.5593541709436113,0.5356423749533635,-0.9376396686688511,0.3900430922463306,-0.7843239626217935,-0.32203721214030934,-0.403253835849471,0.5116905611373899,0.15493841104503037,-0.4857151158016397,-0.3771910516966946,-0.30267462612805834,-0.22025283474477578
06073018515,5116,0.09680179686975449,52.40345209076622,Moderate,1.0,52.40345209076622,52.40345209076622,0.44291675031875677,55.98766765052758,1.0,0.22287263495147608,55.07215101679134,1.0,0.2954004901826831,54.16481619506324,1.0,-0.0843127893197541,48.6420506599497,1.0,0.27541823755794675,54.13314497921937,1.0,0.25580207023095247,53.95419521125568,1.0,-0.7304848158337798,42.43005484779165,1.0,104,116161.0,6.1,2.2,49.8,511,76.5,0.0,4793,378,14.7,10.6,69.47852760736197,1.3206550449022716,18.324504610555227,64.87057580559957,5.319148936170213,5.680119581464873,28.342455043002342,44.2688239,7.871104067617539,32.244897959183675,98.837823560486,2.0,3.909304143862392,0.9419613547598462,0.05791546662905037,-0.007914752757983695,0.7797049326441142,0.3034922591629099,0.6611403551215972,-0.5595073301314735,0.4863652556528707,-0.5191571459206399,0.40645420130824966,0.6952603419436646,0.5990445633994582,-0.8500009948872755,0.8160003584805939,-0.6687677116413946,0.3655171907690598,1.2491858295745102,0.08514125166999299,0.063835500772959,-0.2964896317856751,-0.47231664432112125,0.31159550968809646,0.9281273453258821,-0.7084750520334727,-0.752494579634087
06073009706,7127,0.4736727588112919,61.59801955206958,High,1.0,61.59801955206958,61.59801955206958,0.009561522224087314,50.088280776315756,1.0,0.14206000285089498,53.236000511785825,1.0,-0.3786299744609103,44.562525084960704,1.0,0.7151180485166555,61.33784584553439,1.0,0.4653822805863343,56.849794964460436,1.0,0.6672379162043244,60.27099102898677,1.0,1.6949795157576575,67.57589083848038,1.0,491,154217.0,8.3,7.2,72.6,261,73.1,0.0,6983,841,13.0,10.6,47.46987951807229,0.5447470817120622,9.764689305340283,82.06225680933852,20.951302378255946,5.895276455510802,8.278377999158131,19.12881145,2.762645914396887,29.8828125,99.26070038910508,25.0,35.07787287778869,-0.13598775129439897,0.9710334504611847,-0.6025891782926953,-0.19421043197774115,1.3959559761315832,-0.45479835200074714,-0.8592828683801268,0.4863652556528707,-1.9728291454957636,-1.476246205471021,1.3355108897236851,0.5990445633994582,0.5223935174382481,0.9334345093146799,0.3620426232416296,1.0426015440720646,0.31455385989174245,0.05244852697441123,0.7141535773239704,0.7803731581552131,0.481501166362847,0.4922848976070271,1.027927684643099,2.402661546574704,0.9872974849406113
06073009103,4011,0.3675063299160366,59.007864058066524,Moderate,1.0,59.007864058066524,59.007864058066524,0.7380841318577286,60.005864417190516,1.0,-0.027671252503751714,49.37952260562425,1.0,0.6088167203241698,58.62976850555085,1.0,0.28313043630466295,54.477432176484086,1.0,0.3927992834809345,55.81179537847736,1.0,0.5917340822990015,59.11177676289029,1.0,-0.014349092350489423,49.854543105662025,1.0,75,144821.0,5.8,0.5,66.4,281,76.7,7.920792079207921,3901,366,13.8,9.9,57.66738660907127,2.1045918367346936,12.31041456016178,68.11224489795919,6.787330316742081,7.273802483737433,27.673896783844427,26.1107654,3.89030612244898,20.763563295378432,96.2372448979592,7.0,17.452006980802793,1.022737902758743,0.7455852536962401,0.07317721436038599,1.1108361566155451,1.0988825092365935,-0.3655232554309596,-0.541873474940376,-0.30217078888026483,0.07293208860950187,0.4552498921966973,1.0342165142977926,0.8728683861926875,-0.11349300836331472,0.6973510394583714,0.05547527232647759,0.4931884417971176,1.1614046252344148,-0.1570161816311174,0.08550485143423253,0.4813038388862084,0.2709518462785532,1.1898682770130884,0.3143821236053628,-0.03214100885778211,0.003442824156803261
06073008328,7814,0.5561347650501972,63.609855315302646,High,1.0,63.609855315302646,63.609855315302646,-0.08026504794200406,48.86544635633376,0.75,0.2306911627221105,55.249796433619025,1.0,0.4918290384730487,56.96315277175829,1.0,0.18574559828331122,52.93085941598542,1.0,0.40964594355450884,56.05271717667997,1.0,0.8396890146590769,62.918641660654416,1.0,1.8156076456013284,68.8264947452887,1.0,381,,9.9,3.0,89.6,75,79.4,0.0,7497,328,11.2,7.7,78.43137254901961,0.0,14.469950993035852,89.6124031007752,9.153005464480875,13.596784996651037,6.654722293319683,14.71064095,3.4496124031007755,22.16919739696312,99.49612403100777,27.0,34.553365753775275,0.17040605146003765,,-1.0350796695906672,0.6238784743046174,2.0252725751959058,-1.2850567500997714,-0.3038164298605632,0.4863652556528707,-2.3140106102362266,0.6097695800101147,1.9380996405754691,1.7334575435428377,-1.4082740527227344,1.015882317553658,-0.20458553438354699,1.3399596626858683,1.0199631001654497,-1.1177827268149578,0.7667796040928364,0.9696237967747071,0.35323528796748493,1.0823433081488847,1.0834884478608608,2.6731951638449805,0.9580201273576765
06073006500,3645,-0.43719514340924437,39.37546270620206,Low,1.0,39.37546270620206,39.37546270620206,-0.5160456597733842,42.933042049647,1.0,-0.10255283796137514,47.678131902466596,0.75,-0.5428262961294021,42.22337134848592,1.0,-0.7100992154206309,38.70390977311849,1.0,-0.08645196792863685,48.95808830679739,1.0,-2.434770490667711,12.645695559801709,1.0,1.332380464016429,63.816669906345865,1.0,996,72766.0,8.4,0.6,35.8,310,86.2,,3309,780,17.1,15.2,64.19327006039688,6.779661016949152,20.462046204620464,20.46004842615012,16.463414634146343,4.78386167146974,0.0,87.13130056,31.35593220338983,34.09490333919156,81.17433414043583,16.0,43.895747599451305,-1.5426138457579486,-0.9833068086598784,-0.6296198339988185,1.0913578493231082,-0.3673187951161,-0.23607436540476767,0.29573464663674226,,0.4658881725129143,-1.2282014434547457,-0.2086227843340126,-1.2003691292417646,-0.5204278914301953,-0.010223576752267873,-0.9261798038231488,-1.383565589676912,0.5828805096736969,0.22132613183075187,0.9824728648551377,-2.132487378074134,-4.2338745596394,0.17007804745543117,-3.2405149598191634,1.185260268858461,1.4795006591743967
06073008305,11134,-0.6864123078939695,33.295280726766336,Low,1.0,33.295280726766336,33.295280726766336,-0.8361913965904694,38.57480789168504,1.0,0.931462907186764,71.1720892614394,1.0,-1.5979396590650239,27.192143241571884,1.0,-1.2668651530355675,29.861886203700315,1.0,-0.040395770512117804,49.61673173234898,1.0,-1.947101389090949,20.132904492676595,1.0,-0.04785569415042262,49.507165697347965,1.0,259,41840.0,14.6,5.3,86.2,780,75.5,0.0,10778,984,25.9,8.4,67.45283018867924,2.9723991507431,36.125089863407624,2.335456475583864,38.46153846153847,3.0864197530864197,7.813903359080294,52.23397635,28.45010615711253,11.757105943152457,69.2144373673036,10.0,8.981498113885396,0.5102246326967764,-1.7253471378587586,-2.3055204877784594,0.17587740657856396,2.0252725751959058,1.8618904039852395,-0.6476766060869595,0.4863652556528707,-3.0873110118366918,-2.057728188558355,-2.7063531566146564,1.459633720749608,-0.7236844665047331,0.566007864954563,-2.8123919127883186,-2.097392097803781,-0.7323669306928858,0.47924957290379805,0.7292081574016929,-0.6376738816610763,-4.2338745596394,1.878823564369235,-3.486253172002682,0.3736594170476322,-0.46937080534847747
06073004501,2631,-0.09441156998500459,47.73839593469718,Moderate,1.0,47.73839593469718,47.73839593469718,0.373787381247603,55.04659006317742,1.0,0.5114567038838996,61.62909354091691,1.0,0.823467007102233,61.68769340453864,1.0,-0.7752994714659573,37.66846172980879,1.0,-0.03395837436863207,49.70879206050055,1.0,-0.5854762812529227,41.03800518014939,1.0,-0.9748579550412555,39.89653299838602,1.0,169,78021.0,3.5,1.6,52.0,426,92.7,0.0,2159,135,17.5,9.5,51.95804195804195,4.282933160285529,27.213740458015263,5.515898767034393,31.543624161073826,4.285714285714286,48.270619536297986,26.42190417,11.615833874107723,34.25707547169811,91.7585983127839,0.0,0.0,0.7609104713140428,-0.857218018323588,0.6948822956012205,0.8965747763987368,0.4089054248353259,0.28172119470000007,0.868834940347402,0.4863652556528707,1.2292319165820433,1.394566941799314,-0.35926997204695815,1.029339142074533,0.2425249186015308,0.367657730852283,-1.7392483066131068,-1.9721322287045366,-0.31875124474826516,0.2970187882357261,-0.5820773699836995,0.4679763290217103,-1.1715080399436175,0.15767257616048372,-0.7425933799756343,-0.979008669303749,-0.9707072407787621
06073003204,3692,0.015146267540933317,50.41129204443517,Moderate,1.0,50.41129204443517,50.41129204443517,-0.04587560066751034,49.33359959577785,1.0,-0.5054447350933517,38.523991749467065,1.0,0.26459269183912065,53.72592587233481,1.0,0.7505489066528523,61.90052481269065,1.0,-0.2734048574074783,46.28450041960143,1.0,-0.11212820057589018,48.30534273864018,1.0,0.027735668038790823,50.29085398794242,1.0,396,112377.0,4.8,9.4,32.9,180,69.4,0.0,3516,367,14.8,13.1,36.597938144329895,6.005459508644222,6.882255389718077,80.61874431301183,27.401129943502823,0.0,91.82015167930662,36.81393902,5.368516833484986,32.5065274151436,92.26569608735214,7.0,18.95991332611051,0.12862507835715992,-0.03287806003746205,0.3434837714216184,-0.6227331924113576,-0.5062725135024663,-0.8163624931083867,-1.1855091894154244,0.4863652556528707,0.3284862985804711,0.45118358462266,0.6575985450154275,-0.37889766086207605,1.200335779912328,0.10695230107793563,0.7091579013049923,0.9857496443161538,-0.07107535387936927,0.948225856976042,-1.9936074351868185,0.022837502460232757,-0.00504996519582482,0.2915819805098171,-0.6229166170416628,-0.03214100885778211,0.08761234493536375
06073016609,5673,0.0850121904895677,52.11581960603885,Moderate,1.0,52.11581960603885,52.11581960603885,0.481577068954697,56.51396146568812,1.0,-0.13739698363197708,46.886435183692086,1.0,-0.7034162507627079,39.935594200961084,1.0,0.48192100709991254,57.63443369830731,1.0,0.9891536654662242,64.34017841977052,1.0,-0.009216421758648305,49.885352600177846,1.0,-0.5075367519405266,44.741453690512586,1.0,239,127559.0,4.5,3.1,30.5,342,79.2,0.0,5429,712,18.4,12.7,58.80077369439072,1.3392857142857142,8.124103299856527,74.35515873015873,12.191358024691358,0.6407097092163627,7.050943063634761,0.908525202,3.3234126984126986,49.97838305231301,97.61904761904762,4.0,7.050943063634761,0.5659325968339467,0.33139977343267313,0.4245757385399881,0.6044001670121802,-0.6212686942360108,-0.0932342108931076,-0.3214502850516606,0.4863652556528707,-0.941319425249306,-0.9516925284202091,-0.6982261444010862,-0.22242690498023043,-0.18416769087550316,0.8131805951293846,0.5596091535249191,0.7390619706208497,0.838302815901933,0.8508710955905175,0.7539372725628188,1.513503477809627,0.37679846934710653,-1.0449399004466389,0.6404921658235875,-0.43794143476319647,-0.5771320691178567
06073020108,4731,-0.45932431316117556,38.83557461533256,Low,1.0,38.83557461533256,38.83557461533256,-0.7982818989768532,39.090880568627284,1.0,0.12450547078707495,52.83714253530015,1.0,-0.5725968628661047,41.79925750895834,1.0,-0.5754453278105998,40.842353897523815,1.0,0.04123886830478038,50.78417761737863,1.0,-0.8397105013828862,37.13473405256511,1.0,-0.5949799401836406,43.83489240184522,1.0,772,68516.0,5.5,13.1,18.8,632,92.3,8.450704225352112,4078,594,18.9,14.4,67.88256227758008,12.606697307944843,8.310130648961234,25.21339461588969,34.22459893048128,5.109034267912772,32.33988585922638,24.79153703,5.252790544977019,48.72188139059305,88.1812212738017,3.0,6.341154090044388,-0.9186846474216416,-1.085281567732996,0.15426918147875568,-1.3434305622315306,-1.1818750753120404,1.2012546893688119,0.8335672299652072,-0.3549249608736788,-0.04455647026026841,-0.4718682346838075,-0.8865351290422688,-0.8874276174780741,-0.7504812946508785,-0.8921491287197376,0.5372069278704477,-1.1963578157422305,-0.47904424204286966,0.17191670337907147,-0.06572946819480764,0.5378124800777273,0.016557688587863297,-0.9488229224208892,-1.5868662703156329,-0.5732082433983345,-0.6167516369689467
06073020109,4683,-0.050642803675455796,48.806227938675235,Moderate,1.0,48.806227938675235,48.806227938675235,0.5305236648262345,57.18028527235238,1.0,0.06114361392009546,51.39749253925016,1.0,-0.5078504766765702,42.72163962835969,1.0,-0.09349014386754773,48.496304701488036,1.0,0.37453799691451684,55.550643198884465,1.0,0.0010323348740149025,50.042702290701264,1.0,-0.7203966157189342,42.534643574257366,1.0,368,106841.0,1.4,2.0,16.6,280,98.9,0.0,4312,708,17.4,13.6,83.23353293413174,12.605687932359723,3.8353196099674975,84.78093774019985,40.58441558441558,1.289833080424886,16.22891308989964,10.52893591,3.5357417371252886,42.41263762565821,95.4650269023828,2.0,4.270766602605168,0.20661622814919833,-0.16570918150305738,1.2625260654298085,0.8186615472289885,-1.2872882409844564,-0.36998701025944897,1.4154844512714164,0.4863652556528707,-0.19988032774911726,-0.9354272981240599,-0.3216081751187211,-0.5744861057143829,-1.7077226391646296,-0.8919963590997123,1.0760832121324664,1.1496752106616848,-0.8592917868299423,0.7522378924335594,0.4564603539345276,1.1487455281199226,0.33715378346046726,-0.4661928847628158,0.13213610592439323,-0.7084750520334727,-0.7323181794043957
06073020202,6550,-0.5250881570402522,37.23112598404058,Low,1.0,37.23112598404058,37.23112598404058,-1.1746886086971071,33.96674992769309,1.0,0.38863381617027803,58.83842453980192,1.0,-1.6748105310721357,26.097034741854404,1.0,-0.9291837741914425,35.22461856387996,1.0,-0.5040102008794092,42.98664471516206,1.0,-0.46034746057248804,42.95911443421022,1.0,0.6787896599605385,57.040611833775436,1.0,1160,53028.0,4.4,14.9,13.6,659,96.2,0.0,5040,793,22.4,19.1,73.25162220620042,19.42512749188688,8.621484555094513,24.942049142327303,53.95894428152492,3.748326639892905,34.04580152671756,51.69881767,8.344923504867872,44.45178335535007,94.06583217431616,15.0,22.900763358778622,-1.999419151682745,-1.456901583856396,0.45160639424611126,-1.6940400934953987,-1.4310334669013869,1.321776069738025,1.1774274061916035,0.4863652556528707,-0.6831101066033136,-1.2810634419172304,-2.2046980215305467,-2.530370554237452,-1.0852800679554158,-1.924122760464051,0.49971233098903467,-1.2070445993353376,-1.6589424649063305,0.3786739360786662,-0.12102170980736009,-0.6147505648826121,-0.5607851028544844,-0.6221787710240425,-0.19807850783893727,1.0499934602233227,0.30758585969775437
06073020206,4894,-0.30706423960756113,42.5502824578776,Moderate,1.0,42.5502824578776,42.5502824578776,-0.8555142409964529,38.31176056406357,1.0,0.11486396020005915,52.618076974963856,1.0,-0.5901598669411895,41.5490535690132,1.0,-0.8288555212689316,36.81793582179188,1.0,0.09673055210862763,51.57775665256581,1.0,0.26503743398512886,54.09598622851522,1.0,-0.35155199434017004,46.35861502353136,1.0,617,71250.0,4.8,17.8,14.5,444,96.6,2.147239263803681,3813,465,19.7,15.6,74.09879839786382,19.16214119472459,10.724578015644298,41.89294026377037,38.87240356083086,4.447739065974797,18.389865140988967,26.02364655,2.482544608223429,34.73869126043039,95.50038789759505,5.0,10.21659174499387,-0.4869479253585718,-1.0196818050727834,0.3434837714216184,-2.2589110049760746,-1.387909899126308,0.36206878161280887,1.2126951165737971,0.2726018417399386,0.13134447946000913,0.05268544236700443,-1.1878295044681613,-1.3568398851236103,-1.1381074816018484,-1.8843196214921636,0.2464486334605535,-0.5394436154422676,-0.7569321742754949,0.2723993957184865,0.3864194455831249,0.485035541408394,0.5337998456533198,0.12083103779031647,0.14048141851175022,-0.30267462612805834,-0.40042936255228173
06073020207,4939,-0.6599421020074092,33.94107761301284,Low,1.0,33.94107761301284,33.94107761301284,-0.8127829437235943,38.893473758935826,1.0,-0.28057068427979265,43.63337367691183,1.0,-1.1392691994198312,33.726398750996864,1.0,-0.5108852773825978,41.86763480815671,1.0,-0.06485830447643298,49.26689635574992,1.0,-1.5812199681067927,25.750300868022578,1.0,-0.230008336662823,47.61871060269728,1.0,632,78077.0,5.7,16.3,13.1,368,88.8,7.046070460704606,4084,641,21.7,17.0,53.881700554528656,20.454545454545457,3.875968992248062,26.203208556149733,33.22784810126582,9.333333333333334,25.51123709252885,26.27255756,22.727272727272727,47.27807748896518,92.11229946524064,6.0,12.148208139299452,-0.5287288984614495,-0.8558743509099187,0.10020787006650914,-1.9667363955895178,-1.4549910045542087,0.02282341464761621,0.5249747641210057,-0.21508991133358382,-0.048539133272802994,-0.6629846906635607,-1.9410654430328915,-1.9044875307100695,0.12257123081954872,-2.0799258067443347,1.0711880360255839,-1.1573745696311892,-0.4194494335448617,-0.46995842605842386,0.1556011079237503,0.4743735337738033,-3.2461630459345905,-0.8383781278662239,-0.6591187305195633,-0.16740781749292022,-0.2926088558327258
06073013504,4077,0.27976265361676755,56.86717073725412,Moderate,1.0,56.86717073725412,56.86717073725412,0.30677122910741006,54.13428029358195,1.0,-0.00898191102063673,49.804164680884604,1.0,0.3067759287414705,54.32687158910885,1.0,0.8150310954818842,62.924569199953964,1.0,0.8752148875926391,62.71075542848156,1.0,0.23011791045823934,53.559864978190106,1.0,-0.5665905650436334,44.12921731186373,1.0,134,141330.0,10.4,1.7,45.7,221,86.3,3.018867924528302,3870,396,15.7,10.9,37.60330578512397,4.587155963302752,6.2900838677849045,81.49847094801224,6.41399416909621,5.286024619840695,7.603630120186411,3.82078407,1.2996941896024463,50.04699248120301,99.08256880733946,3.0,7.358351729212656,0.8583994085540908,0.6618219868905332,-1.1702329481212834,0.8770964691062998,0.10704045040977157,-0.6333485451403222,0.30455157423229035,0.18582887641571336,0.09350918084093056,0.33326066497557827,0.3186423726612994,0.4816914964880738,1.1376440131351173,0.321613421176942,0.7804697816513166,1.020397165964161,1.1837260475720837,0.14502331744840166,0.7360235463163589,1.4360866390337121,0.7546539199779547,-1.050188226947021,0.9858880383437844,-0.5732082433983345,-0.5599728866889321
06073013605,6383,0.17759939786195753,54.37468115337977,Moderate,1.0,54.37468115337977,54.37468115337977,0.6152161927105583,58.33322852756898,1.0,0.03138484578690448,50.72134110455747,1.0,-0.2322849946895802,46.64736719815722,1.0,0.38333419526921636,56.06877234054715,1.0,0.7756796672039172,61.287315757008685,1.0,0.19929189685953339,53.08659159745937,1.0,-0.5294260181068468,44.51451821683622,1.0,342,132554.0,1.4,3.8,56.7,133,83.2,0.0,6320,599,14.5,11.3,71.49532710280374,2.8314028314028317,8.334638884537052,90.81939081939082,13.127413127413126,3.598014888337469,5.169982766724111,11.57436217,1.5444015444015444,51.50375939849624,99.35649935649936,4.0,6.266645777847407,0.2790365815275197,0.45125010791978454,1.2625260654298085,0.4680520159651206,0.6341062787718508,-1.0261589700473874,0.031226818770283875,0.4863652556528707,-1.532744882610692,-0.492199772553994,0.7705839358001373,0.3252207406062282,-0.9757626749675765,0.5873477452212603,0.5342555391289279,1.3874961716942538,0.7823369486508422,0.4015135536084484,0.8149030712727598,1.1039650952836186,0.7089637672132524,-1.1616246364989555,1.0505365598643033,-0.43794143476319647,-0.620910601450497
06073020015,5500,0.3597523223436822,58.81868857648477,Moderate,1.0,58.81868857648477,58.81868857648477,0.5767189778965307,57.809155090711826,1.0,0.2797277597391852,56.363961014529956,1.0,0.30562359046886833,54.310455287277904,1.0,0.9113439316984121,64.4541174541308,1.0,0.5020972598285603,57.37485089729091,1.0,0.32572385786032027,55.02770803224128,1.0,-0.3829691210861016,46.032900105294026,1.0,271,184063.0,5.4,6.4,70.1,188,84.4,0.0,5427,330,14.2,10.4,33.939393939393945,1.2634534394010295,6.906232453677709,74.59054749649042,17.708333333333336,6.024626209322779,15.636363636363637,14.20037337,0.8423022929340197,40.28287061288633,96.77117454375292,5.0,9.090909090909092,0.47679985421447424,1.687160193825014,0.18129983718487883,-0.038383973638244334,1.2761682878674743,-0.7806524544804717,0.13702994991686748,0.4863652556528707,-0.9399918709117945,0.6016369648620402,0.8835693265848471,0.6772799413403806,1.366114771099182,0.8246578569044605,0.706270478568817,0.7483326202211892,0.5084479741803143,0.03279404970256949,0.4756661025988108,0.9914809128325467,0.8400551358477214,-0.3032748597389983,0.44039129747223776,-0.30267462612805834,-0.46326361604414484
06073015406,2704,0.2461678545670739,56.04755427059927,Moderate,1.0,56.04755427059927,56.04755427059927,0.5491825651884825,57.43429414255395,1.0,-0.16892955862218856,46.16998093653505,1.0,0.6808802655905986,59.65639144972326,1.0,0.5084072185600714,58.055062350624915,1.0,0.9653239231979198,63.99939251129303,1.0,0.16316852309588914,52.531987572200734,1.0,-0.9748579550412555,39.89653299838602,1.0,208,169375.0,8.9,1.2,54.4,162,77.7,3.3707865168539324,2652,204,14.7,12.1,81.63265306122449,0.580046403712297,2.9039463886820553,94.3155452436195,7.373271889400922,4.115684093437152,2.5887573964497044,1.530802738,1.740139211136891,50.84889643463497,98.8399071925754,0.0,0.0,0.6522799412465606,1.3347354264683189,-0.7647731125294347,0.9744880055684854,0.5239016055688704,-0.8967100800211955,-0.45370419898488984,0.1507944389484605,0.9019897723854514,1.1139917191907402,0.6952603419436646,0.012279228842537642,-1.6078964824849074,0.928091935065187,1.188243242215057,1.5251901794449492,1.1263717215335873,0.3228545896280931,0.8985659038203718,1.513503477809627,0.6724169135141197,-1.1115304336618732,0.9286190894354209,-0.979008669303749,-0.9707072407787621
06073019702,4791,0.13922486614446294,53.43845295778012,Moderate,1.0,53.43845295778012,53.43845295778012,0.177526613431927,52.3748369089231,1.0,-0.05792537673577536,48.69211614399596,1.0,-0.29330453569917025,45.77807800884922,1.0,0.22467647339222557,53.54912230176053,1.0,0.3291271300034381,54.90122855726552,1.0,0.5622340159942065,58.65886071952498,1.0,0.03223974262438897,50.33754967393709,1.0,458,109750.0,3.0,6.1,32.4,219,88.0,0.0,4422,536,17.2,13.2,76.69902912621359,3.533787972721637,6.602389436176901,80.34717916924986,15.96452328159645,2.1237864077669903,37.77916927572531,29.86932172,1.549907005579665,33.50371747211896,98.1401115933044,8.0,16.69797537048633,-0.044069610468067975,-0.09591045817512804,0.8300355741318368,0.02005094823906713,-0.5302300511552881,-0.642276054797301,0.45443934335661706,0.4863652556528707,-0.27289581631225135,-0.23602239538964398,-0.24628458126224834,-0.4180153498325373,-1.3002502160346838,0.4810413190181916,0.7428605814453428,0.9750542091400517,0.612708761374199,0.6255200886884664,-0.24202785069721408,0.32030752064830087,0.707935823600871,0.2153012260040125,0.7634649983777362,0.103125799777356,-0.038646314528578064
06073019601,6425,-0.022374937834081118,49.49588255713297,Moderate,1.0,49.49588255713297,49.49588255713297,-0.15309591462151928,47.87397923866295,1.0,0.07708509230032629,51.759700189434895,1.0,-0.7689089524441363,39.00258001225566,1.0,0.09664753030414212,51.515889203482416,1.0,0.11826853796032823,51.88576846371368,1.0,0.1153711984727221,51.79815277575984,1.0,0.3580079431895689,53.71492926913358,1.0,650,118571.0,5.4,7.9,36.2,239,95.4,3.854875283446712,6014,708,17.9,12.9,58.12743823146944,8.22550831792976,9.380392156862746,64.46395563770795,41.935483870967744,0.0,24.435797665369652,30.93963908,4.852125693160813,35.87548638132296,95.84103512014788,12.0,18.677042801556414,-0.5788660661849028,0.11574115353874775,0.18129983718487883,-0.33055858302480096,-0.3481527649938423,-0.5530009582275135,1.1068919854272148,0.10260210699544617,-1.329629068971428,-0.9354272981240599,-0.5099171597599037,-0.3006622829211536,-0.14218047337271494,-0.22905346132813897,0.40832136386765466,0.34950269204976775,-0.9400709077945896,0.948225856976042,0.19045831556848797,0.2744608870913725,0.0913672025967849,0.03387109576760411,0.22087529705377734,0.6441930343179084,0.07182285206122936
06073017047,4260,1.096350733942478,76.78957110997285,High,1.0,76.78957110997285,76.78957110997285,1.0383944853904277,64.09407391130487,1.0,0.13687704388727137,53.11823807203958,1.0,0.7664928423140716,60.876034963639896,1.0,1.0211664858908027,66.19821411489744,1.0,0.7328909443219361,60.67540004110424,1.0,0.6927416495429481,60.662551165680284,1.0,3.2858916862498893,84.0695642327783,1.0,38,181429.0,1.6,5.2,71.9,94,81.7,0.0,4180,362,12.3,9.3,31.360946745562128,0.8783783783783784,9.653056407835733,88.58108108108108,15.437392795883362,6.2103929024081115,4.929577464788733,3.260734287,1.2162162162162162,24.306688417618272,96.55405405405403,32.0,75.11737089201878,1.1257976364125082,1.6239598372606392,1.2084647540175624,0.195355713871001,1.362415423417633,-1.200245408358473,-0.10102709516294532,0.4863652556528707,-0.11226174147335637,0.4715151224928465,1.5991434682213403,1.1075745200154556,1.5268991484393777,0.88293920590963,0.3754859441962911,1.2993416450179118,0.6442254046803898,0.004567113512043877,0.8226951024340061,1.4600761566613047,0.7702403798113174,0.9188344297114948,0.3891501391060324,3.349529207020671,3.2222541654791077
06073009704,6731,0.34161727194469177,58.37624550937067,Moderate,1.0,58.37624550937067,58.37624550937067,-0.1980427437099276,47.262105384671564,1.0,0.43879331228828933,59.97810260415798,1.0,-0.2211926508113627,46.80538960307675,1.0,0.15311453551668394,52.412644118344076,1.0,0.7019913254513482,60.23350878731473,1.0,0.20047018326514696,53.10468188957152,1.0,1.316186941612664,63.648784667559674,1.0,376,128491.0,8.4,9.8,65.7,200,93.4,0.0,6619,597,14.5,10.7,71.71717171717171,1.381509032943677,11.516056758775209,71.94473963868225,25.595238095238095,1.8086956521739128,8.765413757242609,4.679527069,2.6567481402763016,43.18697956093868,97.5557917109458,21.0,31.198930322388943,0.18433304249433022,0.35376223824588393,-0.6296198339988185,-0.7006464215811061,1.065341956522643,-0.7270873965385991,0.9305534335162426,0.4863652556528707,-1.7312142560686654,-0.4840671574059194,0.7705839358001373,0.5599268744289969,-0.9895962521192659,0.8067900696969509,0.1511353072766911,0.6441290172123597,0.036897246404454145,0.6733975984004189,0.6983677449272475,1.3993027120732724,0.5012737043847787,-0.5254267155210569,0.625563560931719,1.8615943120341516,0.7707795711911765
06073015501,5665,-0.0977266278219638,47.657518058718054,Moderate,1.0,47.657518058718054,47.657518058718054,-0.3375309803649505,45.36321270014665,1.0,-0.2126490109238275,45.176627640947466,1.0,-0.9765967001554319,36.04384399343209,1.0,0.730280169179868,61.57863612958227,1.0,0.35896665199954275,55.327959509597406,1.0,-0.3237965503069354,45.05558762028415,1.0,0.07724002581798783,50.804087039992,1.0,470,112703.0,10.4,6.6,27.6,242,84.7,2.0151133501259446,5233,1038,17.4,13.4,57.14285714285714,2.8938906752411575,5.045625335480408,93.5155412647374,40.14962593516209,1.2698412698412698,12.533097969991172,15.45737399,1.607717041800643,48.38709677419355,91.7470525187567,9.0,15.88702559576346,-0.07749438895037015,-0.025055996165029952,-1.1702329481212834,-0.07734058822311841,-0.7602224126223771,-0.5396096937420453,0.16348073270351307,0.28575532996559944,-0.8112191001731761,-2.2773087975563695,-0.3216081751187211,-0.4962507277734604,-0.08078489480428029,0.5778901713507266,0.9303329119517224,1.4936824882213036,-0.8332961165734426,0.7552756143863187,0.576249336742706,0.9376377734425889,0.6971419126927253,-0.9232133378113617,-0.7453182258021697,0.23839260841249413,-0.08391255677651845
06073019303,7993,-0.05896493045655794,48.60319198250562,Moderate,1.0,48.60319198250562,48.60319198250562,0.3325129636795218,54.484709782391505,1.0,0.19265085199341733,54.38547938392656,1.0,-1.2414907139451978,32.270143000439404,1.0,0.5047253523124781,57.99659047592632,1.0,-0.04030038840435479,49.61809577892072,1.0,-0.21150168536235112,46.779656488315005,1.0,0.05064910653058102,50.528407498333245,1.0,322,115906.0,4.6,3.4,28.1,705,77.1,0.0,7412,981,17.3,13.1,47.713717693836976,6.2287655719139305,7.99130545965989,77.50094375235939,17.30496453900709,5.291383625312835,16.63955961466283,67.25575607,2.491506228765572,45.74159907300116,93.01623254058136,10.0,12.510947078693857,0.33474454566469003,0.0517969810846633,0.39754508283386497,0.545965245134869,-0.7362648749695553,1.5271087918485362,-0.5066057645581823,0.4863652556528707,-2.2575895508919865,-2.0455292658362434,-0.28394637819048535,-0.37889766086207605,0.5071884865359741,0.07315479008402889,0.5756012492937893,0.86295688333612,0.5325650206350092,0.14420902559126395,0.44315045398035613,-1.2811260538240483,0.5321265906262039,-0.7208441311804593,-0.44578751553279794,0.3736594170476322,-0.2723612039864702
06073019208,3627,0.04894846355967296,51.23596840058997,Moderate,1.0,51.23596840058997,51.23596840058997,0.41170102994180624,55.562719249949794,1.0,-0.2806106461907033,43.6324656990253,1.0,0.2729045794962867,53.84433767884089,1.0,0.24492009816886454,53.87061216906863,1.0,0.3736025486788636,55.53726548068544,1.0,0.29497958986384876,54.555689695968546,1.0,-0.9748579550412555,39.89653299838602,1.0,355,107375.0,3.7,1.5,42.1,356,81.0,13.559322033898304,3400,314,15.8,12.8,83.62068965517241,2.8399311531841653,5.817565659418243,88.2960413080895,3.0973451327433628,8.647798742138365,11.855527984560243,40.14934661,0.8605851979345954,49.81245311327832,99.48364888123923,0.0,0.0,0.24282640483835902,-0.1528963529512821,0.640820984188974,0.916053083691174,-0.06545382069054534,-0.030741643294256313,-0.16274558833178585,-0.8635015324462259,0.40548445015613976,0.666697886046637,0.28098057573306234,-0.26154459395069235,-1.73186459269174,0.5860569784371266,0.8373724875202179,1.2881155194098537,1.3820254202770201,-0.36579259933958497,0.5982107760200401,-0.12003340224202076,0.836641471705323,-1.0322469730993085,1.0805442709855317,-0.979008669303749,-0.9707072407787621
06073020807,2950,-0.018382553437109508,49.59328525295305,Moderate,1.0,49.59328525295305,49.59328525295305,0.3505150508641794,54.72977726966406,1.0,-0.26109715501987385,44.07583334757739,1.0,0.11902183597348304,51.65211198929653,1.0,0.39571359878272516,56.265370175017196,1.0,0.44267201621012753,56.52501855731046,1.0,-0.36288680357181935,44.45543294063174,1.0,-0.8126164172985884,41.57856107268774,1.0,255,128177.0,4.6,5.5,28.7,49,89.4,0.0,2732,366,16.7,14.1,60.526315789473685,7.485604606525912,9.220338983050848,95.489443378119,21.631205673758867,6.881143878462913,9.152542372881356,16.14187928,1.055662188099808,71.1038961038961,98.17658349328217,1.0,3.389830508474577,0.5213662255242105,0.3462281031049524,0.39754508283386497,0.1369207919936897,-0.7075158297861692,-1.4011143756404951,0.5778763296942981,0.4863652556528707,0.8488875988849903,0.4552498921966973,-0.057975596621065745,-0.7700745505666897,-0.2917674167864725,-0.11706857630331681,0.427595665918964,1.564094722301726,0.27390307184619517,-0.09735236778127183,0.6858201088635549,0.9083172519120318,0.8002179752033708,-2.6609508741068044,0.7720724881879754,-0.8437418606686108,-0.7814909739285658
06073003401,6109,-0.2550335202260721,43.81968235260193,Moderate,1.0,43.81968235260193,43.81968235260193,-0.6634193878647084,40.92680194743762,1.0,0.04067054327787595,50.93232220607827,1.0,-0.7588261220542594,39.146220808474844,1.0,-0.0494309195447422,49.19601111955911,1.0,-0.7369245457062876,39.6557682958714,1.0,-0.2289138349603017,46.512326855191205,1.0,0.6116096252699186,56.34412740719527,1.0,598,83108.0,10.7,7.4,31.5,637,71.8,0.0,5273,979,16.9,12.2,61.16625310173698,2.570439940682155,17.53365464517201,57.63717251606525,33.21799307958477,6.255792400370713,41.08692093632345,88.17672682,7.711319822046465,39.52191235059761,94.9085516559565,14.0,22.917007693566863,-0.43402535942826004,-0.7351602302283056,-1.2513249152396528,-0.23316704656261542,-0.5733536189303672,1.2235734635112587,-0.9739029271222585,0.4863652556528707,-0.8377701869234068,-2.0373966506881684,-0.13329919047753852,-0.02683846012792359,-0.33167202392178663,0.6268446403748913,-0.5735301056194232,0.08063381098734972,-0.4188602109301306,-0.002331263752407922,-0.3492388972321738,-2.177267810910438,-0.4424827776785401,-0.24506482245596123,0.0008060952535962517,0.9147266515881847,0.30849259895165254
06073017033,5525,0.9384513600551803,72.93728055984674,High,1.0,72.93728055984674,72.93728055984674,0.4681608253193304,56.33132235930951,1.0,-0.055253234542034665,48.75283010802545,1.0,0.7099439971971737,60.07043566029138,1.0,0.7570116332258168,62.00315964866077,1.0,0.8218309414169366,61.9473188629171,1.0,0.9434342212023172,64.51144718116417,1.0,2.9240311365667226,80.31799967034955,1.0,179,170875.0,7.0,6.1,74.0,181,78.4,9.70873786407767,5274,259,12.5,8.9,55.06072874493927,3.343782654127482,2.570647219690064,87.09508881922675,15.727391874180864,3.382130237253912,8.32579185520362,1.941505912,0.0,20.821448944666287,97.64890282131664,33.0,59.72850678733032,0.7330564892454576,1.3707265179058898,-0.251190654113093,0.02005094823906713,1.4630370815594844,-0.8118987382798973,-0.3919857058160493,-0.48016557563167644,-0.8384339640921625,0.8903448026186885,1.5238198743648677,1.264045275897301,0.04905050333860692,0.5097987416786349,1.2283805834723565,1.2408167044136689,0.6268866284996452,0.43431686279934983,0.7126167965591245,1.513503477809627,0.9973242970865002,1.185440273572973,0.6475380929474785,3.484796015655809,2.363266257477637
06073020305,6432,-0.15719010354122706,46.206780288507055,Moderate,1.0,46.206780288507055,46.206780288507055,0.5215962165544493,57.05875340255971,1.0,0.025914689060250566,50.597053220658275,1.0,-1.0925635307669392,34.39177138683789,1.0,-0.1241647204840322,48.00916044372911,1.0,0.4789260039781665,57.04348191366393,1.0,-0.2682560783572531,45.90830335801127,1.0,-0.6417833047732314,43.349661712425004,1.0,663,124489.0,1.5,0.0,39.0,490,79.1,4.07673860911271,6101,1206,16.6,12.8,65.0314465408805,10.855683269476373,9.761049508043104,64.24010217113666,12.974051896207584,3.1739488870568837,34.35945273631841,18.91723709,4.682843763303533,46.30261660978385,94.21030225627926,3.0,4.664179104477612,-0.6150762428740635,0.2577380062904445,1.2354954097236854,1.2082276930777307,-0.21399055413804047,0.5674015037233202,-0.33026721264721,0.0805150193029325,-1.3873776826531796,-2.701018046771056,-0.020313799692830033,-0.26154459395069235,-0.5726941095781339,-0.6271320694017118,0.36248094352507376,0.34068635351864335,0.7915062745614179,0.4659496683925984,-0.1311877917502174,0.7894358647088671,0.12297441457385315,-0.7637595620929728,-0.16398308755263982,-0.5732082433983345,-0.7103583661481283
06073020902,2402,0.2800705095962544,56.874681537654276,Moderate,1.0,56.874681537654276,56.874681537654276,-0.25241194177957527,46.52196216576149,1.0,-0.07914139222808197,48.210065299371585,1.0,0.41050205858575073,55.80456220805696,1.0,0.708848596839767,61.23828041642095,1.0,0.12618395867867144,51.998965820617954,1.0,-0.5521901370853938,41.54904907271156,1.0,1.598702424162643,66.57774465946802,1.0,127,127012.0,24.1,0.0,24.2,209,92.0,0.0,2193,215,16.6,13.7,37.2093023255814,8.70020964360587,7.405857740585773,89.30817610062893,16.923076923076923,17.616580310880828,7.077435470441299,15.75606721,1.3626834381551365,63.030303030303024,93.39622641509436,14.0,58.28476269775187,0.8778971960021004,0.3182750220884389,-3.414047678286571,1.2082276930777307,-0.9231336686615653,-0.6869136030821947,0.8071164471785616,0.4863652556528707,1.2066634928443474,1.0692623358763298,-0.020313799692830033,-0.6136037946848442,1.162212909121811,-0.3008998010040252,0.6461034199408158,1.3279778593004663,0.5553977273376788,-1.7285838556352735,0.7530785990738771,0.9248433639384033,0.7428929805028456,-2.0433556956164334,-0.35610769614259324,0.9147266515881847,2.2826781967371015
06073020710,1677,0.7567911448859241,68.5052938267651,High,1.0,68.5052938267651,68.5052938267651,0.7752311179829343,60.51155681030431,1.0,-0.1723771631650904,46.091647628264255,1.0,0.9364314274643114,63.296993438142074,1.0,1.300731010456259,70.63799023692476,1.0,0.5029059686965506,57.38641613300219,1.0,0.12077798959951118,51.88116351950348,1.0,1.8338376631669935,69.01549320873458,1.0,247,153403.0,4.6,0.0,51.2,45,81.4,0.0,1586,86,14.1,13.1,8.47457627118644,3.289473684210526,6.997607655502393,85.85526315789474,6.329113924050633,3.492063492063492,22.659511031604055,33.67766024,2.9605263157894735,48.03738317757009,98.35526315789474,12.0,71.55635062611807,0.5436494111790786,0.9515022848410629,0.39754508283386497,1.2082276930777307,0.3705733645908112,-1.4189693949544526,-0.1274778779495909,0.4863652556528707,1.6095762342790962,1.5938160129271417,0.9212311235130836,-0.37889766086207605,2.797652033989971,0.518018437915092,0.6952666777817226,1.1919868921382504,1.1888009587740502,0.4176126898543031,0.24803142518870455,0.1571788009691443,0.4445542352982266,-0.8964617503634382,0.8142414838637452,0.6441930343179084,3.0234822920160784
06073009502,3918,0.5404093417662955,63.226200218883164,High,1.0,63.226200218883164,63.226200218883164,0.4813324617202871,56.51063155845622,1.0,0.2811627746735481,56.39656610766863,1.0,0.5538202112401339,57.84628390364409,1.0,0.5410258617292013,58.57308041210941,1.0,0.36783872156326064,55.45483777174162,1.0,0.5884025803676495,59.06062804147312,1.0,0.9692827810699876,60.052279449208314,1.0,129,141786.0,6.9,3.1,68.6,316,78.8,0.0,3830,395,14.3,9.8,44.65408805031446,5.154639175257731,6.394269036879809,67.33247422680412,15.970515970515969,4.07911001236094,14.03777437468096,37.27442439,1.4819587628865978,24.26746806912096,95.42525773195877,14.0,35.732516590096985,0.8723263995883833,0.6727632786875548,-0.22415999840696985,0.6044001670121802,1.2042956749090088,-0.2092918364338314,-0.3567179954338556,0.4863652556528707,0.12006026759116113,0.3373269725496156,0.8459075296566101,0.9119860751631487,0.6979779850768778,0.23572448554270925,0.7679233486717248,0.462477627625493,0.6123504640564753,0.3284119596583123,0.5274796742662667,0.0031127882719880783,0.7206226739462074,0.9218346178445675,0.12275044931217363,0.9147266515881847,1.0238389105517904
06073002601,6025,-0.41252058728997565,39.977450903030885,Low,1.0,39.977450903030885,39.977450903030885,-1.0978596203549262,35.01264460254819,1.0,0.3880567880709581,58.825313836581046,1.0,-1.1957380829209838,32.921938587126895,1.0,-0.6478723160022027,39.692137813193185,1.0,0.03743367299173825,50.72976003589206,1.0,-0.6503232452074024,40.04240638945305,1.0,0.278658692392989,52.892281324768376,1.0,1553,63347.0,3.3,10.5,17.5,666,93.7,0.0,5230,611,20.5,17.1,56.896551724137936,25.79241765071473,3.131840377167874,35.301429459291484,22.980251346499102,9.809417040358746,36.6804979253112,20.8836341,11.497824735860783,32.60223048327138,90.30453697949036,11.0,18.25726141078838,-3.0940806469781412,-1.2093068688268658,0.7489436070134671,-0.8369945726281657,-1.2441646732093772,1.3530223535374506,0.9570042163028882,0.4863652556528707,-0.8092277686669088,-0.5409954634424416,-1.4891238798940536,-1.9436052196805316,-0.06542601389369984,-2.887816069966633,1.1607992530385878,-0.799046433187066,0.19324488108722643,-0.5422985436347335,-0.20641764855326777,0.7052060030677278,-1.149474147425102,0.284261107027133,-1.0857566952242381,0.5089262256827704,0.0483911591032077
06073002602,4624,-0.3196138282691263,42.244108591454136,Moderate,1.0,42.244108591454136,42.244108591454136,-1.0589503377615275,35.54232763423958,1.0,-0.6964901612217334,34.183232804404824,1.0,-1.0831054964726659,34.52651128864777,1.0,-0.8815425994385953,35.9812100892954,1.0,-0.24207938017892658,46.73248181594335,1.0,0.011915992408575576,50.20979964760094,1.0,1.7129551847809883,67.76225236076547,1.0,838,67762.0,5.8,17.0,18.9,541,86.1,31.91489361702128,4019,974,19.7,15.0,72.73576097105509,14.14356787491116,13.387737097485664,23.240938166311302,56.19047619047619,5.570469798657718,26.16782006920415,23.62165526,6.183368869936034,32.84978942442677,94.59843638948117,21.0,45.41522491349481,-1.1025209290743034,-1.103373089695615,0.07317721436038599,-2.1030845466365777,-1.1770835677814762,0.7950529999762784,0.2869177190411929,-2.6908477961229287,-0.005393617303678318,-2.017065112817982,-1.1878295044681613,-1.1221337513008423,-1.0531124797708669,-1.124755440983278,-0.07426061167084377,-1.2740418653293923,-1.7923636900241662,0.10180235152162695,0.13431990084133327,0.5879239169454996,-0.15719379453288398,0.2653239117714266,-0.0723821400128159,1.8615943120341516,1.5643160575278248
06073002702,5592,-0.017884257120611254,49.6054422498046,Moderate,1.0,49.6054422498046,49.6054422498046,-0.4394238408162299,43.97611646926684,1.0,0.5930858788445998,63.48379678385454,1.0,-0.2513056497346076,46.37639744763746,1.0,-0.2255310530036998,46.39935739952015,1.0,-0.13392970799961662,48.27911559276734,1.0,0.4839721105540274,57.45730163853964,1.0,-0.152057537688752,48.426860193196106,1.0,735,74940.0,4.6,8.3,45.0,677,87.5,0.0,4675,618,17.5,11.2,65.24500907441016,2.9688273132112815,16.79184549356223,45.4725383473528,36.8575624082232,2.2254475084663765,32.01001430615164,47.95270691,8.213755566551212,21.008064516129032,98.3671449777338,7.0,12.51788268955651,-0.8156249137678765,-0.9311437201363588,0.39754508283386497,-0.4084718121945495,0.07349989769582094,1.4021236566508337,0.410354705378874,0.4863652556528707,-0.44083144000745966,-0.5694596164607028,-0.35926997204695815,0.3643384295766901,-0.5860112405470772,0.566548464777436,-0.4841982085252992,-0.3984632277198588,-0.636466688695644,0.6100728556304821,-0.055037651499941255,-0.45428734743336324,-0.5362942854679801,1.1711649842295475,0.8170456329005148,-0.03214100885778211,-0.2719740665197219
06073002710,4426,-0.6303969917289437,34.66189332194278,Low,1.0,34.66189332194278,34.66189332194278,-1.2179482122471654,33.37784475055035,1.0,-0.18675240237823368,45.76502662787491,1.0,-0.5430433029949202,42.220279851580514,1.0,-0.7132061509228241,38.65456839807544,1.0,-0.17169827328924123,47.738992468933304,1.0,-1.25872885977212,30.701523529637157,1.0,-0.3214017404981013,46.67119572336496,1.0,837,60076.0,6.4,18.5,24.2,500,91.1,16.574585635359114,3921,411,19.8,15.4,65.9090909090909,19.784172661870503,4.7585227272727275,24.820143884892087,48.80952380952381,4.3852106620808255,25.305015815634885,32.20908525,14.928057553956831,34.72090823084201,85.97122302158273,5.0,11.296882060551289,-1.099735530867445,-1.287791442221729,-0.08900671987635363,-2.395259156023134,-0.9231336686615653,0.612039052008214,0.7277640988186236,-1.163679091678207,0.059656545234386585,0.27226605136501875,-1.2254913013963982,-1.2786045071826877,-0.6274214290308684,-1.9784644693372857,0.9649070616453549,-1.2118457669684974,-1.3510633862943047,0.2819004813948073,0.16228516440143032,0.22008464734110234,-1.7899447275021725,0.1221913631414493,-2.1084332149556366,-0.30267462612805834,-0.3401288548681442
06073002801,5239,-0.31951700845154335,42.24647071651618,Moderate,1.0,42.24647071651618,42.24647071651618,-0.1474138774502837,47.95133041232745,1.0,0.021182047165507853,50.489522472319,1.0,-0.680643092434301,40.26002240893748,1.0,-0.628887373045644,39.99363850090596,1.0,-0.9336970662005574,36.841751198874135,1.0,0.5031693412358963,57.75203771384771,1.0,-0.37032903843142184,46.163945299900035,1.0,513,130833.0,12.5,1.4,60.3,182,78.3,0.0,5093,443,27.6,10.7,70.27027027027027,1.744186046511628,34.410246606767345,61.627906976744185,7.216494845360824,37.37864077669903,14.124832983393778,52.84380834,4.069767441860465,17.470525187566988,94.18604651162792,5.0,9.54380606986066,-0.19726651184528626,0.4099563290104114,-1.7378767179498713,0.9355313909836113,0.8066005498721673,-0.807434983451408,-0.40080263341159866,0.4863652556528707,-0.7182902965473692,0.14214420899582508,-2.7063531566146564,0.5599268744289969,-0.8993717368493015,0.7518986790476276,-2.6058830000817177,0.23780656570081563,1.135745275728478,-4.731395664885289,0.5246579253843415,-0.6637958010297602,0.23744400542923508,1.441771542316537,-0.1697075240380832,-0.30267462612805834,-0.4379834507347853
06073017808,5433,0.1722618354824785,54.24445998397949,Moderate,1.0,54.24445998397949,54.24445998397949,0.5584645672802626,57.56065265343984,1.0,-0.06661057418703878,48.494779053597,1.0,0.49484540283345424,57.006124136113556,1.0,0.5843329655272541,59.26084237209206,1.0,0.23182476152780018,53.509720597815736,1.0,0.2588301318888531,54.00068519846427,1.0,-0.8558544064932356,41.13029416944189,1.0,167,168897.0,5.9,5.7,74.1,210,65.4,0.0,5417,397,11.9,10.0,52.8,0.0,14.103747461694663,88.39244587747582,25.0,8.81982360352793,13.620467513344376,20.87118855,1.0594196222938737,40.969162995594715,96.31506218332568,1.0,1.8406037180195105,0.7664812677277598,1.3232662653302127,0.0461465586542626,0.09796417740881545,1.4678285890900484,-0.6824498482537054,-1.5381862932373689,0.4863652556528707,-0.9333540992242367,0.32919435740154096,1.7497906559342866,0.8337506972222263,0.19002289341108414,1.015882317553658,-0.16048570613758256,1.291912357281857,0.07248598057621718,-0.3919314873446417,0.5410054494515852,0.70573910342804,0.7995164117278017,-0.3557732780679688,0.33274726200672655,-0.8437418606686108,-0.8679669523178604
06073017811,6485,0.29195775978409444,57.16469625043133,Moderate,1.0,57.16469625043133,57.16469625043133,0.6625883650754626,58.97811926323899,1.0,0.15215239388372978,53.46531056406315,1.0,0.06505642622086821,50.88331650971152,1.0,0.5366268104681574,58.50321889166538,1.0,0.3778318307737302,55.59774786965462,1.0,0.6709551590559449,60.32806205069868,1.0,-0.4215066669892318,45.633364727205034,1.0,372,170540.0,6.5,0.0,65.2,547,63.1,0.0,5960,537,14.1,9.9,39.726027397260275,1.122754491017964,10.326941213454887,55.613772455089816,2.4285714285714284,7.415107415107415,23.5929067077872,36.17921593,0.7859281437125748,30.14586709886548,97.82934131736528,5.0,7.710100231303007,0.1954746353217643,1.3626885074848323,-0.11603737558247677,1.2082276930777307,1.0413844188698211,0.8218355289472147,-1.7409756279349875,0.4863652556528707,-1.2937851018586168,-0.2400887029636813,0.9212311235130836,0.8728683861926875,1.0052773416398182,0.8459527298925904,0.29433379343321814,0.0009433769070027706,1.422010780369472,-0.17848722800085015,0.21777814817675814,0.050025622549540946,0.8505809473502919,0.47216235112020777,0.6901221786973349,-0.30267462612805834,-0.5403387078504053
06073019809,4372,0.39431735389707046,59.661975925508514,Moderate,1.0,59.661975925508514,59.661975925508514,0.7201108130222912,59.76118856156512,1.0,0.08021595849453861,51.830836859460106,1.0,-0.004620402431009585,49.890694918493324,1.0,0.8989350751131012,64.25705187417297,1.0,0.822189034559049,61.95243990431907,1.0,0.1664882266086133,52.58295515188663,1.0,0.0769027719129099,50.80059058313883,1.0,192,133323.0,4.2,0.0,46.1,314,90.4,7.428571428571429,4261,595,14.3,12.7,39.24050632911392,2.3679417122040074,9.549381274807375,94.04978749241045,9.322033898305085,2.3710729104919976,12.580054894784997,11.2881145,2.9751062537947783,42.66666666666667,97.20704310868246,8.0,18.298261665141812,0.6968463125562969,0.4697015407967793,0.5056677056583578,1.2082276930777307,0.12620648053202893,-0.21821934609081015,0.6660456056497842,-0.2531689061128486,-0.16602769214257326,-0.47593454225784476,0.8459075296566101,-0.22242690498023043,1.0355530063166842,0.6574928726845116,0.3879709564057128,1.514723465045496,1.0098570467273997,0.5879453210201272,0.5747273660611769,1.1162264044274923,0.44183196487317467,-0.4856250148557355,0.5432577298084007,0.103125799777356,0.0506797440484638
06073020029,7007,-0.19470564966834142,45.29150887057568,Moderate,1.0,45.29150887057568,45.29150887057568,-0.6483722316279559,41.131643126780496,1.0,0.6033769372365829,63.71762077364815,1.0,-1.4154066002959382,29.792523579640143,1.0,-1.0649528853923163,33.0684635261281,1.0,-1.0665751669631263,34.941479522609846,1.0,-0.5573966888373675,41.46911261444342,1.0,2.7863870882017308,78.8909843891108,1.0,1017,77449.0,4.0,9.7,35.6,797,87.0,0.0,5762,1016,19.6,15.1,69.62083142987665,11.74863387978142,21.26337091644984,14.558938329430132,41.12792297111417,7.241129616220131,77.06579135150564,77.19975109,6.830601092896176,39.07304194778528,89.89071038251366,35.0,49.95004995004995,-1.6011072081019775,-0.8709426211917818,0.5597290170706043,-0.6811681142886687,-0.3769018101772285,1.937774236069559,0.3662700674011309,0.4863652556528707,-1.1623572224449754,-2.187850030927549,-1.1501677075399255,-1.1612514402713034,-0.8588746423875565,-0.7622806973740289,-1.0226788245494074,-1.6159773772582724,-0.8917875898713596,-0.1520515944316847,-1.515388217420213,-1.7070732661292476,-0.2780407513624617,-0.21072816540413972,-1.1834211497455012,3.755329632926085,1.8174445434773767
06073020309,4528,-0.015782316376650472,49.656723558055155,Moderate,1.0,49.656723558055155,49.656723558055155,-0.06916124589752987,49.01660554350459,1.0,0.03888534494422394,50.89176056693019,1.0,-0.17336626538660377,47.4867280583576,1.0,-0.15106576129439359,47.58194386883225,1.0,-0.4454253759138167,43.82445834210379,1.0,0.6303488807832247,59.70463176071043,1.0,0.059308208128341984,50.618180143417305,1.0,332,113359.0,2.0,14.8,30.0,558,89.7,11.66077738515901,4051,661,17.1,11.4,37.269372693726936,17.795484727755646,10.347923681257017,46.01593625498008,57.32838589981447,1.6971279373368149,28.48939929328622,53.0056005,0.99601593625498,36.28357551739322,99.468791500664,8.0,17.6678445229682,0.30689056359610484,-0.009315892176332238,1.1003421311930692,-1.6745617862029614,-0.6452262318888325,0.8709368320605979,0.6043271124809437,-0.6744963328758133,-0.026634486703862776,-0.7443108421443067,-0.2086227843340126,0.28610305163576694,1.1584670977815665,-1.677475318695562,0.29180699304202184,-0.3770618173056007,-1.8603982571681081,0.6903501247942806,0.05907273486072585,-0.6707261061421652,0.8113547322529066,0.0026540303874278766,1.0770378797093398,0.103125799777356,0.015490616479327968
06073021205,7108,-0.15697418625641057,46.21204804920445,Moderate,1.0,46.21204804920445,46.21204804920445,-0.45240349333361174,43.79942080084365,1.0,0.27479655267389647,56.25191865051009,1.0,-1.4260387038545348,29.641057794578952,1.0,0.026884371125536405,50.407977501166826,1.0,0.5574680614917118,58.166701213397886,1.0,-0.2805480674174669,45.719583814376314,1.0,0.20102197551959483,52.087387959021385,1.0,1397,87217.0,3.6,2.0,26.5,699,82.0,0.0,6702,997,19.3,14.1,61.224489795918366,2.10727969348659,13.165786091674995,50.3448275862069,20.480404551201012,4.500548847420418,20.258863252673045,7.069072806,5.478927203065134,49.93757802746567,95.86206896551724,11.0,15.475520540236356,-2.659558526708213,-0.6365686337503195,0.6678516398950973,0.8186615472289885,-0.8129289954585851,1.5003262628776,-0.07457631237629973,0.4863652556528707,-1.786307761075394,-2.1105901870208403,-1.0371823167552157,-0.7700745505666897,-0.33530349275105165,0.6969442306740862,-0.04753230241773031,-0.2065709510031586,0.3427084046414622,0.26437503835741527,0.3258413659429868,1.2969474370249827,-0.02566506545329688,-1.0418184913820272,0.22583935458292337,0.5089262256827704,-0.10688227464358067
06073001000,4978,0.027145657410069524,50.704042642883685,Moderate,1.0,50.704042642883685,50.704042642883685,0.21190555563634333,52.84284713988705,1.0,1.0356990415699951,73.54044710120607,1.0,0.13521768240472598,51.882839293721176,1.0,-0.4348983464512479,43.074386494764774,1.0,-0.5193102212003075,42.76784120205329,1.0,0.1177693890493623,51.8349723196885,1.0,-0.3563634991383846,46.30873207578051,1.0,457,92850.0,4.1,1.8,57.0,1010,84.2,0.0,4769,433,17.2,9.3,50.284713096802456,2.7126099706744866,22.278023302531135,16.312316715542522,42.532467532467535,5.409153952843273,90.19686621132986,20.69695084,6.634897360703812,32.83873486919172,96.29765395894428,5.0,10.04419445560466,-0.04128421226120946,-0.5014100883717612,0.5326983613644812,0.8576181618138627,0.6484808013635437,2.8885540145377964,0.11939609472577001,0.4863652556528707,-0.5032264938705016,0.1828072847361981,-0.24628458126224834,1.1075745200154556,0.3468687809398341,0.6053271182739959,-1.1448676952893067,-1.546921589729515,-0.9757640077557126,0.12631402264360453,-1.9409934085898795,0.7132025089007573,-0.2415002336986892,0.26616953774629176,0.32863886310048435,-0.30267462612805834,-0.41005237214871093
06073001100,3068,0.300851570850601,57.38167965880484,Moderate,1.0,57.38167965880484,57.38167965880484,0.3146310097050563,54.24127770237244,1.0,0.2694616788673233,56.13070454103909,1.0,0.6876333701654943,59.7525967096137,1.0,-0.04828188978453693,49.21425891012119,1.0,0.08223475551272519,51.37045423374737,1.0,0.5063179194880932,57.8003779985602,1.0,0.29396415200005177,53.050959633094095,1.0,237,98634.0,5.0,2.3,58.7,554,71.6,0.0,2860,229,16.9,9.3,40.604026845637584,1.2034383954154728,19.875776397515526,27.106017191977077,15.671641791044776,8.20620725933719,30.964797913950456,36.91350342,5.616045845272207,18.426647767540754,95.7593123209169,8.0,26.07561929595828,0.5715033932476637,-0.36262843978848747,0.2894224600093719,0.7602266253516772,0.729936429383138,0.8530818127466404,-0.991536782313356,0.4863652556528707,0.7639241212842525,1.0123340298398076,-0.13329919047753852,1.1075745200154556,0.9505278804330556,0.8337411709856003,-0.8555786337458616,-1.121817976810942,0.6302198743128022,-0.29869351715060183,-0.021160034689034688,0.018572699577735025,-0.05126695925200666,1.3686322733374061,0.20158844437888015,0.103125799777356,0.48480250422274757
06073001400,3285,0.11332546615854143,52.80658209367578,Moderate,1.0,52.80658209367578,52.80658209367578,0.26202866270241054,53.52518712507738,1.0,-0.10931568950091572,47.52447259269248,1.0,0.7265950014854147,60.30764717941136,1.0,-0.056804347312333275,49.07891339912792,1.0,-0.43518170012533114,43.970951758626015,1.0,-0.1451209504597028,47.79880334368672,1.0,0.5510772863202478,55.71656251269836,1.0,282,97292.0,5.7,1.6,63.1,434,58.1,0.0,3144,124,16.6,9.8,45.551894563426686,0.48025613660619,21.054244560220656,34.898612593383135,33.14917127071823,7.456790123456789,70.92846270928463,33.25451151,9.551760939167556,30.988477865372953,94.66382070437568,10.0,30.441400304414003,0.4461604739390306,-0.3948284695946343,0.10020787006650914,0.8965747763987368,0.9407627607279696,0.3174312333279151,-2.181822007712418,0.4863652556528707,0.5754114053576155,1.4392963251137243,-0.020313799692830033,0.9119860751631487,0.6419934136154013,0.9431952538027979,-0.997494915596823,-0.8149111410707093,-0.4147454187476987,-0.1848208453424992,-1.316464750915925,0.1753042145047985,-0.7861178754660137,0.4077062481192802,-0.056951224032374854,0.3736594170476322,0.7284951555928633
06073001500,3961,-0.01592578722152199,49.65322328211162,Moderate,1.0,49.65322328211162,49.65322328211162,0.10688549199121884,51.41317941043348,1.0,-0.04789794800600758,48.91995018240661,1.0,0.3661659527511623,55.17294655083715,1.0,0.11598958669723261,51.82306122489118,1.0,-0.49752397498200207,43.07940335099415,1.0,0.40547665860456394,56.25215690592105,1.0,-0.5605762776068219,44.19157002656545,1.0,237,102321.0,6.6,4.8,55.0,495,62.2,0.0,3731,506,16.1,9.0,43.689320388349515,1.4763779527559056,14.767501277465508,34.104330708661415,37.29372937293729,5.88235294117647,48.47260792729109,55.86807716,3.346456692913386,20.35555555555555,93.30708661417324,3.0,7.573844988639232,0.5715033932476637,-0.274162337034938,-0.1430680312885999,0.2732689430407495,0.5526506507522566,0.5897202778657671,-1.8203279762949247,0.4863652556528707,0.1857742072979818,-0.11403316816852493,0.16799518494835255,1.22492758692684,0.7581380566804651,0.7924315999206007,-0.2404178388668703,-0.8461934709452651,-0.6625447073673244,0.054412233214824156,-0.5886242299079923,-0.7933391958675154,0.37249584579126865,1.221079115930094,-0.3771449859076708,-0.5732082433983345,-0.5479443118153092
06073013905,4486,0.020694150495081286,50.54664443090331,Moderate,1.0,50.54664443090331,50.54664443090331,0.810866629758381,60.99667307704049,1.0,-0.7606348443263383,32.72579614859403,1.0,0.020491600829466217,50.248442495663205,1.0,-0.1410859310098201,47.74043397864931,1.0,0.9447848843852875,63.705666506109694,1.0,0.11544682103822672,51.799313812918314,1.0,-0.8450101072096339,41.242721702458,1.0,134,138340.0,3.9,0.0,42.3,356,80.5,32.5,4169,611,16.1,10.7,65.625,15.10673234811166,14.64968152866242,94.7454844006568,5.251141552511415,3.791469194312796,7.133303611234953,4.604853765,0.0,43.82918817456593,94.58128078817734,1.0,2.229157378510923,0.8583994085540908,0.590079744624975,0.5867596727767276,1.2082276930777307,-0.055870805629416834,-0.030741643294256313,-0.2068302263095289,-2.7490967020721513,-0.10496019261704297,-0.5409954634424416,0.16799518494835255,0.5599268744289969,-0.6097063561624143,-1.2705309805959997,-0.22622947026438966,1.542123082983523,1.2532519280284102,0.37211849758492527,0.7512677975213303,1.4025013144064842,0.9973242970865002,-0.5745529149400547,-0.07643091903176534,-0.8437418606686108,-0.8462783537506571
06073013907,3616,-0.31700980884098334,42.307639175448344,Moderate,1.0,42.307639175448344,42.307639175448344,-0.7019682521666994,40.40202539154187,1.0,-0.2661097604286365,43.961941525055906,1.0,-0.583893632009403,41.63832284560461,1.0,-0.18842275808437728,46.988675811675776,1.0,-0.03576483274465719,49.682958144553446,1.0,0.3871320508181317,55.970511194013994,1.0,-0.8300414772712419,41.39790795217256,1.0,598,74545.0,7.7,11.3,14.6,410,84.3,5.084745762711865,3020,589,19.9,15.4,50.577124868835256,8.009708737864079,9.43557582668187,22.89644012944984,51.32275132275132,6.716981132075471,17.699115044247787,13.49097698,3.2362459546925564,32.25806451612903,96.84466019417476,1.0,2.765486725663717,-0.43402535942826004,-0.9406213742149192,-0.44040524405595577,-0.9928210309676627,-1.3831183915957435,0.21030111744417004,0.12821302232131812,-0.019834789884290528,0.6577197742833302,-0.45153669681362096,-1.263153098324634,-1.2786045071826877,0.3286348435508089,-0.19639206121675346,0.4016759053924385,-1.287609720064003,-1.5013269305750818,-0.0724081149112958,0.40880807942402064,1.0218676350837284,0.39307367219029316,0.31058832465750974,0.45773415560659214,-0.8437418606686108,-0.816341093873873
06073013908,3853,-0.130317402956248,46.86239688768225,Moderate,1.0,46.86239688768225,46.86239688768225,0.0615464679443628,50.79596649592085,1.0,-0.8587544562990556,30.496412320946686,1.0,0.15572254457525125,52.174953175900114,1.0,0.10033104420420086,51.57438724461999,1.0,-0.0926929490761189,48.868836882833634,1.0,-0.7042055915913963,39.21514793927421,1.0,0.4258311195490198,54.41808142308972,1.0,272,118259.0,7.1,6.5,21.5,487,84.7,36.024844720496894,3529,353,16.5,12.7,39.60573476702509,11.562782294489612,9.7911227154047,49.59349593495935,33.52112676056338,0.0,52.686218531014795,41.00808961,7.8590785907859075,47.59036144578313,91.59891598915988,10.0,25.953802232026995,0.4740144560076157,0.108255006519733,-0.2782213098192161,-0.057862280930681374,-1.0525043719868028,0.5540102392378521,0.16348073270351307,-3.1000044251507846,0.3198571953866462,0.5081118906591823,0.017347997235407017,-0.22242690498023043,1.0127784359795613,-0.7341519448217604,0.3588593965820542,-0.23616171092305158,-0.4369842928347679,0.948225856976042,-0.7251960312004547,-0.15681732924529496,-0.4700713261370531,-0.8622665087014533,-0.7802789399356823,0.3736594170476322,0.4780028220504074
06073013909,4742,-0.12316424257848275,47.03691342595852,Moderate,1.0,47.03691342595852,47.03691342595852,-0.3082803018895427,45.76141043141278,1.0,-0.25803722363092707,44.14535830201896,1.0,-0.5385987191493731,42.28359774325885,1.0,0.381554378467157,56.04050699410647,1.0,0.9465507135894666,63.730919389787026,1.0,-0.2369697504282137,46.38864396845752,1.0,-0.8483687950079464,41.20790073584132,1.0,431,105944.0,13.3,1.7,15.8,287,84.5,0.0,4080,795,17.3,13.5,69.11764705882352,6.524633821571238,4.850274145929987,90.4127829560586,8.75,0.0,16.87051876845213,5.637834474,6.324900133155792,39.82725527831094,93.80825565912116,1.0,2.108814846056516,0.03113614111711192,-0.18723185418272484,-1.9541219635988576,0.8770964691062998,-1.3256203012289711,-0.33874072646002334,0.1458468775124156,0.4863652556528707,-0.04588402459777994,-1.2891960570653052,-0.28394637819048535,-0.5353684167439217,-0.8274975461334102,0.028374947234606134,0.9538579551845577,1.3714821575828744,1.0440584234653483,0.948225856976042,0.43566459194314927,1.3582539819733273,-0.18361958399393644,-0.26842224438978224,-0.25886742290092246,-0.8437418606686108,-0.852995729347282
06073014001,5020,-0.19897158602400963,45.18743229379261,Moderate,1.0,45.18743229379261,45.18743229379261,-0.7529266175898601,39.708314798893824,1.0,-0.2425755631168995,44.49666397073819,1.0,-0.6257885095354618,41.041485119226735,1.0,0.1430211167956169,52.25235010572902,1.0,-4.896805881134114e-05,50.19372587577706,1.0,-0.048692962096321755,49.27926723512279,1.0,0.13421040143366988,51.39472352262372,1.0,504,85223.0,12.1,8.9,18.6,494,73.2,0.0,4426,768,17.7,13.7,61.67557932263814,5.9171597633136095,7.689144736842106,60.74950690335306,31.48936170212766,7.650273224043716,22.310756972111555,31.03920348,1.9723865877712032,45.53706505295008,94.60880999342538,9.0,17.928286852589643,-0.17219792798355965,-0.6844127913013305,-1.6297540951253784,-0.525341655949172,-1.191458090373169,0.5852565230372777,-0.8504659407845774,0.4863652556528707,-0.2755509249872744,-1.179405752566298,-0.4345935659034309,-0.6136037946848442,-0.36343210785390323,0.12031652222748004,0.6119887628989646,0.20321128990992623,-0.31550694260700374,-0.21422027665876608,0.2593352628216498,0.27019608420887464,0.6290532061734272,-0.7051981575142902,-0.06993393494810231,0.23839260841249413,0.030028194454845666
06073019206,5745,-0.29133797229311953,42.933958146214536,Moderate,1.0,42.933958146214536,42.933958146214536,-0.35018755774367133,45.19091514465446,1.0,0.29216042660799846,56.646444667844506,1.0,-0.49465026592205985,42.90969087089,1.0,-1.0067746858253976,33.99239399141597,1.0,0.09345996000504393,51.53098435898706,1.0,-0.0633706638390039,49.0539197213136,1.0,-0.5100030193347465,44.71588483155371,1.0,513,98538.0,5.5,11.3,14.9,713,95.1,5.94900849858357,4532,471,18.6,14.4,55.81140350877193,25.13262599469496,17.651232925314883,38.9920424403183,42.72727272727273,0.0,30.46127067014795,27.59178594,5.901856763925729,43.7432771602725,96.9496021220159,4.0,6.962576153176675,-0.19726651184528626,-0.364931869640492,0.15426918147875568,-0.9928210309676627,-1.3687438690040505,1.5628188304764514,1.080441202640568,-0.10587445768097514,-0.3459113048753854,0.028287596922780624,-0.7735497382575603,-0.8874276174780741,0.0022406346794522545,-2.787956194146409,-0.5876893955114848,-0.653693788323149,-0.9874112298482894,0.948225856976042,-0.004839679261514926,0.4178648921539381,-0.10463169994735864,-0.5679810914999582,0.4825007999303052,-0.43794143476319647,-0.5820646039062963
06073019404,3420,-0.23806452839598646,44.23367694461889,Moderate,1.0,44.23367694461889,44.23367694461889,-0.6929066542831154,40.525383477814046,1.0,0.07526334070081399,51.718308020506704,1.0,-0.09220915353462003,48.64289866864295,1.0,-0.14775311911881667,47.6345520803169,1.0,-0.027998597959430712,49.79402201368531,1.0,-0.2537090651233109,46.13164440438813,1.0,-0.5271384494534259,44.53823442879083,1.0,636,85769.0,5.0,15.7,15.0,381,95.7,0.3571428571428571,2692,337,18.6,14.8,57.826086956521735,20.37974683544304,3.4442154842508095,67.72151898734177,46.540880503144656,0.0,22.80701754385965,39.40261357,6.70886075949367,46.93333333333333,96.20253164556962,3.0,8.771929824561404,-0.5398704912888835,-0.6713120340180546,0.2894224600093719,-1.8498665518348951,-1.363952361473486,0.08085222741797811,1.1333427682138604,0.4508107286449035,0.8754386856352209,0.5731728118437791,-0.7735497382575603,-1.0438983733599196,-0.12338909489537024,-2.068604989412162,1.1231816786798152,0.47779992915245034,-1.2154233051113588,0.948225856976042,0.24325043520749642,-0.08804737890990251,-0.2553101945495989,-0.8120066813008336,0.3061896804804999,-0.5732082433983345,-0.4810686555085174
06073019405,4050,-0.13443309379282298,46.76198586940744,Moderate,1.0,46.76198586940744,46.76198586940744,-0.05740335567037337,49.17666901748063,1.0,-0.9846897563367806,27.635025941717156,1.0,0.13168704123718616,51.8325415014486,1.0,-0.46754536272818537,42.5559178387467,1.0,0.4866710647242549,57.154242975737176,1.0,-0.303802846268372,45.362551992221555,1.0,0.25405155849250927,52.63716854277319,1.0,318,82000.0,5.6,5.9,27.3,282,87.8,37.43016759776536,3394,310,18.6,11.6,76.99346405228759,8.785714285714285,10.674442190669373,43.142857142857146,21.428571428571427,0.0,27.90123456790123,22.53889235,3.642857142857143,44.738154613466335,92.42857142857144,9.0,22.22222222222222,0.3458861384921241,-0.7617456497701913,0.12723852577263253,0.059007562823941206,-0.7745969352140701,-0.3610595006024702,0.43680548816551956,-3.2399080776961013,0.40946711316867435,0.6829631163427862,-0.7735497382575603,0.2078676736948445,-1.3186103113545584,-0.31384098154957474,0.25248620841857317,-0.4902163664271817,0.28601838560679554,0.948225856976042,0.07813636545144227,0.6343036508627401,0.3171538972479768,-0.6440849417535661,-0.5844774942995268,0.23839260841249413,0.2697105085725244
06073019406,4648,-0.183657866701167,45.56104299776397,Moderate,1.0,45.56104299776397,45.56104299776397,-0.07315673556585456,48.962213816401174,1.0,0.26591745732944394,56.050175990025814,1.0,-0.4165844537120012,44.02182258289497,1.0,0.20007852826118344,53.15848128744195,1.0,-0.014146124781292763,49.99212435165943,1.0,-0.9112530046463486,36.036338300645376,1.0,-0.336460733793299,46.515072637713374,1.0,345,97750.0,5.8,7.5,30.7,563,86.2,0.0,4330,616,17.6,13.4,71.52,1.172332942555686,7.380796864794252,62.95427901524033,40.99099099099099,6.005509641873278,27.753872633390703,20.8089608,8.206330597889801,48.59154929577465,89.5662368112544,5.0,10.757314974182442,0.2706803869069442,-0.38383918967569597,0.07317721436038599,-0.25264535385505243,-0.6116856791748821,0.8932556062030448,0.29573464663674226,0.4863652556528707,-0.211828316786721,-0.5613270013126281,-0.39693176897519516,-0.4962507277734604,-0.977301204211987,0.8384490005429615,0.6491213600301751,0.2900449566835842,-0.8836005536597952,0.03569877993497492,0.0829126693700481,0.708404605229601,-0.5349079440043509,-0.9388530771947697,-1.2599979927399252,-0.30267462612805834,-0.3702468414585396
06073017009,4079,0.11411400826818695,52.825820253033726,Moderate,1.0,52.825820253033726,52.825820253033726,-0.019082061410452877,49.69834759824624,1.0,0.005151158107759082,50.12528331472743,1.0,0.44409177370889574,56.283083936430764,1.0,0.21638260279727128,53.41740698958385,1.0,0.5267587726150791,57.72753184300814,1.0,0.05613150692310213,50.88864272823584,1.0,-0.4306356948643458,45.538720153499256,1.0,76,96644.0,5.8,10.1,38.2,307,92.1,7.834101382488479,3719,313,15.3,11.0,56.15763546798029,4.2077580539119,10.0,59.96055226824457,19.290465631929045,0.0,17.161068889433686,29.90665837,2.498356344510191,48.66151100535396,97.37015121630506,4.0,9.806325079676393,1.0199525045518847,-0.410376621095665,0.07317721436038599,-0.7590813434584172,-0.2523226143825552,-0.2494656298902358,0.8159333747741097,-0.2935404980702823,0.19373953332305097,0.6707641936206743,0.46928956037424496,0.44257380751761255,-0.019349371161956248,0.3790355297661537,0.33370548192317584,0.1721387706617119,0.4138537500375186,0.948225856976042,0.4262472638793916,0.31870821956736417,0.5308475819299411,-0.944204847357233,0.5817517861965983,-0.43794143476319647,-0.4233299549654951
06073017014,2674,-0.1125844060080889,47.295031007039604,Moderate,1.0,47.295031007039604,47.295031007039604,0.2702264369093148,53.636785736144326,1.0,-0.731258481557803,33.393258919334336,0.75,0.23581197413368793,53.315913500102674,1.0,0.49330032656017997,57.81514915533157,1.0,0.201125568711887,53.07069560981945,0.75,-0.7984585884546296,37.76807680480425,1.0,-0.45883807835925944,45.24633386660454,1.0,185,75536.0,5.8,0.0,54.8,43,68.0,,2601,773,8.8,14.0,53.87673956262425,0.0,8.975317875841435,65.17067003792667,,10.923423423423422,23.93418100224383,11.47479776,14.72819216182048,36.84210526315789,92.35145385587865,3.0,11.219147344801796,0.7163441000043065,-0.9168432598051639,0.07317721436038599,1.2082276930777307,0.5430676356911277,-1.4278969046114314,-1.3089461757531056,,0.9358424079919955,-1.1997372904364845,1.9380996405754691,-0.7309568615962285,0.12288058367201264,1.015882317553658,0.4571021775164828,0.3773362274985666,,-0.7115699375985618,0.20671674513976024,1.1082298985944625,-1.7526271719812765,-0.040071095202063846,-0.6026774981805486,-0.5732082433983345,-0.34446791332018434
06073017018,4715,0.2135778223670512,55.25245122502251,Moderate,1.0,55.25245122502251,55.25245122502251,0.40129694743088706,55.42108554202618,1.0,0.8039268768875888,68.2743325574037,1.0,0.4877324198131673,56.90479201953315,1.0,-0.2568930018441843,45.901296954194855,1.0,0.05794967782184074,51.02315663521889,1.0,0.46858502377161954,57.2210628995347,1.0,-0.4675531873115608,45.155980569093146,1.0,280,116202.0,2.6,5.4,63.9,588,91.3,0.0,4583,320,14.9,9.4,61.40350877192983,9.725814795654424,14.528462192013594,55.25090532850492,22.185430463576157,5.337904015670911,22.48144220572641,46.68326073,2.2762545266425245,33.001730103806224,97.36161407139164,4.0,8.48356309650053,0.4517312703527476,0.058899223128343975,0.9381581969563297,0.15639909928612675,0.9790948209724842,1.0048494769152791,0.745397954009721,0.4863652556528707,-0.37976394048192935,0.6423000406024132,0.6199367480871911,1.0684568310449942,-0.34646658915222617,-0.45612577603678833,-0.211631708449465,-0.013347933738257501,0.24076648520296437,0.13714033061485847,0.253803002724287,-0.3999111072547469,0.5723169770612114,0.25370110267689516,0.579736991576752,-0.43794143476319647,-0.4971649398599252
06073017021,3087,0.476022900010205,61.65535623751139,High,1.0,61.65535623751139,61.65535623751139,1.1532539981203764,65.65768883469377,1.0,-0.7459039782556779,33.06049737625788,1.0,0.665233557876663,59.43348721873521,1.0,1.1618211212432574,68.43195636978814,1.0,0.971572746394773,64.08875608334002,1.0,0.31082650339644274,54.79898817884579,1.0,-0.18464364870439914,48.089025910291525,1.0,245,191406.0,2.4,0.0,59.7,259,46.2,5.555555555555555,2947,209,14.5,11.9,28.78787878787879,0.0,8.847535096310805,92.9539295392954,6.607929515418502,3.90625,4.211208292840946,1.39390168,1.1743450767841013,43.608124253285546,97.9223125564589,5.0,16.196954972465175,0.5492202075927957,1.863348583442403,0.9922195083685763,1.2082276930777307,0.7778515046887815,-0.4637258616577259,-3.2310363915827027,-0.06670516447106463,0.706175507602501,1.0936601813205538,0.7705839358001373,0.0905146067834601,1.6873480924471522,1.015882317553658,0.47249033778204413,1.4715637371901755,1.1721308329143052,0.3546777474471082,0.8459789274080514,1.513503477809627,0.7780582844209117,-0.557642474857622,0.7120637006260385,-0.30267462612805834,-0.06661267128073993
06073000800,5283,0.0008082335539643102,50.061485256253654,Moderate,1.0,50.061485256253654,50.061485256253654,0.1498524393413458,51.99810057623263,1.0,0.9194840625130837,70.8999169397956,1.0,0.031241575624575108,50.40158748364751,1.0,-0.17024765984087137,47.277315321007094,1.0,0.42066560498637107,56.21030785852157,1.0,-0.37048043270549874,44.338847559891406,1.0,-0.9748579550412555,39.89653299838602,1.0,359,84747.0,4.3,3.2,60.4,978,78.7,0.0,4869,582,16.0,9.8,55.61250640697079,2.528658125421443,16.08910891089109,31.995954146999328,24.42396313364055,3.1352057478772046,23.85008517887564,16.4654636,10.013486176668914,23.021032504780116,89.58192852326366,0.0,0.0,0.23168481201092497,-0.6958339643175196,0.47863704995223466,0.5849218597197432,0.8113920574027318,2.7457138600261364,-0.3655349230294037,0.4863652556528707,-0.5696042107460779,-0.42307254379535986,0.2056569818765896,0.9119860751631487,0.014643272493547587,0.6331683439946794,-0.39957160079037884,-0.9292306550613336,0.1069266910650202,0.47183662314903096,0.20944246404421152,0.8944566416872217,-0.8723281843227924,1.017181582674099,-1.256294696467803,-0.979008669303749,-0.9707072407787621
06073003800,4573,-0.4636698342754547,38.72955639935243,Low,1.0,38.72955639935243,38.72955639935243,1.3602752355554655,68.47592729503802,0.75,0.6252766818691754,64.21520668467971,1.0,0.14807020124150438,52.06593728979481,1.0,-1.3971000083815148,27.79362091889935,1.0,-2.188913645011525,18.891069343826498,0.75,-0.8184393501600332,37.46131113717708,1.0,-0.9748579550412555,39.89653299838602,1.0,0,,0.0,0.0,34.1,1033,81.0,3.665987780040733,15,0,31.1,15.2,100.0,0.0,31.204898316203806,0.0,,44.44444444444444,10.933741526350316,91.96017424,100.0,28.786453433678272,100.0,0.0,0.0,1.2316427682731317,,1.640955245315534,1.2082276930777307,-0.4487744231356939,2.991220375593052,-0.16274558833178585,0.1214063633511293,2.599400748327692,1.8996023424947468,-2.7063531566146564,-1.2003691292417646,-2.264895019014154,1.015882317553658,-2.2198809630051057,-2.1195063690604576,,-4.855498379523715,0.6280877743581104,-2.33933032986897,-4.2338745596394,0.5761516552058423,1.2024048539534578,-0.979008669303749,-0.9707072407787621
06073003901,4213,-0.5398206688786555,36.87169507093759,Low,1.0,36.87169507093759,36.87169507093759,-1.241873936923767,33.0521371163452,1.0,-0.22698079469021876,44.850993995361755,1.0,-0.5247920647096405,42.48028843031408,1.0,-0.8444071599103204,36.57095958614196,1.0,-0.4001544479177493,44.47187173630064,1.0,0.3004423687124412,54.63956002210005,1.0,-0.8409786467113343,41.28451759414471,1.0,895,73324.0,6.9,19.1,7.5,473,92.3,10.294117647058822,3389,347,20.3,16.3,49.50911640953717,27.38317757009346,10.551674295350518,31.68224299065421,43.67816091954023,1.3824884792626728,29.19534773320674,68.41319228,8.878504672897195,28.449144008056393,98.97196261682242,1.0,2.373605506764776,-1.2612886268652388,-0.9699181226451019,-0.22415999840696985,-2.512128999777757,-1.6945663810824265,0.4915176716390008,0.8335672299652072,-0.5384416992826565,0.41278599901245316,0.532509736103406,-1.413800286037581,-1.6306637079168402,0.39523270738648963,-3.0985458150377423,0.2672704544302148,-0.9415859864202435,-1.044263953779106,0.7381590606081981,0.03619149140307308,-1.3307043899031623,-0.6604118799067855,0.6019543768719613,0.9597846091721477,-0.8437418606686108,-0.8382154327540579
06073003902,3786,-0.6215416859851434,34.87793731119677,Low,1.0,34.87793731119677,34.87793731119677,-0.6182031599740343,41.54234320326237,1.0,0.03670598441337433,50.84224313586411,1.0,-0.31069852637296447,45.530281847136415,1.0,-0.5437020151009555,41.34647079869855,1.0,-1.2344865880700984,32.54020108907021,1.0,-1.9777065837873662,19.66302135597079,1.0,0.29729908699604063,53.08553434415312,1.0,586,46875.0,4.2,11.2,14.6,325,96.6,0.0,3097,354,19.4,15.4,72.80453257790369,10.322108345534406,6.467129877071084,21.815519765739385,50.602409638554214,7.452574525745257,60.75013206550449,91.25077785,26.720351390922403,43.76355748373102,89.0922401171303,9.0,23.771790808240887,-0.40060058094595785,-1.604537040933312,0.5056677056583578,-0.9733427236752253,-1.3831183915957435,-0.169118042977427,1.2126951165737971,0.4863652556528707,0.6066089322891364,0.5040455830851449,-1.0748441136834515,-1.2786045071826877,-1.0574008747445116,-0.5463751741613854,0.7591491281541782,-1.3301811396521035,-1.4582583687393738,-0.18418029236913244,-0.986564083554098,-2.3089436076177887,-3.9917245117655296,-0.5695324491014672,-1.3718627904951013,0.23839260841249413,0.35620556557958716
06073004000,4253,-0.5460149373565333,36.720572736916786,Low,1.0,36.720572736916786,36.720572736916786,-1.4214812798234577,30.607091729739118,1.0,-0.24714859378204468,44.39275976236194,1.0,-0.901707079995598,37.11072742321886,1.0,-1.051131776095654,33.28795715154652,1.0,-0.8280589213999564,38.35246796368083,1.0,-0.1300502998596685,48.030183821621414,1.0,0.7574733894606465,57.85636003150186,1.0,983,56563.0,8.1,17.8,13.0,392,95.0,12.22222222222222,3782,349,21.2,18.6,80.60686015831135,21.55536770921386,8.672480620155039,32.544378698224854,59.21658986175116,4.2105263157894735,43.73383494004232,65.65028002,7.3541842772612,22.75482093663912,90.4480135249366,13.0,30.56665882906184,-1.5064036690687879,-1.3720825783685202,-0.5485278668804485,-2.2589110049760746,-1.4597825120847732,0.12995353053136127,1.07162427504502,-0.7303896686197868,0.15192157169143783,0.5243771209553314,-1.752756458391709,-2.530370554237452,-1.5439310564837732,-2.246535936848847,0.4935711621637294,-0.9076312732137256,-1.973292222458678,0.3084434736522229,-0.435030833733061,-1.2123561030603094,-0.37580077046081467,1.0375456237452292,-1.05189575286342,0.7794598429530466,0.7354869359682462
06073008800,6061,-0.40774095002478944,40.09406030442629,Moderate,1.0,40.09406030442629,40.09406030442629,-0.7214750519505164,40.13647382750861,1.0,0.1385089228511015,53.15531612909154,1.0,-0.8336054046479571,38.080909256349386,1.0,-0.4520247347863352,42.802401592156414,1.0,-0.2501251926653009,46.61741974406959,1.0,-0.21533091462808265,46.720866133396655,1.0,-0.5201342743464359,44.610849736382214,1.0,1190,83125.0,5.1,7.9,30.5,449,86.3,0.0,5642,801,17.2,13.9,61.80048661800487,10.597014925373134,13.745418193935354,37.014925373134325,28.614457831325304,6.641895030190432,24.91338063025903,60.01244555,11.99004975124378,27.369505494505496,94.5273631840796,4.0,6.599571027883187,-2.0829810978885006,-0.7347523311920131,0.26239180430324877,-0.33055858302480096,-0.6212686942360108,0.38438755575525574,0.30455157423229035,0.4863652556528707,-1.0827039621942838,-1.313593902509529,-0.24628458126224834,-0.6918391726257672,-0.37122095912796843,-0.5879824552998956,-0.11733413109456389,-0.731561393622913,-0.1436191040330429,-0.060998908171900804,0.1749788676755345,-0.9708616261317945,-1.2413791748237306,0.6845420840308014,-0.08915565309131883,-0.43794143476319647,-0.6023271139296752
06073008901,5576,0.18631618454834767,54.58734567606124,Moderate,1.0,54.58734567606124,54.58734567606124,0.11294083250810052,51.495612467769,1.0,0.3755762081368673,58.541741546543264,1.0,-0.09755360755627787,48.56676115552972,1.0,-0.5895075509440642,40.61903113299344,1.0,0.5398792715003078,57.91516631600988,1.0,0.8785609309841744,63.515444201980536,1.0,0.0843172072093257,50.877459235255806,1.0,233,81859.0,5.6,3.6,55.2,819,64.9,0.0,5064,591,16.2,10.5,65.7973174366617,7.384376214535561,23.605306196620027,47.18227749708511,0.0,0.0,25.28694404591105,49.45861854,2.681694520015546,17.35889243876464,97.82355227361056,9.0,16.140602582496413,0.5826449860750978,-0.765128812365323,0.12723852577263253,0.5070086305499948,0.5622336658133854,2.0359768422963254,-1.582270931215112,0.4863652556528707,-0.6990407586534519,-0.4596693119616956,0.13033338802011682,0.6381622523699194,-0.6204515642957391,-0.10174759647368645,-1.304704896882516,-0.3311261461243151,1.567212815790265,0.948225856976042,0.16287090769283594,-0.5187924944579118,0.4966158799309607,1.450310967922152,0.6887559450994107,0.23839260841249413,-0.06975819399384271
06073013505,5450,-0.09459409029739263,47.733942964065896,Moderate,1.0,47.733942964065896,47.733942964065896,-0.5847609559458483,41.99760135338556,1.0,0.3154917509082755,57.176557619036124,1.0,-0.6053358014497281,41.3328560102042,1.0,0.4507421226341959,57.1392805061149,1.0,0.03273821188079701,50.66261088411373,1.0,-0.12807918487433848,48.06044645191349,1.0,-0.14295477523510214,48.521232461936705,1.0,577,113333.0,8.4,13.0,31.4,414,98.4,2.4691358024691357,4917,791,17.2,12.9,53.74823196605375,1.8877551020408163,7.6766931168112205,63.92857142857142,52.28070175438596,3.6855036855036856,16.146788990825687,17.68512757,4.642857142857143,44.75580464371497,95.45918367346938,7.0,12.844036697247706,-0.3755319970842312,-0.009939737761250135,-0.6296198339988185,-1.3239522549390934,-0.5781451264609316,0.22815613675812757,1.3713998132936733,0.2405561800422328,-0.6014655148463547,-1.272930826769156,-0.24628458126224834,-0.3006622829211536,0.13089393913164774,0.7301694135651584,0.6134882413522034,0.32841689648777417,-1.5586018992538486,0.38821977820672854,0.45912216519210763,0.8422128033782006,0.1304404541550487,-0.6454350932266961,0.130757084448632,-0.03214100885778211,-0.2537685416124222
06073013506,4331,-0.08055224983107541,48.0765234822976,Moderate,1.0,48.0765234822976,48.0765234822976,-0.22942147061976648,46.8349379302133,1.0,-0.294480999387135,43.31731625562474,1.0,-0.08399837484549402,48.75987006882336,1.0,0.6759761349048272,60.7162314483058,1.0,0.7749820444076729,61.27733914812572,1.0,-0.43206512823637705,43.39333454498781,1.0,-0.9748579550412555,39.89653299838602,1.0,429,111304.0,10.9,4.1,30.8,279,75.1,0.0,3968,292,18.1,13.5,41.42394822006473,8.429752066115702,1.2254335260115607,73.96694214876032,12.32876712328767,0.0,16.162549064881087,17.19975109,0.0,40.45845272206304,86.52892561983471,0.0,0.0,0.03670693753082895,-0.05862368744580449,-1.3053862266518996,0.4096170940878093,-0.6068941716443177,-0.37445076508793834,-0.6829443164691545,0.4863652556528707,0.028459018302865662,0.7561566526754576,-0.5852407536163777,-0.5353684167439217,0.8993999969648377,-0.25996587912672664,1.3406981353337855,0.7237722864474125,0.8300872532189537,0.948225856976042,0.4586113487202802,0.8630037187154158,0.9973242970865002,-0.3167061366275237,-1.9768135451681077,-0.979008669303749,-0.9707072407787621
06073013604,5525,0.10960240972300868,52.71575022543527,Moderate,1.0,52.71575022543527,52.71575022543527,0.1652354344019421,52.20751362415073,1.0,-0.13346388435457798,46.97579945802293,1.0,-0.14346960845343626,47.9126381887594,1.0,0.4204387181657255,56.65803084904781,1.0,0.7155623130060071,60.42758563760877,1.0,0.24517923317205245,53.79110224460531,1.0,-0.5022653378766521,44.796104716199785,1.0,586,106622.0,4.9,1.5,43.8,343,72.1,0.0,4649,581,16.8,11.2,61.61449752883031,2.865612648221344,4.287284719677538,66.699604743083,8.94454382826476,7.198532783127005,11.76470588235294,5.264467953,1.2845849802371545,40.89138900908698,96.29446640316206,4.0,7.239819004524887,-0.40060058094595785,-0.17096388085294276,0.31645311571549506,0.916053083691174,0.016001807329048517,-0.08877045606461821,-0.9474521443356129,0.4863652556528707,-0.4235732336198098,-0.41900623622132255,-0.0956373935493028,0.3643384295766901,-0.35962322698649274,0.5821700682558716,1.0216556001474493,0.43755243124607385,1.0324268282360438,-0.14557907737457257,0.6011545074803363,1.374246993682221,0.7574750124809603,-0.3498239022892641,0.32788658932446113,-0.43794143476319647,-0.5665892409901077
06073013802,3125,-0.37126410815309224,40.98399032619497,Moderate,1.0,40.98399032619497,40.98399032619497,-0.9972515133706904,36.382251122334864,1.0,-0.057077205285338634,48.71138751774743,1.0,-0.40429180020269034,44.19694469339845,1.0,-0.261754342310962,45.824093799184425,1.0,0.06394728644733672,51.108927621791864,1.0,-0.4383936741206302,43.29617205279077,1.0,-0.5040275082286705,44.777835535291885,1.0,505,96613.0,11.6,16.0,23.8,223,93.8,1.1428571428571428,2879,663,19.0,13.9,46.771037181996086,10.568181818181818,16.62914120295915,41.25,40.65281899109792,2.2222222222222223,23.68,30.49159925,3.4090909090909087,37.13450292397661,88.06818181818183,3.0,9.6,-0.17498332619041815,-0.41112043698537476,-1.4946008165947622,-1.9083014737122066,-0.9422996987838227,-0.6244210354833435,0.9658211438984363,0.37259076922737544,0.751312355077893,-0.7524434572923813,-0.9241969259705058,-0.6918391726257672,0.5659712684714188,-0.5836185466669714,-0.4646046474140814,-0.5647654436342139,-0.8633815631334681,0.6105629324440264,0.21495527513113755,0.2936525013476511,0.3608011956333366,-0.062438259843313026,-1.6135439581519142,-0.5732082433983345,-0.4348467730590063
06073018609,6249,-0.25050833344190876,43.93008389414718,Moderate,1.0,43.93008389414718,43.93008389414718,-0.561977321385655,42.30776139290372,1.0,-0.07590990993049937,48.28348807621219,1.0,-0.9350486596249418,36.635740652641786,1.0,0.015857741273559933,50.23286312283383,1.0,0.5532142957316526,58.105868686857285,1.0,-0.11172329284763283,48.31155930792906,1.0,-0.6379711873098448,43.38918358016101,1.0,751,76579.0,3.8,11.9,16.1,491,91.8,8.438818565400844,5609,634,19.1,14.9,59.391771019678,10.222222222222223,8.566290665358837,63.44444444444445,27.850877192982455,2.2270505160239003,15.362457993278923,8.948350965,9.61111111111111,41.88334504567814,98.66666666666669,3.0,4.8007681228996635,-0.8601912850776128,-0.8918174542255729,0.6137903284828509,-1.1096908747222853,-1.311245778637278,0.5718652585518096,0.7894825919874641,-0.35374171162399315,-1.0607993156253435,-0.6345205376452996,-0.961858722898743,-1.083016062330381,-0.2210205444779939,-0.5312573475276104,0.5063590201912266,0.3093498369086175,-0.09796532519380578,0.6098292813315178,0.48454394884003466,1.2164492779488638,-0.7971993504177521,-0.425704276725881,0.8877337486007346,-0.5732082433983345,-0.7027341312213551
06073007304,3774,-0.03037216249763492,49.30077327810168,Moderate,1.0,49.30077327810168,49.30077327810168,0.388492949027566,55.24678110257107,1.0,-0.22168452539334635,44.97133096857151,1.0,0.367379575784448,55.19023592019778,1.0,-0.5284518333055589,41.5886595853374,1.0,0.02231293344438917,50.51352039278233,0.75,0.5926185400727706,59.12535588882446,1.0,-0.8332727771137131,41.36440767149756,1.0,661,106491.0,1.1,1.1,50.9,565,53.0,0.0,3318,263,18.4,10.0,52.40174672489083,2.423654871546292,26.609898882384247,22.297624818225884,32.5,4.9308755760368665,22.78749337572867,,8.14348036839554,20.012239902080783,99.36984973339796,1.0,2.6497085320614735,-0.6095054464603464,-0.17410710283849062,1.3436180325481786,0.9939663128609224,0.3561988419991179,0.9021831158600235,-2.6314853150853974,0.4863652556528707,0.45991417799411244,0.8740795723225394,-0.6982261444010862,0.8337506972222263,0.21485679538716554,0.649060651508762,-1.666531067444023,-1.31119371267414,-0.37593206998799716,0.19898761659739894,0.24388325372376574,,-0.5231729612562968,1.2473412882186368,1.0536872932559718,-0.8437418606686108,-0.8228036935588153
06073018201,3025,-0.1627771606643409,46.070472164994484,Moderate,1.0,46.070472164994484,46.070472164994484,0.03361976925226223,50.41579247464827,1.0,0.11017587147959607,52.511558522986256,1.0,0.16415299133923,52.295053984783806,1.0,-0.5635172630828067,41.03178400151418,1.0,-0.3767224773662847,44.80696916546671,0.75,-0.3317704689413521,44.933163635175006,1.0,-0.17537854733103098,48.18508121670741,1.0,476,77759.0,6.5,0.0,40.7,471,96.0,15.625,2670,346,18.0,12.7,62.04620462046204,8.18394388152767,17.78221778221778,29.15042868277475,9.248554913294797,10.529986052998606,76.36363636363637,,6.703039750584567,28.780934922089823,89.32190179267342,5.0,16.52892561983471,-0.09420677819152123,-0.8635044622946837,-0.11603737558247677,1.2082276930777307,-0.13253492611844628,0.48259016198202204,1.159793551000506,-1.0691453009456975,0.8900417833478477,0.5365760436774434,-0.5475789566881407,-0.22242690498023043,-0.38654321048951035,-0.22276265813324986,-0.6034631639158594,-1.0413000197926074,1.0142502871561665,-0.6517877916955385,-1.4926299275594823,,-0.25422333393390567,0.5765737976297175,-1.3176618705198682,-0.30267462612805834,-0.048082468534003615
06073018101,3465,0.16904552165052003,54.16599117770077,Moderate,1.0,54.16599117770077,54.16599117770077,0.7225501874837514,59.79439645371978,1.0,-0.5096885803523248,38.427566989960035,1.0,0.43819631052861713,56.199096703426605,1.0,0.3417376485894142,55.40817581101666,1.0,0.28405176062316867,54.25661182027943,0.75,0.43678924546736336,56.73290067113511,1.0,-0.5303179207863497,44.50527147665278,1.0,188,119399.0,1.6,1.9,42.8,293,67.2,8.053691275167784,3301,226,16.0,12.0,54.524361948955914,1.915991156963891,11.859917598587405,66.98599852616066,7.482993197278912,8.681022880215343,27.12842712842713,,3.1687546057479734,26.1142498430634,95.43109801031687,3.0,8.658008658008658,0.7079879053837309,0.13560823601228694,1.2084647540175624,0.8381398545214257,-0.03191326797659505,-0.3119581974890871,-1.3794815965174942,-0.31540125942612274,0.4711983898629604,1.0245329525619196,0.2056569818765896,0.05139691781299887,0.08249675793883383,0.7258958691628529,0.10972608350243268,0.4488318837535374,1.1198115862023867,-0.37084095117224253,0.10318464683936192,,0.40567521433072246,0.780563747624309,0.12412877444705855,-0.5732082433983345,-0.48742759817436476
06073017202,1734,0.31896090366913454,57.82349529092837,Moderate,1.0,57.82349529092837,57.82349529092837,1.062486659151486,64.4220474638154,1.0,-0.36810336676772093,41.644536350655,1.0,1.4589888416830754,70.74138753644776,1.0,0.3572770361166076,55.65495748620024,1.0,-0.7979733817102502,38.782717181643605,0.75,0.8091466986694655,62.449723903985536,1.0,-0.28909616145872225,47.0061216101437,1.0,62,179732.0,3.8,1.1,87.3,50,53.5,0.0,1720,108,11.4,9.9,62.149532710280376,0.0,11.019929660023449,70.70572569906791,19.879518072289155,26.15535889872173,22.49134948096886,,1.7310252996005324,26.65148063781321,99.20106524633822,3.0,17.301038062283737,1.0589480794479038,1.5832419158142672,0.6137903284828509,0.9939663128609224,2.0252725751959058,-1.3966506208120057,-2.5874006771076545,0.4863652556528707,1.5206300936658237,1.5043572462983212,1.9380996405754691,0.8728683861926875,-0.392986446024035,1.015882317553658,0.21088109881231853,0.5953311741244889,0.3786348504393355,-3.0260368830910447,0.25348188752095857,,0.6741186033171175,0.739467900267418,1.013853592423861,-0.5732082433983345,-0.004984079519109931
06073018302,1222,-0.5995325059706438,35.41489799760454,Low,1.0,35.41489799760454,35.41489799760454,0.009711270518583111,50.09031934205977,1.0,-0.08786699383356325,48.011810182839305,1.0,0.5868451672068868,58.316760028575274,1.0,-0.34085204338385744,44.567939839462426,1.0,-3.4813599429023356,0.4079703314241385,0.75,-0.5003961665850016,42.344244579963835,1.0,-0.3828088328152181,46.03456188300742,1.0,172,64792.0,4.8,5.6,42.4,71,88.7,0.0,1097,234,17.7,12.5,62.34042553191489,0.0,20.29459901800327,28.462709284627092,44.44444444444444,37.784090909090914,171.03109656301146,,2.89193302891933,30.212014134275616,84.62709284627093,2.0,16.366612111292962,0.7525542766934672,-1.1746354507420058,0.3434837714216184,0.11744248470125267,-0.05107929809885241,-1.3029117694137289,0.5161578365254575,0.4863652556528707,1.934163269800665,0.9920024919696211,-0.4345935659034309,-0.14419152703930796,-0.40488996048756226,1.015882317553658,-0.9060150824643912,-1.0683854481371344,-1.0900793357013754,-4.793003129740191,-4.56099736326544,,0.457361524062812,0.46710238714031016,-2.425652410958127,-0.7084750520334727,-0.05714261359696351
06073017068,4608,0.6527324500464354,65.96656098115712,High,1.0,65.96656098115712,65.96656098115712,0.40326842908717675,55.44792387753444,1.0,0.26872368441985295,56.11393650809435,1.0,0.7193278417179184,60.204118648741726,1.0,0.15702115896341456,52.47468537169518,1.0,0.6571970576761968,59.592912046214295,0.75,0.7744333887994976,61.91676866259802,1.0,1.5891555896609915,66.47876850406472,1.0,171,156146.0,7.6,4.9,71.9,224,81.1,0.0,4465,291,14.0,8.4,49.63592233009709,3.467561521252797,13.643376680625966,51.90156599552572,13.026315789473683,2.1881838074398248,12.803819444444445,,2.796420581655481,26.324324324324323,99.49664429530202,20.0,43.40277777777778,0.7553396749003257,1.017317994049901,-0.4133745883498324,0.2537906357483123,1.362415423417633,-0.6199572806548541,-0.15392866073623773,0.4863652556528707,-0.3014382345687492,0.760222960249495,0.9588929204413199,1.459633720749608,0.387325463433986,0.49106473346933505,-0.10504584650478567,-0.14525971454487707,0.7883814648103138,0.6157350122508625,0.5674746959674145,,0.47519498194967696,0.7644939524825444,1.0836112319662716,1.7263275033990135,1.4519836759229694
06073013325,5457,-0.4212862962960885,39.76359281646553,Low,1.0,39.76359281646553,39.76359281646553,-0.6130237749195209,41.612851631974365,1.0,0.36021379015180216,58.19269077554158,1.0,-0.5811924381210359,41.67680426658111,1.0,-0.3982808683024558,43.6559102248824,1.0,0.0011953283097101974,50.21152038918755,0.75,-0.9806133993109469,34.97144457487636,1.0,-0.7373027118801729,42.359370775652906,1.0,950,85455.0,2.5,13.0,29.5,611,88.7,0.0,4871,711,18.2,12.6,75.390625,4.047131147540984,12.3252391464312,34.47745901639344,50.29821073558648,0.0,15.026571376214036,,7.2233606557377055,58.08383233532935,90.98360655737704,2.0,3.665017408832692,-1.414485528242457,-0.6788461691589862,0.965188852662453,-1.3239522549390934,-0.6691837695416544,1.1075158379705348,0.5161578365254575,0.4863652556528707,-0.5709317650835894,-0.9476262208461718,-0.6229025505446135,-0.1833092160097692,-1.218661986015529,0.40334651153932377,0.053690030917405034,-0.831498029651023,-1.4400705981990318,0.948225856976042,0.4954307261521204,,-0.3513742416482769,-1.6649719420740845,-0.9254940142104795,-0.7084750520334727,-0.7661303717268731
06073013318,7761,0.5063974508960697,62.39640791150637,High,1.0,62.39640791150637,62.39640791150637,1.0750830722677773,64.59352598624403,1.0,0.49637881669865147,61.28650761777618,1.0,-0.1745842402008368,47.4693766931827,1.0,1.183199732293469,68.77147100244898,1.0,0.681181251626406,59.93590674722262,0.75,0.5332200417530225,58.21340767274711,1.0,-0.24969651816600097,47.414594724106315,1.0,47,161486.0,1.5,2.0,47.5,524,89.5,0.0,7475,415,15.5,9.7,9.9009900990099,5.307656176608737,7.537688442211055,83.32550493189291,7.2265625,4.5291479820627805,10.30795000644247,,1.8788163457022076,39.576868829337094,100.0,7.0,9.01945625563716,1.1007290525507816,1.1454462795676539,1.2354954097236854,0.8186615472289885,0.19328758595992984,0.7191691678919591,0.5866932572898462,0.4863652556528707,-2.2994075125235995,0.2560008210688695,0.39396596651777216,0.9511037641336106,2.797652033989971,0.21256526760795474,0.6302277912216506,1.0923538363543,1.1351433399862043,0.26002944800832395,0.6483709668846894,,0.6465240282411681,-0.2492687569355583,1.2024048539534578,-0.03214100885778211,-0.46725202747421984
06073013317,18047,0.047670603133001865,51.204792281743806,Moderate,1.0,51.204792281743806,51.204792281743806,-0.7331789103479438,39.97714590406117,1.0,1.0358481842991156,73.543835785503,1.0,-0.9441554587607873,36.50600447457474,1.0,-0.1618435266054351,47.41078171887365,1.0,0.2923960511262898,54.37594238574209,0.75,-0.0917738153368423,48.617844667698705,1.0,0.9364016975566162,59.71138705905683,1.0,1349,129469.0,7.1,8.8,42.2,1515,90.1,2.2606382978723407,16685,1026,15.4,9.3,83.5285505124451,4.857304857304857,11.712022046159143,72.61387261387262,16.74660271782574,6.154664774742816,21.11154208455699,,4.384804384804385,51.440379239090795,97.88319788319788,23.0,12.744500470992408,-2.5258594127790044,0.37722842986318017,-0.2782213098192161,-0.505863348656735,-0.06066231315998091,3.303147563007888,0.6395948228631374,0.2613126644854183,-3.0873110118366918,-2.228513106667922,0.43162776344600856,1.1075745200154556,-1.726119066963111,0.2807262187367635,0.1275363117013293,0.6704824301032777,0.5659489565501593,0.013034908666814612,0.2982042881618955,,0.17862237311070556,-1.1567763266443527,0.7028325075231203,2.1321279293044277,-0.25932453419119544
06073015407,3640,-0.6179788382810254,34.96486054720598,Low,1.0,34.96486054720598,34.96486054720598,-1.1389210535443717,34.453663738144684,1.0,0.06330260534630547,51.44654716220322,1.0,-1.3725979501896468,30.40237898219749,1.0,-1.2301797798605676,30.444488177620975,1.0,0.11625396454241049,51.856958322811195,0.75,-0.6546971695277302,39.97525330319642,1.0,-0.10901248473357834,48.87312684314148,1.0,714,49544.0,11.4,10.4,24.1,395,89.1,0.0,3226,784,22.9,18.2,71.98275862068965,5.138339920948617,36.417322834645674,22.450592885375496,31.64556962025317,4.815650865312264,16.20879120879121,,16.363636363636363,38.371116708648195,95.96837944664033,6.0,16.483516483516482,-0.7571315514238477,-1.540496892235394,-1.4405395051825158,-0.8175162653357286,-0.9279251761921296,0.1433447950168294,0.5514255469076513,0.4863652556528707,0.5209816775196427,-1.2444666737508947,-2.3930070061717292,-2.373899798355606,-1.0061574696667865,0.2381913877783168,-2.8475838831994364,-1.3051691543543642,-0.3248464692908085,0.21649581735813006,0.45711254555990993,,-2.057986589888685,-0.15703390073161577,0.2509289820371103,-0.16740781749292022,-0.05061715197423647
06073008367,3394,0.3748336241550517,59.18662896168861,Moderate,1.0,59.18662896168861,59.18662896168861,0.2939981560198144,53.96039684916705,1.0,-0.3350720371710455,42.395043925317985,1.0,0.4949225242609915,57.0072228140471,1.0,0.2093270037732159,53.30535672096593,1.0,0.5639432878837662,58.259302546797485,0.75,0.8729245135264371,63.428907993304335,1.0,0.5237919207921825,55.433683347015254,1.0,247,122266.0,7.3,2.3,64.3,135,80.8,16.346153846153847,2985,251,16.1,11.6,59.21501706484642,2.912621359223301,7.100766057748968,50.24271844660194,13.77777777777778,3.8880248833592534,12.080141426045964,,0.0,30.840258541089565,100.0,10.0,29.463759575721863,0.5436494111790786,0.2043992087799643,-0.3322826212314627,0.7602266253516772,0.9982608510947416,-1.0172314603904087,-0.18037944352288332,-1.1409380958656317,0.6809519751897819,0.922875263210987,0.16799518494835255,0.2078676736948445,-0.2099986881305,0.5750552707280538,0.6828438925493115,-0.21059246005400192,0.7434522488278562,0.3574470232302914,0.5909305915931511,,0.9973242970865002,0.41904438953935336,1.2024048539534578,0.3736594170476322,0.6739244245367327
06073010017,6562,0.14049117904734945,53.46934735026058,Moderate,1.0,53.46934735026058,53.46934735026058,-0.2312486110939465,46.810064551903984,1.0,0.3449777081637666,57.84651049518865,1.0,-0.33499934530347675,45.18409046584914,1.0,-0.2947825170805288,45.29957194891034,1.0,-0.15708343057586346,47.94799735011319,0.75,0.31796208310236057,54.9085411030369,1.0,1.3386123661191345,63.8812787262504,1.0,398,112388.0,8.1,8.6,28.3,667,88.5,2.368421052631579,5933,625,16.2,11.1,63.07977736549165,16.923076923076923,10.822843107153822,70.38461538461539,31.462140992167104,6.330416881111684,34.74550441938434,,2.142857142857143,43.645007923930265,98.7912087912088,21.0,32.002438281011884,0.1230542819434429,-0.032614125366919856,-0.5485278668804485,-0.46690673407186056,-0.7266818599084266,1.35748610836594,0.4985239813343601,0.250582602863193,-1.275863118302211,-0.5979237694789639,0.13033338802011682,0.4034561185471513,-0.4509937645450386,-1.5454358570792108,0.23461512207339386,0.5826844312287403,-0.3138794415809389,-0.01367032793631357,-0.14370052221033797,,0.5972240618873688,-0.5604639171755054,0.9171261045952184,1.8615943120341516,0.8156304202041176
06073005602,2096,0.04531092784826559,51.14722299203121,Moderate,1.0,51.14722299203121,51.14722299203121,0.6824207767158696,59.24810347325946,1.0,-0.6155907323545806,36.021355425930125,0.75,0.905224308594857,62.852414363737,1.0,-0.39723671138051186,43.672492525433235,1.0,-1.5582112548453757,27.91065858619872,0.75,0.4683276426940002,57.21711131454136,1.0,0.8322424655136005,58.63152332667565,1.0,245,104896.0,1.4,0.4,69.9,170,57.3,,1948,239,16.4,9.0,63.177570093457945,0.0,30.851581508515817,56.341275941583405,7.6923076923076925,13.612217795484726,174.1412213740458,,4.996156802459646,24.553039332538734,96.771714066103,9.0,42.93893129770993,0.5492202075927957,-0.21237763006710778,1.2625260654298085,1.130314463907982,1.266585272806346,-0.8610000413932805,-2.2523574284768073,,1.3692888991895096,0.9716709540994346,0.055009794163644064,1.22492758692684,-0.4570918312078245,1.015882317553658,-2.1773330102904285,0.029595678422547612,1.107296866493635,-1.1201277146095119,-4.66180291642025,,0.06447465826710592,0.89998964327196,0.44051862654293467,0.23839260841249413,1.4260923226147069
06073001301,2816,0.037999886820508574,50.96885462001401,Moderate,1.0,50.96885462001401,50.96885462001401,0.18815821789461906,52.51956793731008,1.0,0.5616386889372668,62.769282578235206,1.0,0.9509389426367818,63.50366864242079,1.0,-0.20563679853681155,46.715298902058485,1.0,-1.5121573521865264,28.569269194732463,0.75,0.5909415149452898,59.09960843532672,1.0,-0.3078840059470595,46.8113399141324,1.0,262,100764.0,3.2,7.3,58.5,656,79.8,0.0,2430,146,16.9,8.2,41.77215189873418,0.9416195856873822,24.11221590909091,24.921531701192716,84.18079096045197,9.94912379875636,66.05113636363637,,8.976773383553043,19.98820754716981,100.0,4.0,14.204545454545457,0.5018684380762009,-0.3115210899471367,0.7759742627195902,-0.2136887392701782,0.7203534143220091,1.3083848052525568,-0.26854871947836945,0.4863652556528707,1.049348303849231,1.3498375584849036,-0.13329919047753852,1.5378690986905312,0.877687040501598,0.8733676100111682,-1.3657491778437214,-1.207852666816291,-2.8145647513238705,-0.5635267503125755,-1.158380554923133,,-0.6787599692216416,1.2491796601040532,1.2024048539534578,-0.43794143476319647,-0.17782657713092256
06073021306,4665,0.20777503629972305,55.11087993578151,Moderate,1.0,55.11087993578151,55.11087993578151,0.1088242464836797,51.43957222183541,1.0,-0.008198497505546937,49.82196468422529,1.0,0.23583388664595267,53.31622566747902,1.0,1.5577582834822352,74.7198513073316,1.0,0.5835410028998547,58.53956680818331,0.75,-0.17593633982194926,47.325693077407706,1.0,-0.8473973280861646,41.21797235287865,1.0,497,162697.0,9.9,3.9,49.7,226,80.5,0.0,4579,479,14.1,11.1,18.181818181818183,0.0,0.9623797025371827,94.32955303535692,10.707803992740471,5.959849435382685,6.216505894962487,,0.733822548365577,51.04232469993683,93.79586390927284,1.0,2.1436227224008575,-0.15270014053555003,1.1745030873882527,-1.0350796695906672,0.4485737086726835,0.29870075163234583,-0.6110297709978754,-0.2068302263095289,0.4863652556528707,-0.3771088318069063,-0.004242863669517788,0.9212311235130836,0.4034561185471513,2.348710812869444,1.015882317553658,1.3406981353337855,1.5257418681720536,0.9270031368238126,0.04263677142123218,0.7809831004545191,,0.8603097624619367,-1.126326864810343,-0.2617919171174414,-0.8437418606686108,-0.8510527955037184
06073013319,9371,0.003022835905963756,50.11551518368696,Moderate,1.0,50.11551518368696,50.11551518368696,0.2073477373682032,52.78080027504517,1.0,0.661437813995676,65.0368267617613,1.0,-1.070952383839688,34.69964548883176,1.0,-0.13654626114816515,47.81252866907897,1.0,-0.08596124235967229,48.9651061065264,0.75,0.05686621594516591,50.89992275384187,1.0,0.3889679713802265,54.035905249282735,1.0,395,133750.0,2.6,9.9,51.7,613,90.2,0.0,8592,1192,15.2,9.7,72.6530612244898,1.7657992565055762,15.88033454857388,58.82899628252788,38.59649122807017,1.4952700640830028,37.66940561306157,,2.0136307311028503,53.15061475409835,98.45105328376704,14.0,14.939707608579662,0.13141047656401844,0.4799470048260078,0.9381581969563297,-0.7201247288735432,0.39453090224363296,1.1164433476275135,0.6484117504586868,0.4863652556528707,-3.0408466100237885,-2.701018046771056,0.506951357302482,0.9511037641336106,-1.0479555670020113,0.7486275063276024,-0.37443008048163096,0.12757309656337917,-0.7404356315577384,0.7210220887144935,-0.2384701842357719,,0.6213523701645571,-1.2876019947853894,0.83684827245633,0.9147266515881847,-0.13679070882773173
06073013324,2899,0.11652804684744716,52.88471585076523,Moderate,1.0,52.88471585076523,52.88471585076523,0.2503724531936938,53.36650785938322,1.0,-0.052288104824465,48.82020106584237,1.0,1.018701414254739,64.4690181524904,1.0,-0.3740043725491079,44.041446287942414,1.0,0.3309900460793424,54.927869867112534,0.75,0.45287693694658154,56.97989583027701,1.0,-0.8109520451686538,41.59581633720006,1.0,91,127716.0,4.2,10.4,47.7,125,84.7,0.0,2478,152,15.2,9.0,63.96694214876033,5.408388520971302,15.313059033989266,33.22295805739514,27.513227513227513,2.054054054054054,16.902380131079685,,2.759381898454746,40.57843996494303,100.0,1.0,3.4494653328734044,0.9781715314490069,0.33516684100313887,0.5056677056583578,-0.8175162653357286,0.2028706010210587,-1.0618690086753024,0.16348073270351307,0.4863652556528707,1.0174869997489544,1.3254397130406799,0.506951357302482,1.22492758692684,-0.506314749057436,0.1973193648940466,-0.30611628604687807,-0.8809058199861642,-0.07777756370456008,0.6361158024086114,0.43463189953397596,,0.4821106020177144,-0.3258846451314275,1.2024048539534578,-0.8437418606686108,-0.7781622296686969
06073009000,3778,0.12042556892161352,52.97980417876542,Moderate,1.0,52.97980417876542,52.97980417876542,-0.017689636035536915,49.71730307737179,1.0,-0.5568546388746362,37.3559030690637,1.0,0.23779761115605644,53.344201041583254,1.0,0.12742937835174506,52.004737043407914,1.0,-0.002602571104842942,50.157207145354604,1.0,0.7561948681018457,61.63675171125055,1.0,0.29870397085666356,53.100099381735845,1.0,274,117161.0,5.2,10.6,55.3,251,51.3,0.0,3484,441,15.9,11.6,38.991596638655466,8.501440922190202,14.108443485298084,52.809798270893374,36.2962962962963,5.770536320434488,15.087347803070408,36.70192906,1.6570605187319885,27.81712813908564,98.8472622478386,9.0,23.82212811011117,0.4684436595938987,0.08190952758743103,0.23536114859712537,-0.8564728799206027,0.5670251733439495,-0.4994359002856409,-2.781373084209724,0.4863652556528707,0.34972716798065556,0.15027682414389967,0.24331877880482597,0.2078676736948445,1.0510742819472427,-0.2708160318984055,-0.16105122180476192,-0.10948951483709514,-0.6029091079279082,0.07140258044178541,0.493460836935362,0.027635406131389022,0.6879288222206973,0.6503008751222165,0.930354906962623,0.23839260841249413,0.359015333300833
06073009101,5425,0.10697382976258782,52.651620435097996,Moderate,1.0,52.651620435097996,52.651620435097996,0.8185448869826367,61.101199356981205,1.0,-1.2330204274298937,21.992684202761485,1.0,0.3840903896078547,55.42829949066847,1.0,0.5517809085877587,58.74388176935647,1.0,-0.20019589484999417,47.33145185251857,1.0,0.8070783917004998,62.4179690801431,1.0,-0.3794614462607471,46.06926568474955,1.0,270,136356.0,1.2,1.4,62.4,404,76.5,73.13432835820896,5058,276,14.6,10.4,37.242128121606946,0.4706889174154899,13.263041065482795,59.69191270860077,20.858895705521473,4.3780687397708675,24.147465437788014,74.78531425,2.053915275994865,25.637025481019244,99.10141206675225,5.0,9.216589861751151,0.47958525242133276,0.5424755276835478,1.316587376842055,0.9355313909836113,0.907222208014019,0.1835185884732338,-0.5595073301314735,-5.463315176075354,-0.6950580956409174,0.8212175738600545,0.7329221388719009,0.6772799413403806,1.1601659891044882,0.9446432583533427,-0.05924417102064063,0.16155855791384455,0.32007876923130485,0.2829856844630897,0.19980375713745802,-1.6036517902318292,0.6138307040843375,0.8170693607224742,0.9903351102946875,-0.30267462612805834,-0.4562482663934359
