zip,total_population,yoi_custom_0_100,yoi_0_100,economic_score,education_score,health_score,housing_score,safety_env_score,mobility_connectivity_score,youth_supports_score,economic_coverage,education_coverage,health_coverage,housing_coverage,safety_env_coverage,mobility_connectivity_coverage,youth_supports_coverage,yoi_domain_coverage,yoi_raw_0_1,poverty_rate,median_hh_income,unemployment_rate,snap_or_assist_rate,hs_plus,ba_plus,school_enrollment,youth_disconnection_proxy,uninsured_rate,disability_rate,frequent_mental_distress,poor_physical_health,rent_burden_proxy,overcrowding_proxy,moved_past_year_proxy,homeownership_rate,single_parent_proxy,vacancy_rate,crime_rate_per_1k,env_burden,no_vehicle_rate,commute_time_proxy,internet_sub_rate_proxy,tier_weighted_youth_program_access,youth_development_access,barrier_reduction_access,transition_pathway_access,segment_specific_support_access,norm_poverty_rate,norm_median_hh_income,norm_unemployment_rate,norm_snap_or_assist_rate,norm_hs_plus,norm_ba_plus,norm_school_enrollment,norm_youth_disconnection_proxy,norm_uninsured_rate,norm_disability_rate,norm_frequent_mental_distress,norm_poor_physical_health,norm_rent_burden_proxy,norm_overcrowding_proxy,norm_moved_past_year_proxy,norm_homeownership_rate,norm_single_parent_proxy,norm_vacancy_rate,norm_crime_rate_per_1k,norm_env_burden,norm_no_vehicle_rate,norm_commute_time_proxy,norm_internet_sub_rate_proxy,norm_tier_weighted_youth_program_access,norm_youth_development_access,norm_barrier_reduction_access,norm_transition_pathway_access,norm_segment_specific_support_access,service_count,basic_navigation_access,lack_transport
91901,19455.74,43.081063310724076,43.081063310724076,0.5392705470363744,0.4961957570046623,0.30599819275622847,0.6081612129001696,0.652457892442672,0.37196227402225596,0.0416285555883221,1.0,1.0,1.0,1.0,0.991859736565731,1.0,1.0,1.0,0.43081063310724066,768.8067873449133,112530.70825548779,4.532733975084916,3.310653905259252,29.629106004583008,464.4054194256205,85.03307789740197,2.716278940688575,5185.180989699315,699.5942750244052,17.49887140816257,13.687343979676815,54.60208760872726,2.553253592732595,11.759435066743448,74.96981691790623,18.38044478285996,4.469219906405808,19.053860146099172,10.500421898445376,3.378080922612706,56.88450183607982,94.87538835016198,2.0640554848291512,0.572537171533436,1.4915183132957155,0.4854755495409206,0.41232747339680664,0.3402779810794488,0.5270740238297018,0.634196318608265,0.6555338646280825,0.3146836000780067,0.6315031615915453,0.5188907820490356,0.5197054843000617,0.30392624646208716,0.26835686884019333,0.3737182565825232,0.27799139914011023,0.5400080130632617,0.6991852321943791,0.4653484569175564,0.7281031494254809,0.6301821271919679,0.5407223092560367,0.5911917036922002,0.8663821967383729,0.5847874176235058,0.08148784879432622,0.44961155564893596,0.020495186267646306,0.011960025802783237,0.04232543021602908,0.03332711045251702,0.10003502520263494,4.2820064203348025,0.40754811693835863,7.863788738442286
91902,21929.95,57.36492839958704,57.36492839958704,0.5610420843483646,0.4510764494845975,0.5251586061456878,0.6584396805439747,0.6787001581278667,0.4660973017508157,0.6750307075697871,1.0,1.0,1.0,1.0,0.9508664690644262,1.0,1.0,1.0,0.5736492839958707,289.6928878994041,133686.18520582808,5.638761988654485,5.799893777653153,41.69570380400776,249.7661488303285,81.54078765243764,1.527577413358617,4524.696581669706,501.1383306881583,14.153391700285592,11.704948709465853,50.41023286223761,5.619795186064691,5.71428608350268,76.43810122336136,20.50256823807625,1.9851762611281305,19.934120400005312,23.202858539422312,2.6525268601646332,40.79132575895865,93.01106168772536,109.27738225766842,52.100925442335274,47.70698666883044,70.02720233457092,18.3709208393555,0.6070567860369807,0.671312762482173,0.5023799873647331,0.4634188015095715,0.48520551892770275,0.36033173386986495,0.4140677452304681,0.5447007999103544,0.36136933903628915,0.4360042227981977,0.7844576709017734,0.5188031918464908,0.5638181281913027,0.5132187708656306,0.8120687176140569,0.7446531055049085,0.5759873245833359,0.7556728659155412,0.6942789222807867,0.6641030927472067,0.6412667248583941,0.3792491882430186,0.37777599215103447,0.6705346726953667,0.6741904743058069,0.6620958873931476,0.6775772880017547,0.6907552154528596,168.0901422198877,14.197365743640965,7.159753402583033
91905,1379.23,25.421106818184985,25.421106818184985,0.1763964130150768,0.1430167305137046,0.3230736570852678,0.49034180269193156,0.4940207391819002,0.1360744821518062,0.01655365263326152,1.0,1.0,1.0,1.0,0.7500000000000001,1.0,1.0,1.0,0.25421106818184985,993.9080413229564,52526.57437301654,6.1957779498656045,10.27026490642161,15.215450344132766,224.4201456313083,71.89226572650982,26.302499273289285,2486.506130877289,621.8104535918175,19.285302072268685,18.193123379643815,66.21161921140343,4.892003763245328,8.606052818783056,66.37169676826602,48.70682286785287,3.7900252977318147,11.976146635533965,,5.199694172153111,62.9264470285992,73.15293063976547,9.128416041255959e-06,0.0,9.128416041255959e-06,0.0,0.0,0.0910652935913218,0.039057120201528094,0.37523158805687107,0.2002316502105861,0.08270253935702924,0.28951624285365374,0.15195114406823512,0.047896995775900265,0.8673186933853319,0.256882807642731,0.14884052975712228,0.019252597555885723,0.2606403978136521,0.4697760565312657,0.6284234586028965,0.6025272978199119,0.11616864121824835,0.6086812080122688,0.7572123683151837,,0.36661934818363945,0.035364378767035624,0.006239719504743715,0.0033922107662200745,0.004070556309362201,0.011533447244049711,0.0169606512890094,0.0468113975576662,9.128416041255959e-06,0.0,12.383341496585679
91906,2174.81,30.52220893209128,30.52220893209128,0.1637649099801452,0.5846813794422336,0.20276742759383648,0.5200022058017578,0.2971301700902479,0.34565437177948954,0.02255416055867916,1.0,1.0,1.0,1.0,0.75,1.0,1.0,1.0,0.3052220893209129,1298.8779843844409,60147.27838703305,8.507347651346045,7.41581543581744,26.448319800311975,355.7497002429426,93.33524474589643,1.0187468891349005,4236.81584589463,836.4296577495093,18.530884116217983,15.988791834126705,64.5343444623144,13.345883680267493,5.018567294920547,77.57138556526264,49.76866184424659,8.035463326162523,20.448086483224234,,1.3400411328919608,48.560818003911244,87.45563843354788,0.9613948547275195,0.0,0.9613948547275195,0.0,0.0,0.04123444400245491,0.0708369993251878,0.21027921761811483,0.3327089789748234,0.26317777922669977,0.5623484765409604,0.842722855011201,0.6704764069900734,0.40720259661946984,0.08942042530475575,0.2254199881410219,0.0890267003100983,0.3026083825353925,0.16650161668397603,0.8626545222461951,0.748244301741468,0.10770389218507215,0.26392316714745195,0.5197634509382196,,0.7969091698779048,0.167659775452598,0.07239417000796583,0.011871189356484187,0.0040705563093622,0.033057008280873816,0.016960651289009396,0.046811397557666196,0.9613948547275195,0.0,11.43860514527248
91910,76513.92,45.53861999016271,45.53861999016271,0.3556517377586215,0.4776698002249991,0.4034760277213035,0.46219593558022626,0.3954746087708343,0.420868770169418,0.6723665190859868,1.0,1.0,1.0,1.0,0.9998663390426886,1.0,1.0,1.0,0.45538619990162704,499.8316720125263,95240.11213520993,7.47745128601861,9.983699013064022,27.886939235414122,398.2948565404334,88.52139678629591,5.662498010873521,4300.474462155133,572.106938204519,16.318362054772532,13.570680436194229,53.93595966607755,11.175035987537912,8.901942462013213,50.48618751611114,32.45935664150833,5.828990082607569,38.40120254963877,47.601549029007074,6.027634976202226,37.95786132126924,92.4424541749288,109.54962805684058,50.80104453850161,46.86957310918087,71.3517298546038,17.14016189121073,0.38417121172542806,0.3749287273299199,0.3645929433028247,0.2989140686763136,0.2836583532902863,0.5758487085591073,0.646180760974164,0.4049913780764388,0.42947075447696265,0.34080184829657145,0.516934579711172,0.3266969284005077,0.505458615656169,0.268376836029516,0.6342280024725745,0.44072028816264525,0.37366566179372646,0.4570952114872946,0.361597033696433,0.3893344969193498,0.4707949025242253,0.4366533475777222,0.3551580604063065,0.6734885434845743,0.6678336659763364,0.6583749586920097,0.6839938284182331,0.6781415988587807,160.6908424317918,14.54360334991155,10.552811031410377
91911,86697.52,42.91555621714545,42.91555621714545,0.3162727894016974,0.48678403629920464,0.32816836103539637,0.44266577002985247,0.4553401275550565,0.4042920472763098,0.5705658036026633,1.0,1.0,1.0,1.0,0.9654340401225201,1.0,1.0,1.0,0.4291555621714543,563.2293480668629,94532.95373163129,10.442816157760472,10.174204904917747,20.95732012045429,449.8407159924428,89.92846401738238,5.045601516692993,5373.792549545391,654.0179704656839,16.86312877664891,14.259136465439576,63.65886261211531,14.132610801172804,7.829337358963173,55.68479508946418,26.470427083259832,6.24478215455753,29.42338308707379,42.81991370804087,5.132842332598508,39.61393236997294,92.93512564941356,78.03113901670775,36.27846945316468,32.561173053953475,48.49222807957392,10.6472802992995,0.36800739773344854,0.35753383482698536,0.272538602101053,0.267011322945303,0.17959860436182307,0.6000591435696863,0.7075240735273179,0.45995432373799067,0.31005861055392964,0.2920450463116239,0.4410386154087227,0.26953117186730957,0.3586200894423092,0.22047040538346888,0.7002814765139933,0.49129110877963855,0.4676766149094718,0.45545154350120226,0.46429947112584097,0.410022052697688,0.483305745672527,0.393311117988236,0.3362592781681664,0.5826647893652814,0.5771921797844736,0.5552242884589413,0.5921833166910316,0.5455644437135887,112.28648384111196,12.027156065637152,11.733840089370696
91913,54696.09,53.42337915970706,53.42337915970706,0.5461050973577956,0.5599310405656167,0.4853076385039609,0.5337133828263991,0.6446519497176937,0.5128095917443303,0.4575526283531474,0.994593680718861,1.0,1.0,0.994593680718861,0.7885670904737315,0.9927915742918147,1.0,0.9989702248988307,0.5342337915970704,591.4637393615986,137650.2886158727,5.810842930963612,6.694849987117728,43.227565249337616,639.360081702016,86.1414749133693,3.487983463000628,8111.729230802479,612.3144081784931,15.26183151866477,10.373392624715873,57.92877410793703,5.194433825638832,9.3902744814922,69.92566844913969,20.571835564995734,3.7397759019734025,14.152715458921666,10.863436356428993,3.0438919486930143,50.49098291762811,97.97534348790974,49.96024194136353,26.13074068802673,20.057688021024063,28.61058690942412,7.24484592588293,0.4637200371757439,0.6942287026829194,0.5707104280366078,0.4466350826374942,0.5106155436062212,0.631199363948036,0.5832657499170012,0.5146435047912087,0.2024997930450918,0.36080393591512405,0.6592509849203921,0.7186758401352358,0.41566044606359087,0.47095214954427445,0.5985031758347266,0.659618499573152,0.5928856309028616,0.6144815093747847,0.6994404389451471,0.8496613491716538,0.611768528603675,0.16913499019506992,0.7575252564342462,0.46314323284447917,0.4960024773570183,0.4052061594800841,0.4851357242888552,0.4382755477953003,84.61518020325643,6.921308336126818,8.066060574306265
91914,13323.15,59.303859307412296,59.303859307412296,0.603944571887787,0.423176464859542,0.6035426419580253,0.7360533821593516,0.7239173631019338,0.5755555747573163,0.485080152794904,1.0,1.0,1.0,1.0,0.7810593265481501,1.0,1.0,1.0,0.5930385930741229,226.74744992735012,176822.51377085212,9.239614683017882,4.349446153718309,45.5455855852665,223.60675893033513,83.54414315595902,5.697570650965412,4489.373642000981,377.49409939058984,14.336131330890815,10.870930783025946,33.374033279173204,3.7123811143226293,6.303907598923951,78.63572665837329,12.062503393256497,1.750944647614402,17.671608590438943,4.880961347352085,1.3683338252147266,44.28340142209491,96.91678803931403,55.02826189041,27.216373038201887,24.47503292909378,32.97443060929401,8.775108256758383,0.6847089608450965,0.9065309551944708,0.2630535839601099,0.5614847875514711,0.5452013555151104,0.30916141900543354,0.48552732666725734,0.3528157582503667,0.40546298908037626,0.6033947227815466,0.7705920406417532,0.6347208153284254,0.8174135135724337,0.581634361685011,0.777811352113657,0.7673543012663043,0.7621414348714746,0.7780820501837231,0.60886746234731,0.9496485711677927,0.7910046691060182,0.2973527737109691,0.6383092814549617,0.4896282841445923,0.4967858472016934,0.4549727784148413,0.5050047007502569,0.47900915346313655,98.03992119430913,7.500949016304792,6.972803155921975
91915,36590.29,50.44055708767379,50.44055708767379,0.5235472460309274,0.5557325954032665,0.4766736664166706,0.5112826491546475,0.606973811502427,0.5544643662410353,0.3028415062928763,0.9950218032173249,1.0,1.0,0.9950218032173249,0.7500504676812673,0.9933624042897664,1.0,0.9990517720413952,0.504405570876738,416.9882361838584,142921.93983335813,4.964527362664834,7.599871422173296,50.58338496518862,425.44876106198745,83.9693999240637,3.9090449138660452,6987.356970009118,683.1916626507146,14.964563225408511,9.98412721929179,61.442043178962116,5.557087443356867,12.012087429420696,72.3514275315068,24.456498771722536,2.7384093135131082,18.00123146912928,34.240152963945484,2.2331856408724486,53.01973147561675,99.01785205612343,30.2628310810983,15.056788902233341,12.152473559776615,17.126879748829126,4.424342480210811,0.4203207877973433,0.7618651056149648,0.5583377100794072,0.3449538330186934,0.6111552223970788,0.6073122841224692,0.48605011285422717,0.5184127622392907,0.10840166324323981,0.32179804351567015,0.7043895330169669,0.7721054258908053,0.4029768153460119,0.497954620431901,0.470961664911871,0.6825832605062395,0.5015807664238289,0.6851044267281104,0.6379308250506228,0.5085594991837492,0.6739127695907002,0.13577487253661213,0.8537054565957937,0.28470389323331746,0.29540449565876875,0.26709351428351313,0.3418983999269274,0.32510722836185507,54.10587550544374,4.37866107595555,7.5641956360605604
91916,1715.26,43.49200638765313,43.49200638765313,0.6928148906607632,0.3813308275687175,0.5484810790489459,0.7280437226649931,0.45536937786849485,0.21582488285653456,0.022575666467270175,1.0,1.0,1.0,1.0,1.0,1.0,1.0,1.0,0.4349200638765312,161.19799066340553,105384.82429741953,9.810125329934117,0.6106784047036702,19.742047645663206,189.45829104948257,91.69466079764817,6.621814026907267,2480.6295286154286,335.3036457266231,16.9664070428222,14.005339202351834,24.396516947414835,4.51706905722477,8.657860065674866,80.44942234963156,27.714691143412054,10.87944291789422,30.290619927729217,19.22177165598194,5.372905915870526,59.98495683556865,89.95021553525625,0.7786431905926596,0.7786431905926596,0.0,0.48665199412041227,0.0,0.7872443957221504,0.4731687175074335,0.598011442187297,0.9128350072261717,0.16410757654458472,0.22326481384001898,0.7773729851611423,0.36057793472912414,0.8576814693305472,0.6707641797532898,0.4270194499561629,0.23845921715578408,0.940747342804931,0.5555063628405025,0.6279600362580552,0.7879611487564834,0.4175162957713624,0.22840037290198412,0.45746076389118095,0.7181000789094522,0.44423379843262367,0.047673312376929185,0.1555675377600508,0.01105178172564007,0.01305083734062082,0.0115332428765264,0.030431072835897344,0.0468113975576662,1.5572863811853193,0.0,7.088542723762937
91917,2431.93,36.11725695619631,36.11725695619631,0.35287893941845944,0.3896827292569024,0.2900518844187383,0.4871479947725252,0.533217362441224,0.4563266550888687,0.018902421537022804,1.0,1.0,1.0,1.0,0.9741365941403999,1.0,1.0,1.0,0.36117256956196303,543.5560928666339,114035.3266042127,7.524141216176531,9.003433994480789,21.16211126713881,763.5490148263867,79.85525423865352,17.930926786194934,4454.032860132323,740.103848661711,17.513797502227188,13.479324014032914,58.380961129897855,5.574004838086465,16.383795995292054,76.68291479273479,24.232519090842192,8.460008442004456,7.254652185564286,34.25013907938126,0.7526166352845807,74.65855708245188,95.17076287170144,0.4396630477338736,0.336206814337516,0.10345623339635762,1.373662082900233e-06,9.61563458030163e-07,0.337995063907892,0.5533475102288232,0.2720801907443763,0.2480929927927462,0.1947060135438912,0.9090183863618719,0.323361271524664,0.131645245597182,0.35528509987020646,0.14724176643783474,0.3517705262366601,0.30591014513025194,0.4754697186242498,0.4556701770865433,0.2829502184603781,0.73450186491893,0.5161942271181287,0.2304035057644624,0.9005370207844172,0.5084114646827745,0.8791213163362659,0.02156439630686135,0.468294252623479,0.007345779876710796,0.0095447387125482,0.013849431399972238,0.016960683720108775,0.046811473975773926,1.0000093409021635,5.494648331600932e-07,9.96552348974914
91931,235.12,40.40812258861575,40.40812258861575,0.7314395916212229,0.318788831319824,0.502998415418856,0.7456898436573323,0.38069932283162206,0.13151347684536582,0.01743909950887902,1.0,1.0,1.0,1.0,1.0,1.0,1.0,1.0,0.4040812258861574,179.79416535697737,93624.40417647581,2.039580904405876,0.9427529528031676,17.317903444536874,178.83190551029864,91.52862352359841,10.222622379793384,2637.036640770292,400.72233170222404,17.1656517716819,14.171376476401582,17.429183762585513,2.24236192961112,9.338673572622481,75.632211480656,33.58295238841357,7.215924054236573,42.913479487245965,21.10635154104326,7.553583678189606,58.328959253807646,88.07634461260018,0.1144940943936646,0.1144940943936646,0.0,0.07155880899604038,0.0,0.7534511920485244,0.367697051051421,0.9217162639382376,0.8828938594467088,0.12406861536365071,0.20411533175829757,0.7685508411721229,0.17842053698522498,0.8286193141712289,0.5633017920711595,0.3999113235806938,0.22016123185234243,0.9784521136561736,0.7097486392801599,0.5750991898258904,0.7194594318671061,0.2940174968913839,0.3213993925200128,0.2134876265119583,0.6938927754031337,0.25642114417962913,0.05581682990525472,0.08230245645121358,0.004518429015405697,0.00539104450793228,0.0115332428765264,0.018941383586864518,0.0468113975576662,0.2289881887873292,0.0,7.354202362242534
91932,25766.63,37.5379661534414,37.5379661534414,0.31243750011561594,0.4874715189275775,0.36198002446369365,0.3651566851189394,0.32467274223645276,0.31947154903238717,0.456467610846232,1.0,1.0,1.0,1.0,0.936672141685154,1.0,1.0,1.0,0.37537966153441404,663.1866009832722,85210.2985761389,7.03368036740209,10.96668397594764,27.1855029055628,386.68593747292596,91.2122322311777,6.264748843548558,3699.483168246782,513.3136701376037,18.67938019989766,14.042213950141072,59.90691059716485,10.07339121457227,11.17378663079938,31.85268060322405,46.89659284211657,9.095883346739354,28.039140306631666,38.43143815715293,6.813901360010958,41.66553116037179,91.37660054144631,52.41447986639583,24.61178596580511,19.68959266772165,32.584369018933785,6.573945676620727,0.31899665834369945,0.26863536324124165,0.4247765839084633,0.2373413949690594,0.27215446424014583,0.5916614075834119,0.7391946179965437,0.34687558589020867,0.5366810378948572,0.41591719921638387,0.23977852557363438,0.25554333516989913,0.4082783181857283,0.30331140566192966,0.5216191771890858,0.22741783943901372,0.18235250993264882,0.3317795226423151,0.4118025927061988,0.4587370674049423,0.34635972851535723,0.3505447388447624,0.2615101797370418,0.48783423881051496,0.4819596362130386,0.40049677587820237,0.5051787904236306,0.40686861290577375,78.98021547501469,7.461065768781537,11.502017147080023
91934,442.97,28.512537199067022,28.512537199067022,0.2307004895992408,0.1832701232904291,0.36230136052899725,0.5330353990770424,0.4848474342447683,0.18516920153614042,0.0165535956580732,1.0,1.0,1.0,1.0,0.7499999999999999,1.0,1.0,1.0,0.2851253719906703,878.1785456185272,54115.78957235485,6.037059187029626,9.159414309207381,15.789093708431352,202.68964253174875,75.3345622505881,23.081329651242406,2392.6142421736786,577.2512332813949,18.735974108948703,17.936787917509395,62.31696814084375,4.406506585057201,7.5520623816554275,66.56693490697404,44.6551407917129,8.48539300140967,12.772558535614603,,4.995025870266273,59.905336036433496,76.13384895500717,0.0,0.0,0.0,0.0,0.0,0.19839854587705089,0.04735314182817482,0.3966876596868353,0.28036261100490206,0.0930122934438935,0.2576285288625435,0.2552255762467013,0.1272140946085781,0.8783379230378143,0.3240502031724106,0.21992534584125595,0.026891970064507754,0.3387943812166001,0.5146396371259254,0.6736801376603108,0.6050274403053337,0.18510885072881267,0.5349728464345256,0.7344606055709667,,0.38512655552722935,0.08409312324493777,0.0862879258362543,0.0033921302578018,0.0040705563093622,0.0115332428765264,0.0169606512890094,0.0468113975576662,0.0,0.0,11.760770656808532
91935,8690.48,47.63993743407386,47.63993743407386,0.5946500667678388,0.350500548681552,0.4781873038643971,0.7513540598451718,0.6376140074923351,0.40146116011384764,0.12102847362002758,1.0,1.0,1.0,1.0,0.9154466268769798,1.0,1.0,1.0,0.4763993743407386,267.99969886350476,144418.69236530425,5.802257416367526,5.482776160010217,30.992223320371792,398.8078473770412,80.284463108448,12.993466910690477,3947.262107939033,534.8096895351327,15.876470054565932,12.302193516127375,44.46558188768656,2.32757124255183,8.005878208953064,88.16860001033987,11.77483182516089,5.7821840320623,16.955716907656104,20.90796272582441,1.8998624983439807,67.16659585219605,95.19127606565623,10.704309185543147,5.01666498806342,5.521351923675765,4.535951333990444,1.8534488617379588,0.6498698788388948,0.7616592376059018,0.4703546455475286,0.49671650507903053,0.33739344431231927,0.47665350980703197,0.3765528597008018,0.2114023809060549,0.4921372225097087,0.4006246140325052,0.5799776898850486,0.440009689030326,0.7153489638585919,0.7086780704209706,0.6919987471923594,0.8893904579087651,0.773096145328216,0.42898305784143875,0.6715893288965956,0.7106728354322356,0.7256034849515479,0.034370580759690565,0.4444094146303046,0.10481618628505977,0.09045944806415096,0.13055371238340416,0.10911722323238296,0.17019579813514002,20.51730558376474,1.4134466797445295,7.239328451318707
91941,35901.55,51.28675597343497,51.28675597343497,0.4714326516393602,0.4578343475440242,0.44329257580248616,0.5204295229792598,0.5012596792604347,0.4634325496432579,0.7323915912716258,1.0,1.0,1.0,1.0,0.9931073959834315,1.0,1.0,1.0,0.5128675597343498,414.63275990628125,108530.08300415732,5.608177426135789,6.608825240866522,42.63056101619083,273.61571058726815,82.25858679645329,6.369175360853891,4325.428917512525,523.5494192362358,16.47748660864213,12.411698785814794,57.361339071294296,5.064306927739523,11.317786879872584,62.45212937773016,25.986494106986576,3.8629143874530727,23.473442922361624,43.65321179105829,4.959595705703222,36.60195159665249,93.80444132061265,130.96279706219775,64.46522363299484,62.55989983287796,80.13535510766157,22.50426077697908,0.47786776284135235,0.4873344880122433,0.49378019690638897,0.4267481587974563,0.5015848994092276,0.40119473082227364,0.44808172540156854,0.4804760345430267,0.4071822616305709,0.4352143031710265,0.5001209253491262,0.43065281305922115,0.4609136498656151,0.5414567405320286,0.5074372568191169,0.5719104447002784,0.47684724209245305,0.5929600768822189,0.5238699580263476,0.4135853616471597,0.5022351397075201,0.4831548545013054,0.40490765472094814,0.7237349124158351,0.7374493320809035,0.7413188007699106,0.7122018359414084,0.7472530751500714,171.81752436334577,15.255000258110982,7.733509261071085
91942,42033.58,50.645660341515374,50.645660341515374,0.44117691268723563,0.5188777694589688,0.4352957379100151,0.4395214004944441,0.42244027201864914,0.5158714970813492,0.7720126342554137,1.0,1.0,1.0,1.0,0.9111782691815603,1.0,1.0,1.0,0.5064566034151536,496.71567510635145,99466.48874327344,6.253456546940364,6.297092491461404,42.012180216077596,370.0369921357005,79.66446409892669,2.5824784101862353,4030.7887662637336,531.7403664989857,17.330744032369306,12.199402950474436,61.433747741809185,5.446227706500757,13.963007314888607,49.26973238052612,30.772378066799416,4.989351425204216,37.228180104978534,42.88879617954166,5.563205356924611,30.514418519221184,94.07179846925396,146.42642855134895,72.06975544824068,69.59315507114815,91.50453371853153,25.633092245886097,0.42726575430411107,0.4123198324508267,0.47187439835746187,0.453247665636543,0.49622231170401404,0.5597740754296734,0.3916652090308756,0.6278494816713126,0.47891807869304936,0.40386051055170163,0.4015066162254143,0.4568977461698951,0.42739360601952014,0.4957737780433193,0.41588376155366513,0.41903445636127185,0.39812357876240995,0.5154090774910204,0.35254294843374895,0.4188941439637252,0.4427328671897634,0.6460939976055976,0.45878762644868654,0.7609405243129606,0.7770784839467001,0.778914707633598,0.7534428530337306,0.7896866023500797,187.2798537000891,16.032772855980397,8.145480883758548
91945,27846.74,46.62694344432261,46.62694344432261,0.3718296094259343,0.4449729819389293,0.30969568742004305,0.4717631461474058,0.44768928689593346,0.38280962716929945,0.8351257021050378,1.0,1.0,1.0,1.0,1.0,1.0,1.0,1.0,0.46626943444322616,472.5017331887019,91243.40954876861,6.145958814088361,9.524487543137196,20.09662144080639,447.7936668948363,81.0710782084339,1.747126328684198,4588.126175433058,687.6554151676667,17.750145480494066,13.845771671628665,62.38758597336704,9.40463845817813,7.75001038850928,57.3268569339597,34.876847620015916,3.5136886834302423,36.97114193439445,50.42277391571596,5.004028672341546,44.082903088543695,94.57888983201566,176.3067014612258,85.23700066362662,83.03251012025349,111.83760449010403,29.45423441649584,0.3970773114305622,0.3527095426785725,0.5034969913771578,0.23403459221744466,0.17609481332798543,0.6729057692298024,0.3993168647212479,0.5315744804766815,0.37091798811173676,0.23900860238683205,0.35744373178848426,0.27141242739311905,0.3650443463387443,0.30603032068753033,0.6938806999129543,0.5220972176503942,0.3155000024890402,0.6229562598938588,0.5118906510299683,0.3404102341708665,0.44698940857604696,0.2849214799108813,0.41651799302097015,0.829122691184671,0.8379862782433736,0.8457997008735009,0.8207576398886282,0.8419622003350155,201.64428524544476,21.235925728734212,10.833672235767144
91948,308.61,47.402997551139464,47.402997551139464,0.5873213903554514,0.46790042157420625,0.6088136114232743,0.6866196763034951,0.5767601341227833,0.36070723423727125,0.03008736056328074,1.0,1.0,1.0,1.0,0.968736507349516,1.0,1.0,1.0,0.47402997551139464,190.15810992759197,118318.74151494373,21.798949012886826,0.8499615038302778,23.300782797421853,202.4315446263563,90.83152099087656,2.029615085935766,2192.994591946385,248.45010202977375,16.72100563599188,14.161644161546482,39.31325286353897,8.034158918875365,7.143802806602711,86.51624927331044,19.31346031207397,17.723524561444382,8.001475919484008,15.75606721,1.7624770019128972,61.835953739084566,92.0303671458771,1.7498920587961282,1.7498920587961282,0.0,1.09368253674758,0.0,0.7965276725637942,0.5918301263908115,0.05769766085442945,0.9032301016127704,0.22238237914879644,0.2498933336647776,0.753740876818374,0.6455850966648768,0.9099555020134433,0.8181781330060262,0.46364529427171913,0.24347551640190881,0.825590136760877,0.3141503204967898,0.7307685371390962,0.8759697108172173,0.6054993665845789,0.0974972507632324,0.8786035784807199,0.7626168224299066,0.7439577293274442,0.052085464022185925,0.2860785093621836,0.020606129479337734,0.024252486431162852,0.0115332428765264,0.047233546471710415,0.0468113975576662,3.4997841175922564,0.0,7.079787600240098
91950,58213.96,40.147500921988104,40.147500921988104,0.26045736431057714,0.4537998127350771,0.3468788844181108,0.37233355400580925,0.28291330627009975,0.29024228485844555,0.8036998579410484,0.9999998118076633,1.0,1.0,1.0,0.9999998118076633,1.0,1.0,1.0,0.40147500921988105,675.4061189109493,68267.57198518113,6.9937482230111865,13.39523445640138,17.98823727304888,423.3124191357287,89.94505224730494,3.4533752926961117,4093.71547003008,651.9048586848991,17.49585146965823,15.089629735588737,60.50944378645854,17.346303703211813,8.072180436611267,35.588291352052536,44.38372881030749,6.342515387832116,38.87848051479125,62.641234885542616,10.605566349571193,33.78190672969592,87.84916719244866,167.03969004735296,78.03118038528763,70.86230145539459,111.80421260195537,26.299592368989863,0.26230080909013703,0.14507697556250593,0.4613553290456281,0.17309571162162837,0.1313264558899728,0.5827034988353378,0.7021174796398129,0.3990518165751851,0.49174832698484194,0.3545300637548455,0.3748278886870061,0.1664092582457498,0.41007989141720746,0.11696711016640626,0.6909003712517666,0.27138684318785666,0.2120939363149849,0.4207458286196371,0.305137239711572,0.19367617811317545,0.1901714160638987,0.5459928176868957,0.1345626208245421,0.808046033030574,0.8072612779842319,0.7855824078886464,0.8189446049172887,0.7986649658845003,189.98328225762165,18.96693483408408,13.38916657039265
91962,1991.26,30.40340144939313,30.40340144939313,0.2473880392249429,0.3569518366334735,0.3137627898110436,0.5367082319007047,0.41687470679937433,0.2363262059731151,0.02022629111486477,1.0,1.0,1.0,1.0,0.7885085202469732,1.0,1.0,1.0,0.3040340144939313,984.9119046429923,64540.577856993514,8.258862137539328,7.652380086044044,20.489660774057295,271.5086675978378,83.30813097721797,13.134441909999353,3159.680430925347,657.1466426430549,18.623823541268607,16.675450263968216,59.69709558778118,8.324264422505253,7.169569901238366,73.29321450185672,45.48292132447263,6.77204836309029,17.129551168684284,18.277420153776628,3.5497773380045174,57.01353539219032,81.44840029984884,0.5474904842132825,0.17120029479480386,0.3762901894184787,0.10700018424675241,0.0,0.18016166757977412,0.12640837286839582,0.31975166103253233,0.3632304554190693,0.1688499126072159,0.38794421573545734,0.5181368656916612,0.3528763524995596,0.6878622081387716,0.2626068256571436,0.22293112428969714,0.08165100115856182,0.37801028943802956,0.3518559776445228,0.7235848303552325,0.6933818301650344,0.16800687869526668,0.40884403624453286,0.637198718094114,0.7302302112597653,0.5612702332375773,0.08784704761240066,0.0598613370693675,0.008394963864969318,0.0060450508897636,0.01995765010231322,0.0199223931596115,0.04681139755766621,0.7186907790080864,0.0,11.184704952549396
91963,736.24,30.73036724579175,30.73036724579175,0.1633159979769702,0.6024599769472516,0.19797856727494254,0.5212390884680216,0.2892140327205262,0.3541229284852816,0.0227951153324287,1.0,1.0,1.0,1.0,0.7499999999999999,1.0,1.0,1.0,0.3073036724579175,1311.0,60455.0,8.6,7.299999999999999,26.9,360.99999999999994,94.2,0.0,4307.0,845.0,18.5,15.9,64.46280991735537,13.684834123222752,4.873377314322196,78.02132701421802,49.80694980694981,8.210984230560086,20.78913873568095,,1.1848341232227488,47.98071127185051,88.03317535545023,1.0,0.0,1.0,0.0,0.0,0.039348710990502,0.0721220527045769,0.2036784741144414,0.3381147540983606,0.2704359673024523,0.573270013568521,0.8705722070844688,0.6955617198335645,0.3887381275440976,0.0827679782903663,0.2285714285714285,0.09183673469387751,0.3043775649794802,0.1543715846994535,0.872108843537415,0.7540983606557377,0.1074380165289256,0.25,0.5102040816326531,,0.8142076502732241,0.1730245231607629,0.0751366120218579,0.0122116689280868,0.0040705563093622,0.0339213025780189,0.0169606512890094,0.046811397557666196,1.0,0.0,11.4
91977,62390.57,50.00457330665764,50.00457330665764,0.39781920385914415,0.4378281322799983,0.38944248829861394,0.4907550582226441,0.608662981772472,0.47240896261773274,0.7034033044154296,1.0,1.0,1.0,1.0,0.9990468624201863,1.0,1.0,1.0,0.5000457330665764,411.2548436361598,104168.84124496879,8.75283503274618,7.011250333255654,28.938407103897937,373.94534051747365,85.40853374425457,8.155130777228939,4136.218415708767,569.1992557175763,17.271458423839167,13.104940715243114,58.610276574353485,9.272373935926835,8.841532394199076,65.43109636975896,26.198135729076817,2.6812266772844584,19.735537203140748,22.352680578076587,3.7055818892848227,36.967544987552046,92.68244003524742,118.14429683053496,56.694979229673464,56.35352780530374,71.54326877610093,20.566711086455353,0.46157322148966784,0.4512183127780889,0.2522864968720855,0.42619878429673463,0.30200639432160586,0.5680854369125051,0.5413458139707791,0.33987488391510307,0.4517475716125319,0.3555000242709928,0.3952682166385959,0.3552541406723349,0.43997018454366543,0.29034621803181554,0.6249142275613186,0.6077896027537767,0.4816291004194838,0.6919823528268507,0.5749444202749072,0.6856674814140025,0.5816786421691357,0.46939935803444155,0.36614888764962106,0.6954923445842974,0.7027671460849381,0.7135618411415119,0.6833739934079585,0.721821196858442,174.28843560182247,15.961343752684082,10.02757844653202
91978,11116.32,52.007285999242946,52.007285999242946,0.40019527440979363,0.5053630283080816,0.41026622696001297,0.7371597767948797,0.6290267893164759,0.40337770826159847,0.5551212158961638,1.0,1.0,1.0,1.0,0.9183398595630008,1.0,1.0,1.0,0.5200728599924295,482.28848571472383,130904.46041391708,8.696447038347934,8.418709584952756,37.8198175032068,313.1696784633905,88.45015210940129,1.5967852992717977,4521.954827124055,588.6580641615989,16.368313150769524,12.347969354074758,43.532071642974316,2.847824423498217,4.82402241903743,74.68041153281615,31.58320911648777,3.400836655296867,13.763217418872653,17.54764905610023,2.607377523119548,46.39672589058179,93.1631780832004,70.62202728623645,35.73214657469597,32.931970853286195,40.75145834360501,11.072663739830512,0.36788481719715066,0.6542528407012359,0.2327502043968289,0.34589323534395916,0.42638106267915493,0.4758264908939182,0.6311851833401871,0.4880593763190662,0.3407228034636719,0.3559746925939472,0.5041884862650646,0.4401789255173682,0.7146140658347705,0.6851050727722837,0.8334673838871229,0.7154525846853415,0.4388163171590105,0.6297747924886213,0.7171109076302684,0.7367022694893818,0.6540108713365258,0.22550102797260624,0.33062122547566347,0.5538411842880381,0.562599893487314,0.5504295776694921,0.553236523385881,0.5554989006500942,118.39474260641317,8.473395102345615,8.38802785363659
91980,257.28,30.730463838360926,30.730463838360926,0.1633193970405409,0.602456161622251,0.19798021824555062,0.5212384771734054,0.28921840796236314,0.3541247611097409,0.022795045531412712,1.0,1.0,1.0,1.0,0.7500040190116238,1.0,1.0,1.0,0.3073046383836093,1310.9862389042,60455.9607527667,8.599980708744207,7.300030544488341,26.89989711330243,361.0072181448764,94.19974278325607,0.00032152092990646324,4307.002636471625,844.99811910256,18.499982316348856,15.899956594674462,64.46270086341967,13.684688687320207,4.87358370873576,78.02130301483453,49.806491229922216,8.210988695870897,20.78889604758623,34.25015557,1.18482637306628,47.98118963465835,88.03330334011531,0.9999899524709405,6.028517435746186e-06,0.9999839239535047,0.0,0.0,0.03935406603719753,0.07213068159499812,0.20367970062480073,0.3381131399051675,0.27043460938026875,0.5732760339061502,0.8705623950015942,0.6955516082009908,0.3887375276916164,0.08276913436969364,0.22857363766081087,0.09184057326008148,0.3043806328433463,0.15437698730524288,0.8720982792782893,0.7540980092667432,0.10744534596610184,0.24999964861100557,0.5102110807277259,0.508411214953271,0.8142088142492682,0.17302180731639583,0.07514366176355872,0.012211581676816814,0.004070654467040937,0.0339209426665302,0.016960651289009403,0.04681139755766621,1.0,0.0,11.399974278325608
92003,5761.25,45.589628679795325,45.589628679795325,0.4924390106241748,0.43878685581147864,0.5034591282626917,0.5209441820213145,0.526889496956726,0.49471525696268137,0.2140400769466052,1.0,1.0,1.0,1.0,0.96151586864448,1.0,1.0,1.0,0.4558962867979532,641.4025971177563,117381.0288086325,4.872750704288914,4.229291063922075,45.307611485835636,240.8406830873636,89.07712453271151,14.725132749493184,4350.837998212722,407.7000272006713,15.277918011823113,12.664083737124308,52.60093536924095,6.274430678262388,11.593528513071174,72.59853721497316,31.478544082063735,5.222297142797704,16.924311643670368,24.129900583827876,2.8885652661732264,55.68043000441992,98.46224502124545,21.179402773089056,10.437632262597976,9.168931551959362,7.8921260887928275,3.4760144858209077,0.28814272349765874,0.5599300930645423,0.5623842279904719,0.5592989979440263,0.5389765361877668,0.321647470932943,0.7311659043062876,0.16335751181891747,0.3849138232628882,0.5671306428446447,0.6615243165035054,0.40026773043972896,0.524784019464419,0.4105753140029901,0.46221330249012416,0.6862040921277247,0.3756975549904106,0.4592101199280175,0.617122663665213,0.6495983740581305,0.6062051311429463,0.0858694102638222,0.7920712294812758,0.21313493601570616,0.184567363659927,0.2173072795910603,0.1780282431813268,0.2771625622850061,38.44031505965105,1.396731532181087,6.739767267121071
92004,2283.82,48.53105022578909,48.53105022578909,0.49822576699290977,0.5145359173864057,0.7321690771325752,0.7116336198419697,0.2853567449942537,0.6349141747567417,0.020338214700380743,1.0,1.0,1.0,1.0,0.7500335944628009,1.0,1.0,1.0,0.4853105022578909,78.95229724110288,89536.15914019376,8.419691754827364,5.7824029837950075,31.190712185789632,44.35497998956121,99.99548490419959,0.005375114048143814,1562.0630365960667,195.59349791888732,13.538364680505795,14.306807499245167,26.509319477858828,0.3121404821414878,21.667425742042134,68.83407191809681,56.642397625290855,44.36370563588259,16.91068773542651,32.27131301,2.5455292049135774,39.010438585924454,99.15702331999078,0.5810967154543029,0.2490414494804155,0.3320552659738874,0.0,0.0,0.9213874752303005,0.3158872445025787,0.2758195150664941,0.47980883317226586,0.3415300750138049,0.026032966319339795,0.9951099535665876,0.6954706746458906,0.9694069577370523,0.8805001876131194,0.8484973118775557,0.23027185130257333,0.9440735675246962,0.9117951002526191,0.3613394253425483,0.629326386248015,0.23258699617546175,0.0050203136976530935,0.6184399548674286,0.5327102803738317,0.6293665924285146,0.41056801545769006,0.8648079163840207,0.007897629117691792,0.008125505283263185,0.0218958902542732,0.0169606512890094,0.04681139755766621,1.3282210638955496,0.0,6.237544088949644
92007,12548.27,55.23346186807018,55.23346186807018,0.7392139757875298,0.48924078445540536,0.7177801674584653,0.6335464110752657,0.5147757587694434,0.695856524933781,0.07592870828502239,1.0,1.0,1.0,1.0,0.7866607488695415,1.0,1.0,1.0,0.5523346186807019,529.0698080501295,168529.336235709,3.6352759527119,1.8784157483625814,70.49514721649622,151.98104421059975,79.80964974353196,2.3565863623860954,3029.0194268470277,181.08067614745912,15.223122625486738,11.165359771768356,46.01285210504187,1.674929732104179,10.699625853240036,62.36241127820525,11.852212025835978,9.631105075125527,19.905070504582994,37.81194969995994,2.186675580473384,26.320925172448916,97.27142939320888,9.15567677595898,4.148780211816916,4.432729872032439,2.829144745102891,0.00013425013214119565,0.5778675391272244,0.8662802765897042,0.7212382525906711,0.7914698348425195,0.8680486256512484,0.16846836033490362,0.380687148676274,0.539759003159195,0.7230757531387983,0.8843504917689267,0.6430225445816528,0.6206718803444837,0.6229618656356313,0.7854525427656218,0.5686971303698408,0.5570741055299688,0.7591803290663557,0.21432819627922806,0.5722331735846207,0.45716521555977974,0.6894470503833073,0.7376369393130763,0.6604855851049594,0.07694547832531101,0.05156176157978407,0.11725965728184931,0.08704790527944317,0.04682873895872434,10.75529172411756,1.0051571167607378,6.001993138626755
92008,27833.87,47.791064055031704,47.791064055031704,0.5127785183697874,0.5091159936884937,0.5542787038700495,0.47955494986691677,0.4604368228254828,0.48513913336861564,0.3440703618628731,1.0,1.0,1.0,1.0,0.9158564175514068,1.0,1.0,1.0,0.477910640550317,389.1946283330957,112329.46086759696,7.227231187279508,3.1410512295165915,54.1899061049038,333.4257889267704,81.10999708890508,6.026199277469884,4242.494758312454,456.25935162901914,15.521609028765628,11.322049850290124,54.98158770876056,2.933985949322762,19.38125686581296,52.098730030763356,16.95270315868791,7.956450811652067,56.10532154931758,26.455018553711,3.46944500025221,36.14134261030692,94.03934632951122,35.5894371863574,14.560248369502718,22.261930580029464,12.187072860661843,6.5959494075802505,0.49247159671261614,0.4971118758265155,0.3964760661566978,0.6650545347833207,0.6581150379285723,0.45748799162407044,0.4018179993567225,0.5190429458446097,0.47638624804208846,0.5308825364845249,0.6282886992792931,0.5815573316742914,0.5272424592167468,0.6416913279615201,0.29851808024087495,0.45076793204852517,0.6632482999621637,0.3840948435161779,0.24842740659131646,0.6271789556257736,0.621190537396783,0.46459859276480936,0.36962826994425474,0.3351140202060495,0.2793825733613773,0.4486908873574462,0.24401874787888098,0.41314558051061123,45.3729611077023,4.2540246220232145,6.219738477282252
92009,43813.22,56.06897925355566,56.06897925355566,0.6317056385893028,0.5572124386298813,0.5764891258137689,0.667220811595297,0.6308521353249918,0.5773071715117497,0.2840412262839044,1.0,1.0,1.0,1.0,0.8232234271666233,1.0,1.0,1.0,0.5606897925355565,355.8797491881275,171853.32184788014,4.745148786395903,5.554555560098124,66.10587372127405,220.25763013644698,83.51915110425152,0.4926538070372111,5604.473532840773,377.47210917429595,14.431988185293395,10.400186961983346,51.146525471284946,1.9394244972857673,9.499591205473191,74.87205144655081,17.08209095260909,4.754124274514613,14.069197917823708,18.870590428676714,2.275099934467232,41.68350623109724,97.14942991820988,30.006367590790447,12.718261003785317,14.543370750525991,14.199283728160161,3.812722396869889,0.6030215328220028,0.851368360556491,0.5978094212278986,0.4746232397508189,0.8174270762716912,0.3093470524192775,0.4597133941407846,0.6423622316877726,0.2247135699248022,0.6131125416993508,0.7603368651245691,0.7077935265063537,0.5981577713864894,0.7508525522419688,0.6020978005692725,0.7177751221834571,0.6481265517621373,0.5229585363923345,0.7008249468577786,0.7273352350436002,0.7309412952537215,0.3487542792685917,0.6522259400129359,0.27937371087782115,0.2390554708228424,0.3127642706080623,0.2866776545090475,0.3023350246017489,50.505925837790976,3.752186136448129,5.02361607934109
92010,20131.7,48.45283335859633,48.45283335859633,0.49816019873023415,0.5043006839678694,0.40833400265428904,0.5571834477973581,0.5443599109282173,0.5070690341955212,0.37229105682825325,1.0,1.0,1.0,1.0,0.8701590066767328,1.0,1.0,1.0,0.4845283335859632,676.8791118615045,132052.12688400518,5.213079632381508,6.8256447894488135,57.168044875042,325.3068542236253,87.35110949851617,5.169976609453467,5560.025633130483,631.0173056651628,15.670337870352236,11.342007316301808,58.77417526727838,4.040009633407756,14.401203768353454,66.5036284220751,26.409949171323603,3.28329107447701,28.394699995038533,24.554483777883693,5.85795018006557,43.961845091810865,98.54183029080122,38.808057184136274,15.566403667203087,21.735562235883037,15.664956515324214,7.025930716262905,0.31607849552884165,0.6880264108503954,0.590709672564555,0.39782621597714485,0.6992175703402013,0.4464486357290993,0.6052934204017572,0.26624310940041984,0.18128363589777222,0.2901464581228364,0.5942702821976757,0.5676356343988715,0.4530306243456353,0.6316519179703985,0.523076969963549,0.6209742789098495,0.46505351862131383,0.6343677244719073,0.4790341290784831,0.6538901578716934,0.44594269106208523,0.27357789589171577,0.8016865156327624,0.37725748959854766,0.30050137165255236,0.43843889390956386,0.31327707212983946,0.4319804568507627,49.35925182344998,4.261459590657706,6.414043703042882
92011,22967.54,52.07981151168971,52.07981151168971,0.6210472947582422,0.5979062023486115,0.5254485448469661,0.6162132017060393,0.4132741645236951,0.6082301541678294,0.2634672434668965,1.0,1.0,1.0,1.0,0.921182646323609,1.0,1.0,1.0,0.5207981151168971,327.1066791861598,159561.97455456713,4.500683224589306,6.122241843033493,68.13261791294406,372.481181236877,75.42821983003381,0.4338699731281565,5912.477187587385,517.0807587058475,13.553438106665809,10.308378847068193,51.56005869019833,0.6948949680337279,12.66067400435441,62.96285660487334,21.564404521231666,9.409296330688678,25.488719002745647,37.18690066027649,2.3700475755531434,35.02072885112537,96.84042149999912,27.378051602787984,10.759774519999727,15.489479368644075,10.490622386577758,3.857250923446425,0.533088269280472,0.8470682682751474,0.6035494150698256,0.5004832264075234,0.8465672357362646,0.5480208304649307,0.3408053965998944,0.6562313465933566,0.1341554740438986,0.4100940260331995,0.8411189936407442,0.7164256856700221,0.613909890897687,0.8674599688950232,0.41146012789759223,0.5720228191338548,0.5518652099882139,0.22145524931945237,0.4540652169689884,0.48258211528884454,0.6936363033027507,0.5272380716064297,0.6038160875943079,0.252036475770446,0.20427601853834781,0.3338786974344057,0.22024653917376663,0.30689848641751605,47.552281037138016,3.775578525217244,4.706788719062671
92014,14183.54,54.73314412130554,54.73314412130554,0.7292271828468617,0.516643977536736,0.7086283170719703,0.6680559190284423,0.46082800004194097,0.6939966629062457,0.05394002905919188,1.0,1.0,1.0,1.0,0.9423372344124471,1.0,1.0,1.0,0.5473314412130554,248.83713837626215,198203.60088036297,4.127933654367581,3.1365784519496738,82.3958906682765,179.05226513064494,59.968504787085365,0.09573370894554088,4848.907906052818,370.75356321473436,11.91544445217821,9.483780135998343,37.09699464485723,2.385911502848734,10.791387633352292,74.66079139566052,19.452531040239457,11.85076454775014,17.169108364153846,42.3862194644882,2.6119594689740717,31.25967478789278,98.52111920024312,6.595943287258778,4.401991609097682,2.052340679392433,1.7468914509446019,0.010932667236036695,0.6602273458783814,0.948819044874632,0.6433981285334899,0.6644642121009435,0.9744940843864802,0.2369678644638984,0.16498132061381018,0.690132640682755,0.4041496184264475,0.6188362638252051,0.9635214348448679,0.8480059511913604,0.7551700441455607,0.6981091545448148,0.502976045343846,0.7159684320795473,0.5972608846143391,0.24501617612462814,0.615893731404349,0.39636040053992977,0.6484035528820372,0.6368882419823281,0.7966981938543718,0.05088763871838871,0.05808606784623019,0.05195527318067568,0.060614843928728124,0.04815632162193676,12.411828120533507,0.3117932756523692,3.5734468489871345
92019,44393.11,45.16170366333847,45.16170366333847,0.4303248872141996,0.38708949525953207,0.34345399013687805,0.5441956016414605,0.618921272338702,0.44587012051103386,0.39146388933188647,1.0,1.0,1.0,1.0,0.9366039185190537,1.0,1.0,1.0,0.4516170366333846,653.5250481870612,105062.89518940354,9.608349983405157,5.224349560611158,34.19565475774519,214.82415763697756,81.3049414221147,4.325832059440632,4525.006385523502,649.4343081795805,17.708627257439286,13.475445722884274,64.95724322981653,4.591377257839577,9.141033148069493,66.6638307726996,20.471484037359062,3.7830080787336673,19.64109627359075,17.75102935413707,6.133472335550161,42.740560392940885,95.8729650983762,40.93912347935155,19.401123235298627,22.328695152409615,20.56904810728041,7.024883284951418,0.3541914879967598,0.4532690582387451,0.27998120969810875,0.6338577929231849,0.37884524242240764,0.2916955400126907,0.4246197272888083,0.45319747131422133,0.3763939853512292,0.28780771308016107,0.3814171776232,0.32819708449292195,0.3152428293339879,0.6001331332329725,0.6366192553927054,0.6247871886061763,0.6085802806505982,0.6030205595607542,0.5736156586174632,0.7549127445904051,0.43657820522360524,0.3378442334501122,0.5631879228593839,0.37654330537133807,0.36573140132230925,0.4249578468467307,0.3693514747613787,0.4207354183576758,61.35764265227225,4.397743308410335,8.38417597000001
92020,60438.88,41.969429562856995,41.969429562856995,0.3202287962589742,0.44448977141016666,0.3093914008323096,0.36890340600427696,0.4754032311584989,0.41676454712130695,0.6026789166144562,1.0,1.0,1.0,1.0,0.9481233243366453,1.0,1.0,1.0,0.41969429562856997,668.5990601253493,83806.8126715565,8.961857798443537,7.88355855059779,27.192539265204363,303.5828014608618,87.59303317092633,3.399546349958652,4048.688000105165,649.8765339883295,19.54757180370244,15.25314555214489,67.27107361700558,11.439554957689724,13.50922367320214,46.30960417839389,26.222506389627664,3.808269443194033,26.046735871554603,57.29417354643937,7.92929798638021,35.41585049508301,93.20215845079677,79.2406549322356,39.33341661398188,41.30269425809136,45.294795411315846,12.705032471616324,0.28232634319201666,0.2947629186046085,0.31648906509209745,0.38733685814717395,0.2703821424107655,0.45680231572103336,0.6176036142573076,0.43317101325156016,0.4890062497380364,0.304701572798276,0.24165670772728848,0.2022010730656377,0.2880629226017985,0.3095948531990383,0.47003803649776127,0.40791781171851,0.4666024809627147,0.6220199604139444,0.4937547867660553,0.2557571352291443,0.4131694596552133,0.49800274669619715,0.33912143501251046,0.5939834512794281,0.5967650040826845,0.6264547488605656,0.5832022007120494,0.6129891781375527,119.03255238969278,7.879959257377297,11.745500357954107
92021,67207.32,36.82883433901209,36.82883433901209,0.2779559963363578,0.4868602226127719,0.20219794800881039,0.39593632044957955,0.4695304839459205,0.36127698897024957,0.38426044340715554,1.0,1.0,1.0,1.0,0.9484665281876333,1.0,1.0,1.0,0.36828834339012073,1026.4510387934313,79703.99590951878,7.9060765747170345,10.293467299985718,23.075895876402686,391.6598561423356,88.65437435268902,2.91622331094255,5245.199454732214,824.231212756816,19.538790193187566,15.004489980884209,62.04562338668248,10.525968821394237,15.134733137838696,53.23826061115026,33.15790865664505,3.7631444539338803,30.028455701430165,40.828424078867016,7.0822615361042445,37.925977106804986,92.5878763606817,40.889961248799324,19.055198264105844,23.324545572781545,19.694092923555157,6.715731362809638,0.23150378340551103,0.25192056147195274,0.3386118201612114,0.2897878203067563,0.2182788090885563,0.5601299580537884,0.6451435974546293,0.5238885258541138,0.26654517124055715,0.14898242420779081,0.2045055056338471,0.18875869095304645,0.3760833828136318,0.33435996931888506,0.3905247119536601,0.48277721771214127,0.36215511090547947,0.603519669873035,0.44225829241013814,0.4343675464707229,0.33487464334458855,0.44634545593720726,0.30261086762895284,0.3733071719858099,0.35198983043346116,0.43352453011752606,0.3508820319373169,0.4115986525616639,56.619720166532794,4.318365632999942,11.372549946276262
92024,48528.66,53.77059396378777,53.77059396378777,0.7060918919850339,0.5585621270050543,0.6543677059479193,0.6148895632524513,0.5401941325234363,0.5508920632793011,0.13894409347194794,0.9962161243593142,1.0,1.0,1.0,0.9274803772362301,1.0,1.0,1.0,0.5377059396378777,208.60063986663198,152109.32019789776,4.1750371262869015,3.2330757901565494,66.06169593430509,246.99453133552953,82.05087527354345,1.4738109810871638,3850.7144731536373,363.7735359921154,14.111929192161256,10.52337432796228,57.16420190922897,2.340616653348446,8.560087788122258,66.21428506358814,18.876416774431856,6.955336479460133,23.489920637127177,34.142311837176315,3.3393410157583343,34.66303701049395,95.59965084676776,15.080232424058625,6.114001400287813,7.5711853616934635,5.402326019978089,0.9301150634881625,0.709729447711889,0.7878703455168543,0.6596283274263727,0.6655275888374639,0.8151036744398084,0.32279754199873467,0.4520619294283667,0.6442853621533076,0.5157826293009966,0.6340298847776981,0.782208180658985,0.6854501290539973,0.4871478634721767,0.7227981642127497,0.6365611034887937,0.6130511218360849,0.6191422937352713,0.467088068626415,0.5581963683936021,0.5188711129988406,0.5971293421298443,0.5356841000127325,0.5198627476953261,0.14695820513238758,0.09641996922192281,0.1872168930316544,0.13859432231753654,0.1255310776562385,22.211550228217433,2.087235719526399,5.008613786193508
92025,50069.27,39.724390950559815,39.724390950559815,0.4144000890773473,0.5254561550495347,0.30658396999488285,0.401759494939217,0.4560529322550957,0.35926390402276615,0.31719082120034314,1.0,1.0,1.0,1.0,0.9929640830583083,1.0,1.0,1.0,0.3972439095055981,749.8169923404622,96693.91266102076,4.723526732325058,8.229329340443542,29.98559147657227,415.09298652371,89.0103740777463,3.216041195547911,4360.443485475553,631.2383800158258,18.72413760125542,14.854990035714884,60.62343062149458,12.21209697314599,10.213139358682339,47.30870551512101,26.391595193293206,4.222656809158567,47.75878668021965,44.22730429347628,5.7997451129895135,45.022356526788506,94.32854043130766,31.701943501829014,20.326638893816618,10.080811185080433,20.807043822084108,2.446006055515421,0.283330739996638,0.3750908011975488,0.6067678466812535,0.39241096843394924,0.31308949675270337,0.6209207027518628,0.6719406406965248,0.4958737799970477,0.3993017574788202,0.3217326110838455,0.2806163394223395,0.22468517199452637,0.35363396882599896,0.28504280122769754,0.554652890567589,0.4137083191355822,0.4838519207434094,0.5711603917325688,0.3773963936490583,0.38569298133513097,0.43292632279877674,0.2560420059896794,0.3888233832798423,0.29673924497862725,0.42525119755644575,0.22559750517199162,0.4066094110073346,0.2317567472873168,28.320768658593543,1.064367918439773,13.000571125181548
92026,51576.72,43.93212052818837,43.93212052818837,0.4730289943972078,0.481038378749673,0.33375340925733993,0.5051703921318131,0.5535343511277434,0.37960166136446183,0.34912124994494687,1.0,1.0,1.0,1.0,0.9672235264645309,1.0,1.0,1.0,0.4393212052818837,596.8746243752925,104676.33958294723,4.666092747148112,7.130254017343958,30.778646604762365,432.77004735185034,86.38787358905643,4.333068840455421,5113.016456467891,785.4194731305489,16.87022928580402,13.395925941085922,55.13797453716693,7.844535692881739,9.850092893442305,60.84363171367824,30.812719589341427,3.7239325871336746,23.925175599785334,24.204923130919592,4.9533239848058,49.0210248795519,94.281134718041,35.61269417565443,20.5931753657541,11.643467434329814,23.012561506347534,3.4210346215616516,0.3291732885182265,0.47310321643835107,0.6376518470154515,0.4521876256168022,0.32731914640529214,0.6324515594415572,0.5731352821278578,0.3912475270239846,0.30530699079347584,0.2437120748938265,0.4561663425820226,0.32982822876003476,0.4840008865858974,0.40158523370631366,0.5694759735433571,0.565619474691684,0.42327837056707107,0.6115404732323474,0.5153906632182085,0.6611750685235221,0.4868431593704349,0.22055647293177222,0.4314053517911784,0.351078885269002,0.4217278840183382,0.2609906157088859,0.431232932094414,0.2805759326340944,36.9199559059788,1.6215327883177537,9.37951234469768
92027,55415.38,42.518975747931854,42.518975747931854,0.4199178601971346,0.4420738098429363,0.32749461030894067,0.529767726367626,0.5830407949327376,0.4060874548813279,0.2679460458245267,1.0,1.0,1.0,1.0,0.9396761105407729,1.0,1.0,1.0,0.4251897574793186,585.874481422321,102741.41207050106,5.345961694491478,8.78197079906767,26.26205660752115,358.17993786646326,86.4031576910924,6.562142669198825,4546.97813173695,615.3591278153981,17.990039470377173,14.310838144244308,57.80981465593337,9.510903655013573,8.749963781076229,65.48607542062787,30.010472900751395,3.398829077185729,24.335141991569692,18.818171640202007,5.878117716416056,46.979454647158335,94.83405576937547,26.739536996234566,17.204487165994625,7.95693613676727,17.14486730251479,1.963653839084579,0.3144987643894345,0.43098910844782284,0.5529867000235698,0.3811968679277114,0.25495326837790033,0.5298748829331911,0.5795189868591784,0.40394810120147545,0.40990892318996147,0.3218675015376136,0.3333579409342116,0.24484407557397572,0.46808075434174706,0.3960403401339968,0.6387933847649325,0.6161564262298281,0.4225128197251594,0.63845160233128,0.5361870630205386,0.7313104804569154,0.5170228431954716,0.2427976379927057,0.45844188345580633,0.24843546219312315,0.35993937455298364,0.18628076274704936,0.34234539079428117,0.20272923883519622,27.237292540345678,0.8578044095154613,11.403414808933519
92028,51480.6,39.690383363138565,39.690383363138565,0.5039568083058624,0.42151879407910114,0.3518732648854818,0.5478160631751857,0.5008946335918918,0.35219056559652984,0.10007670578564629,1.0,1.0,1.0,1.0,0.9453102998697358,1.0,1.0,1.0,0.3969038336313856,552.1035147969418,108101.0640214087,5.604430070752833,5.043560574055479,34.34532256224017,364.6811618617298,81.51432912130902,9.21608708206146,5055.122477055159,547.8924146464783,16.752841592719026,13.874487946635409,50.68340819818764,9.461642960085968,10.046767093580028,67.82245901584888,24.907250059676425,6.2661303636790455,20.778407589188532,36.24098177867177,3.716063466850397,59.30495624102841,94.5571778251741,11.759348848730896,8.355046571208945,2.9872639609575997,1.4333045667678028,0.672351990584263,0.4529290126113885,0.4912013711079082,0.49429296127475375,0.5774038882293995,0.3766655114259611,0.4877641358987715,0.48474884503753307,0.3368966839541387,0.2677712117328302,0.3775074210341685,0.4632744219083767,0.29894000486655165,0.5943747220605343,0.37397473959019406,0.5794552931099037,0.6434594979401106,0.4976241754930527,0.43449554731446927,0.546211775894424,0.49216029621425905,0.5262604686304246,0.10687829872801169,0.4234329294311532,0.11653462584077759,0.14750165079870245,0.07946457112331126,0.05136267241546575,0.10552000874997441,15.793863809458237,0.29974348020818725,9.359520486981824
92029,21296.45,50.23002665236816,50.23002665236816,0.655842815961733,0.4260599849476383,0.5218646237539203,0.5956591719587542,0.5413911920812854,0.4753347330443143,0.2999493439181248,0.9874380111117308,1.0,1.0,1.0,0.8889485680072354,1.0,1.0,1.0,0.5023002665236815,269.36660826303745,121369.82785249478,3.328608152839151,3.2323734924003036,46.898871611043226,284.93544691693313,80.7297512675811,11.968340839145922,3737.8568608710193,557.3912330385108,15.129175988070493,12.120037378972798,60.018187227301375,2.0230464246633293,10.921989218528703,73.65240650111735,21.350118212681288,3.5177407266528826,46.2113349826785,53.48174130441283,2.8829561201934406,47.488991866764934,96.06180208229159,30.409045805483487,17.66903289962099,10.566932358213874,19.134748424911002,2.5485555374875357,0.6195041378374851,0.5803159074938984,0.7487030453614829,0.65906782065212,0.560054473328878,0.37771546023554986,0.3790463846171838,0.3874236216089417,0.544163808588027,0.41644860136313433,0.6481294037180294,0.4787166813464904,0.3921932745257189,0.7463153934853187,0.5355456620360978,0.7085823577878814,0.5613802813901548,0.626148624447429,0.5802075616117508,0.2761501963014705,0.6204540578826436,0.22441969683199545,0.5811304444183034,0.2848491961512551,0.362894350450329,0.23632494306631247,0.37873308176927845,0.236945148153449,33.25470329069955,1.8568981953731483,6.712227713686179
92036,4343.87,46.72027426532073,46.72027426532073,0.5609542502516428,0.5039633727915818,0.6176554585132137,0.6905546067155814,0.4789517148800809,0.37529872194277397,0.04304107347757716,1.0,1.0,1.0,1.0,0.9412691486180776,1.0,1.0,1.0,0.4672027426532074,203.53998792875132,90536.66395780559,7.601560331924305,5.249468865921358,31.08848711028337,183.7263051743213,93.59896178618307,3.5116900323015456,2486.768071045276,335.7443823587953,15.383976517566925,13.794538255322054,48.81742191081208,6.355900580527741,4.545647545130117,81.38166505616202,35.92207761830956,27.807129121074755,11.509921935109391,14.523135132401404,1.4828255035696336,66.3962521773188,91.15892855456278,3.50937964732896,3.50937964732896,0.0,2.072814070380433,0.0,0.7675009790967927,0.3352125652834419,0.600548968039954,0.5405544885863822,0.338072934918956,0.22796806135423273,0.8259318106001637,0.6238806842929744,0.846847835200984,0.6835950948787969,0.6434601775576662,0.2967187264154079,0.6659291351250807,0.43341516515556455,0.8528566889014056,0.8100174376802749,0.3454761335888778,0.09146152951592279,0.7735753622108915,0.7872607185154094,0.7702629935448311,0.08727224056408577,0.26836093171940495,0.02888086348407892,0.05715642414533747,0.011533242876526401,0.07082343932427684,0.0468113975576662,2.911563999516504,0.0,6.561569257850133
92037,37773.4,56.23278953579351,56.23278953579351,0.6610493024064948,0.5583713120995974,0.6929013768075958,0.5520797110424652,0.5113821952563148,0.5944983863873318,0.3660129835057449,0.9818721662530836,0.9967530306279317,1.0,1.0,0.974805344650833,1.0,1.0,1.0,0.562327895357935,237.861278343401,147009.43170038424,6.792965472119566,1.835709475303913,78.3961300885093,288.8036356966203,67.94008182702767,0.05457477074543345,4303.178907298727,351.6761789712629,14.46055428484141,9.858639496467353,52.46619971999973,2.09171738336905,16.484979418694348,59.98867661104846,18.361822573561685,10.923264707753061,26.877469364406878,27.780111918320898,6.401665083511982,25.714230306363735,93.75874373320718,40.64210740123186,19.606649361415364,18.173804518530396,21.505508627939587,4.6465986552336265,0.6905014402612993,0.6964441693226184,0.4533618449681171,0.7916347881839142,0.9452098900124841,0.38556206290235645,0.22228195757183417,0.6858540716392487,0.5501673908146353,0.6793619854307235,0.7638271094481052,0.7782490215369193,0.5200769089919188,0.7455380056843317,0.37702432300473165,0.565679606488879,0.6564311460019184,0.30096924338917164,0.5203780547005411,0.607582818067161,0.5085277764816168,0.7292906186005643,0.545676764079814,0.37060587133036205,0.37933983398017834,0.3705373009576586,0.3805329345571284,0.3290489767033972,66.65521635342067,2.5702771616033733,5.774692587058278
92040,46531.08,42.520441616514006,42.520441616514006,0.45276094062849276,0.4926343503177561,0.25225982203132447,0.5457208875246972,0.5716873181095435,0.45801164601077154,0.20335594853339495,1.0,1.0,1.0,1.0,0.9362381003881743,1.0,1.0,1.0,0.42520441616514004,517.1009733975411,109380.82971707135,5.715465291643334,7.6681154862547025,26.96572988897349,346.53785329494775,87.66786514569934,3.0219273703394367,5662.034738660926,904.638701411391,18.652528527687316,13.803945502001742,56.91273027063775,5.2589512434177665,10.609119456269301,67.03449331631761,23.544950234488887,3.696521758975552,16.84898534418927,38.611307732572875,4.329630968354262,39.19070974761171,94.71798008379179,20.237302319667418,9.039505104729681,11.48686743263142,7.068016509052804,2.7544908416907727,0.36405531591810303,0.5046661324621146,0.5210726400704949,0.4212496740632581,0.27753196868967256,0.5055794181392642,0.6315067666395752,0.5559192478025126,0.3108966106736812,0.1680236443342951,0.2596908702192858,0.27042816289803584,0.484281241708899,0.5341558684127021,0.5306615804877238,0.633784859489464,0.5407901082025788,0.610529022229626,0.6292707755568729,0.47068165316107075,0.5228618888537468,0.4168195072900792,0.4343535418884885,0.1965555844983418,0.16448045693787886,0.253267647520516,0.1650782718250687,0.23739778188516905,27.736426078715294,2.5632303918429495,8.877437280027253
92054,37166.74,41.07531493337695,41.07531493337695,0.4304103189981208,0.4787807285731894,0.406802028849609,0.3793199609787018,0.2947110298951195,0.459502311665866,0.42574566637577976,1.0,1.0,1.0,1.0,0.9072881404702047,1.0,1.0,1.0,0.41075314933376944,502.64945786095603,86076.71481693753,6.0332717575770305,4.376018638879781,38.41901076892136,484.8690206716894,77.76190910172757,10.902745910053007,3557.4224573458105,493.4904510507476,18.390217884108026,13.630891265568865,62.22380167122897,8.060018900931832,12.660587179719327,39.36222003588283,30.620262083976375,10.621860861311182,75.93015321057705,55.238534532212235,6.665153918295922,32.36238338544266,94.19988174133582,41.51675140389496,18.13137810981398,26.82787088129915,14.56648012391904,9.280070996478118,0.4049917874966234,0.2872595858499936,0.4333978048691438,0.5959920977767226,0.4449849051844329,0.6709654932052018,0.36667023321561504,0.43250228268750734,0.5956322090978586,0.4689278030187365,0.2668016928176972,0.29584641046414384,0.3698033701583103,0.398466449519504,0.44572603469223354,0.3032839895447594,0.404151015604073,0.35913173329777515,0.15281361815686945,0.25504165479502056,0.36465109551206104,0.6043720402188759,0.40948379926666106,0.4173397804156149,0.36981760244331613,0.5256210347720218,0.29206752531768804,0.5238823889302578,38.9242004421541,2.9338349786824964,10.166644006260249
92055,37379.71,38.20492212246812,38.20492212246812,0.26567831878852466,0.5351249699997408,0.26974156823480705,0.1585838225082132,0.5588834464943782,0.8536724123287788,0.03266001021832622,1.0,1.0,1.0,1.0,0.9999940902449586,1.0,1.0,1.0,0.3820492212246812,1785.1711755834317,67200.60779027759,10.895848332907148,1.5006983290317504,29.005788321244815,4618.5051337616605,85.19028048884587,2.9528018619852285,16240.504764550065,823.649378642603,23.79132648972814,8.10774287155542,82.58685552961643,3.6492456937290623,36.69443886912655,1.1297024899845725,2.7652683215800167,7.415630877940179,0.5008500130416267,92.72806294940754,2.040670993323079,13.18493304500041,99.37176230892082,2.262781286420303,1.7587747314277065,0.5032547336649509,0.6261090305638116,0.0008709024659846409,0.006070573150139183,0.11553013759218554,0.10991018346324838,0.8312023809485256,0.29709870501520735,0.9993107399841642,0.5099323890074253,0.334158045992166,0.0017267752267851205,0.09668841734184304,0.01006258886684232,0.9704884915037576,0.03644417148094638,0.5678464167879564,0.019717485733473594,0.010327216030476339,0.9580138483604852,0.29223297143384996,0.978949401376909,0.0063232823967363135,0.6883921460265872,0.9703753674909491,0.9022497234688004,0.0252284605395466,0.024588358083854622,0.027206313424308733,0.03936925951806624,0.04690765952585488,5.014662755684132,0.00030950279668002503,12.596003676266152
92056,55336.78,49.43876071537439,49.43876071537439,0.5814839648313141,0.5217573670882981,0.44876089857988705,0.4807213192756334,0.5091113695735461,0.47960274466546676,0.439275586062062,1.0,1.0,1.0,1.0,0.945422570890081,1.0,1.0,1.0,0.4943876071537439,247.30195383548332,110029.05623716999,4.998398170037279,4.4126679421732495,40.40843979564963,430.53414934913025,83.11190527119358,2.9850878893796473,4467.413569005821,559.4510291576427,15.893376918577315,12.12281704465654,61.37473909206646,5.646711294762504,13.014440447149545,66.5558892432554,21.155323801495133,4.406137851462045,29.805161492737536,33.32888064336695,3.8600200429717213,42.45420010190534,95.94533370595907,44.457275400065676,18.55413825150222,23.637373999803355,18.883312895376232,8.955776774924518,0.6603612477113247,0.5087413924810108,0.5711143540728456,0.5857188650600756,0.46517710334573414,0.6449693799597362,0.46936864403147077,0.5075143410162511,0.3881433809849759,0.3707737592573598,0.5626519437273906,0.4734745103498221,0.40511773574422116,0.49692869478342416,0.4073042204838059,0.6135346260910823,0.5861743356745565,0.5392437021934987,0.4183484073650962,0.5330087208257477,0.5654644490597536,0.32851614258650813,0.5448276423501383,0.4559337654360592,0.38915929882907196,0.47338522530500476,0.3706903368114029,0.5072093039287714,46.610276525101064,4.07719549402242,7.371429720956887
92057,53088.41,47.772209804369844,47.772209804369844,0.5229866052095625,0.45093030027704784,0.4147043511737978,0.5122270973026005,0.5590674918199924,0.48740102223277637,0.3967378182901116,1.0,1.0,1.0,1.0,0.8333180056952215,1.0,1.0,1.0,0.4777220980436983,356.05210285228173,109643.21270303286,4.414090484814022,6.571465133575827,31.634039576357388,350.19490720878747,85.30253672917057,5.56917980940692,4295.933984572316,569.2966391849081,16.86583164969077,12.84124769101731,54.27529836862165,6.382384369958807,11.791488470798688,66.8934926486344,25.267444650347425,2.701151312414056,24.67355104263493,31.89757633783549,3.457190925323273,46.870912644781335,96.86613031948649,39.5664039817428,17.606706426196666,20.609124484694384,16.31028892498343,8.637230928217026,0.5317432615361525,0.4946024403113976,0.6240752073345007,0.44152551165619935,0.3411591841556082,0.496765667872656,0.5540368955110221,0.411759453568905,0.4294253047237539,0.3919368880518026,0.4467958215798957,0.3906593903397389,0.5118202117822017,0.4371907003277136,0.47961112176791587,0.6202863553325709,0.49214118738997187,0.699293832268092,0.48225793863406313,0.5647338713619479,0.6103311992354322,0.2166972331304491,0.6351746343324475,0.39153765670297097,0.35692227617263134,0.41966222144990084,0.3211068468679364,0.49446009025711857,45.33761868742594,2.579220439092093,8.939042835958931
92058,24500.09,41.26029028805256,41.26029028805256,0.4129816167426845,0.4704291892324861,0.42054578652751684,0.41824765381508844,0.3780005865963635,0.39501065118080714,0.39300483606873343,1.0,1.0,1.0,1.0,0.8613967794502053,1.0,1.0,1.0,0.4126029028805257,468.72370700765737,83570.1059912297,6.091892846684213,6.640034223360139,25.760979306169936,349.0436651303055,88.70764247886073,3.266301863888391,3725.5897334815418,498.54820771739645,17.952927833463647,13.550393064907274,63.664053451347804,7.134367633348062,13.201727457773854,48.34115178962658,40.72764598914629,5.645232258941709,39.36836215956769,35.97557711695209,5.131819289457112,44.97174208532755,92.97532020754122,38.20502224830442,17.177578347393386,23.20136822948251,14.257008506555273,8.70189302380087,0.45786979287111146,0.27628891763172536,0.47030337765692876,0.44746437881097256,0.26340997799431765,0.36820388821247124,0.660833025057236,0.5892698656659193,0.5970378048070288,0.451085165331177,0.319635732254213,0.31442444371764877,0.3801136891508984,0.4549569339328587,0.4303233230024088,0.40759666917418813,0.3104873375846025,0.4351081817258968,0.37954677901183886,0.5020000959963924,0.5367101563326037,0.25940775261677657,0.3889140445930411,0.37406955610078757,0.3444702108013232,0.46277043722902705,0.28640272820408336,0.4973112480084458,37.83415063329007,2.2266594171958345,10.178452510578039
92059,1899.62,40.50099830270678,40.50099830270678,0.5400857996741558,0.30065515787360153,0.5082586340119609,0.5867792328606463,0.5396722558459015,0.3137923280534998,0.04582647286970859,1.0,1.0,1.0,1.0,0.7500439265645543,1.0,1.0,1.0,0.40500998302706775,316.909246494233,133796.9451232593,4.285524838157566,8.374302003850918,31.41137749479157,175.92997676418534,82.16031186934728,5.649987143533747,3241.7724714287683,334.93750364712184,17.394963328824144,12.948139092375492,63.2704784946541,6.308119543609924,8.369446536518364,89.28607365298205,28.169278978888343,6.645359011475569,35.393552845983876,46.76723524526361,2.1327765482761465,71.45088248494623,85.71457084098493,3.6836786417389575,3.262010468902844,0.42166817283611324,0.4216134526759551,0.4216134526759551,0.5351185119230856,0.7026896187127813,0.6414764701809946,0.2810585978797615,0.33619224030080924,0.2212763804490236,0.3939887562311669,0.25116325451340593,0.6403945158467874,0.6624605434150654,0.3693775205079853,0.3608019562780053,0.3311755963772546,0.44370514286502044,0.6540924196015488,0.9181437725987609,0.4222193930760992,0.5920111405330811,0.6047991629376368,0.34759875159152487,0.6852310340749589,0.038111175919548365,0.21803477416599235,0.03288214554283607,0.037192595962500234,0.02572221464049836,0.032063222728148134,0.10127218547456027,7.373299199577932,0.0,8.745596360217872
92060,1138.15,35.98322238686397,35.98322238686397,0.4766401452508623,0.19738825461115495,0.5560312139439826,0.5564016583465385,0.32230814799917645,0.3889370103299643,0.02111913659879888,1.0,1.0,1.0,1.0,0.8762939825987203,1.0,1.0,1.0,0.35983222386863967,397.59418656162325,88807.69995966552,4.843271290486656,4.567909231551741,28.326708313223044,87.9606578051444,75.80165732249728,24.01337621275768,2250.3974755873455,276.3560937634587,16.941200918328704,14.954658337355395,58.94082635856341,7.222002020892456,10.534714630383945,82.4586698875121,31.777436957655787,19.393366988107797,51.09044807233004,32.27131301,2.044897998983187,58.24774855730647,93.98398699304241,1.1133541566115186,1.1133541566115186,0.0,0.0,0.0,0.4604897780333163,0.31423174944552457,0.5564167998982933,0.5754222536263146,0.29600420045262993,0.0813156068151629,0.30429707647742227,0.1079361346994045,0.8874627488689758,0.7466591582950425,0.4373008703127808,0.15270207829913068,0.4820193502079399,0.42371786018682606,0.49119871507805346,0.8286707079133352,0.42163022620822355,0.045011257781490656,0.41392934310053314,0.5327102803738317,0.697352053605099,0.07036517266096473,0.3990938047238293,0.014134579530097493,0.016155811740694845,0.011533242876526401,0.016960651289009403,0.0468113975576662,1.9792962784204777,0.0,9.338095360091774
92061,1362.71,40.028949035727024,40.028949035727024,0.5592681282690413,0.3524959228064918,0.4925812053111454,0.6404104902478943,0.3611707249362175,0.3620874809388428,0.03401247999125868,1.0,1.0,1.0,1.0,0.7501788689948523,1.0,1.0,1.0,0.40028949035727024,286.42723176424687,131426.02910016163,4.440825165420392,6.939943324779877,37.20698240252249,199.65938096092307,83.24474481945022,4.8519366038486496,3345.2995531128754,349.2471408180853,16.996764376465716,13.589155878540158,40.83825672935573,8.446838863217751,8.569785162509636,86.47212561323411,22.872619882461457,13.499533620764495,52.97936873147954,32.27131301,2.1444519346544855,63.636413824111,91.52230581224818,3.059132712037101,2.9056252376680605,0.15350747436904036,0.15350747436904036,0.15350747436904036,0.5705752503797862,0.6823370949196809,0.6164280990193569,0.3677320687573414,0.4199921342804455,0.2803392159473227,0.4315040002702922,0.2781483407279067,0.6129574640002609,0.6421552973865968,0.428103100954288,0.28710895890343563,0.7174050820171893,0.32460494279145946,0.63801505071656,0.8816168854663685,0.5302834689871486,0.2532612823090854,0.29984512168662864,0.5327102803738317,0.6832520565723558,0.05369592995674278,0.3493144562874299,0.02974771677483022,0.03451618352389542,0.01669875897469764,0.02245942649028847,0.06664031419258158,5.610287384549399,0.0,8.8585306287339
92064,48435.26,51.98095284991187,51.98095284991187,0.6293389542307157,0.5073497995240934,0.5849571649808984,0.6379118623700385,0.7134674858035432,0.4848951627833358,0.08074626980120632,0.9998998609623411,0.9999975496184373,1.0,1.0,0.9938320333347506,1.0,1.0,1.0,0.5198095284991188,228.42718505093353,155233.36425547098,5.389941393696156,4.603123045914421,53.69548940846897,245.749712138572,85.13244650835826,3.089128852785391,4229.007061179942,411.24207159763813,14.712044918313646,11.085742799579922,54.21993921033733,4.351950307820792,8.139478485099916,75.5163043095953,12.969990368244705,2.923202522362211,14.453929763044691,21.053090911305215,2.7506376843867564,42.94590414176151,95.3813488515754,8.219791061966042,6.448411916358452,2.83798822213029,2.5936578454303874,0.2507408391536327,0.6839417060493037,0.7434651221048553,0.5206653235211048,0.5692913890396253,0.6524820011257109,0.34934996652469297,0.5585358742333435,0.46903336986431,0.45239492927969394,0.5646456503758618,0.7208303184308853,0.601957761837153,0.5346619251290234,0.6214400400101214,0.665086248384133,0.7304592359568761,0.7517740940466002,0.6825809278807207,0.7057544843305663,0.7092991350362032,0.6356696045568534,0.3511675483746141,0.46784833541853965,0.07191905244468189,0.10275062515663722,0.07088235680736066,0.07952070399847112,0.0786586105988808,14.413291850889578,1.2459925014586462,5.833601024377203
92065,37416.71,46.48064147478466,46.48064147478466,0.618140189777643,0.4547891808480289,0.35784777141307705,0.6129115293035806,0.707256352654461,0.4721905069763212,0.03050937226181419,1.0,1.0,1.0,1.0,0.9461341265209546,1.0,1.0,1.0,0.46480641474784645,239.94328913408515,126895.49200219302,3.952618780626224,5.25381631815599,30.15619020182988,289.96483308518805,84.59987324501519,1.8060203596378734,4515.586080655603,541.475526795098,17.631649584427976,13.715325894055685,52.01994304192861,6.977220076719272,8.152228027613868,78.95712164615189,17.730979281624368,3.3199888748467834,12.060277916640981,13.602709914966034,1.0424984852133072,64.74831064808345,95.71812784208745,2.05847339348513,1.9534448063834,0.290936283597672,0.5970582068312542,0.03420594097196442,0.6722788291740847,0.6304178688501862,0.6667988540847738,0.5030652070015273,0.3187919936089165,0.4252339950496865,0.5255576484843959,0.5495730862491165,0.37230543065409105,0.3891564310374356,0.3662294918030282,0.30369973215775337,0.5496956128772045,0.4695496079299656,0.6607446003276896,0.7716562960794624,0.6436828907423163,0.655348060325111,0.7631103879444684,0.8121336201375662,0.8328224221089265,0.0644458734097667,0.5193032254102704,0.022686706456771746,0.02789856493119177,0.018443012858436348,0.03228871874444717,0.05122985831822388,3.1892719098843965,0.16120325116225193,8.249148426388954
92066,355.43,38.05577715152381,38.05577715152381,0.5031419901938038,0.2496188582815344,0.571230479704852,0.5875321071626016,0.3620465370580057,0.3732422501859678,0.01709217801990197,1.0,1.0,1.0,1.0,0.9158161566755795,1.0,1.0,1.0,0.3805577715152381,385.5484551278735,70538.11866167879,4.936609181198695,2.0510872176792216,25.618883164447844,102.99945974525151,77.71430854280213,26.530585068092723,2296.434963207685,347.27937692747327,15.482678090601395,15.380542132307651,74.17020966352048,2.150698692487757,10.034797701127047,76.81877969966013,44.261176626407504,27.923453748992255,13.78919387639203,32.27131301,2.7474955184044942,56.20909183761567,93.21889050899529,0.08269483347245804,0.03544064291676773,0.04725419055569031,0.0,0.0,0.5068698349959297,0.147590260794329,0.5723257065873331,0.7857821583976236,0.25725722478258106,0.10026968587373733,0.3947692854990595,0.24617923697075958,0.8748448040004572,0.6513080368199133,0.6316197261435481,0.12714935185548928,0.312740927248913,0.7172740549240011,0.573935463864661,0.7461779826128313,0.23548460786430023,0.02741266345892151,0.7098654031514697,0.5327102803738317,0.6061280068482039,0.15893447201841976,0.3546642716912797,0.004033299736169385,0.004647608839893026,0.013007932676771822,0.0169606512890094,0.04681139755766621,0.18901676222276123,0.0,7.745724754253877
92067,12346.12,52.51650125971148,52.51650125971148,0.7288235750754116,0.4472907706831107,0.6773935921288714,0.6441892815051146,0.5202161711201303,0.5273612636874705,0.1308804339796952,0.9394056828648841,1.0,1.0,1.0,0.836916822553049,1.0,1.0,1.0,0.5251650125971149,140.71265921860686,186538.94007410627,5.953387700626202,2.6383996214900876,70.6620839355331,114.58870982582978,66.1874653575733,0.8598662226106122,4220.648684193757,342.6281291722028,12.732270785966653,10.312284865247063,76.29239912153547,0.28843424604333207,10.736898645266608,90.48173884251894,19.494768503922536,17.356150313448463,10.587838815881225,33.702592261255724,0.9973134323096111,53.21782243076868,96.70194797114257,13.41192228130905,7.6022528280706,5.063698075337504,6.338593991018271,0.7159712864536917,0.8197988882649294,0.9012771646672372,0.49223686512244835,0.7509462259610954,0.8691904284365864,0.11810177437283116,0.15507235784999168,0.6467985220730335,0.4191081876279099,0.666509124431812,0.9050194039605791,0.7189376524951845,0.21945587459242488,0.913391025112066,0.5157624952648012,0.9281477310511662,0.6246618004914994,0.1450153483997955,0.8017544063040144,0.5167293466140792,0.8527927909949914,0.12045157447549497,0.608839425591925,0.126117895662648,0.1309175917900096,0.12465161769904815,0.14861680166766197,0.12409826307910825,23.107519041746375,1.4826098931210507,4.247412737469219
92069,49195.44,46.59713539956482,46.59713539956482,0.45581786091217164,0.5034712814234016,0.41365977937049125,0.4575237490602901,0.5885009693257951,0.4724841432391052,0.37034169463828204,1.0,1.0,1.0,1.0,0.9057918286480386,1.0,1.0,1.0,0.46597135399564815,487.2146916014869,105291.18082464297,4.981163723375501,8.37073463808406,36.542177620757556,336.3020296928118,87.68819204240752,4.140385973128011,4157.753333598909,560.1688235646087,17.31763628939456,12.851765662956073,63.81853944608764,9.7476100924262,11.253984089441584,60.01895026222952,23.16646172005572,3.5019601165812846,24.187204325425412,26.585275343172338,3.4166321733244556,43.52804482519608,95.31805206455037,38.82445655693058,18.707452817979195,14.290637470183228,23.79289150612694,4.372160960256567,0.40362694614170136,0.44289018743642744,0.5712077991078995,0.40554651096265826,0.41383673587296027,0.5012300128256253,0.6143601827305933,0.4844581942644274,0.44982083013663876,0.3870351139720774,0.4196010626710567,0.3981821107021918,0.3554033072413226,0.4091320168256971,0.5146484054205347,0.5509112667536062,0.5460665108005172,0.6247973685852757,0.5315472232603274,0.6361463252887719,0.6041413960697467,0.3012603169486255,0.5120507166989431,0.37938559099157004,0.3859810561587265,0.3110719605800316,0.4505909667478738,0.3246788987132083,47.3521778703356,2.698457640298564,9.882797194080892
92070,1249.61,38.76479022799975,38.76479022799975,0.5109444338801076,0.3110693523802087,0.5673770641203507,0.5534953722149668,0.4125001704517796,0.3265739886583524,0.03157493425421624,1.0,1.0,1.0,1.0,0.9999992910983267,1.0,1.0,1.0,0.3876479022799974,395.5869506164818,80807.09202807187,3.7013077873837377,4.197409024861349,30.84777439149534,145.98085887087257,79.10465690291977,22.78389925902879,2621.4268976461744,380.8549498760359,15.65689551317193,14.322088431562847,78.79305987779604,5.1583672696065666,8.198603830479236,83.94074251479796,46.91213355825052,22.487004489563613,11.275599492395152,24.376614013037063,1.6159125734601445,69.85425136376249,91.27469415942723,2.0380633443987093,2.0380633443987093,0.0,1.1435045287424832,0.0,0.47807809567972337,0.24327713044128,0.7112892250867446,0.611133284312682,0.33526398881803626,0.1634832523427727,0.43588955400058804,0.30964061435943785,0.8323915002294686,0.600499397174926,0.6105873254531399,0.2260300336238686,0.233246987128053,0.4938837066895331,0.641754256746656,0.8450965382956254,0.15691669219737223,0.0665520162496278,0.7810903286686749,0.6454426752205472,0.7465634192328847,0.01633794138995922,0.21682060535221365,0.01722806049788724,0.03596499284801409,0.0115332428765264,0.04633697749098728,0.0468113975576662,1.3452151936473251,0.0,7.19563098242672
92071,60527.43,51.193338334718945,51.193338334718945,0.5594076384372175,0.4337706412489382,0.3883837261565891,0.5691827362779178,0.6426865667853044,0.5161390711309664,0.4739633033933922,0.9998917108722893,1.0,1.0,1.0,0.9179631039989441,1.0,1.0,1.0,0.5119333833471894,349.73880890946185,116105.8677702956,4.918392640797193,5.142747143980342,34.33443365425869,309.5646850354549,83.68300540052212,9.901716504650361,4409.891897642702,611.0701423827167,17.676135195424145,12.679164288960267,61.65920518429061,3.7559339243672683,10.261485323635105,73.0278180675925,19.790511122953138,2.6847281576827067,17.28632670301843,34.51641878750697,4.295592215534507,39.07040103159165,96.05773940065107,53.06415866028031,26.692361532903668,27.71297460311327,29.471297495044396,8.727517884455912,0.5466667290233973,0.5596868261794229,0.5921684622762088,0.5390372839184199,0.3873411960737268,0.4548354158049531,0.48533165637313247,0.4075742967439406,0.44487712640023647,0.3680102817543544,0.33843666698458164,0.40221082948718395,0.39932349727443095,0.59696334396307,0.5838898767506635,0.6965542271235068,0.6208939988004961,0.7049072879259594,0.6686601059287912,0.5357310894296092,0.5217119277885697,0.4184438376920283,0.6082614479123011,0.46007205257416456,0.4689745267024192,0.493750152715113,0.45775306053872317,0.4892667244365415,86.64504943583441,5.661879739828722,7.614765290372286
92075,8516.4,51.3802637203828,51.3802637203828,0.7060219149592727,0.4645435431361552,0.7799415063780123,0.5952199769666594,0.39802273095548,0.5830695049624478,0.06979928306876862,1.0,1.0,1.0,1.0,0.8697837497941973,1.0,1.0,1.0,0.513802637203828,172.0133463650125,141958.3997611486,3.026308425666643,4.367403252189884,70.02120913015453,104.2599293346137,74.69564223285667,0.0,2673.541446474439,247.93364864535508,13.849066880782756,10.450775630172204,49.93713061229156,3.4765910368835122,10.127345955892071,66.19701264976868,24.977606532864066,14.017072149844743,21.227819902387683,38.730332005527615,6.387372070422862,24.4970306446442,95.85481560950642,8.594080252119152,4.794661222542281,3.4999596550913776,2.6487886570487036,0.0,0.7672031470450378,0.7027532799553567,0.7947570156269639,0.5593742172097323,0.8630532081810056,0.10460958886768448,0.19494965566236597,0.6955617198335645,0.806858874324409,0.8104440433586972,0.8100618420393884,0.6924012657895544,0.6092880901665703,0.6182412485886652,0.5462128669371135,0.6071377021742891,0.4761635448552309,0.22820951983795498,0.5091361380253185,0.4454303563026799,0.4713423619603003,0.7070365665254963,0.5708295864015469,0.0690213600214226,0.07008437118267052,0.08208871742217566,0.08099056915990802,0.0468113975576662,12.04755297742433,0.999979827545689,4.857562514247606
92078,49107.79,49.66378187845905,49.66378187845905,0.5322438647205894,0.5264009650882442,0.408938007892627,0.5365371038279746,0.6168360672151911,0.5340490595330467,0.32145966321446046,0.9980143918569241,1.0,1.0,1.0,0.8289537188511933,1.0,1.0,1.0,0.49663781878459046,508.4980363317561,140577.86092016095,4.321053327008362,6.850703945249482,49.49681078199927,382.36804076217777,85.39531135992068,4.716947079066555,6310.615999926698,657.325565054503,15.850624826069728,11.625845513506947,58.71516760356388,4.075500318706963,13.05593844348313,69.69703011574207,20.794227448965756,4.012149973424982,16.416728054508088,53.44067598019088,3.017009879825384,41.7043420095478,96.65597028085104,34.623512860091736,15.692102818461237,14.102119894728016,19.32809931417861,3.678070605699916,0.42909117276980513,0.6248190330907385,0.6404316408199068,0.43249275716248753,0.5962331077308337,0.4908901862916442,0.5138776260395947,0.5046029402909042,0.18162285771100484,0.30738101327330447,0.5868446605623436,0.5599035000238554,0.4460435659318562,0.5998784165771732,0.43252334864192205,0.6677030841609464,0.5772961510075642,0.6027269318861439,0.7463379918272042,0.2893822460230422,0.6114899681041029,0.35701131804766323,0.633645892447374,0.3264747551527169,0.3065657745667151,0.3030395622548649,0.3772326025203482,0.29398562157765756,50.40944093093508,3.656279229588562,7.261837204231979
92081,29714.27,46.64434446756645,46.64434446756645,0.45010565629692983,0.5522817146485124,0.3969023039778361,0.3977302768144258,0.5103511790275943,0.5265948468546922,0.4311381351096611,1.0,1.0,1.0,1.0,0.978270281240376,1.0,1.0,1.0,0.4664434446756645,455.1702960463267,103640.09869513304,6.438277295407507,6.037280998581473,39.972760433148615,430.77432246795087,83.51290618207865,1.5400927699571059,5225.234599804151,519.5129912578855,16.83161047402151,12.18214078804403,60.43019938559339,7.443307757533073,15.514375375168273,54.185348048337744,27.020454560496617,2.6769225375821915,28.64519690988905,37.354365610302345,3.362538416652163,38.18478052733529,96.08575199829285,44.96447189305018,19.008482535756027,22.352305011424072,20.86038128177429,7.27779643911548,0.42160464219160837,0.4539452928459112,0.46408646096115874,0.4607862291890411,0.4585373281205996,0.6234842627372854,0.5020458472800204,0.6250594204561439,0.23846733433151118,0.4119065483934236,0.4635078174681425,0.47372751571826716,0.4146503374256752,0.36981460529575516,0.3408904120962679,0.46556575244000536,0.4718333899561461,0.6956815624158713,0.39133620794307455,0.47302174696275967,0.5955814070207497,0.4381508865376752,0.5460522470056519,0.458572827341847,0.40001093641193797,0.4494766405018948,0.411371993140987,0.4362582781516385,57.35444816242764,4.485420714022274,7.878412778189097
92082,21706.37,45.27831449641464,45.27831449641464,0.5610923859661486,0.48882252483203176,0.4055612252795028,0.613364647619956,0.5523058390484196,0.4288701845816158,0.11946520742135001,1.0,1.0,1.0,1.0,0.8645853404223866,1.0,1.0,1.0,0.45278314496414634,447.5727325340786,131952.3625996276,4.859661241098034,5.439093353595693,37.332146651122585,410.15945153682947,82.04071688695491,2.080551942259016,5267.555364661703,531.2212956433657,16.119751458605606,13.376382337501415,49.3790543421786,6.193312691604461,10.078332214651054,88.22356745084474,18.178594617629468,8.980830439363551,19.976385479661474,8.847444349775884,1.7513558976198393,65.86529963555004,94.73602887416229,11.522597156636007,7.425880309473234,3.233325118073326,5.535544510270977,1.059789742503461,0.44558575899388464,0.6960214082497889,0.6121025725674467,0.49065980405347487,0.4252805543503116,0.5916243163436318,0.41941697687290314,0.5189682517612803,0.31650564862184977,0.4428231080240821,0.5471342012033333,0.3157819432687461,0.5386157042678994,0.4248320725018482,0.5878684500659599,0.9021423636441165,0.6231015990852348,0.3098732744027818,0.6238384576704936,0.8885617189219162,0.738638884076733,0.029455160531867294,0.5185165091362468,0.1131292639762179,0.12641407651616893,0.08260505973843982,0.13046706672528652,0.14471057015063696,19.611383946972353,0.40948921247579284,7.646645381132815
92083,32176.53,42.3636161021157,42.3636161021157,0.34873762384380663,0.49862734908575984,0.39622638480457756,0.4045384088149166,0.45736618809827406,0.41351665161154527,0.446440520889219,1.0,1.0,1.0,1.0,0.9999911271850772,1.0,1.0,1.0,0.423636161021157,457.0188523534945,91198.59850222741,7.316224840789433,9.358500972837842,23.328862306582298,381.32940916897553,90.00732508280045,6.3094831368360085,4079.4742983726705,425.5835648402824,18.397893362179968,13.615398359146546,67.07306880998371,13.05816196127619,9.445638701672303,55.0822945282263,32.01258732687268,3.4260926310422963,36.76100419086013,33.04824653595998,4.820040210593777,41.407935410424884,94.53509969088105,45.984492237111326,19.115831043508088,22.552504885495413,20.995529350708587,8.544952319817039,0.38357722319543464,0.34264011943650113,0.3518293757548858,0.31690377698840494,0.22092410188180464,0.5788894995956633,0.7108039216299135,0.48389187323565824,0.47482183022300506,0.5571626615164871,0.2581257609726948,0.2947952865061232,0.28566206780522463,0.277823350709915,0.576948556802274,0.4777196599422527,0.36715210536451337,0.6343339758262614,0.29449484359918987,0.5334819536683936,0.47302663451188226,0.34539540986514683,0.42212791045760684,0.47412773356759547,0.4044656243928778,0.45242830243198945,0.4135722273513367,0.48760871670229544,50.800952704117485,4.502440937147196,11.102536591952111
92084,52670.9,42.10996054090085,42.10996054090085,0.34363366740294216,0.46639112914167485,0.3298473696428364,0.45782742182038916,0.5100551309395801,0.4101549960147794,0.4297875229008571,1.0,1.0,1.0,1.0,0.9569668501033931,1.0,1.0,1.0,0.4210996054090084,633.6754791858463,98401.44519863279,7.003512850189129,8.48083890505827,25.71573055520789,410.58533740500616,90.20210448710044,12.023960014115067,4941.885468796286,523.3559338131063,18.008642717470426,14.088120493438486,57.22455120581674,14.618319403841909,8.83191835486479,56.4668924816527,32.70034551981894,4.222650684533584,23.870936910661026,26.940799629958047,4.935075947726498,45.919180874485434,95.07991495324345,44.5600036661072,18.680752484394386,21.544283511011983,21.025023199744744,7.741971008091114,0.2703941350989498,0.40340717241494833,0.35720663379326106,0.34352672830460945,0.25000334944002095,0.6109729068442765,0.7244726501048532,0.28011561017754866,0.2905092478641346,0.45633818741324117,0.32284691284279465,0.24969513045117503,0.4881667120782025,0.2130293944361046,0.6326727386013395,0.49744084216591006,0.3685158440520252,0.5814498556311188,0.482419559711166,0.6185133563000332,0.49129237677519055,0.2652372031686842,0.4739354081004633,0.45420550223700057,0.3919923347055715,0.4365963575823673,0.41345333207358476,0.45269008790576115,53.606651590281984,4.712644948508043,10.933199076776772
92086,647.54,32.12479380384997,32.12479380384997,0.4699719905690637,0.1280030726494938,0.5157694703751344,0.487332008772119,0.36165324171398416,0.2694474658329957,0.016558316356707087,1.0,1.0,1.0,1.0,0.9997929074468349,1.0,1.0,1.0,0.32124793803849966,549.6222631830268,67965.95997978793,4.204970221275964,1.5054672434035603,26.108946398296734,131.9262750510732,66.4278332391454,39.96686519149357,2622.054829587354,405.7995344085361,16.09734921531949,15.398343259574677,95.99170276988455,2.901096106982881,10.499145349717118,81.11741962586113,50.022681565346666,20.252538345888684,11.748010369230139,32.27131301,2.5614877278819628,65.14068450074507,90.69942718643726,0.0007248239360780622,0.0003106388297477409,0.00041418510633032125,0.0,0.0,0.2834133865555517,0.12368668459878228,0.6419518728216661,0.8308360183002546,0.26580356758940815,0.13694877241838418,0.09066819074429555,0.01859175984588723,0.8305137525274826,0.5572873278991506,0.5567544869184748,0.1185223141554296,0.006268596798222199,0.6409667019852017,0.49486053874661035,0.8072321975584418,0.10597845364282148,0.038223074787818986,0.7699620859864081,0.5327102803738317,0.6270978414195961,0.024833517450247537,0.15641103862914355,0.0033977501371278557,0.00407561420075565,0.011546168598976328,0.016960651289009396,0.0468113975576662,0.001656740425321285,0.0,8.197929074468348
92091,732.48,54.65079222599845,54.65079222599845,0.7904219105574724,0.4405937286583618,0.7318504807438546,0.6539826806281123,0.5564956311773213,0.4950229239948083,0.15718810005996095,0.9383637672207717,1.0,1.0,1.0,0.7551233991948381,1.0,1.0,1.0,0.5465079222599845,129.38954028223006,179890.30085143304,6.0884254603681764,0.9267509202741404,74.9286591445445,82.45308330638787,76.02913994308463,2.8844895677253244,3792.523974481707,305.64661242725174,12.6763632944134,9.966694035820877,69.88223554814769,0.37940735459514324,10.315042324137028,91.34871100892258,22.40366672947624,11.121174090552863,6.275271290371315,33.21717486,1.004649887661915,58.60694994917279,96.49120967938227,15.75241637010256,8.451633479466018,6.1778360570110555,7.849285118659244,1.1318995497322193,0.8325487752547289,0.92005032802729,0.537857122675604,0.8942204943510664,0.9085931328080786,0.06686618453642885,0.254933899010513,0.5319816982784269,0.5217213789346938,0.7176050315761281,0.9191562058037386,0.7689193066608575,0.2319564679588725,0.9007425611157668,0.5443199808931355,0.9389117125446744,0.5789685887427097,0.16272042166472453,0.92821261587134,0.5233644859813085,0.8379069164399445,0.06515478652241237,0.5820070690220681,0.15024675731732573,0.15244763118041638,0.14718980956688696,0.1767967490304111,0.1592595532047644,28.5048141056778,1.8295547987677065,4.01247847381524
92093,6904.72,37.21310499013075,37.21310499013075,0.29749299345325647,0.6995983907757021,0.26786992856289543,0.23668919324540186,0.5055388292498568,0.3447240911203629,0.2530039229016768,1.0,1.0,1.0,1.0,1.0,1.0,1.0,1.0,0.3721310499013076,261.658423000035,46393.682119154044,14.189460070890757,5.152539751474316,85.54377125858537,757.5846072982605,75.28211251608192,0.0,10473.552988490834,959.6047037383421,25.292909892760918,8.498194858619518,67.7623720250079,2.9541942640927448,35.09424414197451,5.326460310418756,37.28417946487464,3.517437288209235,9.50134668927492,52.425626011223024,27.23573682620511,12.240745387607165,70.3284474062131,27.891089728675123,15.160901397511193,11.924448987909718,13.638605835175074,1.6028481705580568,0.6048335018602449,0.0469072509088022,0.056751975174014674,0.4814792458699646,0.9869611145181589,0.9151638195266667,0.2007069092244184,0.6955617198335644,0.023938644643275643,0.06150837526158039,0.04628102431098197,0.939751670035744,0.23355478577904362,0.6343715483551051,0.03743002442262933,0.0414004144248292,0.2542010481663147,0.6375160672548361,0.8562907422289949,0.27414745934928186,0.04492625519674199,0.972730303723938,0.016515714440408877,0.2579331878522169,0.29028646366369487,0.2609885007299374,0.27338527485770475,0.18242618740482988,48.643458792962306,1.552506971320963,14.42236979533723
92096,1992.08,44.86117879961469,44.86117879961469,0.3973901419228472,0.6470826684876277,0.27845846157229465,0.3419889995046696,0.43558369835530825,0.6757670430288838,0.3640115031013969,1.0,1.0,1.0,1.0,0.7501008170779229,1.0,1.0,1.0,0.4486117879961468,438.9078291547995,111286.74574059379,5.3008275639191735,10.696864721064625,42.802619739684324,821.6877536097619,83.2997373878026,0.0006401084312555939,8631.266911590259,888.8414340992454,19.597394376569813,9.001037308125003,61.6725581631543,5.570166273350116,19.506690160931353,48.95226548787509,32.582618593822005,10.934967982498666,8.761220073263777,36.04231487,0.00011952803444999583,43.95337366833405,98.44583601230073,38.122398281718766,18.997747527250613,13.249980944362017,24.372045421946034,3.7496611270840132,0.38411870655494706,0.5202252406324422,0.4985633519940252,0.1866532685099744,0.5082101728351774,0.9541833477474476,0.43050631395725636,0.6954308394106301,0.012368972701812964,0.0720419927394096,0.11801304423518785,0.911409836612768,0.3777762123298602,0.4168695485285731,0.1728692104106103,0.40044102674963483,0.3183318291335948,0.13138436067561207,0.8570846752127302,0.4878504672897196,0.9678797103351097,0.26433339920216015,0.7950880195493816,0.3642860013370942,0.3968191239834921,0.2876530621039821,0.4687372388140806,0.3025620892683353,44.00229419826623,3.0002363662443177,8.198562314956009
92101,54490.99,49.7310629261695,49.7310629261695,0.5056649649427696,0.5474238848545837,0.536431918971671,0.3450985506671715,0.27271130700792484,0.3983366969621371,0.8755070814256065,0.9987123210288946,0.9323287213510342,1.0,0.9996302549550315,0.7759812760809626,0.9996713377378058,1.0,1.0,0.49731062926169495,693.7372315412468,96191.09888691765,7.311567739437996,2.140292369163968,56.70699378063661,623.965716972574,74.04787478806949,19.626442303365078,3055.838128108488,557.9478493410824,17.215355277432433,11.365046793693073,50.57291201739719,4.9081808560647495,34.14389132209118,21.55547030180765,29.85081832164245,12.26790145613468,124.18189627325472,61.3351285097771,21.70581831006612,24.767180498604016,90.91700744395752,202.7508386911838,91.38273767286537,86.1930668015776,134.05285074894527,31.82734385309798,0.372110296303611,0.37525280218889934,0.4769468306345958,0.796795860049342,0.6847343042148123,0.6957842088614431,0.30841951962070274,0.4868826852471071,0.6988600479029112,0.418553919800202,0.42026527466782926,0.6080484335157417,0.6138006524103556,0.564494707895762,0.04869988747437266,0.15266721839689584,0.5273929829728321,0.2066146261243302,0.12128353986603832,0.18501147377799124,0.09482368130603383,0.7753949944861925,0.3240151959780605,0.8864771772085904,0.8678857728066247,0.8635839638963124,0.8871997635936568,0.8723887296228479,195.49964597248166,22.776842424353436,8.771434581802522
92102,40971.5,45.87301803082186,45.87301803082186,0.3250134581394221,0.4535404719740273,0.43543976342095553,0.36233249783358273,0.2504687163436022,0.4374358754411129,0.9468804790048266,0.9999997018827438,0.9865765081602321,1.0,1.0,0.960450163938794,1.0,1.0,1.0,0.45873018030821844,484.9046133191823,76804.39121516982,8.558544373220323,10.003999445683016,29.423517378275466,416.7931857649977,82.96342443292848,7.727458899429877,3259.6746614942936,435.80704732702196,18.986809728948813,13.953853887868815,62.435583498025736,11.807352822460912,12.698441662012318,33.79071137943573,43.577842010398015,6.690004721358519,43.13394622524079,68.04717231835701,7.793707099878429,30.99475344797789,93.00649560381162,232.20349108459246,109.5924104632407,100.530490988929,154.55540388062664,36.9426491900659,0.41531137632827314,0.21736185013978193,0.3007506925217352,0.36662939351310103,0.3028337421881624,0.6181062765463634,0.5037271173106448,0.3962649294968817,0.6536636312458506,0.555975608578329,0.2088739210913166,0.32324589276832594,0.383855065792173,0.30170316458822954,0.5156343982461764,0.248137362707752,0.21839326811066076,0.37647393811402635,0.2091174231363612,0.16958818285309407,0.28597072263528966,0.6348254915727697,0.39151141211527973,0.9550043364175175,0.949865178183017,0.9336001664788507,0.9589943879036024,0.936938326041146,200.60854897917673,24.88978285043252,13.597718908236857
92103,33305.46,57.49379155955733,57.49379155955733,0.6144654106276972,0.5899704634615668,0.6513470606713316,0.5161456915749979,0.3125874848916315,0.46246980580154745,0.8775794921402418,1.0,0.941676467308193,1.0,1.0,0.9535813208729588,1.0,1.0,1.0,0.5749379155955735,309.268472639612,112864.37086254268,4.538852472177372,2.024081894149121,65.15036431514599,569.3303331744221,67.6868674718243,0.6129896865474674,3378.106346238725,438.20817862181235,14.995346787066502,10.107571703013917,44.0239268095622,1.8410475939630215,18.795133415233778,37.66846854152411,34.94270593939356,7.603232830490047,52.68915366781248,55.453972428940475,8.134737479644174,25.502555179428303,94.11780259140555,200.1799081529638,91.95645978644211,90.43360063854841,131.12169797321278,31.702458154912595,0.5910158214619339,0.4894339545256169,0.6064688359266746,0.7709430305965629,0.8021745083036192,0.6892209679770295,0.22580048209696027,0.6646607198581046,0.6292840620707091,0.542118312045981,0.6827379527053855,0.7512479158632511,0.7572860400262681,0.7579629863129342,0.259800889704165,0.2895328502566241,0.4178242820247396,0.3700575730993765,0.21547461077648053,0.25739801003293145,0.2516870633356274,0.7759124815635933,0.3598098725054216,0.8809384336166074,0.8712470146103434,0.88431438694879,0.8799258195357008,0.8714718059897674,190.44725249580546,20.899790503654813,5.72076234487068
92104,47263.03,57.100693280915216,57.100693280915216,0.4689085231617998,0.6526474064895231,0.5714433255454683,0.4545471036942409,0.3383364132832677,0.5480763579239365,0.9630893995658292,1.0,0.9959185493796168,1.0,1.0,0.9307137584290518,1.0,1.0,1.0,0.5710069328091522,533.045805665275,98241.6009783972,5.887949439076529,4.8642558587776055,53.91149747434292,668.1277284138336,81.16902299380286,1.0452239374512473,3886.6078442368553,359.1349801542069,17.151974087049993,10.29612322711067,48.66337982789478,4.582519170605072,15.298985729125608,30.319078573341905,42.1031319494222,6.03214207658179,42.77817590076579,46.23576721479766,6.360832359603269,23.80292102621016,95.0009161544254,236.2704212833218,111.41203128187828,109.0123917089685,156.9201565319518,38.97864098819245,0.43986516470225634,0.39257333198138483,0.486502897662765,0.556692698300793,0.6525326839858978,0.8378003304691947,0.45999054665062894,0.6643862395394886,0.5079122062858513,0.635338485925469,0.41567865314405755,0.7268439568264953,0.6651217710090508,0.5935824267514682,0.34775083476349694,0.2117333822529478,0.299382611815936,0.421338186630664,0.28891345095094234,0.37066409320519905,0.3774749847426422,0.8055009831450574,0.46125310588411,0.9653144788476977,0.9583581432730464,0.9641474452512967,0.966216758847006,0.9614101716100991,195.05186392644129,25.01205955246599,7.999045441314443
92105,70480.35,43.19101244352349,43.19101244352349,0.20177209545876593,0.5009801927823947,0.25672478962282225,0.3703314205819031,0.36610029282472,0.3453285956620339,0.9821334841140049,1.0,1.0,1.0,1.0,1.0,1.0,1.0,1.0,0.43191012443523497,1044.7785891252167,67186.22551541832,7.205486871891369,12.808929422676693,23.115881260070847,516.0731986671043,88.81919468807449,11.030110880047907,4422.807691684116,643.4557072817513,19.3270684214172,15.118791317496019,62.83179791495612,14.953515552143067,7.767654748163103,32.26600660973685,41.181915415393945,4.581912813788982,31.87812602964329,51.58605067521612,11.912552816249674,32.889042890872254,91.05301120417388,245.71969443263893,119.89928334726328,114.34210097345505,161.89107029328963,41.15380641493156,0.11398468935877056,0.14182764570394346,0.38369806401537593,0.1675779827569738,0.2151013546804961,0.7400149975044407,0.6711025881339151,0.377701830810727,0.38507255518819955,0.27796277850137324,0.18276068036598722,0.18110314443572884,0.36451772991064935,0.1865970026416617,0.6908858954487234,0.2393250543265778,0.25040113707836165,0.5330195927563832,0.34435247141319714,0.3366279700509379,0.18775483006500515,0.5786969217445087,0.26953403517658764,0.9830763074611468,0.9843872331258477,0.9829168755402341,0.9800551731039231,0.9802318313388726,205.6466907599035,26.67204479172458,15.06397350977664
92106,22219.95,58.12676312460734,58.12676312460734,0.562470094521294,0.4855347063442415,0.6201862733882937,0.517317172992416,0.5383681605307932,0.6716479506217903,0.6733490603236852,0.9887232898771693,1.0,1.0,0.9887093212672468,0.9045769137499184,0.9999627503735398,1.0,1.0,0.5812676312460734,398.1781754657722,142912.13055016723,6.452661235262351,4.081208002480475,62.580297489737895,271.65703993373234,66.85539708800195,1.5387519816083153,4151.603313546192,296.1220261178763,15.708029159471387,10.251658671275571,59.81202659353165,3.59940594165432,14.331971872839269,59.64234935886954,18.204042676345715,3.492144151640232,25.44040294398531,46.00944012139959,3.157393411549471,23.45218085997934,96.50714901253521,111.59857864752415,51.131330926240054,47.52730801851426,74.00014455640267,16.918426179238647,0.4557252743251143,0.7555517142488307,0.4425715438317206,0.5857033885674011,0.7723940453499036,0.37562552202109806,0.19124849581094944,0.6028707621950149,0.4557949321891688,0.732027203011687,0.5818579015691854,0.7110650567831333,0.42883504713935394,0.7147965431233003,0.39281518129615367,0.532224178853905,0.6351835372029444,0.6369853240155352,0.4695992154020283,0.37154772494550464,0.5949152023194694,0.8255456370162274,0.594441524451735,0.6757703196516128,0.6694176777994398,0.6618277101830575,0.6911851077780382,0.668544486206278,165.5731273816402,10.010797838008104,5.748257242417437
92107,25391.64,58.34261795406802,58.34261795406802,0.6416573473507208,0.5364692312147216,0.6624942933422033,0.4857307855618801,0.5050770840685253,0.6098015423792426,0.6427529728674671,0.9999999314589287,0.9616282001153882,1.0,0.9999999314589287,0.8965858362847667,1.0,1.0,1.0,0.5834261795406801,305.57415259089487,124500.73153840011,4.577681052054931,2.1090584767607177,63.82319885612502,374.11184509469047,62.938315869715126,0.0,3270.380460550638,308.8240475022776,16.673456611127776,9.71276958447815,54.30305201856248,1.958912899317831,16.473484291615595,41.32023520316118,22.358179081916475,6.041207832025612,39.092708719851785,27.03572804144918,5.973851756796974,21.344062083628263,96.49707641147461,99.01031866608238,46.527364774252014,41.94585808082626,64.20160080473775,13.90861715581796,0.5867095075932762,0.5796960458420596,0.6333488995246211,0.7668748254490358,0.7900340001630858,0.5494074271589289,0.12479424943102461,0.6955617198335642,0.6657588124674315,0.7135751373090026,0.46128299100609504,0.8093602325862841,0.5573875205040895,0.749356757301648,0.29383083979584274,0.3423480556860607,0.5452008391612887,0.4707155394913583,0.4307021725530711,0.6212081910246648,0.38672318388762356,0.8547194454144448,0.5879619978356592,0.6491248334450119,0.6464320491783813,0.631075619430745,0.6589801290467805,0.6281522332364174,155.0976054414193,8.47883789804635,5.927162926629689
92108,26695.79,53.919748498952444,53.919748498952444,0.5045849754011428,0.6321155703332051,0.4879261745114091,0.33230320831271765,0.37662495569192567,0.5648861620307665,0.875941348645505,1.0,0.9999444120098866,1.0,1.0,0.8799792785526405,1.0,1.0,1.0,0.5391974849895245,630.2622201000723,105296.14228343207,5.2261338420137795,3.3552249042299724,55.94871547263398,723.5396336213631,77.44152588403877,4.065472677901213,4402.063592955643,546.2495067707023,17.40917783146248,10.080121627645541,55.41150049063831,5.471782842506074,27.99858040409465,31.88137240395891,26.382126296962433,8.353670071497278,36.940924131735784,60.39597559604347,6.122919456754503,29.711364781766505,96.79571645652058,194.39072317162052,91.54531883986306,93.76554374195617,126.35450872081556,32.328207001176594,0.3559951389808522,0.46588729356258946,0.5304434317558777,0.6660140373052517,0.6836038536504643,0.8667902935109848,0.38724697487581367,0.5908314932132743,0.40671080893838385,0.41010601933203794,0.38535654156454896,0.7495313282106655,0.5192177713248937,0.47992749251469413,0.10530942601303776,0.22475814339824535,0.4689086588323985,0.27550177338842047,0.45459674565491,0.20641252208802757,0.42711249133055423,0.6496348582019702,0.6179111365597749,0.8681847252708164,0.86740108395774,0.9006655177020317,0.8641743836351813,0.8792810326617556,193.37980491648568,19.66923970293264,7.987857945931804
92109,43556.3,57.14217209597873,57.14217209597873,0.6406238876572672,0.5854844758412293,0.7058180435539659,0.4590822159022949,0.4222765433898458,0.5837978464698316,0.6028690339040775,1.0,0.9895894620409704,1.0,1.0,0.9459456288743033,1.0,1.0,1.0,0.5714217209597875,319.36867159121505,129937.22580780885,4.766121470083467,2.375604859319635,68.66680224991678,627.3012208717092,70.50046250340087,9.563551599509045,3261.6128584295866,247.81183944898945,16.69875224028069,8.811696171291796,45.00701992390937,2.4252468164611938,23.410100876648947,33.24459778817414,27.256389550700955,13.082031626022694,48.76958055727897,20.638241283120482,4.4711775585223,28.59843918707559,96.569654885873,86.56268473091902,41.35818090858948,36.937274558577116,52.432049466491435,11.440615975241325,0.5855510232316804,0.6346159014571626,0.5907427273094652,0.7515858986307604,0.8476087543898752,0.7634729153585419,0.23457738953180196,0.4937888040352944,0.6687830610374826,0.7941020012758496,0.46125968266613954,0.8991274292363913,0.7275428214563201,0.6973451366009104,0.15694751686117173,0.25449338869077737,0.5245377575242989,0.2294050979843185,0.3148791728522164,0.7155352674602327,0.469064292821156,0.6819336555266311,0.6003955910617076,0.6145401407611165,0.610562957479718,0.5934337535448679,0.6146379999884632,0.5811703177462213,133.83836087902807,7.102449128977674,5.87138093689913
92110,29462.57,54.91739885623419,54.91739885623419,0.5948660702200317,0.49396898676448125,0.5748497703570928,0.4418654982973311,0.398161014138321,0.6003473689268938,0.7401592112322415,0.999986568660283,0.9717540537016686,1.0,0.9999798529904244,0.9593535167404219,0.999982091547044,1.0,1.0,0.5491739885623419,497.6738685004538,117860.77153161383,4.469463760321709,3.1802357570920994,55.357787579082576,496.5266332926556,62.60142417117557,1.0704915536171127,3592.9169615258234,336.87423790494756,18.023766495428486,10.72209700471227,47.46650489993787,4.234070688641481,20.495922721422072,34.68491325138145,21.054662640981878,11.399542528483295,39.89063717147736,60.08870688794341,6.775816376689549,21.354865247827995,94.01009642318361,139.47600635095918,63.77349592476758,62.594220273644005,89.78556400560367,20.480823943728645,0.503080271975332,0.548068601651331,0.6486273985559939,0.6796728989846202,0.6774582599803853,0.5307608915615171,0.1554531974499076,0.6283135462428898,0.570657183364813,0.6849720970106074,0.37673387888295456,0.6670359221699972,0.6220253056457319,0.5890316683836427,0.27298834738681055,0.2834561605388468,0.5862313191096813,0.2876881432723667,0.449261728420366,0.2332233466666283,0.4979035473454855,0.8218482484727534,0.48126471856960906,0.7473173217668252,0.7403577969689565,0.7467922671740747,0.747800729527934,0.7185279407234175,180.85946358289578,12.49632619721828,8.350593380169393
92111,49364.01,54.19268374296398,54.19268374296398,0.4868680946737187,0.569027346597115,0.4329222600072809,0.4379846947765824,0.5220655351721927,0.5805022393767623,0.7641176914038267,1.0,1.0,1.0,1.0,0.9968629033271675,1.0,1.0,1.0,0.5419268374296399,492.2727328861187,98992.1239956412,5.400115491376793,4.3602989063645845,46.791156022462495,462.7201485874617,78.01973033896826,0.07918287253490777,4921.801125696704,622.3369666525764,16.465006874978204,11.390022322034529,55.707198716744685,6.211425393269928,14.258766397119176,48.74976156315882,18.370403705061015,4.468349131875653,20.382830834339483,46.38584138690221,5.671249330631566,23.07657413823448,95.38576937402719,148.76088958162504,69.84680178106073,68.96496385471643,93.92679636015261,22.577771137961065,0.4205734444478057,0.4097546008687108,0.5321211060314684,0.5850232273468897,0.5539559573180686,0.6279462676219638,0.4036802944870505,0.6905268669613772,0.30172397924123723,0.3507195115704908,0.5115521175437379,0.5676934316736578,0.4933088965957836,0.46332817458361086,0.39130530227701765,0.4039964056499176,0.6243071402053411,0.572010772080847,0.5313432170495075,0.3568476185891249,0.4337569034452165,0.8184754632404165,0.48927435144465403,0.7684426834986007,0.7679870336485485,0.7763226370489051,0.7605050777936162,0.7473310250294625,182.47119485814721,13.058395413536436,8.257241399270772
92113,46596.15,39.01744368164043,39.01744368164043,0.16815649411412462,0.42375429990175234,0.2926649082723868,0.3594351401595767,0.27115407590433077,0.3183703792472138,0.8976857601154452,0.9968471676123505,0.9999857342310657,1.0,1.0,0.9918436101531694,1.0,1.0,1.0,0.39017443681640435,884.9181255913277,61689.91633059946,9.263122325125618,14.48820155511099,12.043429983707933,363.3140745405536,90.94439869483513,5.918979174517495,3559.7541157553146,605.5573640355155,20.215640424673065,16.605989780282865,59.214193442571876,19.630119003572702,8.051102843316468,29.558274241531468,40.790915940734116,5.758565642335269,43.907730067354045,75.46964312148988,13.886533690665205,34.99260117284077,89.63040538895991,211.51914879333862,98.98582189655055,88.88731722235178,141.75923926715856,32.96065136409575,0.18038632012227745,0.09713217725523741,0.25795616273975025,0.12595991753853794,0.05438961217646124,0.5303756653003795,0.7350776429990049,0.37516168557185026,0.5833698494667171,0.3971899431785538,0.10614218449432743,0.08395765594994889,0.4534841191014037,0.10173391788782819,0.6853870728871682,0.1971354507619071,0.22330797657897244,0.5009776785962075,0.2656195385976164,0.09503929179156338,0.17410790430818782,0.5220055868975988,0.25899764653585483,0.9057995611538197,0.9028525420691805,0.8815462230268086,0.9106521168167194,0.8875783575106975,199.11715902380507,22.583897802872883,17.68123096561484
92114,64651.86,50.86535287830857,50.86535287830857,0.3768438538856155,0.43417520502777734,0.3576435178366497,0.5302964560593189,0.588100443456283,0.4230702567498811,0.850444968466075,1.0,1.0,1.0,1.0,1.0,1.0,1.0,1.0,0.5086535287830858,606.666755944756,99880.93823818797,6.10785597167615,10.656588346490167,22.35295235354635,383.5339645204045,88.15843317219229,7.320883753655382,4530.742010074154,639.8289930026452,16.867802620481495,13.490099442744654,57.83375152422765,8.00551508570795,8.235768219925689,71.17228558145788,28.59798427529339,2.207420172174489,19.090199847118758,27.318268243999476,5.076265157487867,40.26678523966681,94.10306699135302,185.81659565388375,89.91412068534967,83.39516072067678,122.02834255066387,29.476111224632948,0.33482077671624777,0.4205827856374198,0.5039253911098961,0.2480464620788977,0.2051880191548741,0.5676821748811387,0.6347335376538908,0.32909708842120566,0.3656142813206405,0.31388473496750485,0.4405303335369628,0.31054472152149054,0.43938983289818756,0.35327775347068513,0.6545953363065203,0.6739229015618827,0.4380405353163625,0.7366341215709625,0.5612642226272551,0.6164628943105522,0.4603448473781888,0.4055492847043185,0.4033166381671355,0.851307768342652,0.8610140858377261,0.848267399493059,0.8504288999509266,0.8412066887060106,200.06222373161427,20.699399940681793,11.474839281822618
92115,64692.16,47.84249135923072,47.84249135923072,0.29579442407200607,0.5224409834703696,0.3383437784268884,0.38229755005067895,0.401472560247093,0.47631696756063924,0.932308131318475,1.0,1.0,1.0,1.0,0.9994627273946499,1.0,1.0,1.0,0.47842491359230715,1178.8889367590202,82534.98831130117,6.84606813082021,7.870277607132846,41.15850839391466,507.1340907064523,79.21767060739026,5.945237596158111,5239.312898378455,533.0114998881409,20.21372797846142,12.556542230333738,63.43150836713715,7.3351070000655065,17.246370903954922,41.95325084783165,37.55456997064871,6.714692974645775,32.51813431315312,40.424906015385034,7.766088132590729,30.087551193387323,93.36535286525512,216.75871876117108,107.81095320966139,103.46823701451527,141.18468451280123,37.94081925783816,0.1678330109079563,0.26641425660462825,0.38616868590098896,0.3627617428744507,0.4762652648452394,0.7157960586945779,0.3952793382664427,0.5024232720752184,0.2919805072012889,0.41361929534784964,0.20871940541047393,0.4390559057479412,0.35538902565910835,0.4348065672729897,0.4005025547677967,0.33849205250282094,0.31848143522372535,0.5242465777673373,0.3162871500365554,0.4470565133121563,0.3872810644770857,0.6564152651775089,0.38525457302732313,0.9190398516352692,0.9409181856184247,0.9421639026714143,0.9118864960516444,0.9475322206156215,205.00570993936262,23.12667110586106,12.574287225017395
92116,30637.47,58.775181970790584,58.775181970790584,0.5089843291900767,0.6208259643255392,0.6156411902433326,0.4810540861117033,0.35736409494767674,0.5815473519764505,0.9488457211605612,1.0,0.9893616088826681,1.0,1.0,0.9289770267044131,1.0,1.0,1.0,0.5877518197079058,410.22652815968195,104849.35807405137,5.217010728747099,4.12777609622397,57.37325833999277,626.1342435089674,83.82838577571638,11.52317691643097,3555.2456949982143,339.40679301154904,16.771987621921383,10.025104373701229,48.02493360677781,2.1532219753209225,16.609295529248524,31.9638379869031,41.12039350400197,5.769514812791176,37.20285282675016,40.81491334596281,5.6203197743448765,20.09483252590539,95.52918544575301,227.91032284305973,108.15756711430848,107.31304900083327,150.82329327667875,38.18433564418178,0.46621784404917876,0.44014149661523433,0.5441505100019929,0.5854274660939005,0.7032907683923076,0.7340806379909761,0.49481581453780976,0.5568638308289907,0.5899589492156939,0.6684190871415613,0.44310643581833636,0.7610802887977387,0.6894605359414948,0.7164100313059327,0.27817624035079924,0.24016953684858625,0.26648344214662,0.4438483156106077,0.31829560395003603,0.42362763945347753,0.3932128554548533,0.8562585415482513,0.49517065892624695,0.9462815965919135,0.9434459288349908,0.9590485795533849,0.9446885859763245,0.9507639148461935,196.32202191211624,23.681928953821192,7.146102674633534
92117,49443.08,52.30228646618925,52.30228646618925,0.4648516453115205,0.6418180733466268,0.39950736648709373,0.5239166312785057,0.42008306350121116,0.5596609090222141,0.6513223636860759,1.0,1.0,1.0,1.0,1.0,1.0,1.0,1.0,0.5230228646618926,634.5182706218669,111006.70916629724,5.16149077606566,5.888459126893135,51.81573148573192,536.878839322227,87.19279536207956,7.951020532300237,5584.2466506420915,673.6227016874818,15.985340232495458,11.524972783143426,55.14522700557583,4.320419924772494,10.810562853225697,57.325401125218974,31.590728084168585,3.9736630569156675,27.14831940430546,56.25933281936885,5.200328615055927,20.31466521417079,94.01541662936589,103.51055005021333,49.10872974537735,46.40129387313695,62.57514736298955,14.354214867193448,0.27330203018387283,0.5158327225619582,0.5709797059501711,0.49929212255007943,0.6281663547974378,0.7227339917693542,0.5958288891091372,0.6205430577105773,0.18907213622077682,0.2968330929436452,0.569262262099077,0.5428619746848757,0.5275067616536852,0.5441145566758603,0.5238982323407146,0.500146974443763,0.38471856867757,0.596703938478696,0.430904739164691,0.26800500768388796,0.4154684518130568,0.868982253321306,0.3945320219322796,0.6574376276936447,0.6574965034234227,0.6538807502155317,0.6514941676010949,0.6363027694966861,150.3191592175849,7.909783664279184,7.087813878752531
92118,15592.56,61.63724041084717,61.63724041084717,0.662856751741576,0.45165739983599157,0.7695926703380506,0.4848698197414269,0.4625060612182254,0.7212976853390292,0.7618264405450025,1.0,1.0,1.0,1.0,0.9994191466716933,1.0,1.0,1.0,0.6163724041084716,130.26440916080202,142528.9691176441,4.769134829766699,5.179138007999409,65.45298661545111,148.70080592017248,75.9073357377043,3.3933707597233,2265.9119092184387,301.6301066359721,14.22159435709191,10.239064917727257,61.25702170834357,1.2675610310847183,20.091022195822646,53.86257590760129,24.111606841127816,24.775631770752458,0.8327295467183045,54.29014924416687,3.698980415485999,19.867681187644102,97.8460206720945,149.2805621526447,67.14803185615338,62.02944792426925,99.6195047729559,23.68862636524672,0.8305648191251646,0.6985346998440498,0.5928331469860456,0.5294943410110443,0.8092622611569288,0.18073799718030437,0.3100759029616191,0.5065534380451142,0.8715486830704291,0.7240605790552954,0.7534408269436126,0.7293205922828649,0.3990382812445345,0.8198938793896317,0.257122790990791,0.4634243273407509,0.557800583155248,0.044680198047633124,0.9849467013018248,0.2630943850003359,0.5693554795954533,0.8655657319029587,0.7289718445186749,0.7705733526076671,0.7550176409563714,0.741601107260609,0.7793478234961455,0.7625922784042191,186.39401636513858,17.15980405359352,5.02259612776749
92119,23468.6,58.642312767497245,58.642312767497245,0.6185539141501503,0.5152183581492703,0.4250304884156712,0.6634904956891344,0.7222011546391084,0.46409506534633643,0.6963724173351361,1.0,1.0,1.0,1.0,0.9995186750444874,1.0,1.0,1.0,0.5864231276749725,390.5597048699095,121428.78601087532,5.666638754330623,3.151985302373054,55.30084667140303,242.52454550645768,84.61376014557962,2.862459160010502,5596.342920876525,674.2563652645586,14.995119012906153,11.139314360352735,46.65446689115314,3.5486086736325158,7.843366717589597,69.24446860995991,16.365251295347388,3.1370930683684266,11.325026631049086,15.511163337562534,4.85433561404262,33.35825248003871,94.46743532686087,114.01893142120298,56.44127348665104,55.31655778945889,69.77251899099296,19.847112904885865,0.5893784114720614,0.6001619002741864,0.6214479067228564,0.6632274381314968,0.6711510072962367,0.34596714438957793,0.5029090539983717,0.5408462269128954,0.17950886402689573,0.23882242683012897,0.6890216279599602,0.5927690348456995,0.7108457252418785,0.6242710972947303,0.6709788161800241,0.6478663440399052,0.6719632031443796,0.6502361290661515,0.7819829839189952,0.78509379906525,0.41478741693533744,0.5600563797152242,0.4174413993884476,0.6856985594695216,0.6997177759402403,0.7043286410989186,0.6797493973128755,0.712367712854124,171.36917151766653,11.380718108120242,5.921810815449958
92120,30570.22,60.38042961516853,60.38042961516853,0.5538870888425108,0.5583283042683379,0.4990373543567983,0.5961024474533673,0.593294745693136,0.5885098981157524,0.8374702343318944,1.0,1.0,1.0,1.0,1.0,1.0,1.0,1.0,0.6038042961516854,482.50630490441745,127174.31353247917,5.915858113630403,5.003189606354353,59.89769930771379,341.00113360351105,84.42041659695347,5.4690540315835845,5175.764472350975,578.7546521958761,15.543784709827491,10.774264497814448,50.77249479626759,2.141764490668087,14.177604774835059,67.3039623989742,17.731077516262115,5.213553514993302,22.322635587031066,27.821592515383198,3.6284834260979504,32.700941889107284,96.66997431170108,172.88043091885532,85.0863256195875,83.75837569202359,111.4027246871767,30.90505533788912,0.5526356436556122,0.6434973294520462,0.4699752822700006,0.5494400999923845,0.7363983415285436,0.4663717071466382,0.5013508270187746,0.5291923413793947,0.3222872938947527,0.3481180989285875,0.675556270881109,0.6501877537227434,0.59932284152065,0.7418986355779379,0.4128059447923417,0.6303823679225393,0.6429323520460476,0.5016952189230408,0.6072920956601308,0.6212593161433249,0.5723747668002045,0.5916529771859385,0.6015019503611136,0.8210377450840182,0.8378092209438586,0.8497933488009073,0.8169712348075677,0.8617396220231204,200.13344274110318,18.040590927513982,6.606824222016114
92121,9705.93,54.58403655894504,54.58403655894504,0.6181791958795354,0.6425638998288705,0.6311331040793259,0.5408803710449515,0.4112732437265719,0.7201855657273349,0.2566671788395638,0.9996062188305552,1.0,1.0,1.0,0.9987239719866402,1.0,1.0,1.0,0.5458403655894506,434.7436289510802,146894.80968758903,4.986748570837033,2.311119036703559,67.00545617712817,611.6402803974339,80.74595274184227,0.22131502513797707,4748.521533018147,420.97843376943644,14.606028017809841,8.99064292610198,39.33625378286081,2.441126776765756,20.448648623969557,54.149161785205344,14.375507985226463,5.1923843469671676,48.25336420926871,56.89543677987689,4.74214524704597,22.339281629853545,98.31367748758073,26.48882555695222,13.725783836677957,11.326768741592472,12.774031674522327,2.6868250943109966,0.4512304759951573,0.7407210110423182,0.539201522100089,0.7417056875669007,0.8280920219272474,0.7561710718062934,0.3994155053639852,0.5865770002179561,0.35405893835612867,0.5470503480467644,0.7212208985684326,0.902202231345978,0.798613775595676,0.686415087591709,0.20484142568836772,0.4736511953040532,0.7198260969793118,0.4894370575832686,0.19124321629864457,0.2424713191426603,0.5326924393441604,0.8498159739404334,0.7780482838974111,0.25163426988558873,0.26648683869308537,0.2561840949159897,0.26676028550598285,0.24227040519717258,45.5725909002583,0.9284622591193253,6.699793031515844
92122,45480.94,53.79797003446004,53.79797003446004,0.4820142170009489,0.6915439908227382,0.6346896022076028,0.3802812290654141,0.5019523757193638,0.6261596782383719,0.4492168093577623,1.0,1.0,1.0,1.0,0.9082249826007701,1.0,1.0,1.0,0.5379797003446003,955.3103502604306,111581.71604451654,5.787776767174031,2.2128871429247137,74.67890219730093,537.2895228457422,83.82283852855876,0.1432142180781355,4257.005248704827,329.97441495412534,15.805039760866597,9.344022988346891,55.09526317944529,5.186739622867864,27.06062808945379,35.58583953091709,25.19173241280695,7.052958979557016,24.031601202962747,20.682693720856776,8.846970570642059,17.759985446353603,97.04920013093805,50.0622760154046,24.780687694862493,22.893985598696524,27.056352570039994,6.2774957208162485,0.23119972193710453,0.4765381903951875,0.4659577193115762,0.7543612363599271,0.9164752031421571,0.6596131835166256,0.5254263217916458,0.6646612548405241,0.43070514766556756,0.684916293891277,0.5801295636925525,0.8430074035810143,0.5099943165689305,0.5302122643447813,0.18941865263768567,0.2914996827102589,0.5087836815479098,0.39409973890891026,0.5427364355813182,0.7148513623309464,0.3037686851615381,0.8935413781083156,0.6811689714452625,0.457149069511775,0.4854544982510091,0.4444083133605425,0.4584119367918695,0.4006602288736159,79.16650399864245,3.208536290422445,7.478575295570159
92123,33098.34,56.0529180611373,56.0529180611373,0.4603861919845265,0.5939197582500341,0.43132716378892466,0.4364536783226364,0.4242310481855467,0.7566976570662427,0.8206887666816998,1.0,1.0,1.0,1.0,0.9629908008708996,1.0,1.0,1.0,0.5605291806113728,436.35228971675065,125680.19664991305,7.2522526883764895,7.294197620712913,49.54379632198749,683.316370158682,77.8550493558939,0.7654908301048929,4785.399173387581,672.5405254145659,17.01525901888954,10.212428479090242,52.27290104880477,4.4859861650242125,18.169470756882113,42.883315434815046,30.320103464410415,5.933660561546682,21.45047176480387,59.62163467118389,2.752163471229023,21.871790859372755,98.29063170275226,169.15057208347517,80.57212007014212,81.74137566496216,109.19617812040717,27.96886749944206,0.45445244568591114,0.6342727780466828,0.3469358150857794,0.4058837291197327,0.5966327366109464,0.8105368385474981,0.347877223402839,0.6206322344388528,0.28866667424029385,0.2652770045108562,0.43549481418320474,0.7358701622213443,0.5916572840541359,0.5612342972480274,0.25656578281784986,0.3363573491705325,0.39086240760673824,0.445154994381097,0.5617591327081451,0.22387092411752407,0.6439156139335164,0.8553836661666782,0.7707936910985332,0.8131471267949479,0.8156865793875224,0.8403885191026246,0.8128706026445469,0.8213510054788565,191.11768116383365,16.100814282043956,7.639311855928841
92124,31268.41,59.678528979445254,59.678528979445254,0.5234349114446596,0.5474816587008683,0.5657728605824671,0.4698647503651575,0.57118054041306,0.7305911574675189,0.7691711495874367,0.9999885397634659,1.0,1.0,1.0,0.9999986744286105,1.0,1.0,1.0,0.5967852897944524,282.07200292362654,119051.7943515797,6.144839100360089,5.761197446364671,53.06787020450828,518.5678070031045,81.27962652059884,3.383853063157212,4311.773471921396,422.50455260829045,17.521452275696156,10.155942200759826,64.01969272662384,2.7530338952334596,15.483799579858193,42.724757216261345,19.830179290537664,8.225731535316141,14.587781298922431,32.71438037799259,1.9723341675778103,24.7129828219206,97.52396807177958,145.2020118345407,70.9725209543655,69.86549541331853,93.23635321006377,24.708206070831796,0.6070412566927235,0.5701777288139279,0.4394606121021271,0.4770529884476296,0.6428435730411298,0.6883769292552443,0.3801162332402169,0.47858989926688167,0.42294833782710906,0.5826785506497766,0.516335155254629,0.7411293985983534,0.3994672368839823,0.6920155128786993,0.40882615299001157,0.379150098707937,0.6009940944824659,0.3974582127965318,0.7370851258176722,0.5491843010328167,0.7221009894605218,0.7846819902247109,0.6849904927173239,0.7597819593869142,0.7718587896140657,0.7790047517110287,0.7580097646472236,0.7772004825779514,192.15200496181845,13.436214292658187,7.839567021097309
92126,65538.5,53.69834241531993,53.69834241531993,0.5995632745549049,0.5945472833785341,0.5575662808790728,0.5003994542351334,0.6277163445945008,0.640108068375682,0.23898326305456696,1.0,1.0,1.0,1.0,0.9788009166690772,1.0,1.0,1.0,0.5369834241531993,331.1979411978244,133496.00072133492,4.915175393194234,4.070881801685595,49.99179533752354,572.0076535814853,85.71298270913663,5.1603929784498215,4701.613134280041,542.8977221869981,14.430065748965367,10.055296470487852,45.83210854678884,7.323576475203466,14.691005371660612,56.05074776323997,18.504320148042062,4.180400943859027,18.835499299694956,21.234052907837466,4.353620371624693,27.821590175653352,97.60314509192389,23.157771818944838,12.723876046762538,11.127108476175092,10.987800742615603,2.942602598330372,0.5396936940656339,0.6738610901859322,0.5919220309925021,0.5927762829755515,0.6025129757320863,0.7630273551365168,0.5527810463525521,0.45986775629298104,0.3404364073547256,0.38373769892751763,0.7527394506656944,0.7533515665683538,0.6993286159422548,0.4038939570755437,0.412183831231996,0.4861914126907395,0.6221807921347051,0.5794506946304765,0.6056553487344488,0.711616099195706,0.5041116691049755,0.7052135575680214,0.710998978454049,0.2203031014399524,0.23708955946734206,0.25066627657551177,0.22861050405233507,0.2582468737376937,41.44638357223337,1.462569007615606,7.114401454346747
92127,48695.15,57.65587173375264,57.65587173375264,0.7254227971729377,0.5862063157203442,0.664900548089473,0.6038037770043426,0.7488496992578305,0.5495846660813579,0.15714321803639902,0.9934004891429316,0.9997531007239677,1.0,1.0,0.771108175974896,1.0,1.0,1.0,0.5765587173375263,261.4558457266066,192392.98989108918,3.7446151139074324,4.801504114160885,73.16046345793686,274.37101576521957,81.95111405246385,2.0563350657986383,6315.30735641001,368.4454170343404,12.986125293056743,8.657907627561924,52.59427011787108,3.535758513811533,10.949566024070805,73.59391828129708,14.73578159455473,2.8972139889256665,8.950037759806127,36.362717431634145,2.6828889185433633,44.51938974393296,97.39014839416424,15.258929462954358,9.801556055816802,4.903829311188221,7.5291970879917445,0.6095354494039992,0.6455609018809964,0.911937583580597,0.7475946434101011,0.6020759728086483,0.8911789946871957,0.3981912076711791,0.4829186374380387,0.5728418386100521,0.23274072078512606,0.6255634775166029,0.894837515450643,0.9064604786055195,0.5258435617222894,0.6417870437979902,0.5438221539035041,0.7037623485935867,0.7042411958408707,0.7002251044862591,0.8501464167811826,0.4884088798898229,0.6380923623468768,0.3168202054172506,0.6938414304799458,0.1615196383685403,0.18305269278254171,0.13494232540028814,0.1807302867355631,0.12547114689506192,26.392704499284562,1.6313397186723202,4.605288801818824
92128,46778.52,54.597410539523196,54.597410539523196,0.6696910428041777,0.5700960254544436,0.6322293987832107,0.5629203324633584,0.6868622181988349,0.5706206923661816,0.12939902769641623,1.0,0.9859688049915709,1.0,1.0,0.8910532769768391,1.0,1.0,1.0,0.5459741053952318,191.03199809008794,136045.53240684263,4.800346258796051,3.0485301979629678,64.2740291920635,320.23871643539087,83.56086814156737,5.333902934131489,4450.660886847775,459.01479962678764,13.015306323183225,10.05393374634137,52.38531819349301,2.955108648330138,15.472641718937162,65.69244649877069,14.750805637957516,4.340875002748619,15.34772832276588,16.90574560877083,3.1861887496363073,34.5328033580065,95.96141372223516,12.415213447247778,8.874703136148728,4.3437608477602945,5.45763343443192,0.5602178110105174,0.7360520867713753,0.6794501734199676,0.5847769178029452,0.6784849932224228,0.7938593365734272,0.4583302188014733,0.4825832647086448,0.562380810757915,0.3934411107072089,0.508866624567718,0.8706367084078894,0.7559731514500267,0.6006426409786024,0.6973953976596978,0.34659766275234394,0.6070456284627891,0.7042982186033192,0.5600290461154068,0.7440921494852473,0.7666928351372468,0.6288550564929484,0.5401580790870487,0.5428489415185478,0.1235252136585758,0.1537184254345511,0.11394029902907349,0.13788713829909124,0.11792406206078951,20.161424258973117,1.7347537691176425,4.81048099993687
92129,58165.24,57.94225904700388,57.94225904700388,0.6593709062755917,0.5803878359940271,0.6307339233521899,0.6110025280283854,0.7064912108895641,0.7523874469073484,0.11558428184316416,0.9997573207363059,1.0,1.0,1.0,0.9421007661791716,1.0,1.0,1.0,0.5794225904700386,219.58784102447817,161584.41806990633,5.342906943472667,4.0030130388162,66.37267633658504,388.8412374178113,86.36873407690408,6.236269360272086,4925.532493242218,409.8405833606652,13.678104471085971,9.465730960467377,54.891209185074366,3.432040242465498,9.285902384034804,69.46119340722271,14.903534845455367,4.078440965252015,10.91998676778901,14.721115863225153,1.7090134091146152,30.720742483852103,98.82556118861723,12.15896821947959,8.222998413841935,4.016564512363847,4.477109564235155,0.46363067198508023,0.7101466626848638,0.7972164537371285,0.5102322502266249,0.6200301546898092,0.8171007010165506,0.4976751456455218,0.5625873501724593,0.44418814714157656,0.31160891696595144,0.5653572644985349,0.814491319129241,0.8314781928150323,0.5166756619787685,0.635003106545889,0.6312705101846972,0.6610608334041865,0.7048802728517979,0.5626356211655801,0.7931238778577046,0.7965019247082805,0.7838800664969701,0.6397022368513019,0.8335800373737731,0.11986455165237564,0.13759326626211354,0.10358797124259442,0.11785523295777929,0.09902038710095779,20.589236627252596,0.8974709349808951,5.474755215914083
92130,59147.45,58.78621729823139,58.78621729823139,0.6816053195758837,0.6009549493501609,0.7225446402490421,0.5577315185261458,0.6607031577063887,0.7889567139384042,0.10253891153017278,0.9163525159677469,1.0,1.0,1.0,0.8384913138590497,1.0,1.0,1.0,0.587862172982314,253.7120634066161,182125.3108812726,3.967307069869922,4.466755961936902,81.9377303096901,325.2306765592023,80.03147470030324,0.5583279746091787,5384.997860176882,291.22458406431934,12.851231634093493,8.37523837372984,53.365427509245364,2.565466644339136,15.059270882923245,63.02810505053509,15.634551731961542,6.725711690079798,10.512179507668268,9.734115637636496,2.7814724395700616,21.922452375495446,99.24317970406818,11.912566438479747,6.706467039392825,4.389389222208652,3.8914473798586684,0.29680885753911235,0.6466126720295282,0.9114464144983765,0.7048903192974049,0.5575288080418589,0.9666295487301301,0.4358524095949613,0.34427868612604323,0.6570591529495091,0.3199615611901291,0.7313870588233687,0.8975090705074251,0.9413208704752448,0.5501190017943273,0.7000165685098451,0.4016210569746158,0.5791694468257949,0.691836921627662,0.4146985675712681,0.8131175925977393,0.8612149694742738,0.6334109501713113,0.8466105841252679,0.8868486075186331,0.11163231421121186,0.1086237677943761,0.10784533577535906,0.10741413560287832,0.07717900426703847,22.255267428948404,0.3440453980984993,4.33494070825595
92131,30673.33,60.79052970260669,60.79052970260669,0.7353595256220682,0.5366733158046291,0.6765295651123863,0.6679689789207316,0.73081599854312,0.6913651996327029,0.21662449554682928,0.9844959046907447,1.0,1.0,1.0,0.9809187126681803,1.0,1.0,1.0,0.6079052970260667,154.37307915566507,181511.06288269447,3.8470884045066214,4.07854345067379,71.16928495327704,228.7879436444315,81.94005357683864,2.3878732214361986,4882.651992023757,387.11341375495186,12.894642559258033,8.949336825368764,48.681055898002995,2.9317460571569978,9.113893690072127,78.59905019644991,12.465244592924872,3.076024122767541,10.84612939254506,21.347077221389362,2.8996606570189383,30.17389619668114,98.37777269820627,19.894304616481097,11.143839623453445,9.501813853301528,9.964970366048968,2.8687660178811067,0.7909469985193149,0.8946107409261714,0.6841720775958359,0.5822776311734323,0.879778093045267,0.32265982925186004,0.3992978362233065,0.544957504698083,0.29409073678139347,0.6126981709797693,0.9032868302100467,0.8960425224783354,0.6467047997605481,0.6561235095013316,0.6008996160906065,0.7681479903304401,0.7606354211091747,0.6637890131942403,0.7940733564061018,0.7019664101349813,0.624117510895526,0.6666159628635292,0.7833621251390535,0.19656063860073777,0.20433284446121622,0.21972295534237907,0.21332748548314212,0.24917855384667098,37.2818358520231,1.4009279834186779,4.439044880189209
92134,88.33,65.14016105252973,65.14016105252973,0.6797656557706536,0.340901700323208,0.7624356697001019,0.504915528434668,0.4778032478411403,0.8597845196882482,0.9342049519190603,0.8216504421886714,0.9283495578113286,1.0,1.0,0.9283495578113286,1.0,1.0,1.0,0.6514016105252972,70.21743334489803,104896.0,24.65678233859724,0.11464070750187434,56.559453075712625,61.56346885071225,22.62884596147773,0.0,611.8051128775265,68.49782273236991,20.965748679970012,6.931145129388589,18.10680333440819,0.0,23.602081234295458,16.147509338753633,2.20462899042066,3.9012856968599325,153.2289258944311,57.84691973,1.4319073765606902,17.406104838876914,99.07476754129925,224.17601991483028,101.58917477890566,99.39252433671699,150.62111726169823,36.69587389452832,0.8914294981326752,0.45908460471567264,0.2729354718794624,0.9569332656760504,0.6885259214376561,0.06044496322592293,0.013462600328002457,0.6955617198335646,0.9720346298165451,0.9482963222770587,0.156698681035436,0.9727130456713672,0.8057430125225408,0.9501366120218578,0.1233350672359419,0.14044742195833146,0.9545478803756986,0.6960617423670747,0.01670801277207053,0.211214953271028,0.8005160435209996,0.9179297100895629,0.8609078054541822,0.9364097453357573,0.918005559493715,0.9273090861092137,0.9483276497836722,0.9409727188729424,197.14019469373594,24.606699115622657,8.39751504748688
92135,2014.76,59.24718908262532,59.24718908262532,0.40455834557512277,0.5335158926072524,0.7478969574881139,0.3147776596277839,0.5182245873332227,0.9077163500786659,0.7206134430736099,1.0,1.0,1.0,1.0,1.0,1.0,1.0,1.0,0.5924718908262532,1.4184981125639509,112285.65055858844,16.544586845629436,16.13897917848703,35.86491994795991,425.74522504841474,80.5632597760081,0.06303167352850096,159.31600646379107,41.4765500130807,22.377592383438547,6.943701756747057,65.31911258524126,0.009118478790045605,37.203124243959444,0.9058120088438103,63.593392954328465,0.28260846839382825,0.0013722639784542446,67.72197785727445,0.05501707605675153,24.857374704197845,99.96480892540505,131.4796959425969,59.215341812908356,55.33997803606562,87.04872272696949,20.17274495658849,0.9909194396249547,0.532590852749901,0.024919619330314984,0.06980347059532052,0.4188939892874603,0.6817532824563679,0.34070620715868305,0.6927100915264984,0.9859181383079018,0.9816372585816018,0.032383640877185677,0.9916487921857661,0.27636988600957635,0.9490705057243423,0.020357665150227734,0.013312581626989036,0.03197831534266425,0.9289550033803022,0.9904286055890898,0.12153642502083438,0.962056943998104,0.7965983650159862,0.9644937412219071,0.7265073619853296,0.7154909908094618,0.7053614637284705,0.7427244588024886,0.712982940042299,179.10196577623387,13.048120904701427,10.910995686896078
92136,5532.03,52.47060360979835,52.47060360979835,0.7850914301195364,0.5539596766240895,0.5159790107561076,0.24648143664036973,0.2778728776470881,0.4778683097687618,0.8156895111299306,0.8198981764466627,1.0,1.0,1.0,0.8198981764466627,1.0,1.0,1.0,0.5247060360979835,123.2382289553496,54548.3453696965,4.180629217157333,1.0477542706161385,33.062662597242,1028.9855503309386,83.43371269503241,2.6774494375274878,542.3590886207877,73.85985237281129,28.1164946208806,15.42079175319163,87.66988468391175,6.577887289230821,27.597820875085922,5.9417500588555745,11.51765671937848,34.26369071120872,31.889396503686015,93.08601715867614,74.81113541068757,29.94552606610969,95.73266927171368,175.1182138139914,81.06529312997911,71.97959513343359,116.7696046319228,27.123567503834202,0.8224521484958537,0.05667403998476356,0.7285366896986499,0.8642610766411953,0.3673749994980409,0.9825472553545551,0.44815906338033507,0.4177573882634275,0.9761767120388086,0.9378504183586008,0.021914517099576786,0.12797439552744477,0.1533453244377131,0.7000339810963799,0.09509090881225361,0.03745553221513206,0.7836779564049309,0.0971064996547444,0.5911703578294115,0.010808373708508791,0.04705940867730085,0.6763232884554059,0.7102222321735786,0.8272848434052437,0.8209824469135025,0.7862367817022279,0.8352312197259855,0.8087122639026936,192.49696197638124,18.93693989771794,29.84213025033758
92139,34325.19,51.29755854479164,51.29755854479164,0.39663576581185134,0.49663171967489744,0.4368293713847401,0.46487090020527294,0.5429982190361754,0.5092386132059504,0.7436245088165265,1.0,1.0,1.0,1.0,1.0,1.0,1.0,1.0,0.5129755854479163,447.47966903277586,96735.82075619265,4.655539255702052,12.977815488449954,24.877860979889768,439.6195889633074,90.08144217668679,8.87164413884058,4496.389444950431,608.698062507094,16.105253705983795,12.091187708398449,62.142069885445906,9.755360027854788,8.707583003809718,57.890208760871175,28.820607420839305,5.630049953286936,15.996106350120774,25.935736762426014,3.9368742429108816,37.30456312930966,95.60260972008811,138.6046838689633,64.96508355728655,61.71618103478892,90.37751708324002,22.360879109719505,0.4265947609241434,0.3873720023433754,0.6063797146987198,0.1661965852811671,0.24230349267146514,0.6630333687738457,0.7161628762955543,0.36502714095872474,0.375043769292989,0.35713340453674913,0.5481805325373724,0.46695977917184994,0.38196493023783107,0.3298757886267053,0.6325701236891914,0.515072758267364,0.41009180156979735,0.48931409382210383,0.6444053029178249,0.6281816778349758,0.5275352102932108,0.48934612977994935,0.5108344995446911,0.7442321475511905,0.7428783231104606,0.7377780551386931,0.7469652445683653,0.7462687737139232,183.0021369702735,17.167823610088558,9.54772946950019
92140,2132.6,62.5700633013796,62.5700633013796,0.8744482021735626,0.42328487814505844,0.7490688053983119,0.023371250567143526,0.5785283375679484,0.9581979676481044,0.7730049895964414,0.5223888478459606,0.9992851666172203,1.0,0.2835832717689409,0.511703124128946,0.3631851304612808,1.0,1.0,0.6257006330137959,21.34800090007719,129482.12167316691,3.524151983384606,4.286169791933271,13.99157277361324,282.66284192844347,97.34037529817694,5.361001996867157,148.54077452282917,9.083387757262,21.888346650613734,7.413749421752327,64.8723931837038,6.044610650764096,40.832101960104936,41.416911952277125,10.752036342287619,1.0739199542286526,29.28860074916059,61.72796090790138,2.6747292253683894,13.731286868326375,99.46234458120371,155.37749446178964,69.60799782332647,66.34532860913139,101.7043602926337,23.1833498009804,0.9637753364407193,0.6791487319026437,0.7685843715472637,0.5518551123539672,0.06796292279182813,0.41815852485768384,0.9471389650912426,0.26022532450791286,0.9806270890869203,0.9895317291230102,0.044440588462317056,0.9816758149209995,0.2964710911328833,0.4007224548762542,0.020752290866073383,0.3190944454843804,0.7991176767303257,0.9017429418058558,0.9423528308180441,0.17551329891218165,0.630362371123363,0.9596848783701419,0.9206252609922286,0.7852672527130626,0.773747325022654,0.7695887268187096,0.7843915455967332,0.752030097831047,186.60162635711703,14.386477703499194,12.157410630798669
92145,8294.55,55.34957997818306,55.34957997818306,0.6035627608864302,0.44705313081046577,0.6026596650876136,0.49279208532761476,0.5547718221729602,0.7309303162356153,0.4427008179521144,0.8650108181146225,1.0,1.0,1.0,0.9999728457018485,1.0,1.0,1.0,0.5534957997818305,200.1339464576958,90460.10198443284,4.15609016725561,5.226779993789924,57.369430074566964,261.04563415999013,75.72221259782026,2.6821939799574164,4174.550751181667,558.1980150348024,16.61905228522439,8.118162565303193,66.70357058772527,1.2580523963102153,18.775960740211186,42.88629975708228,10.731227007168007,9.576568929132115,7.489684824610651,49.467167687462,0.03363319241815468,34.62501188875178,97.88217695466453,51.086650091889666,26.845393995697012,24.308400193748128,29.652339408346354,7.949064421864926,0.7173331439619709,0.34171870323216197,0.6527366775288559,0.4959486445204129,0.6879579829321025,0.37984044036980286,0.22933576631483557,0.4910783336251224,0.4741989871574022,0.4665170341639965,0.5273776271747648,0.9425450118542904,0.36468169539018336,0.8041389904367394,0.38350165674706244,0.41884599873647377,0.7974567809172541,0.17574236840791999,0.9005346943599637,0.34529246798879226,0.9637077225125971,0.49974157472717545,0.729341651467073,0.4150179609774701,0.4383454540658406,0.4493406189490639,0.4404672404663445,0.4703328153018525,86.25473627755737,4.076924995879562,6.863257358362398
92154,82332.53,41.49813398079233,41.49813398079233,0.3785974039332417,0.46385301503853654,0.364154202348168,0.46346619521761057,0.416370775903586,0.41717180925650943,0.4001693663722966,0.9769272036811564,1.0,1.0,0.9769272036811564,0.9304287301046312,0.969236271574875,1.0,0.9956051816535537,0.41498133980792323,560.0479137398358,97059.68498845874,8.122519065603885,9.54544264332367,21.15770807219951,445.7525150312993,88.67368541744537,10.166689195299156,4607.271199147277,589.4735811511816,16.802497546256134,13.851228926136512,61.90470516555566,11.346361462457509,8.489856946940662,61.212678994065875,31.666267524233966,5.478948254413027,25.646206660089437,50.67765296807081,4.517481283804284,43.64126777837145,94.53788773306857,43.27830239733608,20.7717190319506,17.802890172443504,25.2344531920439,5.074057565904682,0.4448112403085377,0.39296714614235384,0.31205569489321616,0.3039942160217357,0.18417023749057337,0.6336817816773307,0.6570953456701777,0.3804646953160642,0.3473775015413356,0.33868929386889624,0.4645775928276317,0.30597242115480855,0.40413158302487723,0.25736099070058704,0.6707964517638082,0.5535558261232936,0.3754617736329363,0.48141431651222727,0.4564709601332223,0.3304922782216383,0.48436808067844866,0.30186894592768176,0.46527840116339786,0.4179076524799606,0.4219776510894922,0.3684328472760722,0.4422711270286278,0.35025755398732994,58.16000892928416,7.314893133578275,11.650570514293781
92155,153.93,57.925400871261935,57.925400871261935,0.6044497321444924,0.4255078605757405,0.7441200767959829,0.3106285041656769,0.5195279935486699,0.6931490497957644,0.7573948439620082,1.0,1.0,1.0,1.0,1.0,1.0,1.0,1.0,0.5792540087126193,309.0,111076.0,4.7,1.8999999999999997,45.9,335.0,80.5,4.102564102564102,1723.0000000000002,146.0,18.3,9.6,75.0,0.6349206349206349,35.24590163934426,35.55555555555556,4.864864864864865,52.84431137724551,0.0,64.13192284,2.857142857142857,18.006872852233677,96.4021164021164,147.0,67.75,60.5,98.125,23.0,0.5379918588873813,0.5159500693481276,0.5783378746594006,0.7855191256830601,0.5483651226158038,0.5284938941655359,0.326975476839237,0.2981969486823855,0.9552238805970148,0.9382632293080054,0.24693877551020396,0.8360544217687074,0.0978112175102599,0.8702185792349727,0.0258503401360544,0.24863387978142074,0.931129476584022,0.0013661202185791,0.9904761904761903,0.1551401869158878,0.5983606557377049,0.9223433242506813,0.5587431693989071,0.76797829036635,0.7672998643147897,0.7293080054274084,0.7747625508819539,0.7476255088195387,187.0,18.125,8.0
92161,490.77,36.64458655706865,36.64458655706865,0.2814279368063906,0.7076721653241681,0.2499704630834694,0.2268354139215732,0.5144166855971617,0.3297101988753393,0.2550881953867028,1.0,1.0,1.0,1.0,1.0,1.0,1.0,1.0,0.3664458655706865,259.0,41840.0,14.6,5.3,86.2,780.0,75.5,0.0,10778.0,984.0,25.9,8.4,67.45283018867924,2.9723991507431,36.125089863407624,2.335456475583864,38.46153846153847,3.0864197530864197,7.813903359080294,52.23397635,28.45010615711253,11.757105943152457,69.21443736730362,28.125,15.25,12.125,13.75,1.625,0.6085481682496607,0.0124826629680998,0.0367847411444142,0.4678961748633879,0.9918256130790192,0.9389416553595658,0.2043596730245231,0.6955617198335645,0.0027137042062415,0.0407055630936228,0.0040816326530612,0.9523809523809524,0.2393980848153214,0.6325136612021858,0.0217687074829932,0.013661202185792299,0.2300275482093664,0.662568306010929,0.8884353741496599,0.2766355140186916,0.0095628415300546,0.9782016348773842,0.0013661202185792,0.2598371777476255,0.2924016282225237,0.2645861601085482,0.2754409769335142,0.1831750339213025,49.0,1.625,14.9
92173,26643.39,30.18638919320608,30.18638919320608,0.16557451269399423,0.49808171658148004,0.24934447965519077,0.3507699476594336,0.3786424677276929,0.20669119050343804,0.2639429287031961,1.0,1.0,1.0,1.0,0.9999966001325895,1.0,1.0,1.0,0.30186389193206076,779.4054828927227,71025.44947036255,13.092678357632861,14.764252874759817,10.335749663959236,410.96476807657973,94.41313712524398,5.131410147505025,4658.865848954446,656.4448518879692,18.23827097731303,16.536921371225603,61.658078923952715,22.918999640839715,7.768718235999887,35.64883140469099,37.78574354225783,4.951130507764917,38.92064842335464,44.655000669098534,10.005044679635645,46.242691392229034,87.92100952696832,29.48057680685202,13.532978488873718,13.13030316513057,14.517011846419516,2.3576901193845083,0.23351634173575989,0.19333943054681918,0.12121478522045466,0.11422749327294311,0.03449840141693394,0.6605950759542362,0.8529500800096507,0.4442833089450993,0.3390549006289968,0.30980475115721035,0.26277959187209854,0.08573867496245756,0.38611690224279155,0.08196025021417701,0.6773559072310007,0.25764673094976526,0.27805228066586113,0.5254149733777742,0.3310339203035196,0.38006953463990584,0.23724889649871925,0.2555906220728989,0.127234052938696,0.27411650870736326,0.2557414076716781,0.2895718980286749,0.2885099997154429,0.2117748293928211,32.94266715435067,6.335851531758491,15.234882749759556
92182,2193.12,47.146742203450394,47.146742203450394,0.3915221778055357,0.5354031372246213,0.2563648698189764,0.29012883337909307,0.427592484920075,0.4893434993741173,0.9099169517191086,1.0,1.0,1.0,1.0,1.0,1.0,1.0,1.0,0.47146742203450387,1534.6336306397998,100128.0602120308,10.847578209994978,1.7141406697445367,56.75043538516627,340.7162490957309,79.3536568009766,0.11662205716127824,6706.3011498999895,598.9812631595806,27.56030458959593,11.511642052917274,69.97721904403353,4.361888850948867,37.166667148871426,44.42704817718469,11.143134427524023,27.908170502278825,19.3892047662149,49.62026979990224,6.973486839464445,23.805238413608198,94.22405021125172,205.04047875831668,102.68346717702431,97.56351977826321,134.54480261200797,36.326721363940514,0.19581985079102884,0.4383890585705374,0.1284396357398606,0.8034401661207159,0.6914642529337243,0.46180808077568725,0.296447423180562,0.6918927920085115,0.13514229965742292,0.33575722299248917,0.006832275039160515,0.5477276815868329,0.19217520873471391,0.568652673741881,0.023789870011941168,0.37589758102783616,0.7922383990144044,0.048453594447735775,0.5613327549173659,0.30834519130079385,0.3357348141339052,0.7851981911658769,0.34709749282256985,0.8905331486355758,0.9203172940949303,0.920334257378386,0.8871077179731227,0.9312923405135284,203.1985184661151,20.323441053266414,17.495842341269945
92259,235.45,47.583950190668844,47.583950190668844,0.5657030064806191,0.4316202178948221,0.6042910334378996,0.7964150397632054,0.42824554526653763,0.48804807484566254,0.0165535956580732,1.0,1.0,1.0,1.0,0.7500000000000001,1.0,1.0,1.0,0.4758395019066885,164.25814897627276,63920.14573679103,5.05805442370164,2.306380965911479,19.328572468155606,68.64129801453223,96.57143480893366,3.208369711892262,1813.495270635816,302.3768189623835,15.347111466659522,16.35531868444111,38.290666435449864,1.4119570902398189,1.0497579027610304,67.77202007286401,19.66027118478143,37.45148681325211,17.686140447663448,,3.7321957277915714,41.26718250526217,94.52404913424466,0.0,0.0,0.0,0.0,0.0,0.8605372439634039,0.0985333759080546,0.5290410598852321,0.7747003461657861,0.1566240051671539,0.060928375495841396,0.892368688829681,0.6165598020866123,0.9462888851099476,0.7383977989656456,0.6584539054481404,0.07402354422786445,0.8209307899690966,0.7913864649267117,0.9528834846062827,0.6204594195507307,0.6104022952768887,0.08024385800349385,0.5940904825192304,,0.4993232019431673,0.3847097609048621,0.5801112616889584,0.0033921302578017996,0.0040705563093622,0.0115332428765264,0.0169606512890094,0.046811397557666196,0.0,0.0,7.920059662214125
92536,288.64,32.11770376745016,32.11770376745016,0.46998734287980254,0.127814276448455,0.5156486145397058,0.4872580244474877,0.36171980197156145,0.2692555202428343,0.01655568319166425,1.0,1.0,1.0,1.0,0.999908421889488,1.0,1.0,1.0,0.32117703767450156,549.8329615264261,67950.36414385645,4.202197874652289,1.5024176621175174,26.10395617437412,131.96739819265773,66.41230809805282,39.98534750231808,2622.5820375036233,405.91135238902433,16.098827800185447,15.399267375115905,96.02568833485462,2.9024376923117305,10.488913860809552,81.12289827960352,50.01002998353227,20.240863372504283,11.745989214752367,32.27131301,2.5617248824173866,65.1525947615985,90.69512622170653,0.00032052338679206216,0.00013736716576802664,0.00018315622102403552,0.0,0.0,0.28312906742533084,0.12354890038147065,0.6421854197329703,0.8310859839794384,0.26572771205622175,0.13700080877518317,0.0902498836753963,0.01827870128701866,0.830446669513296,0.5571202473077419,0.5565916665612115,0.11843587477657352,0.005824237546867018,0.640823729191426,0.4950711365060053,0.8073129945456528,0.1060242775539566,0.03823885544938363,0.7700211790890443,0.5327102803738317,0.6270706986817051,0.024660403162892693,0.1560354588839052,0.003394615416838761,0.004072792952495466,0.01153895874231141,0.0169606512890094,0.0468113975576662,0.0007326248840961421,0.0,8.19908421889488
92672,1391.59,38.20650669930795,38.20650669930795,0.2653756194395072,0.5353696708703851,0.2696614330942689,0.1581210467412279,0.5590566815241443,0.854306566807125,0.0325644504748982,1.0,1.0,1.0,1.0,1.0,1.0,1.0,1.0,0.3820650669930795,1787.0,67156.0,10.9,1.4999999999999998,28.999999999999996,4624.0,85.2,2.937697160883281,16255.0,824.0,23.8,8.1,82.63251406573883,3.6378668871434474,36.72809079649149,1.047264709935235,2.7326440177252587,7.412605256442969,0.4701224792774959,92.80647169,2.039410224610721,13.13554346549767,99.37990905332781,2.25,1.75,0.5,0.625,0.0,0.005427408412483,0.1151178918169209,0.1096730245231607,0.8312841530054644,0.2970027247956403,1.0,0.5102179836512262,0.334257975034674,0.0013568521031207,0.0963364993215739,0.0095238095238094,0.9714285714285714,0.0355677154582763,0.5683060109289617,0.019047619047619,0.0095628415300546,0.9586776859504132,0.2923497267759563,0.979591836734694,0.0056074766355139,0.6885245901639344,0.971389645776567,0.9030054644808744,0.025101763907734005,0.0244233378561736,0.0271370420624151,0.039348710990502,0.0468113975576662,5.0,0.0,12.6
