cds,county_name,district_name,school_name,english_learner_students,source_note
37103710108548,San Diego,San Diego County Office of Education,Iftin Charter,291,"CDE English Learners by Grade and Language; summed across languages by school. School-based count, not resident tract estimate."
37103710114678,San Diego,San Diego County Office of Education,High Tech High Chula Vista,50,"CDE English Learners by Grade and Language; summed across languages by school. School-based count, not resident tract estimate."
37103710114694,San Diego,San Diego County Office of Education,High Tech High North County,3,"CDE English Learners by Grade and Language; summed across languages by school. School-based count, not resident tract estimate."
37103710115998,San Diego,San Diego County Office of Education,San Pasqual Academy,5,"CDE English Learners by Grade and Language; summed across languages by school. School-based count, not resident tract estimate."
37103710119271,San Diego,San Diego County Office of Education,High Tech Middle North County,23,"CDE English Learners by Grade and Language; summed across languages by school. School-based count, not resident tract estimate."
37103710120485,San Diego,San Diego County Office of Education,Davila Day,7,"CDE English Learners by Grade and Language; summed across languages by school. School-based count, not resident tract estimate."
37103710120493,San Diego,San Diego County Office of Education,Monarch,83,"CDE English Learners by Grade and Language; summed across languages by school. School-based count, not resident tract estimate."
37103710123042,San Diego,San Diego County Office of Education,High Tech Middle Chula Vista,44,"CDE English Learners by Grade and Language; summed across languages by school. School-based count, not resident tract estimate."
37103710123059,San Diego,San Diego County Office of Education,High Tech Elementary Chula Vista,88,"CDE English Learners by Grade and Language; summed across languages by school. School-based count, not resident tract estimate."
37103710124321,San Diego,San Diego County Office of Education,Howard Gardner Community Charter,104,"CDE English Learners by Grade and Language; summed across languages by school. School-based count, not resident tract estimate."
37103710127605,San Diego,San Diego County Office of Education,High Tech Elementary North County,55,"CDE English Learners by Grade and Language; summed across languages by school. School-based count, not resident tract estimate."
37103710128520,San Diego,San Diego County Office of Education,San Diego County Community,183,"CDE English Learners by Grade and Language; summed across languages by school. School-based count, not resident tract estimate."
37103710128538,San Diego,San Diego County Office of Education,San Diego County Court,41,"CDE English Learners by Grade and Language; summed across languages by school. School-based count, not resident tract estimate."
37103710134577,San Diego,San Diego County Office of Education,Audeo Charter II,24,"CDE English Learners by Grade and Language; summed across languages by school. School-based count, not resident tract estimate."
37103710136085,San Diego,San Diego County Office of Education,Scholarship Prep - Oceanside,89,"CDE English Learners by Grade and Language; summed across languages by school. School-based count, not resident tract estimate."
37103710136473,San Diego,San Diego County Office of Education,Altus Schools South Bay,84,"CDE English Learners by Grade and Language; summed across languages by school. School-based count, not resident tract estimate."
37103710137067,San Diego,San Diego County Office of Education,High Tech High Mesa,20,"CDE English Learners by Grade and Language; summed across languages by school. School-based count, not resident tract estimate."
37103710137695,San Diego,San Diego County Office of Education,Community Montessori,20,"CDE English Learners by Grade and Language; summed across languages by school. School-based count, not resident tract estimate."
37103710137752,San Diego,San Diego County Office of Education,Dimensions Collaborative,27,"CDE English Learners by Grade and Language; summed across languages by school. School-based count, not resident tract estimate."
37103710138016,San Diego,San Diego County Office of Education,Pacific Springs Charter,79,"CDE English Learners by Grade and Language; summed across languages by school. School-based count, not resident tract estimate."
37103710138404,San Diego,San Diego County Office of Education,Classical Academy Vista,3,"CDE English Learners by Grade and Language; summed across languages by school. School-based count, not resident tract estimate."
37103710138594,San Diego,San Diego County Office of Education,Dual Language Immersion North County,41,"CDE English Learners by Grade and Language; summed across languages by school. School-based count, not resident tract estimate."
37103710138768,San Diego,San Diego County Office of Education,High Tech Middle Mesa,20,"CDE English Learners by Grade and Language; summed across languages by school. School-based count, not resident tract estimate."
37103710138776,San Diego,San Diego County Office of Education,High Tech Elementary Mesa,46,"CDE English Learners by Grade and Language; summed across languages by school. School-based count, not resident tract estimate."
37103710138792,San Diego,San Diego County Office of Education,JCS - Manzanita,17,"CDE English Learners by Grade and Language; summed across languages by school. School-based count, not resident tract estimate."
37103711996545,San Diego,San Diego County Office of Education,North Coastal Consortium Schools,2,"CDE English Learners by Grade and Language; summed across languages by school. School-based count, not resident tract estimate."
37103716069355,San Diego,San Diego County Office of Education,San Diego County Special Education,9,"CDE English Learners by Grade and Language; summed across languages by school. School-based count, not resident tract estimate."
37103716119119,San Diego,San Diego County Office of Education,Literacy First Charter,450,"CDE English Learners by Grade and Language; summed across languages by school. School-based count, not resident tract estimate."
37679676037535,San Diego,Alpine Union Elementary,Joan MacQueen Middle,19,"CDE English Learners by Grade and Language; summed across languages by school. School-based count, not resident tract estimate."
37679676106256,San Diego,Alpine Union Elementary,Shadow Hills Elementary,31,"CDE English Learners by Grade and Language; summed across languages by school. School-based count, not resident tract estimate."
37679676109086,San Diego,Alpine Union Elementary,Boulder Oaks Elementary,18,"CDE English Learners by Grade and Language; summed across languages by school. School-based count, not resident tract estimate."
37679676109953,San Diego,Alpine Union Elementary,Mountain View Learning Academy,1,"CDE English Learners by Grade and Language; summed across languages by school. School-based count, not resident tract estimate."
37679676118723,San Diego,Alpine Union Elementary,Creekside Early Learning Center,8,"CDE English Learners by Grade and Language; summed across languages by school. School-based count, not resident tract estimate."
37679830134890,San Diego,Borrego Springs Unified,San Diego Workforce Innovation High,666,"CDE English Learners by Grade and Language; summed across languages by school. School-based count, not resident tract estimate."
37679833730447,San Diego,Borrego Springs Unified,Borrego Springs High,25,"CDE English Learners by Grade and Language; summed across languages by school. School-based count, not resident tract estimate."
37679836037550,San Diego,Borrego Springs Unified,Borrego Springs Elementary,81,"CDE English Learners by Grade and Language; summed across languages by school. School-based count, not resident tract estimate."
37679836115315,San Diego,Borrego Springs Unified,Borrego Springs Middle,26,"CDE English Learners by Grade and Language; summed across languages by school. School-based count, not resident tract estimate."
37679910000001,San Diego,Cajon Valley Union,"Nonpublic, Nonsectarian Schools",4,"CDE English Learners by Grade and Language; summed across languages by school. School-based count, not resident tract estimate."
37679910108563,San Diego,Cajon Valley Union,EJE Elementary Academy Charter,246,"CDE English Learners by Grade and Language; summed across languages by school. School-based count, not resident tract estimate."
37679910111005,San Diego,Cajon Valley Union,Los Coches Creek Middle,25,"CDE English Learners by Grade and Language; summed across languages by school. School-based count, not resident tract estimate."
37679910119255,San Diego,Cajon Valley Union,EJE Middle Academy,76,"CDE English Learners by Grade and Language; summed across languages by school. School-based count, not resident tract estimate."
37679910136176,San Diego,Cajon Valley Union,Empower,2,"CDE English Learners by Grade and Language; summed across languages by school. School-based count, not resident tract estimate."
37679910139394,San Diego,Cajon Valley Union,Kidinnu Academy,280,"CDE English Learners by Grade and Language; summed across languages by school. School-based count, not resident tract estimate."
37679910140558,San Diego,Cajon Valley Union,Bostonia Global,414,"CDE English Learners by Grade and Language; summed across languages by school. School-based count, not resident tract estimate."
37679916037568,San Diego,Cajon Valley Union,Anza Elementary,433,"CDE English Learners by Grade and Language; summed across languages by school. School-based count, not resident tract estimate."
37679916037584,San Diego,Cajon Valley Union,Cajon Valley Middle,617,"CDE English Learners by Grade and Language; summed across languages by school. School-based count, not resident tract estimate."
37679916037592,San Diego,Cajon Valley Union,Chase Avenue Elementary,363,"CDE English Learners by Grade and Language; summed across languages by school. School-based count, not resident tract estimate."
37679916037600,San Diego,Cajon Valley Union,Crest Elementary,12,"CDE English Learners by Grade and Language; summed across languages by school. School-based count, not resident tract estimate."
37679916037634,San Diego,Cajon Valley Union,Flying Hills School of Arts,92,"CDE English Learners by Grade and Language; summed across languages by school. School-based count, not resident tract estimate."
37679916037642,San Diego,Cajon Valley Union,Fuerte Elementary,48,"CDE English Learners by Grade and Language; summed across languages by school. School-based count, not resident tract estimate."
37679916037659,San Diego,Cajon Valley Union,Greenfield Middle,295,"CDE English Learners by Grade and Language; summed across languages by school. School-based count, not resident tract estimate."
37679916037675,San Diego,Cajon Valley Union,Johnson Elementary,423,"CDE English Learners by Grade and Language; summed across languages by school. School-based count, not resident tract estimate."
37679916037683,San Diego,Cajon Valley Union,Lexington Elementary,525,"CDE English Learners by Grade and Language; summed across languages by school. School-based count, not resident tract estimate."
37679916037691,San Diego,Cajon Valley Union,Madison Avenue Elementary,302,"CDE English Learners by Grade and Language; summed across languages by school. School-based count, not resident tract estimate."
37679916037709,San Diego,Cajon Valley Union,Magnolia Elementary,345,"CDE English Learners by Grade and Language; summed across languages by school. School-based count, not resident tract estimate."
37679916037717,San Diego,Cajon Valley Union,Meridian Elementary,274,"CDE English Learners by Grade and Language; summed across languages by school. School-based count, not resident tract estimate."
37679916037725,San Diego,Cajon Valley Union,Naranca Elementary,581,"CDE English Learners by Grade and Language; summed across languages by school. School-based count, not resident tract estimate."
37679916037733,San Diego,Cajon Valley Union,Rios Elementary,30,"CDE English Learners by Grade and Language; summed across languages by school. School-based count, not resident tract estimate."
37679916037741,San Diego,Cajon Valley Union,W. D. Hall Elementary,188,"CDE English Learners by Grade and Language; summed across languages by school. School-based count, not resident tract estimate."
37679916069082,San Diego,Cajon Valley Union,Avocado Elementary,93,"CDE English Learners by Grade and Language; summed across languages by school. School-based count, not resident tract estimate."
37679916093207,San Diego,Cajon Valley Union,Montgomery Middle,410,"CDE English Learners by Grade and Language; summed across languages by school. School-based count, not resident tract estimate."
37679916101794,San Diego,Cajon Valley Union,Vista Grande Elementary,112,"CDE English Learners by Grade and Language; summed across languages by school. School-based count, not resident tract estimate."
37679916106025,San Diego,Cajon Valley Union,Rancho San Diego Elementary,93,"CDE English Learners by Grade and Language; summed across languages by school. School-based count, not resident tract estimate."
37679916110787,San Diego,Cajon Valley Union,Jamacha Elementary,58,"CDE English Learners by Grade and Language; summed across languages by school. School-based count, not resident tract estimate."
37679916112148,San Diego,Cajon Valley Union,Blossom Valley Elementary,34,"CDE English Learners by Grade and Language; summed across languages by school. School-based count, not resident tract estimate."
37679916112890,San Diego,Cajon Valley Union,Hillsdale Middle,172,"CDE English Learners by Grade and Language; summed across languages by school. School-based count, not resident tract estimate."
37679916118319,San Diego,Cajon Valley Union,Cajon Valley Home,18,"CDE English Learners by Grade and Language; summed across languages by school. School-based count, not resident tract estimate."
37680076037758,San Diego,Cardiff Elementary,Ada W. Harris Elementary,17,"CDE English Learners by Grade and Language; summed across languages by school. School-based count, not resident tract estimate."
37680076037766,San Diego,Cardiff Elementary,Cardiff Elementary,9,"CDE English Learners by Grade and Language; summed across languages by school. School-based count, not resident tract estimate."
37680230000001,San Diego,Chula Vista Elementary,"Nonpublic, Nonsectarian Schools",5,"CDE English Learners by Grade and Language; summed across languages by school. School-based count, not resident tract estimate."
37680230101592,San Diego,Chula Vista Elementary,Hedenkamp (Anne and William) Elementary,157,"CDE English Learners by Grade and Language; summed across languages by school. School-based count, not resident tract estimate."
37680230105957,San Diego,Chula Vista Elementary,Liberty Elementary,101,"CDE English Learners by Grade and Language; summed across languages by school. School-based count, not resident tract estimate."
37680230105965,San Diego,Chula Vista Elementary,Salt Creek Elementary,143,"CDE English Learners by Grade and Language; summed across languages by school. School-based count, not resident tract estimate."
37680230108662,San Diego,Chula Vista Elementary,Veterans Elementary,135,"CDE English Learners by Grade and Language; summed across languages by school. School-based count, not resident tract estimate."
37680230114009,San Diego,Chula Vista Elementary,Wolf Canyon Elementary,155,"CDE English Learners by Grade and Language; summed across languages by school. School-based count, not resident tract estimate."
37680230119594,San Diego,Chula Vista Elementary,Leonardo da Vinci Health Sciences Charter,124,"CDE English Learners by Grade and Language; summed across languages by school. School-based count, not resident tract estimate."
37680230127431,San Diego,Chula Vista Elementary,Camarena (Enrique S.) Elementary,143,"CDE English Learners by Grade and Language; summed across languages by school. School-based count, not resident tract estimate."
37680230135277,San Diego,Chula Vista Elementary,Muraoka (Saburo) Elementary,119,"CDE English Learners by Grade and Language; summed across languages by school. School-based count, not resident tract estimate."
37680230138073,San Diego,Chula Vista Elementary,Learning Choice Academy - Chula Vista,63,"CDE English Learners by Grade and Language; summed across languages by school. School-based count, not resident tract estimate."
37680230141218,San Diego,Chula Vista Elementary,Fahari L. Jeffers Elementary,61,"CDE English Learners by Grade and Language; summed across languages by school. School-based count, not resident tract estimate."
37680230142471,San Diego,Chula Vista Elementary,Sonia Sotomayor Elementary,78,"CDE English Learners by Grade and Language; summed across languages by school. School-based count, not resident tract estimate."
37680236037824,San Diego,Chula Vista Elementary,Castle Park Elementary,129,"CDE English Learners by Grade and Language; summed across languages by school. School-based count, not resident tract estimate."
37680236037832,San Diego,Chula Vista Elementary,Allen (Ella B.) Elementary,59,"CDE English Learners by Grade and Language; summed across languages by school. School-based count, not resident tract estimate."
37680236037840,San Diego,Chula Vista Elementary,Rohr (Fred H.) Elementary,93,"CDE English Learners by Grade and Language; summed across languages by school. School-based count, not resident tract estimate."
37680236037857,San Diego,Chula Vista Elementary,Rogers (Greg) Elementary,91,"CDE English Learners by Grade and Language; summed across languages by school. School-based count, not resident tract estimate."
37680236037865,San Diego,Chula Vista Elementary,Halecrest Elementary,85,"CDE English Learners by Grade and Language; summed across languages by school. School-based count, not resident tract estimate."
37680236037873,San Diego,Chula Vista Elementary,Harborside Elementary,318,"CDE English Learners by Grade and Language; summed across languages by school. School-based count, not resident tract estimate."
37680236037881,San Diego,Chula Vista Elementary,Cook (Hazel Goes) Elementary,56,"CDE English Learners by Grade and Language; summed across languages by school. School-based count, not resident tract estimate."
37680236037899,San Diego,Chula Vista Elementary,Hilltop Drive Elementary,127,"CDE English Learners by Grade and Language; summed across languages by school. School-based count, not resident tract estimate."
37680236037907,San Diego,Chula Vista Elementary,Lauderbach (J. Calvin) Elementary,479,"CDE English Learners by Grade and Language; summed across languages by school. School-based count, not resident tract estimate."
37680236037915,San Diego,Chula Vista Elementary,Montgomery (John J.) Elementary,195,"CDE English Learners by Grade and Language; summed across languages by school. School-based count, not resident tract estimate."
37680236037923,San Diego,Chula Vista Elementary,Kellogg (Karl H.) Elementary,93,"CDE English Learners by Grade and Language; summed across languages by school. School-based count, not resident tract estimate."
37680236037931,San Diego,Chula Vista Elementary,Rice (Lilian J.) Elementary,305,"CDE English Learners by Grade and Language; summed across languages by school. School-based count, not resident tract estimate."
37680236037949,San Diego,Chula Vista Elementary,Loma Verde Elementary,190,"CDE English Learners by Grade and Language; summed across languages by school. School-based count, not resident tract estimate."
37680236037956,San Diego,Chula Vista Elementary,Feaster (Mae L.) Charter,530,"CDE English Learners by Grade and Language; summed across languages by school. School-based count, not resident tract estimate."
37680236037964,San Diego,Chula Vista Elementary,Finney (Myrtle S.) Elementary,122,"CDE English Learners by Grade and Language; summed across languages by school. School-based count, not resident tract estimate."
37680236037972,San Diego,Chula Vista Elementary,Palomar Elementary,96,"CDE English Learners by Grade and Language; summed across languages by school. School-based count, not resident tract estimate."
37680236037980,San Diego,Chula Vista Elementary,Mueller Charter (Robert L.),566,"CDE English Learners by Grade and Language; summed across languages by school. School-based count, not resident tract estimate."
37680236037998,San Diego,Chula Vista Elementary,Rosebank Elementary,140,"CDE English Learners by Grade and Language; summed across languages by school. School-based count, not resident tract estimate."
37680236038004,San Diego,Chula Vista Elementary,Silver Wing Elementary,109,"CDE English Learners by Grade and Language; summed across languages by school. School-based count, not resident tract estimate."
37680236038012,San Diego,Chula Vista Elementary,Sunnyside Elementary,54,"CDE English Learners by Grade and Language; summed across languages by school. School-based count, not resident tract estimate."
37680236038020,San Diego,Chula Vista Elementary,Valle Lindo Elementary,104,"CDE English Learners by Grade and Language; summed across languages by school. School-based count, not resident tract estimate."
37680236038038,San Diego,Chula Vista Elementary,Valley Vista Elementary,119,"CDE English Learners by Grade and Language; summed across languages by school. School-based count, not resident tract estimate."
37680236038046,San Diego,Chula Vista Elementary,Vista Square Elementary,243,"CDE English Learners by Grade and Language; summed across languages by school. School-based count, not resident tract estimate."
37680236066971,San Diego,Chula Vista Elementary,Parkview Elementary,60,"CDE English Learners by Grade and Language; summed across languages by school. School-based count, not resident tract estimate."
37680236069090,San Diego,Chula Vista Elementary,Juarez-Lincoln Elementary,150,"CDE English Learners by Grade and Language; summed across languages by school. School-based count, not resident tract estimate."
37680236070825,San Diego,Chula Vista Elementary,Los Altos Elementary,119,"CDE English Learners by Grade and Language; summed across languages by school. School-based count, not resident tract estimate."
37680236095020,San Diego,Chula Vista Elementary,Tiffany (Burton C.) Elementary,101,"CDE English Learners by Grade and Language; summed across languages by school. School-based count, not resident tract estimate."
37680236095038,San Diego,Chula Vista Elementary,Otay Elementary,190,"CDE English Learners by Grade and Language; summed across languages by school. School-based count, not resident tract estimate."
37680236107775,San Diego,Chula Vista Elementary,Chula Vista Hills Elementary,65,"CDE English Learners by Grade and Language; summed across languages by school. School-based count, not resident tract estimate."
37680236108492,San Diego,Chula Vista Elementary,EastLake Elementary,108,"CDE English Learners by Grade and Language; summed across languages by school. School-based count, not resident tract estimate."
37680236109771,San Diego,Chula Vista Elementary,Clear View,145,"CDE English Learners by Grade and Language; summed across languages by school. School-based count, not resident tract estimate."
37680236111322,San Diego,Chula Vista Elementary,Discovery Charter,97,"CDE English Learners by Grade and Language; summed across languages by school. School-based count, not resident tract estimate."
37680236113021,San Diego,Chula Vista Elementary,Olympic View Elementary,104,"CDE English Learners by Grade and Language; summed across languages by school. School-based count, not resident tract estimate."
37680236115646,San Diego,Chula Vista Elementary,Casillas (Joseph) Elementary,65,"CDE English Learners by Grade and Language; summed across languages by school. School-based count, not resident tract estimate."
37680236115778,San Diego,Chula Vista Elementary,Chula Vista Learning Community Charter,273,"CDE English Learners by Grade and Language; summed across languages by school. School-based count, not resident tract estimate."
37680236116396,San Diego,Chula Vista Elementary,Marshall (Thurgood) Elementary,73,"CDE English Learners by Grade and Language; summed across languages by school. School-based count, not resident tract estimate."
37680236116859,San Diego,Chula Vista Elementary,Arroyo Vista Charter,140,"CDE English Learners by Grade and Language; summed across languages by school. School-based count, not resident tract estimate."
37680236118970,San Diego,Chula Vista Elementary,Heritage Elementary,105,"CDE English Learners by Grade and Language; summed across languages by school. School-based count, not resident tract estimate."
37680236118988,San Diego,Chula Vista Elementary,McMillin (Corky) Elementary,97,"CDE English Learners by Grade and Language; summed across languages by school. School-based count, not resident tract estimate."
37680313731478,San Diego,Coronado Unified,Coronado High,12,"CDE English Learners by Grade and Language; summed across languages by school. School-based count, not resident tract estimate."
37680316038053,San Diego,Coronado Unified,Coronado Village Elementary,61,"CDE English Learners by Grade and Language; summed across languages by school. School-based count, not resident tract estimate."
37680316038087,San Diego,Coronado Unified,Silver Strand Elementary,10,"CDE English Learners by Grade and Language; summed across languages by school. School-based count, not resident tract estimate."
37680316059570,San Diego,Coronado Unified,Coronado Middle,20,"CDE English Learners by Grade and Language; summed across languages by school. School-based count, not resident tract estimate."
37680490127118,San Diego,Dehesa Elementary,The Heights Charter,4,"CDE English Learners by Grade and Language; summed across languages by school. School-based count, not resident tract estimate."
37680490129221,San Diego,Dehesa Elementary,MethodSchools,9,"CDE English Learners by Grade and Language; summed across languages by school. School-based count, not resident tract estimate."
37680490132506,San Diego,Dehesa Elementary,Cabrillo Point Academy,79,"CDE English Learners by Grade and Language; summed across languages by school. School-based count, not resident tract estimate."
37680490136416,San Diego,Dehesa Elementary,Pacific Coast Academy,108,"CDE English Learners by Grade and Language; summed across languages by school. School-based count, not resident tract estimate."
37680490165290,San Diego,Dehesa Elementary,Method Summit Academy,7,"CDE English Learners by Grade and Language; summed across languages by school. School-based count, not resident tract estimate."
37680496038095,San Diego,Dehesa Elementary,Dehesa Elementary,27,"CDE English Learners by Grade and Language; summed across languages by school. School-based count, not resident tract estimate."
37680560000001,San Diego,Del Mar Union Elementary,"Nonpublic, Nonsectarian Schools",1,"CDE English Learners by Grade and Language; summed across languages by school. School-based count, not resident tract estimate."
37680560110114,San Diego,Del Mar Union Elementary,Sycamore Ridge,82,"CDE English Learners by Grade and Language; summed across languages by school. School-based count, not resident tract estimate."
37680560114686,San Diego,Del Mar Union Elementary,Ocean Air,35,"CDE English Learners by Grade and Language; summed across languages by school. School-based count, not resident tract estimate."
37680560141374,San Diego,Del Mar Union Elementary,Pacific Sky,44,"CDE English Learners by Grade and Language; summed across languages by school. School-based count, not resident tract estimate."
37680566038111,San Diego,Del Mar Union Elementary,Del Mar Heights Elementary,17,"CDE English Learners by Grade and Language; summed across languages by school. School-based count, not resident tract estimate."
37680566088983,San Diego,Del Mar Union Elementary,Del Mar Hills Elementary,19,"CDE English Learners by Grade and Language; summed across languages by school. School-based count, not resident tract estimate."
37680566110696,San Diego,Del Mar Union Elementary,Carmel Del Mar Elementary,87,"CDE English Learners by Grade and Language; summed across languages by school. School-based count, not resident tract estimate."
37680566115620,San Diego,Del Mar Union Elementary,Ashley Falls Elementary,38,"CDE English Learners by Grade and Language; summed across languages by school. School-based count, not resident tract estimate."
37680566117923,San Diego,Del Mar Union Elementary,Sage Canyon,40,"CDE English Learners by Grade and Language; summed across languages by school. School-based count, not resident tract estimate."
37680566120596,San Diego,Del Mar Union Elementary,Torrey Hills,68,"CDE English Learners by Grade and Language; summed across languages by school. School-based count, not resident tract estimate."
37680806038145,San Diego,Encinitas Union Elementary,Paul Ecke-Central Elementary,58,"CDE English Learners by Grade and Language; summed across languages by school. School-based count, not resident tract estimate."
37680806038152,San Diego,Encinitas Union Elementary,Ocean Knoll Elementary,102,"CDE English Learners by Grade and Language; summed across languages by school. School-based count, not resident tract estimate."
37680806066989,San Diego,Encinitas Union Elementary,Capri Elementary,80,"CDE English Learners by Grade and Language; summed across languages by school. School-based count, not resident tract estimate."
37680806095046,San Diego,Encinitas Union Elementary,Park Dale Lane Elementary,49,"CDE English Learners by Grade and Language; summed across languages by school. School-based count, not resident tract estimate."
37680806099402,San Diego,Encinitas Union Elementary,Flora Vista Elementary,10,"CDE English Learners by Grade and Language; summed across languages by school. School-based count, not resident tract estimate."
37680806106132,San Diego,Encinitas Union Elementary,La Costa Heights Elementary,11,"CDE English Learners by Grade and Language; summed across languages by school. School-based count, not resident tract estimate."
37680806108534,San Diego,Encinitas Union Elementary,Mission Estancia Elementary,25,"CDE English Learners by Grade and Language; summed across languages by school. School-based count, not resident tract estimate."
37680806112445,San Diego,Encinitas Union Elementary,Olivenhain Pioneer Elementary,7,"CDE English Learners by Grade and Language; summed across languages by school. School-based count, not resident tract estimate."
37680806117709,San Diego,Encinitas Union Elementary,El Camino Creek Elementary,9,"CDE English Learners by Grade and Language; summed across languages by school. School-based count, not resident tract estimate."
37680980000001,San Diego,Escondido Union,"Nonpublic, Nonsectarian Schools",1,"CDE English Learners by Grade and Language; summed across languages by school. School-based count, not resident tract estimate."
37680980101535,San Diego,Escondido Union,Heritage K-8 Charter,98,"CDE English Learners by Grade and Language; summed across languages by school. School-based count, not resident tract estimate."
37680980102590,San Diego,Escondido Union,Bear Valley Middle,169,"CDE English Learners by Grade and Language; summed across languages by school. School-based count, not resident tract estimate."
37680980102608,San Diego,Escondido Union,Farr Avenue Elementary,247,"CDE English Learners by Grade and Language; summed across languages by school. School-based count, not resident tract estimate."
37680980107862,San Diego,Escondido Union,Reidy Creek Elementary,61,"CDE English Learners by Grade and Language; summed across languages by school. School-based count, not resident tract estimate."
37680980107870,San Diego,Escondido Union,Bernardo Elementary,31,"CDE English Learners by Grade and Language; summed across languages by school. School-based count, not resident tract estimate."
37680980131813,San Diego,Escondido Union,Quantum Academy,45,"CDE English Learners by Grade and Language; summed across languages by school. School-based count, not resident tract estimate."
37680986038178,San Diego,Escondido Union,Central Elementary,263,"CDE English Learners by Grade and Language; summed across languages by school. School-based count, not resident tract estimate."
37680986038186,San Diego,Escondido Union,Conway Elementary,147,"CDE English Learners by Grade and Language; summed across languages by school. School-based count, not resident tract estimate."
37680986038194,San Diego,Escondido Union,Del Dios Academy of Arts and Sciences,281,"CDE English Learners by Grade and Language; summed across languages by school. School-based count, not resident tract estimate."
37680986038202,San Diego,Escondido Union,Felicita Elementary,212,"CDE English Learners by Grade and Language; summed across languages by school. School-based count, not resident tract estimate."
37680986038210,San Diego,Escondido Union,Mission Middle,380,"CDE English Learners by Grade and Language; summed across languages by school. School-based count, not resident tract estimate."
37680986038228,San Diego,Escondido Union,Juniper Elementary,187,"CDE English Learners by Grade and Language; summed across languages by school. School-based count, not resident tract estimate."
37680986038236,San Diego,Escondido Union,Lincoln Elementary,274,"CDE English Learners by Grade and Language; summed across languages by school. School-based count, not resident tract estimate."
37680986038244,San Diego,Escondido Union,Oak Hill Elementary,307,"CDE English Learners by Grade and Language; summed across languages by school. School-based count, not resident tract estimate."
37680986038251,San Diego,Escondido Union,Rose Elementary,182,"CDE English Learners by Grade and Language; summed across languages by school. School-based count, not resident tract estimate."
37680986038939,San Diego,Escondido Union,Glen View Elementary,199,"CDE English Learners by Grade and Language; summed across languages by school. School-based count, not resident tract estimate."
37680986038947,San Diego,Escondido Union,Orange Glen Elementary,131,"CDE English Learners by Grade and Language; summed across languages by school. School-based count, not resident tract estimate."
37680986066997,San Diego,Escondido Union,Miller Elementary,77,"CDE English Learners by Grade and Language; summed across languages by school. School-based count, not resident tract estimate."
37680986093215,San Diego,Escondido Union,Hidden Valley Middle,285,"CDE English Learners by Grade and Language; summed across languages by school. School-based count, not resident tract estimate."
37680986102750,San Diego,Escondido Union,North Broadway Elementary,99,"CDE English Learners by Grade and Language; summed across languages by school. School-based count, not resident tract estimate."
37680986105944,San Diego,Escondido Union,Rincon Middle,182,"CDE English Learners by Grade and Language; summed across languages by school. School-based count, not resident tract estimate."
37680986107882,San Diego,Escondido Union,L. R. Green Elementary,107,"CDE English Learners by Grade and Language; summed across languages by school. School-based count, not resident tract estimate."
37680986110381,San Diego,Escondido Union,Pioneer Elementary,336,"CDE English Learners by Grade and Language; summed across languages by school. School-based count, not resident tract estimate."
37680986111769,San Diego,Escondido Union,Rock Springs Elementary,143,"CDE English Learners by Grade and Language; summed across languages by school. School-based count, not resident tract estimate."
37680986116776,San Diego,Escondido Union,Classical Academy,18,"CDE English Learners by Grade and Language; summed across languages by school. School-based count, not resident tract estimate."
37681060000001,San Diego,Escondido Union High,"Nonpublic, Nonsectarian Schools",1,"CDE English Learners by Grade and Language; summed across languages by school. School-based count, not resident tract estimate."
37681060111195,San Diego,Escondido Union High,Classical Academy High,12,"CDE English Learners by Grade and Language; summed across languages by school. School-based count, not resident tract estimate."
37681060127241,San Diego,Escondido Union High,Del Lago Academy - Campus of Applied Science,78,"CDE English Learners by Grade and Language; summed across languages by school. School-based count, not resident tract estimate."
37681060137034,San Diego,Escondido Union High,Altus Schools North County,26,"CDE English Learners by Grade and Language; summed across languages by school. School-based count, not resident tract estimate."
37681063730058,San Diego,Escondido Union High,San Pasqual High,333,"CDE English Learners by Grade and Language; summed across languages by school. School-based count, not resident tract estimate."
37681063731023,San Diego,Escondido Union High,Escondido Charter High,29,"CDE English Learners by Grade and Language; summed across languages by school. School-based count, not resident tract estimate."
37681063732054,San Diego,Escondido Union High,Valley High (Continuation),106,"CDE English Learners by Grade and Language; summed across languages by school. School-based count, not resident tract estimate."
37681063732062,San Diego,Escondido Union High,Escondido High,403,"CDE English Learners by Grade and Language; summed across languages by school. School-based count, not resident tract estimate."
37681063735313,San Diego,Escondido Union High,Orange Glen High,474,"CDE English Learners by Grade and Language; summed across languages by school. School-based count, not resident tract estimate."
37681140131920,San Diego,Fallbrook Union Elementary,Maie Ellis Elementary,194,"CDE English Learners by Grade and Language; summed across languages by school. School-based count, not resident tract estimate."
37681146038269,San Diego,Fallbrook Union Elementary,La Paloma Elementary,129,"CDE English Learners by Grade and Language; summed across languages by school. School-based count, not resident tract estimate."
37681146038277,San Diego,Fallbrook Union Elementary,James E. Potter Intermediate,203,"CDE English Learners by Grade and Language; summed across languages by school. School-based count, not resident tract estimate."
37681146038285,San Diego,Fallbrook Union Elementary,Fallbrook STEM Academy,258,"CDE English Learners by Grade and Language; summed across languages by school. School-based count, not resident tract estimate."
37681146038301,San Diego,Fallbrook Union Elementary,Mary Fay Pendleton Elementary,12,"CDE English Learners by Grade and Language; summed across languages by school. School-based count, not resident tract estimate."
37681146096515,San Diego,Fallbrook Union Elementary,San Onofre Elementary,5,"CDE English Learners by Grade and Language; summed across languages by school. School-based count, not resident tract estimate."
37681146096911,San Diego,Fallbrook Union Elementary,Fallbrook Virtual Academy,2,"CDE English Learners by Grade and Language; summed across languages by school. School-based count, not resident tract estimate."
37681146109524,San Diego,Fallbrook Union Elementary,Live Oak Elementary,151,"CDE English Learners by Grade and Language; summed across languages by school. School-based count, not resident tract estimate."
37681146116420,San Diego,Fallbrook Union Elementary,William H. Frazier Elementary,146,"CDE English Learners by Grade and Language; summed across languages by school. School-based count, not resident tract estimate."
37681220000001,San Diego,Fallbrook Union High,"Nonpublic, Nonsectarian Schools",1,"CDE English Learners by Grade and Language; summed across languages by school. School-based count, not resident tract estimate."
37681223730967,San Diego,Fallbrook Union High,Oasis High (Alternative),12,"CDE English Learners by Grade and Language; summed across languages by school. School-based count, not resident tract estimate."
37681223732179,San Diego,Fallbrook Union High,Fallbrook High,336,"CDE English Learners by Grade and Language; summed across languages by school. School-based count, not resident tract estimate."
37681223732195,San Diego,Fallbrook Union High,Ivy High (Continuation),29,"CDE English Learners by Grade and Language; summed across languages by school. School-based count, not resident tract estimate."
37681300000001,San Diego,Grossmont Union High,"Nonpublic, Nonsectarian Schools",5,"CDE English Learners by Grade and Language; summed across languages by school. School-based count, not resident tract estimate."
37681300128793,San Diego,Grossmont Union High,MERIT Academy,10,"CDE English Learners by Grade and Language; summed across languages by school. School-based count, not resident tract estimate."
37681300132548,San Diego,Grossmont Union High,IDEA Center,19,"CDE English Learners by Grade and Language; summed across languages by school. School-based count, not resident tract estimate."
37681300136077,San Diego,Grossmont Union High,Altus Schools East County,44,"CDE English Learners by Grade and Language; summed across languages by school. School-based count, not resident tract estimate."
37681300139063,San Diego,Grossmont Union High,The Learning Choice Academy - East County,34,"CDE English Learners by Grade and Language; summed across languages by school. School-based count, not resident tract estimate."
37681303730066,San Diego,Grossmont Union High,Valhalla High,258,"CDE English Learners by Grade and Language; summed across languages by school. School-based count, not resident tract estimate."
37681303730702,San Diego,Grossmont Union High,West Hills High,45,"CDE English Learners by Grade and Language; summed across languages by school. School-based count, not resident tract estimate."
37681303731262,San Diego,Grossmont Union High,Steele Canyon High,199,"CDE English Learners by Grade and Language; summed across languages by school. School-based count, not resident tract estimate."
37681303731486,San Diego,Grossmont Union High,Elite Academy,4,"CDE English Learners by Grade and Language; summed across languages by school. School-based count, not resident tract estimate."
37681303731692,San Diego,Grossmont Union High,El Cajon Valley High,740,"CDE English Learners by Grade and Language; summed across languages by school. School-based count, not resident tract estimate."
37681303731809,San Diego,Grossmont Union High,El Capitan High,125,"CDE English Learners by Grade and Language; summed across languages by school. School-based count, not resident tract estimate."
37681303732336,San Diego,Grossmont Union High,Granite Hills High,285,"CDE English Learners by Grade and Language; summed across languages by school. School-based count, not resident tract estimate."
37681303732559,San Diego,Grossmont Union High,Chaparral High,13,"CDE English Learners by Grade and Language; summed across languages by school. School-based count, not resident tract estimate."
37681303732625,San Diego,Grossmont Union High,Grossmont High,330,"CDE English Learners by Grade and Language; summed across languages by school. School-based count, not resident tract estimate."
37681303732732,San Diego,Grossmont Union High,Helix High,96,"CDE English Learners by Grade and Language; summed across languages by school. School-based count, not resident tract estimate."
37681303734548,San Diego,Grossmont Union High,Monte Vista High,230,"CDE English Learners by Grade and Language; summed across languages by school. School-based count, not resident tract estimate."
37681303734761,San Diego,Grossmont Union High,Mount Miguel High,276,"CDE English Learners by Grade and Language; summed across languages by school. School-based count, not resident tract estimate."
37681303737905,San Diego,Grossmont Union High,Santana High,153,"CDE English Learners by Grade and Language; summed across languages by school. School-based count, not resident tract estimate."
37681556038319,San Diego,Jamul-Dulzura Union Elementary,Jamul Elementary,95,"CDE English Learners by Grade and Language; summed across languages by school. School-based count, not resident tract estimate."
37681556097182,San Diego,Jamul-Dulzura Union Elementary,Oak Grove Middle,48,"CDE English Learners by Grade and Language; summed across languages by school. School-based count, not resident tract estimate."
37681556117303,San Diego,Jamul-Dulzura Union Elementary,Greater San Diego Academy,25,"CDE English Learners by Grade and Language; summed across languages by school. School-based count, not resident tract estimate."
37681630128421,San Diego,Julian Union Elementary,Harbor Springs Charter,24,"CDE English Learners by Grade and Language; summed across languages by school. School-based count, not resident tract estimate."
37681630138156,San Diego,Julian Union Elementary,JCS - Mountain Oaks,7,"CDE English Learners by Grade and Language; summed across languages by school. School-based count, not resident tract estimate."
37681630138628,San Diego,Julian Union Elementary,JCS - Cedar Cove,1,"CDE English Learners by Grade and Language; summed across languages by school. School-based count, not resident tract estimate."
37681630139402,San Diego,Julian Union Elementary,Brookfield Engineering Science Technology Academy,185,"CDE English Learners by Grade and Language; summed across languages by school. School-based count, not resident tract estimate."
37681633731239,San Diego,Julian Union Elementary,Julian Charter,7,"CDE English Learners by Grade and Language; summed across languages by school. School-based count, not resident tract estimate."
37681636038327,San Diego,Julian Union Elementary,Julian Elementary,5,"CDE English Learners by Grade and Language; summed across languages by school. School-based count, not resident tract estimate."
37681636105845,San Diego,Julian Union Elementary,Julian Junior High,9,"CDE English Learners by Grade and Language; summed across languages by school. School-based count, not resident tract estimate."
37681713733219,San Diego,Julian Union High,Julian High,11,"CDE English Learners by Grade and Language; summed across languages by school. School-based count, not resident tract estimate."
37681893731072,San Diego,Lakeside Union,River Valley Charter,1,"CDE English Learners by Grade and Language; summed across languages by school. School-based count, not resident tract estimate."
37681896038343,San Diego,Lakeside Union,Lakeside Farms Elementary,29,"CDE English Learners by Grade and Language; summed across languages by school. School-based count, not resident tract estimate."
37681896038350,San Diego,Lakeside Union,Lakeside Middle,41,"CDE English Learners by Grade and Language; summed across languages by school. School-based count, not resident tract estimate."
37681896038368,San Diego,Lakeside Union,Lakeview Elementary,30,"CDE English Learners by Grade and Language; summed across languages by school. School-based count, not resident tract estimate."
37681896038376,San Diego,Lakeside Union,Lindo Park Elementary,97,"CDE English Learners by Grade and Language; summed across languages by school. School-based count, not resident tract estimate."
37681896038384,San Diego,Lakeside Union,Riverview Elementary,19,"CDE English Learners by Grade and Language; summed across languages by school. School-based count, not resident tract estimate."
37681896038392,San Diego,Lakeside Union,Winter Gardens Elementary,11,"CDE English Learners by Grade and Language; summed across languages by school. School-based count, not resident tract estimate."
37681896085047,San Diego,Lakeside Union,Tierra del Sol Middle,55,"CDE English Learners by Grade and Language; summed across languages by school. School-based count, not resident tract estimate."
37681896107742,San Diego,Lakeside Union,DREAM Academy,7,"CDE English Learners by Grade and Language; summed across languages by school. School-based count, not resident tract estimate."
37681896110092,San Diego,Lakeside Union,Lemon Crest Elementary,69,"CDE English Learners by Grade and Language; summed across languages by school. School-based count, not resident tract estimate."
37681896120901,San Diego,Lakeside Union,Barona Charter,3,"CDE English Learners by Grade and Language; summed across languages by school. School-based count, not resident tract estimate."
37681970000000,San Diego,La Mesa-Spring Valley,District Office,1,"CDE English Learners by Grade and Language; summed across languages by school. School-based count, not resident tract estimate."
37681970000001,San Diego,La Mesa-Spring Valley,"Nonpublic, Nonsectarian Schools",1,"CDE English Learners by Grade and Language; summed across languages by school. School-based count, not resident tract estimate."
37681970132290,San Diego,La Mesa-Spring Valley,La Mesa Arts Academy,81,"CDE English Learners by Grade and Language; summed across languages by school. School-based count, not resident tract estimate."
37681970132431,San Diego,La Mesa-Spring Valley,"Science, Technology, Engineering, Arts, and Math Academy at La Presa",160,"CDE English Learners by Grade and Language; summed across languages by school. School-based count, not resident tract estimate."
37681970134155,San Diego,La Mesa-Spring Valley,Spring Valley Academy,111,"CDE English Learners by Grade and Language; summed across languages by school. School-based count, not resident tract estimate."
37681970136408,San Diego,La Mesa-Spring Valley,Sparrow Academy,11,"CDE English Learners by Grade and Language; summed across languages by school. School-based count, not resident tract estimate."
37681976038400,San Diego,La Mesa-Spring Valley,Avondale Elementary,54,"CDE English Learners by Grade and Language; summed across languages by school. School-based count, not resident tract estimate."
37681976038418,San Diego,La Mesa-Spring Valley,Bancroft Elementary,131,"CDE English Learners by Grade and Language; summed across languages by school. School-based count, not resident tract estimate."
37681976038434,San Diego,La Mesa-Spring Valley,Casa de Oro Elementary,73,"CDE English Learners by Grade and Language; summed across languages by school. School-based count, not resident tract estimate."
37681976038442,San Diego,La Mesa-Spring Valley,Fletcher Hills Elementary,17,"CDE English Learners by Grade and Language; summed across languages by school. School-based count, not resident tract estimate."
37681976038459,San Diego,La Mesa-Spring Valley,Highlands Elementary,75,"CDE English Learners by Grade and Language; summed across languages by school. School-based count, not resident tract estimate."
37681976038467,San Diego,La Mesa-Spring Valley,Kempton Street Literacy Academy,192,"CDE English Learners by Grade and Language; summed across languages by school. School-based count, not resident tract estimate."
37681976038475,San Diego,La Mesa-Spring Valley,La Mesa Dale Elementary,63,"CDE English Learners by Grade and Language; summed across languages by school. School-based count, not resident tract estimate."
37681976038509,San Diego,La Mesa-Spring Valley,La Presa Elementary,80,"CDE English Learners by Grade and Language; summed across languages by school. School-based count, not resident tract estimate."
37681976038517,San Diego,La Mesa-Spring Valley,Lemon Avenue Elementary,39,"CDE English Learners by Grade and Language; summed across languages by school. School-based count, not resident tract estimate."
37681976038525,San Diego,La Mesa-Spring Valley,Maryland Avenue Elementary,32,"CDE English Learners by Grade and Language; summed across languages by school. School-based count, not resident tract estimate."
37681976038533,San Diego,La Mesa-Spring Valley,Murray Manor Elementary,30,"CDE English Learners by Grade and Language; summed across languages by school. School-based count, not resident tract estimate."
37681976038541,San Diego,La Mesa-Spring Valley,Northmont Elementary,35,"CDE English Learners by Grade and Language; summed across languages by school. School-based count, not resident tract estimate."
37681976038558,San Diego,La Mesa-Spring Valley,Parkway Sports and Health Science Academy,57,"CDE English Learners by Grade and Language; summed across languages by school. School-based count, not resident tract estimate."
37681976038566,San Diego,La Mesa-Spring Valley,Rancho Elementary,56,"CDE English Learners by Grade and Language; summed across languages by school. School-based count, not resident tract estimate."
37681976038574,San Diego,La Mesa-Spring Valley,Rolando Elementary,53,"CDE English Learners by Grade and Language; summed across languages by school. School-based count, not resident tract estimate."
37681976070833,San Diego,La Mesa-Spring Valley,Murdock Elementary,50,"CDE English Learners by Grade and Language; summed across languages by school. School-based count, not resident tract estimate."
37681976098446,San Diego,La Mesa-Spring Valley,Loma Elementary,70,"CDE English Learners by Grade and Language; summed across languages by school. School-based count, not resident tract estimate."
37681976111207,San Diego,La Mesa-Spring Valley,Sweetwater Springs Elementary,62,"CDE English Learners by Grade and Language; summed across languages by school. School-based count, not resident tract estimate."
37682050000001,San Diego,Lemon Grove,"Nonpublic, Nonsectarian Schools",1,"CDE English Learners by Grade and Language; summed across languages by school. School-based count, not resident tract estimate."
37682050141499,San Diego,Lemon Grove,Lemon Grove Academy Elementary,101,"CDE English Learners by Grade and Language; summed across languages by school. School-based count, not resident tract estimate."
37682056038608,San Diego,Lemon Grove,Lemon Grove Academy for the Sciences and Humanities,116,"CDE English Learners by Grade and Language; summed across languages by school. School-based count, not resident tract estimate."
37682056038624,San Diego,Lemon Grove,Monterey Heights Elementary,63,"CDE English Learners by Grade and Language; summed across languages by school. School-based count, not resident tract estimate."
37682056038632,San Diego,Lemon Grove,Mt. Vernon Elementary,119,"CDE English Learners by Grade and Language; summed across languages by school. School-based count, not resident tract estimate."
37682056038657,San Diego,Lemon Grove,San Altos Elementary,49,"CDE English Learners by Grade and Language; summed across languages by school. School-based count, not resident tract estimate."
37682056038665,San Diego,Lemon Grove,San Miguel Elementary,121,"CDE English Learners by Grade and Language; summed across languages by school. School-based count, not resident tract estimate."
37682056038673,San Diego,Lemon Grove,Vista La Mesa Academy,140,"CDE English Learners by Grade and Language; summed across languages by school. School-based count, not resident tract estimate."
37682130123224,San Diego,Mountain Empire Unified,San Diego Virtual,27,"CDE English Learners by Grade and Language; summed across languages by school. School-based count, not resident tract estimate."
37682130126995,San Diego,Mountain Empire Unified,Mountain Empire Junior High,64,"CDE English Learners by Grade and Language; summed across languages by school. School-based count, not resident tract estimate."
37682130127084,San Diego,Mountain Empire Unified,Compass Charter Schools of San Diego,74,"CDE English Learners by Grade and Language; summed across languages by school. School-based count, not resident tract estimate."
37682130129668,San Diego,Mountain Empire Unified,Motivated Youth Academy,64,"CDE English Learners by Grade and Language; summed across languages by school. School-based count, not resident tract estimate."
37682130136978,San Diego,Mountain Empire Unified,Elite Academic Academy - Mountain Empire,33,"CDE English Learners by Grade and Language; summed across languages by school. School-based count, not resident tract estimate."
37682130138636,San Diego,Mountain Empire Unified,JCS - Pine Valley,1,"CDE English Learners by Grade and Language; summed across languages by school. School-based count, not resident tract estimate."
37682133730934,San Diego,Mountain Empire Unified,Sunrise High (Continuation),6,"CDE English Learners by Grade and Language; summed across languages by school. School-based count, not resident tract estimate."
37682133730991,San Diego,Mountain Empire Unified,Hillside Junior/Senior High,2,"CDE English Learners by Grade and Language; summed across languages by school. School-based count, not resident tract estimate."
37682133734878,San Diego,Mountain Empire Unified,Mountain Empire High,89,"CDE English Learners by Grade and Language; summed across languages by school. School-based count, not resident tract estimate."
37682136038681,San Diego,Mountain Empire Unified,Campo Elementary,63,"CDE English Learners by Grade and Language; summed across languages by school. School-based count, not resident tract estimate."
37682136038699,San Diego,Mountain Empire Unified,Descanso Elementary,8,"CDE English Learners by Grade and Language; summed across languages by school. School-based count, not resident tract estimate."
37682136085054,San Diego,Mountain Empire Unified,Clover Flat Elementary,36,"CDE English Learners by Grade and Language; summed across languages by school. School-based count, not resident tract estimate."
37682136097190,San Diego,Mountain Empire Unified,Potrero Elementary,211,"CDE English Learners by Grade and Language; summed across languages by school. School-based count, not resident tract estimate."
37682210101360,San Diego,National Elementary,Integrity Charter,221,"CDE English Learners by Grade and Language; summed across languages by school. School-based count, not resident tract estimate."
37682216038731,San Diego,National Elementary,Central Elementary,206,"CDE English Learners by Grade and Language; summed across languages by school. School-based count, not resident tract estimate."
37682216038749,San Diego,National Elementary,El Toyon Elementary,194,"CDE English Learners by Grade and Language; summed across languages by school. School-based count, not resident tract estimate."
37682216038756,San Diego,National Elementary,John A. Otis Elementary,197,"CDE English Learners by Grade and Language; summed across languages by school. School-based count, not resident tract estimate."
37682216038764,San Diego,National Elementary,Ira Harbison,115,"CDE English Learners by Grade and Language; summed across languages by school. School-based count, not resident tract estimate."
37682216038772,San Diego,National Elementary,Kimball,173,"CDE English Learners by Grade and Language; summed across languages by school. School-based count, not resident tract estimate."
37682216038780,San Diego,National Elementary,Las Palmas,176,"CDE English Learners by Grade and Language; summed across languages by school. School-based count, not resident tract estimate."
37682216038798,San Diego,National Elementary,Lincoln Acres,171,"CDE English Learners by Grade and Language; summed across languages by school. School-based count, not resident tract estimate."
37682216038806,San Diego,National Elementary,Olivewood,202,"CDE English Learners by Grade and Language; summed across languages by school. School-based count, not resident tract estimate."
37682216038814,San Diego,National Elementary,Palmer Way,152,"CDE English Learners by Grade and Language; summed across languages by school. School-based count, not resident tract estimate."
37682216108559,San Diego,National Elementary,Rancho de la Nacion,150,"CDE English Learners by Grade and Language; summed across languages by school. School-based count, not resident tract estimate."
37682960000000,San Diego,Poway Unified,District Office,2,"CDE English Learners by Grade and Language; summed across languages by school. School-based count, not resident tract estimate."
37682960000001,San Diego,Poway Unified,"Nonpublic, Nonsectarian Schools",2,"CDE English Learners by Grade and Language; summed across languages by school. School-based count, not resident tract estimate."
37682960102822,San Diego,Poway Unified,Stone Ranch Elementary,70,"CDE English Learners by Grade and Language; summed across languages by school. School-based count, not resident tract estimate."
37682960108332,San Diego,Poway Unified,Oak Valley Middle,46,"CDE English Learners by Grade and Language; summed across languages by school. School-based count, not resident tract estimate."
37682960111187,San Diego,Poway Unified,Monterey Ridge Elementary,80,"CDE English Learners by Grade and Language; summed across languages by school. School-based count, not resident tract estimate."
37682960116475,San Diego,Poway Unified,Del Sur Elementary,75,"CDE English Learners by Grade and Language; summed across languages by school. School-based count, not resident tract estimate."
37682960116764,San Diego,Poway Unified,Willow Grove Elementary,30,"CDE English Learners by Grade and Language; summed across languages by school. School-based count, not resident tract estimate."
37682960118935,San Diego,Poway Unified,Del Norte High,26,"CDE English Learners by Grade and Language; summed across languages by school. School-based count, not resident tract estimate."
37682960129056,San Diego,Poway Unified,Design 39 Campus,28,"CDE English Learners by Grade and Language; summed across languages by school. School-based count, not resident tract estimate."
37682960141390,San Diego,Poway Unified,Poway to Palomar Middle College High,1,"CDE English Learners by Grade and Language; summed across languages by school. School-based count, not resident tract estimate."
37682963730074,San Diego,Poway Unified,Mt. Carmel High,50,"CDE English Learners by Grade and Language; summed across languages by school. School-based count, not resident tract estimate."
37682963730819,San Diego,Poway Unified,Rancho Bernardo High,41,"CDE English Learners by Grade and Language; summed across languages by school. School-based count, not resident tract estimate."
37682963731528,San Diego,Poway Unified,Westview High,40,"CDE English Learners by Grade and Language; summed across languages by school. School-based count, not resident tract estimate."
37682963735842,San Diego,Poway Unified,Abraxas Continuation High,9,"CDE English Learners by Grade and Language; summed across languages by school. School-based count, not resident tract estimate."
37682963735867,San Diego,Poway Unified,Poway High,64,"CDE English Learners by Grade and Language; summed across languages by school. School-based count, not resident tract estimate."
37682966038970,San Diego,Poway Unified,Garden Road Elementary,20,"CDE English Learners by Grade and Language; summed across languages by school. School-based count, not resident tract estimate."
37682966038988,San Diego,Poway Unified,Meadowbrook Middle,67,"CDE English Learners by Grade and Language; summed across languages by school. School-based count, not resident tract estimate."
37682966038996,San Diego,Poway Unified,Midland Elementary,67,"CDE English Learners by Grade and Language; summed across languages by school. School-based count, not resident tract estimate."
37682966039002,San Diego,Poway Unified,Pomerado Elementary,34,"CDE English Learners by Grade and Language; summed across languages by school. School-based count, not resident tract estimate."
37682966039010,San Diego,Poway Unified,Valley Elementary,124,"CDE English Learners by Grade and Language; summed across languages by school. School-based count, not resident tract estimate."
37682966070841,San Diego,Poway Unified,Los Penasquitos Elementary,134,"CDE English Learners by Grade and Language; summed across languages by school. School-based count, not resident tract estimate."
37682966070858,San Diego,Poway Unified,Westwood Elementary,62,"CDE English Learners by Grade and Language; summed across languages by school. School-based count, not resident tract estimate."
37682966070866,San Diego,Poway Unified,Twin Peaks Middle,50,"CDE English Learners by Grade and Language; summed across languages by school. School-based count, not resident tract estimate."
37682966085088,San Diego,Poway Unified,Painted Rock Elementary,23,"CDE English Learners by Grade and Language; summed across languages by school. School-based count, not resident tract estimate."
37682966093223,San Diego,Poway Unified,Black Mountain Middle,67,"CDE English Learners by Grade and Language; summed across languages by school. School-based count, not resident tract estimate."
37682966093231,San Diego,Poway Unified,Sunset Hills Elementary,15,"CDE English Learners by Grade and Language; summed across languages by school. School-based count, not resident tract estimate."
37682966095053,San Diego,Poway Unified,Tierra Bonita Elementary,9,"CDE English Learners by Grade and Language; summed across languages by school. School-based count, not resident tract estimate."
37682966097208,San Diego,Poway Unified,Rolling Hills Elementary,54,"CDE English Learners by Grade and Language; summed across languages by school. School-based count, not resident tract estimate."
37682966097216,San Diego,Poway Unified,Chaparral Elementary,53,"CDE English Learners by Grade and Language; summed across languages by school. School-based count, not resident tract estimate."
37682966099444,San Diego,Poway Unified,Sundance Elementary,35,"CDE English Learners by Grade and Language; summed across languages by school. School-based count, not resident tract estimate."
37682966106520,San Diego,Poway Unified,Canyon View Elementary,40,"CDE English Learners by Grade and Language; summed across languages by school. School-based count, not resident tract estimate."
37682966107460,San Diego,Poway Unified,Bernardo Heights Middle,48,"CDE English Learners by Grade and Language; summed across languages by school. School-based count, not resident tract estimate."
37682966109300,San Diego,Poway Unified,Deer Canyon Elementary,41,"CDE English Learners by Grade and Language; summed across languages by school. School-based count, not resident tract estimate."
37682966109318,San Diego,Poway Unified,Morning Creek Elementary,52,"CDE English Learners by Grade and Language; summed across languages by school. School-based count, not resident tract estimate."
37682966109326,San Diego,Poway Unified,Turtleback Elementary,27,"CDE English Learners by Grade and Language; summed across languages by school. School-based count, not resident tract estimate."
37682966110878,San Diego,Poway Unified,Adobe Bluffs Elementary,74,"CDE English Learners by Grade and Language; summed across languages by school. School-based count, not resident tract estimate."
37682966110886,San Diego,Poway Unified,Highland Ranch Elementary,84,"CDE English Learners by Grade and Language; summed across languages by school. School-based count, not resident tract estimate."
37682966111306,San Diego,Poway Unified,Mesa Verde Middle,32,"CDE English Learners by Grade and Language; summed across languages by school. School-based count, not resident tract estimate."
37682966111314,San Diego,Poway Unified,Park Village Elementary,73,"CDE English Learners by Grade and Language; summed across languages by school. School-based count, not resident tract estimate."
37682966114854,San Diego,Poway Unified,Shoal Creek Elementary,18,"CDE English Learners by Grade and Language; summed across languages by school. School-based count, not resident tract estimate."
37682966117469,San Diego,Poway Unified,Creekside Elementary,52,"CDE English Learners by Grade and Language; summed across languages by school. School-based count, not resident tract estimate."
37683040102178,San Diego,Ramona City Unified,Future Bound Independent Study Secondary,2,"CDE English Learners by Grade and Language; summed across languages by school. School-based count, not resident tract estimate."
37683040131268,San Diego,Ramona City Unified,Ramona Community Montessori,15,"CDE English Learners by Grade and Language; summed across languages by school. School-based count, not resident tract estimate."
37683043735958,San Diego,Ramona City Unified,Montecito High (Continuation),19,"CDE English Learners by Grade and Language; summed across languages by school. School-based count, not resident tract estimate."
37683043735974,San Diego,Ramona City Unified,Ramona High,114,"CDE English Learners by Grade and Language; summed across languages by school. School-based count, not resident tract estimate."
37683046039028,San Diego,Ramona City Unified,Hanson Elementary,119,"CDE English Learners by Grade and Language; summed across languages by school. School-based count, not resident tract estimate."
37683046039036,San Diego,Ramona City Unified,Ramona Elementary,134,"CDE English Learners by Grade and Language; summed across languages by school. School-based count, not resident tract estimate."
37683046105555,San Diego,Ramona City Unified,James Dukes Elementary,14,"CDE English Learners by Grade and Language; summed across languages by school. School-based count, not resident tract estimate."
37683046105563,San Diego,Ramona City Unified,Olive Peirce Middle,75,"CDE English Learners by Grade and Language; summed across languages by school. School-based count, not resident tract estimate."
37683046107999,San Diego,Ramona City Unified,Mt. Woodson Elementary,60,"CDE English Learners by Grade and Language; summed across languages by school. School-based count, not resident tract estimate."
37683046110720,San Diego,Ramona City Unified,Barnett Elementary,46,"CDE English Learners by Grade and Language; summed across languages by school. School-based count, not resident tract estimate."
37683126039051,San Diego,Rancho Santa Fe Elementary,R. Roger Rowe Elementary,24,"CDE English Learners by Grade and Language; summed across languages by school. School-based count, not resident tract estimate."
37683126070908,San Diego,Rancho Santa Fe Elementary,R. Roger Rowe Middle,9,"CDE English Learners by Grade and Language; summed across languages by school. School-based count, not resident tract estimate."
37683380000001,San Diego,San Diego Unified,"Nonpublic, Nonsectarian Schools",10,"CDE English Learners by Grade and Language; summed across languages by school. School-based count, not resident tract estimate."
37683380101204,San Diego,San Diego Unified,High Tech Middle,23,"CDE English Learners by Grade and Language; summed across languages by school. School-based count, not resident tract estimate."
37683380101345,San Diego,San Diego Unified,KIPP Adelante Preparatory Academy,102,"CDE English Learners by Grade and Language; summed across languages by school. School-based count, not resident tract estimate."
37683380106732,San Diego,San Diego Unified,High Tech High International,22,"CDE English Learners by Grade and Language; summed across languages by school. School-based count, not resident tract estimate."
37683380106799,San Diego,San Diego Unified,Learning Choice Academy,8,"CDE English Learners by Grade and Language; summed across languages by school. School-based count, not resident tract estimate."
37683380107078,San Diego,San Diego Unified,Kearny Digital Media & Design,32,"CDE English Learners by Grade and Language; summed across languages by school. School-based count, not resident tract estimate."
37683380107086,San Diego,San Diego Unified,Kearny School of Biomedical Science and Technology,31,"CDE English Learners by Grade and Language; summed across languages by school. School-based count, not resident tract estimate."
37683380107094,San Diego,San Diego Unified,Kearny College Connections,24,"CDE English Learners by Grade and Language; summed across languages by school. School-based count, not resident tract estimate."
37683380107102,San Diego,San Diego Unified,Kearny Eng Innov & Design,38,"CDE English Learners by Grade and Language; summed across languages by school. School-based count, not resident tract estimate."
37683380107177,San Diego,San Diego Unified,Crawford High,375,"CDE English Learners by Grade and Language; summed across languages by school. School-based count, not resident tract estimate."
37683380107219,San Diego,San Diego Unified,San Diego High,147,"CDE English Learners by Grade and Language; summed across languages by school. School-based count, not resident tract estimate."
37683380107482,San Diego,San Diego Unified,San Diego Metro Career and Tech,3,"CDE English Learners by Grade and Language; summed across languages by school. School-based count, not resident tract estimate."
37683380107573,San Diego,San Diego Unified,High Tech Middle Media Arts,15,"CDE English Learners by Grade and Language; summed across languages by school. School-based count, not resident tract estimate."
37683380108266,San Diego,San Diego Unified,Golden Hill K-8,72,"CDE English Learners by Grade and Language; summed across languages by school. School-based count, not resident tract estimate."
37683380108274,San Diego,San Diego Unified,Porter Elementary,240,"CDE English Learners by Grade and Language; summed across languages by school. School-based count, not resident tract estimate."
37683380108282,San Diego,San Diego Unified,Cherokee Point Elementary,113,"CDE English Learners by Grade and Language; summed across languages by school. School-based count, not resident tract estimate."
37683380108290,San Diego,San Diego Unified,Ibarra Elementary,214,"CDE English Learners by Grade and Language; summed across languages by school. School-based count, not resident tract estimate."
37683380108787,San Diego,San Diego Unified,High Tech High Media Arts,34,"CDE English Learners by Grade and Language; summed across languages by school. School-based count, not resident tract estimate."
37683380109157,San Diego,San Diego Unified,Magnolia Science Academy San Diego,7,"CDE English Learners by Grade and Language; summed across languages by school. School-based count, not resident tract estimate."
37683380111864,San Diego,San Diego Unified,Normal Heights Elementary,58,"CDE English Learners by Grade and Language; summed across languages by school. School-based count, not resident tract estimate."
37683380111898,San Diego,San Diego Unified,Albert Einstein Academies,307,"CDE English Learners by Grade and Language; summed across languages by school. School-based count, not resident tract estimate."
37683380114025,San Diego,San Diego Unified,Lincoln High,341,"CDE English Learners by Grade and Language; summed across languages by school. School-based count, not resident tract estimate."
37683380114033,San Diego,San Diego Unified,Rodriguez Elementary,107,"CDE English Learners by Grade and Language; summed across languages by school. School-based count, not resident tract estimate."
37683380114041,San Diego,San Diego Unified,Joyner Elementary,165,"CDE English Learners by Grade and Language; summed across languages by school. School-based count, not resident tract estimate."
37683380114462,San Diego,San Diego Unified,Health Sciences High and Middle College,117,"CDE English Learners by Grade and Language; summed across languages by school. School-based count, not resident tract estimate."
37683380116939,San Diego,San Diego Unified,Innovation Middle,38,"CDE English Learners by Grade and Language; summed across languages by school. School-based count, not resident tract estimate."
37683380117325,San Diego,San Diego Unified,Millennial Tech Middle,91,"CDE English Learners by Grade and Language; summed across languages by school. School-based count, not resident tract estimate."
37683380118083,San Diego,San Diego Unified,Innovations Academy,17,"CDE English Learners by Grade and Language; summed across languages by school. School-based count, not resident tract estimate."
37683380118315,San Diego,San Diego Unified,East Village Middle College High,7,"CDE English Learners by Grade and Language; summed across languages by school. School-based count, not resident tract estimate."
37683380118851,San Diego,San Diego Unified,King-Chavez Community High,78,"CDE English Learners by Grade and Language; summed across languages by school. School-based count, not resident tract estimate."
37683380119610,San Diego,San Diego Unified,Gompers Preparatory Academy,307,"CDE English Learners by Grade and Language; summed across languages by school. School-based count, not resident tract estimate."
37683380120410,San Diego,San Diego Unified,iHigh Virtual Academy,11,"CDE English Learners by Grade and Language; summed across languages by school. School-based count, not resident tract estimate."
37683380121681,San Diego,San Diego Unified,San Diego Global Vision Academy,35,"CDE English Learners by Grade and Language; summed across languages by school. School-based count, not resident tract estimate."
37683380122788,San Diego,San Diego Unified,School for Entrepreneurship and Technology,1,"CDE English Learners by Grade and Language; summed across languages by school. School-based count, not resident tract estimate."
37683380123778,San Diego,San Diego Unified,Old Town Academy K-8 Charter,14,"CDE English Learners by Grade and Language; summed across languages by school. School-based count, not resident tract estimate."
37683380124115,San Diego,San Diego Unified,Knox Middle,163,"CDE English Learners by Grade and Language; summed across languages by school. School-based count, not resident tract estimate."
37683380124347,San Diego,San Diego Unified,City Heights Preparatory Charter,83,"CDE English Learners by Grade and Language; summed across languages by school. School-based count, not resident tract estimate."
37683380126730,San Diego,San Diego Unified,Kavod Charter,75,"CDE English Learners by Grade and Language; summed across languages by school. School-based count, not resident tract estimate."
37683380126938,San Diego,San Diego Unified,Home & Hosp/Transition Support,12,"CDE English Learners by Grade and Language; summed across languages by school. School-based count, not resident tract estimate."
37683380127647,San Diego,San Diego Unified,e3 Civic High,80,"CDE English Learners by Grade and Language; summed across languages by school. School-based count, not resident tract estimate."
37683380129387,San Diego,San Diego Unified,Empower Language Academy,38,"CDE English Learners by Grade and Language; summed across languages by school. School-based count, not resident tract estimate."
37683380129395,San Diego,San Diego Unified,Elevate,39,"CDE English Learners by Grade and Language; summed across languages by school. School-based count, not resident tract estimate."
37683380131565,San Diego,San Diego Unified,High Tech Elementary,40,"CDE English Learners by Grade and Language; summed across languages by school. School-based count, not resident tract estimate."
37683380131979,San Diego,San Diego Unified,Ingenuity Charter,32,"CDE English Learners by Grade and Language; summed across languages by school. School-based count, not resident tract estimate."
37683380132316,San Diego,San Diego Unified,Jonas Salk Elementary,118,"CDE English Learners by Grade and Language; summed across languages by school. School-based count, not resident tract estimate."
37683380135913,San Diego,San Diego Unified,Urban Discovery Academy Charter,44,"CDE English Learners by Grade and Language; summed across languages by school. School-based count, not resident tract estimate."
37683380136663,San Diego,San Diego Unified,America's Finest Charter,160,"CDE English Learners by Grade and Language; summed across languages by school. School-based count, not resident tract estimate."
37683380140319,San Diego,San Diego Unified,Logan Memorial Educational Campus,543,"CDE English Learners by Grade and Language; summed across languages by school. School-based count, not resident tract estimate."
37683380140384,San Diego,San Diego Unified,Mountain View,66,"CDE English Learners by Grade and Language; summed across languages by school. School-based count, not resident tract estimate."
37683380141317,San Diego,San Diego Unified,Nipaquay Elementary,76,"CDE English Learners by Grade and Language; summed across languages by school. School-based count, not resident tract estimate."
37683383730116,San Diego,San Diego Unified,John Muir Language Academy,33,"CDE English Learners by Grade and Language; summed across languages by school. School-based count, not resident tract estimate."
37683383730173,San Diego,San Diego Unified,Canyon Hills High,33,"CDE English Learners by Grade and Language; summed across languages by school. School-based count, not resident tract estimate."
37683383730181,San Diego,San Diego Unified,Mira Mesa High,131,"CDE English Learners by Grade and Language; summed across languages by school. School-based count, not resident tract estimate."
37683383730231,San Diego,San Diego Unified,Twain High,48,"CDE English Learners by Grade and Language; summed across languages by school. School-based count, not resident tract estimate."
37683383730314,San Diego,San Diego Unified,University City High,60,"CDE English Learners by Grade and Language; summed across languages by school. School-based count, not resident tract estimate."
37683383730363,San Diego,San Diego Unified,Whittier K-12,18,"CDE English Learners by Grade and Language; summed across languages by school. School-based count, not resident tract estimate."
37683383730371,San Diego,San Diego Unified,San Diego SCPA,34,"CDE English Learners by Grade and Language; summed across languages by school. School-based count, not resident tract estimate."
37683383730884,San Diego,San Diego Unified,Scripps Ranch High,24,"CDE English Learners by Grade and Language; summed across languages by school. School-based count, not resident tract estimate."
37683383730959,San Diego,San Diego Unified,Altus Schools Charter School of San Diego,196,"CDE English Learners by Grade and Language; summed across languages by school. School-based count, not resident tract estimate."
37683383731056,San Diego,San Diego Unified,TRACE,60,"CDE English Learners by Grade and Language; summed across languages by school. School-based count, not resident tract estimate."
37683383731130,San Diego,San Diego Unified,ALBA,4,"CDE English Learners by Grade and Language; summed across languages by school. School-based count, not resident tract estimate."
37683383731189,San Diego,San Diego Unified,Preuss School UCSD,88,"CDE English Learners by Grade and Language; summed across languages by school. School-based count, not resident tract estimate."
37683383731213,San Diego,San Diego Unified,Clairemont High,54,"CDE English Learners by Grade and Language; summed across languages by school. School-based count, not resident tract estimate."
37683383731247,San Diego,San Diego Unified,High Tech High,11,"CDE English Learners by Grade and Language; summed across languages by school. School-based count, not resident tract estimate."
37683383731395,San Diego,San Diego Unified,Altus Schools Audeo,24,"CDE English Learners by Grade and Language; summed across languages by school. School-based count, not resident tract estimate."
37683383731551,San Diego,San Diego Unified,Creative Performing and Media Arts,51,"CDE English Learners by Grade and Language; summed across languages by school. School-based count, not resident tract estimate."
37683383732781,San Diego,San Diego Unified,Henry High,61,"CDE English Learners by Grade and Language; summed across languages by school. School-based count, not resident tract estimate."
37683383732997,San Diego,San Diego Unified,Hoover High,409,"CDE English Learners by Grade and Language; summed across languages by school. School-based count, not resident tract estimate."
37683383733508,San Diego,San Diego Unified,La Jolla High,18,"CDE English Learners by Grade and Language; summed across languages by school. School-based count, not resident tract estimate."
37683383733698,San Diego,San Diego Unified,Madison High,53,"CDE English Learners by Grade and Language; summed across languages by school. School-based count, not resident tract estimate."
37683383734431,San Diego,San Diego Unified,Mission Bay High,34,"CDE English Learners by Grade and Language; summed across languages by school. School-based count, not resident tract estimate."
37683383734654,San Diego,San Diego Unified,Morse High,138,"CDE English Learners by Grade and Language; summed across languages by school. School-based count, not resident tract estimate."
37683383735750,San Diego,San Diego Unified,Point Loma High,41,"CDE English Learners by Grade and Language; summed across languages by school. School-based count, not resident tract estimate."
37683383737962,San Diego,San Diego Unified,Garfield High,42,"CDE English Learners by Grade and Language; summed across languages by school. School-based count, not resident tract estimate."
37683386039101,San Diego,San Diego Unified,Adams Elementary,57,"CDE English Learners by Grade and Language; summed across languages by school. School-based count, not resident tract estimate."
37683386039119,San Diego,San Diego Unified,Alcott Elementary,28,"CDE English Learners by Grade and Language; summed across languages by school. School-based count, not resident tract estimate."
37683386039135,San Diego,San Diego Unified,Angier Elementary,17,"CDE English Learners by Grade and Language; summed across languages by school. School-based count, not resident tract estimate."
37683386039143,San Diego,San Diego Unified,Audubon K-8,142,"CDE English Learners by Grade and Language; summed across languages by school. School-based count, not resident tract estimate."
37683386039150,San Diego,San Diego Unified,Baker Elementary,139,"CDE English Learners by Grade and Language; summed across languages by school. School-based count, not resident tract estimate."
37683386039168,San Diego,San Diego Unified,Balboa Elementary,206,"CDE English Learners by Grade and Language; summed across languages by school. School-based count, not resident tract estimate."
37683386039184,San Diego,San Diego Unified,Barnard Elementary,69,"CDE English Learners by Grade and Language; summed across languages by school. School-based count, not resident tract estimate."
37683386039200,San Diego,San Diego Unified,Bay Park Elementary,18,"CDE English Learners by Grade and Language; summed across languages by school. School-based count, not resident tract estimate."
37683386039242,San Diego,San Diego Unified,Bird Rock Elementary,15,"CDE English Learners by Grade and Language; summed across languages by school. School-based count, not resident tract estimate."
37683386039259,San Diego,San Diego Unified,Birney Elementary,43,"CDE English Learners by Grade and Language; summed across languages by school. School-based count, not resident tract estimate."
37683386039267,San Diego,San Diego Unified,Boone Elementary,69,"CDE English Learners by Grade and Language; summed across languages by school. School-based count, not resident tract estimate."
37683386039283,San Diego,San Diego Unified,Burbank Elementary,163,"CDE English Learners by Grade and Language; summed across languages by school. School-based count, not resident tract estimate."
37683386039291,San Diego,San Diego Unified,Cabrillo Elementary,23,"CDE English Learners by Grade and Language; summed across languages by school. School-based count, not resident tract estimate."
37683386039309,San Diego,San Diego Unified,Cadman Elementary,14,"CDE English Learners by Grade and Language; summed across languages by school. School-based count, not resident tract estimate."
37683386039341,San Diego,San Diego Unified,Carson Elementary,126,"CDE English Learners by Grade and Language; summed across languages by school. School-based count, not resident tract estimate."
37683386039358,San Diego,San Diego Unified,Carver Elementary,67,"CDE English Learners by Grade and Language; summed across languages by school. School-based count, not resident tract estimate."
37683386039366,San Diego,San Diego Unified,Central Elementary,283,"CDE English Learners by Grade and Language; summed across languages by school. School-based count, not resident tract estimate."
37683386039374,San Diego,San Diego Unified,Chesterton Elementary,44,"CDE English Learners by Grade and Language; summed across languages by school. School-based count, not resident tract estimate."
37683386039382,San Diego,San Diego Unified,Chollas/Mead Elementary,186,"CDE English Learners by Grade and Language; summed across languages by school. School-based count, not resident tract estimate."
37683386039390,San Diego,San Diego Unified,Pendleton Elementary,105,"CDE English Learners by Grade and Language; summed across languages by school. School-based count, not resident tract estimate."
37683386039424,San Diego,San Diego Unified,Crown Point Elementary,32,"CDE English Learners by Grade and Language; summed across languages by school. School-based count, not resident tract estimate."
37683386039432,San Diego,San Diego Unified,Cubberley Elementary,18,"CDE English Learners by Grade and Language; summed across languages by school. School-based count, not resident tract estimate."
37683386039440,San Diego,San Diego Unified,Curie Elementary,28,"CDE English Learners by Grade and Language; summed across languages by school. School-based count, not resident tract estimate."
37683386039457,San Diego,San Diego Unified,Darnall Charter,202,"CDE English Learners by Grade and Language; summed across languages by school. School-based count, not resident tract estimate."
37683386039481,San Diego,San Diego Unified,Dewey Elementary,25,"CDE English Learners by Grade and Language; summed across languages by school. School-based count, not resident tract estimate."
37683386039499,San Diego,San Diego Unified,Edison Elementary,174,"CDE English Learners by Grade and Language; summed across languages by school. School-based count, not resident tract estimate."
37683386039507,San Diego,San Diego Unified,Ralph Waldo Emerson Elementary,217,"CDE English Learners by Grade and Language; summed across languages by school. School-based count, not resident tract estimate."
37683386039515,San Diego,San Diego Unified,Encanto Elementary,145,"CDE English Learners by Grade and Language; summed across languages by school. School-based count, not resident tract estimate."
37683386039523,San Diego,San Diego Unified,Euclid Elementary,322,"CDE English Learners by Grade and Language; summed across languages by school. School-based count, not resident tract estimate."
37683386039556,San Diego,San Diego Unified,Field Elementary,62,"CDE English Learners by Grade and Language; summed across languages by school. School-based count, not resident tract estimate."
37683386039564,San Diego,San Diego Unified,Fletcher Elementary,23,"CDE English Learners by Grade and Language; summed across languages by school. School-based count, not resident tract estimate."
37683386039572,San Diego,San Diego Unified,Florence Elementary,23,"CDE English Learners by Grade and Language; summed across languages by school. School-based count, not resident tract estimate."
37683386039598,San Diego,San Diego Unified,Foster Elementary,76,"CDE English Learners by Grade and Language; summed across languages by school. School-based count, not resident tract estimate."
37683386039606,San Diego,San Diego Unified,Franklin Elementary,61,"CDE English Learners by Grade and Language; summed across languages by school. School-based count, not resident tract estimate."
37683386039614,San Diego,San Diego Unified,Freese Elementary,50,"CDE English Learners by Grade and Language; summed across languages by school. School-based count, not resident tract estimate."
37683386039630,San Diego,San Diego Unified,Fulton K-8,78,"CDE English Learners by Grade and Language; summed across languages by school. School-based count, not resident tract estimate."
37683386039648,San Diego,San Diego Unified,Gage Elementary,38,"CDE English Learners by Grade and Language; summed across languages by school. School-based count, not resident tract estimate."
37683386039655,San Diego,San Diego Unified,Garfield Elementary,56,"CDE English Learners by Grade and Language; summed across languages by school. School-based count, not resident tract estimate."
37683386039671,San Diego,San Diego Unified,Grant K-8,32,"CDE English Learners by Grade and Language; summed across languages by school. School-based count, not resident tract estimate."
37683386039697,San Diego,San Diego Unified,Green Elementary,18,"CDE English Learners by Grade and Language; summed across languages by school. School-based count, not resident tract estimate."
37683386039705,San Diego,San Diego Unified,Hamilton Elementary,163,"CDE English Learners by Grade and Language; summed across languages by school. School-based count, not resident tract estimate."
37683386039713,San Diego,San Diego Unified,Hardy Elementary,74,"CDE English Learners by Grade and Language; summed across languages by school. School-based count, not resident tract estimate."
37683386039721,San Diego,San Diego Unified,Hawthorne Elementary,34,"CDE English Learners by Grade and Language; summed across languages by school. School-based count, not resident tract estimate."
37683386039739,San Diego,San Diego Unified,Hearst Elementary,4,"CDE English Learners by Grade and Language; summed across languages by school. School-based count, not resident tract estimate."
37683386039747,San Diego,San Diego Unified,Holmes Elementary,10,"CDE English Learners by Grade and Language; summed across languages by school. School-based count, not resident tract estimate."
37683386039754,San Diego,San Diego Unified,Horton Elementary,148,"CDE English Learners by Grade and Language; summed across languages by school. School-based count, not resident tract estimate."
37683386039762,San Diego,San Diego Unified,Fay Elementary,279,"CDE English Learners by Grade and Language; summed across languages by school. School-based count, not resident tract estimate."
37683386039770,San Diego,San Diego Unified,Jefferson Elementary,35,"CDE English Learners by Grade and Language; summed across languages by school. School-based count, not resident tract estimate."
37683386039788,San Diego,San Diego Unified,Johnson Elementary,37,"CDE English Learners by Grade and Language; summed across languages by school. School-based count, not resident tract estimate."
37683386039796,San Diego,San Diego Unified,Jones Elementary,15,"CDE English Learners by Grade and Language; summed across languages by school. School-based count, not resident tract estimate."
37683386039804,San Diego,San Diego Unified,Juarez Elementary,33,"CDE English Learners by Grade and Language; summed across languages by school. School-based count, not resident tract estimate."
37683386039812,San Diego,San Diego Unified,Keiller Leadership Academy,203,"CDE English Learners by Grade and Language; summed across languages by school. School-based count, not resident tract estimate."
37683386039846,San Diego,San Diego Unified,La Jolla Elementary,30,"CDE English Learners by Grade and Language; summed across languages by school. School-based count, not resident tract estimate."
37683386039853,San Diego,San Diego Unified,Lafayette Elementary,57,"CDE English Learners by Grade and Language; summed across languages by school. School-based count, not resident tract estimate."
37683386039861,San Diego,San Diego Unified,Pacific View Leadership Elementary,33,"CDE English Learners by Grade and Language; summed across languages by school. School-based count, not resident tract estimate."
37683386039879,San Diego,San Diego Unified,Linda Vista Elementary,171,"CDE English Learners by Grade and Language; summed across languages by school. School-based count, not resident tract estimate."
37683386039887,San Diego,San Diego Unified,Clairemont Canyons Academy,95,"CDE English Learners by Grade and Language; summed across languages by school. School-based count, not resident tract estimate."
37683386039903,San Diego,San Diego Unified,Loma Portal Elementary,23,"CDE English Learners by Grade and Language; summed across languages by school. School-based count, not resident tract estimate."
37683386039911,San Diego,San Diego Unified,Longfellow UTK-8,13,"CDE English Learners by Grade and Language; summed across languages by school. School-based count, not resident tract estimate."
37683386039929,San Diego,San Diego Unified,Perkins K-8,141,"CDE English Learners by Grade and Language; summed across languages by school. School-based count, not resident tract estimate."
37683386039952,San Diego,San Diego Unified,Marshall Elementary,185,"CDE English Learners by Grade and Language; summed across languages by school. School-based count, not resident tract estimate."
37683386039960,San Diego,San Diego Unified,Marvin Elementary,26,"CDE English Learners by Grade and Language; summed across languages by school. School-based count, not resident tract estimate."
37683386039978,San Diego,San Diego Unified,McKinley Elementary,12,"CDE English Learners by Grade and Language; summed across languages by school. School-based count, not resident tract estimate."
37683386040000,San Diego,San Diego Unified,Language Academy,115,"CDE English Learners by Grade and Language; summed across languages by school. School-based count, not resident tract estimate."
37683386040018,San Diego,San Diego Unified,Harriet Tubman Village Charter,89,"CDE English Learners by Grade and Language; summed across languages by school. School-based count, not resident tract estimate."
37683386040026,San Diego,San Diego Unified,Oak Park Elementary,160,"CDE English Learners by Grade and Language; summed across languages by school. School-based count, not resident tract estimate."
37683386040034,San Diego,San Diego Unified,Ocean Beach Elementary,23,"CDE English Learners by Grade and Language; summed across languages by school. School-based count, not resident tract estimate."
37683386040042,San Diego,San Diego Unified,Pacific Beach Elementary,11,"CDE English Learners by Grade and Language; summed across languages by school. School-based count, not resident tract estimate."
37683386040059,San Diego,San Diego Unified,Paradise Hills Elementary,43,"CDE English Learners by Grade and Language; summed across languages by school. School-based count, not resident tract estimate."
37683386040067,San Diego,San Diego Unified,Perry Elementary,39,"CDE English Learners by Grade and Language; summed across languages by school. School-based count, not resident tract estimate."
37683386040083,San Diego,San Diego Unified,Riley/New Dawn,8,"CDE English Learners by Grade and Language; summed across languages by school. School-based count, not resident tract estimate."
37683386040091,San Diego,San Diego Unified,Rolando Park Elementary,55,"CDE English Learners by Grade and Language; summed across languages by school. School-based count, not resident tract estimate."
37683386040109,San Diego,San Diego Unified,Ross Elementary,52,"CDE English Learners by Grade and Language; summed across languages by school. School-based count, not resident tract estimate."
37683386040117,San Diego,San Diego Unified,Rowan Elementary,22,"CDE English Learners by Grade and Language; summed across languages by school. School-based count, not resident tract estimate."
37683386040133,San Diego,San Diego Unified,Sequoia Elementary,42,"CDE English Learners by Grade and Language; summed across languages by school. School-based count, not resident tract estimate."
37683386040141,San Diego,San Diego Unified,Sessions Elementary,9,"CDE English Learners by Grade and Language; summed across languages by school. School-based count, not resident tract estimate."
37683386040158,San Diego,San Diego Unified,Sherman Elementary,165,"CDE English Learners by Grade and Language; summed across languages by school. School-based count, not resident tract estimate."
37683386040166,San Diego,San Diego Unified,Silver Gate Elementary,4,"CDE English Learners by Grade and Language; summed across languages by school. School-based count, not resident tract estimate."
37683386040174,San Diego,San Diego Unified,Spreckels Elementary,53,"CDE English Learners by Grade and Language; summed across languages by school. School-based count, not resident tract estimate."
37683386040190,San Diego,San Diego Unified,King-Chavez Community Academy,321,"CDE English Learners by Grade and Language; summed across languages by school. School-based count, not resident tract estimate."
37683386040208,San Diego,San Diego Unified,Sunset View Elementary,5,"CDE English Learners by Grade and Language; summed across languages by school. School-based count, not resident tract estimate."
37683386040224,San Diego,San Diego Unified,Toler Elementary,35,"CDE English Learners by Grade and Language; summed across languages by school. School-based count, not resident tract estimate."
37683386040232,San Diego,San Diego Unified,Torrey Pines Elementary,23,"CDE English Learners by Grade and Language; summed across languages by school. School-based count, not resident tract estimate."
37683386040257,San Diego,San Diego Unified,Valencia Park Elementary,89,"CDE English Learners by Grade and Language; summed across languages by school. School-based count, not resident tract estimate."
37683386040265,San Diego,San Diego Unified,Washington Elementary,56,"CDE English Learners by Grade and Language; summed across languages by school. School-based count, not resident tract estimate."
37683386040273,San Diego,San Diego Unified,Webster Elementary,60,"CDE English Learners by Grade and Language; summed across languages by school. School-based count, not resident tract estimate."
37683386040281,San Diego,San Diego Unified,Wegeforth Elementary,39,"CDE English Learners by Grade and Language; summed across languages by school. School-based count, not resident tract estimate."
37683386040299,San Diego,San Diego Unified,Benchley/Weinberger Elementary,13,"CDE English Learners by Grade and Language; summed across languages by school. School-based count, not resident tract estimate."
37683386040307,San Diego,San Diego Unified,Whitman Elementary,10,"CDE English Learners by Grade and Language; summed across languages by school. School-based count, not resident tract estimate."
37683386059588,San Diego,San Diego Unified,Bell Middle,110,"CDE English Learners by Grade and Language; summed across languages by school. School-based count, not resident tract estimate."
37683386059596,San Diego,San Diego Unified,Correia Middle,33,"CDE English Learners by Grade and Language; summed across languages by school. School-based count, not resident tract estimate."
37683386059604,San Diego,San Diego Unified,Dana,28,"CDE English Learners by Grade and Language; summed across languages by school. School-based count, not resident tract estimate."
37683386059638,San Diego,San Diego Unified,Lewis Middle,56,"CDE English Learners by Grade and Language; summed across languages by school. School-based count, not resident tract estimate."
37683386059646,San Diego,San Diego Unified,Mann Middle,230,"CDE English Learners by Grade and Language; summed across languages by school. School-based count, not resident tract estimate."
37683386059653,San Diego,San Diego Unified,Marston Middle,24,"CDE English Learners by Grade and Language; summed across languages by school. School-based count, not resident tract estimate."
37683386059679,San Diego,San Diego Unified,Montgomery Middle,99,"CDE English Learners by Grade and Language; summed across languages by school. School-based count, not resident tract estimate."
37683386059687,San Diego,San Diego Unified,Muirlands Middle,12,"CDE English Learners by Grade and Language; summed across languages by school. School-based count, not resident tract estimate."
37683386059695,San Diego,San Diego Unified,Pacific Beach Middle,27,"CDE English Learners by Grade and Language; summed across languages by school. School-based count, not resident tract estimate."
37683386059703,San Diego,San Diego Unified,Roosevelt International Middle,75,"CDE English Learners by Grade and Language; summed across languages by school. School-based count, not resident tract estimate."
37683386059711,San Diego,San Diego Unified,Taft Middle,50,"CDE English Learners by Grade and Language; summed across languages by school. School-based count, not resident tract estimate."
37683386061964,San Diego,San Diego Unified,The O'Farrell Charter,257,"CDE English Learners by Grade and Language; summed across languages by school. School-based count, not resident tract estimate."
37683386061972,San Diego,San Diego Unified,Pershing Middle,25,"CDE English Learners by Grade and Language; summed across languages by school. School-based count, not resident tract estimate."
37683386061980,San Diego,San Diego Unified,Wilson Middle,185,"CDE English Learners by Grade and Language; summed across languages by school. School-based count, not resident tract estimate."
37683386069116,San Diego,San Diego Unified,Miramar Ranch Elementary,46,"CDE English Learners by Grade and Language; summed across languages by school. School-based count, not resident tract estimate."
37683386071914,San Diego,San Diego Unified,Mason Elementary,113,"CDE English Learners by Grade and Language; summed across languages by school. School-based count, not resident tract estimate."
37683386077317,San Diego,San Diego Unified,Penn Elementary,71,"CDE English Learners by Grade and Language; summed across languages by school. School-based count, not resident tract estimate."
37683386089015,San Diego,San Diego Unified,Ericson Elementary,100,"CDE English Learners by Grade and Language; summed across languages by school. School-based count, not resident tract estimate."
37683386089023,San Diego,San Diego Unified,Hickman Elementary,53,"CDE English Learners by Grade and Language; summed across languages by school. School-based count, not resident tract estimate."
37683386089049,San Diego,San Diego Unified,Sandburg Elementary,60,"CDE English Learners by Grade and Language; summed across languages by school. School-based count, not resident tract estimate."
37683386089056,San Diego,San Diego Unified,Tierrasanta Elementary,16,"CDE English Learners by Grade and Language; summed across languages by school. School-based count, not resident tract estimate."
37683386089064,San Diego,San Diego Unified,Walker Elementary,114,"CDE English Learners by Grade and Language; summed across languages by school. School-based count, not resident tract estimate."
37683386093256,San Diego,San Diego Unified,Miller Elementary,27,"CDE English Learners by Grade and Language; summed across languages by school. School-based count, not resident tract estimate."
37683386096051,San Diego,San Diego Unified,Hancock Elementary,14,"CDE English Learners by Grade and Language; summed across languages by school. School-based count, not resident tract estimate."
37683386096598,San Diego,San Diego Unified,Standley Middle,55,"CDE English Learners by Grade and Language; summed across languages by school. School-based count, not resident tract estimate."
37683386096879,San Diego,San Diego Unified,Dailard Elementary,8,"CDE English Learners by Grade and Language; summed across languages by school. School-based count, not resident tract estimate."
37683386097844,San Diego,San Diego Unified,Wangenheim Middle,118,"CDE English Learners by Grade and Language; summed across languages by school. School-based count, not resident tract estimate."
37683386099055,San Diego,San Diego Unified,Doyle Elementary,146,"CDE English Learners by Grade and Language; summed across languages by school. School-based count, not resident tract estimate."
37683386099063,San Diego,San Diego Unified,Farb Middle,11,"CDE English Learners by Grade and Language; summed across languages by school. School-based count, not resident tract estimate."
37683386099071,San Diego,San Diego Unified,Jerabek Elementary,36,"CDE English Learners by Grade and Language; summed across languages by school. School-based count, not resident tract estimate."
37683386099089,San Diego,San Diego Unified,Vista Grande Elementary,20,"CDE English Learners by Grade and Language; summed across languages by school. School-based count, not resident tract estimate."
37683386106173,San Diego,San Diego Unified,Bethune K-8,34,"CDE English Learners by Grade and Language; summed across languages by school. School-based count, not resident tract estimate."
37683386106181,San Diego,San Diego Unified,De Portola Middle,21,"CDE English Learners by Grade and Language; summed across languages by school. School-based count, not resident tract estimate."
37683386106199,San Diego,San Diego Unified,Zamorano Elementary,132,"CDE English Learners by Grade and Language; summed across languages by school. School-based count, not resident tract estimate."
37683386107056,San Diego,San Diego Unified,Challenger Middle,53,"CDE English Learners by Grade and Language; summed across languages by school. School-based count, not resident tract estimate."
37683386109599,San Diego,San Diego Unified,Hage Elementary,95,"CDE English Learners by Grade and Language; summed across languages by school. School-based count, not resident tract estimate."
37683386112460,San Diego,San Diego Unified,Kumeyaay Elementary,15,"CDE English Learners by Grade and Language; summed across languages by school. School-based count, not resident tract estimate."
37683386112478,San Diego,San Diego Unified,Nye Elementary,41,"CDE English Learners by Grade and Language; summed across languages by school. School-based count, not resident tract estimate."
37683386112726,San Diego,San Diego Unified,Dingeman Elementary,57,"CDE English Learners by Grade and Language; summed across languages by school. School-based count, not resident tract estimate."
37683386113211,San Diego,San Diego Unified,McGill School of Success,37,"CDE English Learners by Grade and Language; summed across languages by school. School-based count, not resident tract estimate."
37683386114060,San Diego,San Diego Unified,Clark Middle,183,"CDE English Learners by Grade and Language; summed across languages by school. School-based count, not resident tract estimate."
37683386114292,San Diego,San Diego Unified,Kimbrough Elementary,137,"CDE English Learners by Grade and Language; summed across languages by school. School-based count, not resident tract estimate."
37683386114300,San Diego,San Diego Unified,Chavez Elementary,117,"CDE English Learners by Grade and Language; summed across languages by school. School-based count, not resident tract estimate."
37683386114375,San Diego,San Diego Unified,Rosa Parks Elementary,394,"CDE English Learners by Grade and Language; summed across languages by school. School-based count, not resident tract estimate."
37683386115331,San Diego,San Diego Unified,Marshall Middle,27,"CDE English Learners by Grade and Language; summed across languages by school. School-based count, not resident tract estimate."
37683386115570,San Diego,San Diego Unified,Museum,20,"CDE English Learners by Grade and Language; summed across languages by school. School-based count, not resident tract estimate."
37683386117279,San Diego,San Diego Unified,Holly Drive Leadership Academy,14,"CDE English Learners by Grade and Language; summed across languages by school. School-based count, not resident tract estimate."
37683386117683,San Diego,San Diego Unified,High Tech Elementary Explorer,34,"CDE English Learners by Grade and Language; summed across languages by school. School-based count, not resident tract estimate."
37683386119135,San Diego,San Diego Unified,Scripps Elementary,37,"CDE English Learners by Grade and Language; summed across languages by school. School-based count, not resident tract estimate."
37683386119168,San Diego,San Diego Unified,San Diego Cooperative Charter,49,"CDE English Learners by Grade and Language; summed across languages by school. School-based count, not resident tract estimate."
37683386119598,San Diego,San Diego Unified,King-Chavez Academy of Excellence,110,"CDE English Learners by Grade and Language; summed across languages by school. School-based count, not resident tract estimate."
37683460106328,San Diego,San Dieguito Union High,Canyon Crest Academy,14,"CDE English Learners by Grade and Language; summed across languages by school. School-based count, not resident tract estimate."
37683460131649,San Diego,San Dieguito Union High,Pacific Trails Middle,32,"CDE English Learners by Grade and Language; summed across languages by school. School-based count, not resident tract estimate."
37683463730033,San Diego,San Dieguito Union High,Torrey Pines High,128,"CDE English Learners by Grade and Language; summed across languages by school. School-based count, not resident tract estimate."
37683463731007,San Diego,San Dieguito Union High,La Costa Canyon High,28,"CDE English Learners by Grade and Language; summed across languages by school. School-based count, not resident tract estimate."
37683463737384,San Diego,San Dieguito Union High,Sunset High (Continuation),6,"CDE English Learners by Grade and Language; summed across languages by school. School-based count, not resident tract estimate."
37683463737418,San Diego,San Dieguito Union High,San Dieguito HS Academy,71,"CDE English Learners by Grade and Language; summed across languages by school. School-based count, not resident tract estimate."
37683466059737,San Diego,San Dieguito Union High,Oak Crest Middle,22,"CDE English Learners by Grade and Language; summed across languages by school. School-based count, not resident tract estimate."
37683466061998,San Diego,San Dieguito Union High,Earl Warren Middle,15,"CDE English Learners by Grade and Language; summed across languages by school. School-based count, not resident tract estimate."
37683466104749,San Diego,San Dieguito Union High,Diegueno Middle,18,"CDE English Learners by Grade and Language; summed across languages by school. School-based count, not resident tract estimate."
37683466117352,San Diego,San Dieguito Union High,Carmel Valley Middle,52,"CDE English Learners by Grade and Language; summed across languages by school. School-based count, not resident tract estimate."
37683536040331,San Diego,San Pasqual Union Elementary,San Pasqual Union Elementary,43,"CDE English Learners by Grade and Language; summed across languages by school. School-based count, not resident tract estimate."
37683610000001,San Diego,Santee,"Nonpublic, Nonsectarian Schools",3,"CDE English Learners by Grade and Language; summed across languages by school. School-based count, not resident tract estimate."
37683616040349,San Diego,Santee,Cajon Park Elementary,72,"CDE English Learners by Grade and Language; summed across languages by school. School-based count, not resident tract estimate."
37683616040356,San Diego,Santee,Carlton Hills Elementary,63,"CDE English Learners by Grade and Language; summed across languages by school. School-based count, not resident tract estimate."
37683616040364,San Diego,Santee,Chet F. Harritt Elementary,23,"CDE English Learners by Grade and Language; summed across languages by school. School-based count, not resident tract estimate."
37683616040372,San Diego,Santee,Pepper Drive Elementary,101,"CDE English Learners by Grade and Language; summed across languages by school. School-based count, not resident tract estimate."
37683616040380,San Diego,Santee,PRIDE Academy at Prospect Avenue,46,"CDE English Learners by Grade and Language; summed across languages by school. School-based count, not resident tract estimate."
37683616040406,San Diego,Santee,Sycamore Canyon Elementary,8,"CDE English Learners by Grade and Language; summed across languages by school. School-based count, not resident tract estimate."
37683616068159,San Diego,Santee,Carlton Oaks Elementary,40,"CDE English Learners by Grade and Language; summed across languages by school. School-based count, not resident tract estimate."
37683616085153,San Diego,Santee,Rio Seco Elementary,59,"CDE English Learners by Grade and Language; summed across languages by school. School-based count, not resident tract estimate."
37683616085161,San Diego,Santee,Hill Creek Elementary,53,"CDE English Learners by Grade and Language; summed across languages by school. School-based count, not resident tract estimate."
37683616111041,San Diego,Santee,Santee Alternative,1,"CDE English Learners by Grade and Language; summed across languages by school. School-based count, not resident tract estimate."
37683790000001,San Diego,San Ysidro Elementary,"Nonpublic, Nonsectarian Schools",2,"CDE English Learners by Grade and Language; summed across languages by school. School-based count, not resident tract estimate."
37683790123000,San Diego,San Ysidro Elementary,Willow Elementary,429,"CDE English Learners by Grade and Language; summed across languages by school. School-based count, not resident tract estimate."
37683790137737,San Diego,San Ysidro Elementary,Vista Del Mar,112,"CDE English Learners by Grade and Language; summed across languages by school. School-based count, not resident tract estimate."
37683796085146,San Diego,San Ysidro Elementary,Smythe Elementary,338,"CDE English Learners by Grade and Language; summed across languages by school. School-based count, not resident tract estimate."
37683796089007,San Diego,San Ysidro Elementary,La Mirada Elementary,173,"CDE English Learners by Grade and Language; summed across languages by school. School-based count, not resident tract estimate."
37683796093264,San Diego,San Ysidro Elementary,Sunset Elementary,316,"CDE English Learners by Grade and Language; summed across languages by school. School-based count, not resident tract estimate."
37683796098453,San Diego,San Ysidro Elementary,San Ysidro Middle,220,"CDE English Learners by Grade and Language; summed across languages by school. School-based count, not resident tract estimate."
37683796119341,San Diego,San Ysidro Elementary,Ocean View Hills,291,"CDE English Learners by Grade and Language; summed across languages by school. School-based count, not resident tract estimate."
37683870105825,San Diego,Solana Beach Elementary,Solana Pacific Elementary,25,"CDE English Learners by Grade and Language; summed across languages by school. School-based count, not resident tract estimate."
37683870129049,San Diego,Solana Beach Elementary,Solana Ranch Elementary,45,"CDE English Learners by Grade and Language; summed across languages by school. School-based count, not resident tract estimate."
37683876040455,San Diego,Solana Beach Elementary,Skyline Elementary,40,"CDE English Learners by Grade and Language; summed across languages by school. School-based count, not resident tract estimate."
37683876070882,San Diego,Solana Beach Elementary,Solana Vista Elementary,32,"CDE English Learners by Grade and Language; summed across languages by school. School-based count, not resident tract estimate."
37683876106140,San Diego,Solana Beach Elementary,Solana Highlands Elementary,43,"CDE English Learners by Grade and Language; summed across languages by school. School-based count, not resident tract estimate."
37683876111181,San Diego,Solana Beach Elementary,Solana Santa Fe Elementary,15,"CDE English Learners by Grade and Language; summed across languages by school. School-based count, not resident tract estimate."
37683876112353,San Diego,Solana Beach Elementary,Carmel Creek Elementary,38,"CDE English Learners by Grade and Language; summed across languages by school. School-based count, not resident tract estimate."
37683956040463,San Diego,South Bay Union,Bayside STEAM Academy,135,"CDE English Learners by Grade and Language; summed across languages by school. School-based count, not resident tract estimate."
37683956040471,San Diego,South Bay Union,Central Elementary,133,"CDE English Learners by Grade and Language; summed across languages by school. School-based count, not resident tract estimate."
37683956040489,San Diego,South Bay Union,Emory Elementary,122,"CDE English Learners by Grade and Language; summed across languages by school. School-based count, not resident tract estimate."
37683956040505,San Diego,South Bay Union,Imperial Beach Charter,165,"CDE English Learners by Grade and Language; summed across languages by school. School-based count, not resident tract estimate."
37683956040513,San Diego,South Bay Union,Nestor Language Academy Charter,537,"CDE English Learners by Grade and Language; summed across languages by school. School-based count, not resident tract estimate."
37683956040521,San Diego,South Bay Union,Oneonta Elementary,120,"CDE English Learners by Grade and Language; summed across languages by school. School-based count, not resident tract estimate."
37683956040539,San Diego,South Bay Union,Sunnyslope Elementary,176,"CDE English Learners by Grade and Language; summed across languages by school. School-based count, not resident tract estimate."
37683956067029,San Diego,South Bay Union,Godfrey G. Berry Elementary,140,"CDE English Learners by Grade and Language; summed across languages by school. School-based count, not resident tract estimate."
37683956094973,San Diego,South Bay Union,Howard Pence Elementary,172,"CDE English Learners by Grade and Language; summed across languages by school. School-based count, not resident tract estimate."
37683956098487,San Diego,South Bay Union,George Nicoloff Elementary,346,"CDE English Learners by Grade and Language; summed across languages by school. School-based count, not resident tract estimate."
37683956116008,San Diego,South Bay Union,Teofilo Mendoza,199,"CDE English Learners by Grade and Language; summed across languages by school. School-based count, not resident tract estimate."
37684030125401,San Diego,Spencer Valley Elementary,Insight @ San Diego,37,"CDE English Learners by Grade and Language; summed across languages by school. School-based count, not resident tract estimate."
37684036040554,San Diego,Spencer Valley Elementary,Spencer Valley Elementary,5,"CDE English Learners by Grade and Language; summed across languages by school. School-based count, not resident tract estimate."
37684036120893,San Diego,Spencer Valley Elementary,California Virtual Academy @ San Diego,426,"CDE English Learners by Grade and Language; summed across languages by school. School-based count, not resident tract estimate."
37684110000000,San Diego,Sweetwater Union High,District Office,144,"CDE English Learners by Grade and Language; summed across languages by school. School-based count, not resident tract estimate."
37684110000001,San Diego,Sweetwater Union High,"Nonpublic, Nonsectarian Schools",23,"CDE English Learners by Grade and Language; summed across languages by school. School-based count, not resident tract estimate."
37684110111831,San Diego,Sweetwater Union High,Olympian High,130,"CDE English Learners by Grade and Language; summed across languages by school. School-based count, not resident tract estimate."
37684110115873,San Diego,Sweetwater Union High,East Hills Academy,11,"CDE English Learners by Grade and Language; summed across languages by school. School-based count, not resident tract estimate."
37684110126086,San Diego,Sweetwater Union High,Hawking S.T.E.A.M. Charter,580,"CDE English Learners by Grade and Language; summed across languages by school. School-based count, not resident tract estimate."
37684110140939,San Diego,Sweetwater Union High,Launch Virtual Academy,170,"CDE English Learners by Grade and Language; summed across languages by school. School-based count, not resident tract estimate."
37684113730124,San Diego,Sweetwater Union High,Southwest Senior High,526,"CDE English Learners by Grade and Language; summed across languages by school. School-based count, not resident tract estimate."
37684113730405,San Diego,Sweetwater Union High,Bonita Vista Senior High,161,"CDE English Learners by Grade and Language; summed across languages by school. School-based count, not resident tract estimate."
37684113730801,San Diego,Sweetwater Union High,Castle Park Senior High,482,"CDE English Learners by Grade and Language; summed across languages by school. School-based count, not resident tract estimate."
37684113730843,San Diego,Sweetwater Union High,Eastlake High,141,"CDE English Learners by Grade and Language; summed across languages by school. School-based count, not resident tract estimate."
37684113731064,San Diego,Sweetwater Union High,Chula Vista Senior High,536,"CDE English Learners by Grade and Language; summed across languages by school. School-based count, not resident tract estimate."
37684113731155,San Diego,Sweetwater Union High,Options Secondary,1,"CDE English Learners by Grade and Language; summed across languages by school. School-based count, not resident tract estimate."
37684113731304,San Diego,Sweetwater Union High,MAAC Community Charter,106,"CDE English Learners by Grade and Language; summed across languages by school. School-based count, not resident tract estimate."
37684113731460,San Diego,Sweetwater Union High,Alta Vista Academy,10,"CDE English Learners by Grade and Language; summed across languages by school. School-based count, not resident tract estimate."
37684113731502,San Diego,Sweetwater Union High,San Ysidro High,580,"CDE English Learners by Grade and Language; summed across languages by school. School-based count, not resident tract estimate."
37684113731627,San Diego,Sweetwater Union High,Otay Ranch Senior High,176,"CDE English Learners by Grade and Language; summed across languages by school. School-based count, not resident tract estimate."
37684113732047,San Diego,Sweetwater Union High,Palomar High,89,"CDE English Learners by Grade and Language; summed across languages by school. School-based count, not resident tract estimate."
37684113732849,San Diego,Sweetwater Union High,Hilltop Senior High,280,"CDE English Learners by Grade and Language; summed across languages by school. School-based count, not resident tract estimate."
37684113733953,San Diego,Sweetwater Union High,Mar Vista Senior High,281,"CDE English Learners by Grade and Language; summed across languages by school. School-based count, not resident tract estimate."
37684113738226,San Diego,Sweetwater Union High,Sweetwater High,571,"CDE English Learners by Grade and Language; summed across languages by school. School-based count, not resident tract estimate."
37684113738234,San Diego,Sweetwater Union High,Montgomery Senior High,386,"CDE English Learners by Grade and Language; summed across languages by school. School-based count, not resident tract estimate."
37684116059745,San Diego,Sweetwater Union High,Bonita Vista Middle,92,"CDE English Learners by Grade and Language; summed across languages by school. School-based count, not resident tract estimate."
37684116059752,San Diego,Sweetwater Union High,Castle Park Middle,260,"CDE English Learners by Grade and Language; summed across languages by school. School-based count, not resident tract estimate."
37684116059760,San Diego,Sweetwater Union High,Chula Vista Middle,211,"CDE English Learners by Grade and Language; summed across languages by school. School-based count, not resident tract estimate."
37684116059778,San Diego,Sweetwater Union High,Granger Junior High,175,"CDE English Learners by Grade and Language; summed across languages by school. School-based count, not resident tract estimate."
37684116059786,San Diego,Sweetwater Union High,Mar Vista Academy,139,"CDE English Learners by Grade and Language; summed across languages by school. School-based count, not resident tract estimate."
37684116059794,San Diego,Sweetwater Union High,National City Middle,185,"CDE English Learners by Grade and Language; summed across languages by school. School-based count, not resident tract estimate."
37684116062004,San Diego,Sweetwater Union High,Hilltop Middle,160,"CDE English Learners by Grade and Language; summed across languages by school. School-based count, not resident tract estimate."
37684116062012,San Diego,Sweetwater Union High,Southwest Middle,228,"CDE English Learners by Grade and Language; summed across languages by school. School-based count, not resident tract estimate."
37684116070890,San Diego,Sweetwater Union High,Montgomery Middle,227,"CDE English Learners by Grade and Language; summed across languages by school. School-based count, not resident tract estimate."
37684116114276,San Diego,Sweetwater Union High,Rancho del Rey Middle,139,"CDE English Learners by Grade and Language; summed across languages by school. School-based count, not resident tract estimate."
37684116120968,San Diego,Sweetwater Union High,Eastlake Middle,123,"CDE English Learners by Grade and Language; summed across languages by school. School-based count, not resident tract estimate."
37684376040562,San Diego,Vallecitos Elementary,Vallecitos Elementary,77,"CDE English Learners by Grade and Language; summed across languages by school. School-based count, not resident tract estimate."
37684520000001,San Diego,Vista Unified,"Nonpublic, Nonsectarian Schools",5,"CDE English Learners by Grade and Language; summed across languages by school. School-based count, not resident tract estimate."
37684520100925,San Diego,Vista Unified,T.H.E Leadership Academy,89,"CDE English Learners by Grade and Language; summed across languages by school. School-based count, not resident tract estimate."
37684520100933,San Diego,Vista Unified,Hannalei Elementary,175,"CDE English Learners by Grade and Language; summed across languages by school. School-based count, not resident tract estimate."
37684520105882,San Diego,Vista Unified,Foothill Oak Elementary,248,"CDE English Learners by Grade and Language; summed across languages by school. School-based count, not resident tract estimate."
37684520106120,San Diego,Vista Unified,SIATech,172,"CDE English Learners by Grade and Language; summed across languages by school. School-based count, not resident tract estimate."
37684520111237,San Diego,Vista Unified,Maryland Elementary,167,"CDE English Learners by Grade and Language; summed across languages by school. School-based count, not resident tract estimate."
37684520114264,San Diego,Vista Unified,North County Trade Tech High,22,"CDE English Learners by Grade and Language; summed across languages by school. School-based count, not resident tract estimate."
37684520114637,San Diego,Vista Unified,"Vista Magnet Middle School of Technology, Science, and Math",98,"CDE English Learners by Grade and Language; summed across languages by school. School-based count, not resident tract estimate."
37684520115451,San Diego,Vista Unified,Major General Raymond Murray High,23,"CDE English Learners by Grade and Language; summed across languages by school. School-based count, not resident tract estimate."
37684520118430,San Diego,Vista Unified,Mission Vista High,26,"CDE English Learners by Grade and Language; summed across languages by school. School-based count, not resident tract estimate."
37684520124917,San Diego,Vista Unified,Guajome Learning Centers,1,"CDE English Learners by Grade and Language; summed across languages by school. School-based count, not resident tract estimate."
37684520126300,San Diego,Vista Unified,Vista Visions Academy,5,"CDE English Learners by Grade and Language; summed across languages by school. School-based count, not resident tract estimate."
37684520128223,San Diego,Vista Unified,Bella Mente Montessori Academy,45,"CDE English Learners by Grade and Language; summed across languages by school. School-based count, not resident tract estimate."
37684523730207,San Diego,Vista Unified,Vista Adult Transition Center,15,"CDE English Learners by Grade and Language; summed across languages by school. School-based count, not resident tract estimate."
37684523730728,San Diego,Vista Unified,Rancho Buena Vista High,155,"CDE English Learners by Grade and Language; summed across languages by school. School-based count, not resident tract estimate."
37684523730942,San Diego,Vista Unified,Guajome Park Academy Charter,134,"CDE English Learners by Grade and Language; summed across languages by school. School-based count, not resident tract estimate."
37684523732039,San Diego,Vista Unified,Alta Vista High (Continuation),18,"CDE English Learners by Grade and Language; summed across languages by school. School-based count, not resident tract estimate."
37684523738705,San Diego,Vista Unified,Vista High,236,"CDE English Learners by Grade and Language; summed across languages by school. School-based count, not resident tract estimate."
37684526040596,San Diego,Vista Unified,Bobier Elementary,231,"CDE English Learners by Grade and Language; summed across languages by school. School-based count, not resident tract estimate."
37684526040604,San Diego,Vista Unified,California Avenue Elementary,10,"CDE English Learners by Grade and Language; summed across languages by school. School-based count, not resident tract estimate."
37684526040620,San Diego,Vista Unified,Grapevine Elementary,189,"CDE English Learners by Grade and Language; summed across languages by school. School-based count, not resident tract estimate."
37684526040638,San Diego,Vista Unified,Monte Vista Elementary,74,"CDE English Learners by Grade and Language; summed across languages by school. School-based count, not resident tract estimate."
37684526040653,San Diego,Vista Unified,Vista Academy of Visual and Performing Arts,246,"CDE English Learners by Grade and Language; summed across languages by school. School-based count, not resident tract estimate."
37684526059810,San Diego,Vista Unified,Vista Innovation and Design Academy,52,"CDE English Learners by Grade and Language; summed across languages by school. School-based count, not resident tract estimate."
37684526069124,San Diego,Vista Unified,Casita Center for Science/Math/Technology,41,"CDE English Learners by Grade and Language; summed across languages by school. School-based count, not resident tract estimate."
37684526107031,San Diego,Vista Unified,Alamosa Park Elementary,31,"CDE English Learners by Grade and Language; summed across languages by school. School-based count, not resident tract estimate."
37684526107577,San Diego,Vista Unified,Roosevelt Middle,182,"CDE English Learners by Grade and Language; summed across languages by school. School-based count, not resident tract estimate."
37684526107585,San Diego,Vista Unified,Lake Elementary,32,"CDE English Learners by Grade and Language; summed across languages by school. School-based count, not resident tract estimate."
37684526108708,San Diego,Vista Unified,Empresa Elementary,29,"CDE English Learners by Grade and Language; summed across languages by school. School-based count, not resident tract estimate."
37684526110399,San Diego,Vista Unified,Breeze Hill Elementary,123,"CDE English Learners by Grade and Language; summed across languages by school. School-based count, not resident tract estimate."
37684526110407,San Diego,Vista Unified,Mission Meadows Elementary,64,"CDE English Learners by Grade and Language; summed across languages by school. School-based count, not resident tract estimate."
37684526112221,San Diego,Vista Unified,Madison Middle,168,"CDE English Learners by Grade and Language; summed across languages by school. School-based count, not resident tract estimate."
37735510107557,San Diego,Carlsbad Unified,Calavera Hills Middle,24,"CDE English Learners by Grade and Language; summed across languages by school. School-based count, not resident tract estimate."
37735510113498,San Diego,Carlsbad Unified,Poinsettia Elementary,32,"CDE English Learners by Grade and Language; summed across languages by school. School-based count, not resident tract estimate."
37735510127423,San Diego,Carlsbad Unified,Sage Creek High,27,"CDE English Learners by Grade and Language; summed across languages by school. School-based count, not resident tract estimate."
37735513730017,San Diego,Carlsbad Unified,Carlsbad Village Academy,2,"CDE English Learners by Grade and Language; summed across languages by school. School-based count, not resident tract estimate."
37735513730694,San Diego,Carlsbad Unified,Carlsbad High,81,"CDE English Learners by Grade and Language; summed across languages by school. School-based count, not resident tract estimate."
37735516037774,San Diego,Carlsbad Unified,Buena Vista Elementary,11,"CDE English Learners by Grade and Language; summed across languages by school. School-based count, not resident tract estimate."
37735516037782,San Diego,Carlsbad Unified,Jefferson Elementary,61,"CDE English Learners by Grade and Language; summed across languages by school. School-based count, not resident tract estimate."
37735516037790,San Diego,Carlsbad Unified,Magnolia Elementary,6,"CDE English Learners by Grade and Language; summed across languages by school. School-based count, not resident tract estimate."
37735516037816,San Diego,Carlsbad Unified,Valley Middle,43,"CDE English Learners by Grade and Language; summed across languages by school. School-based count, not resident tract estimate."
37735516099352,San Diego,Carlsbad Unified,Kelly Elementary,10,"CDE English Learners by Grade and Language; summed across languages by school. School-based count, not resident tract estimate."
37735516106512,San Diego,Carlsbad Unified,Hope Elementary,19,"CDE English Learners by Grade and Language; summed across languages by school. School-based count, not resident tract estimate."
37735516109201,San Diego,Carlsbad Unified,Aviara Oaks Elementary,28,"CDE English Learners by Grade and Language; summed across languages by school. School-based count, not resident tract estimate."
37735516116578,San Diego,Carlsbad Unified,Pacific Rim Elementary,16,"CDE English Learners by Grade and Language; summed across languages by school. School-based count, not resident tract estimate."
37735516118137,San Diego,Carlsbad Unified,Aviara Oaks Middle,32,"CDE English Learners by Grade and Language; summed across languages by school. School-based count, not resident tract estimate."
37735516120711,San Diego,Carlsbad Unified,Calavera Hills Elementary,31,"CDE English Learners by Grade and Language; summed across languages by school. School-based count, not resident tract estimate."
37735690000001,San Diego,Oceanside Unified,"Nonpublic, Nonsectarian Schools",5,"CDE English Learners by Grade and Language; summed across languages by school. School-based count, not resident tract estimate."
37735690113514,San Diego,Oceanside Unified,Louise Foussat Elementary,93,"CDE English Learners by Grade and Language; summed across languages by school. School-based count, not resident tract estimate."
37735690113522,San Diego,Oceanside Unified,Cesar Chavez Middle,56,"CDE English Learners by Grade and Language; summed across languages by school. School-based count, not resident tract estimate."
37735690136267,San Diego,Oceanside Unified,Coastal Academy Charter,20,"CDE English Learners by Grade and Language; summed across languages by school. School-based count, not resident tract estimate."
37735690140079,San Diego,Oceanside Unified,Surfside Academy,15,"CDE English Learners by Grade and Language; summed across languages by school. School-based count, not resident tract estimate."
37735690140343,San Diego,Oceanside Unified,Oceanside Unified School District Adult Transition Program,7,"CDE English Learners by Grade and Language; summed across languages by school. School-based count, not resident tract estimate."
37735693731221,San Diego,Oceanside Unified,Pacific View Charter,25,"CDE English Learners by Grade and Language; summed across languages by school. School-based count, not resident tract estimate."
37735693735206,San Diego,Oceanside Unified,Oceanside High,138,"CDE English Learners by Grade and Language; summed across languages by school. School-based count, not resident tract estimate."
37735693739018,San Diego,Oceanside Unified,El Camino High,160,"CDE English Learners by Grade and Language; summed across languages by school. School-based count, not resident tract estimate."
37735693739026,San Diego,Oceanside Unified,Surfside High (Continuation),17,"CDE English Learners by Grade and Language; summed across languages by school. School-based count, not resident tract estimate."
37735696038830,San Diego,Oceanside Unified,Jefferson Middle,105,"CDE English Learners by Grade and Language; summed across languages by school. School-based count, not resident tract estimate."
37735696038848,San Diego,Oceanside Unified,Laurel Elementary,98,"CDE English Learners by Grade and Language; summed across languages by school. School-based count, not resident tract estimate."
37735696038855,San Diego,Oceanside Unified,Libby Elementary,128,"CDE English Learners by Grade and Language; summed across languages by school. School-based count, not resident tract estimate."
37735696038863,San Diego,Oceanside Unified,Lincoln Middle,61,"CDE English Learners by Grade and Language; summed across languages by school. School-based count, not resident tract estimate."
37735696038871,San Diego,Oceanside Unified,Mission Elementary,143,"CDE English Learners by Grade and Language; summed across languages by school. School-based count, not resident tract estimate."
37735696038889,San Diego,Oceanside Unified,North Terrace Elementary,18,"CDE English Learners by Grade and Language; summed across languages by school. School-based count, not resident tract estimate."
37735696038897,San Diego,Oceanside Unified,Palmquist Elementary,26,"CDE English Learners by Grade and Language; summed across languages by school. School-based count, not resident tract estimate."
37735696038905,San Diego,Oceanside Unified,Pablo Tac School of the Arts,87,"CDE English Learners by Grade and Language; summed across languages by school. School-based count, not resident tract estimate."
37735696038913,San Diego,Oceanside Unified,Santa Margarita Elementary,10,"CDE English Learners by Grade and Language; summed across languages by school. School-based count, not resident tract estimate."
37735696038921,San Diego,Oceanside Unified,South Oceanside Elementary,37,"CDE English Learners by Grade and Language; summed across languages by school. School-based count, not resident tract estimate."
37735696088991,San Diego,Oceanside Unified,Del Rio Elementary,49,"CDE English Learners by Grade and Language; summed across languages by school. School-based count, not resident tract estimate."
37735696108211,San Diego,Oceanside Unified,Christa McAuliffe Elementary,47,"CDE English Learners by Grade and Language; summed across languages by school. School-based count, not resident tract estimate."
37735696109995,San Diego,Oceanside Unified,Ivey Ranch Elementary,31,"CDE English Learners by Grade and Language; summed across languages by school. School-based count, not resident tract estimate."
37735696111777,San Diego,Oceanside Unified,Martin Luther King Jr. Middle,79,"CDE English Learners by Grade and Language; summed across languages by school. School-based count, not resident tract estimate."
37735696115299,San Diego,Oceanside Unified,Stuart Mesa Elementary,19,"CDE English Learners by Grade and Language; summed across languages by school. School-based count, not resident tract estimate."
37735696119713,San Diego,Oceanside Unified,Nichols Elementary,63,"CDE English Learners by Grade and Language; summed across languages by school. School-based count, not resident tract estimate."
37737910105684,San Diego,San Marcos Unified,San Elijo Middle,24,"CDE English Learners by Grade and Language; summed across languages by school. School-based count, not resident tract estimate."
37737910105726,San Diego,San Marcos Unified,Mission Hills High,190,"CDE English Learners by Grade and Language; summed across languages by school. School-based count, not resident tract estimate."
37737910111468,San Diego,San Marcos Unified,San Elijo Elementary,24,"CDE English Learners by Grade and Language; summed across languages by school. School-based count, not resident tract estimate."
37737910116467,San Diego,San Marcos Unified,Joli Ann Leichtag Elementary,158,"CDE English Learners by Grade and Language; summed across languages by school. School-based count, not resident tract estimate."
37737910131433,San Diego,San Marcos Unified,Double Peak,44,"CDE English Learners by Grade and Language; summed across languages by school. School-based count, not resident tract estimate."
37737910138222,San Diego,San Marcos Unified,Pivot Charter School - San Diego II,5,"CDE English Learners by Grade and Language; summed across languages by school. School-based count, not resident tract estimate."
37737913730215,San Diego,San Marcos Unified,Twin Oaks High,41,"CDE English Learners by Grade and Language; summed across languages by school. School-based count, not resident tract estimate."
37737913730793,San Diego,San Marcos Unified,Foothills High,4,"CDE English Learners by Grade and Language; summed across languages by school. School-based count, not resident tract estimate."
37737913737632,San Diego,San Marcos Unified,San Marcos High,186,"CDE English Learners by Grade and Language; summed across languages by school. School-based count, not resident tract estimate."
37737916039069,San Diego,San Marcos Unified,La Mirada Academy,226,"CDE English Learners by Grade and Language; summed across languages by school. School-based count, not resident tract estimate."
37737916039077,San Diego,San Marcos Unified,Richland Elementary,50,"CDE English Learners by Grade and Language; summed across languages by school. School-based count, not resident tract estimate."
37737916039085,San Diego,San Marcos Unified,San Marcos Elementary,270,"CDE English Learners by Grade and Language; summed across languages by school. School-based count, not resident tract estimate."
37737916039093,San Diego,San Marcos Unified,San Marcos Middle,167,"CDE English Learners by Grade and Language; summed across languages by school. School-based count, not resident tract estimate."
37737916095061,San Diego,San Marcos Unified,Woodland Park Middle,81,"CDE English Learners by Grade and Language; summed across languages by school. School-based count, not resident tract estimate."
37737916105993,San Diego,San Marcos Unified,La Costa Meadows Elementary,23,"CDE English Learners by Grade and Language; summed across languages by school. School-based count, not resident tract estimate."
37737916107148,San Diego,San Marcos Unified,Knob Hill Elementary,65,"CDE English Learners by Grade and Language; summed across languages by school. School-based count, not resident tract estimate."
37737916108872,San Diego,San Marcos Unified,Paloma Elementary,65,"CDE English Learners by Grade and Language; summed across languages by school. School-based count, not resident tract estimate."
37737916114169,San Diego,San Marcos Unified,Discovery Elementary,33,"CDE English Learners by Grade and Language; summed across languages by school. School-based count, not resident tract estimate."
37737916115349,San Diego,San Marcos Unified,Twin Oaks Elementary,120,"CDE English Learners by Grade and Language; summed across languages by school. School-based count, not resident tract estimate."
37737916116206,San Diego,San Marcos Unified,Carrillo Elementary,32,"CDE English Learners by Grade and Language; summed across languages by school. School-based count, not resident tract estimate."
37754160132472,San Diego,Warner Unified,California Pacific Charter - San Diego,22,"CDE English Learners by Grade and Language; summed across languages by school. School-based count, not resident tract estimate."
37754160138651,San Diego,Warner Unified,San Diego Mission Academy,54,"CDE English Learners by Grade and Language; summed across languages by school. School-based count, not resident tract estimate."
37754160139378,San Diego,Warner Unified,Sage Oak Charter School - South,13,"CDE English Learners by Grade and Language; summed across languages by school. School-based count, not resident tract estimate."
37754160139386,San Diego,Warner Unified,Excel Academy Charter,37,"CDE English Learners by Grade and Language; summed across languages by school. School-based count, not resident tract estimate."
37754160139451,San Diego,Warner Unified,Pathways Academy Charter School - Adult Education,70,"CDE English Learners by Grade and Language; summed across languages by school. School-based count, not resident tract estimate."
37754163730975,San Diego,Warner Unified,Warner Junior/Senior High,11,"CDE English Learners by Grade and Language; summed across languages by school. School-based count, not resident tract estimate."
37754166040661,San Diego,Warner Unified,Warner Elementary,13,"CDE English Learners by Grade and Language; summed across languages by school. School-based count, not resident tract estimate."
37754166119275,San Diego,Warner Unified,All Tribes Charter,1,"CDE English Learners by Grade and Language; summed across languages by school. School-based count, not resident tract estimate."
37756140100511,San Diego,Valley Center-Pauma Unified,Lilac,112,"CDE English Learners by Grade and Language; summed across languages by school. School-based count, not resident tract estimate."
37756143731114,San Diego,Valley Center-Pauma Unified,Valley Center High,115,"CDE English Learners by Grade and Language; summed across languages by school. School-based count, not resident tract estimate."
37756143731312,San Diego,Valley Center-Pauma Unified,Oak Glen High,24,"CDE English Learners by Grade and Language; summed across languages by school. School-based count, not resident tract estimate."
37756143731601,San Diego,Valley Center-Pauma Unified,Valley Center Prep,2,"CDE English Learners by Grade and Language; summed across languages by school. School-based count, not resident tract estimate."
37756146038962,San Diego,Valley Center-Pauma Unified,Pauma Elementary,93,"CDE English Learners by Grade and Language; summed across languages by school. School-based count, not resident tract estimate."
37756146093272,San Diego,Valley Center-Pauma Unified,Valley Center Middle,149,"CDE English Learners by Grade and Language; summed across languages by school. School-based count, not resident tract estimate."
37756146106124,San Diego,Valley Center-Pauma Unified,Valley Center Primary,119,"CDE English Learners by Grade and Language; summed across languages by school. School-based count, not resident tract estimate."
37756146112494,San Diego,Valley Center-Pauma Unified,Valley Center Elementary,128,"CDE English Learners by Grade and Language; summed across languages by school. School-based count, not resident tract estimate."
37768510110122,San Diego,Bonsall Unified,Bonsall West Elementary,9,"CDE English Learners by Grade and Language; summed across languages by school. School-based count, not resident tract estimate."
37768510129320,San Diego,Bonsall Unified,Bonsall High,33,"CDE English Learners by Grade and Language; summed across languages by school. School-based count, not resident tract estimate."
37768516037543,San Diego,Bonsall Unified,Bonsall Elementary,87,"CDE English Learners by Grade and Language; summed across languages by school. School-based count, not resident tract estimate."
37768516108567,San Diego,Bonsall Unified,Norman L. Sullivan Middle,27,"CDE English Learners by Grade and Language; summed across languages by school. School-based count, not resident tract estimate."
37768516113468,San Diego,Bonsall Unified,Vivian Banks Charter,12,"CDE English Learners by Grade and Language; summed across languages by school. School-based count, not resident tract estimate."
37771560137323,San Diego,SBE - Vista Springs Charter,Vista Springs Charter,62,"CDE English Learners by Grade and Language; summed across languages by school. School-based count, not resident tract estimate."
37771640137356,San Diego,SBE - College Preparatory Middle,College Preparatory Middle,22,"CDE English Learners by Grade and Language; summed across languages by school. School-based count, not resident tract estimate."
37771720138099,San Diego,SBE - Baypoint Preparatory Academy San Diego,Baypoint Preparatory Academy - San Diego,25,"CDE English Learners by Grade and Language; summed across languages by school. School-based count, not resident tract estimate."
