cds,county_name,district_name,school_name,language_code,language,english_learner_students
37103710108548,San Diego,San Diego County Office of Education,Iftin Charter,per,Persian (Farsi),32
37103710108548,San Diego,San Diego County Office of Education,Iftin Charter,pus,Pushto; Pashto,38
37103710108548,San Diego,San Diego County Office of Education,Iftin Charter,ira,Iranian languages,1
37103710108548,San Diego,San Diego County Office of Education,Iftin Charter,fre,French,2
37103710108548,San Diego,San Diego County Office of Education,Iftin Charter,hat,Haitian; Haitian Creole,23
37103710108548,San Diego,San Diego County Office of Education,Iftin Charter,mis,Uncoded languages (Other non-English languages),31
37103710108548,San Diego,San Diego County Office of Education,Iftin Charter,spa,Spanish; Castilian,18
37103710108548,San Diego,San Diego County Office of Education,Iftin Charter,cld,Chaldean Neo-Aramaic (Chaldean),1
37103710108548,San Diego,San Diego County Office of Education,Iftin Charter,por,Portuguese,5
37103710108548,San Diego,San Diego County Office of Education,Iftin Charter,som,Somali,127
37103710108548,San Diego,San Diego County Office of Education,Iftin Charter,orm,Oromo,1
37103710108548,San Diego,San Diego County Office of Education,Iftin Charter,bat,Other Baltic languages,1
37103710108548,San Diego,San Diego County Office of Education,Iftin Charter,cpf,"Creoles and pidgins, French-based",3
37103710108548,San Diego,San Diego County Office of Education,Iftin Charter,rus,Russian,1
37103710108548,San Diego,San Diego County Office of Education,Iftin Charter,ara,Arabic,7
37103710114678,San Diego,San Diego County Office of Education,High Tech High Chula Vista,phi,Philippine languages,1
37103710114678,San Diego,San Diego County Office of Education,High Tech High Chula Vista,spa,Spanish; Castilian,49
37103710114694,San Diego,San Diego County Office of Education,High Tech High North County,rus,Russian,1
37103710114694,San Diego,San Diego County Office of Education,High Tech High North County,spa,Spanish; Castilian,2
37103710115998,San Diego,San Diego County Office of Education,San Pasqual Academy,fre,French,1
37103710115998,San Diego,San Diego County Office of Education,San Pasqual Academy,spa,Spanish; Castilian,4
37103710119271,San Diego,San Diego County Office of Education,High Tech Middle North County,spa,Spanish; Castilian,23
37103710120485,San Diego,San Diego County Office of Education,Davila Day,mis,Uncoded languages (Other non-English languages),1
37103710120485,San Diego,San Diego County Office of Education,Davila Day,spa,Spanish; Castilian,5
37103710120485,San Diego,San Diego County Office of Education,Davila Day,ara,Arabic,1
37103710120493,San Diego,San Diego County Office of Education,Monarch,spa,Spanish; Castilian,83
37103710123042,San Diego,San Diego County Office of Education,High Tech Middle Chula Vista,jpn,Japanese,1
37103710123042,San Diego,San Diego County Office of Education,High Tech Middle Chula Vista,ara,Arabic,1
37103710123042,San Diego,San Diego County Office of Education,High Tech Middle Chula Vista,spa,Spanish; Castilian,42
37103710123059,San Diego,San Diego County Office of Education,High Tech Elementary Chula Vista,spa,Spanish; Castilian,83
37103710123059,San Diego,San Diego County Office of Education,High Tech Elementary Chula Vista,tgl,Tagalog,1
37103710123059,San Diego,San Diego County Office of Education,High Tech Elementary Chula Vista,urd,Urdu,1
37103710123059,San Diego,San Diego County Office of Education,High Tech Elementary Chula Vista,cmn,"Mandarin Chinese (Putonghua, Guoyu)",1
37103710123059,San Diego,San Diego County Office of Education,High Tech Elementary Chula Vista,ara,Arabic,1
37103710123059,San Diego,San Diego County Office of Education,High Tech Elementary Chula Vista,phi,Philippine languages,1
37103710124321,San Diego,San Diego County Office of Education,Howard Gardner Community Charter,spa,Spanish; Castilian,104
37103710127605,San Diego,San Diego County Office of Education,High Tech Elementary North County,kor,Korean,1
37103710127605,San Diego,San Diego County Office of Education,High Tech Elementary North County,arm,Armenian,1
37103710127605,San Diego,San Diego County Office of Education,High Tech Elementary North County,jpn,Japanese,1
37103710127605,San Diego,San Diego County Office of Education,High Tech Elementary North County,cmn,"Mandarin Chinese (Putonghua, Guoyu)",1
37103710127605,San Diego,San Diego County Office of Education,High Tech Elementary North County,ara,Arabic,2
37103710127605,San Diego,San Diego County Office of Education,High Tech Elementary North County,und,Undetermined,1
37103710127605,San Diego,San Diego County Office of Education,High Tech Elementary North County,vie,Vietnamese,1
37103710127605,San Diego,San Diego County Office of Education,High Tech Elementary North County,spa,Spanish; Castilian,47
37103710128520,San Diego,San Diego County Office of Education,San Diego County Community,cpf,"Creoles and pidgins, French-based",3
37103710128520,San Diego,San Diego County Office of Education,San Diego County Community,pus,Pushto; Pashto,1
37103710128520,San Diego,San Diego County Office of Education,San Diego County Community,spa,Spanish; Castilian,165
37103710128520,San Diego,San Diego County Office of Education,San Diego County Community,crp,Creoles and pidgins,1
37103710128520,San Diego,San Diego County Office of Education,San Diego County Community,fre,French,1
37103710128520,San Diego,San Diego County Office of Education,San Diego County Community,hat,Haitian; Haitian Creole,10
37103710128520,San Diego,San Diego County Office of Education,San Diego County Community,cld,Chaldean Neo-Aramaic (Chaldean),2
37103710128538,San Diego,San Diego County Office of Education,San Diego County Court,spa,Spanish; Castilian,41
37103710134577,San Diego,San Diego County Office of Education,Audeo Charter II,per,Persian (Farsi),1
37103710134577,San Diego,San Diego County Office of Education,Audeo Charter II,mis,Uncoded languages (Other non-English languages),1
37103710134577,San Diego,San Diego County Office of Education,Audeo Charter II,som,Somali,2
37103710134577,San Diego,San Diego County Office of Education,Audeo Charter II,spa,Spanish; Castilian,20
37103710136085,San Diego,San Diego County Office of Education,Scholarship Prep - Oceanside,cld,Chaldean Neo-Aramaic (Chaldean),1
37103710136085,San Diego,San Diego County Office of Education,Scholarship Prep - Oceanside,fre,French,2
37103710136085,San Diego,San Diego County Office of Education,Scholarship Prep - Oceanside,ara,Arabic,2
37103710136085,San Diego,San Diego County Office of Education,Scholarship Prep - Oceanside,spa,Spanish; Castilian,83
37103710136085,San Diego,San Diego County Office of Education,Scholarship Prep - Oceanside,tha,Thai,1
37103710136473,San Diego,San Diego County Office of Education,Altus Schools South Bay,som,Somali,1
37103710136473,San Diego,San Diego County Office of Education,Altus Schools South Bay,spa,Spanish; Castilian,81
37103710136473,San Diego,San Diego County Office of Education,Altus Schools South Bay,ara,Arabic,2
37103710137067,San Diego,San Diego County Office of Education,High Tech High Mesa,per,Persian (Farsi),1
37103710137067,San Diego,San Diego County Office of Education,High Tech High Mesa,ara,Arabic,1
37103710137067,San Diego,San Diego County Office of Education,High Tech High Mesa,khm,"Khmer, Central Khmer",1
37103710137067,San Diego,San Diego County Office of Education,High Tech High Mesa,heb,Hebrew,1
37103710137067,San Diego,San Diego County Office of Education,High Tech High Mesa,spa,Spanish; Castilian,13
37103710137067,San Diego,San Diego County Office of Education,High Tech High Mesa,vie,Vietnamese,3
37103710137695,San Diego,San Diego County Office of Education,Community Montessori,rus,Russian,4
37103710137695,San Diego,San Diego County Office of Education,Community Montessori,ara,Arabic,2
37103710137695,San Diego,San Diego County Office of Education,Community Montessori,cmn,"Mandarin Chinese (Putonghua, Guoyu)",1
37103710137695,San Diego,San Diego County Office of Education,Community Montessori,vie,Vietnamese,1
37103710137695,San Diego,San Diego County Office of Education,Community Montessori,jpn,Japanese,2
37103710137695,San Diego,San Diego County Office of Education,Community Montessori,spa,Spanish; Castilian,9
37103710137695,San Diego,San Diego County Office of Education,Community Montessori,heb,Hebrew,1
37103710137752,San Diego,San Diego County Office of Education,Dimensions Collaborative,jpn,Japanese,1
37103710137752,San Diego,San Diego County Office of Education,Dimensions Collaborative,swa,Swahili,1
37103710137752,San Diego,San Diego County Office of Education,Dimensions Collaborative,vie,Vietnamese,1
37103710137752,San Diego,San Diego County Office of Education,Dimensions Collaborative,mis,Uncoded languages (Other non-English languages),1
37103710137752,San Diego,San Diego County Office of Education,Dimensions Collaborative,myn,Mayan languages,1
37103710137752,San Diego,San Diego County Office of Education,Dimensions Collaborative,som,Somali,2
37103710137752,San Diego,San Diego County Office of Education,Dimensions Collaborative,ara,Arabic,1
37103710137752,San Diego,San Diego County Office of Education,Dimensions Collaborative,spa,Spanish; Castilian,18
37103710137752,San Diego,San Diego County Office of Education,Dimensions Collaborative,rus,Russian,1
37103710138016,San Diego,San Diego County Office of Education,Pacific Springs Charter,bur,Burmese,1
37103710138016,San Diego,San Diego County Office of Education,Pacific Springs Charter,mis,Uncoded languages (Other non-English languages),4
37103710138016,San Diego,San Diego County Office of Education,Pacific Springs Charter,urd,Urdu,1
37103710138016,San Diego,San Diego County Office of Education,Pacific Springs Charter,fil,Filipino; Pilipino,1
37103710138016,San Diego,San Diego County Office of Education,Pacific Springs Charter,spa,Spanish; Castilian,71
37103710138016,San Diego,San Diego County Office of Education,Pacific Springs Charter,som,Somali,1
37103710138404,San Diego,San Diego County Office of Education,Classical Academy Vista,dan,Danish,2
37103710138404,San Diego,San Diego County Office of Education,Classical Academy Vista,spa,Spanish; Castilian,1
37103710138594,San Diego,San Diego County Office of Education,Dual Language Immersion North County,cmn,"Mandarin Chinese (Putonghua, Guoyu)",1
37103710138594,San Diego,San Diego County Office of Education,Dual Language Immersion North County,spa,Spanish; Castilian,39
37103710138594,San Diego,San Diego County Office of Education,Dual Language Immersion North County,tgl,Tagalog,1
37103710138768,San Diego,San Diego County Office of Education,High Tech Middle Mesa,cmn,"Mandarin Chinese (Putonghua, Guoyu)",1
37103710138768,San Diego,San Diego County Office of Education,High Tech Middle Mesa,vie,Vietnamese,5
37103710138768,San Diego,San Diego County Office of Education,High Tech Middle Mesa,rus,Russian,1
37103710138768,San Diego,San Diego County Office of Education,High Tech Middle Mesa,per,Persian (Farsi),2
37103710138768,San Diego,San Diego County Office of Education,High Tech Middle Mesa,mis,Uncoded languages (Other non-English languages),1
37103710138768,San Diego,San Diego County Office of Education,High Tech Middle Mesa,spa,Spanish; Castilian,10
37103710138776,San Diego,San Diego County Office of Education,High Tech Elementary Mesa,vie,Vietnamese,2
37103710138776,San Diego,San Diego County Office of Education,High Tech Elementary Mesa,per,Persian (Farsi),3
37103710138776,San Diego,San Diego County Office of Education,High Tech Elementary Mesa,lao,Lao,2
37103710138776,San Diego,San Diego County Office of Education,High Tech Elementary Mesa,yue,Yue Chinese (Cantonese),1
37103710138776,San Diego,San Diego County Office of Education,High Tech Elementary Mesa,heb,Hebrew,2
37103710138776,San Diego,San Diego County Office of Education,High Tech Elementary Mesa,mis,Uncoded languages (Other non-English languages),1
37103710138776,San Diego,San Diego County Office of Education,High Tech Elementary Mesa,ger,German,1
37103710138776,San Diego,San Diego County Office of Education,High Tech Elementary Mesa,jpn,Japanese,2
37103710138776,San Diego,San Diego County Office of Education,High Tech Elementary Mesa,tha,Thai,1
37103710138776,San Diego,San Diego County Office of Education,High Tech Elementary Mesa,ita,Italian,1
37103710138776,San Diego,San Diego County Office of Education,High Tech Elementary Mesa,pus,Pushto; Pashto,1
37103710138776,San Diego,San Diego County Office of Education,High Tech Elementary Mesa,rus,Russian,3
37103710138776,San Diego,San Diego County Office of Education,High Tech Elementary Mesa,cmn,"Mandarin Chinese (Putonghua, Guoyu)",2
37103710138776,San Diego,San Diego County Office of Education,High Tech Elementary Mesa,nep,Nepali,1
37103710138776,San Diego,San Diego County Office of Education,High Tech Elementary Mesa,por,Portuguese,1
37103710138776,San Diego,San Diego County Office of Education,High Tech Elementary Mesa,spa,Spanish; Castilian,19
37103710138776,San Diego,San Diego County Office of Education,High Tech Elementary Mesa,amh,Amharic,2
37103710138776,San Diego,San Diego County Office of Education,High Tech Elementary Mesa,phi,Philippine languages,1
37103710138792,San Diego,San Diego County Office of Education,JCS - Manzanita,kur,Kurdish,1
37103710138792,San Diego,San Diego County Office of Education,JCS - Manzanita,amh,Amharic,1
37103710138792,San Diego,San Diego County Office of Education,JCS - Manzanita,dan,Danish,1
37103710138792,San Diego,San Diego County Office of Education,JCS - Manzanita,mis,Uncoded languages (Other non-English languages),1
37103710138792,San Diego,San Diego County Office of Education,JCS - Manzanita,ara,Arabic,1
37103710138792,San Diego,San Diego County Office of Education,JCS - Manzanita,spa,Spanish; Castilian,12
37103711996545,San Diego,San Diego County Office of Education,North Coastal Consortium Schools,spa,Spanish; Castilian,2
37103716069355,San Diego,San Diego County Office of Education,San Diego County Special Education,spa,Spanish; Castilian,9
37103716119119,San Diego,San Diego County Office of Education,Literacy First Charter,mis,Uncoded languages (Other non-English languages),4
37103716119119,San Diego,San Diego County Office of Education,Literacy First Charter,som,Somali,1
37103716119119,San Diego,San Diego County Office of Education,Literacy First Charter,syr,Syriac,2
37103716119119,San Diego,San Diego County Office of Education,Literacy First Charter,tgl,Tagalog,1
37103716119119,San Diego,San Diego County Office of Education,Literacy First Charter,kur,Kurdish,3
37103716119119,San Diego,San Diego County Office of Education,Literacy First Charter,dar,Dargwa,2
37103716119119,San Diego,San Diego County Office of Education,Literacy First Charter,jpn,Japanese,2
37103716119119,San Diego,San Diego County Office of Education,Literacy First Charter,pus,Pushto; Pashto,1
37103716119119,San Diego,San Diego County Office of Education,Literacy First Charter,hat,Haitian; Haitian Creole,1
37103716119119,San Diego,San Diego County Office of Education,Literacy First Charter,phi,Philippine languages,1
37103716119119,San Diego,San Diego County Office of Education,Literacy First Charter,rus,Russian,1
37103716119119,San Diego,San Diego County Office of Education,Literacy First Charter,spa,Spanish; Castilian,55
37103716119119,San Diego,San Diego County Office of Education,Literacy First Charter,per,Persian (Farsi),12
37103716119119,San Diego,San Diego County Office of Education,Literacy First Charter,ara,Arabic,116
37103716119119,San Diego,San Diego County Office of Education,Literacy First Charter,cld,Chaldean Neo-Aramaic (Chaldean),248
37679676037535,San Diego,Alpine Union Elementary,Joan MacQueen Middle,cmn,"Mandarin Chinese (Putonghua, Guoyu)",1
37679676037535,San Diego,Alpine Union Elementary,Joan MacQueen Middle,ara,Arabic,1
37679676037535,San Diego,Alpine Union Elementary,Joan MacQueen Middle,spa,Spanish; Castilian,17
37679676106256,San Diego,Alpine Union Elementary,Shadow Hills Elementary,spa,Spanish; Castilian,30
37679676106256,San Diego,Alpine Union Elementary,Shadow Hills Elementary,per,Persian (Farsi),1
37679676109086,San Diego,Alpine Union Elementary,Boulder Oaks Elementary,cld,Chaldean Neo-Aramaic (Chaldean),1
37679676109086,San Diego,Alpine Union Elementary,Boulder Oaks Elementary,spa,Spanish; Castilian,14
37679676109086,San Diego,Alpine Union Elementary,Boulder Oaks Elementary,vie,Vietnamese,1
37679676109086,San Diego,Alpine Union Elementary,Boulder Oaks Elementary,ger,German,2
37679676109953,San Diego,Alpine Union Elementary,Mountain View Learning Academy,spa,Spanish; Castilian,1
37679676118723,San Diego,Alpine Union Elementary,Creekside Early Learning Center,spa,Spanish; Castilian,8
37679830134890,San Diego,Borrego Springs Unified,San Diego Workforce Innovation High,per,Persian (Farsi),6
37679830134890,San Diego,Borrego Springs Unified,San Diego Workforce Innovation High,tgl,Tagalog,1
37679830134890,San Diego,Borrego Springs Unified,San Diego Workforce Innovation High,kar,Karen languages,2
37679830134890,San Diego,Borrego Springs Unified,San Diego Workforce Innovation High,ara,Arabic,66
37679830134890,San Diego,Borrego Springs Unified,San Diego Workforce Innovation High,kur,Kurdish,1
37679830134890,San Diego,Borrego Springs Unified,San Diego Workforce Innovation High,tur,Turkish,1
37679830134890,San Diego,Borrego Springs Unified,San Diego Workforce Innovation High,spa,Spanish; Castilian,546
37679830134890,San Diego,Borrego Springs Unified,San Diego Workforce Innovation High,cld,Chaldean Neo-Aramaic (Chaldean),18
37679830134890,San Diego,Borrego Springs Unified,San Diego Workforce Innovation High,rus,Russian,1
37679830134890,San Diego,Borrego Springs Unified,San Diego Workforce Innovation High,smo,Samoan,1
37679830134890,San Diego,Borrego Springs Unified,San Diego Workforce Innovation High,khm,"Khmer, Central Khmer",1
37679830134890,San Diego,Borrego Springs Unified,San Diego Workforce Innovation High,som,Somali,8
37679830134890,San Diego,Borrego Springs Unified,San Diego Workforce Innovation High,syr,Syriac,1
37679830134890,San Diego,Borrego Springs Unified,San Diego Workforce Innovation High,phi,Philippine languages,2
37679830134890,San Diego,Borrego Springs Unified,San Diego Workforce Innovation High,pus,Pushto; Pashto,11
37679833730447,San Diego,Borrego Springs Unified,Borrego Springs High,cpe,"Creoles and pidgins, English based",1
37679833730447,San Diego,Borrego Springs Unified,Borrego Springs High,spa,Spanish; Castilian,24
37679836037550,San Diego,Borrego Springs Unified,Borrego Springs Elementary,por,Portuguese,2
37679836037550,San Diego,Borrego Springs Unified,Borrego Springs Elementary,cpe,"Creoles and pidgins, English based",1
37679836037550,San Diego,Borrego Springs Unified,Borrego Springs Elementary,spa,Spanish; Castilian,78
37679836115315,San Diego,Borrego Springs Unified,Borrego Springs Middle,phi,Philippine languages,1
37679836115315,San Diego,Borrego Springs Unified,Borrego Springs Middle,spa,Spanish; Castilian,25
37679910000001,San Diego,Cajon Valley Union,"Nonpublic, Nonsectarian Schools",spa,Spanish; Castilian,2
37679910000001,San Diego,Cajon Valley Union,"Nonpublic, Nonsectarian Schools",ara,Arabic,2
37679910108563,San Diego,Cajon Valley Union,EJE Elementary Academy Charter,spa,Spanish; Castilian,244
37679910108563,San Diego,Cajon Valley Union,EJE Elementary Academy Charter,phi,Philippine languages,1
37679910108563,San Diego,Cajon Valley Union,EJE Elementary Academy Charter,rus,Russian,1
37679910111005,San Diego,Cajon Valley Union,Los Coches Creek Middle,ara,Arabic,1
37679910111005,San Diego,Cajon Valley Union,Los Coches Creek Middle,cha,Chamorro (Guamanian),1
37679910111005,San Diego,Cajon Valley Union,Los Coches Creek Middle,per,Persian (Farsi),1
37679910111005,San Diego,Cajon Valley Union,Los Coches Creek Middle,rus,Russian,1
37679910111005,San Diego,Cajon Valley Union,Los Coches Creek Middle,pus,Pushto; Pashto,4
37679910111005,San Diego,Cajon Valley Union,Los Coches Creek Middle,spa,Spanish; Castilian,16
37679910111005,San Diego,Cajon Valley Union,Los Coches Creek Middle,khm,"Khmer, Central Khmer",1
37679910119255,San Diego,Cajon Valley Union,EJE Middle Academy,ara,Arabic,1
37679910119255,San Diego,Cajon Valley Union,EJE Middle Academy,spa,Spanish; Castilian,75
37679910136176,San Diego,Cajon Valley Union,Empower,spa,Spanish; Castilian,2
37679910139394,San Diego,Cajon Valley Union,Kidinnu Academy,cld,Chaldean Neo-Aramaic (Chaldean),206
37679910139394,San Diego,Cajon Valley Union,Kidinnu Academy,ara,Arabic,69
37679910139394,San Diego,Cajon Valley Union,Kidinnu Academy,pus,Pushto; Pashto,1
37679910139394,San Diego,Cajon Valley Union,Kidinnu Academy,syr,Syriac,1
37679910139394,San Diego,Cajon Valley Union,Kidinnu Academy,spa,Spanish; Castilian,3
37679910140558,San Diego,Cajon Valley Union,Bostonia Global,pus,Pushto; Pashto,43
37679910140558,San Diego,Cajon Valley Union,Bostonia Global,syr,Syriac,1
37679910140558,San Diego,Cajon Valley Union,Bostonia Global,ara,Arabic,34
37679910140558,San Diego,Cajon Valley Union,Bostonia Global,cmn,"Mandarin Chinese (Putonghua, Guoyu)",1
37679910140558,San Diego,Cajon Valley Union,Bostonia Global,kur,Kurdish,3
37679910140558,San Diego,Cajon Valley Union,Bostonia Global,mis,Uncoded languages (Other non-English languages),12
37679910140558,San Diego,Cajon Valley Union,Bostonia Global,cld,Chaldean Neo-Aramaic (Chaldean),11
37679910140558,San Diego,Cajon Valley Union,Bostonia Global,per,Persian (Farsi),6
37679910140558,San Diego,Cajon Valley Union,Bostonia Global,hat,Haitian; Haitian Creole,1
37679910140558,San Diego,Cajon Valley Union,Bostonia Global,spa,Spanish; Castilian,302
37679916037568,San Diego,Cajon Valley Union,Anza Elementary,swa,Swahili,2
37679916037568,San Diego,Cajon Valley Union,Anza Elementary,cld,Chaldean Neo-Aramaic (Chaldean),63
37679916037568,San Diego,Cajon Valley Union,Anza Elementary,phi,Philippine languages,2
37679916037568,San Diego,Cajon Valley Union,Anza Elementary,syr,Syriac,2
37679916037568,San Diego,Cajon Valley Union,Anza Elementary,ara,Arabic,73
37679916037568,San Diego,Cajon Valley Union,Anza Elementary,khm,"Khmer, Central Khmer",1
37679916037568,San Diego,Cajon Valley Union,Anza Elementary,mis,Uncoded languages (Other non-English languages),65
37679916037568,San Diego,Cajon Valley Union,Anza Elementary,por,Portuguese,2
37679916037568,San Diego,Cajon Valley Union,Anza Elementary,tur,Turkish,2
37679916037568,San Diego,Cajon Valley Union,Anza Elementary,mkh,Mon-Khmer languages,1
37679916037568,San Diego,Cajon Valley Union,Anza Elementary,kur,Kurdish,5
37679916037568,San Diego,Cajon Valley Union,Anza Elementary,spa,Spanish; Castilian,75
37679916037568,San Diego,Cajon Valley Union,Anza Elementary,hin,Hindi,1
37679916037568,San Diego,Cajon Valley Union,Anza Elementary,pus,Pushto; Pashto,109
37679916037568,San Diego,Cajon Valley Union,Anza Elementary,per,Persian (Farsi),30
37679916037584,San Diego,Cajon Valley Union,Cajon Valley Middle,alb,Albanian,1
37679916037584,San Diego,Cajon Valley Union,Cajon Valley Middle,cld,Chaldean Neo-Aramaic (Chaldean),15
37679916037584,San Diego,Cajon Valley Union,Cajon Valley Middle,rus,Russian,1
37679916037584,San Diego,Cajon Valley Union,Cajon Valley Middle,hat,Haitian; Haitian Creole,2
37679916037584,San Diego,Cajon Valley Union,Cajon Valley Middle,kur,Kurdish,4
37679916037584,San Diego,Cajon Valley Union,Cajon Valley Middle,mis,Uncoded languages (Other non-English languages),99
37679916037584,San Diego,Cajon Valley Union,Cajon Valley Middle,per,Persian (Farsi),60
37679916037584,San Diego,Cajon Valley Union,Cajon Valley Middle,swa,Swahili,3
37679916037584,San Diego,Cajon Valley Union,Cajon Valley Middle,hmn,Hmong; Mong,2
37679916037584,San Diego,Cajon Valley Union,Cajon Valley Middle,und,Undetermined,1
37679916037584,San Diego,Cajon Valley Union,Cajon Valley Middle,fre,French,2
37679916037584,San Diego,Cajon Valley Union,Cajon Valley Middle,tur,Turkish,3
37679916037584,San Diego,Cajon Valley Union,Cajon Valley Middle,ara,Arabic,97
37679916037584,San Diego,Cajon Valley Union,Cajon Valley Middle,pus,Pushto; Pashto,183
37679916037584,San Diego,Cajon Valley Union,Cajon Valley Middle,spa,Spanish; Castilian,143
37679916037584,San Diego,Cajon Valley Union,Cajon Valley Middle,cmn,"Mandarin Chinese (Putonghua, Guoyu)",1
37679916037592,San Diego,Cajon Valley Union,Chase Avenue Elementary,per,Persian (Farsi),33
37679916037592,San Diego,Cajon Valley Union,Chase Avenue Elementary,mis,Uncoded languages (Other non-English languages),40
37679916037592,San Diego,Cajon Valley Union,Chase Avenue Elementary,spa,Spanish; Castilian,80
37679916037592,San Diego,Cajon Valley Union,Chase Avenue Elementary,tur,Turkish,2
37679916037592,San Diego,Cajon Valley Union,Chase Avenue Elementary,pus,Pushto; Pashto,106
37679916037592,San Diego,Cajon Valley Union,Chase Avenue Elementary,kur,Kurdish,12
37679916037592,San Diego,Cajon Valley Union,Chase Avenue Elementary,cld,Chaldean Neo-Aramaic (Chaldean),35
37679916037592,San Diego,Cajon Valley Union,Chase Avenue Elementary,ara,Arabic,55
37679916037600,San Diego,Cajon Valley Union,Crest Elementary,spa,Spanish; Castilian,12
37679916037634,San Diego,Cajon Valley Union,Flying Hills School of Arts,som,Somali,1
37679916037634,San Diego,Cajon Valley Union,Flying Hills School of Arts,swa,Swahili,1
37679916037634,San Diego,Cajon Valley Union,Flying Hills School of Arts,alb,Albanian,2
37679916037634,San Diego,Cajon Valley Union,Flying Hills School of Arts,ara,Arabic,12
37679916037634,San Diego,Cajon Valley Union,Flying Hills School of Arts,hat,Haitian; Haitian Creole,1
37679916037634,San Diego,Cajon Valley Union,Flying Hills School of Arts,rus,Russian,2
37679916037634,San Diego,Cajon Valley Union,Flying Hills School of Arts,spa,Spanish; Castilian,51
37679916037634,San Diego,Cajon Valley Union,Flying Hills School of Arts,tur,Turkish,1
37679916037634,San Diego,Cajon Valley Union,Flying Hills School of Arts,vie,Vietnamese,1
37679916037634,San Diego,Cajon Valley Union,Flying Hills School of Arts,per,Persian (Farsi),4
37679916037634,San Diego,Cajon Valley Union,Flying Hills School of Arts,pus,Pushto; Pashto,8
37679916037634,San Diego,Cajon Valley Union,Flying Hills School of Arts,mis,Uncoded languages (Other non-English languages),8
37679916037642,San Diego,Cajon Valley Union,Fuerte Elementary,cld,Chaldean Neo-Aramaic (Chaldean),7
37679916037642,San Diego,Cajon Valley Union,Fuerte Elementary,fre,French,1
37679916037642,San Diego,Cajon Valley Union,Fuerte Elementary,jpn,Japanese,1
37679916037642,San Diego,Cajon Valley Union,Fuerte Elementary,ara,Arabic,21
37679916037642,San Diego,Cajon Valley Union,Fuerte Elementary,cmn,"Mandarin Chinese (Putonghua, Guoyu)",1
37679916037642,San Diego,Cajon Valley Union,Fuerte Elementary,mis,Uncoded languages (Other non-English languages),2
37679916037642,San Diego,Cajon Valley Union,Fuerte Elementary,pus,Pushto; Pashto,1
37679916037642,San Diego,Cajon Valley Union,Fuerte Elementary,spa,Spanish; Castilian,6
37679916037642,San Diego,Cajon Valley Union,Fuerte Elementary,tur,Turkish,6
37679916037642,San Diego,Cajon Valley Union,Fuerte Elementary,per,Persian (Farsi),2
37679916037659,San Diego,Cajon Valley Union,Greenfield Middle,phi,Philippine languages,2
37679916037659,San Diego,Cajon Valley Union,Greenfield Middle,syr,Syriac,1
37679916037659,San Diego,Cajon Valley Union,Greenfield Middle,cld,Chaldean Neo-Aramaic (Chaldean),16
37679916037659,San Diego,Cajon Valley Union,Greenfield Middle,ara,Arabic,38
37679916037659,San Diego,Cajon Valley Union,Greenfield Middle,kur,Kurdish,2
37679916037659,San Diego,Cajon Valley Union,Greenfield Middle,por,Portuguese,2
37679916037659,San Diego,Cajon Valley Union,Greenfield Middle,spa,Spanish; Castilian,109
37679916037659,San Diego,Cajon Valley Union,Greenfield Middle,fre,French,2
37679916037659,San Diego,Cajon Valley Union,Greenfield Middle,hat,Haitian; Haitian Creole,2
37679916037659,San Diego,Cajon Valley Union,Greenfield Middle,cpf,"Creoles and pidgins, French-based",2
37679916037659,San Diego,Cajon Valley Union,Greenfield Middle,ger,German,1
37679916037659,San Diego,Cajon Valley Union,Greenfield Middle,mis,Uncoded languages (Other non-English languages),35
37679916037659,San Diego,Cajon Valley Union,Greenfield Middle,per,Persian (Farsi),14
37679916037659,San Diego,Cajon Valley Union,Greenfield Middle,pus,Pushto; Pashto,68
37679916037659,San Diego,Cajon Valley Union,Greenfield Middle,swa,Swahili,1
37679916037675,San Diego,Cajon Valley Union,Johnson Elementary,phi,Philippine languages,3
37679916037675,San Diego,Cajon Valley Union,Johnson Elementary,por,Portuguese,1
37679916037675,San Diego,Cajon Valley Union,Johnson Elementary,mis,Uncoded languages (Other non-English languages),70
37679916037675,San Diego,Cajon Valley Union,Johnson Elementary,pus,Pushto; Pashto,69
37679916037675,San Diego,Cajon Valley Union,Johnson Elementary,ara,Arabic,49
37679916037675,San Diego,Cajon Valley Union,Johnson Elementary,alb,Albanian,1
37679916037675,San Diego,Cajon Valley Union,Johnson Elementary,cld,Chaldean Neo-Aramaic (Chaldean),4
37679916037675,San Diego,Cajon Valley Union,Johnson Elementary,per,Persian (Farsi),42
37679916037675,San Diego,Cajon Valley Union,Johnson Elementary,bur,Burmese,1
37679916037675,San Diego,Cajon Valley Union,Johnson Elementary,hat,Haitian; Haitian Creole,1
37679916037675,San Diego,Cajon Valley Union,Johnson Elementary,kur,Kurdish,2
37679916037675,San Diego,Cajon Valley Union,Johnson Elementary,spa,Spanish; Castilian,180
37679916037683,San Diego,Cajon Valley Union,Lexington Elementary,fre,French,1
37679916037683,San Diego,Cajon Valley Union,Lexington Elementary,mis,Uncoded languages (Other non-English languages),79
37679916037683,San Diego,Cajon Valley Union,Lexington Elementary,por,Portuguese,2
37679916037683,San Diego,Cajon Valley Union,Lexington Elementary,spa,Spanish; Castilian,181
37679916037683,San Diego,Cajon Valley Union,Lexington Elementary,cld,Chaldean Neo-Aramaic (Chaldean),46
37679916037683,San Diego,Cajon Valley Union,Lexington Elementary,cpf,"Creoles and pidgins, French-based",1
37679916037683,San Diego,Cajon Valley Union,Lexington Elementary,som,Somali,2
37679916037683,San Diego,Cajon Valley Union,Lexington Elementary,swa,Swahili,4
37679916037683,San Diego,Cajon Valley Union,Lexington Elementary,smo,Samoan,1
37679916037683,San Diego,Cajon Valley Union,Lexington Elementary,tur,Turkish,3
37679916037683,San Diego,Cajon Valley Union,Lexington Elementary,ara,Arabic,68
37679916037683,San Diego,Cajon Valley Union,Lexington Elementary,hat,Haitian; Haitian Creole,2
37679916037683,San Diego,Cajon Valley Union,Lexington Elementary,per,Persian (Farsi),44
37679916037683,San Diego,Cajon Valley Union,Lexington Elementary,pol,Polish,1
37679916037683,San Diego,Cajon Valley Union,Lexington Elementary,pus,Pushto; Pashto,90
37679916037691,San Diego,Cajon Valley Union,Madison Avenue Elementary,vie,Vietnamese,1
37679916037691,San Diego,Cajon Valley Union,Madison Avenue Elementary,pus,Pushto; Pashto,107
37679916037691,San Diego,Cajon Valley Union,Madison Avenue Elementary,spa,Spanish; Castilian,69
37679916037691,San Diego,Cajon Valley Union,Madison Avenue Elementary,hat,Haitian; Haitian Creole,1
37679916037691,San Diego,Cajon Valley Union,Madison Avenue Elementary,mis,Uncoded languages (Other non-English languages),24
37679916037691,San Diego,Cajon Valley Union,Madison Avenue Elementary,rus,Russian,1
37679916037691,San Diego,Cajon Valley Union,Madison Avenue Elementary,per,Persian (Farsi),6
37679916037691,San Diego,Cajon Valley Union,Madison Avenue Elementary,ara,Arabic,58
37679916037691,San Diego,Cajon Valley Union,Madison Avenue Elementary,cld,Chaldean Neo-Aramaic (Chaldean),26
37679916037691,San Diego,Cajon Valley Union,Madison Avenue Elementary,kur,Kurdish,6
37679916037691,San Diego,Cajon Valley Union,Madison Avenue Elementary,por,Portuguese,3
37679916037709,San Diego,Cajon Valley Union,Magnolia Elementary,cld,Chaldean Neo-Aramaic (Chaldean),7
37679916037709,San Diego,Cajon Valley Union,Magnolia Elementary,cpf,"Creoles and pidgins, French-based",3
37679916037709,San Diego,Cajon Valley Union,Magnolia Elementary,per,Persian (Farsi),17
37679916037709,San Diego,Cajon Valley Union,Magnolia Elementary,swa,Swahili,2
37679916037709,San Diego,Cajon Valley Union,Magnolia Elementary,pus,Pushto; Pashto,92
37679916037709,San Diego,Cajon Valley Union,Magnolia Elementary,rus,Russian,2
37679916037709,San Diego,Cajon Valley Union,Magnolia Elementary,por,Portuguese,8
37679916037709,San Diego,Cajon Valley Union,Magnolia Elementary,kur,Kurdish,1
37679916037709,San Diego,Cajon Valley Union,Magnolia Elementary,und,Undetermined,1
37679916037709,San Diego,Cajon Valley Union,Magnolia Elementary,ara,Arabic,25
37679916037709,San Diego,Cajon Valley Union,Magnolia Elementary,hat,Haitian; Haitian Creole,6
37679916037709,San Diego,Cajon Valley Union,Magnolia Elementary,spa,Spanish; Castilian,114
37679916037709,San Diego,Cajon Valley Union,Magnolia Elementary,mis,Uncoded languages (Other non-English languages),65
37679916037709,San Diego,Cajon Valley Union,Magnolia Elementary,pol,Polish,1
37679916037709,San Diego,Cajon Valley Union,Magnolia Elementary,smo,Samoan,1
37679916037717,San Diego,Cajon Valley Union,Meridian Elementary,pus,Pushto; Pashto,69
37679916037717,San Diego,Cajon Valley Union,Meridian Elementary,spa,Spanish; Castilian,33
37679916037717,San Diego,Cajon Valley Union,Meridian Elementary,alb,Albanian,1
37679916037717,San Diego,Cajon Valley Union,Meridian Elementary,fre,French,1
37679916037717,San Diego,Cajon Valley Union,Meridian Elementary,per,Persian (Farsi),25
37679916037717,San Diego,Cajon Valley Union,Meridian Elementary,ara,Arabic,54
37679916037717,San Diego,Cajon Valley Union,Meridian Elementary,cld,Chaldean Neo-Aramaic (Chaldean),44
37679916037717,San Diego,Cajon Valley Union,Meridian Elementary,kur,Kurdish,7
37679916037717,San Diego,Cajon Valley Union,Meridian Elementary,hat,Haitian; Haitian Creole,1
37679916037717,San Diego,Cajon Valley Union,Meridian Elementary,mis,Uncoded languages (Other non-English languages),38
37679916037717,San Diego,Cajon Valley Union,Meridian Elementary,tur,Turkish,1
37679916037725,San Diego,Cajon Valley Union,Naranca Elementary,ara,Arabic,64
37679916037725,San Diego,Cajon Valley Union,Naranca Elementary,pus,Pushto; Pashto,215
37679916037725,San Diego,Cajon Valley Union,Naranca Elementary,alb,Albanian,1
37679916037725,San Diego,Cajon Valley Union,Naranca Elementary,swa,Swahili,7
37679916037725,San Diego,Cajon Valley Union,Naranca Elementary,tur,Turkish,1
37679916037725,San Diego,Cajon Valley Union,Naranca Elementary,kur,Kurdish,2
37679916037725,San Diego,Cajon Valley Union,Naranca Elementary,vie,Vietnamese,1
37679916037725,San Diego,Cajon Valley Union,Naranca Elementary,mis,Uncoded languages (Other non-English languages),132
37679916037725,San Diego,Cajon Valley Union,Naranca Elementary,crp,Creoles and pidgins,1
37679916037725,San Diego,Cajon Valley Union,Naranca Elementary,smo,Samoan,1
37679916037725,San Diego,Cajon Valley Union,Naranca Elementary,spa,Spanish; Castilian,91
37679916037725,San Diego,Cajon Valley Union,Naranca Elementary,fre,French,1
37679916037725,San Diego,Cajon Valley Union,Naranca Elementary,cld,Chaldean Neo-Aramaic (Chaldean),10
37679916037725,San Diego,Cajon Valley Union,Naranca Elementary,per,Persian (Farsi),54
37679916037733,San Diego,Cajon Valley Union,Rios Elementary,syr,Syriac,1
37679916037733,San Diego,Cajon Valley Union,Rios Elementary,mis,Uncoded languages (Other non-English languages),2
37679916037733,San Diego,Cajon Valley Union,Rios Elementary,cpf,"Creoles and pidgins, French-based",1
37679916037733,San Diego,Cajon Valley Union,Rios Elementary,per,Persian (Farsi),1
37679916037733,San Diego,Cajon Valley Union,Rios Elementary,pus,Pushto; Pashto,2
37679916037733,San Diego,Cajon Valley Union,Rios Elementary,khm,"Khmer, Central Khmer",1
37679916037733,San Diego,Cajon Valley Union,Rios Elementary,spa,Spanish; Castilian,14
37679916037733,San Diego,Cajon Valley Union,Rios Elementary,ara,Arabic,1
37679916037733,San Diego,Cajon Valley Union,Rios Elementary,kur,Kurdish,1
37679916037733,San Diego,Cajon Valley Union,Rios Elementary,cld,Chaldean Neo-Aramaic (Chaldean),5
37679916037733,San Diego,Cajon Valley Union,Rios Elementary,fre,French,1
37679916037741,San Diego,Cajon Valley Union,W. D. Hall Elementary,cld,Chaldean Neo-Aramaic (Chaldean),24
37679916037741,San Diego,Cajon Valley Union,W. D. Hall Elementary,per,Persian (Farsi),15
37679916037741,San Diego,Cajon Valley Union,W. D. Hall Elementary,syr,Syriac,2
37679916037741,San Diego,Cajon Valley Union,W. D. Hall Elementary,mis,Uncoded languages (Other non-English languages),20
37679916037741,San Diego,Cajon Valley Union,W. D. Hall Elementary,tur,Turkish,1
37679916037741,San Diego,Cajon Valley Union,W. D. Hall Elementary,vie,Vietnamese,1
37679916037741,San Diego,Cajon Valley Union,W. D. Hall Elementary,ara,Arabic,41
37679916037741,San Diego,Cajon Valley Union,W. D. Hall Elementary,kur,Kurdish,1
37679916037741,San Diego,Cajon Valley Union,W. D. Hall Elementary,spa,Spanish; Castilian,56
37679916037741,San Diego,Cajon Valley Union,W. D. Hall Elementary,hat,Haitian; Haitian Creole,1
37679916037741,San Diego,Cajon Valley Union,W. D. Hall Elementary,pus,Pushto; Pashto,25
37679916037741,San Diego,Cajon Valley Union,W. D. Hall Elementary,und,Undetermined,1
37679916069082,San Diego,Cajon Valley Union,Avocado Elementary,per,Persian (Farsi),6
37679916069082,San Diego,Cajon Valley Union,Avocado Elementary,pus,Pushto; Pashto,1
37679916069082,San Diego,Cajon Valley Union,Avocado Elementary,cld,Chaldean Neo-Aramaic (Chaldean),15
37679916069082,San Diego,Cajon Valley Union,Avocado Elementary,rus,Russian,1
37679916069082,San Diego,Cajon Valley Union,Avocado Elementary,und,Undetermined,1
37679916069082,San Diego,Cajon Valley Union,Avocado Elementary,ara,Arabic,22
37679916069082,San Diego,Cajon Valley Union,Avocado Elementary,spa,Spanish; Castilian,47
37679916093207,San Diego,Cajon Valley Union,Montgomery Middle,mis,Uncoded languages (Other non-English languages),38
37679916093207,San Diego,Cajon Valley Union,Montgomery Middle,ara,Arabic,73
37679916093207,San Diego,Cajon Valley Union,Montgomery Middle,kur,Kurdish,9
37679916093207,San Diego,Cajon Valley Union,Montgomery Middle,guj,Gujarati,1
37679916093207,San Diego,Cajon Valley Union,Montgomery Middle,phi,Philippine languages,1
37679916093207,San Diego,Cajon Valley Union,Montgomery Middle,pus,Pushto; Pashto,106
37679916093207,San Diego,Cajon Valley Union,Montgomery Middle,tur,Turkish,2
37679916093207,San Diego,Cajon Valley Union,Montgomery Middle,per,Persian (Farsi),23
37679916093207,San Diego,Cajon Valley Union,Montgomery Middle,cld,Chaldean Neo-Aramaic (Chaldean),40
37679916093207,San Diego,Cajon Valley Union,Montgomery Middle,spa,Spanish; Castilian,116
37679916093207,San Diego,Cajon Valley Union,Montgomery Middle,syr,Syriac,1
37679916101794,San Diego,Cajon Valley Union,Vista Grande Elementary,pol,Polish,1
37679916101794,San Diego,Cajon Valley Union,Vista Grande Elementary,pus,Pushto; Pashto,1
37679916101794,San Diego,Cajon Valley Union,Vista Grande Elementary,ara,Arabic,51
37679916101794,San Diego,Cajon Valley Union,Vista Grande Elementary,cld,Chaldean Neo-Aramaic (Chaldean),41
37679916101794,San Diego,Cajon Valley Union,Vista Grande Elementary,mis,Uncoded languages (Other non-English languages),1
37679916101794,San Diego,Cajon Valley Union,Vista Grande Elementary,vie,Vietnamese,2
37679916101794,San Diego,Cajon Valley Union,Vista Grande Elementary,spa,Spanish; Castilian,14
37679916101794,San Diego,Cajon Valley Union,Vista Grande Elementary,kur,Kurdish,1
37679916106025,San Diego,Cajon Valley Union,Rancho San Diego Elementary,spa,Spanish; Castilian,11
37679916106025,San Diego,Cajon Valley Union,Rancho San Diego Elementary,mis,Uncoded languages (Other non-English languages),2
37679916106025,San Diego,Cajon Valley Union,Rancho San Diego Elementary,pus,Pushto; Pashto,6
37679916106025,San Diego,Cajon Valley Union,Rancho San Diego Elementary,ara,Arabic,47
37679916106025,San Diego,Cajon Valley Union,Rancho San Diego Elementary,rus,Russian,3
37679916106025,San Diego,Cajon Valley Union,Rancho San Diego Elementary,per,Persian (Farsi),1
37679916106025,San Diego,Cajon Valley Union,Rancho San Diego Elementary,por,Portuguese,1
37679916106025,San Diego,Cajon Valley Union,Rancho San Diego Elementary,cld,Chaldean Neo-Aramaic (Chaldean),22
37679916110787,San Diego,Cajon Valley Union,Jamacha Elementary,ara,Arabic,22
37679916110787,San Diego,Cajon Valley Union,Jamacha Elementary,cmn,"Mandarin Chinese (Putonghua, Guoyu)",2
37679916110787,San Diego,Cajon Valley Union,Jamacha Elementary,alb,Albanian,2
37679916110787,San Diego,Cajon Valley Union,Jamacha Elementary,cld,Chaldean Neo-Aramaic (Chaldean),11
37679916110787,San Diego,Cajon Valley Union,Jamacha Elementary,per,Persian (Farsi),1
37679916110787,San Diego,Cajon Valley Union,Jamacha Elementary,spa,Spanish; Castilian,20
37679916112148,San Diego,Cajon Valley Union,Blossom Valley Elementary,pol,Polish,1
37679916112148,San Diego,Cajon Valley Union,Blossom Valley Elementary,ara,Arabic,2
37679916112148,San Diego,Cajon Valley Union,Blossom Valley Elementary,spa,Spanish; Castilian,26
37679916112148,San Diego,Cajon Valley Union,Blossom Valley Elementary,mis,Uncoded languages (Other non-English languages),1
37679916112148,San Diego,Cajon Valley Union,Blossom Valley Elementary,vie,Vietnamese,1
37679916112148,San Diego,Cajon Valley Union,Blossom Valley Elementary,cld,Chaldean Neo-Aramaic (Chaldean),3
37679916112890,San Diego,Cajon Valley Union,Hillsdale Middle,spa,Spanish; Castilian,48
37679916112890,San Diego,Cajon Valley Union,Hillsdale Middle,per,Persian (Farsi),6
37679916112890,San Diego,Cajon Valley Union,Hillsdale Middle,tur,Turkish,3
37679916112890,San Diego,Cajon Valley Union,Hillsdale Middle,ara,Arabic,56
37679916112890,San Diego,Cajon Valley Union,Hillsdale Middle,ukr,Ukrainian,1
37679916112890,San Diego,Cajon Valley Union,Hillsdale Middle,cld,Chaldean Neo-Aramaic (Chaldean),54
37679916112890,San Diego,Cajon Valley Union,Hillsdale Middle,pus,Pushto; Pashto,2
37679916112890,San Diego,Cajon Valley Union,Hillsdale Middle,mis,Uncoded languages (Other non-English languages),2
37679916118319,San Diego,Cajon Valley Union,Cajon Valley Home,ara,Arabic,7
37679916118319,San Diego,Cajon Valley Union,Cajon Valley Home,kur,Kurdish,2
37679916118319,San Diego,Cajon Valley Union,Cajon Valley Home,spa,Spanish; Castilian,9
37680076037758,San Diego,Cardiff Elementary,Ada W. Harris Elementary,por,Portuguese,1
37680076037758,San Diego,Cardiff Elementary,Ada W. Harris Elementary,chi,Chinese (Other Chinese languages),1
37680076037758,San Diego,Cardiff Elementary,Ada W. Harris Elementary,rus,Russian,1
37680076037758,San Diego,Cardiff Elementary,Ada W. Harris Elementary,spa,Spanish; Castilian,10
37680076037758,San Diego,Cardiff Elementary,Ada W. Harris Elementary,hin,Hindi,2
37680076037758,San Diego,Cardiff Elementary,Ada W. Harris Elementary,jpn,Japanese,2
37680076037766,San Diego,Cardiff Elementary,Cardiff Elementary,spa,Spanish; Castilian,6
37680076037766,San Diego,Cardiff Elementary,Cardiff Elementary,jpn,Japanese,2
37680076037766,San Diego,Cardiff Elementary,Cardiff Elementary,ger,German,1
37680230000001,San Diego,Chula Vista Elementary,"Nonpublic, Nonsectarian Schools",spa,Spanish; Castilian,5
37680230101592,San Diego,Chula Vista Elementary,Hedenkamp (Anne and William) Elementary,fil,Filipino; Pilipino,2
37680230101592,San Diego,Chula Vista Elementary,Hedenkamp (Anne and William) Elementary,phi,Philippine languages,4
37680230101592,San Diego,Chula Vista Elementary,Hedenkamp (Anne and William) Elementary,chi,Chinese (Other Chinese languages),2
37680230101592,San Diego,Chula Vista Elementary,Hedenkamp (Anne and William) Elementary,mis,Uncoded languages (Other non-English languages),4
37680230101592,San Diego,Chula Vista Elementary,Hedenkamp (Anne and William) Elementary,spa,Spanish; Castilian,136
37680230101592,San Diego,Chula Vista Elementary,Hedenkamp (Anne and William) Elementary,amh,Amharic,1
37680230101592,San Diego,Chula Vista Elementary,Hedenkamp (Anne and William) Elementary,rus,Russian,2
37680230101592,San Diego,Chula Vista Elementary,Hedenkamp (Anne and William) Elementary,jpn,Japanese,2
37680230101592,San Diego,Chula Vista Elementary,Hedenkamp (Anne and William) Elementary,ara,Arabic,3
37680230101592,San Diego,Chula Vista Elementary,Hedenkamp (Anne and William) Elementary,cmn,"Mandarin Chinese (Putonghua, Guoyu)",1
37680230105957,San Diego,Chula Vista Elementary,Liberty Elementary,ara,Arabic,2
37680230105957,San Diego,Chula Vista Elementary,Liberty Elementary,phi,Philippine languages,2
37680230105957,San Diego,Chula Vista Elementary,Liberty Elementary,spa,Spanish; Castilian,97
37680230105965,San Diego,Chula Vista Elementary,Salt Creek Elementary,cmn,"Mandarin Chinese (Putonghua, Guoyu)",1
37680230105965,San Diego,Chula Vista Elementary,Salt Creek Elementary,fre,French,1
37680230105965,San Diego,Chula Vista Elementary,Salt Creek Elementary,phi,Philippine languages,1
37680230105965,San Diego,Chula Vista Elementary,Salt Creek Elementary,som,Somali,2
37680230105965,San Diego,Chula Vista Elementary,Salt Creek Elementary,rus,Russian,6
37680230105965,San Diego,Chula Vista Elementary,Salt Creek Elementary,ukr,Ukrainian,1
37680230105965,San Diego,Chula Vista Elementary,Salt Creek Elementary,chi,Chinese (Other Chinese languages),1
37680230105965,San Diego,Chula Vista Elementary,Salt Creek Elementary,jpn,Japanese,5
37680230105965,San Diego,Chula Vista Elementary,Salt Creek Elementary,kor,Korean,2
37680230105965,San Diego,Chula Vista Elementary,Salt Creek Elementary,ara,Arabic,3
37680230105965,San Diego,Chula Vista Elementary,Salt Creek Elementary,spa,Spanish; Castilian,119
37680230105965,San Diego,Chula Vista Elementary,Salt Creek Elementary,tgl,Tagalog,1
37680230108662,San Diego,Chula Vista Elementary,Veterans Elementary,por,Portuguese,2
37680230108662,San Diego,Chula Vista Elementary,Veterans Elementary,tgl,Tagalog,4
37680230108662,San Diego,Chula Vista Elementary,Veterans Elementary,afa,Afro-Asiatic languages,1
37680230108662,San Diego,Chula Vista Elementary,Veterans Elementary,kor,Korean,2
37680230108662,San Diego,Chula Vista Elementary,Veterans Elementary,mis,Uncoded languages (Other non-English languages),3
37680230108662,San Diego,Chula Vista Elementary,Veterans Elementary,fil,Filipino; Pilipino,1
37680230108662,San Diego,Chula Vista Elementary,Veterans Elementary,phi,Philippine languages,7
37680230108662,San Diego,Chula Vista Elementary,Veterans Elementary,srp,Serbian,1
37680230108662,San Diego,Chula Vista Elementary,Veterans Elementary,und,Undetermined,1
37680230108662,San Diego,Chula Vista Elementary,Veterans Elementary,yue,Yue Chinese (Cantonese),1
37680230108662,San Diego,Chula Vista Elementary,Veterans Elementary,chi,Chinese (Other Chinese languages),1
37680230108662,San Diego,Chula Vista Elementary,Veterans Elementary,ara,Arabic,4
37680230108662,San Diego,Chula Vista Elementary,Veterans Elementary,rus,Russian,1
37680230108662,San Diego,Chula Vista Elementary,Veterans Elementary,spa,Spanish; Castilian,103
37680230108662,San Diego,Chula Vista Elementary,Veterans Elementary,jpn,Japanese,1
37680230108662,San Diego,Chula Vista Elementary,Veterans Elementary,fre,French,2
37680230114009,San Diego,Chula Vista Elementary,Wolf Canyon Elementary,por,Portuguese,2
37680230114009,San Diego,Chula Vista Elementary,Wolf Canyon Elementary,tir,Tigrinya,1
37680230114009,San Diego,Chula Vista Elementary,Wolf Canyon Elementary,ceb,"Cebuano (Bisayan, Visayan)",1
37680230114009,San Diego,Chula Vista Elementary,Wolf Canyon Elementary,mis,Uncoded languages (Other non-English languages),8
37680230114009,San Diego,Chula Vista Elementary,Wolf Canyon Elementary,ara,Arabic,2
37680230114009,San Diego,Chula Vista Elementary,Wolf Canyon Elementary,orm,Oromo,1
37680230114009,San Diego,Chula Vista Elementary,Wolf Canyon Elementary,jpn,Japanese,3
37680230114009,San Diego,Chula Vista Elementary,Wolf Canyon Elementary,tel,Telugu,1
37680230114009,San Diego,Chula Vista Elementary,Wolf Canyon Elementary,tgl,Tagalog,6
37680230114009,San Diego,Chula Vista Elementary,Wolf Canyon Elementary,cmn,"Mandarin Chinese (Putonghua, Guoyu)",3
37680230114009,San Diego,Chula Vista Elementary,Wolf Canyon Elementary,rus,Russian,1
37680230114009,San Diego,Chula Vista Elementary,Wolf Canyon Elementary,tur,Turkish,1
37680230114009,San Diego,Chula Vista Elementary,Wolf Canyon Elementary,som,Somali,1
37680230114009,San Diego,Chula Vista Elementary,Wolf Canyon Elementary,kor,Korean,7
37680230114009,San Diego,Chula Vista Elementary,Wolf Canyon Elementary,spa,Spanish; Castilian,103
37680230114009,San Diego,Chula Vista Elementary,Wolf Canyon Elementary,yue,Yue Chinese (Cantonese),1
37680230114009,San Diego,Chula Vista Elementary,Wolf Canyon Elementary,chi,Chinese (Other Chinese languages),1
37680230114009,San Diego,Chula Vista Elementary,Wolf Canyon Elementary,kur,Kurdish,1
37680230114009,San Diego,Chula Vista Elementary,Wolf Canyon Elementary,phi,Philippine languages,10
37680230114009,San Diego,Chula Vista Elementary,Wolf Canyon Elementary,vie,Vietnamese,1
37680230119594,San Diego,Chula Vista Elementary,Leonardo da Vinci Health Sciences Charter,spa,Spanish; Castilian,124
37680230127431,San Diego,Chula Vista Elementary,Camarena (Enrique S.) Elementary,per,Persian (Farsi),4
37680230127431,San Diego,Chula Vista Elementary,Camarena (Enrique S.) Elementary,kor,Korean,1
37680230127431,San Diego,Chula Vista Elementary,Camarena (Enrique S.) Elementary,spa,Spanish; Castilian,119
37680230127431,San Diego,Chula Vista Elementary,Camarena (Enrique S.) Elementary,tgl,Tagalog,1
37680230127431,San Diego,Chula Vista Elementary,Camarena (Enrique S.) Elementary,ara,Arabic,3
37680230127431,San Diego,Chula Vista Elementary,Camarena (Enrique S.) Elementary,phi,Philippine languages,6
37680230127431,San Diego,Chula Vista Elementary,Camarena (Enrique S.) Elementary,por,Portuguese,2
37680230127431,San Diego,Chula Vista Elementary,Camarena (Enrique S.) Elementary,und,Undetermined,1
37680230127431,San Diego,Chula Vista Elementary,Camarena (Enrique S.) Elementary,cmn,"Mandarin Chinese (Putonghua, Guoyu)",1
37680230127431,San Diego,Chula Vista Elementary,Camarena (Enrique S.) Elementary,mis,Uncoded languages (Other non-English languages),2
37680230127431,San Diego,Chula Vista Elementary,Camarena (Enrique S.) Elementary,som,Somali,2
37680230127431,San Diego,Chula Vista Elementary,Camarena (Enrique S.) Elementary,jpn,Japanese,1
37680230135277,San Diego,Chula Vista Elementary,Muraoka (Saburo) Elementary,mis,Uncoded languages (Other non-English languages),4
37680230135277,San Diego,Chula Vista Elementary,Muraoka (Saburo) Elementary,inc,Indic languages,1
37680230135277,San Diego,Chula Vista Elementary,Muraoka (Saburo) Elementary,kor,Korean,3
37680230135277,San Diego,Chula Vista Elementary,Muraoka (Saburo) Elementary,spa,Spanish; Castilian,78
37680230135277,San Diego,Chula Vista Elementary,Muraoka (Saburo) Elementary,rus,Russian,1
37680230135277,San Diego,Chula Vista Elementary,Muraoka (Saburo) Elementary,ara,Arabic,1
37680230135277,San Diego,Chula Vista Elementary,Muraoka (Saburo) Elementary,cmn,"Mandarin Chinese (Putonghua, Guoyu)",2
37680230135277,San Diego,Chula Vista Elementary,Muraoka (Saburo) Elementary,fil,Filipino; Pilipino,3
37680230135277,San Diego,Chula Vista Elementary,Muraoka (Saburo) Elementary,por,Portuguese,1
37680230135277,San Diego,Chula Vista Elementary,Muraoka (Saburo) Elementary,hat,Haitian; Haitian Creole,1
37680230135277,San Diego,Chula Vista Elementary,Muraoka (Saburo) Elementary,phi,Philippine languages,11
37680230135277,San Diego,Chula Vista Elementary,Muraoka (Saburo) Elementary,yue,Yue Chinese (Cantonese),2
37680230135277,San Diego,Chula Vista Elementary,Muraoka (Saburo) Elementary,tgl,Tagalog,1
37680230135277,San Diego,Chula Vista Elementary,Muraoka (Saburo) Elementary,cha,Chamorro (Guamanian),1
37680230135277,San Diego,Chula Vista Elementary,Muraoka (Saburo) Elementary,per,Persian (Farsi),6
37680230135277,San Diego,Chula Vista Elementary,Muraoka (Saburo) Elementary,jpn,Japanese,3
37680230138073,San Diego,Chula Vista Elementary,Learning Choice Academy - Chula Vista,spa,Spanish; Castilian,59
37680230138073,San Diego,Chula Vista Elementary,Learning Choice Academy - Chula Vista,tgl,Tagalog,1
37680230138073,San Diego,Chula Vista Elementary,Learning Choice Academy - Chula Vista,rus,Russian,1
37680230138073,San Diego,Chula Vista Elementary,Learning Choice Academy - Chula Vista,phi,Philippine languages,2
37680230141218,San Diego,Chula Vista Elementary,Fahari L. Jeffers Elementary,ara,Arabic,1
37680230141218,San Diego,Chula Vista Elementary,Fahari L. Jeffers Elementary,kor,Korean,5
37680230141218,San Diego,Chula Vista Elementary,Fahari L. Jeffers Elementary,spa,Spanish; Castilian,43
37680230141218,San Diego,Chula Vista Elementary,Fahari L. Jeffers Elementary,per,Persian (Farsi),2
37680230141218,San Diego,Chula Vista Elementary,Fahari L. Jeffers Elementary,cmn,"Mandarin Chinese (Putonghua, Guoyu)",1
37680230141218,San Diego,Chula Vista Elementary,Fahari L. Jeffers Elementary,phi,Philippine languages,2
37680230141218,San Diego,Chula Vista Elementary,Fahari L. Jeffers Elementary,tgl,Tagalog,4
37680230141218,San Diego,Chula Vista Elementary,Fahari L. Jeffers Elementary,jpn,Japanese,1
37680230141218,San Diego,Chula Vista Elementary,Fahari L. Jeffers Elementary,vie,Vietnamese,1
37680230141218,San Diego,Chula Vista Elementary,Fahari L. Jeffers Elementary,yue,Yue Chinese (Cantonese),1
37680230142471,San Diego,Chula Vista Elementary,Sonia Sotomayor Elementary,fil,Filipino; Pilipino,3
37680230142471,San Diego,Chula Vista Elementary,Sonia Sotomayor Elementary,kur,Kurdish,1
37680230142471,San Diego,Chula Vista Elementary,Sonia Sotomayor Elementary,spa,Spanish; Castilian,50
37680230142471,San Diego,Chula Vista Elementary,Sonia Sotomayor Elementary,vie,Vietnamese,1
37680230142471,San Diego,Chula Vista Elementary,Sonia Sotomayor Elementary,phi,Philippine languages,6
37680230142471,San Diego,Chula Vista Elementary,Sonia Sotomayor Elementary,jpn,Japanese,5
37680230142471,San Diego,Chula Vista Elementary,Sonia Sotomayor Elementary,chi,Chinese (Other Chinese languages),3
37680230142471,San Diego,Chula Vista Elementary,Sonia Sotomayor Elementary,kor,Korean,4
37680230142471,San Diego,Chula Vista Elementary,Sonia Sotomayor Elementary,mis,Uncoded languages (Other non-English languages),1
37680230142471,San Diego,Chula Vista Elementary,Sonia Sotomayor Elementary,cmn,"Mandarin Chinese (Putonghua, Guoyu)",3
37680230142471,San Diego,Chula Vista Elementary,Sonia Sotomayor Elementary,ara,Arabic,1
37680236037824,San Diego,Chula Vista Elementary,Castle Park Elementary,spa,Spanish; Castilian,123
37680236037824,San Diego,Chula Vista Elementary,Castle Park Elementary,mis,Uncoded languages (Other non-English languages),2
37680236037824,San Diego,Chula Vista Elementary,Castle Park Elementary,por,Portuguese,1
37680236037824,San Diego,Chula Vista Elementary,Castle Park Elementary,yue,Yue Chinese (Cantonese),2
37680236037824,San Diego,Chula Vista Elementary,Castle Park Elementary,und,Undetermined,1
37680236037832,San Diego,Chula Vista Elementary,Allen (Ella B.) Elementary,ita,Italian,1
37680236037832,San Diego,Chula Vista Elementary,Allen (Ella B.) Elementary,tgl,Tagalog,1
37680236037832,San Diego,Chula Vista Elementary,Allen (Ella B.) Elementary,ara,Arabic,1
37680236037832,San Diego,Chula Vista Elementary,Allen (Ella B.) Elementary,mis,Uncoded languages (Other non-English languages),1
37680236037832,San Diego,Chula Vista Elementary,Allen (Ella B.) Elementary,spa,Spanish; Castilian,53
37680236037832,San Diego,Chula Vista Elementary,Allen (Ella B.) Elementary,lao,Lao,1
37680236037832,San Diego,Chula Vista Elementary,Allen (Ella B.) Elementary,smo,Samoan,1
37680236037840,San Diego,Chula Vista Elementary,Rohr (Fred H.) Elementary,fil,Filipino; Pilipino,1
37680236037840,San Diego,Chula Vista Elementary,Rohr (Fred H.) Elementary,kor,Korean,1
37680236037840,San Diego,Chula Vista Elementary,Rohr (Fred H.) Elementary,chi,Chinese (Other Chinese languages),1
37680236037840,San Diego,Chula Vista Elementary,Rohr (Fred H.) Elementary,spa,Spanish; Castilian,88
37680236037840,San Diego,Chula Vista Elementary,Rohr (Fred H.) Elementary,fre,French,1
37680236037840,San Diego,Chula Vista Elementary,Rohr (Fred H.) Elementary,vie,Vietnamese,1
37680236037857,San Diego,Chula Vista Elementary,Rogers (Greg) Elementary,spa,Spanish; Castilian,85
37680236037857,San Diego,Chula Vista Elementary,Rogers (Greg) Elementary,amh,Amharic,1
37680236037857,San Diego,Chula Vista Elementary,Rogers (Greg) Elementary,ceb,"Cebuano (Bisayan, Visayan)",1
37680236037857,San Diego,Chula Vista Elementary,Rogers (Greg) Elementary,tgl,Tagalog,1
37680236037857,San Diego,Chula Vista Elementary,Rogers (Greg) Elementary,phi,Philippine languages,3
37680236037865,San Diego,Chula Vista Elementary,Halecrest Elementary,mis,Uncoded languages (Other non-English languages),1
37680236037865,San Diego,Chula Vista Elementary,Halecrest Elementary,phi,Philippine languages,3
37680236037865,San Diego,Chula Vista Elementary,Halecrest Elementary,per,Persian (Farsi),1
37680236037865,San Diego,Chula Vista Elementary,Halecrest Elementary,spa,Spanish; Castilian,76
37680236037865,San Diego,Chula Vista Elementary,Halecrest Elementary,yue,Yue Chinese (Cantonese),1
37680236037865,San Diego,Chula Vista Elementary,Halecrest Elementary,vie,Vietnamese,3
37680236037873,San Diego,Chula Vista Elementary,Harborside Elementary,fil,Filipino; Pilipino,1
37680236037873,San Diego,Chula Vista Elementary,Harborside Elementary,spa,Spanish; Castilian,315
37680236037873,San Diego,Chula Vista Elementary,Harborside Elementary,mis,Uncoded languages (Other non-English languages),1
37680236037873,San Diego,Chula Vista Elementary,Harborside Elementary,vie,Vietnamese,1
37680236037881,San Diego,Chula Vista Elementary,Cook (Hazel Goes) Elementary,cmn,"Mandarin Chinese (Putonghua, Guoyu)",1
37680236037881,San Diego,Chula Vista Elementary,Cook (Hazel Goes) Elementary,spa,Spanish; Castilian,54
37680236037881,San Diego,Chula Vista Elementary,Cook (Hazel Goes) Elementary,ara,Arabic,1
37680236037899,San Diego,Chula Vista Elementary,Hilltop Drive Elementary,ara,Arabic,2
37680236037899,San Diego,Chula Vista Elementary,Hilltop Drive Elementary,phi,Philippine languages,2
37680236037899,San Diego,Chula Vista Elementary,Hilltop Drive Elementary,spa,Spanish; Castilian,123
37680236037907,San Diego,Chula Vista Elementary,Lauderbach (J. Calvin) Elementary,cld,Chaldean Neo-Aramaic (Chaldean),1
37680236037907,San Diego,Chula Vista Elementary,Lauderbach (J. Calvin) Elementary,cmn,"Mandarin Chinese (Putonghua, Guoyu)",2
37680236037907,San Diego,Chula Vista Elementary,Lauderbach (J. Calvin) Elementary,phi,Philippine languages,1
37680236037907,San Diego,Chula Vista Elementary,Lauderbach (J. Calvin) Elementary,tgl,Tagalog,1
37680236037907,San Diego,Chula Vista Elementary,Lauderbach (J. Calvin) Elementary,yue,Yue Chinese (Cantonese),1
37680236037907,San Diego,Chula Vista Elementary,Lauderbach (J. Calvin) Elementary,spa,Spanish; Castilian,471
37680236037907,San Diego,Chula Vista Elementary,Lauderbach (J. Calvin) Elementary,und,Undetermined,2
37680236037915,San Diego,Chula Vista Elementary,Montgomery (John J.) Elementary,tgl,Tagalog,1
37680236037915,San Diego,Chula Vista Elementary,Montgomery (John J.) Elementary,spa,Spanish; Castilian,193
37680236037915,San Diego,Chula Vista Elementary,Montgomery (John J.) Elementary,fil,Filipino; Pilipino,1
37680236037923,San Diego,Chula Vista Elementary,Kellogg (Karl H.) Elementary,afa,Afro-Asiatic languages,1
37680236037923,San Diego,Chula Vista Elementary,Kellogg (Karl H.) Elementary,mis,Uncoded languages (Other non-English languages),1
37680236037923,San Diego,Chula Vista Elementary,Kellogg (Karl H.) Elementary,spa,Spanish; Castilian,90
37680236037923,San Diego,Chula Vista Elementary,Kellogg (Karl H.) Elementary,tha,Thai,1
37680236037931,San Diego,Chula Vista Elementary,Rice (Lilian J.) Elementary,tgl,Tagalog,5
37680236037931,San Diego,Chula Vista Elementary,Rice (Lilian J.) Elementary,spa,Spanish; Castilian,296
37680236037931,San Diego,Chula Vista Elementary,Rice (Lilian J.) Elementary,kur,Kurdish,1
37680236037931,San Diego,Chula Vista Elementary,Rice (Lilian J.) Elementary,mis,Uncoded languages (Other non-English languages),1
37680236037931,San Diego,Chula Vista Elementary,Rice (Lilian J.) Elementary,fre,French,1
37680236037931,San Diego,Chula Vista Elementary,Rice (Lilian J.) Elementary,phi,Philippine languages,1
37680236037949,San Diego,Chula Vista Elementary,Loma Verde Elementary,phi,Philippine languages,3
37680236037949,San Diego,Chula Vista Elementary,Loma Verde Elementary,jpn,Japanese,2
37680236037949,San Diego,Chula Vista Elementary,Loma Verde Elementary,spa,Spanish; Castilian,182
37680236037949,San Diego,Chula Vista Elementary,Loma Verde Elementary,fil,Filipino; Pilipino,1
37680236037949,San Diego,Chula Vista Elementary,Loma Verde Elementary,mis,Uncoded languages (Other non-English languages),1
37680236037949,San Diego,Chula Vista Elementary,Loma Verde Elementary,yue,Yue Chinese (Cantonese),1
37680236037956,San Diego,Chula Vista Elementary,Feaster (Mae L.) Charter,fil,Filipino; Pilipino,1
37680236037956,San Diego,Chula Vista Elementary,Feaster (Mae L.) Charter,swe,Swedish,1
37680236037956,San Diego,Chula Vista Elementary,Feaster (Mae L.) Charter,und,Undetermined,1
37680236037956,San Diego,Chula Vista Elementary,Feaster (Mae L.) Charter,phi,Philippine languages,2
37680236037956,San Diego,Chula Vista Elementary,Feaster (Mae L.) Charter,urd,Urdu,1
37680236037956,San Diego,Chula Vista Elementary,Feaster (Mae L.) Charter,ara,Arabic,3
37680236037956,San Diego,Chula Vista Elementary,Feaster (Mae L.) Charter,mis,Uncoded languages (Other non-English languages),3
37680236037956,San Diego,Chula Vista Elementary,Feaster (Mae L.) Charter,spa,Spanish; Castilian,512
37680236037956,San Diego,Chula Vista Elementary,Feaster (Mae L.) Charter,per,Persian (Farsi),4
37680236037956,San Diego,Chula Vista Elementary,Feaster (Mae L.) Charter,tgl,Tagalog,2
37680236037964,San Diego,Chula Vista Elementary,Finney (Myrtle S.) Elementary,tgl,Tagalog,1
37680236037964,San Diego,Chula Vista Elementary,Finney (Myrtle S.) Elementary,fil,Filipino; Pilipino,1
37680236037964,San Diego,Chula Vista Elementary,Finney (Myrtle S.) Elementary,phi,Philippine languages,3
37680236037964,San Diego,Chula Vista Elementary,Finney (Myrtle S.) Elementary,spa,Spanish; Castilian,117
37680236037972,San Diego,Chula Vista Elementary,Palomar Elementary,cmn,"Mandarin Chinese (Putonghua, Guoyu)",1
37680236037972,San Diego,Chula Vista Elementary,Palomar Elementary,spa,Spanish; Castilian,91
37680236037972,San Diego,Chula Vista Elementary,Palomar Elementary,ara,Arabic,1
37680236037972,San Diego,Chula Vista Elementary,Palomar Elementary,tgl,Tagalog,1
37680236037972,San Diego,Chula Vista Elementary,Palomar Elementary,swa,Swahili,2
37680236037980,San Diego,Chula Vista Elementary,Mueller Charter (Robert L.),tgl,Tagalog,1
37680236037980,San Diego,Chula Vista Elementary,Mueller Charter (Robert L.),phi,Philippine languages,2
37680236037980,San Diego,Chula Vista Elementary,Mueller Charter (Robert L.),spa,Spanish; Castilian,559
37680236037980,San Diego,Chula Vista Elementary,Mueller Charter (Robert L.),und,Undetermined,2
37680236037980,San Diego,Chula Vista Elementary,Mueller Charter (Robert L.),por,Portuguese,1
37680236037980,San Diego,Chula Vista Elementary,Mueller Charter (Robert L.),cmn,"Mandarin Chinese (Putonghua, Guoyu)",1
37680236037998,San Diego,Chula Vista Elementary,Rosebank Elementary,vie,Vietnamese,1
37680236037998,San Diego,Chula Vista Elementary,Rosebank Elementary,tur,Turkish,1
37680236037998,San Diego,Chula Vista Elementary,Rosebank Elementary,jpn,Japanese,1
37680236037998,San Diego,Chula Vista Elementary,Rosebank Elementary,spa,Spanish; Castilian,137
37680236038004,San Diego,Chula Vista Elementary,Silver Wing Elementary,spa,Spanish; Castilian,106
37680236038004,San Diego,Chula Vista Elementary,Silver Wing Elementary,phi,Philippine languages,1
37680236038004,San Diego,Chula Vista Elementary,Silver Wing Elementary,ara,Arabic,1
37680236038004,San Diego,Chula Vista Elementary,Silver Wing Elementary,tgl,Tagalog,1
37680236038012,San Diego,Chula Vista Elementary,Sunnyside Elementary,fre,French,1
37680236038012,San Diego,Chula Vista Elementary,Sunnyside Elementary,som,Somali,1
37680236038012,San Diego,Chula Vista Elementary,Sunnyside Elementary,tgl,Tagalog,1
37680236038012,San Diego,Chula Vista Elementary,Sunnyside Elementary,ara,Arabic,2
37680236038012,San Diego,Chula Vista Elementary,Sunnyside Elementary,heb,Hebrew,1
37680236038012,San Diego,Chula Vista Elementary,Sunnyside Elementary,spa,Spanish; Castilian,47
37680236038012,San Diego,Chula Vista Elementary,Sunnyside Elementary,por,Portuguese,1
37680236038020,San Diego,Chula Vista Elementary,Valle Lindo Elementary,ita,Italian,2
37680236038020,San Diego,Chula Vista Elementary,Valle Lindo Elementary,phi,Philippine languages,1
37680236038020,San Diego,Chula Vista Elementary,Valle Lindo Elementary,spa,Spanish; Castilian,96
37680236038020,San Diego,Chula Vista Elementary,Valle Lindo Elementary,ilo,Iloko (Ilocano),1
37680236038020,San Diego,Chula Vista Elementary,Valle Lindo Elementary,cmn,"Mandarin Chinese (Putonghua, Guoyu)",1
37680236038020,San Diego,Chula Vista Elementary,Valle Lindo Elementary,vie,Vietnamese,1
37680236038020,San Diego,Chula Vista Elementary,Valle Lindo Elementary,fil,Filipino; Pilipino,1
37680236038020,San Diego,Chula Vista Elementary,Valle Lindo Elementary,tgl,Tagalog,1
37680236038038,San Diego,Chula Vista Elementary,Valley Vista Elementary,spa,Spanish; Castilian,117
37680236038038,San Diego,Chula Vista Elementary,Valley Vista Elementary,phi,Philippine languages,2
37680236038046,San Diego,Chula Vista Elementary,Vista Square Elementary,pus,Pushto; Pashto,1
37680236038046,San Diego,Chula Vista Elementary,Vista Square Elementary,tgl,Tagalog,2
37680236038046,San Diego,Chula Vista Elementary,Vista Square Elementary,per,Persian (Farsi),4
37680236038046,San Diego,Chula Vista Elementary,Vista Square Elementary,cha,Chamorro (Guamanian),1
37680236038046,San Diego,Chula Vista Elementary,Vista Square Elementary,spa,Spanish; Castilian,229
37680236038046,San Diego,Chula Vista Elementary,Vista Square Elementary,bik,Bikol,1
37680236038046,San Diego,Chula Vista Elementary,Vista Square Elementary,fre,French,2
37680236038046,San Diego,Chula Vista Elementary,Vista Square Elementary,por,Portuguese,1
37680236038046,San Diego,Chula Vista Elementary,Vista Square Elementary,phi,Philippine languages,1
37680236038046,San Diego,Chula Vista Elementary,Vista Square Elementary,fil,Filipino; Pilipino,1
37680236066971,San Diego,Chula Vista Elementary,Parkview Elementary,spa,Spanish; Castilian,51
37680236066971,San Diego,Chula Vista Elementary,Parkview Elementary,tgl,Tagalog,2
37680236066971,San Diego,Chula Vista Elementary,Parkview Elementary,vie,Vietnamese,1
37680236066971,San Diego,Chula Vista Elementary,Parkview Elementary,mis,Uncoded languages (Other non-English languages),1
37680236066971,San Diego,Chula Vista Elementary,Parkview Elementary,phi,Philippine languages,2
37680236066971,San Diego,Chula Vista Elementary,Parkview Elementary,tib,Tibetan,1
37680236066971,San Diego,Chula Vista Elementary,Parkview Elementary,ilo,Iloko (Ilocano),1
37680236066971,San Diego,Chula Vista Elementary,Parkview Elementary,jpn,Japanese,1
37680236069090,San Diego,Chula Vista Elementary,Juarez-Lincoln Elementary,spa,Spanish; Castilian,143
37680236069090,San Diego,Chula Vista Elementary,Juarez-Lincoln Elementary,vie,Vietnamese,1
37680236069090,San Diego,Chula Vista Elementary,Juarez-Lincoln Elementary,ilo,Iloko (Ilocano),1
37680236069090,San Diego,Chula Vista Elementary,Juarez-Lincoln Elementary,swa,Swahili,2
37680236069090,San Diego,Chula Vista Elementary,Juarez-Lincoln Elementary,tgl,Tagalog,1
37680236069090,San Diego,Chula Vista Elementary,Juarez-Lincoln Elementary,phi,Philippine languages,1
37680236069090,San Diego,Chula Vista Elementary,Juarez-Lincoln Elementary,mis,Uncoded languages (Other non-English languages),1
37680236070825,San Diego,Chula Vista Elementary,Los Altos Elementary,spa,Spanish; Castilian,117
37680236070825,San Diego,Chula Vista Elementary,Los Altos Elementary,mis,Uncoded languages (Other non-English languages),2
37680236095020,San Diego,Chula Vista Elementary,Tiffany (Burton C.) Elementary,jpn,Japanese,1
37680236095020,San Diego,Chula Vista Elementary,Tiffany (Burton C.) Elementary,spa,Spanish; Castilian,88
37680236095020,San Diego,Chula Vista Elementary,Tiffany (Burton C.) Elementary,fil,Filipino; Pilipino,1
37680236095020,San Diego,Chula Vista Elementary,Tiffany (Burton C.) Elementary,phi,Philippine languages,4
37680236095020,San Diego,Chula Vista Elementary,Tiffany (Burton C.) Elementary,som,Somali,2
37680236095020,San Diego,Chula Vista Elementary,Tiffany (Burton C.) Elementary,tur,Turkish,1
37680236095020,San Diego,Chula Vista Elementary,Tiffany (Burton C.) Elementary,ara,Arabic,2
37680236095020,San Diego,Chula Vista Elementary,Tiffany (Burton C.) Elementary,tgl,Tagalog,2
37680236095038,San Diego,Chula Vista Elementary,Otay Elementary,vie,Vietnamese,1
37680236095038,San Diego,Chula Vista Elementary,Otay Elementary,spa,Spanish; Castilian,186
37680236095038,San Diego,Chula Vista Elementary,Otay Elementary,phi,Philippine languages,1
37680236095038,San Diego,Chula Vista Elementary,Otay Elementary,tgl,Tagalog,2
37680236107775,San Diego,Chula Vista Elementary,Chula Vista Hills Elementary,phi,Philippine languages,1
37680236107775,San Diego,Chula Vista Elementary,Chula Vista Hills Elementary,tgl,Tagalog,2
37680236107775,San Diego,Chula Vista Elementary,Chula Vista Hills Elementary,urd,Urdu,2
37680236107775,San Diego,Chula Vista Elementary,Chula Vista Hills Elementary,spa,Spanish; Castilian,59
37680236107775,San Diego,Chula Vista Elementary,Chula Vista Hills Elementary,bur,Burmese,1
37680236108492,San Diego,Chula Vista Elementary,EastLake Elementary,ben,Bengali,1
37680236108492,San Diego,Chula Vista Elementary,EastLake Elementary,und,Undetermined,1
37680236108492,San Diego,Chula Vista Elementary,EastLake Elementary,phi,Philippine languages,1
37680236108492,San Diego,Chula Vista Elementary,EastLake Elementary,spa,Spanish; Castilian,101
37680236108492,San Diego,Chula Vista Elementary,EastLake Elementary,por,Portuguese,2
37680236108492,San Diego,Chula Vista Elementary,EastLake Elementary,tgl,Tagalog,1
37680236108492,San Diego,Chula Vista Elementary,EastLake Elementary,rus,Russian,1
37680236109771,San Diego,Chula Vista Elementary,Clear View,jpn,Japanese,1
37680236109771,San Diego,Chula Vista Elementary,Clear View,mis,Uncoded languages (Other non-English languages),1
37680236109771,San Diego,Chula Vista Elementary,Clear View,kan,Kannada,1
37680236109771,San Diego,Chula Vista Elementary,Clear View,phi,Philippine languages,1
37680236109771,San Diego,Chula Vista Elementary,Clear View,tel,Telugu,4
37680236109771,San Diego,Chula Vista Elementary,Clear View,rus,Russian,1
37680236109771,San Diego,Chula Vista Elementary,Clear View,por,Portuguese,1
37680236109771,San Diego,Chula Vista Elementary,Clear View,spa,Spanish; Castilian,132
37680236109771,San Diego,Chula Vista Elementary,Clear View,khm,"Khmer, Central Khmer",1
37680236109771,San Diego,Chula Vista Elementary,Clear View,per,Persian (Farsi),2
37680236111322,San Diego,Chula Vista Elementary,Discovery Charter,spa,Spanish; Castilian,85
37680236111322,San Diego,Chula Vista Elementary,Discovery Charter,tgl,Tagalog,1
37680236111322,San Diego,Chula Vista Elementary,Discovery Charter,phi,Philippine languages,2
37680236111322,San Diego,Chula Vista Elementary,Discovery Charter,cmn,"Mandarin Chinese (Putonghua, Guoyu)",3
37680236111322,San Diego,Chula Vista Elementary,Discovery Charter,ara,Arabic,3
37680236111322,San Diego,Chula Vista Elementary,Discovery Charter,vie,Vietnamese,1
37680236111322,San Diego,Chula Vista Elementary,Discovery Charter,jpn,Japanese,1
37680236111322,San Diego,Chula Vista Elementary,Discovery Charter,khm,"Khmer, Central Khmer",1
37680236113021,San Diego,Chula Vista Elementary,Olympic View Elementary,pol,Polish,1
37680236113021,San Diego,Chula Vista Elementary,Olympic View Elementary,kor,Korean,2
37680236113021,San Diego,Chula Vista Elementary,Olympic View Elementary,jpn,Japanese,1
37680236113021,San Diego,Chula Vista Elementary,Olympic View Elementary,phi,Philippine languages,1
37680236113021,San Diego,Chula Vista Elementary,Olympic View Elementary,tgl,Tagalog,5
37680236113021,San Diego,Chula Vista Elementary,Olympic View Elementary,chi,Chinese (Other Chinese languages),1
37680236113021,San Diego,Chula Vista Elementary,Olympic View Elementary,mis,Uncoded languages (Other non-English languages),3
37680236113021,San Diego,Chula Vista Elementary,Olympic View Elementary,spa,Spanish; Castilian,80
37680236113021,San Diego,Chula Vista Elementary,Olympic View Elementary,afa,Afro-Asiatic languages,1
37680236113021,San Diego,Chula Vista Elementary,Olympic View Elementary,yue,Yue Chinese (Cantonese),1
37680236113021,San Diego,Chula Vista Elementary,Olympic View Elementary,ara,Arabic,3
37680236113021,San Diego,Chula Vista Elementary,Olympic View Elementary,cmn,"Mandarin Chinese (Putonghua, Guoyu)",2
37680236113021,San Diego,Chula Vista Elementary,Olympic View Elementary,rus,Russian,2
37680236113021,San Diego,Chula Vista Elementary,Olympic View Elementary,vie,Vietnamese,1
37680236115646,San Diego,Chula Vista Elementary,Casillas (Joseph) Elementary,fil,Filipino; Pilipino,1
37680236115646,San Diego,Chula Vista Elementary,Casillas (Joseph) Elementary,kor,Korean,1
37680236115646,San Diego,Chula Vista Elementary,Casillas (Joseph) Elementary,jpn,Japanese,3
37680236115646,San Diego,Chula Vista Elementary,Casillas (Joseph) Elementary,yue,Yue Chinese (Cantonese),1
37680236115646,San Diego,Chula Vista Elementary,Casillas (Joseph) Elementary,cmn,"Mandarin Chinese (Putonghua, Guoyu)",2
37680236115646,San Diego,Chula Vista Elementary,Casillas (Joseph) Elementary,por,Portuguese,1
37680236115646,San Diego,Chula Vista Elementary,Casillas (Joseph) Elementary,spa,Spanish; Castilian,54
37680236115646,San Diego,Chula Vista Elementary,Casillas (Joseph) Elementary,mis,Uncoded languages (Other non-English languages),1
37680236115646,San Diego,Chula Vista Elementary,Casillas (Joseph) Elementary,vie,Vietnamese,1
37680236115778,San Diego,Chula Vista Elementary,Chula Vista Learning Community Charter,spa,Spanish; Castilian,273
37680236116396,San Diego,Chula Vista Elementary,Marshall (Thurgood) Elementary,spa,Spanish; Castilian,52
37680236116396,San Diego,Chula Vista Elementary,Marshall (Thurgood) Elementary,som,Somali,1
37680236116396,San Diego,Chula Vista Elementary,Marshall (Thurgood) Elementary,bur,Burmese,1
37680236116396,San Diego,Chula Vista Elementary,Marshall (Thurgood) Elementary,tir,Tigrinya,2
37680236116396,San Diego,Chula Vista Elementary,Marshall (Thurgood) Elementary,kor,Korean,2
37680236116396,San Diego,Chula Vista Elementary,Marshall (Thurgood) Elementary,kur,Kurdish,1
37680236116396,San Diego,Chula Vista Elementary,Marshall (Thurgood) Elementary,khm,"Khmer, Central Khmer",1
37680236116396,San Diego,Chula Vista Elementary,Marshall (Thurgood) Elementary,afa,Afro-Asiatic languages,1
37680236116396,San Diego,Chula Vista Elementary,Marshall (Thurgood) Elementary,por,Portuguese,2
37680236116396,San Diego,Chula Vista Elementary,Marshall (Thurgood) Elementary,syr,Syriac,1
37680236116396,San Diego,Chula Vista Elementary,Marshall (Thurgood) Elementary,phi,Philippine languages,2
37680236116396,San Diego,Chula Vista Elementary,Marshall (Thurgood) Elementary,ilo,Iloko (Ilocano),1
37680236116396,San Diego,Chula Vista Elementary,Marshall (Thurgood) Elementary,ara,Arabic,1
37680236116396,San Diego,Chula Vista Elementary,Marshall (Thurgood) Elementary,cmn,"Mandarin Chinese (Putonghua, Guoyu)",1
37680236116396,San Diego,Chula Vista Elementary,Marshall (Thurgood) Elementary,jpn,Japanese,2
37680236116396,San Diego,Chula Vista Elementary,Marshall (Thurgood) Elementary,mis,Uncoded languages (Other non-English languages),2
37680236116859,San Diego,Chula Vista Elementary,Arroyo Vista Charter,phi,Philippine languages,3
37680236116859,San Diego,Chula Vista Elementary,Arroyo Vista Charter,per,Persian (Farsi),1
37680236116859,San Diego,Chula Vista Elementary,Arroyo Vista Charter,kor,Korean,6
37680236116859,San Diego,Chula Vista Elementary,Arroyo Vista Charter,jpn,Japanese,1
37680236116859,San Diego,Chula Vista Elementary,Arroyo Vista Charter,vie,Vietnamese,3
37680236116859,San Diego,Chula Vista Elementary,Arroyo Vista Charter,spa,Spanish; Castilian,124
37680236116859,San Diego,Chula Vista Elementary,Arroyo Vista Charter,ara,Arabic,2
37680236118970,San Diego,Chula Vista Elementary,Heritage Elementary,khm,"Khmer, Central Khmer",1
37680236118970,San Diego,Chula Vista Elementary,Heritage Elementary,rus,Russian,3
37680236118970,San Diego,Chula Vista Elementary,Heritage Elementary,cmn,"Mandarin Chinese (Putonghua, Guoyu)",2
37680236118970,San Diego,Chula Vista Elementary,Heritage Elementary,por,Portuguese,1
37680236118970,San Diego,Chula Vista Elementary,Heritage Elementary,afa,Afro-Asiatic languages,1
37680236118970,San Diego,Chula Vista Elementary,Heritage Elementary,tgl,Tagalog,3
37680236118970,San Diego,Chula Vista Elementary,Heritage Elementary,und,Undetermined,1
37680236118970,San Diego,Chula Vista Elementary,Heritage Elementary,spa,Spanish; Castilian,89
37680236118970,San Diego,Chula Vista Elementary,Heritage Elementary,phi,Philippine languages,1
37680236118970,San Diego,Chula Vista Elementary,Heritage Elementary,fil,Filipino; Pilipino,2
37680236118970,San Diego,Chula Vista Elementary,Heritage Elementary,ceb,"Cebuano (Bisayan, Visayan)",1
37680236118988,San Diego,Chula Vista Elementary,McMillin (Corky) Elementary,phi,Philippine languages,2
37680236118988,San Diego,Chula Vista Elementary,McMillin (Corky) Elementary,yue,Yue Chinese (Cantonese),1
37680236118988,San Diego,Chula Vista Elementary,McMillin (Corky) Elementary,ilo,Iloko (Ilocano),1
37680236118988,San Diego,Chula Vista Elementary,McMillin (Corky) Elementary,per,Persian (Farsi),1
37680236118988,San Diego,Chula Vista Elementary,McMillin (Corky) Elementary,ara,Arabic,3
37680236118988,San Diego,Chula Vista Elementary,McMillin (Corky) Elementary,spa,Spanish; Castilian,74
37680236118988,San Diego,Chula Vista Elementary,McMillin (Corky) Elementary,fil,Filipino; Pilipino,1
37680236118988,San Diego,Chula Vista Elementary,McMillin (Corky) Elementary,ceb,"Cebuano (Bisayan, Visayan)",1
37680236118988,San Diego,Chula Vista Elementary,McMillin (Corky) Elementary,kor,Korean,6
37680236118988,San Diego,Chula Vista Elementary,McMillin (Corky) Elementary,mis,Uncoded languages (Other non-English languages),1
37680236118988,San Diego,Chula Vista Elementary,McMillin (Corky) Elementary,tgl,Tagalog,1
37680236118988,San Diego,Chula Vista Elementary,McMillin (Corky) Elementary,jpn,Japanese,5
37680313731478,San Diego,Coronado Unified,Coronado High,ita,Italian,1
37680313731478,San Diego,Coronado Unified,Coronado High,spa,Spanish; Castilian,9
37680313731478,San Diego,Coronado Unified,Coronado High,fre,French,2
37680316038053,San Diego,Coronado Unified,Coronado Village Elementary,ger,German,1
37680316038053,San Diego,Coronado Unified,Coronado Village Elementary,fre,French,1
37680316038053,San Diego,Coronado Unified,Coronado Village Elementary,rus,Russian,2
37680316038053,San Diego,Coronado Unified,Coronado Village Elementary,spa,Spanish; Castilian,57
37680316038087,San Diego,Coronado Unified,Silver Strand Elementary,spa,Spanish; Castilian,10
37680316059570,San Diego,Coronado Unified,Coronado Middle,rus,Russian,1
37680316059570,San Diego,Coronado Unified,Coronado Middle,spa,Spanish; Castilian,16
37680316059570,San Diego,Coronado Unified,Coronado Middle,tur,Turkish,1
37680316059570,San Diego,Coronado Unified,Coronado Middle,cmn,"Mandarin Chinese (Putonghua, Guoyu)",2
37680490127118,San Diego,Dehesa Elementary,The Heights Charter,spa,Spanish; Castilian,4
37680490129221,San Diego,Dehesa Elementary,MethodSchools,per,Persian (Farsi),1
37680490129221,San Diego,Dehesa Elementary,MethodSchools,spa,Spanish; Castilian,8
37680490132506,San Diego,Dehesa Elementary,Cabrillo Point Academy,tur,Turkish,1
37680490132506,San Diego,Dehesa Elementary,Cabrillo Point Academy,swe,Swedish,1
37680490132506,San Diego,Dehesa Elementary,Cabrillo Point Academy,kor,Korean,4
37680490132506,San Diego,Dehesa Elementary,Cabrillo Point Academy,cmn,"Mandarin Chinese (Putonghua, Guoyu)",2
37680490132506,San Diego,Dehesa Elementary,Cabrillo Point Academy,urd,Urdu,3
37680490132506,San Diego,Dehesa Elementary,Cabrillo Point Academy,rus,Russian,5
37680490132506,San Diego,Dehesa Elementary,Cabrillo Point Academy,yue,Yue Chinese (Cantonese),1
37680490132506,San Diego,Dehesa Elementary,Cabrillo Point Academy,tgl,Tagalog,1
37680490132506,San Diego,Dehesa Elementary,Cabrillo Point Academy,vie,Vietnamese,2
37680490132506,San Diego,Dehesa Elementary,Cabrillo Point Academy,ara,Arabic,9
37680490132506,San Diego,Dehesa Elementary,Cabrillo Point Academy,chi,Chinese (Other Chinese languages),1
37680490132506,San Diego,Dehesa Elementary,Cabrillo Point Academy,por,Portuguese,1
37680490132506,San Diego,Dehesa Elementary,Cabrillo Point Academy,spa,Spanish; Castilian,48
37680490136416,San Diego,Dehesa Elementary,Pacific Coast Academy,tgl,Tagalog,1
37680490136416,San Diego,Dehesa Elementary,Pacific Coast Academy,mis,Uncoded languages (Other non-English languages),2
37680490136416,San Diego,Dehesa Elementary,Pacific Coast Academy,spa,Spanish; Castilian,86
37680490136416,San Diego,Dehesa Elementary,Pacific Coast Academy,cld,Chaldean Neo-Aramaic (Chaldean),1
37680490136416,San Diego,Dehesa Elementary,Pacific Coast Academy,kor,Korean,1
37680490136416,San Diego,Dehesa Elementary,Pacific Coast Academy,ger,German,1
37680490136416,San Diego,Dehesa Elementary,Pacific Coast Academy,hun,Hungarian,1
37680490136416,San Diego,Dehesa Elementary,Pacific Coast Academy,por,Portuguese,1
37680490136416,San Diego,Dehesa Elementary,Pacific Coast Academy,ukr,Ukrainian,1
37680490136416,San Diego,Dehesa Elementary,Pacific Coast Academy,cmn,"Mandarin Chinese (Putonghua, Guoyu)",3
37680490136416,San Diego,Dehesa Elementary,Pacific Coast Academy,rus,Russian,9
37680490136416,San Diego,Dehesa Elementary,Pacific Coast Academy,pol,Polish,1
37680490165290,San Diego,Dehesa Elementary,Method Summit Academy,spa,Spanish; Castilian,7
37680496038095,San Diego,Dehesa Elementary,Dehesa Elementary,cld,Chaldean Neo-Aramaic (Chaldean),2
37680496038095,San Diego,Dehesa Elementary,Dehesa Elementary,per,Persian (Farsi),1
37680496038095,San Diego,Dehesa Elementary,Dehesa Elementary,ara,Arabic,1
37680496038095,San Diego,Dehesa Elementary,Dehesa Elementary,spa,Spanish; Castilian,21
37680496038095,San Diego,Dehesa Elementary,Dehesa Elementary,rus,Russian,1
37680496038095,San Diego,Dehesa Elementary,Dehesa Elementary,kor,Korean,1
37680560000001,San Diego,Del Mar Union Elementary,"Nonpublic, Nonsectarian Schools",tam,Tamil,1
37680560110114,San Diego,Del Mar Union Elementary,Sycamore Ridge,kaz,Kazakh,1
37680560110114,San Diego,Del Mar Union Elementary,Sycamore Ridge,rus,Russian,14
37680560110114,San Diego,Del Mar Union Elementary,Sycamore Ridge,ukr,Ukrainian,2
37680560110114,San Diego,Del Mar Union Elementary,Sycamore Ridge,kor,Korean,15
37680560110114,San Diego,Del Mar Union Elementary,Sycamore Ridge,srp,Serbian,1
37680560110114,San Diego,Del Mar Union Elementary,Sycamore Ridge,urd,Urdu,1
37680560110114,San Diego,Del Mar Union Elementary,Sycamore Ridge,bat,Other Baltic languages,2
37680560110114,San Diego,Del Mar Union Elementary,Sycamore Ridge,mis,Uncoded languages (Other non-English languages),1
37680560110114,San Diego,Del Mar Union Elementary,Sycamore Ridge,spa,Spanish; Castilian,9
37680560110114,San Diego,Del Mar Union Elementary,Sycamore Ridge,jpn,Japanese,6
37680560110114,San Diego,Del Mar Union Elementary,Sycamore Ridge,arm,Armenian,2
37680560110114,San Diego,Del Mar Union Elementary,Sycamore Ridge,chi,Chinese (Other Chinese languages),4
37680560110114,San Diego,Del Mar Union Elementary,Sycamore Ridge,hin,Hindi,2
37680560110114,San Diego,Del Mar Union Elementary,Sycamore Ridge,per,Persian (Farsi),10
37680560110114,San Diego,Del Mar Union Elementary,Sycamore Ridge,cmn,"Mandarin Chinese (Putonghua, Guoyu)",8
37680560110114,San Diego,Del Mar Union Elementary,Sycamore Ridge,ara,Arabic,2
37680560110114,San Diego,Del Mar Union Elementary,Sycamore Ridge,ger,German,1
37680560110114,San Diego,Del Mar Union Elementary,Sycamore Ridge,tir,Tigrinya,1
37680560114686,San Diego,Del Mar Union Elementary,Ocean Air,yue,Yue Chinese (Cantonese),1
37680560114686,San Diego,Del Mar Union Elementary,Ocean Air,rus,Russian,2
37680560114686,San Diego,Del Mar Union Elementary,Ocean Air,tur,Turkish,1
37680560114686,San Diego,Del Mar Union Elementary,Ocean Air,jpn,Japanese,1
37680560114686,San Diego,Del Mar Union Elementary,Ocean Air,chi,Chinese (Other Chinese languages),3
37680560114686,San Diego,Del Mar Union Elementary,Ocean Air,kor,Korean,5
37680560114686,San Diego,Del Mar Union Elementary,Ocean Air,qaa,Taiwanese,1
37680560114686,San Diego,Del Mar Union Elementary,Ocean Air,spa,Spanish; Castilian,2
37680560114686,San Diego,Del Mar Union Elementary,Ocean Air,ukr,Ukrainian,1
37680560114686,San Diego,Del Mar Union Elementary,Ocean Air,per,Persian (Farsi),2
37680560114686,San Diego,Del Mar Union Elementary,Ocean Air,cmn,"Mandarin Chinese (Putonghua, Guoyu)",16
37680560141374,San Diego,Del Mar Union Elementary,Pacific Sky,kaz,Kazakh,2
37680560141374,San Diego,Del Mar Union Elementary,Pacific Sky,spa,Spanish; Castilian,2
37680560141374,San Diego,Del Mar Union Elementary,Pacific Sky,chi,Chinese (Other Chinese languages),4
37680560141374,San Diego,Del Mar Union Elementary,Pacific Sky,tam,Tamil,1
37680560141374,San Diego,Del Mar Union Elementary,Pacific Sky,per,Persian (Farsi),2
37680560141374,San Diego,Del Mar Union Elementary,Pacific Sky,ara,Arabic,1
37680560141374,San Diego,Del Mar Union Elementary,Pacific Sky,heb,Hebrew,3
37680560141374,San Diego,Del Mar Union Elementary,Pacific Sky,pus,Pushto; Pashto,2
37680560141374,San Diego,Del Mar Union Elementary,Pacific Sky,yue,Yue Chinese (Cantonese),1
37680560141374,San Diego,Del Mar Union Elementary,Pacific Sky,ukr,Ukrainian,1
37680560141374,San Diego,Del Mar Union Elementary,Pacific Sky,kor,Korean,7
37680560141374,San Diego,Del Mar Union Elementary,Pacific Sky,cmn,"Mandarin Chinese (Putonghua, Guoyu)",9
37680560141374,San Diego,Del Mar Union Elementary,Pacific Sky,rum,Romanian (Rumanian),1
37680560141374,San Diego,Del Mar Union Elementary,Pacific Sky,rus,Russian,6
37680560141374,San Diego,Del Mar Union Elementary,Pacific Sky,jpn,Japanese,2
37680566038111,San Diego,Del Mar Union Elementary,Del Mar Heights Elementary,kor,Korean,1
37680566038111,San Diego,Del Mar Union Elementary,Del Mar Heights Elementary,por,Portuguese,1
37680566038111,San Diego,Del Mar Union Elementary,Del Mar Heights Elementary,spa,Spanish; Castilian,3
37680566038111,San Diego,Del Mar Union Elementary,Del Mar Heights Elementary,jpn,Japanese,1
37680566038111,San Diego,Del Mar Union Elementary,Del Mar Heights Elementary,cmn,"Mandarin Chinese (Putonghua, Guoyu)",1
37680566038111,San Diego,Del Mar Union Elementary,Del Mar Heights Elementary,ira,Iranian languages,1
37680566038111,San Diego,Del Mar Union Elementary,Del Mar Heights Elementary,yue,Yue Chinese (Cantonese),1
37680566038111,San Diego,Del Mar Union Elementary,Del Mar Heights Elementary,amh,Amharic,1
37680566038111,San Diego,Del Mar Union Elementary,Del Mar Heights Elementary,fre,French,1
37680566038111,San Diego,Del Mar Union Elementary,Del Mar Heights Elementary,per,Persian (Farsi),1
37680566038111,San Diego,Del Mar Union Elementary,Del Mar Heights Elementary,hun,Hungarian,2
37680566038111,San Diego,Del Mar Union Elementary,Del Mar Heights Elementary,heb,Hebrew,2
37680566038111,San Diego,Del Mar Union Elementary,Del Mar Heights Elementary,ara,Arabic,1
37680566088983,San Diego,Del Mar Union Elementary,Del Mar Hills Elementary,kor,Korean,5
37680566088983,San Diego,Del Mar Union Elementary,Del Mar Hills Elementary,spa,Spanish; Castilian,5
37680566088983,San Diego,Del Mar Union Elementary,Del Mar Hills Elementary,rus,Russian,2
37680566088983,San Diego,Del Mar Union Elementary,Del Mar Hills Elementary,ger,German,1
37680566088983,San Diego,Del Mar Union Elementary,Del Mar Hills Elementary,por,Portuguese,1
37680566088983,San Diego,Del Mar Union Elementary,Del Mar Hills Elementary,tur,Turkish,1
37680566088983,San Diego,Del Mar Union Elementary,Del Mar Hills Elementary,heb,Hebrew,2
37680566088983,San Diego,Del Mar Union Elementary,Del Mar Hills Elementary,cmn,"Mandarin Chinese (Putonghua, Guoyu)",1
37680566088983,San Diego,Del Mar Union Elementary,Del Mar Hills Elementary,jpn,Japanese,1
37680566110696,San Diego,Del Mar Union Elementary,Carmel Del Mar Elementary,ukr,Ukrainian,3
37680566110696,San Diego,Del Mar Union Elementary,Carmel Del Mar Elementary,ita,Italian,3
37680566110696,San Diego,Del Mar Union Elementary,Carmel Del Mar Elementary,tel,Telugu,1
37680566110696,San Diego,Del Mar Union Elementary,Carmel Del Mar Elementary,vie,Vietnamese,2
37680566110696,San Diego,Del Mar Union Elementary,Carmel Del Mar Elementary,arm,Armenian,1
37680566110696,San Diego,Del Mar Union Elementary,Carmel Del Mar Elementary,mis,Uncoded languages (Other non-English languages),1
37680566110696,San Diego,Del Mar Union Elementary,Carmel Del Mar Elementary,qaa,Taiwanese,1
37680566110696,San Diego,Del Mar Union Elementary,Carmel Del Mar Elementary,yue,Yue Chinese (Cantonese),1
37680566110696,San Diego,Del Mar Union Elementary,Carmel Del Mar Elementary,chi,Chinese (Other Chinese languages),3
37680566110696,San Diego,Del Mar Union Elementary,Carmel Del Mar Elementary,heb,Hebrew,2
37680566110696,San Diego,Del Mar Union Elementary,Carmel Del Mar Elementary,jpn,Japanese,8
37680566110696,San Diego,Del Mar Union Elementary,Carmel Del Mar Elementary,cmn,"Mandarin Chinese (Putonghua, Guoyu)",21
37680566110696,San Diego,Del Mar Union Elementary,Carmel Del Mar Elementary,spa,Spanish; Castilian,9
37680566110696,San Diego,Del Mar Union Elementary,Carmel Del Mar Elementary,kor,Korean,14
37680566110696,San Diego,Del Mar Union Elementary,Carmel Del Mar Elementary,tur,Turkish,1
37680566110696,San Diego,Del Mar Union Elementary,Carmel Del Mar Elementary,per,Persian (Farsi),6
37680566110696,San Diego,Del Mar Union Elementary,Carmel Del Mar Elementary,aze,Azerbaijani,1
37680566110696,San Diego,Del Mar Union Elementary,Carmel Del Mar Elementary,bul,Bulgarian,1
37680566110696,San Diego,Del Mar Union Elementary,Carmel Del Mar Elementary,por,Portuguese,2
37680566110696,San Diego,Del Mar Union Elementary,Carmel Del Mar Elementary,rus,Russian,6
37680566115620,San Diego,Del Mar Union Elementary,Ashley Falls Elementary,cmn,"Mandarin Chinese (Putonghua, Guoyu)",14
37680566115620,San Diego,Del Mar Union Elementary,Ashley Falls Elementary,por,Portuguese,1
37680566115620,San Diego,Del Mar Union Elementary,Ashley Falls Elementary,dut,Dutch; Flemish,1
37680566115620,San Diego,Del Mar Union Elementary,Ashley Falls Elementary,chi,Chinese (Other Chinese languages),1
37680566115620,San Diego,Del Mar Union Elementary,Ashley Falls Elementary,ara,Arabic,1
37680566115620,San Diego,Del Mar Union Elementary,Ashley Falls Elementary,mdr,Mandar,1
37680566115620,San Diego,Del Mar Union Elementary,Ashley Falls Elementary,spa,Spanish; Castilian,5
37680566115620,San Diego,Del Mar Union Elementary,Ashley Falls Elementary,swe,Swedish,1
37680566115620,San Diego,Del Mar Union Elementary,Ashley Falls Elementary,per,Persian (Farsi),4
37680566115620,San Diego,Del Mar Union Elementary,Ashley Falls Elementary,vie,Vietnamese,1
37680566115620,San Diego,Del Mar Union Elementary,Ashley Falls Elementary,ger,German,1
37680566115620,San Diego,Del Mar Union Elementary,Ashley Falls Elementary,jpn,Japanese,1
37680566115620,San Diego,Del Mar Union Elementary,Ashley Falls Elementary,kor,Korean,6
37680566117923,San Diego,Del Mar Union Elementary,Sage Canyon,qaa,Taiwanese,1
37680566117923,San Diego,Del Mar Union Elementary,Sage Canyon,jpn,Japanese,2
37680566117923,San Diego,Del Mar Union Elementary,Sage Canyon,cmn,"Mandarin Chinese (Putonghua, Guoyu)",9
37680566117923,San Diego,Del Mar Union Elementary,Sage Canyon,rus,Russian,1
37680566117923,San Diego,Del Mar Union Elementary,Sage Canyon,spa,Spanish; Castilian,8
37680566117923,San Diego,Del Mar Union Elementary,Sage Canyon,kor,Korean,4
37680566117923,San Diego,Del Mar Union Elementary,Sage Canyon,heb,Hebrew,7
37680566117923,San Diego,Del Mar Union Elementary,Sage Canyon,per,Persian (Farsi),3
37680566117923,San Diego,Del Mar Union Elementary,Sage Canyon,ger,German,3
37680566117923,San Diego,Del Mar Union Elementary,Sage Canyon,guj,Gujarati,1
37680566117923,San Diego,Del Mar Union Elementary,Sage Canyon,vie,Vietnamese,1
37680566120596,San Diego,Del Mar Union Elementary,Torrey Hills,ara,Arabic,1
37680566120596,San Diego,Del Mar Union Elementary,Torrey Hills,cmn,"Mandarin Chinese (Putonghua, Guoyu)",10
37680566120596,San Diego,Del Mar Union Elementary,Torrey Hills,ger,German,1
37680566120596,San Diego,Del Mar Union Elementary,Torrey Hills,per,Persian (Farsi),3
37680566120596,San Diego,Del Mar Union Elementary,Torrey Hills,tam,Tamil,1
37680566120596,San Diego,Del Mar Union Elementary,Torrey Hills,jpn,Japanese,11
37680566120596,San Diego,Del Mar Union Elementary,Torrey Hills,rus,Russian,8
37680566120596,San Diego,Del Mar Union Elementary,Torrey Hills,ben,Bengali,1
37680566120596,San Diego,Del Mar Union Elementary,Torrey Hills,por,Portuguese,1
37680566120596,San Diego,Del Mar Union Elementary,Torrey Hills,spa,Spanish; Castilian,4
37680566120596,San Diego,Del Mar Union Elementary,Torrey Hills,hin,Hindi,2
37680566120596,San Diego,Del Mar Union Elementary,Torrey Hills,heb,Hebrew,1
37680566120596,San Diego,Del Mar Union Elementary,Torrey Hills,tel,Telugu,3
37680566120596,San Diego,Del Mar Union Elementary,Torrey Hills,yue,Yue Chinese (Cantonese),1
37680566120596,San Diego,Del Mar Union Elementary,Torrey Hills,kor,Korean,17
37680566120596,San Diego,Del Mar Union Elementary,Torrey Hills,ukr,Ukrainian,3
37680806038145,San Diego,Encinitas Union Elementary,Paul Ecke-Central Elementary,fre,French,1
37680806038145,San Diego,Encinitas Union Elementary,Paul Ecke-Central Elementary,rus,Russian,1
37680806038145,San Diego,Encinitas Union Elementary,Paul Ecke-Central Elementary,zap,Zapotec,1
37680806038145,San Diego,Encinitas Union Elementary,Paul Ecke-Central Elementary,spa,Spanish; Castilian,55
37680806038152,San Diego,Encinitas Union Elementary,Ocean Knoll Elementary,ger,German,2
37680806038152,San Diego,Encinitas Union Elementary,Ocean Knoll Elementary,hin,Hindi,1
37680806038152,San Diego,Encinitas Union Elementary,Ocean Knoll Elementary,spa,Spanish; Castilian,99
37680806066989,San Diego,Encinitas Union Elementary,Capri Elementary,tha,Thai,2
37680806066989,San Diego,Encinitas Union Elementary,Capri Elementary,spa,Spanish; Castilian,75
37680806066989,San Diego,Encinitas Union Elementary,Capri Elementary,per,Persian (Farsi),1
37680806066989,San Diego,Encinitas Union Elementary,Capri Elementary,por,Portuguese,1
37680806066989,San Diego,Encinitas Union Elementary,Capri Elementary,mis,Uncoded languages (Other non-English languages),1
37680806095046,San Diego,Encinitas Union Elementary,Park Dale Lane Elementary,rus,Russian,1
37680806095046,San Diego,Encinitas Union Elementary,Park Dale Lane Elementary,jpn,Japanese,2
37680806095046,San Diego,Encinitas Union Elementary,Park Dale Lane Elementary,cmn,"Mandarin Chinese (Putonghua, Guoyu)",2
37680806095046,San Diego,Encinitas Union Elementary,Park Dale Lane Elementary,spa,Spanish; Castilian,40
37680806095046,San Diego,Encinitas Union Elementary,Park Dale Lane Elementary,pan,Panjabi; Punjabi,1
37680806095046,San Diego,Encinitas Union Elementary,Park Dale Lane Elementary,por,Portuguese,3
37680806099402,San Diego,Encinitas Union Elementary,Flora Vista Elementary,ita,Italian,1
37680806099402,San Diego,Encinitas Union Elementary,Flora Vista Elementary,spa,Spanish; Castilian,8
37680806099402,San Diego,Encinitas Union Elementary,Flora Vista Elementary,rus,Russian,1
37680806106132,San Diego,Encinitas Union Elementary,La Costa Heights Elementary,heb,Hebrew,2
37680806106132,San Diego,Encinitas Union Elementary,La Costa Heights Elementary,spa,Spanish; Castilian,3
37680806106132,San Diego,Encinitas Union Elementary,La Costa Heights Elementary,rus,Russian,2
37680806106132,San Diego,Encinitas Union Elementary,La Costa Heights Elementary,por,Portuguese,3
37680806106132,San Diego,Encinitas Union Elementary,La Costa Heights Elementary,fre,French,1
37680806108534,San Diego,Encinitas Union Elementary,Mission Estancia Elementary,chi,Chinese (Other Chinese languages),2
37680806108534,San Diego,Encinitas Union Elementary,Mission Estancia Elementary,ita,Italian,1
37680806108534,San Diego,Encinitas Union Elementary,Mission Estancia Elementary,rus,Russian,2
37680806108534,San Diego,Encinitas Union Elementary,Mission Estancia Elementary,urd,Urdu,1
37680806108534,San Diego,Encinitas Union Elementary,Mission Estancia Elementary,hin,Hindi,1
37680806108534,San Diego,Encinitas Union Elementary,Mission Estancia Elementary,fin,Finnish,1
37680806108534,San Diego,Encinitas Union Elementary,Mission Estancia Elementary,qaa,Taiwanese,1
37680806108534,San Diego,Encinitas Union Elementary,Mission Estancia Elementary,spa,Spanish; Castilian,15
37680806108534,San Diego,Encinitas Union Elementary,Mission Estancia Elementary,bur,Burmese,1
37680806112445,San Diego,Encinitas Union Elementary,Olivenhain Pioneer Elementary,por,Portuguese,1
37680806112445,San Diego,Encinitas Union Elementary,Olivenhain Pioneer Elementary,ita,Italian,1
37680806112445,San Diego,Encinitas Union Elementary,Olivenhain Pioneer Elementary,spa,Spanish; Castilian,3
37680806112445,San Diego,Encinitas Union Elementary,Olivenhain Pioneer Elementary,swe,Swedish,2
37680806117709,San Diego,Encinitas Union Elementary,El Camino Creek Elementary,por,Portuguese,2
37680806117709,San Diego,Encinitas Union Elementary,El Camino Creek Elementary,per,Persian (Farsi),2
37680806117709,San Diego,Encinitas Union Elementary,El Camino Creek Elementary,spa,Spanish; Castilian,1
37680806117709,San Diego,Encinitas Union Elementary,El Camino Creek Elementary,jpn,Japanese,1
37680806117709,San Diego,Encinitas Union Elementary,El Camino Creek Elementary,cmn,"Mandarin Chinese (Putonghua, Guoyu)",1
37680806117709,San Diego,Encinitas Union Elementary,El Camino Creek Elementary,dut,Dutch; Flemish,1
37680806117709,San Diego,Encinitas Union Elementary,El Camino Creek Elementary,pol,Polish,1
37680980000001,San Diego,Escondido Union,"Nonpublic, Nonsectarian Schools",spa,Spanish; Castilian,1
37680980101535,San Diego,Escondido Union,Heritage K-8 Charter,hun,Hungarian,1
37680980101535,San Diego,Escondido Union,Heritage K-8 Charter,pan,Panjabi; Punjabi,1
37680980101535,San Diego,Escondido Union,Heritage K-8 Charter,per,Persian (Farsi),1
37680980101535,San Diego,Escondido Union,Heritage K-8 Charter,vie,Vietnamese,1
37680980101535,San Diego,Escondido Union,Heritage K-8 Charter,por,Portuguese,1
37680980101535,San Diego,Escondido Union,Heritage K-8 Charter,spa,Spanish; Castilian,87
37680980101535,San Diego,Escondido Union,Heritage K-8 Charter,lao,Lao,1
37680980101535,San Diego,Escondido Union,Heritage K-8 Charter,rus,Russian,1
37680980101535,San Diego,Escondido Union,Heritage K-8 Charter,ara,Arabic,2
37680980101535,San Diego,Escondido Union,Heritage K-8 Charter,urd,Urdu,1
37680980101535,San Diego,Escondido Union,Heritage K-8 Charter,fil,Filipino; Pilipino,1
37680980102590,San Diego,Escondido Union,Bear Valley Middle,cmn,"Mandarin Chinese (Putonghua, Guoyu)",1
37680980102590,San Diego,Escondido Union,Bear Valley Middle,myn,Mayan languages,1
37680980102590,San Diego,Escondido Union,Bear Valley Middle,ara,Arabic,1
37680980102590,San Diego,Escondido Union,Bear Valley Middle,fre,French,1
37680980102590,San Diego,Escondido Union,Bear Valley Middle,mis,Uncoded languages (Other non-English languages),8
37680980102590,San Diego,Escondido Union,Bear Valley Middle,spa,Spanish; Castilian,151
37680980102590,San Diego,Escondido Union,Bear Valley Middle,per,Persian (Farsi),1
37680980102590,San Diego,Escondido Union,Bear Valley Middle,vie,Vietnamese,4
37680980102590,San Diego,Escondido Union,Bear Valley Middle,fil,Filipino; Pilipino,1
37680980102608,San Diego,Escondido Union,Farr Avenue Elementary,per,Persian (Farsi),1
37680980102608,San Diego,Escondido Union,Farr Avenue Elementary,mis,Uncoded languages (Other non-English languages),9
37680980102608,San Diego,Escondido Union,Farr Avenue Elementary,spa,Spanish; Castilian,234
37680980102608,San Diego,Escondido Union,Farr Avenue Elementary,fre,French,1
37680980102608,San Diego,Escondido Union,Farr Avenue Elementary,vie,Vietnamese,1
37680980102608,San Diego,Escondido Union,Farr Avenue Elementary,myn,Mayan languages,1
37680980107862,San Diego,Escondido Union,Reidy Creek Elementary,phi,Philippine languages,2
37680980107862,San Diego,Escondido Union,Reidy Creek Elementary,srp,Serbian,1
37680980107862,San Diego,Escondido Union,Reidy Creek Elementary,und,Undetermined,1
37680980107862,San Diego,Escondido Union,Reidy Creek Elementary,rus,Russian,2
37680980107862,San Diego,Escondido Union,Reidy Creek Elementary,urd,Urdu,1
37680980107862,San Diego,Escondido Union,Reidy Creek Elementary,ara,Arabic,2
37680980107862,San Diego,Escondido Union,Reidy Creek Elementary,mis,Uncoded languages (Other non-English languages),1
37680980107862,San Diego,Escondido Union,Reidy Creek Elementary,bur,Burmese,2
37680980107862,San Diego,Escondido Union,Reidy Creek Elementary,ben,Bengali,1
37680980107862,San Diego,Escondido Union,Reidy Creek Elementary,spa,Spanish; Castilian,46
37680980107862,San Diego,Escondido Union,Reidy Creek Elementary,vie,Vietnamese,2
37680980107870,San Diego,Escondido Union,Bernardo Elementary,ara,Arabic,2
37680980107870,San Diego,Escondido Union,Bernardo Elementary,vie,Vietnamese,2
37680980107870,San Diego,Escondido Union,Bernardo Elementary,tel,Telugu,1
37680980107870,San Diego,Escondido Union,Bernardo Elementary,mis,Uncoded languages (Other non-English languages),2
37680980107870,San Diego,Escondido Union,Bernardo Elementary,phi,Philippine languages,1
37680980107870,San Diego,Escondido Union,Bernardo Elementary,spa,Spanish; Castilian,22
37680980107870,San Diego,Escondido Union,Bernardo Elementary,por,Portuguese,1
37680980131813,San Diego,Escondido Union,Quantum Academy,rus,Russian,2
37680980131813,San Diego,Escondido Union,Quantum Academy,spa,Spanish; Castilian,41
37680980131813,San Diego,Escondido Union,Quantum Academy,phi,Philippine languages,1
37680980131813,San Diego,Escondido Union,Quantum Academy,pan,Panjabi; Punjabi,1
37680986038178,San Diego,Escondido Union,Central Elementary,spa,Spanish; Castilian,251
37680986038178,San Diego,Escondido Union,Central Elementary,mis,Uncoded languages (Other non-English languages),7
37680986038178,San Diego,Escondido Union,Central Elementary,ara,Arabic,2
37680986038178,San Diego,Escondido Union,Central Elementary,myn,Mayan languages,1
37680986038178,San Diego,Escondido Union,Central Elementary,und,Undetermined,2
37680986038186,San Diego,Escondido Union,Conway Elementary,spa,Spanish; Castilian,135
37680986038186,San Diego,Escondido Union,Conway Elementary,khm,"Khmer, Central Khmer",1
37680986038186,San Diego,Escondido Union,Conway Elementary,mis,Uncoded languages (Other non-English languages),2
37680986038186,San Diego,Escondido Union,Conway Elementary,fil,Filipino; Pilipino,3
37680986038186,San Diego,Escondido Union,Conway Elementary,phi,Philippine languages,1
37680986038186,San Diego,Escondido Union,Conway Elementary,vie,Vietnamese,5
37680986038194,San Diego,Escondido Union,Del Dios Academy of Arts and Sciences,spa,Spanish; Castilian,266
37680986038194,San Diego,Escondido Union,Del Dios Academy of Arts and Sciences,cld,Chaldean Neo-Aramaic (Chaldean),1
37680986038194,San Diego,Escondido Union,Del Dios Academy of Arts and Sciences,mis,Uncoded languages (Other non-English languages),10
37680986038194,San Diego,Escondido Union,Del Dios Academy of Arts and Sciences,per,Persian (Farsi),2
37680986038194,San Diego,Escondido Union,Del Dios Academy of Arts and Sciences,vie,Vietnamese,2
37680986038202,San Diego,Escondido Union,Felicita Elementary,vie,Vietnamese,1
37680986038202,San Diego,Escondido Union,Felicita Elementary,per,Persian (Farsi),2
37680986038202,San Diego,Escondido Union,Felicita Elementary,spa,Spanish; Castilian,201
37680986038202,San Diego,Escondido Union,Felicita Elementary,cmn,"Mandarin Chinese (Putonghua, Guoyu)",2
37680986038202,San Diego,Escondido Union,Felicita Elementary,mis,Uncoded languages (Other non-English languages),6
37680986038210,San Diego,Escondido Union,Mission Middle,pus,Pushto; Pashto,1
37680986038210,San Diego,Escondido Union,Mission Middle,sit,Other Sino-Tibetan languages (Taishanese),1
37680986038210,San Diego,Escondido Union,Mission Middle,cmn,"Mandarin Chinese (Putonghua, Guoyu)",1
37680986038210,San Diego,Escondido Union,Mission Middle,mis,Uncoded languages (Other non-English languages),21
37680986038210,San Diego,Escondido Union,Mission Middle,vie,Vietnamese,2
37680986038210,San Diego,Escondido Union,Mission Middle,hmn,Hmong; Mong,1
37680986038210,San Diego,Escondido Union,Mission Middle,ara,Arabic,3
37680986038210,San Diego,Escondido Union,Mission Middle,spa,Spanish; Castilian,345
37680986038210,San Diego,Escondido Union,Mission Middle,oto,Otomian languages (Mixteco),2
37680986038210,San Diego,Escondido Union,Mission Middle,per,Persian (Farsi),2
37680986038210,San Diego,Escondido Union,Mission Middle,phi,Philippine languages,1
37680986038228,San Diego,Escondido Union,Juniper Elementary,myn,Mayan languages,1
37680986038228,San Diego,Escondido Union,Juniper Elementary,rus,Russian,1
37680986038228,San Diego,Escondido Union,Juniper Elementary,spa,Spanish; Castilian,177
37680986038228,San Diego,Escondido Union,Juniper Elementary,und,Undetermined,2
37680986038228,San Diego,Escondido Union,Juniper Elementary,mis,Uncoded languages (Other non-English languages),6
37680986038236,San Diego,Escondido Union,Lincoln Elementary,ben,Bengali,1
37680986038236,San Diego,Escondido Union,Lincoln Elementary,khm,"Khmer, Central Khmer",1
37680986038236,San Diego,Escondido Union,Lincoln Elementary,per,Persian (Farsi),4
37680986038236,San Diego,Escondido Union,Lincoln Elementary,mis,Uncoded languages (Other non-English languages),9
37680986038236,San Diego,Escondido Union,Lincoln Elementary,und,Undetermined,2
37680986038236,San Diego,Escondido Union,Lincoln Elementary,fil,Filipino; Pilipino,1
37680986038236,San Diego,Escondido Union,Lincoln Elementary,spa,Spanish; Castilian,255
37680986038236,San Diego,Escondido Union,Lincoln Elementary,vie,Vietnamese,1
37680986038244,San Diego,Escondido Union,Oak Hill Elementary,spa,Spanish; Castilian,292
37680986038244,San Diego,Escondido Union,Oak Hill Elementary,und,Undetermined,5
37680986038244,San Diego,Escondido Union,Oak Hill Elementary,vie,Vietnamese,3
37680986038244,San Diego,Escondido Union,Oak Hill Elementary,ara,Arabic,1
37680986038244,San Diego,Escondido Union,Oak Hill Elementary,cmn,"Mandarin Chinese (Putonghua, Guoyu)",1
37680986038244,San Diego,Escondido Union,Oak Hill Elementary,fil,Filipino; Pilipino,2
37680986038244,San Diego,Escondido Union,Oak Hill Elementary,mis,Uncoded languages (Other non-English languages),3
37680986038251,San Diego,Escondido Union,Rose Elementary,spa,Spanish; Castilian,173
37680986038251,San Diego,Escondido Union,Rose Elementary,und,Undetermined,1
37680986038251,San Diego,Escondido Union,Rose Elementary,phi,Philippine languages,1
37680986038251,San Diego,Escondido Union,Rose Elementary,ara,Arabic,3
37680986038251,San Diego,Escondido Union,Rose Elementary,cha,Chamorro (Guamanian),1
37680986038251,San Diego,Escondido Union,Rose Elementary,vie,Vietnamese,3
37680986038939,San Diego,Escondido Union,Glen View Elementary,phi,Philippine languages,2
37680986038939,San Diego,Escondido Union,Glen View Elementary,spa,Spanish; Castilian,192
37680986038939,San Diego,Escondido Union,Glen View Elementary,und,Undetermined,1
37680986038939,San Diego,Escondido Union,Glen View Elementary,per,Persian (Farsi),1
37680986038939,San Diego,Escondido Union,Glen View Elementary,vie,Vietnamese,1
37680986038939,San Diego,Escondido Union,Glen View Elementary,ara,Arabic,1
37680986038939,San Diego,Escondido Union,Glen View Elementary,fil,Filipino; Pilipino,1
37680986038947,San Diego,Escondido Union,Orange Glen Elementary,khm,"Khmer, Central Khmer",1
37680986038947,San Diego,Escondido Union,Orange Glen Elementary,spa,Spanish; Castilian,124
37680986038947,San Diego,Escondido Union,Orange Glen Elementary,cld,Chaldean Neo-Aramaic (Chaldean),1
37680986038947,San Diego,Escondido Union,Orange Glen Elementary,mis,Uncoded languages (Other non-English languages),2
37680986038947,San Diego,Escondido Union,Orange Glen Elementary,und,Undetermined,1
37680986038947,San Diego,Escondido Union,Orange Glen Elementary,phi,Philippine languages,1
37680986038947,San Diego,Escondido Union,Orange Glen Elementary,tel,Telugu,1
37680986066997,San Diego,Escondido Union,Miller Elementary,spa,Spanish; Castilian,72
37680986066997,San Diego,Escondido Union,Miller Elementary,phi,Philippine languages,1
37680986066997,San Diego,Escondido Union,Miller Elementary,hmn,Hmong; Mong,1
37680986066997,San Diego,Escondido Union,Miller Elementary,per,Persian (Farsi),1
37680986066997,San Diego,Escondido Union,Miller Elementary,fil,Filipino; Pilipino,1
37680986066997,San Diego,Escondido Union,Miller Elementary,pan,Panjabi; Punjabi,1
37680986093215,San Diego,Escondido Union,Hidden Valley Middle,lao,Lao,1
37680986093215,San Diego,Escondido Union,Hidden Valley Middle,vie,Vietnamese,6
37680986093215,San Diego,Escondido Union,Hidden Valley Middle,mis,Uncoded languages (Other non-English languages),5
37680986093215,San Diego,Escondido Union,Hidden Valley Middle,ara,Arabic,1
37680986093215,San Diego,Escondido Union,Hidden Valley Middle,phi,Philippine languages,2
37680986093215,San Diego,Escondido Union,Hidden Valley Middle,oto,Otomian languages (Mixteco),2
37680986093215,San Diego,Escondido Union,Hidden Valley Middle,spa,Spanish; Castilian,267
37680986093215,San Diego,Escondido Union,Hidden Valley Middle,per,Persian (Farsi),1
37680986102750,San Diego,Escondido Union,North Broadway Elementary,khm,"Khmer, Central Khmer",1
37680986102750,San Diego,Escondido Union,North Broadway Elementary,urd,Urdu,1
37680986102750,San Diego,Escondido Union,North Broadway Elementary,vie,Vietnamese,1
37680986102750,San Diego,Escondido Union,North Broadway Elementary,rus,Russian,1
37680986102750,San Diego,Escondido Union,North Broadway Elementary,spa,Spanish; Castilian,91
37680986102750,San Diego,Escondido Union,North Broadway Elementary,hin,Hindi,1
37680986102750,San Diego,Escondido Union,North Broadway Elementary,phi,Philippine languages,1
37680986102750,San Diego,Escondido Union,North Broadway Elementary,per,Persian (Farsi),1
37680986102750,San Diego,Escondido Union,North Broadway Elementary,bat,Other Baltic languages,1
37680986105944,San Diego,Escondido Union,Rincon Middle,rus,Russian,1
37680986105944,San Diego,Escondido Union,Rincon Middle,ara,Arabic,1
37680986105944,San Diego,Escondido Union,Rincon Middle,phi,Philippine languages,2
37680986105944,San Diego,Escondido Union,Rincon Middle,ukr,Ukrainian,1
37680986105944,San Diego,Escondido Union,Rincon Middle,spa,Spanish; Castilian,171
37680986105944,San Diego,Escondido Union,Rincon Middle,per,Persian (Farsi),2
37680986105944,San Diego,Escondido Union,Rincon Middle,mis,Uncoded languages (Other non-English languages),1
37680986105944,San Diego,Escondido Union,Rincon Middle,vie,Vietnamese,3
37680986107882,San Diego,Escondido Union,L. R. Green Elementary,pol,Polish,3
37680986107882,San Diego,Escondido Union,L. R. Green Elementary,ukr,Ukrainian,1
37680986107882,San Diego,Escondido Union,L. R. Green Elementary,und,Undetermined,1
37680986107882,San Diego,Escondido Union,L. R. Green Elementary,cmn,"Mandarin Chinese (Putonghua, Guoyu)",4
37680986107882,San Diego,Escondido Union,L. R. Green Elementary,rus,Russian,2
37680986107882,San Diego,Escondido Union,L. R. Green Elementary,phi,Philippine languages,2
37680986107882,San Diego,Escondido Union,L. R. Green Elementary,spa,Spanish; Castilian,71
37680986107882,San Diego,Escondido Union,L. R. Green Elementary,per,Persian (Farsi),5
37680986107882,San Diego,Escondido Union,L. R. Green Elementary,tha,Thai,1
37680986107882,San Diego,Escondido Union,L. R. Green Elementary,vie,Vietnamese,10
37680986107882,San Diego,Escondido Union,L. R. Green Elementary,mis,Uncoded languages (Other non-English languages),3
37680986107882,San Diego,Escondido Union,L. R. Green Elementary,ara,Arabic,3
37680986107882,San Diego,Escondido Union,L. R. Green Elementary,guj,Gujarati,1
37680986110381,San Diego,Escondido Union,Pioneer Elementary,ara,Arabic,3
37680986110381,San Diego,Escondido Union,Pioneer Elementary,spa,Spanish; Castilian,308
37680986110381,San Diego,Escondido Union,Pioneer Elementary,per,Persian (Farsi),2
37680986110381,San Diego,Escondido Union,Pioneer Elementary,vie,Vietnamese,2
37680986110381,San Diego,Escondido Union,Pioneer Elementary,rus,Russian,1
37680986110381,San Diego,Escondido Union,Pioneer Elementary,mis,Uncoded languages (Other non-English languages),17
37680986110381,San Diego,Escondido Union,Pioneer Elementary,und,Undetermined,3
37680986111769,San Diego,Escondido Union,Rock Springs Elementary,bur,Burmese,2
37680986111769,San Diego,Escondido Union,Rock Springs Elementary,mis,Uncoded languages (Other non-English languages),2
37680986111769,San Diego,Escondido Union,Rock Springs Elementary,und,Undetermined,1
37680986111769,San Diego,Escondido Union,Rock Springs Elementary,cmn,"Mandarin Chinese (Putonghua, Guoyu)",1
37680986111769,San Diego,Escondido Union,Rock Springs Elementary,spa,Spanish; Castilian,127
37680986111769,San Diego,Escondido Union,Rock Springs Elementary,ara,Arabic,1
37680986111769,San Diego,Escondido Union,Rock Springs Elementary,phi,Philippine languages,3
37680986111769,San Diego,Escondido Union,Rock Springs Elementary,vie,Vietnamese,2
37680986111769,San Diego,Escondido Union,Rock Springs Elementary,per,Persian (Farsi),1
37680986111769,San Diego,Escondido Union,Rock Springs Elementary,yue,Yue Chinese (Cantonese),1
37680986111769,San Diego,Escondido Union,Rock Springs Elementary,rus,Russian,2
37680986116776,San Diego,Escondido Union,Classical Academy,rus,Russian,2
37680986116776,San Diego,Escondido Union,Classical Academy,swe,Swedish,1
37680986116776,San Diego,Escondido Union,Classical Academy,por,Portuguese,1
37680986116776,San Diego,Escondido Union,Classical Academy,cmn,"Mandarin Chinese (Putonghua, Guoyu)",2
37680986116776,San Diego,Escondido Union,Classical Academy,spa,Spanish; Castilian,12
37681060000001,San Diego,Escondido Union High,"Nonpublic, Nonsectarian Schools",spa,Spanish; Castilian,1
37681060111195,San Diego,Escondido Union High,Classical Academy High,spa,Spanish; Castilian,9
37681060111195,San Diego,Escondido Union High,Classical Academy High,rus,Russian,1
37681060111195,San Diego,Escondido Union High,Classical Academy High,mis,Uncoded languages (Other non-English languages),2
37681060127241,San Diego,Escondido Union High,Del Lago Academy - Campus of Applied Science,pan,Panjabi; Punjabi,1
37681060127241,San Diego,Escondido Union High,Del Lago Academy - Campus of Applied Science,spa,Spanish; Castilian,74
37681060127241,San Diego,Escondido Union High,Del Lago Academy - Campus of Applied Science,vie,Vietnamese,1
37681060127241,San Diego,Escondido Union High,Del Lago Academy - Campus of Applied Science,ara,Arabic,1
37681060127241,San Diego,Escondido Union High,Del Lago Academy - Campus of Applied Science,mis,Uncoded languages (Other non-English languages),1
37681060137034,San Diego,Escondido Union High,Altus Schools North County,mis,Uncoded languages (Other non-English languages),1
37681060137034,San Diego,Escondido Union High,Altus Schools North County,spa,Spanish; Castilian,25
37681063730058,San Diego,Escondido Union High,San Pasqual High,ara,Arabic,6
37681063730058,San Diego,Escondido Union High,San Pasqual High,per,Persian (Farsi),2
37681063730058,San Diego,Escondido Union High,San Pasqual High,vie,Vietnamese,3
37681063730058,San Diego,Escondido Union High,San Pasqual High,myn,Mayan languages,6
37681063730058,San Diego,Escondido Union High,San Pasqual High,mis,Uncoded languages (Other non-English languages),18
37681063730058,San Diego,Escondido Union High,San Pasqual High,oto,Otomian languages (Mixteco),2
37681063730058,San Diego,Escondido Union High,San Pasqual High,pol,Polish,1
37681063730058,San Diego,Escondido Union High,San Pasqual High,phi,Philippine languages,1
37681063730058,San Diego,Escondido Union High,San Pasqual High,spa,Spanish; Castilian,294
37681063731023,San Diego,Escondido Union High,Escondido Charter High,ara,Arabic,2
37681063731023,San Diego,Escondido Union High,Escondido Charter High,tur,Turkish,1
37681063731023,San Diego,Escondido Union High,Escondido Charter High,phi,Philippine languages,1
37681063731023,San Diego,Escondido Union High,Escondido Charter High,spa,Spanish; Castilian,25
37681063732054,San Diego,Escondido Union High,Valley High (Continuation),spa,Spanish; Castilian,102
37681063732054,San Diego,Escondido Union High,Valley High (Continuation),mis,Uncoded languages (Other non-English languages),3
37681063732054,San Diego,Escondido Union High,Valley High (Continuation),ara,Arabic,1
37681063732062,San Diego,Escondido Union High,Escondido High,lao,Lao,2
37681063732062,San Diego,Escondido Union High,Escondido High,per,Persian (Farsi),1
37681063732062,San Diego,Escondido Union High,Escondido High,rus,Russian,1
37681063732062,San Diego,Escondido Union High,Escondido High,myn,Mayan languages,7
37681063732062,San Diego,Escondido Union High,Escondido High,phi,Philippine languages,6
37681063732062,San Diego,Escondido Union High,Escondido High,spa,Spanish; Castilian,365
37681063732062,San Diego,Escondido Union High,Escondido High,vie,Vietnamese,3
37681063732062,San Diego,Escondido Union High,Escondido High,mis,Uncoded languages (Other non-English languages),17
37681063732062,San Diego,Escondido Union High,Escondido High,yao,Yao (Mien),1
37681063735313,San Diego,Escondido Union High,Orange Glen High,myn,Mayan languages,7
37681063735313,San Diego,Escondido Union High,Orange Glen High,phi,Philippine languages,2
37681063735313,San Diego,Escondido Union High,Orange Glen High,pus,Pushto; Pashto,2
37681063735313,San Diego,Escondido Union High,Orange Glen High,vie,Vietnamese,5
37681063735313,San Diego,Escondido Union High,Orange Glen High,mis,Uncoded languages (Other non-English languages),18
37681063735313,San Diego,Escondido Union High,Orange Glen High,spa,Spanish; Castilian,437
37681063735313,San Diego,Escondido Union High,Orange Glen High,oto,Otomian languages (Mixteco),1
37681063735313,San Diego,Escondido Union High,Orange Glen High,cpf,"Creoles and pidgins, French-based",1
37681063735313,San Diego,Escondido Union High,Orange Glen High,tgl,Tagalog,1
37681140131920,San Diego,Fallbrook Union Elementary,Maie Ellis Elementary,jpn,Japanese,1
37681140131920,San Diego,Fallbrook Union Elementary,Maie Ellis Elementary,spa,Spanish; Castilian,191
37681140131920,San Diego,Fallbrook Union Elementary,Maie Ellis Elementary,mis,Uncoded languages (Other non-English languages),1
37681140131920,San Diego,Fallbrook Union Elementary,Maie Ellis Elementary,nah,Nahuatl languages,1
37681146038269,San Diego,Fallbrook Union Elementary,La Paloma Elementary,spa,Spanish; Castilian,117
37681146038269,San Diego,Fallbrook Union Elementary,La Paloma Elementary,dzo,Dzongkha,2
37681146038269,San Diego,Fallbrook Union Elementary,La Paloma Elementary,phi,Philippine languages,2
37681146038269,San Diego,Fallbrook Union Elementary,La Paloma Elementary,rus,Russian,1
37681146038269,San Diego,Fallbrook Union Elementary,La Paloma Elementary,ara,Arabic,1
37681146038269,San Diego,Fallbrook Union Elementary,La Paloma Elementary,mis,Uncoded languages (Other non-English languages),6
37681146038277,San Diego,Fallbrook Union Elementary,James E. Potter Intermediate,mis,Uncoded languages (Other non-English languages),10
37681146038277,San Diego,Fallbrook Union Elementary,James E. Potter Intermediate,phi,Philippine languages,2
37681146038277,San Diego,Fallbrook Union Elementary,James E. Potter Intermediate,spa,Spanish; Castilian,191
37681146038285,San Diego,Fallbrook Union Elementary,Fallbrook STEM Academy,phi,Philippine languages,1
37681146038285,San Diego,Fallbrook Union Elementary,Fallbrook STEM Academy,mis,Uncoded languages (Other non-English languages),5
37681146038285,San Diego,Fallbrook Union Elementary,Fallbrook STEM Academy,myn,Mayan languages,3
37681146038285,San Diego,Fallbrook Union Elementary,Fallbrook STEM Academy,oto,Otomian languages (Mixteco),1
37681146038285,San Diego,Fallbrook Union Elementary,Fallbrook STEM Academy,spa,Spanish; Castilian,248
37681146038301,San Diego,Fallbrook Union Elementary,Mary Fay Pendleton Elementary,jpn,Japanese,3
37681146038301,San Diego,Fallbrook Union Elementary,Mary Fay Pendleton Elementary,swa,Swahili,1
37681146038301,San Diego,Fallbrook Union Elementary,Mary Fay Pendleton Elementary,spa,Spanish; Castilian,8
37681146096515,San Diego,Fallbrook Union Elementary,San Onofre Elementary,fre,French,1
37681146096515,San Diego,Fallbrook Union Elementary,San Onofre Elementary,spa,Spanish; Castilian,2
37681146096515,San Diego,Fallbrook Union Elementary,San Onofre Elementary,jpn,Japanese,1
37681146096515,San Diego,Fallbrook Union Elementary,San Onofre Elementary,phi,Philippine languages,1
37681146096911,San Diego,Fallbrook Union Elementary,Fallbrook Virtual Academy,spa,Spanish; Castilian,2
37681146109524,San Diego,Fallbrook Union Elementary,Live Oak Elementary,myn,Mayan languages,1
37681146109524,San Diego,Fallbrook Union Elementary,Live Oak Elementary,cmn,"Mandarin Chinese (Putonghua, Guoyu)",1
37681146109524,San Diego,Fallbrook Union Elementary,Live Oak Elementary,spa,Spanish; Castilian,144
37681146109524,San Diego,Fallbrook Union Elementary,Live Oak Elementary,ara,Arabic,1
37681146109524,San Diego,Fallbrook Union Elementary,Live Oak Elementary,mis,Uncoded languages (Other non-English languages),1
37681146109524,San Diego,Fallbrook Union Elementary,Live Oak Elementary,ger,German,1
37681146109524,San Diego,Fallbrook Union Elementary,Live Oak Elementary,jpn,Japanese,1
37681146109524,San Diego,Fallbrook Union Elementary,Live Oak Elementary,phi,Philippine languages,1
37681146116420,San Diego,Fallbrook Union Elementary,William H. Frazier Elementary,hat,Haitian; Haitian Creole,1
37681146116420,San Diego,Fallbrook Union Elementary,William H. Frazier Elementary,spa,Spanish; Castilian,143
37681146116420,San Diego,Fallbrook Union Elementary,William H. Frazier Elementary,mis,Uncoded languages (Other non-English languages),2
37681220000001,San Diego,Fallbrook Union High,"Nonpublic, Nonsectarian Schools",spa,Spanish; Castilian,1
37681223730967,San Diego,Fallbrook Union High,Oasis High (Alternative),mis,Uncoded languages (Other non-English languages),1
37681223730967,San Diego,Fallbrook Union High,Oasis High (Alternative),spa,Spanish; Castilian,11
37681223732179,San Diego,Fallbrook Union High,Fallbrook High,cai,Central American Indian languages,4
37681223732179,San Diego,Fallbrook Union High,Fallbrook High,alb,Albanian,1
37681223732179,San Diego,Fallbrook Union High,Fallbrook High,khm,"Khmer, Central Khmer",1
37681223732179,San Diego,Fallbrook Union High,Fallbrook High,phi,Philippine languages,3
37681223732179,San Diego,Fallbrook Union High,Fallbrook High,spa,Spanish; Castilian,307
37681223732179,San Diego,Fallbrook Union High,Fallbrook High,myn,Mayan languages,6
37681223732179,San Diego,Fallbrook Union High,Fallbrook High,mis,Uncoded languages (Other non-English languages),14
37681223732195,San Diego,Fallbrook Union High,Ivy High (Continuation),mis,Uncoded languages (Other non-English languages),2
37681223732195,San Diego,Fallbrook Union High,Ivy High (Continuation),spa,Spanish; Castilian,27
37681300000001,San Diego,Grossmont Union High,"Nonpublic, Nonsectarian Schools",spa,Spanish; Castilian,2
37681300000001,San Diego,Grossmont Union High,"Nonpublic, Nonsectarian Schools",ara,Arabic,3
37681300128793,San Diego,Grossmont Union High,MERIT Academy,spa,Spanish; Castilian,8
37681300128793,San Diego,Grossmont Union High,MERIT Academy,ara,Arabic,2
37681300132548,San Diego,Grossmont Union High,IDEA Center,cld,Chaldean Neo-Aramaic (Chaldean),1
37681300132548,San Diego,Grossmont Union High,IDEA Center,pus,Pushto; Pashto,2
37681300132548,San Diego,Grossmont Union High,IDEA Center,spa,Spanish; Castilian,13
37681300132548,San Diego,Grossmont Union High,IDEA Center,per,Persian (Farsi),1
37681300132548,San Diego,Grossmont Union High,IDEA Center,ara,Arabic,2
37681300136077,San Diego,Grossmont Union High,Altus Schools East County,cld,Chaldean Neo-Aramaic (Chaldean),3
37681300136077,San Diego,Grossmont Union High,Altus Schools East County,ara,Arabic,2
37681300136077,San Diego,Grossmont Union High,Altus Schools East County,rus,Russian,1
37681300136077,San Diego,Grossmont Union High,Altus Schools East County,pus,Pushto; Pashto,1
37681300136077,San Diego,Grossmont Union High,Altus Schools East County,tur,Turkish,2
37681300136077,San Diego,Grossmont Union High,Altus Schools East County,spa,Spanish; Castilian,35
37681300139063,San Diego,Grossmont Union High,The Learning Choice Academy - East County,spa,Spanish; Castilian,20
37681300139063,San Diego,Grossmont Union High,The Learning Choice Academy - East County,rus,Russian,14
37681303730066,San Diego,Grossmont Union High,Valhalla High,per,Persian (Farsi),26
37681303730066,San Diego,Grossmont Union High,Valhalla High,tur,Turkish,4
37681303730066,San Diego,Grossmont Union High,Valhalla High,ara,Arabic,79
37681303730066,San Diego,Grossmont Union High,Valhalla High,cld,Chaldean Neo-Aramaic (Chaldean),67
37681303730066,San Diego,Grossmont Union High,Valhalla High,kur,Kurdish,3
37681303730066,San Diego,Grossmont Union High,Valhalla High,pus,Pushto; Pashto,13
37681303730066,San Diego,Grossmont Union High,Valhalla High,spa,Spanish; Castilian,55
37681303730066,San Diego,Grossmont Union High,Valhalla High,fre,French,2
37681303730066,San Diego,Grossmont Union High,Valhalla High,syr,Syriac,4
37681303730066,San Diego,Grossmont Union High,Valhalla High,ukr,Ukrainian,1
37681303730066,San Diego,Grossmont Union High,Valhalla High,mis,Uncoded languages (Other non-English languages),4
37681303730702,San Diego,Grossmont Union High,West Hills High,smo,Samoan,2
37681303730702,San Diego,Grossmont Union High,West Hills High,tgl,Tagalog,1
37681303730702,San Diego,Grossmont Union High,West Hills High,ara,Arabic,5
37681303730702,San Diego,Grossmont Union High,West Hills High,kur,Kurdish,4
37681303730702,San Diego,Grossmont Union High,West Hills High,fre,French,1
37681303730702,San Diego,Grossmont Union High,West Hills High,pus,Pushto; Pashto,2
37681303730702,San Diego,Grossmont Union High,West Hills High,khm,"Khmer, Central Khmer",1
37681303730702,San Diego,Grossmont Union High,West Hills High,rus,Russian,1
37681303730702,San Diego,Grossmont Union High,West Hills High,yue,Yue Chinese (Cantonese),1
37681303730702,San Diego,Grossmont Union High,West Hills High,per,Persian (Farsi),1
37681303730702,San Diego,Grossmont Union High,West Hills High,cld,Chaldean Neo-Aramaic (Chaldean),3
37681303730702,San Diego,Grossmont Union High,West Hills High,spa,Spanish; Castilian,23
37681303731262,San Diego,Grossmont Union High,Steele Canyon High,pus,Pushto; Pashto,1
37681303731262,San Diego,Grossmont Union High,Steele Canyon High,ara,Arabic,15
37681303731262,San Diego,Grossmont Union High,Steele Canyon High,spa,Spanish; Castilian,170
37681303731262,San Diego,Grossmont Union High,Steele Canyon High,phi,Philippine languages,1
37681303731262,San Diego,Grossmont Union High,Steele Canyon High,fre,French,1
37681303731262,San Diego,Grossmont Union High,Steele Canyon High,kur,Kurdish,1
37681303731262,San Diego,Grossmont Union High,Steele Canyon High,mis,Uncoded languages (Other non-English languages),1
37681303731262,San Diego,Grossmont Union High,Steele Canyon High,cld,Chaldean Neo-Aramaic (Chaldean),7
37681303731262,San Diego,Grossmont Union High,Steele Canyon High,per,Persian (Farsi),2
37681303731486,San Diego,Grossmont Union High,Elite Academy,cld,Chaldean Neo-Aramaic (Chaldean),1
37681303731486,San Diego,Grossmont Union High,Elite Academy,ara,Arabic,3
37681303731692,San Diego,Grossmont Union High,El Cajon Valley High,pan,Panjabi; Punjabi,1
37681303731692,San Diego,Grossmont Union High,El Cajon Valley High,som,Somali,1
37681303731692,San Diego,Grossmont Union High,El Cajon Valley High,swa,Swahili,9
37681303731692,San Diego,Grossmont Union High,El Cajon Valley High,cmn,"Mandarin Chinese (Putonghua, Guoyu)",1
37681303731692,San Diego,Grossmont Union High,El Cajon Valley High,tur,Turkish,6
37681303731692,San Diego,Grossmont Union High,El Cajon Valley High,cld,Chaldean Neo-Aramaic (Chaldean),17
37681303731692,San Diego,Grossmont Union High,El Cajon Valley High,fre,French,2
37681303731692,San Diego,Grossmont Union High,El Cajon Valley High,mis,Uncoded languages (Other non-English languages),48
37681303731692,San Diego,Grossmont Union High,El Cajon Valley High,khm,"Khmer, Central Khmer",1
37681303731692,San Diego,Grossmont Union High,El Cajon Valley High,hat,Haitian; Haitian Creole,4
37681303731692,San Diego,Grossmont Union High,El Cajon Valley High,per,Persian (Farsi),112
37681303731692,San Diego,Grossmont Union High,El Cajon Valley High,rus,Russian,2
37681303731692,San Diego,Grossmont Union High,El Cajon Valley High,spa,Spanish; Castilian,212
37681303731692,San Diego,Grossmont Union High,El Cajon Valley High,ara,Arabic,103
37681303731692,San Diego,Grossmont Union High,El Cajon Valley High,cpf,"Creoles and pidgins, French-based",2
37681303731692,San Diego,Grossmont Union High,El Cajon Valley High,kur,Kurdish,4
37681303731692,San Diego,Grossmont Union High,El Cajon Valley High,pus,Pushto; Pashto,214
37681303731692,San Diego,Grossmont Union High,El Cajon Valley High,pol,Polish,1
37681303731809,San Diego,Grossmont Union High,El Capitan High,myn,Mayan languages,2
37681303731809,San Diego,Grossmont Union High,El Capitan High,tha,Thai,1
37681303731809,San Diego,Grossmont Union High,El Capitan High,rus,Russian,1
37681303731809,San Diego,Grossmont Union High,El Capitan High,fil,Filipino; Pilipino,1
37681303731809,San Diego,Grossmont Union High,El Capitan High,per,Persian (Farsi),13
37681303731809,San Diego,Grossmont Union High,El Capitan High,pus,Pushto; Pashto,15
37681303731809,San Diego,Grossmont Union High,El Capitan High,fre,French,2
37681303731809,San Diego,Grossmont Union High,El Capitan High,mis,Uncoded languages (Other non-English languages),1
37681303731809,San Diego,Grossmont Union High,El Capitan High,spa,Spanish; Castilian,80
37681303731809,San Diego,Grossmont Union High,El Capitan High,ara,Arabic,9
37681303732336,San Diego,Grossmont Union High,Granite Hills High,khm,"Khmer, Central Khmer",1
37681303732336,San Diego,Grossmont Union High,Granite Hills High,alb,Albanian,1
37681303732336,San Diego,Grossmont Union High,Granite Hills High,kur,Kurdish,6
37681303732336,San Diego,Grossmont Union High,Granite Hills High,cld,Chaldean Neo-Aramaic (Chaldean),44
37681303732336,San Diego,Grossmont Union High,Granite Hills High,smo,Samoan,1
37681303732336,San Diego,Grossmont Union High,Granite Hills High,mis,Uncoded languages (Other non-English languages),8
37681303732336,San Diego,Grossmont Union High,Granite Hills High,ira,Iranian languages,1
37681303732336,San Diego,Grossmont Union High,Granite Hills High,syr,Syriac,1
37681303732336,San Diego,Grossmont Union High,Granite Hills High,ara,Arabic,38
37681303732336,San Diego,Grossmont Union High,Granite Hills High,pus,Pushto; Pashto,40
37681303732336,San Diego,Grossmont Union High,Granite Hills High,rus,Russian,1
37681303732336,San Diego,Grossmont Union High,Granite Hills High,spa,Spanish; Castilian,124
37681303732336,San Diego,Grossmont Union High,Granite Hills High,per,Persian (Farsi),19
37681303732559,San Diego,Grossmont Union High,Chaparral High,pus,Pushto; Pashto,2
37681303732559,San Diego,Grossmont Union High,Chaparral High,ara,Arabic,1
37681303732559,San Diego,Grossmont Union High,Chaparral High,spa,Spanish; Castilian,10
37681303732625,San Diego,Grossmont Union High,Grossmont High,mis,Uncoded languages (Other non-English languages),20
37681303732625,San Diego,Grossmont Union High,Grossmont High,phi,Philippine languages,3
37681303732625,San Diego,Grossmont Union High,Grossmont High,vie,Vietnamese,2
37681303732625,San Diego,Grossmont Union High,Grossmont High,ara,Arabic,34
37681303732625,San Diego,Grossmont Union High,Grossmont High,cmn,"Mandarin Chinese (Putonghua, Guoyu)",1
37681303732625,San Diego,Grossmont Union High,Grossmont High,tha,Thai,1
37681303732625,San Diego,Grossmont Union High,Grossmont High,mah,Marshallese,1
37681303732625,San Diego,Grossmont Union High,Grossmont High,alb,Albanian,2
37681303732625,San Diego,Grossmont Union High,Grossmont High,jpn,Japanese,1
37681303732625,San Diego,Grossmont Union High,Grossmont High,kur,Kurdish,2
37681303732625,San Diego,Grossmont Union High,Grossmont High,pus,Pushto; Pashto,68
37681303732625,San Diego,Grossmont Union High,Grossmont High,syr,Syriac,1
37681303732625,San Diego,Grossmont Union High,Grossmont High,arm,Armenian,1
37681303732625,San Diego,Grossmont Union High,Grossmont High,fre,French,1
37681303732625,San Diego,Grossmont Union High,Grossmont High,per,Persian (Farsi),40
37681303732625,San Diego,Grossmont Union High,Grossmont High,rus,Russian,3
37681303732625,San Diego,Grossmont Union High,Grossmont High,spa,Spanish; Castilian,136
37681303732625,San Diego,Grossmont Union High,Grossmont High,ukr,Ukrainian,1
37681303732625,San Diego,Grossmont Union High,Grossmont High,cld,Chaldean Neo-Aramaic (Chaldean),11
37681303732625,San Diego,Grossmont Union High,Grossmont High,tur,Turkish,1
37681303732732,San Diego,Grossmont Union High,Helix High,cld,Chaldean Neo-Aramaic (Chaldean),1
37681303732732,San Diego,Grossmont Union High,Helix High,lao,Lao,1
37681303732732,San Diego,Grossmont Union High,Helix High,rus,Russian,6
37681303732732,San Diego,Grossmont Union High,Helix High,ara,Arabic,5
37681303732732,San Diego,Grossmont Union High,Helix High,mis,Uncoded languages (Other non-English languages),1
37681303732732,San Diego,Grossmont Union High,Helix High,tir,Tigrinya,1
37681303732732,San Diego,Grossmont Union High,Helix High,fil,Filipino; Pilipino,1
37681303732732,San Diego,Grossmont Union High,Helix High,vie,Vietnamese,7
37681303732732,San Diego,Grossmont Union High,Helix High,cmn,"Mandarin Chinese (Putonghua, Guoyu)",1
37681303732732,San Diego,Grossmont Union High,Helix High,spa,Spanish; Castilian,65
37681303732732,San Diego,Grossmont Union High,Helix High,som,Somali,4
37681303732732,San Diego,Grossmont Union High,Helix High,jpn,Japanese,1
37681303732732,San Diego,Grossmont Union High,Helix High,per,Persian (Farsi),1
37681303732732,San Diego,Grossmont Union High,Helix High,phi,Philippine languages,1
37681303734548,San Diego,Grossmont Union High,Monte Vista High,hat,Haitian; Haitian Creole,4
37681303734548,San Diego,Grossmont Union High,Monte Vista High,pus,Pushto; Pashto,3
37681303734548,San Diego,Grossmont Union High,Monte Vista High,cpf,"Creoles and pidgins, French-based",1
37681303734548,San Diego,Grossmont Union High,Monte Vista High,kur,Kurdish,1
37681303734548,San Diego,Grossmont Union High,Monte Vista High,som,Somali,1
37681303734548,San Diego,Grossmont Union High,Monte Vista High,spa,Spanish; Castilian,202
37681303734548,San Diego,Grossmont Union High,Monte Vista High,fre,French,3
37681303734548,San Diego,Grossmont Union High,Monte Vista High,per,Persian (Farsi),1
37681303734548,San Diego,Grossmont Union High,Monte Vista High,ara,Arabic,6
37681303734548,San Diego,Grossmont Union High,Monte Vista High,vie,Vietnamese,1
37681303734548,San Diego,Grossmont Union High,Monte Vista High,mis,Uncoded languages (Other non-English languages),2
37681303734548,San Diego,Grossmont Union High,Monte Vista High,phi,Philippine languages,3
37681303734548,San Diego,Grossmont Union High,Monte Vista High,por,Portuguese,1
37681303734548,San Diego,Grossmont Union High,Monte Vista High,tgl,Tagalog,1
37681303734761,San Diego,Grossmont Union High,Mount Miguel High,per,Persian (Farsi),19
37681303734761,San Diego,Grossmont Union High,Mount Miguel High,spa,Spanish; Castilian,211
37681303734761,San Diego,Grossmont Union High,Mount Miguel High,hat,Haitian; Haitian Creole,8
37681303734761,San Diego,Grossmont Union High,Mount Miguel High,smo,Samoan,1
37681303734761,San Diego,Grossmont Union High,Mount Miguel High,swa,Swahili,1
37681303734761,San Diego,Grossmont Union High,Mount Miguel High,vie,Vietnamese,1
37681303734761,San Diego,Grossmont Union High,Mount Miguel High,lao,Lao,1
37681303734761,San Diego,Grossmont Union High,Mount Miguel High,phi,Philippine languages,2
37681303734761,San Diego,Grossmont Union High,Mount Miguel High,pus,Pushto; Pashto,9
37681303734761,San Diego,Grossmont Union High,Mount Miguel High,tir,Tigrinya,1
37681303734761,San Diego,Grossmont Union High,Mount Miguel High,ara,Arabic,6
37681303734761,San Diego,Grossmont Union High,Mount Miguel High,fre,French,6
37681303734761,San Diego,Grossmont Union High,Mount Miguel High,por,Portuguese,2
37681303734761,San Diego,Grossmont Union High,Mount Miguel High,tgl,Tagalog,1
37681303734761,San Diego,Grossmont Union High,Mount Miguel High,mis,Uncoded languages (Other non-English languages),6
37681303734761,San Diego,Grossmont Union High,Mount Miguel High,rus,Russian,1
37681303737905,San Diego,Grossmont Union High,Santana High,ceb,"Cebuano (Bisayan, Visayan)",1
37681303737905,San Diego,Grossmont Union High,Santana High,kur,Kurdish,3
37681303737905,San Diego,Grossmont Union High,Santana High,cmn,"Mandarin Chinese (Putonghua, Guoyu)",1
37681303737905,San Diego,Grossmont Union High,Santana High,ara,Arabic,15
37681303737905,San Diego,Grossmont Union High,Santana High,mis,Uncoded languages (Other non-English languages),8
37681303737905,San Diego,Grossmont Union High,Santana High,spa,Spanish; Castilian,57
37681303737905,San Diego,Grossmont Union High,Santana High,fre,French,3
37681303737905,San Diego,Grossmont Union High,Santana High,per,Persian (Farsi),25
37681303737905,San Diego,Grossmont Union High,Santana High,por,Portuguese,1
37681303737905,San Diego,Grossmont Union High,Santana High,cld,Chaldean Neo-Aramaic (Chaldean),2
37681303737905,San Diego,Grossmont Union High,Santana High,hat,Haitian; Haitian Creole,2
37681303737905,San Diego,Grossmont Union High,Santana High,phi,Philippine languages,2
37681303737905,San Diego,Grossmont Union High,Santana High,pus,Pushto; Pashto,33
37681556038319,San Diego,Jamul-Dulzura Union Elementary,Jamul Elementary,phi,Philippine languages,1
37681556038319,San Diego,Jamul-Dulzura Union Elementary,Jamul Elementary,rup,Aromanian; Arumanian; Macedo-Romanian,2
37681556038319,San Diego,Jamul-Dulzura Union Elementary,Jamul Elementary,cmn,"Mandarin Chinese (Putonghua, Guoyu)",1
37681556038319,San Diego,Jamul-Dulzura Union Elementary,Jamul Elementary,spa,Spanish; Castilian,90
37681556038319,San Diego,Jamul-Dulzura Union Elementary,Jamul Elementary,rus,Russian,1
37681556097182,San Diego,Jamul-Dulzura Union Elementary,Oak Grove Middle,rus,Russian,1
37681556097182,San Diego,Jamul-Dulzura Union Elementary,Oak Grove Middle,spa,Spanish; Castilian,47
37681556117303,San Diego,Jamul-Dulzura Union Elementary,Greater San Diego Academy,spa,Spanish; Castilian,23
37681556117303,San Diego,Jamul-Dulzura Union Elementary,Greater San Diego Academy,rus,Russian,2
37681630128421,San Diego,Julian Union Elementary,Harbor Springs Charter,spa,Spanish; Castilian,20
37681630128421,San Diego,Julian Union Elementary,Harbor Springs Charter,fre,French,1
37681630128421,San Diego,Julian Union Elementary,Harbor Springs Charter,som,Somali,2
37681630128421,San Diego,Julian Union Elementary,Harbor Springs Charter,ceb,"Cebuano (Bisayan, Visayan)",1
37681630138156,San Diego,Julian Union Elementary,JCS - Mountain Oaks,spa,Spanish; Castilian,4
37681630138156,San Diego,Julian Union Elementary,JCS - Mountain Oaks,mis,Uncoded languages (Other non-English languages),1
37681630138156,San Diego,Julian Union Elementary,JCS - Mountain Oaks,rus,Russian,2
37681630138628,San Diego,Julian Union Elementary,JCS - Cedar Cove,spa,Spanish; Castilian,1
37681630139402,San Diego,Julian Union Elementary,Brookfield Engineering Science Technology Academy,phi,Philippine languages,1
37681630139402,San Diego,Julian Union Elementary,Brookfield Engineering Science Technology Academy,ath,Athapascan languages,1
37681630139402,San Diego,Julian Union Elementary,Brookfield Engineering Science Technology Academy,per,Persian (Farsi),1
37681630139402,San Diego,Julian Union Elementary,Brookfield Engineering Science Technology Academy,ukr,Ukrainian,1
37681630139402,San Diego,Julian Union Elementary,Brookfield Engineering Science Technology Academy,spa,Spanish; Castilian,176
37681630139402,San Diego,Julian Union Elementary,Brookfield Engineering Science Technology Academy,rus,Russian,3
37681630139402,San Diego,Julian Union Elementary,Brookfield Engineering Science Technology Academy,sal,Salishan languages,1
37681630139402,San Diego,Julian Union Elementary,Brookfield Engineering Science Technology Academy,jpn,Japanese,1
37681633731239,San Diego,Julian Union Elementary,Julian Charter,spa,Spanish; Castilian,7
37681636038327,San Diego,Julian Union Elementary,Julian Elementary,spa,Spanish; Castilian,5
37681636105845,San Diego,Julian Union Elementary,Julian Junior High,spa,Spanish; Castilian,9
37681713733219,San Diego,Julian Union High,Julian High,spa,Spanish; Castilian,11
37681893731072,San Diego,Lakeside Union,River Valley Charter,ara,Arabic,1
37681896038343,San Diego,Lakeside Union,Lakeside Farms Elementary,per,Persian (Farsi),1
37681896038343,San Diego,Lakeside Union,Lakeside Farms Elementary,alb,Albanian,1
37681896038343,San Diego,Lakeside Union,Lakeside Farms Elementary,spa,Spanish; Castilian,19
37681896038343,San Diego,Lakeside Union,Lakeside Farms Elementary,hat,Haitian; Haitian Creole,1
37681896038343,San Diego,Lakeside Union,Lakeside Farms Elementary,ara,Arabic,5
37681896038343,San Diego,Lakeside Union,Lakeside Farms Elementary,cmn,"Mandarin Chinese (Putonghua, Guoyu)",1
37681896038343,San Diego,Lakeside Union,Lakeside Farms Elementary,syr,Syriac,1
37681896038350,San Diego,Lakeside Union,Lakeside Middle,ara,Arabic,2
37681896038350,San Diego,Lakeside Union,Lakeside Middle,kur,Kurdish,1
37681896038350,San Diego,Lakeside Union,Lakeside Middle,spa,Spanish; Castilian,26
37681896038350,San Diego,Lakeside Union,Lakeside Middle,pus,Pushto; Pashto,1
37681896038350,San Diego,Lakeside Union,Lakeside Middle,cmn,"Mandarin Chinese (Putonghua, Guoyu)",1
37681896038350,San Diego,Lakeside Union,Lakeside Middle,cld,Chaldean Neo-Aramaic (Chaldean),1
37681896038350,San Diego,Lakeside Union,Lakeside Middle,mis,Uncoded languages (Other non-English languages),1
37681896038350,San Diego,Lakeside Union,Lakeside Middle,alb,Albanian,1
37681896038350,San Diego,Lakeside Union,Lakeside Middle,per,Persian (Farsi),5
37681896038350,San Diego,Lakeside Union,Lakeside Middle,rus,Russian,2
37681896038368,San Diego,Lakeside Union,Lakeview Elementary,spa,Spanish; Castilian,22
37681896038368,San Diego,Lakeside Union,Lakeview Elementary,ara,Arabic,5
37681896038368,San Diego,Lakeside Union,Lakeview Elementary,cld,Chaldean Neo-Aramaic (Chaldean),2
37681896038368,San Diego,Lakeside Union,Lakeview Elementary,mis,Uncoded languages (Other non-English languages),1
37681896038376,San Diego,Lakeside Union,Lindo Park Elementary,kur,Kurdish,1
37681896038376,San Diego,Lakeside Union,Lindo Park Elementary,vie,Vietnamese,2
37681896038376,San Diego,Lakeside Union,Lindo Park Elementary,per,Persian (Farsi),21
37681896038376,San Diego,Lakeside Union,Lindo Park Elementary,uzb,Uzbek,1
37681896038376,San Diego,Lakeside Union,Lindo Park Elementary,pus,Pushto; Pashto,5
37681896038376,San Diego,Lakeside Union,Lindo Park Elementary,fre,French,1
37681896038376,San Diego,Lakeside Union,Lindo Park Elementary,hat,Haitian; Haitian Creole,2
37681896038376,San Diego,Lakeside Union,Lindo Park Elementary,spa,Spanish; Castilian,57
37681896038376,San Diego,Lakeside Union,Lindo Park Elementary,ara,Arabic,6
37681896038376,San Diego,Lakeside Union,Lindo Park Elementary,syr,Syriac,1
37681896038384,San Diego,Lakeside Union,Riverview Elementary,spa,Spanish; Castilian,17
37681896038384,San Diego,Lakeside Union,Riverview Elementary,cmn,"Mandarin Chinese (Putonghua, Guoyu)",2
37681896038392,San Diego,Lakeside Union,Winter Gardens Elementary,cmn,"Mandarin Chinese (Putonghua, Guoyu)",2
37681896038392,San Diego,Lakeside Union,Winter Gardens Elementary,vie,Vietnamese,1
37681896038392,San Diego,Lakeside Union,Winter Gardens Elementary,yue,Yue Chinese (Cantonese),1
37681896038392,San Diego,Lakeside Union,Winter Gardens Elementary,spa,Spanish; Castilian,7
37681896085047,San Diego,Lakeside Union,Tierra del Sol Middle,per,Persian (Farsi),7
37681896085047,San Diego,Lakeside Union,Tierra del Sol Middle,ara,Arabic,5
37681896085047,San Diego,Lakeside Union,Tierra del Sol Middle,kur,Kurdish,1
37681896085047,San Diego,Lakeside Union,Tierra del Sol Middle,spa,Spanish; Castilian,33
37681896085047,San Diego,Lakeside Union,Tierra del Sol Middle,cld,Chaldean Neo-Aramaic (Chaldean),2
37681896085047,San Diego,Lakeside Union,Tierra del Sol Middle,pus,Pushto; Pashto,6
37681896085047,San Diego,Lakeside Union,Tierra del Sol Middle,crp,Creoles and pidgins,1
37681896107742,San Diego,Lakeside Union,DREAM Academy,spa,Spanish; Castilian,7
37681896110092,San Diego,Lakeside Union,Lemon Crest Elementary,alb,Albanian,3
37681896110092,San Diego,Lakeside Union,Lemon Crest Elementary,jpn,Japanese,1
37681896110092,San Diego,Lakeside Union,Lemon Crest Elementary,per,Persian (Farsi),10
37681896110092,San Diego,Lakeside Union,Lemon Crest Elementary,pus,Pushto; Pashto,4
37681896110092,San Diego,Lakeside Union,Lemon Crest Elementary,hat,Haitian; Haitian Creole,1
37681896110092,San Diego,Lakeside Union,Lemon Crest Elementary,spa,Spanish; Castilian,41
37681896110092,San Diego,Lakeside Union,Lemon Crest Elementary,ara,Arabic,5
37681896110092,San Diego,Lakeside Union,Lemon Crest Elementary,kur,Kurdish,4
37681896120901,San Diego,Lakeside Union,Barona Charter,spa,Spanish; Castilian,3
37681970000000,San Diego,La Mesa-Spring Valley,District Office,spa,Spanish; Castilian,1
37681970000001,San Diego,La Mesa-Spring Valley,"Nonpublic, Nonsectarian Schools",spa,Spanish; Castilian,1
37681970132290,San Diego,La Mesa-Spring Valley,La Mesa Arts Academy,per,Persian (Farsi),12
37681970132290,San Diego,La Mesa-Spring Valley,La Mesa Arts Academy,rus,Russian,8
37681970132290,San Diego,La Mesa-Spring Valley,La Mesa Arts Academy,ara,Arabic,4
37681970132290,San Diego,La Mesa-Spring Valley,La Mesa Arts Academy,spa,Spanish; Castilian,44
37681970132290,San Diego,La Mesa-Spring Valley,La Mesa Arts Academy,lao,Lao,1
37681970132290,San Diego,La Mesa-Spring Valley,La Mesa Arts Academy,mis,Uncoded languages (Other non-English languages),6
37681970132290,San Diego,La Mesa-Spring Valley,La Mesa Arts Academy,swa,Swahili,1
37681970132290,San Diego,La Mesa-Spring Valley,La Mesa Arts Academy,jpn,Japanese,1
37681970132290,San Diego,La Mesa-Spring Valley,La Mesa Arts Academy,pus,Pushto; Pashto,4
37681970132431,San Diego,La Mesa-Spring Valley,"Science, Technology, Engineering, Arts, and Math Academy at La Presa",cpf,"Creoles and pidgins, French-based",1
37681970132431,San Diego,La Mesa-Spring Valley,"Science, Technology, Engineering, Arts, and Math Academy at La Presa",tha,Thai,1
37681970132431,San Diego,La Mesa-Spring Valley,"Science, Technology, Engineering, Arts, and Math Academy at La Presa",som,Somali,1
37681970132431,San Diego,La Mesa-Spring Valley,"Science, Technology, Engineering, Arts, and Math Academy at La Presa",phi,Philippine languages,4
37681970132431,San Diego,La Mesa-Spring Valley,"Science, Technology, Engineering, Arts, and Math Academy at La Presa",ara,Arabic,2
37681970132431,San Diego,La Mesa-Spring Valley,"Science, Technology, Engineering, Arts, and Math Academy at La Presa",fil,Filipino; Pilipino,1
37681970132431,San Diego,La Mesa-Spring Valley,"Science, Technology, Engineering, Arts, and Math Academy at La Presa",mis,Uncoded languages (Other non-English languages),1
37681970132431,San Diego,La Mesa-Spring Valley,"Science, Technology, Engineering, Arts, and Math Academy at La Presa",spa,Spanish; Castilian,139
37681970132431,San Diego,La Mesa-Spring Valley,"Science, Technology, Engineering, Arts, and Math Academy at La Presa",per,Persian (Farsi),5
37681970132431,San Diego,La Mesa-Spring Valley,"Science, Technology, Engineering, Arts, and Math Academy at La Presa",swa,Swahili,1
37681970132431,San Diego,La Mesa-Spring Valley,"Science, Technology, Engineering, Arts, and Math Academy at La Presa",hat,Haitian; Haitian Creole,1
37681970132431,San Diego,La Mesa-Spring Valley,"Science, Technology, Engineering, Arts, and Math Academy at La Presa",pus,Pushto; Pashto,3
37681970134155,San Diego,La Mesa-Spring Valley,Spring Valley Academy,pus,Pushto; Pashto,1
37681970134155,San Diego,La Mesa-Spring Valley,Spring Valley Academy,fre,French,1
37681970134155,San Diego,La Mesa-Spring Valley,Spring Valley Academy,yue,Yue Chinese (Cantonese),1
37681970134155,San Diego,La Mesa-Spring Valley,Spring Valley Academy,cld,Chaldean Neo-Aramaic (Chaldean),2
37681970134155,San Diego,La Mesa-Spring Valley,Spring Valley Academy,phi,Philippine languages,2
37681970134155,San Diego,La Mesa-Spring Valley,Spring Valley Academy,per,Persian (Farsi),5
37681970134155,San Diego,La Mesa-Spring Valley,Spring Valley Academy,ara,Arabic,2
37681970134155,San Diego,La Mesa-Spring Valley,Spring Valley Academy,por,Portuguese,2
37681970134155,San Diego,La Mesa-Spring Valley,Spring Valley Academy,spa,Spanish; Castilian,91
37681970134155,San Diego,La Mesa-Spring Valley,Spring Valley Academy,cpf,"Creoles and pidgins, French-based",2
37681970134155,San Diego,La Mesa-Spring Valley,Spring Valley Academy,hat,Haitian; Haitian Creole,2
37681970136408,San Diego,La Mesa-Spring Valley,Sparrow Academy,rus,Russian,2
37681970136408,San Diego,La Mesa-Spring Valley,Sparrow Academy,spa,Spanish; Castilian,9
37681976038400,San Diego,La Mesa-Spring Valley,Avondale Elementary,per,Persian (Farsi),2
37681976038400,San Diego,La Mesa-Spring Valley,Avondale Elementary,lao,Lao,1
37681976038400,San Diego,La Mesa-Spring Valley,Avondale Elementary,spa,Spanish; Castilian,50
37681976038400,San Diego,La Mesa-Spring Valley,Avondale Elementary,und,Undetermined,1
37681976038418,San Diego,La Mesa-Spring Valley,Bancroft Elementary,spa,Spanish; Castilian,122
37681976038418,San Diego,La Mesa-Spring Valley,Bancroft Elementary,per,Persian (Farsi),2
37681976038418,San Diego,La Mesa-Spring Valley,Bancroft Elementary,hat,Haitian; Haitian Creole,2
37681976038418,San Diego,La Mesa-Spring Valley,Bancroft Elementary,phi,Philippine languages,1
37681976038418,San Diego,La Mesa-Spring Valley,Bancroft Elementary,cpf,"Creoles and pidgins, French-based",1
37681976038418,San Diego,La Mesa-Spring Valley,Bancroft Elementary,jpn,Japanese,1
37681976038418,San Diego,La Mesa-Spring Valley,Bancroft Elementary,mis,Uncoded languages (Other non-English languages),2
37681976038434,San Diego,La Mesa-Spring Valley,Casa de Oro Elementary,hat,Haitian; Haitian Creole,1
37681976038434,San Diego,La Mesa-Spring Valley,Casa de Oro Elementary,por,Portuguese,3
37681976038434,San Diego,La Mesa-Spring Valley,Casa de Oro Elementary,cld,Chaldean Neo-Aramaic (Chaldean),1
37681976038434,San Diego,La Mesa-Spring Valley,Casa de Oro Elementary,ara,Arabic,5
37681976038434,San Diego,La Mesa-Spring Valley,Casa de Oro Elementary,spa,Spanish; Castilian,63
37681976038442,San Diego,La Mesa-Spring Valley,Fletcher Hills Elementary,ara,Arabic,3
37681976038442,San Diego,La Mesa-Spring Valley,Fletcher Hills Elementary,uzb,Uzbek,1
37681976038442,San Diego,La Mesa-Spring Valley,Fletcher Hills Elementary,heb,Hebrew,1
37681976038442,San Diego,La Mesa-Spring Valley,Fletcher Hills Elementary,spa,Spanish; Castilian,11
37681976038442,San Diego,La Mesa-Spring Valley,Fletcher Hills Elementary,ger,German,1
37681976038459,San Diego,La Mesa-Spring Valley,Highlands Elementary,rus,Russian,1
37681976038459,San Diego,La Mesa-Spring Valley,Highlands Elementary,spa,Spanish; Castilian,60
37681976038459,San Diego,La Mesa-Spring Valley,Highlands Elementary,kur,Kurdish,1
37681976038459,San Diego,La Mesa-Spring Valley,Highlands Elementary,por,Portuguese,1
37681976038459,San Diego,La Mesa-Spring Valley,Highlands Elementary,per,Persian (Farsi),8
37681976038459,San Diego,La Mesa-Spring Valley,Highlands Elementary,cld,Chaldean Neo-Aramaic (Chaldean),1
37681976038459,San Diego,La Mesa-Spring Valley,Highlands Elementary,ara,Arabic,1
37681976038459,San Diego,La Mesa-Spring Valley,Highlands Elementary,hat,Haitian; Haitian Creole,2
37681976038467,San Diego,La Mesa-Spring Valley,Kempton Street Literacy Academy,khm,"Khmer, Central Khmer",4
37681976038467,San Diego,La Mesa-Spring Valley,Kempton Street Literacy Academy,ara,Arabic,1
37681976038467,San Diego,La Mesa-Spring Valley,Kempton Street Literacy Academy,spa,Spanish; Castilian,178
37681976038467,San Diego,La Mesa-Spring Valley,Kempton Street Literacy Academy,cpe,"Creoles and pidgins, English based",1
37681976038467,San Diego,La Mesa-Spring Valley,Kempton Street Literacy Academy,vie,Vietnamese,2
37681976038467,San Diego,La Mesa-Spring Valley,Kempton Street Literacy Academy,fre,French,1
37681976038467,San Diego,La Mesa-Spring Valley,Kempton Street Literacy Academy,per,Persian (Farsi),3
37681976038467,San Diego,La Mesa-Spring Valley,Kempton Street Literacy Academy,pus,Pushto; Pashto,2
37681976038475,San Diego,La Mesa-Spring Valley,La Mesa Dale Elementary,hat,Haitian; Haitian Creole,3
37681976038475,San Diego,La Mesa-Spring Valley,La Mesa Dale Elementary,rus,Russian,4
37681976038475,San Diego,La Mesa-Spring Valley,La Mesa Dale Elementary,spa,Spanish; Castilian,37
37681976038475,San Diego,La Mesa-Spring Valley,La Mesa Dale Elementary,amh,Amharic,1
37681976038475,San Diego,La Mesa-Spring Valley,La Mesa Dale Elementary,vie,Vietnamese,5
37681976038475,San Diego,La Mesa-Spring Valley,La Mesa Dale Elementary,ara,Arabic,1
37681976038475,San Diego,La Mesa-Spring Valley,La Mesa Dale Elementary,mis,Uncoded languages (Other non-English languages),1
37681976038475,San Diego,La Mesa-Spring Valley,La Mesa Dale Elementary,phi,Philippine languages,2
37681976038475,San Diego,La Mesa-Spring Valley,La Mesa Dale Elementary,afr,Afrikaans,1
37681976038475,San Diego,La Mesa-Spring Valley,La Mesa Dale Elementary,per,Persian (Farsi),8
37681976038509,San Diego,La Mesa-Spring Valley,La Presa Elementary,ara,Arabic,1
37681976038509,San Diego,La Mesa-Spring Valley,La Presa Elementary,spa,Spanish; Castilian,74
37681976038509,San Diego,La Mesa-Spring Valley,La Presa Elementary,pus,Pushto; Pashto,1
37681976038509,San Diego,La Mesa-Spring Valley,La Presa Elementary,phi,Philippine languages,1
37681976038509,San Diego,La Mesa-Spring Valley,La Presa Elementary,vie,Vietnamese,3
37681976038517,San Diego,La Mesa-Spring Valley,Lemon Avenue Elementary,hat,Haitian; Haitian Creole,1
37681976038517,San Diego,La Mesa-Spring Valley,Lemon Avenue Elementary,jpn,Japanese,1
37681976038517,San Diego,La Mesa-Spring Valley,Lemon Avenue Elementary,per,Persian (Farsi),6
37681976038517,San Diego,La Mesa-Spring Valley,Lemon Avenue Elementary,rus,Russian,2
37681976038517,San Diego,La Mesa-Spring Valley,Lemon Avenue Elementary,phi,Philippine languages,1
37681976038517,San Diego,La Mesa-Spring Valley,Lemon Avenue Elementary,pus,Pushto; Pashto,2
37681976038517,San Diego,La Mesa-Spring Valley,Lemon Avenue Elementary,fil,Filipino; Pilipino,1
37681976038517,San Diego,La Mesa-Spring Valley,Lemon Avenue Elementary,swa,Swahili,3
37681976038517,San Diego,La Mesa-Spring Valley,Lemon Avenue Elementary,ara,Arabic,3
37681976038517,San Diego,La Mesa-Spring Valley,Lemon Avenue Elementary,spa,Spanish; Castilian,19
37681976038525,San Diego,La Mesa-Spring Valley,Maryland Avenue Elementary,cld,Chaldean Neo-Aramaic (Chaldean),1
37681976038525,San Diego,La Mesa-Spring Valley,Maryland Avenue Elementary,rus,Russian,6
37681976038525,San Diego,La Mesa-Spring Valley,Maryland Avenue Elementary,per,Persian (Farsi),1
37681976038525,San Diego,La Mesa-Spring Valley,Maryland Avenue Elementary,ara,Arabic,6
37681976038525,San Diego,La Mesa-Spring Valley,Maryland Avenue Elementary,fil,Filipino; Pilipino,1
37681976038525,San Diego,La Mesa-Spring Valley,Maryland Avenue Elementary,mis,Uncoded languages (Other non-English languages),2
37681976038525,San Diego,La Mesa-Spring Valley,Maryland Avenue Elementary,por,Portuguese,1
37681976038525,San Diego,La Mesa-Spring Valley,Maryland Avenue Elementary,spa,Spanish; Castilian,11
37681976038525,San Diego,La Mesa-Spring Valley,Maryland Avenue Elementary,ukr,Ukrainian,2
37681976038525,San Diego,La Mesa-Spring Valley,Maryland Avenue Elementary,vie,Vietnamese,1
37681976038533,San Diego,La Mesa-Spring Valley,Murray Manor Elementary,cpf,"Creoles and pidgins, French-based",1
37681976038533,San Diego,La Mesa-Spring Valley,Murray Manor Elementary,khm,"Khmer, Central Khmer",1
37681976038533,San Diego,La Mesa-Spring Valley,Murray Manor Elementary,yue,Yue Chinese (Cantonese),1
37681976038533,San Diego,La Mesa-Spring Valley,Murray Manor Elementary,vie,Vietnamese,1
37681976038533,San Diego,La Mesa-Spring Valley,Murray Manor Elementary,rus,Russian,2
37681976038533,San Diego,La Mesa-Spring Valley,Murray Manor Elementary,spa,Spanish; Castilian,10
37681976038533,San Diego,La Mesa-Spring Valley,Murray Manor Elementary,ara,Arabic,3
37681976038533,San Diego,La Mesa-Spring Valley,Murray Manor Elementary,per,Persian (Farsi),10
37681976038533,San Diego,La Mesa-Spring Valley,Murray Manor Elementary,tir,Tigrinya,1
37681976038541,San Diego,La Mesa-Spring Valley,Northmont Elementary,per,Persian (Farsi),2
37681976038541,San Diego,La Mesa-Spring Valley,Northmont Elementary,ara,Arabic,1
37681976038541,San Diego,La Mesa-Spring Valley,Northmont Elementary,fre,French,1
37681976038541,San Diego,La Mesa-Spring Valley,Northmont Elementary,spa,Spanish; Castilian,16
37681976038541,San Diego,La Mesa-Spring Valley,Northmont Elementary,uzb,Uzbek,1
37681976038541,San Diego,La Mesa-Spring Valley,Northmont Elementary,mis,Uncoded languages (Other non-English languages),1
37681976038541,San Diego,La Mesa-Spring Valley,Northmont Elementary,pus,Pushto; Pashto,12
37681976038541,San Diego,La Mesa-Spring Valley,Northmont Elementary,cld,Chaldean Neo-Aramaic (Chaldean),1
37681976038558,San Diego,La Mesa-Spring Valley,Parkway Sports and Health Science Academy,swa,Swahili,2
37681976038558,San Diego,La Mesa-Spring Valley,Parkway Sports and Health Science Academy,tir,Tigrinya,1
37681976038558,San Diego,La Mesa-Spring Valley,Parkway Sports and Health Science Academy,ara,Arabic,4
37681976038558,San Diego,La Mesa-Spring Valley,Parkway Sports and Health Science Academy,spa,Spanish; Castilian,26
37681976038558,San Diego,La Mesa-Spring Valley,Parkway Sports and Health Science Academy,jpn,Japanese,1
37681976038558,San Diego,La Mesa-Spring Valley,Parkway Sports and Health Science Academy,cld,Chaldean Neo-Aramaic (Chaldean),1
37681976038558,San Diego,La Mesa-Spring Valley,Parkway Sports and Health Science Academy,ita,Italian,1
37681976038558,San Diego,La Mesa-Spring Valley,Parkway Sports and Health Science Academy,rus,Russian,2
37681976038558,San Diego,La Mesa-Spring Valley,Parkway Sports and Health Science Academy,tur,Turkish,1
37681976038558,San Diego,La Mesa-Spring Valley,Parkway Sports and Health Science Academy,arm,Armenian,1
37681976038558,San Diego,La Mesa-Spring Valley,Parkway Sports and Health Science Academy,vie,Vietnamese,1
37681976038558,San Diego,La Mesa-Spring Valley,Parkway Sports and Health Science Academy,kur,Kurdish,1
37681976038558,San Diego,La Mesa-Spring Valley,Parkway Sports and Health Science Academy,mis,Uncoded languages (Other non-English languages),3
37681976038558,San Diego,La Mesa-Spring Valley,Parkway Sports and Health Science Academy,mah,Marshallese,1
37681976038558,San Diego,La Mesa-Spring Valley,Parkway Sports and Health Science Academy,per,Persian (Farsi),5
37681976038558,San Diego,La Mesa-Spring Valley,Parkway Sports and Health Science Academy,pus,Pushto; Pashto,2
37681976038558,San Diego,La Mesa-Spring Valley,Parkway Sports and Health Science Academy,uzb,Uzbek,4
37681976038566,San Diego,La Mesa-Spring Valley,Rancho Elementary,spa,Spanish; Castilian,49
37681976038566,San Diego,La Mesa-Spring Valley,Rancho Elementary,ara,Arabic,1
37681976038566,San Diego,La Mesa-Spring Valley,Rancho Elementary,fil,Filipino; Pilipino,3
37681976038566,San Diego,La Mesa-Spring Valley,Rancho Elementary,vie,Vietnamese,3
37681976038574,San Diego,La Mesa-Spring Valley,Rolando Elementary,vie,Vietnamese,6
37681976038574,San Diego,La Mesa-Spring Valley,Rolando Elementary,yue,Yue Chinese (Cantonese),1
37681976038574,San Diego,La Mesa-Spring Valley,Rolando Elementary,rus,Russian,3
37681976038574,San Diego,La Mesa-Spring Valley,Rolando Elementary,spa,Spanish; Castilian,27
37681976038574,San Diego,La Mesa-Spring Valley,Rolando Elementary,ara,Arabic,1
37681976038574,San Diego,La Mesa-Spring Valley,Rolando Elementary,mis,Uncoded languages (Other non-English languages),2
37681976038574,San Diego,La Mesa-Spring Valley,Rolando Elementary,pus,Pushto; Pashto,7
37681976038574,San Diego,La Mesa-Spring Valley,Rolando Elementary,per,Persian (Farsi),6
37681976070833,San Diego,La Mesa-Spring Valley,Murdock Elementary,cld,Chaldean Neo-Aramaic (Chaldean),1
37681976070833,San Diego,La Mesa-Spring Valley,Murdock Elementary,por,Portuguese,1
37681976070833,San Diego,La Mesa-Spring Valley,Murdock Elementary,per,Persian (Farsi),1
37681976070833,San Diego,La Mesa-Spring Valley,Murdock Elementary,cpf,"Creoles and pidgins, French-based",1
37681976070833,San Diego,La Mesa-Spring Valley,Murdock Elementary,hat,Haitian; Haitian Creole,5
37681976070833,San Diego,La Mesa-Spring Valley,Murdock Elementary,tur,Turkish,2
37681976070833,San Diego,La Mesa-Spring Valley,Murdock Elementary,kor,Korean,2
37681976070833,San Diego,La Mesa-Spring Valley,Murdock Elementary,kru,Kurukh,1
37681976070833,San Diego,La Mesa-Spring Valley,Murdock Elementary,rus,Russian,1
37681976070833,San Diego,La Mesa-Spring Valley,Murdock Elementary,vie,Vietnamese,3
37681976070833,San Diego,La Mesa-Spring Valley,Murdock Elementary,ara,Arabic,2
37681976070833,San Diego,La Mesa-Spring Valley,Murdock Elementary,spa,Spanish; Castilian,30
37681976098446,San Diego,La Mesa-Spring Valley,Loma Elementary,chi,Chinese (Other Chinese languages),1
37681976098446,San Diego,La Mesa-Spring Valley,Loma Elementary,swa,Swahili,1
37681976098446,San Diego,La Mesa-Spring Valley,Loma Elementary,som,Somali,2
37681976098446,San Diego,La Mesa-Spring Valley,Loma Elementary,khm,"Khmer, Central Khmer",1
37681976098446,San Diego,La Mesa-Spring Valley,Loma Elementary,cmn,"Mandarin Chinese (Putonghua, Guoyu)",1
37681976098446,San Diego,La Mesa-Spring Valley,Loma Elementary,spa,Spanish; Castilian,45
37681976098446,San Diego,La Mesa-Spring Valley,Loma Elementary,cld,Chaldean Neo-Aramaic (Chaldean),1
37681976098446,San Diego,La Mesa-Spring Valley,Loma Elementary,ara,Arabic,10
37681976098446,San Diego,La Mesa-Spring Valley,Loma Elementary,pus,Pushto; Pashto,3
37681976098446,San Diego,La Mesa-Spring Valley,Loma Elementary,vie,Vietnamese,1
37681976098446,San Diego,La Mesa-Spring Valley,Loma Elementary,hat,Haitian; Haitian Creole,1
37681976098446,San Diego,La Mesa-Spring Valley,Loma Elementary,phi,Philippine languages,1
37681976098446,San Diego,La Mesa-Spring Valley,Loma Elementary,por,Portuguese,1
37681976098446,San Diego,La Mesa-Spring Valley,Loma Elementary,syr,Syriac,1
37681976111207,San Diego,La Mesa-Spring Valley,Sweetwater Springs Elementary,ara,Arabic,2
37681976111207,San Diego,La Mesa-Spring Valley,Sweetwater Springs Elementary,kur,Kurdish,1
37681976111207,San Diego,La Mesa-Spring Valley,Sweetwater Springs Elementary,phi,Philippine languages,2
37681976111207,San Diego,La Mesa-Spring Valley,Sweetwater Springs Elementary,amh,Amharic,1
37681976111207,San Diego,La Mesa-Spring Valley,Sweetwater Springs Elementary,mis,Uncoded languages (Other non-English languages),1
37681976111207,San Diego,La Mesa-Spring Valley,Sweetwater Springs Elementary,khm,"Khmer, Central Khmer",1
37681976111207,San Diego,La Mesa-Spring Valley,Sweetwater Springs Elementary,por,Portuguese,1
37681976111207,San Diego,La Mesa-Spring Valley,Sweetwater Springs Elementary,vie,Vietnamese,1
37681976111207,San Diego,La Mesa-Spring Valley,Sweetwater Springs Elementary,tha,Thai,1
37681976111207,San Diego,La Mesa-Spring Valley,Sweetwater Springs Elementary,fre,French,2
37681976111207,San Diego,La Mesa-Spring Valley,Sweetwater Springs Elementary,spa,Spanish; Castilian,48
37681976111207,San Diego,La Mesa-Spring Valley,Sweetwater Springs Elementary,mkh,Mon-Khmer languages,1
37682050000001,San Diego,Lemon Grove,"Nonpublic, Nonsectarian Schools",hat,Haitian; Haitian Creole,1
37682050141499,San Diego,Lemon Grove,Lemon Grove Academy Elementary,per,Persian (Farsi),1
37682050141499,San Diego,Lemon Grove,Lemon Grove Academy Elementary,phi,Philippine languages,1
37682050141499,San Diego,Lemon Grove,Lemon Grove Academy Elementary,hat,Haitian; Haitian Creole,3
37682050141499,San Diego,Lemon Grove,Lemon Grove Academy Elementary,cpf,"Creoles and pidgins, French-based",1
37682050141499,San Diego,Lemon Grove,Lemon Grove Academy Elementary,spa,Spanish; Castilian,92
37682050141499,San Diego,Lemon Grove,Lemon Grove Academy Elementary,som,Somali,1
37682050141499,San Diego,Lemon Grove,Lemon Grove Academy Elementary,mis,Uncoded languages (Other non-English languages),1
37682050141499,San Diego,Lemon Grove,Lemon Grove Academy Elementary,ara,Arabic,1
37682056038608,San Diego,Lemon Grove,Lemon Grove Academy for the Sciences and Humanities,hat,Haitian; Haitian Creole,2
37682056038608,San Diego,Lemon Grove,Lemon Grove Academy for the Sciences and Humanities,mis,Uncoded languages (Other non-English languages),1
37682056038608,San Diego,Lemon Grove,Lemon Grove Academy for the Sciences and Humanities,lao,Lao,1
37682056038608,San Diego,Lemon Grove,Lemon Grove Academy for the Sciences and Humanities,fre,French,1
37682056038608,San Diego,Lemon Grove,Lemon Grove Academy for the Sciences and Humanities,som,Somali,4
37682056038608,San Diego,Lemon Grove,Lemon Grove Academy for the Sciences and Humanities,ara,Arabic,1
37682056038608,San Diego,Lemon Grove,Lemon Grove Academy for the Sciences and Humanities,spa,Spanish; Castilian,103
37682056038608,San Diego,Lemon Grove,Lemon Grove Academy for the Sciences and Humanities,hmn,Hmong; Mong,1
37682056038608,San Diego,Lemon Grove,Lemon Grove Academy for the Sciences and Humanities,per,Persian (Farsi),2
37682056038624,San Diego,Lemon Grove,Monterey Heights Elementary,phi,Philippine languages,3
37682056038624,San Diego,Lemon Grove,Monterey Heights Elementary,jpn,Japanese,1
37682056038624,San Diego,Lemon Grove,Monterey Heights Elementary,pus,Pushto; Pashto,1
37682056038624,San Diego,Lemon Grove,Monterey Heights Elementary,fre,French,1
37682056038624,San Diego,Lemon Grove,Monterey Heights Elementary,spa,Spanish; Castilian,53
37682056038624,San Diego,Lemon Grove,Monterey Heights Elementary,lao,Lao,1
37682056038624,San Diego,Lemon Grove,Monterey Heights Elementary,orm,Oromo,2
37682056038624,San Diego,Lemon Grove,Monterey Heights Elementary,mis,Uncoded languages (Other non-English languages),1
37682056038632,San Diego,Lemon Grove,Mt. Vernon Elementary,mis,Uncoded languages (Other non-English languages),1
37682056038632,San Diego,Lemon Grove,Mt. Vernon Elementary,phi,Philippine languages,1
37682056038632,San Diego,Lemon Grove,Mt. Vernon Elementary,cpf,"Creoles and pidgins, French-based",1
37682056038632,San Diego,Lemon Grove,Mt. Vernon Elementary,som,Somali,1
37682056038632,San Diego,Lemon Grove,Mt. Vernon Elementary,ara,Arabic,1
37682056038632,San Diego,Lemon Grove,Mt. Vernon Elementary,spa,Spanish; Castilian,110
37682056038632,San Diego,Lemon Grove,Mt. Vernon Elementary,lao,Lao,1
37682056038632,San Diego,Lemon Grove,Mt. Vernon Elementary,tgl,Tagalog,1
37682056038632,San Diego,Lemon Grove,Mt. Vernon Elementary,hat,Haitian; Haitian Creole,1
37682056038632,San Diego,Lemon Grove,Mt. Vernon Elementary,kur,Kurdish,1
37682056038657,San Diego,Lemon Grove,San Altos Elementary,lao,Lao,1
37682056038657,San Diego,Lemon Grove,San Altos Elementary,smo,Samoan,1
37682056038657,San Diego,Lemon Grove,San Altos Elementary,vie,Vietnamese,5
37682056038657,San Diego,Lemon Grove,San Altos Elementary,hmn,Hmong; Mong,2
37682056038657,San Diego,Lemon Grove,San Altos Elementary,spa,Spanish; Castilian,39
37682056038657,San Diego,Lemon Grove,San Altos Elementary,hat,Haitian; Haitian Creole,1
37682056038665,San Diego,Lemon Grove,San Miguel Elementary,yue,Yue Chinese (Cantonese),1
37682056038665,San Diego,Lemon Grove,San Miguel Elementary,per,Persian (Farsi),8
37682056038665,San Diego,Lemon Grove,San Miguel Elementary,fre,French,1
37682056038665,San Diego,Lemon Grove,San Miguel Elementary,phi,Philippine languages,1
37682056038665,San Diego,Lemon Grove,San Miguel Elementary,spa,Spanish; Castilian,92
37682056038665,San Diego,Lemon Grove,San Miguel Elementary,vie,Vietnamese,5
37682056038665,San Diego,Lemon Grove,San Miguel Elementary,mis,Uncoded languages (Other non-English languages),1
37682056038665,San Diego,Lemon Grove,San Miguel Elementary,smo,Samoan,1
37682056038665,San Diego,Lemon Grove,San Miguel Elementary,hat,Haitian; Haitian Creole,6
37682056038665,San Diego,Lemon Grove,San Miguel Elementary,som,Somali,5
37682056038673,San Diego,Lemon Grove,Vista La Mesa Academy,khm,"Khmer, Central Khmer",1
37682056038673,San Diego,Lemon Grove,Vista La Mesa Academy,mis,Uncoded languages (Other non-English languages),4
37682056038673,San Diego,Lemon Grove,Vista La Mesa Academy,tgl,Tagalog,2
37682056038673,San Diego,Lemon Grove,Vista La Mesa Academy,pus,Pushto; Pashto,3
37682056038673,San Diego,Lemon Grove,Vista La Mesa Academy,hat,Haitian; Haitian Creole,1
37682056038673,San Diego,Lemon Grove,Vista La Mesa Academy,fil,Filipino; Pilipino,1
37682056038673,San Diego,Lemon Grove,Vista La Mesa Academy,spa,Spanish; Castilian,115
37682056038673,San Diego,Lemon Grove,Vista La Mesa Academy,cpf,"Creoles and pidgins, French-based",3
37682056038673,San Diego,Lemon Grove,Vista La Mesa Academy,vie,Vietnamese,7
37682056038673,San Diego,Lemon Grove,Vista La Mesa Academy,cmn,"Mandarin Chinese (Putonghua, Guoyu)",1
37682056038673,San Diego,Lemon Grove,Vista La Mesa Academy,phi,Philippine languages,2
37682130123224,San Diego,Mountain Empire Unified,San Diego Virtual,ara,Arabic,4
37682130123224,San Diego,Mountain Empire Unified,San Diego Virtual,som,Somali,1
37682130123224,San Diego,Mountain Empire Unified,San Diego Virtual,kur,Kurdish,1
37682130123224,San Diego,Mountain Empire Unified,San Diego Virtual,spa,Spanish; Castilian,20
37682130123224,San Diego,Mountain Empire Unified,San Diego Virtual,cld,Chaldean Neo-Aramaic (Chaldean),1
37682130126995,San Diego,Mountain Empire Unified,Mountain Empire Junior High,spa,Spanish; Castilian,64
37682130127084,San Diego,Mountain Empire Unified,Compass Charter Schools of San Diego,rus,Russian,1
37682130127084,San Diego,Mountain Empire Unified,Compass Charter Schools of San Diego,spa,Spanish; Castilian,73
37682130129668,San Diego,Mountain Empire Unified,Motivated Youth Academy,pus,Pushto; Pashto,8
37682130129668,San Diego,Mountain Empire Unified,Motivated Youth Academy,ara,Arabic,2
37682130129668,San Diego,Mountain Empire Unified,Motivated Youth Academy,vie,Vietnamese,1
37682130129668,San Diego,Mountain Empire Unified,Motivated Youth Academy,spa,Spanish; Castilian,52
37682130129668,San Diego,Mountain Empire Unified,Motivated Youth Academy,per,Persian (Farsi),1
37682130136978,San Diego,Mountain Empire Unified,Elite Academic Academy - Mountain Empire,spa,Spanish; Castilian,33
37682130138636,San Diego,Mountain Empire Unified,JCS - Pine Valley,spa,Spanish; Castilian,1
37682133730934,San Diego,Mountain Empire Unified,Sunrise High (Continuation),spa,Spanish; Castilian,6
37682133730991,San Diego,Mountain Empire Unified,Hillside Junior/Senior High,spa,Spanish; Castilian,2
37682133734878,San Diego,Mountain Empire Unified,Mountain Empire High,spa,Spanish; Castilian,88
37682133734878,San Diego,Mountain Empire Unified,Mountain Empire High,tgl,Tagalog,1
37682136038681,San Diego,Mountain Empire Unified,Campo Elementary,tgl,Tagalog,2
37682136038681,San Diego,Mountain Empire Unified,Campo Elementary,spa,Spanish; Castilian,60
37682136038681,San Diego,Mountain Empire Unified,Campo Elementary,cmn,"Mandarin Chinese (Putonghua, Guoyu)",1
37682136038699,San Diego,Mountain Empire Unified,Descanso Elementary,spa,Spanish; Castilian,8
37682136085054,San Diego,Mountain Empire Unified,Clover Flat Elementary,spa,Spanish; Castilian,36
37682136097190,San Diego,Mountain Empire Unified,Potrero Elementary,spa,Spanish; Castilian,211
37682210101360,San Diego,National Elementary,Integrity Charter,ara,Arabic,1
37682210101360,San Diego,National Elementary,Integrity Charter,rus,Russian,1
37682210101360,San Diego,National Elementary,Integrity Charter,tgl,Tagalog,1
37682210101360,San Diego,National Elementary,Integrity Charter,und,Undetermined,3
37682210101360,San Diego,National Elementary,Integrity Charter,hat,Haitian; Haitian Creole,3
37682210101360,San Diego,National Elementary,Integrity Charter,spa,Spanish; Castilian,212
37682216038731,San Diego,National Elementary,Central Elementary,por,Portuguese,1
37682216038731,San Diego,National Elementary,Central Elementary,per,Persian (Farsi),1
37682216038731,San Diego,National Elementary,Central Elementary,und,Undetermined,10
37682216038731,San Diego,National Elementary,Central Elementary,phi,Philippine languages,10
37682216038731,San Diego,National Elementary,Central Elementary,spa,Spanish; Castilian,173
37682216038731,San Diego,National Elementary,Central Elementary,ceb,"Cebuano (Bisayan, Visayan)",2
37682216038731,San Diego,National Elementary,Central Elementary,ilo,Iloko (Ilocano),1
37682216038731,San Diego,National Elementary,Central Elementary,cpe,"Creoles and pidgins, English based",2
37682216038731,San Diego,National Elementary,Central Elementary,tgl,Tagalog,6
37682216038749,San Diego,National Elementary,El Toyon Elementary,per,Persian (Farsi),6
37682216038749,San Diego,National Elementary,El Toyon Elementary,som,Somali,1
37682216038749,San Diego,National Elementary,El Toyon Elementary,pus,Pushto; Pashto,2
37682216038749,San Diego,National Elementary,El Toyon Elementary,tur,Turkish,1
37682216038749,San Diego,National Elementary,El Toyon Elementary,crp,Creoles and pidgins,1
37682216038749,San Diego,National Elementary,El Toyon Elementary,phi,Philippine languages,5
37682216038749,San Diego,National Elementary,El Toyon Elementary,spa,Spanish; Castilian,157
37682216038749,San Diego,National Elementary,El Toyon Elementary,und,Undetermined,4
37682216038749,San Diego,National Elementary,El Toyon Elementary,cpf,"Creoles and pidgins, French-based",1
37682216038749,San Diego,National Elementary,El Toyon Elementary,fre,French,6
37682216038749,San Diego,National Elementary,El Toyon Elementary,tgl,Tagalog,1
37682216038749,San Diego,National Elementary,El Toyon Elementary,por,Portuguese,1
37682216038749,San Diego,National Elementary,El Toyon Elementary,hat,Haitian; Haitian Creole,5
37682216038749,San Diego,National Elementary,El Toyon Elementary,mis,Uncoded languages (Other non-English languages),3
37682216038756,San Diego,National Elementary,John A. Otis Elementary,per,Persian (Farsi),1
37682216038756,San Diego,National Elementary,John A. Otis Elementary,por,Portuguese,2
37682216038756,San Diego,National Elementary,John A. Otis Elementary,hat,Haitian; Haitian Creole,1
37682216038756,San Diego,National Elementary,John A. Otis Elementary,phi,Philippine languages,7
37682216038756,San Diego,National Elementary,John A. Otis Elementary,tgl,Tagalog,1
37682216038756,San Diego,National Elementary,John A. Otis Elementary,spa,Spanish; Castilian,184
37682216038756,San Diego,National Elementary,John A. Otis Elementary,und,Undetermined,1
37682216038764,San Diego,National Elementary,Ira Harbison,mis,Uncoded languages (Other non-English languages),2
37682216038764,San Diego,National Elementary,Ira Harbison,pam,Pampanga; Kapampangan,1
37682216038764,San Diego,National Elementary,Ira Harbison,phi,Philippine languages,22
37682216038764,San Diego,National Elementary,Ira Harbison,spa,Spanish; Castilian,75
37682216038764,San Diego,National Elementary,Ira Harbison,lao,Lao,1
37682216038764,San Diego,National Elementary,Ira Harbison,tgl,Tagalog,4
37682216038764,San Diego,National Elementary,Ira Harbison,und,Undetermined,7
37682216038764,San Diego,National Elementary,Ira Harbison,ceb,"Cebuano (Bisayan, Visayan)",1
37682216038764,San Diego,National Elementary,Ira Harbison,fil,Filipino; Pilipino,1
37682216038764,San Diego,National Elementary,Ira Harbison,hat,Haitian; Haitian Creole,1
37682216038772,San Diego,National Elementary,Kimball,hat,Haitian; Haitian Creole,1
37682216038772,San Diego,National Elementary,Kimball,phi,Philippine languages,1
37682216038772,San Diego,National Elementary,Kimball,spa,Spanish; Castilian,160
37682216038772,San Diego,National Elementary,Kimball,und,Undetermined,11
37682216038780,San Diego,National Elementary,Las Palmas,yue,Yue Chinese (Cantonese),1
37682216038780,San Diego,National Elementary,Las Palmas,tel,Telugu,1
37682216038780,San Diego,National Elementary,Las Palmas,cha,Chamorro (Guamanian),1
37682216038780,San Diego,National Elementary,Las Palmas,fil,Filipino; Pilipino,1
37682216038780,San Diego,National Elementary,Las Palmas,phi,Philippine languages,6
37682216038780,San Diego,National Elementary,Las Palmas,spa,Spanish; Castilian,157
37682216038780,San Diego,National Elementary,Las Palmas,fre,French,1
37682216038780,San Diego,National Elementary,Las Palmas,tgl,Tagalog,6
37682216038780,San Diego,National Elementary,Las Palmas,cpf,"Creoles and pidgins, French-based",1
37682216038780,San Diego,National Elementary,Las Palmas,und,Undetermined,1
37682216038798,San Diego,National Elementary,Lincoln Acres,hat,Haitian; Haitian Creole,1
37682216038798,San Diego,National Elementary,Lincoln Acres,spa,Spanish; Castilian,152
37682216038798,San Diego,National Elementary,Lincoln Acres,cpp,"Creoles and pidgins, Portuguese-based",1
37682216038798,San Diego,National Elementary,Lincoln Acres,tgl,Tagalog,3
37682216038798,San Diego,National Elementary,Lincoln Acres,phi,Philippine languages,12
37682216038798,San Diego,National Elementary,Lincoln Acres,yue,Yue Chinese (Cantonese),1
37682216038798,San Diego,National Elementary,Lincoln Acres,fil,Filipino; Pilipino,1
37682216038806,San Diego,National Elementary,Olivewood,cmn,"Mandarin Chinese (Putonghua, Guoyu)",2
37682216038806,San Diego,National Elementary,Olivewood,fil,Filipino; Pilipino,1
37682216038806,San Diego,National Elementary,Olivewood,und,Undetermined,1
37682216038806,San Diego,National Elementary,Olivewood,spa,Spanish; Castilian,190
37682216038806,San Diego,National Elementary,Olivewood,tgl,Tagalog,4
37682216038806,San Diego,National Elementary,Olivewood,phi,Philippine languages,4
37682216038814,San Diego,National Elementary,Palmer Way,per,Persian (Farsi),1
37682216038814,San Diego,National Elementary,Palmer Way,tgl,Tagalog,8
37682216038814,San Diego,National Elementary,Palmer Way,vie,Vietnamese,2
37682216038814,San Diego,National Elementary,Palmer Way,pus,Pushto; Pashto,2
37682216038814,San Diego,National Elementary,Palmer Way,spa,Spanish; Castilian,115
37682216038814,San Diego,National Elementary,Palmer Way,fre,French,2
37682216038814,San Diego,National Elementary,Palmer Way,swa,Swahili,1
37682216038814,San Diego,National Elementary,Palmer Way,phi,Philippine languages,15
37682216038814,San Diego,National Elementary,Palmer Way,fil,Filipino; Pilipino,2
37682216038814,San Diego,National Elementary,Palmer Way,lao,Lao,1
37682216038814,San Diego,National Elementary,Palmer Way,und,Undetermined,3
37682216108559,San Diego,National Elementary,Rancho de la Nacion,crp,Creoles and pidgins,1
37682216108559,San Diego,National Elementary,Rancho de la Nacion,phi,Philippine languages,4
37682216108559,San Diego,National Elementary,Rancho de la Nacion,tgl,Tagalog,1
37682216108559,San Diego,National Elementary,Rancho de la Nacion,fil,Filipino; Pilipino,1
37682216108559,San Diego,National Elementary,Rancho de la Nacion,spa,Spanish; Castilian,139
37682216108559,San Diego,National Elementary,Rancho de la Nacion,und,Undetermined,1
37682216108559,San Diego,National Elementary,Rancho de la Nacion,por,Portuguese,2
37682216108559,San Diego,National Elementary,Rancho de la Nacion,mis,Uncoded languages (Other non-English languages),1
37682960000000,San Diego,Poway Unified,District Office,hin,Hindi,1
37682960000000,San Diego,Poway Unified,District Office,ger,German,1
37682960000001,San Diego,Poway Unified,"Nonpublic, Nonsectarian Schools",kor,Korean,1
37682960000001,San Diego,Poway Unified,"Nonpublic, Nonsectarian Schools",spa,Spanish; Castilian,1
37682960102822,San Diego,Poway Unified,Stone Ranch Elementary,heb,Hebrew,1
37682960102822,San Diego,Poway Unified,Stone Ranch Elementary,ind,Indonesian,1
37682960102822,San Diego,Poway Unified,Stone Ranch Elementary,phi,Philippine languages,2
37682960102822,San Diego,Poway Unified,Stone Ranch Elementary,rus,Russian,4
37682960102822,San Diego,Poway Unified,Stone Ranch Elementary,tur,Turkish,1
37682960102822,San Diego,Poway Unified,Stone Ranch Elementary,ara,Arabic,3
37682960102822,San Diego,Poway Unified,Stone Ranch Elementary,arm,Armenian,1
37682960102822,San Diego,Poway Unified,Stone Ranch Elementary,ger,German,2
37682960102822,San Diego,Poway Unified,Stone Ranch Elementary,ukr,Ukrainian,2
37682960102822,San Diego,Poway Unified,Stone Ranch Elementary,vie,Vietnamese,1
37682960102822,San Diego,Poway Unified,Stone Ranch Elementary,tel,Telugu,6
37682960102822,San Diego,Poway Unified,Stone Ranch Elementary,yue,Yue Chinese (Cantonese),1
37682960102822,San Diego,Poway Unified,Stone Ranch Elementary,kan,Kannada,1
37682960102822,San Diego,Poway Unified,Stone Ranch Elementary,qaa,Taiwanese,1
37682960102822,San Diego,Poway Unified,Stone Ranch Elementary,spa,Spanish; Castilian,8
37682960102822,San Diego,Poway Unified,Stone Ranch Elementary,per,Persian (Farsi),7
37682960102822,San Diego,Poway Unified,Stone Ranch Elementary,guj,Gujarati,5
37682960102822,San Diego,Poway Unified,Stone Ranch Elementary,som,Somali,1
37682960102822,San Diego,Poway Unified,Stone Ranch Elementary,tam,Tamil,2
37682960102822,San Diego,Poway Unified,Stone Ranch Elementary,hin,Hindi,1
37682960102822,San Diego,Poway Unified,Stone Ranch Elementary,jpn,Japanese,1
37682960102822,San Diego,Poway Unified,Stone Ranch Elementary,ben,Bengali,1
37682960102822,San Diego,Poway Unified,Stone Ranch Elementary,cmn,"Mandarin Chinese (Putonghua, Guoyu)",8
37682960102822,San Diego,Poway Unified,Stone Ranch Elementary,kor,Korean,6
37682960102822,San Diego,Poway Unified,Stone Ranch Elementary,mis,Uncoded languages (Other non-English languages),3
37682960108332,San Diego,Poway Unified,Oak Valley Middle,per,Persian (Farsi),6
37682960108332,San Diego,Poway Unified,Oak Valley Middle,ara,Arabic,4
37682960108332,San Diego,Poway Unified,Oak Valley Middle,cmn,"Mandarin Chinese (Putonghua, Guoyu)",6
37682960108332,San Diego,Poway Unified,Oak Valley Middle,mis,Uncoded languages (Other non-English languages),1
37682960108332,San Diego,Poway Unified,Oak Valley Middle,tam,Tamil,1
37682960108332,San Diego,Poway Unified,Oak Valley Middle,kor,Korean,6
37682960108332,San Diego,Poway Unified,Oak Valley Middle,spa,Spanish; Castilian,5
37682960108332,San Diego,Poway Unified,Oak Valley Middle,tel,Telugu,1
37682960108332,San Diego,Poway Unified,Oak Valley Middle,kan,Kannada,1
37682960108332,San Diego,Poway Unified,Oak Valley Middle,phi,Philippine languages,1
37682960108332,San Diego,Poway Unified,Oak Valley Middle,urd,Urdu,5
37682960108332,San Diego,Poway Unified,Oak Valley Middle,qaa,Taiwanese,1
37682960108332,San Diego,Poway Unified,Oak Valley Middle,rus,Russian,4
37682960108332,San Diego,Poway Unified,Oak Valley Middle,vie,Vietnamese,1
37682960108332,San Diego,Poway Unified,Oak Valley Middle,heb,Hebrew,1
37682960108332,San Diego,Poway Unified,Oak Valley Middle,yue,Yue Chinese (Cantonese),2
37682960111187,San Diego,Poway Unified,Monterey Ridge Elementary,pus,Pushto; Pashto,3
37682960111187,San Diego,Poway Unified,Monterey Ridge Elementary,tel,Telugu,7
37682960111187,San Diego,Poway Unified,Monterey Ridge Elementary,per,Persian (Farsi),9
37682960111187,San Diego,Poway Unified,Monterey Ridge Elementary,ara,Arabic,6
37682960111187,San Diego,Poway Unified,Monterey Ridge Elementary,mis,Uncoded languages (Other non-English languages),1
37682960111187,San Diego,Poway Unified,Monterey Ridge Elementary,ukr,Ukrainian,2
37682960111187,San Diego,Poway Unified,Monterey Ridge Elementary,guj,Gujarati,3
37682960111187,San Diego,Poway Unified,Monterey Ridge Elementary,hin,Hindi,1
37682960111187,San Diego,Poway Unified,Monterey Ridge Elementary,cmn,"Mandarin Chinese (Putonghua, Guoyu)",15
37682960111187,San Diego,Poway Unified,Monterey Ridge Elementary,bat,Other Baltic languages,1
37682960111187,San Diego,Poway Unified,Monterey Ridge Elementary,rus,Russian,8
37682960111187,San Diego,Poway Unified,Monterey Ridge Elementary,spa,Spanish; Castilian,3
37682960111187,San Diego,Poway Unified,Monterey Ridge Elementary,jpn,Japanese,3
37682960111187,San Diego,Poway Unified,Monterey Ridge Elementary,kor,Korean,10
37682960111187,San Diego,Poway Unified,Monterey Ridge Elementary,tam,Tamil,6
37682960111187,San Diego,Poway Unified,Monterey Ridge Elementary,urd,Urdu,1
37682960111187,San Diego,Poway Unified,Monterey Ridge Elementary,pol,Polish,1
37682960116475,San Diego,Poway Unified,Del Sur Elementary,per,Persian (Farsi),15
37682960116475,San Diego,Poway Unified,Del Sur Elementary,hin,Hindi,2
37682960116475,San Diego,Poway Unified,Del Sur Elementary,ita,Italian,1
37682960116475,San Diego,Poway Unified,Del Sur Elementary,ara,Arabic,2
37682960116475,San Diego,Poway Unified,Del Sur Elementary,ben,Bengali,1
37682960116475,San Diego,Poway Unified,Del Sur Elementary,mar,Marathi,2
37682960116475,San Diego,Poway Unified,Del Sur Elementary,tel,Telugu,2
37682960116475,San Diego,Poway Unified,Del Sur Elementary,cmn,"Mandarin Chinese (Putonghua, Guoyu)",12
37682960116475,San Diego,Poway Unified,Del Sur Elementary,spa,Spanish; Castilian,4
37682960116475,San Diego,Poway Unified,Del Sur Elementary,tam,Tamil,1
37682960116475,San Diego,Poway Unified,Del Sur Elementary,guj,Gujarati,1
37682960116475,San Diego,Poway Unified,Del Sur Elementary,orm,Oromo,1
37682960116475,San Diego,Poway Unified,Del Sur Elementary,vie,Vietnamese,2
37682960116475,San Diego,Poway Unified,Del Sur Elementary,ukr,Ukrainian,1
37682960116475,San Diego,Poway Unified,Del Sur Elementary,kor,Korean,9
37682960116475,San Diego,Poway Unified,Del Sur Elementary,mis,Uncoded languages (Other non-English languages),3
37682960116475,San Diego,Poway Unified,Del Sur Elementary,urd,Urdu,1
37682960116475,San Diego,Poway Unified,Del Sur Elementary,uzb,Uzbek,1
37682960116475,San Diego,Poway Unified,Del Sur Elementary,rus,Russian,6
37682960116475,San Diego,Poway Unified,Del Sur Elementary,yue,Yue Chinese (Cantonese),1
37682960116475,San Diego,Poway Unified,Del Sur Elementary,jpn,Japanese,3
37682960116475,San Diego,Poway Unified,Del Sur Elementary,pus,Pushto; Pashto,4
37682960116764,San Diego,Poway Unified,Willow Grove Elementary,ita,Italian,1
37682960116764,San Diego,Poway Unified,Willow Grove Elementary,pus,Pushto; Pashto,1
37682960116764,San Diego,Poway Unified,Willow Grove Elementary,cmn,"Mandarin Chinese (Putonghua, Guoyu)",5
37682960116764,San Diego,Poway Unified,Willow Grove Elementary,spa,Spanish; Castilian,7
37682960116764,San Diego,Poway Unified,Willow Grove Elementary,ben,Bengali,1
37682960116764,San Diego,Poway Unified,Willow Grove Elementary,kor,Korean,2
37682960116764,San Diego,Poway Unified,Willow Grove Elementary,mar,Marathi,1
37682960116764,San Diego,Poway Unified,Willow Grove Elementary,rus,Russian,2
37682960116764,San Diego,Poway Unified,Willow Grove Elementary,heb,Hebrew,1
37682960116764,San Diego,Poway Unified,Willow Grove Elementary,vie,Vietnamese,2
37682960116764,San Diego,Poway Unified,Willow Grove Elementary,per,Persian (Farsi),6
37682960116764,San Diego,Poway Unified,Willow Grove Elementary,tha,Thai,1
37682960118935,San Diego,Poway Unified,Del Norte High,cmn,"Mandarin Chinese (Putonghua, Guoyu)",9
37682960118935,San Diego,Poway Unified,Del Norte High,jpn,Japanese,1
37682960118935,San Diego,Poway Unified,Del Norte High,hin,Hindi,1
37682960118935,San Diego,Poway Unified,Del Norte High,spa,Spanish; Castilian,7
37682960118935,San Diego,Poway Unified,Del Norte High,pol,Polish,1
37682960118935,San Diego,Poway Unified,Del Norte High,swa,Swahili,1
37682960118935,San Diego,Poway Unified,Del Norte High,per,Persian (Farsi),6
37682960129056,San Diego,Poway Unified,Design 39 Campus,hin,Hindi,2
37682960129056,San Diego,Poway Unified,Design 39 Campus,jpn,Japanese,1
37682960129056,San Diego,Poway Unified,Design 39 Campus,vie,Vietnamese,1
37682960129056,San Diego,Poway Unified,Design 39 Campus,cmn,"Mandarin Chinese (Putonghua, Guoyu)",7
37682960129056,San Diego,Poway Unified,Design 39 Campus,tel,Telugu,1
37682960129056,San Diego,Poway Unified,Design 39 Campus,ara,Arabic,3
37682960129056,San Diego,Poway Unified,Design 39 Campus,pan,Panjabi; Punjabi,1
37682960129056,San Diego,Poway Unified,Design 39 Campus,guj,Gujarati,2
37682960129056,San Diego,Poway Unified,Design 39 Campus,kor,Korean,4
37682960129056,San Diego,Poway Unified,Design 39 Campus,mis,Uncoded languages (Other non-English languages),1
37682960129056,San Diego,Poway Unified,Design 39 Campus,spa,Spanish; Castilian,5
37682960141390,San Diego,Poway Unified,Poway to Palomar Middle College High,mis,Uncoded languages (Other non-English languages),1
37682963730074,San Diego,Poway Unified,Mt. Carmel High,per,Persian (Farsi),10
37682963730074,San Diego,Poway Unified,Mt. Carmel High,vie,Vietnamese,3
37682963730074,San Diego,Poway Unified,Mt. Carmel High,phi,Philippine languages,3
37682963730074,San Diego,Poway Unified,Mt. Carmel High,yue,Yue Chinese (Cantonese),2
37682963730074,San Diego,Poway Unified,Mt. Carmel High,tel,Telugu,1
37682963730074,San Diego,Poway Unified,Mt. Carmel High,urd,Urdu,1
37682963730074,San Diego,Poway Unified,Mt. Carmel High,ara,Arabic,4
37682963730074,San Diego,Poway Unified,Mt. Carmel High,cmn,"Mandarin Chinese (Putonghua, Guoyu)",2
37682963730074,San Diego,Poway Unified,Mt. Carmel High,spa,Spanish; Castilian,11
37682963730074,San Diego,Poway Unified,Mt. Carmel High,pus,Pushto; Pashto,2
37682963730074,San Diego,Poway Unified,Mt. Carmel High,swa,Swahili,3
37682963730074,San Diego,Poway Unified,Mt. Carmel High,cld,Chaldean Neo-Aramaic (Chaldean),1
37682963730074,San Diego,Poway Unified,Mt. Carmel High,syr,Syriac,1
37682963730074,San Diego,Poway Unified,Mt. Carmel High,rus,Russian,6
37682963730819,San Diego,Poway Unified,Rancho Bernardo High,jpn,Japanese,1
37682963730819,San Diego,Poway Unified,Rancho Bernardo High,per,Persian (Farsi),7
37682963730819,San Diego,Poway Unified,Rancho Bernardo High,cmn,"Mandarin Chinese (Putonghua, Guoyu)",3
37682963730819,San Diego,Poway Unified,Rancho Bernardo High,ukr,Ukrainian,2
37682963730819,San Diego,Poway Unified,Rancho Bernardo High,phi,Philippine languages,3
37682963730819,San Diego,Poway Unified,Rancho Bernardo High,spa,Spanish; Castilian,14
37682963730819,San Diego,Poway Unified,Rancho Bernardo High,kor,Korean,3
37682963730819,San Diego,Poway Unified,Rancho Bernardo High,som,Somali,1
37682963730819,San Diego,Poway Unified,Rancho Bernardo High,tam,Tamil,1
37682963730819,San Diego,Poway Unified,Rancho Bernardo High,rus,Russian,5
37682963730819,San Diego,Poway Unified,Rancho Bernardo High,tur,Turkish,1
37682963731528,San Diego,Poway Unified,Westview High,pus,Pushto; Pashto,2
37682963731528,San Diego,Poway Unified,Westview High,rus,Russian,4
37682963731528,San Diego,Poway Unified,Westview High,vie,Vietnamese,5
37682963731528,San Diego,Poway Unified,Westview High,per,Persian (Farsi),6
37682963731528,San Diego,Poway Unified,Westview High,ukr,Ukrainian,3
37682963731528,San Diego,Poway Unified,Westview High,yue,Yue Chinese (Cantonese),1
37682963731528,San Diego,Poway Unified,Westview High,cmn,"Mandarin Chinese (Putonghua, Guoyu)",10
37682963731528,San Diego,Poway Unified,Westview High,mis,Uncoded languages (Other non-English languages),1
37682963731528,San Diego,Poway Unified,Westview High,phi,Philippine languages,3
37682963731528,San Diego,Poway Unified,Westview High,spa,Spanish; Castilian,5
37682963735842,San Diego,Poway Unified,Abraxas Continuation High,per,Persian (Farsi),1
37682963735842,San Diego,Poway Unified,Abraxas Continuation High,phi,Philippine languages,1
37682963735842,San Diego,Poway Unified,Abraxas Continuation High,spa,Spanish; Castilian,5
37682963735842,San Diego,Poway Unified,Abraxas Continuation High,vie,Vietnamese,1
37682963735842,San Diego,Poway Unified,Abraxas Continuation High,som,Somali,1
37682963735867,San Diego,Poway Unified,Poway High,phi,Philippine languages,1
37682963735867,San Diego,Poway Unified,Poway High,ukr,Ukrainian,1
37682963735867,San Diego,Poway Unified,Poway High,per,Persian (Farsi),3
37682963735867,San Diego,Poway Unified,Poway High,jpn,Japanese,1
37682963735867,San Diego,Poway Unified,Poway High,rus,Russian,1
37682963735867,San Diego,Poway Unified,Poway High,yue,Yue Chinese (Cantonese),1
37682963735867,San Diego,Poway Unified,Poway High,ara,Arabic,3
37682963735867,San Diego,Poway Unified,Poway High,spa,Spanish; Castilian,46
37682963735867,San Diego,Poway Unified,Poway High,mis,Uncoded languages (Other non-English languages),1
37682963735867,San Diego,Poway Unified,Poway High,vie,Vietnamese,3
37682963735867,San Diego,Poway Unified,Poway High,cld,Chaldean Neo-Aramaic (Chaldean),1
37682963735867,San Diego,Poway Unified,Poway High,kor,Korean,1
37682963735867,San Diego,Poway Unified,Poway High,oto,Otomian languages (Mixteco),1
37682966038970,San Diego,Poway Unified,Garden Road Elementary,kor,Korean,1
37682966038970,San Diego,Poway Unified,Garden Road Elementary,mis,Uncoded languages (Other non-English languages),1
37682966038970,San Diego,Poway Unified,Garden Road Elementary,yue,Yue Chinese (Cantonese),1
37682966038970,San Diego,Poway Unified,Garden Road Elementary,kur,Kurdish,1
37682966038970,San Diego,Poway Unified,Garden Road Elementary,spa,Spanish; Castilian,12
37682966038970,San Diego,Poway Unified,Garden Road Elementary,fre,French,1
37682966038970,San Diego,Poway Unified,Garden Road Elementary,cmn,"Mandarin Chinese (Putonghua, Guoyu)",1
37682966038970,San Diego,Poway Unified,Garden Road Elementary,vie,Vietnamese,2
37682966038988,San Diego,Poway Unified,Meadowbrook Middle,ara,Arabic,2
37682966038988,San Diego,Poway Unified,Meadowbrook Middle,kur,Kurdish,1
37682966038988,San Diego,Poway Unified,Meadowbrook Middle,per,Persian (Farsi),2
37682966038988,San Diego,Poway Unified,Meadowbrook Middle,vie,Vietnamese,4
37682966038988,San Diego,Poway Unified,Meadowbrook Middle,jpn,Japanese,1
37682966038988,San Diego,Poway Unified,Meadowbrook Middle,rus,Russian,4
37682966038988,San Diego,Poway Unified,Meadowbrook Middle,tel,Telugu,1
37682966038988,San Diego,Poway Unified,Meadowbrook Middle,ukr,Ukrainian,2
37682966038988,San Diego,Poway Unified,Meadowbrook Middle,phi,Philippine languages,1
37682966038988,San Diego,Poway Unified,Meadowbrook Middle,mis,Uncoded languages (Other non-English languages),3
37682966038988,San Diego,Poway Unified,Meadowbrook Middle,spa,Spanish; Castilian,46
37682966038996,San Diego,Poway Unified,Midland Elementary,vie,Vietnamese,3
37682966038996,San Diego,Poway Unified,Midland Elementary,alb,Albanian,1
37682966038996,San Diego,Poway Unified,Midland Elementary,ara,Arabic,1
37682966038996,San Diego,Poway Unified,Midland Elementary,cmn,"Mandarin Chinese (Putonghua, Guoyu)",3
37682966038996,San Diego,Poway Unified,Midland Elementary,rus,Russian,7
37682966038996,San Diego,Poway Unified,Midland Elementary,yue,Yue Chinese (Cantonese),2
37682966038996,San Diego,Poway Unified,Midland Elementary,ita,Italian,1
37682966038996,San Diego,Poway Unified,Midland Elementary,spa,Spanish; Castilian,37
37682966038996,San Diego,Poway Unified,Midland Elementary,mis,Uncoded languages (Other non-English languages),1
37682966038996,San Diego,Poway Unified,Midland Elementary,som,Somali,1
37682966038996,San Diego,Poway Unified,Midland Elementary,tam,Tamil,1
37682966038996,San Diego,Poway Unified,Midland Elementary,per,Persian (Farsi),6
37682966038996,San Diego,Poway Unified,Midland Elementary,guj,Gujarati,2
37682966038996,San Diego,Poway Unified,Midland Elementary,jpn,Japanese,1
37682966039002,San Diego,Poway Unified,Pomerado Elementary,cmn,"Mandarin Chinese (Putonghua, Guoyu)",3
37682966039002,San Diego,Poway Unified,Pomerado Elementary,qab,Chaozhou (Teochew/Chiuchow),1
37682966039002,San Diego,Poway Unified,Pomerado Elementary,lao,Lao,1
37682966039002,San Diego,Poway Unified,Pomerado Elementary,vie,Vietnamese,3
37682966039002,San Diego,Poway Unified,Pomerado Elementary,per,Persian (Farsi),3
37682966039002,San Diego,Poway Unified,Pomerado Elementary,phi,Philippine languages,2
37682966039002,San Diego,Poway Unified,Pomerado Elementary,tha,Thai,1
37682966039002,San Diego,Poway Unified,Pomerado Elementary,spa,Spanish; Castilian,20
37682966039010,San Diego,Poway Unified,Valley Elementary,mis,Uncoded languages (Other non-English languages),1
37682966039010,San Diego,Poway Unified,Valley Elementary,rus,Russian,3
37682966039010,San Diego,Poway Unified,Valley Elementary,yue,Yue Chinese (Cantonese),1
37682966039010,San Diego,Poway Unified,Valley Elementary,spa,Spanish; Castilian,113
37682966039010,San Diego,Poway Unified,Valley Elementary,vie,Vietnamese,2
37682966039010,San Diego,Poway Unified,Valley Elementary,pol,Polish,1
37682966039010,San Diego,Poway Unified,Valley Elementary,phi,Philippine languages,1
37682966039010,San Diego,Poway Unified,Valley Elementary,por,Portuguese,2
37682966070841,San Diego,Poway Unified,Los Penasquitos Elementary,per,Persian (Farsi),37
37682966070841,San Diego,Poway Unified,Los Penasquitos Elementary,rus,Russian,3
37682966070841,San Diego,Poway Unified,Los Penasquitos Elementary,jpn,Japanese,2
37682966070841,San Diego,Poway Unified,Los Penasquitos Elementary,kor,Korean,5
37682966070841,San Diego,Poway Unified,Los Penasquitos Elementary,mis,Uncoded languages (Other non-English languages),8
37682966070841,San Diego,Poway Unified,Los Penasquitos Elementary,spa,Spanish; Castilian,25
37682966070841,San Diego,Poway Unified,Los Penasquitos Elementary,vie,Vietnamese,3
37682966070841,San Diego,Poway Unified,Los Penasquitos Elementary,ukr,Ukrainian,1
37682966070841,San Diego,Poway Unified,Los Penasquitos Elementary,tur,Turkish,1
37682966070841,San Diego,Poway Unified,Los Penasquitos Elementary,orm,Oromo,3
37682966070841,San Diego,Poway Unified,Los Penasquitos Elementary,pan,Panjabi; Punjabi,1
37682966070841,San Diego,Poway Unified,Los Penasquitos Elementary,phi,Philippine languages,6
37682966070841,San Diego,Poway Unified,Los Penasquitos Elementary,tel,Telugu,2
37682966070841,San Diego,Poway Unified,Los Penasquitos Elementary,urd,Urdu,1
37682966070841,San Diego,Poway Unified,Los Penasquitos Elementary,cmn,"Mandarin Chinese (Putonghua, Guoyu)",7
37682966070841,San Diego,Poway Unified,Los Penasquitos Elementary,fil,Filipino; Pilipino,1
37682966070841,San Diego,Poway Unified,Los Penasquitos Elementary,amh,Amharic,1
37682966070841,San Diego,Poway Unified,Los Penasquitos Elementary,guj,Gujarati,5
37682966070841,San Diego,Poway Unified,Los Penasquitos Elementary,hmn,Hmong; Mong,1
37682966070841,San Diego,Poway Unified,Los Penasquitos Elementary,pus,Pushto; Pashto,7
37682966070841,San Diego,Poway Unified,Los Penasquitos Elementary,tam,Tamil,3
37682966070841,San Diego,Poway Unified,Los Penasquitos Elementary,ara,Arabic,5
37682966070841,San Diego,Poway Unified,Los Penasquitos Elementary,tha,Thai,2
37682966070841,San Diego,Poway Unified,Los Penasquitos Elementary,hin,Hindi,2
37682966070841,San Diego,Poway Unified,Los Penasquitos Elementary,por,Portuguese,1
37682966070841,San Diego,Poway Unified,Los Penasquitos Elementary,ilo,Iloko (Ilocano),1
37682966070858,San Diego,Poway Unified,Westwood Elementary,rum,Romanian (Rumanian),1
37682966070858,San Diego,Poway Unified,Westwood Elementary,kan,Kannada,1
37682966070858,San Diego,Poway Unified,Westwood Elementary,tur,Turkish,1
37682966070858,San Diego,Poway Unified,Westwood Elementary,por,Portuguese,1
37682966070858,San Diego,Poway Unified,Westwood Elementary,per,Persian (Farsi),8
37682966070858,San Diego,Poway Unified,Westwood Elementary,som,Somali,1
37682966070858,San Diego,Poway Unified,Westwood Elementary,tam,Tamil,1
37682966070858,San Diego,Poway Unified,Westwood Elementary,guj,Gujarati,2
37682966070858,San Diego,Poway Unified,Westwood Elementary,ara,Arabic,1
37682966070858,San Diego,Poway Unified,Westwood Elementary,kor,Korean,5
37682966070858,San Diego,Poway Unified,Westwood Elementary,ita,Italian,1
37682966070858,San Diego,Poway Unified,Westwood Elementary,jpn,Japanese,5
37682966070858,San Diego,Poway Unified,Westwood Elementary,cmn,"Mandarin Chinese (Putonghua, Guoyu)",5
37682966070858,San Diego,Poway Unified,Westwood Elementary,gre,"Greek, Modern (1453-)",1
37682966070858,San Diego,Poway Unified,Westwood Elementary,rus,Russian,2
37682966070858,San Diego,Poway Unified,Westwood Elementary,spa,Spanish; Castilian,7
37682966070858,San Diego,Poway Unified,Westwood Elementary,urd,Urdu,4
37682966070858,San Diego,Poway Unified,Westwood Elementary,phi,Philippine languages,1
37682966070858,San Diego,Poway Unified,Westwood Elementary,hin,Hindi,2
37682966070858,San Diego,Poway Unified,Westwood Elementary,tel,Telugu,6
37682966070858,San Diego,Poway Unified,Westwood Elementary,vie,Vietnamese,6
37682966070866,San Diego,Poway Unified,Twin Peaks Middle,pol,Polish,1
37682966070866,San Diego,Poway Unified,Twin Peaks Middle,ger,German,1
37682966070866,San Diego,Poway Unified,Twin Peaks Middle,phi,Philippine languages,1
37682966070866,San Diego,Poway Unified,Twin Peaks Middle,yue,Yue Chinese (Cantonese),1
37682966070866,San Diego,Poway Unified,Twin Peaks Middle,spa,Spanish; Castilian,34
37682966070866,San Diego,Poway Unified,Twin Peaks Middle,tam,Tamil,1
37682966070866,San Diego,Poway Unified,Twin Peaks Middle,per,Persian (Farsi),3
37682966070866,San Diego,Poway Unified,Twin Peaks Middle,vie,Vietnamese,2
37682966070866,San Diego,Poway Unified,Twin Peaks Middle,jpn,Japanese,1
37682966070866,San Diego,Poway Unified,Twin Peaks Middle,rus,Russian,1
37682966070866,San Diego,Poway Unified,Twin Peaks Middle,ara,Arabic,2
37682966070866,San Diego,Poway Unified,Twin Peaks Middle,cmn,"Mandarin Chinese (Putonghua, Guoyu)",1
37682966070866,San Diego,Poway Unified,Twin Peaks Middle,ukr,Ukrainian,1
37682966085088,San Diego,Poway Unified,Painted Rock Elementary,per,Persian (Farsi),3
37682966085088,San Diego,Poway Unified,Painted Rock Elementary,ara,Arabic,1
37682966085088,San Diego,Poway Unified,Painted Rock Elementary,tel,Telugu,1
37682966085088,San Diego,Poway Unified,Painted Rock Elementary,spa,Spanish; Castilian,9
37682966085088,San Diego,Poway Unified,Painted Rock Elementary,rus,Russian,4
37682966085088,San Diego,Poway Unified,Painted Rock Elementary,vie,Vietnamese,4
37682966085088,San Diego,Poway Unified,Painted Rock Elementary,ukr,Ukrainian,1
37682966093223,San Diego,Poway Unified,Black Mountain Middle,jpn,Japanese,2
37682966093223,San Diego,Poway Unified,Black Mountain Middle,pus,Pushto; Pashto,5
37682966093223,San Diego,Poway Unified,Black Mountain Middle,ukr,Ukrainian,1
37682966093223,San Diego,Poway Unified,Black Mountain Middle,syr,Syriac,1
37682966093223,San Diego,Poway Unified,Black Mountain Middle,cmn,"Mandarin Chinese (Putonghua, Guoyu)",5
37682966093223,San Diego,Poway Unified,Black Mountain Middle,phi,Philippine languages,5
37682966093223,San Diego,Poway Unified,Black Mountain Middle,alb,Albanian,1
37682966093223,San Diego,Poway Unified,Black Mountain Middle,cld,Chaldean Neo-Aramaic (Chaldean),1
37682966093223,San Diego,Poway Unified,Black Mountain Middle,ara,Arabic,1
37682966093223,San Diego,Poway Unified,Black Mountain Middle,spa,Spanish; Castilian,21
37682966093223,San Diego,Poway Unified,Black Mountain Middle,chi,Chinese (Other Chinese languages),2
37682966093223,San Diego,Poway Unified,Black Mountain Middle,kor,Korean,2
37682966093223,San Diego,Poway Unified,Black Mountain Middle,mis,Uncoded languages (Other non-English languages),2
37682966093223,San Diego,Poway Unified,Black Mountain Middle,per,Persian (Farsi),11
37682966093223,San Diego,Poway Unified,Black Mountain Middle,rus,Russian,4
37682966093223,San Diego,Poway Unified,Black Mountain Middle,tel,Telugu,1
37682966093223,San Diego,Poway Unified,Black Mountain Middle,vie,Vietnamese,2
37682966093231,San Diego,Poway Unified,Sunset Hills Elementary,spa,Spanish; Castilian,3
37682966093231,San Diego,Poway Unified,Sunset Hills Elementary,rum,Romanian (Rumanian),1
37682966093231,San Diego,Poway Unified,Sunset Hills Elementary,vie,Vietnamese,2
37682966093231,San Diego,Poway Unified,Sunset Hills Elementary,tur,Turkish,1
37682966093231,San Diego,Poway Unified,Sunset Hills Elementary,rus,Russian,2
37682966093231,San Diego,Poway Unified,Sunset Hills Elementary,por,Portuguese,1
37682966093231,San Diego,Poway Unified,Sunset Hills Elementary,per,Persian (Farsi),2
37682966093231,San Diego,Poway Unified,Sunset Hills Elementary,cmn,"Mandarin Chinese (Putonghua, Guoyu)",3
37682966095053,San Diego,Poway Unified,Tierra Bonita Elementary,per,Persian (Farsi),1
37682966095053,San Diego,Poway Unified,Tierra Bonita Elementary,spa,Spanish; Castilian,4
37682966095053,San Diego,Poway Unified,Tierra Bonita Elementary,syr,Syriac,1
37682966095053,San Diego,Poway Unified,Tierra Bonita Elementary,vie,Vietnamese,1
37682966095053,San Diego,Poway Unified,Tierra Bonita Elementary,bul,Bulgarian,1
37682966095053,San Diego,Poway Unified,Tierra Bonita Elementary,amh,Amharic,1
37682966097208,San Diego,Poway Unified,Rolling Hills Elementary,rus,Russian,6
37682966097208,San Diego,Poway Unified,Rolling Hills Elementary,ukr,Ukrainian,1
37682966097208,San Diego,Poway Unified,Rolling Hills Elementary,heb,Hebrew,2
37682966097208,San Diego,Poway Unified,Rolling Hills Elementary,ara,Arabic,1
37682966097208,San Diego,Poway Unified,Rolling Hills Elementary,kor,Korean,4
37682966097208,San Diego,Poway Unified,Rolling Hills Elementary,cmn,"Mandarin Chinese (Putonghua, Guoyu)",5
37682966097208,San Diego,Poway Unified,Rolling Hills Elementary,por,Portuguese,1
37682966097208,San Diego,Poway Unified,Rolling Hills Elementary,tam,Tamil,1
37682966097208,San Diego,Poway Unified,Rolling Hills Elementary,tel,Telugu,2
37682966097208,San Diego,Poway Unified,Rolling Hills Elementary,hin,Hindi,1
37682966097208,San Diego,Poway Unified,Rolling Hills Elementary,jpn,Japanese,5
37682966097208,San Diego,Poway Unified,Rolling Hills Elementary,mis,Uncoded languages (Other non-English languages),1
37682966097208,San Diego,Poway Unified,Rolling Hills Elementary,spa,Spanish; Castilian,14
37682966097208,San Diego,Poway Unified,Rolling Hills Elementary,phi,Philippine languages,2
37682966097208,San Diego,Poway Unified,Rolling Hills Elementary,per,Persian (Farsi),7
37682966097208,San Diego,Poway Unified,Rolling Hills Elementary,pus,Pushto; Pashto,1
37682966097216,San Diego,Poway Unified,Chaparral Elementary,vie,Vietnamese,3
37682966097216,San Diego,Poway Unified,Chaparral Elementary,mar,Marathi,1
37682966097216,San Diego,Poway Unified,Chaparral Elementary,phi,Philippine languages,2
37682966097216,San Diego,Poway Unified,Chaparral Elementary,kan,Kannada,3
37682966097216,San Diego,Poway Unified,Chaparral Elementary,kor,Korean,1
37682966097216,San Diego,Poway Unified,Chaparral Elementary,hin,Hindi,2
37682966097216,San Diego,Poway Unified,Chaparral Elementary,jpn,Japanese,1
37682966097216,San Diego,Poway Unified,Chaparral Elementary,per,Persian (Farsi),6
37682966097216,San Diego,Poway Unified,Chaparral Elementary,ukr,Ukrainian,1
37682966097216,San Diego,Poway Unified,Chaparral Elementary,tam,Tamil,1
37682966097216,San Diego,Poway Unified,Chaparral Elementary,ara,Arabic,4
37682966097216,San Diego,Poway Unified,Chaparral Elementary,cmn,"Mandarin Chinese (Putonghua, Guoyu)",4
37682966097216,San Diego,Poway Unified,Chaparral Elementary,rus,Russian,6
37682966097216,San Diego,Poway Unified,Chaparral Elementary,spa,Spanish; Castilian,12
37682966097216,San Diego,Poway Unified,Chaparral Elementary,tur,Turkish,3
37682966097216,San Diego,Poway Unified,Chaparral Elementary,fre,French,1
37682966097216,San Diego,Poway Unified,Chaparral Elementary,tel,Telugu,2
37682966099444,San Diego,Poway Unified,Sundance Elementary,por,Portuguese,1
37682966099444,San Diego,Poway Unified,Sundance Elementary,bat,Other Baltic languages,2
37682966099444,San Diego,Poway Unified,Sundance Elementary,hin,Hindi,3
37682966099444,San Diego,Poway Unified,Sundance Elementary,mdr,Mandar,1
37682966099444,San Diego,Poway Unified,Sundance Elementary,yue,Yue Chinese (Cantonese),1
37682966099444,San Diego,Poway Unified,Sundance Elementary,kor,Korean,3
37682966099444,San Diego,Poway Unified,Sundance Elementary,per,Persian (Farsi),1
37682966099444,San Diego,Poway Unified,Sundance Elementary,rus,Russian,3
37682966099444,San Diego,Poway Unified,Sundance Elementary,tam,Tamil,1
37682966099444,San Diego,Poway Unified,Sundance Elementary,spa,Spanish; Castilian,3
37682966099444,San Diego,Poway Unified,Sundance Elementary,pus,Pushto; Pashto,2
37682966099444,San Diego,Poway Unified,Sundance Elementary,ara,Arabic,1
37682966099444,San Diego,Poway Unified,Sundance Elementary,cmn,"Mandarin Chinese (Putonghua, Guoyu)",8
37682966099444,San Diego,Poway Unified,Sundance Elementary,phi,Philippine languages,3
37682966099444,San Diego,Poway Unified,Sundance Elementary,tel,Telugu,1
37682966099444,San Diego,Poway Unified,Sundance Elementary,ukr,Ukrainian,1
37682966106520,San Diego,Poway Unified,Canyon View Elementary,mis,Uncoded languages (Other non-English languages),3
37682966106520,San Diego,Poway Unified,Canyon View Elementary,spa,Spanish; Castilian,3
37682966106520,San Diego,Poway Unified,Canyon View Elementary,hin,Hindi,3
37682966106520,San Diego,Poway Unified,Canyon View Elementary,vie,Vietnamese,3
37682966106520,San Diego,Poway Unified,Canyon View Elementary,cmn,"Mandarin Chinese (Putonghua, Guoyu)",8
37682966106520,San Diego,Poway Unified,Canyon View Elementary,qab,Chaozhou (Teochew/Chiuchow),1
37682966106520,San Diego,Poway Unified,Canyon View Elementary,urd,Urdu,1
37682966106520,San Diego,Poway Unified,Canyon View Elementary,ukr,Ukrainian,3
37682966106520,San Diego,Poway Unified,Canyon View Elementary,phi,Philippine languages,2
37682966106520,San Diego,Poway Unified,Canyon View Elementary,per,Persian (Farsi),2
37682966106520,San Diego,Poway Unified,Canyon View Elementary,rus,Russian,8
37682966106520,San Diego,Poway Unified,Canyon View Elementary,kor,Korean,1
37682966106520,San Diego,Poway Unified,Canyon View Elementary,tam,Tamil,2
37682966107460,San Diego,Poway Unified,Bernardo Heights Middle,per,Persian (Farsi),5
37682966107460,San Diego,Poway Unified,Bernardo Heights Middle,rus,Russian,10
37682966107460,San Diego,Poway Unified,Bernardo Heights Middle,ara,Arabic,1
37682966107460,San Diego,Poway Unified,Bernardo Heights Middle,cmn,"Mandarin Chinese (Putonghua, Guoyu)",8
37682966107460,San Diego,Poway Unified,Bernardo Heights Middle,spa,Spanish; Castilian,7
37682966107460,San Diego,Poway Unified,Bernardo Heights Middle,vie,Vietnamese,3
37682966107460,San Diego,Poway Unified,Bernardo Heights Middle,tur,Turkish,2
37682966107460,San Diego,Poway Unified,Bernardo Heights Middle,urd,Urdu,1
37682966107460,San Diego,Poway Unified,Bernardo Heights Middle,dut,Dutch; Flemish,1
37682966107460,San Diego,Poway Unified,Bernardo Heights Middle,jpn,Japanese,1
37682966107460,San Diego,Poway Unified,Bernardo Heights Middle,kor,Korean,4
37682966107460,San Diego,Poway Unified,Bernardo Heights Middle,mon,Mongolian,2
37682966107460,San Diego,Poway Unified,Bernardo Heights Middle,pus,Pushto; Pashto,1
37682966107460,San Diego,Poway Unified,Bernardo Heights Middle,tam,Tamil,1
37682966107460,San Diego,Poway Unified,Bernardo Heights Middle,som,Somali,1
37682966109300,San Diego,Poway Unified,Deer Canyon Elementary,yue,Yue Chinese (Cantonese),2
37682966109300,San Diego,Poway Unified,Deer Canyon Elementary,phi,Philippine languages,1
37682966109300,San Diego,Poway Unified,Deer Canyon Elementary,vie,Vietnamese,4
37682966109300,San Diego,Poway Unified,Deer Canyon Elementary,spa,Spanish; Castilian,8
37682966109300,San Diego,Poway Unified,Deer Canyon Elementary,tha,Thai,1
37682966109300,San Diego,Poway Unified,Deer Canyon Elementary,tur,Turkish,1
37682966109300,San Diego,Poway Unified,Deer Canyon Elementary,per,Persian (Farsi),1
37682966109300,San Diego,Poway Unified,Deer Canyon Elementary,tam,Tamil,2
37682966109300,San Diego,Poway Unified,Deer Canyon Elementary,rus,Russian,3
37682966109300,San Diego,Poway Unified,Deer Canyon Elementary,ben,Bengali,1
37682966109300,San Diego,Poway Unified,Deer Canyon Elementary,ita,Italian,1
37682966109300,San Diego,Poway Unified,Deer Canyon Elementary,cmn,"Mandarin Chinese (Putonghua, Guoyu)",11
37682966109300,San Diego,Poway Unified,Deer Canyon Elementary,hin,Hindi,1
37682966109300,San Diego,Poway Unified,Deer Canyon Elementary,chi,Chinese (Other Chinese languages),2
37682966109300,San Diego,Poway Unified,Deer Canyon Elementary,jpn,Japanese,1
37682966109300,San Diego,Poway Unified,Deer Canyon Elementary,kor,Korean,1
37682966109318,San Diego,Poway Unified,Morning Creek Elementary,per,Persian (Farsi),7
37682966109318,San Diego,Poway Unified,Morning Creek Elementary,spa,Spanish; Castilian,13
37682966109318,San Diego,Poway Unified,Morning Creek Elementary,guj,Gujarati,1
37682966109318,San Diego,Poway Unified,Morning Creek Elementary,hin,Hindi,1
37682966109318,San Diego,Poway Unified,Morning Creek Elementary,tha,Thai,1
37682966109318,San Diego,Poway Unified,Morning Creek Elementary,pus,Pushto; Pashto,2
37682966109318,San Diego,Poway Unified,Morning Creek Elementary,vie,Vietnamese,1
37682966109318,San Diego,Poway Unified,Morning Creek Elementary,ara,Arabic,2
37682966109318,San Diego,Poway Unified,Morning Creek Elementary,rus,Russian,16
37682966109318,San Diego,Poway Unified,Morning Creek Elementary,ukr,Ukrainian,1
37682966109318,San Diego,Poway Unified,Morning Creek Elementary,yue,Yue Chinese (Cantonese),1
37682966109318,San Diego,Poway Unified,Morning Creek Elementary,fre,French,1
37682966109318,San Diego,Poway Unified,Morning Creek Elementary,por,Portuguese,2
37682966109318,San Diego,Poway Unified,Morning Creek Elementary,kor,Korean,2
37682966109318,San Diego,Poway Unified,Morning Creek Elementary,phi,Philippine languages,1
37682966109326,San Diego,Poway Unified,Turtleback Elementary,ara,Arabic,7
37682966109326,San Diego,Poway Unified,Turtleback Elementary,jpn,Japanese,2
37682966109326,San Diego,Poway Unified,Turtleback Elementary,spa,Spanish; Castilian,8
37682966109326,San Diego,Poway Unified,Turtleback Elementary,per,Persian (Farsi),1
37682966109326,San Diego,Poway Unified,Turtleback Elementary,yue,Yue Chinese (Cantonese),1
37682966109326,San Diego,Poway Unified,Turtleback Elementary,rus,Russian,3
37682966109326,San Diego,Poway Unified,Turtleback Elementary,ukr,Ukrainian,1
37682966109326,San Diego,Poway Unified,Turtleback Elementary,cmn,"Mandarin Chinese (Putonghua, Guoyu)",2
37682966109326,San Diego,Poway Unified,Turtleback Elementary,hin,Hindi,1
37682966109326,San Diego,Poway Unified,Turtleback Elementary,kor,Korean,1
37682966110878,San Diego,Poway Unified,Adobe Bluffs Elementary,cmn,"Mandarin Chinese (Putonghua, Guoyu)",47
37682966110878,San Diego,Poway Unified,Adobe Bluffs Elementary,vie,Vietnamese,4
37682966110878,San Diego,Poway Unified,Adobe Bluffs Elementary,ara,Arabic,1
37682966110878,San Diego,Poway Unified,Adobe Bluffs Elementary,kor,Korean,1
37682966110878,San Diego,Poway Unified,Adobe Bluffs Elementary,yue,Yue Chinese (Cantonese),6
37682966110878,San Diego,Poway Unified,Adobe Bluffs Elementary,ukr,Ukrainian,1
37682966110878,San Diego,Poway Unified,Adobe Bluffs Elementary,orm,Oromo,1
37682966110878,San Diego,Poway Unified,Adobe Bluffs Elementary,spa,Spanish; Castilian,6
37682966110878,San Diego,Poway Unified,Adobe Bluffs Elementary,tha,Thai,1
37682966110878,San Diego,Poway Unified,Adobe Bluffs Elementary,lao,Lao,1
37682966110878,San Diego,Poway Unified,Adobe Bluffs Elementary,per,Persian (Farsi),3
37682966110878,San Diego,Poway Unified,Adobe Bluffs Elementary,rus,Russian,2
37682966110886,San Diego,Poway Unified,Highland Ranch Elementary,ben,Bengali,2
37682966110886,San Diego,Poway Unified,Highland Ranch Elementary,per,Persian (Farsi),14
37682966110886,San Diego,Poway Unified,Highland Ranch Elementary,tel,Telugu,4
37682966110886,San Diego,Poway Unified,Highland Ranch Elementary,ukr,Ukrainian,1
37682966110886,San Diego,Poway Unified,Highland Ranch Elementary,jpn,Japanese,5
37682966110886,San Diego,Poway Unified,Highland Ranch Elementary,mar,Marathi,3
37682966110886,San Diego,Poway Unified,Highland Ranch Elementary,spa,Spanish; Castilian,11
37682966110886,San Diego,Poway Unified,Highland Ranch Elementary,nep,Nepali,1
37682966110886,San Diego,Poway Unified,Highland Ranch Elementary,tam,Tamil,4
37682966110886,San Diego,Poway Unified,Highland Ranch Elementary,guj,Gujarati,1
37682966110886,San Diego,Poway Unified,Highland Ranch Elementary,mal,Malayalam,1
37682966110886,San Diego,Poway Unified,Highland Ranch Elementary,hin,Hindi,4
37682966110886,San Diego,Poway Unified,Highland Ranch Elementary,por,Portuguese,2
37682966110886,San Diego,Poway Unified,Highland Ranch Elementary,cmn,"Mandarin Chinese (Putonghua, Guoyu)",4
37682966110886,San Diego,Poway Unified,Highland Ranch Elementary,pan,Panjabi; Punjabi,1
37682966110886,San Diego,Poway Unified,Highland Ranch Elementary,ara,Arabic,4
37682966110886,San Diego,Poway Unified,Highland Ranch Elementary,kor,Korean,7
37682966110886,San Diego,Poway Unified,Highland Ranch Elementary,mis,Uncoded languages (Other non-English languages),1
37682966110886,San Diego,Poway Unified,Highland Ranch Elementary,rus,Russian,10
37682966110886,San Diego,Poway Unified,Highland Ranch Elementary,tha,Thai,1
37682966110886,San Diego,Poway Unified,Highland Ranch Elementary,phi,Philippine languages,3
37682966111306,San Diego,Poway Unified,Mesa Verde Middle,kor,Korean,3
37682966111306,San Diego,Poway Unified,Mesa Verde Middle,yue,Yue Chinese (Cantonese),1
37682966111306,San Diego,Poway Unified,Mesa Verde Middle,heb,Hebrew,1
37682966111306,San Diego,Poway Unified,Mesa Verde Middle,phi,Philippine languages,1
37682966111306,San Diego,Poway Unified,Mesa Verde Middle,vie,Vietnamese,2
37682966111306,San Diego,Poway Unified,Mesa Verde Middle,cmn,"Mandarin Chinese (Putonghua, Guoyu)",9
37682966111306,San Diego,Poway Unified,Mesa Verde Middle,rus,Russian,6
37682966111306,San Diego,Poway Unified,Mesa Verde Middle,spa,Spanish; Castilian,3
37682966111306,San Diego,Poway Unified,Mesa Verde Middle,ukr,Ukrainian,2
37682966111306,San Diego,Poway Unified,Mesa Verde Middle,guj,Gujarati,1
37682966111306,San Diego,Poway Unified,Mesa Verde Middle,per,Persian (Farsi),3
37682966111314,San Diego,Poway Unified,Park Village Elementary,mis,Uncoded languages (Other non-English languages),1
37682966111314,San Diego,Poway Unified,Park Village Elementary,tam,Tamil,1
37682966111314,San Diego,Poway Unified,Park Village Elementary,heb,Hebrew,3
37682966111314,San Diego,Poway Unified,Park Village Elementary,tel,Telugu,2
37682966111314,San Diego,Poway Unified,Park Village Elementary,ben,Bengali,1
37682966111314,San Diego,Poway Unified,Park Village Elementary,hin,Hindi,2
37682966111314,San Diego,Poway Unified,Park Village Elementary,urd,Urdu,2
37682966111314,San Diego,Poway Unified,Park Village Elementary,ind,Indonesian,1
37682966111314,San Diego,Poway Unified,Park Village Elementary,kor,Korean,3
37682966111314,San Diego,Poway Unified,Park Village Elementary,cmn,"Mandarin Chinese (Putonghua, Guoyu)",26
37682966111314,San Diego,Poway Unified,Park Village Elementary,guj,Gujarati,1
37682966111314,San Diego,Poway Unified,Park Village Elementary,swe,Swedish,1
37682966111314,San Diego,Poway Unified,Park Village Elementary,vie,Vietnamese,1
37682966111314,San Diego,Poway Unified,Park Village Elementary,yue,Yue Chinese (Cantonese),2
37682966111314,San Diego,Poway Unified,Park Village Elementary,per,Persian (Farsi),11
37682966111314,San Diego,Poway Unified,Park Village Elementary,jpn,Japanese,3
37682966111314,San Diego,Poway Unified,Park Village Elementary,nep,Nepali,4
37682966111314,San Diego,Poway Unified,Park Village Elementary,rus,Russian,3
37682966111314,San Diego,Poway Unified,Park Village Elementary,spa,Spanish; Castilian,5
37682966114854,San Diego,Poway Unified,Shoal Creek Elementary,pan,Panjabi; Punjabi,1
37682966114854,San Diego,Poway Unified,Shoal Creek Elementary,tel,Telugu,2
37682966114854,San Diego,Poway Unified,Shoal Creek Elementary,cmn,"Mandarin Chinese (Putonghua, Guoyu)",4
37682966114854,San Diego,Poway Unified,Shoal Creek Elementary,heb,Hebrew,1
37682966114854,San Diego,Poway Unified,Shoal Creek Elementary,spa,Spanish; Castilian,6
37682966114854,San Diego,Poway Unified,Shoal Creek Elementary,ara,Arabic,1
37682966114854,San Diego,Poway Unified,Shoal Creek Elementary,per,Persian (Farsi),1
37682966114854,San Diego,Poway Unified,Shoal Creek Elementary,rus,Russian,1
37682966114854,San Diego,Poway Unified,Shoal Creek Elementary,vie,Vietnamese,1
37682966117469,San Diego,Poway Unified,Creekside Elementary,tur,Turkish,2
37682966117469,San Diego,Poway Unified,Creekside Elementary,ben,Bengali,1
37682966117469,San Diego,Poway Unified,Creekside Elementary,ger,German,1
37682966117469,San Diego,Poway Unified,Creekside Elementary,pan,Panjabi; Punjabi,1
37682966117469,San Diego,Poway Unified,Creekside Elementary,per,Persian (Farsi),1
37682966117469,San Diego,Poway Unified,Creekside Elementary,uzb,Uzbek,1
37682966117469,San Diego,Poway Unified,Creekside Elementary,jpn,Japanese,2
37682966117469,San Diego,Poway Unified,Creekside Elementary,rum,Romanian (Rumanian),1
37682966117469,San Diego,Poway Unified,Creekside Elementary,spa,Spanish; Castilian,9
37682966117469,San Diego,Poway Unified,Creekside Elementary,tel,Telugu,2
37682966117469,San Diego,Poway Unified,Creekside Elementary,cmn,"Mandarin Chinese (Putonghua, Guoyu)",5
37682966117469,San Diego,Poway Unified,Creekside Elementary,vie,Vietnamese,3
37682966117469,San Diego,Poway Unified,Creekside Elementary,hin,Hindi,4
37682966117469,San Diego,Poway Unified,Creekside Elementary,kor,Korean,6
37682966117469,San Diego,Poway Unified,Creekside Elementary,mis,Uncoded languages (Other non-English languages),2
37682966117469,San Diego,Poway Unified,Creekside Elementary,kan,Kannada,2
37682966117469,San Diego,Poway Unified,Creekside Elementary,rus,Russian,4
37682966117469,San Diego,Poway Unified,Creekside Elementary,tam,Tamil,1
37682966117469,San Diego,Poway Unified,Creekside Elementary,yue,Yue Chinese (Cantonese),4
37683040102178,San Diego,Ramona City Unified,Future Bound Independent Study Secondary,spa,Spanish; Castilian,2
37683040131268,San Diego,Ramona City Unified,Ramona Community Montessori,por,Portuguese,1
37683040131268,San Diego,Ramona City Unified,Ramona Community Montessori,spa,Spanish; Castilian,14
37683043735958,San Diego,Ramona City Unified,Montecito High (Continuation),spa,Spanish; Castilian,19
37683043735974,San Diego,Ramona City Unified,Ramona High,spa,Spanish; Castilian,110
37683043735974,San Diego,Ramona City Unified,Ramona High,por,Portuguese,1
37683043735974,San Diego,Ramona City Unified,Ramona High,mis,Uncoded languages (Other non-English languages),1
37683043735974,San Diego,Ramona City Unified,Ramona High,rus,Russian,2
37683046039028,San Diego,Ramona City Unified,Hanson Elementary,spa,Spanish; Castilian,119
37683046039036,San Diego,Ramona City Unified,Ramona Elementary,spa,Spanish; Castilian,134
37683046105555,San Diego,Ramona City Unified,James Dukes Elementary,spa,Spanish; Castilian,13
37683046105555,San Diego,Ramona City Unified,James Dukes Elementary,ben,Bengali,1
37683046105563,San Diego,Ramona City Unified,Olive Peirce Middle,spa,Spanish; Castilian,75
37683046107999,San Diego,Ramona City Unified,Mt. Woodson Elementary,spa,Spanish; Castilian,60
37683046110720,San Diego,Ramona City Unified,Barnett Elementary,spa,Spanish; Castilian,45
37683046110720,San Diego,Ramona City Unified,Barnett Elementary,oto,Otomian languages (Mixteco),1
37683126039051,San Diego,Rancho Santa Fe Elementary,R. Roger Rowe Elementary,cmn,"Mandarin Chinese (Putonghua, Guoyu)",10
37683126039051,San Diego,Rancho Santa Fe Elementary,R. Roger Rowe Elementary,spa,Spanish; Castilian,6
37683126039051,San Diego,Rancho Santa Fe Elementary,R. Roger Rowe Elementary,jpn,Japanese,1
37683126039051,San Diego,Rancho Santa Fe Elementary,R. Roger Rowe Elementary,vie,Vietnamese,1
37683126039051,San Diego,Rancho Santa Fe Elementary,R. Roger Rowe Elementary,per,Persian (Farsi),2
37683126039051,San Diego,Rancho Santa Fe Elementary,R. Roger Rowe Elementary,tgl,Tagalog,1
37683126039051,San Diego,Rancho Santa Fe Elementary,R. Roger Rowe Elementary,rus,Russian,3
37683126070908,San Diego,Rancho Santa Fe Elementary,R. Roger Rowe Middle,cmn,"Mandarin Chinese (Putonghua, Guoyu)",4
37683126070908,San Diego,Rancho Santa Fe Elementary,R. Roger Rowe Middle,phi,Philippine languages,1
37683126070908,San Diego,Rancho Santa Fe Elementary,R. Roger Rowe Middle,spa,Spanish; Castilian,3
37683126070908,San Diego,Rancho Santa Fe Elementary,R. Roger Rowe Middle,rus,Russian,1
37683380000001,San Diego,San Diego Unified,"Nonpublic, Nonsectarian Schools",vie,Vietnamese,1
37683380000001,San Diego,San Diego Unified,"Nonpublic, Nonsectarian Schools",ara,Arabic,1
37683380000001,San Diego,San Diego Unified,"Nonpublic, Nonsectarian Schools",spa,Spanish; Castilian,8
37683380101204,San Diego,San Diego Unified,High Tech Middle,por,Portuguese,1
37683380101204,San Diego,San Diego Unified,High Tech Middle,rus,Russian,1
37683380101204,San Diego,San Diego Unified,High Tech Middle,tha,Thai,1
37683380101204,San Diego,San Diego Unified,High Tech Middle,vie,Vietnamese,1
37683380101204,San Diego,San Diego Unified,High Tech Middle,spa,Spanish; Castilian,19
37683380101345,San Diego,San Diego Unified,KIPP Adelante Preparatory Academy,spa,Spanish; Castilian,101
37683380101345,San Diego,San Diego Unified,KIPP Adelante Preparatory Academy,mkh,Mon-Khmer languages,1
37683380106732,San Diego,San Diego Unified,High Tech High International,phi,Philippine languages,1
37683380106732,San Diego,San Diego Unified,High Tech High International,spa,Spanish; Castilian,21
37683380106799,San Diego,San Diego Unified,Learning Choice Academy,lao,Lao,1
37683380106799,San Diego,San Diego Unified,Learning Choice Academy,spa,Spanish; Castilian,5
37683380106799,San Diego,San Diego Unified,Learning Choice Academy,pus,Pushto; Pashto,1
37683380106799,San Diego,San Diego Unified,Learning Choice Academy,rus,Russian,1
37683380107078,San Diego,San Diego Unified,Kearny Digital Media & Design,fre,French,1
37683380107078,San Diego,San Diego Unified,Kearny Digital Media & Design,vie,Vietnamese,1
37683380107078,San Diego,San Diego Unified,Kearny Digital Media & Design,rus,Russian,1
37683380107078,San Diego,San Diego Unified,Kearny Digital Media & Design,oto,Otomian languages (Mixteco),1
37683380107078,San Diego,San Diego Unified,Kearny Digital Media & Design,mis,Uncoded languages (Other non-English languages),1
37683380107078,San Diego,San Diego Unified,Kearny Digital Media & Design,pus,Pushto; Pashto,1
37683380107078,San Diego,San Diego Unified,Kearny Digital Media & Design,spa,Spanish; Castilian,24
37683380107078,San Diego,San Diego Unified,Kearny Digital Media & Design,cmn,"Mandarin Chinese (Putonghua, Guoyu)",1
37683380107078,San Diego,San Diego Unified,Kearny Digital Media & Design,jpn,Japanese,1
37683380107086,San Diego,San Diego Unified,Kearny School of Biomedical Science and Technology,por,Portuguese,1
37683380107086,San Diego,San Diego Unified,Kearny School of Biomedical Science and Technology,tha,Thai,1
37683380107086,San Diego,San Diego Unified,Kearny School of Biomedical Science and Technology,tgl,Tagalog,1
37683380107086,San Diego,San Diego Unified,Kearny School of Biomedical Science and Technology,vie,Vietnamese,2
37683380107086,San Diego,San Diego Unified,Kearny School of Biomedical Science and Technology,spa,Spanish; Castilian,22
37683380107086,San Diego,San Diego Unified,Kearny School of Biomedical Science and Technology,oto,Otomian languages (Mixteco),1
37683380107086,San Diego,San Diego Unified,Kearny School of Biomedical Science and Technology,mis,Uncoded languages (Other non-English languages),1
37683380107086,San Diego,San Diego Unified,Kearny School of Biomedical Science and Technology,per,Persian (Farsi),1
37683380107086,San Diego,San Diego Unified,Kearny School of Biomedical Science and Technology,cpf,"Creoles and pidgins, French-based",1
37683380107094,San Diego,San Diego Unified,Kearny College Connections,per,Persian (Farsi),1
37683380107094,San Diego,San Diego Unified,Kearny College Connections,rus,Russian,1
37683380107094,San Diego,San Diego Unified,Kearny College Connections,pus,Pushto; Pashto,1
37683380107094,San Diego,San Diego Unified,Kearny College Connections,tha,Thai,1
37683380107094,San Diego,San Diego Unified,Kearny College Connections,som,Somali,1
37683380107094,San Diego,San Diego Unified,Kearny College Connections,spa,Spanish; Castilian,17
37683380107094,San Diego,San Diego Unified,Kearny College Connections,vie,Vietnamese,2
37683380107102,San Diego,San Diego Unified,Kearny Eng Innov & Design,tha,Thai,1
37683380107102,San Diego,San Diego Unified,Kearny Eng Innov & Design,rus,Russian,1
37683380107102,San Diego,San Diego Unified,Kearny Eng Innov & Design,ben,Bengali,1
37683380107102,San Diego,San Diego Unified,Kearny Eng Innov & Design,per,Persian (Farsi),1
37683380107102,San Diego,San Diego Unified,Kearny Eng Innov & Design,pus,Pushto; Pashto,1
37683380107102,San Diego,San Diego Unified,Kearny Eng Innov & Design,cmn,"Mandarin Chinese (Putonghua, Guoyu)",2
37683380107102,San Diego,San Diego Unified,Kearny Eng Innov & Design,spa,Spanish; Castilian,23
37683380107102,San Diego,San Diego Unified,Kearny Eng Innov & Design,por,Portuguese,1
37683380107102,San Diego,San Diego Unified,Kearny Eng Innov & Design,som,Somali,1
37683380107102,San Diego,San Diego Unified,Kearny Eng Innov & Design,vie,Vietnamese,6
37683380107177,San Diego,San Diego Unified,Crawford High,swa,Swahili,13
37683380107177,San Diego,San Diego Unified,Crawford High,cpf,"Creoles and pidgins, French-based",35
37683380107177,San Diego,San Diego Unified,Crawford High,per,Persian (Farsi),3
37683380107177,San Diego,San Diego Unified,Crawford High,por,Portuguese,2
37683380107177,San Diego,San Diego Unified,Crawford High,cpe,"Creoles and pidgins, English based",1
37683380107177,San Diego,San Diego Unified,Crawford High,pus,Pushto; Pashto,8
37683380107177,San Diego,San Diego Unified,Crawford High,vie,Vietnamese,24
37683380107177,San Diego,San Diego Unified,Crawford High,ara,Arabic,9
37683380107177,San Diego,San Diego Unified,Crawford High,som,Somali,28
37683380107177,San Diego,San Diego Unified,Crawford High,hat,Haitian; Haitian Creole,85
37683380107177,San Diego,San Diego Unified,Crawford High,phi,Philippine languages,2
37683380107177,San Diego,San Diego Unified,Crawford High,mis,Uncoded languages (Other non-English languages),20
37683380107177,San Diego,San Diego Unified,Crawford High,spa,Spanish; Castilian,133
37683380107177,San Diego,San Diego Unified,Crawford High,kin,Kinyarwanda,2
37683380107177,San Diego,San Diego Unified,Crawford High,crp,Creoles and pidgins,1
37683380107177,San Diego,San Diego Unified,Crawford High,fre,French,5
37683380107177,San Diego,San Diego Unified,Crawford High,khm,"Khmer, Central Khmer",3
37683380107177,San Diego,San Diego Unified,Crawford High,yue,Yue Chinese (Cantonese),1
37683380107219,San Diego,San Diego Unified,San Diego High,twi,Twi,1
37683380107219,San Diego,San Diego Unified,San Diego High,cpf,"Creoles and pidgins, French-based",3
37683380107219,San Diego,San Diego Unified,San Diego High,hat,Haitian; Haitian Creole,4
37683380107219,San Diego,San Diego Unified,San Diego High,rus,Russian,5
37683380107219,San Diego,San Diego Unified,San Diego High,ara,Arabic,1
37683380107219,San Diego,San Diego Unified,San Diego High,mis,Uncoded languages (Other non-English languages),2
37683380107219,San Diego,San Diego Unified,San Diego High,spa,Spanish; Castilian,125
37683380107219,San Diego,San Diego Unified,San Diego High,phi,Philippine languages,1
37683380107219,San Diego,San Diego Unified,San Diego High,ita,Italian,2
37683380107219,San Diego,San Diego Unified,San Diego High,per,Persian (Farsi),3
37683380107482,San Diego,San Diego Unified,San Diego Metro Career and Tech,spa,Spanish; Castilian,3
37683380107573,San Diego,San Diego Unified,High Tech Middle Media Arts,por,Portuguese,2
37683380107573,San Diego,San Diego Unified,High Tech Middle Media Arts,jpn,Japanese,1
37683380107573,San Diego,San Diego Unified,High Tech Middle Media Arts,spa,Spanish; Castilian,12
37683380108266,San Diego,San Diego Unified,Golden Hill K-8,spa,Spanish; Castilian,68
37683380108266,San Diego,San Diego Unified,Golden Hill K-8,fre,French,2
37683380108266,San Diego,San Diego Unified,Golden Hill K-8,phi,Philippine languages,1
37683380108266,San Diego,San Diego Unified,Golden Hill K-8,tur,Turkish,1
37683380108274,San Diego,San Diego Unified,Porter Elementary,por,Portuguese,4
37683380108274,San Diego,San Diego Unified,Porter Elementary,fre,French,1
37683380108274,San Diego,San Diego Unified,Porter Elementary,mis,Uncoded languages (Other non-English languages),3
37683380108274,San Diego,San Diego Unified,Porter Elementary,lao,Lao,3
37683380108274,San Diego,San Diego Unified,Porter Elementary,hat,Haitian; Haitian Creole,28
37683380108274,San Diego,San Diego Unified,Porter Elementary,mkh,Mon-Khmer languages,1
37683380108274,San Diego,San Diego Unified,Porter Elementary,pus,Pushto; Pashto,1
37683380108274,San Diego,San Diego Unified,Porter Elementary,und,Undetermined,1
37683380108274,San Diego,San Diego Unified,Porter Elementary,cpf,"Creoles and pidgins, French-based",6
37683380108274,San Diego,San Diego Unified,Porter Elementary,spa,Spanish; Castilian,181
37683380108274,San Diego,San Diego Unified,Porter Elementary,per,Persian (Farsi),5
37683380108274,San Diego,San Diego Unified,Porter Elementary,cmn,"Mandarin Chinese (Putonghua, Guoyu)",1
37683380108274,San Diego,San Diego Unified,Porter Elementary,mah,Marshallese,1
37683380108274,San Diego,San Diego Unified,Porter Elementary,vie,Vietnamese,3
37683380108274,San Diego,San Diego Unified,Porter Elementary,khm,"Khmer, Central Khmer",1
37683380108282,San Diego,San Diego Unified,Cherokee Point Elementary,hat,Haitian; Haitian Creole,1
37683380108282,San Diego,San Diego Unified,Cherokee Point Elementary,vie,Vietnamese,11
37683380108282,San Diego,San Diego Unified,Cherokee Point Elementary,cpf,"Creoles and pidgins, French-based",2
37683380108282,San Diego,San Diego Unified,Cherokee Point Elementary,crp,Creoles and pidgins,1
37683380108282,San Diego,San Diego Unified,Cherokee Point Elementary,swa,Swahili,3
37683380108282,San Diego,San Diego Unified,Cherokee Point Elementary,spa,Spanish; Castilian,94
37683380108282,San Diego,San Diego Unified,Cherokee Point Elementary,cpp,"Creoles and pidgins, Portuguese-based",1
37683380108290,San Diego,San Diego Unified,Ibarra Elementary,hat,Haitian; Haitian Creole,29
37683380108290,San Diego,San Diego Unified,Ibarra Elementary,khm,"Khmer, Central Khmer",2
37683380108290,San Diego,San Diego Unified,Ibarra Elementary,kin,Kinyarwanda,1
37683380108290,San Diego,San Diego Unified,Ibarra Elementary,mis,Uncoded languages (Other non-English languages),5
37683380108290,San Diego,San Diego Unified,Ibarra Elementary,swa,Swahili,1
37683380108290,San Diego,San Diego Unified,Ibarra Elementary,cpf,"Creoles and pidgins, French-based",11
37683380108290,San Diego,San Diego Unified,Ibarra Elementary,spa,Spanish; Castilian,141
37683380108290,San Diego,San Diego Unified,Ibarra Elementary,kar,Karen languages,2
37683380108290,San Diego,San Diego Unified,Ibarra Elementary,pus,Pushto; Pashto,2
37683380108290,San Diego,San Diego Unified,Ibarra Elementary,vie,Vietnamese,3
37683380108290,San Diego,San Diego Unified,Ibarra Elementary,por,Portuguese,1
37683380108290,San Diego,San Diego Unified,Ibarra Elementary,som,Somali,16
37683380108787,San Diego,San Diego Unified,High Tech High Media Arts,por,Portuguese,1
37683380108787,San Diego,San Diego Unified,High Tech High Media Arts,rus,Russian,1
37683380108787,San Diego,San Diego Unified,High Tech High Media Arts,vie,Vietnamese,1
37683380108787,San Diego,San Diego Unified,High Tech High Media Arts,kur,Kurdish,1
37683380108787,San Diego,San Diego Unified,High Tech High Media Arts,spa,Spanish; Castilian,30
37683380109157,San Diego,San Diego Unified,Magnolia Science Academy San Diego,jpn,Japanese,1
37683380109157,San Diego,San Diego Unified,Magnolia Science Academy San Diego,spa,Spanish; Castilian,4
37683380109157,San Diego,San Diego Unified,Magnolia Science Academy San Diego,cmn,"Mandarin Chinese (Putonghua, Guoyu)",1
37683380109157,San Diego,San Diego Unified,Magnolia Science Academy San Diego,vie,Vietnamese,1
37683380111864,San Diego,San Diego Unified,Normal Heights Elementary,spa,Spanish; Castilian,52
37683380111864,San Diego,San Diego Unified,Normal Heights Elementary,amh,Amharic,1
37683380111864,San Diego,San Diego Unified,Normal Heights Elementary,hat,Haitian; Haitian Creole,3
37683380111864,San Diego,San Diego Unified,Normal Heights Elementary,per,Persian (Farsi),1
37683380111864,San Diego,San Diego Unified,Normal Heights Elementary,tir,Tigrinya,1
37683380111898,San Diego,San Diego Unified,Albert Einstein Academies,per,Persian (Farsi),1
37683380111898,San Diego,San Diego Unified,Albert Einstein Academies,vie,Vietnamese,1
37683380111898,San Diego,San Diego Unified,Albert Einstein Academies,ger,German,9
37683380111898,San Diego,San Diego Unified,Albert Einstein Academies,por,Portuguese,1
37683380111898,San Diego,San Diego Unified,Albert Einstein Academies,mis,Uncoded languages (Other non-English languages),1
37683380111898,San Diego,San Diego Unified,Albert Einstein Academies,rus,Russian,2
37683380111898,San Diego,San Diego Unified,Albert Einstein Academies,spa,Spanish; Castilian,289
37683380111898,San Diego,San Diego Unified,Albert Einstein Academies,fre,French,2
37683380111898,San Diego,San Diego Unified,Albert Einstein Academies,hin,Hindi,1
37683380114025,San Diego,San Diego Unified,Lincoln High,per,Persian (Farsi),2
37683380114025,San Diego,San Diego Unified,Lincoln High,vie,Vietnamese,2
37683380114025,San Diego,San Diego Unified,Lincoln High,ara,Arabic,2
37683380114025,San Diego,San Diego Unified,Lincoln High,hat,Haitian; Haitian Creole,19
37683380114025,San Diego,San Diego Unified,Lincoln High,cpf,"Creoles and pidgins, French-based",14
37683380114025,San Diego,San Diego Unified,Lincoln High,lao,Lao,2
37683380114025,San Diego,San Diego Unified,Lincoln High,smo,Samoan,1
37683380114025,San Diego,San Diego Unified,Lincoln High,pus,Pushto; Pashto,3
37683380114025,San Diego,San Diego Unified,Lincoln High,spa,Spanish; Castilian,272
37683380114025,San Diego,San Diego Unified,Lincoln High,oto,Otomian languages (Mixteco),1
37683380114025,San Diego,San Diego Unified,Lincoln High,por,Portuguese,3
37683380114025,San Diego,San Diego Unified,Lincoln High,tgl,Tagalog,2
37683380114025,San Diego,San Diego Unified,Lincoln High,fre,French,4
37683380114025,San Diego,San Diego Unified,Lincoln High,phi,Philippine languages,4
37683380114025,San Diego,San Diego Unified,Lincoln High,tha,Thai,1
37683380114025,San Diego,San Diego Unified,Lincoln High,mis,Uncoded languages (Other non-English languages),8
37683380114025,San Diego,San Diego Unified,Lincoln High,rus,Russian,1
37683380114033,San Diego,San Diego Unified,Rodriguez Elementary,bnt,Bantu languages,1
37683380114033,San Diego,San Diego Unified,Rodriguez Elementary,hat,Haitian; Haitian Creole,1
37683380114033,San Diego,San Diego Unified,Rodriguez Elementary,spa,Spanish; Castilian,105
37683380114041,San Diego,San Diego Unified,Joyner Elementary,ara,Arabic,2
37683380114041,San Diego,San Diego Unified,Joyner Elementary,hat,Haitian; Haitian Creole,22
37683380114041,San Diego,San Diego Unified,Joyner Elementary,mis,Uncoded languages (Other non-English languages),3
37683380114041,San Diego,San Diego Unified,Joyner Elementary,vie,Vietnamese,3
37683380114041,San Diego,San Diego Unified,Joyner Elementary,por,Portuguese,2
37683380114041,San Diego,San Diego Unified,Joyner Elementary,cpf,"Creoles and pidgins, French-based",3
37683380114041,San Diego,San Diego Unified,Joyner Elementary,cpp,"Creoles and pidgins, Portuguese-based",1
37683380114041,San Diego,San Diego Unified,Joyner Elementary,spa,Spanish; Castilian,126
37683380114041,San Diego,San Diego Unified,Joyner Elementary,cpe,"Creoles and pidgins, English based",1
37683380114041,San Diego,San Diego Unified,Joyner Elementary,khm,"Khmer, Central Khmer",2
37683380114462,San Diego,San Diego Unified,Health Sciences High and Middle College,por,Portuguese,1
37683380114462,San Diego,San Diego Unified,Health Sciences High and Middle College,mis,Uncoded languages (Other non-English languages),2
37683380114462,San Diego,San Diego Unified,Health Sciences High and Middle College,spa,Spanish; Castilian,106
37683380114462,San Diego,San Diego Unified,Health Sciences High and Middle College,som,Somali,5
37683380114462,San Diego,San Diego Unified,Health Sciences High and Middle College,vie,Vietnamese,1
37683380114462,San Diego,San Diego Unified,Health Sciences High and Middle College,cpf,"Creoles and pidgins, French-based",2
37683380116939,San Diego,San Diego Unified,Innovation Middle,mis,Uncoded languages (Other non-English languages),2
37683380116939,San Diego,San Diego Unified,Innovation Middle,per,Persian (Farsi),3
37683380116939,San Diego,San Diego Unified,Innovation Middle,spa,Spanish; Castilian,27
37683380116939,San Diego,San Diego Unified,Innovation Middle,pus,Pushto; Pashto,2
37683380116939,San Diego,San Diego Unified,Innovation Middle,vie,Vietnamese,1
37683380116939,San Diego,San Diego Unified,Innovation Middle,ara,Arabic,1
37683380116939,San Diego,San Diego Unified,Innovation Middle,cld,Chaldean Neo-Aramaic (Chaldean),1
37683380116939,San Diego,San Diego Unified,Innovation Middle,cpf,"Creoles and pidgins, French-based",1
37683380117325,San Diego,San Diego Unified,Millennial Tech Middle,vie,Vietnamese,1
37683380117325,San Diego,San Diego Unified,Millennial Tech Middle,spa,Spanish; Castilian,80
37683380117325,San Diego,San Diego Unified,Millennial Tech Middle,hat,Haitian; Haitian Creole,1
37683380117325,San Diego,San Diego Unified,Millennial Tech Middle,cpf,"Creoles and pidgins, French-based",3
37683380117325,San Diego,San Diego Unified,Millennial Tech Middle,fre,French,1
37683380117325,San Diego,San Diego Unified,Millennial Tech Middle,lao,Lao,2
37683380117325,San Diego,San Diego Unified,Millennial Tech Middle,kin,Kinyarwanda,1
37683380117325,San Diego,San Diego Unified,Millennial Tech Middle,mis,Uncoded languages (Other non-English languages),1
37683380117325,San Diego,San Diego Unified,Millennial Tech Middle,por,Portuguese,1
37683380118083,San Diego,San Diego Unified,Innovations Academy,pus,Pushto; Pashto,2
37683380118083,San Diego,San Diego Unified,Innovations Academy,ara,Arabic,1
37683380118083,San Diego,San Diego Unified,Innovations Academy,spa,Spanish; Castilian,7
37683380118083,San Diego,San Diego Unified,Innovations Academy,rus,Russian,2
37683380118083,San Diego,San Diego Unified,Innovations Academy,tam,Tamil,1
37683380118083,San Diego,San Diego Unified,Innovations Academy,kor,Korean,3
37683380118083,San Diego,San Diego Unified,Innovations Academy,cmn,"Mandarin Chinese (Putonghua, Guoyu)",1
37683380118315,San Diego,San Diego Unified,East Village Middle College High,ukr,Ukrainian,1
37683380118315,San Diego,San Diego Unified,East Village Middle College High,spa,Spanish; Castilian,5
37683380118315,San Diego,San Diego Unified,East Village Middle College High,rus,Russian,1
37683380118851,San Diego,San Diego Unified,King-Chavez Community High,spa,Spanish; Castilian,78
37683380119610,San Diego,San Diego Unified,Gompers Preparatory Academy,som,Somali,1
37683380119610,San Diego,San Diego Unified,Gompers Preparatory Academy,mis,Uncoded languages (Other non-English languages),1
37683380119610,San Diego,San Diego Unified,Gompers Preparatory Academy,hat,Haitian; Haitian Creole,2
37683380119610,San Diego,San Diego Unified,Gompers Preparatory Academy,phi,Philippine languages,1
37683380119610,San Diego,San Diego Unified,Gompers Preparatory Academy,spa,Spanish; Castilian,302
37683380120410,San Diego,San Diego Unified,iHigh Virtual Academy,vie,Vietnamese,2
37683380120410,San Diego,San Diego Unified,iHigh Virtual Academy,spa,Spanish; Castilian,9
37683380121681,San Diego,San Diego Unified,San Diego Global Vision Academy,spa,Spanish; Castilian,31
37683380121681,San Diego,San Diego Unified,San Diego Global Vision Academy,vie,Vietnamese,1
37683380121681,San Diego,San Diego Unified,San Diego Global Vision Academy,din,Dinka,1
37683380121681,San Diego,San Diego Unified,San Diego Global Vision Academy,jpn,Japanese,2
37683380122788,San Diego,San Diego Unified,School for Entrepreneurship and Technology,rus,Russian,1
37683380123778,San Diego,San Diego Unified,Old Town Academy K-8 Charter,spa,Spanish; Castilian,13
37683380123778,San Diego,San Diego Unified,Old Town Academy K-8 Charter,rus,Russian,1
37683380124115,San Diego,San Diego Unified,Knox Middle,fre,French,1
37683380124115,San Diego,San Diego Unified,Knox Middle,hat,Haitian; Haitian Creole,16
37683380124115,San Diego,San Diego Unified,Knox Middle,per,Persian (Farsi),4
37683380124115,San Diego,San Diego Unified,Knox Middle,tgl,Tagalog,2
37683380124115,San Diego,San Diego Unified,Knox Middle,vie,Vietnamese,1
37683380124115,San Diego,San Diego Unified,Knox Middle,cpf,"Creoles and pidgins, French-based",4
37683380124115,San Diego,San Diego Unified,Knox Middle,lao,Lao,2
37683380124115,San Diego,San Diego Unified,Knox Middle,ara,Arabic,1
37683380124115,San Diego,San Diego Unified,Knox Middle,mis,Uncoded languages (Other non-English languages),1
37683380124115,San Diego,San Diego Unified,Knox Middle,spa,Spanish; Castilian,128
37683380124115,San Diego,San Diego Unified,Knox Middle,por,Portuguese,2
37683380124115,San Diego,San Diego Unified,Knox Middle,phi,Philippine languages,1
37683380124347,San Diego,San Diego Unified,City Heights Preparatory Charter,cpf,"Creoles and pidgins, French-based",1
37683380124347,San Diego,San Diego Unified,City Heights Preparatory Charter,ara,Arabic,7
37683380124347,San Diego,San Diego Unified,City Heights Preparatory Charter,kur,Kurdish,4
37683380124347,San Diego,San Diego Unified,City Heights Preparatory Charter,mis,Uncoded languages (Other non-English languages),6
37683380124347,San Diego,San Diego Unified,City Heights Preparatory Charter,spa,Spanish; Castilian,29
37683380124347,San Diego,San Diego Unified,City Heights Preparatory Charter,vie,Vietnamese,1
37683380124347,San Diego,San Diego Unified,City Heights Preparatory Charter,kar,Karen languages,3
37683380124347,San Diego,San Diego Unified,City Heights Preparatory Charter,tur,Turkish,1
37683380124347,San Diego,San Diego Unified,City Heights Preparatory Charter,som,Somali,16
37683380124347,San Diego,San Diego Unified,City Heights Preparatory Charter,swa,Swahili,6
37683380124347,San Diego,San Diego Unified,City Heights Preparatory Charter,pus,Pushto; Pashto,9
37683380126730,San Diego,San Diego Unified,Kavod Charter,tir,Tigrinya,2
37683380126730,San Diego,San Diego Unified,Kavod Charter,heb,Hebrew,34
37683380126730,San Diego,San Diego Unified,Kavod Charter,som,Somali,2
37683380126730,San Diego,San Diego Unified,Kavod Charter,ara,Arabic,1
37683380126730,San Diego,San Diego Unified,Kavod Charter,spa,Spanish; Castilian,27
37683380126730,San Diego,San Diego Unified,Kavod Charter,amh,Amharic,4
37683380126730,San Diego,San Diego Unified,Kavod Charter,per,Persian (Farsi),1
37683380126730,San Diego,San Diego Unified,Kavod Charter,rus,Russian,1
37683380126730,San Diego,San Diego Unified,Kavod Charter,fre,French,3
37683380126938,San Diego,San Diego Unified,Home & Hosp/Transition Support,spa,Spanish; Castilian,7
37683380126938,San Diego,San Diego Unified,Home & Hosp/Transition Support,per,Persian (Farsi),1
37683380126938,San Diego,San Diego Unified,Home & Hosp/Transition Support,kar,Karen languages,1
37683380126938,San Diego,San Diego Unified,Home & Hosp/Transition Support,por,Portuguese,1
37683380126938,San Diego,San Diego Unified,Home & Hosp/Transition Support,som,Somali,2
37683380127647,San Diego,San Diego Unified,e3 Civic High,spa,Spanish; Castilian,80
37683380129387,San Diego,San Diego Unified,Empower Language Academy,por,Portuguese,2
37683380129387,San Diego,San Diego Unified,Empower Language Academy,jpn,Japanese,1
37683380129387,San Diego,San Diego Unified,Empower Language Academy,oto,Otomian languages (Mixteco),1
37683380129387,San Diego,San Diego Unified,Empower Language Academy,spa,Spanish; Castilian,32
37683380129387,San Diego,San Diego Unified,Empower Language Academy,dan,Danish,2
37683380129395,San Diego,San Diego Unified,Elevate,rus,Russian,3
37683380129395,San Diego,San Diego Unified,Elevate,mis,Uncoded languages (Other non-English languages),1
37683380129395,San Diego,San Diego Unified,Elevate,vie,Vietnamese,2
37683380129395,San Diego,San Diego Unified,Elevate,spa,Spanish; Castilian,7
37683380129395,San Diego,San Diego Unified,Elevate,per,Persian (Farsi),3
37683380129395,San Diego,San Diego Unified,Elevate,ara,Arabic,5
37683380129395,San Diego,San Diego Unified,Elevate,kor,Korean,2
37683380129395,San Diego,San Diego Unified,Elevate,amh,Amharic,13
37683380129395,San Diego,San Diego Unified,Elevate,hat,Haitian; Haitian Creole,1
37683380129395,San Diego,San Diego Unified,Elevate,jpn,Japanese,1
37683380129395,San Diego,San Diego Unified,Elevate,tha,Thai,1
37683380131565,San Diego,San Diego Unified,High Tech Elementary,vie,Vietnamese,1
37683380131565,San Diego,San Diego Unified,High Tech Elementary,kur,Kurdish,1
37683380131565,San Diego,San Diego Unified,High Tech Elementary,spa,Spanish; Castilian,36
37683380131565,San Diego,San Diego Unified,High Tech Elementary,por,Portuguese,2
37683380131979,San Diego,San Diego Unified,Ingenuity Charter,phi,Philippine languages,1
37683380131979,San Diego,San Diego Unified,Ingenuity Charter,spa,Spanish; Castilian,30
37683380131979,San Diego,San Diego Unified,Ingenuity Charter,som,Somali,1
37683380132316,San Diego,San Diego Unified,Jonas Salk Elementary,cmn,"Mandarin Chinese (Putonghua, Guoyu)",3
37683380132316,San Diego,San Diego Unified,Jonas Salk Elementary,phi,Philippine languages,8
37683380132316,San Diego,San Diego Unified,Jonas Salk Elementary,hin,Hindi,2
37683380132316,San Diego,San Diego Unified,Jonas Salk Elementary,nep,Nepali,1
37683380132316,San Diego,San Diego Unified,Jonas Salk Elementary,yue,Yue Chinese (Cantonese),1
37683380132316,San Diego,San Diego Unified,Jonas Salk Elementary,ger,German,1
37683380132316,San Diego,San Diego Unified,Jonas Salk Elementary,mal,Malayalam,1
37683380132316,San Diego,San Diego Unified,Jonas Salk Elementary,spa,Spanish; Castilian,13
37683380132316,San Diego,San Diego Unified,Jonas Salk Elementary,amh,Amharic,1
37683380132316,San Diego,San Diego Unified,Jonas Salk Elementary,per,Persian (Farsi),26
37683380132316,San Diego,San Diego Unified,Jonas Salk Elementary,rus,Russian,3
37683380132316,San Diego,San Diego Unified,Jonas Salk Elementary,tgl,Tagalog,1
37683380132316,San Diego,San Diego Unified,Jonas Salk Elementary,ara,Arabic,4
37683380132316,San Diego,San Diego Unified,Jonas Salk Elementary,jpn,Japanese,1
37683380132316,San Diego,San Diego Unified,Jonas Salk Elementary,kor,Korean,1
37683380132316,San Diego,San Diego Unified,Jonas Salk Elementary,tam,Tamil,4
37683380132316,San Diego,San Diego Unified,Jonas Salk Elementary,vie,Vietnamese,22
37683380132316,San Diego,San Diego Unified,Jonas Salk Elementary,kan,Kannada,2
37683380132316,San Diego,San Diego Unified,Jonas Salk Elementary,som,Somali,2
37683380132316,San Diego,San Diego Unified,Jonas Salk Elementary,srp,Serbian,1
37683380132316,San Diego,San Diego Unified,Jonas Salk Elementary,tel,Telugu,6
37683380132316,San Diego,San Diego Unified,Jonas Salk Elementary,ukr,Ukrainian,1
37683380132316,San Diego,San Diego Unified,Jonas Salk Elementary,mis,Uncoded languages (Other non-English languages),7
37683380132316,San Diego,San Diego Unified,Jonas Salk Elementary,pus,Pushto; Pashto,5
37683380132316,San Diego,San Diego Unified,Jonas Salk Elementary,slo,Slovak,1
37683380135913,San Diego,San Diego Unified,Urban Discovery Academy Charter,spa,Spanish; Castilian,40
37683380135913,San Diego,San Diego Unified,Urban Discovery Academy Charter,alb,Albanian,1
37683380135913,San Diego,San Diego Unified,Urban Discovery Academy Charter,tur,Turkish,3
37683380136663,San Diego,San Diego Unified,America's Finest Charter,per,Persian (Farsi),2
37683380136663,San Diego,San Diego Unified,America's Finest Charter,som,Somali,2
37683380136663,San Diego,San Diego Unified,America's Finest Charter,cpf,"Creoles and pidgins, French-based",1
37683380136663,San Diego,San Diego Unified,America's Finest Charter,fre,French,1
37683380136663,San Diego,San Diego Unified,America's Finest Charter,por,Portuguese,4
37683380136663,San Diego,San Diego Unified,America's Finest Charter,swa,Swahili,1
37683380136663,San Diego,San Diego Unified,America's Finest Charter,vie,Vietnamese,1
37683380136663,San Diego,San Diego Unified,America's Finest Charter,khm,"Khmer, Central Khmer",1
37683380136663,San Diego,San Diego Unified,America's Finest Charter,mis,Uncoded languages (Other non-English languages),9
37683380136663,San Diego,San Diego Unified,America's Finest Charter,spa,Spanish; Castilian,127
37683380136663,San Diego,San Diego Unified,America's Finest Charter,amh,Amharic,1
37683380136663,San Diego,San Diego Unified,America's Finest Charter,hat,Haitian; Haitian Creole,10
37683380140319,San Diego,San Diego Unified,Logan Memorial Educational Campus,mis,Uncoded languages (Other non-English languages),6
37683380140319,San Diego,San Diego Unified,Logan Memorial Educational Campus,cpf,"Creoles and pidgins, French-based",1
37683380140319,San Diego,San Diego Unified,Logan Memorial Educational Campus,spa,Spanish; Castilian,533
37683380140319,San Diego,San Diego Unified,Logan Memorial Educational Campus,fre,French,1
37683380140319,San Diego,San Diego Unified,Logan Memorial Educational Campus,hat,Haitian; Haitian Creole,2
37683380140384,San Diego,San Diego Unified,Mountain View,spa,Spanish; Castilian,61
37683380140384,San Diego,San Diego Unified,Mountain View,lao,Lao,1
37683380140384,San Diego,San Diego Unified,Mountain View,ukr,Ukrainian,1
37683380140384,San Diego,San Diego Unified,Mountain View,cpf,"Creoles and pidgins, French-based",3
37683380141317,San Diego,San Diego Unified,Nipaquay Elementary,por,Portuguese,3
37683380141317,San Diego,San Diego Unified,Nipaquay Elementary,ukr,Ukrainian,3
37683380141317,San Diego,San Diego Unified,Nipaquay Elementary,amh,Amharic,1
37683380141317,San Diego,San Diego Unified,Nipaquay Elementary,per,Persian (Farsi),12
37683380141317,San Diego,San Diego Unified,Nipaquay Elementary,ara,Arabic,4
37683380141317,San Diego,San Diego Unified,Nipaquay Elementary,arm,Armenian,1
37683380141317,San Diego,San Diego Unified,Nipaquay Elementary,jpn,Japanese,4
37683380141317,San Diego,San Diego Unified,Nipaquay Elementary,kor,Korean,1
37683380141317,San Diego,San Diego Unified,Nipaquay Elementary,pus,Pushto; Pashto,3
37683380141317,San Diego,San Diego Unified,Nipaquay Elementary,rus,Russian,12
37683380141317,San Diego,San Diego Unified,Nipaquay Elementary,spa,Spanish; Castilian,31
37683380141317,San Diego,San Diego Unified,Nipaquay Elementary,vie,Vietnamese,1
37683383730116,San Diego,San Diego Unified,John Muir Language Academy,tha,Thai,1
37683383730116,San Diego,San Diego Unified,John Muir Language Academy,spa,Spanish; Castilian,30
37683383730116,San Diego,San Diego Unified,John Muir Language Academy,tur,Turkish,1
37683383730116,San Diego,San Diego Unified,John Muir Language Academy,rus,Russian,1
37683383730173,San Diego,San Diego Unified,Canyon Hills High,hmn,Hmong; Mong,1
37683383730173,San Diego,San Diego Unified,Canyon Hills High,spa,Spanish; Castilian,24
37683383730173,San Diego,San Diego Unified,Canyon Hills High,vie,Vietnamese,1
37683383730173,San Diego,San Diego Unified,Canyon Hills High,por,Portuguese,1
37683383730173,San Diego,San Diego Unified,Canyon Hills High,per,Persian (Farsi),1
37683383730173,San Diego,San Diego Unified,Canyon Hills High,ita,Italian,1
37683383730173,San Diego,San Diego Unified,Canyon Hills High,tir,Tigrinya,1
37683383730173,San Diego,San Diego Unified,Canyon Hills High,lin,Lingala,1
37683383730173,San Diego,San Diego Unified,Canyon Hills High,phi,Philippine languages,2
37683383730181,San Diego,San Diego Unified,Mira Mesa High,guj,Gujarati,1
37683383730181,San Diego,San Diego Unified,Mira Mesa High,spa,Spanish; Castilian,60
37683383730181,San Diego,San Diego Unified,Mira Mesa High,urd,Urdu,1
37683383730181,San Diego,San Diego Unified,Mira Mesa High,uzb,Uzbek,1
37683383730181,San Diego,San Diego Unified,Mira Mesa High,bur,Burmese,1
37683383730181,San Diego,San Diego Unified,Mira Mesa High,ara,Arabic,1
37683383730181,San Diego,San Diego Unified,Mira Mesa High,per,Persian (Farsi),9
37683383730181,San Diego,San Diego Unified,Mira Mesa High,jpn,Japanese,2
37683383730181,San Diego,San Diego Unified,Mira Mesa High,mis,Uncoded languages (Other non-English languages),7
37683383730181,San Diego,San Diego Unified,Mira Mesa High,pus,Pushto; Pashto,3
37683383730181,San Diego,San Diego Unified,Mira Mesa High,ben,Bengali,1
37683383730181,San Diego,San Diego Unified,Mira Mesa High,lao,Lao,1
37683383730181,San Diego,San Diego Unified,Mira Mesa High,kaz,Kazakh,1
37683383730181,San Diego,San Diego Unified,Mira Mesa High,cmn,"Mandarin Chinese (Putonghua, Guoyu)",5
37683383730181,San Diego,San Diego Unified,Mira Mesa High,phi,Philippine languages,12
37683383730181,San Diego,San Diego Unified,Mira Mesa High,vie,Vietnamese,13
37683383730181,San Diego,San Diego Unified,Mira Mesa High,ukr,Ukrainian,2
37683383730181,San Diego,San Diego Unified,Mira Mesa High,chi,Chinese (Other Chinese languages),2
37683383730181,San Diego,San Diego Unified,Mira Mesa High,fil,Filipino; Pilipino,1
37683383730181,San Diego,San Diego Unified,Mira Mesa High,rus,Russian,4
37683383730181,San Diego,San Diego Unified,Mira Mesa High,tgl,Tagalog,3
37683383730231,San Diego,San Diego Unified,Twain High,spa,Spanish; Castilian,39
37683383730231,San Diego,San Diego Unified,Twain High,per,Persian (Farsi),2
37683383730231,San Diego,San Diego Unified,Twain High,ukr,Ukrainian,1
37683383730231,San Diego,San Diego Unified,Twain High,mis,Uncoded languages (Other non-English languages),6
37683383730314,San Diego,San Diego Unified,University City High,jpn,Japanese,2
37683383730314,San Diego,San Diego Unified,University City High,mis,Uncoded languages (Other non-English languages),1
37683383730314,San Diego,San Diego Unified,University City High,ukr,Ukrainian,5
37683383730314,San Diego,San Diego Unified,University City High,arm,Armenian,1
37683383730314,San Diego,San Diego Unified,University City High,per,Persian (Farsi),1
37683383730314,San Diego,San Diego Unified,University City High,rus,Russian,6
37683383730314,San Diego,San Diego Unified,University City High,chi,Chinese (Other Chinese languages),1
37683383730314,San Diego,San Diego Unified,University City High,spa,Spanish; Castilian,39
37683383730314,San Diego,San Diego Unified,University City High,cmn,"Mandarin Chinese (Putonghua, Guoyu)",3
37683383730314,San Diego,San Diego Unified,University City High,som,Somali,1
37683383730363,San Diego,San Diego Unified,Whittier K-12,phi,Philippine languages,1
37683383730363,San Diego,San Diego Unified,Whittier K-12,som,Somali,2
37683383730363,San Diego,San Diego Unified,Whittier K-12,rus,Russian,2
37683383730363,San Diego,San Diego Unified,Whittier K-12,spa,Spanish; Castilian,10
37683383730363,San Diego,San Diego Unified,Whittier K-12,per,Persian (Farsi),1
37683383730363,San Diego,San Diego Unified,Whittier K-12,vie,Vietnamese,2
37683383730371,San Diego,San Diego Unified,San Diego SCPA,spa,Spanish; Castilian,30
37683383730371,San Diego,San Diego Unified,San Diego SCPA,phi,Philippine languages,4
37683383730884,San Diego,San Diego Unified,Scripps Ranch High,per,Persian (Farsi),2
37683383730884,San Diego,San Diego Unified,Scripps Ranch High,cmn,"Mandarin Chinese (Putonghua, Guoyu)",2
37683383730884,San Diego,San Diego Unified,Scripps Ranch High,vie,Vietnamese,3
37683383730884,San Diego,San Diego Unified,Scripps Ranch High,pus,Pushto; Pashto,2
37683383730884,San Diego,San Diego Unified,Scripps Ranch High,hin,Hindi,1
37683383730884,San Diego,San Diego Unified,Scripps Ranch High,urd,Urdu,1
37683383730884,San Diego,San Diego Unified,Scripps Ranch High,rus,Russian,2
37683383730884,San Diego,San Diego Unified,Scripps Ranch High,tgl,Tagalog,1
37683383730884,San Diego,San Diego Unified,Scripps Ranch High,ara,Arabic,1
37683383730884,San Diego,San Diego Unified,Scripps Ranch High,kor,Korean,3
37683383730884,San Diego,San Diego Unified,Scripps Ranch High,spa,Spanish; Castilian,5
37683383730884,San Diego,San Diego Unified,Scripps Ranch High,fre,French,1
37683383730959,San Diego,San Diego Unified,Altus Schools Charter School of San Diego,spa,Spanish; Castilian,175
37683383730959,San Diego,San Diego Unified,Altus Schools Charter School of San Diego,cmn,"Mandarin Chinese (Putonghua, Guoyu)",1
37683383730959,San Diego,San Diego Unified,Altus Schools Charter School of San Diego,som,Somali,9
37683383730959,San Diego,San Diego Unified,Altus Schools Charter School of San Diego,und,Undetermined,1
37683383730959,San Diego,San Diego Unified,Altus Schools Charter School of San Diego,ara,Arabic,7
37683383730959,San Diego,San Diego Unified,Altus Schools Charter School of San Diego,mis,Uncoded languages (Other non-English languages),2
37683383730959,San Diego,San Diego Unified,Altus Schools Charter School of San Diego,tur,Turkish,1
37683383731056,San Diego,San Diego Unified,TRACE,phi,Philippine languages,1
37683383731056,San Diego,San Diego Unified,TRACE,hat,Haitian; Haitian Creole,1
37683383731056,San Diego,San Diego Unified,TRACE,mis,Uncoded languages (Other non-English languages),1
37683383731056,San Diego,San Diego Unified,TRACE,spa,Spanish; Castilian,53
37683383731056,San Diego,San Diego Unified,TRACE,ara,Arabic,1
37683383731056,San Diego,San Diego Unified,TRACE,vie,Vietnamese,3
37683383731130,San Diego,San Diego Unified,ALBA,spa,Spanish; Castilian,4
37683383731189,San Diego,San Diego Unified,Preuss School UCSD,spa,Spanish; Castilian,61
37683383731189,San Diego,San Diego Unified,Preuss School UCSD,por,Portuguese,1
37683383731189,San Diego,San Diego Unified,Preuss School UCSD,amh,Amharic,5
37683383731189,San Diego,San Diego Unified,Preuss School UCSD,per,Persian (Farsi),3
37683383731189,San Diego,San Diego Unified,Preuss School UCSD,vie,Vietnamese,8
37683383731189,San Diego,San Diego Unified,Preuss School UCSD,ara,Arabic,3
37683383731189,San Diego,San Diego Unified,Preuss School UCSD,arm,Armenian,1
37683383731189,San Diego,San Diego Unified,Preuss School UCSD,mis,Uncoded languages (Other non-English languages),6
37683383731213,San Diego,San Diego Unified,Clairemont High,kur,Kurdish,1
37683383731213,San Diego,San Diego Unified,Clairemont High,per,Persian (Farsi),2
37683383731213,San Diego,San Diego Unified,Clairemont High,vie,Vietnamese,2
37683383731213,San Diego,San Diego Unified,Clairemont High,spa,Spanish; Castilian,47
37683383731213,San Diego,San Diego Unified,Clairemont High,rus,Russian,1
37683383731213,San Diego,San Diego Unified,Clairemont High,tur,Turkish,1
37683383731247,San Diego,San Diego Unified,High Tech High,spa,Spanish; Castilian,11
37683383731395,San Diego,San Diego Unified,Altus Schools Audeo,som,Somali,1
37683383731395,San Diego,San Diego Unified,Altus Schools Audeo,amh,Amharic,1
37683383731395,San Diego,San Diego Unified,Altus Schools Audeo,rus,Russian,2
37683383731395,San Diego,San Diego Unified,Altus Schools Audeo,pus,Pushto; Pashto,1
37683383731395,San Diego,San Diego Unified,Altus Schools Audeo,phi,Philippine languages,2
37683383731395,San Diego,San Diego Unified,Altus Schools Audeo,spa,Spanish; Castilian,17
37683383731551,San Diego,San Diego Unified,Creative Performing and Media Arts,fre,French,1
37683383731551,San Diego,San Diego Unified,Creative Performing and Media Arts,lao,Lao,1
37683383731551,San Diego,San Diego Unified,Creative Performing and Media Arts,mis,Uncoded languages (Other non-English languages),1
37683383731551,San Diego,San Diego Unified,Creative Performing and Media Arts,spa,Spanish; Castilian,43
37683383731551,San Diego,San Diego Unified,Creative Performing and Media Arts,vie,Vietnamese,2
37683383731551,San Diego,San Diego Unified,Creative Performing and Media Arts,jpn,Japanese,1
37683383731551,San Diego,San Diego Unified,Creative Performing and Media Arts,cmn,"Mandarin Chinese (Putonghua, Guoyu)",1
37683383731551,San Diego,San Diego Unified,Creative Performing and Media Arts,rus,Russian,1
37683383732781,San Diego,San Diego Unified,Henry High,ara,Arabic,2
37683383732781,San Diego,San Diego Unified,Henry High,tir,Tigrinya,1
37683383732781,San Diego,San Diego Unified,Henry High,khm,"Khmer, Central Khmer",1
37683383732781,San Diego,San Diego Unified,Henry High,spa,Spanish; Castilian,26
37683383732781,San Diego,San Diego Unified,Henry High,ilo,Iloko (Ilocano),1
37683383732781,San Diego,San Diego Unified,Henry High,jpn,Japanese,1
37683383732781,San Diego,San Diego Unified,Henry High,per,Persian (Farsi),2
37683383732781,San Diego,San Diego Unified,Henry High,pus,Pushto; Pashto,2
37683383732781,San Diego,San Diego Unified,Henry High,tgl,Tagalog,1
37683383732781,San Diego,San Diego Unified,Henry High,amh,Amharic,1
37683383732781,San Diego,San Diego Unified,Henry High,hat,Haitian; Haitian Creole,1
37683383732781,San Diego,San Diego Unified,Henry High,rus,Russian,7
37683383732781,San Diego,San Diego Unified,Henry High,tha,Thai,1
37683383732781,San Diego,San Diego Unified,Henry High,vie,Vietnamese,3
37683383732781,San Diego,San Diego Unified,Henry High,cmn,"Mandarin Chinese (Putonghua, Guoyu)",2
37683383732781,San Diego,San Diego Unified,Henry High,fre,French,1
37683383732781,San Diego,San Diego Unified,Henry High,mis,Uncoded languages (Other non-English languages),3
37683383732781,San Diego,San Diego Unified,Henry High,por,Portuguese,4
37683383732781,San Diego,San Diego Unified,Henry High,nor,Norwegian,1
37683383732997,San Diego,San Diego Unified,Hoover High,ara,Arabic,5
37683383732997,San Diego,San Diego Unified,Hoover High,mkh,Mon-Khmer languages,1
37683383732997,San Diego,San Diego Unified,Hoover High,vie,Vietnamese,21
37683383732997,San Diego,San Diego Unified,Hoover High,hat,Haitian; Haitian Creole,29
37683383732997,San Diego,San Diego Unified,Hoover High,swa,Swahili,5
37683383732997,San Diego,San Diego Unified,Hoover High,khm,"Khmer, Central Khmer",2
37683383732997,San Diego,San Diego Unified,Hoover High,yue,Yue Chinese (Cantonese),1
37683383732997,San Diego,San Diego Unified,Hoover High,pus,Pushto; Pashto,2
37683383732997,San Diego,San Diego Unified,Hoover High,smo,Samoan,1
37683383732997,San Diego,San Diego Unified,Hoover High,mah,Marshallese,1
37683383732997,San Diego,San Diego Unified,Hoover High,phi,Philippine languages,4
37683383732997,San Diego,San Diego Unified,Hoover High,spa,Spanish; Castilian,271
37683383732997,San Diego,San Diego Unified,Hoover High,bur,Burmese,1
37683383732997,San Diego,San Diego Unified,Hoover High,mis,Uncoded languages (Other non-English languages),17
37683383732997,San Diego,San Diego Unified,Hoover High,fre,French,2
37683383732997,San Diego,San Diego Unified,Hoover High,por,Portuguese,3
37683383732997,San Diego,San Diego Unified,Hoover High,som,Somali,1
37683383732997,San Diego,San Diego Unified,Hoover High,cpf,"Creoles and pidgins, French-based",27
37683383732997,San Diego,San Diego Unified,Hoover High,amh,Amharic,3
37683383732997,San Diego,San Diego Unified,Hoover High,jpr,Judeo-Persian,1
37683383732997,San Diego,San Diego Unified,Hoover High,per,Persian (Farsi),11
37683383733508,San Diego,San Diego Unified,La Jolla High,fre,French,1
37683383733508,San Diego,San Diego Unified,La Jolla High,per,Persian (Farsi),1
37683383733508,San Diego,San Diego Unified,La Jolla High,ara,Arabic,1
37683383733508,San Diego,San Diego Unified,La Jolla High,cmn,"Mandarin Chinese (Putonghua, Guoyu)",2
37683383733508,San Diego,San Diego Unified,La Jolla High,spa,Spanish; Castilian,13
37683383733698,San Diego,San Diego Unified,Madison High,phi,Philippine languages,2
37683383733698,San Diego,San Diego Unified,Madison High,pus,Pushto; Pashto,1
37683383733698,San Diego,San Diego Unified,Madison High,spa,Spanish; Castilian,43
37683383733698,San Diego,San Diego Unified,Madison High,som,Somali,1
37683383733698,San Diego,San Diego Unified,Madison High,cmn,"Mandarin Chinese (Putonghua, Guoyu)",1
37683383733698,San Diego,San Diego Unified,Madison High,vie,Vietnamese,2
37683383733698,San Diego,San Diego Unified,Madison High,ara,Arabic,2
37683383733698,San Diego,San Diego Unified,Madison High,jpn,Japanese,1
37683383734431,San Diego,San Diego Unified,Mission Bay High,por,Portuguese,1
37683383734431,San Diego,San Diego Unified,Mission Bay High,rus,Russian,1
37683383734431,San Diego,San Diego Unified,Mission Bay High,ilo,Iloko (Ilocano),1
37683383734431,San Diego,San Diego Unified,Mission Bay High,per,Persian (Farsi),1
37683383734431,San Diego,San Diego Unified,Mission Bay High,cmn,"Mandarin Chinese (Putonghua, Guoyu)",4
37683383734431,San Diego,San Diego Unified,Mission Bay High,spa,Spanish; Castilian,26
37683383734654,San Diego,San Diego Unified,Morse High,cld,Chaldean Neo-Aramaic (Chaldean),1
37683383734654,San Diego,San Diego Unified,Morse High,lao,Lao,2
37683383734654,San Diego,San Diego Unified,Morse High,por,Portuguese,1
37683383734654,San Diego,San Diego Unified,Morse High,tgl,Tagalog,4
37683383734654,San Diego,San Diego Unified,Morse High,cmn,"Mandarin Chinese (Putonghua, Guoyu)",1
37683383734654,San Diego,San Diego Unified,Morse High,fil,Filipino; Pilipino,1
37683383734654,San Diego,San Diego Unified,Morse High,hat,Haitian; Haitian Creole,2
37683383734654,San Diego,San Diego Unified,Morse High,spa,Spanish; Castilian,103
37683383734654,San Diego,San Diego Unified,Morse High,jpn,Japanese,1
37683383734654,San Diego,San Diego Unified,Morse High,phi,Philippine languages,21
37683383734654,San Diego,San Diego Unified,Morse High,mis,Uncoded languages (Other non-English languages),1
37683383735750,San Diego,San Diego Unified,Point Loma High,mis,Uncoded languages (Other non-English languages),1
37683383735750,San Diego,San Diego Unified,Point Loma High,jpn,Japanese,2
37683383735750,San Diego,San Diego Unified,Point Loma High,spa,Spanish; Castilian,34
37683383735750,San Diego,San Diego Unified,Point Loma High,ukr,Ukrainian,1
37683383735750,San Diego,San Diego Unified,Point Loma High,per,Persian (Farsi),1
37683383735750,San Diego,San Diego Unified,Point Loma High,rus,Russian,1
37683383735750,San Diego,San Diego Unified,Point Loma High,por,Portuguese,1
37683383737962,San Diego,San Diego Unified,Garfield High,spa,Spanish; Castilian,42
37683386039101,San Diego,San Diego Unified,Adams Elementary,cpf,"Creoles and pidgins, French-based",2
37683386039101,San Diego,San Diego Unified,Adams Elementary,spa,Spanish; Castilian,55
37683386039119,San Diego,San Diego Unified,Alcott Elementary,vie,Vietnamese,1
37683386039119,San Diego,San Diego Unified,Alcott Elementary,spa,Spanish; Castilian,21
37683386039119,San Diego,San Diego Unified,Alcott Elementary,por,Portuguese,2
37683386039119,San Diego,San Diego Unified,Alcott Elementary,rus,Russian,1
37683386039119,San Diego,San Diego Unified,Alcott Elementary,ara,Arabic,1
37683386039119,San Diego,San Diego Unified,Alcott Elementary,jpn,Japanese,2
37683386039135,San Diego,San Diego Unified,Angier Elementary,phi,Philippine languages,1
37683386039135,San Diego,San Diego Unified,Angier Elementary,pus,Pushto; Pashto,2
37683386039135,San Diego,San Diego Unified,Angier Elementary,mis,Uncoded languages (Other non-English languages),1
37683386039135,San Diego,San Diego Unified,Angier Elementary,cmn,"Mandarin Chinese (Putonghua, Guoyu)",1
37683386039135,San Diego,San Diego Unified,Angier Elementary,per,Persian (Farsi),2
37683386039135,San Diego,San Diego Unified,Angier Elementary,spa,Spanish; Castilian,10
37683386039143,San Diego,San Diego Unified,Audubon K-8,phi,Philippine languages,2
37683386039143,San Diego,San Diego Unified,Audubon K-8,som,Somali,2
37683386039143,San Diego,San Diego Unified,Audubon K-8,mis,Uncoded languages (Other non-English languages),1
37683386039143,San Diego,San Diego Unified,Audubon K-8,spa,Spanish; Castilian,134
37683386039143,San Diego,San Diego Unified,Audubon K-8,hat,Haitian; Haitian Creole,1
37683386039143,San Diego,San Diego Unified,Audubon K-8,ara,Arabic,1
37683386039143,San Diego,San Diego Unified,Audubon K-8,mkh,Mon-Khmer languages,1
37683386039150,San Diego,San Diego Unified,Baker Elementary,hmn,Hmong; Mong,1
37683386039150,San Diego,San Diego Unified,Baker Elementary,cpf,"Creoles and pidgins, French-based",1
37683386039150,San Diego,San Diego Unified,Baker Elementary,som,Somali,2
37683386039150,San Diego,San Diego Unified,Baker Elementary,spa,Spanish; Castilian,132
37683386039150,San Diego,San Diego Unified,Baker Elementary,hat,Haitian; Haitian Creole,3
37683386039168,San Diego,San Diego Unified,Balboa Elementary,cpf,"Creoles and pidgins, French-based",3
37683386039168,San Diego,San Diego Unified,Balboa Elementary,per,Persian (Farsi),2
37683386039168,San Diego,San Diego Unified,Balboa Elementary,tgl,Tagalog,1
37683386039168,San Diego,San Diego Unified,Balboa Elementary,por,Portuguese,2
37683386039168,San Diego,San Diego Unified,Balboa Elementary,mis,Uncoded languages (Other non-English languages),5
37683386039168,San Diego,San Diego Unified,Balboa Elementary,uzb,Uzbek,3
37683386039168,San Diego,San Diego Unified,Balboa Elementary,pus,Pushto; Pashto,4
37683386039168,San Diego,San Diego Unified,Balboa Elementary,hat,Haitian; Haitian Creole,5
37683386039168,San Diego,San Diego Unified,Balboa Elementary,ara,Arabic,1
37683386039168,San Diego,San Diego Unified,Balboa Elementary,spa,Spanish; Castilian,180
37683386039184,San Diego,San Diego Unified,Barnard Elementary,cmn,"Mandarin Chinese (Putonghua, Guoyu)",30
37683386039184,San Diego,San Diego Unified,Barnard Elementary,spa,Spanish; Castilian,17
37683386039184,San Diego,San Diego Unified,Barnard Elementary,yue,Yue Chinese (Cantonese),8
37683386039184,San Diego,San Diego Unified,Barnard Elementary,tha,Thai,7
37683386039184,San Diego,San Diego Unified,Barnard Elementary,rus,Russian,3
37683386039184,San Diego,San Diego Unified,Barnard Elementary,jpn,Japanese,2
37683386039184,San Diego,San Diego Unified,Barnard Elementary,mis,Uncoded languages (Other non-English languages),1
37683386039184,San Diego,San Diego Unified,Barnard Elementary,vie,Vietnamese,1
37683386039200,San Diego,San Diego Unified,Bay Park Elementary,cmn,"Mandarin Chinese (Putonghua, Guoyu)",1
37683386039200,San Diego,San Diego Unified,Bay Park Elementary,spa,Spanish; Castilian,10
37683386039200,San Diego,San Diego Unified,Bay Park Elementary,ara,Arabic,1
37683386039200,San Diego,San Diego Unified,Bay Park Elementary,kur,Kurdish,1
37683386039200,San Diego,San Diego Unified,Bay Park Elementary,por,Portuguese,3
37683386039200,San Diego,San Diego Unified,Bay Park Elementary,vie,Vietnamese,1
37683386039200,San Diego,San Diego Unified,Bay Park Elementary,per,Persian (Farsi),1
37683386039242,San Diego,San Diego Unified,Bird Rock Elementary,cmn,"Mandarin Chinese (Putonghua, Guoyu)",2
37683386039242,San Diego,San Diego Unified,Bird Rock Elementary,ara,Arabic,1
37683386039242,San Diego,San Diego Unified,Bird Rock Elementary,por,Portuguese,2
37683386039242,San Diego,San Diego Unified,Bird Rock Elementary,spa,Spanish; Castilian,7
37683386039242,San Diego,San Diego Unified,Bird Rock Elementary,tha,Thai,1
37683386039242,San Diego,San Diego Unified,Bird Rock Elementary,jpn,Japanese,1
37683386039242,San Diego,San Diego Unified,Bird Rock Elementary,fre,French,1
37683386039259,San Diego,San Diego Unified,Birney Elementary,spa,Spanish; Castilian,23
37683386039259,San Diego,San Diego Unified,Birney Elementary,khm,"Khmer, Central Khmer",1
37683386039259,San Diego,San Diego Unified,Birney Elementary,lao,Lao,1
37683386039259,San Diego,San Diego Unified,Birney Elementary,ita,Italian,1
37683386039259,San Diego,San Diego Unified,Birney Elementary,amh,Amharic,8
37683386039259,San Diego,San Diego Unified,Birney Elementary,ara,Arabic,1
37683386039259,San Diego,San Diego Unified,Birney Elementary,tgl,Tagalog,1
37683386039259,San Diego,San Diego Unified,Birney Elementary,tha,Thai,1
37683386039259,San Diego,San Diego Unified,Birney Elementary,kor,Korean,1
37683386039259,San Diego,San Diego Unified,Birney Elementary,pan,Panjabi; Punjabi,2
37683386039259,San Diego,San Diego Unified,Birney Elementary,ukr,Ukrainian,1
37683386039259,San Diego,San Diego Unified,Birney Elementary,yue,Yue Chinese (Cantonese),2
37683386039267,San Diego,San Diego Unified,Boone Elementary,spa,Spanish; Castilian,53
37683386039267,San Diego,San Diego Unified,Boone Elementary,cpf,"Creoles and pidgins, French-based",1
37683386039267,San Diego,San Diego Unified,Boone Elementary,phi,Philippine languages,7
37683386039267,San Diego,San Diego Unified,Boone Elementary,ara,Arabic,1
37683386039267,San Diego,San Diego Unified,Boone Elementary,khm,"Khmer, Central Khmer",1
37683386039267,San Diego,San Diego Unified,Boone Elementary,cmn,"Mandarin Chinese (Putonghua, Guoyu)",1
37683386039267,San Diego,San Diego Unified,Boone Elementary,ilo,Iloko (Ilocano),1
37683386039267,San Diego,San Diego Unified,Boone Elementary,som,Somali,1
37683386039267,San Diego,San Diego Unified,Boone Elementary,tgl,Tagalog,1
37683386039267,San Diego,San Diego Unified,Boone Elementary,cld,Chaldean Neo-Aramaic (Chaldean),2
37683386039283,San Diego,San Diego Unified,Burbank Elementary,fre,French,2
37683386039283,San Diego,San Diego Unified,Burbank Elementary,spa,Spanish; Castilian,160
37683386039283,San Diego,San Diego Unified,Burbank Elementary,cpf,"Creoles and pidgins, French-based",1
37683386039291,San Diego,San Diego Unified,Cabrillo Elementary,jpn,Japanese,1
37683386039291,San Diego,San Diego Unified,Cabrillo Elementary,tur,Turkish,1
37683386039291,San Diego,San Diego Unified,Cabrillo Elementary,spa,Spanish; Castilian,18
37683386039291,San Diego,San Diego Unified,Cabrillo Elementary,por,Portuguese,2
37683386039291,San Diego,San Diego Unified,Cabrillo Elementary,per,Persian (Farsi),1
37683386039309,San Diego,San Diego Unified,Cadman Elementary,yue,Yue Chinese (Cantonese),1
37683386039309,San Diego,San Diego Unified,Cadman Elementary,spa,Spanish; Castilian,10
37683386039309,San Diego,San Diego Unified,Cadman Elementary,hat,Haitian; Haitian Creole,1
37683386039309,San Diego,San Diego Unified,Cadman Elementary,vie,Vietnamese,1
37683386039309,San Diego,San Diego Unified,Cadman Elementary,ukr,Ukrainian,1
37683386039341,San Diego,San Diego Unified,Carson Elementary,ara,Arabic,1
37683386039341,San Diego,San Diego Unified,Carson Elementary,hmn,Hmong; Mong,2
37683386039341,San Diego,San Diego Unified,Carson Elementary,vie,Vietnamese,4
37683386039341,San Diego,San Diego Unified,Carson Elementary,mis,Uncoded languages (Other non-English languages),1
37683386039341,San Diego,San Diego Unified,Carson Elementary,phi,Philippine languages,2
37683386039341,San Diego,San Diego Unified,Carson Elementary,spa,Spanish; Castilian,109
37683386039341,San Diego,San Diego Unified,Carson Elementary,lao,Lao,1
37683386039341,San Diego,San Diego Unified,Carson Elementary,oto,Otomian languages (Mixteco),1
37683386039341,San Diego,San Diego Unified,Carson Elementary,sin,Sinhala; Sinhalese,1
37683386039341,San Diego,San Diego Unified,Carson Elementary,bos,Bosnian,1
37683386039341,San Diego,San Diego Unified,Carson Elementary,por,Portuguese,1
37683386039341,San Diego,San Diego Unified,Carson Elementary,uzb,Uzbek,1
37683386039341,San Diego,San Diego Unified,Carson Elementary,rus,Russian,1
37683386039358,San Diego,San Diego Unified,Carver Elementary,crp,Creoles and pidgins,1
37683386039358,San Diego,San Diego Unified,Carver Elementary,pus,Pushto; Pashto,2
37683386039358,San Diego,San Diego Unified,Carver Elementary,spa,Spanish; Castilian,39
37683386039358,San Diego,San Diego Unified,Carver Elementary,cpf,"Creoles and pidgins, French-based",12
37683386039358,San Diego,San Diego Unified,Carver Elementary,hat,Haitian; Haitian Creole,6
37683386039358,San Diego,San Diego Unified,Carver Elementary,mis,Uncoded languages (Other non-English languages),1
37683386039358,San Diego,San Diego Unified,Carver Elementary,por,Portuguese,1
37683386039358,San Diego,San Diego Unified,Carver Elementary,tir,Tigrinya,2
37683386039358,San Diego,San Diego Unified,Carver Elementary,vie,Vietnamese,3
37683386039366,San Diego,San Diego Unified,Central Elementary,ara,Arabic,8
37683386039366,San Diego,San Diego Unified,Central Elementary,amh,Amharic,2
37683386039366,San Diego,San Diego Unified,Central Elementary,cpf,"Creoles and pidgins, French-based",4
37683386039366,San Diego,San Diego Unified,Central Elementary,kin,Kinyarwanda,1
37683386039366,San Diego,San Diego Unified,Central Elementary,swa,Swahili,3
37683386039366,San Diego,San Diego Unified,Central Elementary,som,Somali,1
37683386039366,San Diego,San Diego Unified,Central Elementary,khm,"Khmer, Central Khmer",1
37683386039366,San Diego,San Diego Unified,Central Elementary,spa,Spanish; Castilian,204
37683386039366,San Diego,San Diego Unified,Central Elementary,hat,Haitian; Haitian Creole,19
37683386039366,San Diego,San Diego Unified,Central Elementary,mis,Uncoded languages (Other non-English languages),6
37683386039366,San Diego,San Diego Unified,Central Elementary,pus,Pushto; Pashto,2
37683386039366,San Diego,San Diego Unified,Central Elementary,bur,Burmese,2
37683386039366,San Diego,San Diego Unified,Central Elementary,per,Persian (Farsi),3
37683386039366,San Diego,San Diego Unified,Central Elementary,vie,Vietnamese,20
37683386039366,San Diego,San Diego Unified,Central Elementary,por,Portuguese,6
37683386039366,San Diego,San Diego Unified,Central Elementary,yue,Yue Chinese (Cantonese),1
37683386039374,San Diego,San Diego Unified,Chesterton Elementary,jpn,Japanese,3
37683386039374,San Diego,San Diego Unified,Chesterton Elementary,orm,Oromo,1
37683386039374,San Diego,San Diego Unified,Chesterton Elementary,phi,Philippine languages,2
37683386039374,San Diego,San Diego Unified,Chesterton Elementary,vie,Vietnamese,16
37683386039374,San Diego,San Diego Unified,Chesterton Elementary,spa,Spanish; Castilian,20
37683386039374,San Diego,San Diego Unified,Chesterton Elementary,som,Somali,1
37683386039374,San Diego,San Diego Unified,Chesterton Elementary,hin,Hindi,1
37683386039382,San Diego,San Diego Unified,Chollas/Mead Elementary,ara,Arabic,3
37683386039382,San Diego,San Diego Unified,Chollas/Mead Elementary,spa,Spanish; Castilian,158
37683386039382,San Diego,San Diego Unified,Chollas/Mead Elementary,khm,"Khmer, Central Khmer",2
37683386039382,San Diego,San Diego Unified,Chollas/Mead Elementary,kin,Kinyarwanda,2
37683386039382,San Diego,San Diego Unified,Chollas/Mead Elementary,lao,Lao,1
37683386039382,San Diego,San Diego Unified,Chollas/Mead Elementary,tir,Tigrinya,2
37683386039382,San Diego,San Diego Unified,Chollas/Mead Elementary,cpf,"Creoles and pidgins, French-based",5
37683386039382,San Diego,San Diego Unified,Chollas/Mead Elementary,smo,Samoan,1
37683386039382,San Diego,San Diego Unified,Chollas/Mead Elementary,swa,Swahili,2
37683386039382,San Diego,San Diego Unified,Chollas/Mead Elementary,por,Portuguese,1
37683386039382,San Diego,San Diego Unified,Chollas/Mead Elementary,mis,Uncoded languages (Other non-English languages),3
37683386039382,San Diego,San Diego Unified,Chollas/Mead Elementary,fre,French,1
37683386039382,San Diego,San Diego Unified,Chollas/Mead Elementary,hat,Haitian; Haitian Creole,1
37683386039382,San Diego,San Diego Unified,Chollas/Mead Elementary,mkh,Mon-Khmer languages,1
37683386039382,San Diego,San Diego Unified,Chollas/Mead Elementary,som,Somali,3
37683386039390,San Diego,San Diego Unified,Pendleton Elementary,por,Portuguese,4
37683386039390,San Diego,San Diego Unified,Pendleton Elementary,mis,Uncoded languages (Other non-English languages),4
37683386039390,San Diego,San Diego Unified,Pendleton Elementary,pus,Pushto; Pashto,5
37683386039390,San Diego,San Diego Unified,Pendleton Elementary,vie,Vietnamese,4
37683386039390,San Diego,San Diego Unified,Pendleton Elementary,ara,Arabic,3
37683386039390,San Diego,San Diego Unified,Pendleton Elementary,per,Persian (Farsi),1
37683386039390,San Diego,San Diego Unified,Pendleton Elementary,cpf,"Creoles and pidgins, French-based",15
37683386039390,San Diego,San Diego Unified,Pendleton Elementary,crp,Creoles and pidgins,1
37683386039390,San Diego,San Diego Unified,Pendleton Elementary,spa,Spanish; Castilian,48
37683386039390,San Diego,San Diego Unified,Pendleton Elementary,tha,Thai,1
37683386039390,San Diego,San Diego Unified,Pendleton Elementary,hat,Haitian; Haitian Creole,19
37683386039424,San Diego,San Diego Unified,Crown Point Elementary,jpn,Japanese,1
37683386039424,San Diego,San Diego Unified,Crown Point Elementary,rus,Russian,1
37683386039424,San Diego,San Diego Unified,Crown Point Elementary,amh,Amharic,6
37683386039424,San Diego,San Diego Unified,Crown Point Elementary,spa,Spanish; Castilian,17
37683386039424,San Diego,San Diego Unified,Crown Point Elementary,tur,Turkish,1
37683386039424,San Diego,San Diego Unified,Crown Point Elementary,ita,Italian,1
37683386039424,San Diego,San Diego Unified,Crown Point Elementary,por,Portuguese,5
37683386039432,San Diego,San Diego Unified,Cubberley Elementary,ara,Arabic,3
37683386039432,San Diego,San Diego Unified,Cubberley Elementary,mis,Uncoded languages (Other non-English languages),1
37683386039432,San Diego,San Diego Unified,Cubberley Elementary,spa,Spanish; Castilian,9
37683386039432,San Diego,San Diego Unified,Cubberley Elementary,pol,Polish,1
37683386039432,San Diego,San Diego Unified,Cubberley Elementary,jpn,Japanese,1
37683386039432,San Diego,San Diego Unified,Cubberley Elementary,kor,Korean,1
37683386039432,San Diego,San Diego Unified,Cubberley Elementary,cpf,"Creoles and pidgins, French-based",1
37683386039432,San Diego,San Diego Unified,Cubberley Elementary,wol,Wolof,1
37683386039440,San Diego,San Diego Unified,Curie Elementary,cmn,"Mandarin Chinese (Putonghua, Guoyu)",1
37683386039440,San Diego,San Diego Unified,Curie Elementary,rus,Russian,4
37683386039440,San Diego,San Diego Unified,Curie Elementary,spa,Spanish; Castilian,8
37683386039440,San Diego,San Diego Unified,Curie Elementary,chi,Chinese (Other Chinese languages),1
37683386039440,San Diego,San Diego Unified,Curie Elementary,kor,Korean,3
37683386039440,San Diego,San Diego Unified,Curie Elementary,mis,Uncoded languages (Other non-English languages),2
37683386039440,San Diego,San Diego Unified,Curie Elementary,ara,Arabic,1
37683386039440,San Diego,San Diego Unified,Curie Elementary,yue,Yue Chinese (Cantonese),1
37683386039440,San Diego,San Diego Unified,Curie Elementary,ita,Italian,1
37683386039440,San Diego,San Diego Unified,Curie Elementary,vie,Vietnamese,1
37683386039440,San Diego,San Diego Unified,Curie Elementary,hin,Hindi,1
37683386039440,San Diego,San Diego Unified,Curie Elementary,jpn,Japanese,3
37683386039440,San Diego,San Diego Unified,Curie Elementary,tam,Tamil,1
37683386039457,San Diego,San Diego Unified,Darnall Charter,mah,Marshallese,1
37683386039457,San Diego,San Diego Unified,Darnall Charter,vie,Vietnamese,6
37683386039457,San Diego,San Diego Unified,Darnall Charter,khm,"Khmer, Central Khmer",1
37683386039457,San Diego,San Diego Unified,Darnall Charter,mis,Uncoded languages (Other non-English languages),1
37683386039457,San Diego,San Diego Unified,Darnall Charter,hat,Haitian; Haitian Creole,7
37683386039457,San Diego,San Diego Unified,Darnall Charter,fre,French,1
37683386039457,San Diego,San Diego Unified,Darnall Charter,spa,Spanish; Castilian,169
37683386039457,San Diego,San Diego Unified,Darnall Charter,phi,Philippine languages,2
37683386039457,San Diego,San Diego Unified,Darnall Charter,per,Persian (Farsi),3
37683386039457,San Diego,San Diego Unified,Darnall Charter,som,Somali,2
37683386039457,San Diego,San Diego Unified,Darnall Charter,ara,Arabic,2
37683386039457,San Diego,San Diego Unified,Darnall Charter,fil,Filipino; Pilipino,1
37683386039457,San Diego,San Diego Unified,Darnall Charter,por,Portuguese,4
37683386039457,San Diego,San Diego Unified,Darnall Charter,lin,Lingala,2
37683386039481,San Diego,San Diego Unified,Dewey Elementary,phi,Philippine languages,1
37683386039481,San Diego,San Diego Unified,Dewey Elementary,tur,Turkish,1
37683386039481,San Diego,San Diego Unified,Dewey Elementary,cpf,"Creoles and pidgins, French-based",1
37683386039481,San Diego,San Diego Unified,Dewey Elementary,mis,Uncoded languages (Other non-English languages),1
37683386039481,San Diego,San Diego Unified,Dewey Elementary,spa,Spanish; Castilian,21
37683386039499,San Diego,San Diego Unified,Edison Elementary,hat,Haitian; Haitian Creole,2
37683386039499,San Diego,San Diego Unified,Edison Elementary,per,Persian (Farsi),1
37683386039499,San Diego,San Diego Unified,Edison Elementary,ara,Arabic,2
37683386039499,San Diego,San Diego Unified,Edison Elementary,pan,Panjabi; Punjabi,1
37683386039499,San Diego,San Diego Unified,Edison Elementary,mis,Uncoded languages (Other non-English languages),2
37683386039499,San Diego,San Diego Unified,Edison Elementary,kar,Karen languages,1
37683386039499,San Diego,San Diego Unified,Edison Elementary,spa,Spanish; Castilian,156
37683386039499,San Diego,San Diego Unified,Edison Elementary,vie,Vietnamese,4
37683386039499,San Diego,San Diego Unified,Edison Elementary,amh,Amharic,1
37683386039499,San Diego,San Diego Unified,Edison Elementary,crp,Creoles and pidgins,1
37683386039499,San Diego,San Diego Unified,Edison Elementary,por,Portuguese,3
37683386039507,San Diego,San Diego Unified,Ralph Waldo Emerson Elementary,hat,Haitian; Haitian Creole,5
37683386039507,San Diego,San Diego Unified,Ralph Waldo Emerson Elementary,afa,Afro-Asiatic languages,2
37683386039507,San Diego,San Diego Unified,Ralph Waldo Emerson Elementary,spa,Spanish; Castilian,206
37683386039507,San Diego,San Diego Unified,Ralph Waldo Emerson Elementary,swa,Swahili,3
37683386039507,San Diego,San Diego Unified,Ralph Waldo Emerson Elementary,mis,Uncoded languages (Other non-English languages),1
37683386039515,San Diego,San Diego Unified,Encanto Elementary,afa,Afro-Asiatic languages,1
37683386039515,San Diego,San Diego Unified,Encanto Elementary,khm,"Khmer, Central Khmer",1
37683386039515,San Diego,San Diego Unified,Encanto Elementary,lao,Lao,1
37683386039515,San Diego,San Diego Unified,Encanto Elementary,spa,Spanish; Castilian,131
37683386039515,San Diego,San Diego Unified,Encanto Elementary,swa,Swahili,1
37683386039515,San Diego,San Diego Unified,Encanto Elementary,phi,Philippine languages,1
37683386039515,San Diego,San Diego Unified,Encanto Elementary,cpf,"Creoles and pidgins, French-based",1
37683386039515,San Diego,San Diego Unified,Encanto Elementary,crp,Creoles and pidgins,1
37683386039515,San Diego,San Diego Unified,Encanto Elementary,ara,Arabic,2
37683386039515,San Diego,San Diego Unified,Encanto Elementary,hat,Haitian; Haitian Creole,5
37683386039523,San Diego,San Diego Unified,Euclid Elementary,ara,Arabic,8
37683386039523,San Diego,San Diego Unified,Euclid Elementary,por,Portuguese,4
37683386039523,San Diego,San Diego Unified,Euclid Elementary,kar,Karen languages,5
37683386039523,San Diego,San Diego Unified,Euclid Elementary,mkh,Mon-Khmer languages,1
37683386039523,San Diego,San Diego Unified,Euclid Elementary,per,Persian (Farsi),3
37683386039523,San Diego,San Diego Unified,Euclid Elementary,vie,Vietnamese,20
37683386039523,San Diego,San Diego Unified,Euclid Elementary,cpf,"Creoles and pidgins, French-based",42
37683386039523,San Diego,San Diego Unified,Euclid Elementary,mis,Uncoded languages (Other non-English languages),5
37683386039523,San Diego,San Diego Unified,Euclid Elementary,pus,Pushto; Pashto,2
37683386039523,San Diego,San Diego Unified,Euclid Elementary,som,Somali,3
37683386039523,San Diego,San Diego Unified,Euclid Elementary,hat,Haitian; Haitian Creole,40
37683386039523,San Diego,San Diego Unified,Euclid Elementary,khm,"Khmer, Central Khmer",2
37683386039523,San Diego,San Diego Unified,Euclid Elementary,bur,Burmese,3
37683386039523,San Diego,San Diego Unified,Euclid Elementary,swa,Swahili,20
37683386039523,San Diego,San Diego Unified,Euclid Elementary,fre,French,1
37683386039523,San Diego,San Diego Unified,Euclid Elementary,spa,Spanish; Castilian,163
37683386039556,San Diego,San Diego Unified,Field Elementary,vie,Vietnamese,1
37683386039556,San Diego,San Diego Unified,Field Elementary,kor,Korean,1
37683386039556,San Diego,San Diego Unified,Field Elementary,spa,Spanish; Castilian,60
37683386039564,San Diego,San Diego Unified,Fletcher Elementary,hat,Haitian; Haitian Creole,1
37683386039564,San Diego,San Diego Unified,Fletcher Elementary,rus,Russian,3
37683386039564,San Diego,San Diego Unified,Fletcher Elementary,jpn,Japanese,1
37683386039564,San Diego,San Diego Unified,Fletcher Elementary,spa,Spanish; Castilian,16
37683386039564,San Diego,San Diego Unified,Fletcher Elementary,tir,Tigrinya,2
37683386039572,San Diego,San Diego Unified,Florence Elementary,spa,Spanish; Castilian,19
37683386039572,San Diego,San Diego Unified,Florence Elementary,per,Persian (Farsi),2
37683386039572,San Diego,San Diego Unified,Florence Elementary,tir,Tigrinya,1
37683386039572,San Diego,San Diego Unified,Florence Elementary,mis,Uncoded languages (Other non-English languages),1
37683386039598,San Diego,San Diego Unified,Foster Elementary,amh,Amharic,2
37683386039598,San Diego,San Diego Unified,Foster Elementary,per,Persian (Farsi),12
37683386039598,San Diego,San Diego Unified,Foster Elementary,hat,Haitian; Haitian Creole,1
37683386039598,San Diego,San Diego Unified,Foster Elementary,mis,Uncoded languages (Other non-English languages),3
37683386039598,San Diego,San Diego Unified,Foster Elementary,und,Undetermined,1
37683386039598,San Diego,San Diego Unified,Foster Elementary,ara,Arabic,1
37683386039598,San Diego,San Diego Unified,Foster Elementary,kur,Kurdish,1
37683386039598,San Diego,San Diego Unified,Foster Elementary,pus,Pushto; Pashto,3
37683386039598,San Diego,San Diego Unified,Foster Elementary,tha,Thai,2
37683386039598,San Diego,San Diego Unified,Foster Elementary,por,Portuguese,11
37683386039598,San Diego,San Diego Unified,Foster Elementary,alb,Albanian,3
37683386039598,San Diego,San Diego Unified,Foster Elementary,cpf,"Creoles and pidgins, French-based",1
37683386039598,San Diego,San Diego Unified,Foster Elementary,rus,Russian,8
37683386039598,San Diego,San Diego Unified,Foster Elementary,jpn,Japanese,3
37683386039598,San Diego,San Diego Unified,Foster Elementary,vie,Vietnamese,3
37683386039598,San Diego,San Diego Unified,Foster Elementary,phi,Philippine languages,2
37683386039598,San Diego,San Diego Unified,Foster Elementary,spa,Spanish; Castilian,19
37683386039606,San Diego,San Diego Unified,Franklin Elementary,per,Persian (Farsi),5
37683386039606,San Diego,San Diego Unified,Franklin Elementary,ara,Arabic,1
37683386039606,San Diego,San Diego Unified,Franklin Elementary,amh,Amharic,4
37683386039606,San Diego,San Diego Unified,Franklin Elementary,mis,Uncoded languages (Other non-English languages),3
37683386039606,San Diego,San Diego Unified,Franklin Elementary,bur,Burmese,2
37683386039606,San Diego,San Diego Unified,Franklin Elementary,hmn,Hmong; Mong,2
37683386039606,San Diego,San Diego Unified,Franklin Elementary,som,Somali,1
37683386039606,San Diego,San Diego Unified,Franklin Elementary,pus,Pushto; Pashto,1
37683386039606,San Diego,San Diego Unified,Franklin Elementary,vie,Vietnamese,13
37683386039606,San Diego,San Diego Unified,Franklin Elementary,hat,Haitian; Haitian Creole,5
37683386039606,San Diego,San Diego Unified,Franklin Elementary,spa,Spanish; Castilian,22
37683386039606,San Diego,San Diego Unified,Franklin Elementary,srp,Serbian,1
37683386039606,San Diego,San Diego Unified,Franklin Elementary,cpf,"Creoles and pidgins, French-based",1
37683386039614,San Diego,San Diego Unified,Freese Elementary,mis,Uncoded languages (Other non-English languages),1
37683386039614,San Diego,San Diego Unified,Freese Elementary,mkh,Mon-Khmer languages,1
37683386039614,San Diego,San Diego Unified,Freese Elementary,phi,Philippine languages,5
37683386039614,San Diego,San Diego Unified,Freese Elementary,spa,Spanish; Castilian,43
37683386039630,San Diego,San Diego Unified,Fulton K-8,cld,Chaldean Neo-Aramaic (Chaldean),1
37683386039630,San Diego,San Diego Unified,Fulton K-8,lao,Lao,1
37683386039630,San Diego,San Diego Unified,Fulton K-8,phi,Philippine languages,6
37683386039630,San Diego,San Diego Unified,Fulton K-8,vie,Vietnamese,2
37683386039630,San Diego,San Diego Unified,Fulton K-8,tgl,Tagalog,1
37683386039630,San Diego,San Diego Unified,Fulton K-8,som,Somali,8
37683386039630,San Diego,San Diego Unified,Fulton K-8,spa,Spanish; Castilian,59
37683386039648,San Diego,San Diego Unified,Gage Elementary,per,Persian (Farsi),1
37683386039648,San Diego,San Diego Unified,Gage Elementary,heb,Hebrew,1
37683386039648,San Diego,San Diego Unified,Gage Elementary,kor,Korean,1
37683386039648,San Diego,San Diego Unified,Gage Elementary,yue,Yue Chinese (Cantonese),2
37683386039648,San Diego,San Diego Unified,Gage Elementary,ara,Arabic,4
37683386039648,San Diego,San Diego Unified,Gage Elementary,pus,Pushto; Pashto,1
37683386039648,San Diego,San Diego Unified,Gage Elementary,rus,Russian,5
37683386039648,San Diego,San Diego Unified,Gage Elementary,spa,Spanish; Castilian,17
37683386039648,San Diego,San Diego Unified,Gage Elementary,vie,Vietnamese,2
37683386039648,San Diego,San Diego Unified,Gage Elementary,mis,Uncoded languages (Other non-English languages),1
37683386039648,San Diego,San Diego Unified,Gage Elementary,som,Somali,3
37683386039655,San Diego,San Diego Unified,Garfield Elementary,cpf,"Creoles and pidgins, French-based",1
37683386039655,San Diego,San Diego Unified,Garfield Elementary,por,Portuguese,1
37683386039655,San Diego,San Diego Unified,Garfield Elementary,hat,Haitian; Haitian Creole,3
37683386039655,San Diego,San Diego Unified,Garfield Elementary,rus,Russian,1
37683386039655,San Diego,San Diego Unified,Garfield Elementary,spa,Spanish; Castilian,34
37683386039655,San Diego,San Diego Unified,Garfield Elementary,mis,Uncoded languages (Other non-English languages),2
37683386039655,San Diego,San Diego Unified,Garfield Elementary,amh,Amharic,10
37683386039655,San Diego,San Diego Unified,Garfield Elementary,tir,Tigrinya,2
37683386039655,San Diego,San Diego Unified,Garfield Elementary,smo,Samoan,1
37683386039655,San Diego,San Diego Unified,Garfield Elementary,vie,Vietnamese,1
37683386039671,San Diego,San Diego Unified,Grant K-8,kor,Korean,1
37683386039671,San Diego,San Diego Unified,Grant K-8,spa,Spanish; Castilian,22
37683386039671,San Diego,San Diego Unified,Grant K-8,hun,Hungarian,1
37683386039671,San Diego,San Diego Unified,Grant K-8,rus,Russian,3
37683386039671,San Diego,San Diego Unified,Grant K-8,bul,Bulgarian,1
37683386039671,San Diego,San Diego Unified,Grant K-8,lit,Lithuanian,1
37683386039671,San Diego,San Diego Unified,Grant K-8,ceb,"Cebuano (Bisayan, Visayan)",1
37683386039671,San Diego,San Diego Unified,Grant K-8,amh,Amharic,1
37683386039671,San Diego,San Diego Unified,Grant K-8,per,Persian (Farsi),1
37683386039697,San Diego,San Diego Unified,Green Elementary,jpn,Japanese,3
37683386039697,San Diego,San Diego Unified,Green Elementary,cmn,"Mandarin Chinese (Putonghua, Guoyu)",1
37683386039697,San Diego,San Diego Unified,Green Elementary,yue,Yue Chinese (Cantonese),1
37683386039697,San Diego,San Diego Unified,Green Elementary,ara,Arabic,3
37683386039697,San Diego,San Diego Unified,Green Elementary,rus,Russian,2
37683386039697,San Diego,San Diego Unified,Green Elementary,spa,Spanish; Castilian,7
37683386039697,San Diego,San Diego Unified,Green Elementary,phi,Philippine languages,1
37683386039705,San Diego,San Diego Unified,Hamilton Elementary,ara,Arabic,2
37683386039705,San Diego,San Diego Unified,Hamilton Elementary,crp,Creoles and pidgins,1
37683386039705,San Diego,San Diego Unified,Hamilton Elementary,twi,Twi,1
37683386039705,San Diego,San Diego Unified,Hamilton Elementary,som,Somali,1
37683386039705,San Diego,San Diego Unified,Hamilton Elementary,vie,Vietnamese,5
37683386039705,San Diego,San Diego Unified,Hamilton Elementary,por,Portuguese,1
37683386039705,San Diego,San Diego Unified,Hamilton Elementary,cpf,"Creoles and pidgins, French-based",6
37683386039705,San Diego,San Diego Unified,Hamilton Elementary,hat,Haitian; Haitian Creole,6
37683386039705,San Diego,San Diego Unified,Hamilton Elementary,bur,Burmese,1
37683386039705,San Diego,San Diego Unified,Hamilton Elementary,mis,Uncoded languages (Other non-English languages),4
37683386039705,San Diego,San Diego Unified,Hamilton Elementary,spa,Spanish; Castilian,135
37683386039713,San Diego,San Diego Unified,Hardy Elementary,vie,Vietnamese,33
37683386039713,San Diego,San Diego Unified,Hardy Elementary,amh,Amharic,1
37683386039713,San Diego,San Diego Unified,Hardy Elementary,cpf,"Creoles and pidgins, French-based",3
37683386039713,San Diego,San Diego Unified,Hardy Elementary,yor,Yoruba,1
37683386039713,San Diego,San Diego Unified,Hardy Elementary,ara,Arabic,1
37683386039713,San Diego,San Diego Unified,Hardy Elementary,hat,Haitian; Haitian Creole,2
37683386039713,San Diego,San Diego Unified,Hardy Elementary,mis,Uncoded languages (Other non-English languages),1
37683386039713,San Diego,San Diego Unified,Hardy Elementary,per,Persian (Farsi),2
37683386039713,San Diego,San Diego Unified,Hardy Elementary,pus,Pushto; Pashto,3
37683386039713,San Diego,San Diego Unified,Hardy Elementary,qab,Chaozhou (Teochew/Chiuchow),1
37683386039713,San Diego,San Diego Unified,Hardy Elementary,crp,Creoles and pidgins,1
37683386039713,San Diego,San Diego Unified,Hardy Elementary,phi,Philippine languages,1
37683386039713,San Diego,San Diego Unified,Hardy Elementary,spa,Spanish; Castilian,21
37683386039713,San Diego,San Diego Unified,Hardy Elementary,frs,Eastern Frisian,2
37683386039713,San Diego,San Diego Unified,Hardy Elementary,ukr,Ukrainian,1
37683386039721,San Diego,San Diego Unified,Hawthorne Elementary,jpn,Japanese,1
37683386039721,San Diego,San Diego Unified,Hawthorne Elementary,spa,Spanish; Castilian,25
37683386039721,San Diego,San Diego Unified,Hawthorne Elementary,rus,Russian,2
37683386039721,San Diego,San Diego Unified,Hawthorne Elementary,cmn,"Mandarin Chinese (Putonghua, Guoyu)",1
37683386039721,San Diego,San Diego Unified,Hawthorne Elementary,por,Portuguese,1
37683386039721,San Diego,San Diego Unified,Hawthorne Elementary,per,Persian (Farsi),1
37683386039721,San Diego,San Diego Unified,Hawthorne Elementary,pus,Pushto; Pashto,3
37683386039739,San Diego,San Diego Unified,Hearst Elementary,spa,Spanish; Castilian,1
37683386039739,San Diego,San Diego Unified,Hearst Elementary,cmn,"Mandarin Chinese (Putonghua, Guoyu)",1
37683386039739,San Diego,San Diego Unified,Hearst Elementary,heb,Hebrew,1
37683386039739,San Diego,San Diego Unified,Hearst Elementary,vie,Vietnamese,1
37683386039747,San Diego,San Diego Unified,Holmes Elementary,heb,Hebrew,1
37683386039747,San Diego,San Diego Unified,Holmes Elementary,vie,Vietnamese,4
37683386039747,San Diego,San Diego Unified,Holmes Elementary,por,Portuguese,2
37683386039747,San Diego,San Diego Unified,Holmes Elementary,spa,Spanish; Castilian,2
37683386039747,San Diego,San Diego Unified,Holmes Elementary,urd,Urdu,1
37683386039754,San Diego,San Diego Unified,Horton Elementary,hat,Haitian; Haitian Creole,2
37683386039754,San Diego,San Diego Unified,Horton Elementary,phi,Philippine languages,1
37683386039754,San Diego,San Diego Unified,Horton Elementary,vie,Vietnamese,2
37683386039754,San Diego,San Diego Unified,Horton Elementary,por,Portuguese,2
37683386039754,San Diego,San Diego Unified,Horton Elementary,spa,Spanish; Castilian,134
37683386039754,San Diego,San Diego Unified,Horton Elementary,cpf,"Creoles and pidgins, French-based",4
37683386039754,San Diego,San Diego Unified,Horton Elementary,yue,Yue Chinese (Cantonese),1
37683386039754,San Diego,San Diego Unified,Horton Elementary,mis,Uncoded languages (Other non-English languages),2
37683386039762,San Diego,San Diego Unified,Fay Elementary,mis,Uncoded languages (Other non-English languages),8
37683386039762,San Diego,San Diego Unified,Fay Elementary,nep,Nepali,1
37683386039762,San Diego,San Diego Unified,Fay Elementary,por,Portuguese,7
37683386039762,San Diego,San Diego Unified,Fay Elementary,cpf,"Creoles and pidgins, French-based",15
37683386039762,San Diego,San Diego Unified,Fay Elementary,kin,Kinyarwanda,1
37683386039762,San Diego,San Diego Unified,Fay Elementary,swa,Swahili,12
37683386039762,San Diego,San Diego Unified,Fay Elementary,spa,Spanish; Castilian,169
37683386039762,San Diego,San Diego Unified,Fay Elementary,per,Persian (Farsi),1
37683386039762,San Diego,San Diego Unified,Fay Elementary,som,Somali,3
37683386039762,San Diego,San Diego Unified,Fay Elementary,kar,Karen languages,2
37683386039762,San Diego,San Diego Unified,Fay Elementary,lin,Lingala,2
37683386039762,San Diego,San Diego Unified,Fay Elementary,vie,Vietnamese,8
37683386039762,San Diego,San Diego Unified,Fay Elementary,fre,French,1
37683386039762,San Diego,San Diego Unified,Fay Elementary,hat,Haitian; Haitian Creole,48
37683386039762,San Diego,San Diego Unified,Fay Elementary,bur,Burmese,1
37683386039770,San Diego,San Diego Unified,Jefferson Elementary,jpn,Japanese,1
37683386039770,San Diego,San Diego Unified,Jefferson Elementary,rus,Russian,2
37683386039770,San Diego,San Diego Unified,Jefferson Elementary,per,Persian (Farsi),3
37683386039770,San Diego,San Diego Unified,Jefferson Elementary,spa,Spanish; Castilian,25
37683386039770,San Diego,San Diego Unified,Jefferson Elementary,por,Portuguese,1
37683386039770,San Diego,San Diego Unified,Jefferson Elementary,ara,Arabic,1
37683386039770,San Diego,San Diego Unified,Jefferson Elementary,khm,"Khmer, Central Khmer",1
37683386039770,San Diego,San Diego Unified,Jefferson Elementary,srp,Serbian,1
37683386039788,San Diego,San Diego Unified,Johnson Elementary,ara,Arabic,2
37683386039788,San Diego,San Diego Unified,Johnson Elementary,vie,Vietnamese,1
37683386039788,San Diego,San Diego Unified,Johnson Elementary,spa,Spanish; Castilian,34
37683386039796,San Diego,San Diego Unified,Jones Elementary,tha,Thai,1
37683386039796,San Diego,San Diego Unified,Jones Elementary,por,Portuguese,1
37683386039796,San Diego,San Diego Unified,Jones Elementary,ara,Arabic,2
37683386039796,San Diego,San Diego Unified,Jones Elementary,vie,Vietnamese,3
37683386039796,San Diego,San Diego Unified,Jones Elementary,alb,Albanian,1
37683386039796,San Diego,San Diego Unified,Jones Elementary,spa,Spanish; Castilian,5
37683386039796,San Diego,San Diego Unified,Jones Elementary,cmn,"Mandarin Chinese (Putonghua, Guoyu)",1
37683386039796,San Diego,San Diego Unified,Jones Elementary,mis,Uncoded languages (Other non-English languages),1
37683386039804,San Diego,San Diego Unified,Juarez Elementary,spa,Spanish; Castilian,30
37683386039804,San Diego,San Diego Unified,Juarez Elementary,por,Portuguese,1
37683386039804,San Diego,San Diego Unified,Juarez Elementary,jpn,Japanese,1
37683386039804,San Diego,San Diego Unified,Juarez Elementary,ger,German,1
37683386039812,San Diego,San Diego Unified,Keiller Leadership Academy,spa,Spanish; Castilian,189
37683386039812,San Diego,San Diego Unified,Keiller Leadership Academy,pus,Pushto; Pashto,2
37683386039812,San Diego,San Diego Unified,Keiller Leadership Academy,khm,"Khmer, Central Khmer",1
37683386039812,San Diego,San Diego Unified,Keiller Leadership Academy,vie,Vietnamese,1
37683386039812,San Diego,San Diego Unified,Keiller Leadership Academy,per,Persian (Farsi),2
37683386039812,San Diego,San Diego Unified,Keiller Leadership Academy,ara,Arabic,7
37683386039812,San Diego,San Diego Unified,Keiller Leadership Academy,som,Somali,1
37683386039846,San Diego,San Diego Unified,La Jolla Elementary,tur,Turkish,1
37683386039846,San Diego,San Diego Unified,La Jolla Elementary,per,Persian (Farsi),1
37683386039846,San Diego,San Diego Unified,La Jolla Elementary,por,Portuguese,1
37683386039846,San Diego,San Diego Unified,La Jolla Elementary,jpn,Japanese,1
37683386039846,San Diego,San Diego Unified,La Jolla Elementary,rus,Russian,1
37683386039846,San Diego,San Diego Unified,La Jolla Elementary,kor,Korean,1
37683386039846,San Diego,San Diego Unified,La Jolla Elementary,spa,Spanish; Castilian,22
37683386039846,San Diego,San Diego Unified,La Jolla Elementary,cmn,"Mandarin Chinese (Putonghua, Guoyu)",2
37683386039853,San Diego,San Diego Unified,Lafayette Elementary,per,Persian (Farsi),1
37683386039853,San Diego,San Diego Unified,Lafayette Elementary,cze,Czech,1
37683386039853,San Diego,San Diego Unified,Lafayette Elementary,lao,Lao,1
37683386039853,San Diego,San Diego Unified,Lafayette Elementary,vie,Vietnamese,3
37683386039853,San Diego,San Diego Unified,Lafayette Elementary,spa,Spanish; Castilian,40
37683386039853,San Diego,San Diego Unified,Lafayette Elementary,urd,Urdu,2
37683386039853,San Diego,San Diego Unified,Lafayette Elementary,cmn,"Mandarin Chinese (Putonghua, Guoyu)",2
37683386039853,San Diego,San Diego Unified,Lafayette Elementary,mis,Uncoded languages (Other non-English languages),2
37683386039853,San Diego,San Diego Unified,Lafayette Elementary,jpn,Japanese,3
37683386039853,San Diego,San Diego Unified,Lafayette Elementary,ara,Arabic,1
37683386039853,San Diego,San Diego Unified,Lafayette Elementary,hat,Haitian; Haitian Creole,1
37683386039861,San Diego,San Diego Unified,Pacific View Leadership Elementary,tgl,Tagalog,1
37683386039861,San Diego,San Diego Unified,Pacific View Leadership Elementary,phi,Philippine languages,2
37683386039861,San Diego,San Diego Unified,Pacific View Leadership Elementary,spa,Spanish; Castilian,30
37683386039879,San Diego,San Diego Unified,Linda Vista Elementary,por,Portuguese,1
37683386039879,San Diego,San Diego Unified,Linda Vista Elementary,phi,Philippine languages,3
37683386039879,San Diego,San Diego Unified,Linda Vista Elementary,per,Persian (Farsi),3
37683386039879,San Diego,San Diego Unified,Linda Vista Elementary,tgl,Tagalog,1
37683386039879,San Diego,San Diego Unified,Linda Vista Elementary,tha,Thai,2
37683386039879,San Diego,San Diego Unified,Linda Vista Elementary,mis,Uncoded languages (Other non-English languages),3
37683386039879,San Diego,San Diego Unified,Linda Vista Elementary,yue,Yue Chinese (Cantonese),3
37683386039879,San Diego,San Diego Unified,Linda Vista Elementary,ara,Arabic,1
37683386039879,San Diego,San Diego Unified,Linda Vista Elementary,spa,Spanish; Castilian,138
37683386039879,San Diego,San Diego Unified,Linda Vista Elementary,oto,Otomian languages (Mixteco),4
37683386039879,San Diego,San Diego Unified,Linda Vista Elementary,vie,Vietnamese,12
37683386039887,San Diego,San Diego Unified,Clairemont Canyons Academy,hin,Hindi,1
37683386039887,San Diego,San Diego Unified,Clairemont Canyons Academy,lao,Lao,2
37683386039887,San Diego,San Diego Unified,Clairemont Canyons Academy,tir,Tigrinya,2
37683386039887,San Diego,San Diego Unified,Clairemont Canyons Academy,amh,Amharic,3
37683386039887,San Diego,San Diego Unified,Clairemont Canyons Academy,per,Persian (Farsi),20
37683386039887,San Diego,San Diego Unified,Clairemont Canyons Academy,syr,Syriac,1
37683386039887,San Diego,San Diego Unified,Clairemont Canyons Academy,hat,Haitian; Haitian Creole,1
37683386039887,San Diego,San Diego Unified,Clairemont Canyons Academy,yue,Yue Chinese (Cantonese),3
37683386039887,San Diego,San Diego Unified,Clairemont Canyons Academy,ara,Arabic,10
37683386039887,San Diego,San Diego Unified,Clairemont Canyons Academy,cmn,"Mandarin Chinese (Putonghua, Guoyu)",4
37683386039887,San Diego,San Diego Unified,Clairemont Canyons Academy,som,Somali,3
37683386039887,San Diego,San Diego Unified,Clairemont Canyons Academy,mis,Uncoded languages (Other non-English languages),8
37683386039887,San Diego,San Diego Unified,Clairemont Canyons Academy,vie,Vietnamese,4
37683386039887,San Diego,San Diego Unified,Clairemont Canyons Academy,orm,Oromo,3
37683386039887,San Diego,San Diego Unified,Clairemont Canyons Academy,ben,Bengali,1
37683386039887,San Diego,San Diego Unified,Clairemont Canyons Academy,spa,Spanish; Castilian,29
37683386039903,San Diego,San Diego Unified,Loma Portal Elementary,fre,French,1
37683386039903,San Diego,San Diego Unified,Loma Portal Elementary,por,Portuguese,3
37683386039903,San Diego,San Diego Unified,Loma Portal Elementary,spa,Spanish; Castilian,15
37683386039903,San Diego,San Diego Unified,Loma Portal Elementary,rus,Russian,1
37683386039903,San Diego,San Diego Unified,Loma Portal Elementary,bur,Burmese,1
37683386039903,San Diego,San Diego Unified,Loma Portal Elementary,mis,Uncoded languages (Other non-English languages),1
37683386039903,San Diego,San Diego Unified,Loma Portal Elementary,per,Persian (Farsi),1
37683386039911,San Diego,San Diego Unified,Longfellow UTK-8,spa,Spanish; Castilian,10
37683386039911,San Diego,San Diego Unified,Longfellow UTK-8,por,Portuguese,1
37683386039911,San Diego,San Diego Unified,Longfellow UTK-8,rum,Romanian (Rumanian),1
37683386039911,San Diego,San Diego Unified,Longfellow UTK-8,rus,Russian,1
37683386039929,San Diego,San Diego Unified,Perkins K-8,per,Persian (Farsi),1
37683386039929,San Diego,San Diego Unified,Perkins K-8,cmn,"Mandarin Chinese (Putonghua, Guoyu)",1
37683386039929,San Diego,San Diego Unified,Perkins K-8,rus,Russian,2
37683386039929,San Diego,San Diego Unified,Perkins K-8,spa,Spanish; Castilian,135
37683386039929,San Diego,San Diego Unified,Perkins K-8,pol,Polish,2
37683386039952,San Diego,San Diego Unified,Marshall Elementary,cpe,"Creoles and pidgins, English based",1
37683386039952,San Diego,San Diego Unified,Marshall Elementary,som,Somali,6
37683386039952,San Diego,San Diego Unified,Marshall Elementary,tur,Turkish,1
37683386039952,San Diego,San Diego Unified,Marshall Elementary,lao,Lao,2
37683386039952,San Diego,San Diego Unified,Marshall Elementary,per,Persian (Farsi),1
37683386039952,San Diego,San Diego Unified,Marshall Elementary,uzb,Uzbek,1
37683386039952,San Diego,San Diego Unified,Marshall Elementary,spa,Spanish; Castilian,91
37683386039952,San Diego,San Diego Unified,Marshall Elementary,hat,Haitian; Haitian Creole,22
37683386039952,San Diego,San Diego Unified,Marshall Elementary,orm,Oromo,1
37683386039952,San Diego,San Diego Unified,Marshall Elementary,bnt,Bantu languages,1
37683386039952,San Diego,San Diego Unified,Marshall Elementary,khm,"Khmer, Central Khmer",3
37683386039952,San Diego,San Diego Unified,Marshall Elementary,fre,French,1
37683386039952,San Diego,San Diego Unified,Marshall Elementary,swa,Swahili,4
37683386039952,San Diego,San Diego Unified,Marshall Elementary,ara,Arabic,6
37683386039952,San Diego,San Diego Unified,Marshall Elementary,bur,Burmese,1
37683386039952,San Diego,San Diego Unified,Marshall Elementary,cpf,"Creoles and pidgins, French-based",22
37683386039952,San Diego,San Diego Unified,Marshall Elementary,por,Portuguese,3
37683386039952,San Diego,San Diego Unified,Marshall Elementary,tir,Tigrinya,1
37683386039952,San Diego,San Diego Unified,Marshall Elementary,urd,Urdu,1
37683386039952,San Diego,San Diego Unified,Marshall Elementary,mis,Uncoded languages (Other non-English languages),7
37683386039952,San Diego,San Diego Unified,Marshall Elementary,pus,Pushto; Pashto,1
37683386039952,San Diego,San Diego Unified,Marshall Elementary,mah,Marshallese,1
37683386039952,San Diego,San Diego Unified,Marshall Elementary,vie,Vietnamese,7
37683386039960,San Diego,San Diego Unified,Marvin Elementary,pus,Pushto; Pashto,2
37683386039960,San Diego,San Diego Unified,Marvin Elementary,per,Persian (Farsi),5
37683386039960,San Diego,San Diego Unified,Marvin Elementary,rus,Russian,2
37683386039960,San Diego,San Diego Unified,Marvin Elementary,pan,Panjabi; Punjabi,2
37683386039960,San Diego,San Diego Unified,Marvin Elementary,pol,Polish,1
37683386039960,San Diego,San Diego Unified,Marvin Elementary,jpn,Japanese,1
37683386039960,San Diego,San Diego Unified,Marvin Elementary,cmn,"Mandarin Chinese (Putonghua, Guoyu)",1
37683386039960,San Diego,San Diego Unified,Marvin Elementary,spa,Spanish; Castilian,8
37683386039960,San Diego,San Diego Unified,Marvin Elementary,tur,Turkish,1
37683386039960,San Diego,San Diego Unified,Marvin Elementary,vie,Vietnamese,2
37683386039960,San Diego,San Diego Unified,Marvin Elementary,amh,Amharic,1
37683386039978,San Diego,San Diego Unified,McKinley Elementary,per,Persian (Farsi),1
37683386039978,San Diego,San Diego Unified,McKinley Elementary,spa,Spanish; Castilian,8
37683386039978,San Diego,San Diego Unified,McKinley Elementary,mkh,Mon-Khmer languages,1
37683386039978,San Diego,San Diego Unified,McKinley Elementary,ara,Arabic,1
37683386039978,San Diego,San Diego Unified,McKinley Elementary,por,Portuguese,1
37683386040000,San Diego,San Diego Unified,Language Academy,tha,Thai,1
37683386040000,San Diego,San Diego Unified,Language Academy,phi,Philippine languages,1
37683386040000,San Diego,San Diego Unified,Language Academy,por,Portuguese,1
37683386040000,San Diego,San Diego Unified,Language Academy,wol,Wolof,1
37683386040000,San Diego,San Diego Unified,Language Academy,spa,Spanish; Castilian,97
37683386040000,San Diego,San Diego Unified,Language Academy,fre,French,12
37683386040000,San Diego,San Diego Unified,Language Academy,som,Somali,1
37683386040000,San Diego,San Diego Unified,Language Academy,ara,Arabic,1
37683386040018,San Diego,San Diego Unified,Harriet Tubman Village Charter,hat,Haitian; Haitian Creole,9
37683386040018,San Diego,San Diego Unified,Harriet Tubman Village Charter,orm,Oromo,1
37683386040018,San Diego,San Diego Unified,Harriet Tubman Village Charter,spa,Spanish; Castilian,47
37683386040018,San Diego,San Diego Unified,Harriet Tubman Village Charter,mis,Uncoded languages (Other non-English languages),5
37683386040018,San Diego,San Diego Unified,Harriet Tubman Village Charter,cpp,"Creoles and pidgins, Portuguese-based",2
37683386040018,San Diego,San Diego Unified,Harriet Tubman Village Charter,cpf,"Creoles and pidgins, French-based",1
37683386040018,San Diego,San Diego Unified,Harriet Tubman Village Charter,som,Somali,16
37683386040018,San Diego,San Diego Unified,Harriet Tubman Village Charter,cpe,"Creoles and pidgins, English based",1
37683386040018,San Diego,San Diego Unified,Harriet Tubman Village Charter,ara,Arabic,4
37683386040018,San Diego,San Diego Unified,Harriet Tubman Village Charter,fre,French,2
37683386040018,San Diego,San Diego Unified,Harriet Tubman Village Charter,vie,Vietnamese,1
37683386040026,San Diego,San Diego Unified,Oak Park Elementary,lao,Lao,3
37683386040026,San Diego,San Diego Unified,Oak Park Elementary,yue,Yue Chinese (Cantonese),2
37683386040026,San Diego,San Diego Unified,Oak Park Elementary,som,Somali,6
37683386040026,San Diego,San Diego Unified,Oak Park Elementary,amh,Amharic,2
37683386040026,San Diego,San Diego Unified,Oak Park Elementary,per,Persian (Farsi),1
37683386040026,San Diego,San Diego Unified,Oak Park Elementary,tir,Tigrinya,1
37683386040026,San Diego,San Diego Unified,Oak Park Elementary,pus,Pushto; Pashto,3
37683386040026,San Diego,San Diego Unified,Oak Park Elementary,vie,Vietnamese,52
37683386040026,San Diego,San Diego Unified,Oak Park Elementary,cmn,"Mandarin Chinese (Putonghua, Guoyu)",1
37683386040026,San Diego,San Diego Unified,Oak Park Elementary,mis,Uncoded languages (Other non-English languages),2
37683386040026,San Diego,San Diego Unified,Oak Park Elementary,swa,Swahili,7
37683386040026,San Diego,San Diego Unified,Oak Park Elementary,kin,Kinyarwanda,1
37683386040026,San Diego,San Diego Unified,Oak Park Elementary,hat,Haitian; Haitian Creole,4
37683386040026,San Diego,San Diego Unified,Oak Park Elementary,spa,Spanish; Castilian,75
37683386040034,San Diego,San Diego Unified,Ocean Beach Elementary,por,Portuguese,9
37683386040034,San Diego,San Diego Unified,Ocean Beach Elementary,kor,Korean,1
37683386040034,San Diego,San Diego Unified,Ocean Beach Elementary,spa,Spanish; Castilian,8
37683386040034,San Diego,San Diego Unified,Ocean Beach Elementary,ukr,Ukrainian,1
37683386040034,San Diego,San Diego Unified,Ocean Beach Elementary,rus,Russian,1
37683386040034,San Diego,San Diego Unified,Ocean Beach Elementary,fre,French,1
37683386040034,San Diego,San Diego Unified,Ocean Beach Elementary,khm,"Khmer, Central Khmer",1
37683386040034,San Diego,San Diego Unified,Ocean Beach Elementary,amh,Amharic,1
37683386040042,San Diego,San Diego Unified,Pacific Beach Elementary,spa,Spanish; Castilian,8
37683386040042,San Diego,San Diego Unified,Pacific Beach Elementary,jpn,Japanese,1
37683386040042,San Diego,San Diego Unified,Pacific Beach Elementary,por,Portuguese,2
37683386040059,San Diego,San Diego Unified,Paradise Hills Elementary,hat,Haitian; Haitian Creole,1
37683386040059,San Diego,San Diego Unified,Paradise Hills Elementary,phi,Philippine languages,1
37683386040059,San Diego,San Diego Unified,Paradise Hills Elementary,spa,Spanish; Castilian,41
37683386040067,San Diego,San Diego Unified,Perry Elementary,jpn,Japanese,2
37683386040067,San Diego,San Diego Unified,Perry Elementary,tha,Thai,1
37683386040067,San Diego,San Diego Unified,Perry Elementary,cmn,"Mandarin Chinese (Putonghua, Guoyu)",3
37683386040067,San Diego,San Diego Unified,Perry Elementary,phi,Philippine languages,7
37683386040067,San Diego,San Diego Unified,Perry Elementary,rus,Russian,1
37683386040067,San Diego,San Diego Unified,Perry Elementary,spa,Spanish; Castilian,25
37683386040083,San Diego,San Diego Unified,Riley/New Dawn,mis,Uncoded languages (Other non-English languages),1
37683386040083,San Diego,San Diego Unified,Riley/New Dawn,spa,Spanish; Castilian,7
37683386040091,San Diego,San Diego Unified,Rolando Park Elementary,por,Portuguese,1
37683386040091,San Diego,San Diego Unified,Rolando Park Elementary,hat,Haitian; Haitian Creole,4
37683386040091,San Diego,San Diego Unified,Rolando Park Elementary,som,Somali,2
37683386040091,San Diego,San Diego Unified,Rolando Park Elementary,spa,Spanish; Castilian,36
37683386040091,San Diego,San Diego Unified,Rolando Park Elementary,cpf,"Creoles and pidgins, French-based",3
37683386040091,San Diego,San Diego Unified,Rolando Park Elementary,tir,Tigrinya,1
37683386040091,San Diego,San Diego Unified,Rolando Park Elementary,amh,Amharic,1
37683386040091,San Diego,San Diego Unified,Rolando Park Elementary,mis,Uncoded languages (Other non-English languages),1
37683386040091,San Diego,San Diego Unified,Rolando Park Elementary,swa,Swahili,2
37683386040091,San Diego,San Diego Unified,Rolando Park Elementary,yue,Yue Chinese (Cantonese),1
37683386040091,San Diego,San Diego Unified,Rolando Park Elementary,vie,Vietnamese,3
37683386040109,San Diego,San Diego Unified,Ross Elementary,per,Persian (Farsi),2
37683386040109,San Diego,San Diego Unified,Ross Elementary,vie,Vietnamese,7
37683386040109,San Diego,San Diego Unified,Ross Elementary,phi,Philippine languages,1
37683386040109,San Diego,San Diego Unified,Ross Elementary,lao,Lao,1
37683386040109,San Diego,San Diego Unified,Ross Elementary,pus,Pushto; Pashto,1
37683386040109,San Diego,San Diego Unified,Ross Elementary,cmn,"Mandarin Chinese (Putonghua, Guoyu)",1
37683386040109,San Diego,San Diego Unified,Ross Elementary,por,Portuguese,1
37683386040109,San Diego,San Diego Unified,Ross Elementary,cpf,"Creoles and pidgins, French-based",1
37683386040109,San Diego,San Diego Unified,Ross Elementary,spa,Spanish; Castilian,37
37683386040117,San Diego,San Diego Unified,Rowan Elementary,spa,Spanish; Castilian,21
37683386040117,San Diego,San Diego Unified,Rowan Elementary,yue,Yue Chinese (Cantonese),1
37683386040133,San Diego,San Diego Unified,Sequoia Elementary,vie,Vietnamese,5
37683386040133,San Diego,San Diego Unified,Sequoia Elementary,por,Portuguese,2
37683386040133,San Diego,San Diego Unified,Sequoia Elementary,spa,Spanish; Castilian,29
37683386040133,San Diego,San Diego Unified,Sequoia Elementary,mis,Uncoded languages (Other non-English languages),3
37683386040133,San Diego,San Diego Unified,Sequoia Elementary,ara,Arabic,2
37683386040133,San Diego,San Diego Unified,Sequoia Elementary,bos,Bosnian,1
37683386040141,San Diego,San Diego Unified,Sessions Elementary,spa,Spanish; Castilian,4
37683386040141,San Diego,San Diego Unified,Sessions Elementary,fre,French,1
37683386040141,San Diego,San Diego Unified,Sessions Elementary,ita,Italian,1
37683386040141,San Diego,San Diego Unified,Sessions Elementary,pol,Polish,1
37683386040141,San Diego,San Diego Unified,Sessions Elementary,per,Persian (Farsi),1
37683386040141,San Diego,San Diego Unified,Sessions Elementary,rus,Russian,1
37683386040158,San Diego,San Diego Unified,Sherman Elementary,fre,French,2
37683386040158,San Diego,San Diego Unified,Sherman Elementary,spa,Spanish; Castilian,158
37683386040158,San Diego,San Diego Unified,Sherman Elementary,vie,Vietnamese,1
37683386040158,San Diego,San Diego Unified,Sherman Elementary,phi,Philippine languages,2
37683386040158,San Diego,San Diego Unified,Sherman Elementary,per,Persian (Farsi),2
37683386040166,San Diego,San Diego Unified,Silver Gate Elementary,rus,Russian,1
37683386040166,San Diego,San Diego Unified,Silver Gate Elementary,vie,Vietnamese,1
37683386040166,San Diego,San Diego Unified,Silver Gate Elementary,spa,Spanish; Castilian,2
37683386040174,San Diego,San Diego Unified,Spreckels Elementary,cmn,"Mandarin Chinese (Putonghua, Guoyu)",3
37683386040174,San Diego,San Diego Unified,Spreckels Elementary,hun,Hungarian,1
37683386040174,San Diego,San Diego Unified,Spreckels Elementary,mar,Marathi,1
37683386040174,San Diego,San Diego Unified,Spreckels Elementary,mis,Uncoded languages (Other non-English languages),1
37683386040174,San Diego,San Diego Unified,Spreckels Elementary,rus,Russian,9
37683386040174,San Diego,San Diego Unified,Spreckels Elementary,spa,Spanish; Castilian,28
37683386040174,San Diego,San Diego Unified,Spreckels Elementary,chi,Chinese (Other Chinese languages),1
37683386040174,San Diego,San Diego Unified,Spreckels Elementary,jpn,Japanese,5
37683386040174,San Diego,San Diego Unified,Spreckels Elementary,por,Portuguese,2
37683386040174,San Diego,San Diego Unified,Spreckels Elementary,ukr,Ukrainian,2
37683386040190,San Diego,San Diego Unified,King-Chavez Community Academy,hat,Haitian; Haitian Creole,1
37683386040190,San Diego,San Diego Unified,King-Chavez Community Academy,spa,Spanish; Castilian,318
37683386040190,San Diego,San Diego Unified,King-Chavez Community Academy,mis,Uncoded languages (Other non-English languages),2
37683386040208,San Diego,San Diego Unified,Sunset View Elementary,rus,Russian,1
37683386040208,San Diego,San Diego Unified,Sunset View Elementary,tha,Thai,1
37683386040208,San Diego,San Diego Unified,Sunset View Elementary,spa,Spanish; Castilian,2
37683386040208,San Diego,San Diego Unified,Sunset View Elementary,por,Portuguese,1
37683386040224,San Diego,San Diego Unified,Toler Elementary,spa,Spanish; Castilian,29
37683386040224,San Diego,San Diego Unified,Toler Elementary,oto,Otomian languages (Mixteco),1
37683386040224,San Diego,San Diego Unified,Toler Elementary,por,Portuguese,2
37683386040224,San Diego,San Diego Unified,Toler Elementary,jpn,Japanese,1
37683386040224,San Diego,San Diego Unified,Toler Elementary,ara,Arabic,2
37683386040232,San Diego,San Diego Unified,Torrey Pines Elementary,cmn,"Mandarin Chinese (Putonghua, Guoyu)",4
37683386040232,San Diego,San Diego Unified,Torrey Pines Elementary,jpn,Japanese,1
37683386040232,San Diego,San Diego Unified,Torrey Pines Elementary,per,Persian (Farsi),1
37683386040232,San Diego,San Diego Unified,Torrey Pines Elementary,por,Portuguese,3
37683386040232,San Diego,San Diego Unified,Torrey Pines Elementary,ara,Arabic,1
37683386040232,San Diego,San Diego Unified,Torrey Pines Elementary,rus,Russian,1
37683386040232,San Diego,San Diego Unified,Torrey Pines Elementary,tur,Turkish,1
37683386040232,San Diego,San Diego Unified,Torrey Pines Elementary,spa,Spanish; Castilian,4
37683386040232,San Diego,San Diego Unified,Torrey Pines Elementary,kor,Korean,5
37683386040232,San Diego,San Diego Unified,Torrey Pines Elementary,swe,Swedish,1
37683386040232,San Diego,San Diego Unified,Torrey Pines Elementary,ger,German,1
37683386040257,San Diego,San Diego Unified,Valencia Park Elementary,spa,Spanish; Castilian,82
37683386040257,San Diego,San Diego Unified,Valencia Park Elementary,lao,Lao,2
37683386040257,San Diego,San Diego Unified,Valencia Park Elementary,mis,Uncoded languages (Other non-English languages),2
37683386040257,San Diego,San Diego Unified,Valencia Park Elementary,vie,Vietnamese,2
37683386040257,San Diego,San Diego Unified,Valencia Park Elementary,twi,Twi,1
37683386040265,San Diego,San Diego Unified,Washington Elementary,pus,Pushto; Pashto,1
37683386040265,San Diego,San Diego Unified,Washington Elementary,spa,Spanish; Castilian,38
37683386040265,San Diego,San Diego Unified,Washington Elementary,tur,Turkish,2
37683386040265,San Diego,San Diego Unified,Washington Elementary,rus,Russian,4
37683386040265,San Diego,San Diego Unified,Washington Elementary,tir,Tigrinya,2
37683386040265,San Diego,San Diego Unified,Washington Elementary,por,Portuguese,2
37683386040265,San Diego,San Diego Unified,Washington Elementary,amh,Amharic,1
37683386040265,San Diego,San Diego Unified,Washington Elementary,per,Persian (Farsi),5
37683386040265,San Diego,San Diego Unified,Washington Elementary,ara,Arabic,1
37683386040273,San Diego,San Diego Unified,Webster Elementary,swa,Swahili,2
37683386040273,San Diego,San Diego Unified,Webster Elementary,mis,Uncoded languages (Other non-English languages),2
37683386040273,San Diego,San Diego Unified,Webster Elementary,spa,Spanish; Castilian,48
37683386040273,San Diego,San Diego Unified,Webster Elementary,tha,Thai,1
37683386040273,San Diego,San Diego Unified,Webster Elementary,urd,Urdu,1
37683386040273,San Diego,San Diego Unified,Webster Elementary,hat,Haitian; Haitian Creole,1
37683386040273,San Diego,San Diego Unified,Webster Elementary,ara,Arabic,4
37683386040273,San Diego,San Diego Unified,Webster Elementary,cpp,"Creoles and pidgins, Portuguese-based",1
37683386040281,San Diego,San Diego Unified,Wegeforth Elementary,kor,Korean,1
37683386040281,San Diego,San Diego Unified,Wegeforth Elementary,rus,Russian,3
37683386040281,San Diego,San Diego Unified,Wegeforth Elementary,pus,Pushto; Pashto,2
37683386040281,San Diego,San Diego Unified,Wegeforth Elementary,vie,Vietnamese,5
37683386040281,San Diego,San Diego Unified,Wegeforth Elementary,jpn,Japanese,6
37683386040281,San Diego,San Diego Unified,Wegeforth Elementary,orm,Oromo,3
37683386040281,San Diego,San Diego Unified,Wegeforth Elementary,mis,Uncoded languages (Other non-English languages),3
37683386040281,San Diego,San Diego Unified,Wegeforth Elementary,por,Portuguese,1
37683386040281,San Diego,San Diego Unified,Wegeforth Elementary,spa,Spanish; Castilian,15
37683386040299,San Diego,San Diego Unified,Benchley/Weinberger Elementary,kor,Korean,1
37683386040299,San Diego,San Diego Unified,Benchley/Weinberger Elementary,spa,Spanish; Castilian,5
37683386040299,San Diego,San Diego Unified,Benchley/Weinberger Elementary,vie,Vietnamese,1
37683386040299,San Diego,San Diego Unified,Benchley/Weinberger Elementary,por,Portuguese,1
37683386040299,San Diego,San Diego Unified,Benchley/Weinberger Elementary,tgl,Tagalog,1
37683386040299,San Diego,San Diego Unified,Benchley/Weinberger Elementary,pan,Panjabi; Punjabi,2
37683386040299,San Diego,San Diego Unified,Benchley/Weinberger Elementary,rus,Russian,2
37683386040307,San Diego,San Diego Unified,Whitman Elementary,spa,Spanish; Castilian,7
37683386040307,San Diego,San Diego Unified,Whitman Elementary,cmn,"Mandarin Chinese (Putonghua, Guoyu)",2
37683386040307,San Diego,San Diego Unified,Whitman Elementary,fre,French,1
37683386059588,San Diego,San Diego Unified,Bell Middle,hat,Haitian; Haitian Creole,1
37683386059588,San Diego,San Diego Unified,Bell Middle,mis,Uncoded languages (Other non-English languages),1
37683386059588,San Diego,San Diego Unified,Bell Middle,som,Somali,3
37683386059588,San Diego,San Diego Unified,Bell Middle,por,Portuguese,2
37683386059588,San Diego,San Diego Unified,Bell Middle,spa,Spanish; Castilian,82
37683386059588,San Diego,San Diego Unified,Bell Middle,vie,Vietnamese,1
37683386059588,San Diego,San Diego Unified,Bell Middle,cld,Chaldean Neo-Aramaic (Chaldean),1
37683386059588,San Diego,San Diego Unified,Bell Middle,phi,Philippine languages,14
37683386059588,San Diego,San Diego Unified,Bell Middle,pau,Palauan,1
37683386059588,San Diego,San Diego Unified,Bell Middle,cpf,"Creoles and pidgins, French-based",2
37683386059588,San Diego,San Diego Unified,Bell Middle,khm,"Khmer, Central Khmer",1
37683386059588,San Diego,San Diego Unified,Bell Middle,tgl,Tagalog,1
37683386059596,San Diego,San Diego Unified,Correia Middle,per,Persian (Farsi),1
37683386059596,San Diego,San Diego Unified,Correia Middle,ger,German,1
37683386059596,San Diego,San Diego Unified,Correia Middle,jpn,Japanese,1
37683386059596,San Diego,San Diego Unified,Correia Middle,spa,Spanish; Castilian,29
37683386059596,San Diego,San Diego Unified,Correia Middle,tha,Thai,1
37683386059604,San Diego,San Diego Unified,Dana,por,Portuguese,5
37683386059604,San Diego,San Diego Unified,Dana,mis,Uncoded languages (Other non-English languages),2
37683386059604,San Diego,San Diego Unified,Dana,spa,Spanish; Castilian,19
37683386059604,San Diego,San Diego Unified,Dana,bur,Burmese,1
37683386059604,San Diego,San Diego Unified,Dana,rus,Russian,1
37683386059638,San Diego,San Diego Unified,Lewis Middle,ukr,Ukrainian,1
37683386059638,San Diego,San Diego Unified,Lewis Middle,cmn,"Mandarin Chinese (Putonghua, Guoyu)",1
37683386059638,San Diego,San Diego Unified,Lewis Middle,hat,Haitian; Haitian Creole,4
37683386059638,San Diego,San Diego Unified,Lewis Middle,pus,Pushto; Pashto,4
37683386059638,San Diego,San Diego Unified,Lewis Middle,vie,Vietnamese,13
37683386059638,San Diego,San Diego Unified,Lewis Middle,ara,Arabic,1
37683386059638,San Diego,San Diego Unified,Lewis Middle,por,Portuguese,1
37683386059638,San Diego,San Diego Unified,Lewis Middle,rus,Russian,5
37683386059638,San Diego,San Diego Unified,Lewis Middle,per,Persian (Farsi),4
37683386059638,San Diego,San Diego Unified,Lewis Middle,mis,Uncoded languages (Other non-English languages),5
37683386059638,San Diego,San Diego Unified,Lewis Middle,lao,Lao,1
37683386059638,San Diego,San Diego Unified,Lewis Middle,spa,Spanish; Castilian,16
37683386059646,San Diego,San Diego Unified,Mann Middle,mis,Uncoded languages (Other non-English languages),16
37683386059646,San Diego,San Diego Unified,Mann Middle,kin,Kinyarwanda,1
37683386059646,San Diego,San Diego Unified,Mann Middle,ara,Arabic,2
37683386059646,San Diego,San Diego Unified,Mann Middle,spa,Spanish; Castilian,121
37683386059646,San Diego,San Diego Unified,Mann Middle,cpf,"Creoles and pidgins, French-based",11
37683386059646,San Diego,San Diego Unified,Mann Middle,por,Portuguese,1
37683386059646,San Diego,San Diego Unified,Mann Middle,khm,"Khmer, Central Khmer",1
37683386059646,San Diego,San Diego Unified,Mann Middle,swa,Swahili,8
37683386059646,San Diego,San Diego Unified,Mann Middle,vie,Vietnamese,15
37683386059646,San Diego,San Diego Unified,Mann Middle,hat,Haitian; Haitian Creole,52
37683386059646,San Diego,San Diego Unified,Mann Middle,fre,French,2
37683386059653,San Diego,San Diego Unified,Marston Middle,por,Portuguese,1
37683386059653,San Diego,San Diego Unified,Marston Middle,spa,Spanish; Castilian,19
37683386059653,San Diego,San Diego Unified,Marston Middle,tur,Turkish,1
37683386059653,San Diego,San Diego Unified,Marston Middle,vie,Vietnamese,3
37683386059679,San Diego,San Diego Unified,Montgomery Middle,per,Persian (Farsi),1
37683386059679,San Diego,San Diego Unified,Montgomery Middle,mis,Uncoded languages (Other non-English languages),2
37683386059679,San Diego,San Diego Unified,Montgomery Middle,ukr,Ukrainian,1
37683386059679,San Diego,San Diego Unified,Montgomery Middle,phi,Philippine languages,2
37683386059679,San Diego,San Diego Unified,Montgomery Middle,tha,Thai,2
37683386059679,San Diego,San Diego Unified,Montgomery Middle,tgl,Tagalog,1
37683386059679,San Diego,San Diego Unified,Montgomery Middle,por,Portuguese,3
37683386059679,San Diego,San Diego Unified,Montgomery Middle,tir,Tigrinya,1
37683386059679,San Diego,San Diego Unified,Montgomery Middle,vie,Vietnamese,13
37683386059679,San Diego,San Diego Unified,Montgomery Middle,hmn,Hmong; Mong,1
37683386059679,San Diego,San Diego Unified,Montgomery Middle,oto,Otomian languages (Mixteco),2
37683386059679,San Diego,San Diego Unified,Montgomery Middle,spa,Spanish; Castilian,70
37683386059687,San Diego,San Diego Unified,Muirlands Middle,heb,Hebrew,1
37683386059687,San Diego,San Diego Unified,Muirlands Middle,ara,Arabic,1
37683386059687,San Diego,San Diego Unified,Muirlands Middle,cmn,"Mandarin Chinese (Putonghua, Guoyu)",2
37683386059687,San Diego,San Diego Unified,Muirlands Middle,rus,Russian,1
37683386059687,San Diego,San Diego Unified,Muirlands Middle,spa,Spanish; Castilian,7
37683386059695,San Diego,San Diego Unified,Pacific Beach Middle,rus,Russian,2
37683386059695,San Diego,San Diego Unified,Pacific Beach Middle,cmn,"Mandarin Chinese (Putonghua, Guoyu)",1
37683386059695,San Diego,San Diego Unified,Pacific Beach Middle,por,Portuguese,3
37683386059695,San Diego,San Diego Unified,Pacific Beach Middle,jpn,Japanese,1
37683386059695,San Diego,San Diego Unified,Pacific Beach Middle,vie,Vietnamese,1
37683386059695,San Diego,San Diego Unified,Pacific Beach Middle,spa,Spanish; Castilian,19
37683386059703,San Diego,San Diego Unified,Roosevelt International Middle,cpf,"Creoles and pidgins, French-based",3
37683386059703,San Diego,San Diego Unified,Roosevelt International Middle,rus,Russian,6
37683386059703,San Diego,San Diego Unified,Roosevelt International Middle,tha,Thai,2
37683386059703,San Diego,San Diego Unified,Roosevelt International Middle,amh,Amharic,2
37683386059703,San Diego,San Diego Unified,Roosevelt International Middle,mis,Uncoded languages (Other non-English languages),1
37683386059703,San Diego,San Diego Unified,Roosevelt International Middle,per,Persian (Farsi),3
37683386059703,San Diego,San Diego Unified,Roosevelt International Middle,ukr,Ukrainian,1
37683386059703,San Diego,San Diego Unified,Roosevelt International Middle,ara,Arabic,2
37683386059703,San Diego,San Diego Unified,Roosevelt International Middle,hat,Haitian; Haitian Creole,1
37683386059703,San Diego,San Diego Unified,Roosevelt International Middle,spa,Spanish; Castilian,54
37683386059711,San Diego,San Diego Unified,Taft Middle,fij,Fijian,2
37683386059711,San Diego,San Diego Unified,Taft Middle,ara,Arabic,4
37683386059711,San Diego,San Diego Unified,Taft Middle,por,Portuguese,2
37683386059711,San Diego,San Diego Unified,Taft Middle,per,Persian (Farsi),2
37683386059711,San Diego,San Diego Unified,Taft Middle,uzb,Uzbek,1
37683386059711,San Diego,San Diego Unified,Taft Middle,rus,Russian,2
37683386059711,San Diego,San Diego Unified,Taft Middle,cmn,"Mandarin Chinese (Putonghua, Guoyu)",3
37683386059711,San Diego,San Diego Unified,Taft Middle,pus,Pushto; Pashto,1
37683386059711,San Diego,San Diego Unified,Taft Middle,spa,Spanish; Castilian,27
37683386059711,San Diego,San Diego Unified,Taft Middle,phi,Philippine languages,2
37683386059711,San Diego,San Diego Unified,Taft Middle,yue,Yue Chinese (Cantonese),1
37683386059711,San Diego,San Diego Unified,Taft Middle,vie,Vietnamese,3
37683386061964,San Diego,San Diego Unified,The O'Farrell Charter,fil,Filipino; Pilipino,6
37683386061964,San Diego,San Diego Unified,The O'Farrell Charter,phi,Philippine languages,10
37683386061964,San Diego,San Diego Unified,The O'Farrell Charter,hat,Haitian; Haitian Creole,1
37683386061964,San Diego,San Diego Unified,The O'Farrell Charter,som,Somali,1
37683386061964,San Diego,San Diego Unified,The O'Farrell Charter,nep,Nepali,1
37683386061964,San Diego,San Diego Unified,The O'Farrell Charter,mis,Uncoded languages (Other non-English languages),3
37683386061964,San Diego,San Diego Unified,The O'Farrell Charter,tir,Tigrinya,1
37683386061964,San Diego,San Diego Unified,The O'Farrell Charter,spa,Spanish; Castilian,227
37683386061964,San Diego,San Diego Unified,The O'Farrell Charter,lao,Lao,7
37683386061972,San Diego,San Diego Unified,Pershing Middle,hat,Haitian; Haitian Creole,1
37683386061972,San Diego,San Diego Unified,Pershing Middle,pus,Pushto; Pashto,5
37683386061972,San Diego,San Diego Unified,Pershing Middle,rus,Russian,4
37683386061972,San Diego,San Diego Unified,Pershing Middle,yue,Yue Chinese (Cantonese),1
37683386061972,San Diego,San Diego Unified,Pershing Middle,spa,Spanish; Castilian,10
37683386061972,San Diego,San Diego Unified,Pershing Middle,som,Somali,1
37683386061972,San Diego,San Diego Unified,Pershing Middle,vie,Vietnamese,2
37683386061972,San Diego,San Diego Unified,Pershing Middle,jpn,Japanese,1
37683386061980,San Diego,San Diego Unified,Wilson Middle,ara,Arabic,6
37683386061980,San Diego,San Diego Unified,Wilson Middle,amh,Amharic,2
37683386061980,San Diego,San Diego Unified,Wilson Middle,vie,Vietnamese,10
37683386061980,San Diego,San Diego Unified,Wilson Middle,mis,Uncoded languages (Other non-English languages),5
37683386061980,San Diego,San Diego Unified,Wilson Middle,por,Portuguese,3
37683386061980,San Diego,San Diego Unified,Wilson Middle,spa,Spanish; Castilian,138
37683386061980,San Diego,San Diego Unified,Wilson Middle,phi,Philippine languages,1
37683386061980,San Diego,San Diego Unified,Wilson Middle,cpf,"Creoles and pidgins, French-based",4
37683386061980,San Diego,San Diego Unified,Wilson Middle,hat,Haitian; Haitian Creole,15
37683386061980,San Diego,San Diego Unified,Wilson Middle,pus,Pushto; Pashto,1
37683386069116,San Diego,San Diego Unified,Miramar Ranch Elementary,hin,Hindi,1
37683386069116,San Diego,San Diego Unified,Miramar Ranch Elementary,per,Persian (Farsi),2
37683386069116,San Diego,San Diego Unified,Miramar Ranch Elementary,rus,Russian,3
37683386069116,San Diego,San Diego Unified,Miramar Ranch Elementary,cmn,"Mandarin Chinese (Putonghua, Guoyu)",7
37683386069116,San Diego,San Diego Unified,Miramar Ranch Elementary,mis,Uncoded languages (Other non-English languages),1
37683386069116,San Diego,San Diego Unified,Miramar Ranch Elementary,spa,Spanish; Castilian,5
37683386069116,San Diego,San Diego Unified,Miramar Ranch Elementary,tur,Turkish,1
37683386069116,San Diego,San Diego Unified,Miramar Ranch Elementary,chi,Chinese (Other Chinese languages),2
37683386069116,San Diego,San Diego Unified,Miramar Ranch Elementary,guj,Gujarati,2
37683386069116,San Diego,San Diego Unified,Miramar Ranch Elementary,jpn,Japanese,2
37683386069116,San Diego,San Diego Unified,Miramar Ranch Elementary,kor,Korean,2
37683386069116,San Diego,San Diego Unified,Miramar Ranch Elementary,vie,Vietnamese,5
37683386069116,San Diego,San Diego Unified,Miramar Ranch Elementary,fre,French,1
37683386069116,San Diego,San Diego Unified,Miramar Ranch Elementary,phi,Philippine languages,1
37683386069116,San Diego,San Diego Unified,Miramar Ranch Elementary,mar,Marathi,1
37683386069116,San Diego,San Diego Unified,Miramar Ranch Elementary,heb,Hebrew,1
37683386069116,San Diego,San Diego Unified,Miramar Ranch Elementary,por,Portuguese,2
37683386069116,San Diego,San Diego Unified,Miramar Ranch Elementary,urd,Urdu,2
37683386069116,San Diego,San Diego Unified,Miramar Ranch Elementary,tam,Tamil,1
37683386069116,San Diego,San Diego Unified,Miramar Ranch Elementary,tel,Telugu,1
37683386069116,San Diego,San Diego Unified,Miramar Ranch Elementary,yue,Yue Chinese (Cantonese),1
37683386069116,San Diego,San Diego Unified,Miramar Ranch Elementary,ita,Italian,1
37683386069116,San Diego,San Diego Unified,Miramar Ranch Elementary,swa,Swahili,1
37683386071914,San Diego,San Diego Unified,Mason Elementary,cmn,"Mandarin Chinese (Putonghua, Guoyu)",2
37683386071914,San Diego,San Diego Unified,Mason Elementary,vie,Vietnamese,11
37683386071914,San Diego,San Diego Unified,Mason Elementary,jpn,Japanese,1
37683386071914,San Diego,San Diego Unified,Mason Elementary,phi,Philippine languages,7
37683386071914,San Diego,San Diego Unified,Mason Elementary,tha,Thai,1
37683386071914,San Diego,San Diego Unified,Mason Elementary,tgl,Tagalog,2
37683386071914,San Diego,San Diego Unified,Mason Elementary,rus,Russian,2
37683386071914,San Diego,San Diego Unified,Mason Elementary,spa,Spanish; Castilian,85
37683386071914,San Diego,San Diego Unified,Mason Elementary,tam,Tamil,1
37683386071914,San Diego,San Diego Unified,Mason Elementary,pan,Panjabi; Punjabi,1
37683386077317,San Diego,San Diego Unified,Penn Elementary,spa,Spanish; Castilian,54
37683386077317,San Diego,San Diego Unified,Penn Elementary,tgl,Tagalog,3
37683386077317,San Diego,San Diego Unified,Penn Elementary,amh,Amharic,1
37683386077317,San Diego,San Diego Unified,Penn Elementary,phi,Philippine languages,7
37683386077317,San Diego,San Diego Unified,Penn Elementary,fil,Filipino; Pilipino,1
37683386077317,San Diego,San Diego Unified,Penn Elementary,mis,Uncoded languages (Other non-English languages),2
37683386077317,San Diego,San Diego Unified,Penn Elementary,vie,Vietnamese,1
37683386077317,San Diego,San Diego Unified,Penn Elementary,cpf,"Creoles and pidgins, French-based",1
37683386077317,San Diego,San Diego Unified,Penn Elementary,twi,Twi,1
37683386089015,San Diego,San Diego Unified,Ericson Elementary,ben,Bengali,1
37683386089015,San Diego,San Diego Unified,Ericson Elementary,phi,Philippine languages,9
37683386089015,San Diego,San Diego Unified,Ericson Elementary,guj,Gujarati,1
37683386089015,San Diego,San Diego Unified,Ericson Elementary,rus,Russian,4
37683386089015,San Diego,San Diego Unified,Ericson Elementary,tgl,Tagalog,1
37683386089015,San Diego,San Diego Unified,Ericson Elementary,jpn,Japanese,1
37683386089015,San Diego,San Diego Unified,Ericson Elementary,cmn,"Mandarin Chinese (Putonghua, Guoyu)",12
37683386089015,San Diego,San Diego Unified,Ericson Elementary,por,Portuguese,1
37683386089015,San Diego,San Diego Unified,Ericson Elementary,kan,Kannada,3
37683386089015,San Diego,San Diego Unified,Ericson Elementary,urd,Urdu,3
37683386089015,San Diego,San Diego Unified,Ericson Elementary,ara,Arabic,1
37683386089015,San Diego,San Diego Unified,Ericson Elementary,mal,Malayalam,1
37683386089015,San Diego,San Diego Unified,Ericson Elementary,som,Somali,1
37683386089015,San Diego,San Diego Unified,Ericson Elementary,vie,Vietnamese,17
37683386089015,San Diego,San Diego Unified,Ericson Elementary,mar,Marathi,2
37683386089015,San Diego,San Diego Unified,Ericson Elementary,yue,Yue Chinese (Cantonese),1
37683386089015,San Diego,San Diego Unified,Ericson Elementary,tam,Tamil,3
37683386089015,San Diego,San Diego Unified,Ericson Elementary,mis,Uncoded languages (Other non-English languages),1
37683386089015,San Diego,San Diego Unified,Ericson Elementary,spa,Spanish; Castilian,24
37683386089015,San Diego,San Diego Unified,Ericson Elementary,hin,Hindi,4
37683386089015,San Diego,San Diego Unified,Ericson Elementary,tel,Telugu,9
37683386089023,San Diego,San Diego Unified,Hickman Elementary,cmn,"Mandarin Chinese (Putonghua, Guoyu)",1
37683386089023,San Diego,San Diego Unified,Hickman Elementary,mis,Uncoded languages (Other non-English languages),1
37683386089023,San Diego,San Diego Unified,Hickman Elementary,som,Somali,2
37683386089023,San Diego,San Diego Unified,Hickman Elementary,phi,Philippine languages,3
37683386089023,San Diego,San Diego Unified,Hickman Elementary,vie,Vietnamese,11
37683386089023,San Diego,San Diego Unified,Hickman Elementary,kan,Kannada,1
37683386089023,San Diego,San Diego Unified,Hickman Elementary,tel,Telugu,1
37683386089023,San Diego,San Diego Unified,Hickman Elementary,per,Persian (Farsi),3
37683386089023,San Diego,San Diego Unified,Hickman Elementary,rus,Russian,3
37683386089023,San Diego,San Diego Unified,Hickman Elementary,tam,Tamil,1
37683386089023,San Diego,San Diego Unified,Hickman Elementary,yue,Yue Chinese (Cantonese),3
37683386089023,San Diego,San Diego Unified,Hickman Elementary,ara,Arabic,2
37683386089023,San Diego,San Diego Unified,Hickman Elementary,spa,Spanish; Castilian,21
37683386089049,San Diego,San Diego Unified,Sandburg Elementary,hin,Hindi,1
37683386089049,San Diego,San Diego Unified,Sandburg Elementary,phi,Philippine languages,2
37683386089049,San Diego,San Diego Unified,Sandburg Elementary,tel,Telugu,1
37683386089049,San Diego,San Diego Unified,Sandburg Elementary,kor,Korean,1
37683386089049,San Diego,San Diego Unified,Sandburg Elementary,tgl,Tagalog,2
37683386089049,San Diego,San Diego Unified,Sandburg Elementary,vie,Vietnamese,20
37683386089049,San Diego,San Diego Unified,Sandburg Elementary,por,Portuguese,3
37683386089049,San Diego,San Diego Unified,Sandburg Elementary,spa,Spanish; Castilian,14
37683386089049,San Diego,San Diego Unified,Sandburg Elementary,tur,Turkish,1
37683386089049,San Diego,San Diego Unified,Sandburg Elementary,ara,Arabic,1
37683386089049,San Diego,San Diego Unified,Sandburg Elementary,urd,Urdu,2
37683386089049,San Diego,San Diego Unified,Sandburg Elementary,cmn,"Mandarin Chinese (Putonghua, Guoyu)",6
37683386089049,San Diego,San Diego Unified,Sandburg Elementary,fil,Filipino; Pilipino,1
37683386089049,San Diego,San Diego Unified,Sandburg Elementary,lao,Lao,1
37683386089049,San Diego,San Diego Unified,Sandburg Elementary,yue,Yue Chinese (Cantonese),1
37683386089049,San Diego,San Diego Unified,Sandburg Elementary,mar,Marathi,1
37683386089049,San Diego,San Diego Unified,Sandburg Elementary,guj,Gujarati,1
37683386089049,San Diego,San Diego Unified,Sandburg Elementary,smo,Samoan,1
37683386089056,San Diego,San Diego Unified,Tierrasanta Elementary,cmn,"Mandarin Chinese (Putonghua, Guoyu)",2
37683386089056,San Diego,San Diego Unified,Tierrasanta Elementary,rus,Russian,3
37683386089056,San Diego,San Diego Unified,Tierrasanta Elementary,vie,Vietnamese,1
37683386089056,San Diego,San Diego Unified,Tierrasanta Elementary,ara,Arabic,2
37683386089056,San Diego,San Diego Unified,Tierrasanta Elementary,spa,Spanish; Castilian,6
37683386089056,San Diego,San Diego Unified,Tierrasanta Elementary,jpn,Japanese,2
37683386089064,San Diego,San Diego Unified,Walker Elementary,guj,Gujarati,1
37683386089064,San Diego,San Diego Unified,Walker Elementary,spa,Spanish; Castilian,77
37683386089064,San Diego,San Diego Unified,Walker Elementary,vie,Vietnamese,15
37683386089064,San Diego,San Diego Unified,Walker Elementary,hin,Hindi,1
37683386089064,San Diego,San Diego Unified,Walker Elementary,rus,Russian,2
37683386089064,San Diego,San Diego Unified,Walker Elementary,tgl,Tagalog,2
37683386089064,San Diego,San Diego Unified,Walker Elementary,yue,Yue Chinese (Cantonese),1
37683386089064,San Diego,San Diego Unified,Walker Elementary,cmn,"Mandarin Chinese (Putonghua, Guoyu)",1
37683386089064,San Diego,San Diego Unified,Walker Elementary,phi,Philippine languages,6
37683386089064,San Diego,San Diego Unified,Walker Elementary,som,Somali,1
37683386089064,San Diego,San Diego Unified,Walker Elementary,mis,Uncoded languages (Other non-English languages),1
37683386089064,San Diego,San Diego Unified,Walker Elementary,pus,Pushto; Pashto,1
37683386089064,San Diego,San Diego Unified,Walker Elementary,pan,Panjabi; Punjabi,1
37683386089064,San Diego,San Diego Unified,Walker Elementary,tel,Telugu,1
37683386089064,San Diego,San Diego Unified,Walker Elementary,ukr,Ukrainian,1
37683386089064,San Diego,San Diego Unified,Walker Elementary,urd,Urdu,1
37683386089064,San Diego,San Diego Unified,Walker Elementary,per,Persian (Farsi),1
37683386093256,San Diego,San Diego Unified,Miller Elementary,spa,Spanish; Castilian,13
37683386093256,San Diego,San Diego Unified,Miller Elementary,jpn,Japanese,2
37683386093256,San Diego,San Diego Unified,Miller Elementary,per,Persian (Farsi),1
37683386093256,San Diego,San Diego Unified,Miller Elementary,tgl,Tagalog,2
37683386093256,San Diego,San Diego Unified,Miller Elementary,pus,Pushto; Pashto,3
37683386093256,San Diego,San Diego Unified,Miller Elementary,nav,Navajo; Navaho,1
37683386093256,San Diego,San Diego Unified,Miller Elementary,khm,"Khmer, Central Khmer",2
37683386093256,San Diego,San Diego Unified,Miller Elementary,hat,Haitian; Haitian Creole,1
37683386093256,San Diego,San Diego Unified,Miller Elementary,phi,Philippine languages,1
37683386093256,San Diego,San Diego Unified,Miller Elementary,rus,Russian,1
37683386096051,San Diego,San Diego Unified,Hancock Elementary,phi,Philippine languages,1
37683386096051,San Diego,San Diego Unified,Hancock Elementary,spa,Spanish; Castilian,12
37683386096051,San Diego,San Diego Unified,Hancock Elementary,jpn,Japanese,1
37683386096598,San Diego,San Diego Unified,Standley Middle,por,Portuguese,2
37683386096598,San Diego,San Diego Unified,Standley Middle,mar,Marathi,1
37683386096598,San Diego,San Diego Unified,Standley Middle,mis,Uncoded languages (Other non-English languages),1
37683386096598,San Diego,San Diego Unified,Standley Middle,ben,Bengali,1
37683386096598,San Diego,San Diego Unified,Standley Middle,tel,Telugu,1
37683386096598,San Diego,San Diego Unified,Standley Middle,ukr,Ukrainian,1
37683386096598,San Diego,San Diego Unified,Standley Middle,rus,Russian,4
37683386096598,San Diego,San Diego Unified,Standley Middle,spa,Spanish; Castilian,29
37683386096598,San Diego,San Diego Unified,Standley Middle,cmn,"Mandarin Chinese (Putonghua, Guoyu)",5
37683386096598,San Diego,San Diego Unified,Standley Middle,som,Somali,1
37683386096598,San Diego,San Diego Unified,Standley Middle,ara,Arabic,3
37683386096598,San Diego,San Diego Unified,Standley Middle,jpn,Japanese,6
37683386096879,San Diego,San Diego Unified,Dailard Elementary,nor,Norwegian,2
37683386096879,San Diego,San Diego Unified,Dailard Elementary,spa,Spanish; Castilian,3
37683386096879,San Diego,San Diego Unified,Dailard Elementary,tur,Turkish,1
37683386096879,San Diego,San Diego Unified,Dailard Elementary,por,Portuguese,1
37683386096879,San Diego,San Diego Unified,Dailard Elementary,jpn,Japanese,1
37683386097844,San Diego,San Diego Unified,Wangenheim Middle,per,Persian (Farsi),1
37683386097844,San Diego,San Diego Unified,Wangenheim Middle,chi,Chinese (Other Chinese languages),1
37683386097844,San Diego,San Diego Unified,Wangenheim Middle,mis,Uncoded languages (Other non-English languages),2
37683386097844,San Diego,San Diego Unified,Wangenheim Middle,tam,Tamil,1
37683386097844,San Diego,San Diego Unified,Wangenheim Middle,vie,Vietnamese,18
37683386097844,San Diego,San Diego Unified,Wangenheim Middle,lao,Lao,1
37683386097844,San Diego,San Diego Unified,Wangenheim Middle,ukr,Ukrainian,1
37683386097844,San Diego,San Diego Unified,Wangenheim Middle,phi,Philippine languages,11
37683386097844,San Diego,San Diego Unified,Wangenheim Middle,uzb,Uzbek,1
37683386097844,San Diego,San Diego Unified,Wangenheim Middle,tel,Telugu,2
37683386097844,San Diego,San Diego Unified,Wangenheim Middle,rus,Russian,3
37683386097844,San Diego,San Diego Unified,Wangenheim Middle,pus,Pushto; Pashto,2
37683386097844,San Diego,San Diego Unified,Wangenheim Middle,ara,Arabic,1
37683386097844,San Diego,San Diego Unified,Wangenheim Middle,cmn,"Mandarin Chinese (Putonghua, Guoyu)",2
37683386097844,San Diego,San Diego Unified,Wangenheim Middle,por,Portuguese,1
37683386097844,San Diego,San Diego Unified,Wangenheim Middle,spa,Spanish; Castilian,70
37683386099055,San Diego,San Diego Unified,Doyle Elementary,hin,Hindi,6
37683386099055,San Diego,San Diego Unified,Doyle Elementary,jpn,Japanese,29
37683386099055,San Diego,San Diego Unified,Doyle Elementary,cmn,"Mandarin Chinese (Putonghua, Guoyu)",14
37683386099055,San Diego,San Diego Unified,Doyle Elementary,gre,"Greek, Modern (1453-)",1
37683386099055,San Diego,San Diego Unified,Doyle Elementary,spa,Spanish; Castilian,26
37683386099055,San Diego,San Diego Unified,Doyle Elementary,mal,Malayalam,1
37683386099055,San Diego,San Diego Unified,Doyle Elementary,sin,Sinhala; Sinhalese,1
37683386099055,San Diego,San Diego Unified,Doyle Elementary,fre,French,1
37683386099055,San Diego,San Diego Unified,Doyle Elementary,per,Persian (Farsi),1
37683386099055,San Diego,San Diego Unified,Doyle Elementary,ara,Arabic,2
37683386099055,San Diego,San Diego Unified,Doyle Elementary,chi,Chinese (Other Chinese languages),2
37683386099055,San Diego,San Diego Unified,Doyle Elementary,kor,Korean,10
37683386099055,San Diego,San Diego Unified,Doyle Elementary,nep,Nepali,1
37683386099055,San Diego,San Diego Unified,Doyle Elementary,ukr,Ukrainian,6
37683386099055,San Diego,San Diego Unified,Doyle Elementary,yue,Yue Chinese (Cantonese),1
37683386099055,San Diego,San Diego Unified,Doyle Elementary,dan,Danish,1
37683386099055,San Diego,San Diego Unified,Doyle Elementary,kaz,Kazakh,6
37683386099055,San Diego,San Diego Unified,Doyle Elementary,mis,Uncoded languages (Other non-English languages),3
37683386099055,San Diego,San Diego Unified,Doyle Elementary,rus,Russian,22
37683386099055,San Diego,San Diego Unified,Doyle Elementary,tur,Turkish,3
37683386099055,San Diego,San Diego Unified,Doyle Elementary,mar,Marathi,2
37683386099055,San Diego,San Diego Unified,Doyle Elementary,pus,Pushto; Pashto,1
37683386099055,San Diego,San Diego Unified,Doyle Elementary,ita,Italian,1
37683386099055,San Diego,San Diego Unified,Doyle Elementary,por,Portuguese,3
37683386099055,San Diego,San Diego Unified,Doyle Elementary,ben,Bengali,1
37683386099055,San Diego,San Diego Unified,Doyle Elementary,urd,Urdu,1
37683386099063,San Diego,San Diego Unified,Farb Middle,phi,Philippine languages,1
37683386099063,San Diego,San Diego Unified,Farb Middle,spa,Spanish; Castilian,8
37683386099063,San Diego,San Diego Unified,Farb Middle,tgl,Tagalog,1
37683386099063,San Diego,San Diego Unified,Farb Middle,mar,Marathi,1
37683386099071,San Diego,San Diego Unified,Jerabek Elementary,por,Portuguese,1
37683386099071,San Diego,San Diego Unified,Jerabek Elementary,yue,Yue Chinese (Cantonese),1
37683386099071,San Diego,San Diego Unified,Jerabek Elementary,ori,Oriya,1
37683386099071,San Diego,San Diego Unified,Jerabek Elementary,rus,Russian,4
37683386099071,San Diego,San Diego Unified,Jerabek Elementary,kor,Korean,1
37683386099071,San Diego,San Diego Unified,Jerabek Elementary,spa,Spanish; Castilian,10
37683386099071,San Diego,San Diego Unified,Jerabek Elementary,cmn,"Mandarin Chinese (Putonghua, Guoyu)",5
37683386099071,San Diego,San Diego Unified,Jerabek Elementary,heb,Hebrew,3
37683386099071,San Diego,San Diego Unified,Jerabek Elementary,per,Persian (Farsi),6
37683386099071,San Diego,San Diego Unified,Jerabek Elementary,ara,Arabic,1
37683386099071,San Diego,San Diego Unified,Jerabek Elementary,mar,Marathi,2
37683386099071,San Diego,San Diego Unified,Jerabek Elementary,phi,Philippine languages,1
37683386099089,San Diego,San Diego Unified,Vista Grande Elementary,rus,Russian,4
37683386099089,San Diego,San Diego Unified,Vista Grande Elementary,chi,Chinese (Other Chinese languages),1
37683386099089,San Diego,San Diego Unified,Vista Grande Elementary,spa,Spanish; Castilian,10
37683386099089,San Diego,San Diego Unified,Vista Grande Elementary,jpn,Japanese,1
37683386099089,San Diego,San Diego Unified,Vista Grande Elementary,ara,Arabic,1
37683386099089,San Diego,San Diego Unified,Vista Grande Elementary,vie,Vietnamese,3
37683386106173,San Diego,San Diego Unified,Bethune K-8,phi,Philippine languages,11
37683386106173,San Diego,San Diego Unified,Bethune K-8,tgl,Tagalog,4
37683386106173,San Diego,San Diego Unified,Bethune K-8,jpn,Japanese,2
37683386106173,San Diego,San Diego Unified,Bethune K-8,spa,Spanish; Castilian,14
37683386106173,San Diego,San Diego Unified,Bethune K-8,cmn,"Mandarin Chinese (Putonghua, Guoyu)",1
37683386106173,San Diego,San Diego Unified,Bethune K-8,fil,Filipino; Pilipino,2
37683386106181,San Diego,San Diego Unified,De Portola Middle,spa,Spanish; Castilian,15
37683386106181,San Diego,San Diego Unified,De Portola Middle,rus,Russian,1
37683386106181,San Diego,San Diego Unified,De Portola Middle,vie,Vietnamese,1
37683386106181,San Diego,San Diego Unified,De Portola Middle,cmn,"Mandarin Chinese (Putonghua, Guoyu)",1
37683386106181,San Diego,San Diego Unified,De Portola Middle,per,Persian (Farsi),1
37683386106181,San Diego,San Diego Unified,De Portola Middle,jpn,Japanese,2
37683386106199,San Diego,San Diego Unified,Zamorano Elementary,crp,Creoles and pidgins,1
37683386106199,San Diego,San Diego Unified,Zamorano Elementary,tgl,Tagalog,7
37683386106199,San Diego,San Diego Unified,Zamorano Elementary,mis,Uncoded languages (Other non-English languages),1
37683386106199,San Diego,San Diego Unified,Zamorano Elementary,som,Somali,7
37683386106199,San Diego,San Diego Unified,Zamorano Elementary,vie,Vietnamese,1
37683386106199,San Diego,San Diego Unified,Zamorano Elementary,jpn,Japanese,2
37683386106199,San Diego,San Diego Unified,Zamorano Elementary,swa,Swahili,1
37683386106199,San Diego,San Diego Unified,Zamorano Elementary,hat,Haitian; Haitian Creole,1
37683386106199,San Diego,San Diego Unified,Zamorano Elementary,phi,Philippine languages,14
37683386106199,San Diego,San Diego Unified,Zamorano Elementary,cpf,"Creoles and pidgins, French-based",1
37683386106199,San Diego,San Diego Unified,Zamorano Elementary,por,Portuguese,1
37683386106199,San Diego,San Diego Unified,Zamorano Elementary,fil,Filipino; Pilipino,1
37683386106199,San Diego,San Diego Unified,Zamorano Elementary,spa,Spanish; Castilian,90
37683386106199,San Diego,San Diego Unified,Zamorano Elementary,cld,Chaldean Neo-Aramaic (Chaldean),1
37683386106199,San Diego,San Diego Unified,Zamorano Elementary,per,Persian (Farsi),1
37683386106199,San Diego,San Diego Unified,Zamorano Elementary,ara,Arabic,2
37683386107056,San Diego,San Diego Unified,Challenger Middle,kor,Korean,1
37683386107056,San Diego,San Diego Unified,Challenger Middle,lao,Lao,2
37683386107056,San Diego,San Diego Unified,Challenger Middle,per,Persian (Farsi),6
37683386107056,San Diego,San Diego Unified,Challenger Middle,pus,Pushto; Pashto,3
37683386107056,San Diego,San Diego Unified,Challenger Middle,por,Portuguese,1
37683386107056,San Diego,San Diego Unified,Challenger Middle,spa,Spanish; Castilian,18
37683386107056,San Diego,San Diego Unified,Challenger Middle,vie,Vietnamese,9
37683386107056,San Diego,San Diego Unified,Challenger Middle,cmn,"Mandarin Chinese (Putonghua, Guoyu)",6
37683386107056,San Diego,San Diego Unified,Challenger Middle,phi,Philippine languages,7
37683386109599,San Diego,San Diego Unified,Hage Elementary,mis,Uncoded languages (Other non-English languages),1
37683386109599,San Diego,San Diego Unified,Hage Elementary,vie,Vietnamese,23
37683386109599,San Diego,San Diego Unified,Hage Elementary,hin,Hindi,1
37683386109599,San Diego,San Diego Unified,Hage Elementary,pan,Panjabi; Punjabi,1
37683386109599,San Diego,San Diego Unified,Hage Elementary,kor,Korean,1
37683386109599,San Diego,San Diego Unified,Hage Elementary,per,Persian (Farsi),7
37683386109599,San Diego,San Diego Unified,Hage Elementary,spa,Spanish; Castilian,27
37683386109599,San Diego,San Diego Unified,Hage Elementary,tam,Tamil,1
37683386109599,San Diego,San Diego Unified,Hage Elementary,cmn,"Mandarin Chinese (Putonghua, Guoyu)",3
37683386109599,San Diego,San Diego Unified,Hage Elementary,por,Portuguese,1
37683386109599,San Diego,San Diego Unified,Hage Elementary,tel,Telugu,4
37683386109599,San Diego,San Diego Unified,Hage Elementary,tgl,Tagalog,1
37683386109599,San Diego,San Diego Unified,Hage Elementary,ukr,Ukrainian,5
37683386109599,San Diego,San Diego Unified,Hage Elementary,phi,Philippine languages,7
37683386109599,San Diego,San Diego Unified,Hage Elementary,pus,Pushto; Pashto,3
37683386109599,San Diego,San Diego Unified,Hage Elementary,ara,Arabic,1
37683386109599,San Diego,San Diego Unified,Hage Elementary,kur,Kurdish,1
37683386109599,San Diego,San Diego Unified,Hage Elementary,rus,Russian,7
37683386112460,San Diego,San Diego Unified,Kumeyaay Elementary,ukr,Ukrainian,1
37683386112460,San Diego,San Diego Unified,Kumeyaay Elementary,tur,Turkish,1
37683386112460,San Diego,San Diego Unified,Kumeyaay Elementary,rus,Russian,4
37683386112460,San Diego,San Diego Unified,Kumeyaay Elementary,ara,Arabic,1
37683386112460,San Diego,San Diego Unified,Kumeyaay Elementary,cmn,"Mandarin Chinese (Putonghua, Guoyu)",4
37683386112460,San Diego,San Diego Unified,Kumeyaay Elementary,spa,Spanish; Castilian,2
37683386112460,San Diego,San Diego Unified,Kumeyaay Elementary,mis,Uncoded languages (Other non-English languages),1
37683386112460,San Diego,San Diego Unified,Kumeyaay Elementary,chi,Chinese (Other Chinese languages),1
37683386112478,San Diego,San Diego Unified,Nye Elementary,tir,Tigrinya,2
37683386112478,San Diego,San Diego Unified,Nye Elementary,ara,Arabic,2
37683386112478,San Diego,San Diego Unified,Nye Elementary,mis,Uncoded languages (Other non-English languages),1
37683386112478,San Diego,San Diego Unified,Nye Elementary,spa,Spanish; Castilian,22
37683386112478,San Diego,San Diego Unified,Nye Elementary,phi,Philippine languages,6
37683386112478,San Diego,San Diego Unified,Nye Elementary,lao,Lao,1
37683386112478,San Diego,San Diego Unified,Nye Elementary,smo,Samoan,1
37683386112478,San Diego,San Diego Unified,Nye Elementary,vie,Vietnamese,2
37683386112478,San Diego,San Diego Unified,Nye Elementary,fil,Filipino; Pilipino,1
37683386112478,San Diego,San Diego Unified,Nye Elementary,per,Persian (Farsi),3
37683386112726,San Diego,San Diego Unified,Dingeman Elementary,hin,Hindi,3
37683386112726,San Diego,San Diego Unified,Dingeman Elementary,kan,Kannada,4
37683386112726,San Diego,San Diego Unified,Dingeman Elementary,ukr,Ukrainian,1
37683386112726,San Diego,San Diego Unified,Dingeman Elementary,vie,Vietnamese,1
37683386112726,San Diego,San Diego Unified,Dingeman Elementary,yue,Yue Chinese (Cantonese),2
37683386112726,San Diego,San Diego Unified,Dingeman Elementary,jpn,Japanese,1
37683386112726,San Diego,San Diego Unified,Dingeman Elementary,tel,Telugu,8
37683386112726,San Diego,San Diego Unified,Dingeman Elementary,guj,Gujarati,1
37683386112726,San Diego,San Diego Unified,Dingeman Elementary,cmn,"Mandarin Chinese (Putonghua, Guoyu)",7
37683386112726,San Diego,San Diego Unified,Dingeman Elementary,spa,Spanish; Castilian,6
37683386112726,San Diego,San Diego Unified,Dingeman Elementary,per,Persian (Farsi),4
37683386112726,San Diego,San Diego Unified,Dingeman Elementary,amh,Amharic,1
37683386112726,San Diego,San Diego Unified,Dingeman Elementary,kor,Korean,3
37683386112726,San Diego,San Diego Unified,Dingeman Elementary,urd,Urdu,2
37683386112726,San Diego,San Diego Unified,Dingeman Elementary,tur,Turkish,1
37683386112726,San Diego,San Diego Unified,Dingeman Elementary,mar,Marathi,2
37683386112726,San Diego,San Diego Unified,Dingeman Elementary,rus,Russian,2
37683386112726,San Diego,San Diego Unified,Dingeman Elementary,ara,Arabic,1
37683386112726,San Diego,San Diego Unified,Dingeman Elementary,cpf,"Creoles and pidgins, French-based",1
37683386112726,San Diego,San Diego Unified,Dingeman Elementary,por,Portuguese,1
37683386112726,San Diego,San Diego Unified,Dingeman Elementary,qaa,Taiwanese,2
37683386112726,San Diego,San Diego Unified,Dingeman Elementary,tam,Tamil,3
37683386113211,San Diego,San Diego Unified,McGill School of Success,tir,Tigrinya,1
37683386113211,San Diego,San Diego Unified,McGill School of Success,pus,Pushto; Pashto,1
37683386113211,San Diego,San Diego Unified,McGill School of Success,spa,Spanish; Castilian,35
37683386114060,San Diego,San Diego Unified,Clark Middle,pus,Pushto; Pashto,1
37683386114060,San Diego,San Diego Unified,Clark Middle,amh,Amharic,1
37683386114060,San Diego,San Diego Unified,Clark Middle,ceb,"Cebuano (Bisayan, Visayan)",1
37683386114060,San Diego,San Diego Unified,Clark Middle,phi,Philippine languages,1
37683386114060,San Diego,San Diego Unified,Clark Middle,por,Portuguese,2
37683386114060,San Diego,San Diego Unified,Clark Middle,fre,French,1
37683386114060,San Diego,San Diego Unified,Clark Middle,khm,"Khmer, Central Khmer",1
37683386114060,San Diego,San Diego Unified,Clark Middle,alb,Albanian,1
37683386114060,San Diego,San Diego Unified,Clark Middle,cpf,"Creoles and pidgins, French-based",7
37683386114060,San Diego,San Diego Unified,Clark Middle,per,Persian (Farsi),2
37683386114060,San Diego,San Diego Unified,Clark Middle,mis,Uncoded languages (Other non-English languages),9
37683386114060,San Diego,San Diego Unified,Clark Middle,mkh,Mon-Khmer languages,1
37683386114060,San Diego,San Diego Unified,Clark Middle,spa,Spanish; Castilian,135
37683386114060,San Diego,San Diego Unified,Clark Middle,hat,Haitian; Haitian Creole,11
37683386114060,San Diego,San Diego Unified,Clark Middle,ara,Arabic,3
37683386114060,San Diego,San Diego Unified,Clark Middle,smo,Samoan,1
37683386114060,San Diego,San Diego Unified,Clark Middle,vie,Vietnamese,5
37683386114292,San Diego,San Diego Unified,Kimbrough Elementary,mis,Uncoded languages (Other non-English languages),3
37683386114292,San Diego,San Diego Unified,Kimbrough Elementary,som,Somali,2
37683386114292,San Diego,San Diego Unified,Kimbrough Elementary,spa,Spanish; Castilian,131
37683386114292,San Diego,San Diego Unified,Kimbrough Elementary,per,Persian (Farsi),1
37683386114300,San Diego,San Diego Unified,Chavez Elementary,lao,Lao,1
37683386114300,San Diego,San Diego Unified,Chavez Elementary,cpf,"Creoles and pidgins, French-based",3
37683386114300,San Diego,San Diego Unified,Chavez Elementary,per,Persian (Farsi),1
37683386114300,San Diego,San Diego Unified,Chavez Elementary,spa,Spanish; Castilian,112
37683386114375,San Diego,San Diego Unified,Rosa Parks Elementary,mis,Uncoded languages (Other non-English languages),6
37683386114375,San Diego,San Diego Unified,Rosa Parks Elementary,spa,Spanish; Castilian,307
37683386114375,San Diego,San Diego Unified,Rosa Parks Elementary,phi,Philippine languages,2
37683386114375,San Diego,San Diego Unified,Rosa Parks Elementary,cpf,"Creoles and pidgins, French-based",15
37683386114375,San Diego,San Diego Unified,Rosa Parks Elementary,lao,Lao,2
37683386114375,San Diego,San Diego Unified,Rosa Parks Elementary,swa,Swahili,1
37683386114375,San Diego,San Diego Unified,Rosa Parks Elementary,kar,Karen languages,6
37683386114375,San Diego,San Diego Unified,Rosa Parks Elementary,vie,Vietnamese,31
37683386114375,San Diego,San Diego Unified,Rosa Parks Elementary,khm,"Khmer, Central Khmer",2
37683386114375,San Diego,San Diego Unified,Rosa Parks Elementary,por,Portuguese,1
37683386114375,San Diego,San Diego Unified,Rosa Parks Elementary,hat,Haitian; Haitian Creole,16
37683386114375,San Diego,San Diego Unified,Rosa Parks Elementary,som,Somali,1
37683386114375,San Diego,San Diego Unified,Rosa Parks Elementary,per,Persian (Farsi),2
37683386114375,San Diego,San Diego Unified,Rosa Parks Elementary,yue,Yue Chinese (Cantonese),2
37683386115331,San Diego,San Diego Unified,Marshall Middle,guj,Gujarati,1
37683386115331,San Diego,San Diego Unified,Marshall Middle,rus,Russian,2
37683386115331,San Diego,San Diego Unified,Marshall Middle,phi,Philippine languages,2
37683386115331,San Diego,San Diego Unified,Marshall Middle,per,Persian (Farsi),3
37683386115331,San Diego,San Diego Unified,Marshall Middle,swa,Swahili,1
37683386115331,San Diego,San Diego Unified,Marshall Middle,vie,Vietnamese,1
37683386115331,San Diego,San Diego Unified,Marshall Middle,spa,Spanish; Castilian,3
37683386115331,San Diego,San Diego Unified,Marshall Middle,kor,Korean,2
37683386115331,San Diego,San Diego Unified,Marshall Middle,tel,Telugu,1
37683386115331,San Diego,San Diego Unified,Marshall Middle,jpn,Japanese,1
37683386115331,San Diego,San Diego Unified,Marshall Middle,som,Somali,1
37683386115331,San Diego,San Diego Unified,Marshall Middle,cmn,"Mandarin Chinese (Putonghua, Guoyu)",9
37683386115570,San Diego,San Diego Unified,Museum,spa,Spanish; Castilian,15
37683386115570,San Diego,San Diego Unified,Museum,ukr,Ukrainian,1
37683386115570,San Diego,San Diego Unified,Museum,mis,Uncoded languages (Other non-English languages),1
37683386115570,San Diego,San Diego Unified,Museum,pus,Pushto; Pashto,1
37683386115570,San Diego,San Diego Unified,Museum,phi,Philippine languages,1
37683386115570,San Diego,San Diego Unified,Museum,jpn,Japanese,1
37683386117279,San Diego,San Diego Unified,Holly Drive Leadership Academy,spa,Spanish; Castilian,11
37683386117279,San Diego,San Diego Unified,Holly Drive Leadership Academy,fre,French,1
37683386117279,San Diego,San Diego Unified,Holly Drive Leadership Academy,cpf,"Creoles and pidgins, French-based",1
37683386117279,San Diego,San Diego Unified,Holly Drive Leadership Academy,tir,Tigrinya,1
37683386117683,San Diego,San Diego Unified,High Tech Elementary Explorer,spa,Spanish; Castilian,24
37683386117683,San Diego,San Diego Unified,High Tech Elementary Explorer,lao,Lao,1
37683386117683,San Diego,San Diego Unified,High Tech Elementary Explorer,jpn,Japanese,2
37683386117683,San Diego,San Diego Unified,High Tech Elementary Explorer,amh,Amharic,1
37683386117683,San Diego,San Diego Unified,High Tech Elementary Explorer,por,Portuguese,3
37683386117683,San Diego,San Diego Unified,High Tech Elementary Explorer,ita,Italian,1
37683386117683,San Diego,San Diego Unified,High Tech Elementary Explorer,kur,Kurdish,1
37683386117683,San Diego,San Diego Unified,High Tech Elementary Explorer,cmn,"Mandarin Chinese (Putonghua, Guoyu)",1
37683386119135,San Diego,San Diego Unified,Scripps Elementary,rus,Russian,2
37683386119135,San Diego,San Diego Unified,Scripps Elementary,ben,Bengali,1
37683386119135,San Diego,San Diego Unified,Scripps Elementary,tam,Tamil,3
37683386119135,San Diego,San Diego Unified,Scripps Elementary,kan,Kannada,1
37683386119135,San Diego,San Diego Unified,Scripps Elementary,per,Persian (Farsi),2
37683386119135,San Diego,San Diego Unified,Scripps Elementary,mar,Marathi,2
37683386119135,San Diego,San Diego Unified,Scripps Elementary,vie,Vietnamese,3
37683386119135,San Diego,San Diego Unified,Scripps Elementary,cmn,"Mandarin Chinese (Putonghua, Guoyu)",6
37683386119135,San Diego,San Diego Unified,Scripps Elementary,kor,Korean,5
37683386119135,San Diego,San Diego Unified,Scripps Elementary,pan,Panjabi; Punjabi,1
37683386119135,San Diego,San Diego Unified,Scripps Elementary,urd,Urdu,3
37683386119135,San Diego,San Diego Unified,Scripps Elementary,ukr,Ukrainian,2
37683386119135,San Diego,San Diego Unified,Scripps Elementary,guj,Gujarati,1
37683386119135,San Diego,San Diego Unified,Scripps Elementary,tel,Telugu,4
37683386119135,San Diego,San Diego Unified,Scripps Elementary,spa,Spanish; Castilian,1
37683386119168,San Diego,San Diego Unified,San Diego Cooperative Charter,som,Somali,3
37683386119168,San Diego,San Diego Unified,San Diego Cooperative Charter,hat,Haitian; Haitian Creole,1
37683386119168,San Diego,San Diego Unified,San Diego Cooperative Charter,jpn,Japanese,2
37683386119168,San Diego,San Diego Unified,San Diego Cooperative Charter,per,Persian (Farsi),2
37683386119168,San Diego,San Diego Unified,San Diego Cooperative Charter,phi,Philippine languages,2
37683386119168,San Diego,San Diego Unified,San Diego Cooperative Charter,por,Portuguese,1
37683386119168,San Diego,San Diego Unified,San Diego Cooperative Charter,vie,Vietnamese,3
37683386119168,San Diego,San Diego Unified,San Diego Cooperative Charter,spa,Spanish; Castilian,35
37683386119598,San Diego,San Diego Unified,King-Chavez Academy of Excellence,spa,Spanish; Castilian,110
37683460106328,San Diego,San Dieguito Union High,Canyon Crest Academy,jpn,Japanese,1
37683460106328,San Diego,San Dieguito Union High,Canyon Crest Academy,cmn,"Mandarin Chinese (Putonghua, Guoyu)",6
37683460106328,San Diego,San Dieguito Union High,Canyon Crest Academy,kaz,Kazakh,2
37683460106328,San Diego,San Dieguito Union High,Canyon Crest Academy,mis,Uncoded languages (Other non-English languages),1
37683460106328,San Diego,San Dieguito Union High,Canyon Crest Academy,spa,Spanish; Castilian,1
37683460106328,San Diego,San Dieguito Union High,Canyon Crest Academy,ukr,Ukrainian,1
37683460106328,San Diego,San Dieguito Union High,Canyon Crest Academy,rus,Russian,1
37683460106328,San Diego,San Dieguito Union High,Canyon Crest Academy,kor,Korean,1
37683460131649,San Diego,San Dieguito Union High,Pacific Trails Middle,cmn,"Mandarin Chinese (Putonghua, Guoyu)",9
37683460131649,San Diego,San Dieguito Union High,Pacific Trails Middle,heb,Hebrew,1
37683460131649,San Diego,San Dieguito Union High,Pacific Trails Middle,spa,Spanish; Castilian,2
37683460131649,San Diego,San Dieguito Union High,Pacific Trails Middle,per,Persian (Farsi),2
37683460131649,San Diego,San Dieguito Union High,Pacific Trails Middle,rus,Russian,5
37683460131649,San Diego,San Dieguito Union High,Pacific Trails Middle,chi,Chinese (Other Chinese languages),2
37683460131649,San Diego,San Dieguito Union High,Pacific Trails Middle,jpn,Japanese,1
37683460131649,San Diego,San Dieguito Union High,Pacific Trails Middle,ukr,Ukrainian,1
37683460131649,San Diego,San Dieguito Union High,Pacific Trails Middle,ara,Arabic,1
37683460131649,San Diego,San Dieguito Union High,Pacific Trails Middle,kor,Korean,8
37683463730033,San Diego,San Dieguito Union High,Torrey Pines High,cmn,"Mandarin Chinese (Putonghua, Guoyu)",34
37683463730033,San Diego,San Dieguito Union High,Torrey Pines High,heb,Hebrew,3
37683463730033,San Diego,San Dieguito Union High,Torrey Pines High,spa,Spanish; Castilian,39
37683463730033,San Diego,San Dieguito Union High,Torrey Pines High,tur,Turkish,1
37683463730033,San Diego,San Dieguito Union High,Torrey Pines High,kor,Korean,11
37683463730033,San Diego,San Dieguito Union High,Torrey Pines High,hin,Hindi,1
37683463730033,San Diego,San Dieguito Union High,Torrey Pines High,pus,Pushto; Pashto,4
37683463730033,San Diego,San Dieguito Union High,Torrey Pines High,mis,Uncoded languages (Other non-English languages),2
37683463730033,San Diego,San Dieguito Union High,Torrey Pines High,yue,Yue Chinese (Cantonese),4
37683463730033,San Diego,San Dieguito Union High,Torrey Pines High,ara,Arabic,3
37683463730033,San Diego,San Dieguito Union High,Torrey Pines High,ota,"Turkish, Ottoman (1500-1928)",1
37683463730033,San Diego,San Dieguito Union High,Torrey Pines High,por,Portuguese,1
37683463730033,San Diego,San Dieguito Union High,Torrey Pines High,jpn,Japanese,8
37683463730033,San Diego,San Dieguito Union High,Torrey Pines High,tha,Thai,1
37683463730033,San Diego,San Dieguito Union High,Torrey Pines High,ger,German,1
37683463730033,San Diego,San Dieguito Union High,Torrey Pines High,ukr,Ukrainian,3
37683463730033,San Diego,San Dieguito Union High,Torrey Pines High,rus,Russian,9
37683463730033,San Diego,San Dieguito Union High,Torrey Pines High,per,Persian (Farsi),2
37683463731007,San Diego,San Dieguito Union High,La Costa Canyon High,spa,Spanish; Castilian,24
37683463731007,San Diego,San Dieguito Union High,La Costa Canyon High,ara,Arabic,1
37683463731007,San Diego,San Dieguito Union High,La Costa Canyon High,por,Portuguese,2
37683463731007,San Diego,San Dieguito Union High,La Costa Canyon High,swe,Swedish,1
37683463737384,San Diego,San Dieguito Union High,Sunset High (Continuation),spa,Spanish; Castilian,6
37683463737418,San Diego,San Dieguito Union High,San Dieguito HS Academy,mis,Uncoded languages (Other non-English languages),2
37683463737418,San Diego,San Dieguito Union High,San Dieguito HS Academy,spa,Spanish; Castilian,65
37683463737418,San Diego,San Dieguito Union High,San Dieguito HS Academy,kor,Korean,1
37683463737418,San Diego,San Dieguito Union High,San Dieguito HS Academy,ukr,Ukrainian,2
37683463737418,San Diego,San Dieguito Union High,San Dieguito HS Academy,ara,Arabic,1
37683466059737,San Diego,San Dieguito Union High,Oak Crest Middle,spa,Spanish; Castilian,19
37683466059737,San Diego,San Dieguito Union High,Oak Crest Middle,fre,French,1
37683466059737,San Diego,San Dieguito Union High,Oak Crest Middle,pan,Panjabi; Punjabi,1
37683466059737,San Diego,San Dieguito Union High,Oak Crest Middle,ukr,Ukrainian,1
37683466061998,San Diego,San Dieguito Union High,Earl Warren Middle,fre,French,1
37683466061998,San Diego,San Dieguito Union High,Earl Warren Middle,ukr,Ukrainian,1
37683466061998,San Diego,San Dieguito Union High,Earl Warren Middle,cmn,"Mandarin Chinese (Putonghua, Guoyu)",2
37683466061998,San Diego,San Dieguito Union High,Earl Warren Middle,spa,Spanish; Castilian,11
37683466104749,San Diego,San Dieguito Union High,Diegueno Middle,rus,Russian,1
37683466104749,San Diego,San Dieguito Union High,Diegueno Middle,bur,Burmese,1
37683466104749,San Diego,San Dieguito Union High,Diegueno Middle,spa,Spanish; Castilian,15
37683466104749,San Diego,San Dieguito Union High,Diegueno Middle,mis,Uncoded languages (Other non-English languages),1
37683466117352,San Diego,San Dieguito Union High,Carmel Valley Middle,jpn,Japanese,7
37683466117352,San Diego,San Dieguito Union High,Carmel Valley Middle,kor,Korean,11
37683466117352,San Diego,San Dieguito Union High,Carmel Valley Middle,spa,Spanish; Castilian,2
37683466117352,San Diego,San Dieguito Union High,Carmel Valley Middle,yue,Yue Chinese (Cantonese),2
37683466117352,San Diego,San Dieguito Union High,Carmel Valley Middle,fre,French,1
37683466117352,San Diego,San Dieguito Union High,Carmel Valley Middle,tur,Turkish,1
37683466117352,San Diego,San Dieguito Union High,Carmel Valley Middle,ukr,Ukrainian,2
37683466117352,San Diego,San Dieguito Union High,Carmel Valley Middle,rus,Russian,2
37683466117352,San Diego,San Dieguito Union High,Carmel Valley Middle,ara,Arabic,1
37683466117352,San Diego,San Dieguito Union High,Carmel Valley Middle,cmn,"Mandarin Chinese (Putonghua, Guoyu)",15
37683466117352,San Diego,San Dieguito Union High,Carmel Valley Middle,heb,Hebrew,1
37683466117352,San Diego,San Dieguito Union High,Carmel Valley Middle,vie,Vietnamese,1
37683466117352,San Diego,San Dieguito Union High,Carmel Valley Middle,chi,Chinese (Other Chinese languages),4
37683466117352,San Diego,San Dieguito Union High,Carmel Valley Middle,per,Persian (Farsi),2
37683536040331,San Diego,San Pasqual Union Elementary,San Pasqual Union Elementary,cmn,"Mandarin Chinese (Putonghua, Guoyu)",2
37683536040331,San Diego,San Pasqual Union Elementary,San Pasqual Union Elementary,bat,Other Baltic languages,1
37683536040331,San Diego,San Pasqual Union Elementary,San Pasqual Union Elementary,ceb,"Cebuano (Bisayan, Visayan)",1
37683536040331,San Diego,San Pasqual Union Elementary,San Pasqual Union Elementary,spa,Spanish; Castilian,38
37683536040331,San Diego,San Pasqual Union Elementary,San Pasqual Union Elementary,ukr,Ukrainian,1
37683610000001,San Diego,Santee,"Nonpublic, Nonsectarian Schools",spa,Spanish; Castilian,1
37683610000001,San Diego,Santee,"Nonpublic, Nonsectarian Schools",ara,Arabic,1
37683610000001,San Diego,Santee,"Nonpublic, Nonsectarian Schools",phi,Philippine languages,1
37683616040349,San Diego,Santee,Cajon Park Elementary,kur,Kurdish,13
37683616040349,San Diego,Santee,Cajon Park Elementary,mkh,Mon-Khmer languages,1
37683616040349,San Diego,Santee,Cajon Park Elementary,cld,Chaldean Neo-Aramaic (Chaldean),17
37683616040349,San Diego,Santee,Cajon Park Elementary,vie,Vietnamese,2
37683616040349,San Diego,Santee,Cajon Park Elementary,por,Portuguese,1
37683616040349,San Diego,Santee,Cajon Park Elementary,ara,Arabic,13
37683616040349,San Diego,Santee,Cajon Park Elementary,kor,Korean,1
37683616040349,San Diego,Santee,Cajon Park Elementary,per,Persian (Farsi),2
37683616040349,San Diego,Santee,Cajon Park Elementary,pus,Pushto; Pashto,2
37683616040349,San Diego,Santee,Cajon Park Elementary,spa,Spanish; Castilian,20
37683616040356,San Diego,Santee,Carlton Hills Elementary,spa,Spanish; Castilian,14
37683616040356,San Diego,Santee,Carlton Hills Elementary,fre,French,1
37683616040356,San Diego,Santee,Carlton Hills Elementary,per,Persian (Farsi),1
37683616040356,San Diego,Santee,Carlton Hills Elementary,vie,Vietnamese,6
37683616040356,San Diego,Santee,Carlton Hills Elementary,ara,Arabic,8
37683616040356,San Diego,Santee,Carlton Hills Elementary,cmn,"Mandarin Chinese (Putonghua, Guoyu)",1
37683616040356,San Diego,Santee,Carlton Hills Elementary,orm,Oromo,1
37683616040356,San Diego,Santee,Carlton Hills Elementary,rus,Russian,2
37683616040356,San Diego,Santee,Carlton Hills Elementary,cld,Chaldean Neo-Aramaic (Chaldean),19
37683616040356,San Diego,Santee,Carlton Hills Elementary,jpn,Japanese,1
37683616040356,San Diego,Santee,Carlton Hills Elementary,syr,Syriac,2
37683616040356,San Diego,Santee,Carlton Hills Elementary,tha,Thai,2
37683616040356,San Diego,Santee,Carlton Hills Elementary,phi,Philippine languages,1
37683616040356,San Diego,Santee,Carlton Hills Elementary,ger,German,1
37683616040356,San Diego,Santee,Carlton Hills Elementary,kur,Kurdish,2
37683616040356,San Diego,Santee,Carlton Hills Elementary,guj,Gujarati,1
37683616040364,San Diego,Santee,Chet F. Harritt Elementary,spa,Spanish; Castilian,10
37683616040364,San Diego,Santee,Chet F. Harritt Elementary,jpn,Japanese,1
37683616040364,San Diego,Santee,Chet F. Harritt Elementary,per,Persian (Farsi),2
37683616040364,San Diego,Santee,Chet F. Harritt Elementary,pus,Pushto; Pashto,6
37683616040364,San Diego,Santee,Chet F. Harritt Elementary,rus,Russian,2
37683616040364,San Diego,Santee,Chet F. Harritt Elementary,tgl,Tagalog,1
37683616040364,San Diego,Santee,Chet F. Harritt Elementary,vie,Vietnamese,1
37683616040372,San Diego,Santee,Pepper Drive Elementary,pus,Pushto; Pashto,3
37683616040372,San Diego,Santee,Pepper Drive Elementary,vie,Vietnamese,3
37683616040372,San Diego,Santee,Pepper Drive Elementary,phi,Philippine languages,1
37683616040372,San Diego,Santee,Pepper Drive Elementary,pol,Polish,3
37683616040372,San Diego,Santee,Pepper Drive Elementary,tur,Turkish,2
37683616040372,San Diego,Santee,Pepper Drive Elementary,uzb,Uzbek,2
37683616040372,San Diego,Santee,Pepper Drive Elementary,rus,Russian,1
37683616040372,San Diego,Santee,Pepper Drive Elementary,cld,Chaldean Neo-Aramaic (Chaldean),8
37683616040372,San Diego,Santee,Pepper Drive Elementary,per,Persian (Farsi),5
37683616040372,San Diego,Santee,Pepper Drive Elementary,ara,Arabic,8
37683616040372,San Diego,Santee,Pepper Drive Elementary,som,Somali,2
37683616040372,San Diego,Santee,Pepper Drive Elementary,kur,Kurdish,1
37683616040372,San Diego,Santee,Pepper Drive Elementary,mis,Uncoded languages (Other non-English languages),7
37683616040372,San Diego,Santee,Pepper Drive Elementary,spa,Spanish; Castilian,54
37683616040372,San Diego,Santee,Pepper Drive Elementary,syr,Syriac,1
37683616040380,San Diego,Santee,PRIDE Academy at Prospect Avenue,cmn,"Mandarin Chinese (Putonghua, Guoyu)",1
37683616040380,San Diego,Santee,PRIDE Academy at Prospect Avenue,fil,Filipino; Pilipino,1
37683616040380,San Diego,Santee,PRIDE Academy at Prospect Avenue,spa,Spanish; Castilian,17
37683616040380,San Diego,Santee,PRIDE Academy at Prospect Avenue,syr,Syriac,2
37683616040380,San Diego,Santee,PRIDE Academy at Prospect Avenue,tgl,Tagalog,1
37683616040380,San Diego,Santee,PRIDE Academy at Prospect Avenue,alb,Albanian,1
37683616040380,San Diego,Santee,PRIDE Academy at Prospect Avenue,per,Persian (Farsi),4
37683616040380,San Diego,Santee,PRIDE Academy at Prospect Avenue,ara,Arabic,3
37683616040380,San Diego,Santee,PRIDE Academy at Prospect Avenue,phi,Philippine languages,1
37683616040380,San Diego,Santee,PRIDE Academy at Prospect Avenue,hat,Haitian; Haitian Creole,1
37683616040380,San Diego,Santee,PRIDE Academy at Prospect Avenue,vie,Vietnamese,1
37683616040380,San Diego,Santee,PRIDE Academy at Prospect Avenue,kur,Kurdish,3
37683616040380,San Diego,Santee,PRIDE Academy at Prospect Avenue,fre,French,2
37683616040380,San Diego,Santee,PRIDE Academy at Prospect Avenue,cld,Chaldean Neo-Aramaic (Chaldean),5
37683616040380,San Diego,Santee,PRIDE Academy at Prospect Avenue,mis,Uncoded languages (Other non-English languages),3
37683616040406,San Diego,Santee,Sycamore Canyon Elementary,spa,Spanish; Castilian,2
37683616040406,San Diego,Santee,Sycamore Canyon Elementary,vie,Vietnamese,1
37683616040406,San Diego,Santee,Sycamore Canyon Elementary,por,Portuguese,1
37683616040406,San Diego,Santee,Sycamore Canyon Elementary,jpn,Japanese,1
37683616040406,San Diego,Santee,Sycamore Canyon Elementary,mis,Uncoded languages (Other non-English languages),1
37683616040406,San Diego,Santee,Sycamore Canyon Elementary,rus,Russian,2
37683616068159,San Diego,Santee,Carlton Oaks Elementary,vie,Vietnamese,2
37683616068159,San Diego,Santee,Carlton Oaks Elementary,mis,Uncoded languages (Other non-English languages),1
37683616068159,San Diego,Santee,Carlton Oaks Elementary,spa,Spanish; Castilian,25
37683616068159,San Diego,Santee,Carlton Oaks Elementary,phi,Philippine languages,1
37683616068159,San Diego,Santee,Carlton Oaks Elementary,ara,Arabic,1
37683616068159,San Diego,Santee,Carlton Oaks Elementary,cmn,"Mandarin Chinese (Putonghua, Guoyu)",2
37683616068159,San Diego,Santee,Carlton Oaks Elementary,por,Portuguese,1
37683616068159,San Diego,Santee,Carlton Oaks Elementary,per,Persian (Farsi),2
37683616068159,San Diego,Santee,Carlton Oaks Elementary,cld,Chaldean Neo-Aramaic (Chaldean),2
37683616068159,San Diego,Santee,Carlton Oaks Elementary,rus,Russian,1
37683616068159,San Diego,Santee,Carlton Oaks Elementary,jpn,Japanese,2
37683616085153,San Diego,Santee,Rio Seco Elementary,yue,Yue Chinese (Cantonese),1
37683616085153,San Diego,Santee,Rio Seco Elementary,chi,Chinese (Other Chinese languages),1
37683616085153,San Diego,Santee,Rio Seco Elementary,cld,Chaldean Neo-Aramaic (Chaldean),1
37683616085153,San Diego,Santee,Rio Seco Elementary,khm,"Khmer, Central Khmer",1
37683616085153,San Diego,Santee,Rio Seco Elementary,por,Portuguese,1
37683616085153,San Diego,Santee,Rio Seco Elementary,hin,Hindi,1
37683616085153,San Diego,Santee,Rio Seco Elementary,per,Persian (Farsi),6
37683616085153,San Diego,Santee,Rio Seco Elementary,ara,Arabic,7
37683616085153,San Diego,Santee,Rio Seco Elementary,kur,Kurdish,1
37683616085153,San Diego,Santee,Rio Seco Elementary,spa,Spanish; Castilian,19
37683616085153,San Diego,Santee,Rio Seco Elementary,cmn,"Mandarin Chinese (Putonghua, Guoyu)",7
37683616085153,San Diego,Santee,Rio Seco Elementary,mis,Uncoded languages (Other non-English languages),2
37683616085153,San Diego,Santee,Rio Seco Elementary,rus,Russian,1
37683616085153,San Diego,Santee,Rio Seco Elementary,phi,Philippine languages,1
37683616085153,San Diego,Santee,Rio Seco Elementary,pus,Pushto; Pashto,1
37683616085153,San Diego,Santee,Rio Seco Elementary,vie,Vietnamese,6
37683616085153,San Diego,Santee,Rio Seco Elementary,jpn,Japanese,1
37683616085153,San Diego,Santee,Rio Seco Elementary,kor,Korean,1
37683616085161,San Diego,Santee,Hill Creek Elementary,kur,Kurdish,1
37683616085161,San Diego,Santee,Hill Creek Elementary,pus,Pushto; Pashto,4
37683616085161,San Diego,Santee,Hill Creek Elementary,mis,Uncoded languages (Other non-English languages),4
37683616085161,San Diego,Santee,Hill Creek Elementary,per,Persian (Farsi),1
37683616085161,San Diego,Santee,Hill Creek Elementary,cld,Chaldean Neo-Aramaic (Chaldean),2
37683616085161,San Diego,Santee,Hill Creek Elementary,phi,Philippine languages,2
37683616085161,San Diego,Santee,Hill Creek Elementary,rus,Russian,1
37683616085161,San Diego,Santee,Hill Creek Elementary,guj,Gujarati,1
37683616085161,San Diego,Santee,Hill Creek Elementary,por,Portuguese,2
37683616085161,San Diego,Santee,Hill Creek Elementary,ara,Arabic,4
37683616085161,San Diego,Santee,Hill Creek Elementary,spa,Spanish; Castilian,31
37683616111041,San Diego,Santee,Santee Alternative,spa,Spanish; Castilian,1
37683790000001,San Diego,San Ysidro Elementary,"Nonpublic, Nonsectarian Schools",spa,Spanish; Castilian,2
37683790123000,San Diego,San Ysidro Elementary,Willow Elementary,mis,Uncoded languages (Other non-English languages),1
37683790123000,San Diego,San Ysidro Elementary,Willow Elementary,ara,Arabic,1
37683790123000,San Diego,San Ysidro Elementary,Willow Elementary,spa,Spanish; Castilian,425
37683790123000,San Diego,San Ysidro Elementary,Willow Elementary,cpe,"Creoles and pidgins, English based",1
37683790123000,San Diego,San Ysidro Elementary,Willow Elementary,lin,Lingala,1
37683790137737,San Diego,San Ysidro Elementary,Vista Del Mar,tha,Thai,1
37683790137737,San Diego,San Ysidro Elementary,Vista Del Mar,chi,Chinese (Other Chinese languages),2
37683790137737,San Diego,San Ysidro Elementary,Vista Del Mar,mis,Uncoded languages (Other non-English languages),1
37683790137737,San Diego,San Ysidro Elementary,Vista Del Mar,spa,Spanish; Castilian,108
37683796085146,San Diego,San Ysidro Elementary,Smythe Elementary,spa,Spanish; Castilian,337
37683796085146,San Diego,San Ysidro Elementary,Smythe Elementary,alb,Albanian,1
37683796089007,San Diego,San Ysidro Elementary,La Mirada Elementary,guj,Gujarati,1
37683796089007,San Diego,San Ysidro Elementary,La Mirada Elementary,mul,Multiple languages,1
37683796089007,San Diego,San Ysidro Elementary,La Mirada Elementary,phi,Philippine languages,1
37683796089007,San Diego,San Ysidro Elementary,La Mirada Elementary,spa,Spanish; Castilian,170
37683796093264,San Diego,San Ysidro Elementary,Sunset Elementary,mis,Uncoded languages (Other non-English languages),1
37683796093264,San Diego,San Ysidro Elementary,Sunset Elementary,cpf,"Creoles and pidgins, French-based",1
37683796093264,San Diego,San Ysidro Elementary,Sunset Elementary,per,Persian (Farsi),1
37683796093264,San Diego,San Ysidro Elementary,Sunset Elementary,spa,Spanish; Castilian,313
37683796098453,San Diego,San Ysidro Elementary,San Ysidro Middle,mul,Multiple languages,1
37683796098453,San Diego,San Ysidro Elementary,San Ysidro Middle,spa,Spanish; Castilian,218
37683796098453,San Diego,San Ysidro Elementary,San Ysidro Middle,mis,Uncoded languages (Other non-English languages),1
37683796119341,San Diego,San Ysidro Elementary,Ocean View Hills,chi,Chinese (Other Chinese languages),1
37683796119341,San Diego,San Ysidro Elementary,Ocean View Hills,abk,Abkhazian,3
37683796119341,San Diego,San Ysidro Elementary,Ocean View Hills,tgl,Tagalog,3
37683796119341,San Diego,San Ysidro Elementary,Ocean View Hills,phi,Philippine languages,4
37683796119341,San Diego,San Ysidro Elementary,Ocean View Hills,som,Somali,1
37683796119341,San Diego,San Ysidro Elementary,Ocean View Hills,jpn,Japanese,2
37683796119341,San Diego,San Ysidro Elementary,Ocean View Hills,mis,Uncoded languages (Other non-English languages),2
37683796119341,San Diego,San Ysidro Elementary,Ocean View Hills,cau,Caucasian languages,1
37683796119341,San Diego,San Ysidro Elementary,Ocean View Hills,cmn,"Mandarin Chinese (Putonghua, Guoyu)",4
37683796119341,San Diego,San Ysidro Elementary,Ocean View Hills,fre,French,1
37683796119341,San Diego,San Ysidro Elementary,Ocean View Hills,twi,Twi,1
37683796119341,San Diego,San Ysidro Elementary,Ocean View Hills,yue,Yue Chinese (Cantonese),1
37683796119341,San Diego,San Ysidro Elementary,Ocean View Hills,vie,Vietnamese,1
37683796119341,San Diego,San Ysidro Elementary,Ocean View Hills,apa,Apache languages,1
37683796119341,San Diego,San Ysidro Elementary,Ocean View Hills,gre,"Greek, Modern (1453-)",1
37683796119341,San Diego,San Ysidro Elementary,Ocean View Hills,por,Portuguese,1
37683796119341,San Diego,San Ysidro Elementary,Ocean View Hills,spa,Spanish; Castilian,263
37683870105825,San Diego,Solana Beach Elementary,Solana Pacific Elementary,chi,Chinese (Other Chinese languages),2
37683870105825,San Diego,Solana Beach Elementary,Solana Pacific Elementary,jpn,Japanese,4
37683870105825,San Diego,Solana Beach Elementary,Solana Pacific Elementary,guj,Gujarati,1
37683870105825,San Diego,Solana Beach Elementary,Solana Pacific Elementary,kor,Korean,9
37683870105825,San Diego,Solana Beach Elementary,Solana Pacific Elementary,cmn,"Mandarin Chinese (Putonghua, Guoyu)",2
37683870105825,San Diego,Solana Beach Elementary,Solana Pacific Elementary,ger,German,1
37683870105825,San Diego,Solana Beach Elementary,Solana Pacific Elementary,hin,Hindi,1
37683870105825,San Diego,Solana Beach Elementary,Solana Pacific Elementary,spa,Spanish; Castilian,3
37683870105825,San Diego,Solana Beach Elementary,Solana Pacific Elementary,rus,Russian,1
37683870105825,San Diego,Solana Beach Elementary,Solana Pacific Elementary,tur,Turkish,1
37683870129049,San Diego,Solana Beach Elementary,Solana Ranch Elementary,chi,Chinese (Other Chinese languages),6
37683870129049,San Diego,Solana Beach Elementary,Solana Ranch Elementary,cmn,"Mandarin Chinese (Putonghua, Guoyu)",17
37683870129049,San Diego,Solana Beach Elementary,Solana Ranch Elementary,rus,Russian,3
37683870129049,San Diego,Solana Beach Elementary,Solana Ranch Elementary,tha,Thai,1
37683870129049,San Diego,Solana Beach Elementary,Solana Ranch Elementary,yue,Yue Chinese (Cantonese),1
37683870129049,San Diego,Solana Beach Elementary,Solana Ranch Elementary,heb,Hebrew,5
37683870129049,San Diego,Solana Beach Elementary,Solana Ranch Elementary,spa,Spanish; Castilian,2
37683870129049,San Diego,Solana Beach Elementary,Solana Ranch Elementary,por,Portuguese,1
37683870129049,San Diego,Solana Beach Elementary,Solana Ranch Elementary,per,Persian (Farsi),1
37683870129049,San Diego,Solana Beach Elementary,Solana Ranch Elementary,kor,Korean,6
37683870129049,San Diego,Solana Beach Elementary,Solana Ranch Elementary,ara,Arabic,2
37683876040455,San Diego,Solana Beach Elementary,Skyline Elementary,chi,Chinese (Other Chinese languages),1
37683876040455,San Diego,Solana Beach Elementary,Skyline Elementary,spa,Spanish; Castilian,38
37683876040455,San Diego,Solana Beach Elementary,Skyline Elementary,heb,Hebrew,1
37683876070882,San Diego,Solana Beach Elementary,Solana Vista Elementary,heb,Hebrew,1
37683876070882,San Diego,Solana Beach Elementary,Solana Vista Elementary,qaa,Taiwanese,1
37683876070882,San Diego,Solana Beach Elementary,Solana Vista Elementary,spa,Spanish; Castilian,26
37683876070882,San Diego,Solana Beach Elementary,Solana Vista Elementary,jpn,Japanese,1
37683876070882,San Diego,Solana Beach Elementary,Solana Vista Elementary,tur,Turkish,1
37683876070882,San Diego,Solana Beach Elementary,Solana Vista Elementary,cmn,"Mandarin Chinese (Putonghua, Guoyu)",1
37683876070882,San Diego,Solana Beach Elementary,Solana Vista Elementary,vie,Vietnamese,1
37683876106140,San Diego,Solana Beach Elementary,Solana Highlands Elementary,jpn,Japanese,5
37683876106140,San Diego,Solana Beach Elementary,Solana Highlands Elementary,kor,Korean,12
37683876106140,San Diego,Solana Beach Elementary,Solana Highlands Elementary,chi,Chinese (Other Chinese languages),3
37683876106140,San Diego,Solana Beach Elementary,Solana Highlands Elementary,cmn,"Mandarin Chinese (Putonghua, Guoyu)",6
37683876106140,San Diego,Solana Beach Elementary,Solana Highlands Elementary,fre,French,3
37683876106140,San Diego,Solana Beach Elementary,Solana Highlands Elementary,por,Portuguese,2
37683876106140,San Diego,Solana Beach Elementary,Solana Highlands Elementary,spa,Spanish; Castilian,2
37683876106140,San Diego,Solana Beach Elementary,Solana Highlands Elementary,per,Persian (Farsi),1
37683876106140,San Diego,Solana Beach Elementary,Solana Highlands Elementary,rus,Russian,3
37683876106140,San Diego,Solana Beach Elementary,Solana Highlands Elementary,pan,Panjabi; Punjabi,1
37683876106140,San Diego,Solana Beach Elementary,Solana Highlands Elementary,ukr,Ukrainian,1
37683876106140,San Diego,Solana Beach Elementary,Solana Highlands Elementary,tur,Turkish,4
37683876111181,San Diego,Solana Beach Elementary,Solana Santa Fe Elementary,ger,German,1
37683876111181,San Diego,Solana Beach Elementary,Solana Santa Fe Elementary,spa,Spanish; Castilian,4
37683876111181,San Diego,Solana Beach Elementary,Solana Santa Fe Elementary,fre,French,1
37683876111181,San Diego,Solana Beach Elementary,Solana Santa Fe Elementary,pus,Pushto; Pashto,1
37683876111181,San Diego,Solana Beach Elementary,Solana Santa Fe Elementary,chi,Chinese (Other Chinese languages),1
37683876111181,San Diego,Solana Beach Elementary,Solana Santa Fe Elementary,por,Portuguese,2
37683876111181,San Diego,Solana Beach Elementary,Solana Santa Fe Elementary,per,Persian (Farsi),1
37683876111181,San Diego,Solana Beach Elementary,Solana Santa Fe Elementary,tha,Thai,1
37683876111181,San Diego,Solana Beach Elementary,Solana Santa Fe Elementary,cmn,"Mandarin Chinese (Putonghua, Guoyu)",3
37683876112353,San Diego,Solana Beach Elementary,Carmel Creek Elementary,per,Persian (Farsi),2
37683876112353,San Diego,Solana Beach Elementary,Carmel Creek Elementary,tel,Telugu,3
37683876112353,San Diego,Solana Beach Elementary,Carmel Creek Elementary,yue,Yue Chinese (Cantonese),1
37683876112353,San Diego,Solana Beach Elementary,Carmel Creek Elementary,guj,Gujarati,2
37683876112353,San Diego,Solana Beach Elementary,Carmel Creek Elementary,jpn,Japanese,3
37683876112353,San Diego,Solana Beach Elementary,Carmel Creek Elementary,kor,Korean,8
37683876112353,San Diego,Solana Beach Elementary,Carmel Creek Elementary,cmn,"Mandarin Chinese (Putonghua, Guoyu)",3
37683876112353,San Diego,Solana Beach Elementary,Carmel Creek Elementary,rus,Russian,2
37683876112353,San Diego,Solana Beach Elementary,Carmel Creek Elementary,mis,Uncoded languages (Other non-English languages),1
37683876112353,San Diego,Solana Beach Elementary,Carmel Creek Elementary,por,Portuguese,1
37683876112353,San Diego,Solana Beach Elementary,Carmel Creek Elementary,spa,Spanish; Castilian,9
37683876112353,San Diego,Solana Beach Elementary,Carmel Creek Elementary,chi,Chinese (Other Chinese languages),1
37683876112353,San Diego,Solana Beach Elementary,Carmel Creek Elementary,vie,Vietnamese,2
37683956040463,San Diego,South Bay Union,Bayside STEAM Academy,fil,Filipino; Pilipino,4
37683956040463,San Diego,South Bay Union,Bayside STEAM Academy,jpn,Japanese,1
37683956040463,San Diego,South Bay Union,Bayside STEAM Academy,phi,Philippine languages,2
37683956040463,San Diego,South Bay Union,Bayside STEAM Academy,spa,Spanish; Castilian,128
37683956040471,San Diego,South Bay Union,Central Elementary,spa,Spanish; Castilian,132
37683956040471,San Diego,South Bay Union,Central Elementary,khm,"Khmer, Central Khmer",1
37683956040489,San Diego,South Bay Union,Emory Elementary,fil,Filipino; Pilipino,1
37683956040489,San Diego,South Bay Union,Emory Elementary,spa,Spanish; Castilian,117
37683956040489,San Diego,South Bay Union,Emory Elementary,por,Portuguese,2
37683956040489,San Diego,South Bay Union,Emory Elementary,phi,Philippine languages,2
37683956040505,San Diego,South Bay Union,Imperial Beach Charter,cmn,"Mandarin Chinese (Putonghua, Guoyu)",2
37683956040505,San Diego,South Bay Union,Imperial Beach Charter,spa,Spanish; Castilian,154
37683956040505,San Diego,South Bay Union,Imperial Beach Charter,hat,Haitian; Haitian Creole,2
37683956040505,San Diego,South Bay Union,Imperial Beach Charter,tha,Thai,1
37683956040505,San Diego,South Bay Union,Imperial Beach Charter,ger,German,1
37683956040505,San Diego,South Bay Union,Imperial Beach Charter,phi,Philippine languages,5
37683956040513,San Diego,South Bay Union,Nestor Language Academy Charter,spa,Spanish; Castilian,534
37683956040513,San Diego,South Bay Union,Nestor Language Academy Charter,jpn,Japanese,3
37683956040521,San Diego,South Bay Union,Oneonta Elementary,fil,Filipino; Pilipino,1
37683956040521,San Diego,South Bay Union,Oneonta Elementary,mkh,Mon-Khmer languages,1
37683956040521,San Diego,South Bay Union,Oneonta Elementary,phi,Philippine languages,3
37683956040521,San Diego,South Bay Union,Oneonta Elementary,spa,Spanish; Castilian,115
37683956040539,San Diego,South Bay Union,Sunnyslope Elementary,spa,Spanish; Castilian,175
37683956040539,San Diego,South Bay Union,Sunnyslope Elementary,phi,Philippine languages,1
37683956067029,San Diego,South Bay Union,Godfrey G. Berry Elementary,tgl,Tagalog,1
37683956067029,San Diego,South Bay Union,Godfrey G. Berry Elementary,spa,Spanish; Castilian,139
37683956094973,San Diego,South Bay Union,Howard Pence Elementary,mis,Uncoded languages (Other non-English languages),2
37683956094973,San Diego,South Bay Union,Howard Pence Elementary,ilo,Iloko (Ilocano),1
37683956094973,San Diego,South Bay Union,Howard Pence Elementary,spa,Spanish; Castilian,169
37683956098487,San Diego,South Bay Union,George Nicoloff Elementary,spa,Spanish; Castilian,346
37683956116008,San Diego,South Bay Union,Teofilo Mendoza,phi,Philippine languages,1
37683956116008,San Diego,South Bay Union,Teofilo Mendoza,spa,Spanish; Castilian,198
37684030125401,San Diego,Spencer Valley Elementary,Insight @ San Diego,spa,Spanish; Castilian,29
37684030125401,San Diego,Spencer Valley Elementary,Insight @ San Diego,por,Portuguese,1
37684030125401,San Diego,Spencer Valley Elementary,Insight @ San Diego,tgl,Tagalog,1
37684030125401,San Diego,Spencer Valley Elementary,Insight @ San Diego,ara,Arabic,1
37684030125401,San Diego,Spencer Valley Elementary,Insight @ San Diego,kur,Kurdish,1
37684030125401,San Diego,Spencer Valley Elementary,Insight @ San Diego,phi,Philippine languages,3
37684030125401,San Diego,Spencer Valley Elementary,Insight @ San Diego,pus,Pushto; Pashto,1
37684036040554,San Diego,Spencer Valley Elementary,Spencer Valley Elementary,spa,Spanish; Castilian,5
37684036120893,San Diego,Spencer Valley Elementary,California Virtual Academy @ San Diego,per,Persian (Farsi),5
37684036120893,San Diego,Spencer Valley Elementary,California Virtual Academy @ San Diego,rus,Russian,3
37684036120893,San Diego,Spencer Valley Elementary,California Virtual Academy @ San Diego,jpn,Japanese,1
37684036120893,San Diego,Spencer Valley Elementary,California Virtual Academy @ San Diego,spa,Spanish; Castilian,391
37684036120893,San Diego,Spencer Valley Elementary,California Virtual Academy @ San Diego,bur,Burmese,1
37684036120893,San Diego,Spencer Valley Elementary,California Virtual Academy @ San Diego,cmn,"Mandarin Chinese (Putonghua, Guoyu)",2
37684036120893,San Diego,Spencer Valley Elementary,California Virtual Academy @ San Diego,som,Somali,2
37684036120893,San Diego,Spencer Valley Elementary,California Virtual Academy @ San Diego,vie,Vietnamese,3
37684036120893,San Diego,Spencer Valley Elementary,California Virtual Academy @ San Diego,ara,Arabic,5
37684036120893,San Diego,Spencer Valley Elementary,California Virtual Academy @ San Diego,pus,Pushto; Pashto,6
37684036120893,San Diego,Spencer Valley Elementary,California Virtual Academy @ San Diego,tha,Thai,1
37684036120893,San Diego,Spencer Valley Elementary,California Virtual Academy @ San Diego,phi,Philippine languages,2
37684036120893,San Diego,Spencer Valley Elementary,California Virtual Academy @ San Diego,ceb,"Cebuano (Bisayan, Visayan)",1
37684036120893,San Diego,Spencer Valley Elementary,California Virtual Academy @ San Diego,may,Malay,2
37684036120893,San Diego,Spencer Valley Elementary,California Virtual Academy @ San Diego,tgl,Tagalog,1
37684110000000,San Diego,Sweetwater Union High,District Office,ara,Arabic,2
37684110000000,San Diego,Sweetwater Union High,District Office,phi,Philippine languages,4
37684110000000,San Diego,Sweetwater Union High,District Office,spa,Spanish; Castilian,137
37684110000000,San Diego,Sweetwater Union High,District Office,ton,Tonga (Tonga Islands),1
37684110000001,San Diego,Sweetwater Union High,"Nonpublic, Nonsectarian Schools",fre,French,1
37684110000001,San Diego,Sweetwater Union High,"Nonpublic, Nonsectarian Schools",phi,Philippine languages,1
37684110000001,San Diego,Sweetwater Union High,"Nonpublic, Nonsectarian Schools",spa,Spanish; Castilian,20
37684110000001,San Diego,Sweetwater Union High,"Nonpublic, Nonsectarian Schools",kor,Korean,1
37684110111831,San Diego,Sweetwater Union High,Olympian High,phi,Philippine languages,6
37684110111831,San Diego,Sweetwater Union High,Olympian High,ara,Arabic,3
37684110111831,San Diego,Sweetwater Union High,Olympian High,spa,Spanish; Castilian,111
37684110111831,San Diego,Sweetwater Union High,Olympian High,jpn,Japanese,1
37684110111831,San Diego,Sweetwater Union High,Olympian High,per,Persian (Farsi),2
37684110111831,San Diego,Sweetwater Union High,Olympian High,kor,Korean,4
37684110111831,San Diego,Sweetwater Union High,Olympian High,fil,Filipino; Pilipino,1
37684110111831,San Diego,Sweetwater Union High,Olympian High,fre,French,1
37684110111831,San Diego,Sweetwater Union High,Olympian High,som,Somali,1
37684110115873,San Diego,Sweetwater Union High,East Hills Academy,vie,Vietnamese,1
37684110115873,San Diego,Sweetwater Union High,East Hills Academy,spa,Spanish; Castilian,10
37684110126086,San Diego,Sweetwater Union High,Hawking S.T.E.A.M. Charter,fre,French,2
37684110126086,San Diego,Sweetwater Union High,Hawking S.T.E.A.M. Charter,ukr,Ukrainian,1
37684110126086,San Diego,Sweetwater Union High,Hawking S.T.E.A.M. Charter,spa,Spanish; Castilian,575
37684110126086,San Diego,Sweetwater Union High,Hawking S.T.E.A.M. Charter,tgl,Tagalog,2
37684110140939,San Diego,Sweetwater Union High,Launch Virtual Academy,spa,Spanish; Castilian,165
37684110140939,San Diego,Sweetwater Union High,Launch Virtual Academy,phi,Philippine languages,1
37684110140939,San Diego,Sweetwater Union High,Launch Virtual Academy,por,Portuguese,1
37684110140939,San Diego,Sweetwater Union High,Launch Virtual Academy,tgl,Tagalog,1
37684110140939,San Diego,Sweetwater Union High,Launch Virtual Academy,tur,Turkish,1
37684110140939,San Diego,Sweetwater Union High,Launch Virtual Academy,kur,Kurdish,1
37684113730124,San Diego,Sweetwater Union High,Southwest Senior High,und,Undetermined,1
37684113730124,San Diego,Sweetwater Union High,Southwest Senior High,mis,Uncoded languages (Other non-English languages),1
37684113730124,San Diego,Sweetwater Union High,Southwest Senior High,phi,Philippine languages,1
37684113730124,San Diego,Sweetwater Union High,Southwest Senior High,spa,Spanish; Castilian,523
37684113730405,San Diego,Sweetwater Union High,Bonita Vista Senior High,yue,Yue Chinese (Cantonese),1
37684113730405,San Diego,Sweetwater Union High,Bonita Vista Senior High,ara,Arabic,2
37684113730405,San Diego,Sweetwater Union High,Bonita Vista Senior High,tha,Thai,1
37684113730405,San Diego,Sweetwater Union High,Bonita Vista Senior High,ilo,Iloko (Ilocano),1
37684113730405,San Diego,Sweetwater Union High,Bonita Vista Senior High,phi,Philippine languages,2
37684113730405,San Diego,Sweetwater Union High,Bonita Vista Senior High,hat,Haitian; Haitian Creole,1
37684113730405,San Diego,Sweetwater Union High,Bonita Vista Senior High,spa,Spanish; Castilian,152
37684113730405,San Diego,Sweetwater Union High,Bonita Vista Senior High,vie,Vietnamese,1
37684113730801,San Diego,Sweetwater Union High,Castle Park Senior High,hat,Haitian; Haitian Creole,1
37684113730801,San Diego,Sweetwater Union High,Castle Park Senior High,yue,Yue Chinese (Cantonese),1
37684113730801,San Diego,Sweetwater Union High,Castle Park Senior High,spa,Spanish; Castilian,464
37684113730801,San Diego,Sweetwater Union High,Castle Park Senior High,jpn,Japanese,1
37684113730801,San Diego,Sweetwater Union High,Castle Park Senior High,swa,Swahili,1
37684113730801,San Diego,Sweetwater Union High,Castle Park Senior High,tgl,Tagalog,3
37684113730801,San Diego,Sweetwater Union High,Castle Park Senior High,cmn,"Mandarin Chinese (Putonghua, Guoyu)",3
37684113730801,San Diego,Sweetwater Union High,Castle Park Senior High,phi,Philippine languages,3
37684113730801,San Diego,Sweetwater Union High,Castle Park Senior High,chi,Chinese (Other Chinese languages),3
37684113730801,San Diego,Sweetwater Union High,Castle Park Senior High,hmn,Hmong; Mong,1
37684113730801,San Diego,Sweetwater Union High,Castle Park Senior High,sit,Other Sino-Tibetan languages (Taishanese),1
37684113730843,San Diego,Sweetwater Union High,Eastlake High,ara,Arabic,1
37684113730843,San Diego,Sweetwater Union High,Eastlake High,kor,Korean,1
37684113730843,San Diego,Sweetwater Union High,Eastlake High,ita,Italian,2
37684113730843,San Diego,Sweetwater Union High,Eastlake High,phi,Philippine languages,4
37684113730843,San Diego,Sweetwater Union High,Eastlake High,vie,Vietnamese,1
37684113730843,San Diego,Sweetwater Union High,Eastlake High,rus,Russian,1
37684113730843,San Diego,Sweetwater Union High,Eastlake High,som,Somali,1
37684113730843,San Diego,Sweetwater Union High,Eastlake High,spa,Spanish; Castilian,129
37684113730843,San Diego,Sweetwater Union High,Eastlake High,tha,Thai,1
37684113731064,San Diego,Sweetwater Union High,Chula Vista Senior High,mis,Uncoded languages (Other non-English languages),2
37684113731064,San Diego,Sweetwater Union High,Chula Vista Senior High,yue,Yue Chinese (Cantonese),1
37684113731064,San Diego,Sweetwater Union High,Chula Vista Senior High,spa,Spanish; Castilian,520
37684113731064,San Diego,Sweetwater Union High,Chula Vista Senior High,phi,Philippine languages,2
37684113731064,San Diego,Sweetwater Union High,Chula Vista Senior High,pus,Pushto; Pashto,5
37684113731064,San Diego,Sweetwater Union High,Chula Vista Senior High,fil,Filipino; Pilipino,1
37684113731064,San Diego,Sweetwater Union High,Chula Vista Senior High,per,Persian (Farsi),1
37684113731064,San Diego,Sweetwater Union High,Chula Vista Senior High,hat,Haitian; Haitian Creole,1
37684113731064,San Diego,Sweetwater Union High,Chula Vista Senior High,fre,French,3
37684113731155,San Diego,Sweetwater Union High,Options Secondary,spa,Spanish; Castilian,1
37684113731304,San Diego,Sweetwater Union High,MAAC Community Charter,hat,Haitian; Haitian Creole,7
37684113731304,San Diego,Sweetwater Union High,MAAC Community Charter,cpf,"Creoles and pidgins, French-based",1
37684113731304,San Diego,Sweetwater Union High,MAAC Community Charter,mis,Uncoded languages (Other non-English languages),2
37684113731304,San Diego,Sweetwater Union High,MAAC Community Charter,spa,Spanish; Castilian,96
37684113731460,San Diego,Sweetwater Union High,Alta Vista Academy,spa,Spanish; Castilian,10
37684113731502,San Diego,Sweetwater Union High,San Ysidro High,cpf,"Creoles and pidgins, French-based",2
37684113731502,San Diego,Sweetwater Union High,San Ysidro High,hat,Haitian; Haitian Creole,1
37684113731502,San Diego,Sweetwater Union High,San Ysidro High,phi,Philippine languages,3
37684113731502,San Diego,Sweetwater Union High,San Ysidro High,spa,Spanish; Castilian,572
37684113731502,San Diego,Sweetwater Union High,San Ysidro High,mis,Uncoded languages (Other non-English languages),1
37684113731502,San Diego,Sweetwater Union High,San Ysidro High,tha,Thai,1
37684113731627,San Diego,Sweetwater Union High,Otay Ranch Senior High,phi,Philippine languages,9
37684113731627,San Diego,Sweetwater Union High,Otay Ranch Senior High,ara,Arabic,1
37684113731627,San Diego,Sweetwater Union High,Otay Ranch Senior High,tha,Thai,1
37684113731627,San Diego,Sweetwater Union High,Otay Ranch Senior High,som,Somali,1
37684113731627,San Diego,Sweetwater Union High,Otay Ranch Senior High,spa,Spanish; Castilian,155
37684113731627,San Diego,Sweetwater Union High,Otay Ranch Senior High,ceb,"Cebuano (Bisayan, Visayan)",1
37684113731627,San Diego,Sweetwater Union High,Otay Ranch Senior High,tgl,Tagalog,1
37684113731627,San Diego,Sweetwater Union High,Otay Ranch Senior High,yue,Yue Chinese (Cantonese),1
37684113731627,San Diego,Sweetwater Union High,Otay Ranch Senior High,jpn,Japanese,1
37684113731627,San Diego,Sweetwater Union High,Otay Ranch Senior High,kor,Korean,3
37684113731627,San Diego,Sweetwater Union High,Otay Ranch Senior High,mis,Uncoded languages (Other non-English languages),2
37684113732047,San Diego,Sweetwater Union High,Palomar High,mis,Uncoded languages (Other non-English languages),1
37684113732047,San Diego,Sweetwater Union High,Palomar High,spa,Spanish; Castilian,86
37684113732047,San Diego,Sweetwater Union High,Palomar High,phi,Philippine languages,1
37684113732047,San Diego,Sweetwater Union High,Palomar High,yue,Yue Chinese (Cantonese),1
37684113732849,San Diego,Sweetwater Union High,Hilltop Senior High,jpn,Japanese,1
37684113732849,San Diego,Sweetwater Union High,Hilltop Senior High,mis,Uncoded languages (Other non-English languages),2
37684113732849,San Diego,Sweetwater Union High,Hilltop Senior High,spa,Spanish; Castilian,272
37684113732849,San Diego,Sweetwater Union High,Hilltop Senior High,ara,Arabic,1
37684113732849,San Diego,Sweetwater Union High,Hilltop Senior High,ilo,Iloko (Ilocano),1
37684113732849,San Diego,Sweetwater Union High,Hilltop Senior High,phi,Philippine languages,2
37684113732849,San Diego,Sweetwater Union High,Hilltop Senior High,per,Persian (Farsi),1
37684113733953,San Diego,Sweetwater Union High,Mar Vista Senior High,spa,Spanish; Castilian,268
37684113733953,San Diego,Sweetwater Union High,Mar Vista Senior High,phi,Philippine languages,6
37684113733953,San Diego,Sweetwater Union High,Mar Vista Senior High,tgl,Tagalog,6
37684113733953,San Diego,Sweetwater Union High,Mar Vista Senior High,tha,Thai,1
37684113738226,San Diego,Sweetwater Union High,Sweetwater High,cpp,"Creoles and pidgins, Portuguese-based",1
37684113738226,San Diego,Sweetwater Union High,Sweetwater High,smo,Samoan,1
37684113738226,San Diego,Sweetwater Union High,Sweetwater High,fre,French,5
37684113738226,San Diego,Sweetwater Union High,Sweetwater High,tgl,Tagalog,12
37684113738226,San Diego,Sweetwater Union High,Sweetwater High,phi,Philippine languages,25
37684113738226,San Diego,Sweetwater Union High,Sweetwater High,vie,Vietnamese,1
37684113738226,San Diego,Sweetwater Union High,Sweetwater High,ara,Arabic,1
37684113738226,San Diego,Sweetwater Union High,Sweetwater High,mis,Uncoded languages (Other non-English languages),1
37684113738226,San Diego,Sweetwater Union High,Sweetwater High,spa,Spanish; Castilian,512
37684113738226,San Diego,Sweetwater Union High,Sweetwater High,som,Somali,1
37684113738226,San Diego,Sweetwater Union High,Sweetwater High,cpf,"Creoles and pidgins, French-based",1
37684113738226,San Diego,Sweetwater Union High,Sweetwater High,pag,Pangasinan,1
37684113738226,San Diego,Sweetwater Union High,Sweetwater High,per,Persian (Farsi),3
37684113738226,San Diego,Sweetwater Union High,Sweetwater High,cmn,"Mandarin Chinese (Putonghua, Guoyu)",1
37684113738226,San Diego,Sweetwater Union High,Sweetwater High,hat,Haitian; Haitian Creole,3
37684113738226,San Diego,Sweetwater Union High,Sweetwater High,fil,Filipino; Pilipino,2
37684113738234,San Diego,Sweetwater Union High,Montgomery Senior High,phi,Philippine languages,2
37684113738234,San Diego,Sweetwater Union High,Montgomery Senior High,ara,Arabic,1
37684113738234,San Diego,Sweetwater Union High,Montgomery Senior High,fre,French,2
37684113738234,San Diego,Sweetwater Union High,Montgomery Senior High,spa,Spanish; Castilian,381
37684116059745,San Diego,Sweetwater Union High,Bonita Vista Middle,mis,Uncoded languages (Other non-English languages),1
37684116059745,San Diego,Sweetwater Union High,Bonita Vista Middle,phi,Philippine languages,4
37684116059745,San Diego,Sweetwater Union High,Bonita Vista Middle,rus,Russian,1
37684116059745,San Diego,Sweetwater Union High,Bonita Vista Middle,por,Portuguese,1
37684116059745,San Diego,Sweetwater Union High,Bonita Vista Middle,spa,Spanish; Castilian,85
37684116059752,San Diego,Sweetwater Union High,Castle Park Middle,guj,Gujarati,1
37684116059752,San Diego,Sweetwater Union High,Castle Park Middle,spa,Spanish; Castilian,254
37684116059752,San Diego,Sweetwater Union High,Castle Park Middle,tur,Turkish,1
37684116059752,San Diego,Sweetwater Union High,Castle Park Middle,chi,Chinese (Other Chinese languages),1
37684116059752,San Diego,Sweetwater Union High,Castle Park Middle,swa,Swahili,1
37684116059752,San Diego,Sweetwater Union High,Castle Park Middle,phi,Philippine languages,1
37684116059752,San Diego,Sweetwater Union High,Castle Park Middle,tgl,Tagalog,1
37684116059760,San Diego,Sweetwater Union High,Chula Vista Middle,spa,Spanish; Castilian,207
37684116059760,San Diego,Sweetwater Union High,Chula Vista Middle,tgl,Tagalog,1
37684116059760,San Diego,Sweetwater Union High,Chula Vista Middle,pus,Pushto; Pashto,1
37684116059760,San Diego,Sweetwater Union High,Chula Vista Middle,per,Persian (Farsi),2
37684116059778,San Diego,Sweetwater Union High,Granger Junior High,jpn,Japanese,1
37684116059778,San Diego,Sweetwater Union High,Granger Junior High,per,Persian (Farsi),2
37684116059778,San Diego,Sweetwater Union High,Granger Junior High,fre,French,1
37684116059778,San Diego,Sweetwater Union High,Granger Junior High,tgl,Tagalog,1
37684116059778,San Diego,Sweetwater Union High,Granger Junior High,fil,Filipino; Pilipino,2
37684116059778,San Diego,Sweetwater Union High,Granger Junior High,mis,Uncoded languages (Other non-English languages),1
37684116059778,San Diego,Sweetwater Union High,Granger Junior High,spa,Spanish; Castilian,157
37684116059778,San Diego,Sweetwater Union High,Granger Junior High,hat,Haitian; Haitian Creole,1
37684116059778,San Diego,Sweetwater Union High,Granger Junior High,phi,Philippine languages,9
37684116059786,San Diego,Sweetwater Union High,Mar Vista Academy,tgl,Tagalog,1
37684116059786,San Diego,Sweetwater Union High,Mar Vista Academy,spa,Spanish; Castilian,136
37684116059786,San Diego,Sweetwater Union High,Mar Vista Academy,phi,Philippine languages,2
37684116059794,San Diego,Sweetwater Union High,National City Middle,cpf,"Creoles and pidgins, French-based",1
37684116059794,San Diego,Sweetwater Union High,National City Middle,phi,Philippine languages,12
37684116059794,San Diego,Sweetwater Union High,National City Middle,pus,Pushto; Pashto,1
37684116059794,San Diego,Sweetwater Union High,National City Middle,spa,Spanish; Castilian,169
37684116059794,San Diego,Sweetwater Union High,National City Middle,und,Undetermined,1
37684116059794,San Diego,Sweetwater Union High,National City Middle,tgl,Tagalog,1
37684116062004,San Diego,Sweetwater Union High,Hilltop Middle,mis,Uncoded languages (Other non-English languages),2
37684116062004,San Diego,Sweetwater Union High,Hilltop Middle,spa,Spanish; Castilian,155
37684116062004,San Diego,Sweetwater Union High,Hilltop Middle,chi,Chinese (Other Chinese languages),2
37684116062004,San Diego,Sweetwater Union High,Hilltop Middle,ara,Arabic,1
37684116062012,San Diego,Sweetwater Union High,Southwest Middle,spa,Spanish; Castilian,228
37684116070890,San Diego,Sweetwater Union High,Montgomery Middle,ara,Arabic,1
37684116070890,San Diego,Sweetwater Union High,Montgomery Middle,mis,Uncoded languages (Other non-English languages),1
37684116070890,San Diego,Sweetwater Union High,Montgomery Middle,tgl,Tagalog,3
37684116070890,San Diego,Sweetwater Union High,Montgomery Middle,fre,French,1
37684116070890,San Diego,Sweetwater Union High,Montgomery Middle,phi,Philippine languages,5
37684116070890,San Diego,Sweetwater Union High,Montgomery Middle,spa,Spanish; Castilian,216
37684116114276,San Diego,Sweetwater Union High,Rancho del Rey Middle,mis,Uncoded languages (Other non-English languages),1
37684116114276,San Diego,Sweetwater Union High,Rancho del Rey Middle,rus,Russian,2
37684116114276,San Diego,Sweetwater Union High,Rancho del Rey Middle,amh,Amharic,1
37684116114276,San Diego,Sweetwater Union High,Rancho del Rey Middle,ita,Italian,1
37684116114276,San Diego,Sweetwater Union High,Rancho del Rey Middle,ukr,Ukrainian,1
37684116114276,San Diego,Sweetwater Union High,Rancho del Rey Middle,phi,Philippine languages,7
37684116114276,San Diego,Sweetwater Union High,Rancho del Rey Middle,spa,Spanish; Castilian,113
37684116114276,San Diego,Sweetwater Union High,Rancho del Rey Middle,tgl,Tagalog,3
37684116114276,San Diego,Sweetwater Union High,Rancho del Rey Middle,som,Somali,2
37684116114276,San Diego,Sweetwater Union High,Rancho del Rey Middle,ara,Arabic,3
37684116114276,San Diego,Sweetwater Union High,Rancho del Rey Middle,kor,Korean,4
37684116114276,San Diego,Sweetwater Union High,Rancho del Rey Middle,por,Portuguese,1
37684116120968,San Diego,Sweetwater Union High,Eastlake Middle,por,Portuguese,1
37684116120968,San Diego,Sweetwater Union High,Eastlake Middle,vie,Vietnamese,1
37684116120968,San Diego,Sweetwater Union High,Eastlake Middle,mis,Uncoded languages (Other non-English languages),3
37684116120968,San Diego,Sweetwater Union High,Eastlake Middle,phi,Philippine languages,5
37684116120968,San Diego,Sweetwater Union High,Eastlake Middle,per,Persian (Farsi),1
37684116120968,San Diego,Sweetwater Union High,Eastlake Middle,som,Somali,1
37684116120968,San Diego,Sweetwater Union High,Eastlake Middle,ara,Arabic,1
37684116120968,San Diego,Sweetwater Union High,Eastlake Middle,kor,Korean,3
37684116120968,San Diego,Sweetwater Union High,Eastlake Middle,amh,Amharic,1
37684116120968,San Diego,Sweetwater Union High,Eastlake Middle,cmn,"Mandarin Chinese (Putonghua, Guoyu)",1
37684116120968,San Diego,Sweetwater Union High,Eastlake Middle,spa,Spanish; Castilian,105
37684376040562,San Diego,Vallecitos Elementary,Vallecitos Elementary,spa,Spanish; Castilian,75
37684376040562,San Diego,Vallecitos Elementary,Vallecitos Elementary,cmn,"Mandarin Chinese (Putonghua, Guoyu)",1
37684376040562,San Diego,Vallecitos Elementary,Vallecitos Elementary,myn,Mayan languages,1
37684520000001,San Diego,Vista Unified,"Nonpublic, Nonsectarian Schools",spa,Spanish; Castilian,4
37684520000001,San Diego,Vista Unified,"Nonpublic, Nonsectarian Schools",tel,Telugu,1
37684520100925,San Diego,Vista Unified,T.H.E Leadership Academy,rus,Russian,4
37684520100925,San Diego,Vista Unified,T.H.E Leadership Academy,spa,Spanish; Castilian,84
37684520100925,San Diego,Vista Unified,T.H.E Leadership Academy,por,Portuguese,1
37684520100933,San Diego,Vista Unified,Hannalei Elementary,myn,Mayan languages,2
37684520100933,San Diego,Vista Unified,Hannalei Elementary,tur,Turkish,1
37684520100933,San Diego,Vista Unified,Hannalei Elementary,mis,Uncoded languages (Other non-English languages),2
37684520100933,San Diego,Vista Unified,Hannalei Elementary,oto,Otomian languages (Mixteco),3
37684520100933,San Diego,Vista Unified,Hannalei Elementary,spa,Spanish; Castilian,167
37684520105882,San Diego,Vista Unified,Foothill Oak Elementary,smo,Samoan,1
37684520105882,San Diego,Vista Unified,Foothill Oak Elementary,spa,Spanish; Castilian,247
37684520106120,San Diego,Vista Unified,SIATech,hat,Haitian; Haitian Creole,1
37684520106120,San Diego,Vista Unified,SIATech,spa,Spanish; Castilian,163
37684520106120,San Diego,Vista Unified,SIATech,mis,Uncoded languages (Other non-English languages),1
37684520106120,San Diego,Vista Unified,SIATech,amh,Amharic,3
37684520106120,San Diego,Vista Unified,SIATech,yao,Yao (Mien),1
37684520106120,San Diego,Vista Unified,SIATech,urd,Urdu,1
37684520106120,San Diego,Vista Unified,SIATech,mah,Marshallese,2
37684520111237,San Diego,Vista Unified,Maryland Elementary,mkh,Mon-Khmer languages,2
37684520111237,San Diego,Vista Unified,Maryland Elementary,spa,Spanish; Castilian,165
37684520114264,San Diego,Vista Unified,North County Trade Tech High,spa,Spanish; Castilian,22
37684520114637,San Diego,Vista Unified,"Vista Magnet Middle School of Technology, Science, and Math",spa,Spanish; Castilian,96
37684520114637,San Diego,Vista Unified,"Vista Magnet Middle School of Technology, Science, and Math",per,Persian (Farsi),1
37684520114637,San Diego,Vista Unified,"Vista Magnet Middle School of Technology, Science, and Math",phi,Philippine languages,1
37684520115451,San Diego,Vista Unified,Major General Raymond Murray High,spa,Spanish; Castilian,23
37684520118430,San Diego,Vista Unified,Mission Vista High,vie,Vietnamese,3
37684520118430,San Diego,Vista Unified,Mission Vista High,spa,Spanish; Castilian,23
37684520124917,San Diego,Vista Unified,Guajome Learning Centers,spa,Spanish; Castilian,1
37684520126300,San Diego,Vista Unified,Vista Visions Academy,spa,Spanish; Castilian,5
37684520128223,San Diego,Vista Unified,Bella Mente Montessori Academy,por,Portuguese,1
37684520128223,San Diego,Vista Unified,Bella Mente Montessori Academy,rus,Russian,1
37684520128223,San Diego,Vista Unified,Bella Mente Montessori Academy,spa,Spanish; Castilian,42
37684520128223,San Diego,Vista Unified,Bella Mente Montessori Academy,ger,German,1
37684523730207,San Diego,Vista Unified,Vista Adult Transition Center,cmn,"Mandarin Chinese (Putonghua, Guoyu)",1
37684523730207,San Diego,Vista Unified,Vista Adult Transition Center,spa,Spanish; Castilian,14
37684523730728,San Diego,Vista Unified,Rancho Buena Vista High,per,Persian (Farsi),1
37684523730728,San Diego,Vista Unified,Rancho Buena Vista High,mis,Uncoded languages (Other non-English languages),2
37684523730728,San Diego,Vista Unified,Rancho Buena Vista High,spa,Spanish; Castilian,141
37684523730728,San Diego,Vista Unified,Rancho Buena Vista High,rus,Russian,4
37684523730728,San Diego,Vista Unified,Rancho Buena Vista High,vie,Vietnamese,2
37684523730728,San Diego,Vista Unified,Rancho Buena Vista High,cmn,"Mandarin Chinese (Putonghua, Guoyu)",2
37684523730728,San Diego,Vista Unified,Rancho Buena Vista High,dan,Danish,1
37684523730728,San Diego,Vista Unified,Rancho Buena Vista High,myn,Mayan languages,1
37684523730728,San Diego,Vista Unified,Rancho Buena Vista High,fil,Filipino; Pilipino,1
37684523730942,San Diego,Vista Unified,Guajome Park Academy Charter,mis,Uncoded languages (Other non-English languages),1
37684523730942,San Diego,Vista Unified,Guajome Park Academy Charter,ita,Italian,2
37684523730942,San Diego,Vista Unified,Guajome Park Academy Charter,spa,Spanish; Castilian,130
37684523730942,San Diego,Vista Unified,Guajome Park Academy Charter,vie,Vietnamese,1
37684523732039,San Diego,Vista Unified,Alta Vista High (Continuation),spa,Spanish; Castilian,18
37684523738705,San Diego,Vista Unified,Vista High,fil,Filipino; Pilipino,1
37684523738705,San Diego,Vista Unified,Vista High,vie,Vietnamese,3
37684523738705,San Diego,Vista Unified,Vista High,tgl,Tagalog,1
37684523738705,San Diego,Vista Unified,Vista High,mis,Uncoded languages (Other non-English languages),2
37684523738705,San Diego,Vista Unified,Vista High,orm,Oromo,2
37684523738705,San Diego,Vista Unified,Vista High,spa,Spanish; Castilian,227
37684526040596,San Diego,Vista Unified,Bobier Elementary,vie,Vietnamese,1
37684526040596,San Diego,Vista Unified,Bobier Elementary,spa,Spanish; Castilian,229
37684526040596,San Diego,Vista Unified,Bobier Elementary,mis,Uncoded languages (Other non-English languages),1
37684526040604,San Diego,Vista Unified,California Avenue Elementary,spa,Spanish; Castilian,8
37684526040604,San Diego,Vista Unified,California Avenue Elementary,mis,Uncoded languages (Other non-English languages),1
37684526040604,San Diego,Vista Unified,California Avenue Elementary,fre,French,1
37684526040620,San Diego,Vista Unified,Grapevine Elementary,ara,Arabic,1
37684526040620,San Diego,Vista Unified,Grapevine Elementary,fil,Filipino; Pilipino,1
37684526040620,San Diego,Vista Unified,Grapevine Elementary,spa,Spanish; Castilian,185
37684526040620,San Diego,Vista Unified,Grapevine Elementary,rus,Russian,1
37684526040620,San Diego,Vista Unified,Grapevine Elementary,per,Persian (Farsi),1
37684526040638,San Diego,Vista Unified,Monte Vista Elementary,rus,Russian,1
37684526040638,San Diego,Vista Unified,Monte Vista Elementary,vie,Vietnamese,2
37684526040638,San Diego,Vista Unified,Monte Vista Elementary,cmn,"Mandarin Chinese (Putonghua, Guoyu)",1
37684526040638,San Diego,Vista Unified,Monte Vista Elementary,spa,Spanish; Castilian,70
37684526040653,San Diego,Vista Unified,Vista Academy of Visual and Performing Arts,por,Portuguese,1
37684526040653,San Diego,Vista Unified,Vista Academy of Visual and Performing Arts,spa,Spanish; Castilian,243
37684526040653,San Diego,Vista Unified,Vista Academy of Visual and Performing Arts,ara,Arabic,1
37684526040653,San Diego,Vista Unified,Vista Academy of Visual and Performing Arts,vie,Vietnamese,1
37684526059810,San Diego,Vista Unified,Vista Innovation and Design Academy,spa,Spanish; Castilian,50
37684526059810,San Diego,Vista Unified,Vista Innovation and Design Academy,jpn,Japanese,1
37684526059810,San Diego,Vista Unified,Vista Innovation and Design Academy,ukr,Ukrainian,1
37684526069124,San Diego,Vista Unified,Casita Center for Science/Math/Technology,nep,Nepali,1
37684526069124,San Diego,Vista Unified,Casita Center for Science/Math/Technology,spa,Spanish; Castilian,35
37684526069124,San Diego,Vista Unified,Casita Center for Science/Math/Technology,vie,Vietnamese,3
37684526069124,San Diego,Vista Unified,Casita Center for Science/Math/Technology,khm,"Khmer, Central Khmer",1
37684526069124,San Diego,Vista Unified,Casita Center for Science/Math/Technology,heb,Hebrew,1
37684526107031,San Diego,Vista Unified,Alamosa Park Elementary,ara,Arabic,2
37684526107031,San Diego,Vista Unified,Alamosa Park Elementary,fre,French,1
37684526107031,San Diego,Vista Unified,Alamosa Park Elementary,spa,Spanish; Castilian,25
37684526107031,San Diego,Vista Unified,Alamosa Park Elementary,bur,Burmese,1
37684526107031,San Diego,Vista Unified,Alamosa Park Elementary,vie,Vietnamese,1
37684526107031,San Diego,Vista Unified,Alamosa Park Elementary,hat,Haitian; Haitian Creole,1
37684526107577,San Diego,Vista Unified,Roosevelt Middle,fil,Filipino; Pilipino,1
37684526107577,San Diego,Vista Unified,Roosevelt Middle,smo,Samoan,1
37684526107577,San Diego,Vista Unified,Roosevelt Middle,spa,Spanish; Castilian,176
37684526107577,San Diego,Vista Unified,Roosevelt Middle,und,Undetermined,1
37684526107577,San Diego,Vista Unified,Roosevelt Middle,vie,Vietnamese,3
37684526107585,San Diego,Vista Unified,Lake Elementary,cmn,"Mandarin Chinese (Putonghua, Guoyu)",1
37684526107585,San Diego,Vista Unified,Lake Elementary,tur,Turkish,1
37684526107585,San Diego,Vista Unified,Lake Elementary,ara,Arabic,1
37684526107585,San Diego,Vista Unified,Lake Elementary,spa,Spanish; Castilian,25
37684526107585,San Diego,Vista Unified,Lake Elementary,rus,Russian,4
37684526108708,San Diego,Vista Unified,Empresa Elementary,por,Portuguese,1
37684526108708,San Diego,Vista Unified,Empresa Elementary,per,Persian (Farsi),1
37684526108708,San Diego,Vista Unified,Empresa Elementary,vie,Vietnamese,2
37684526108708,San Diego,Vista Unified,Empresa Elementary,fre,French,1
37684526108708,San Diego,Vista Unified,Empresa Elementary,spa,Spanish; Castilian,24
37684526110399,San Diego,Vista Unified,Breeze Hill Elementary,vie,Vietnamese,2
37684526110399,San Diego,Vista Unified,Breeze Hill Elementary,rus,Russian,1
37684526110399,San Diego,Vista Unified,Breeze Hill Elementary,sin,Sinhala; Sinhalese,2
37684526110399,San Diego,Vista Unified,Breeze Hill Elementary,tel,Telugu,1
37684526110399,San Diego,Vista Unified,Breeze Hill Elementary,qaa,Taiwanese,1
37684526110399,San Diego,Vista Unified,Breeze Hill Elementary,ukr,Ukrainian,3
37684526110399,San Diego,Vista Unified,Breeze Hill Elementary,spa,Spanish; Castilian,109
37684526110399,San Diego,Vista Unified,Breeze Hill Elementary,mis,Uncoded languages (Other non-English languages),1
37684526110399,San Diego,Vista Unified,Breeze Hill Elementary,per,Persian (Farsi),1
37684526110399,San Diego,Vista Unified,Breeze Hill Elementary,oto,Otomian languages (Mixteco),2
37684526110407,San Diego,Vista Unified,Mission Meadows Elementary,spa,Spanish; Castilian,56
37684526110407,San Diego,Vista Unified,Mission Meadows Elementary,vie,Vietnamese,8
37684526112221,San Diego,Vista Unified,Madison Middle,spa,Spanish; Castilian,162
37684526112221,San Diego,Vista Unified,Madison Middle,rus,Russian,1
37684526112221,San Diego,Vista Unified,Madison Middle,smo,Samoan,1
37684526112221,San Diego,Vista Unified,Madison Middle,cld,Chaldean Neo-Aramaic (Chaldean),1
37684526112221,San Diego,Vista Unified,Madison Middle,ara,Arabic,1
37684526112221,San Diego,Vista Unified,Madison Middle,mis,Uncoded languages (Other non-English languages),2
37735510107557,San Diego,Carlsbad Unified,Calavera Hills Middle,spa,Spanish; Castilian,21
37735510107557,San Diego,Carlsbad Unified,Calavera Hills Middle,vie,Vietnamese,1
37735510107557,San Diego,Carlsbad Unified,Calavera Hills Middle,pan,Panjabi; Punjabi,1
37735510107557,San Diego,Carlsbad Unified,Calavera Hills Middle,per,Persian (Farsi),1
37735510113498,San Diego,Carlsbad Unified,Poinsettia Elementary,tel,Telugu,1
37735510113498,San Diego,Carlsbad Unified,Poinsettia Elementary,spa,Spanish; Castilian,30
37735510113498,San Diego,Carlsbad Unified,Poinsettia Elementary,cmn,"Mandarin Chinese (Putonghua, Guoyu)",1
37735510127423,San Diego,Carlsbad Unified,Sage Creek High,spa,Spanish; Castilian,21
37735510127423,San Diego,Carlsbad Unified,Sage Creek High,mon,Mongolian,1
37735510127423,San Diego,Carlsbad Unified,Sage Creek High,rus,Russian,1
37735510127423,San Diego,Carlsbad Unified,Sage Creek High,ukr,Ukrainian,1
37735510127423,San Diego,Carlsbad Unified,Sage Creek High,vie,Vietnamese,1
37735510127423,San Diego,Carlsbad Unified,Sage Creek High,ara,Arabic,1
37735510127423,San Diego,Carlsbad Unified,Sage Creek High,jpn,Japanese,1
37735513730017,San Diego,Carlsbad Unified,Carlsbad Village Academy,spa,Spanish; Castilian,2
37735513730694,San Diego,Carlsbad Unified,Carlsbad High,fil,Filipino; Pilipino,1
37735513730694,San Diego,Carlsbad Unified,Carlsbad High,phi,Philippine languages,1
37735513730694,San Diego,Carlsbad Unified,Carlsbad High,ukr,Ukrainian,1
37735513730694,San Diego,Carlsbad Unified,Carlsbad High,rus,Russian,3
37735513730694,San Diego,Carlsbad Unified,Carlsbad High,per,Persian (Farsi),1
37735513730694,San Diego,Carlsbad Unified,Carlsbad High,jpn,Japanese,1
37735513730694,San Diego,Carlsbad Unified,Carlsbad High,cmn,"Mandarin Chinese (Putonghua, Guoyu)",2
37735513730694,San Diego,Carlsbad Unified,Carlsbad High,spa,Spanish; Castilian,71
37735516037774,San Diego,Carlsbad Unified,Buena Vista Elementary,hin,Hindi,1
37735516037774,San Diego,Carlsbad Unified,Buena Vista Elementary,per,Persian (Farsi),1
37735516037774,San Diego,Carlsbad Unified,Buena Vista Elementary,cmn,"Mandarin Chinese (Putonghua, Guoyu)",2
37735516037774,San Diego,Carlsbad Unified,Buena Vista Elementary,spa,Spanish; Castilian,5
37735516037774,San Diego,Carlsbad Unified,Buena Vista Elementary,vie,Vietnamese,1
37735516037774,San Diego,Carlsbad Unified,Buena Vista Elementary,por,Portuguese,1
37735516037782,San Diego,Carlsbad Unified,Jefferson Elementary,spa,Spanish; Castilian,61
37735516037790,San Diego,Carlsbad Unified,Magnolia Elementary,hun,Hungarian,1
37735516037790,San Diego,Carlsbad Unified,Magnolia Elementary,mis,Uncoded languages (Other non-English languages),1
37735516037790,San Diego,Carlsbad Unified,Magnolia Elementary,spa,Spanish; Castilian,4
37735516037816,San Diego,Carlsbad Unified,Valley Middle,per,Persian (Farsi),1
37735516037816,San Diego,Carlsbad Unified,Valley Middle,ara,Arabic,2
37735516037816,San Diego,Carlsbad Unified,Valley Middle,spa,Spanish; Castilian,34
37735516037816,San Diego,Carlsbad Unified,Valley Middle,mis,Uncoded languages (Other non-English languages),1
37735516037816,San Diego,Carlsbad Unified,Valley Middle,ben,Bengali,1
37735516037816,San Diego,Carlsbad Unified,Valley Middle,por,Portuguese,2
37735516037816,San Diego,Carlsbad Unified,Valley Middle,cmn,"Mandarin Chinese (Putonghua, Guoyu)",2
37735516099352,San Diego,Carlsbad Unified,Kelly Elementary,spa,Spanish; Castilian,7
37735516099352,San Diego,Carlsbad Unified,Kelly Elementary,kor,Korean,1
37735516099352,San Diego,Carlsbad Unified,Kelly Elementary,jpn,Japanese,1
37735516099352,San Diego,Carlsbad Unified,Kelly Elementary,por,Portuguese,1
37735516106512,San Diego,Carlsbad Unified,Hope Elementary,ita,Italian,1
37735516106512,San Diego,Carlsbad Unified,Hope Elementary,pan,Panjabi; Punjabi,1
37735516106512,San Diego,Carlsbad Unified,Hope Elementary,por,Portuguese,2
37735516106512,San Diego,Carlsbad Unified,Hope Elementary,heb,Hebrew,1
37735516106512,San Diego,Carlsbad Unified,Hope Elementary,per,Persian (Farsi),1
37735516106512,San Diego,Carlsbad Unified,Hope Elementary,spa,Spanish; Castilian,9
37735516106512,San Diego,Carlsbad Unified,Hope Elementary,ara,Arabic,1
37735516106512,San Diego,Carlsbad Unified,Hope Elementary,jpn,Japanese,1
37735516106512,San Diego,Carlsbad Unified,Hope Elementary,cmn,"Mandarin Chinese (Putonghua, Guoyu)",1
37735516106512,San Diego,Carlsbad Unified,Hope Elementary,yue,Yue Chinese (Cantonese),1
37735516109201,San Diego,Carlsbad Unified,Aviara Oaks Elementary,spa,Spanish; Castilian,15
37735516109201,San Diego,Carlsbad Unified,Aviara Oaks Elementary,ger,German,1
37735516109201,San Diego,Carlsbad Unified,Aviara Oaks Elementary,jpn,Japanese,2
37735516109201,San Diego,Carlsbad Unified,Aviara Oaks Elementary,cmn,"Mandarin Chinese (Putonghua, Guoyu)",1
37735516109201,San Diego,Carlsbad Unified,Aviara Oaks Elementary,yue,Yue Chinese (Cantonese),2
37735516109201,San Diego,Carlsbad Unified,Aviara Oaks Elementary,kor,Korean,1
37735516109201,San Diego,Carlsbad Unified,Aviara Oaks Elementary,por,Portuguese,1
37735516109201,San Diego,Carlsbad Unified,Aviara Oaks Elementary,rus,Russian,4
37735516109201,San Diego,Carlsbad Unified,Aviara Oaks Elementary,hin,Hindi,1
37735516116578,San Diego,Carlsbad Unified,Pacific Rim Elementary,kor,Korean,1
37735516116578,San Diego,Carlsbad Unified,Pacific Rim Elementary,yue,Yue Chinese (Cantonese),2
37735516116578,San Diego,Carlsbad Unified,Pacific Rim Elementary,ita,Italian,1
37735516116578,San Diego,Carlsbad Unified,Pacific Rim Elementary,fin,Finnish,2
37735516116578,San Diego,Carlsbad Unified,Pacific Rim Elementary,ukr,Ukrainian,1
37735516116578,San Diego,Carlsbad Unified,Pacific Rim Elementary,cmn,"Mandarin Chinese (Putonghua, Guoyu)",1
37735516116578,San Diego,Carlsbad Unified,Pacific Rim Elementary,spa,Spanish; Castilian,3
37735516116578,San Diego,Carlsbad Unified,Pacific Rim Elementary,dut,Dutch; Flemish,1
37735516116578,San Diego,Carlsbad Unified,Pacific Rim Elementary,jpn,Japanese,2
37735516116578,San Diego,Carlsbad Unified,Pacific Rim Elementary,tur,Turkish,1
37735516116578,San Diego,Carlsbad Unified,Pacific Rim Elementary,mis,Uncoded languages (Other non-English languages),1
37735516118137,San Diego,Carlsbad Unified,Aviara Oaks Middle,cmn,"Mandarin Chinese (Putonghua, Guoyu)",2
37735516118137,San Diego,Carlsbad Unified,Aviara Oaks Middle,yue,Yue Chinese (Cantonese),1
37735516118137,San Diego,Carlsbad Unified,Aviara Oaks Middle,por,Portuguese,2
37735516118137,San Diego,Carlsbad Unified,Aviara Oaks Middle,rus,Russian,3
37735516118137,San Diego,Carlsbad Unified,Aviara Oaks Middle,spa,Spanish; Castilian,21
37735516118137,San Diego,Carlsbad Unified,Aviara Oaks Middle,fre,French,1
37735516118137,San Diego,Carlsbad Unified,Aviara Oaks Middle,kor,Korean,1
37735516118137,San Diego,Carlsbad Unified,Aviara Oaks Middle,mon,Mongolian,1
37735516120711,San Diego,Carlsbad Unified,Calavera Hills Elementary,spa,Spanish; Castilian,29
37735516120711,San Diego,Carlsbad Unified,Calavera Hills Elementary,per,Persian (Farsi),1
37735516120711,San Diego,Carlsbad Unified,Calavera Hills Elementary,vie,Vietnamese,1
37735690000001,San Diego,Oceanside Unified,"Nonpublic, Nonsectarian Schools",vie,Vietnamese,2
37735690000001,San Diego,Oceanside Unified,"Nonpublic, Nonsectarian Schools",spa,Spanish; Castilian,2
37735690000001,San Diego,Oceanside Unified,"Nonpublic, Nonsectarian Schools",cmn,"Mandarin Chinese (Putonghua, Guoyu)",1
37735690113514,San Diego,Oceanside Unified,Louise Foussat Elementary,phi,Philippine languages,3
37735690113514,San Diego,Oceanside Unified,Louise Foussat Elementary,vie,Vietnamese,1
37735690113514,San Diego,Oceanside Unified,Louise Foussat Elementary,rus,Russian,2
37735690113514,San Diego,Oceanside Unified,Louise Foussat Elementary,spa,Spanish; Castilian,84
37735690113514,San Diego,Oceanside Unified,Louise Foussat Elementary,tgl,Tagalog,2
37735690113514,San Diego,Oceanside Unified,Louise Foussat Elementary,cmn,"Mandarin Chinese (Putonghua, Guoyu)",1
37735690113522,San Diego,Oceanside Unified,Cesar Chavez Middle,spa,Spanish; Castilian,50
37735690113522,San Diego,Oceanside Unified,Cesar Chavez Middle,jpn,Japanese,1
37735690113522,San Diego,Oceanside Unified,Cesar Chavez Middle,per,Persian (Farsi),1
37735690113522,San Diego,Oceanside Unified,Cesar Chavez Middle,phi,Philippine languages,2
37735690113522,San Diego,Oceanside Unified,Cesar Chavez Middle,vie,Vietnamese,1
37735690113522,San Diego,Oceanside Unified,Cesar Chavez Middle,tgl,Tagalog,1
37735690136267,San Diego,Oceanside Unified,Coastal Academy Charter,phi,Philippine languages,1
37735690136267,San Diego,Oceanside Unified,Coastal Academy Charter,por,Portuguese,2
37735690136267,San Diego,Oceanside Unified,Coastal Academy Charter,din,Dinka,1
37735690136267,San Diego,Oceanside Unified,Coastal Academy Charter,ukr,Ukrainian,1
37735690136267,San Diego,Oceanside Unified,Coastal Academy Charter,spa,Spanish; Castilian,14
37735690136267,San Diego,Oceanside Unified,Coastal Academy Charter,ara,Arabic,1
37735690140079,San Diego,Oceanside Unified,Surfside Academy,jpn,Japanese,1
37735690140079,San Diego,Oceanside Unified,Surfside Academy,rus,Russian,1
37735690140079,San Diego,Oceanside Unified,Surfside Academy,spa,Spanish; Castilian,12
37735690140079,San Diego,Oceanside Unified,Surfside Academy,phi,Philippine languages,1
37735690140343,San Diego,Oceanside Unified,Oceanside Unified School District Adult Transition Program,spa,Spanish; Castilian,7
37735693731221,San Diego,Oceanside Unified,Pacific View Charter,spa,Spanish; Castilian,25
37735693735206,San Diego,Oceanside Unified,Oceanside High,phi,Philippine languages,1
37735693735206,San Diego,Oceanside Unified,Oceanside High,cmn,"Mandarin Chinese (Putonghua, Guoyu)",1
37735693735206,San Diego,Oceanside Unified,Oceanside High,rus,Russian,1
37735693735206,San Diego,Oceanside Unified,Oceanside High,mis,Uncoded languages (Other non-English languages),1
37735693735206,San Diego,Oceanside Unified,Oceanside High,smo,Samoan,1
37735693735206,San Diego,Oceanside Unified,Oceanside High,ara,Arabic,1
37735693735206,San Diego,Oceanside Unified,Oceanside High,por,Portuguese,1
37735693735206,San Diego,Oceanside Unified,Oceanside High,spa,Spanish; Castilian,131
37735693739018,San Diego,Oceanside Unified,El Camino High,oto,Otomian languages (Mixteco),1
37735693739018,San Diego,Oceanside Unified,El Camino High,per,Persian (Farsi),1
37735693739018,San Diego,Oceanside Unified,El Camino High,rus,Russian,2
37735693739018,San Diego,Oceanside Unified,El Camino High,vie,Vietnamese,8
37735693739018,San Diego,Oceanside Unified,El Camino High,fil,Filipino; Pilipino,1
37735693739018,San Diego,Oceanside Unified,El Camino High,ara,Arabic,2
37735693739018,San Diego,Oceanside Unified,El Camino High,phi,Philippine languages,3
37735693739018,San Diego,Oceanside Unified,El Camino High,ita,Italian,3
37735693739018,San Diego,Oceanside Unified,El Camino High,tgl,Tagalog,2
37735693739018,San Diego,Oceanside Unified,El Camino High,spa,Spanish; Castilian,137
37735693739026,San Diego,Oceanside Unified,Surfside High (Continuation),mis,Uncoded languages (Other non-English languages),1
37735693739026,San Diego,Oceanside Unified,Surfside High (Continuation),spa,Spanish; Castilian,16
37735696038830,San Diego,Oceanside Unified,Jefferson Middle,phi,Philippine languages,2
37735696038830,San Diego,Oceanside Unified,Jefferson Middle,khm,"Khmer, Central Khmer",1
37735696038830,San Diego,Oceanside Unified,Jefferson Middle,spa,Spanish; Castilian,101
37735696038830,San Diego,Oceanside Unified,Jefferson Middle,cmn,"Mandarin Chinese (Putonghua, Guoyu)",1
37735696038848,San Diego,Oceanside Unified,Laurel Elementary,por,Portuguese,1
37735696038848,San Diego,Oceanside Unified,Laurel Elementary,spa,Spanish; Castilian,97
37735696038855,San Diego,Oceanside Unified,Libby Elementary,tgl,Tagalog,1
37735696038855,San Diego,Oceanside Unified,Libby Elementary,phi,Philippine languages,2
37735696038855,San Diego,Oceanside Unified,Libby Elementary,spa,Spanish; Castilian,125
37735696038863,San Diego,Oceanside Unified,Lincoln Middle,phi,Philippine languages,1
37735696038863,San Diego,Oceanside Unified,Lincoln Middle,spa,Spanish; Castilian,60
37735696038871,San Diego,Oceanside Unified,Mission Elementary,tgl,Tagalog,1
37735696038871,San Diego,Oceanside Unified,Mission Elementary,spa,Spanish; Castilian,142
37735696038889,San Diego,Oceanside Unified,North Terrace Elementary,jpn,Japanese,1
37735696038889,San Diego,Oceanside Unified,North Terrace Elementary,spa,Spanish; Castilian,13
37735696038889,San Diego,Oceanside Unified,North Terrace Elementary,por,Portuguese,1
37735696038889,San Diego,Oceanside Unified,North Terrace Elementary,bur,Burmese,1
37735696038889,San Diego,Oceanside Unified,North Terrace Elementary,mis,Uncoded languages (Other non-English languages),1
37735696038889,San Diego,Oceanside Unified,North Terrace Elementary,twi,Twi,1
37735696038897,San Diego,Oceanside Unified,Palmquist Elementary,spa,Spanish; Castilian,25
37735696038897,San Diego,Oceanside Unified,Palmquist Elementary,per,Persian (Farsi),1
37735696038905,San Diego,Oceanside Unified,Pablo Tac School of the Arts,cmn,"Mandarin Chinese (Putonghua, Guoyu)",1
37735696038905,San Diego,Oceanside Unified,Pablo Tac School of the Arts,spa,Spanish; Castilian,86
37735696038913,San Diego,Oceanside Unified,Santa Margarita Elementary,jpn,Japanese,1
37735696038913,San Diego,Oceanside Unified,Santa Margarita Elementary,spa,Spanish; Castilian,7
37735696038913,San Diego,Oceanside Unified,Santa Margarita Elementary,smo,Samoan,2
37735696038921,San Diego,Oceanside Unified,South Oceanside Elementary,hun,Hungarian,1
37735696038921,San Diego,Oceanside Unified,South Oceanside Elementary,spa,Spanish; Castilian,36
37735696088991,San Diego,Oceanside Unified,Del Rio Elementary,phi,Philippine languages,1
37735696088991,San Diego,Oceanside Unified,Del Rio Elementary,spa,Spanish; Castilian,47
37735696088991,San Diego,Oceanside Unified,Del Rio Elementary,rus,Russian,1
37735696108211,San Diego,Oceanside Unified,Christa McAuliffe Elementary,per,Persian (Farsi),1
37735696108211,San Diego,Oceanside Unified,Christa McAuliffe Elementary,ara,Arabic,1
37735696108211,San Diego,Oceanside Unified,Christa McAuliffe Elementary,spa,Spanish; Castilian,41
37735696108211,San Diego,Oceanside Unified,Christa McAuliffe Elementary,por,Portuguese,2
37735696108211,San Diego,Oceanside Unified,Christa McAuliffe Elementary,ukr,Ukrainian,2
37735696109995,San Diego,Oceanside Unified,Ivey Ranch Elementary,ita,Italian,1
37735696109995,San Diego,Oceanside Unified,Ivey Ranch Elementary,vie,Vietnamese,6
37735696109995,San Diego,Oceanside Unified,Ivey Ranch Elementary,tha,Thai,2
37735696109995,San Diego,Oceanside Unified,Ivey Ranch Elementary,spa,Spanish; Castilian,16
37735696109995,San Diego,Oceanside Unified,Ivey Ranch Elementary,ara,Arabic,2
37735696109995,San Diego,Oceanside Unified,Ivey Ranch Elementary,pam,Pampanga; Kapampangan,1
37735696109995,San Diego,Oceanside Unified,Ivey Ranch Elementary,ton,Tonga (Tonga Islands),1
37735696109995,San Diego,Oceanside Unified,Ivey Ranch Elementary,jpn,Japanese,2
37735696111777,San Diego,Oceanside Unified,Martin Luther King Jr. Middle,cai,Central American Indian languages,1
37735696111777,San Diego,Oceanside Unified,Martin Luther King Jr. Middle,mar,Marathi,1
37735696111777,San Diego,Oceanside Unified,Martin Luther King Jr. Middle,tgl,Tagalog,1
37735696111777,San Diego,Oceanside Unified,Martin Luther King Jr. Middle,ton,Tonga (Tonga Islands),1
37735696111777,San Diego,Oceanside Unified,Martin Luther King Jr. Middle,vie,Vietnamese,4
37735696111777,San Diego,Oceanside Unified,Martin Luther King Jr. Middle,phi,Philippine languages,2
37735696111777,San Diego,Oceanside Unified,Martin Luther King Jr. Middle,mis,Uncoded languages (Other non-English languages),1
37735696111777,San Diego,Oceanside Unified,Martin Luther King Jr. Middle,ita,Italian,1
37735696111777,San Diego,Oceanside Unified,Martin Luther King Jr. Middle,ara,Arabic,1
37735696111777,San Diego,Oceanside Unified,Martin Luther King Jr. Middle,spa,Spanish; Castilian,66
37735696115299,San Diego,Oceanside Unified,Stuart Mesa Elementary,spa,Spanish; Castilian,17
37735696115299,San Diego,Oceanside Unified,Stuart Mesa Elementary,kor,Korean,1
37735696115299,San Diego,Oceanside Unified,Stuart Mesa Elementary,tha,Thai,1
37735696119713,San Diego,Oceanside Unified,Nichols Elementary,vie,Vietnamese,3
37735696119713,San Diego,Oceanside Unified,Nichols Elementary,ara,Arabic,2
37735696119713,San Diego,Oceanside Unified,Nichols Elementary,ukr,Ukrainian,1
37735696119713,San Diego,Oceanside Unified,Nichols Elementary,phi,Philippine languages,1
37735696119713,San Diego,Oceanside Unified,Nichols Elementary,spa,Spanish; Castilian,55
37735696119713,San Diego,Oceanside Unified,Nichols Elementary,fil,Filipino; Pilipino,1
37737910105684,San Diego,San Marcos Unified,San Elijo Middle,ara,Arabic,3
37737910105684,San Diego,San Marcos Unified,San Elijo Middle,spa,Spanish; Castilian,18
37737910105684,San Diego,San Marcos Unified,San Elijo Middle,jpn,Japanese,1
37737910105684,San Diego,San Marcos Unified,San Elijo Middle,rus,Russian,1
37737910105684,San Diego,San Marcos Unified,San Elijo Middle,pan,Panjabi; Punjabi,1
37737910105726,San Diego,San Marcos Unified,Mission Hills High,per,Persian (Farsi),3
37737910105726,San Diego,San Marcos Unified,Mission Hills High,spa,Spanish; Castilian,179
37737910105726,San Diego,San Marcos Unified,Mission Hills High,rus,Russian,1
37737910105726,San Diego,San Marcos Unified,Mission Hills High,mis,Uncoded languages (Other non-English languages),2
37737910105726,San Diego,San Marcos Unified,Mission Hills High,cpe,"Creoles and pidgins, English based",1
37737910105726,San Diego,San Marcos Unified,Mission Hills High,cmn,"Mandarin Chinese (Putonghua, Guoyu)",1
37737910105726,San Diego,San Marcos Unified,Mission Hills High,phi,Philippine languages,2
37737910105726,San Diego,San Marcos Unified,Mission Hills High,tgl,Tagalog,1
37737910111468,San Diego,San Marcos Unified,San Elijo Elementary,per,Persian (Farsi),1
37737910111468,San Diego,San Marcos Unified,San Elijo Elementary,rus,Russian,3
37737910111468,San Diego,San Marcos Unified,San Elijo Elementary,tel,Telugu,1
37737910111468,San Diego,San Marcos Unified,San Elijo Elementary,chi,Chinese (Other Chinese languages),1
37737910111468,San Diego,San Marcos Unified,San Elijo Elementary,spa,Spanish; Castilian,15
37737910111468,San Diego,San Marcos Unified,San Elijo Elementary,jpn,Japanese,1
37737910111468,San Diego,San Marcos Unified,San Elijo Elementary,mis,Uncoded languages (Other non-English languages),1
37737910111468,San Diego,San Marcos Unified,San Elijo Elementary,pus,Pushto; Pashto,1
37737910116467,San Diego,San Marcos Unified,Joli Ann Leichtag Elementary,vie,Vietnamese,3
37737910116467,San Diego,San Marcos Unified,Joli Ann Leichtag Elementary,urd,Urdu,1
37737910116467,San Diego,San Marcos Unified,Joli Ann Leichtag Elementary,spa,Spanish; Castilian,154
37737910131433,San Diego,San Marcos Unified,Double Peak,hin,Hindi,1
37737910131433,San Diego,San Marcos Unified,Double Peak,bat,Other Baltic languages,1
37737910131433,San Diego,San Marcos Unified,Double Peak,rus,Russian,10
37737910131433,San Diego,San Marcos Unified,Double Peak,nep,Nepali,1
37737910131433,San Diego,San Marcos Unified,Double Peak,kor,Korean,1
37737910131433,San Diego,San Marcos Unified,Double Peak,pan,Panjabi; Punjabi,1
37737910131433,San Diego,San Marcos Unified,Double Peak,ind,Indonesian,1
37737910131433,San Diego,San Marcos Unified,Double Peak,cmn,"Mandarin Chinese (Putonghua, Guoyu)",1
37737910131433,San Diego,San Marcos Unified,Double Peak,spa,Spanish; Castilian,21
37737910131433,San Diego,San Marcos Unified,Double Peak,ita,Italian,1
37737910131433,San Diego,San Marcos Unified,Double Peak,por,Portuguese,1
37737910131433,San Diego,San Marcos Unified,Double Peak,tel,Telugu,4
37737910138222,San Diego,San Marcos Unified,Pivot Charter School - San Diego II,spa,Spanish; Castilian,5
37737913730215,San Diego,San Marcos Unified,Twin Oaks High,phi,Philippine languages,1
37737913730215,San Diego,San Marcos Unified,Twin Oaks High,cmn,"Mandarin Chinese (Putonghua, Guoyu)",1
37737913730215,San Diego,San Marcos Unified,Twin Oaks High,spa,Spanish; Castilian,39
37737913730793,San Diego,San Marcos Unified,Foothills High,spa,Spanish; Castilian,2
37737913730793,San Diego,San Marcos Unified,Foothills High,rus,Russian,2
37737913737632,San Diego,San Marcos Unified,San Marcos High,cmn,"Mandarin Chinese (Putonghua, Guoyu)",4
37737913737632,San Diego,San Marcos Unified,San Marcos High,por,Portuguese,1
37737913737632,San Diego,San Marcos Unified,San Marcos High,spa,Spanish; Castilian,167
37737913737632,San Diego,San Marcos Unified,San Marcos High,ukr,Ukrainian,1
37737913737632,San Diego,San Marcos Unified,San Marcos High,phi,Philippine languages,2
37737913737632,San Diego,San Marcos Unified,San Marcos High,rus,Russian,5
37737913737632,San Diego,San Marcos Unified,San Marcos High,vie,Vietnamese,3
37737913737632,San Diego,San Marcos Unified,San Marcos High,ara,Arabic,1
37737913737632,San Diego,San Marcos Unified,San Marcos High,tha,Thai,1
37737913737632,San Diego,San Marcos Unified,San Marcos High,per,Persian (Farsi),1
37737916039069,San Diego,San Marcos Unified,La Mirada Academy,spa,Spanish; Castilian,210
37737916039069,San Diego,San Marcos Unified,La Mirada Academy,hin,Hindi,2
37737916039069,San Diego,San Marcos Unified,La Mirada Academy,und,Undetermined,1
37737916039069,San Diego,San Marcos Unified,La Mirada Academy,per,Persian (Farsi),4
37737916039069,San Diego,San Marcos Unified,La Mirada Academy,tha,Thai,1
37737916039069,San Diego,San Marcos Unified,La Mirada Academy,rus,Russian,2
37737916039069,San Diego,San Marcos Unified,La Mirada Academy,vie,Vietnamese,6
37737916039077,San Diego,San Marcos Unified,Richland Elementary,por,Portuguese,1
37737916039077,San Diego,San Marcos Unified,Richland Elementary,alb,Albanian,1
37737916039077,San Diego,San Marcos Unified,Richland Elementary,cmn,"Mandarin Chinese (Putonghua, Guoyu)",1
37737916039077,San Diego,San Marcos Unified,Richland Elementary,spa,Spanish; Castilian,36
37737916039077,San Diego,San Marcos Unified,Richland Elementary,mar,Marathi,1
37737916039077,San Diego,San Marcos Unified,Richland Elementary,per,Persian (Farsi),2
37737916039077,San Diego,San Marcos Unified,Richland Elementary,rus,Russian,1
37737916039077,San Diego,San Marcos Unified,Richland Elementary,vie,Vietnamese,2
37737916039077,San Diego,San Marcos Unified,Richland Elementary,ara,Arabic,1
37737916039077,San Diego,San Marcos Unified,Richland Elementary,doi,Dogri,1
37737916039077,San Diego,San Marcos Unified,Richland Elementary,urd,Urdu,1
37737916039077,San Diego,San Marcos Unified,Richland Elementary,bat,Other Baltic languages,1
37737916039077,San Diego,San Marcos Unified,Richland Elementary,guj,Gujarati,1
37737916039085,San Diego,San Marcos Unified,San Marcos Elementary,oto,Otomian languages (Mixteco),1
37737916039085,San Diego,San Marcos Unified,San Marcos Elementary,vie,Vietnamese,1
37737916039085,San Diego,San Marcos Unified,San Marcos Elementary,zap,Zapotec,1
37737916039085,San Diego,San Marcos Unified,San Marcos Elementary,spa,Spanish; Castilian,260
37737916039085,San Diego,San Marcos Unified,San Marcos Elementary,und,Undetermined,3
37737916039085,San Diego,San Marcos Unified,San Marcos Elementary,myn,Mayan languages,1
37737916039085,San Diego,San Marcos Unified,San Marcos Elementary,mis,Uncoded languages (Other non-English languages),1
37737916039085,San Diego,San Marcos Unified,San Marcos Elementary,per,Persian (Farsi),1
37737916039085,San Diego,San Marcos Unified,San Marcos Elementary,fil,Filipino; Pilipino,1
37737916039093,San Diego,San Marcos Unified,San Marcos Middle,spa,Spanish; Castilian,160
37737916039093,San Diego,San Marcos Unified,San Marcos Middle,mis,Uncoded languages (Other non-English languages),1
37737916039093,San Diego,San Marcos Unified,San Marcos Middle,yue,Yue Chinese (Cantonese),1
37737916039093,San Diego,San Marcos Unified,San Marcos Middle,per,Persian (Farsi),1
37737916039093,San Diego,San Marcos Unified,San Marcos Middle,rus,Russian,3
37737916039093,San Diego,San Marcos Unified,San Marcos Middle,vie,Vietnamese,1
37737916095061,San Diego,San Marcos Unified,Woodland Park Middle,per,Persian (Farsi),4
37737916095061,San Diego,San Marcos Unified,Woodland Park Middle,oto,Otomian languages (Mixteco),1
37737916095061,San Diego,San Marcos Unified,Woodland Park Middle,spa,Spanish; Castilian,73
37737916095061,San Diego,San Marcos Unified,Woodland Park Middle,phi,Philippine languages,2
37737916095061,San Diego,San Marcos Unified,Woodland Park Middle,urd,Urdu,1
37737916105993,San Diego,San Marcos Unified,La Costa Meadows Elementary,spa,Spanish; Castilian,17
37737916105993,San Diego,San Marcos Unified,La Costa Meadows Elementary,per,Persian (Farsi),2
37737916105993,San Diego,San Marcos Unified,La Costa Meadows Elementary,por,Portuguese,1
37737916105993,San Diego,San Marcos Unified,La Costa Meadows Elementary,vie,Vietnamese,1
37737916105993,San Diego,San Marcos Unified,La Costa Meadows Elementary,rus,Russian,1
37737916105993,San Diego,San Marcos Unified,La Costa Meadows Elementary,chi,Chinese (Other Chinese languages),1
37737916107148,San Diego,San Marcos Unified,Knob Hill Elementary,spa,Spanish; Castilian,50
37737916107148,San Diego,San Marcos Unified,Knob Hill Elementary,urd,Urdu,1
37737916107148,San Diego,San Marcos Unified,Knob Hill Elementary,yue,Yue Chinese (Cantonese),2
37737916107148,San Diego,San Marcos Unified,Knob Hill Elementary,vie,Vietnamese,6
37737916107148,San Diego,San Marcos Unified,Knob Hill Elementary,per,Persian (Farsi),2
37737916107148,San Diego,San Marcos Unified,Knob Hill Elementary,ara,Arabic,1
37737916107148,San Diego,San Marcos Unified,Knob Hill Elementary,phi,Philippine languages,3
37737916108872,San Diego,San Marcos Unified,Paloma Elementary,cmn,"Mandarin Chinese (Putonghua, Guoyu)",2
37737916108872,San Diego,San Marcos Unified,Paloma Elementary,guj,Gujarati,1
37737916108872,San Diego,San Marcos Unified,Paloma Elementary,vie,Vietnamese,6
37737916108872,San Diego,San Marcos Unified,Paloma Elementary,spa,Spanish; Castilian,49
37737916108872,San Diego,San Marcos Unified,Paloma Elementary,per,Persian (Farsi),2
37737916108872,San Diego,San Marcos Unified,Paloma Elementary,hin,Hindi,1
37737916108872,San Diego,San Marcos Unified,Paloma Elementary,phi,Philippine languages,1
37737916108872,San Diego,San Marcos Unified,Paloma Elementary,tel,Telugu,1
37737916108872,San Diego,San Marcos Unified,Paloma Elementary,und,Undetermined,1
37737916108872,San Diego,San Marcos Unified,Paloma Elementary,ara,Arabic,1
37737916114169,San Diego,San Marcos Unified,Discovery Elementary,cmn,"Mandarin Chinese (Putonghua, Guoyu)",2
37737916114169,San Diego,San Marcos Unified,Discovery Elementary,heb,Hebrew,1
37737916114169,San Diego,San Marcos Unified,Discovery Elementary,kan,Kannada,1
37737916114169,San Diego,San Marcos Unified,Discovery Elementary,spa,Spanish; Castilian,19
37737916114169,San Diego,San Marcos Unified,Discovery Elementary,und,Undetermined,1
37737916114169,San Diego,San Marcos Unified,Discovery Elementary,guj,Gujarati,1
37737916114169,San Diego,San Marcos Unified,Discovery Elementary,hin,Hindi,2
37737916114169,San Diego,San Marcos Unified,Discovery Elementary,phi,Philippine languages,1
37737916114169,San Diego,San Marcos Unified,Discovery Elementary,vie,Vietnamese,1
37737916114169,San Diego,San Marcos Unified,Discovery Elementary,tel,Telugu,1
37737916114169,San Diego,San Marcos Unified,Discovery Elementary,per,Persian (Farsi),2
37737916114169,San Diego,San Marcos Unified,Discovery Elementary,kor,Korean,1
37737916115349,San Diego,San Marcos Unified,Twin Oaks Elementary,fre,French,1
37737916115349,San Diego,San Marcos Unified,Twin Oaks Elementary,vie,Vietnamese,1
37737916115349,San Diego,San Marcos Unified,Twin Oaks Elementary,spa,Spanish; Castilian,114
37737916115349,San Diego,San Marcos Unified,Twin Oaks Elementary,und,Undetermined,3
37737916115349,San Diego,San Marcos Unified,Twin Oaks Elementary,uzb,Uzbek,1
37737916116206,San Diego,San Marcos Unified,Carrillo Elementary,spa,Spanish; Castilian,24
37737916116206,San Diego,San Marcos Unified,Carrillo Elementary,por,Portuguese,2
37737916116206,San Diego,San Marcos Unified,Carrillo Elementary,vie,Vietnamese,1
37737916116206,San Diego,San Marcos Unified,Carrillo Elementary,per,Persian (Farsi),1
37737916116206,San Diego,San Marcos Unified,Carrillo Elementary,rus,Russian,1
37737916116206,San Diego,San Marcos Unified,Carrillo Elementary,mis,Uncoded languages (Other non-English languages),1
37737916116206,San Diego,San Marcos Unified,Carrillo Elementary,ara,Arabic,1
37737916116206,San Diego,San Marcos Unified,Carrillo Elementary,bat,Other Baltic languages,1
37754160132472,San Diego,Warner Unified,California Pacific Charter - San Diego,ara,Arabic,3
37754160132472,San Diego,Warner Unified,California Pacific Charter - San Diego,spa,Spanish; Castilian,18
37754160132472,San Diego,Warner Unified,California Pacific Charter - San Diego,por,Portuguese,1
37754160138651,San Diego,Warner Unified,San Diego Mission Academy,pus,Pushto; Pashto,1
37754160138651,San Diego,Warner Unified,San Diego Mission Academy,spa,Spanish; Castilian,49
37754160138651,San Diego,Warner Unified,San Diego Mission Academy,ara,Arabic,2
37754160138651,San Diego,Warner Unified,San Diego Mission Academy,phi,Philippine languages,2
37754160139378,San Diego,Warner Unified,Sage Oak Charter School - South,spa,Spanish; Castilian,12
37754160139378,San Diego,Warner Unified,Sage Oak Charter School - South,rus,Russian,1
37754160139386,San Diego,Warner Unified,Excel Academy Charter,vie,Vietnamese,2
37754160139386,San Diego,Warner Unified,Excel Academy Charter,rus,Russian,5
37754160139386,San Diego,Warner Unified,Excel Academy Charter,spa,Spanish; Castilian,14
37754160139386,San Diego,Warner Unified,Excel Academy Charter,ukr,Ukrainian,1
37754160139386,San Diego,Warner Unified,Excel Academy Charter,kor,Korean,5
37754160139386,San Diego,Warner Unified,Excel Academy Charter,ara,Arabic,2
37754160139386,San Diego,Warner Unified,Excel Academy Charter,pus,Pushto; Pashto,1
37754160139386,San Diego,Warner Unified,Excel Academy Charter,tgl,Tagalog,1
37754160139386,San Diego,Warner Unified,Excel Academy Charter,urd,Urdu,6
37754160139451,San Diego,Warner Unified,Pathways Academy Charter School - Adult Education,mis,Uncoded languages (Other non-English languages),1
37754160139451,San Diego,Warner Unified,Pathways Academy Charter School - Adult Education,ara,Arabic,1
37754160139451,San Diego,Warner Unified,Pathways Academy Charter School - Adult Education,arm,Armenian,2
37754160139451,San Diego,Warner Unified,Pathways Academy Charter School - Adult Education,por,Portuguese,1
37754160139451,San Diego,Warner Unified,Pathways Academy Charter School - Adult Education,spa,Spanish; Castilian,65
37754163730975,San Diego,Warner Unified,Warner Junior/Senior High,spa,Spanish; Castilian,11
37754166040661,San Diego,Warner Unified,Warner Elementary,spa,Spanish; Castilian,13
37754166119275,San Diego,Warner Unified,All Tribes Charter,phi,Philippine languages,1
37756140100511,San Diego,Valley Center-Pauma Unified,Lilac,spa,Spanish; Castilian,110
37756140100511,San Diego,Valley Center-Pauma Unified,Lilac,per,Persian (Farsi),1
37756140100511,San Diego,Valley Center-Pauma Unified,Lilac,ceb,"Cebuano (Bisayan, Visayan)",1
37756143731114,San Diego,Valley Center-Pauma Unified,Valley Center High,spa,Spanish; Castilian,115
37756143731312,San Diego,Valley Center-Pauma Unified,Oak Glen High,spa,Spanish; Castilian,24
37756143731601,San Diego,Valley Center-Pauma Unified,Valley Center Prep,spa,Spanish; Castilian,2
37756146038962,San Diego,Valley Center-Pauma Unified,Pauma Elementary,vie,Vietnamese,1
37756146038962,San Diego,Valley Center-Pauma Unified,Pauma Elementary,spa,Spanish; Castilian,92
37756146093272,San Diego,Valley Center-Pauma Unified,Valley Center Middle,fil,Filipino; Pilipino,1
37756146093272,San Diego,Valley Center-Pauma Unified,Valley Center Middle,spa,Spanish; Castilian,145
37756146093272,San Diego,Valley Center-Pauma Unified,Valley Center Middle,tha,Thai,1
37756146093272,San Diego,Valley Center-Pauma Unified,Valley Center Middle,mis,Uncoded languages (Other non-English languages),2
37756146106124,San Diego,Valley Center-Pauma Unified,Valley Center Primary,fil,Filipino; Pilipino,1
37756146106124,San Diego,Valley Center-Pauma Unified,Valley Center Primary,fre,French,1
37756146106124,San Diego,Valley Center-Pauma Unified,Valley Center Primary,spa,Spanish; Castilian,115
37756146106124,San Diego,Valley Center-Pauma Unified,Valley Center Primary,rus,Russian,2
37756146112494,San Diego,Valley Center-Pauma Unified,Valley Center Elementary,spa,Spanish; Castilian,128
37768510110122,San Diego,Bonsall Unified,Bonsall West Elementary,ben,Bengali,1
37768510110122,San Diego,Bonsall Unified,Bonsall West Elementary,vie,Vietnamese,2
37768510110122,San Diego,Bonsall Unified,Bonsall West Elementary,spa,Spanish; Castilian,6
37768510129320,San Diego,Bonsall Unified,Bonsall High,spa,Spanish; Castilian,32
37768510129320,San Diego,Bonsall Unified,Bonsall High,per,Persian (Farsi),1
37768516037543,San Diego,Bonsall Unified,Bonsall Elementary,khm,"Khmer, Central Khmer",1
37768516037543,San Diego,Bonsall Unified,Bonsall Elementary,ukr,Ukrainian,1
37768516037543,San Diego,Bonsall Unified,Bonsall Elementary,ara,Arabic,3
37768516037543,San Diego,Bonsall Unified,Bonsall Elementary,mis,Uncoded languages (Other non-English languages),2
37768516037543,San Diego,Bonsall Unified,Bonsall Elementary,pol,Polish,1
37768516037543,San Diego,Bonsall Unified,Bonsall Elementary,por,Portuguese,3
37768516037543,San Diego,Bonsall Unified,Bonsall Elementary,cmn,"Mandarin Chinese (Putonghua, Guoyu)",2
37768516037543,San Diego,Bonsall Unified,Bonsall Elementary,fre,French,2
37768516037543,San Diego,Bonsall Unified,Bonsall Elementary,spa,Spanish; Castilian,72
37768516108567,San Diego,Bonsall Unified,Norman L. Sullivan Middle,ukr,Ukrainian,1
37768516108567,San Diego,Bonsall Unified,Norman L. Sullivan Middle,spa,Spanish; Castilian,26
37768516113468,San Diego,Bonsall Unified,Vivian Banks Charter,spa,Spanish; Castilian,12
37771560137323,San Diego,SBE - Vista Springs Charter,Vista Springs Charter,mis,Uncoded languages (Other non-English languages),1
37771560137323,San Diego,SBE - Vista Springs Charter,Vista Springs Charter,spa,Spanish; Castilian,61
37771640137356,San Diego,SBE - College Preparatory Middle,College Preparatory Middle,ara,Arabic,6
37771640137356,San Diego,SBE - College Preparatory Middle,College Preparatory Middle,hmn,Hmong; Mong,1
37771640137356,San Diego,SBE - College Preparatory Middle,College Preparatory Middle,spa,Spanish; Castilian,9
37771640137356,San Diego,SBE - College Preparatory Middle,College Preparatory Middle,cmn,"Mandarin Chinese (Putonghua, Guoyu)",1
37771640137356,San Diego,SBE - College Preparatory Middle,College Preparatory Middle,cld,Chaldean Neo-Aramaic (Chaldean),4
37771640137356,San Diego,SBE - College Preparatory Middle,College Preparatory Middle,kur,Kurdish,1
37771720138099,San Diego,SBE - Baypoint Preparatory Academy San Diego,Baypoint Preparatory Academy - San Diego,spa,Spanish; Castilian,24
37771720138099,San Diego,SBE - Baypoint Preparatory Academy San Diego,Baypoint Preparatory Academy - San Diego,ukr,Ukrainian,1
