zip,total_population,yoi_custom_0_100,yoi_0_100,economic_score,education_score,health_score,housing_score,safety_env_score,mobility_connectivity_score,youth_supports_score,economic_coverage,education_coverage,health_coverage,housing_coverage,safety_env_coverage,mobility_connectivity_coverage,youth_supports_coverage,yoi_domain_coverage,yoi_raw_0_1,poverty_rate,median_hh_income,unemployment_rate,snap_or_assist_rate,hs_plus,ba_plus,school_enrollment,youth_disconnection_proxy,uninsured_rate,disability_rate,frequent_mental_distress,poor_physical_health,rent_burden_proxy,overcrowding_proxy,moved_past_year_proxy,homeownership_rate,single_parent_proxy,vacancy_rate,crime_rate_per_1k,env_burden,no_vehicle_rate,commute_time_proxy,internet_sub_rate_proxy,school_access,college_university_access,tier_weighted_youth_program_access,youth_development_access,barrier_reduction_access,transition_pathway_access,segment_specific_support_access,norm_poverty_rate,norm_median_hh_income,norm_unemployment_rate,norm_snap_or_assist_rate,norm_hs_plus,norm_ba_plus,norm_school_enrollment,norm_youth_disconnection_proxy,norm_uninsured_rate,norm_disability_rate,norm_frequent_mental_distress,norm_poor_physical_health,norm_rent_burden_proxy,norm_overcrowding_proxy,norm_moved_past_year_proxy,norm_homeownership_rate,norm_single_parent_proxy,norm_vacancy_rate,norm_crime_rate_per_1k,norm_env_burden,norm_no_vehicle_rate,norm_commute_time_proxy,norm_internet_sub_rate_proxy,norm_school_access,norm_college_university_access,norm_tier_weighted_youth_program_access,norm_youth_development_access,norm_barrier_reduction_access,norm_transition_pathway_access,norm_segment_specific_support_access,service_count,basic_navigation_access,lack_transport,school_count_nearby,college_university_count_nearby,acs_total_population_all_ages,total_population_all_ages_original,youth_students_14_24,youth_not_in_school_14_24,total_population_all_ages,youth_pop_14_24,youth_share_14_24,youth_pop_14_21_report_aligned,youth_pop_18_24_report_aligned,students_14_24,student_share_14_24,students_14_21_report_aligned,students_14_21_share_report_aligned,not_in_school_youth_14_24,not_in_school_youth_share_14_24,not_in_school_youth_18_24_report_aligned,not_in_school_youth_18_24_share_report_aligned
91901,2311.64,42.25350819468702,42.25350819468702,0.5768514740903483,0.3236311393255009,0.3599037023970697,0.636777038523124,0.6437560921885778,0.3790311764761742,0.0377949506272965,1.0,1.0,1.0,1.0,0.9931964920297398,1.0,1.0,1.0,0.4225350819468702,600.574130695798,117622.01271398606,4.367777230672457,3.5437803765065925,30.30757485692601,388.60411321384,84.74847765712667,3.1535904123022216,4656.137727989476,620.1486679023512,17.177183250045033,13.697552347823422,57.03336534199371,2.2625208058628985,10.925961709684298,79.6601756412854,17.368595320817334,4.711928886320403,20.12674513305276,11.65762370115851,3.1573330717107124,57.927777241422355,94.78769193656436,1.7581792298172636,3.577281217327969,1.8049058949905137,0.5548278578301272,1.2500780371603863,0.4324024621702181,0.3334269462021976,0.452211574106196,0.569895425523471,0.6505656599023236,0.6347332368294032,0.3245595411561021,0.5231267624413948,0.5123163343661445,0.5031100624681636,0.4071589651975934,0.3428351523957259,0.4130401104192162,0.2765805815757433,0.5162938328878384,0.7272865126398383,0.5170088292454057,0.7865189793194133,0.650684515590401,0.5186648016463161,0.5738943119690856,0.8468361992408778,0.6121887639082355,0.0718969751264043,0.4530077903938826,0.04607779775132,0.0325963377698806,0.0181717525073324,0.0116598789358335,0.038303765690027,0.03100345477623,0.0898359012270595,3.786122836406279,0.3898520035608517,7.600712038335301,3.031306201972062,13.361180822545007,5032.199763709025,597.8148335946939,357.52002828702814,240.2948053076659,5032.199763709025,597.8148335946939,0.1328175251596472,435.0924680220895,383.1404738935336,357.52002828702814,0.6021462956359236,318.2496781375393,0.7305118065683782,240.2948053076659,0.3978537043640762,238.96657574379827,0.6224802810080498
91902,2515.77,59.98711273496058,59.98711273496058,0.6024059310194626,0.482348409785956,0.5535146404460292,0.7206537380449223,0.7103909775794361,0.461835778810146,0.6679484157612893,1.0,1.0,1.0,1.0,0.926209277758893,1.0,1.0,1.0,0.5998711273496059,229.1196925529235,142850.2582828928,5.796713618531805,5.403684988818884,45.01140386498238,207.19272115501943,83.10107661977057,1.868178352322874,4289.017734351759,503.7015889469526,13.830638946224404,11.479234490833518,44.602873863522994,4.136697987021311,5.755254804468226,81.5493318946633,17.202974549059448,2.1038245055022022,18.35724199475702,22.176480736518045,2.8923006777177473,42.64389362097938,94.48260711644792,16.86526191729761,18.994309389888453,105.80147806132554,50.66744943776984,46.06626267713158,67.61594335852865,17.802207839207714,0.6909759129514358,0.7323964984657674,0.4849022221653746,0.5013490904952729,0.5310173586040996,0.2789852945435957,0.4652357319449375,0.5039266360614473,0.4110425908917129,0.4348773247611969,0.8168711446085694,0.5512675015226374,0.6680149485862903,0.5938667346416524,0.8086387861665053,0.8120944827852411,0.6459948913539321,0.7460428945028116,0.7382868693462334,0.6780506422543475,0.614437278185297,0.3253353544286903,0.4457347038164506,0.5676778566323022,0.5472475809293535,0.6633654222984381,0.6678797459853192,0.6533166501694276,0.6704029122035917,0.6847773481496697,166.16312363649902,13.671372792608484,6.85664815071465,31.375117512138903,48.63312143641264,4609.674988241948,598.7171519860916,479.3947304111449,119.3224215749468,4609.674988241948,598.7171519860916,0.1339064048211594,418.51158826515905,357.26358793295435,479.3947304111449,0.7785768101427533,391.5593445872688,0.9225585586042404,119.3224215749468,0.2214231898572467,115.63219615775498,0.3612070474994937
91905,208.3,24.724904307230283,24.724904307230283,0.1754772976488489,0.0972637506370503,0.3224100938660946,0.4896190636732535,0.4941766795213538,0.1352427830324452,0.0165536331270728,1.0,1.0,1.0,1.0,0.75,1.0,1.0,1.0,0.2472490430723027,995.8658546913272,52499.6490946304,6.198456560174913,10.289077058154,15.205702455044962,224.78751116424385,71.83392777800893,26.357107499349993,2488.089387095303,622.5639370713499,19.294602648517145,18.197469669837513,66.27754634662227,4.900192516782065,8.623905048158624,66.3683539325842,48.77539858760968,3.710536358649058,11.962637553625948,,5.203171583787622,62.977631787217014,73.1024264027192,0.0,0.0,6.0031853733996926e-06,0.0,6.0031853733996926e-06,0.0,0.0,0.0892487258234775,0.038916592153433,0.3748689822929514,0.1988748903255339,0.0825274193194245,0.2900550480382253,0.1502007499177441,0.0465523394641404,0.8671337500230211,0.2557464941270985,0.1476370768870873,0.019123054427171,0.2593174092967223,0.469017723851407,0.6276566385985848,0.6024844829463001,0.1150017783873577,0.6099299822667583,0.7575982779099456,,0.3663046246610039,0.0345391378443572,0.0048845865919748,0.0094979647218453,0.0047489823609226,0.0033921832031273,0.0040705563093622,0.0115333772761989,0.0169606512890094,0.0468113975576662,6.0031853733996926e-06,0.0,12.393882441355462,0.0,0.0,3093.5705077636967,467.96452051429213,271.1566578009409,196.80786271335128,3093.5705077636967,467.96452051429213,0.1512256357100752,264.1650161944678,358.6577455153812,271.1566578009409,0.5795018845013801,200.42285682796197,0.7587137095096406,196.80786271335128,0.4204981154986199,196.8078507069805,0.5486880373750601
91906,220.37,27.710980166571737,27.710980166571737,0.163986472042514,0.3863122855318313,0.2051309860666472,0.5193917381098552,0.3010372069019753,0.3414746865054209,0.0224352365017771,1.0,1.0,1.0,1.0,0.75,1.0,1.0,1.0,0.2771098016657173,1292.8951219061478,59995.40132711434,8.461618766161639,7.47297654229795,26.22539148503799,353.1583967491595,92.90844181750865,1.5215529183616037,4202.176215367442,832.1997358699515,18.546127077946117,16.032615349095096,64.56965058288955,13.178593523954293,5.090226308957047,77.34931541639,49.74976468863384,7.9488343804178525,20.279758971606302,,1.4166440860614142,48.84713167572312,87.17059310037378,0.0,0.0,0.9423411525673496,0.0,0.9423411525673496,0.0,0.0,0.0421651540129923,0.0702027568122279,0.2135370372653917,0.3300409400794444,0.2595954755508096,0.5569581143965976,0.828977711559144,0.6580954646016689,0.4163157988059824,0.0927037633974851,0.2238645838830489,0.0876397981800723,0.3017351964582849,0.1724884356687288,0.8579883094722761,0.7453550108401309,0.1078351160291504,0.2707949941560378,0.5244815105207379,,0.7883714454126922,0.1650119857791139,0.0710406283244565,0.0094979647218452,0.0047489823609225,0.0117031444934704,0.0040705563093622,0.0326304328593774,0.0169606512890094,0.0468113975576662,0.9423411525673496,0.0,11.45765884743265,0.0,0.0,4620.650326006538,468.2115317694865,334.3483889914989,133.86314277798755,4620.650326006538,468.2115317694865,0.1023205670062706,322.6366832286622,244.97672053935065,334.3483889914989,0.7141001863769719,271.4640546730647,0.8404890844080958,133.86314277798755,0.285899813623028,131.97846047285287,0.5384454175171707
91910,11064.61,46.132130485677344,46.132130485677344,0.3451106660337226,0.5452903267210426,0.3987367295302826,0.4531562513020337,0.3871659852011116,0.427986124302533,0.6718030509066873,1.0,1.0,1.0,1.0,0.9998790973824662,1.0,1.0,1.0,0.4613213048567733,518.2342231769027,94232.59193048748,7.492137210684623,10.601309743405364,27.47116804847388,401.4249885342982,89.30220113424593,5.316322566653664,4330.774679270765,572.9923640372733,16.412917668610344,13.590077362350462,54.375034133662936,11.484976880385862,9.054511156578275,49.5728946182373,33.6218027859272,5.90883564225483,38.78922077503894,48.310695710313475,5.798304993842293,38.006227914969585,92.7966522255129,22.03139488767443,19.901768107745927,109.3195184359352,50.78600712520691,46.69121146136795,71.19973086245736,17.10302960539224,0.368745736674735,0.364657435974862,0.3655344080041219,0.2815050834811713,0.276823306505422,0.5821050504226905,0.6714830295536309,0.4115678628504312,0.4256358747718585,0.3395887692608689,0.504383469344748,0.325338804743655,0.4975824158726309,0.2601933854904665,0.6248436235449367,0.4300055803001008,0.3555420075864512,0.4542996953374936,0.3542979664229919,0.3843231248100929,0.4753030350816533,0.4354833053449784,0.3731720324809673,0.7364846970284583,0.5932780139656225,0.672871654942926,0.6678846542828256,0.6571410110721322,0.6834147453963446,0.6777031888392081,160.52296954812778,14.479117918895572,10.688617689653167,39.32472729789588,47.82360129638062,4791.029700848371,717.1572386489777,483.65137621808645,233.5058624308911,4791.029700848371,717.1572386489777,0.1496449829242934,501.5468423669994,444.5960689823653,483.65137621808645,0.6771831421178547,404.40380615416,0.8062372787113795,233.5058624308911,0.3228168578821453,229.21322286826128,0.5083073679926519
91911,12701.59,43.08232434212243,43.08232434212243,0.3047742794987757,0.5373723685304872,0.3247401812628212,0.4356469992829386,0.4415565964228341,0.404263020273459,0.5674092586772543,1.0,1.0,1.0,1.0,0.9699654973329374,1.0,1.0,1.0,0.4308232434212243,559.1839974054707,93143.26837826223,10.884681331820437,10.480967785798745,20.196536642670328,439.2550787738697,90.4668440453496,4.988716195560062,5291.21883388818,648.2327246952019,16.962533729728907,14.361391009604208,64.01301879244662,14.511322075372432,8.008253677231714,55.67866626782021,27.164202806982487,6.6161013022065385,30.176519215018235,43.451826912908075,5.098136032621915,39.84683010620953,93.081157829663,27.00693356605396,16.52421432629012,77.05853403120908,35.801010698489655,32.1221345820078,47.8503944222032,10.462336137398676,0.3681236727426467,0.3450800371117715,0.2527102902413531,0.2531831178993317,0.1676837169531743,0.5854161280127552,0.7244770089699962,0.4603287905256041,0.3194302384635314,0.2959539131685527,0.4280427129520329,0.2555338604671677,0.3519809345980766,0.2072232514670926,0.6921919482577393,0.4911918628088459,0.4537860910567439,0.4314922370612619,0.4565184893065144,0.4035341029519468,0.4826045009972841,0.38683287443217,0.3433516853909228,0.854209964903049,0.4321186018183436,0.5802185252888693,0.5743350561435073,0.5516915016464847,0.5897969126669151,0.5410042976404955,110.40748729878142,11.948345028023512,11.881055997076349,47.11525546385567,44.97321636468557,5811.131054570004,864.3628799418593,599.8510821610636,264.51179778079575,5811.131054570004,864.3628799418593,0.1519487196784618,638.9366255009292,517.0867915811515,599.8510821610636,0.6915209528679054,499.9437656520415,0.7818898142944798,264.51179778079575,0.3084790471320946,254.31757285621163,0.4897827263957565
91913,8119.55,53.31443257751613,53.31443257751613,0.5563627357268538,0.5438898359787705,0.4862895551956959,0.5329018941038818,0.648885918769978,0.5099350335961802,0.4539078227124008,0.9983686199516664,1.0,1.0,0.9983686199516664,0.7815385838147616,0.9978248266022216,1.0,0.9996892609431745,0.5331443257751614,569.9729882240455,137181.08702072268,5.3426711766802475,6.808185102560144,43.23457859617139,617.1727219151998,86.56195426881371,2.9421866208243657,7855.099141379383,599.9977201386351,15.3856473419229,10.339218730047389,56.05720617065384,5.122084379203003,9.49505014354122,68.08840093042718,21.17158348318685,3.5152664091286843,13.96494582753084,10.986308360386166,3.1668886730933483,50.04053969533454,97.85707814821076,18.82612559750947,14.72913293531997,49.13158574978056,25.763885834913417,19.60749944901567,28.099339021104697,7.123508910696609,0.4842832159516904,0.6894135210024569,0.6044623704894813,0.4445964920638249,0.5095237389572315,0.6301027848088291,0.5932541157612568,0.5296631792324673,0.2072358278502968,0.3710137556372146,0.6430727649881496,0.7238358723071227,0.4368959652683531,0.4694983148987406,0.5897801176678521,0.6384116341832501,0.5859360424476552,0.6337488724500618,0.7044893810910319,0.8476799640034983,0.599547479954697,0.1777699274035997,0.7524876934302437,0.6451303492831533,0.3556648478296862,0.4601302268466566,0.4944544857271854,0.3985157748165003,0.4831859023868529,0.4332527237848088,83.38484795082408,6.750228223920527,8.149802075429397,33.15874350127467,45.11781770931749,8422.119472815824,1246.7575317983635,976.6622107244112,270.0953210739529,8422.119472815824,1246.7575317983635,0.1552102291873468,943.4999299704948,718.2434327163995,976.6622107244112,0.7912988512946161,806.2921744522886,0.8560118134901717,270.0953210739529,0.2087011487053839,264.14754896563323,0.3532857054443532
91914,1930.55,59.06858483827656,59.06858483827656,0.5997106553711458,0.412974395639782,0.592936179434849,0.7258201446014587,0.7223157826866031,0.5827178601412256,0.4983259208042949,1.0,1.0,1.0,1.0,0.7710703752038149,1.0,1.0,1.0,0.5906858483827656,229.33941988446009,177528.6151451106,9.311312152922524,4.473571681270314,45.75519322811681,224.97946935840656,84.29647680344782,5.731686200213449,4622.6697150210975,387.71553270699326,14.381271404761678,10.84261457367584,34.03587302161386,3.9343518714854246,6.3946562849245385,77.29208399472722,12.254923989872935,1.5869404653425832,17.97264880193424,4.788013071883279,1.3405443212383064,43.41002371562372,96.90242056612009,10.843459469792416,15.990096314252504,57.08006289856571,28.162056072077476,25.462704015475072,34.28197403261247,9.174925835404611,0.6789766516205792,0.9086825794825728,0.2607535695521227,0.5504298208293085,0.548127504494156,0.3127733527948277,0.5047758848644648,0.3347970479315584,0.3784287311926207,0.5880524051874899,0.765975026496787,0.6392885548624985,0.8161917267449785,0.5611219140214164,0.7758171188263756,0.7501498188130643,0.7571014472547581,0.7933251914777317,0.6010831452248715,0.9508165909264245,0.7941532317170436,0.3140564239470542,0.6399439247595791,0.3710618823128124,0.4063107014408731,0.5038558406924581,0.5103155838242982,0.4681125878073092,0.5176984523322283,0.4916471393651802,101.43096675942336,7.810110780675033,7.028544903882071,18.60525909367402,47.085473736337086,4895.677727586108,744.6426688440168,562.2154077481546,182.42726109586224,4895.677727586108,744.6426688440168,0.1488831283906357,617.2967402956453,423.48434973713296,562.2154077481546,0.7872958317108653,468.79200448326134,0.8059979761587083,182.42726109586224,0.2127041682891345,173.33811993675937,0.356186521042114
91915,5897.72,49.77850462142013,49.77850462142013,0.5178454339921024,0.4933298637205182,0.477192417664537,0.520504170722743,0.6152558633466183,0.554831613184399,0.305756604000314,0.99861648938641,1.0,1.0,0.99861648938641,0.7518745702375411,0.9981553191818796,1.0,0.9997364741688396,0.4977850462142013,419.6444346298007,144329.94099340963,5.142487281015368,7.508334980926228,50.868260782967944,406.2653317385118,83.60085216847807,3.8923352390337977,6964.041114506564,661.4499551398458,14.945309859463835,9.97785464868006,60.39319104859064,6.016478927192892,11.58238896464268,73.32486798680691,23.64950643113068,2.922158625737688,16.81708368311794,34.24223958281804,2.2920371062693308,52.71738106632292,99.05561923441986,13.62461522566622,13.780049709666232,30.578709402341985,15.243314246927326,12.252233782302412,17.335788157499657,4.451272057346504,0.4149613639013724,0.7691379937888639,0.5357741505419404,0.3490665468713991,0.6146786248447116,0.5854950558564742,0.4723447401826948,0.5025631170320027,0.1010416475886004,0.3288089943978458,0.7071770367492994,0.7717419919224021,0.4274605375228847,0.4695546959400506,0.4924107839602922,0.6952040415156852,0.5170927306721664,0.6671461997944375,0.6629445830916864,0.5085282231568091,0.667030928759972,0.1401080036016443,0.8573559071915805,0.4664256726556575,0.318471971751568,0.2875551794295305,0.2997735100539299,0.2691191696234195,0.345833477717944,0.3265016831767463,54.68974188787676,4.40126846513843,7.559932786550297,23.689807342256888,44.08055380773339,7619.565558030006,1249.2894889971512,1031.52001022058,217.7694787765712,7619.565558030006,1249.2894889971512,0.1647141620390654,1003.2844301480136,655.9528870428953,1031.52001022058,0.822663168343522,868.167322923398,0.8671480575530347,217.7694787765712,0.1773368316564775,215.6990283872077,0.3320089547172467
91916,250.18,41.127150948892826,41.127150948892826,0.7014671299625689,0.2501380535418717,0.5382926017267803,0.7319965936977199,0.4386426934206487,0.1969384593363341,0.0214250347365741,1.0,1.0,1.0,1.0,1.0,1.0,1.0,1.0,0.4112715094889282,165.3636812589568,102750.39693239365,8.069461759650187,0.685065736767086,19.19902012160027,187.07789642345324,91.65746713161644,7.428423651691294,2515.6659620172973,349.95795014311597,17.01103944206025,14.04253286838354,22.835779064362548,4.007516622636749,8.810367689955052,79.3703289153988,29.029228196507756,10.058785641414731,33.11824056597908,19.64393249460209,5.861395026997261,59.61400024550273,89.53045358913494,0.342532868383543,0.935065736767086,0.6298685264658279,0.6298685264658279,0.0,0.3936678290411424,0.0,0.7796744501254661,0.4495422278506758,0.6705238891782698,0.9061279526958635,0.1551385317385734,0.2189751780018979,0.7753967549496482,0.3197732331603571,0.8511713161173988,0.6466917527558343,0.42094701468568,0.2343603233482081,0.949193510467398,0.5900578558754225,0.6161187874806136,0.7726162209674452,0.389851585499844,0.249232890761274,0.4028088464568346,0.7126774509646423,0.4021622745606917,0.0494975248798467,0.1391555785684638,0.0201875929074918,0.011357030493262,0.0095882589102811,0.0113349830053724,0.0115332428765263,0.0278572913330247,0.0468113975576662,1.2597370529316558,0.0,7.148052589413669,0.685065736767086,3.740262947068344,2974.714955937284,452.20019753940994,239.95269120174908,212.24750633766092,2974.714955937284,452.20019753940994,0.1492476487805658,265.6871736481241,342.4059780401033,239.95269120174908,0.5355014802977407,173.47928523607374,0.7046130852579657,212.24750633766092,0.4644985197022593,209.22413741062496,0.596256071874869
91917,316.75,34.5571814191881,34.5571814191881,0.3580722549242587,0.2643174770376535,0.2925743280917624,0.4862139278041222,0.5399022270006004,0.4591267249836509,0.018795759501119,1.0,1.0,1.0,1.0,0.980277208840742,1.0,1.0,1.0,0.345571814191881,522.530691585699,115503.24507960548,7.494667217410428,9.050103918565938,21.004909076179462,774.5776525049198,79.46225603330706,18.42217618863812,4458.06132996988,737.2301094444372,17.486779248396203,13.413005609043564,58.21434179148468,5.351795226858358,16.699146920450634,76.64624286943835,23.53186614958985,8.466831585414589,6.883849216442616,34.25014439696449,0.7407747386019651,75.3894465507734,95.36630956561515,1.9124158001593917e-07,4.835823871796121,0.4243101333842156,0.345417151952173,0.0788929814320425,9.562079000796958e-07,6.69345530055787e-07,0.3461769021111426,0.5665314755474129,0.2739540569462101,0.2456265850922694,0.1926312184754897,0.918216913302668,0.3083694917594318,0.1161957639948352,0.3543685308522473,0.1490080381765603,0.3551457125196983,0.3117750308185434,0.4801570223220884,0.4639247070585464,0.266809045745132,0.7339649360907224,0.5273927474659674,0.2298665764800204,0.9112309342416882,0.5084113841547216,0.8808998098312424,0.0174148728262303,0.4790654922934801,0.0094979706900357,0.0409935040034606,0.007212458958987,0.0096947073557833,0.0132995065740792,0.0169606738643383,0.0468114507524069,1.0000065022137206,3.8248316003187835e-07,9.926224256989984,3.8248316003187835e-07,19.343293957251845,6520.293089750619,859.6710237034462,425.7052755612909,433.96574814215535,6520.293089750619,859.6710237034462,0.1310916379951751,583.1892358634567,569.5990158804265,425.7052755612909,0.5037222037474316,373.8059116946308,0.648406906990931,433.96574814215535,0.4962777962525685,420.91244364773223,0.7294094409507181
91931,37.86,38.84875453977164,38.84875453977164,0.733218808605694,0.2166960897904657,0.5009032916867014,0.7465026985765651,0.3772597044824992,0.1276297371184678,0.0172024875236212,1.0,1.0,1.0,1.0,1.0,1.0,1.0,1.0,0.3884875453977163,180.6507837653597,93082.6695169605,1.6816367837604185,0.9580497100957088,17.206237116301324,178.34240927693733,91.52097514495216,10.388490832363106,2644.241413455079,403.73579288885463,17.174829826057426,14.179024855047857,17.108238946686328,2.137579304619658,9.370034720403494,75.41031038672566,33.85326930522563,7.047166890476991,43.494941752646405,21.19316325625954,7.654034913173873,58.2526770056492,87.99002619745677,0.4790248550478543,1.2080497100957086,0.0839005798085827,0.0839005798085827,0.0,0.0524378623803642,0.0,0.751894534250776,0.3628385802886029,0.9366274762581464,0.8815146436252504,0.1222242515756536,0.2032332256729068,0.7681444559306998,0.170029597305336,0.8272805884651653,0.5583516202743196,0.3986626086996701,0.2193183493076514,0.9801889547714688,0.7168536904816133,0.5726641958078942,0.7163039532452842,0.2883286202123398,0.3256833204503009,0.2022491925827445,0.692777684684612,0.2477696994813888,0.0561919547434914,0.0789275571305232,0.0244471800082776,0.0120978282499204,0.0042174751745076,0.0050382020737759,0.0115332428765264,0.01841211993563,0.0468113975576662,0.1678011596171654,0.0,7.3664397680765665,0.9580497100957088,4.832198840382834,3202.9295576400127,519.4634485675826,271.891816081198,247.5716324863847,3202.9295576400127,519.4634485675826,0.1617051374760472,320.3931619031801,387.99430158598335,271.891816081198,0.5241983006617309,195.42719669169497,0.6179418996927637,247.5716324863847,0.4758016993382691,247.1689097033035,0.6346120478742071
91932,3228.45,36.76732781208011,36.76732781208011,0.3109943511239927,0.448761997738065,0.3661938335093065,0.3658898931113986,0.2986066990195037,0.3429272253981545,0.4403389469451862,1.0,1.0,1.0,1.0,0.917663627947689,1.0,1.0,1.0,0.367673278120801,675.2860429980205,85605.22186586184,7.476107495992912,10.437520804090946,27.85942812542158,371.0374457493487,91.49044063940026,5.58844967911953,3613.295389891904,511.81097269916927,18.720796454217112,14.076368110555157,59.200332109825375,9.725180587663075,12.016073546048297,32.08345721113475,48.19483067178064,10.143773710100035,30.452442692676723,38.5096770417851,6.338285029885918,41.25047379827486,92.07741327201238,11.862299031680903,14.662020608188632,50.452143917385825,23.626435308046645,19.0235150778036,31.126558437590862,6.3070848696259745,0.3131254630884889,0.2779146387194958,0.4014868615642959,0.2514504411236902,0.2836086920047432,0.564877201783481,0.749940244634484,0.3486975885569922,0.5587768510729476,0.4181925350084868,0.2362251324922072,0.2515808154635844,0.426538352459447,0.3133088451316734,0.4953658663848569,0.2283465084696168,0.1720695403586032,0.306064210385585,0.3731435909154991,0.4577580335024693,0.3635749017697431,0.3606133683001841,0.3045934061245364,0.3923737698808957,0.3530744895677938,0.4683819877902008,0.4621954621434179,0.3894848533626132,0.486235363895789,0.3953970675339103,75.71006134713878,7.380579639188538,11.403477483821067,18.99692793445361,43.228285241862,4187.825738045254,541.9076031174559,326.47250728943476,215.43509582802108,4187.825738045254,541.9076031174559,0.1340058592693479,408.4757341601667,363.5813778103475,326.47250728943476,0.5944067924062418,272.1003682055206,0.6758349612069663,215.43509582802108,0.4055932075937581,215.37577908623808,0.614515465551597
91934,61.71,25.881152092515947,25.881152092515947,0.1971307199764144,0.1079635428761841,0.3380521768324716,0.5066427798708172,0.4905193688645575,0.1548184623975979,0.0165535956580732,1.0,1.0,1.0,1.0,0.75,1.0,1.0,1.0,0.2588115209251594,949.7187342338968,53133.319408237236,6.135162821206821,9.846139748447744,15.434411338713804,216.12229398062615,73.20646803228283,25.072749575779476,2450.6463150061886,604.7957151849919,19.075563611869764,18.09526301887255,64.72458412130574,4.706582947470818,8.20364215307323,66.44617631754188,47.159814554371174,5.582772731004235,12.280180704110808,,5.121570940286294,61.77301907971594,74.29101270087459,0.0,0.0,0.0,0.0,0.0,0.0,0.0,0.1320472725790423,0.0422244977711146,0.3834248543956405,0.23082625515986,0.0866379219085905,0.2773393623654242,0.1913790484495541,0.0781779774507677,0.8715287260095465,0.2825294603910179,0.1759814887739203,0.0221690321554015,0.2904806899665454,0.4869075253208967,0.6457018641770188,0.603481040018808,0.1424912516478106,0.5805401082108181,0.7485267467350438,,0.3736831934069387,0.0539690771184255,0.0368031166674298,0.0094979647218453,0.0047489823609225,0.0033921302578018,0.0040705563093622,0.0115332428765264,0.0169606512890094,0.0468113975576662,0.0,0.0,12.145638760119066,0.0,0.0,3035.1004217456857,450.2755147896604,261.25547525651325,189.0200395331471,3035.1004217456857,450.2755147896604,0.1465577515815302,254.60459852693808,344.7856954184183,261.25547525651325,0.5828207453181445,193.20856161757752,0.7592919166138493,189.0200395331471,0.4171792546818554,189.0200395331471,0.5463152975597159
91935,1070.0,45.562575640603136,45.562575640603136,0.5669845180411457,0.2805876392901297,0.4601540005277696,0.7327239520454448,0.6233331442523733,0.404441928573011,0.1211551121123457,1.0,1.0,1.0,1.0,0.9056748495954522,1.0,1.0,1.0,0.4556257564060312,280.5152805141707,142079.46351301108,6.193040088172064,5.893915097421639,30.41581934705919,407.46650671524225,81.39317287832606,12.322179592691644,4005.721826619101,555.1084830664765,16.02014516175242,12.369386402206208,45.49852857624795,2.520132558888024,8.537923109066233,87.19362919464363,12.73899980378263,5.86393410699566,17.53443710330452,23.00579359675955,1.7386209270129809,67.92201389963509,95.0920240920627,1.4335711484086937,10.141438252844727,10.724818353643098,5.027612039669088,5.527431517757304,4.568560808601013,1.83049706703009,0.6310099783680163,0.7497399907566602,0.4245285197447382,0.4626595832951679,0.3280886995060651,0.4817486373560125,0.4087630974065084,0.2258803401330439,0.4765230196253679,0.3717148712067932,0.5602923572103473,0.4320857540685701,0.6964284287766632,0.6900000299112435,0.6666758082565225,0.8777915412373504,0.7534930308186865,0.4243492252122056,0.6638901159192713,0.6789712953902196,0.7453109350307315,0.0324207100617532,0.4355941406265482,0.0380623380395045,0.2009827232996432,0.1063299243927802,0.0922643286243331,0.1300056061662398,0.1098031171800665,0.1673725841983087,20.48348676103052,1.4411525653289143,7.393505452472458,2.867142296817387,35.98160820137699,4862.499110507322,628.1041516031449,419.21665777655966,208.88749382658528,4862.499110507322,628.1041516031449,0.1271299096439106,452.19926657436463,399.641204727221,419.21665777655966,0.7326040813887451,342.314126270608,0.7807562294446014,208.88749382658528,0.2673959186112548,199.62406430448135,0.3853166844408886
91941,4213.94,51.61122512996117,51.61122512996117,0.4537920787978476,0.5404873192446931,0.4321677115268548,0.4947704718471895,0.4953164666339615,0.4633700501499049,0.7328816608968309,1.0,1.0,1.0,1.0,0.9909417534050062,1.0,1.0,1.0,0.5161122512996118,419.1511490342672,105075.17911455432,5.787573335011619,6.849206019441209,41.788287679714664,277.84162202156614,83.97742107215808,5.279685612118021,4308.2255442283085,520.5731720526823,16.657954743503428,12.575989476621768,58.81092667796161,5.780161294085944,11.71003818923854,61.37532841638496,26.46208494346793,3.81792155732193,23.243301021498944,45.520480256990105,4.825389345888066,36.2492341222132,93.76344251881478,19.742960349115023,21.570483882646247,131.1427460803623,64.51505652984076,62.58294174486544,80.34729288170284,22.557649858497793,0.4658633575724296,0.4581745144558131,0.4744803487123711,0.4166500944507765,0.4891443922837283,0.4095612376230146,0.5055819021071286,0.4998694752458472,0.4110393700323326,0.4316097391798224,0.4752029552710077,0.4108187816242565,0.4295821853709132,0.4993815024264765,0.492080230406026,0.5580379691853418,0.4700360027108068,0.5974662954843571,0.525431651852773,0.3904150606742823,0.4986126945547405,0.4930424402408018,0.3984550156541724,0.6709808752761134,0.6677860329323271,0.7240048669678983,0.7382223248244607,0.7417307009715153,0.7131555831482861,0.7472948285719937,172.67016842568572,15.30245413255457,7.978802253882058,35.878604322790814,50.96376524892463,4657.569844969299,576.9689461129078,400.3942215745406,176.5747245383672,4657.569844969299,576.9689461129078,0.1236136948595651,425.6504112575819,328.01085043388775,400.3942215745406,0.7194625101991973,345.6065588890744,0.8283005581264047,176.5747245383672,0.2805374898008027,174.4988724170416,0.4756324475439913
91942,4616.2,50.416738711944205,50.416738711944205,0.4131082069432431,0.5753102651845527,0.4348572013990788,0.407749696006525,0.4107102867626823,0.5225394775657574,0.764896575974255,1.0,1.0,1.0,1.0,0.8957827484304327,1.0,1.0,1.0,0.504167387119442,512.2383678071517,97106.36096626722,7.227623950615709,6.905270809416683,41.8951047815365,352.3668577820565,81.03232264725847,5.141948611045195,3915.702480219396,516.4444832950359,17.68224805769551,12.321420900726237,62.23067975445705,5.895589793825962,15.023754566673215,45.58976741511851,34.04973859665674,4.513756788227431,46.99622732197213,44.37548516513419,5.51513680525673,31.17457006302353,94.57654374645472,18.89551440647388,23.83601932883225,143.55133240729495,70.60782485670534,68.30632230920581,89.39537407415372,25.216970155928987,0.4085190068874611,0.3906444836025971,0.4325098128791483,0.4207595244037657,0.4952564594925789,0.5277768960841536,0.4368069303020975,0.5774059669743374,0.5073815544135706,0.4257247177562034,0.3646995773878303,0.441622956038711,0.4096991052663981,0.4685087418250537,0.3717938041336739,0.3809971328009745,0.3602158845812209,0.5571284103411633,0.3203382043360694,0.39793539660548,0.4411610139110167,0.6281404494652706,0.4983169693209847,0.6472725504795662,0.7673427877745825,0.7534578075473491,0.7697282629535853,0.7719851838360496,0.7458434865238486,0.7834681390104415,186.1330837219089,15.79786202679469,8.51701594107407,33.96384206016863,51.03618097493422,4256.414514097592,495.9176276980099,332.6313838400652,163.2862438579446,4256.414514097592,495.9176276980099,0.1217537253245317,327.7510748833436,315.45684185500994,332.6313838400652,0.6961222720443752,267.57677858625186,0.8599560835436345,163.2862438579446,0.3038777279556247,160.22826408697225,0.4418807946559561
91945,3958.12,48.05600263821894,48.05600263821894,0.3738251646522476,0.5611853144739628,0.2997049840005416,0.4633662794783968,0.4349503741747353,0.3899557433938733,0.8409323245015676,1.0,1.0,1.0,1.0,1.0,1.0,1.0,1.0,0.4805600263821893,493.2157394737331,91825.34995069233,5.801587697334322,9.604679162347043,20.121790656744675,466.24769900726193,81.18090962231179,1.808885551469995,4741.976862569237,709.0061674198124,17.730916694699953,13.862179771807186,62.72950052738803,9.68209228756142,7.78509307458896,56.22571363108392,36.16522197113255,3.33449609410415,39.48632739780812,53.14047461260967,5.0178569330002745,43.37075144141538,94.60913743025796,24.91113886436152,24.268256380089,178.73531489580523,86.36235578416735,84.03284751928715,113.81104908409635,29.95345911752606,0.3719659106020376,0.3606207942114212,0.5311535258585955,0.231560427936936,0.177386868007194,0.6954462221005369,0.3962931300440673,0.5081704966143209,0.3447774491418195,0.2182771875769607,0.3646850507969311,0.2710802484864553,0.3562547789479647,0.2956145139918026,0.691685423566155,0.5099104014076652,0.2977908891130846,0.6382920173533889,0.4968612482364982,0.3068573419959697,0.4500604353154213,0.2984161386531157,0.4213906562130832,0.8090920439854895,0.7807231260921692,0.8344079595994833,0.8434923636910023,0.8514541759898544,0.8269512165407229,0.8483559066867747,202.08779662318997,21.40351088122722,10.88713145063528,44.907308189705795,51.00000000000001,5265.815132472684,806.252752753867,485.6840561832184,320.5686965706486,5265.815132472684,806.252752753867,0.1482285254245856,574.738842314315,568.447369266896,485.6840561832184,0.6011689866577593,386.3246799736344,0.6755493041455976,320.5686965706486,0.3988310133422405,313.3670821731991,0.5734316654223258
91948,36.27,44.687993145547416,44.687993145547416,0.5774889818721569,0.3101950219098833,0.6016690890696145,0.678408648281516,0.5789984015039081,0.3512606996608314,0.0301386778904086,1.0,1.0,1.0,1.0,0.9695659123954206,1.0,1.0,1.0,0.4468799314554742,211.3847522783256,118234.85071820936,21.891400725865186,1.04725419778013,23.211093944497136,206.90600384272824,90.18125231112197,2.6132846410691117,2211.572571518828,256.38051589288045,16.826508371197765,14.200129681914303,40.02818738444704,8.147892510121947,7.359345548405391,86.5516592087136,20.051867066353463,16.791470124359495,7.819336423900279,15.75606721,1.792381611462356,62.46554153077683,91.47665463987713,0.0,0.2195659123954206,1.756527299163365,1.756527299163365,0.0,1.097829561977103,0.0,0.7766890027211508,0.5921859326996187,0.0519934294444723,0.8890875626233855,0.2207491366276622,0.2564311811796729,0.7343590125241279,0.6312129954649658,0.9078067281122504,0.8062180497464029,0.4499283904087006,0.2427231880111038,0.811339003564282,0.3041504294255301,0.7216633140236893,0.8764818461125627,0.5928942395537988,0.1110203515839629,0.8838366412559857,0.7626168224299066,0.7415056910090666,0.0419274864159459,0.2703489215574818,0.0094979647218453,0.0089198409410256,0.0206714015182284,0.0243290122698623,0.0115332428765264,0.0473483352297596,0.0468113975576662,3.51305459832673,0.0,7.190267087503654,0.0,0.8782636495816825,2459.092644241457,297.669640336238,168.76725087977158,128.90238945646644,2459.092644241457,297.669640336238,0.1198680085094583,140.49656414653896,237.47607615912548,168.76725087977158,0.5673091514722478,125.04160741663516,0.9024942596110952,128.90238945646644,0.4326908485277523,120.47105842048228,0.5048273547100823
91950,8850.18,41.58911576904759,41.58911576904759,0.247902727639672,0.5871602835279436,0.3475924693856582,0.3535207429364649,0.2845986943548342,0.2880112580953946,0.8024519278933631,0.9999992350242476,1.0,1.0,1.0,0.9999992350242476,1.0,1.0,1.0,0.4158911576904758,677.4618310756347,65628.34814582035,8.161183756509649,12.857093460911772,19.06005572276757,488.5960115589166,90.37835315992405,3.0019927446380636,3944.810871343835,607.0459388119011,17.965354987430917,15.328764647468436,60.27588026616547,18.426829480812703,8.946584488685092,33.372996045894084,40.99236495352741,6.286708626066886,43.75237892274238,66.81994891099986,10.40755510775955,33.80712235796364,87.53711497555706,27.053901647469637,23.368538215240672,166.29373537483386,77.56190641858511,70.31896069822773,111.48173131236268,26.26821664445762,0.2622510529888457,0.1264451392825728,0.395647228255395,0.2072648643432975,0.1475638050282015,0.626077187005986,0.7193887482600789,0.4320011541023198,0.5225730231470374,0.3970369744623913,0.3241048436220403,0.1466550363111639,0.4172199802158304,0.1008132373075592,0.6489753848224172,0.2470743694000531,0.2690336162528712,0.4179725757435161,0.2837260309370736,0.1676625566866581,0.1921230689185704,0.550138151027559,0.1217725543400545,0.850707811177095,0.7472229955939804,0.8063896715157443,0.8057656988265472,0.7831626543168865,0.8181559195398366,0.7987856952678016,189.72464776176767,18.98077827868295,14.037006831161277,47.86969749705603,49.56665744067765,5186.874026907952,960.993701388794,494.60533431875746,466.3883670700364,5186.874026907952,960.993701388794,0.1778381710092092,644.7366796587063,654.2119244807456,494.60533431875746,0.6279137634311988,420.59327285738857,0.727238216030161,466.3883670700364,0.3720862365688014,460.7182658256356,0.5530668956919982
91962,258.36,28.533834698339597,28.533834698339597,0.2549915584612635,0.2137823585182283,0.3253828513246922,0.5369031336504138,0.4319479775078768,0.2148049918149278,0.0195555576063688,1.0,1.0,1.0,1.0,0.7910357015667554,1.0,1.0,1.0,0.2853383469833959,949.4496768301508,63957.34830234694,7.810000502203263,7.831195900408881,19.417666511593673,258.7822384831029,81.52579775692944,15.390910648532348,3004.722319403251,636.9683953107977,18.67801776040215,16.841919702999387,59.19275635869696,7.465696747802276,7.52597133322233,72.23749251047613,45.39008519973588,6.31327229272954,16.97965676262556,18.73989697853769,3.9830717225369834,58.251535524690986,80.23203495155406,0.0431506100234431,0.1273369216136417,0.4437379274368703,0.1556831724402708,0.2880547549965995,0.0973019827751692,0.0,0.1903131461252651,0.1241449107108397,0.3484884123717516,0.3570197646371973,0.1516730500175834,0.3616398153377397,0.4604906019914921,0.2922834024971989,0.7289428569174287,0.2782073155685919,0.2175816987447391,0.0767995340680089,0.382165124757194,0.385876014781302,0.7001074624008875,0.6794639326622716,0.1673079184889501,0.4401015528363152,0.6474270402088781,0.7242897271495546,0.5159027591799291,0.0759939542283997,0.0525182620364547,0.0108445916289541,0.005762689636402,0.0074641233482629,0.0058660881489039,0.017982229928689,0.019653949048322,0.0468113975576662,0.5994210998771411,0.0,11.228806541890076,0.0863012200468863,0.5093476864545671,3519.7218496800897,459.22980231733345,282.4149248998689,176.8148774174646,3519.7218496800897,459.22980231733345,0.1348166920634215,277.1672962116485,317.04651002743776,282.4149248998689,0.6144644304571906,215.70339740505636,0.7831247728472699,176.8148774174646,0.3855355695428094,175.4914886797581,0.549720708865451
91963,73.12,27.895431515287623,27.895431515287623,0.1633159979769702,0.4040144758119623,0.1979785672749425,0.5212390884680216,0.2892140327205262,0.3541229284852816,0.0227951153324287,1.0,1.0,1.0,1.0,0.75,1.0,1.0,1.0,0.2789543151528762,1311.0,60455.0,8.6,7.3,26.9,361.0,94.2,0.0,4307.0,845.0,18.5,15.9,64.46280991735537,13.68483412322275,4.873377314322196,78.02132701421802,49.80694980694981,8.210984230560086,20.78913873568095,,1.1848341232227488,47.98071127185051,88.03317535545023,0.0,0.0,1.0,0.0,1.0,0.0,0.0,0.039348710990502,0.0721220527045769,0.2036784741144414,0.3381147540983606,0.2704359673024523,0.573270013568521,0.8705722070844687,0.6955617198335645,0.3887381275440976,0.0827679782903663,0.2285714285714285,0.0918367346938775,0.3043775649794802,0.1543715846994535,0.8721088435374149,0.7540983606557377,0.1074380165289256,0.25,0.5102040816326531,,0.8142076502732241,0.1730245231607629,0.0751366120218579,0.0094979647218453,0.0047489823609226,0.0122116689280868,0.0040705563093622,0.0339213025780189,0.0169606512890094,0.0468113975576662,1.0,0.0,11.4,0.0,0.0,4714.0,468.2,338.2,130.0,4714.0,468.2,0.0993211709800594,326.2,238.00000000000003,338.2,0.7223408799658265,275.8,0.8454935622317598,130.0,0.2776591200341734,128.0,0.5378151260504201
91977,8538.74,50.27519690377106,50.27519690377106,0.3807556121577513,0.4898986390242498,0.3782081418388337,0.4834595932868972,0.6043641969103528,0.4779344750289168,0.7046431250169718,1.0,1.0,1.0,1.0,0.9987440566305412,1.0,1.0,1.0,0.5027519690377105,430.756622973753,102923.02898896528,9.055614591996136,7.324095924130044,28.059211069494783,376.1489199123875,85.78168631293747,7.453461800605917,4116.336899767485,574.7914252215427,17.461166123615815,13.277522433477165,58.25476257530069,9.353638318608205,8.926243404251862,63.36280074074698,27.055878542269827,2.610210686070905,20.019114985219517,22.34210117167519,3.683174539499051,36.50028824000736,92.79295361698682,15.949094945039612,20.759436055260363,118.62403627630135,56.92874792830183,56.580573433957994,71.78368671395614,20.689573053695923,0.4395407615705329,0.4395021169558949,0.2315725402398988,0.4124070298646784,0.2882797005283963,0.5699709331471531,0.5553943739754432,0.3425123477227214,0.457976218023804,0.3487103744883391,0.3705282800599143,0.3356176947832772,0.4490379249367219,0.2825258761853991,0.6192401317776927,0.5830344402477753,0.4681936593983384,0.6983902977794277,0.5649579493673483,0.6853396086117117,0.5812111215846685,0.4826352837737142,0.3699570197283679,0.5480903857676047,0.6351440930041797,0.6965755388074106,0.7041457999404953,0.7149541207962998,0.6843097360598566,0.7232304294807966,174.75582473553823,16.031416501332597,10.298748884518917,28.072255856777765,50.949739761711776,4553.187355747773,648.0900380226997,438.3146513072072,209.7753867154925,4553.187355747773,648.0900380226997,0.1426881414748819,485.7329960730989,392.10102888469487,438.3146513072072,0.678366689455389,373.79101347100135,0.7730314534821041,209.7753867154925,0.3216333105446112,203.65887276578448,0.5175258273457772
91978,1463.13,51.896846201337446,51.896846201337446,0.4175540563799938,0.4536064697147773,0.4253512954128863,0.7339864240168809,0.641406690199989,0.4048819015415061,0.5559923968275877,1.0,1.0,1.0,1.0,0.9135012941732098,1.0,1.0,1.0,0.5189684620133744,463.76918299978655,132680.6814975624,8.55448235214263,8.018941196536575,38.516625871285854,301.51667617556393,87.50221310335698,1.609488184456935,4454.0227543054725,566.0855954282997,16.323618014530016,12.29155189487124,43.778065167714374,3.1027030398226274,4.718535073373046,75.14065830858405,29.893616421676235,3.231739425767819,13.652329568805932,17.524935107104962,2.44233084512796,46.42029474205175,92.86636006541372,8.534879768393541,17.2681629458779,70.94369648945444,35.822718552442744,33.07695992483332,41.008681460634385,11.17119222951041,0.3913153688495168,0.6616802755480883,0.2508781277816316,0.3663424533407384,0.4362274550139968,0.4545854944114624,0.598930758139281,0.4916497217219078,0.3581291289041245,0.3848231535833529,0.5096599900145984,0.4487929091494691,0.7106660577995506,0.6655090213729745,0.8383339355056505,0.7214366813893482,0.467061422514473,0.6451612249338794,0.7210134818994758,0.7370517678728703,0.6731231500346087,0.2260646024104077,0.3154579521795022,0.2742306616584433,0.4660147273435729,0.5544976882782293,0.5626363969698718,0.5514802615812449,0.5536661722349461,0.5576814650736462,119.29848782681223,8.557663664879936,8.37615827355808,13.951446415561938,49.850866833749265,4814.264025692384,633.9852634417513,511.4045333163898,122.58073012536155,4814.264025692384,633.9852634417513,0.1341239343682793,556.861368165782,302.74711944244785,511.4045333163898,0.8092877072938082,462.95254898123926,0.8338263941022821,122.58073012536155,0.1907122927061918,115.92368290189944,0.3633331266711684
91980,25.55,27.895588157679597,27.895588157679597,0.1633205774180498,0.4040111910151397,0.1979807915706836,0.5212382648918752,0.2892199273329054,0.3541253975169892,0.022795021291928,1.0,1.0,1.0,1.0,0.7500054146757033,1.0,1.0,1.0,0.2789558815767959,1310.981460150392,60456.294389056195,8.599974009556623,7.300041151535344,26.899861384301996,361.009724757563,94.199653460755,0.0004331740562576,4307.003552027261,844.9974659317709,18.499976175426905,15.899941521502404,64.46266299275023,13.684638182448852,4.873655382394898,78.02129468067662,49.80633198194162,8.210990246519286,20.78881177038377,34.25015557,1.184823681704322,47.98135575355779,88.03334778477394,0.0,0.0001137081897676,0.9999864633107418,8.122013554831432e-06,0.9999783412971872,0.0,0.0,0.0393559256601635,0.0721336781109411,0.2036801265495333,0.3381125793515618,0.2704341378207432,0.5732781245617047,0.8705589876037326,0.6955480967798534,0.3887373193835448,0.0827695358361588,0.2285744048013388,0.091841906261692,0.3043816982066243,0.1543788634438414,0.8720946106755664,0.7540978872414685,0.1074478912267645,0.2499995265857308,0.510213511271973,0.508411214953271,0.8142092184579904,0.1730208641973449,0.0751461098956323,0.0094979647218452,0.00474983460296,0.0122115513774609,0.0040706885538162,0.0339208176816872,0.0169606512890093,0.0468113975576662,1.0,0.0,11.3999653460755,0.0,0.0004548327590705,4714.042472716215,468.2092049486954,338.20205757676723,130.00714737192823,4714.042472716215,468.2092049486954,0.0993219180225741,326.20604277808474,238.00779713301264,338.20205757676723,0.7223357394217451,275.80230448597933,0.8454889279885519,130.00714737192823,0.2776642605782548,128.0068874674945,0.5378196311531299
92003,633.52,44.01567503177333,44.01567503177333,0.4875104566534264,0.3183689628794149,0.5026574997311095,0.5187365118877952,0.5236349311857096,0.5090775371400139,0.2211113527466632,1.0,1.0,1.0,1.0,0.9697525359745164,1.0,1.0,1.0,0.4401567503177332,645.7929012418184,118614.18898747434,4.875595875518417,4.432216297646151,44.42882699111713,241.9957347735343,90.15455325147532,13.821684204027,4352.152565351215,397.30726798280824,15.400597140966257,12.664934275628092,52.96306258821008,6.485661814536471,11.41376368956019,72.13998398965143,31.55237553851407,5.102953351636819,16.84771822845608,25.695179433502062,2.712297911687811,55.07154955424216,98.5960549024663,3.26927573754585,5.609555911191003,21.97717817443515,10.70595963940502,9.672936862914815,8.246136577286997,3.661360766536364,0.2788274897794856,0.5684206087575132,0.5614202285808999,0.5413734994958068,0.5264481867965809,0.3240516740305071,0.7413070391215121,0.1709632488026894,0.3843963813878198,0.5799016855426619,0.6458377944216029,0.4004941375723538,0.5267508075951419,0.393639084442501,0.4748321561079237,0.6797239994056142,0.3726631816836992,0.4693440858089076,0.619283363567631,0.6287637059548605,0.6278063751549641,0.0919527541375213,0.8074734821275569,0.0951568786613473,0.0522867498638525,0.2198048655898214,0.1906886040239814,0.2260904776378929,0.1840142782405533,0.2849585382410671,39.26703790656438,1.470372093706169,6.864617887234903,6.125464803964527,16.96646842121096,4817.422496422913,546.6986846573324,411.70969332169153,134.98899133564072,4817.422496422913,546.6986846573324,0.1131407482486593,477.4703312994092,318.95721811111065,411.70969332169153,0.7558754508222487,358.94248206747216,0.7565934072113588,134.98899133564072,0.2441245491777512,134.9889524941247,0.4296887700491429
92004,236.73,45.56704583043651,45.56704583043651,0.4696393075769465,0.3521404558445115,0.7530795874194453,0.6817182932321197,0.2538921214513965,0.6579947265809101,0.0212287160252255,1.0,1.0,1.0,1.0,0.7500142847612922,1.0,1.0,1.0,0.4556704583043651,85.94538070367916,95190.77236187928,9.247933256509786,6.860586094827831,33.84668356685436,43.72336757065714,99.99808012808234,0.0022855618067468,1524.802986290947,180.89345924640344,13.24136688787218,13.8849547601454,24.643204853851586,0.1668980749800536,26.76451826311444,69.03675710982188,66.28983759201435,44.89216549817956,16.54230895545556,32.27131301,2.3143889440429555,39.18451603154382,99.54929127000672,0.0,0.0,0.7178257730398545,0.3076396170170805,0.410186156022774,0.0,0.0,0.9106271172827536,0.3650834958431087,0.2112000819887262,0.3916465351931977,0.3826103525961383,0.0252825501518744,0.9951798788889448,0.6955230063473441,0.9722790823770578,0.8982233807469978,0.876573998001736,0.2652418885519893,0.9548307849600304,0.929635132749104,0.2116008071928183,0.6308064480265255,0.1275957877120969,0.0045909420409121,0.6294798673836233,0.5327102803738317,0.6556152534224261,0.4052773167374804,0.9130916095828232,0.0094979647218453,0.0047489823609226,0.008957749742507,0.0090796138455969,0.0243341676913483,0.0169606512890094,0.0468113975576662,1.640744624091096,0.0,5.9874557258677745,0.0,0.0,1612.6694931525908,181.78813974988412,159.5550127838395,22.233126966044622,1612.6694931525908,181.78813974988412,0.1150033301185631,111.15396059787484,115.83807368960024,159.5550127838395,0.8582227708331253,127.2195204683916,1.1152446152409712,22.233126966044622,0.1417772291668746,22.233126966044622,0.2145153611879051
92007,1053.09,53.92926497150141,53.92926497150141,0.7514601705017495,0.4071493978208487,0.7387067062826814,0.6331120711369815,0.4930487373608602,0.6766231058143728,0.074948359087605,1.0,1.0,1.0,1.0,0.793613275447649,1.0,1.0,1.0,0.5392926497150142,448.7949404187346,169404.72340085809,3.4520440583731675,2.1246938988732404,71.65338314652563,149.73515288682725,80.15477565762569,1.868771737087623,3021.95443467968,182.05929188796148,14.95911179742369,10.823926791359384,44.48704351614924,1.8572977233995416,10.896444650368275,62.84974303452877,13.164571139592352,10.034344662143443,21.077039867045013,36.650550561240216,2.3183143073848944,27.423654818257617,97.07941256598892,8.332443364078438,11.06603717979234,9.052053601286731,4.134965912654822,4.384886738226941,2.794569526258415,0.0001573625986255,0.6283057989644674,0.8650779876781824,0.7429694103706701,0.769487484993678,0.8825945811684689,0.1652781132075997,0.3774020110533532,0.5720102480395385,0.7253468214642905,0.8846801493975457,0.6788292831610916,0.6659705711077979,0.6397531333910265,0.7716232474392962,0.5587040234400025,0.5623678802776014,0.7303316464750669,0.2040401515374825,0.5430733705399958,0.4729014876108385,0.6758412259065565,0.7133398523581096,0.640688239178452,0.2284597515616674,0.2171516818944641,0.0754520538658199,0.0512799342733048,0.1152956162036504,0.0858824666456041,0.046831724449646,10.612804536662928,1.0031444916005967,5.639280131641891,13.462290377428408,36.52187302010046,3231.9048344514995,282.63189144680695,233.61629356384455,49.01559788296239,3231.9048344514995,282.63189144680695,0.088231463254581,236.9684366123524,118.49485964482233,233.61629356384455,0.8163789154370469,208.62948185883025,0.8768761972654318,49.01559788296239,0.183621084562953,44.76962169754285,0.3473445141265395
92008,3285.27,46.18369356619289,46.18369356619289,0.5066472201042028,0.4121910079358292,0.5580825782081901,0.4807403265552386,0.4612165144353723,0.4690075874421717,0.3449733149524982,1.0,1.0,1.0,1.0,0.9167109322684042,1.0,1.0,1.0,0.4618369356619289,388.4385973200519,112684.7400451018,7.511666946517018,3.1767247580998217,54.41438045072976,344.73760416001767,81.54138130985737,6.359605985422858,4266.219302786273,452.11145642511656,15.46681860083726,11.25730071975773,55.37757756277766,2.815651912729068,19.418634811014417,51.45854711358829,16.8181751736833,7.6517386564657,57.49353471631002,27.17118407416399,3.87528410257859,36.8649406351738,94.13767740074285,9.486785810859857,7.9602805083367425,35.66305156847574,14.611493220675568,22.268617666948256,12.214118030617088,6.633774678146876,0.4917780177861602,0.5017602894442157,0.3693842825982162,0.6636662905882189,0.6609598101054995,0.4773750389910425,0.4175274032263835,0.5061254643904183,0.4736324874849567,0.5367174907474697,0.6347968098484306,0.5871835247519033,0.5205273561187705,0.6525330502468925,0.3043108617037077,0.4455900381515835,0.6664870844627816,0.3994197580836138,0.2378077376848474,0.6188046826222443,0.5858247559929913,0.4511955221521471,0.3700024841813769,0.2892523479469761,0.1219059829546552,0.3362544068831266,0.2807317048347312,0.4492749629575097,0.2444942867870437,0.4141112133000796,45.33617815129388,4.24436642086168,6.127163659836244,15.596805886957911,19.04263318818006,4535.3496805166615,551.9874417002766,352.84422427883254,199.143217421444,4535.3496805166615,551.9874417002766,0.1218866300023956,376.0717327221386,376.6797556425593,352.84422427883254,0.6710349104587274,288.5819643054626,0.7672018702103901,199.143217421444,0.3289650895412724,198.1929747104416,0.4809468131749995
92009,5717.14,54.00098473656228,54.00098473656228,0.625725353985267,0.4427393123961832,0.5580037075402943,0.6583021952304497,0.6373423807850118,0.571585118965081,0.2863708626570717,1.0,1.0,1.0,1.0,0.8201287387688968,1.0,1.0,1.0,0.5400098473656227,403.14054363956456,170995.71518503674,4.567010325487114,5.541248155809203,66.02008754685744,233.2484534596292,83.98491419632553,0.5343627256824464,5821.431178645503,393.2421310177982,14.55044700832372,10.458003287110722,53.3123253799271,1.9757845826340792,9.267305182361904,74.522412923284,16.84519330753994,4.467822701167196,14.173173024427124,18.50432938254172,2.542428014073999,41.67955957042273,97.23364617830644,7.947034598992043,9.931812108552323,30.315569354368197,12.75517578374034,14.73928205788043,14.294650151038011,3.877216360548715,0.5622042592513661,0.8492267787955039,0.6164075972105727,0.4750627806836255,0.8161302379797399,0.3328607175671039,0.4750193315305956,0.6371513225144965,0.1930697338574085,0.5908340778028631,0.7485865485470536,0.6995244699538519,0.5566354432945195,0.7484051460691388,0.6154199125958462,0.7127482789622948,0.6529780598457329,0.5444363675198447,0.6971598388474691,0.7320965439316012,0.7078035974309463,0.347275081098189,0.659676678366108,0.2172259500454362,0.1780483147397265,0.2823557563698198,0.2400891392542284,0.3158587874420863,0.2883083761305482,0.305242254088676,51.07355721348465,3.766612429051973,5.139390568526077,13.931076516532135,26.238994340257783,6090.027582565972,858.1724514493208,703.9292606145258,154.24319083479472,6090.027582565972,858.1724514493208,0.1360032722966284,672.1539212624135,353.7167366224895,703.9292606145258,0.8354189218081005,646.1689080301999,0.9535747345575932,154.24319083479472,0.1645810781918994,152.02907455764725,0.3797402557262447
92010,2330.29,46.29886894719995,46.29886894719995,0.4738094639384262,0.4230819288046485,0.3927380883398034,0.5443437994408808,0.5367969721950704,0.4918922399782878,0.3782583336068791,1.0,1.0,1.0,1.0,0.8871582798516154,1.0,1.0,1.0,0.4629886894719995,726.9106475587613,129456.47358219649,5.2824685465803505,7.381457240763146,56.2598758401529,350.7424255387298,88.58843080914492,5.12601941569918,5512.865899836581,626.634061189763,16.044916082171824,11.495701834185152,58.36837767742896,4.225063693251974,15.501746722939464,63.85695455435138,27.849901200716417,3.213075535651971,30.19080586430659,26.73244229136104,6.72375758772832,43.4288786247399,98.47797519795614,10.031000732959644,8.569395234391585,39.331504524035864,15.771508420360863,22.158094420958655,15.840091055545926,7.216555819445421,0.2825124406409336,0.6659995159636806,0.5858531459236292,0.3608727532254616,0.6869731485730114,0.4783923687288239,0.6546702540952862,0.2681036861539004,0.1865329336756323,0.2920530840776463,0.5464906166890492,0.5458757189168857,0.4612072016231387,0.6189028949560706,0.5074224224931959,0.5898426786911182,0.4395646594932796,0.6410130710127334,0.4639352037263326,0.622007524067044,0.3970365993237137,0.2855318271340982,0.7931082934770511,0.3093972584975712,0.1409548567792977,0.3849112061325938,0.3053538287231809,0.4460828172439501,0.3158022832659087,0.4391415326687621,49.18040351222436,4.228566944039259,6.716130270980068,19.04375719190549,20.21408926239956,5823.799984357099,707.4039434684588,585.4662050143509,121.93773845410784,5823.799984357099,707.4039434684588,0.1218039014662522,584.9582412225641,278.08539306221365,585.4662050143509,0.8329665656772363,527.1033292337119,0.9041535558323384,121.93773845410784,0.1670334343227637,111.51151183538296,0.3659812814889909
92011,2635.02,48.7038690044527,48.7038690044527,0.6074958823743515,0.4576782300433268,0.509650499012522,0.5966394306340448,0.3746743328021363,0.5967703832728091,0.2663620721724984,1.0,1.0,1.0,1.0,0.8905151649307089,1.0,1.0,1.0,0.4870386900445269,347.541106119389,155803.76104938268,3.942957531593707,7.441208530988082,67.72405526698297,372.9852803724432,79.3402989513031,0.5789348357922819,6023.417126085348,536.0874704512423,13.7656301019415,10.414037888101978,53.04752133796987,0.7414518574581518,12.944610923500225,60.2261779903802,24.563919273391654,9.836615367300263,27.568257146934208,41.25068557338566,2.678190638722076,34.764658271252934,96.838513152388,4.707599731680719,9.468507746462851,27.703614725159973,10.90287011566572,15.599179531732604,10.74697080616173,3.987199953008043,0.5029083523377076,0.8309981892280952,0.6776346031182858,0.4184423848133171,0.8413171234700978,0.5546870730068219,0.4358776525051734,0.6430811966729004,0.1293398927798535,0.3857531686886031,0.8239617751450632,0.6995471594365682,0.5840322129566984,0.8613310095080756,0.403774211813697,0.5374202882577084,0.4892297361473779,0.2118811440475669,0.4205370892409589,0.4353806439239486,0.6524613916576855,0.536352817259906,0.6014969409008358,0.1030381136108528,0.1680682209941148,0.2545958740787916,0.2061871003577429,0.335641735518,0.2235314772300918,0.3118541736778655,47.91183791356654,3.7063803457301465,4.930097702545929,7.986040121832199,24.08581356567155,6311.800166476764,817.040199078888,674.8743881260305,142.16581095285747,6311.800166476764,817.040199078888,0.1273671192216375,634.9397879505096,377.0806177424822,674.8743881260305,0.8173858638458482,619.2684432745011,1.005068225271449,142.16581095285747,0.1826141361541516,140.65479103143963,0.4046188366622972
92014,1247.5,53.38143711356794,53.38143711356794,0.7200152376206987,0.4361724431953664,0.6908366623053914,0.6699953494422185,0.4738665024403989,0.6909348432760031,0.054879559669679,1.0,1.0,1.0,1.0,0.9495083642131076,1.0,1.0,1.0,0.5338143711356793,263.39507814211424,196849.2004546856,4.138925898413474,3.2706898269651195,82.10794851876643,189.57486166808457,59.60831963905591,0.1580227061280595,5036.015322161876,387.0309753004356,12.006218668869897,9.5002379884637,36.71894015443544,2.443121386443737,10.8439362311222,75.12772963412709,19.178894437521578,10.97585753131034,16.708846038363298,41.84707586876125,2.7462571462954224,31.06520957134385,98.46500468956484,6.762874379894478,15.760140214160057,6.666439400776303,4.45563176797735,2.0690492986467612,1.7803579630187216,0.0217644139362444,0.6385976381870697,0.9437214458876296,0.6439544820878251,0.6537873843202704,0.9726857985300286,0.2535765709418996,0.1568114481624399,0.6866002183034988,0.3659381218965393,0.5947915960844326,0.9565638644002962,0.8460530668402972,0.7619322736030795,0.6918815390416428,0.5042986007782245,0.7218689843459266,0.603408287314489,0.2638475109581606,0.6320597850260289,0.404323047485597,0.6381979070577035,0.6435939570517959,0.79101266571851,0.153764046655729,0.3935965765786022,0.0517962506876481,0.0593893500732076,0.0523992126524336,0.0614061284629873,0.0494068564721183,12.607061324351584,0.3049446677314925,3.659590132636556,11.68706582009796,56.752502910644154,5135.871440676982,480.8505103044447,402.8575514470031,77.99295885744164,5135.871440676982,480.8505103044447,0.0916386756431029,398.69474818210074,232.74534948898835,402.8575514470031,0.8462323174721009,356.9250836054211,0.8720725270450371,77.99295885744164,0.1537676825278992,76.62009365712636,0.3202017699251569
92019,6558.17,44.93887231196773,44.93887231196773,0.4260688179627646,0.3933620789163222,0.3324358134228351,0.5402809967770597,0.615111648229295,0.4479521540094671,0.3905095525199971,1.0,1.0,1.0,1.0,0.9446878293167787,1.0,1.0,1.0,0.4493887231196773,671.4392321382695,104033.62009740972,9.874614737486269,5.2260513347373445,33.32448293991611,217.68873291112848,81.29654147204948,4.723160421287929,4593.694321059632,659.8895003167937,17.821663682320736,13.526683690761368,65.37355273483365,4.737057643244535,8.931566558790749,66.18574864446265,21.24852980213833,3.5819094496088812,20.15191964260811,18.835405862147603,6.010624229359847,42.88073489048963,96.09090076828151,13.315732324397002,15.681162544029563,40.445963738982165,19.10765562279851,22.17229261995144,20.224016903365765,6.961928231658117,0.3537057159566025,0.4455128078272971,0.2668002610957777,0.6382564869713808,0.3660602975165594,0.2963393588348312,0.4203263529511186,0.4335109184953388,0.3615995795036373,0.2791161681626354,0.3676642915693802,0.3213632144556872,0.3066466228309521,0.5979556380575896,0.6381686344080761,0.6183530918116213,0.5927359055840701,0.6200177918304584,0.560947746125055,0.7390163507047282,0.4324952361974094,0.332072302648072,0.57928892318292,0.4488213083622988,0.3951142373377856,0.3756158903938226,0.3646794425536515,0.4244181478914769,0.3687557170722585,0.4190785646887754,60.16975944161937,4.305280062274791,8.495143683700432,22.97070509208189,48.57520668637024,4813.803997990346,738.4124020293447,518.1065348052028,220.3058672241419,4813.803997990346,738.4124020293447,0.1516794163734837,539.0236372170453,449.47604082156494,518.1065348052028,0.7133676081187932,420.9691699887241,0.8067060470516368,220.3058672241419,0.2866323918812067,206.99314649109456,0.4480554086027983
92020,8388.91,42.19757345814358,42.19757345814358,0.305438907240199,0.4998340680923879,0.2954985371999323,0.3573971688979552,0.4677862718508869,0.4233379521559984,0.6045372366326905,1.0,1.0,1.0,1.0,0.9634171669894532,1.0,1.0,1.0,0.4219757345814358,699.7284752593632,83184.51099768413,9.073803610368271,8.418037808905579,26.46004967296669,310.2573927176933,87.61653655430035,3.801822373674655,4163.94634260622,656.6272891321946,19.68157742282969,15.2041107138628,68.91182358173027,11.843115368747638,13.092173902685753,45.31089569923915,26.787130587228113,3.822877473878924,26.371323412951508,57.995591620036755,8.039629527682452,34.73622090320101,93.20372013606746,21.159973625281857,18.669913684791194,79.84201029371202,39.69500939411717,41.649687569140966,45.64426162441223,12.782735841656704,0.267086597454756,0.2889244158756759,0.3004879455613066,0.3652566700690575,0.2591099506685845,0.4702479200711753,0.6188706912443086,0.4078428222900402,0.4633994859720838,0.2957869724654723,0.2236422907299609,0.1991653996322125,0.2605136083823389,0.2957131968258535,0.4762843845635122,0.3970774858201163,0.4583017876991896,0.627086841020627,0.4888852287915231,0.2464020793494604,0.4223901845583867,0.5133213230055439,0.3343023489040645,0.7124565134085229,0.5304765108716957,0.5961191868846418,0.5987591661708054,0.6286301687570712,0.5846016096571477,0.6145760516937867,119.75565568430764,7.975403364837641,11.850310021627518,36.53205390047523,51.00375181420344,4498.092100357399,684.1031390621738,512.2107787755898,171.89236028658385,4498.092100357399,684.1031390621738,0.1493341520661215,535.0469249005951,416.8501494220523,512.2107787755898,0.740383703624486,426.2954557655377,0.8063219383647964,171.89236028658385,0.2596162963755138,168.16789634113135,0.4189359816281002
92021,9110.24,36.0258908215987,36.0258908215987,0.2571893464303666,0.4872578034657962,0.1867904938734066,0.3897032236424847,0.4505156898794393,0.3600587407219229,0.3902970594984922,1.0,1.0,1.0,1.0,0.960115145048698,1.0,1.0,1.0,0.3602589082159869,1077.25670895347,78398.8196140405,7.930889334374635,10.666823610958684,23.033134707909905,404.9458515595268,88.88859578226149,3.0281028199589195,5401.082556552201,839.0227677664378,19.69883446198264,14.977745801388478,62.2230556481023,10.548423005442222,14.855970723979691,51.8045512525708,34.03526141832235,4.034428659657558,31.15612218586193,41.14404817554308,7.330925662823509,37.56919358675258,92.64880824144716,16.326289394704563,16.220911384200466,41.72336771992262,19.51319694710007,23.747949340875667,20.173557877745623,6.844351770965644,0.1915365887174617,0.2401453168417327,0.329502811245442,0.2675726689168298,0.2170553280897121,0.5820543265675624,0.654105593965277,0.5118952760106061,0.2343806561427278,0.1386002919009272,0.1848264502597881,0.1893545771901831,0.3709043130834314,0.3290845600251725,0.3922236294786269,0.4666003919827077,0.3452007971089743,0.5782848412794971,0.4281800665205682,0.4310862207944075,0.319524797563152,0.4563444215340587,0.3043070030685583,0.5392868421587033,0.4191494540029164,0.3801898333907477,0.3596081436621715,0.4381527464822904,0.3566146103142041,0.4169199636430475,57.77522134652533,4.431580458022623,11.51818714985166,27.867903201303765,49.20494353433388,5887.746208666218,857.6352295231245,580.6819376630691,276.95329186005546,5887.746208666218,857.6352295231245,0.1435893591990382,644.7230285993332,514.1489096508091,580.6819376630691,0.6768357169291944,499.2805343226402,0.7801919538747881,276.95329186005546,0.3231642830708056,272.5128993740885,0.5320442260191482
92024,5366.07,52.671393520655506,52.671393520655506,0.7076020650430037,0.4518386537121218,0.6523388228710092,0.6176785214046263,0.5604305703973798,0.5536036480395585,0.143505264978186,0.9955052223045072,1.0,1.0,1.0,0.9237988538806484,1.0,1.0,1.0,0.5267139352065551,209.62855390487348,150453.96377293888,4.112734999521108,3.22235736301984,65.93361972621533,258.29410091508146,83.04072916293998,1.8553453618288904,3854.585533021133,358.1223155999047,14.253604837061657,10.54342739396587,56.815477252687145,2.4476852451682745,8.230963622695576,65.7462740897211,17.73814095193996,7.066181147993369,20.862592314127053,33.70978876358049,3.19418657158278,34.054811995269965,95.35960494411027,8.774019244322316,10.29712291684512,15.405943497877706,6.24081952900477,7.747931519230273,5.606509662621108,1.044741114255296,0.7095352564164551,0.780290134700946,0.6696896282617534,0.6688422662551693,0.8126252567224515,0.3361455881619207,0.4751769138287147,0.6310166415310622,0.5148483031092304,0.6430716556438981,0.7682837251380379,0.6831516075928707,0.4945852582636441,0.7130458225492263,0.6568134684745673,0.6062695363310672,0.6413584707798899,0.4784927173432586,0.5943183892753168,0.5257009703902497,0.6044167461124059,0.5530745836993213,0.5033196143069484,0.2645540299189172,0.1915134921096642,0.1503699624985851,0.099061000222339,0.1898753792409961,0.142322452024411,0.135897530904599,22.862018312940492,2.14249097049893,5.102689791471486,15.078918919777928,29.92075414481187,4067.74570839623,482.2772770844989,390.76407918313134,91.5131979013674,4067.74570839623,482.2772770844989,0.118302842201046,396.7255080667918,247.48447690311343,390.76407918313134,0.8173664831165147,346.7752454541373,0.8758271073647172,91.5131979013674,0.1826335168834851,91.11726795802358,0.3591101436494336
92025,6759.97,37.62098566800405,37.62098566800405,0.3768324653747541,0.4846833017801415,0.2770844163192269,0.3781084264981643,0.4424859073858854,0.3509707309757379,0.3233037484263732,1.0,1.0,1.0,1.0,0.9968667117102348,1.0,1.0,1.0,0.3762098566800405,802.1985217135862,91220.14303908464,4.92948281343206,9.174587107802598,27.952574570071437,435.1048805247993,89.9483563568965,2.782386847116274,4454.60902225718,649.9234307460165,19.15657347332923,15.237325720254043,62.63103299181124,13.246993661798552,9.917889710765674,43.94424847974811,29.038204791057392,4.2943899250288995,43.241486030293586,44.22835126780494,6.027349798953673,44.821538342521976,94.14643025277395,15.37905373462317,11.981281528898345,32.34938804338284,20.776309678505232,10.213330377240348,21.27511821869631,2.474049829400227,0.2430089054066639,0.3325880653331501,0.5891569012599591,0.3425759894992431,0.2823330714083929,0.6493848182995782,0.7066317742448731,0.4921271034731277,0.3760262632447635,0.2994475280403879,0.2384412445161563,0.1944226294755998,0.3247909656662254,0.2446653307256511,0.5674894581782347,0.3754879514225461,0.4359777260822462,0.564237190254444,0.3810225469974385,0.3854371912330671,0.419767538038743,0.2605188138595956,0.372625841028875,0.5258937300437213,0.2517293132111559,0.3025827974970513,0.4370244679254819,0.2280266447045478,0.4154450422908443,0.233439789713941,28.417492142440572,1.0327638384079971,13.867069104231607,26.926665690254072,27.03207209020105,5262.226183402529,761.8992860842816,506.0994636262573,255.79982245802412,5262.226183402529,761.8992860842816,0.1416362730668193,567.8868550833217,459.64465260631295,506.0994636262573,0.6826633156258923,432.44019581208966,0.7963441260057538,255.79982245802412,0.3173366843741076,244.97073233703935,0.5257189804875454
92026,6924.05,42.52887027417554,42.52887027417554,0.4583573408796728,0.4174467796000206,0.33999186421546,0.4957263539527596,0.5435027858923251,0.3699582015575767,0.3520375930944722,1.0,1.0,1.0,1.0,0.9640772788099784,1.0,1.0,1.0,0.4252887027417552,599.0668388158168,102836.95792699775,4.7598871380239505,7.6994663044542015,29.442117869808214,426.6905089786547,87.0177974906409,4.456869195091709,4911.733168010841,757.4706631402759,17.09126483211291,13.495485848402652,56.244232919015246,8.461596612090146,9.381801235125009,59.341881467324015,33.01136072191739,3.4994664506889763,24.337516578854995,24.132306388872426,5.257488724324831,47.86313693941928,94.1001818335892,11.799597139332882,10.16196875047027,35.93406842943224,20.874482265348533,11.712058720266926,23.25652139561341,3.3941095699761616,0.3263971386382654,0.4582276183529216,0.6295610874960867,0.419243519031417,0.307269196987155,0.6235105331705016,0.5975752301172593,0.3798317706228876,0.3376560101069357,0.2680431556628725,0.4311142538439356,0.3231540372480961,0.4690436948953639,0.3716789554180713,0.59494170967696,0.5472410558206431,0.3800883722588776,0.6284533588580018,0.5011761513327169,0.6631737316394013,0.4583829870452126,0.2371545860276927,0.4143370315998246,0.4075235805709011,0.1889703661314188,0.354661381192943,0.4287388048283653,0.2622178598057627,0.4353222053456816,0.2792477142996087,36.520872179493885,1.6354019318052555,9.74373694652142,20.400626163765107,22.46536345606058,5422.354253799973,739.0111107406167,515.014683896792,223.99642684382465,5422.354253799973,739.0111107406167,0.1403427467276236,531.5641931509977,461.26720654377135,515.014683896792,0.7005572698698946,431.37796250164746,0.8270246348968686,223.99642684382465,0.2994427301301053,220.29636646852023,0.4821765655812481
92027,8049.63,41.006488997815666,41.006488997815666,0.4021882101240263,0.3989788577172575,0.316883452484773,0.5113408524056049,0.5672912754648609,0.3973915285181346,0.276380053132438,1.0,1.0,1.0,1.0,0.9495411619065228,1.0,1.0,1.0,0.4100648899781565,585.6259153914017,100032.14704500652,5.343063570161598,9.665629542880673,24.744257466694933,361.2356624187372,87.22888859373838,6.402100915627574,4470.323224088966,613.0903198342436,18.27544119041753,14.506330643125626,58.809192014382376,10.66421448372578,8.439338474125352,62.67695556256038,31.159383087993156,3.7093199394060106,24.13393603915117,19.722267406206036,6.626255074113784,46.27647186213634,94.70328587924767,12.31655097522023,10.256325547184035,27.538851129786927,17.67401411915172,8.217575022713865,17.75062260860975,2.0463353002457825,0.3074613517824856,0.4080000424347334,0.5489777620419181,0.344313684236968,0.2308481699123822,0.5418261421854796,0.6069030816628959,0.3971683940594808,0.4159801048960942,0.3181888969258334,0.3055437394913651,0.2278210686257992,0.4507447633238153,0.3547504945858208,0.6566617080541693,0.5832064436586145,0.398111277804365,0.6131269155956762,0.5335239221607537,0.7179114185775864,0.4949418007182629,0.2523384662096367,0.4448943186265043,0.4257844629795999,0.1913428955037072,0.2553219249351265,0.3731580360122655,0.191392746995706,0.3542718965509897,0.2077556611681027,27.552704711324036,0.8925560013165749,11.986090978667557,20.321435773018344,22.555362377064753,5019.318493179801,758.8380574619447,494.36688910110865,264.47116836083626,5019.318493179801,758.8380574619447,0.1521911150078223,501.2115093589058,501.1286671353361,494.36688910110865,0.6513920384075641,403.0723741262245,0.8102433961368588,264.47116836083626,0.3486079615924359,260.4843364299744,0.5237381380586323
92028,6438.69,36.034356163525615,36.034356163525615,0.4742673382944717,0.3196393143621307,0.3146455697206728,0.4871449422143192,0.4736978216912808,0.3534691426504688,0.0995408025134489,1.0,1.0,1.0,1.0,0.9645715256357172,1.0,1.0,1.0,0.3603435616352561,652.7345187632277,100428.02959085778,5.614058510441212,5.130548567247753,30.54491865505008,525.5511080009171,83.95848861998856,8.474076595998104,5393.355332016879,551.5170782459364,17.61968313013097,14.166851409863703,53.581349679238386,11.061474739066496,11.298618977636815,59.86501728784834,26.54158641465219,6.2123548048414925,22.20903632976707,38.29504960535403,3.850007973155552,58.029504381874055,94.50135094811102,4.838357920510388,3.3604047235468,11.927990187547788,8.697193347191082,2.8612968087193553,1.2440950653460594,0.5767461551741612,0.3946840891419951,0.4225892312830361,0.5006519918124474,0.5791440409404082,0.3206876368428724,0.5743735746194767,0.5288573630366012,0.3508638476466941,0.2523404863798408,0.3682023149245009,0.3653445589241458,0.2726949186542036,0.555732347606624,0.3027931671412177,0.5413909458202575,0.5486633082891776,0.4641602475612188,0.4277575449559866,0.509533878358637,0.4717878373148632,0.516088543228715,0.1192826606430098,0.4250362240796819,0.1172677722185251,0.0257856918086145,0.1188044181291944,0.155678894133872,0.074401365932465,0.0475830479822179,0.1012362863894952,14.688395847018649,0.2195417743122848,10.429505826246412,7.531252397830664,13.205141992863323,7008.843520520353,1523.41972072614,484.036478616614,1039.383242109526,7008.843520520353,1523.41972072614,0.1484076478577848,1045.8855963891572,1225.4781136785214,484.036478616614,0.5959223300809262,412.60404284750615,0.6965012725040578,1039.383242109526,0.4040776699190738,1034.542136100626,0.6272995986856658
92029,1925.42,50.333505024625886,50.333505024625886,0.6541892904532439,0.3796023910593615,0.5321589559562977,0.6119318887123151,0.5434535753737152,0.5054294701686889,0.2965797800001893,0.9817497657394404,1.0,1.0,1.0,0.9085928432257792,1.0,1.0,1.0,0.5033350502462587,262.6879364944976,123357.36573551396,3.560952559494918,3.4278258614501125,47.459570353816645,308.9366289047177,82.29321741798502,9.906662106625646,3824.496739763579,542.9787483735994,15.13631274156903,11.874863594106142,53.526361127627744,2.2535748114433356,11.111947338532111,73.43041235473622,21.36881401669838,3.4720361825950756,34.50496954517876,55.66456579999106,2.5392967610519133,46.3294300187792,96.35732049868686,8.45677212861776,11.807420996586991,29.904476798189695,17.635822466187257,10.34993461951986,18.96888919910613,2.4911162691284296,0.6317938123527777,0.5925776691503986,0.7259574446489373,0.6443974375362157,0.5685984066984802,0.4122627764766467,0.4250198161022054,0.3676749010390086,0.5280715359708703,0.4457375986631023,0.6458563310766515,0.5089703581145666,0.4828219968099919,0.7288150373733948,0.5316825456157004,0.704407975050173,0.5604171502737224,0.6325194287283742,0.608550474971833,0.2475926464453825,0.659805088151101,0.2433181428877666,0.6131651794671994,0.2603271445123483,0.2437313015274798,0.2794666487782274,0.3630255860688589,0.2317714529784078,0.3749842084322905,0.2336510037431619,32.28613566329756,1.7378381312196278,6.652497536290287,15.005443749893834,29.599958245184816,4060.1824460791217,418.8287155195096,299.00138894401107,119.82732657549862,4060.1824460791217,418.8287155195096,0.0998651177840136,276.40011550139326,253.61763546652753,299.00138894401107,0.69657366887841,246.28110776760252,0.8746823547589463,119.82732657549862,0.3034263311215897,119.20993920325736,0.5071419463687142
92036,351.33,43.82590187877322,43.82590187877322,0.5505715704929444,0.3282669259109652,0.5880679498223753,0.6836919732089842,0.5153345772968577,0.3617025099162634,0.0401776248657354,1.0,1.0,1.0,1.0,0.9419133436123488,1.0,1.0,1.0,0.4382590187877322,240.01709902775283,96423.44538568617,9.680243411606726,4.999706310784162,29.430141673860895,198.12339992463947,91.6498654349706,4.018801695929146,2599.4839610365484,353.3976449031366,15.854711931127104,13.943673168586256,47.1878741102673,6.483191583087799,5.376046296533054,81.92381443275845,33.003686216771214,23.595664285473017,10.572550444226987,13.979279171879996,1.7112334496126815,66.55870097588227,90.4857660337728,1.000029944108729,0.2839917743630256,3.1278762892232734,3.1278762892232734,0.0,1.8504263501331408,0.0,0.7403778730348954,0.3887960720360164,0.5103963369878298,0.5627159999130359,0.3123681082820672,0.2510003225074807,0.7637164912070017,0.6046636786248136,0.824359137009069,0.6594200286604407,0.5812633382531178,0.2872292953668737,0.6829320682090357,0.4215511445205551,0.8134757833590153,0.8168088967473307,0.3935252373467145,0.1501357363203957,0.8013261164314822,0.7952985363095084,0.7462901421850479,0.0677770866030938,0.2710403009606488,0.0307672935380969,0.0070856613063309,0.0271148369943365,0.050005705081701,0.0115332428765264,0.0654229418184468,0.0468113975576662,3.042141730631642,0.0,6.897059291516561,2.000059888217458,1.1359670974521026,2832.462086445166,281.3065753270515,177.28166044696522,104.02491488008631,2832.462086445166,281.3065753270515,0.0939653152684487,173.48951669481025,180.86250646268823,177.28166044696522,0.6197270708876771,144.58130787351,0.8353872331447546,104.02491488008631,0.3802729291123229,101.18730056143475,0.5790042981465804
92037,7793.83,47.244264748510965,47.244264748510965,0.4970650435510412,0.5486376452980728,0.527237606578833,0.4019849957567394,0.4912983106460186,0.5163136597089183,0.3245612708561445,0.9869319786666488,0.9999738376053116,1.0,1.0,0.985065693180642,1.0,1.0,1.0,0.4724426474851096,280.40663680404464,99477.22366455404,9.832738772604468,3.1761693523269408,81.28285499928343,475.8153840988207,74.32602625288939,0.0105915887900995,6600.922028224279,573.1491362862309,19.114803865792055,9.23054670341462,59.01225070934275,3.0441827940301827,25.156259386631884,36.48794558052158,28.531611795013887,7.444121085245474,22.501548970783364,38.07329610953133,14.584972555264596,18.18962288854798,85.08353978362109,6.010625782986063,20.00784436171114,35.391844650387036,17.851299493738296,15.700003167567642,18.2186521922096,3.5561627171392023,0.6188168663786249,0.3948335841704715,0.2836579032811098,0.6663516263025673,0.9614173272889064,0.6008483473890366,0.2918149829387452,0.6936777097609843,0.3608584646332632,0.4559324425830449,0.4365025378078969,0.855656981291127,0.3935291007366477,0.6601218392981497,0.2173939065924585,0.3368951363997018,0.4519422319852564,0.4425176171459444,0.6225720596630642,0.4684786709552195,0.3059235853606638,0.8668354297011569,0.3761819640649341,0.1463844223253316,0.5977514488617629,0.3272461516172459,0.3498286535229614,0.3285245630891593,0.3400083682950945,0.2771986177562616,59.148068936833155,2.0540445013596007,9.5482276220081,10.681215192048136,57.51033100043022,6836.236387209713,4366.677982974048,4295.41417550222,71.2638074718283,6836.236387209713,4366.677982974048,0.4654919717764467,3674.134799357731,4266.571708612392,4295.41417550222,0.8878681670204693,3352.6828527091343,0.8860624788197528,71.2638074718283,0.1121318329795306,71.25808891168994,0.1720826855611034
92040,7242.98,40.35209895322115,40.35209895322115,0.4242907569391128,0.4534820690578843,0.2247659889158579,0.5195263505135804,0.5453612234702588,0.4562376297336656,0.2009829080951211,1.0,1.0,1.0,1.0,0.9450637321790394,1.0,1.0,1.0,0.4035209895322115,555.1067151001726,107139.3372348894,6.09796102298775,8.296942688481119,26.18477023877101,372.3803559981099,88.08892278804413,2.4667095688723104,6062.104265351415,966.3277321658378,18.93729027571787,13.845272635654917,57.00035037506846,5.922401716939583,11.232788133966611,63.78629378016788,24.889462316285623,3.854891853948624,17.7569233297301,41.098517648527526,4.443935145293583,38.886473089547955,94.74591232191304,9.60866551396083,15.101182089610177,20.07768400619352,8.926720084547203,11.418965174955083,6.85143962982447,2.668621729096897,0.3270336892723895,0.4856758436993533,0.4902848078536807,0.3941686869310281,0.266106120334723,0.5491942514917983,0.6464390503552755,0.5863125154140556,0.2595488752265906,0.1398177370513078,0.2347226572601445,0.2649746861253887,0.4889349049690268,0.4996038765244721,0.4957337862686701,0.5938328342921525,0.5135121925927913,0.5960467844995557,0.6039923409887025,0.4376481937231807,0.5111404909219341,0.4237338015680438,0.433838596711019,0.3006410163287357,0.3721994604227185,0.1961522426823214,0.1618128557490352,0.2522881294144106,0.1619148387035519,0.2327464739262867,27.27666115924529,2.57494479169301,9.158631510489718,16.90630893111008,49.49560511975328,6458.177280610792,1126.2999193588887,677.8378159803062,448.4621033785826,6458.177280610792,1126.2999193588887,0.165114903445961,739.764481113348,708.3219983461015,677.8378159803062,0.6402721421075005,573.3280316872656,0.779696075830493,448.4621033785826,0.3597278578924995,437.9053378606064,0.5807334483197766
92054,4339.56,39.52657523063288,39.52657523063288,0.4221856359424625,0.3858968114192077,0.4018536508349049,0.3762057453576723,0.2964400499529221,0.4573437025177314,0.4269346701194003,1.0,1.0,1.0,1.0,0.9008992673636266,1.0,1.0,1.0,0.3952657523063287,500.00925284319834,87085.4493175683,6.039630069586115,4.939125569832986,37.75526498727645,473.1482256636443,77.59927276470721,8.412718232480003,3536.646217781049,484.73474907675006,18.60077620598502,13.842717442088412,62.444427751987455,8.802636945413907,12.377171524617705,39.92294490699438,30.58775538570445,10.307346762264933,71.2256807300331,55.75430249081927,6.7288164323196,32.35183483629062,94.1876602545082,10.916635788791194,6.545236531685172,41.68355621135165,18.172309924414893,27.021600603373045,14.57921525572398,9.274103791967567,0.4058916057481465,0.2968677560954119,0.4310819528836592,0.5549012290426327,0.4358051680464441,0.6510397087776909,0.3535396689382177,0.4429565265922741,0.6011184721012744,0.4860318785763681,0.2474110445509017,0.2728532081110753,0.3652610228762757,0.374107857641708,0.4560217195853616,0.3094323813273437,0.4043742797021309,0.3642428736268158,0.1566709233193183,0.2479913115766088,0.35460025112912,0.6043153238830204,0.4131155325410536,0.3559241711675174,0.0761156249931019,0.419780234917002,0.3713078347383169,0.5276394160448488,0.2921341574453211,0.523811707451513,38.82074081123634,2.927121589027885,10.55860945995284,18.607889313687572,16.92863362275065,4338.950342846801,540.1820490237958,322.96764413772576,217.2144048860701,4338.950342846801,540.1820490237958,0.1269958829708841,371.1656868654477,365.5519020603236,322.96764413772576,0.6190668044953496,263.7295155329137,0.7366686888830112,217.2144048860701,0.3809331955046502,209.8091033982882,0.5401491311508634
92056,6556.25,47.567894618714384,47.567894618714384,0.5470921742387752,0.4603973779147447,0.4305770157236689,0.462814926647363,0.5060627551530267,0.479568396885497,0.4432399767469311,1.0,1.0,1.0,1.0,0.9504613737215613,1.0,1.0,1.0,0.4756789461871438,273.266327657204,107096.09338683067,5.628642797031191,4.796305012603342,37.71414628240846,419.7467335328749,83.42880757315123,2.8350870521550187,4506.11543662188,549.4065060816588,16.33626612233236,12.327880951221411,63.31107653825934,6.309627267942639,13.097894243039695,65.17031024870516,21.82320576051922,3.877994133768847,30.039180349423788,36.316503589648974,4.086531615199027,40.96845363749293,95.8237431153973,16.924875558106486,7.91861212658192,44.76576274277585,18.71658438801832,23.69643854673767,19.125011352747222,9.08516133380157,0.6208438971156959,0.4843857279265057,0.5216178378885528,0.5615212340243466,0.4271168979843672,0.6335976879130559,0.4782158739401829,0.5167743734657902,0.3816446806978898,0.3825100944433612,0.511391534924823,0.446761752828602,0.3722451892385287,0.4750866698786223,0.4072393147717427,0.5966885327005588,0.575463857043758,0.5838973473612553,0.4006636536934946,0.4917932299977948,0.5395551241090302,0.366600015994398,0.532550050553063,0.585059084474697,0.1216203497103753,0.4607815793827897,0.3933225464604809,0.4744505363643304,0.375259505443163,0.5123857160838918,46.41574836494602,4.098474958077635,7.8689620699073215,30.49079751623748,17.39495816003617,4967.53068811427,675.8170168851688,424.3451470821383,251.47186980303024,4967.53068811427,675.8170168851688,0.1322734569651386,412.8609036508614,452.1429271176087,424.3451470821383,0.6188746916033927,330.62389628018747,0.7807778500066926,251.47186980303024,0.3811253083966072,246.25718779994247,0.5642898710469315
92057,7847.58,46.57434497709336,46.57434497709336,0.5196635364226232,0.3755868415831148,0.4092510421315377,0.5064461241614824,0.5660386571573317,0.4904682816627739,0.3927496652776717,1.0,1.0,1.0,1.0,0.8304604489887593,1.0,1.0,1.0,0.4657434497709335,374.49402962995777,109002.59560668837,4.321915263020986,6.693267169100586,30.04716380510308,356.9381629142672,86.01643642011534,4.783228535998124,4253.039885982821,538.2067136786067,17.209351468867712,12.987927760012978,53.615754340101496,6.760474414876804,11.791161627620106,65.83229967730986,24.597949032230908,2.578900770173924,24.492897311331568,30.68610389895512,3.6941545025972977,46.88958134375272,97.09143019691668,11.061813201959112,6.455973842141346,39.267961653947346,17.511438678934194,20.342829975749048,16.158231122179533,8.55000537357882,0.5137102617967473,0.489943359747605,0.6360977813769597,0.4389027427691805,0.3172872695003921,0.5106080864829559,0.5683417805592278,0.4224141353129986,0.442885138696131,0.4209828790775546,0.4022250869375842,0.3709110638148806,0.526943704103847,0.4161682021722283,0.4755311813467932,0.6071414090230606,0.5035172081045693,0.7102358353155727,0.4835058107833324,0.5841556488613991,0.5972313857874141,0.2172930533815701,0.6568804058193378,0.3613153211491617,0.0735544564939522,0.3870205520112363,0.3530227163535349,0.4147183432724501,0.318430727894068,0.4905559868570691,45.560817307362214,2.5539876825717576,9.404955766009731,18.777758219785287,16.999698234329003,4681.301509534858,720.5256909616862,462.1023573514884,258.4233336101978,4681.301509534858,720.5256909616862,0.1566164248121822,487.0772842386121,450.5999986869784,462.1023573514884,0.6550536587829413,397.5953701127861,0.8195866317443958,258.4233336101978,0.3449463412170586,251.53606529962653,0.5320387502224192
92058,4562.29,38.65491233411002,38.65491233411002,0.3969604379356818,0.3778830212170725,0.4035624069920869,0.3827733965679623,0.3800272930848576,0.3889094879576998,0.3757278196323398,1.0,1.0,1.0,1.0,0.8593206756544881,1.0,1.0,1.0,0.3865491233411001,529.8315783671018,79430.20761006871,6.3251032583659175,6.665141108001219,24.930351580114724,531.0459153451637,89.1202928360595,4.194008568306934,4235.8371221476355,498.92353675520866,18.502545930813326,13.529311708175992,64.52439119496366,7.297490643999767,15.005551141223766,43.87987985917155,39.81722929419381,5.861484042275653,38.51900110583933,38.16370040553908,5.533481892781029,43.36938509766214,92.70295589446738,9.80094153155536,6.17027604621069,36.51156053257811,16.468185076867986,22.090784910744663,13.626262202167627,8.28519001348214,0.4389181789026001,0.2388138331112738,0.4556720005835158,0.4544377391453377,0.2507412945555992,0.4077328828621321,0.676027256561108,0.5477597102460532,0.5763903046606392,0.452152116144674,0.2662417568601123,0.3194654503029221,0.3576886624859863,0.4349080696955036,0.3772015535160753,0.3612953005742837,0.3337711924720357,0.4169837029993279,0.3850462676336417,0.4994420663148393,0.5002426375686794,0.2936790260035721,0.3728068003008478,0.3140658503246439,0.070971132752899,0.3566658188094384,0.3295490812566499,0.4413170382159838,0.2748975962681301,0.4762095636114978,36.2757373557096,2.1049438010655304,10.68709262207033,16.998953027099216,16.307837864333084,6218.810614520027,2010.556641684315,486.7668108522393,1523.789830832076,6218.810614520027,2010.556641684315,0.2108593150115927,1359.4925580746865,1776.4602977813822,486.7668108522393,0.5676181167668862,375.22578476890993,0.6249572107183564,1523.789830832076,0.4323818832331139,1523.0998090329083,0.5815005453340134
92059,252.58,39.27078645925098,39.27078645925098,0.549434424110824,0.2132708594024129,0.4935623779859872,0.5801501932079023,0.5821753120581655,0.2812277821650386,0.0491341032172375,1.0,1.0,1.0,1.0,0.7500229955913806,1.0,1.0,1.0,0.3927078645925097,329.24819276761514,137705.6989576595,4.0852613051964655,8.48584733655288,31.54437387817794,197.8443230271038,81.62698492569169,5.310977797690191,3467.94110753782,366.42399847826607,17.32831092565524,12.692205841688486,70.23008133705147,5.430725343900369,8.00280573192754,90.18844362364077,30.64071326243262,4.683717842620852,26.183298289925123,49.98657517405105,2.2342237873319593,74.79270338791402,83.79583712304478,0.4999890167476463,3.785886122230576,3.920205833358765,3.4289836317726774,0.4912222015860868,0.4911871936556794,0.4911871936556794,0.5175435757293915,0.7346566083799664,0.6699738904676192,0.2755636218663189,0.3377006196641073,0.2537257987223384,0.3727059287596367,0.2596652631947696,0.5900518710568142,0.616642308590163,0.3782181659414378,0.389337166355534,0.2260999378182272,0.4835140126415837,0.6816645037119737,0.9293223186598244,0.3692115624549476,0.6811033197669614,0.6962228173666593,0.3064880912129768,0.671407018596935,0.0250764404477925,0.1471998874503881,0.0251014211468057,0.0307261249268197,0.0341663494600288,0.0386268120351267,0.0280627511330531,0.0345554164348845,0.1102591870230945,7.929829778391495,0.0,8.456393702263021,0.9999780334952928,15.143544488922306,4121.329429748918,604.7077609949094,402.8115076462591,201.89625334865033,4121.329429748918,604.7077609949094,0.1404697577667172,486.7604929631884,403.9224755367292,402.8115076462591,0.6789816063738845,318.11579867013205,0.6680484562860451,201.89625334865033,0.3210183936261157,201.89625334865033,0.4822676066653469
92060,74.61,36.30808979243559,36.30808979243559,0.4788616615131769,0.1528019817472192,0.5695726148742001,0.5795521692659715,0.3091059611445291,0.4290254321249994,0.0226464648003944,1.0,1.0,1.0,1.0,0.8349101265481348,1.0,1.0,1.0,0.3630808979243559,346.60927590730205,95789.32201082348,5.058467341949699,5.594228861606258,29.07161772213357,73.228005051136,78.94683038234176,18.66530866160511,2125.749301162982,232.98581262244528,17.222611139472686,14.805676455573284,46.5256695433878,8.666686901468111,10.552750068624649,82.90407775607129,25.681371934635425,19.112947079966943,64.25303924613377,32.27131301,1.8719389911624689,55.93468468904528,95.0853630763215,0.3301797469037304,1.9810784814223827,1.4858088610667868,1.4858088610667868,0.0,0.0,0.0,0.5198983529336139,0.378058168208702,0.527662349508922,0.48982777540147,0.3061528300018197,0.0626732184721583,0.3760140586250306,0.1380126126057938,0.9065543513889202,0.8101106607877988,0.3974372375456862,0.1641882097743952,0.6414406068952837,0.3511265061308812,0.4898474054927282,0.8357941585449933,0.5271989609267966,0.0472726706804297,0.2947888813276914,0.5327102803738317,0.7208707477540655,0.085700879535296,0.4805046690856365,0.019802081653712,0.0141570891248009,0.0177282929456164,0.0201987393331536,0.0115332428765263,0.0169606512890094,0.0468113975576662,2.6414379752298434,0.0,9.71882683575716,0.6603594938074608,7.924313925689531,2524.5383239740145,178.1835372256515,132.95742583092465,45.22611139472683,2524.5383239740145,178.1835372256515,0.0727443750533417,140.37275241142768,106.86660254175209,132.95742583092465,0.7445719994421615,104.10122937211456,0.7402374071674807,45.22611139472683,0.2554280005578384,45.22611139472683,0.4542385024130857
92061,171.41,38.47016312139986,38.47016312139986,0.5720577060755881,0.2541313106366664,0.4746304756630092,0.6411601342129534,0.3807128661913315,0.3343764739511486,0.0358424517672928,1.0,1.0,1.0,1.0,0.7500626750303427,1.0,1.0,1.0,0.3847016312139986,295.05137333303765,135285.83975350895,4.249756323239517,6.854493028725739,38.1930577422063,226.50832247747584,82.84109676478803,4.357334508409009,3601.9667295087397,384.8693748503905,16.868517688261743,13.40772693339717,44.99326851162206,7.822597513267384,8.207035183440167,87.03065252930716,24.72998134372496,12.393721710661149,45.7155846970793,32.27131301,2.254205069995497,66.07116658125163,90.315655994981,1.1612677633649229,3.411942184622779,3.222864442698627,3.033825630563655,0.1890388121349723,0.1890388121349723,0.1890388121349723,0.5570959804416401,0.713785308191572,0.6431945924175724,0.374154943251568,0.4338040250943014,0.323578753242228,0.4143949232567936,0.2912435407597181,0.5551611853543515,0.5903965516596238,0.445962985199371,0.3070011804386906,0.6614786887659466,0.3497075314677367,0.6651555781867146,0.8882987384314158,0.4895646516426008,0.2994653578375547,0.3530657349890866,0.5327102803738317,0.6682409265037336,0.0420571047019725,0.2928313906477398,0.0367642163136188,0.0250024051533384,0.0306786529729806,0.0356770494231037,0.0178943860799827,0.0237321908281726,0.0712299795322243,5.952236438878036,0.0,8.566607201301643,2.3225355267298458,13.647768738491116,4197.014555026135,585.7465275030264,421.56197353175895,164.18455397126755,4197.014555026135,585.7465275030264,0.1327988536909899,460.5690450383013,388.7537506768291,421.56197353175895,0.7251561502444163,335.76836854732153,0.7330895821524747,164.18455397126755,0.2748438497555837,163.30269648670006,0.4137985927036464
92064,5477.38,50.53929654739731,50.53929654739731,0.6168006706523729,0.4454643803660726,0.5874486417008884,0.6253528945355054,0.7033329508493995,0.4793914482131123,0.0799597720004595,0.9999106502387556,0.9999999567824694,1.0,1.0,0.993233972372324,1.0,1.0,1.0,0.5053929654739729,228.96572270567464,152387.9588449481,5.251496475694661,5.119992174281103,53.0077211161524,248.44459952308455,86.34111486598513,3.3454957894515593,4199.068924510276,399.99495494562007,14.815165968183962,11.08771194141813,53.30329151439556,4.899000254278689,8.286428784129482,73.90707096863416,13.76655759206874,2.646087549481583,15.325841068449863,22.90032825226266,2.7683428353094177,43.23342569413344,95.2565237287377,7.535081048800727,16.37946277300292,8.26002608213558,6.4197167641037165,2.7917319824847615,2.6086304979143,0.2268294786222713,0.6835084500047452,0.7206058510562634,0.533105204976191,0.5299818982984545,0.6434429700128771,0.3534726690273188,0.581183279768353,0.4545547187339568,0.459293736910639,0.5816706756611131,0.7072536602819925,0.6015764939498088,0.5555396373241308,0.5797532602658,0.6568015592797048,0.7093171212723862,0.7328590899800015,0.7054706395398735,0.686633925054364,0.6827412102898759,0.6315098943029789,0.3488384278293355,0.4578260225070226,0.212677148259873,0.4274555490104983,0.0725840646134432,0.1019748469924369,0.069773524810629,0.0799652323496556,0.0755011912361329,14.69761586285634,1.226875246370139,5.924144809947904,13.53476463350117,54.17014155094996,4412.21685482076,519.7721820985805,427.8196770249272,91.95250507365326,4412.21685482076,519.7721820985805,0.1198015433562227,404.60390107833695,294.867326529209,427.8196770249272,0.81978372255643,368.9371893056223,0.9069418668717673,91.95250507365326,0.1802162774435699,90.61454202493152,0.3202457932346764
92065,5154.59,43.305389101976246,43.305389101976246,0.6084562772731427,0.3256417856452232,0.326866727619355,0.5879302194388476,0.6876019506019808,0.4660918132689777,0.02878846329081,1.0,1.0,1.0,1.0,0.9353912899867748,1.0,1.0,1.0,0.4330538910197624,253.24965468145967,124728.22387498528,3.862733960761731,5.468163417872499,28.606547276674128,294.34122297316196,85.4005229215184,1.5898548952059954,4703.764283360246,564.4151285143137,17.903743418306675,13.880327278780918,54.477447644971576,7.976138276144931,8.035177218190256,77.17600577311804,18.70393526144693,3.313632093187799,13.01421772848384,13.86972197078637,1.095238716864412,63.13509056976555,95.5173930067576,3.4869513820396505,4.994004633080118,1.911199019068942,1.8260104327699471,0.2207657567197636,0.5010456790978595,0.0213277418898423,0.6534957093546091,0.6176868486099624,0.673331617946833,0.4893109331811661,0.295163493200873,0.4340706742323651,0.532870795262672,0.5536829791546033,0.3302038062321323,0.35990709185592,0.332230993821679,0.2851250185676888,0.504013566766141,0.4309779613002877,0.6686807043490056,0.7480486453399561,0.621277739002829,0.6402305375480902,0.7366157544669528,0.8075012108604513,0.8255398219521456,0.0728577159741869,0.4998779018806005,0.0829611736068717,0.0551015984139543,0.0216965197612424,0.0257981166743304,0.0170774483819804,0.029803880173928,0.0495663514625684,2.8618890350674646,0.1397260010812384,8.540556707609522,5.539025875990794,19.427453971655932,4978.335664542776,752.1238039125984,541.1955811327822,210.92822277981617,4978.335664542776,752.1238039125984,0.1468247585402922,608.425627570139,422.3765937615575,541.1955811327822,0.7159363867282545,490.0080716723127,0.8054901709060768,210.92822277981617,0.2840636132717454,209.95589254672925,0.5461725011232095
92066,19.47,38.64594860180012,38.64594860180012,0.4993866415546205,0.2039200961138802,0.6046899275732954,0.6088304233660586,0.3439998597705188,0.4265765752473716,0.0178128785002625,1.0,1.0,1.0,1.0,0.8834543284848977,1.0,1.0,1.0,0.3864594860180012,326.386311298309,74799.45791240725,5.697490906403197,2.884866869749856,26.96622799637556,91.4905750613476,82.06373825162972,21.352692557583655,2149.4451853881496,316.23339181039427,15.074111611950578,15.129697659367858,64.68453453805326,1.7776166273189329,12.80391976989516,75.2800264641614,47.621439614583885,31.184192781149207,14.36246704279359,32.27131301,2.6854674108505825,52.86902401395938,94.41634818909448,0.0,0.0,0.19335238639449,0.0828653084547814,0.1104870779397085,0.0,0.0,0.5867292851663852,0.1852523455643588,0.5081294446614705,0.7174354908262671,0.277724478672136,0.0857056538841513,0.5119596660587759,0.3338838309854502,0.8935837615346273,0.6977785258683665,0.6766990336132721,0.1506983892769156,0.4370259942427055,0.7569883416974997,0.5177934825609136,0.7235138749631158,0.224650977041287,0.0229997949574477,0.6930992978787893,0.5327102803738317,0.6132311561316061,0.2075346756418762,0.4589638939686326,0.0094979647218453,0.0047489823609226,0.0048912764985034,0.0054197879259936,0.01498127923014,0.0169606512890094,0.0468113975576662,0.4419483117588343,0.0,7.426876933138565,0.0,0.0,2352.556995786891,137.7474522853482,106.3264390329965,31.421013252351713,2352.556995786891,137.7474522853482,0.0654174040894086,101.83004085914432,76.72860492681681,106.3264390329965,0.7502129329447395,87.17943741814764,0.840745186197259,31.421013252351713,0.2497870670552605,31.421013252351713,0.4691197277142724
92067,1390.43,51.403221229054246,51.403221229054246,0.7295017636974271,0.3741729647679665,0.6776185265200546,0.6288126846782331,0.5229728213550949,0.5503562366920282,0.1147904883229921,0.9097760623138104,1.0,1.0,1.0,0.82565604575899,1.0,1.0,1.0,0.5140322122905425,137.5863479419119,186857.32516712576,4.9652920830163945,3.6386465460914343,71.98187045296746,114.82176984800736,65.27300596636441,1.1084651249634674,4284.150178232983,356.89099490415316,12.591486070200803,10.158837229851052,80.75245660077306,0.336594871474285,11.014797009291668,90.73088529322564,18.273482980725735,17.679223213561496,10.378687872632424,33.4268402706123,0.9888905731171642,52.21125164197456,97.20968327536156,4.864775735743505,15.032522209351134,12.009851399911684,6.960159639965377,4.500886156274148,5.174887610407548,0.5731698205222565,0.8248914609798688,0.9030807722287052,0.5897956112349114,0.6735951917300986,0.8840751193025768,0.1178440644451158,0.1320437319792768,0.6327004250438483,0.4053522969782038,0.6448075619108766,0.9174237833008202,0.7428904638903184,0.1815763214558148,0.9080774462658956,0.4934789408741386,0.9321180301170832,0.6417454008312199,0.1278047375500413,0.8076891319125776,0.5205474518510264,0.8522108605144171,0.1346899886636874,0.6641678608979803,0.109038419748566,0.3693360280884152,0.1100054153213153,0.1171516043036722,0.1098064421537096,0.1272449342672456,0.1097440455690177,21.072809705532897,1.364331518886874,4.185099762127125,8.662044772284384,49.314743847855624,4343.968223669956,548.8569239802001,460.76325223941495,88.09367174078525,4343.968223669956,548.8569239802001,0.1244070259714696,460.73344433522385,254.28172995773912,460.76325223941495,0.8324278959241469,419.05507204573377,0.9093901589033612,88.09367174078525,0.1675721040758529,78.6819826923549,0.3062980620781411
92069,7482.25,44.292309244052824,44.292309244052824,0.4185403531633815,0.4410671037503943,0.4127124645678067,0.4275983995936219,0.5654396387120469,0.4646266015829938,0.370477085713452,1.0,1.0,1.0,1.0,0.8977956855250353,1.0,1.0,1.0,0.4429230924405281,534.8011502378731,101112.34751400484,4.869208813586983,9.98324358348479,34.440497622202166,329.4844147057852,89.2070435629043,4.3394077705234455,4051.498223308195,526.1442772165653,17.804458637913807,13.0629852072223,63.18345970565585,11.772910714531214,11.413003608799558,55.20957976727001,25.998763600861547,3.604295466070327,24.910457211633137,25.825510233250093,3.3736420162107,42.26485373447704,94.8568442542854,11.180846544834449,12.194752315750844,38.96484607932286,18.58353569645319,14.437228451274986,23.715432372746065,4.350281194064308,0.3551180612466574,0.405324663061589,0.5818714474178308,0.3318472409274489,0.3824423981545427,0.4898526281552314,0.6719049880735432,0.4671343018232047,0.4739597758899792,0.4287425599378442,0.3687043996149169,0.3794431228284864,0.3569753157199263,0.3532645111987758,0.50444388337645,0.4957098880793353,0.4877762165694351,0.6161550560689122,0.5010903654379677,0.6447847273335949,0.5913968545724717,0.3306653234314865,0.4718176267450231,0.3731403014718366,0.2619280048240071,0.3814633414080843,0.3832126994608543,0.3139494802495011,0.4499357267492462,0.3238241806995743,47.911528480193944,2.765276697160893,10.750398630108492,19.26486735117292,23.568625717850935,4504.784287520911,744.3972574592301,528.4790571696649,215.9182002895654,4504.784287520911,744.3972574592301,0.1678127315778821,562.324444076618,466.1367792808621,528.4790571696649,0.7068782360005061,438.1102299604869,0.7771357106555007,215.9182002895654,0.2931217639994941,206.85538990798483,0.440894888588459
92070,72.12,39.172788290158806,39.172788290158806,0.5255092125129573,0.2434540101817021,0.5740739408086097,0.568511574746366,0.4407896007793262,0.3564042977623695,0.033352543519785,1.0,1.0,1.0,1.0,0.9999989253019008,1.0,1.0,1.0,0.391727882901588,353.1396524253417,87605.55379534178,3.687942301351488,4.833433830620375,31.56112580716651,139.7900211290567,82.48077737776806,17.40107828583905,2631.237479246181,374.6776686136248,15.66739015704714,14.095223463588017,73.81499328322259,5.80330711867952,7.854730697272889,85.5361084532902,44.00821634348963,21.491889654645774,10.991690341069289,22.110653444305633,1.383396601701263,70.86765917841001,92.01765378632145,0.8386965986912177,0.4589964784461207,2.3107993612610405,2.3107993612610405,0.0,1.2580416739425286,0.0,0.5281555427552092,0.3056404572415113,0.7137687092116434,0.5544721408434655,0.3446648354711881,0.1564520357564063,0.5246839484414633,0.400815809229385,0.8307303176509292,0.6109388377823224,0.6079823537520407,0.2466442540491464,0.2934721924622021,0.4501895289345857,0.664642433474273,0.8657421441144036,0.2024498618265081,0.0948753058517302,0.7884152138351742,0.6774197213532938,0.7770262436663657,0.0143967598407148,0.2777898897800281,0.027022990441324,0.0070844417504458,0.0190482754413503,0.0400903955361657,0.0115332428765263,0.0492794061872163,0.0468113975576661,1.571420105076084,0.0,6.985281954770735,1.6773931973824354,1.8359859137844827,2858.9753588252493,185.54837612637857,137.35311741674718,48.19525870963135,2858.9753588252493,185.54837612637857,0.064699371906907,149.80383157156623,75.4618153629619,137.35311741674718,0.722790453083576,124.0081521809443,0.7992252408040592,48.19525870963135,0.2772095469164238,48.19525870963135,0.6301927261009193
92071,6440.45,50.76833105089831,50.76833105089831,0.5528868844270978,0.4474165585453229,0.3699863481589113,0.5694133581662889,0.647487000536086,0.5145883754703953,0.4520046482587799,0.9998973114703654,1.0,1.0,1.0,0.9322609046488132,1.0,1.0,1.0,0.5076833105089831,366.8807908136706,117509.05296865744,5.048951318412453,5.076785031785739,34.17152334714491,319.0444632720849,83.29633103389612,9.95438652682431,4741.569525596251,650.980964351938,17.606533885731253,12.570807512097227,60.8395650636854,4.069521850442368,10.237550649221811,73.7861163361514,19.09033128734014,2.608137268958555,16.566174973877068,35.10000305493928,4.3924990001236734,38.57319877018266,96.14540161426017,11.801567709342244,19.449928796093072,49.57225377366905,24.92898225096584,26.029483673017697,27.203984775208884,8.222577123413636,0.5223819488709323,0.5724139587253183,0.5764413970761151,0.5402478935022615,0.3844489730584478,0.4716004271865924,0.4772090340624245,0.3916239009907786,0.3900589893807985,0.3295016564934738,0.347560361466018,0.412824385295355,0.4168406526815787,0.5750388904258434,0.5792885053728435,0.7064853841848896,0.6315568989370619,0.7103983415255178,0.6835701346252182,0.5286312103830815,0.508131582123532,0.431941783785208,0.6036917605024461,0.3905142435375299,0.5691027724361646,0.4365370250966644,0.4459125717780801,0.4735773101265549,0.4345045320725805,0.4694918022200195,80.26140139633054,5.313310376579345,7.480581561340988,21.247237999831167,54.355556116361825,4996.46012696345,616.9441124481137,455.19967193207833,161.74444051603535,4996.46012696345,616.9441124481137,0.1158866488014615,465.95477644342543,340.4268245235383,455.19967193207833,0.7508002137685914,376.5773795000805,0.8274083235081133,161.74444051603535,0.2491997862314084,159.16058155970956,0.4419828490400166
92075,981.76,48.962931399776,48.962931399776,0.6816422897709263,0.375586540317072,0.7636869585713308,0.5710373596856786,0.3896663922126986,0.5754557887029542,0.0703298687236598,1.0,1.0,1.0,1.0,0.8518297884441735,1.0,1.0,1.0,0.48962931399776,185.1200584774444,133383.31237671466,3.031744518711044,4.589877091096583,68.0302043463248,104.055051557016,74.26324093564105,0.0,2635.3815843073403,259.2007805722643,14.199545601563722,10.595589993089725,51.77001449666196,3.823386724886058,10.018015556451234,62.40973130427352,25.462397847203025,13.16365455546524,21.81041073490276,37.54760173085769,7.033512524809978,22.791637138434933,95.79093643134136,5.222193320448161,13.823372189773114,8.623757603721764,4.8692066904064895,3.4999764422048414,2.6515214270965917,0.0,0.7447845006002572,0.6479708967130765,0.7942422439389295,0.5395715178314416,0.8375295014490244,0.1012407026901037,0.1875488852191544,0.6955617198335645,0.8142201450824107,0.7924180681167303,0.7770827530088288,0.6710268680773533,0.5832945357042442,0.5857516652031806,0.5552953525508817,0.5598078852844082,0.4652368840383098,0.2180360956957058,0.4911513286580248,0.461266815444681,0.4249161519270509,0.7470413371021194,0.5544098770796921,0.1093016675526304,0.3223367651579552,0.0694557320216744,0.0722106738209687,0.0820890647810363,0.0810824754369532,0.0468113975576662,12.032228000258456,0.9999882211024208,5.18654812308608,8.641511290474504,48.47190803006527,2740.960488762121,335.4829804134389,219.64331364717304,115.83966676626584,2740.960488762121,335.4829804134389,0.124456983198387,254.19835586426183,225.34367134746324,219.64331364717304,0.6733636152048696,182.3462686940157,0.7378709048082699,115.83966676626584,0.3266363847951303,112.4454218947361,0.4703857379833727
92078,6999.0,47.55317983733171,47.55317983733171,0.4942666194998184,0.4574075873996749,0.3997843026830511,0.495452150000679,0.5810633517878492,0.5696087797154042,0.3311397975267433,0.998170059675575,1.0,1.0,1.0,0.8106836023470455,1.0,1.0,1.0,0.4755317983733171,461.8903729755678,133271.05215138584,4.766321404779104,8.17992719132703,47.21699548530284,461.34038867158625,85.30577119737147,3.2766470358101274,6419.788084278566,666.0981767505532,16.549567192255857,11.17558723725288,57.485843376637135,4.741007468300129,14.447392341734677,64.27228640146805,23.37523477167984,5.140435910985907,16.105054700340503,54.73377154240733,2.545482851347379,39.90802402869597,96.868570251933,9.663007053836116,12.349239200655925,35.44402090731666,16.23010280030144,14.16449728439078,20.212462246590604,3.821834143588898,0.4507035853789199,0.5953339281695752,0.584893853482024,0.3439462708730187,0.5649710454960502,0.5770459919478431,0.5082804326760381,0.5309584770026208,0.1812855130704247,0.3026345445773079,0.4976085747935806,0.6176085782908912,0.4704787286230441,0.5392887022408764,0.3738223167703158,0.5982188523684792,0.5216617934601211,0.5257048744479612,0.7466126470314495,0.2802434653521309,0.6675771708781215,0.3902702619099983,0.6509789063580929,0.2942620024988283,0.2689275747766688,0.3362476279117669,0.321552029776375,0.3041474525067428,0.3932500955121622,0.3005017819266697,49.621027033904895,3.573605689479985,7.5468627032164,17.028667838282537,24.74392448767893,6833.255416362388,1238.8856079212242,1078.0951837534724,160.79042416775195,6833.255416362388,1238.8856079212242,0.1721738615145125,1076.419040547028,852.9784303861669,1078.0951837534724,0.8396471880500768,921.2385294579306,0.8543546424008481,160.79042416775195,0.1603528119499231,156.88163854427705,0.2955980228251695
92081,3772.96,44.45910025096233,44.45910025096233,0.4316971522213656,0.4646963174930057,0.3922346934433081,0.3769187981191339,0.4995801614173223,0.5174785276913277,0.4295313671818995,1.0,1.0,1.0,1.0,0.9819265286461448,1.0,1.0,1.0,0.4445910025096232,462.1424269381748,100246.51382136068,6.521263330842273,6.419451387172698,37.494914038610375,429.6681849769051,83.58545250603112,1.1252169572409365,5116.010417114468,503.4761908943216,17.188624566769626,12.40384625606308,63.01016503175656,7.7605256662249715,15.126246138665408,52.34492944828139,28.31311138944527,2.5799634341636786,30.13084855211451,39.182913503803206,3.552480557116071,38.07088412538624,95.93373087635509,13.24276501669124,9.720539122414149,44.83431612875953,18.82963574596736,22.31166113819728,20.713721643811382,7.31657525636591,0.4084222887660104,0.4225504366088161,0.4571130959228627,0.4387027875877734,0.4234889761918879,0.6127436596887176,0.4957280295353835,0.640788960975993,0.2653836979492491,0.4305244368930574,0.4219567615464412,0.4510738773844844,0.3590588067357135,0.3599334788157523,0.3446497318218207,0.4440331751032492,0.4627636850606708,0.7046740378722006,0.3680676605733481,0.4511609518123513,0.5808978558673943,0.4415864416587111,0.5299512855478781,0.436005599326851,0.1794226792392006,0.458046494807131,0.39448511917557,0.4482226201238327,0.4088024996144945,0.4381001021884695,56.92345614289378,4.4898916185342514,8.344375753577253,23.93150528996041,21.298291070272185,5816.92140609782,774.6412835111669,511.8635299790553,262.77775353211166,5816.92140609782,774.6412835111669,0.135335323929955,560.5557063212823,426.29009011669905,511.8635299790553,0.6807493876223082,463.0901755251793,0.8313238278944216,262.77775353211166,0.3192506123776918,259.9734142775412,0.5537254433310008
92082,2695.08,42.69606656538188,42.69606656538188,0.5647578897139136,0.3334844077704361,0.40851323955093,0.6147173526987161,0.5414734382086608,0.4157941164196706,0.109984215214404,1.0,1.0,1.0,1.0,0.8567840733029579,1.0,1.0,1.0,0.4269606656538187,441.2229971873347,132888.039584015,4.520878754066187,5.770883771626897,37.48814005547928,398.6998985202716,81.63262685967712,2.154392451602902,5186.535133770462,517.9526978361914,16.18308082288267,13.28895572326364,51.18813423243234,6.246841936996445,9.493589691301374,88.11554632186382,19.6725854108661,8.970112394679692,20.54240229432143,8.62652638237334,1.7699826162277634,66.0866263386767,94.09801101149428,1.162854063521975,4.963745262219327,10.629389898194736,6.944356980471465,2.900521368269922,4.885389477907424,0.928935701546119,0.4468074536191233,0.7030790203234826,0.6448001842419556,0.4643449006710933,0.4273647439230659,0.579782329272605,0.4024184358130752,0.5035089108578951,0.3176236332361251,0.4518910516834312,0.5395576829601763,0.3249805903239873,0.5208510466492737,0.4197002819114045,0.6175896830765899,0.9007283991575964,0.5915699870922011,0.3214848617888999,0.6143406016071864,0.8927314415650547,0.7363025806819926,0.0289709216930583,0.482108846883961,0.0365844534183489,0.0512475733376266,0.104207772446748,0.1159800557587658,0.0754373566433046,0.1186530692086835,0.1356428220145179,18.13462994621241,0.3848326155742398,7.654211495711538,2.32570812704395,16.025554146100216,5637.013000742941,710.6525313864223,528.1773744431629,182.47515694325935,5637.013000742941,710.6525313864223,0.1274445262731467,525.4179499250289,441.31669223208434,528.1773744431629,0.7370010027999802,438.9110959219686,0.8220501073542364,182.47515694325935,0.2629989972000198,180.1537749089671,0.4185531581280432
92083,4909.78,41.7623035396224,41.7623035396224,0.3442195702217472,0.4460390270657259,0.3999258408267284,0.3994123268739913,0.4715570370418648,0.4164457288472015,0.4457617168963085,1.0,1.0,1.0,1.0,0.9999881355408716,1.0,1.0,1.0,0.4176230353962241,452.014111174652,90899.18962221593,7.608341024630413,9.617482494455038,22.252934689315193,368.10791709013233,90.25421972884295,6.875588011279743,4009.3971432628978,416.8347969157765,18.527157699826702,13.70233551707788,65.4810304684182,14.07463637558386,9.588601217100496,53.754437466556936,31.86758710214773,2.9843969923501037,34.68479681075547,33.048855175763315,5.040557154452324,41.113286534925074,94.77292281117488,17.422045355925057,8.084301657945556,45.80590954322357,19.011053733659132,22.526040124140145,20.8313491215473,8.649281323589234,0.3880280222329355,0.3406634574333333,0.3354013308233028,0.3127854703974174,0.2056974924251096,0.5587050648219785,0.7203944455887202,0.4675610134852517,0.4942519223055173,0.5701719849448792,0.2468809209691678,0.2883985350873493,0.3213882092373318,0.2456250447648852,0.5671900472307096,0.4634460062630384,0.3700373396095273,0.6727824528343809,0.3096515581655449,0.5337543047144753,0.4589287664248277,0.3533217932755544,0.4370866268412225,0.5989569534400592,0.1249191926332365,0.4725449614293073,0.4011568826817216,0.4517175648188717,0.4109827115648186,0.4924064639868231,49.93664669952584,4.493778799768082,11.462892991323075,30.622576161919007,17.716136167828076,4688.846006404417,753.1981621620017,421.16363835728185,332.0345238047199,4688.846006404417,753.1981621620017,0.1617646458372212,470.2850301514516,514.8838493423668,421.16363835728185,0.5485716349114416,333.6506756066694,0.6915344108955624,332.0345238047199,0.4514283650885583,322.23423276205614,0.6343254085089656
92084,8340.89,40.173285154140885,40.173285154140885,0.3207143381718847,0.4145241108009399,0.3100007278258945,0.4378787807437724,0.4939731030151886,0.4004146665490116,0.4346242336831704,1.0,1.0,1.0,1.0,0.9616966175933016,1.0,1.0,1.0,0.4017328515414088,665.1182738424943,94223.7165211654,7.015394342663189,9.091143367857208,23.72507965389677,422.7425781281821,91.22682728399974,12.212928190933908,5032.087638738156,524.5019825481602,18.32241097096941,14.335511973054365,58.00041886677827,16.09235726265323,8.72730043101339,53.29022907724317,33.97911692139133,4.4917943451657205,24.23502842918934,26.681692585691767,5.379914698490528,44.99440791445947,94.90630116898494,13.902117213146177,8.146464452314623,45.03973887194895,18.87083722445431,21.860763698754948,21.184308241424674,7.837521959706271,0.2501303967323293,0.3662916608513815,0.3554391499985483,0.3109961451052795,0.2191636310885498,0.6297880117884629,0.7543926982109456,0.2794057764933813,0.2651380657135989,0.4572392440399873,0.2898301955801878,0.2277954059698043,0.4720705370226086,0.1787382237081318,0.6406234514098166,0.4600829108345323,0.3420301886653811,0.5598467201887841,0.4709242126766169,0.6218116058995741,0.4655131484533305,0.276219508486996,0.4595113427067079,0.4777303951994765,0.1266641520248237,0.460579929204998,0.3971266075559109,0.4421289465186717,0.4169402748136614,0.4563454103226098,53.587389419899026,4.77427511606237,11.592978678798028,23.45848044772951,18.033794479924847,5789.591465790311,975.1901770601788,619.5415824608684,355.6485945993106,5789.591465790311,975.1901770601788,0.1663812591629515,750.8706961796925,594.9410073206817,619.5415824608684,0.6448229972057354,534.6070935241746,0.7174598846623031,355.6485945993106,0.3551770027942644,352.1501677781375,0.5747996780453216
92086,28.59,31.570271153631204,31.570271153631204,0.4699196809613689,0.0881387271815513,0.5161812599387009,0.4875840940160179,0.3614264523386809,0.2701014780329087,0.0165672882849548,1.0,1.0,1.0,1.0,0.9993993174992992,1.0,1.0,1.0,0.3157027115363119,548.9043551187222,68019.09934578459,4.214416380016814,1.5158580180184955,26.12594948403027,131.78615702975057,66.48073172809417,39.903890799887904,2620.258485066802,405.4185393393218,16.092311263991032,15.395194539994394,95.87590446426756,2.8965249513155182,10.53400688815202,81.09875232340526,50.06578903579101,20.292318238829363,11.754897006663487,32.27131301,2.5606796761872053,65.10010291772596,90.7140817737238,0.0,0.0,0.002102388752452,0.0009010237510508,0.0012013650014011,0.0,0.0,0.28438214118897,0.1241561538843307,0.6411561133092102,0.8299843154629648,0.2660620285631303,0.1367714700268213,0.0920934796823734,0.0196584377342148,0.830742323080461,0.5578566181082045,0.5573092613207153,0.1188168372454221,0.0077826527933927,0.6414538501989545,0.4941429734000832,0.8069568996716411,0.1058223187876007,0.0381693056693032,0.7697607392921586,0.5327102803738317,0.6271903243034433,0.0254233661454641,0.1576907436498189,0.0094979647218453,0.0047489823609226,0.0034084310040894,0.0040852269810211,0.011570734592988,0.0169606512890094,0.0468113975576662,0.0048054600056047,0.0,8.193993174992993,0.0,0.0,2891.7707308762338,127.77059383019896,93.80663478024098,33.963959049957964,2891.7707308762338,127.77059383019896,0.0442777513596149,109.62643003003082,58.160982910187755,93.80663478024098,0.7339526771827608,79.95329417417878,0.7292137188974179,33.963959049957964,0.2660473228172391,33.963959049957964,0.5851636146139555
92091,83.42,54.04334501327337,54.04334501327337,0.8021747392082004,0.3616685888497982,0.7443258723797158,0.6420120049447066,0.5902415404306188,0.4968710418468933,0.1457403632692018,0.9218245511569764,1.0,1.0,1.0,0.7544250916669112,1.0,1.0,1.0,0.5404334501327336,142.22341117447283,177862.81655488917,4.835353050410799,1.3326405007736126,76.54595952714463,82.83277761324545,74.6577842090818,3.676867353627912,3696.800097942946,298.9553210422366,12.566359187654704,9.927804170426324,71.13380569699011,0.3687621341580429,11.08214306798173,91.12867723619782,17.087057122285064,11.055397948723243,6.476245279405008,33.21717486,1.2255079044995705,58.22744096992732,96.72995415808738,4.518120689846852,14.729006088126312,14.80428878145688,7.901869727493287,5.788168171285359,7.063635630698643,1.0584546966794082,0.8100345642014187,0.9147591632845364,0.6528040519817018,0.8620766208195109,0.922012050812869,0.0686015276975515,0.2292251965497009,0.4870457842269254,0.5470883838580058,0.7285827079034025,0.925780883121546,0.7758515146359091,0.2339091222839003,0.9030260513790854,0.4955742201026329,0.9355386260132074,0.6781102749370288,0.1704095218570213,0.9225630301249912,0.5233644859813085,0.8091906446740618,0.0711272875154587,0.6102951933511592,0.1037633132904192,0.3593636605213231,0.1379739130774203,0.140336727722752,0.1363191338121676,0.1632473334273826,0.1508247083062865,26.813704661545117,1.7402853894068888,4.011803466943954,8.475182115113045,46.79421008528637,3755.566649129755,465.2475237228961,385.43728458249075,79.8102391404054,3755.566649129755,465.2475237228961,0.1252723988799282,404.38454899703305,217.9451930328431,385.43728458249075,0.8331987055394763,352.4080742931872,0.8772561273194338,79.8102391404054,0.1668012944605236,48.5933980908558,0.2393849849930721
92093,5585.37,35.13533050716138,35.13533050716138,0.2846678502706704,0.5923670334426127,0.2535817223821929,0.2288228630999387,0.5126264212921109,0.3327390242109045,0.2546682208028656,1.0,1.0,1.0,1.0,1.0,1.0,1.0,1.0,0.3513533050716136,259.538286700665,42758.45903164773,14.517206013271702,5.27024505370361,86.0676357184973,775.4783458605116,75.456127579885,0.0,10716.577627096149,979.077586226118,25.777554189945867,8.41980423521012,67.51519632677919,2.9687292785542296,35.917198010014026,2.9386807849036685,38.224028958394406,3.1733360022182553,8.154409453109796,52.272545261949695,28.20515280309385,11.854642901123702,69.43918370813404,4.4775322965468485,20.732005902608552,28.07785490613725,15.232042247818002,12.084575146414211,13.72754698171024,1.6205454439595488,0.6077972180220744,0.0194259141396677,0.0408112147536368,0.4706370541673025,0.9908445030927814,0.9341453779619132,0.2036252704647502,0.6955617198335645,0.0069970131738745,0.0449038702198199,0.0125920013699403,0.9498340047651368,0.2382211268270145,0.6328881948288142,0.0249267979521873,0.0192553327917388,0.2349040814629845,0.6575162529794772,0.8819504964395437,0.276134854286438,0.0166947678206989,0.9770982734076146,0.0044240314044,0.0945894792427774,0.6354358500598892,0.2594534519890596,0.2919753654793715,0.2638610110358165,0.2750266210490387,0.1830246544610418,48.92812948873615,1.6103819137255115,14.803666075817985,7.964046299828913,60.97300233743263,11071.036940831014,9264.52929759474,9239.285882502149,25.243415092592443,11071.036940831014,9264.52929759474,0.8330167007165485,7917.348430357626,9209.869966873724,9239.285882502149,0.9966552781886944,7258.055932870067,0.916919132068986,25.243415092592443,0.0033447218113059,25.243415092592443,0.0035947921306236
92096,559.99,43.14022153560271,43.14022153560271,0.3973385651871979,0.5268677278384246,0.2783927312204985,0.3418931565903666,0.4355285369688525,0.6757646490432704,0.3640301406435792,1.0,1.0,1.0,1.0,0.7500441146546141,1.0,1.0,1.0,0.4314022153560271,438.95922488412015,111276.40428772084,5.3003856669664495,10.69869511556092,42.80093619510338,821.8684329470535,83.29991407157854,0.0002800930451677,8632.238579941666,888.9328351414513,19.59890514023725,9.000444838984174,61.678825850321765,5.571474932146203,19.50830749327965,48.944183965727994,32.58676092892261,10.937057473499909,8.76015259463414,36.04231487,3.671712752524541e-05,43.95357438023243,98.44580212715525,9.50033157893703,12.750016003724912,38.12391817055155,18.99905174374802,13.250000719027426,24.373763769260396,3.749863040488614,0.3840463167976914,0.5201568564488108,0.4986019350002814,0.1865491525020081,0.5081871706939152,0.9543923774534976,0.4305138161281457,0.6955044503235527,0.0122805374046344,0.0719681825018758,0.1178239426189406,0.9114982623565434,0.3776576319252067,0.4167506101779489,0.1728227333723967,0.4003416508859139,0.3182443397814872,0.1312462914071504,0.8571167576196891,0.4878504672897196,0.9678911172199052,0.2643192908421248,0.7950835390677812,0.285633956233474,0.2869745961979626,0.3643028071991777,0.3968539243412318,0.2876529877584219,0.4687693208480638,0.3025716630710008,44.000967646291805,3.0000988984591688,8.199395364873109,18.000133782018693,24.00006401489965,9018.194020713518,2535.6115964299,2305.6264861203003,229.98511030960003,9018.194020713518,2535.6115964299,0.2811520971575162,2242.6317724560568,2142.6489588987715,2305.6264861203003,0.9092688989869974,1925.2882751324091,0.858505858721006,229.98511030960003,0.0907311010130025,229.98458093374464,0.107386538652423
92101,4608.36,49.400068151176654,49.400068151176654,0.4557880885546729,0.6357336771244152,0.5030704466165038,0.3367366052301596,0.2590073806663469,0.3924538324307656,0.8752147399595015,0.9907108838965965,0.9773208387324936,1.0,0.9956691652907438,0.7829890289628968,0.9961503691473276,1.0,1.0,0.4940006815117665,749.7756815478881,87770.329718686,8.631521772536361,3.1885137268088526,52.958446131099485,599.9456569374265,74.62783605450791,15.38958904747327,2883.8460752156075,592.2425892976802,18.01422428454628,12.067604855215716,48.98710450921981,5.744689880315293,34.618112342438984,16.820594374067234,37.79397583402611,11.74365105776393,216.4138678517976,63.081556503970866,23.40294207025863,24.874843222436336,89.63135572934041,21.885110610715643,27.03380001869076,202.26715972554155,91.35069206251627,86.18624435409606,133.9481522738612,31.82528555135683,0.3526949692136178,0.3165945816277162,0.4063016288119635,0.7335900144811301,0.6355324851986264,0.6543410251667894,0.354728740125015,0.4996518776686695,0.7258832414219694,0.3977489494980472,0.3431472001498311,0.5455023953961673,0.6382559799678724,0.5301968762498762,0.0554705565484976,0.1140189547011879,0.4321727101606105,0.2182683808815401,0.1814934903445724,0.1722968006288506,0.1018646957574996,0.7705422475500188,0.2957366676836274,0.7317466373150178,0.9203519807002314,0.8855738736771565,0.8674085589931985,0.8641411468561854,0.8869012357970328,0.8720488844739342,195.3857892940733,22.702434752375964,9.901495138098738,36.767120810739726,50.85706396884637,3564.1205561105776,369.78749206585087,158.4135477083668,211.3739443574841,3564.1205561105776,369.78749206585087,0.1220588366248182,169.74512258915195,322.1571580405717,158.4135477083668,0.427945104595995,98.44205019397076,0.7279468535427908,211.3739443574841,0.5720548954040048,211.35224944620765,0.6542048423598937
92102,6187.22,46.14630753909525,46.14630753909525,0.2842189913974072,0.6167767840322989,0.3957186317364257,0.3539215383595374,0.2274737008000836,0.4029793167929664,0.9491525646179484,0.9999989734582408,0.9960020059815472,1.0,1.0,0.967806828463144,1.0,1.0,1.0,0.4614630753909524,505.34995429286886,72054.89134769808,8.487924598850332,11.833772244698554,24.384234514659703,408.8409118871896,84.57390941868917,6.0340487868523125,3393.786888086191,464.0077353681564,19.241322798914354,14.603718149455664,64.58367436124757,13.652709112305551,11.390356393671135,33.98804831864134,45.78077098142261,6.918633753970817,42.422533737934856,72.25847130477261,8.12397011972117,31.784484707975817,92.17314313907842,35.25071547987486,26.790119485344956,232.97444340706633,110.55297976087682,101.00339667166952,155.10004550989512,37.148350428547225,0.3921921044920829,0.1793474560742644,0.28952101987973,0.2758134382850415,0.2282200066372604,0.6151677719694967,0.5403288911900546,0.4326502166386021,0.6259421839688648,0.516091759344085,0.1829196193188639,0.2579209643138893,0.3406406422322444,0.2578169238285513,0.5690053379807243,0.2482232493966295,0.181100417965966,0.3627008381524686,0.2072806378303028,0.1303044629498811,0.2577074399079577,0.6158921713953338,0.3353383390756079,0.9786130251871512,0.9035089705917764,0.9572406299860806,0.9533052566508016,0.9353281725671944,0.9609782474119088,0.938910516473756,200.91806707649067,24.790100301451236,14.673443371491736,61.20599802340515,50.99999999999999,3890.540204381847,671.346884257004,402.99565959452536,268.35122466247867,3890.540204381847,671.346884257004,0.1681741083264785,404.9335087387143,466.4913691586987,402.99565959452536,0.5702140317183491,316.85547431692584,0.7616732853863303,268.35122466247867,0.429785968281651,266.59851955966724,0.5857189577402248
92103,2095.42,59.0278378832582,59.0278378832582,0.6217693204491939,0.6684265335706466,0.6727974772875306,0.5337329795914337,0.2959355983569265,0.473687441048671,0.8655993015236715,1.0,0.9718743424415772,1.0,1.0,0.9496684419996528,1.0,1.0,1.0,0.5902783788325819,291.66204428154026,121412.17631582214,4.712164141551285,2.340679492617586,66.90581898605686,467.0189777186065,70.55226769857528,1.6885514052908108,3173.4132998852892,413.9136600022016,14.739713926767422,10.209306084287835,43.825628606689975,2.249561716902134,17.414756054601597,42.50412156043234,34.24940440972402,9.100861937916228,49.18552668284432,59.480857965476645,7.480442159908332,24.194996694180084,93.88744886328912,21.56413255287203,29.17126152169555,195.75639082341328,89.72851322002484,87.75388149688199,128.09256153538163,30.55978576624991,0.6169580567626036,0.5266307555766438,0.6020582873235877,0.7414301821339401,0.8233107114131398,0.5783702035146092,0.2765036635099705,0.610441320455665,0.6767739696098588,0.5758779499998025,0.7035898785894782,0.7349481109509827,0.7606085090467639,0.7201107491630977,0.3087633374398695,0.3454493227160033,0.4351012189771652,0.3006648514346602,0.2369435623804644,0.2181097754528098,0.2832170419354279,0.7980162021980198,0.3398290790125653,0.7225880211333913,0.9824740836321272,0.8714756824944402,0.8596469336658713,0.8707716204710865,0.8704897048031716,0.855612566183789,190.137199689824,20.493013613178903,5.590023973643108,39.86671923823235,51.72707927820243,3387.2393618223723,250.53909827380392,170.47823025082295,80.06086802298108,3387.2393618223723,250.53909827380392,0.0823251392418737,149.4529375343748,171.23098727694762,170.47823025082295,0.6401702758637409,132.08229189428232,0.8134490836621362,80.06086802298108,0.3598297241362589,77.80271932188809,0.4731626482822106
92104,4211.97,56.47746384258267,56.47746384258267,0.4088952134000976,0.7540167136354311,0.53043341179025,0.4380528228115125,0.2997240108013712,0.5528429324961187,0.9694573640460064,1.0,0.9983789204387056,1.0,1.0,0.9445612576299692,1.0,1.0,1.0,0.5647746384258269,694.1805029789952,94830.23579502729,6.630062736889521,6.198597052337207,49.49154585351655,673.9079354169522,84.38622538404083,1.14017277524146,3976.8782062300065,361.96517456142413,17.633053122415095,10.836013901212889,51.00402514964322,6.470252632503986,13.714481447724724,30.1722426224034,46.855590933261155,6.502793865057213,40.64445102414696,52.404564858749474,5.963963309263467,24.356614150533233,95.30256298189722,31.64957981996426,27.866809569692705,238.90342739891437,113.04037589052672,110.6272416942358,158.9303542237264,39.71793782982063,0.3716361910070382,0.3602641514609681,0.4312171941423945,0.4724633169899896,0.5908744532214035,0.8385786202472968,0.554833664661623,0.6600023574747487,0.4857972249315118,0.6286179326774253,0.3562235697435247,0.6510949198085385,0.612535619414242,0.5006946918106495,0.4282991228128287,0.2106818572083299,0.2408819618548612,0.3875162314946798,0.2875755230704074,0.2929233007834828,0.3855825077373861,0.7933089232229215,0.4796373665280483,0.940466020425023,0.9400342656822585,0.9708029371510344,0.9645545676978244,0.9707754527940636,0.9724357571642231,0.9687181054228856,195.7300507603915,25.15289749985401,8.98161569296712,55.41437932188151,51.53603761215611,4525.039948749948,533.5830147337024,300.0097938406707,233.57322089303173,4525.039948749948,533.5830147337024,0.1119995978767456,313.52858110913974,386.1465633170624,300.0097938406707,0.5557887492483287,224.7870088578281,0.8007383494033644,233.57322089303173,0.4442112507516713,227.4129588779084,0.5976002401281871
92105,10920.1,45.09037168469656,45.09037168469656,0.2014449426680822,0.6468489086136422,0.2568179329939947,0.3679818253783901,0.3675152233018501,0.3333052782069783,0.9824119067658212,1.0,1.0,1.0,1.0,1.0,1.0,1.0,1.0,0.4509037168469655,1055.6891661844222,66596.78066833319,7.131514693218045,12.736328201071728,22.481994016180533,507.2848264053712,88.7973245468029,9.608068214015235,4383.958747812715,639.3933944076903,19.415215016828277,15.232398745430466,62.585759145685536,15.280855145788877,7.845604215088653,31.497260680307036,40.908620112543446,4.614598462618493,32.57555496769095,50.287092578013734,12.269692688650666,33.42375616126721,90.50896150089105,33.37753056325657,26.64866262081124,245.83216717622057,120.06509592601826,114.61932707436593,161.8515567145126,41.239141901254136,0.1131402631818831,0.1363850444757142,0.3839096149301391,0.1723448480845923,0.20496150973024,0.732117444748666,0.6704504916913386,0.4050884529709223,0.3941577975322757,0.2807201620100555,0.1778716590706597,0.1745221133629881,0.3701796436287159,0.182568682150982,0.6875322371398866,0.2316467385939759,0.2551158201597384,0.530045620503479,0.334932397402797,0.3499670551413859,0.1874719152131573,0.5648741484362438,0.2475697709715337,0.9656448444898852,0.9028307080508008,0.9832060306064548,0.9846931218695169,0.9834752213506232,0.9798352600899192,0.980849899912592,205.83526444101184,26.715245165353465,15.255825862682055,56.758122500021926,51.020154929629626,5162.759519708544,821.3935180507519,490.1884498273679,331.20506822338405,5162.759519708544,821.3935180507519,0.1601910171100761,552.0700811973057,558.4347149156771,490.1884498273679,0.5945778825224124,396.4380450120436,0.7170258541217553,331.20506822338405,0.4054221174775876,323.9083297957552,0.5902261728394952
92106,2959.89,58.26181917712446,58.26181917712446,0.5536798008832642,0.5008358060666271,0.581406989462968,0.5233091206109813,0.5797666737991897,0.6746978456985393,0.664631105877143,0.999823101998732,1.0,1.0,0.9997346529980984,0.914251010275141,0.9997641359983096,1.0,1.0,0.5826181917712446,377.9515691827513,146605.13198452358,7.931377836750737,3.70804182249703,63.81440981550673,261.0239503254865,63.18921265315907,1.7497297835004006,4482.570798399957,348.99983995616964,16.093578445123885,10.225405671516354,58.98119245279262,3.4214137853068625,14.3093990836435,61.13824398916813,15.925006966634028,3.056410447995992,24.879014614030677,38.94078374230323,3.553950739640407,21.508929362486228,96.69365744146208,12.248933321443726,21.745657635315133,108.49905440224497,49.60013647079263,46.1428220425842,71.56921214127445,16.258926852718464,0.4855237387470719,0.7710805250775018,0.3318637148042901,0.6261121729781827,0.7879516493899368,0.3595937060606138,0.1857096086896354,0.5901277351880428,0.3950388870531754,0.6603195828621676,0.5359515410505381,0.7343179468859905,0.4522589661081553,0.7185474084064185,0.369638107844795,0.5533933506629986,0.6869306456751434,0.674536066620535,0.4786843954487922,0.4633924994594918,0.5476986428073118,0.865465061032139,0.6106561630960743,0.4071980200594857,0.674434117012048,0.6683811189746182,0.6598957500694445,0.6516527481409282,0.6830763115702387,0.6601496006304853,162.39383003855812,9.768217276838662,5.8779868203003725,17.43144659192677,50.06226128227697,4786.66526467965,935.977148298426,713.2667694868866,222.71037881153933,4786.66526467965,935.977148298426,0.1868708795595962,759.60797389824,799.6611037624116,713.2667694868866,0.6333329642164292,567.7669964354467,0.6677996557954397,222.71037881153933,0.3666670357835709,219.7474634828992,0.4636745633151442
92107,2515.52,60.30976327217825,60.30976327217825,0.671963430493372,0.4865227775943052,0.6040215276351228,0.555907259715903,0.6234797265173678,0.6587848668574148,0.6210038402389917,1.0,0.998756056201755,1.0,1.0,0.9215628136951768,1.0,1.0,1.0,0.6030976327217825,246.10991114629675,145664.7568322375,6.413312488492709,1.5426477541341612,65.63831281819418,273.2937498223706,55.651463240142114,0.0,3915.311624967596,385.41577230718417,16.541164766423996,9.708852057741472,53.45855974525185,1.3392167184013035,15.74878436125664,57.08824372190545,16.86623158762391,4.0696082513207354,24.23865734098246,20.972384771202023,4.7361650101768955,20.019373046748676,97.14628767679808,9.68584256382368,20.831023092701844,91.83004443283772,42.62917940783677,38.60215801507057,59.57139577226954,12.63361751568848,0.6759695871740999,0.7163746365779866,0.4761430498441617,0.8193664483772404,0.8116198346535163,0.3838590581294488,0.1011898397747568,0.6955617198335645,0.5249609258193185,0.6002889056937426,0.4785290829418991,0.8123071960855301,0.5839638526875067,0.8129847031023915,0.3072016504368567,0.5194788326368572,0.6639099845063523,0.6112695846867245,0.5752384053637861,0.7050559879295951,0.4469969952884122,0.8803971140196134,0.6489604912642184,0.2929107026154492,0.6350330992424691,0.6295317897570335,0.6207633680536923,0.6065372790081434,0.6430464082973022,0.6051403560787877,147.33637030025866,7.933106855735857,5.69776333010518,16.348984044853758,49.68902648383731,4086.3277507429184,951.3476779766128,889.5248686153215,61.8228093612909,4086.3277507429184,951.3476779766128,0.1911722926110734,828.9859368548065,814.277992342776,889.5248686153215,0.8062333209183972,703.5173913100791,0.8677707233320467,61.8228093612909,0.1937666790816026,61.710416471899805,0.3251897501176257
92108,3581.1,54.816577636892504,54.816577636892504,0.5137832142145692,0.7006902649238612,0.4926641340893359,0.3224620551928513,0.3717100091698154,0.5621198920833594,0.8737308649086825,1.0,0.9999914363969096,1.0,1.0,0.8616271066786388,1.0,1.0,1.0,0.548165776368925,603.2012436119263,105114.36931775224,4.931467103230688,3.3425441810000884,55.62525469656942,725.9664378591848,76.36643119863473,3.7865660706822295,4346.7743290067,542.0838527739951,17.46494615877071,9.961768594241567,55.23700329392063,5.478061630789993,28.89370908675549,29.90528683458204,26.25529889617498,8.835004543646303,36.701701711159075,63.091483531240144,6.141577065755625,30.001008300163495,96.80879912984078,24.475605681379633,26.666158043770633,193.76117434883076,90.93253140850544,93.44039137865212,125.8288669312722,32.07972836028267,0.3649815122293925,0.4679547300186416,0.5515027666868122,0.6706938479234302,0.6794340743279824,0.8782784791945788,0.3618172832825015,0.5782268113208006,0.4151121220395388,0.4140547419499839,0.376461940280388,0.7650277320874325,0.5237243947012548,0.4723941565984599,0.0892969622006161,0.2044327072710744,0.470986769847154,0.2431845806695803,0.4676121972481735,0.1773660914971493,0.4260273631537035,0.642002958986886,0.6183293541094891,0.8015802938294944,0.9047996451001484,0.866764660828684,0.8644990051350974,0.8991992872018387,0.8622657442924788,0.8759256270853134,192.87121148688144,19.584717843191218,7.986036935189892,45.51427323355601,52.00000000000001,4892.6236639911895,687.4575939739642,362.566871147045,324.8907228269191,4892.6236639911895,687.4575939739642,0.1420719047531238,277.0644336201184,611.414293874956,362.566871147045,0.5338954326667436,226.89402314105936,0.8381102068116005,324.8907228269191,0.4661045673332564,322.0726604663791,0.5166461051330322
92109,4949.73,56.24934283585506,56.24934283585506,0.6367155339083854,0.5483587387636232,0.7150970415393525,0.4564042581785509,0.4007163138048915,0.5788363365000101,0.6013257758150388,1.0,0.993249898160416,1.0,1.0,0.9248461863913522,1.0,1.0,1.0,0.5624934283585503,316.99932027263054,126392.30690018316,4.921390456045005,2.2112998609695813,68.64074729134857,607.0770498928698,67.33629410841851,10.017482112536063,3124.875627458358,238.78957676115425,16.82278531062592,8.766842264190732,44.52566290782195,2.2768764110492214,24.210952089493148,31.22337048633864,27.67671334932436,14.662294289872133,54.42334384379688,19.894021468765597,4.905754990860212,29.564938429704956,96.97427566710508,10.59551285883166,20.376757316123392,86.11372353820856,41.2040656708309,36.60106175373133,52.22808469863583,11.340452595407156,0.580181897559476,0.62069515922796,0.5743282363109018,0.7716568425352035,0.8468477908527166,0.7598078318018849,0.2303294548109107,0.505972766942544,0.7018215605599852,0.8056443182466473,0.4476240403432576,0.9052982470075204,0.7339574757698694,0.7115418809375633,0.1484796044753253,0.2316380715314459,0.5319153140465445,0.2102440922513602,0.284675177384886,0.7267468501879613,0.4411876008072019,0.6546214196887078,0.6406999890041207,0.330982864017641,0.6160271932129661,0.613354762873893,0.6095378283508264,0.5910712535685309,0.6138109043877493,0.5788541298941937,133.35338101051073,7.05854849900167,5.91073938148508,18.40596675504724,51.68932663689235,3403.7294549808903,410.30926875249776,225.43120652542757,184.8780622270702,3403.7294549808903,410.30926875249776,0.1267466135885443,192.2175495039824,313.84050306282495,225.43120652542757,0.5370733473444798,160.42067044809127,0.8803573171840758,184.8780622270702,0.4629266526555199,182.6316564444242,0.581760676010656
92110,5726.07,60.48132767493012,60.48132767493012,0.6449100431943117,0.5498314740574592,0.5892809506362738,0.4666267609789039,0.4785981401587675,0.7543181911319087,0.750127377087483,0.999941708532951,0.9951940447981352,1.0,0.9999125627994264,0.8795555130002597,0.9999222780439346,1.0,1.0,0.6048132767493012,359.28237968717383,140467.52036847884,6.966873557980982,2.176271482065882,57.89949423439254,370.06764610317873,45.49041007759915,0.5593937047747493,3583.08298345351,286.4619076325956,20.97584730173322,9.565578553156096,28.66036736843219,2.389556131419541,26.938128502986025,22.25010652723829,15.966267432952808,22.520277196262363,25.52100624287247,57.259598840101646,3.0697903047320776,17.42227678033501,96.96573694706488,19.803362716487268,24.9609688998668,143.3215634001594,64.9253844736416,64.91501196529885,91.598916165497,21.54982504758331,0.656886370489868,0.6915214088379444,0.4615628962971339,0.7696311333583241,0.7110049009566801,0.3788704532599692,0.0658538552403991,0.6602865620580491,0.5808670802338272,0.7570253294409188,0.2158689482112872,0.8033624446590621,0.7844764358811926,0.7323264692872007,0.1684320762129642,0.181467196753368,0.6878196638556004,0.1714368559552376,0.6292629464387798,0.2519173032300337,0.694117277026519,0.8765649318505276,0.6922087622245199,0.6726931163941168,0.8133373515157123,0.7570102919572111,0.7470788846941109,0.7610317435334303,0.7548767412577713,0.7306392239948902,182.86545158371857,12.72722524442901,10.081574680635294,36.190220602369784,51.99999999999999,3851.665868793869,1714.5195209362626,1591.317923778179,123.20159715808316,3851.665868793869,1714.5195209362626,0.490684427038469,1514.6328830507262,1634.6861815059967,1591.317923778179,0.8196419324964614,1289.122494547053,0.8321608616757252,123.20159715808316,0.1803580675035385,119.65127564799371,0.2277823452967866
92111,6709.1,55.59605586777727,55.59605586777727,0.4922189421216778,0.6451151427520228,0.438162228744377,0.4304682771303216,0.5107659734820238,0.6055309365193653,0.76946240999462,1.0,1.0,1.0,1.0,0.9783601388627432,1.0,1.0,1.0,0.5559605586777726,502.6629563001714,104102.63384572722,5.704905126694752,4.550811194315802,47.34277999265348,429.4132746072461,72.37898788657283,0.0669966985906831,4782.949657566626,589.7109540226822,17.253093015979903,11.29998884481341,51.09729914326693,6.075816784269703,16.378928598287708,44.30083704053336,18.942724062075214,7.453384868866756,19.676546702995417,47.05500950740757,5.448127648716472,22.336564335572028,95.75381688708715,26.103445847705228,25.587208585474286,151.24081277163003,70.70030237194382,70.0264775952589,95.60483954053744,23.035379585026185,0.4382571291411801,0.4429461555105376,0.5125430222846119,0.5751294615503817,0.5618188828261262,0.5795214293381563,0.3535962219920344,0.6912706683724252,0.3288611123695852,0.3869220750948942,0.4589769272330094,0.577888800280019,0.539215055385432,0.4762293058070709,0.3412607781679722,0.3651679691608113,0.6125792198265646,0.5073599826102017,0.5510264334029714,0.3451988418056002,0.4617845248554534,0.8256810694275422,0.5291272152751002,0.8368502853128956,0.8476333686704989,0.7739785202718552,0.7718260349552643,0.7817215951216856,0.7663924184816405,0.7533934811426541,182.94275677846105,13.316348631920327,8.857749324454057,45.40749409853968,52.004141988714025,5094.416853537186,926.8330225434902,722.7366424428864,204.09638010060385,5094.416853537186,926.8330225434902,0.2076274045079535,658.869284138348,761.9843944747837,722.7366424428864,0.7277738494637161,568.7657981275157,0.9079714836181788,204.09638010060385,0.2722261505362838,199.9919902870704,0.3645456255128009
92113,8332.5,42.07526670898043,42.07526670898043,0.1977360562442324,0.5850239265684508,0.3027739804262292,0.3592503243117431,0.2732546959300378,0.3315788939747997,0.8956507921731374,0.9891045148272984,0.9999987941143852,1.0,1.0,0.9845487152705074,1.0,1.0,1.0,0.4207526670898044,839.2250843882139,62569.76679006598,8.60154853483272,14.277464213488656,12.465278480507305,382.5304857873235,90.65211156395588,5.561818346005631,3454.4571010213153,582.3681683121636,20.540362636424423,16.484325145330622,60.53624573036994,18.982730084044256,8.566273982254254,29.141267617146788,41.491502589677125,6.831292798137473,41.80540794057408,75.24613460790934,16.20175241786752,34.44435534930641,90.3415259413461,30.5901051317047,26.55449636504881,210.6210213399448,98.65218213204538,88.42875306929862,141.1916881543367,32.76960665191299,0.2118819426516604,0.1030553925647511,0.2922088321910923,0.1453812259090424,0.062356029135926,0.5470521023458293,0.7230258704119752,0.3639742053663333,0.5961792531361046,0.4241562709294366,0.1033609941297856,0.0873994035095902,0.4370438182645025,0.1301825292764443,0.6744268763047698,0.195348073401256,0.2113981148537655,0.4972194418834619,0.2857610656913991,0.0970304364478391,0.1757402036180599,0.5379921517496458,0.2810043265566935,0.9227234749027228,0.89100952465159,0.9040094267509272,0.901480987067239,0.8786716758637253,0.909199536040864,0.8848923351429312,199.01749562270703,22.377780656441313,18.128458073663545,53.17797067975434,50.4902696671405,4250.587921552102,849.4551160476038,489.45896092621217,359.99615512139155,4250.587921552102,849.4551160476038,0.1984158932372836,631.8317543256593,526.8116125384307,489.45896092621217,0.631765258307313,426.15051003933047,0.723718782760673,359.99615512139155,0.3682347416926873,359.1762497724857,0.614440888833025
92114,9416.21,51.64449172619442,51.64449172619442,0.3530920737804238,0.5631872833843886,0.3490880547656235,0.5111357016768976,0.5632869537970217,0.4172427370757423,0.8580816163535121,1.0,1.0,1.0,1.0,1.0,1.0,1.0,1.0,0.5164449172619443,639.9995927474446,97138.50567904944,6.494153124768803,11.437430917224573,22.253109256213467,389.29014889307433,87.56679614869545,7.611287439373855,4524.991623105927,619.3152851416554,17.164476544497727,13.685375203485462,59.064532081598344,8.588380902276912,8.310755667685639,68.78409441281224,30.949185951515624,2.476449597323111,19.518033306713445,28.96315157562065,5.112384518251372,40.04238862788229,93.89605813820091,29.16242703941901,24.06804476019153,189.3142922817362,91.75670265508684,84.79269999770871,124.50138820310974,30.055004356745272,0.3141949971986009,0.3957220562401968,0.4800998337320928,0.222351407950805,0.2037504885440721,0.5788713593256752,0.6110289942759223,0.3194229146048092,0.363940286190257,0.3396655243835388,0.4036127491209897,0.2891336593677086,0.4155183584711253,0.336200244477887,0.6489221385346673,0.6439020652239105,0.3974833987740021,0.7123840751315351,0.5491846777727056,0.5940956635098438,0.4498232771716681,0.4146420242647295,0.3872629097908292,0.8890231650680637,0.7770267784877893,0.8589387804842104,0.8693049045874808,0.855394757661296,0.8581517255082765,0.848617913526297,200.6807623647344,20.93684082013129,11.857745944066304,51.943527427820555,50.999639187713456,5012.067803012551,777.6930102283806,486.9994721172561,290.69353811112444,5012.067803012551,777.6930102283806,0.1550022013612141,565.501169970989,526.6204407592368,486.9994721172561,0.6319208311519785,411.3573409967032,0.72914968263624,290.69353811112444,0.3680791688480214,284.5054026607136,0.524720416603482
92115,17946.6,48.382283843778474,48.382283843778474,0.3016988991599065,0.6322449523022974,0.2904643033493753,0.3274810736584942,0.4101497529137049,0.5030586236774742,0.9216622640032406,1.0,1.0,1.0,1.0,0.9998183057873244,1.0,1.0,1.0,0.4838228384377847,1581.1513336866058,81583.83432725648,7.896273718482653,5.621766811513147,46.47969010428444,458.54569501211216,77.77963423886793,2.8007298612532403,6132.252642919698,558.5251257611299,22.800807181857444,12.262535390610116,65.34038987297733,6.955314907365836,25.437840252241937,41.53210209628402,27.98486141612508,11.999145976894852,28.04297616062992,42.459767905323055,7.115213378898069,28.168194189009732,93.91415858377876,25.612717706537705,25.646743618680503,211.27658734989913,105.51517092427332,100.66352703702876,137.88507441655057,37.127342916302425,0.1233951228973633,0.2684622657959534,0.3022210375317548,0.5127171704145542,0.54902312368016,0.6495348147032268,0.335070837386291,0.5834091215728607,0.1890373087333078,0.3928279537601064,0.1145632881548243,0.4654286627492626,0.304272633842917,0.4282068722249869,0.2409578975019795,0.3364868910640934,0.4713773590127263,0.3637019135593908,0.3925839439522916,0.4129730463888009,0.4142756069382816,0.7008681496679179,0.3940321144262229,0.8249349424186855,0.8514968740525602,0.9056249015471064,0.9317611800998286,0.9318685744431868,0.8996801223319324,0.9393765415941489,204.1101891815016,22.063798171445317,14.282091410672049,45.827612086244535,51.18202948429567,6603.715031457062,3152.0520456950185,2868.6090201498073,283.44302554521124,6603.715031457062,3152.0520456950185,0.4458487560992721,2654.955585304076,3005.670934413187,2868.6090201498073,0.8251785147545843,1924.3011746788843,0.7395894121098071,283.44302554521124,0.1748214852454156,281.74301652985946,0.2347448385176325
92116,2124.21,58.80632108954569,58.80632108954569,0.4705294190952936,0.7016748383740491,0.5978295716742456,0.4738578183112296,0.3337143310149854,0.586080139461915,0.9527563583364804,1.0,0.9947424014109176,1.0,1.0,0.9333235425781852,1.0,1.0,1.0,0.5880632108954571,441.0777183731953,101211.023807351,5.594481005463738,4.709753919287666,57.352434164574845,650.3731683690468,82.16008201020544,6.331110792602049,3742.0356982796143,335.53967849988607,16.861132217705986,10.122592486878425,48.0689412727989,2.2677962161812655,16.205263214778892,29.305274954548494,43.60411697485528,6.184738110940307,36.57769154288235,43.23300490434519,5.34235152742607,17.904165451675027,95.14865316842048,27.404070362715892,26.50584382954677,230.0404352995913,109.31219876352908,108.30019234694996,152.07227518856345,38.409913343403645,0.4341968112335698,0.406255752155033,0.5042358540490445,0.5374292589435272,0.7029392901131201,0.7666190693485329,0.4467007171464871,0.5328828294917657,0.5429494301255874,0.6739169330754298,0.4288324465715418,0.7456194769244232,0.6887541352025967,0.7048892491249706,0.2893392947329471,0.2124485941844041,0.2272074631569412,0.4181018450750411,0.3048734870927262,0.391185791319013,0.4116509004940781,0.8894325657895006,0.4571569521021659,0.8692397338090192,0.8897590620316794,0.9506476735275626,0.9482854734602472,0.9627201127789669,0.9488175562327712,0.9533109756828546,196.89250483400195,24.11442538275576,7.377865515808251,47.5514538198963,51.99999999999999,3952.4338635991858,354.09854051564315,188.25574219427503,165.84279832136818,3952.4338635991858,354.09854051564315,0.0833696781761077,189.08999945470563,271.4908970543641,188.25574219427503,0.5539941321934921,160.97038499527173,0.8747362999474095,165.84279832136818,0.4460058678065079,161.91295663121363,0.6097868952586724
92117,5830.32,51.26185060391789,51.26185060391789,0.4345583548721603,0.6866613846229179,0.3808594722764761,0.4887396822131358,0.407783389974845,0.5417049343760874,0.6480223239386289,1.0,1.0,1.0,1.0,1.0,1.0,1.0,1.0,0.5126185060391788,673.0417850564338,107058.5087825198,5.230872337307378,6.764206883986129,50.9897081201672,570.9882725056069,88.35320802721198,2.1253806969065536,5716.333391919896,684.2840882296026,16.14980489043729,11.647092693085494,57.63927525427266,4.9386903590524565,11.212003256907208,55.73989494011666,34.505858648325614,3.994985753187632,26.73459667648804,57.734678524984055,5.453520591433813,19.17615777636827,93.58050689078615,22.44727783755604,22.092465651608343,102.10116237700888,48.48525300104646,45.62014134836746,61.81718304457176,14.097847688309956,0.2377055872593481,0.4814420178196862,0.5673821757784082,0.4517036386311987,0.6171748696280488,0.7511994376663125,0.63714705918258,0.6755073834499089,0.1813233127475627,0.2680546258540728,0.547561854782295,0.5264980957219743,0.4768419386440612,0.491201946081775,0.5054006539175676,0.4815141902091395,0.3416801298429761,0.5962799514281337,0.4411262863548679,0.2520471922734022,0.3901264840922432,0.8881358763572574,0.3468524426787618,0.7436367530517894,0.695302804758868,0.6538679210998987,0.6540452512170277,0.649411020898121,0.6494268190133644,0.6333606074647328,148.72691125607298,7.752872778852425,7.29773015863801,38.820580294067106,52.01069582328174,6092.8712308868335,823.9606645766168,647.2370559366518,176.723608639965,6092.8712308868335,823.9606645766168,0.1325359667200263,588.3537735733074,461.0139099860043,647.2370559366518,0.7695740739131609,527.4824264091385,0.8920053416060365,176.723608639965,0.2304259260868392,176.2469688904523,0.3792262538391121
92118,2188.71,61.05491073147119,61.05491073147119,0.6390028438416294,0.4816447207534963,0.7534377251030642,0.455948527910847,0.4690444364938376,0.7076007283263,0.7671647687738078,1.0,1.0,1.0,1.0,0.9993234693264172,1.0,1.0,1.0,0.6105491073147117,163.95481566697373,132718.6374875396,4.958288375602298,4.707527708786052,62.11061544235595,186.83819656924985,77.54240264904526,4.229997213367026,2259.3671297506503,299.1897636478603,14.937180620797143,10.128440925795232,62.969971444790765,1.1002206190640138,22.60927323946894,49.57366647085151,20.525906096796895,28.422519744142072,0.8809938889501358,57.03509972691904,4.112713324961273,19.385871755253827,97.68949847928336,10.592065552819465,24.100070674525114,151.32068220445686,68.3214924022678,62.773731068459114,101.0058907394195,24.02414690302144,0.7750637915398736,0.6547780824566163,0.5649669161828251,0.5612025851872025,0.7650153630699175,0.2470573399091594,0.3131131933167896,0.4414631754054441,0.8693478416735098,0.7249385769543749,0.670565967214765,0.748898514569607,0.3627032762665189,0.837156555272785,0.2127076479658963,0.4112266321381876,0.6202780340106547,0.0415428569528329,0.984600515946503,0.230247040454757,0.5268345375298326,0.8828702606208865,0.7130973868281807,0.3409519926764762,0.7822672601431914,0.7757628597454013,0.763581059085209,0.7454454825320241,0.7842984835918124,0.7667359589145938,188.3554504722449,17.528396684934616,5.5052006847532144,19.139873673728538,49.31198023758339,2823.001337852702,478.20337160578464,244.67190405333025,233.53146755245447,2823.001337852702,478.20337160578464,0.1639260699770982,340.36103085661864,343.4564858206601,244.67190405333025,0.618910886574422,205.38797671211697,0.6816011186083092,233.53146755245447,0.381089113425578,232.74292706525316,0.5129622512433851
92119,2738.3,57.66971150944897,57.66971150944897,0.5643974161465638,0.5317575312594558,0.4135415573050843,0.6487518270760928,0.7083780667971965,0.4764711292336168,0.6935822778434177,1.0,1.0,1.0,1.0,0.9997038418907106,1.0,1.0,1.0,0.5766971150944897,475.2159342244134,117215.2539167034,6.9808101442036135,3.22220290328485,54.35450855229956,251.929861879836,83.8364285793351,3.842552294700976,5688.435487084102,676.5543859692939,15.201824504732071,11.203365620116202,48.63178076200966,4.018987267081791,7.398341859443129,67.49173988475773,17.66689648404277,2.847043313425801,12.123781435123956,17.506412160282963,4.988752108653429,31.58762543619003,94.55539276645744,14.36984779637178,22.633292514990707,112.93669301972898,55.84515481956206,54.778877664199406,69.02978411043938,19.501157627684886,0.5085081651736504,0.5636793389891632,0.530153951904209,0.6552482085192325,0.6585007623106603,0.3610773256387936,0.4702824314617532,0.4878730948934865,0.1732763111799662,0.236149513847728,0.6613021959743728,0.5834382082182701,0.6771316528432366,0.5932147023910288,0.6993574798355524,0.6253034732345535,0.641516560988385,0.677274884354362,0.7593597069683341,0.7556182370797218,0.4041706120363709,0.6054776515475645,0.4197651241169149,0.4930761210909983,0.7197354521610436,0.6842776132672556,0.6967622857213112,0.7011887745162755,0.6781437192135809,0.7075389964986655,170.06038529251043,11.120106660351873,6.122436995355875,25.85811458924565,51.27699932103107,5901.888590962004,756.8933382461606,562.0662619893918,194.8270762567687,5901.888590962004,756.8933382461606,0.1259234047724061,558.4590763932357,489.32848144183015,562.0662619893918,0.7545981241310653,465.73918748802976,0.8598831244230062,194.8270762567687,0.2454018758689346,192.60096649463975,0.3933339956713069
92120,4317.13,56.39655769313375,56.39655769313375,0.4805586719853148,0.6245832075003083,0.4160815122741756,0.4939770747836485,0.5459271646101318,0.5389547486165343,0.8476766587492492,1.0,1.0,1.0,1.0,1.0,1.0,1.0,1.0,0.5639655769313374,1017.0876887980944,111589.84351796804,6.609397179122608,4.613087354287628,58.329933836529946,392.715462031031,84.01563500449069,4.597972593520273,6045.325785989198,635.3992384054541,18.074596071736774,11.17133184724373,55.62919136167706,3.4823981761747724,19.967561081167375,56.57068944662131,18.255827873366485,6.99153180572392,23.650614894775003,31.022724392961265,5.282899235021447,33.055029099354,96.32938231633612,18.267372050379592,25.242735702369025,177.23034202022325,87.77601457822826,85.56610991834106,114.4343692061626,31.732330496067625,0.4273206368323595,0.5186166956384877,0.3989265967313159,0.5773707587390966,0.7143132183157447,0.5412405090107124,0.4816861114756439,0.5551627243300971,0.2470501224062037,0.2888816560730312,0.5309324499198899,0.5974618206975776,0.497400884499554,0.6435012236877928,0.3217749717815136,0.5132312191657336,0.62854480785516,0.426259889348925,0.554127210075483,0.5747767511609592,0.4715350069259886,0.5799049934134877,0.5654242455101262,0.6235241789569587,0.8315725029126924,0.830033331290905,0.8502141656748406,0.8604463788782328,0.8263275570667384,0.8713618608355299,200.4348998222796,18.47642413111947,9.301165095362103,32.72527952055885,51.74276499306997,6307.806719599588,1958.9099025630112,1747.2805139744698,211.62938858854145,6307.806719599588,1958.9099025630112,0.2437144489973663,1621.9177081555558,1743.2279908691517,1747.2805139744698,0.7859723110616899,1156.7613933027217,0.8425397439070325,211.62938858854145,0.2140276889383099,204.2469049943284,0.3309693477972361
92121,1294.76,49.983353145157714,49.983353145157714,0.5564867451674438,0.5524866434620915,0.6664154965633724,0.4434417617985502,0.3748230099411727,0.6713955181204739,0.2337855451079346,0.9996282083609874,1.0,1.0,1.0,0.9986527235110222,1.0,1.0,1.0,0.4998335314515769,486.4877152997069,122098.26305706504,5.21984995347788,1.9399791082406015,67.38615012002178,508.24647072701697,83.7232965173089,0.1683640326419938,3644.059162719446,311.4068267549891,16.630888383900245,9.023312967005918,48.13036404983446,2.7964581547051863,25.09445843006378,42.352590947440234,12.560413458642897,7.081064110952858,52.24860749902931,60.39224984254434,8.36718902214991,20.802784108426746,98.29033385881834,4.809493935636686,19.76992180350349,24.23465777635449,12.753502259261408,10.068209262392685,11.278552394723969,2.166117884771786,0.3836502679653609,0.5560777779971341,0.5060412180719688,0.7800371098636449,0.8350044832928374,0.6690706518679458,0.494766320379478,0.6259081508673878,0.5752620245626974,0.6995026556932529,0.4887553212997617,0.9021419846977776,0.6303922907656981,0.6516980788371793,0.1423545219794277,0.349322155611896,0.7601848333477468,0.364980930355848,0.1665248879097037,0.2058562292860158,0.3593258260893708,0.8765278492763101,0.7783328789957411,0.1025097771458221,0.5876604772190783,0.2338956793908855,0.2459046817477949,0.2305323592939366,0.2420518103036837,0.2165431948033721,42.16777323355959,0.6155514221319085,8.192633507683837,8.912367866826065,60.81321679793265,3812.407740486653,574.3379832631275,416.9236094416477,157.41437382147984,3812.407740486653,574.3379832631275,0.2149898797240779,370.5915863972496,499.5074829751563,416.9236094416477,0.7452408823832154,242.7866360039816,0.6633011445443873,157.41437382147984,0.2547591176167844,157.37436388733377,0.2916952359718561
92122,11578.85,50.38355706742178,50.38355706742178,0.4528099447267213,0.6406893640137948,0.5957068231903064,0.2970992458717622,0.5134219983859543,0.6046173662633509,0.4225042522676354,1.0,1.0,1.0,1.0,0.8984284343682564,1.0,1.0,1.0,0.5038355706742179,1231.8952040097,100642.45579464563,5.817340640694024,1.6961235855792325,74.26564085810192,638.8374606538512,85.3155346332491,0.0655742725278871,4521.008757257739,312.03469644678063,17.043486237471093,9.284035811872544,56.7594329557168,7.020840617302045,32.31486435302253,24.542843961798912,24.6888663535974,7.053072692744109,24.724065530594704,15.796408848431216,10.04706159162438,18.98334014967927,97.22143563842404,8.63698922550068,21.338365654003752,45.18373742576544,22.603821315127757,20.711154993695203,23.769065568467777,5.632503327659018,0.1364598489805962,0.4049803109856956,0.4655775654446184,0.8042220534959754,0.9119707045126731,0.7772100050053604,0.5704359082033801,0.6814826918434,0.3704070721906171,0.7123189568508019,0.4484851635298411,0.8516161001899658,0.4902266789710818,0.420218240537314,0.1016959755230575,0.1762560884555953,0.5277374068104692,0.4031292728873702,0.5349174734222496,0.7868709922618822,0.2377945955663616,0.881202874125148,0.6948546290985432,0.2382081674707505,0.6648287070472053,0.4267493673222864,0.4644552675501023,0.4138505074344843,0.4297093227425126,0.3777567962887911,72.07171958273572,2.777115975872493,8.85997240316078,15.164509613767509,61.43280888250924,4715.4325149060205,1548.438164229784,1247.3504135130288,301.08775071675484,4715.4325149060205,1548.438164229784,0.3135801118390047,919.7825111820448,1436.2913260803932,1247.3504135130288,0.8093480873043593,706.3693495926307,0.7784520591104527,301.08775071675484,0.1906519126956407,301.01069321451575,0.2198069311870894
92123,4042.81,55.44242294727607,55.44242294727607,0.4261839091166057,0.6765522925679464,0.4124509563348807,0.413989300387348,0.3907024610174666,0.741366981282238,0.8197237056028397,1.0,1.0,1.0,1.0,0.969604617068358,1.0,1.0,1.0,0.5544242294727607,454.8267482132088,119578.17173763146,7.213904099385005,8.153787469959244,46.87472484506507,674.1811531427434,77.72638325637634,0.9856850744907476,4724.586929421128,705.2228824223881,17.295225028319816,10.36175650357806,54.49878386072979,4.458173492736558,18.75289679709518,41.38659005157906,32.03578444084294,6.643557965086705,23.775157586470183,59.01810629718209,3.215068826797735,21.69060399739755,98.25540590432328,25.046976097474477,27.40353229969891,169.18910087444257,80.45889994214788,81.74441478249156,109.00221337470504,27.85696952912961,0.4219847945280365,0.5877726949058334,0.3439493938179466,0.3510287532146064,0.5611009852582172,0.8102239551043341,0.3341252108709625,0.5996479654003819,0.3006621345398617,0.2364388554678995,0.3979581949973207,0.714744640334441,0.5482191829887828,0.5569768350817799,0.2290586845583352,0.3217024989204942,0.3584416861124739,0.3912761541121956,0.5291791870403281,0.2298551844992186,0.5979580981504359,0.8605848594843905,0.7655579862118871,0.8128840800460184,0.941331558727764,0.8129412064968211,0.8144534115380018,0.839333588663292,0.8118810401934338,0.8200092811226504,190.33208915180344,16.075065774871444,7.906211946611951,42.77865616463272,52.06218236037978,5446.67344224045,735.815932237621,468.0344882567138,267.7814439809073,5446.67344224045,735.815932237621,0.1354507908333609,422.9649965104508,591.0267187305828,468.0344882567138,0.6445292874586342,353.3361969273686,0.8510607081998283,267.7814439809073,0.3554707125413656,267.7428246624451,0.4433101685804763
92124,3400.95,59.3855107506084,59.3855107506084,0.5215432699459354,0.5640702317075114,0.5663285654763413,0.4415695928573079,0.5493359636547944,0.7462686752508838,0.767869453649814,0.9999893683644088,1.0,1.0,1.0,0.9999989819956212,1.0,1.0,1.0,0.593855107506084,287.2020470546227,118705.4683434946,5.888373496405947,5.946964729914795,51.94419712090693,538.9530577558075,82.08509075016772,3.3740488411642713,4212.166240563698,405.2033603904747,17.884845185816484,10.009169510423408,64.56507101004803,2.9634520264605717,16.88218803092282,38.20095702805706,19.687232046253868,8.41281505535584,15.86931198044899,35.7855753201678,1.9916469260622556,23.971817298890656,97.81071213288996,10.88539319834715,24.84598789618807,144.9895442868692,70.91255231610587,69.81656264018952,93.1167929918638,24.648092940527455,0.5961738797632948,0.5663948537661929,0.4622580858849383,0.4613395502083256,0.6279360074737077,0.7082087584365339,0.4089056084708667,0.4698430889166295,0.439732078105627,0.6005507610809189,0.4715029948008713,0.7535284279179477,0.3901722575742,0.6787529328960397,0.3627758815343453,0.3345772994246468,0.6036806815974105,0.3655838007419005,0.715688221270407,0.5123906728587967,0.7213485865259249,0.8002050071350671,0.7172524320916592,0.3545486605802751,0.8149792663670545,0.7583250026637383,0.7700517666769024,0.7780041054222953,0.7570194550504203,0.7759469384357136,189.9533006346355,13.40866262301534,8.095158874012528,19.89387214409412,53.16896006134238,4832.582647062375,629.5077164468595,326.29551999944294,303.2121964474168,4832.582647062375,629.5077164468595,0.1311388074199134,402.01855998862607,438.93843508149615,326.29551999944294,0.6239137680107305,285.3839009896535,0.8138756979517272,303.2121964474168,0.3760862319892696,298.7202329813817,0.5710650483430306
92126,7562.25,52.45240604766649,52.45240604766649,0.5870971497981198,0.5532923405071373,0.5615467817322679,0.4735231338043479,0.6156068996442,0.636588717792416,0.2440134000581654,1.0,1.0,1.0,1.0,0.9779986116834184,1.0,1.0,1.0,0.5245240604766649,332.20842948257547,130816.94933275253,4.912646889629937,4.383272561098311,49.60840507677818,587.308855669757,85.21868378434371,5.769909164647017,4604.912547031842,532.4900778478853,14.598887581783266,10.014226564340364,48.04068280584673,7.709837821707321,15.588967649822669,53.60023126268469,18.996148701254572,4.258664983962062,19.24307633129388,22.668798514849293,4.379669852372532,27.769427883262637,97.4559383502941,10.887383576361922,20.281722484519623,23.875736770376296,13.10223309125778,11.500559822996369,11.479471063119918,3.0748177028552326,0.53979313649787,0.6539715582413487,0.5898137142057968,0.5648101902474643,0.5974903594841623,0.7797167996959593,0.5365800701528659,0.4392439210159481,0.3582869549201901,0.397101689408353,0.7347627334915695,0.7560357491089585,0.661437875375002,0.3928232270391465,0.3784331959495454,0.4613982368536979,0.6100538732445799,0.5760013066060999,0.5918982812999525,0.6913619560223253,0.5095178717398269,0.7044133422976907,0.6958349393397305,0.3563909686864186,0.6103319240074685,0.2249953752934004,0.2416067585798564,0.2563782441732884,0.2332928076032041,0.2637938146410781,42.578315831933786,1.553008384874234,7.247354853017871,18.27532101029893,61.13810087152187,4971.38266926786,623.8548584076802,378.67642457260297,245.17843383507716,4971.38266926786,623.8548584076802,0.1279847189733403,388.8826644708123,468.82651010035823,378.67642457260297,0.6405857020261942,287.16031050139526,0.8048223103194702,245.17843383507716,0.3594142979738056,242.16788577442733,0.4789705677462306
92127,6438.85,57.75240599128081,57.75240599128081,0.7471467637921915,0.5004972782224274,0.6724778604543532,0.6428828501700372,0.7757735996625904,0.5480325877058895,0.1558574793821689,0.9916052101836772,0.999996275788637,1.0,1.0,0.7700026803579442,1.0,1.0,1.0,0.5775240599128083,240.5461493255885,199561.2774360741,4.111650673312797,3.6354060085856257,74.45415744015938,290.3637899211477,85.25806083222759,2.1979095343104675,6114.436689158136,356.3565247576914,12.912611793386224,8.559017712294267,48.95943425376332,2.722957998644138,10.558088184625673,77.12561262053637,11.72874593512424,3.1064629134277606,7.896066578431791,35.998625151951764,2.652811085092142,43.36935762931652,97.25265589330728,7.043105691284573,15.426330481402148,15.170574951417455,9.75906053885822,4.811952192241109,7.486700401087026,0.6045913014146123,0.6796756373884575,0.9250959399358512,0.7158938930859368,0.6753315125990694,0.9015459040175414,0.4294944846277258,0.576572123680872,0.5373803194357026,0.2349048076489315,0.6459175582783211,0.8991910727427179,0.909898003147442,0.5689583666535235,0.7031561810749304,0.5473646674877792,0.752052185463916,0.7673665114274846,0.6876379865775359,0.8793858316363311,0.4928404315590539,0.6387647466169751,0.3290951240699236,0.6762378924307698,0.1753884065745992,0.3826088159079516,0.1600385846792007,0.182454923082355,0.13190017370932,0.1800279967899261,0.1248657186500423,26.282626333873544,1.5943249263196595,4.604797083752111,12.125923286666238,46.746686561671005,6249.719140541183,985.0045714771576,742.2336990111345,242.7708724660229,6249.719140541183,985.0045714771576,0.1562125629764366,772.2311021629233,545.2864442914915,742.2336990111345,0.7861929905007096,644.5218834531875,0.869311677122108,242.7708724660229,0.2138070094992902,235.7377530579672,0.3958604278125567
92128,4242.22,54.1604144741167,54.1604144741167,0.6842433764657377,0.5025420012559143,0.6484944728396371,0.5502678000561249,0.6933699267272663,0.5851324139458824,0.1271790218976055,1.0,0.999691407356396,1.0,1.0,0.9064108222372176,1.0,1.0,1.0,0.541604144741167,176.42614984438524,142540.67548554786,4.65793022872843,3.402041674425386,65.85997691190232,324.81962681127425,84.18347379173494,5.267530317371591,4539.621101728843,427.1053081874253,13.23418337643746,9.6220619501685,51.715476382743304,3.244280717579201,15.911387092117296,64.26405060685492,15.215524137441182,4.168749959280379,15.372206023550266,15.959832085940054,2.784340126267927,34.2392001063597,96.28873040538178,9.014138136315104,15.955949351849496,12.118328921955452,8.717248111241735,4.375629917133686,5.188732828824646,0.5874005299705229,0.7606118276219215,0.7192277465391488,0.6077706140772915,0.6493633176245893,0.814664921256721,0.4684804591588629,0.4904301370316508,0.5588013640738813,0.3645253502828115,0.55091391827963,0.867230173281393,0.8113084495147146,0.6103888070594266,0.6724474537584308,0.3289259976317569,0.5893089417748854,0.6941114231334669,0.5661334193438142,0.7503779238680933,0.781203112433954,0.6298421410331058,0.5489892848025777,0.5765658160019639,0.2738598507048658,0.4095839988965833,0.1191685446278093,0.1495296503943611,0.1142635382884158,0.1319411995896285,0.1209921765878128,19.645917195293467,1.6491351013550652,4.847241043334145,16.05193080237377,51.612219147184426,4697.804401470373,478.0250340878241,395.3082831417568,82.71675094606734,4697.804401470373,478.0250340878241,0.101846742033563,382.8886624212197,265.727304589957,395.3082831417568,0.83127140015901,346.04640437111425,0.916657381007204,82.71675094606734,0.16872859984099,81.22313396543393,0.2969842920358359
92129,6988.84,57.044621094260506,57.044621094260506,0.653803096273353,0.542606569878797,0.6182242649328012,0.6005167708743098,0.7003869159743206,0.7601390075837517,0.1174468510809015,0.999744959463282,1.0,1.0,1.0,0.940590837727732,1.0,1.0,1.0,0.570446210942605,216.7075417994705,160830.29243056188,5.365681298739788,4.362921001328048,65.94406081462131,398.4382322270413,86.54081041638501,6.187082807475011,5027.620332515281,421.2503230066718,13.757687665625337,9.484620789675729,55.58869995492174,3.54456047280541,9.488051244220037,68.87696846403006,15.668266702546727,4.182365768772663,10.707583541198307,14.861784863874698,1.5927600616636417,30.62942686358226,98.89895184284032,12.306252271317646,17.76967538891786,12.28989871078906,8.315289861213579,4.077300967207114,4.5793445228226135,0.475155138426492,0.7141249411708408,0.7937950098936264,0.5076265988653165,0.5998113280699681,0.8110142952292473,0.5106804904432627,0.5690496279233365,0.4526555035970974,0.2905793523279624,0.5480285601892076,0.8062610915542079,0.8280280556598271,0.5035742031956739,0.6246807644622936,0.6203714007096177,0.6534407151296537,0.6883150570669808,0.552604522511777,0.7991836812315858,0.7930816817146599,0.7947268525936908,0.6429519558209691,0.8427382143365953,0.424898967198686,0.4873405348811521,0.1216340665331844,0.139730274786053,0.1057600619301175,0.1196316517265972,0.1004782004285553,20.76193680900685,0.9303229400185304,5.503107320196106,21.613872506938858,59.7958107552864,5257.686327868926,658.581410113839,539.6431968522186,118.93821326162052,5257.686327868926,658.581410113839,0.1228491016606931,518.7572610069919,361.4785806633144,539.6431968522186,0.8149187011486169,469.0129485122868,0.8944952791544823,118.93821326162052,0.1850812988513831,114.35311945780994,0.3112834250142817
92130,7846.78,58.09638267426256,58.09638267426256,0.6851372928594516,0.5180756739977342,0.7230517149118162,0.5725452361630846,0.6754983668080723,0.7894034020219414,0.1030351004362792,0.9039612417196248,1.0,1.0,1.0,0.8416593595577201,1.0,1.0,1.0,0.5809638267426257,249.5845944041912,183452.36248805953,3.938026175441147,4.322573575413702,82.31994019015013,305.4575837500062,79.55562938315934,0.6071222435176065,5472.015835938844,291.709577382491,12.72991298663535,8.385051908614406,53.785583472695926,2.4313526728859527,14.371561277211592,65.76910512977078,14.653201737998344,6.783067867999838,9.689798838241808,9.796331016507132,2.721875481687684,22.133164105639064,99.25163662541104,9.646080486708042,17.272399131071925,11.96515055861549,6.757449693695518,4.4277358365041195,3.894757362076468,0.2899877121359438,0.6538616539160449,0.9139356252914824,0.7096802480873388,0.568255601639029,0.9679327476108393,0.4063328463510212,0.3289829140013593,0.6505304953266171,0.315088159175016,0.729538221903129,0.9060805123154224,0.9414999662536976,0.5384019971630307,0.7131636582715541,0.4252979172091434,0.6133173720086098,0.7140649717420705,0.4150537162993286,0.8344675716054899,0.8606492721220306,0.6378070607747011,0.8424305290236612,0.887972616267462,0.2921581181070045,0.4625169225895645,0.1125258202857005,0.109673813163501,0.1086194469332913,0.1079738778128694,0.0763825439860336,22.366844111329343,0.3788318020644456,4.2901114250800045,16.369572770724506,59.28984003378579,5674.506660687561,785.161572869114,704.2235382996571,80.93803456945712,5674.506660687561,785.161572869114,0.1373822037394202,700.2431776791772,311.1881564827939,704.2235382996571,0.8737022178167858,652.3955211482603,0.9288959716418002,80.93803456945712,0.1262977821832142,77.74841861700794,0.2653417690872863
92131,3641.65,60.03826941424111,60.03826941424111,0.7267294850111183,0.505349993833239,0.6757946191248922,0.6636865803738257,0.7273667438063558,0.6886361073086074,0.2151153295388395,0.986823203725769,1.0,1.0,1.0,0.980260459782062,1.0,1.0,1.0,0.6003826941424111,156.84031822136936,181857.3070396419,4.02196812425124,4.181595818636779,71.01233533431129,228.0375235208953,82.0406559017741,2.0897624149954765,4910.22890851405,380.4448197558687,12.940842339892788,8.9426733185736,49.1782683867066,2.9480240180486104,9.229730088998286,78.57667457745782,12.754015012295332,2.9524758061569143,11.071034274079896,22.149844079065925,3.0486397084624555,30.14989703695693,98.44420022808058,8.745715902064111,20.266262336472597,19.787596988774983,11.095714285546164,9.39277160709627,9.88019738941691,2.8480780526453136,0.7870531789310881,0.8916293880076693,0.6633596170377314,0.5737014127068885,0.8771330156792461,0.3220278659784151,0.4009054178475195,0.5647433108641101,0.2884160063420198,0.6203225716993838,0.899499630061105,0.8949402683970604,0.6392704253998508,0.6533728951682549,0.5937865920400623,0.7683164088871343,0.7539996833798858,0.6734594542974002,0.7872480606083829,0.6909937809851566,0.607337931870697,0.6674983867159633,0.791072003339162,0.25745827990442,0.6098320727257229,0.1955462107094516,0.2024251723868165,0.2180621569723528,0.2117061281483788,0.2478369794771976,37.03434845835974,1.372110546982207,4.464348136769866,15.664373786182628,60.80099716485026,5044.638469766313,614.4161693296387,510.98916881681953,103.42700051281922,5044.638469766313,614.4161693296387,0.121235109857327,483.23077724426525,286.5416709104784,510.98916881681953,0.8381892776823693,439.2167162318049,0.921421277813976,103.42700051281922,0.1618107223176309,102.42314839401274,0.3674860277548381
92134,34.54,69.6102312195172,69.6102312195172,0.6581922575570113,0.529931247065768,0.7519601519786165,0.5217744446354102,0.5281016818058513,0.9466685503283566,0.9360878519951904,0.762849706760376,0.991433528826416,1.0,1.0,0.987150293239624,1.0,1.0,1.0,0.6961023121951722,12.59271262516848,104896.0,32.324398238446975,0.0205595308166016,52.161158065676126,25.81262171030861,11.197982994217094,0.0,171.270003048737,12.284319662919456,22.471047506934376,6.249056598420362,3.2472529981361404,0.0,21.211966266571608,2.895875497419096,0.3953755926269539,0.6996520281214024,146.33427267081063,57.84691973,0.256796599361857,15.049805168486172,99.8340698896431,27.448601172958497,28.25,224.8522283722557,101.6185751466198,99.48072543985944,151.6501301316934,36.84287573309906,0.9744047557248424,0.4590846047156727,0.0489479292942933,0.9659300995120736,0.6294047460342745,0.0175212242022825,0.0046505010131352,0.6955617198335645,0.9860765964859888,0.9862734594057818,0.0426172542044845,0.9928732978182117,0.9617942118808076,0.950136612021858,0.1460553514014329,0.0291116032375425,0.9799796034121788,0.8967232684598097,0.0186280367860557,0.211214953271028,0.9378784172674276,0.9528576673739456,0.9492695663436972,0.8700878114082744,0.968113975576662,0.9396011013969946,0.9184842629029006,0.9279473573214612,0.9523168448602188,0.9420896934943754,197.8458035188755,24.72430058647925,9.056083284283789,49.897202345916995,51.0,382.82628163695625,150.60468445724229,9.669746048139755,140.93493840910253,382.82628163695625,150.60468445724229,0.496877394086844,86.50644105777793,147.0,9.669746048139755,0.0651626654722186,6.030709093601274,0.0630676022463454,140.93493840910253,0.9348373345277816,140.93493840910253,0.9587410776129424
92139,4708.04,51.84694039927178,51.84694039927178,0.394496470515938,0.5763296557458291,0.4199680209981108,0.4475166262751323,0.535633519069819,0.51541794527323,0.7399235900709645,1.0,1.0,1.0,1.0,1.0,1.0,1.0,1.0,0.5184694039927178,474.6403454567391,97220.53185026516,4.517576585685541,13.184336631251876,24.801826408424436,464.34397910779103,90.40947676825674,8.866860641774407,4700.828695424763,651.2475816849426,16.10649192286654,11.992634369170618,61.29929035683837,10.91579159579004,8.810410287197358,54.25322888920165,28.29450826798405,6.177501702520021,16.404354519539584,25.35457547295885,4.3351404961888305,36.54339477466188,95.99940830021296,23.854099853474423,21.540765115029583,137.0603885736309,64.08853701879806,61.34366889248891,89.23093730630087,22.13917001576504,0.4054216827125789,0.3921131334973126,0.6205600210492282,0.1598910448046322,0.2401965397195156,0.6998433086680823,0.7297838398592681,0.3385311158084799,0.3309770962217779,0.3238010257014669,0.5463153315369828,0.478778630532216,0.3962716455799814,0.2967984469460914,0.626067173151569,0.4709292394228874,0.4173671775401942,0.4555668245693812,0.6330600392054592,0.6365400349642417,0.4964874546975136,0.5124685989020595,0.5372977822201171,0.7756898769440127,0.673933253475616,0.7402952430947243,0.7379222782743188,0.7353800341423398,0.7424762709249656,0.7435441239184749,182.9514443811239,17.0829306718665,9.554915285319533,41.7140733897797,50.144927147772464,5213.376996993255,796.2850378008181,467.1582371986887,329.1268006021294,5213.376996993255,796.2850378008181,0.1471724339816015,522.0059971355187,578.70499967587,467.1582371986887,0.6081817993943929,388.1414511676688,0.7413345194319082,329.1268006021294,0.3918182006056072,317.6392671463592,0.5266202048100641
92154,12724.26,41.24219705858396,41.24219705858396,0.3525335616604451,0.4711741116612074,0.3548213645540038,0.4712683652205306,0.4156983244840398,0.4190584211792049,0.4022555262032216,0.9933124305894668,1.0,1.0,0.9933124305894668,0.9406519371385544,0.9910832407859558,1.0,0.9987261772551366,0.4124219705858395,564.9358745704579,96744.0647884838,8.384142965363129,10.190714208477104,21.73978136277716,438.1209387256669,88.56218562475075,8.236216981669216,4751.6790551000195,597.7400870782211,16.871379901436736,13.81244039624957,61.21738915743031,11.761513625487012,7.750714559581534,59.879305742118774,31.82408752849313,5.3989207518180535,25.88616465513194,50.35915388290089,4.4812202313892895,43.38373260260566,94.57774988604918,19.551675741960896,13.862015976120434,43.383030621363915,20.817191749009087,17.91725481548595,25.27767960476866,5.096849478292633,0.4328572138121158,0.3903926642541973,0.2911663757048658,0.2777210134209211,0.1908052198525891,0.6247319424410058,0.6556050936599964,0.3803449477235082,0.3242055572866432,0.3263758224536987,0.4563525558009587,0.3123515226747149,0.4099426776324786,0.2447673676783046,0.7011709505524371,0.5382649536031893,0.3670227196040204,0.4874871505834219,0.4483819088980869,0.3335870165772441,0.4879088528844896,0.3051201180373484,0.4641462926157769,0.6531406256103696,0.3224168406797754,0.4192232724875629,0.4248552367969925,0.3706503548132527,0.4451118227729955,0.3514369441453036,57.94143933141042,7.341291605785516,11.701728491549556,33.55432481695198,43.40420096796073,5331.410138481569,879.4273986399803,573.9363132007893,305.4910854391911,5331.410138481569,879.4273986399803,0.163894121557845,636.0823353273512,549.8466693871618,573.9363132007893,0.6580234875684393,479.4002486876238,0.7495649327145688,305.4910854391911,0.3419765124315608,297.8565716477122,0.5184418509835259
92155,38.37,58.050752727278464,58.050752727278464,0.6044497321444924,0.434282490496898,0.7441200767959829,0.3106285041656769,0.5195279935486699,0.6931490497957644,0.7573948439620082,1.0,1.0,1.0,1.0,1.0,1.0,1.0,1.0,0.5805075272727847,309.0,111076.0,4.7,1.9,45.9,335.0,80.5,4.102564102564102,1722.9999999999998,146.0,18.3,9.6,75.0,0.6349206349206349,35.24590163934426,35.55555555555556,4.864864864864865,52.84431137724551,0.0,64.13192284,2.857142857142857,18.006872852233677,96.4021164021164,8.5,21.5,147.0,67.75,60.50000000000001,98.125,23.0,0.5379918588873813,0.5159500693481276,0.5783378746594006,0.7855191256830601,0.5483651226158038,0.5284938941655359,0.326975476839237,0.2981969486823855,0.9552238805970148,0.9382632293080057,0.246938775510204,0.8360544217687076,0.0978112175102599,0.8702185792349727,0.0258503401360544,0.2486338797814207,0.931129476584022,0.0013661202185791,0.9904761904761904,0.1551401869158878,0.5983606557377049,0.9223433242506812,0.5587431693989071,0.2327001356852103,0.6709633649932157,0.76797829036635,0.7672998643147897,0.7293080054274084,0.7747625508819539,0.7476255088195387,187.0,18.125,8.0,17.0,49.0,2985.0,744.0,108.8,635.2,2985.0,744.0,0.2492462311557788,480.0,655.0,108.8,0.1462365591397849,95.6,0.1991666666666667,635.2,0.8537634408602152,633.0,0.966412213740458
92161,411.81,35.01601263548235,35.01601263548235,0.2814279368063906,0.5936719908131269,0.2499704630834693,0.2268354139215732,0.5144166855971617,0.3297101988753393,0.2550881953867028,1.0,1.0,1.0,1.0,1.0,1.0,1.0,1.0,0.3501601263548234,259.0,41840.0,14.6,5.3,86.2,780.0,75.5,0.0,10778.0,984.0,25.9,8.4,67.45283018867924,2.9723991507431,36.125089863407624,2.335456475583864,38.46153846153847,3.0864197530864197,7.813903359080294,52.23397635,28.45010615711253,11.757105943152457,69.2144373673036,4.5,20.750000000000004,28.125,15.249999999999998,12.124999999999998,13.749999999999998,1.625,0.6085481682496607,0.0124826629680998,0.0367847411444142,0.4678961748633879,0.9918256130790192,0.9389416553595658,0.2043596730245231,0.6955617198335645,0.0027137042062414,0.0407055630936228,0.0040816326530612,0.9523809523809524,0.2393980848153214,0.6325136612021858,0.0217687074829932,0.0136612021857923,0.2300275482093664,0.662568306010929,0.8884353741496599,0.2766355140186916,0.0095628415300546,0.9782016348773842,0.0013661202185792,0.0949796472184531,0.6363636363636364,0.2598371777476255,0.2924016282225237,0.2645861601085482,0.2754409769335142,0.1831750339213025,49.0,1.625,14.9,8.0,60.99999999999999,11134.0,9342.6,9317.6,25.0,11134.0,9342.6,0.839105442787857,7984.6,9289.0,9317.6,0.9973240853723804,7319.6,0.9167146757508204,25.0,0.0026759146276197,25.0,0.0026913553665626
92173,4079.65,30.44904485605017,30.44904485605017,0.1811538913261804,0.4770112425100319,0.2654954051788007,0.3485440150259964,0.3802953687489215,0.2154091192164701,0.2635240979171105,1.0,1.0,1.0,1.0,0.9999961371639928,1.0,1.0,1.0,0.3044904485605016,701.5647792586591,75590.79583862095,12.415677525492193,15.1981337168242,10.775348850926312,403.5990401573269,93.98744921352504,4.325018513369876,4534.760189649079,609.5759177156233,18.22375578057618,16.42487203277412,60.37035252996879,24.98874750419444,8.16414655438596,35.98187613855242,36.86929467502538,5.338532604475361,36.93150053375869,44.383666152879314,9.959536464887872,45.29686777967568,88.64244504254977,17.376707917043575,12.733951858252595,29.46387675939754,13.470946855000738,13.174931329166732,14.458900099459893,2.3681529408112727,0.2620887290767465,0.2207615278019042,0.1363708977387953,0.1053944106872754,0.0371628827933651,0.6496659132073096,0.843091331441292,0.4524089152773221,0.3610299995400246,0.3449120343146145,0.2654596169533517,0.0905799699072119,0.4197559729748301,0.0621188759011523,0.6510009591330949,0.2613002520949084,0.2959773321115716,0.5004986491146739,0.3415773248441442,0.3831291684000203,0.238944339500611,0.2664799255703878,0.1408030925784116,0.5978265412077275,0.2819118711331752,0.2736535299229782,0.2542294578483576,0.2903424880452428,0.2870851011297056,0.212309912639268,32.922325858467026,6.377494989671048,15.160212265516574,29.73251766163859,43.292301098594415,5170.99424170553,828.2868842759996,598.3073230154791,229.97956126052028,5170.99424170553,828.2868842759996,0.16273209932891,625.9687487418481,527.5221144567582,598.3073230154791,0.7178499450574742,482.43033827375166,0.7723757936220754,229.97956126052028,0.2821500549425256,223.82395961529932,0.4324580949175413
92182,1583.44,49.01356805526203,49.01356805526203,0.4009322174691004,0.6207711292160953,0.2656024984566448,0.3003307739309052,0.4313455464612389,0.4999541089231346,0.9120134894112224,1.0,1.0,1.0,1.0,1.0,1.0,1.0,1.0,0.4901356805526202,1409.477850275512,103869.7547298218,11.09332839450266,1.6730891829826862,57.17000463185026,320.1983803704098,79.19300087413956,0.0194765689726305,6512.167207790994,579.6384924205192,27.620948863762603,11.414691835796114,70.16671558915083,4.036380506888405,36.891113854679666,46.49634282836149,10.622093528759107,29.236148142746693,18.728187371963745,50.18775238720373,6.622758553316364,22.957299407104387,94.1951599787866,22.827176480023663,25.57987026136466,206.04811918361332,103.0998522232052,98.0122865272755,135.2969432662464,36.47600275336005,0.2084856268591553,0.4695745039501372,0.1174453870032407,0.8082233520638683,0.6973415026671492,0.4293271572826214,0.2912734739695566,0.6949489873232689,0.1435228775217696,0.3556113155586465,0.0030324667392074,0.5602433340069558,0.1885868340852473,0.5912415722649409,0.0240361065140988,0.3974585828593338,0.8055322496999916,0.0405698360950702,0.5783288661729139,0.3009512338769801,0.3518595971295091,0.8040281582005803,0.3439745714393145,0.7636823690378346,0.8480532850161415,0.8928871385353031,0.922337241432634,0.9219505537559326,0.8892946865918382,0.9335978267404048,203.31458326120227,20.33191656461232,17.381651358202863,43.286458153005725,51.65925074430368,6757.739457218163,4799.471531439239,4617.829775891652,181.64175554758617,6757.739457218163,4799.471531439239,0.7326366081876412,4284.782308253315,4721.268196674732,4617.829775891652,0.966730470195445,3437.0234239990164,0.8218878960637651,181.64175554758617,0.0332695298045549,181.61530751260185,0.0340832332276381
92259,15.8,41.93655784154244,41.93655784154244,0.4977994787406252,0.2565616596481796,0.5552407975765966,0.7430291520869787,0.4397184976913407,0.4266558675061765,0.0165535956580732,1.0,1.0,1.0,1.0,0.7500000000000001,1.0,1.0,1.0,0.4193655784154243,308.96665418045995,61932.84612787403,5.2564943569985205,3.695460498989648,18.61113578623611,95.81230426595135,92.2668147174167,7.236530751038355,1930.880123486048,358.09264638804626,16.034018928071802,16.67587549976684,43.16069147146882,2.0189390215490635,2.36774624704811,67.52775464240445,24.726620648396896,31.580187776510332,16.69017913736176,,3.98816580947545,45.04505374965731,90.79643693705908,0.0,0.0,0.0,0.0,0.0,0.0,0.0,0.7263246599154142,0.0881593689395843,0.5022136113468778,0.6745002747606249,0.1437301926913557,0.1007986261582458,0.7632225993543474,0.5173715926023609,0.932515525790208,0.6544113748430224,0.5695661069645557,0.0644701827086006,0.7232038734343809,0.7352911075739784,0.8962902016932527,0.6173314256463033,0.5241971960485339,0.1724154117206244,0.6225428853048638,,0.4761760470504037,0.3237760987208481,0.4800154567472781,0.0094979647218453,0.0047489823609225,0.0033921302578017,0.0040705563093622,0.0115332428765264,0.0169606512890094,0.0468113975576661,0.0,0.0,8.698554785148044,0.0,0.0,2223.3459405809413,204.65388410250964,123.77765554884552,80.87622855366412,2223.3459405809413,204.65388410250964,0.081737266178401,121.85807054962272,152.15453211121422,123.77765554884552,0.628916874337321,93.0403566978314,0.7673278765825122,80.87622855366412,0.371083125662679,80.87622855366412,0.5133675835600473
92536,12.73,31.552326345986803,31.552326345986803,0.4699641800660936,0.0877739064469818,0.5158309558985599,0.4873696483689914,0.3616193791184218,0.2695451183380517,0.016559655981975,1.0,1.0,1.0,1.0,0.9997341393621616,1.0,1.0,1.0,0.315523263459868,549.515070196583,67973.89437643581,4.206380655308118,1.5070187208389296,26.11148517955461,131.9053536129296,66.43573166972546,39.95746229794588,2621.786612048906,405.74264690257263,16.09659698383567,15.397873114897292,95.97441258076232,2.9004135741463704,10.50435062961668,81.114632355459,50.02911806985848,20.25847799991507,11.749038633529905,32.27131301,2.561367075282183,65.13462514399073,90.70161530641312,0.0,0.0,0.0009305122324338,0.0003987909567573,0.0005317212756764,0.0,0.0,0.2835580341886548,0.1237567824528999,0.6418330556041526,0.830708848018667,0.2658421591654468,0.1369222988714215,0.0908810048710817,0.0187510286911732,0.8305478810759767,0.5573723303119885,0.5568373219330618,0.1185662902732121,0.0064946649980863,0.641039439532625,0.4947533969323765,0.8071910920128782,0.1059551406836123,0.038215046360951,0.7699320223131604,0.5327102803738317,0.627111650313809,0.0249215895117467,0.1566021151885997,0.0094979647218453,0.0047489823609226,0.0033993449291135,0.0040770495135427,0.0115498366205434,0.0169606512890094,0.0468113975576662,0.0021268851027059,0.0,8.197341393621619,0.0,0.0,2893.5707332109814,127.67550442114609,93.69145605941635,33.984048361729705,2893.5707332109814,127.67550442114609,0.0441652908183358,109.61169786806488,58.071250650940655,93.69145605941635,0.7337239429676329,79.86784763477633,0.7285941499089034,33.984048361729705,0.266276057032367,33.984048361729705,0.5857451424618401
92672,714.85,35.71204751838482,35.71204751838482,0.2653756194395072,0.3607575282057655,0.2696614330942689,0.1581210467412279,0.5590566815241443,0.854306566807125,0.0325644504748982,1.0,1.0,1.0,1.0,1.0,1.0,1.0,1.0,0.3571204751838482,1787.0,67156.0,10.9,1.4999999999999998,29.0,4624.0,85.2,2.9376971608832805,16255.0,824.0000000000001,23.8,8.1,82.63251406573883,3.637866887143447,36.72809079649149,1.047264709935235,2.7326440177252587,7.412605256442969,0.4701224792774959,92.80647168999998,2.039410224610721,13.135543465497667,99.37990905332782,0.0,1.4999999999999998,2.25,1.75,0.5,0.625,0.0,0.005427408412483,0.1151178918169208,0.1096730245231607,0.8312841530054644,0.2970027247956403,1.0,0.5102179836512262,0.334257975034674,0.0013568521031207,0.0963364993215739,0.0095238095238094,0.9714285714285714,0.0355677154582763,0.5683060109289617,0.019047619047619,0.0095628415300546,0.9586776859504134,0.2923497267759563,0.979591836734694,0.0056074766355139,0.6885245901639344,0.9713896457765668,0.9030054644808744,0.0094979647218453,0.0135685210312075,0.025101763907734,0.0244233378561736,0.027137042062415,0.039348710990502,0.0468113975576662,5.0,0.0,12.6,0.0,5.999999999999999,40415.0,20761.0,1413.6,19347.4,40415.0,20761.0,0.513695410120005,13621.0,20189.0,1413.6,0.0680892057222677,1079.4,0.0792452830188679,19347.4,0.9319107942777324,19342.0,0.9580464609440784
