provider_name,program_or_service,site_name,address,city,zip,latitude,longitude,tier,type_of_service,address_status,source_url,notes,source_row_number,geocode_final_status,geocode_final_source,geocode_review_needed,census_id,census_input_address,census_match_status,census_match_type,census_matched_address,census_latitude,census_longitude,census_tiger_line_id,census_side,census_state_fips,census_county_fips,census_tract,census_block,census_geoid,geocode_merge_note
A Reason To Survive (ARTS),Community ARTS; ARTS 4 Justice; ARTS @ Work; ARTS on Campus,ARTS Center,200 E 12th Street,National City,91950,32.672109,-117.102995,Tier 4,Transition Pathways and Intensive Wraparound Support,Verified,http://www.areasontosurvive.org/,Main site listed by official provider page.,2,already_had_latlon,original_file,No,2,,,,,,,,,,,,,,Original latitude/longitude retained.
A Step Beyond,Dance; academics; family services; creative youth development,A Step Beyond,340 N Escondido Blvd,Escondido,92025,33.124017,-117.084696,Tier 4,Transition Pathways and Intensive Wraparound Support,Verified,https://a-step-beyond.org/contact/,Main site listed by official contact page.,3,already_had_latlon,original_file,No,3,,,,,,,,,,,,,,Original latitude/longitude retained.
Able-Disabled Advocacy,CAREERworks; Youth Training Programs,Able-Disabled Advocacy,"4283 El Cajon Blvd, Suite 110",San Diego,92105,32.754843,-117.102179,Tier 4,Transition Pathways and Intensive Wraparound Support,"Verified, active status needs review",https://www.able2work.org/programs/youthbuild/,Address verified from provider site. Check current operating status before final map use.,4,already_had_latlon,original_file,No,4,,,,,,,,,,,,,,Original latitude/longitude retained.
Access Inc.,Leadership development; paid/unpaid work experience; workforce prep; entrepreneurship; financial literacy; legal aid,Access Inc.,2612 Daniel Ave,San Diego,92111,32.79251,-117.164219,Tier 4,Transition Pathways and Intensive Wraparound Support,Medium verification,https://www.access2jobs.org/,Address found from public listings/older city documentation; verify before final geocoding.,5,already_had_latlon,original_file,No,5,,,,,,,,,,,,,,Original latitude/longitude retained.
Access Youth Academy,Academic enrichment; squash; mentoring; leadership; college preparation; workforce/life skills,Access Youth Academy,704 Euclid Ave,San Diego,92114,32.7125378,-117.0851068,Tier 4,Transition Pathways and Intensive Wraparound Support,Verified,https://www.accessyouthacademy.org/,Main youth academy facility.,6,already_had_latlon,original_file,No,6,,,,,,,,,,,,,,Original latitude/longitude retained.
ACE Mentor Program,"Architecture, construction, and engineering mentoring; career exposure",ACE Mentor San Diego,No single public site verified,San Diego,,,,Tier 4,Transition Pathways and Intensive Wraparound Support,Needs site-level verification,https://www.acementorsd.org/,Program is school/partner-based. Do not map until school or meeting sites are confirmed.,7,excluded_non_mappable,not_uploaded,Yes,,,,,,,,,,,,,,,"Excluded from Census upload because it is not a specific physical street address, is mailing-only/PO Box, is virtual/mobile/multiple sites, or needs site-level lookup."
ASCENDtials,Education tools; workforce/community empowerment; youth/community programming,ASCENDtials,505 W Broadway,San Diego,92101,32.71564102,-117.1682205,Tier 4,Transition Pathways and Intensive Wraparound Support,Verified,https://ascendtials.org/,Address listed by provider site.,8,already_had_latlon,original_file,No,8,,,,,,,,,,,,,,Original latitude/longitude retained.
Barrio Logan College Institute (BLCI),Tutoring; postsecondary preparation; workforce preparation; financial literacy,Barrio Logan College Institute,2114 National Ave,San Diego,92113,32.69693756,-117.1396866,Tier 4,Transition Pathways and Intensive Wraparound Support,Verified,https://blci.org/,Main BLCI location.,9,already_had_latlon,original_file,No,9,,,,,,,,,,,,,,Original latitude/longitude retained.
Basic Assistance to Students in the Community (BASIC),Cradle-to-graduation support; scholarships; education support,BASIC,Christmas Cir Box 1914,Borrego Springs,92004,33.2572002,-116.3749364,Tier 3,Barrier-Reduction and Targeted Support,Mailing only / not mappable,https://www.borregobasic.org/,Only PO Box found. Do not map as point unless a physical program site is confirmed.,10,already_had_latlon,original_file,No,,,,,,,,,,,,,,,Original latitude/longitude retained.
Best Buddies - San Diego Office,Friendship; integrated employment; leadership development; family support,Best Buddies San Diego Office,"3517 Camino del Rio South, Suite 203",San Diego,92108,32.7774078,-117.1173668,Tier 4,Transition Pathways and Intensive Wraparound Support,Verified,https://www.bestbuddies.org/california/office-directory/,Official San Diego office.,11,already_had_latlon,original_file,No,11,,,,,,,,,,,,,,Original latitude/longitude retained.
Big Brothers Big Sisters of San Diego County,One-to-one mentoring,Big Brothers Big Sisters of San Diego County,"4305 University Ave, Suite 590",San Diego,92105,32.749171,-117.1014307,Tier 2,Youth Development and Enrichment,Verified,https://sdbigs.org/,Main office listed by provider site.,12,already_had_latlon,original_file,No,12,,,,,,,,,,,,,,Original latitude/longitude retained.
BIPOC Support Foundation,Youth enrichment; tutoring; mentoring; STEAM; culturally responsive programming,BIPOC Support Foundation,No public street address verified,San Diego County,,,,Tier 4,Transition Pathways and Intensive Wraparound Support,Needs address verification,https://www.bipocsupportfoundation.org/,Provider serves San Diego County youth; no reliable physical address found yet.,13,excluded_non_mappable,not_uploaded,Yes,,,,,,,,,,,,,,,"Excluded from Census upload because it is not a specific physical street address, is mailing-only/PO Box, is virtual/mobile/multiple sites, or needs site-level lookup."
Birthline of San Diego County,Pregnancy support; parenting support; family resources; referrals,Birthline of San Diego County,"3660 Clairemont Drive, Suite 4",San Diego,92117,32.8076168,-117.2014432,Tier 3,Barrier-Reduction and Targeted Support,Verified,https://birthlineofsandiego.org/,Physical site verified from public provider profiles.,14,already_had_latlon,original_file,No,14,,,,,,,,,,,,,,Original latitude/longitude retained.
BLAC (Black Leadership Alliance Coalition),Leadership development; career skills; identity development; workforce readiness,BLAC,2575 Imperial Ave,San Diego,92102,32.7061023,-117.138477,Tier 4,Transition Pathways and Intensive Wraparound Support,Medium verification,https://www.blacleadership.org/,Official website confirms San Diego organization; address came from social listing and should be verified.,15,already_had_latlon,original_file,No,15,,,,,,,,,,,,,,Original latitude/longitude retained.
Black Tech Link,Workforce preparation; entrepreneurship; technical education; networking,Black Tech Link - San Diego,"1240 E Plaza Blvd, Suite 604-452",National City,91950,32.676025,-117.092788,Tier 4,Transition Pathways and Intensive Wraparound Support,Verified,https://blacktechlink.org/contact-us/,San Diego/National City location listed by provider site.,16,already_had_latlon,original_file,No,16,,,,,,,,,,,,,,Original latitude/longitude retained.
Blue Heart Foundation,"Blue Heart Academy; mentoring; academic, emotional, cultural, college/career preparation",The Blue Heart Foundation,4331 El Cedro Ct,San Diego,92154,32.579883,-117.040847,Tier 4,Transition Pathways and Intensive Wraparound Support,Medium verification,https://theblueheartfoundation.org/,Official site does not publish full street address; Charity Navigator lists this address. Verify before final map use.,17,already_had_latlon,original_file,No,17,,,,,,,,,,,,,,Original latitude/longitude retained.
Boys & Girls Club of East County,After-school programs; day camps; youth development,El Cajon Clubhouse,1171 E Madison Ave,El Cajon,92021,32.8002613,-116.9415418,Tier 2,Youth Development and Enrichment,Verified,https://bgcec.org/locations/,Official locations page.,18,already_had_latlon,original_file,No,18,,,,,,,,,,,,,,Original latitude/longitude retained.
Boys & Girls Club of East County,After-school programs; day camps; youth development,La Mesa Clubhouse,7600 Junior High Drive,La Mesa,91942,32.7532843,-117.0329537,Tier 2,Youth Development and Enrichment,Verified,https://bgcec.org/locations/,Official locations page.,19,already_had_latlon,original_file,No,19,,,,,,,,,,,,,,Original latitude/longitude retained.
Boys & Girls Club of East County,Teen programming; youth development,La Mesa Teen Center,7775 Junior High Drive,La Mesa,91942,32.7559582,-117.0289777,Tier 2,Youth Development and Enrichment,Verified,https://bgcec.org/locations/,Official locations page.,20,already_had_latlon,original_file,No,20,,,,,,,,,,,,,,Original latitude/longitude retained.
Boys & Girls Club of East County,After-school programs; day camps; youth development,Lakeside Clubhouse,12824 Lakeshore Drive,Lakeside,92040,32.8600048,-116.9138603,Tier 2,Youth Development and Enrichment,Verified,https://bgcec.org/locations/,Official locations page.,21,already_had_latlon,original_file,No,21,,,,,,,,,,,,,,Original latitude/longitude retained.
Boys & Girls Club of East County,After-school programs; day camps; youth development,Santee Clubhouse,8820 Tamberly Way,Santee,92071,32.838464904141,-116.979400097323,Tier 2,Youth Development and Enrichment,Verified,https://bgcec.org/locations/,Official locations page.,22,census_match_exact,US Census Batch Geocoder,No,22,"8820 Tamberly Way, Santee, CA, 92071",Match,Exact,"8820 TAMBERLY WAY, SANTEE, CA, 92071",32.838464904141,-116.979400097323,195689735,R,06,073,016617,2000,060730166172000,Latitude/longitude filled from US Census Batch Geocoder exact match.
Boys & Girls Clubs of Greater San Diego,Afterschool program; youth development; enrichment,Neville & Helen Baker Family Branch,835 W 15th Ave,Escondido,92025,33.103956920588,-117.082669077244,Tier 2,Youth Development and Enrichment,Verified,https://www.sdyouth.org/sign-up/,Official BGCGSD location page.,23,census_match_exact,US Census Batch Geocoder,No,23,"835 W 15th Ave, Escondido, CA, 92025",Match,Exact,"835 W 15TH AVE, ESCONDIDO, CA, 92025",33.103956920588,-117.082669077244,195313523,L,06,073,020403,1004,060730204031004,Latitude/longitude filled from US Census Batch Geocoder exact match.
Boys & Girls Clubs of Greater San Diego,Afterschool program; school-site youth development,Bear Valley Middle School Site,3003 Bear Valley Parkway,Escondido,92025,,,Tier 2,Youth Development and Enrichment,Verified,https://www.sdyouth.org/sign-up/,Official BGCGSD location page.,24,census_no_match,US Census Batch Geocoder,Yes,24,"3003 Bear Valley Parkway, Escondido, CA, 92025",No_Match,,,,,,,,,,,,"Census could not geocode this row. Manually verify address, ZIP, suite/unit formatting, or use another geocoder."
Boys & Girls Clubs of Greater San Diego,Afterschool program; youth development,Borrego Springs Branch,630 Cahuilla Road,Borrego Springs,92004,33.263611428576,-116.37688372016,Tier 2,Youth Development and Enrichment,Verified,https://www.sdyouth.org/sign-up/,Official BGCGSD location page.,25,census_match_exact,US Census Batch Geocoder,No,25,"630 Cahuilla Road, Borrego Springs, CA, 92004",Match,Exact,"630 CAHUILLA RD, BORREGO SPRINGS, CA, 92004",33.263611428576,-116.37688372016,635494513,R,06,073,021002,1052,060730210021052,Latitude/longitude filled from US Census Batch Geocoder exact match.
Boys & Girls Clubs of Greater San Diego,Early learning; child development,Escondido Early Learning Academy,115 W Woodward Ave,Escondido,92025,33.125666854082,-117.083653813265,Tier 2,Youth Development and Enrichment,Verified,https://www.sdyouth.org/sign-up/,Official BGCGSD location page.,26,census_match_non_exact_review,US Census Batch Geocoder,Yes,26,"115 W Woodward Ave, Escondido, CA, 92025",Match,Non_Exact,"115 WOODWARD AVE, ESCONDIDO, CA, 92025",33.125666854082,-117.083653813265,637443402,L,06,073,020214,3018,060730202143018,Latitude/longitude filled from US Census Batch Geocoder non-exact match; review matched address before final use.
Boys & Girls Clubs of Greater San Diego,Afterschool program; youth development,Conrad Prebys Escondido Branch,115 W Woodward Ave,Escondido,92025,33.125666854082,-117.083653813265,Tier 2,Youth Development and Enrichment,Verified,https://www.sdyouth.org/sign-up/,Same physical address as Escondido early learning site.,27,census_match_non_exact_review,US Census Batch Geocoder,Yes,27,"115 W Woodward Ave, Escondido, CA, 92025",Match,Non_Exact,"115 WOODWARD AVE, ESCONDIDO, CA, 92025",33.125666854082,-117.083653813265,637443402,L,06,073,020214,3018,060730202143018,Latitude/longitude filled from US Census Batch Geocoder non-exact match; review matched address before final use.
Boys & Girls Clubs of Greater San Diego,Afterschool program; youth development,Conrad Prebys Ramona Branch,622 E Street,Ramona,92065,33.043471166782,-116.861227939272,Tier 2,Youth Development and Enrichment,Verified,https://www.sdyouth.org/sign-up/,Official BGCGSD location page.,28,census_match_exact,US Census Batch Geocoder,No,28,"622 E Street, Ramona, CA, 92065",Match,Exact,"622 E ST, RAMONA, CA, 92065",33.043471166782,-116.861227939272,195330608,L,06,073,020813,3025,060730208133025,Latitude/longitude filled from US Census Batch Geocoder exact match.
Boys & Girls Clubs of Greater San Diego,School-site youth development,Del Dios Academy School Site,1400 W 9th Ave,Escondido,92029,33.109487350446,-117.100429602865,Tier 2,Youth Development and Enrichment,Verified,https://www.sdyouth.org/sign-up/,Official BGCGSD location page.,29,census_match_exact,US Census Batch Geocoder,No,29,"1400 W 9th Ave, Escondido, CA, 92029",Match,Exact,"1400 W 9TH AVE, ESCONDIDO, CA, 92029",33.109487350446,-117.100429602865,195710298,R,06,073,020500,1007,060730205001007,Latitude/longitude filled from US Census Batch Geocoder exact match.
Boys & Girls Clubs of Greater San Diego,Afterschool program; youth development,Mollenkopf Family Branch,16118 4S Ranch Parkway,San Diego,92127,33.004016990822,-117.115904167292,Tier 2,Youth Development and Enrichment,Verified,https://www.sdyouth.org/sign-up/,Official BGCGSD location page.,30,census_match_exact,US Census Batch Geocoder,No,30,"16118 4S Ranch Parkway, San Diego, CA, 92127",Match,Exact,"16118 4S RANCH PKWY, SAN DIEGO, CA, 92127",33.004016990822,-117.115904167292,612871066,L,06,073,017070,2012,060730170702012,Latitude/longitude filled from US Census Batch Geocoder exact match.
Boys & Girls Clubs of Greater San Diego,School-site youth development,Hidden Valley Middle School Site,2700 Reed Road,Escondido,92027,33.133141314133,-117.034572504286,Tier 2,Youth Development and Enrichment,Verified,https://www.sdyouth.org/sign-up/,Official BGCGSD location page.,31,census_match_exact,US Census Batch Geocoder,No,31,"2700 Reed Road, Escondido, CA, 92027",Match,Exact,"2700 REED RD, ESCONDIDO, CA, 92027",33.133141314133,-117.034572504286,195413737,L,06,073,020712,1000,060730207121000,Latitude/longitude filled from US Census Batch Geocoder exact match.
Boys & Girls Clubs of Greater San Diego,Afterschool program; youth development,James A. Bronner Family Branch,28751 Cole Grade Road,Valley Center,92082,33.236048907355,-117.023892337301,Tier 2,Youth Development and Enrichment,Verified,https://www.sdyouth.org/sign-up/,Official BGCGSD location page.,32,census_match_exact,US Census Batch Geocoder,No,32,"28751 Cole Grade Road, Valley Center, CA, 92082",Match,Exact,"28751 COLE GRADE RD, VALLEY CENTER, CA, 92082",33.236048907355,-117.023892337301,655815046,R,06,073,019111,3004,060730191113004,Latitude/longitude filled from US Census Batch Geocoder exact match.
Boys & Girls Clubs of Greater San Diego,School-site youth development,Lilac School,30109 Lilac Road,Valley Center,92082,33.256309460975,-117.068362324257,Tier 2,Youth Development and Enrichment,Verified,https://www.sdyouth.org/sign-up/,Official BGCGSD location page.,33,census_match_exact,US Census Batch Geocoder,No,33,"30109 Lilac Road, Valley Center, CA, 92082",Match,Exact,"30109 LILAC RD, VALLEY CENTER, CA, 92082",33.256309460975,-117.068362324257,657447156,L,06,073,019103,2013,060730191032013,Latitude/longitude filled from US Census Batch Geocoder exact match.
Boys & Girls Clubs of Greater San Diego,School-site youth development,Mission Middle School Site,939 E Mission Ave,Escondido,92026,33.134173842199,-117.07435574278,Tier 2,Youth Development and Enrichment,Verified,https://www.sdyouth.org/sign-up/,Official BGCGSD location page.,34,census_match_non_exact_review,US Census Batch Geocoder,Yes,34,"939 E Mission Ave, Escondido, CA, 92026",Match,Non_Exact,"939 E MISSION AVE, ESCONDIDO, CA, 92025",33.134173842199,-117.07435574278,657311344,R,06,073,020202,1000,060730202021000,Latitude/longitude filled from US Census Batch Geocoder non-exact match; review matched address before final use.
Boys & Girls Clubs of Greater San Diego,School-site youth development,Pauma School,33158 Cole Grade Road,Pauma Valley,92061,33.31527964886,-117.000037617663,Tier 2,Youth Development and Enrichment,Verified,https://www.sdyouth.org/sign-up/,Official BGCGSD location page.,35,census_match_exact,US Census Batch Geocoder,No,35,"33158 Cole Grade Road, Pauma Valley, CA, 92061",Match,Exact,"33158 COLE GRADE RD, PAUMA VALLEY, CA, 92061",33.31527964886,-117.000037617663,657490029,L,06,073,019109,2029,060730191092029,Latitude/longitude filled from US Census Batch Geocoder exact match.
Boys & Girls Clubs of Greater San Diego,School-site youth development,Primary Elementary School,14249 Fruitvale Road,Valley Center,92082,33.241318617728,-117.02046704966,Tier 2,Youth Development and Enrichment,Verified,https://www.sdyouth.org/sign-up/,Official BGCGSD location page.,36,census_match_exact,US Census Batch Geocoder,No,36,"14249 Fruitvale Road, Valley Center, CA, 92082",Match,Exact,"14249 FRUITVALE RD, VALLEY CENTER, CA, 92082",33.241318617728,-117.02046704966,195309643,R,06,073,019111,3004,060730191113004,Latitude/longitude filled from US Census Batch Geocoder exact match.
Boys & Girls Clubs of Greater San Diego,School-site youth development,Rincon Middle School Site,925 Lehner Ave,Escondido,92026,33.157658087666,-117.082745025706,Tier 2,Youth Development and Enrichment,Verified,https://www.sdyouth.org/sign-up/,Official BGCGSD location page.,37,census_match_exact,US Census Batch Geocoder,No,37,"925 Lehner Ave, Escondido, CA, 92026",Match,Exact,"925 LEHNER AVE, ESCONDIDO, CA, 92026",33.157658087666,-117.082745025706,650582002,R,06,073,020107,1004,060730201071004,Latitude/longitude filled from US Census Batch Geocoder exact match.
Boys & Girls Clubs of Greater San Diego,Afterschool program; youth development,Sulpizio Family Branch,12988 Bowron Road,Poway,92064,32.952580217818,-117.045310688317,Tier 2,Youth Development and Enrichment,Verified,https://www.sdyouth.org/sign-up/,Official BGCGSD location page.,38,census_match_exact,US Census Batch Geocoder,No,38,"12988 Bowron Road, Poway, CA, 92064",Match,Exact,"12988 BOWRON RD, POWAY, CA, 92064",32.952580217818,-117.045310688317,195320039,L,06,073,017048,2001,060730170482001,Latitude/longitude filled from US Census Batch Geocoder exact match.
Boys & Girls Clubs of Greater San Diego,Afterschool program; youth development,William J. Oakes Branch,2930 Marcy Ave,San Diego,92113,32.697628535426,-117.13018540307,Tier 2,Youth Development and Enrichment,Verified,https://www.sdyouth.org/sign-up/,Official BGCGSD location page.,39,census_match_exact,US Census Batch Geocoder,No,39,"2930 Marcy Ave, San Diego, CA, 92113",Match,Exact,"2930 MARCY AVE, SAN DIEGO, CA, 92113",32.697628535426,-117.13018540307,195348350,L,06,073,003902,1003,060730039021003,Latitude/longitude filled from US Census Batch Geocoder exact match.
Boys & Girls Clubs of Greater San Diego,Afterschool program; youth development,Ron Roberts Family Branch,2230 E Jewett St,San Diego,92111,32.784840167288,-117.172112328078,Tier 2,Youth Development and Enrichment,Verified,https://www.sdyouth.org/sign-up/,Official BGCGSD location page.,40,census_match_exact,US Census Batch Geocoder,No,40,"2230 E Jewett St, San Diego, CA, 92111",Match,Exact,"2230 E JEWETT ST, SAN DIEGO, CA, 92111",32.784840167288,-117.172112328078,195305962,L,06,073,008600,3000,060730086003000,Latitude/longitude filled from US Census Batch Geocoder exact match.
Boys & Girls Clubs of Greater San Diego,School-site youth development,King-Chavez Primary Academy,415 31st Street,San Diego,92102,32.709749332881,-117.127342011191,Tier 2,Youth Development and Enrichment,Verified,https://www.sdyouth.org/sign-up/,Official BGCGSD location page.,41,census_match_exact,US Census Batch Geocoder,No,41,"415 31st Street, San Diego, CA, 92102",Match,Exact,"415 31ST ST, SAN DIEGO, CA, 92102",32.709749332881,-117.127342011191,651692192,R,06,073,004000,3006,060730040003006,Latitude/longitude filled from US Census Batch Geocoder exact match.
Boys & Girls Clubs of Greater San Diego,School-site youth development,King-Chavez Preparatory Academy,500 30th St,San Diego,92102,32.710634572151,-117.130289442668,Tier 2,Youth Development and Enrichment,Verified,https://www.sdyouth.org/sign-up/,Official BGCGSD location page.,42,census_match_exact,US Census Batch Geocoder,No,42,"500 30th St, San Diego, CA, 92102",Match,Exact,"500 30TH ST, SAN DIEGO, CA, 92102",32.710634572151,-117.130289442668,195348162,L,06,073,004000,3002,060730040003002,Latitude/longitude filled from US Census Batch Geocoder exact match.
Boys & Girls Clubs of Greater San Diego,School-site youth development,King-Chavez Arts & Athletics Academy,415 31st Street,San Diego,92102,32.709749332881,-117.127342011191,Tier 2,Youth Development and Enrichment,Verified,https://www.sdyouth.org/sign-up/,Official BGCGSD location page.,43,census_match_exact,US Census Batch Geocoder,No,43,"415 31st Street, San Diego, CA, 92102",Match,Exact,"415 31ST ST, SAN DIEGO, CA, 92102",32.709749332881,-117.127342011191,651692192,R,06,073,004000,3006,060730040003006,Latitude/longitude filled from US Census Batch Geocoder exact match.
Boys & Girls Clubs of Greater San Diego,School-site youth development,King-Chavez Academy of Excellence,2716 Marcy Ave,San Diego,92113,32.697607961035,-117.134825117374,Tier 2,Youth Development and Enrichment,Verified,https://www.sdyouth.org/sign-up/,Official BGCGSD location page.,44,census_match_exact,US Census Batch Geocoder,No,44,"2716 Marcy Ave, San Diego, CA, 92113",Match,Exact,"2716 MARCY AVE, SAN DIEGO, CA, 92113",32.697607961035,-117.134825117374,195348058,L,06,073,004900,2006,060730049002006,Latitude/longitude filled from US Census Batch Geocoder exact match.
Boys & Girls Clubs of Greater San Diego,Afterschool program; youth development,Geneius Branch / Encanto Branch,6785 Imperial Ave,San Diego,92114,32.711268005992,-117.051600019875,Tier 2,Youth Development and Enrichment,Verified,https://www.sdyouth.org/sign-up/,Official BGCGSD location page.,45,census_match_exact,US Census Batch Geocoder,No,45,"6785 Imperial Ave, San Diego, CA, 92114",Match,Exact,"6785 IMPERIAL AVE, SAN DIEGO, CA, 92114",32.711268005992,-117.051600019875,195691691,R,06,073,003103,2003,060730031032003,Latitude/longitude filled from US Census Batch Geocoder exact match.
Boys & Girls Clubs of Greater San Diego,Afterschool program; youth development,Clairemont Branch,4635 Clairemont Mesa Blvd,San Diego,92117,32.834412930871,-117.190725303307,Tier 2,Youth Development and Enrichment,Verified,https://www.sdyouth.org/sign-up/,Official BGCGSD location page.,46,census_match_exact,US Census Batch Geocoder,No,46,"4635 Clairemont Mesa Blvd, San Diego, CA, 92117",Match,Exact,"4635 CLAIREMONT MESA BLVD, SAN DIEGO, CA, 92117",32.834412930871,-117.190725303307,195304701,R,06,073,008506,2000,060730085062000,Latitude/longitude filled from US Census Batch Geocoder exact match.
Boys & Girls Clubs of Greater San Diego,Afterschool program; youth development,Bob Payne Family Branch,1430 D Ave,National City,91950,32.672030432734,-117.100947581956,Tier 2,Youth Development and Enrichment,Verified,https://www.sdyouth.org/sign-up/,Official BGCGSD location page.,47,census_match_exact,US Census Batch Geocoder,No,47,"1430 D Ave, National City, CA, 91950",Match,Exact,"1430 D AVE, NATIONAL CITY, CA, 91950",32.672030432734,-117.100947581956,650406833,R,06,073,011700,3003,060730117003003,Latitude/longitude filled from US Census Batch Geocoder exact match.
Boys & Girls Clubs of Greater San Diego,Administration; resource and training center,Administrative Offices / Resource & Training Center,4635 Clairemont Mesa Blvd,San Diego,92117,32.834412930871,-117.190725303307,Tier 2,Youth Development and Enrichment,Verified,https://www.sdyouth.org/sign-up/,Administration office; keep or exclude depending on whether admin-only sites should be mapped.,48,census_match_exact,US Census Batch Geocoder,No,48,"4635 Clairemont Mesa Blvd, San Diego, CA, 92117",Match,Exact,"4635 CLAIREMONT MESA BLVD, SAN DIEGO, CA, 92117",32.834412930871,-117.190725303307,195304701,R,06,073,008506,2000,060730085062000,Latitude/longitude filled from US Census Batch Geocoder exact match.
Boys & Girls Clubs of North County,Administration,Administrative Office,205 W Alvarado St,Fallbrook,92028,33.382123461155,-117.252551664822,Tier 2,Youth Development and Enrichment,Verified,https://bgcnorthcounty.org/join-a-club/clubhouse-location/,Administration office.,49,census_match_exact,US Census Batch Geocoder,No,49,"205 W Alvarado St, Fallbrook, CA, 92028",Match,Exact,"205 W ALVARADO ST, FALLBROOK, CA, 92028",33.382123461155,-117.252551664822,195283243,R,06,073,018904,2011,060730189042011,Latitude/longitude filled from US Census Batch Geocoder exact match.
Boys & Girls Clubs of North County,Afterschool program; youth development,Ingold Clubhouse,445 E Ivy St,Fallbrook,92028,33.383619297891,-117.247581448036,Tier 2,Youth Development and Enrichment,Verified,https://bgcnorthcounty.org/join-a-club/clubhouse-location/,Main clubhouse.,50,census_match_exact,US Census Batch Geocoder,No,50,"445 E Ivy St, Fallbrook, CA, 92028",Match,Exact,"445 E IVY ST, FALLBROOK, CA, 92028",33.383619297891,-117.247581448036,195281834,R,06,073,018904,2000,060730189042000,Latitude/longitude filled from US Census Batch Geocoder exact match.
Boys & Girls Clubs of North County,School-site youth development,Fallbrook STEM Academy,405 W Fallbrook St,Fallbrook,92028,33.376741461924,-117.25520892236,Tier 2,Youth Development and Enrichment,Verified,https://bgcnorthcounty.org/join-a-club/school-sites/,Official school-site page.,51,census_match_exact,US Census Batch Geocoder,No,51,"405 W Fallbrook St, Fallbrook, CA, 92028",Match,Exact,"405 W FALLBROOK ST, FALLBROOK, CA, 92028",33.376741461924,-117.25520892236,195713312,R,06,073,018904,1005,060730189041005,Latitude/longitude filled from US Census Batch Geocoder exact match.
Boys & Girls Clubs of North County,School-site youth development,Maie Ellis Elementary,400 W Elder St,Fallbrook,92028,33.380195445737,-117.254142836885,Tier 2,Youth Development and Enrichment,Verified,https://bgcnorthcounty.org/join-a-club/school-sites/,Official school-site page.,52,census_match_exact,US Census Batch Geocoder,No,52,"400 W Elder St, Fallbrook, CA, 92028",Match,Exact,"400 W ELDER ST, FALLBROOK, CA, 92028",33.380195445737,-117.254142836885,195283241,L,06,073,018904,1005,060730189041005,Latitude/longitude filled from US Census Batch Geocoder exact match.
Boys & Girls Clubs of North County,School-site youth development,Live Oak Elementary,1978 Reche Rd,Fallbrook,92028,33.369235946011,-117.217843438763,Tier 2,Youth Development and Enrichment,Verified,https://bgcnorthcounty.org/join-a-club/school-sites/,Official school-site page.,53,census_match_exact,US Census Batch Geocoder,No,53,"1978 Reche Rd, Fallbrook, CA, 92028",Match,Exact,"1978 RECHE RD, FALLBROOK, CA, 92028",33.369235946011,-117.217843438763,195422323,L,06,073,019001,3007,060730190013007,Latitude/longitude filled from US Census Batch Geocoder exact match.
Boys & Girls Clubs of North County,School-site youth development,William H. Frazier Elementary,1835 Gum Tree Ln,Fallbrook,92028,33.387462867634,-117.224559415733,Tier 2,Youth Development and Enrichment,Verified,https://bgcnorthcounty.org/join-a-club/school-sites/,Official school-site page.,54,census_match_exact,US Census Batch Geocoder,No,54,"1835 Gum Tree Ln, Fallbrook, CA, 92028",Match,Exact,"1835 GUM TREE LN, FALLBROOK, CA, 92028",33.387462867634,-117.224559415733,644964253,R,06,073,019001,3004,060730190013004,Latitude/longitude filled from US Census Batch Geocoder exact match.
Boys & Girls Clubs of North County,School-site youth development,La Paloma Elementary,300 Heald Lane,Fallbrook,92028,33.378093869308,-117.23539542451,Tier 2,Youth Development and Enrichment,Verified,https://bgcnorthcounty.org/join-a-club/school-sites/,Official school-site page.,55,census_match_exact,US Census Batch Geocoder,No,55,"300 Heald Lane, Fallbrook, CA, 92028",Match,Exact,"300 HEALD LN, FALLBROOK, CA, 92028",33.378093869308,-117.23539542451,195457134,L,06,073,018904,4000,060730189044000,Latitude/longitude filled from US Census Batch Geocoder exact match.
Boys & Girls Clubs of North County,Afterschool site,Turnagain Apartments,920 E Mission Rd,Fallbrook,92028,33.38673086489,-117.241756230727,Tier 2,Youth Development and Enrichment,Verified,https://bgcnorthcounty.org/join-a-club/school-sites/,Official school-site page.,56,census_match_exact,US Census Batch Geocoder,No,56,"920 E Mission Rd, Fallbrook, CA, 92028",Match,Exact,"920 E MISSION RD, FALLBROOK, CA, 92028",33.38673086489,-117.241756230727,195281871,L,06,073,018903,3000,060730189033000,Latitude/longitude filled from US Census Batch Geocoder exact match.
Boys & Girls Clubs of North County,School-site youth development,Vallecitos Elementary School,5211 Fifth Street,Fallbrook,92028,33.413859860526,-117.149504573222,Tier 2,Youth Development and Enrichment,Verified,https://bgcnorthcounty.org/join-a-club/school-sites/,Official school-site page.,57,census_match_exact,US Census Batch Geocoder,No,57,"5211 Fifth Street, Fallbrook, CA, 92028",Match,Exact,"5211 5TH ST, FALLBROOK, CA, 92028",33.413859860526,-117.149504573222,195692314,L,06,073,019002,1021,060730190021021,Latitude/longitude filled from US Census Batch Geocoder exact match.
Boys & Girls Club of South County,Afterschool program; youth development,Odermatt Club & Administrative Office,847 Encina Ave,Imperial Beach,91932,32.58011877998,-117.115735920772,Tier 2,Youth Development and Enrichment,Verified,https://www.bgcscounty.org/program-services/locations,Official South County locations page.,58,census_match_exact,US Census Batch Geocoder,No,58,"847 Encina Ave, Imperial Beach, CA, 91932",Match,Exact,"847 ENCINA AVE, IMPERIAL BEACH, CA, 91932",32.58011877998,-117.115735920772,612868347,R,06,073,010300,4007,060730103004007,Latitude/longitude filled from US Census Batch Geocoder exact match.
Boys & Girls Club of South County,Afterschool program; youth development,Chula Vista Clubhouse,1301 Oleander Ave,Chula Vista,91910,32.612427949334,-117.033908608125,Tier 2,Youth Development and Enrichment,Medium verification,https://www.linkedin.com/company/bgcsouthcounty,Public listing; verify against official provider if possible.,59,census_match_non_exact_review,US Census Batch Geocoder,Yes,59,"1301 Oleander Ave, Chula Vista, CA, 91910",Match,Non_Exact,"1301 OLEANDER AVE, CHULA VISTA, CA, 91911",32.612427949334,-117.033908608125,195364235,L,06,073,013309,4000,060730133094000,Latitude/longitude filled from US Census Batch Geocoder non-exact match; review matched address before final use.
Boys & Girls Club of South County,Afterschool program; youth development,Imperial Beach Club Site,425 Imperial Beach Blvd,Imperial Beach,91932,32.576544958121,-117.123090608201,Tier 2,Youth Development and Enrichment,Medium verification,https://www.linkedin.com/company/bgcsouthcounty,Public listing; verify against official provider if possible.,60,census_match_exact,US Census Batch Geocoder,No,60,"425 Imperial Beach Blvd, Imperial Beach, CA, 91932",Match,Exact,"425 IMPERIAL BEACH BLVD, IMPERIAL BEACH, CA, 91932",32.576544958121,-117.123090608201,612869192,R,06,073,010201,1000,060730102011000,Latitude/longitude filled from US Census Batch Geocoder exact match.
Boys to Men Mentoring,Open Community Mentoring; In-School Mentoring; Adventure Mountain Weekends,Main Office,"3322 Sweetwater Springs Blvd, Suite 102",Spring Valley,91977,32.738846745655,-116.972501817122,Tier 2,Youth Development and Enrichment,Verified,https://boystomen.org/san-diego/,Official page lists contact address and notes 35 middle/high school partners across San Diego County.,61,census_match_exact,US Census Batch Geocoder,No,61,"3322 Sweetwater Springs Blvd, Suite 102, Spring Valley, CA, 91977",Match,Exact,"3322 SWEETWATER SPRINGS BLVD, SPRING VALLEY, CA, 91977",32.738846745655,-116.972501817122,195706630,L,06,073,013503,3000,060730135033000,Latitude/longitude filled from US Census Batch Geocoder exact match.
Boys to Men Mentoring,In-School Mentoring,Partner School Sites,Multiple school partners across San Diego County,Multiple,Needs lookup,,,Tier 2,Youth Development and Enrichment,Needs school-site expansion,https://boystomen.org/san-diego/,Official site lists school partner names but not addresses; expand later by matching each school name to school-location data.,62,excluded_non_mappable,not_uploaded,Yes,,,,,,,,,,,,,,,"Excluded from Census upload because it is not a specific physical street address, is mailing-only/PO Box, is virtual/mobile/multiple sites, or needs site-level lookup."
Braille Institute - San Diego Office,Tutoring & Dropout Prevention; School Supplies/Fees Assistance; General Workforce Preparation; Disability Support,San Diego Center,"9635 Granite Ridge Drive, Suite 130",San Diego,92123,32.805670565636,-117.12081182294,Tier 4,Transition Pathways and Intensive Wraparound Support,Verified,https://www.brailleinstitute.org/locations/san-diego/,Official Braille Institute San Diego location.,63,census_match_exact,US Census Batch Geocoder,No,63,"9635 Granite Ridge Drive, Suite 130, San Diego, CA, 92123",Match,Exact,"9635 GRANITE RIDGE DR, SAN DIEGO, CA, 92123",32.805670565636,-117.12081182294,195681341,R,06,073,009306,1004,060730093061004,Latitude/longitude filled from US Census Batch Geocoder exact match.
Brother Benno’s,Basic needs; meals; mail services; housing assistance; recovery support; benefits support,Brother Benno's Center,3260 Production Avenue,Oceanside,92058,33.215294344938,-117.348612046427,Tier 3,Barrier-Reduction and Targeted Support,Verified,https://brotherbenno.org/contact/,"Use this physical service site for mapping, not the PO Box.",64,census_match_exact,US Census Batch Geocoder,No,64,"3260 Production Avenue, Oceanside, CA, 92058",Match,Exact,"3260 PRODUCTION AVE, OCEANSIDE, CA, 92058",33.215294344938,-117.348612046427,195284214,L,06,073,018616,1031,060730186161031,Latitude/longitude filled from US Census Batch Geocoder exact match.
Brother Benno’s,Foundation correspondence,Brother Benno Foundation Mailing Address,PO Box 308,Oceanside,92049,,,Tier 3,Barrier-Reduction and Targeted Support,Mailing only / not mappable,https://brotherbenno.org/contact/,Do not map as physical service point.,65,excluded_non_mappable,not_uploaded,Yes,,,,,,,,,,,,,,,"Excluded from Census upload because it is not a specific physical street address, is mailing-only/PO Box, is virtual/mobile/multiple sites, or needs site-level lookup."
Building Skills Partnership,Occupational Skills Training; Financial Literacy; Workforce Development,San Diego Office,4001 El Cajon Blvd,San Diego,92105,32.755113936061,-117.108162976411,Tier 4,Transition Pathways and Intensive Wraparound Support,Verified,https://www.buildingskills.org/contact,Official contact page lists San Diego office.,66,census_match_exact,US Census Batch Geocoder,No,66,"4001 El Cajon Blvd, San Diego, CA, 92105",Match,Exact,"4001 EL CAJON BLVD, SAN DIEGO, CA, 92105",32.755113936061,-117.108162976411,636468273,R,06,073,002202,3002,060730022023002,Latitude/longitude filled from US Census Batch Geocoder exact match.
Casa de Amistad,Tutoring & Dropout Prevention; School Supplies/Fees Assistance; General Workforce Preparation,Casa de Amistad,120 Stevens Avenue,Solana Beach,92075,32.995771024224,-117.262461838126,Tier 4,Transition Pathways and Intensive Wraparound Support,Verified,https://www.casadeamistad.org/contact,Official contact page lists address.,67,census_match_exact,US Census Batch Geocoder,No,67,"120 Stevens Avenue, Solana Beach, CA, 92075",Match,Exact,"120 STEVENS AVE, SOLANA BEACH, CA, 92075",32.995771024224,-117.262461838126,195294203,L,06,073,017308,1002,060730173081002,Latitude/longitude filled from US Census Batch Geocoder exact match.
Casa De Amparo,Tutoring; Alternative Secondary School Services; Workforce Preparation; Housing Assistance; Transportation; Referrals,Casa de Amparo,325 Buena Creek Road,San Marcos,92069,33.183058028066,-117.160350409119,Tier 4,Transition Pathways and Intensive Wraparound Support,Verified,https://www.casadeamparo.org/contact,Official contact page lists San Marcos location.,68,census_match_exact,US Census Batch Geocoder,No,68,"325 Buena Creek Road, San Marcos, CA, 92069",Match,Exact,"325 BUENA CREEK RD, SAN MARCOS, CA, 92069",33.183058028066,-117.160350409119,195289973,L,06,073,020038,2001,060730200382001,Latitude/longitude filled from US Census Batch Geocoder exact match.
Casa Familiar,Referrals; Social Services; Family/Community Support,Andrea Skorepa Social Services Center,119 W Hall Ave,San Ysidro,92173,32.554672548233,-117.045402931945,Tier 3,Barrier-Reduction and Targeted Support,Verified,https://www.casafamiliar.org/faq_category/location/,Official Casa Familiar location page.,69,census_match_exact,US Census Batch Geocoder,No,69,"119 W Hall Ave, San Ysidro, CA, 92173",Match,Exact,"119 W HALL AVE, SAN YSIDRO, CA, 92173",32.554672548233,-117.045402931945,195365071,R,06,073,010013,1004,060730100131004,Latitude/longitude filled from US Census Batch Geocoder exact match.
Casa Familiar,Financial Opportunity; Workforce/Financial Navigation,Financial Opportunities Center,161 W San Ysidro Blvd,San Diego,92173,32.553261904685,-117.046582445194,Tier 3,Barrier-Reduction and Targeted Support,Verified,https://www.casafamiliar.org/faq_category/location/,Official Casa Familiar location page.,70,census_match_exact,US Census Batch Geocoder,No,70,"161 W San Ysidro Blvd, San Diego, CA, 92173",Match,Exact,"161 W SAN YSIDRO BLVD, SAN DIEGO, CA, 92173",32.553261904685,-117.046582445194,195365056,R,06,073,010013,1007,060730100131007,Latitude/longitude filled from US Census Batch Geocoder exact match.
Casa Familiar,"Arts, Culture, Youth/Community Engagement",The Front Arte & Cultura,147 W San Ysidro Blvd,San Diego,92173,32.553047538391,-117.046096968684,Tier 2,Youth Development and Enrichment,Verified,https://www.casafamiliar.org/faq-items/the-front-arte-cultura/,Official Casa Familiar / The FRONT page.,71,census_match_exact,US Census Batch Geocoder,No,71,"147 W San Ysidro Blvd, San Diego, CA, 92173",Match,Exact,"147 W SAN YSIDRO BLVD, SAN DIEGO, CA, 92173",32.553047538391,-117.046096968684,195365056,R,06,073,010013,1007,060730100131007,Latitude/longitude filled from US Census Batch Geocoder exact match.
Casa Familiar,Youth Services; Community Center Programming,San Ysidro Recreation & Community Center,268 East Park Ave,San Ysidro,92173,32.556593410281,-117.044010552492,Tier 2,Youth Development and Enrichment,Verified,https://www.casafamiliar.org/faq-items/san-ysidro-recreation-and-community-center/,"Official page says this site provides youth services ages 6–18, parent workshops, and community services.",72,census_match_exact,US Census Batch Geocoder,No,72,"268 East Park Ave, San Ysidro, CA, 92173",Match,Exact,"268 E PARK AVE, SAN YSIDRO, CA, 92173",32.556593410281,-117.044010552492,195365048,R,06,073,010013,2001,060730100132001,Latitude/longitude filled from US Census Batch Geocoder exact match.
Casa Familiar,Community/Civic Center Services,San Ysidro Civic Center,212 West Park Ave,San Ysidro,92173,32.554856224294,-117.04444193917,Tier 2,Youth Development and Enrichment,Verified,https://www.casafamiliar.org/faq_category/location/,Official Casa Familiar location page.,73,census_match_exact,US Census Batch Geocoder,No,73,"212 West Park Ave, San Ysidro, CA, 92173",Match,Exact,"212 W PARK AVE, SAN YSIDRO, CA, 92173",32.554856224294,-117.04444193917,195668697,R,06,073,010013,2002,060730100132002,Latitude/longitude filled from US Census Batch Geocoder exact match.
Center for Community Solutions - Catholic Charities Diocese of San Diego,Housing Assistance; Legal Aid; Counseling; Support Services,Center for Community Solutions - Coastal Office,4508 Mission Bay Drive,San Diego,92109,32.803330313886,-117.217046119302,Tier 3,Barrier-Reduction and Targeted Support,Verified,https://www.ccssd.org/contact-us,Official CCS contact page. Appendix provider name may combine/associate CCS and Catholic Charities; verify whether Catholic Charities should be separate.,74,census_match_exact,US Census Batch Geocoder,No,74,"4508 Mission Bay Drive, San Diego, CA, 92109",Match,Exact,"4508 MISSION BAY DR, SAN DIEGO, CA, 92109",32.803330313886,-117.217046119302,195734464,L,06,073,007800,1014,060730078001014,Latitude/longitude filled from US Census Batch Geocoder exact match.
Center for Community Solutions - Catholic Charities Diocese of San Diego,Housing Assistance; Legal Aid; Counseling; Support Services,Center for Community Solutions - East County Office,"460 Magnolia Ave, Suite 100",El Cajon,92020,,,Tier 3,Barrier-Reduction and Targeted Support,Verified,https://www.ccssd.org/contact-us,Official CCS contact page.,75,census_tie_review,US Census Batch Geocoder,Yes,75,"460 Magnolia Ave, Suite 100, El Cajon, CA, 92020",Tie,,,,,,,,,,,,Census returned a tie and did not provide a usable coordinate. Manually verify this address or retry with standardized formatting.
Center for Community Solutions - Catholic Charities Diocese of San Diego,Housing Assistance; Legal Aid; Counseling; Support Services,Center for Community Solutions - North County Office,"210 S Juniper St, Suite 101",Escondido,92025,33.122006967133,-117.077947528205,Tier 3,Barrier-Reduction and Targeted Support,Verified,https://www.ccssd.org/contact-us,Official CCS contact page.,76,census_match_exact,US Census Batch Geocoder,No,76,"210 S Juniper St, Suite 101, Escondido, CA, 92025",Match,Exact,"210 S JUNIPER ST, ESCONDIDO, CA, 92025",33.122006967133,-117.077947528205,657484195,L,06,073,020602,2017,060730206022017,Latitude/longitude filled from US Census Batch Geocoder exact match.
Center for Employment Opportunities - San Diego,Paid Work Experience; Occupational Skills Training; General Workforce Preparation,CEO San Diego,"303 A Street, Suite 100",San Diego,92101,32.718780943126,-117.161944540316,Tier 4,Transition Pathways and Intensive Wraparound Support,Verified,https://www.ceoworks.org/locations/san-diego,Official CEO San Diego location page.,77,census_match_exact,US Census Batch Geocoder,No,77,"303 A Street, Suite 100, San Diego, CA, 92101",Match,Exact,"303 A ST, SAN DIEGO, CA, 92101",32.718780943126,-117.161944540316,195343583,R,06,073,005302,1011,060730053021011,Latitude/longitude filled from US Census Batch Geocoder exact match.
Cesar Chavez Service Clubs Inc,Leadership Development; School-Based Service Clubs,School-Based Program Sites,Multiple public/private schools across San Diego County,Multiple,Needs lookup,,,Tier 2,Youth Development and Enrichment,Needs school-site expansion,https://www.chavezclubs.org/,Official site describes school-based leadership clubs across San Diego County but does not provide one central mappable service address.,78,excluded_non_mappable,not_uploaded,Yes,,,,,,,,,,,,,,,"Excluded from Census upload because it is not a specific physical street address, is mailing-only/PO Box, is virtual/mobile/multiple sites, or needs site-level lookup."
Chicano Federation,Leadership Development; Workforce Preparation; Housing Assistance; Referrals; Transportation; Childcare,Central Office,"3180 University Ave, Suite 400",San Diego,92104,32.748532529128,-117.125536899776,Tier 4,Transition Pathways and Intensive Wraparound Support,Verified,https://chicanofed.org/contact,Official contact page lists central office.,79,census_match_exact,US Census Batch Geocoder,No,79,"3180 University Ave, Suite 400, San Diego, CA, 92104",Match,Exact,"3180 UNIVERSITY AVE, SAN DIEGO, CA, 92104",32.748532529128,-117.125536899776,195705866,L,06,073,001600,4012,060730016004012,Latitude/longitude filled from US Census Batch Geocoder exact match.
Community Research Foundation Behavioral Healthcare,Housing Assistance; Health Services; Transportation; Benefits Assistance; Support Services,CRF Behavioral Healthcare Headquarters,"1202 Morena Boulevard, Suite 100",San Diego,92110,32.769881089201,-117.201630138927,Tier 3,Barrier-Reduction and Targeted Support,Verified,https://www.crfbehavioralhealthcare.org/,"Official site footer lists headquarters address. Many CRF programs are health/crisis-oriented, so decide whether to move some rows to Health domain.",80,census_match_exact,US Census Batch Geocoder,No,80,"1202 Morena Boulevard, Suite 100, San Diego, CA, 92110",Match,Exact,"1202 MORENA BLVD, SAN DIEGO, CA, 92110",32.769881089201,-117.201630138927,195304372,L,06,073,009108,1031,060730091081031,Latitude/longitude filled from US Census Batch Geocoder exact match.
Community Resource Center,Housing Assistance; Counseling; Health/Support Services,Social Services / Administration / Food & Nutrition Center,650 2nd Street,Encinitas,92024,33.043908659142,-117.294583819671,Tier 3,Barrier-Reduction and Targeted Support,Verified,https://crcncc.org/contact/,"Official contact page lists social services, food/nutrition, and administration at same address.",81,census_match_exact,US Census Batch Geocoder,No,81,"650 2nd Street, Encinitas, CA, 92024",Match,Exact,"650 2ND ST, ENCINITAS, CA, 92024",33.043908659142,-117.294583819671,195292853,R,06,073,017501,2038,060730175012038,Latitude/longitude filled from US Census Batch Geocoder exact match.
Community Resource Center,Resale Store / Community Support,Encinitas Resale Store,1331 Encinitas Blvd,Encinitas,92024,33.045899914219,-117.260681134167,Tier 3,Barrier-Reduction and Targeted Support,Verified but likely exclude from Youth Supports map,https://crcncc.org/contact/,"Resale store is listed by CRC; include only if you want all CRC assets, otherwise exclude from youth service map.",82,census_match_exact,US Census Batch Geocoder,No,82,"1331 Encinitas Blvd, Encinitas, CA, 92024",Match,Exact,"1331 ENCINITAS BLVD, ENCINITAS, CA, 92024",33.045899914219,-117.260681134167,195293528,R,06,073,017403,3000,060730174033000,Latitude/longitude filled from US Census Batch Geocoder exact match.
Computers 2 Kids (C2K),School Supplies/Technology Assistance; Education & Employment Support,Computers 2 Kids,8324 Miramar Mall,San Diego,92121,32.880109338742,-117.183013379735,Tier 2,Youth Development and Enrichment,Verified,https://c2k.org/,Official site lists San Diego address.,83,census_match_exact,US Census Batch Geocoder,No,83,"8324 Miramar Mall, San Diego, CA, 92121",Match,Exact,"8324 MIRAMAR MALL, SAN DIEGO, CA, 92121",32.880109338742,-117.183013379735,195300771,L,06,073,008350,1033,060730083501033,Latitude/longitude filled from US Census Batch Geocoder exact match.
Core 6,Leadership Development; Workforce Preparation; Entrepreneurship; Financial Literacy,Core 6,"2307 Fenton Parkway, 107-8",San Diego,92108,32.779644770997,-117.129263695764,Tier 4,Transition Pathways and Intensive Wraparound Support,Verified,https://core6.org/,Official site lists contact address.,84,census_match_non_exact_review,US Census Batch Geocoder,Yes,84,"2307 Fenton Parkway, 107-8, San Diego, CA, 92108",Match,Non_Exact,"2307 FENTON PKWY, SAN DIEGO, CA, 92108",32.779644770997,-117.129263695764,645308134,L,06,073,009307,2001,060730093072001,Latitude/longitude filled from US Census Batch Geocoder non-exact match; review matched address before final use.
Creating Coding Careers,Paid Work Experience; Occupational Skills Training,Creating Coding Careers,"San Diego, California",San Diego,Needs street address,,,Tier 4,Transition Pathways and Intensive Wraparound Support,No street address found,https://cccareers.org/,"Official site lists San Diego, California only. Do not map until a physical address or training site is verified.",85,excluded_non_mappable,not_uploaded,Yes,,,,,,,,,,,,,,,"Excluded from Census upload because it is not a specific physical street address, is mailing-only/PO Box, is virtual/mobile/multiple sites, or needs site-level lookup."
Crisis House,Housing Assistance; Other Education & Employment Services; Other Support Services,Crisis House Main Physical Location,"9550 Cuyamaca Street, Suite 101, 102, 201, 202",Santee,92071,32.85021601968,-116.98348643143,Tier 3,Barrier-Reduction and Targeted Support,Verified,https://crisishouse.org/,Official site lists physical address with multiple suites. Good mappable service location.,86,census_match_non_exact_review,US Census Batch Geocoder,Yes,86,"9550 Cuyamaca Street, Suite 101, 102, 201, 202, Santee, CA, 92071",Match,Non_Exact,"9550 N CUYAMACA ST, SANTEE, CA, 92071",32.85021601968,-116.98348643143,649827478,L,06,073,016614,2007,060730166142007,Latitude/longitude filled from US Census Batch Geocoder non-exact match; review matched address before final use.
Crisis House,Housing Assistance; Other Education & Employment Services; Other Support Services,Crisis House Mailing Address,"9550 Cuyamaca Street, Suite 101",Santee,92071,32.85021601968,-116.98348643143,Tier 3,Barrier-Reduction and Targeted Support,Verified but duplicate/mailing,https://crisishouse.org/,Same building as physical address. I would keep only the physical row for mapping.,87,census_match_non_exact_review,US Census Batch Geocoder,Yes,87,"9550 Cuyamaca Street, Suite 101, Santee, CA, 92071",Match,Non_Exact,"9550 N CUYAMACA ST, SANTEE, CA, 92071",32.85021601968,-116.98348643143,649827478,L,06,073,016614,2007,060730166142007,Latitude/longitude filled from US Census Batch Geocoder non-exact match; review matched address before final use.
David’s Harp Foundation,School supplies/fees assistance; Leadership Development; Paid and Unpaid Work Experiences; Occupational Skills Training; Referrals; Creative/media education,David's Harp Foundation,705 16th Street,San Diego,92101,32.712723471528,-117.149396504834,Tier 4,Transition Pathways and Intensive Wraparound Support,Verified,https://davidsharpfoundation.org/contact-us/,Official contact page lists mailing address; California Arts Council also lists this as organization address.,88,census_match_exact,US Census Batch Geocoder,No,88,"705 16th Street, San Diego, CA, 92101",Match,Exact,"705 16TH ST, SAN DIEGO, CA, 92101",32.712723471528,-117.149396504834,195344769,R,06,073,005201,1033,060730052011033,Latitude/longitude filled from US Census Batch Geocoder exact match.
Deaf Community Services of San Diego County,General Workforce Preparation; Reasonable Accommodations; Other Education & Employment Services,Deaf Community Services Headquarters,2240 Cleveland Ave,National City,91950,32.661088385113,-117.110346610696,Tier 4,Transition Pathways and Intensive Wraparound Support,Verified,https://deafcommunityservices.org/contact/,Official contact page lists DCS headquarters.,89,census_match_exact,US Census Batch Geocoder,No,89,"2240 Cleveland Ave, National City, CA, 91950",Match,Exact,"2240 CLEVELAND AVE, NATIONAL CITY, CA, 91950",32.661088385113,-117.110346610696,195354180,R,06,073,021900,1026,060730219001026,Latitude/longitude filled from US Census Batch Geocoder exact match.
"Delta Sigma Theta Sorority, Inc. North County Alumnae Chapter",Post-Secondary Preparation & Transition; Financial Literacy Education; Other Education & Employment Services,North San Diego County Alumnae Chapter Mailing Address,PO Box 502871,San Diego,92150-2871,,,Tier 4,Transition Pathways and Intensive Wraparound Support,Mailing only / not mappable,https://form.jotform.com/240757058457061,No physical youth-service site found. Do not map as point unless event/program site is later confirmed.,90,excluded_non_mappable,not_uploaded,Yes,,,,,,,,,,,,,,,"Excluded from Census upload because it is not a specific physical street address, is mailing-only/PO Box, is virtual/mobile/multiple sites, or needs site-level lookup."
"Delta Sigma Theta Sorority, Inc. San Diego Alumnae Chapter",Post-Secondary Preparation & Transition; Leadership Development; Other Education & Employment Services,San Diego Alumnae Chapter Mailing Address,PO Box 84781,San Diego,92138-4781,,,Tier 2,Youth Development and Enrichment,Mailing only / not mappable,https://www.dstsandiego.org/contact,Official contact page lists PO Box only. Do not map as point unless program/event site is confirmed.,91,excluded_non_mappable,not_uploaded,Yes,,,,,,,,,,,,,,,"Excluded from Census upload because it is not a specific physical street address, is mailing-only/PO Box, is virtual/mobile/multiple sites, or needs site-level lookup."
DETOUR,College/career access; Leadership Development; Paid and Unpaid Work Experiences; Occupational Skills Training; Workforce Preparation; Follow Up Services; Work attire/tools assistance; Referrals; Transportation,DETOUR Empowers,"404 Euclid Avenue, Suite 329",San Diego,92114,32.708965058716,-117.085059881181,Tier 4,Transition Pathways and Intensive Wraparound Support,Verified,https://detourempowers.org/contact/,Official contact page lists physical/mailing address.,92,census_match_exact,US Census Batch Geocoder,No,92,"404 Euclid Avenue, Suite 329, San Diego, CA, 92114",Match,Exact,"404 EUCLID AVE, SAN DIEGO, CA, 92114",32.708965058716,-117.085059881181,195351940,L,06,073,003304,2000,060730033042000,Latitude/longitude filled from US Census Batch Geocoder exact match.
DETOUR,College/career access; Leadership Development; Paid and Unpaid Work Experiences; Occupational Skills Training; Workforce Preparation; Follow Up Services; Work attire/tools assistance; Referrals; Transportation,DETOUR Empowers Mailing Address,PO Box 152654,San Diego,92195,,,Tier 4,Transition Pathways and Intensive Wraparound Support,Mailing only / likely older,https://www.empoweredbydetour.org/contact-us/,Older/alternate DETOUR contact page lists PO Box. Do not map.,93,excluded_non_mappable,not_uploaded,Yes,,,,,,,,,,,,,,,"Excluded from Census upload because it is not a specific physical street address, is mailing-only/PO Box, is virtual/mobile/multiple sites, or needs site-level lookup."
Doors of Change,Housing Assistance; Drug & Mental Health Counseling; Other Support Services,Doors of Change / Photocharity,"1441 San Elijo Ave, Suite B",Cardiff,92007,33.031240207655,-117.288875446358,Tier 3,Barrier-Reduction and Targeted Support,Medium verification,https://doorsofchange.org/,"Official website confirms San Diego County youth homelessness services, but address came from Cause IQ profile. Verify before final map use.",94,census_match_non_exact_review,US Census Batch Geocoder,Yes,94,"1441 San Elijo Ave, Suite B, Cardiff, CA, 92007",Match,Non_Exact,"1441 SAN ELIJO AVE, CARDIFF, CA, 92007",33.031240207655,-117.288875446358,655807556,L,06,073,017407,1013,060730174071013,Latitude/longitude filled from US Census Batch Geocoder non-exact match; review matched address before final use.
Dreams & Ducats,School supplies/fees assistance; Leadership Development; Occupational Skills Training; Workforce Preparation; Entrepreneurship Skills Training; Other Education & Employment Services,DREAMS+DUCATS,"1007 5th Ave, Apt 504",San Diego,92101,32.715812470282,-117.160090994065,Tier 4,Transition Pathways and Intensive Wraparound Support,Medium verification / likely mailing,https://dreamsducats.org/,Candid lists this address. It may be a mailing/admin address rather than public service site. Verify before mapping.,95,census_match_exact,US Census Batch Geocoder,No,95,"1007 5th Ave, Apt 504, San Diego, CA, 92101",Match,Exact,"1007 5TH AVE, SAN DIEGO, CA, 92101",32.715812470282,-117.160090994065,195684570,R,06,073,005301,1015,060730053011015,Latitude/longitude filled from US Census Batch Geocoder exact match.
Dreams & Ducats,Financial wellness/community learning event site,San Diego Made Factory,2031 Commercial Street,San Diego,92113,32.705172943908,-117.145482057021,Tier 4,Transition Pathways and Intensive Wraparound Support,Event location only,https://www.sandiego.gov/event/dreams-ducats-presents-cream,"This was a listed City of San Diego event location, not necessarily headquarters. Use only if mapping event/program sites.",96,census_match_exact,US Census Batch Geocoder,No,96,"2031 Commercial Street, San Diego, CA, 92113",Match,Exact,"2031 COMMERCIAL ST, SAN DIEGO, CA, 92113",32.705172943908,-117.145482057021,195347732,R,06,073,004900,3007,060730049003007,Latitude/longitude filled from US Census Batch Geocoder exact match.
Encuentros Leadership,Tutoring & Dropout Prevention; Postsecondary Preparation; Educational Testing Assistance; Leadership Development; Financial Literacy; Referrals,Encuentros Leadership Mailing Address,PO Box 2529,San Marcos,92079-2529,,,Tier 4,Transition Pathways and Intensive Wraparound Support,Mailing only / not mappable,https://encuentrosleadership.org/,Official site confirms programs in San Diego County; public nonprofit profiles list PO Box only.,97,excluded_non_mappable,not_uploaded,Yes,,,,,,,,,,,,,,,"Excluded from Census upload because it is not a specific physical street address, is mailing-only/PO Box, is virtual/mobile/multiple sites, or needs site-level lookup."
Encuentros Leadership,Career Exploration Conference; Teacher Academy; Latino male student leadership,Countywide / school and conference-based sites,Multiple partner/event sites across San Diego County,Multiple,Needs lookup,,,Tier 4,Transition Pathways and Intensive Wraparound Support,Needs site-level expansion,https://encuentrosleadership.org/programs/,Programs appear school/conference-based. Need specific event/school locations before mapping.,98,excluded_non_mappable,not_uploaded,Yes,,,,,,,,,,,,,,,"Excluded from Census upload because it is not a specific physical street address, is mailing-only/PO Box, is virtual/mobile/multiple sites, or needs site-level lookup."
Epiphany Women In Focus,General Workforce Preparation; Housing Assistance; Referrals; Legal Aid Services; Restorative practices; Healing circles,T.H.E C.I.R.C.L.E by Epiphany,5081 Logan Avenue,San Diego,92113,32.696703941891,-117.085926345765,Tier 4,Transition Pathways and Intensive Wraparound Support,Verified,https://thecirclebyepiphany.org/,Official T.H.E C.I.R.C.L.E page lists this address.,99,census_match_exact,US Census Batch Geocoder,No,99,"5081 Logan Avenue, San Diego, CA, 92113",Match,Exact,"5081 LOGAN AVE, SAN DIEGO, CA, 92113",32.696703941891,-117.085926345765,195704918,R,06,073,003305,3000,060730033053000,Latitude/longitude filled from US Census Batch Geocoder exact match.
Epiphany Women In Focus,General Workforce Preparation; Housing Assistance; Referrals; Legal Aid Services; Restorative practices; Healing circles,Epiphany Women In Focus Alternate Listing,6125 Imperial Ave,San Diego,92114,32.709546080471,-117.065824790589,Tier 4,Transition Pathways and Intensive Wraparound Support,Alternate listing / needs verification,https://business.sdblackchamber.org/list/member/epiphany-women-in-focus-102,San Diego Black Chamber listing. Verify whether current or older site.,100,census_match_exact,US Census Batch Geocoder,No,100,"6125 Imperial Ave, San Diego, CA, 92114",Match,Exact,"6125 IMPERIAL AVE, SAN DIEGO, CA, 92114",32.709546080471,-117.065824790589,195352982,R,06,073,003112,2002,060730031122002,Latitude/longitude filled from US Census Batch Geocoder exact match.
Epiphany Women In Focus,General Workforce Preparation; Housing Assistance; Referrals; Legal Aid Services; Restorative practices; Healing circles,Epiphany Women In Focus IRS/Mailing Listing,"1730 Euclid Ave, Unit 1",San Diego,92105,32.723352169219,-117.085006556958,Tier 4,Transition Pathways and Intensive Wraparound Support,Mailing/IRS listing / not preferred for map,https://www.charitynavigator.org/ein/270160478,Charity Navigator lists this address. Prefer official T.H.E C.I.R.C.L.E address for mapping.,101,census_match_exact,US Census Batch Geocoder,No,101,"1730 Euclid Ave, Unit 1, San Diego, CA, 92105",Match,Exact,"1730 EUCLID AVE, SAN DIEGO, CA, 92105",32.723352169219,-117.085006556958,645111274,L,06,073,003401,4014,060730034014014,Latitude/longitude filled from US Census Batch Geocoder exact match.
ESCOKIDOS,Referrals to Health & Community Services; Other Support Services,ESCOKIDOS,No public street address verified,Escondido,Needs lookup,,,Tier 3,Barrier-Reduction and Targeted Support,Needs address verification,https://www.escokidos.org/,Official site confirms services in North and South San Diego County but no public street address found.,102,excluded_non_mappable,not_uploaded,Yes,,,,,,,,,,,,,,,"Excluded from Census upload because it is not a specific physical street address, is mailing-only/PO Box, is virtual/mobile/multiple sites, or needs site-level lookup."
Escondido Education COMPACT,Tutoring & Dropout Prevention; Leadership Development; Workforce Preparation; Transportation; Benefits Assistance; Juvenile Diversion; Case Management,Escondido Education COMPACT New Office,355 W Grand Ave,Escondido,92025,33.119883077444,-117.084887744646,Tier 4,Transition Pathways and Intensive Wraparound Support,Verified / likely current,https://www.educationcompact.org/,Official homepage says COMPACT has a new office at 355 W Grand Ave.,103,census_match_exact,US Census Batch Geocoder,No,103,"355 W Grand Ave, Escondido, CA, 92025",Match,Exact,"355 W GRAND AVE, ESCONDIDO, CA, 92025",33.119883077444,-117.084887744646,195313345,L,06,073,020214,3023,060730202143023,Latitude/longitude filled from US Census Batch Geocoder exact match.
Escondido Education COMPACT,Tutoring & Dropout Prevention; Leadership Development; Workforce Preparation; Transportation; Benefits Assistance; Juvenile Diversion; Case Management,Escondido Education COMPACT Older/Main Listed Office,220 S Broadway,Escondido,92025,33.120572878119,-117.080627957345,Tier 4,Transition Pathways and Intensive Wraparound Support,Official listing but may be outdated,https://www.educationcompact.org/contact-us,"Official contact page still lists 220 S Broadway, while homepage says new office at 355 W Grand Ave. Keep both until verified.",104,census_match_exact,US Census Batch Geocoder,No,104,"220 S Broadway, Escondido, CA, 92025",Match,Exact,"220 S BROADWAY, ESCONDIDO, CA, 92025",33.120572878119,-117.080627957345,657483831,L,06,073,020601,2001,060730206012001,Latitude/longitude filled from US Census Batch Geocoder exact match.
Family Health Centers of San Diego,Drug & Mental Health Counseling; Health Services,FamilyHealth-Youth Counseling Center,2130 National Avenue,San Diego,92113,32.6982799,-117.1409288,Health Domain,Move to Health Opportunity domain,Verified with coordinates,https://www.fhcsd.org/familyhealth-youth-counseling-center/,FHCSD page lists youth counseling address and coordinates.,105,already_had_latlon,original_file,No,105,,,,,,,,,,,,,,Original latitude/longitude retained.
Family Health Centers of San Diego,Healthy Development Services; pediatric developmental services; social-emotional/behavioral services; parent coaching and therapy,Healthy Development Services - Central,2044 1st Avenue #200,San Diego,92101,32.7266381,-117.1641901,Health Domain,Move to Health Opportunity domain,Verified with coordinates,https://www.fhcsd.org/healthy-development-services-central/,FHCSD page lists address and coordinates.,106,already_had_latlon,original_file,No,106,,,,,,,,,,,,,,Original latitude/longitude retained.
Family Health Centers of San Diego,Administrative office only,Family Health Centers of San Diego Administration,823 Gateway Center Way,San Diego,92102,32.714955633674,-117.113935427524,Health Domain,Administrative / not a service site,Verified but exclude from service-access map,https://www.fhcsd.org/contact-us/,FHCSD states no patient services are offered at this administrative site.,107,census_match_exact,US Census Batch Geocoder,No,107,"823 Gateway Center Way, San Diego, CA, 92102",Match,Exact,"823 GATEWAY CENTER WAY, SAN DIEGO, CA, 92102",32.714955633674,-117.113935427524,195681387,R,06,073,003403,1001,060730034031001,Latitude/longitude filled from US Census Batch Geocoder exact match.
Father Joe’s Villages,Tutoring & Dropout Prevention; Occupational Skills Training; General Workforce Preparation; Housing Assistance; Drug & Mental Health Counseling; Other Support Services,Father Joe's Villages / St. Vincent de Paul Village,3350 E Street,San Diego,92102,32.714512532978,-117.121594662113,Tier 4,Transition Pathways and Intensive Wraparound Support,Verified,https://my.neighbor.org/contact-us/,"Main Father Joe's Villages address. Because this includes health/housing and workforce supports, keep Tier 4 but consider health/housing subflags.",108,census_match_exact,US Census Batch Geocoder,No,108,"3350 E Street, San Diego, CA, 92102",Match,Exact,"3350 E ST, SAN DIEGO, CA, 92102",32.714512532978,-117.121594662113,195677750,L,06,073,004101,3013,060730041013013,Latitude/longitude filled from US Census Batch Geocoder exact match.
Father Joe’s Villages,Retail / social enterprise support,Thrift Store / Retail Customer Service,815 33rd Street,San Diego,92102,32.713996172312,-117.123071508293,Tier 4,Transition Pathways and Intensive Wraparound Support,Verified but likely exclude unless mapping social enterprise sites,https://my.neighbor.org/contact-us/,"This is retail customer service/thrift-store related, not necessarily direct youth service.",109,census_match_exact,US Census Batch Geocoder,No,109,"815 33rd Street, San Diego, CA, 92102",Match,Exact,"815 33RD ST, SAN DIEGO, CA, 92102",32.713996172312,-117.123071508293,195677746,R,06,073,004101,3013,060730041013013,Latitude/longitude filled from US Census Batch Geocoder exact match.
Feeding San Diego,Food support; basic needs support; outreach; CalFresh connection,Feeding San Diego Physical Address,"9477 Waples St., Ste. 100",San Diego,92121,32.902287201737,-117.183622332115,Tier 3,Barrier-Reduction and Targeted Support,Verified,https://feedingsandiego.org/connect-with-us/,Official contact page lists physical address. Not youth-specific by itself; include only if using food/basic-needs supports.,110,census_match_exact,US Census Batch Geocoder,No,110,"9477 Waples St., Suite 100, San Diego, CA, 92121",Match,Exact,"9477 WAPLES ST, SAN DIEGO, CA, 92121",32.902287201737,-117.183622332115,195659752,L,06,073,008350,2006,060730083502006,Latitude/longitude filled from US Census Batch Geocoder exact match.
Feeding San Diego,Mailing address,Feeding San Diego Mailing Address,PO Box 720010,San Diego,92172-0010,,,Tier 3,Barrier-Reduction and Targeted Support,Mailing only / not mappable,https://feedingsandiego.org/connect-with-us/,Do not map.,111,excluded_non_mappable,not_uploaded,Yes,,,,,,,,,,,,,,,"Excluded from Census upload because it is not a specific physical street address, is mailing-only/PO Box, is virtual/mobile/multiple sites, or needs site-level lookup."
Financial Coach 4 U,Post-Secondary Preparation & Transition; Assistance with School Supplies & Fees; Financial Literacy Education; Other Education & Employment Services,Financial Coach 4 U,No public street address verified,San Diego,Needs lookup,,,Tier 4,Transition Pathways and Intensive Wraparound Support,Needs address verification,https://www.fc4u1stopshop.com/,Public profiles list San Diego headquarters but no reliable public street address found in this pass.,112,excluded_non_mappable,not_uploaded,Yes,,,,,,,,,,,,,,,"Excluded from Census upload because it is not a specific physical street address, is mailing-only/PO Box, is virtual/mobile/multiple sites, or needs site-level lookup."
Financial Coach 4 U,Financial literacy workshop/event site,Community Actors Theatre,2957 54th St,San Diego,92105,32.736247290094,-117.079337985803,Tier 4,Transition Pathways and Intensive Wraparound Support,Event location only,https://www.facebook.com/financialcoach4u/,"Used for a public workshop listing, not confirmed as headquarters or regular service site.",113,census_match_exact,US Census Batch Geocoder,No,113,"2957 54th St, San Diego, CA, 92105",Match,Exact,"2957 54TH ST, SAN DIEGO, CA, 92105",32.736247290094,-117.079337985803,195663333,R,06,073,002711,2010,060730027112010,Latitude/longitude filled from US Census Batch Geocoder exact match.
First Gen Scholars,Post-Secondary Preparation & Transition; Assistance with School Supplies & Fees; Other Education & Employment Services,First Gen Scholars,No public street address verified,San Diego County,Needs lookup,,,Tier 2,Youth Development and Enrichment,Countywide / no mappable headquarters found,https://www.firstgenscholars.org/,Official site describes countywide college-access work but does not expose a clear headquarters address.,114,excluded_non_mappable,not_uploaded,Yes,,,,,,,,,,,,,,,"Excluded from Census upload because it is not a specific physical street address, is mailing-only/PO Box, is virtual/mobile/multiple sites, or needs site-level lookup."
First Gen Scholars,College access programming; club/cohort programming,Southeastern Live Well Center,5101 Market St,San Diego,92114,32.710383843376,-117.084896846342,Tier 2,Youth Development and Enrichment,Event/program location only,https://www.instagram.com/1stgenscholars/,Social listing points to Southeastern Live Well Center. Verify before treating as a regular site.,115,census_match_exact,US Census Batch Geocoder,No,115,"5101 Market St, San Diego, CA, 92114",Match,Exact,"5101 MARKET ST, SAN DIEGO, CA, 92114",32.710383843376,-117.084896846342,195351931,R,06,073,003001,3009,060730030013009,Latitude/longitude filled from US Census Batch Geocoder exact match.
"Fit, Black, and Educated, Inc.",Community wellness; financial literacy; culturally rooted programming,"Fit, Black, and Educated, Inc.",2801 B Street 3098,San Diego,92102,32.717871941799,-117.133745503119,Review / Not enough detail,Unclassified from appendix / possible Youth Development,Medium verification,https://business.sdblackchamber.org/list/member/fit-black-and-educated-inc-5214,Appendix lists no services. Address from San Diego Black Chamber listing; verify before mapping.,116,census_match_non_exact_review,US Census Batch Geocoder,Yes,116,"2801 B Street 3098, San Diego, CA, 92102",Match,Non_Exact,"2801 B ST, SAN DIEGO, CA, 92102",32.717871941799,-117.133745503119,612868645,R,06,073,004101,1002,060730041011002,Latitude/longitude filled from US Census Batch Geocoder non-exact match; review matched address before final use.
"Fit, Black, and Educated, Inc.",Community fitness/wellness event,FBE Juneteenth 5K event site / Neal Petties Mountain View Community Park,No exact street address listed,San Diego,92102,,,Review / Not enough detail,Event location only,https://runsignup.com/Race/92390/Charity/34291,"Event site only, not headquarters. Use only if mapping program/event locations.",,117,excluded_non_mappable,not_uploaded,Yes,,,,,,,,,,,,,,,"Excluded from Census upload because it is not a specific physical street address, is mailing-only/PO Box, is virtual/mobile/multiple sites, or needs site-level lookup."
Girl Scouts San Diego,Leadership Development; Post-Secondary Preparation & Transition; General Workforce Preparation; Other Education & Employment Services,Balboa Campus,1231 Upas St,San Diego,92103,32.741064940023,-117.153064497456,Tier 4,Transition Pathways and Intensive Wraparound Support,Verified,https://www.sdgirlscouts.org/en/discover/our-council/our-locations.html,Official locations page.,118,census_match_exact,US Census Batch Geocoder,No,118,"1231 Upas St, San Diego, CA, 92103",Match,Exact,"1231 UPAS ST, SAN DIEGO, CA, 92103",32.741064940023,-117.153064497456,195343627,R,06,073,005602,2009,060730056022009,Latitude/longitude filled from US Census Batch Geocoder exact match.
Girl Scouts San Diego,Leadership Development; outdoor/camp programming,Whispering Oaks,4949 Pine Hills Road,Julian,92036,33.038293949991,-116.626330292583,Tier 4,Transition Pathways and Intensive Wraparound Support,Verified,https://www.sdgirlscouts.org/en/discover/our-council/our-locations.html,Official locations page.,119,census_match_exact,US Census Batch Geocoder,No,119,"4949 Pine Hills Road, Julian, CA, 92036",Match,Exact,"4949 PINE HILLS RD, JULIAN, CA, 92036",33.038293949991,-116.626330292583,195337144,R,06,073,020904,3028,060730209043028,Latitude/longitude filled from US Census Batch Geocoder exact match.
Girl Scouts San Diego,Leadership Development; program center,Escondido Program Center,3050 Las Palmas,Escondido,92025,33.084775847299,-117.062228473054,Tier 4,Transition Pathways and Intensive Wraparound Support,Verified,https://www.sdgirlscouts.org/en/discover/our-council/our-locations.html,Official locations page.,120,census_match_non_exact_review,US Census Batch Geocoder,Yes,120,"3050 Las Palmas, Escondido, CA, 92025",Match,Non_Exact,"3050 LAS PALMAS AVE, ESCONDIDO, CA, 92025",33.084775847299,-117.062228473054,195423273,L,06,073,020708,1005,060730207081005,Latitude/longitude filled from US Census Batch Geocoder non-exact match; review matched address before final use.
Girl Scouts San Diego,Leadership Development; outdoor/camp programming,Camp Winacka,4720 Boulder Creek Road,Julian,92036,33.035491883304,-116.634521628053,Tier 4,Transition Pathways and Intensive Wraparound Support,Verified,https://www.sdgirlscouts.org/en/discover/our-council/our-locations.html,Official locations page.,121,census_match_exact,US Census Batch Geocoder,No,121,"4720 Boulder Creek Road, Julian, CA, 92036",Match,Exact,"4720 BOULDER CREEK RD, JULIAN, CA, 92036",33.035491883304,-116.634521628053,195718049,L,06,073,020902,1000,060730209021000,Latitude/longitude filled from US Census Batch Geocoder exact match.
Girl Scouts San Diego,Leadership Development; Imperial Valley regional center,Imperial Valley Center,1402 W. Pico Ave. #164,El Centro,92243,32.805709442875,-115.568782716134,Tier 4,Transition Pathways and Intensive Wraparound Support,Verified but outside San Diego County,https://www.sdgirlscouts.org/en/discover/our-council/our-locations.html,Outside San Diego County; exclude from San Diego County YOI unless using broader council coverage.,122,census_match_exact,US Census Batch Geocoder,No,122,"1402 W. Pico Ave. #164, El Centro, CA, 92243",Match,Exact,"1402 W PICO AVE, EL CENTRO, CA, 92243",32.805709442875,-115.568782716134,648179950,L,06,025,011201,1023,060250112011023,Latitude/longitude filled from US Census Batch Geocoder exact match.
Girls on the Run San Diego,Leadership Development; youth enrichment; social-emotional learning through running,Girls on the Run San Diego,"5694 Mission Center Road, Suite 602-336",San Diego,92108,32.776900856092,-117.154497678194,Tier 2,Youth Development and Enrichment,Verified,https://www.gotrsd.org/organization,Official organization page lists address and countywide service.,123,census_match_exact,US Census Batch Geocoder,No,123,"5694 Mission Center Road, Suite 602-336, San Diego, CA, 92108",Match,Exact,"5694 MISSION CENTER RD, SAN DIEGO, CA, 92108",32.776900856092,-117.154497678194,612866366,L,06,073,008702,2001,060730087022001,Latitude/longitude filled from US Census Batch Geocoder exact match.
Global Communities,Leadership Development; Health Services; Referrals; Transportation; Human Trafficking Prevention; Project ROOTS,Global Communities San Diego Office,"5151 Murphy Canyon Rd, Suite 320",San Diego,92123,32.831676520493,-117.120497726637,Tier 3,Barrier-Reduction and Targeted Support,Verified / archive source,https://globalcommunities-archive.org/contact-us/,Archived official contact page lists San Diego office. Current page confirms Project ROOTS in San Diego but location should be rechecked before final map.,124,census_match_exact,US Census Batch Geocoder,No,124,"5151 Murphy Canyon Rd, Suite 320, San Diego, CA, 92123",Match,Exact,"5151 MURPHY CANYON RD, SAN DIEGO, CA, 92123",32.831676520493,-117.120497726637,637240719,R,06,073,008511,1019,060730085111019,Latitude/longitude filled from US Census Batch Geocoder exact match.
Good for Others,Paid and Unpaid Work Experiences; Occupational Skills Training,Good For Others Foundation,No public street address verified,San Diego,92117,,,Tier 4,Transition Pathways and Intensive Wraparound Support,City/ZIP only,https://goodforothers.org/,"LinkedIn/public listings show San Diego/92117 and workforce programming, but no reliable street address found.",125,excluded_non_mappable,not_uploaded,Yes,,,,,,,,,,,,,,,"Excluded from Census upload because it is not a specific physical street address, is mailing-only/PO Box, is virtual/mobile/multiple sites, or needs site-level lookup."
Good for Others,Workforce training / nonprofit-sector training event site,Southeastern Live Well Center,5101 Market St,San Diego,92114,32.710383843376,-117.084896846342,Tier 4,Transition Pathways and Intensive Wraparound Support,Event/program location only,https://www.facebook.com/GoodForOthersFoundation/,"Event listing, not confirmed headquarters.",126,census_match_exact,US Census Batch Geocoder,No,126,"5101 Market St, San Diego, CA, 92114",Match,Exact,"5101 MARKET ST, SAN DIEGO, CA, 92114",32.710383843376,-117.084896846342,195351931,R,06,073,003001,3009,060730030013009,Latitude/longitude filled from US Census Batch Geocoder exact match.
Goodwill Industries,Paid and Unpaid Work Experiences; Occupational Skills Training; General Workforce Preparation,Goodwill Industries of San Diego County Headquarters,3663 Rosecrans Street,San Diego,92110,32.751012111162,-117.204874693535,Tier 4,Transition Pathways and Intensive Wraparound Support,Verified,https://sdgoodwill.org/aboutus/contact/,Official contact page lists headquarters and department contacts.,127,census_match_exact,US Census Batch Geocoder,No,127,"3663 Rosecrans Street, San Diego, CA, 92110",Match,Exact,"3663 ROSECRANS ST, SAN DIEGO, CA, 92110",32.751012111162,-117.204874693535,195340927,R,06,073,006500,1033,060730065001033,Latitude/longitude filled from US Census Batch Geocoder exact match.
Goodwill Industries,Community Employment Services; Employment Supports; Job Development,Goodwill Community Employment Centers - systemwide,Six Community Employment Centers throughout San Diego County,Multiple,Needs lookup,,,Tier 4,Transition Pathways and Intensive Wraparound Support,Confirmed but addresses hidden/not parsed,https://sdgoodwill.org/jobs/community-employment-centers/,"Official site says six Community Employment Centers. Need site addresses from locator, manual map view, or direct contact.",128,excluded_non_mappable,not_uploaded,Yes,,,,,,,,,,,,,,,"Excluded from Census upload because it is not a specific physical street address, is mailing-only/PO Box, is virtual/mobile/multiple sites, or needs site-level lookup."
Goodwill Industries,Community Employment Services; Employment Supports; Job Development,Chula Vista H Street Goodwill Employment Center,Address not publicly displayed by CARF,Chula Vista,Needs lookup,,,Tier 4,Transition Pathways and Intensive Wraparound Support,City-level only / needs address,https://carf.org/provider/goodwill-industries-of-san-diego-county-78611/,CARF lists location name/city but says contact information not displayed at provider request.,129,excluded_non_mappable,not_uploaded,Yes,,,,,,,,,,,,,,,"Excluded from Census upload because it is not a specific physical street address, is mailing-only/PO Box, is virtual/mobile/multiple sites, or needs site-level lookup."
Goodwill Industries,Community Employment Services; Employment Supports; Job Development,La Mesa Offices,Address not publicly displayed by CARF,La Mesa,Needs lookup,,,Tier 4,Transition Pathways and Intensive Wraparound Support,City-level only / needs address,https://carf.org/provider/goodwill-industries-of-san-diego-county-78611/,CARF lists location name/city but hides address.,130,excluded_non_mappable,not_uploaded,Yes,,,,,,,,,,,,,,,"Excluded from Census upload because it is not a specific physical street address, is mailing-only/PO Box, is virtual/mobile/multiple sites, or needs site-level lookup."
Goodwill Industries,Community Employment Services; Employment Supports; Job Development,San Ysidro Goodwill Employment Center,Address not publicly displayed by CARF,San Ysidro,Needs lookup,,,Tier 4,Transition Pathways and Intensive Wraparound Support,City-level only / needs address,https://carf.org/provider/goodwill-industries-of-san-diego-county-78611/,CARF lists location name/city but hides address.,131,excluded_non_mappable,not_uploaded,Yes,,,,,,,,,,,,,,,"Excluded from Census upload because it is not a specific physical street address, is mailing-only/PO Box, is virtual/mobile/multiple sites, or needs site-level lookup."
Goodwill Industries,Community Employment Services; Employment Supports; Job Development,Escondido Goodwill Employment Center,Address not publicly displayed by CARF,Escondido,Needs lookup,,,Tier 4,Transition Pathways and Intensive Wraparound Support,City-level only / needs address,https://carf.org/provider/goodwill-industries-of-san-diego-county-78611/,CARF lists location name/city but hides address.,132,excluded_non_mappable,not_uploaded,Yes,,,,,,,,,,,,,,,"Excluded from Census upload because it is not a specific physical street address, is mailing-only/PO Box, is virtual/mobile/multiple sites, or needs site-level lookup."
Goodwill Industries,Community Employment Services; Employment Supports; Job Development,North County VTC,Address not publicly displayed by CARF,Oceanside,Needs lookup,,,Tier 4,Transition Pathways and Intensive Wraparound Support,City-level only / needs address,https://carf.org/provider/goodwill-industries-of-san-diego-county-78611/,CARF lists location name/city but hides address.,133,excluded_non_mappable,not_uploaded,Yes,,,,,,,,,,,,,,,"Excluded from Census upload because it is not a specific physical street address, is mailing-only/PO Box, is virtual/mobile/multiple sites, or needs site-level lookup."
Goodwill Industries,Community Employment Services; Employment Supports; Job Development,El Centro Retail Store and Outlet,351 Wake Ave,El Centro,92243,32.7711338549,-115.550947210767,Tier 4,Transition Pathways and Intensive Wraparound Support,Verified but outside San Diego County,https://carf.org/provider/goodwill-industries-of-san-diego-county-78611/,"CARF lists full address, but El Centro is outside San Diego County. Exclude from San Diego County YOI.",134,census_match_non_exact_review,US Census Batch Geocoder,Yes,134,"351 Wake Ave, El Centro, CA, 92243",Match,Non_Exact,"351 W WAKE AVE, EL CENTRO, CA, 92243",32.7711338549,-115.550947210767,194533130,L,06,025,011803,1001,060250118031001,Latitude/longitude filled from US Census Batch Geocoder non-exact match; review matched address before final use.
Harmonium San Diego,Referrals; Transportation; Benefits Assistance; Housing Assistance; Other Support Services; Youth/education programs,Administrative Office,"5440 Morehouse Dr, Suite 1000",San Diego,92121,32.893794745736,-117.20069731538,Tier 3,Barrier-Reduction and Targeted Support,Verified,https://www.harmoniumsd.org/contact,Official contact page lists administrative office address.,135,census_match_exact,US Census Batch Geocoder,No,135,"5440 Morehouse Dr, Suite 1000, San Diego, CA, 92121",Match,Exact,"5440 MOREHOUSE DR, SAN DIEGO, CA, 92121",32.893794745736,-117.20069731538,195300549,L,06,073,008346,2022,060730083462022,Latitude/longitude filled from US Census Batch Geocoder exact match.
Harmonium San Diego,PrimeTime / school-based youth programs,School-based program sites,Multiple school sites across San Diego County,Multiple,Needs lookup,,,Tier 3,Barrier-Reduction and Targeted Support,Needs school-site expansion,https://www.harmoniumsd.org/,"Harmonium operates youth/school programs, but individual school-site addresses need a separate site list.",136,excluded_non_mappable,not_uploaded,Yes,,,,,,,,,,,,,,,"Excluded from Census upload because it is not a specific physical street address, is mailing-only/PO Box, is virtual/mobile/multiple sites, or needs site-level lookup."
Home of Guiding Hands,Alternative Secondary School Services; General Workforce Preparation; Other Education & Employment Services; Transportation,San Diego County Office,1908 Friendship Drive,El Cajon,92020,32.82324650704,-116.978419614357,Tier 4,Transition Pathways and Intensive Wraparound Support,Verified,https://www.guidinghands.org/contact-us/,Official contact page lists San Diego County office.,137,census_match_exact,US Census Batch Geocoder,No,137,"1908 Friendship Drive, El Cajon, CA, 92020",Match,Exact,"1908 FRIENDSHIP DR, EL CAJON, CA, 92020",32.82324650704,-116.978419614357,650372886,L,06,073,016202,1019,060730162021019,Latitude/longitude filled from US Census Batch Geocoder exact match.
Home of Guiding Hands,Disability support services,Imperial County Office,"605 Wake Avenue, Suite 7",El Centro,92243,32.770887386764,-115.557517852719,Tier 4,Transition Pathways and Intensive Wraparound Support,Verified but outside San Diego County,https://www.guidinghands.org/contact-us/,Outside San Diego County; exclude from San Diego County YOI unless using broader service coverage.,138,census_match_non_exact_review,US Census Batch Geocoder,Yes,138,"605 Wake Avenue, Suite 7, El Centro, CA, 92243",Match,Non_Exact,"605 W WAKE AVE, EL CENTRO, CA, 92243",32.770887386764,-115.557517852719,638563610,L,06,025,011803,2002,060250118032002,Latitude/longitude filled from US Census Batch Geocoder non-exact match; review matched address before final use.
"Home Start, Inc",General Workforce Preparation; Housing Assistance; Other Support Services; Community navigation,Admin Offices,"5005 Texas St, Suite 203",San Diego,92108,32.766831698597,-117.139051880453,Tier 4,Transition Pathways and Intensive Wraparound Support,Verified,https://home-start.org/our-locations/,Official locations page lists admin office.,139,census_match_exact,US Census Batch Geocoder,No,139,"5005 Texas St, Suite 203, San Diego, CA, 92108",Match,Exact,"5005 TEXAS ST, SAN DIEGO, CA, 92108",32.766831698597,-117.139051880453,195345199,R,06,073,001100,1000,060730011001000,Latitude/longitude filled from US Census Batch Geocoder exact match.
"Home Start, Inc",Communities in Action; community/family support; case management,Communities in Action Office,"404 Euclid Avenue, Suite 328",San Diego,92114,32.708965058716,-117.085059881181,Tier 4,Transition Pathways and Intensive Wraparound Support,Verified,https://home-start.org/our-locations/,Official locations page lists program office.,140,census_match_exact,US Census Batch Geocoder,No,140,"404 Euclid Avenue, Suite 328, San Diego, CA, 92114",Match,Exact,"404 EUCLID AVE, SAN DIEGO, CA, 92114",32.708965058716,-117.085059881181,195351940,L,06,073,003304,2000,060730033042000,Latitude/longitude filled from US Census Batch Geocoder exact match.
"Home Start, Inc",Housing Programs,Housing Programs Central,3510 Adams Ave,San Diego,92116,32.763373526927,-117.117018884417,Tier 4,Transition Pathways and Intensive Wraparound Support,Verified,https://home-start.org/our-locations/,Official locations page lists housing program office.,141,census_match_exact,US Census Batch Geocoder,No,141,"3510 Adams Ave, San Diego, CA, 92116",Match,Exact,"3510 ADAMS AVE, SAN DIEGO, CA, 92116",32.763373526927,-117.117018884417,195346496,L,06,073,001801,2003,060730018012003,Latitude/longitude filled from US Census Batch Geocoder exact match.
"Home Start, Inc",First 5 First Steps; family/child support,First 5 First Steps,"250 E Chase Ave, Suite 204",El Cajon,92020,32.780437516844,-116.95945967301,Tier 3,Barrier-Reduction and Targeted Support,Verified,https://home-start.org/our-locations/,Official locations page lists program office.,142,census_match_exact,US Census Batch Geocoder,No,142,"250 E Chase Ave, Suite 204, El Cajon, CA, 92020",Match,Exact,"250 E CHASE AVE, EL CAJON, CA, 92020",32.780437516844,-116.95945967301,195329484,L,06,073,015301,1008,060730153011008,Latitude/longitude filled from US Census Batch Geocoder exact match.
"Home Start, Inc",Housing Programs,Housing Programs East,333 East Main Street,El Cajon,92020,32.794875923662,-116.95832836898,Tier 4,Transition Pathways and Intensive Wraparound Support,Verified,https://home-start.org/our-locations/,Official locations page lists housing program office.,143,census_match_exact,US Census Batch Geocoder,No,143,"333 East Main Street, El Cajon, CA, 92020",Match,Exact,"333 E MAIN ST, EL CAJON, CA, 92020",32.794875923662,-116.95832836898,195329114,R,06,073,015802,1002,060730158021002,Latitude/longitude filled from US Census Batch Geocoder exact match.
"Home Start, Inc",Community Services for Families,Community Services for Families - East,"1150 Broadway, Suite 220",El Cajon,92021,32.807765863957,-116.942332493749,Tier 3,Barrier-Reduction and Targeted Support,Verified,https://home-start.org/our-locations/,Official locations page lists program office.,144,census_match_exact,US Census Batch Geocoder,No,144,"1150 Broadway, Suite 220, El Cajon, CA, 92021",Match,Exact,"1150 BROADWAY, EL CAJON, CA, 92021",32.807765863957,-116.942332493749,195662427,L,06,073,016502,2012,060730165022012,Latitude/longitude filled from US Census Batch Geocoder exact match.
"Home Start, Inc",Community Services for Families intake,Community Services for Families - East County Intake Office,"1150 Broadway, Suite 220",El Cajon,92021,32.807765863957,-116.942332493749,Tier 3,Barrier-Reduction and Targeted Support,Verified / duplicate site,https://home-start.org/our-locations/,Same address as CSF East. Keep one row if deduplicating physical sites.,145,census_match_exact,US Census Batch Geocoder,No,145,"1150 Broadway, Suite 220, El Cajon, CA, 92021",Match,Exact,"1150 BROADWAY, EL CAJON, CA, 92021",32.807765863957,-116.942332493749,195662427,L,06,073,016502,2012,060730165022012,Latitude/longitude filled from US Census Batch Geocoder exact match.
"Home Start, Inc",Thrift Boutique / Bright Futures Candles,Thrift Boutique & Bright Futures Candles,3611 Adams Ave,San Diego,92116,32.76324926324,-117.114889628323,Tier 4,Transition Pathways and Intensive Wraparound Support,Verified but likely exclude from youth-service map,https://home-start.org/our-locations/,Revenue/social enterprise site; include only if mapping all Home Start assets.,146,census_match_exact,US Census Batch Geocoder,No,146,"3611 Adams Ave, San Diego, CA, 92116",Match,Exact,"3611 ADAMS AVE, SAN DIEGO, CA, 92116",32.76324926324,-117.114889628323,195346500,R,06,073,001801,2008,060730018012008,Latitude/longitude filled from US Census Batch Geocoder exact match.
Homework SD (Building Justice),Leadership Development; Paid and Unpaid Work Experiences; Occupational Skills Training; General Workforce Preparation; reentry support,Building Justice / HoMEwork SD,1091 Calle Del Amor,Chula Vista,91910,32.635697075693,-117.014082064344,Tier 4,Transition Pathways and Intensive Wraparound Support,Medium verification,https://business.sdblackchamber.org/list/member/building-justice-4769,"Public business listing gives address. Official HoMEwork page did not expose a street address in search results, so verify before final map use.",147,census_match_exact,US Census Batch Geocoder,No,147,"1091 Calle Del Amor, Chula Vista, CA, 91910",Match,Exact,"1091 CLL DEL AMOR, CHULA VISTA, CA, 91910",32.635697075693,-117.014082064344,195672517,L,06,073,013414,2006,060730134142006,Latitude/longitude filled from US Census Batch Geocoder exact match.
Hope through Housing Foundation,Tutoring; school supplies/fees assistance; occupational skills training; workforce preparation; referrals; support services,Hope through Housing Foundation Headquarters,"9692 Haven Ave, Suite 100",Rancho Cucamonga,91730,34.078049029634,-117.575778457173,Tier 4,Transition Pathways and Intensive Wraparound Support,Verified but outside San Diego County,https://hthf.org/,Official site lists headquarters outside San Diego County. Do not include as San Diego point unless mapping administrative HQ.,148,census_match_exact,US Census Batch Geocoder,No,148,"9692 Haven Ave, Suite 100, Rancho Cucamonga, CA, 91730",Match,Exact,"9692 HAVEN AVE, RANCHO CUCAMONGA, CA, 91730",34.078049029634,-117.575778457173,614815131,R,06,071,002111,1032,060710021111032,Latitude/longitude filled from US Census Batch Geocoder exact match.
Hope through Housing Foundation,San Diego resident services; youth/family programming at National CORE communities,Hope: San Diego Program Region,More than 16 program sites throughout San Diego region,San Diego Region,Needs lookup,,,Tier 4,Transition Pathways and Intensive Wraparound Support,Confirmed regional presence; needs site-level expansion,https://hthf.org/about-us/geographic-reach/hope-san-diego/,Official page says 16+ San Diego program sites but does not list all addresses on the page.,149,excluded_non_mappable,not_uploaded,Yes,,,,,,,,,,,,,,,"Excluded from Census upload because it is not a specific physical street address, is mailing-only/PO Box, is virtual/mobile/multiple sites, or needs site-level lookup."
Hope through Housing Foundation,San Diego resident services / local listing,Hope through Housing Foundation San Diego Listing,5252 El Cajon Blvd,San Diego,92115,32.757456201127,-117.082406210646,Tier 4,Transition Pathways and Intensive Wraparound Support,Medium verification,https://sandiegogives.mightycause.com/organization/Hope-Through-Housing-Foundation,San Diego Gives/Mightycause lists this address. Verify whether this is current office or program site.,150,census_match_exact,US Census Batch Geocoder,No,150,"5252 El Cajon Blvd, San Diego, CA, 92115",Match,Exact,"5252 EL CAJON BLVD, SAN DIEGO, CA, 92115",32.757456201127,-117.082406210646,195350242,L,06,073,002803,1001,060730028031001,Latitude/longitude filled from US Census Batch Geocoder exact match.
Horn of Africa Community of North America,Leadership Development; refugee youth/community support; cultural education; social services,Horn of Africa Community of North America,"5348 University Avenue, Suite 101",San Diego,92105,32.749032370429,-117.080471027936,Tier 2,Youth Development and Enrichment,Verified,https://hornafrica.org/,Official site lists address.,151,census_match_exact,US Census Batch Geocoder,No,151,"5348 University Avenue, Suite 101, San Diego, CA, 92105",Match,Exact,"5348 UNIVERSITY AVE, SAN DIEGO, CA, 92105",32.749032370429,-117.080471027936,195414718,L,06,073,002708,2000,060730027082000,Latitude/longitude filled from US Census Batch Geocoder exact match.
"House of Metamorphosis, Inc",Drug & Mental Health Counseling; Other Support Services,House of Metamorphosis,4017 42nd Street,San Diego,92105,32.749980038085,-117.104383292819,Tier 3 / Health Domain Review,Barrier-Reduction and Targeted Support / Health Opportunity,Verified,https://houseofmetamorphosis.org/contact-us/,Official contact page and County HHSA page list 4017 42nd Street. Consider moving to Health domain because service is substance-use treatment.,152,census_match_exact,US Census Batch Geocoder,No,152,"4017 42nd Street, San Diego, CA, 92105",Match,Exact,"4017 42ND ST, SAN DIEGO, CA, 92105",32.749980038085,-117.104383292819,195346990,R,06,073,002202,2009,060730022022009,Latitude/longitude filled from US Census Batch Geocoder exact match.
"House of Metamorphosis, Inc",Residential treatment / SUD support,House of Metamorphosis Residential Listing,2970 Market Street,San Diego,92102,32.711701090888,-117.130740925026,Tier 3 / Health Domain Review,Barrier-Reduction and Targeted Support / Health Opportunity,Third-party listing; needs verification,https://recovery.com/residential/house-of-metamorphosis-san-diego/,"Several treatment-directory sites list 2970 Market Street, but official/current site points to 4017 42nd Street. Verify before mapping.",153,census_match_exact,US Census Batch Geocoder,No,153,"2970 Market Street, San Diego, CA, 92102",Match,Exact,"2970 MARKET ST, SAN DIEGO, CA, 92102",32.711701090888,-117.130740925026,195348161,L,06,073,004101,3019,060730041013019,Latitude/longitude filled from US Census Batch Geocoder exact match.
Interfaith Community Services,Tutoring; Alternative Secondary School Services; Workforce Preparation; Housing Assistance; Health/Behavioral Health support,Betty and Melvin Cohn Center / Headquarters,550 W Washington Ave,Escondido,92025,33.124798953292,-117.090975663024,Tier 4,Transition Pathways and Intensive Wraparound Support,Verified,https://www.interfaithservices.org/,Official site lists headquarters/service center.,154,census_match_exact,US Census Batch Geocoder,No,154,"550 W Washington Ave, Escondido, CA, 92025",Match,Exact,"550 W WASHINGTON AVE, ESCONDIDO, CA, 92025",33.124798953292,-117.090975663024,195313275,R,06,073,020313,1001,060730203131001,Latitude/longitude filled from US Census Batch Geocoder exact match.
Interfaith Community Services,Basic needs; housing/shelter; supportive services,Carlsbad Service Center,"5731 Palmer Way, Suite A",Carlsbad,92010,33.138413486694,-117.272167671306,Tier 4,Transition Pathways and Intensive Wraparound Support,Verified,https://www.interfaithservices.org/,Official site lists Carlsbad Service Center.,155,census_match_non_exact_review,US Census Batch Geocoder,Yes,155,"5731 Palmer Way, Suite A, Carlsbad, CA, 92010",Match,Non_Exact,"5731 PALMER WAY, CARLSBAD, CA, 92010",33.138413486694,-117.272167671306,195720954,R,06,073,019811,1012,060730198111012,Latitude/longitude filled from US Census Batch Geocoder non-exact match; review matched address before final use.
Interfaith Community Services,Kind Threads resale / supportive program asset,Kind Threads,"251 N City Dr, Suite 121B",San Marcos,92078,33.134263325866,-117.162488831229,Tier 4,Transition Pathways and Intensive Wraparound Support,Verified but likely exclude from youth-service map,https://www.interfaithservices.org/,"Official site lists resale apparel site. Include only if mapping all program assets, not direct youth service.",156,census_match_exact,US Census Batch Geocoder,No,156,"251 N City Dr, Suite 121B, San Marcos, CA, 92078",Match,Exact,"251 N CITY DR, SAN MARCOS, CA, 92078",33.134263325866,-117.162488831229,645317784,R,06,073,020310,1010,060730203101010,Latitude/longitude filled from US Census Batch Geocoder exact match.
Interfaith Community Services,Family shelter / homeless prevention services,Family Shelter Site,250 N Ash Street,Escondido,92025,33.128710157263,-117.066114502486,Tier 4,Transition Pathways and Intensive Wraparound Support,Medium verification,https://ceqanet.lci.ca.gov/2025050931,CEQA notice lists site as part of Interfaith family shelter project; verify operational status before mapping.,157,census_match_non_exact_review,US Census Batch Geocoder,Yes,157,"250 N Ash Street, Escondido, CA, 92025",Match,Non_Exact,"250 N ASH ST, ESCONDIDO, CA, 92027",33.128710157263,-117.066114502486,657513960,R,06,073,020211,2019,060730202112019,Latitude/longitude filled from US Census Batch Geocoder non-exact match; review matched address before final use.
Interfaith Community Services,Family shelter / homeless prevention services,Coastal / Oceanside Family Shelter Site,4700 North River Road,Oceanside,92057,33.24532348017,-117.309944074893,Tier 4,Transition Pathways and Intensive Wraparound Support,Medium verification,https://ceqanet.lci.ca.gov/2025050931,CEQA notice lists site as part of Interfaith family shelter project; verify operational status before mapping.,158,census_match_exact,US Census Batch Geocoder,No,158,"4700 North River Road, Oceanside, CA, 92057",Match,Exact,"4700 N RIVER RD, OCEANSIDE, CA, 92057",33.24532348017,-117.309944074893,195284087,L,06,073,018609,2000,060730186092000,Latitude/longitude filled from US Census Batch Geocoder exact match.
International Rescue Committee (IRC),Tutoring; postsecondary preparation; occupational skills training; workforce preparation; financial literacy; referrals; transportation,IRC San Diego Office,"5348 University Ave, Suite 205",San Diego,92105,32.749032370429,-117.080471027936,Tier 4,Transition Pathways and Intensive Wraparound Support,Verified,https://welcome.rescue.org/us/en/san-diego-ca/life/visiting-office,Official IRC San Diego welcome page lists office address.,159,census_match_exact,US Census Batch Geocoder,No,159,"5348 University Ave, Suite 205, San Diego, CA, 92105",Match,Exact,"5348 UNIVERSITY AVE, SAN DIEGO, CA, 92105",32.749032370429,-117.080471027936,195414718,L,06,073,002708,2000,060730027082000,Latitude/longitude filled from US Census Batch Geocoder exact match.
International Rescue Committee (IRC),Immigration services; legal/refugee support,IRC San Diego Immigration Services,"5348 University Ave, Suite 205 A",San Diego,92105,32.749032370429,-117.080471027936,Tier 4,Transition Pathways and Intensive Wraparound Support,Verified / same building,https://www.immigrationadvocates.org/nonprofit/legaldirectory/organization.392587-International_Rescue_Committee_San_Diego_Office,Immigration Advocates directory lists Suite 205A. Same building as IRC office.,160,census_match_non_exact_review,US Census Batch Geocoder,Yes,160,"5348 University Ave, Suite 205 A, San Diego, CA, 92105",Match,Non_Exact,"5348 UNIVERSITY AVE, SAN DIEGO, CA, 92105",32.749032370429,-117.080471027936,195414718,L,06,073,002708,2000,060730027082000,Latitude/longitude filled from US Census Batch Geocoder non-exact match; review matched address before final use.
Jewish Family Service of San Diego (JFS),School supplies/fees assistance; workforce preparation; housing; referrals; legal aid; support services,Joan & Irwin Jacobs Campus / Turk Family Center,8804 Balboa Avenue,San Diego,92123,32.820294872935,-117.139086368105,Tier 4,Transition Pathways and Intensive Wraparound Support,Verified,https://www.jfssd.org/about-us/locations/,Official JFS locations page lists Turk Family Center.,161,census_match_exact,US Census Batch Geocoder,No,161,"8804 Balboa Avenue, San Diego, CA, 92123",Match,Exact,"8804 BALBOA AVE, SAN DIEGO, CA, 92123",32.820294872935,-117.139086368105,612866429,L,06,073,008511,3006,060730085113006,Latitude/longitude filled from US Census Batch Geocoder exact match.
Jewish Family Service of San Diego (JFS),Community services; immigration services,Joan & Irwin Jacobs Campus / Community Services Building,8788 Balboa Avenue,San Diego,92123,32.820251648726,-117.139370543328,Tier 4,Transition Pathways and Intensive Wraparound Support,Verified,https://www.jfssd.org/about-us/locations/,Official JFS locations page lists Community Services Building and says immigration services are located there.,162,census_match_exact,US Census Batch Geocoder,No,162,"8788 Balboa Avenue, San Diego, CA, 92123",Match,Exact,"8788 BALBOA AVE, SAN DIEGO, CA, 92123",32.820251648726,-117.139370543328,612866429,L,06,073,008511,3006,060730085113006,Latitude/longitude filled from US Census Batch Geocoder exact match.
Jewish Family Service of San Diego (JFS),Refugee services,Refugee Services,Address provided when appointment is scheduled,San Diego,Needs lookup,,,Tier 4,Transition Pathways and Intensive Wraparound Support,Not publicly mappable,https://www.jfssd.org/about-us/locations/,Official locations page says refugee services address is provided when appointment is scheduled.,163,excluded_non_mappable,not_uploaded,Yes,,,,,,,,,,,,,,,"Excluded from Census upload because it is not a specific physical street address, is mailing-only/PO Box, is virtual/mobile/multiple sites, or needs site-level lookup."
Junior Achievement of San Diego County,Postsecondary preparation; leadership development; paid/unpaid work experiences; workforce preparation; entrepreneurship; financial literacy,Junior Achievement of San Diego County / Mission Fed JA Finance Park,4756 Mission Gorge Place,San Diego,92120,32.782480497244,-117.091890284684,Tier 4,Transition Pathways and Intensive Wraparound Support,Verified,https://jausa.ja.org/office/109304,Official JA office directory lists address.,164,census_match_exact,US Census Batch Geocoder,No,164,"4756 Mission Gorge Place, San Diego, CA, 92120",Match,Exact,"4756 MISSION GORGE PL, SAN DIEGO, CA, 92120",32.782480497244,-117.091890284684,195752009,L,06,073,009604,4000,060730096044000,Latitude/longitude filled from US Census Batch Geocoder exact match.
Junior Achievement of San Diego County,JA BizTown; JA Finance Park; classroom and school-based programs,School-based / partner classroom sites,Multiple school sites across San Diego County,Multiple,Needs lookup,,,Tier 4,Transition Pathways and Intensive Wraparound Support,Needs school-site expansion,https://jasandiego.org/ja-programs/,JA programs are delivered through schools and volunteers; use main Mission Gorge site unless school-level program locations are needed.,165,excluded_non_mappable,not_uploaded,Yes,,,,,,,,,,,,,,,"Excluded from Census upload because it is not a specific physical street address, is mailing-only/PO Box, is virtual/mobile/multiple sites, or needs site-level lookup."
Just In Time for Foster Youth,Postsecondary preparation; school supplies; paid/unpaid work experiences; workforce preparation; financial literacy; transportation,Main Office & The Hub,"4560 Alvarado Canyon Rd, Suite 2G",San Diego,92120,32.779962550866,-117.099873068914,Tier 4,Transition Pathways and Intensive Wraparound Support,Verified,https://jitfosteryouth.org/contact-us/,Official contact page lists Main Office & The Hub.,166,census_match_exact,US Census Batch Geocoder,No,166,"4560 Alvarado Canyon Rd, Suite 2G, San Diego, CA, 92120",Match,Exact,"4560 ALVARADO CANYON RD, SAN DIEGO, CA, 92120",32.779962550866,-117.099873068914,636879041,R,06,073,009604,4005,060730096044005,Latitude/longitude filled from US Census Batch Geocoder exact match.
Just In Time for Foster Youth,Mailing address,Mailing Address,PO Box 601627,San Diego,92160,,,Tier 4,Transition Pathways and Intensive Wraparound Support,Mailing only / not mappable,https://jitfosteryouth.org/contact-us/,Do not map as physical service point.,167,excluded_non_mappable,not_uploaded,Yes,,,,,,,,,,,,,,,"Excluded from Census upload because it is not a specific physical street address, is mailing-only/PO Box, is virtual/mobile/multiple sites, or needs site-level lookup."
Karen Organization of San Diego,Tutoring; postsecondary preparation; referrals; benefits assistance; legal aid; refugee/community support,Karen Organization of San Diego,"5354 University Ave, Suite 1",San Diego,92105,32.749019014084,-117.080351933924,Tier 3,Barrier-Reduction and Targeted Support,Verified,https://karensandiego.org/,Official site lists address.,168,census_match_exact,US Census Batch Geocoder,No,168,"5354 University Ave, Suite 1, San Diego, CA, 92105",Match,Exact,"5354 UNIVERSITY AVE, SAN DIEGO, CA, 92105",32.749019014084,-117.080351933924,195414718,L,06,073,002708,2000,060730027082000,Latitude/longitude filled from US Census Batch Geocoder exact match.
"Kids for Peace, Inc.",Leadership Development; Other Education & Employment Services,Kids for Peace Mailing Address,PO Box 1836,Julian,92036,,,Tier 2,Youth Development and Enrichment,Mailing only / not mappable,https://kidsforpeaceglobal.org/,Official site lists PO Box. Do not map as physical program site unless a physical office is found.,169,excluded_non_mappable,not_uploaded,Yes,,,,,,,,,,,,,,,"Excluded from Census upload because it is not a specific physical street address, is mailing-only/PO Box, is virtual/mobile/multiple sites, or needs site-level lookup."
"Kids for Peace, Inc.",Leadership Development; kindness/challenge programming,Kids for Peace San Diego Mailing Listing,"1180 Rosecrans Street, Suite 104, Box 222",San Diego,92106,,,Tier 2,Youth Development and Enrichment,Medium verification / mailing,https://www.facebook.com/KIDSFORPEACE/,Social listing gives mailing-style address. Verify before mapping.,170,excluded_non_mappable,not_uploaded,Yes,,,,,,,,,,,,,,,"Excluded from Census upload because it is not a specific physical street address, is mailing-only/PO Box, is virtual/mobile/multiple sites, or needs site-level lookup."
Kids’ Turn San Diego,Drug & Mental Health Counseling; family workshops; counseling support,Kids' Turn San Diego,"4909 Murphy Canyon Rd, Suite 515",San Diego,92123,32.829348481198,-117.119849879573,Health Domain,Move to Health Opportunity domain,Verified,https://kidsturnsd.org/,"Official site lists address. Since Appendix only lists drug/mental health counseling, keep in Health domain rather than Youth Supports.",171,census_match_exact,US Census Batch Geocoder,No,171,"4909 Murphy Canyon Rd, Suite 515, San Diego, CA, 92123",Match,Exact,"4909 MURPHY CANYON RD, SAN DIEGO, CA, 92123",32.829348481198,-117.119849879573,637240719,R,06,073,008511,1019,060730085111019,Latitude/longitude filled from US Census Batch Geocoder exact match.
Kitchens for Good,Paid and Unpaid Work Experiences; Entrepreneurship Skills Training; Culinary Apprenticeship; Baking Apprenticeship; Customer Service Apprenticeship,Teaching Campus,2799 Health Center Drive,San Diego,92123,32.794844825389,-117.157404378506,Tier 4,Transition Pathways and Intensive Wraparound Support,Verified,https://kitchensforgood.org/contact/,"Official contact page lists Teaching Campus at 2799 Health Center Drive. Apprenticeship page describes tuition-free California State-Certified apprenticeship programs in Culinary Arts, Baking, and Customer Service.",172,census_match_exact,US Census Batch Geocoder,No,172,"2799 Health Center Drive, San Diego, CA, 92123",Match,Exact,"2799 HEALTH CENTER DR, SAN DIEGO, CA, 92123",32.794844825389,-117.157404378506,638575983,R,06,073,008702,1001,060730087021001,Latitude/longitude filled from US Census Batch Geocoder exact match.
Kitchens for Good,Shop; social enterprise; kitchenware resale supporting apprenticeship programs,Kitchens for Good SHOP,980 Hornblend Street,San Diego,92109,32.796416513242,-117.251947626053,Tier 4,Transition Pathways and Intensive Wraparound Support,Verified but consider separate social enterprise flag,https://kitchensforgood.org/shop/,"Official shop page lists 980 Hornblend Street. Include only if mapping social enterprise / program-support sites, not just direct youth training sites.",173,census_match_exact,US Census Batch Geocoder,No,173,"980 Hornblend Street, San Diego, CA, 92109",Match,Exact,"980 HORNBLEND ST, SAN DIEGO, CA, 92109",32.796416513242,-117.251947626053,195299555,L,06,073,007910,2003,060730079102003,Latitude/longitude filled from US Census Batch Geocoder exact match.
La Maestra Foundation Generations Center for Youth Advancement,Tutoring & Dropout Prevention; Post-Secondary Preparation & Transition; Leadership Development; Paid and Unpaid Work Experiences; General Workforce Preparation; Reasonable Accommodations; Referrals; Childcare/Dependent Care,"Generations Center for Youth, Adults & Seniors",4135 Fairmount Avenue,San Diego,92105,32.752055774576,-117.100779473661,Tier 4,Transition Pathways and Intensive Wraparound Support,Verified,https://lamaestrafoundation.org/generations-center-for-youth-adults/,"Official page lists Generations Center address and youth services including music, art, academics/tutoring, theater, and youth programming.",174,census_match_exact,US Census Batch Geocoder,No,174,"4135 Fairmount Avenue, San Diego, CA, 92105",Match,Exact,"4135 FAIRMOUNT AVE, SAN DIEGO, CA, 92105",32.752055774576,-117.100779473661,195347036,R,06,073,002302,2011,060730023022011,Latitude/longitude filled from US Census Batch Geocoder exact match.
La Maestra Foundation Generations Center for Youth Advancement,Financial Literacy; economic empowerment; microcredit / financial navigation,Financial Literacy Site,4147 Fairmount Avenue,San Diego,92105,32.752254437499,-117.100776882391,Tier 4,Transition Pathways and Intensive Wraparound Support,Verified,https://lamaestrafoundation.org/locations/,Official La Maestra Foundation locations page lists Financial Literacy at 4147 Fairmount Avenue.,175,census_match_exact,US Census Batch Geocoder,No,175,"4147 Fairmount Avenue, San Diego, CA, 92105",Match,Exact,"4147 FAIRMOUNT AVE, SAN DIEGO, CA, 92105",32.752254437499,-117.100776882391,195347036,R,06,073,002302,2011,060730023022011,Latitude/longitude filled from US Census Batch Geocoder exact match.
La Maestra Foundation Generations Center for Youth Advancement,Food/basic needs support,Food Pantry,"4060 Fairmount Avenue, back",San Diego,92105,32.750668227242,-117.100937575998,Tier 3,Barrier-Reduction and Targeted Support,Verified,https://lamaestrafoundation.org/locations/,Official locations page lists Food Pantry at 4060 Fairmount Avenue. Include if mapping barrier-reduction/basic-needs supports.,176,census_match_non_exact_review,US Census Batch Geocoder,Yes,176,"4060 Fairmount Avenue, back, San Diego, CA, 92105",Match,Non_Exact,"4060 FAIRMOUNT AVE, SAN DIEGO, CA, 92105",32.750668227242,-117.100937575998,612873154,L,06,073,002202,1008,060730022021008,Latitude/longitude filled from US Census Batch Geocoder non-exact match; review matched address before final use.
La Maestra Foundation Generations Center for Youth Advancement,Community garden; youth/community engagement,Community Garden,4029 Fairmount Avenue,San Diego,92105,32.750045139465,-117.100805078084,Tier 2,Youth Development and Enrichment,Verified,https://lamaestrafoundation.org/locations/,Official locations page lists Community Garden. Include only if it supports youth/community programming in your Youth Supports layer.,177,census_match_exact,US Census Batch Geocoder,No,177,"4029 Fairmount Avenue, San Diego, CA, 92105",Match,Exact,"4029 FAIRMOUNT AVE, SAN DIEGO, CA, 92105",32.750045139465,-117.100805078084,612873154,R,06,073,002302,3012,060730023023012,Latitude/longitude filled from US Census Batch Geocoder exact match.
La Maestra Foundation Generations Center for Youth Advancement,Transitional Housing,Transitional Housing,4029 Fairmount Avenue,San Diego,92105,32.750045139465,-117.100805078084,Tier 3,Barrier-Reduction and Targeted Support,Verified,https://lamaestrafoundation.org/locations/,Official locations page lists Transitional Housing. Consider Housing Stability or barrier-reduction flag depending on domain rules.,178,census_match_exact,US Census Batch Geocoder,No,178,"4029 Fairmount Avenue, San Diego, CA, 92105",Match,Exact,"4029 FAIRMOUNT AVE, SAN DIEGO, CA, 92105",32.750045139465,-117.100805078084,612873154,R,06,073,002302,3012,060730023023012,Latitude/longitude filled from US Census Batch Geocoder exact match.
La Maestra Foundation Generations Center for Youth Advancement,Foundation / clinic-adjacent social services,La Maestra Foundation / City Heights Main Site,4060 Fairmount Avenue,San Diego,92105,32.750668227242,-117.100937575998,Tier 3,Barrier-Reduction and Targeted Support,Verified but mostly health/social services campus,https://lamaestra.org/index.php/city-heights/,"City Heights page says social services such as legal advocacy, transitional housing, financial literacy, job training/placement, microenterprise, food pantry, health education, and community garden are offered on-site through La Maestra Foundation.",179,census_match_exact,US Census Batch Geocoder,No,179,"4060 Fairmount Avenue, San Diego, CA, 92105",Match,Exact,"4060 FAIRMOUNT AVE, SAN DIEGO, CA, 92105",32.750668227242,-117.100937575998,612873154,L,06,073,002202,1008,060730022021008,Latitude/longitude filled from US Census Batch Geocoder exact match.
Legal Aid Society of San Diego,Benefits Assistance; Legal Aid Services; youth/family legal support,Gregory Evans Knoll Midtown Office,"1764 San Diego Avenue, Suite 100",San Diego,92110,32.743589394821,-117.18340678684,Tier 3,Barrier-Reduction and Targeted Support,Verified,https://www.lassd.org/contact-us/,Official contact page lists Midtown office.,180,census_match_exact,US Census Batch Geocoder,No,180,"1764 San Diego Avenue, Suite 100, San Diego, CA, 92110",Match,Exact,"1764 SAN DIEGO AVE, SAN DIEGO, CA, 92110",32.743589394821,-117.18340678684,195341855,R,06,073,006500,3024,060730065003024,Latitude/longitude filled from US Census Batch Geocoder exact match.
Legal Aid Society of San Diego,Benefits Assistance; Legal Aid Services; youth/family legal support,North County Office,"100 E. San Marcos Blvd, Suite 308",San Marcos,92069,33.141008836472,-117.163902127831,Tier 3,Barrier-Reduction and Targeted Support,Verified,https://www.lassd.org/contact-us/,Official contact page lists North County office.,181,census_match_non_exact_review,US Census Batch Geocoder,Yes,181,"100 E. San Marcos Blvd, Suite 308, San Marcos, CA, 92069",Match,Non_Exact,"100 W SAN MARCOS BLVD, SAN MARCOS, CA, 92069",33.141008836472,-117.163902127831,195296065,R,06,073,020028,3000,060730200283000,Latitude/longitude filled from US Census Batch Geocoder non-exact match; review matched address before final use.
Legal Aid Society of San Diego,Benefits Assistance; Legal Aid Services,Southeast San Diego Office,110 S. Euclid Avenue,San Diego,92114,32.703959715614,-117.085070202739,Tier 3,Barrier-Reduction and Targeted Support,Closed / do not map as active,https://www.lassd.org/contact-us/,"Official contact page says Southeast San Diego office is permanently closed / closed to public starting Jan. 15, 2026. Keep only as historical/reference row if needed.",182,census_match_exact,US Census Batch Geocoder,No,182,"110 S. Euclid Avenue, San Diego, CA, 92114",Match,Exact,"110 S EUCLID AVE, SAN DIEGO, CA, 92114",32.703959715614,-117.085070202739,195351949,R,06,073,003305,1000,060730033051000,Latitude/longitude filled from US Census Batch Geocoder exact match.
License to Freedom,Tutoring & Dropout Prevention; Post-Secondary Preparation & Transition; Leadership Development; Other Education & Employment Services; culturally responsive support; youth enrichment; legal/human rights support; economic development; family/community engagement,License to Freedom,131 Avocado Ave,El Cajon,92020,32.794111612414,-116.957543539801,Tier 3,Barrier-Reduction and Targeted Support,Verified,https://licensetofreedom.org/contact/,"Official contact page lists 131 Avocado Ave and programs including Mental Health, Human Rights and Legal Aid, Housing Navigation/ECM, Youth Enrichment, Economic Development, and Family and Community Engagement.",183,census_match_exact,US Census Batch Geocoder,No,183,"131 Avocado Ave, El Cajon, CA, 92020",Match,Exact,"131 AVOCADO AVE, EL CAJON, CA, 92020",32.794111612414,-116.957543539801,612880415,L,06,073,015802,1007,060730158021007,Latitude/longitude filled from US Census Batch Geocoder exact match.
Lifeline Community Services,Tutoring & Dropout Prevention; School Supplies/Fees Assistance; Leadership Development; General Workforce Preparation; Work Attire/Tools Assistance; Housing Assistance; Behavioral Health; Transportation,Vista Office,200 Michigan Ave,Vista,92084,,,Tier 4,Transition Pathways and Intensive Wraparound Support,Verified,https://www.lifelinecs.org/location-hours,Official Lifeline locations page lists Vista office.,184,census_no_match,US Census Batch Geocoder,Yes,184,"200 Michigan Ave, Vista, CA, 92084",No_Match,,,,,,,,,,,,"Census could not geocode this row. Manually verify address, ZIP, suite/unit formatting, or use another geocoder."
Lifeline Community Services,Tutoring & Dropout Prevention; School Supplies/Fees Assistance; Leadership Development; General Workforce Preparation; Work Attire/Tools Assistance; Housing Assistance; Behavioral Health; Transportation,San Diego Office,"3890 Murphy Canyon Rd, Suite 250",San Diego,92123,32.814426045858,-117.116142105486,Tier 4,Transition Pathways and Intensive Wraparound Support,Verified,https://www.lifelinecs.org/location-hours,Official Lifeline locations page lists San Diego office.,185,census_match_exact,US Census Batch Geocoder,No,185,"3890 Murphy Canyon Rd, Suite 250, San Diego, CA, 92123",Match,Exact,"3890 MURPHY CANYON RD, SAN DIEGO, CA, 92123",32.814426045858,-117.116142105486,637240827,L,06,073,008511,3001,060730085113001,Latitude/longitude filled from US Census Batch Geocoder exact match.
Lifeline Community Services,Tutoring & Dropout Prevention; School Supplies/Fees Assistance; Leadership Development; General Workforce Preparation; Work Attire/Tools Assistance; Housing Assistance; Behavioral Health; Transportation,Oceanside Office,707 Oceanside Blvd,Oceanside,92054,33.184413921671,-117.367743879547,Tier 4,Transition Pathways and Intensive Wraparound Support,Verified,https://www.lifelinecs.org/location-hours,Official Lifeline locations page lists Oceanside office.,186,census_match_exact,US Census Batch Geocoder,No,186,"707 Oceanside Blvd, Oceanside, CA, 92054",Match,Exact,"707 OCEANSIDE BLVD, OCEANSIDE, CA, 92054",33.184413921671,-117.367743879547,612852077,R,06,073,018201,1020,060730182011020,Latitude/longitude filled from US Census Batch Geocoder exact match.
Lifeline Community Services,Positive youth development; Club Crown Heights; youth support,Club Crown Heights La Casita,402 Brooks St,Oceanside,92054,33.196088737534,-117.367901411454,Tier 2,Youth Development and Enrichment,Verified,https://www.lifelinecs.org/location-hours,"Official Lifeline locations page lists La Casita for ages 6–10. It is below your 14–24 target, so consider excluding from final YOI.",187,census_match_non_exact_review,US Census Batch Geocoder,Yes,187,"402 Brooks St, Oceanside, CA, 92054",Match,Non_Exact,"402 S BROOKS ST, OCEANSIDE, CA, 92054",33.196088737534,-117.367901411454,195280731,L,06,073,018201,2000,060730182012000,Latitude/longitude filled from US Census Batch Geocoder non-exact match; review matched address before final use.
Lifeline Community Services,Positive youth development; Club Crown Heights; youth support,Club Crown Heights La Escuelita,1210 Division St,Oceanside,92054,33.196237825369,-117.372127844541,Tier 2,Youth Development and Enrichment,Verified,https://www.lifelinecs.org/location-hours,Official Lifeline locations page lists La Escuelita for ages 11–17. Include only for the 14–17 overlap.,188,census_match_exact,US Census Batch Geocoder,No,188,"1210 Division St, Oceanside, CA, 92054",Match,Exact,"1210 DIVISION ST, OCEANSIDE, CA, 92054",33.196237825369,-117.372127844541,195280667,L,06,073,018202,2003,060730182022003,Latitude/longitude filled from US Census Batch Geocoder exact match.
Lifeline Community Services,LifeSpring Drop-In Center; transitional housing program office; TAY support; JIT partner site,The House Drop-In Center,302 N Indiana Ave,Vista,92084,33.20383348972,-117.243649544915,Tier 4,Transition Pathways and Intensive Wraparound Support,Verified,https://www.lifelinecs.org/location-hours,"Official Lifeline locations page lists The House as LifeSpring Drop-In Center, Transitional Housing Program Office, and Just in Time office.",189,census_match_exact,US Census Batch Geocoder,No,189,"302 N Indiana Ave, Vista, CA, 92084",Match,Exact,"302 N INDIANA AVE, VISTA, CA, 92084",33.20383348972,-117.243649544915,195288542,L,06,073,019502,1008,060730195021008,Latitude/longitude filled from US Census Batch Geocoder exact match.
Lifeline Community Services,Administrative office,Administrative Office,Please call for address,Unknown,Unknown,,,Tier 4,Transition Pathways and Intensive Wraparound Support,Not publicly mappable,https://www.lifelinecs.org/location-hours,Official page says to call for administrative office address. Do not map.,190,excluded_non_mappable,not_uploaded,Yes,,,,,,,,,,,,,,,"Excluded from Census upload because it is not a specific physical street address, is mailing-only/PO Box, is virtual/mobile/multiple sites, or needs site-level lookup."
Lived Experiences Inc.,School Supplies/Fees Assistance; Entrepreneurship Skills Training; Other Education & Employment Services; Other Support Services,Community Center,"610 N Redondo Dr, Suite A",Oceanside,92057,,,Tier 4,Transition Pathways and Intensive Wraparound Support,Verified,https://www.livedexperiences.org/communitycenter,"Official community center page lists address and programs including youth mentoring, job training, computer lab, family support, youth boxing, and community services.",191,census_no_match,US Census Batch Geocoder,Yes,191,"610 N Redondo Dr, Suite A, Oceanside, CA, 92057",No_Match,,,,,,,,,,,,"Census could not geocode this row. Manually verify address, ZIP, suite/unit formatting, or use another geocoder."
Lived Experiences Inc.,Mailing address,Mailing Address,PO Box 254,Oceanside,92049,,,Tier 4,Transition Pathways and Intensive Wraparound Support,Mailing only / not mappable,https://www.livedexperiences.org/communitycenter,Do not map as a physical service point.,192,excluded_non_mappable,not_uploaded,Yes,,,,,,,,,,,,,,,"Excluded from Census upload because it is not a specific physical street address, is mailing-only/PO Box, is virtual/mobile/multiple sites, or needs site-level lookup."
MAAC,Alternative Secondary School Services; Postsecondary Preparation; Educational Testing Assistance; Leadership Development; Paid and Unpaid Work Experiences; Occupational Skills Training; General Workforce Preparation; Integrated Education/Workforce Training; Financial Literacy; Follow Up Services; Work Attire/Tools; Training Fees; Transportation; Childcare; Benefits Assistance,Main MAAC Office,1355 Third Ave,Chula Vista,91911,32.604906178282,-117.065600278669,Tier 4,Transition Pathways and Intensive Wraparound Support,Verified,https://maacproject.org/,Official MAAC site lists main address.,193,census_match_exact,US Census Batch Geocoder,No,193,"1355 Third Ave, Chula Vista, CA, 91911",Match,Exact,"1355 3RD AVE, CHULA VISTA, CA, 91911",32.604906178282,-117.065600278669,657381384,L,06,073,013203,4000,060730132034000,Latitude/longitude filled from US Census Batch Geocoder exact match.
MAAC,Alternative Secondary School Services; high school diploma pathway; youth education pathway,MAAC Community Charter School,1385 Third Ave,Chula Vista,91911,32.603882326458,-117.065202070204,Tier 4,Transition Pathways and Intensive Wraparound Support,Verified,https://www.cde.ca.gov/schooldirectory/details?cdscode=37684113731304,CDE directory lists MAAC Community Charter School at this address. Good youth 14–24 education/re-engagement site.,194,census_match_exact,US Census Batch Geocoder,No,194,"1385 Third Ave, Chula Vista, CA, 91911",Match,Exact,"1385 3RD AVE, CHULA VISTA, CA, 91911",32.603882326458,-117.065202070204,657381384,L,06,073,013203,4000,060730132034000,Latitude/longitude filled from US Census Batch Geocoder exact match.
MAAC,Economic mobility; resource navigation; community room; VITA/tax assistance,MAAC Community Room,1387 Third Ave,Chula Vista,91911,32.603814082191,-117.065175325836,Tier 3,Barrier-Reduction and Targeted Support,Verified,https://maacproject.org/vita/,MAAC VITA page lists this Chula Vista site; also appears as MAAC Community Room.,195,census_match_exact,US Census Batch Geocoder,No,195,"1387 Third Ave, Chula Vista, CA, 91911",Match,Exact,"1387 3RD AVE, CHULA VISTA, CA, 91911",32.603814082191,-117.065175325836,657381384,L,06,073,013203,4000,060730132034000,Latitude/longitude filled from US Census Batch Geocoder exact match.
MAAC,STEP Center; case management; resource navigation; job search; resume/interview coaching; vocational training referrals; benefits/resources,Laurel Tree STEP Center,1307 Laurel Tree Ln,Carlsbad,92011,33.120238731611,-117.29961986348,Tier 3,Barrier-Reduction and Targeted Support,Verified,https://maacproject.org/step-centers/,Official STEP Centers page lists this location.,196,census_match_exact,US Census Batch Geocoder,No,196,"1307 Laurel Tree Ln, Carlsbad, CA, 92011",Match,Exact,"1307 LAUREL TREE LN, CARLSBAD, CA, 92011",33.120238731611,-117.29961986348,195412808,R,06,073,022102,3003,060730221023003,Latitude/longitude filled from US Census Batch Geocoder exact match.
MAAC,STEP Center; case management; resource navigation; job search; resume/interview coaching; vocational training referrals; benefits/resources,Mercado STEP Center,2001 Newton Ave,San Diego,92113,32.698642587073,-117.144208349588,Tier 3,Barrier-Reduction and Targeted Support,Verified,https://maacproject.org/step-centers/,Official STEP Centers page lists this location.,197,census_match_exact,US Census Batch Geocoder,No,197,"2001 Newton Ave, San Diego, CA, 92113",Match,Exact,"2001 NEWTON AVE, SAN DIEGO, CA, 92113",32.698642587073,-117.144208349588,195347931,R,06,073,005000,1017,060730050001017,Latitude/longitude filled from US Census Batch Geocoder exact match.
MAAC,STEP Center; case management; resource navigation; job search; resume/interview coaching; vocational training referrals; benefits/resources,San Martin de Porres STEP Center,9119 Jamacha Rd,Spring Valley,91977,32.714769103346,-117.003251320959,Tier 3,Barrier-Reduction and Targeted Support,Verified,https://maacproject.org/step-centers/,Official STEP Centers page lists this location.,198,census_match_exact,US Census Batch Geocoder,No,198,"9119 Jamacha Rd, Spring Valley, CA, 91977",Match,Exact,"9119 JAMACHA RD, SPRING VALLEY, CA, 91977",32.714769103346,-117.003251320959,657381894,R,06,073,013908,2000,060730139082000,Latitude/longitude filled from US Census Batch Geocoder exact match.
MAAC,STEP Center; case management; resource navigation; job search; resume/interview coaching; vocational training referrals; benefits/resources,Villa Lakeshore STEP Center,12606 Lakeshore Dr,Lakeside,92040,32.860265508121,-116.91948315913,Tier 3,Barrier-Reduction and Targeted Support,Verified,https://maacproject.org/step-centers/,Official STEP Centers page lists this location.,199,census_match_exact,US Census Batch Geocoder,No,199,"12606 Lakeshore Dr, Lakeside, CA, 92040",Match,Exact,"12606 LAKESHORE DR, LAKESIDE, CA, 92040",32.860265508121,-116.91948315913,657473229,L,06,073,016804,3002,060730168043002,Latitude/longitude filled from US Census Batch Geocoder exact match.
MAAC,STEP Center; case management; resource navigation; job search; resume/interview coaching; vocational training referrals; benefits/resources,Hillside Views STEP Center,5447 Bayview Heights Pl,San Diego,92105,32.724333178942,-117.079523889679,Tier 3,Barrier-Reduction and Targeted Support,Verified,https://maacproject.org/step-centers/,Official STEP Centers page lists this location.,200,census_match_exact,US Census Batch Geocoder,No,200,"5447 Bayview Heights Pl, San Diego, CA, 92105",Match,Exact,"5447 BAYVIEW HEIGHTS PL, SAN DIEGO, CA, 92105",32.724333178942,-117.079523889679,611532002,L,06,073,002712,3000,060730027123000,Latitude/longitude filled from US Census Batch Geocoder exact match.
MAAC,STEP Center; case management; resource navigation; job search; resume/interview coaching; vocational training referrals; benefits/resources,Valencia Pointe STEP Center,5930 Division St,San Diego,92114,32.694096107391,-117.069054560464,Tier 3,Barrier-Reduction and Targeted Support,Verified,https://maacproject.org/step-centers/,Official STEP Centers page lists this location.,201,census_match_exact,US Census Batch Geocoder,No,201,"5930 Division St, San Diego, CA, 92114",Match,Exact,"5930 DIVISION ST, SAN DIEGO, CA, 92114",32.694096107391,-117.069054560464,195353088,L,06,073,003113,2003,060730031132003,Latitude/longitude filled from US Census Batch Geocoder exact match.
MAAC,STEP Center; case management; resource navigation; job search; resume/interview coaching; vocational training referrals; benefits/resources,Seniors on Broadway STEP Center,845 Broadway,Chula Vista,91911,32.619190735153,-117.084785416591,Tier 3,Barrier-Reduction and Targeted Support,Verified,https://maacproject.org/step-centers/,"Official STEP Centers page lists this location. Note: senior housing context, so include only if services are open to community members.",202,census_match_exact,US Census Batch Geocoder,No,202,"845 Broadway, Chula Vista, CA, 91911",Match,Exact,"845 BROADWAY, CHULA VISTA, CA, 91911",32.619190735153,-117.084785416591,195356199,L,06,073,013000,3008,060730130003008,Latitude/longitude filled from US Census Batch Geocoder exact match.
MAAC,STEP Center; case management; resource navigation; job search; resume/interview coaching; vocational training referrals; benefits/resources,Copper Creek STEP Center,1730 Elfin Forest Road,San Marcos,92078,33.096614608174,-117.196767398554,Tier 3,Barrier-Reduction and Targeted Support,Verified,https://maacproject.org/step-centers/,Official STEP Centers page lists this location.,203,census_match_exact,US Census Batch Geocoder,No,203,"1730 Elfin Forest Road, San Marcos, CA, 92078",Match,Exact,"1730 ELFIN FOREST RD, SAN MARCOS, CA, 92078",33.096614608174,-117.196767398554,612714079,L,06,073,017113,2002,060730171132002,Latitude/longitude filled from US Census Batch Geocoder exact match.
MAAC,STEP Center; case management; resource navigation; job search; resume/interview coaching; vocational training referrals; benefits/resources,Kettner Crossing STEP Center,1590 Kettner Boulevard,San Diego,92101,32.721810073047,-117.16923820042,Tier 3,Barrier-Reduction and Targeted Support,Verified,https://maacproject.org/step-centers/,Official STEP Centers page lists this location.,204,census_match_exact,US Census Batch Geocoder,No,204,"1590 Kettner Boulevard, San Diego, CA, 92101",Match,Exact,"1590 KETTNER BLVD, SAN DIEGO, CA, 92101",32.721810073047,-117.16923820042,195343340,L,06,073,005802,1013,060730058021013,Latitude/longitude filled from US Census Batch Geocoder exact match.
MAAC,VITA; tax assistance; income support navigation,MAAC VITA - Chula Vista,1387 Third Ave,Chula Vista,91911,32.603814082191,-117.065175325836,Tier 3,Barrier-Reduction and Targeted Support,Verified / seasonal,https://maacproject.org/vita/,Seasonal VITA location. Same as MAAC Community Room.,205,census_match_exact,US Census Batch Geocoder,No,205,"1387 Third Ave, Chula Vista, CA, 91911",Match,Exact,"1387 3RD AVE, CHULA VISTA, CA, 91911",32.603814082191,-117.065175325836,657381384,L,06,073,013203,4000,060730132034000,Latitude/longitude filled from US Census Batch Geocoder exact match.
MAAC,VITA; tax assistance; income support navigation,MAAC VITA - San Martin,9119 Jamacha Road,Spring Valley,91977,32.714769103346,-117.003251320959,Tier 3,Barrier-Reduction and Targeted Support,Verified / seasonal,https://maacproject.org/vita/,Seasonal VITA location. Same address as San Martin de Porres STEP Center.,206,census_match_exact,US Census Batch Geocoder,No,206,"9119 Jamacha Road, Spring Valley, CA, 91977",Match,Exact,"9119 JAMACHA RD, SPRING VALLEY, CA, 91977",32.714769103346,-117.003251320959,657381894,R,06,073,013908,2000,060730139082000,Latitude/longitude filled from US Census Batch Geocoder exact match.
MAAC,VITA; tax assistance; income support navigation,MAAC VITA - Vista Headquarters,956 Vale Terrace Drive,Vista,92084,33.209198321265,-117.230243746384,Tier 3,Barrier-Reduction and Targeted Support,Verified / seasonal,https://maacproject.org/vita/,Seasonal VITA location. Also MAAC North Campus / child-development admin site.,207,census_match_exact,US Census Batch Geocoder,No,207,"956 Vale Terrace Drive, Vista, CA, 92084",Match,Exact,"956 VALE TERRACE DR, VISTA, CA, 92084",33.209198321265,-117.230243746384,637443211,L,06,073,019601,1007,060730196011007,Latitude/longitude filled from US Census Batch Geocoder exact match.
MAAC,VITA; tax assistance; income support navigation,MAAC VITA - Mercado,2001 Newton Avenue,San Diego,92113,32.698642587073,-117.144208349588,Tier 3,Barrier-Reduction and Targeted Support,Verified / seasonal,https://maacproject.org/vita/,Seasonal VITA location. Same as Mercado STEP Center.,208,census_match_exact,US Census Batch Geocoder,No,208,"2001 Newton Avenue, San Diego, CA, 92113",Match,Exact,"2001 NEWTON AVE, SAN DIEGO, CA, 92113",32.698642587073,-117.144208349588,195347931,R,06,073,005000,1017,060730050001017,Latitude/longitude filled from US Census Batch Geocoder exact match.
MAAC,Admin Office - North Campus; child-development administration; potential resource navigation,Admin Office - North Campus,956 Vale Terrace Drive,Vista,92084,33.209198321265,-117.230243746384,Tier 3,Barrier-Reduction and Targeted Support,Verified but youth 14–24 relevance limited,https://maacproject.org/headstart/,Official MAAC Head Start page lists North Campus admin office. Include only if using MAAC resource/admin sites.,209,census_match_exact,US Census Batch Geocoder,No,209,"956 Vale Terrace Drive, Vista, CA, 92084",Match,Exact,"956 VALE TERRACE DR, VISTA, CA, 92084",33.209198321265,-117.230243746384,637443211,L,06,073,019601,1007,060730196011007,Latitude/longitude filled from US Census Batch Geocoder exact match.
Majdal: Arab Community Center of San Diego,Tutoring & Dropout Prevention; Postsecondary Preparation; Leadership Development; General Workforce Preparation; Housing Assistance; Referrals; Benefits Assistance; Other Support Services,Community Center / Arab & MENA community services,Located in El Cajon; no public street address found,El Cajon,Needs lookup,,,Tier 4,Transition Pathways and Intensive Wraparound Support,No public street address found,https://majdalcenter.org/,"Official site says the center is located in El Cajon and lists youth programs, digital literacy, English conversation, arts/culture, advocacy, and services, but no public street address was found.",210,excluded_non_mappable,not_uploaded,Yes,,,,,,,,,,,,,,,"Excluded from Census upload because it is not a specific physical street address, is mailing-only/PO Box, is virtual/mobile/multiple sites, or needs site-level lookup."
MANA de North County San Diego,School Supplies/Fees Assistance; Leadership Development; Other Education & Employment Services; Hermanitas mentoring,MANA de North County San Diego,857 Masters Dr,Oceanside,92057,33.235972083083,-117.288545139711,Tier 2,Youth Development and Enrichment,Medium verification / likely mailing or admin,https://www.mightycause.com/organization/Mana-De-North-County-San-Diego,Mightycause lists this address; official site lists email/phone but no public street address. Verify before mapping.,211,census_match_exact,US Census Batch Geocoder,No,211,"857 Masters Dr, Oceanside, CA, 92057",Match,Exact,"857 MASTERS DR, OCEANSIDE, CA, 92057",33.235972083083,-117.288545139711,195427743,R,06,073,018525,2004,060730185252004,Latitude/longitude filled from US Census Batch Geocoder exact match.
MANA de North County San Diego,Hermanitas mentoring; Latina youth leadership; conference/event programming,Palomar College Event Site,1140 W Mission Rd,San Marcos,92069,33.147078907172,-117.184642674548,Tier 2,Youth Development and Enrichment,Event location only,https://manadenorthcountysd.org/events-2/,Official MANA North County event page says Somos Una 2024 took place at Palomar College. Not a permanent service site.,212,census_match_exact,US Census Batch Geocoder,No,212,"1140 W Mission Rd, San Marcos, CA, 92069",Match,Exact,"1140 W MISSION RD, SAN MARCOS, CA, 92069",33.147078907172,-117.184642674548,636683221,R,06,073,020021,3001,060730200213001,Latitude/longitude filled from US Census Batch Geocoder exact match.
MANA de North County San Diego,Hermanitas mentoring; Latina youth leadership; community event programming,Holiday Posada Event Site,956 Vale Terrace Dr,Vista,92084,33.209198321265,-117.230243746384,Tier 2,Youth Development and Enrichment,Event location only,https://manadenorthcountysd.org/join-us-for-our-holiday-posada/,Official event page lists this event address. Not a permanent service site.,213,census_match_exact,US Census Batch Geocoder,No,213,"956 Vale Terrace Dr, Vista, CA, 92084",Match,Exact,"956 VALE TERRACE DR, VISTA, CA, 92084",33.209198321265,-117.230243746384,637443211,L,06,073,019601,1007,060730196011007,Latitude/longitude filled from US Census Batch Geocoder exact match.
MANA de San Diego,Postsecondary Preparation & Transition; School Supplies/Fees Assistance; Leadership Development; Other Education & Employment Services; Hermanitas mentoring; college success; scholarships,MANA de San Diego Official Mailing Address,PO Box 740035,San Diego,92174,,,Tier 2,Youth Development and Enrichment,Mailing only / not mappable,https://manasd.org/membership/,Official MANA de San Diego site lists PO Box only. Do not map as physical service point.,214,excluded_non_mappable,not_uploaded,Yes,,,,,,,,,,,,,,,"Excluded from Census upload because it is not a specific physical street address, is mailing-only/PO Box, is virtual/mobile/multiple sites, or needs site-level lookup."
MANA de San Diego,Postsecondary Preparation & Transition; School Supplies/Fees Assistance; Leadership Development; Other Education & Employment Services; Hermanitas mentoring; college success; scholarships,MANA de San Diego Office / Public Listing,"404 Euclid Ave, Suite 308",San Diego,92114,32.708965058716,-117.085059881181,Tier 2,Youth Development and Enrichment,Medium verification,https://app.candid.org/profile/7385671/mana-de-san-diego-33-0821060,Candid lists this as mailing address; MANA social posts also reference 404 Euclid Suite 308 as an office/drop-off location. Verify before final map use.,215,census_match_exact,US Census Batch Geocoder,No,215,"404 Euclid Ave, Suite 308, San Diego, CA, 92114",Match,Exact,"404 EUCLID AVE, SAN DIEGO, CA, 92114",32.708965058716,-117.085059881181,195351940,L,06,073,003304,2000,060730033042000,Latitude/longitude filled from US Census Batch Geocoder exact match.
MANA de San Diego,Hermanitas mentoring; college success; scholarships; Latina leadership,Bonita Event Location,Address provided upon RSVP,Bonita,Needs lookup,,,Tier 2,Youth Development and Enrichment,Event location not public,https://manasd.org/,Official site lists some events with address provided upon RSVP. Do not map.,216,excluded_non_mappable,not_uploaded,Yes,,,,,,,,,,,,,,,"Excluded from Census upload because it is not a specific physical street address, is mailing-only/PO Box, is virtual/mobile/multiple sites, or needs site-level lookup."
McAlister Institute,Drug & Mental Health Counseling; substance use treatment; recovery support,Administrative Office,"1400 N. Johnson Avenue, Suite 101",El Cajon,92020,32.81431351339,-116.971076298852,Health Domain,Move to Health Opportunity domain,Verified,https://mcalisterinc.org/contact-us/,"Official contact page lists administrative address. Use as admin/HQ, not direct youth program site.",217,census_match_exact,US Census Batch Geocoder,No,217,"1400 N. Johnson Avenue, Suite 101, El Cajon, CA, 92020",Match,Exact,"1400 N JOHNSON AVE, EL CAJON, CA, 92020",32.81431351339,-116.971076298852,195414022,L,06,073,016202,1039,060730162021039,Latitude/longitude filled from US Census Batch Geocoder exact match.
McAlister Institute,Adult outpatient treatment; case management; mental health services; vocational support; housing linkages,East County Regional Recovery Center,"1365 N. Johnson Avenue, Suite 111",El Cajon,92020,32.813883809193,-116.970935617368,Health Domain,Move to Health Opportunity domain,Verified,https://mcalisterinc.org/programs/,"Official programs page lists address. Adult outpatient program, not youth-specific.",218,census_match_exact,US Census Batch Geocoder,No,218,"1365 N. Johnson Avenue, Suite 111, El Cajon, CA, 92020",Match,Exact,"1365 N JOHNSON AVE, EL CAJON, CA, 92020",32.813883809193,-116.970935617368,195328335,R,06,073,016202,1046,060730162021046,Latitude/longitude filled from US Census Batch Geocoder exact match.
McAlister Institute,Adult outpatient treatment; women’s recovery; childcare/parenting support,North Central Women’s Recovery Center,"8665 Gibbs Avenue, Suite 150",San Diego,92123,32.810411520186,-117.140931584583,Health Domain,Move to Health Opportunity domain,Verified,https://mcalisterinc.org/programs/,Official programs page lists address. Women-focused adult recovery program.,219,census_match_non_exact_review,US Census Batch Geocoder,Yes,219,"8665 Gibbs Avenue, Suite 150, San Diego, CA, 92123",Match,Non_Exact,"8665 GIBBS DR, SAN DIEGO, CA, 92123",32.810411520186,-117.140931584583,195321163,R,06,073,008511,3005,060730085113005,Latitude/longitude filled from US Census Batch Geocoder non-exact match; review matched address before final use.
McAlister Institute,Adult outpatient treatment; case management; mental health services; vocational support,North Coastal Regional Recovery Center - Vista,"1211 West Vista Way, Building C",Vista,92083,33.194170258606,-117.266274311277,Health Domain,Move to Health Opportunity domain,Verified,https://mcalisterinc.org/programs/,Official programs page lists address.,220,census_match_non_exact_review,US Census Batch Geocoder,Yes,220,"1211 West Vista Way, Building C, Vista, CA, 92083",Match,Non_Exact,"1211 W VISTA WAY, VISTA, CA, 92083",33.194170258606,-117.266274311277,195286524,R,06,073,019406,1003,060730194061003,Latitude/longitude filled from US Census Batch Geocoder non-exact match; review matched address before final use.
McAlister Institute,Adult outpatient treatment; case management; mental health services; vocational support,North Coastal Regional Recovery Center - Oceanside,"1701 Mission Avenue, Suite 310",Oceanside,92058,33.202685946305,-117.367044460944,Health Domain,Move to Health Opportunity domain,Verified,https://mcalisterinc.org/programs/,Official programs page lists address.,221,census_match_exact,US Census Batch Geocoder,No,221,"1701 Mission Avenue, Suite 310, Oceanside, CA, 92058",Match,Exact,"1701 MISSION AVE, OCEANSIDE, CA, 92058",33.202685946305,-117.367044460944,657311577,R,06,073,018509,1000,060730185091000,Latitude/longitude filled from US Census Batch Geocoder exact match.
McAlister Institute,Adult outpatient treatment; women’s recovery; childcare/parenting support,North Coastal Women’s Recovery Center,"3355 Mission Ave, Suite 239",Oceanside,92054,33.217968209433,-117.341544481939,Health Domain,Move to Health Opportunity domain,Verified,https://mcalisterinc.org/programs/,Official programs page lists address. Women-focused adult recovery program.,222,census_match_non_exact_review,US Census Batch Geocoder,Yes,222,"3355 Mission Ave, Suite 239, Oceanside, CA, 92054",Match,Non_Exact,"3355 MISSION AVE, OCEANSIDE, CA, 92058",33.217968209433,-117.341544481939,195284224,R,06,073,018510,2003,060730185102003,Latitude/longitude filled from US Census Batch Geocoder non-exact match; review matched address before final use.
McAlister Institute,Adult outpatient treatment; case management; mental health services; vocational support,North Inland Regional Recovery Center,"200 East Washington Avenue, Suite 100",Escondido,92025,33.12742091341,-117.082560922239,Health Domain,Move to Health Opportunity domain,Verified,https://mcalisterinc.org/programs/,Official programs page lists address.,223,census_match_exact,US Census Batch Geocoder,No,223,"200 East Washington Avenue, Suite 100, Escondido, CA, 92025",Match,Exact,"200 E WASHINGTON AVE, ESCONDIDO, CA, 92025",33.12742091341,-117.082560922239,195312641,L,06,073,020214,1004,060730202141004,Latitude/longitude filled from US Census Batch Geocoder exact match.
McAlister Institute,Women and adolescent recovery; substance use treatment; parenting support,North Inland Women and Adolescent Recovery Center,"751 Rancheros Drive, Suite 5",San Marcos,92069,33.138204116799,-117.158420721189,Health Domain,Move to Health Opportunity domain,Verified,https://mcalisterinc.org/programs/,"Official programs page lists address. Relevant to youth/adolescent services, but still health-domain service.",224,census_match_exact,US Census Batch Geocoder,No,224,"751 Rancheros Drive, Suite 5, San Marcos, CA, 92069",Match,Exact,"751 RANCHEROS DR, SAN MARCOS, CA, 92069",33.138204116799,-117.158420721189,195751174,R,06,073,020023,1009,060730200231009,Latitude/longitude filled from US Census Batch Geocoder exact match.
McAlister Institute,Adult outpatient treatment; case management; mental health services; vocational support,South Bay Regional Recovery Center,"1180 Third Avenue, Suite C3",Chula Vista,91911,32.610946440894,-117.068100550335,Health Domain,Move to Health Opportunity domain,Verified,https://mcalisterinc.org/programs/,Official programs page lists address.,225,census_match_exact,US Census Batch Geocoder,No,225,"1180 Third Avenue, Suite C3, Chula Vista, CA, 91911",Match,Exact,"1180 3RD AVE, CHULA VISTA, CA, 91911",32.610946440894,-117.068100550335,640047725,R,06,073,013102,3003,060730131023003,Latitude/longitude filled from US Census Batch Geocoder exact match.
McAlister Institute,Women’s recovery; substance use treatment; childcare/parenting support,South Bay Women’s Recovery Center,"2414 Hoover Avenue, Suite C",National City,91950,32.660980886773,-117.104623688037,Health Domain,Move to Health Opportunity domain,Verified,https://mcalisterinc.org/programs/,Official programs page lists address.,226,census_match_non_exact_review,US Census Batch Geocoder,Yes,226,"2414 Hoover Avenue, Suite C, National City, CA, 91950",Match,Non_Exact,"2414 HOOVER AVE, NATIONAL CITY, CA, 91950",32.660980886773,-117.104623688037,195354281,R,06,073,021900,1062,060730219001062,Latitude/longitude filled from US Census Batch Geocoder non-exact match; review matched address before final use.
McAlister Institute,Teen Recovery Center; adolescent substance use treatment; after-school treatment; counseling,East Teen Recovery Center,"550 Fesler Street, Suite G1",El Cajon,92020,32.808833463253,-116.968610819124,Health Domain,Move to Health Opportunity domain,Verified,https://mcalisterinc.org/programs/,Official programs page lists address. Youth-specific health service.,227,census_match_exact,US Census Batch Geocoder,No,227,"550 Fesler Street, Suite G1, El Cajon, CA, 92020",Match,Exact,"550 FESLER ST, EL CAJON, CA, 92020",32.808833463253,-116.968610819124,195328353,R,06,073,016202,1047,060730162021047,Latitude/longitude filled from US Census Batch Geocoder exact match.
McAlister Institute,Teen Recovery Center; adolescent substance use treatment; after-school treatment; counseling,South Teen Recovery Center,"371 E Street, Suite 150",Chula Vista,91910,32.64396526305,-117.084224688874,Health Domain,Move to Health Opportunity domain,Verified,https://mcalisterinc.org/programs/,Official programs page lists address. Youth-specific health service.,228,census_match_exact,US Census Batch Geocoder,No,228,"371 E Street, Suite 150, Chula Vista, CA, 91910",Match,Exact,"371 E ST, CHULA VISTA, CA, 91910",32.64396526305,-117.084224688874,657394476,R,06,073,012402,1002,060730124021002,Latitude/longitude filled from US Census Batch Geocoder exact match.
McAlister Institute,Sobering support; diversion; service navigation,Recovery and Bridge Center,2506 Market St,San Diego,92102,32.711659534236,-117.139646198504,Health Domain,Move to Health Opportunity domain,Verified,https://mcalisterinc.org/programs/,Official programs page lists address. Crisis/diversion-related; should not be counted as positive Youth Supports.,229,census_match_exact,US Census Batch Geocoder,No,229,"2506 Market St, San Diego, CA, 92102",Match,Exact,"2506 MARKET ST, SAN DIEGO, CA, 92102",32.711659534236,-117.139646198504,612866594,L,06,073,004102,1018,060730041021018,Latitude/longitude filled from US Census Batch Geocoder exact match.
Metro United Methodist Urban Ministry / Metro Community Ministries,Alternative Secondary School Services; Postsecondary Preparation; Leadership Development; Paid and Unpaid Work Experiences; Referrals; Youth Interventions; Reentry Services,San Diego Regional Office,7065 El Cajon Boulevard,San Diego,92115,32.768660914258,-117.045645137642,Tier 4,Transition Pathways and Intensive Wraparound Support,Verified,https://mcmserves.org/san-diego/,"Official San Diego regional office page lists address and programs including Reentry Services, Family Unification, and Youth Interventions.",230,census_match_exact,US Census Batch Geocoder,No,230,"7065 El Cajon Boulevard, San Diego, CA, 92115",Match,Exact,"7065 EL CAJON BLVD, SAN DIEGO, CA, 92115",32.768660914258,-117.045645137642,195323869,R,06,073,002905,2003,060730029052003,Latitude/longitude filled from US Census Batch Geocoder exact match.
Metro United Methodist Urban Ministry / Metro Community Ministries,Headquarters / national admin,National Headquarters,"1895 Phoenix Boulevard, Suite 200A",College Park,30349,33.614268013959,-84.447580929008,Tier 4,Transition Pathways and Intensive Wraparound Support,Verified but outside San Diego County,https://mcmserves.org/,Outside San Diego County. Do not include in San Diego YOI map.,231,census_match_exact,US Census Batch Geocoder,No,231,"1895 Phoenix Boulevard, Suite 200A, College Park, GA, 30349",Match,Exact,"1895 PHOENIX BLVD, COLLEGE PARK, GA, 30349",33.614268013959,-84.447580929008,23320301,R,13,063,040204,2001,130630402042001,Latitude/longitude filled from US Census Batch Geocoder exact match.
Minding Your Mind,Other Education & Employment Services; mental health education; stigma reduction; school/community presentations,California Office / Mailing Address,"PO Box 371724, 2701 Midway Drive",San Diego,92110,,,Tier 1,Basic Youth Access and Navigation,Mailing / office listing,https://mindingyourmind.org/about/locations/california/,"Official California office page lists this address. Program is often delivered in schools/community settings, so map as office only unless specific school sites are available.",232,excluded_non_mappable,not_uploaded,Yes,,,,,,,,,,,,,,,"Excluded from Census upload because it is not a specific physical street address, is mailing-only/PO Box, is virtual/mobile/multiple sites, or needs site-level lookup."
Monarch School,School and wraparound support for unhoused students,Nat and Flora Bosa Campus,1625 Newton Avenue,San Diego,92113,32.702998879623,-117.150479005995,Review / Education Domain,Unclassified from appendix / likely Education + Wraparound,Verified,https://monarchschools.org/contact/,"Official contact page lists campus. Appendix listed no service types, so classify carefully. Since it is a school, this may belong in Education unless mapping dedicated wraparound supports.",233,census_match_exact,US Census Batch Geocoder,No,233,"1625 Newton Avenue, San Diego, CA, 92113",Match,Exact,"1625 NEWTON AVE, SAN DIEGO, CA, 92113",32.702998879623,-117.150479005995,195344926,R,06,073,005103,2007,060730051032007,Latitude/longitude filled from US Census Batch Geocoder exact match.
NAMI San Diego,Other Education & Employment Services; Housing Assistance; Drug & Mental Health Counseling; Health Services; Referrals; Other Support Services; Virtual Education & Employment Services,Admin Office / Mailing Address,PO Box 23700,San Diego,92193,,,Tier 3,Barrier-Reduction and Targeted Support,Mailing only / not mappable,https://namisandiego.org/contact/,Official contact page lists PO Box for admin office. Do not map as point.,234,excluded_non_mappable,not_uploaded,Yes,,,,,,,,,,,,,,,"Excluded from Census upload because it is not a specific physical street address, is mailing-only/PO Box, is virtual/mobile/multiple sites, or needs site-level lookup."
NAMI San Diego,Peer support; clubhouse programming; mental health support,C2C Clubhouse,308 G Street,San Diego,92101,32.712613535251,-117.161835518475,Tier 3,Barrier-Reduction and Targeted Support,Verified,https://namisandiego.org/direct-services/,Official site lists C2C Clubhouse at 308 G St. Health/support service; consider Health-domain flag.,235,census_match_exact,US Census Batch Geocoder,No,235,"308 G Street, San Diego, CA, 92101",Match,Exact,"308 G ST, SAN DIEGO, CA, 92101",32.712613535251,-117.161835518475,195344458,L,06,073,005302,1013,060730053021013,Latitude/longitude filled from US Census Batch Geocoder exact match.
NAMI San Diego,Peer support; clubhouse programming; mental health support,Casa del Centro Clubhouse,2754 Imperial Avenue,San Diego,92102,32.706430534595,-117.134455194508,Tier 3,Barrier-Reduction and Targeted Support,Verified,https://namisandiego.org/,Official site footer lists Casa del Centro Clubhouse address. Health/support service; consider Health-domain flag.,236,census_match_exact,US Census Batch Geocoder,No,236,"2754 Imperial Avenue, San Diego, CA, 92102",Match,Exact,"2754 IMPERIAL AVE, SAN DIEGO, CA, 92102",32.706430534595,-117.134455194508,195347888,L,06,073,004800,3005,060730048003005,Latitude/longitude filled from US Census Batch Geocoder exact match.
National Conflict Resolution Center,Other Education & Employment Services; restorative practices; community mediation; avoiding pipeline to prison; youth/community conflict resolution,Main Office,"401 B Street, Suite 1400",San Diego,92101,32.717754943201,-117.161028998514,Tier 2,Youth Development and Enrichment,Verified,https://ncrconline.com/mediation-conflict-resolution/about-ncrc/contact-us/,Official contact page lists main office.,237,census_match_exact,US Census Batch Geocoder,No,237,"401 B Street, Suite 1400, San Diego, CA, 92101",Match,Exact,"401 B ST, SAN DIEGO, CA, 92101",32.717754943201,-117.161028998514,195343596,R,06,073,005301,1014,060730053011014,Latitude/longitude filled from US Census Batch Geocoder exact match.
National Conflict Resolution Center,Restorative practices; community mediation; youth/community conflict resolution,City Heights Office,"4305 University Ave, Suite 110",San Diego,92105,32.7495609364,-117.101845916617,Tier 2,Youth Development and Enrichment,Verified,https://ncrconline.com/mediation-conflict-resolution/about-ncrc/contact-us/,Official contact page lists City Heights office.,238,census_match_exact,US Census Batch Geocoder,No,238,"4305 University Ave, Suite 110, San Diego, CA, 92105",Match,Exact,"4305 UNIVERSITY AVE, SAN DIEGO, CA, 92105",32.7495609364,-117.101845916617,195347048,R,06,073,002402,3000,060730024023000,Latitude/longitude filled from US Census Batch Geocoder exact match.
National Conflict Resolution Center,Restorative practices; community mediation; youth/community conflict resolution,Southeast San Diego Office,"220 Euclid Ave, Suite 110",San Diego,92114,32.706318702131,-117.0850704162,Tier 2,Youth Development and Enrichment,Verified,https://ncrconline.com/mediation-conflict-resolution/about-ncrc/contact-us/,Official contact page lists Southeast San Diego office.,239,census_match_exact,US Census Batch Geocoder,No,239,"220 Euclid Ave, Suite 110, San Diego, CA, 92114",Match,Exact,"220 EUCLID AVE, SAN DIEGO, CA, 92114",32.706318702131,-117.0850704162,195351942,L,06,073,003304,2000,060730033042000,Latitude/longitude filled from US Census Batch Geocoder exact match.
Neighborhood House - Project Enable,Tutoring & Dropout Prevention; Postsecondary Preparation; Paid and Unpaid Work Experiences; Financial Literacy; Health Services; Benefits Assistance; Other Support Services,Project Enable Clinic,"286 Euclid Avenue, Suite 102",San Diego,92114,32.707435866096,-117.085070204971,Tier 4,Transition Pathways and Intensive Wraparound Support,Verified,https://www.neighborhoodhouse.org/nha-programs/project-enable/,"Official Project Enable page lists clinic address. Because this is clinic-based, add Health-domain flag even though Appendix lists workforce/education supports.",240,census_match_exact,US Census Batch Geocoder,No,240,"286 Euclid Avenue, Suite 102, San Diego, CA, 92114",Match,Exact,"286 EUCLID AVE, SAN DIEGO, CA, 92114",32.707435866096,-117.085070204971,195351942,L,06,073,003304,2000,060730033042000,Latitude/longitude filled from US Census Batch Geocoder exact match.
Neighborhood House Association,Agency headquarters / administrative,Neighborhood House Association Headquarters,5660 Copley Drive,San Diego,92111,32.839999717062,-117.166580541856,Tier 4,Transition Pathways and Intensive Wraparound Support,Verified but administrative,https://www.neighborhoodhouse.org/,Official NHA site lists headquarters address. Use only if mapping provider HQs; Project Enable is the more relevant service site.,241,census_match_exact,US Census Batch Geocoder,No,241,"5660 Copley Drive, San Diego, CA, 92111",Match,Exact,"5660 COPLEY DR, SAN DIEGO, CA, 92111",32.839999717062,-117.166580541856,601658821,L,06,073,008511,2010,060730085112010,Latitude/longitude filled from US Census Batch Geocoder exact match.
NERDS RULE INC.,"Leadership Development; Paid and Unpaid Work Experiences; General Workforce Preparation; Entrepreneurship Skills Training; Financial Literacy; youth/teen/young adult STEM, workforce, leadership, entrepreneurship, mentorship",NERDS RULE INC.,No public street address found,San Diego County,Needs lookup,,,Tier 4,Transition Pathways and Intensive Wraparound Support,No mappable address found,https://nerds-rule-inc.org/,"Official site lists email and phone only, and describes partnerships with schools, universities, community organizations, and global leaders. Do not map until a public service site is verified.",242,excluded_non_mappable,not_uploaded,Yes,,,,,,,,,,,,,,,"Excluded from Census upload because it is not a specific physical street address, is mailing-only/PO Box, is virtual/mobile/multiple sites, or needs site-level lookup."
Nile Sisters Development Initiative,School Supplies/Fees Assistance; Leadership Development; Occupational Skills Training; General Workforce Preparation; Referrals; immigrant/refugee family support,Primary Office,"4265 Fairmount Avenue, Suite 130",San Diego,92105,32.75442449894,-117.100747176848,Tier 4,Transition Pathways and Intensive Wraparound Support,Verified,https://nilesisters.org/contact/,Official contact page lists address.,243,census_match_exact,US Census Batch Geocoder,No,243,"4265 Fairmount Avenue, Suite 130, San Diego, CA, 92105",Match,Exact,"4265 FAIRMOUNT AVE, SAN DIEGO, CA, 92105",32.75442449894,-117.100747176848,195347033,R,06,073,002302,1010,060730023021010,Latitude/longitude filled from US Census Batch Geocoder exact match.
Nile Sisters Development Initiative,Healthcare workforce training; refugee/immigrant support; LearnMore,Additional San Diego Location / LearnMore Listing,"5532 El Cajon Blvd, Suite 2",San Diego,92115,32.758409084069,-117.075701896331,Tier 4,Transition Pathways and Intensive Wraparound Support,Medium verification,https://www.linkedin.com/company/nile-sisters-development-initiative,LinkedIn lists this as an additional location. Verify with provider before final mapping.,244,census_match_exact,US Census Batch Geocoder,No,244,"5532 El Cajon Blvd, Suite 2, San Diego, CA, 92115",Match,Exact,"5532 EL CAJON BLVD, SAN DIEGO, CA, 92115",32.758409084069,-117.075701896331,195350289,L,06,073,002804,3009,060730028043009,Latitude/longitude filled from US Census Batch Geocoder exact match.
North County African American Women’s Association,School Supplies/Fees Assistance; Leadership Development; General Workforce Preparation; Financial Literacy; Other Education & Employment Services,NCAAWA Public Listing / Primary,4140 Oceanside Blvd,Oceanside,92056,33.206494351221,-117.287746285106,Tier 4,Transition Pathways and Intensive Wraparound Support,Medium verification,https://www.linkedin.com/company/ncaawa,Public LinkedIn listing gives this as primary location. Official site confirms North County focus but does not clearly publish headquarters address.,245,census_match_exact,US Census Batch Geocoder,No,245,"4140 Oceanside Blvd, Oceanside, CA, 92056",Match,Exact,"4140 OCEANSIDE BLVD, OCEANSIDE, CA, 92056",33.206494351221,-117.287746285106,195750707,L,06,073,018522,1022,060730185221022,Latitude/longitude filled from US Census Batch Geocoder exact match.
North County African American Women’s Association,School Supplies/Fees Assistance; Leadership Development; General Workforce Preparation; Financial Literacy; Other Education & Employment Services,NCAAWA Public Listing / Mission Ave,1831 Mission Ave,Oceanside,92058,33.203529328162,-117.365426243025,Tier 4,Transition Pathways and Intensive Wraparound Support,Medium verification,https://www.linkedin.com/company/ncaawa,Public LinkedIn listing gives this location. Verify before final mapping.,246,census_match_exact,US Census Batch Geocoder,No,246,"1831 Mission Ave, Oceanside, CA, 92058",Match,Exact,"1831 MISSION AVE, OCEANSIDE, CA, 92058",33.203529328162,-117.365426243025,195280471,R,06,073,018509,1000,060730185091000,Latitude/longitude filled from US Census Batch Geocoder exact match.
North County African American Women’s Association,School Supplies/Fees Assistance; Leadership Development; General Workforce Preparation; Financial Literacy; Other Education & Employment Services,NCAAWA Public Listing / MiraCosta College,1 Barnard Dr,Oceanside,92056,,,Tier 4,Transition Pathways and Intensive Wraparound Support,Medium verification / possible event or partner site,https://www.linkedin.com/company/ncaawa,Public LinkedIn listing gives this location. Likely partner/event/education site; verify before final mapping.,247,census_no_match,US Census Batch Geocoder,Yes,247,"1 Barnard Dr, Oceanside, CA, 92056",No_Match,,,,,,,,,,,,"Census could not geocode this row. Manually verify address, ZIP, suite/unit formatting, or use another geocoder."
North County African American Women’s Association,School Supplies/Fees Assistance; Leadership Development; General Workforce Preparation; Financial Literacy; Other Education & Employment Services,NCAAWA Public Listing / Mission Conference Room,"1701 Mission Ave, 2nd Floor, Mission Conference Room 200",Oceanside,92058,33.202685946305,-117.367044460944,Tier 4,Transition Pathways and Intensive Wraparound Support,Medium verification / possible event or partner site,https://www.linkedin.com/company/ncaawa,Public LinkedIn listing gives this location. Verify whether this is recurring program space.,248,census_match_non_exact_review,US Census Batch Geocoder,Yes,248,"1701 Mission Ave, 2nd Floor, Mission Conference Room 200, Oceanside, CA, 92058",Match,Non_Exact,"1701 MISSION AVE, OCEANSIDE, CA, 92058",33.202685946305,-117.367044460944,657311577,R,06,073,018509,1000,060730185091000,Latitude/longitude filled from US Census Batch Geocoder non-exact match; review matched address before final use.
North County LGBTQ Resource Center,Leadership Development; Other Education & Employment Services; Project Youth; LGBTQ youth support,North County LGBTQ Resource Center,1919 Apple Street,Oceanside,92054,33.195442362323,-117.355863795062,Tier 2,Youth Development and Enrichment,Verified,https://www.ncresourcecenter.org/contact,Official contact page lists 1919 Apple Street.,249,census_match_exact,US Census Batch Geocoder,No,249,"1919 Apple Street, Oceanside, CA, 92054",Match,Exact,"1919 APPLE ST, OCEANSIDE, CA, 92054",33.195442362323,-117.355863795062,195457629,R,06,073,018509,1008,060730185091008,Latitude/longitude filled from US Census Batch Geocoder exact match.
North County LGBTQ Resource Center,Project Youth; LGBTQ youth activities and organizing,Project Youth / NC LGBTQ Resource Center,1919 Apple Street,Oceanside,92054,33.195442362323,-117.355863795062,Tier 2,Youth Development and Enrichment,Verified,https://www.ncresourcecenter.org/project-youth,Project Youth is a program of the NC LGBTQ Resource Center supporting LGBTQ youth ages 9–30.,250,census_match_exact,US Census Batch Geocoder,No,250,"1919 Apple Street, Oceanside, CA, 92054",Match,Exact,"1919 APPLE ST, OCEANSIDE, CA, 92054",33.195442362323,-117.355863795062,195457629,R,06,073,018509,1008,060730185091008,Latitude/longitude filled from US Census Batch Geocoder exact match.
Ocean Discovery Institute,Tutoring & Dropout Prevention; Postsecondary Preparation; Leadership Development; General Workforce Preparation; Follow Up Services; STEM/science youth development,Living Lab / Ocean Discovery Institute,4255 Thorn Street,San Diego,92105,32.740236937616,-117.103908047626,Tier 4,Transition Pathways and Intensive Wraparound Support,Verified,https://oceandiscoveryinstitute.org/contact-us/,Official contact page lists 4255 Thorn Street.,251,census_match_exact,US Census Batch Geocoder,No,251,"4255 Thorn Street, San Diego, CA, 92105",Match,Exact,"4255 THORN ST, SAN DIEGO, CA, 92105",32.740236937616,-117.103908047626,657394319,R,06,073,002501,1001,060730025011001,Latitude/longitude filled from US Census Batch Geocoder exact match.
Operation Hope - North County,Tutoring & Dropout Prevention; School Supplies/Fees Assistance; Financial Literacy; Housing Assistance; Referrals; Other Support Services,Main Shelter / Operation HOPE-North County,859 E. Vista Way,Vista,92084,33.210362170226,-117.233775373191,Tier 4,Transition Pathways and Intensive Wraparound Support,Verified,https://operationhopeshelter.org/contact-us/,Official contact page lists 859 E. Vista Way. Housing/shelter-related row; may also be relevant to Housing Stability.,252,census_match_exact,US Census Batch Geocoder,No,252,"859 E. Vista Way, Vista, CA, 92084",Match,Exact,"859 E VISTA WAY, VISTA, CA, 92084",33.210362170226,-117.233775373191,195288732,R,06,073,019601,2000,060730196012000,Latitude/longitude filled from US Census Batch Geocoder exact match.
Operation Hope - North County,Donation/client boutique support,Annex / Client Boutique,852 Townsite Dr,Vista,92084,33.209388524313,-117.234681435678,Tier 3,Barrier-Reduction and Targeted Support,Medium verification / support site,https://breedelsordo.com/operationhope/contact-us/,Public Operation HOPE contact listing gives this as donation drop-off/client boutique. Verify before using as service access point.,253,census_match_exact,US Census Batch Geocoder,No,253,"852 Townsite Dr, Vista, CA, 92084",Match,Exact,"852 TOWNSITE DR, VISTA, CA, 92084",33.209388524313,-117.234681435678,195421945,R,06,073,019601,2000,060730196012000,Latitude/longitude filled from US Census Batch Geocoder exact match.
Outdoor Outreach,Paid and Unpaid Work Experiences; Other Education & Employment Services; outdoor youth development; leadership; environmental/outdoor access,Main Office,"3980 Sherman St., Suite 160",San Diego,92110,32.756879223575,-117.206423926086,Tier 4,Transition Pathways and Intensive Wraparound Support,Verified,https://www.outdooroutreach.org/contact/,Official contact page lists office address. Activity/program locations vary.,254,census_match_exact,US Census Batch Geocoder,No,254,"3980 Sherman St., Suite 160, San Diego, CA, 92110",Match,Exact,"3980 SHERMAN ST, SAN DIEGO, CA, 92110",32.756879223575,-117.206423926086,195340766,L,06,073,006500,1002,060730065001002,Latitude/longitude filled from US Census Batch Geocoder exact match.
Palomar Family Counseling Service,Drug & Mental Health Counseling; children/youth/family counseling; prevention and early intervention,Escondido Center & Administrative Office,1002 E. Grand Avenue,Escondido,92025,33.126378954542,-117.068413171379,Health Domain,Move to Health Opportunity domain,Verified,https://palomarfamilycounseling.com/contact-us/,Official contact page lists Escondido center and administrative office.,255,census_match_exact,US Census Batch Geocoder,No,255,"1002 E. Grand Avenue, Escondido, CA, 92025",Match,Exact,"1002 E GRAND AVE, ESCONDIDO, CA, 92025",33.126378954542,-117.068413171379,195313013,L,06,073,020202,2013,060730202022013,Latitude/longitude filled from US Census Batch Geocoder exact match.
Palomar Family Counseling Service,Drug & Mental Health Counseling; children/youth/family counseling; prevention and early intervention,Vista Center,945 Vale Terrace Drive,Vista,92084,33.209182503698,-117.230569340772,Health Domain,Move to Health Opportunity domain,Verified,https://palomarfamilycounseling.com/contact-us/,Official contact page lists Vista Center.,256,census_match_exact,US Census Batch Geocoder,No,256,"945 Vale Terrace Drive, Vista, CA, 92084",Match,Exact,"945 VALE TERRACE DR, VISTA, CA, 92084",33.209182503698,-117.230569340772,637443211,R,06,073,019601,2000,060730196012000,Latitude/longitude filled from US Census Batch Geocoder exact match.
Palomar Family Counseling Service,Drug & Mental Health Counseling; children/youth/family counseling; prevention and early intervention,Fallbrook Center,120 W. Hawthorn St.,Fallbrook,92028,33.382757195548,-117.251628678541,Health Domain,Move to Health Opportunity domain,Verified,https://palomarfamilycounseling.com/contact-us/,Official contact page lists Fallbrook location.,257,census_match_non_exact_review,US Census Batch Geocoder,Yes,257,"120 W. Hawthorn St., Fallbrook, CA, 92028",Match,Non_Exact,"120 W HAWTHORNE ST, FALLBROOK, CA, 92028",33.382757195548,-117.251628678541,195281645,L,06,073,018904,2010,060730189042010,Latitude/longitude filled from US Census Batch Geocoder non-exact match; review matched address before final use.
Pathways Community Services - Kickstart Program,Drug & Mental Health Counseling; early psychosis prevention/intervention; youth/family support,Kickstart / Clarvida San Diego County Children,"6160 Mission Gorge Rd., Suite 100",San Diego,92120,32.786635678643,-117.097808188345,Health Domain,Move to Health Opportunity domain,Verified,https://www.clarvida.com/locations/san-diego-county-children-kickstart-program/,Clarvida page lists address and says Kickstart serves young people ages 10–25 and families.,258,census_match_exact,US Census Batch Geocoder,No,258,"6160 Mission Gorge Rd., Suite 100, San Diego, CA, 92120",Match,Exact,"6160 MISSION GORGE RD, SAN DIEGO, CA, 92120",32.786635678643,-117.097808188345,195322141,L,06,073,009603,4008,060730096034008,Latitude/longitude filled from US Census Batch Geocoder exact match.
"Pro Kids, First Tee - San Diego",Tutoring & Dropout Prevention; Postsecondary Preparation; School Supplies/Fees Assistance; General Workforce Preparation; youth golf/life skills/learning center,City Heights Location / Colina Park Golf Course,4085 52nd Street,San Diego,92105,32.75113547753,-117.083525873638,Tier 4,Transition Pathways and Intensive Wraparound Support,Verified,https://thefirstteesandiego.org/about/contact-us/,Official contact page lists City Heights location.,259,census_match_exact,US Census Batch Geocoder,No,259,"4085 52nd Street, San Diego, CA, 92105",Match,Exact,"4085 52ND ST, SAN DIEGO, CA, 92105",32.75113547753,-117.083525873638,195350163,R,06,073,002708,2000,060730027082000,Latitude/longitude filled from US Census Batch Geocoder exact match.
"Pro Kids, First Tee - San Diego",Tutoring & Dropout Prevention; Postsecondary Preparation; School Supplies/Fees Assistance; General Workforce Preparation; youth golf/life skills/learning center,Oceanside Location / Ely Callaway Golf & Learning Center,821 Douglas Drive,Oceanside,92058,33.252105134263,-117.3218229007,Tier 4,Transition Pathways and Intensive Wraparound Support,Verified,https://thefirstteesandiego.org/programs/locations/oceanside/,Official Oceanside location page lists 821 Douglas Drive.,260,census_match_exact,US Census Batch Geocoder,No,260,"821 Douglas Drive, Oceanside, CA, 92058",Match,Exact,"821 DOUGLAS DR, OCEANSIDE, CA, 92058",33.252105134263,-117.3218229007,657513584,L,06,073,018608,1000,060730186081000,Latitude/longitude filled from US Census Batch Geocoder exact match.
"Project A.W.A.R.E Enterprises, Inc.",Other Education & Employment Services; harm reduction education; community/youth support; restorative/gang prevention programming,Project AWARE Enterprises,7931 Broadway,Lemon Grove,91945,32.742684854742,-117.028000968863,Tier 1,Basic Youth Access and Navigation,Verified,https://projectawareenterprises.org/programs/,"Official programs page lists location at 7931 Broadway, Lemon Grove.",261,census_match_exact,US Census Batch Geocoder,No,261,"7931 Broadway, Lemon Grove, CA, 91945",Match,Exact,"7931 BROADWAY, LEMON GROVE, CA, 91945",32.742684854742,-117.028000968863,195359517,R,06,073,014400,1019,060730144001019,Latitude/longitude filled from US Census Batch Geocoder exact match.
Project Next,Postsecondary Preparation & Transition; School Supplies/Fees Assistance; General Workforce Preparation; Financial Literacy; Employment/Training Fees; Future Centers,Mission Hills High School Future Center,1 Mission Hills Ct,San Marcos,92069,,,Tier 4,Transition Pathways and Intensive Wraparound Support,Verified,https://www.projectnext.org/future-centers,Official Future Centers page lists this school site.,262,census_no_match,US Census Batch Geocoder,Yes,262,"1 Mission Hills Ct, San Marcos, CA, 92069",No_Match,,,,,,,,,,,,"Census could not geocode this row. Manually verify address, ZIP, suite/unit formatting, or use another geocoder."
Project Next,Postsecondary Preparation & Transition; School Supplies/Fees Assistance; General Workforce Preparation; Financial Literacy; Employment/Training Fees; Future Centers,San Marcos High School Future Center,1615 W San Marcos Blvd,San Marcos,92078,33.131270847207,-117.205407306514,Tier 4,Transition Pathways and Intensive Wraparound Support,Verified,https://www.projectnext.org/future-centers,Official Future Centers page lists this school site.,263,census_match_exact,US Census Batch Geocoder,No,263,"1615 W San Marcos Blvd, San Marcos, CA, 92078",Match,Exact,"1615 W SAN MARCOS BLVD, SAN MARCOS, CA, 92078",33.131270847207,-117.205407306514,195376053,L,06,073,020026,1000,060730200261000,Latitude/longitude filled from US Census Batch Geocoder exact match.
Project Next,Postsecondary Preparation & Transition; School Supplies/Fees Assistance; General Workforce Preparation; Financial Literacy; Employment/Training Fees; Future Centers,Twin Oaks High School Future Center,158 Cassou Rd,San Marcos,92069,33.179690845886,-117.158668319567,Tier 4,Transition Pathways and Intensive Wraparound Support,Verified,https://www.projectnext.org/future-centers,Official Future Centers page lists this school site.,264,census_match_exact,US Census Batch Geocoder,No,264,"158 Cassou Rd, San Marcos, CA, 92069",Match,Exact,"158 CASSOU RD, SAN MARCOS, CA, 92069",33.179690845886,-117.158668319567,195289991,R,06,073,020038,2010,060730200382010,Latitude/longitude filled from US Census Batch Geocoder exact match.
Project Next,Postsecondary Preparation & Transition; School Supplies/Fees Assistance; General Workforce Preparation; Financial Literacy; Employment/Training Fees; Future Centers,Escondido High School Future Center,1535 N Broadway,Escondido,92026,33.143964899629,-117.090238823323,Tier 4,Transition Pathways and Intensive Wraparound Support,Verified,https://www.projectnext.org/future-centers,Official Future Centers page lists this school site.,265,census_match_exact,US Census Batch Geocoder,No,265,"1535 N Broadway, Escondido, CA, 92026",Match,Exact,"1535 N BROADWAY, ESCONDIDO, CA, 92026",33.143964899629,-117.090238823323,195312310,L,06,073,020105,3002,060730201053002,Latitude/longitude filled from US Census Batch Geocoder exact match.
Promises2Kids,Tutoring & Dropout Prevention; Alternative Secondary School Services; Postsecondary Preparation; Educational Testing Assistance; School Supplies/Fees Assistance; Leadership Development; General Workforce Preparation; Financial Literacy; Follow Up Services; Work Attire/Tools; Employment/Training Fees; Reasonable Accommodations; Housing Assistance; Referrals; Transportation; Childcare; Benefits Assistance,Main Office,3255 Camino Del Rio S.,San Diego,92108,32.775160256242,-117.12317767117,Tier 4,Transition Pathways and Intensive Wraparound Support,Verified,https://promises2kids.org/contact/,Official contact page lists 3255 Camino Del Rio S. Programs serve foster children and youth across San Diego County.,266,census_match_exact,US Census Batch Geocoder,No,266,"3255 Camino Del Rio S., San Diego, CA, 92108",Match,Exact,"3255 CAM DEL RIO S, SAN DIEGO, CA, 92108",32.775160256242,-117.12317767117,195321712,R,06,073,009307,2010,060730093072010,Latitude/longitude filled from US Census Batch Geocoder exact match.
ProPhound Kids,Other Education & Employment Services; youth creative expression; substance-abuse prevention,ProPhound Kids Public Listing,4022 Georgia #7,San Diego,92103,32.750735655185,-117.145055818302,Tier 1,Basic Youth Access and Navigation,Medium verification,https://business.sdblackchamber.org/list/member/prophound-kids-inc-4807,Official ProPhound Kids site confirms San Diego youth mission but does not clearly expose a public street address; San Diego Black Chamber listing gives this address. Verify before final map use.,267,census_match_non_exact_review,US Census Batch Geocoder,Yes,267,"4022 Georgia #7, San Diego, CA, 92103",Match,Non_Exact,"4022 GEORGIA ST, SAN DIEGO, CA, 92103",32.750735655185,-117.145055818302,195345275,L,06,073,000902,2003,060730009022003,Latitude/longitude filled from US Census Batch Geocoder non-exact match; review matched address before final use.
ProPhound Kids,Other Education & Employment Services; youth creative expression; substance-abuse prevention,ProPhound Kids Alternate Social Listing,2533 Northside Drive,San Diego,92108,32.784955599614,-117.128679085946,Tier 1,Basic Youth Access and Navigation,Medium verification / possible outdated or social listing,https://www.facebook.com/prophoundkids/,"Facebook listing gives 2533 Northside Drive. Because it conflicts with the Chamber listing, keep as alternate until verified.",268,census_match_exact,US Census Batch Geocoder,No,268,"2533 Northside Drive, San Diego, CA, 92108",Match,Exact,"2533 NORTHSIDE DR, SAN DIEGO, CA, 92108",32.784955599614,-117.128679085946,624577325,R,06,073,009305,4001,060730093054001,Latitude/longitude filled from US Census Batch Geocoder exact match.
Rainbow Spaces,Paid and Unpaid Work Experiences; Other Education & Employment Services; LGBTQ youth spaces and events,Rainbow Spaces,No public street address verified,San Diego County,Needs lookup,,,Tier 4,Transition Pathways and Intensive Wraparound Support,No headquarters found,https://www.rainbowspaces.org/,Official site lists phone/email and countywide/community programming but no clear headquarters address.,269,excluded_non_mappable,not_uploaded,Yes,,,,,,,,,,,,,,,"Excluded from Census upload because it is not a specific physical street address, is mailing-only/PO Box, is virtual/mobile/multiple sites, or needs site-level lookup."
Rainbow Spaces,LGBTQ youth events; Dungeons & Dragons; community youth programming,Kraken Dice / Chula Vista D&D Event Site,Location listed as Kraken Dice,Chula Vista,Needs lookup,,,Tier 4,Transition Pathways and Intensive Wraparound Support,Event location only,https://www.rainbowspaces.org/lgbtqyouthevents,"Official events page lists recurring Chula Vista D&D at Kraken Dice, but parsed page did not expose full street address.",270,excluded_non_mappable,not_uploaded,Yes,,,,,,,,,,,,,,,"Excluded from Census upload because it is not a specific physical street address, is mailing-only/PO Box, is virtual/mobile/multiple sites, or needs site-level lookup."
Rainbow Spaces,LGBTQ youth events; Dungeons & Dragons; community youth programming,Off the Shelf Games / Parkway Plaza Event Site,Parkway Plaza,El Cajon,Needs lookup,,,Tier 4,Transition Pathways and Intensive Wraparound Support,Event location only,https://www.rainbowspaces.org/lgbtqyouthevents,Official events page lists recurring D&D at Off the Shelf Games at Parkway Plaza. Need exact store address before mapping.,271,excluded_non_mappable,not_uploaded,Yes,,,,,,,,,,,,,,,"Excluded from Census upload because it is not a specific physical street address, is mailing-only/PO Box, is virtual/mobile/multiple sites, or needs site-level lookup."
Rainbow Spaces,LGBTQ youth events; Dungeons & Dragons; community youth programming,San Diego Central Library,330 Park Blvd,San Diego,92101,32.70822173694,-117.154113225956,Tier 4,Transition Pathways and Intensive Wraparound Support,Event/program location,https://www.rainbowspaces.org/lgbtqyouthevents,Official events page lists Downtown D&D at San Diego Central Library; address filled from known library location and should be verified if used.,272,census_match_exact,US Census Batch Geocoder,No,272,"330 Park Blvd, San Diego, CA, 92101",Match,Exact,"330 PARK BLVD, SAN DIEGO, CA, 92101",32.70822173694,-117.154113225956,657351489,R,06,073,005102,3002,060730051023002,Latitude/longitude filled from US Census Batch Geocoder exact match.
Rainbow Spaces,LGBTQ youth events; Dungeons & Dragons; community youth programming,Logan Heights Library,567 S 28th St,San Diego,92113,32.700305663727,-117.133761620719,Tier 4,Transition Pathways and Intensive Wraparound Support,Event/program location,https://sandiego.librarymarket.com/event/copy-rainbow-spaces-dungeons-dragons-calabozos-y-dragones-437229,City library event listing gives Logan Heights Library address for Rainbow Spaces D&D.,273,census_match_exact,US Census Batch Geocoder,No,273,"567 S 28th St, San Diego, CA, 92113",Match,Exact,"567 S 28TH ST, SAN DIEGO, CA, 92113",32.700305663727,-117.133761620719,195348047,L,06,073,003902,1003,060730039021003,Latitude/longitude filled from US Census Batch Geocoder exact match.
Reality Changers,Tutoring & Dropout Prevention; Postsecondary Preparation; Leadership Development; Paid and Unpaid Work Experiences; General Workforce Preparation; Financial Literacy; Other Education & Employment Services,Reality Changers Office,"4305 University Ave, Suite 510",San Diego,92105,32.7495609364,-117.101845916617,Tier 4,Transition Pathways and Intensive Wraparound Support,Verified,https://realitychangers.org/contact/,"Official contact page lists office at 4305 University Ave, Suite 510.",274,census_match_exact,US Census Batch Geocoder,No,274,"4305 University Ave, Suite 510, San Diego, CA, 92105",Match,Exact,"4305 UNIVERSITY AVE, SAN DIEGO, CA, 92105",32.7495609364,-117.101845916617,195347048,R,06,073,002402,3000,060730024023000,Latitude/longitude filled from US Census Batch Geocoder exact match.
Reality Changers,Tutoring & Dropout Prevention; Postsecondary Preparation; college readiness; youth education,Reality Changers Education Center,1400 Park Boulevard,San Diego,92101,32.719383782099,-117.153849791651,Tier 4,Transition Pathways and Intensive Wraparound Support,Verified,https://realitychangers.org/contact/,Official contact page lists Education Center at 1400 Park Boulevard.,275,census_match_exact,US Census Batch Geocoder,No,275,"1400 Park Boulevard, San Diego, CA, 92101",Match,Exact,"1400 PARK BLVD, SAN DIEGO, CA, 92101",32.719383782099,-117.153849791651,195700866,L,06,073,005602,2033,060730056022033,Latitude/longitude filled from US Census Batch Geocoder exact match.
Reality Changers,Headquarters / staff office,Reality Changers City Heights Headquarters,4251 37th Street,San Diego,92105,32.754257551096,-117.113562694644,Tier 4,Transition Pathways and Intensive Wraparound Support,Official careers page listing / possible newer HQ,https://realitychangers.org/careers/,Official careers page says staff are based at headquarters in City Heights at 4251 37th Street. Keep alongside contact-page locations until verified.,276,census_match_exact,US Census Batch Geocoder,No,276,"4251 37th Street, San Diego, CA, 92105",Match,Exact,"4251 37TH ST, SAN DIEGO, CA, 92105",32.754257551096,-117.113562694644,195346619,R,06,073,002201,1001,060730022011001,Latitude/longitude filled from US Census Batch Geocoder exact match.
Reality Changers,Mailing address,Reality Changers Mailing Address,PO Box 50220,San Diego,92165,,,Tier 4,Transition Pathways and Intensive Wraparound Support,Mailing only / not mappable,https://realitychangers.org/contact/,Do not map as physical service point.,277,excluded_non_mappable,not_uploaded,Yes,,,,,,,,,,,,,,,"Excluded from Census upload because it is not a specific physical street address, is mailing-only/PO Box, is virtual/mobile/multiple sites, or needs site-level lookup."
Red Cross Women Infants and Children (WIC) Program,Referrals to Health & Community Services; WIC nutrition support; breastfeeding support; community referrals,College Area Office,5821 University Ave,San Diego,92115,32.749305470752,-117.072024503421,Tier 3,Barrier-Reduction and Targeted Support,Verified,https://sandiegowic.org/contact/,Official Red Cross WIC contact page lists this as an in-person office.,278,census_match_exact,US Census Batch Geocoder,No,278,"5821 University Ave, San Diego, CA, 92115",Match,Exact,"5821 UNIVERSITY AVE, SAN DIEGO, CA, 92115",32.749305470752,-117.072024503421,651644134,R,06,073,002703,1001,060730027031001,Latitude/longitude filled from US Census Batch Geocoder exact match.
Red Cross Women Infants and Children (WIC) Program,Referrals to Health & Community Services; WIC nutrition support; breastfeeding support; community referrals,Euclid Office / Jackie Robinson Family YMCA,151 YMCA Way,San Diego,92102,32.705080532873,-117.097419435295,Tier 3,Barrier-Reduction and Targeted Support,Verified / limited schedule,https://sandiegowic.org/euclid-moving/,Official Red Cross WIC page says the Euclid office moved to Jackie Robinson YMCA and is open Wednesdays.,279,census_match_exact,US Census Batch Geocoder,No,279,"151 YMCA Way, San Diego, CA, 92102",Match,Exact,"151 YMCA WAY, SAN DIEGO, CA, 92102",32.705080532873,-117.097419435295,195756300,L,06,073,003301,2000,060730033012000,Latitude/longitude filled from US Census Batch Geocoder exact match.
Red Cross Women Infants and Children (WIC) Program,Referrals to Health & Community Services; WIC nutrition support; breastfeeding support; community referrals,El Cajon Office,564 North 2nd St,El Cajon,92021,32.80139715421,-116.935806466651,Tier 3,Barrier-Reduction and Targeted Support,Verified,https://sandiegowic.org/contact/,Official Red Cross WIC contact page lists this as an in-person office.,280,census_match_exact,US Census Batch Geocoder,No,280,"564 North 2nd St, El Cajon, CA, 92021",Match,Exact,"564 N 2ND ST, EL CAJON, CA, 92021",32.80139715421,-116.935806466651,195333405,L,06,073,016302,2003,060730163022003,Latitude/longitude filled from US Census Batch Geocoder exact match.
Red Cross Women Infants and Children (WIC) Program,Referrals to Health & Community Services; WIC nutrition support; breastfeeding support; community referrals,Oceanside Office,1906 Oceanside Blvd,Oceanside,92054,33.19347616691,-117.356539196501,Tier 3,Barrier-Reduction and Targeted Support,Verified,https://sandiegowic.org/contact/,Official Red Cross WIC contact page lists this as an in-person office.,281,census_match_exact,US Census Batch Geocoder,No,281,"1906 Oceanside Blvd, Oceanside, CA, 92054",Match,Exact,"1906 OCEANSIDE BLVD, OCEANSIDE, CA, 92054",33.19347616691,-117.356539196501,195281029,L,06,073,018509,1008,060730185091008,Latitude/longitude filled from US Census Batch Geocoder exact match.
Restoring San Diego,Other Education & Employment Services; at-risk youth services; gang prevention; mentorship; boxing; creative arts,Restoring San Diego,No public street address verified,San Diego County,Needs lookup,,,Tier 1,Basic Youth Access and Navigation,No mappable address found,https://restoringsandiego.org/,"Official site confirms countywide at-risk youth, gang prevention, boxing, mentorship, and creative arts programming but only lists phone/email, not a street address.",282,excluded_non_mappable,not_uploaded,Yes,,,,,,,,,,,,,,,"Excluded from Census upload because it is not a specific physical street address, is mailing-only/PO Box, is virtual/mobile/multiple sites, or needs site-level lookup."
RISE San Diego,Leadership Development; Paid and Unpaid Work Experiences; Virtual Education & Employment Services; leadership/civic capacity building,RISE San Diego,"404 Euclid Ave, Suite 329",San Diego,92114,32.708965058716,-117.085059881181,Tier 4,Transition Pathways and Intensive Wraparound Support,Verified,https://www.risesandiego.org/contact-us,Official contact page lists 404 Euclid Ave Ste 329.,283,census_match_exact,US Census Batch Geocoder,No,283,"404 Euclid Ave, Suite 329, San Diego, CA, 92114",Match,Exact,"404 EUCLID AVE, SAN DIEGO, CA, 92114",32.708965058716,-117.085059881181,195351940,L,06,073,003304,2000,060730033042000,Latitude/longitude filled from US Census Batch Geocoder exact match.
Rise Up Industries,Tutoring & Dropout Prevention; Leadership Development; Paid and Unpaid Work Experiences; Occupational Skills Training; General Workforce Preparation; Entrepreneurship Skills Training; reentry; apprenticeship; youth leadership,Rise Up Industries / Market Street Facility,5275 Market St,San Diego,92114,32.710357982383,-117.082685572807,Tier 4,Transition Pathways and Intensive Wraparound Support,Verified,https://riseupindustries.org/contact-us/,Official contact page lists 5275 Market St. State apprenticeship database also lists Rise Up Industries Apprenticeship Program at 5275 Market St Ste. 1.,284,census_match_exact,US Census Batch Geocoder,No,284,"5275 Market St, San Diego, CA, 92114",Match,Exact,"5275 MARKET ST, SAN DIEGO, CA, 92114",32.710357982383,-117.082685572807,195351932,R,06,073,003001,3009,060730030013009,Latitude/longitude filled from US Census Batch Geocoder exact match.
Rise Up Industries,Reentry Program; paid apprenticeship; CNC/machine training; wraparound support,Rise Up Industries Apprenticeship Program,"5275 Market St, Ste. 1",San Diego,92114,32.710357982383,-117.082685572807,Tier 4,Transition Pathways and Intensive Wraparound Support,Verified,https://www.dir.ca.gov/databases/das/results_aigdetail.asp?varOccId=10990,California apprenticeship database lists program address at 5275 Market St Ste. 1.,285,census_match_exact,US Census Batch Geocoder,No,285,"5275 Market St, Suite 1, San Diego, CA, 92114",Match,Exact,"5275 MARKET ST, SAN DIEGO, CA, 92114",32.710357982383,-117.082685572807,195351932,R,06,073,003001,3009,060730030013009,Latitude/longitude filled from US Census Batch Geocoder exact match.
Rise Up Industries,Rise Up Leadership Academy; after-school and summer youth program,Rise Up Leadership Academy,Program located in City Heights; exact site not publicly listed,City Heights / San Diego,Needs lookup,,,Tier 4,Transition Pathways and Intensive Wraparound Support,Needs site-level verification,https://riseupindustries.org/rula/,Official RULA page confirms City Heights after-school/summer youth programming but does not expose a mappable street address.,286,excluded_non_mappable,not_uploaded,Yes,,,,,,,,,,,,,,,"Excluded from Census upload because it is not a specific physical street address, is mailing-only/PO Box, is virtual/mobile/multiple sites, or needs site-level lookup."
Rotary District 5340,Leadership Development; Other Education & Employment Services; youth leadership programs; RYLA; LEAD; Interact,Rotary District 5340 Public Listing,5052 Clairemont Dr #178651,San Diego,92117,32.833564005831,-117.201770024972,Tier 2,Youth Development and Enrichment,Medium verification / likely mailing,https://www.linkedin.com/company/rotary5340,"LinkedIn lists this as the district primary location. Treat as office/mailing, not service site.",287,census_match_exact,US Census Batch Geocoder,No,287,"5052 Clairemont Dr #178651, San Diego, CA, 92117",Match,Exact,"5052 CLAIREMONT DR, SAN DIEGO, CA, 92117",32.833564005831,-117.201770024972,195302640,L,06,073,008502,5000,060730085025000,Latitude/longitude filled from US Census Batch Geocoder exact match.
Rotary District 5340,RYLA; Rotary Youth Leadership Awards,RYLA Program Site,Program serves students in San Diego and Imperial Counties; camp location varies / not fully public,Multiple,Needs lookup,,,Tier 2,Youth Development and Enrichment,Program confirmed / no stable mappable point,https://rotary5340.org/sitepage/youth-service/ryla-%28rotary-youth-leadership-awards%29,Official District 5340 page confirms RYLA for San Diego and Imperial County 11th-grade students. Do not map until exact annual camp/site is confirmed.,288,excluded_non_mappable,not_uploaded,Yes,,,,,,,,,,,,,,,"Excluded from Census upload because it is not a specific physical street address, is mailing-only/PO Box, is virtual/mobile/multiple sites, or needs site-level lookup."
Rotary District 5340,LEAD youth leadership camp,LEAD / Cuyamaca Outdoor School,Cuyamaca Outdoor School,Julian area / San Diego County,Needs lookup,,,Tier 2,Youth Development and Enrichment,Program site needs exact address,https://rotary5340.org/sitepage/youth-service/lead,"Official District 5340 LEAD page says LEAD is held at Cuyamaca Outdoor School, an SDCOE campus. Add exact address only after verifying from SDCOE.",289,excluded_non_mappable,not_uploaded,Yes,,,,,,,,,,,,,,,"Excluded from Census upload because it is not a specific physical street address, is mailing-only/PO Box, is virtual/mobile/multiple sites, or needs site-level lookup."
Safe Harbor Coronado,Leadership Development; Paid and Unpaid Work Experiences; Other Education & Employment Services; Drug & Mental Health Counseling; youth/family counseling; prevention programming,Safe Harbor Coronado,1009 C Avenue,Coronado,92118,32.68526340693,-117.178669091722,Tier 4 / Health Domain Review,Transition Pathways and Intensive Wraparound Support / Health Opportunity,Verified,https://safeharborcoronado.org/,"Official site footer lists 1009 C Avenue and describes counseling, prevention programming, and community education for youth/families.",290,census_match_exact,US Census Batch Geocoder,No,290,"1009 C Avenue, Coronado, CA, 92118",Match,Exact,"1009 C AVE, CORONADO, CA, 92118",32.68526340693,-117.178669091722,636006568,L,06,073,021800,1003,060730218001003,Latitude/longitude filled from US Census Batch Geocoder exact match.
Safe Harbor Coronado,Counseling; youth and family mental health support,Safe Harbor Counseling,1009 C Avenue,Coronado,92118,32.68526340693,-117.178669091722,Health Domain,Move to Health Opportunity domain,Verified,https://safeharborcoronado.org/counseling,"Official counseling page describes short-term, confidential, low-cost counseling for youth and families in Coronado.",291,census_match_exact,US Census Batch Geocoder,No,291,"1009 C Avenue, Coronado, CA, 92118",Match,Exact,"1009 C AVE, CORONADO, CA, 92118",32.68526340693,-117.178669091722,636006568,L,06,073,021800,1003,060730218001003,Latitude/longitude filled from US Census Batch Geocoder exact match.
Salvation Army,Leadership Development; Other Education & Employment Services; youth/family/community programming,Kroc Corps Community Center,6845 University Ave,San Diego,92115,32.755072043302,-117.050475628374,Tier 2,Youth Development and Enrichment,Verified,https://sd.kroccenter.org/kroc-san-diego/,Main youth/family/community center; strong Youth Supports candidate.,292,census_match_exact,US Census Batch Geocoder,No,292,"6845 University Ave, San Diego, CA, 92115",Match,Exact,"6845 UNIVERSITY AVE, SAN DIEGO, CA, 92115",32.755072043302,-117.050475628374,612892327,R,06,073,002903,2000,060730029032000,Latitude/longitude filled from US Census Batch Geocoder exact match.
Salvation Army,Community center; family/youth/community services,San Diego Regional Office,6605 University Ave,San Diego,92115,32.755310819811,-117.054711574058,Tier 2,Youth Development and Enrichment,Verified,https://sandiego.salvationarmy.org/,Regional listing; use mainly as admin/regional office.,293,census_match_exact,US Census Batch Geocoder,No,293,"6605 University Ave, San Diego, CA, 92115",Match,Exact,"6605 UNIVERSITY AVE, SAN DIEGO, CA, 92115",32.755310819811,-117.054711574058,195351325,R,06,073,002903,2000,060730029032000,Latitude/longitude filled from US Census Batch Geocoder exact match.
Salvation Army,Community center; family/youth/community services,El Cajon Red Shield / Corps Community Center,1011 E. Main Street,El Cajon,92021,32.794857923121,-116.947709924366,Tier 2,Youth Development and Enrichment,Verified,https://sandiego.salvationarmy.org/,Official Salvation Army regional location.,294,census_match_exact,US Census Batch Geocoder,No,294,"1011 E. Main Street, El Cajon, CA, 92021",Match,Exact,"1011 E MAIN ST, EL CAJON, CA, 92021",32.794857923121,-116.947709924366,195329299,R,06,073,015706,1000,060730157061000,Latitude/longitude filled from US Census Batch Geocoder exact match.
Salvation Army,Community center; family/youth/community services,Escondido Corps Community Center,1301 Las Villas Way,Escondido,92026,33.138163899255,-117.093401573219,Tier 2,Youth Development and Enrichment,Verified,https://sandiego.salvationarmy.org/,Official Salvation Army regional location.,295,census_match_exact,US Census Batch Geocoder,No,295,"1301 Las Villas Way, Escondido, CA, 92026",Match,Exact,"1301 LAS VILLAS WAY, ESCONDIDO, CA, 92026",33.138163899255,-117.093401573219,650315321,L,06,073,020308,1000,060730203081000,Latitude/longitude filled from US Census Batch Geocoder exact match.
Salvation Army,Community center; family/youth/community services,Oceanside Corps Community Center,3935 Lake Boulevard,Oceanside,92056,33.180108943068,-117.289206837988,Tier 2,Youth Development and Enrichment,Verified,https://sandiego.salvationarmy.org/,Official Salvation Army regional location.,296,census_match_exact,US Census Batch Geocoder,No,296,"3935 Lake Boulevard, Oceanside, CA, 92056",Match,Exact,"3935 LAKE BLVD, OCEANSIDE, CA, 92056",33.180108943068,-117.289206837988,657452524,R,06,073,019805,1016,060730198051016,Latitude/longitude filled from US Census Batch Geocoder exact match.
Salvation Army,Shelter; homeless outreach; family services,Centre City Corps Community Center,825 7th Avenue,San Diego,92101,32.713917092943,-117.158262044033,Tier 3,Barrier-Reduction and Targeted Support,Verified,https://sandiego.salvationarmy.org/,Official regional listing; more housing/support oriented than youth enrichment.,297,census_match_exact,US Census Batch Geocoder,No,297,"825 7th Avenue, San Diego, CA, 92101",Match,Exact,"825 7TH AVE, SAN DIEGO, CA, 92101",32.713917092943,-117.158262044033,195344583,R,06,073,005301,2008,060730053012008,Latitude/longitude filled from US Census Batch Geocoder exact match.
Salvation Army,Family shelter; interim housing; housing support,Door of Hope / Haven Interim Shelter / Citadel Site,2799 Health Center Drive,San Diego,92123,32.794844825389,-117.157404378506,Tier 3,Barrier-Reduction and Targeted Support,Verified,https://sd.kroccenter.org/kroc-san-diego/assistance/,Same site appears as Citadel/Door of Hope/Haven. Shelter/family-support row; likely Housing Stability overlap.,298,census_match_exact,US Census Batch Geocoder,No,298,"2799 Health Center Drive, San Diego, CA, 92123",Match,Exact,"2799 HEALTH CENTER DR, SAN DIEGO, CA, 92123",32.794844825389,-117.157404378506,638575983,R,06,073,008702,1001,060730087021001,Latitude/longitude filled from US Census Batch Geocoder exact match.
Salvation Army,Adult rehabilitation,Adult Rehabilitation Center,7455 Otay Mesa Road,San Diego,92154,32.56782474482,-116.980509850306,Review / likely exclude,Not Youth Supports,Verified,https://sandiego.salvationarmy.org/,Adult rehab site; probably exclude from youth-support scoring unless mapping all Salvation Army assets.,299,census_match_exact,US Census Batch Geocoder,No,299,"7455 Otay Mesa Road, San Diego, CA, 92154",Match,Exact,"7455 OTAY MESA RD, SAN DIEGO, CA, 92154",32.56782474482,-116.980509850306,657475583,L,06,073,010015,2016,060730100152016,Latitude/longitude filled from US Census Batch Geocoder exact match.
San Diego American Indian Health Center - Youth Outreach Center,Other Education & Employment Services; Health Services; Native youth outreach,Youth Center,"2560 First Ave, Suite 103",San Diego,92103,32.731997724128,-117.164012177107,Tier 1,Basic Youth Access and Navigation,Verified,https://www.sdaihc.org/youth-outreach/,Official youth page lists Youth Center address; serves youth/young adults.,300,census_match_exact,US Census Batch Geocoder,No,300,"2560 First Ave, Suite 103, San Diego, CA, 92103",Match,Exact,"2560 1ST AVE, SAN DIEGO, CA, 92103",32.731997724128,-117.164012177107,195343170,L,06,073,006000,3012,060730060003012,Latitude/longitude filled from US Census Batch Geocoder exact match.
San Diego American Indian Health Center - Youth Outreach Center,Health Services; behavioral health; primary care,Main Health Center / Clinic,2630 First Ave,San Diego,92103,32.732760702591,-117.164014670554,Health Domain,Move to Health Opportunity domain,Verified,https://www.sdaihc.org/contacts/,Main clinic site; include in Health layer or as linked health support.,301,census_match_exact,US Census Batch Geocoder,No,301,"2630 First Ave, San Diego, CA, 92103",Match,Exact,"2630 1ST AVE, SAN DIEGO, CA, 92103",32.732760702591,-117.164014670554,195343161,L,06,073,006000,3008,060730060003008,Latitude/longitude filled from US Census Batch Geocoder exact match.
San Diego Center for Children,Assistance with School Supplies & Fees; Drug & Mental Health Counseling; Health Services,Main Campus / Academy,3002 Armstrong Street,San Diego,92111,32.800439135232,-117.165482665036,Health Domain / Education Review,Move to Health or Education support,Verified,https://www.centerforchildren.org/contact/,Official contact page and CDE list main campus at this address.,302,census_match_exact,US Census Batch Geocoder,No,302,"3002 Armstrong Street, San Diego, CA, 92111",Match,Exact,"3002 ARMSTRONG ST, SAN DIEGO, CA, 92111",32.800439135232,-117.165482665036,195714248,L,06,073,008701,1001,060730087011001,Latitude/longitude filled from US Census Batch Geocoder exact match.
San Diego Center for Children,Foster youth support; FFAST; therapeutic foster care; wraparound support,FFAST / Mission Valley Office,"2655 Camino del Rio North, Suite 450",San Diego,92108,32.772709183232,-117.134580597105,Tier 3 / Health Domain,Barrier-Reduction and Targeted Support / Health Opportunity,Verified,https://www.centerforchildren.org/our-services/foster-youth/ffast/,Official FFAST page lists this address; foster-youth support site.,303,census_match_exact,US Census Batch Geocoder,No,303,"2655 Camino del Rio North, Suite 450, San Diego, CA, 92108",Match,Exact,"2655 CAM DEL RIO N, SAN DIEGO, CA, 92108",32.772709183232,-117.134580597105,641436604,R,06,073,009307,4005,060730093074005,Latitude/longitude filled from US Census Batch Geocoder exact match.
San Diego Center for Children,Outpatient mental health; school-based behavioral health,East County Outpatient Program,"6386 Alvarado Ct., Suite 310",San Diego,92120,32.777228019689,-117.062155558222,Health Domain,Move to Health Opportunity domain,Verified via County directory,https://www.sandiegocounty.gov/content/dam/sdc/hhsa/programs/bhs/CYF/East%20Region%20Services%20Directory_Updated%20March%202025.pdf,County behavioral-health directory lists this ECOP address.,304,census_match_exact,US Census Batch Geocoder,No,304,"6386 Alvarado Ct., Suite 310, San Diego, CA, 92120",Match,Exact,"6386 ALVARADO CT, SAN DIEGO, CA, 92120",32.777228019689,-117.062155558222,638063247,L,06,073,002904,5005,060730029045005,Latitude/longitude filled from US Census Batch Geocoder exact match.
San Diego Center for the Blind and Vision Impaired,Drug & Mental Health Counseling; Transportation; vision rehabilitation,San Diego Center,5922 El Cajon Boulevard,San Diego,92115,32.759961521472,-117.070084368223,Tier 3,Barrier-Reduction and Targeted Support,Verified,https://www.sdcb.org/client-programs/,Official client programs page lists this San Diego location.,305,census_match_exact,US Census Batch Geocoder,No,305,"5922 El Cajon Boulevard, San Diego, CA, 92115",Match,Exact,"5922 EL CAJON BLVD, SAN DIEGO, CA, 92115",32.759961521472,-117.070084368223,195350319,L,06,073,002804,3014,060730028043014,Latitude/longitude filled from US Census Batch Geocoder exact match.
San Diego Center for the Blind and Vision Impaired,Drug & Mental Health Counseling; Transportation; vision rehabilitation,Vista Center,1385 Bonair Road,Vista,92084,33.217908909279,-117.219578159017,Tier 3,Barrier-Reduction and Targeted Support,Verified,https://www.sdcb.org/client-programs/,Official client programs page lists this Vista location.,306,census_match_exact,US Census Batch Geocoder,No,306,"1385 Bonair Road, Vista, CA, 92084",Match,Exact,"1385 BONAIR RD, VISTA, CA, 92084",33.217908909279,-117.219578159017,195418817,R,06,073,019210,1007,060730192101007,Latitude/longitude filled from US Census Batch Geocoder exact match.
San Diego Financial Literacy Center,Financial Literacy Education; Virtual Education & Employment Services,SDFLC Headquarters,"1835A S. Centre City Pkwy, #508",Escondido,92025,33.101487254525,-117.074352295626,Tier 4,Transition Pathways and Intensive Wraparound Support,Verified,https://sdflc.org/,Official site footer lists headquarters.,307,census_match_non_exact_review,US Census Batch Geocoder,Yes,307,"1835A S. Centre City Pkwy, #508, Escondido, CA, 92025",Match,Non_Exact,"1835A S CENTRE CITY PKWY, ESCONDIDO, CA, 92025",33.101487254525,-117.074352295626,195710066,R,06,073,020403,2000,060730204032000,Latitude/longitude filled from US Census Batch Geocoder non-exact match; review matched address before final use.
San Diego Financial Literacy Center,Financial literacy; military/veteran family resource support,Military & Veterans Resource Center - Escondido,"649 W. Mission Ave., Room 2400",Escondido,92025,33.12750093088,-117.094318284686,Tier 4,Transition Pathways and Intensive Wraparound Support,Verified,https://sdflc.org/,Official site footer lists MVRC location. Youth relevance may be indirect unless serving student/family financial literacy.,308,census_match_exact,US Census Batch Geocoder,No,308,"649 W. Mission Ave., Room 2400, Escondido, CA, 92025",Match,Exact,"649 W MISSION AVE, ESCONDIDO, CA, 92025",33.12750093088,-117.094318284686,195720494,L,06,073,020313,1002,060730203131002,Latitude/longitude filled from US Census Batch Geocoder exact match.
San Diego Financial Literacy Center,Financial literacy; military/veteran family resource support,Military & Veterans Resource Center - National City,"401 Mile of Cars Way, Suite 300",National City,91950,32.661205446759,-117.104701844479,Tier 4,Transition Pathways and Intensive Wraparound Support,Verified,https://sdflc.org/,Official site footer lists MVRC location. Youth relevance may be indirect unless serving student/family financial literacy.,309,census_match_exact,US Census Batch Geocoder,No,309,"401 Mile of Cars Way, Suite 300, National City, CA, 91950",Match,Exact,"401 MILE OF CARS WAY, NATIONAL CITY, CA, 91950",32.661205446759,-117.104701844479,657424362,R,06,073,021900,1061,060730219001061,Latitude/longitude filled from US Census Batch Geocoder exact match.
San Diego Futures Foundation,Assistance with School Supplies & Fees; Virtual Education & Employment Services; digital access,SDFF City Heights Office,"4283 El Cajon Blvd, Suite 220",San Diego,92105,32.755068935786,-117.102666991503,Tier 2,Youth Development and Enrichment,Verified,https://sdfutures.org/contact-us,Official contact page lists address and local pickup office.,310,census_match_exact,US Census Batch Geocoder,No,310,"4283 El Cajon Blvd, Suite 220, San Diego, CA, 92105",Match,Exact,"4283 EL CAJON BLVD, SAN DIEGO, CA, 92105",32.755068935786,-117.102666991503,612873067,R,06,073,002202,1003,060730022021003,Latitude/longitude filled from US Census Batch Geocoder exact match.
San Diego Refugee Tutoring,Tutoring & Dropout Prevention; school supplies; refugee youth academic support,Ibarra Elementary School Program Site,4877 Orange Ave,San Diego,92115,32.753025935385,-117.090027981288,Tier 2,Youth Development and Enrichment,Verified program site,https://ibarra.sandiegounified.org/programs/community_partners,Ibarra Elementary lists San Diego Refugee Tutoring as meeting there Tuesday/Thursday evenings.,311,census_match_exact,US Census Batch Geocoder,No,311,"4877 Orange Ave, San Diego, CA, 92115",Match,Exact,"4877 ORANGE AVE, SAN DIEGO, CA, 92115",32.753025935385,-117.090027981288,657468180,R,06,073,002707,3001,060730027073001,Latitude/longitude filled from US Census Batch Geocoder exact match.
San Diego Refugee Tutoring,Mailing address,SDRT Mailing Address,PO Box 153773,San Diego,92195,,,Tier 2,Youth Development and Enrichment,Mailing only / not mappable,https://sdrefugeetutoring.com/contact/,Do not map as a physical service point.,312,excluded_non_mappable,not_uploaded,Yes,,,,,,,,,,,,,,,"Excluded from Census upload because it is not a specific physical street address, is mailing-only/PO Box, is virtual/mobile/multiple sites, or needs site-level lookup."
San Diego Rescue Mission,Educational Testing Assistance; school supplies; work attire/tools; housing; health; referrals; transportation; childcare; benefits; legal aid,Main Facility / Residential Program,120 Elm Street,San Diego,92101,32.724115533976,-117.163652280625,Tier 4,Transition Pathways and Intensive Wraparound Support,Verified,https://www.sdrescue.org/contact-us/,"Official contact page lists main facility, admin offices, and residential program.",313,census_match_exact,US Census Batch Geocoder,No,313,"120 Elm Street, San Diego, CA, 92101",Match,Exact,"120 ELM ST, SAN DIEGO, CA, 92101",32.724115533976,-117.163652280625,195343458,L,06,073,005700,2007,060730057002007,Latitude/longitude filled from US Census Batch Geocoder exact match.
San Diego Rescue Mission,Emergency shelter; housing; support services,South County Lighthouse,2400 Euclid Avenue,National City,91950,32.668430595995,-117.076854760156,Tier 4,Transition Pathways and Intensive Wraparound Support,Verified,https://www.sdrescue.org/contact-us/,Official contact page lists referral-only 30-day transitional shelter for men/women/families.,314,census_match_exact,US Census Batch Geocoder,No,314,"2400 Euclid Avenue, National City, CA, 91950",Match,Exact,"2400 EUCLID AVE, NATIONAL CITY, CA, 91950",32.668430595995,-117.076854760156,195674377,R,06,073,012200,1008,060730122001008,Latitude/longitude filled from US Census Batch Geocoder exact match.
San Diego Rescue Mission,Children/family support; educational support; parenting tools,Children’s Resource Center / Main Facility,120 Elm Street,San Diego,92101,32.724115533976,-117.163652280625,Tier 4,Transition Pathways and Intensive Wraparound Support,Verified / same site,https://www.sdrescue.org/get-involved/take-a-tour/,Official tour page describes Children’s Resource Center at the main facility.,315,census_match_exact,US Census Batch Geocoder,No,315,"120 Elm Street, San Diego, CA, 92101",Match,Exact,"120 ELM ST, SAN DIEGO, CA, 92101",32.724115533976,-117.163652280625,195343458,L,06,073,005700,2007,060730057002007,Latitude/longitude filled from US Census Batch Geocoder exact match.
San Diego Squared (SD2),Tutoring & Dropout Prevention; school supplies; paid/unpaid work experiences; workforce prep; STEM mentorship,SD2 Mailing Address,1100 Market St. #338,San Diego,92101,32.711578535006,-117.154585004867,Tier 4,Transition Pathways and Intensive Wraparound Support,Mailing / admin only,https://sd2.org/donate/,"Official donate page lists mailing address. Program appears mentorship/partner-based, so do not treat as regular service site unless confirmed.",316,census_match_exact,US Census Batch Geocoder,No,316,"1100 Market St. #338, San Diego, CA, 92101",Match,Exact,"1100 MARKET ST, SAN DIEGO, CA, 92101",32.711578535006,-117.154585004867,648876351,L,06,073,005202,2005,060730052022005,Latitude/longitude filled from US Census Batch Geocoder exact match.
San Diego Squared (SD2),STEM fellows; interns; scholars; mentorship,Countywide / partner-based programming,No public service-site address verified,San Diego County,Needs lookup,,,Tier 4,Transition Pathways and Intensive Wraparound Support,No fixed site found,https://sd2.org/,Official site confirms programs but does not expose a stable public service site.,317,excluded_non_mappable,not_uploaded,Yes,,,,,,,,,,,,,,,"Excluded from Census upload because it is not a specific physical street address, is mailing-only/PO Box, is virtual/mobile/multiple sites, or needs site-level lookup."
San Diego State University Guardian Scholars program,Postsecondary preparation; workforce preparation; financial literacy; housing assistance,SDSU Guardian Scholars Office / Student Services West 2549,5500 Campanile Drive,San Diego,92182-7438,,,Tier 4,Transition Pathways and Intensive Wraparound Support,Verified,https://sacd.sdsu.edu/eop/programs/guardian-scholars,Official SDSU page lists office location and mailing address.,318,census_no_match,US Census Batch Geocoder,Yes,318,"5500 Campanile Drive, San Diego, CA, 92182",No_Match,,,,,,,,,,,,"Census could not geocode this row. Manually verify address, ZIP, suite/unit formatting, or use another geocoder."
San Diego Youth Services,Leadership Development; work experience; occupational skills; workforce prep; housing; counseling; referrals; support services,Administrative Office,3255 Wing Street,San Diego,92110,32.749652103229,-117.212807205278,Tier 4,Transition Pathways and Intensive Wraparound Support,Verified,https://sdyouthservices.org/contact/,Official contact page lists mailing/admin address.,319,census_match_exact,US Census Batch Geocoder,No,319,"3255 Wing Street, San Diego, CA, 92110",Match,Exact,"3255 WING ST, SAN DIEGO, CA, 92110",32.749652103229,-117.212807205278,195340665,R,06,073,006802,1002,060730068021002,Latitude/longitude filled from US Census Batch Geocoder exact match.
San Diego Youth Services,Homeless/housing support; TAY Academy; drop-in resource center; Storefront shelter linkage,Golden Hill Youth Center / TAY Academy,2220 Broadway,San Diego,92102,32.715844533949,-117.143807472046,Tier 4,Transition Pathways and Intensive Wraparound Support,Verified,https://sdyouthservices.org/services/homeless-housing-and-support/,Official SDYS homeless/housing page lists TAY Academy drop-in center at 2220 Broadway.,320,census_match_exact,US Census Batch Geocoder,No,320,"2220 Broadway, San Diego, CA, 92102",Match,Exact,"2220 BROADWAY, SAN DIEGO, CA, 92102",32.715844533949,-117.143807472046,195347673,L,06,073,004600,1016,060730046001016,Latitude/longitude filled from US Census Batch Geocoder exact match.
San Diego Youth Services,LGBTQ+ youth drop-in; Our Safe Place,Our Safe Place Central Drop-In Center / Golden Hill Youth Center,2220 Broadway,San Diego,92102,32.715844533949,-117.143807472046,Tier 3 / Health Domain Review,Barrier-Reduction and Targeted Support / Health Opportunity,Verified,https://sdyouthservices.org/services/our-safe-place/,Official Our Safe Place page lists Central drop-in center at this address.,321,census_match_exact,US Census Batch Geocoder,No,321,"2220 Broadway, San Diego, CA, 92102",Match,Exact,"2220 BROADWAY, SAN DIEGO, CA, 92102",32.715844533949,-117.143807472046,195347673,L,06,073,004600,1016,060730046001016,Latitude/longitude filled from US Census Batch Geocoder exact match.
San Diego Youth Services,LGBTQ+ youth drop-in; Our Safe Place,Our Safe Place East County Drop-In Center / Spring Valley East Community Center,"3845 Spring Dr, Room 13",Spring Valley,91977,32.748645791994,-117.003255487034,Tier 3 / Health Domain Review,Barrier-Reduction and Targeted Support / Health Opportunity,Verified,https://sdyouthservices.org/services/our-safe-place/,Official Our Safe Place page lists East County drop-in center.,322,census_match_exact,US Census Batch Geocoder,No,322,"3845 Spring Dr, Room 13, Spring Valley, CA, 91977",Match,Exact,"3845 SPRING DR, SPRING VALLEY, CA, 91977",32.748645791994,-117.003255487034,195360534,R,06,073,013801,1018,060730138011018,Latitude/longitude filled from US Census Batch Geocoder exact match.
San Diego Youth Services,Youth behavioral health; East County services,East County Behavioral Health Clinic,"1870 Cordell Ct, Suite 101",El Cajon,92020,32.821736285221,-116.983435509749,Health Domain,Move to Health Opportunity domain,Verified via County/resource directories,https://www.sandiegocounty.gov/content/dam/sdc/hhsa/programs/bhs/CYF/East%20Region%20Services%20Directory_Updated%20Sept.%202025.pdf,County behavioral-health directory lists this SDYS East County Behavioral Health Clinic address.,323,census_match_exact,US Census Batch Geocoder,No,323,"1870 Cordell Ct, Suite 101, El Cajon, CA, 92020",Match,Exact,"1870 CORDELL CT, EL CAJON, CA, 92020",32.821736285221,-116.983435509749,195655905,L,06,073,016201,2002,060730162012002,Latitude/longitude filled from US Census Batch Geocoder exact match.
San Diego Youth Services,Countywide programs; community/school locations,Multiple community/school locations,100+ community locations annually,San Diego County,Needs lookup,,,Tier 4,Transition Pathways and Intensive Wraparound Support,Confirmed but not individually mappable yet,https://sdyouthservices.org/media-newsroom/videos/,SDYS materials say services occur at many community locations; expand only if specific site list becomes available.,324,census_no_match,US Census Batch Geocoder,Yes,324,"100+ community locations annually, San Diego County, CA, ",No_Match,,,,,,,,,,,,"Census could not geocode this row. Manually verify address, ZIP, suite/unit formatting, or use another geocoder."
SAY San Diego,Leadership Development; Other Education & Employment Services; youth/family/community support,Main Office,4775 Viewridge Avenue,San Diego,92123,32.824146315808,-117.121078430753,Tier 2,Youth Development and Enrichment,Verified,https://www.saysandiego.org/about/contact/,Official contact page lists SAY San Diego office.,325,census_match_exact,US Census Batch Geocoder,No,325,"4775 Viewridge Avenue, San Diego, CA, 92123",Match,Exact,"4775 VIEWRIDGE AVE, SAN DIEGO, CA, 92123",32.824146315808,-117.121078430753,195320636,R,06,073,008511,1015,060730085111015,Latitude/longitude filled from US Census Batch Geocoder exact match.
SAY San Diego,Family Resource Center; community navigation; family/youth support,Mid-City Family Resource Center,"4275 El Cajon Blvd, Suite 101",San Diego,92105,32.755070964519,-117.102768003765,Tier 2,Youth Development and Enrichment,Verified,https://www.saysandiego.org/about/contact/,Official contact page lists Mid-City Family Resource Center.,326,census_match_exact,US Census Batch Geocoder,No,326,"4275 El Cajon Blvd, Suite 101, San Diego, CA, 92105",Match,Exact,"4275 EL CAJON BLVD, SAN DIEGO, CA, 92105",32.755070964519,-117.102768003765,612873067,R,06,073,002202,1003,060730022021003,Latitude/longitude filled from US Census Batch Geocoder exact match.
SAY San Diego,Newcomer/refugee youth support; school-community connection,Crawford Community Connection / Crawford High School Bungalow 5,"4191 Colts Way, Bungalow 5",San Diego,92115,32.752971520195,-117.076858238868,Tier 2,Youth Development and Enrichment,Verified program site,https://www.saysandiego.org/wp-content/uploads/CCC-Outreach-Flyer_COVID19.pdf,"SAY flyer lists Crawford High School, Bungalow 5. School-based site; verify whether still active before final map.",327,census_match_non_exact_review,US Census Batch Geocoder,Yes,327,"4191 Colts Way, Bungalow 5, San Diego, CA, 92115",Match,Non_Exact,"4191 COLTS WAY, SAN DIEGO, CA, 92115",32.752971520195,-117.076858238868,612886623,R,06,073,002702,3011,060730027023011,Latitude/longitude filled from US Census Batch Geocoder non-exact match; review matched address before final use.
SAY San Diego,Extended Day / school-based youth programming,School-based Extended Day Program Sites,Multiple school sites,San Diego County,Needs lookup,,,Tier 2,Youth Development and Enrichment,Needs school-site expansion,https://www.saysandiego.org/view-by-program/preschools-extended-learning-programs/before-after-school-programs/,"Official page confirms Extended Day Programs administration, but individual school-site addresses need a separate list.",328,excluded_non_mappable,not_uploaded,Yes,,,,,,,,,,,,,,,"Excluded from Census upload because it is not a specific physical street address, is mailing-only/PO Box, is virtual/mobile/multiple sites, or needs site-level lookup."
SBCS (formerly South Bay Community Services),Alternative Secondary School Services; Leadership Development; Paid/Unpaid Work Experiences; Occupational Skills Training; Workforce Preparation; Financial Literacy; Housing; Behavioral Health; Referrals; Support Services,Current SBCS / Center for Impact,318 4th Avenue,Chula Vista,91910,32.6393403393,-117.083734347844,Tier 4,Transition Pathways and Intensive Wraparound Support,Verified,https://sbcssandiego.org/contact/,Official SBCS footer/contact area lists 318 4th Avenue.,329,census_match_exact,US Census Batch Geocoder,No,329,"318 4th Avenue, Chula Vista, CA, 91910",Match,Exact,"318 4TH AVE, CHULA VISTA, CA, 91910",32.6393403393,-117.083734347844,195355648,R,06,073,012700,3000,060730127003000,Latitude/longitude filled from US Census Batch Geocoder exact match.
SBCS (formerly South Bay Community Services),Agency mailing / older main agency address,SBCS Mailing Address / Legacy Main Agency,430 F Street,Chula Vista,91910,32.639731203934,-117.085231020792,Tier 4,Transition Pathways and Intensive Wraparound Support,Verified but possibly legacy/mailing,https://sbcssandiego.org/contact/,Official contact page still lists 430 F Street as mailing address. Keep separate from 318 4th Ave until confirmed.,330,census_match_exact,US Census Batch Geocoder,No,330,"430 F Street, Chula Vista, CA, 91910",Match,Exact,"430 F ST, CHULA VISTA, CA, 91910",32.639731203934,-117.085231020792,195355647,L,06,073,012700,3000,060730127003000,Latitude/longitude filled from US Census Batch Geocoder exact match.
SBCS (formerly South Bay Community Services),Homeless youth shelter; emergency shelter; youth housing support,Casa Nuestra Shelter,"1124 Bay Blvd, Suite D",Chula Vista,91911,32.607069912441,-117.092296321162,Tier 4,Transition Pathways and Intensive Wraparound Support,Verified via public county/resource listing,https://data.sandiegocounty.gov/resource/mz27-nves.csv,County service provider dataset lists South Bay Community Services Casa Nuestra Shelter at this address. Youth shelter row.,331,census_match_non_exact_review,US Census Batch Geocoder,Yes,331,"1124 Bay Blvd, Suite D, Chula Vista, CA, 91911",Match,Non_Exact,"1124 BAY BLVD, CHULA VISTA, CA, 91911",32.607069912441,-117.092296321162,657443758,R,06,073,013103,1004,060730131031004,Latitude/longitude filled from US Census Batch Geocoder non-exact match; review matched address before final use.
SBCS (formerly South Bay Community Services),School-based screening/intervention; behavioral health; youth/family support,School-Based Screening & Early Intervention - South,318 4th Avenue,Chula Vista,91910,32.6393403393,-117.083734347844,Health Domain / Tier 4 review,Transition Pathways and Intensive Wraparound Support / Health Opportunity,Verified via County behavioral health directory,https://www.sandiegocounty.gov/content/dam/sdc/hhsa/programs/bhs/CYF/CYF%20Services%20Directory%20April%202026%20Update-Accessible_Final.pdf,County BHS directory lists SBCS School-based Screening & Early Intervention at 318 4th Ave. Health-domain flag recommended.,332,census_match_exact,US Census Batch Geocoder,No,332,"318 4th Avenue, Chula Vista, CA, 91910",Match,Exact,"318 4TH AVE, CHULA VISTA, CA, 91910",32.6393403393,-117.083734347844,195355648,R,06,073,012700,3000,060730127003000,Latitude/longitude filled from US Census Batch Geocoder exact match.
SBCS (formerly South Bay Community Services),Mi Escuelita Therapeutic Preschool,Mi Escuelita Therapeutic Preschool,318 4th Avenue,Chula Vista,91910,32.6393403393,-117.083734347844,Review / likely exclude from 14–24 YOI,Not core Youth Supports age range,Verified but age mismatch,https://sbcssandiego.org/mi-escuelita/,"Official SBCS page lists program, but it is preschool-focused, so likely exclude from 14–24 Youth Opportunity Index.",333,census_match_exact,US Census Batch Geocoder,No,333,"318 4th Avenue, Chula Vista, CA, 91910",Match,Exact,"318 4TH AVE, CHULA VISTA, CA, 91910",32.6393403393,-117.083734347844,195355648,R,06,073,012700,3000,060730127003000,Latitude/longitude filled from US Census Batch Geocoder exact match.
Second Chance,Tutoring & Dropout Prevention; Postsecondary Preparation; Testing Assistance; School Supplies/Fees; Leadership; Paid/Unpaid Work Experiences; Occupational Skills Training; Workforce Preparation; Financial Literacy; Follow-Up; Work Attire/Tools; Training Fees; Referrals; Transportation; Benefits,Main Office / Employment & Reentry Services,6145 Imperial Avenue,San Diego,92114,32.709621033393,-117.065166275371,Tier 4,Transition Pathways and Intensive Wraparound Support,Verified,https://www.secondchanceprogram.org/contact-1,Official contact page lists 6145 Imperial Avenue.,334,census_match_exact,US Census Batch Geocoder,No,334,"6145 Imperial Avenue, San Diego, CA, 92114",Match,Exact,"6145 IMPERIAL AVE, SAN DIEGO, CA, 92114",32.709621033393,-117.065166275371,195352982,R,06,073,003112,2002,060730031122002,Latitude/longitude filled from US Census Batch Geocoder exact match.
Second Chance,Youth Garden; paid youth work experience; urban farming; nutrition; job readiness,Second Chance Youth Garden,6145 Imperial Avenue,San Diego,92114,32.709621033393,-117.065166275371,Tier 4,Transition Pathways and Intensive Wraparound Support,Verified,https://www.secondchanceprogram.org/youthp,Official youth programs page lists Youth Garden and the same Imperial Avenue address.,335,census_match_exact,US Census Batch Geocoder,No,335,"6145 Imperial Avenue, San Diego, CA, 92114",Match,Exact,"6145 IMPERIAL AVE, SAN DIEGO, CA, 92114",32.709621033393,-117.065166275371,195352982,R,06,073,003112,2002,060730031122002,Latitude/longitude filled from US Census Batch Geocoder exact match.
Second Chance,Youth workforce readiness; court-involved youth support; certifications; life skills,Strive Future Leaders,6145 Imperial Avenue,San Diego,92114,32.709621033393,-117.065166275371,Tier 4,Transition Pathways and Intensive Wraparound Support,Verified / same site,https://www.secondchanceprogram.org/youthp,Official youth programs page lists Strive Future Leaders. Site assumed same as main/youth program address unless a separate site is later confirmed.,336,census_match_exact,US Census Batch Geocoder,No,336,"6145 Imperial Avenue, San Diego, CA, 92114",Match,Exact,"6145 IMPERIAL AVE, SAN DIEGO, CA, 92114",32.709621033393,-117.065166275371,195352982,R,06,073,003112,2002,060730031122002,Latitude/longitude filled from US Census Batch Geocoder exact match.
Sherman Heights Community Center,Postsecondary Preparation & Transition; Paid and Unpaid Work Experiences; Other Education & Employment Services; community/cultural programming,Sherman Heights Community Center,2258 Island Avenue,San Diego,92102,32.710516534568,-117.143500803093,Tier 4,Transition Pathways and Intensive Wraparound Support,Verified,https://shermanheightscc.org/,Official site lists community center address.,337,census_match_exact,US Census Batch Geocoder,No,337,"2258 Island Avenue, San Diego, CA, 92102",Match,Exact,"2258 ISLAND AVE, SAN DIEGO, CA, 92102",32.710516534568,-117.143500803093,195347698,L,06,073,004700,1000,060730047001000,Latitude/longitude filled from US Census Batch Geocoder exact match.
Solutions for Change,Tutoring & Dropout Prevention; Alternative Secondary School Services; Leadership Development; Occupational Skills Training; Workforce Preparation; Financial Literacy; Housing Assistance; Drug & Mental Health Counseling,Solutions Family Center and Administration Offices / Main Campus,722 W. California Avenue,Vista,92083,33.211466382386,-117.251267500176,Tier 4,Transition Pathways and Intensive Wraparound Support,Verified,https://solutionsforchange.org/who-we-are/contact-us.html,Official contact page lists main campus/family center and admin offices.,338,census_match_exact,US Census Batch Geocoder,No,338,"722 W. California Avenue, Vista, CA, 92083",Match,Exact,"722 W CALIFORNIA AVE, VISTA, CA, 92083",33.211466382386,-117.251267500176,195286428,L,06,073,019501,2000,060730195012000,Latitude/longitude filled from US Census Batch Geocoder exact match.
Solutions for Change,Housing assistance; transitional/permanent housing support,Housing Program Sites,"Multiple housing sites, exact addresses not fully public",Vista / North County,Needs lookup,,,Tier 4,Transition Pathways and Intensive Wraparound Support,Confirmed but not individually mappable,https://solutionsforchange.org/,"Official site confirms housing/workforce/family supports, but only main campus address was clearly public in this pass.",339,excluded_non_mappable,not_uploaded,Yes,,,,,,,,,,,,,,,"Excluded from Census upload because it is not a specific physical street address, is mailing-only/PO Box, is virtual/mobile/multiple sites, or needs site-level lookup."
Somali Bantu Association of America,Tutoring & Dropout Prevention; Workforce Preparation; Financial Literacy; Housing; Counseling; Health; Referrals; Legal Aid; Support Services; Virtual Services,Main Office / Immigration Office,"5532 El Cajon Blvd, #4",San Diego,92115,32.758409084069,-117.075701896331,Tier 4,Transition Pathways and Intensive Wraparound Support,Verified,https://sbaoa.org/contact/,Official contact page lists main office/immigration office at Suite #4.,340,census_match_exact,US Census Batch Geocoder,No,340,"5532 El Cajon Blvd, #4, San Diego, CA, 92115",Match,Exact,"5532 EL CAJON BLVD, SAN DIEGO, CA, 92115",32.758409084069,-117.075701896331,195350289,L,06,073,002804,3009,060730028043009,Latitude/longitude filled from US Census Batch Geocoder exact match.
Somali Bantu Association of America,Community Resource Center; walk-in support; benefits/resources; refugee/community navigation,Community Resource Center,"5532 El Cajon Blvd, #6",San Diego,92115,32.758409084069,-117.075701896331,Tier 4,Transition Pathways and Intensive Wraparound Support,Verified,https://sbaoa.org/contact/,Official contact page lists Community Resource Center at Suite #6.,341,census_match_exact,US Census Batch Geocoder,No,341,"5532 El Cajon Blvd, #6, San Diego, CA, 92115",Match,Exact,"5532 EL CAJON BLVD, SAN DIEGO, CA, 92115",32.758409084069,-117.075701896331,195350289,L,06,073,002804,3009,060730028043009,Latitude/longitude filled from US Census Batch Geocoder exact match.
Somali Bantu Association of America,Training Center; ESL/digital/workforce-related training; education support,Training Center,"5532 El Cajon Blvd, #2",San Diego,92115,32.758409084069,-117.075701896331,Tier 4,Transition Pathways and Intensive Wraparound Support,Verified,https://sbaoa.org/contact/,Official contact page lists Training Center at Suite #2.,342,census_match_exact,US Census Batch Geocoder,No,342,"5532 El Cajon Blvd, #2, San Diego, CA, 92115",Match,Exact,"5532 EL CAJON BLVD, SAN DIEGO, CA, 92115",32.758409084069,-117.075701896331,195350289,L,06,073,002804,3009,060730028043009,Latitude/longitude filled from US Census Batch Geocoder exact match.
Somali Bantu Association of America,Food pantry; diapers; basic-needs support,Food Pantry,4975 University Ave,San Diego,92115,32.74938847984,-117.08731985115,Tier 3,Barrier-Reduction and Targeted Support,Verified,https://sbaoa.org/contact/,Official contact page lists food pantry at 4975 University Ave.,343,census_match_non_exact_review,US Census Batch Geocoder,Yes,343,"4975 University Ave, San Diego, CA, 92115",Match,Non_Exact,"4975 UNIVERSITY AVE, SAN DIEGO, CA, 92105",32.74938847984,-117.08731985115,195350145,R,06,073,002710,2001,060730027102001,Latitude/longitude filled from US Census Batch Geocoder non-exact match; review matched address before final use.
Somali Bantu Association of America,Onward travel / newcomer support; case navigation,Somali Bantu Association Office - Onward Travel Program,"5532 El Cajon Blvd, Suites 1, 2, 4, 5, 6",San Diego,92115,32.758409084069,-117.075701896331,Tier 4,Transition Pathways and Intensive Wraparound Support,Verified,https://sbaoa.org/onward-travel-support-program/,Official program page lists multiple suites for this program. Use individual suite rows above if deduplicating physical sites.,344,census_match_non_exact_review,US Census Batch Geocoder,Yes,344,"5532 El Cajon Blvd, Suites 1, 2, 4, 5, 6, San Diego, CA, 92115",Match,Non_Exact,"5532 EL CAJON BLVD, SAN DIEGO, CA, 92115",32.758409084069,-117.075701896331,195350289,L,06,073,002804,3009,060730028043009,Latitude/longitude filled from US Census Batch Geocoder non-exact match; review matched address before final use.
Somali Family Service of San Diego,Leadership Development; Paid/Unpaid Work Experiences; Occupational Skills Training; Workforce Preparation; Integrated Education/Workforce Training; Entrepreneurship; Financial Literacy; Accommodations; Housing; Counseling; Referrals; Transportation; Childcare; Benefits; Virtual Services,City Heights Office,"5348 University Ave, Unit #203",San Diego,92105,32.749032370429,-117.080471027936,Tier 4,Transition Pathways and Intensive Wraparound Support,Verified,https://somalifamilyservice.org/,Official site footer lists City Heights office.,345,census_match_exact,US Census Batch Geocoder,No,345,"5348 University Ave, Unit #203, San Diego, CA, 92105",Match,Exact,"5348 UNIVERSITY AVE, SAN DIEGO, CA, 92105",32.749032370429,-117.080471027936,195414718,L,06,073,002708,2000,060730027082000,Latitude/longitude filled from US Census Batch Geocoder exact match.
Somali Family Service of San Diego,Youth/family support; immigrant/refugee services; community resource navigation,Ihsan Center,"5296 University Ave, Suite F2",San Diego,92105,32.749117526818,-117.081609164479,Tier 4,Transition Pathways and Intensive Wraparound Support,Verified,https://somalifamilyservice.org/,Official site footer lists Ihsan Center.,346,census_match_exact,US Census Batch Geocoder,No,346,"5296 University Ave, Suite F2, San Diego, CA, 92105",Match,Exact,"5296 UNIVERSITY AVE, SAN DIEGO, CA, 92105",32.749117526818,-117.081609164479,195350168,L,06,073,002708,2000,060730027082000,Latitude/longitude filled from US Census Batch Geocoder exact match.
Somali Family Service of San Diego,Immigrant/refugee services; family/community support; economic development; health/wellness,El Cajon Office,"1625 E Main St, Suite 206",El Cajon,92021,32.808721258544,-116.920942468548,Tier 4,Transition Pathways and Intensive Wraparound Support,Verified,https://somalifamilyservice.org/,Official site footer lists El Cajon office.,347,census_match_exact,US Census Batch Geocoder,No,347,"1625 E Main St, Suite 206, El Cajon, CA, 92021",Match,Exact,"1625 E MAIN ST, EL CAJON, CA, 92021",32.808721258544,-116.920942468548,195414261,R,06,073,016401,2000,060730164012000,Latitude/longitude filled from US Census Batch Geocoder exact match.
Somali Family Service of San Diego,Out-of-state office,Minnesota Office,"2901 Metro Drive, Suite 206",Bloomington,55425,44.860113068954,-93.230831006204,Exclude from San Diego County YOI,Outside San Diego County,Verified but outside region,https://somalifamilyservice.org/,Official site lists Minnesota office. Exclude from San Diego County map.,348,census_match_exact,US Census Batch Geocoder,No,348,"2901 Metro Drive, Suite 206, Bloomington, MN, 55425",Match,Exact,"2901 METRO DR, BLOOMINGTON, MN, 55425",44.860113068954,-93.230831006204,43811373,R,27,053,025100,4032,270530251004032,Latitude/longitude filled from US Census Batch Geocoder exact match.
StandUp for Kids,Other Education & Employment Services; Housing Assistance; street outreach; mentoring; apartment support; youth homelessness services,San Diego Mailing Address,"6161 El Cajon Blvd, #B146",San Diego,92115,,,Tier 3,Barrier-Reduction and Targeted Support,Mailing only / not service site,https://www.standupforkids.org/san-diego/contact/,Official StandUp for Kids San Diego contact page lists this mailing address. Do not map as direct service point unless treating mailing offices separately.,349,excluded_non_mappable,not_uploaded,Yes,,,,,,,,,,,,,,,"Excluded from Census upload because it is not a specific physical street address, is mailing-only/PO Box, is virtual/mobile/multiple sites, or needs site-level lookup."
StandUp for Kids,Outreach Drop-In Center; homeless/runaway youth support; street outreach; mentoring; apartment support,Older/Public Drop-In Center Listing,3401 Adams Avenue,San Diego,92116,32.763285935722,-117.120564967435,Tier 3,Barrier-Reduction and Targeted Support,Medium verification / may be outdated,https://www.homelessassistance.us/li/standup-for-kids-san-diego,"Public homeless assistance directory lists this as StandUp for Kids San Diego drop-in address; official current page only exposes mailing address, so verify before final map use.",350,census_match_exact,US Census Batch Geocoder,No,350,"3401 Adams Avenue, San Diego, CA, 92116",Match,Exact,"3401 ADAMS AVE, SAN DIEGO, CA, 92116",32.763285935722,-117.120564967435,195346471,R,06,073,001802,1003,060730018021003,Latitude/longitude filled from US Census Batch Geocoder exact match.
StandUp for Kids,Street outreach; housing support; school mentoring; life skills workshops,Mobile / street outreach and confidential housing sites,No fixed public site,San Diego,Needs lookup,,,Tier 3,Barrier-Reduction and Targeted Support,Confirmed but not mappable as point,https://www.standupforkids.org/san-diego/,"Official San Diego page describes street outreach, housing support, school mentoring, and life skills workshops for youth ages 12–24, but no fixed public service address is exposed.",351,excluded_non_mappable,not_uploaded,Yes,,,,,,,,,,,,,,,"Excluded from Census upload because it is not a specific physical street address, is mailing-only/PO Box, is virtual/mobile/multiple sites, or needs site-level lookup."
Teens Rise Foundation,Tutoring & Dropout Prevention; Post-Secondary Preparation & Transition; School Supplies/Fees; Leadership Development; Follow Up Services; Referrals,Teens Rise Foundation,No public street address verified,South Bay / San Diego County,Needs lookup,,,Tier 4,Transition Pathways and Intensive Wraparound Support,No fixed public site found,https://www.teensrise.org/,"Official site confirms academic, athletic, mental health, and college/career opportunity programming, but no public street address was found.",352,excluded_non_mappable,not_uploaded,Yes,,,,,,,,,,,,,,,"Excluded from Census upload because it is not a specific physical street address, is mailing-only/PO Box, is virtual/mobile/multiple sites, or needs site-level lookup."
Teens Rise Foundation,School-based academic and college access support,South Bay / San Ysidro school-based programming,Multiple school/community partner sites,South Bay,Needs lookup,,,Tier 4,Transition Pathways and Intensive Wraparound Support,Program sites need lookup,https://www.teensrise.org/blog/missionfed-teensrise-communityiseverything-jm7cd,Official blog says Teens Rise began in San Ysidro and supports South Bay students through school-based/community-designed programming.,353,excluded_non_mappable,not_uploaded,Yes,,,,,,,,,,,,,,,"Excluded from Census upload because it is not a specific physical street address, is mailing-only/PO Box, is virtual/mobile/multiple sites, or needs site-level lookup."
TERI,Tutoring & Dropout Prevention; Paid and Unpaid Work Experiences; General Workforce Preparation; Housing; Disability Support,TERI Headquarters,251 Airport Road,Oceanside,92058,33.21410214655,-117.349050148069,Tier 4,Transition Pathways and Intensive Wraparound Support,Verified,https://www.tericampusoflife.org/,Official TERI site lists headquarters at 251 Airport Road.,354,census_match_exact,US Census Batch Geocoder,No,354,"251 Airport Road, Oceanside, CA, 92058",Match,Exact,"251 AIRPORT RD, OCEANSIDE, CA, 92058",33.21410214655,-117.349050148069,195284234,L,06,073,018616,1017,060730186161017,Latitude/longitude filled from US Census Batch Geocoder exact match.
TERI,Specialized education; vocational training; adult/day programs; family support; disability support,TERI Campus of Life,555 Deer Springs Road,San Marcos,92069,33.193440990309,-117.151613717003,Tier 4,Transition Pathways and Intensive Wraparound Support,Verified,https://www.tericampusoflife.org/,Official TERI site lists Campus of Life at 555 Deer Springs Road.,355,census_match_exact,US Census Batch Geocoder,No,355,"555 Deer Springs Road, San Marcos, CA, 92069",Match,Exact,"555 DEER SPRINGS RD, SAN MARCOS, CA, 92069",33.193440990309,-117.151613717003,195386213,R,06,073,020304,4005,060730203044005,Latitude/longitude filled from US Census Batch Geocoder exact match.
The Arc of San Diego,Tutoring & Dropout Prevention; Leadership Development; Paid/Unpaid Work Experiences; Workforce Preparation; Financial Literacy; Housing; Health Services,Administration / Main Office,3030 Market Street,San Diego,92102,32.711706268719,-117.129336742371,Tier 4,Transition Pathways and Intensive Wraparound Support,Verified,https://www.arc-sd.com/about/contact/,Official Arc contact page lists 3030 Market Street. Strong HQ row.,356,census_match_exact,US Census Batch Geocoder,No,356,"3030 Market Street, San Diego, CA, 92102",Match,Exact,"3030 MARKET ST, SAN DIEGO, CA, 92102",32.711706268719,-117.129336742371,195348167,L,06,073,004101,3020,060730041013020,Latitude/longitude filled from US Census Batch Geocoder exact match.
The Arc of San Diego,Community Employment Services; Employment Supports,Community Employment Services / CARF Listing,3030 Market Street,San Diego,92102,32.711706268719,-117.129336742371,Tier 4,Transition Pathways and Intensive Wraparound Support,Verified / same as HQ,https://carf.org/provider/the-arc-of-san-diego-7111/,CARF lists Arc-SD community employment services at same main address.,357,census_match_exact,US Census Batch Geocoder,No,357,"3030 Market Street, San Diego, CA, 92102",Match,Exact,"3030 MARKET ST, SAN DIEGO, CA, 92102",32.711706268719,-117.129336742371,195348167,L,06,073,004101,3020,060730041013020,Latitude/longitude filled from US Census Batch Geocoder exact match.
The Arc of San Diego,Disability support programs throughout county,Additional Arc-SD program locations,Program centers throughout San Diego County,San Diego County,Needs lookup,,,Tier 4,Transition Pathways and Intensive Wraparound Support,Needs site-level expansion,https://www.arc-sd.com/locations/,"Official locations page exists, but parsed public result only exposed the administration address. Expand later if the map/list can be manually extracted.",358,excluded_non_mappable,not_uploaded,Yes,,,,,,,,,,,,,,,"Excluded from Census upload because it is not a specific physical street address, is mailing-only/PO Box, is virtual/mobile/multiple sites, or needs site-level lookup."
The BRIDGE Lab Foundation,Leadership Development; Other Support Services; youth/community mental health and leadership programming,The BRIDGE Lab Foundation,No public headquarters address verified,Southern California / San Diego,Needs lookup,,,Tier 3,Barrier-Reduction and Targeted Support,No fixed public site found,https://www.thebridgelab.org/,Official site confirms Southern California nonprofit but does not publish a clear public street address.,359,excluded_non_mappable,not_uploaded,Yes,,,,,,,,,,,,,,,"Excluded from Census upload because it is not a specific physical street address, is mailing-only/PO Box, is virtual/mobile/multiple sites, or needs site-level lookup."
The BRIDGE Lab Foundation,Youth-led wellness/community event,Community Wellness Fair at PANA,5555 University Ave,San Diego,92105,32.747743286357,-117.076295777055,Tier 3,Barrier-Reduction and Targeted Support,Event/program location only,https://211sandiego.org/organizer/the-bridge-lab/,"211/Event listing identifies The BRIDGE Lab event at PANA. Use only as event/program site, not headquarters.",360,census_match_exact,US Census Batch Geocoder,No,360,"5555 University Ave, San Diego, CA, 92105",Match,Exact,"5555 UNIVERSITY AVE, SAN DIEGO, CA, 92105",32.747743286357,-117.076295777055,195707038,R,06,073,002703,3002,060730027033002,Latitude/longitude filled from US Census Batch Geocoder exact match.
The Ed Ladder,Tutoring & Dropout Prevention; Other Education & Employment Services,Countywide tutoring organization,No public street address verified,San Diego County,Needs lookup,,,Tier 2,Youth Development and Enrichment,No fixed public site found,https://theedladder.org/,"Official/public pages describe grassroots tutoring across San Diego, from San Ysidro to Carlsbad, but no street address was found.",361,excluded_non_mappable,not_uploaded,Yes,,,,,,,,,,,,,,,"Excluded from Census upload because it is not a specific physical street address, is mailing-only/PO Box, is virtual/mobile/multiple sites, or needs site-level lookup."
The San Diego LGBT Community Center,School Supplies/Fees; Housing Assistance; Mental Health; Health Services; Other Support Services,Main Center,3909 Centre Street,San Diego,92103,32.749104408853,-117.147982609056,Tier 3,Barrier-Reduction and Targeted Support,Verified,https://thecentersd.org/,Official site footer lists main street address.,362,census_match_exact,US Census Batch Geocoder,No,362,"3909 Centre Street, San Diego, CA, 92103",Match,Exact,"3909 CENTRE ST, SAN DIEGO, CA, 92103",32.749104408853,-117.147982609056,195342898,R,06,073,000600,3010,060730006003010,Latitude/longitude filled from US Census Batch Geocoder exact match.
The San Diego LGBT Community Center,LGBTQ youth drop-in; recreational center; social-service resources; youth programming,Hillcrest Youth Center,514 Pennsylvania Ave,San Diego,92103,32.745193531295,-117.160233891232,Tier 3,Barrier-Reduction and Targeted Support,Verified,https://thecentersd.org/youth-services/,Official youth services page lists new Hillcrest Youth Center location and serves youth ages 10-24.,363,census_match_exact,US Census Batch Geocoder,No,363,"514 Pennsylvania Ave, San Diego, CA, 92103",Match,Exact,"514 PENNSYLVANIA AVE, SAN DIEGO, CA, 92103",32.745193531295,-117.160233891232,195342622,L,06,073,000302,1011,060730003021011,Latitude/longitude filled from US Census Batch Geocoder exact match.
The San Diego LGBT Community Center,LGBTQ youth drop-in; recreational center; South Bay youth programming,South Bay Youth Center,"1180 3rd Avenue, Suite C1",Chula Vista,91911,32.610946440894,-117.068100550335,Tier 3,Barrier-Reduction and Targeted Support,Verified,https://thecentersd.org/youth-services/,Official youth services page lists South Bay Youth Center location.,364,census_match_exact,US Census Batch Geocoder,No,364,"1180 3rd Avenue, Suite C1, Chula Vista, CA, 91911",Match,Exact,"1180 3RD AVE, CHULA VISTA, CA, 91911",32.610946440894,-117.068100550335,640047725,R,06,073,013102,3003,060730131023003,Latitude/longitude filled from US Census Batch Geocoder exact match.
The San Diego LGBT Community Center,Mailing address,Mailing Address,PO Box 3357,San Diego,92163,,,Tier 3,Barrier-Reduction and Targeted Support,Mailing only / not mappable,https://thecentersd.org/,Do not map as physical service site.,365,excluded_non_mappable,not_uploaded,Yes,,,,,,,,,,,,,,,"Excluded from Census upload because it is not a specific physical street address, is mailing-only/PO Box, is virtual/mobile/multiple sites, or needs site-level lookup."
The Shine Project Foundation,Other Education & Employment Services; disability/special-needs family support; inclusive events,Official mailing/check address,"4021 Layang Layang Cir, Unit C",Carlsbad,92009,33.147643882457,-117.336593003829,Tier 1,Basic Youth Access and Navigation,Verified but likely mailing/admin,https://theshineprojectfoundation.org/donation/,"Official donation page says checks can be sent to this address. Use as admin/mailing, not necessarily regular program site.",366,census_match_non_exact_review,US Census Batch Geocoder,Yes,366,"4021 Layang Layang Cir, Unit C, Carlsbad, CA, 92009",Match,Non_Exact,"4021 LAYANG LAYANG CIR, CARLSBAD, CA, 92008",33.147643882457,-117.336593003829,195693222,R,06,073,017902,2003,060730179022003,Latitude/longitude filled from US Census Batch Geocoder non-exact match; review matched address before final use.
The Shine Project Foundation,"Inclusive events and support for children, teens, and young adults with special needs",North County / Carlsbad program presence,"Carlsbad, CA",Carlsbad,92008,,,Tier 1,Basic Youth Access and Navigation,City-level only,https://theshineprojectfoundation.org/home/,Official site describes Carlsbad-based nonprofit and inclusive events; specific event sites vary.,367,excluded_non_mappable,not_uploaded,Yes,,,,,,,,,,,,,,,"Excluded from Census upload because it is not a specific physical street address, is mailing-only/PO Box, is virtual/mobile/multiple sites, or needs site-level lookup."
The Shine Project Foundation,Special-needs family event/community location,Carlsbad Village public listing,2695 State Street,Carlsbad,92008,33.162462220175,-117.351145333422,Tier 1,Basic Youth Access and Navigation,Medium verification / public listing,https://www.carlsbad-village.com/go/the-shine-project-foundation,Public Carlsbad Village listing gives this address. Verify before final map use.,368,census_match_exact,US Census Batch Geocoder,No,368,"2695 State Street, Carlsbad, CA, 92008",Match,Exact,"2695 STATE ST, CARLSBAD, CA, 92008",33.162462220175,-117.351145333422,195290165,R,06,073,017901,2006,060730179012006,Latitude/longitude filled from US Census Batch Geocoder exact match.
transcenDANCE Youth Arts Project,School Supplies/Fees; creative youth development; dance/art programming; wraparound youth support,San Diego Site,5700 El Cajon Blvd,San Diego,92115,32.758694114179,-117.073643721921,Tier 2,Youth Development and Enrichment,Verified,https://www.tdarts.org/,Official site footer lists this address.,369,census_match_exact,US Census Batch Geocoder,No,369,"5700 El Cajon Blvd, San Diego, CA, 92115",Match,Exact,"5700 EL CAJON BLVD, SAN DIEGO, CA, 92115",32.758694114179,-117.073643721921,195699087,L,06,073,002804,3011,060730028043011,Latitude/longitude filled from US Census Batch Geocoder exact match.
transcenDANCE Youth Arts Project,School Supplies/Fees; creative youth development; dance/art programming; wraparound youth support,Lemon Grove Site,7755 North Ave,Lemon Grove,91945,32.744540660951,-117.031130004745,Tier 2,Youth Development and Enrichment,Verified,https://www.tdarts.org/,Official site footer lists this second address.,370,census_match_exact,US Census Batch Geocoder,No,370,"7755 North Ave, Lemon Grove, CA, 91945",Match,Exact,"7755 NORTH AVE, LEMON GROVE, CA, 91945",32.744540660951,-117.031130004745,650033010,R,06,073,014400,1025,060730144001025,Latitude/longitude filled from US Census Batch Geocoder exact match.
TransFamily Support Services,Other Education & Employment Services; Referrals; Virtual Education & Employment Services; family coaching; insurance/legal/school navigation,TFSS Listed Address,"12463 Rancho Bernardo Rd, Suite 218",San Diego,92128,33.018607975109,-117.06162177344,Tier 2 / Virtual-heavy,Youth Development and Enrichment / Virtual Support,Verified but likely admin/mailing,https://transfamilysos.org/contact-us/,"Official site lists this address. Catalyst SD notes TFSS has no physical office location and runs most support online, so map carefully.",371,census_match_exact,US Census Batch Geocoder,No,371,"12463 Rancho Bernardo Rd, Suite 218, San Diego, CA, 92128",Match,Exact,"12463 RANCHO BERNARDO RD, SAN DIEGO, CA, 92128",33.018607975109,-117.06162177344,195316286,R,06,073,017014,1000,060730170141000,Latitude/longitude filled from US Census Batch Geocoder exact match.
TransFamily Support Services,Online family coaching; support groups; mentorship; school/legal/healthcare navigation,Virtual Services,Online / no fixed public service site,Online,,,,Tier 2 / Virtual-heavy,Youth Development and Enrichment / Virtual Support,Virtual / not mappable,https://catalystsd.org/news/trans-family-support-services-peer-connection-wellness-and-hope-for-a-better-future/,Catalyst SD article says most support services are online and no physical office location is used for service delivery.,372,excluded_non_mappable,not_uploaded,Yes,,,,,,,,,,,,,,,"Excluded from Census upload because it is not a specific physical street address, is mailing-only/PO Box, is virtual/mobile/multiple sites, or needs site-level lookup."
TURN Behavioral Health Systems,General Workforce Preparation; Housing Assistance; Drug & Mental Health Counseling; Health Services,ACTION Central,"1011 Camino Del Rio South, Suite 300",San Diego,92108,32.764222387946,-117.154235515607,Health Domain / Tier 3 review,Health Opportunity / Barrier-Reduction,Verified,https://turnbhs.org/programs/,Official TURN programs page lists this program and address.,373,census_match_exact,US Census Batch Geocoder,No,373,"1011 Camino Del Rio South, Suite 300, San Diego, CA, 92108",Match,Exact,"1011 CAM DEL RIO S, SAN DIEGO, CA, 92108",32.764222387946,-117.154235515607,195734758,R,06,073,009307,4015,060730093074015,Latitude/longitude filled from US Census Batch Geocoder exact match.
TURN Behavioral Health Systems,Supportive housing; mental health; substance use services,ACTION East,"8760 Cuyamaca St, Suite 100",Santee,92071,32.834365511651,-116.98385181059,Health Domain / Tier 3 review,Health Opportunity / Barrier-Reduction,Verified,https://turnbhs.org/programs/,Official TURN programs page lists this program and address.,374,census_match_non_exact_review,US Census Batch Geocoder,Yes,374,"8760 Cuyamaca St, Suite 100, Santee, CA, 92071",Match,Non_Exact,"8760 N CUYAMACA ST, SANTEE, CA, 92071",32.834365511651,-116.98385181059,195327329,L,06,073,016616,1000,060730166161000,Latitude/longitude filled from US Census Batch Geocoder non-exact match; review matched address before final use.
TURN Behavioral Health Systems,Mental health services,Alianza Wellness Center,"5555 Reservoir Dr, Suite 204 A",San Diego,92120,32.776038068929,-117.056403186564,Health Domain,Move to Health Opportunity domain,Verified,https://turnbhs.org/programs/,Official TURN programs page lists this program and address.,375,census_match_non_exact_review,US Census Batch Geocoder,Yes,375,"5555 Reservoir Dr, Suite 204 A, San Diego, CA, 92120",Match,Non_Exact,"5555 RESERVOIR DR, SAN DIEGO, CA, 92120",32.776038068929,-117.056403186564,648950556,R,06,073,002905,3004,060730029053004,Latitude/longitude filled from US Census Batch Geocoder non-exact match; review matched address before final use.
TURN Behavioral Health Systems,Mental health services,BPSR Vista Clinic,"550 West Vista Way, Suite 407",Vista,92083,33.196244397202,-117.252220744312,Health Domain,Move to Health Opportunity domain,Verified,https://turnbhs.org/programs/,Official TURN programs page lists this program and address.,376,census_match_exact,US Census Batch Geocoder,No,376,"550 West Vista Way, Suite 407, Vista, CA, 92083",Match,Exact,"550 W VISTA WAY, VISTA, CA, 92083",33.196244397202,-117.252220744312,195448357,L,06,073,019702,2004,060730197022004,Latitude/longitude filled from US Census Batch Geocoder exact match.
TURN Behavioral Health Systems,Mental health; supportive housing,Center Star ACT,4283 El Cajon Boulevard,San Diego,92105,32.755068935786,-117.102666991503,Health Domain / Tier 3 review,Health Opportunity / Barrier-Reduction,Verified,https://turnbhs.org/programs/,Official TURN programs page lists this program and address.,377,census_match_exact,US Census Batch Geocoder,No,377,"4283 El Cajon Boulevard, San Diego, CA, 92105",Match,Exact,"4283 EL CAJON BLVD, SAN DIEGO, CA, 92105",32.755068935786,-117.102666991503,612873067,R,06,073,002202,1003,060730022021003,Latitude/longitude filled from US Census Batch Geocoder exact match.
TURN Behavioral Health Systems,Mental health; supportive housing,City Star ACT,8775 Aero Drive,San Diego,92123,32.809667704801,-117.138891070382,Health Domain / Tier 3 review,Health Opportunity / Barrier-Reduction,Verified,https://turnbhs.org/programs/,Official TURN programs page lists this program and address.,378,census_match_exact,US Census Batch Geocoder,No,378,"8775 Aero Drive, San Diego, CA, 92123",Match,Exact,"8775 AERO DR, SAN DIEGO, CA, 92123",32.809667704801,-117.138891070382,195680052,R,06,073,009301,3000,060730093013000,Latitude/longitude filled from US Census Batch Geocoder exact match.
TURN Behavioral Health Systems,Community and School Based Counseling,Community & School Based Counseling,4660 Viewridge Ave,San Diego,92123,32.823926197973,-117.123054221853,Health Domain,Move to Health Opportunity domain,Verified,https://turnbhs.org/location/community-and-school-based-program/,Official program page lists Viewridge address. Youth/school-based relevance is stronger than many TURN adult programs.,379,census_match_exact,US Census Batch Geocoder,No,379,"4660 Viewridge Ave, San Diego, CA, 92123",Match,Exact,"4660 VIEWRIDGE AVE, SAN DIEGO, CA, 92123",32.823926197973,-117.123054221853,195320636,L,06,073,008511,1020,060730085111020,Latitude/longitude filled from US Census Batch Geocoder exact match.
TURN Behavioral Health Systems,Mental health support; veterans/family support,Courage to Call,9465 Farnham Street,San Diego,92123,32.832755798842,-117.124460677182,Health Domain,Move to Health Opportunity domain,Verified,https://turnbhs.org/programs/,Official TURN programs page lists this program and address.,380,census_match_exact,US Census Batch Geocoder,No,380,"9465 Farnham Street, San Diego, CA, 92123",Match,Exact,"9465 FARNHAM ST, SAN DIEGO, CA, 92123",32.832755798842,-117.124460677182,195320613,R,06,073,008511,1017,060730085111017,Latitude/longitude filled from US Census Batch Geocoder exact match.
TURN Behavioral Health Systems,Justice-involved; substance use disorder,East County Center for Change,10159 Mission Gorge Rd,Santee,92071,32.838476349453,-116.976406771517,Health Domain / Justice-involved review,Health Opportunity / Justice Support,Verified,https://turnbhs.org/programs/,Official TURN programs page lists this program and address.,381,census_match_exact,US Census Batch Geocoder,No,381,"10159 Mission Gorge Rd, Santee, CA, 92071",Match,Exact,"10159 MISSION GORGE RD, SANTEE, CA, 92071",32.838476349453,-116.976406771517,657501660,R,06,073,016617,2000,060730166172000,Latitude/longitude filled from US Census Batch Geocoder exact match.
TURN Behavioral Health Systems,Mental health; clubhouse support,Escondido Clubhouse,474 West Vermont Ave,Escondido,92025,33.100602149982,-117.072838291334,Health Domain,Move to Health Opportunity domain,Verified,https://turnbhs.org/programs/,Official TURN programs page lists this program and address.,382,census_match_exact,US Census Batch Geocoder,No,382,"474 West Vermont Ave, Escondido, CA, 92025",Match,Exact,"474 W VERMONT AVE, ESCONDIDO, CA, 92025",33.100602149982,-117.072838291334,195742533,R,06,073,020707,1007,060730207071007,Latitude/longitude filled from US Census Batch Geocoder exact match.
TURN Behavioral Health Systems,Substance use disorder; supportive housing,Family Recovery Center,1100 Sportfisher Drive,Oceanside,92054,33.201086069633,-117.377399071085,Health Domain / Tier 3 review,Health Opportunity / Barrier-Reduction,Verified,https://turnbhs.org/programs/,Official TURN programs page lists this program and address.,383,census_match_exact,US Census Batch Geocoder,No,383,"1100 Sportfisher Drive, Oceanside, CA, 92054",Match,Exact,"1100 SPORTFISHER DR, OCEANSIDE, CA, 92054",33.201086069633,-117.377399071085,657416641,L,06,073,018400,2000,060730184002000,Latitude/longitude filled from US Census Batch Geocoder exact match.
TURN Behavioral Health Systems,Justice-involved; substance use disorder,Federal Probation Program Central,"3340 Kemper St, Suite 103",San Diego,92110,32.752622557612,-117.215010851995,Health Domain / Justice-involved review,Health Opportunity / Justice Support,Verified,https://turnbhs.org/programs/,Official TURN programs page lists this program and address.,384,census_match_exact,US Census Batch Geocoder,No,384,"3340 Kemper St, Suite 103, San Diego, CA, 92110",Match,Exact,"3340 KEMPER ST, SAN DIEGO, CA, 92110",32.752622557612,-117.215010851995,195340657,L,06,073,006500,1021,060730065001021,Latitude/longitude filled from US Census Batch Geocoder exact match.
TURN Behavioral Health Systems,Justice-involved; mental health; substance use disorder,Federal Probation Program Chula Vista,"330 Oxford Street, Suite 103",Chula Vista,91911,32.60982961161,-117.069385174967,Health Domain / Justice-involved review,Health Opportunity / Justice Support,Verified,https://turnbhs.org/programs/,Official TURN programs page lists this program and address.,385,census_match_exact,US Census Batch Geocoder,No,385,"330 Oxford Street, Suite 103, Chula Vista, CA, 91911",Match,Exact,"330 OXFORD ST, CHULA VISTA, CA, 91911",32.60982961161,-117.069385174967,195682355,R,06,073,013102,3003,060730131023003,Latitude/longitude filled from US Census Batch Geocoder exact match.
TURN Behavioral Health Systems,Justice-involved; substance use disorder,Federal Probation Program Vista,504 W Vista Way,Vista,92083,33.196768313715,-117.251013956552,Health Domain / Justice-involved review,Health Opportunity / Justice Support,Verified,https://turnbhs.org/programs/,Official TURN programs page lists this program and address.,386,census_match_exact,US Census Batch Geocoder,No,386,"504 W Vista Way, Vista, CA, 92083",Match,Exact,"504 W VISTA WAY, VISTA, CA, 92083",33.196768313715,-117.251013956552,627977940,L,06,073,019702,2004,060730197022004,Latitude/longitude filled from US Census Batch Geocoder exact match.
TURN Behavioral Health Systems,Teen Recovery Center; adolescent substance use treatment,North Central Teen Recovery Center,4660 Viewridge Avenue,San Diego,92123,32.823926197973,-117.123054221853,Health Domain,Move to Health Opportunity domain,Verified,https://turnbhs.org/programs/,"Official TURN programs page lists Teen Recovery Center address. Youth-specific, but still Health domain.",387,census_match_exact,US Census Batch Geocoder,No,387,"4660 Viewridge Avenue, San Diego, CA, 92123",Match,Exact,"4660 VIEWRIDGE AVE, SAN DIEGO, CA, 92123",32.823926197973,-117.123054221853,195320636,L,06,073,008511,1020,060730085111020,Latitude/longitude filled from US Census Batch Geocoder exact match.
TURN Behavioral Health Systems,Mental health; supportive housing,North Coastal ACT,"2122 South El Camino Real, Suite 102",Oceanside,92054,33.188726119537,-117.32820077663,Health Domain / Tier 3 review,Health Opportunity / Barrier-Reduction,Verified,https://turnbhs.org/programs/,Official TURN programs page lists this program and address.,388,census_match_exact,US Census Batch Geocoder,No,388,"2122 South El Camino Real, Suite 102, Oceanside, CA, 92054",Match,Exact,"2122 S EL CAMINO REAL, OCEANSIDE, CA, 92054",33.188726119537,-117.32820077663,195419791,L,06,073,018515,1002,060730185151002,Latitude/longitude filled from US Census Batch Geocoder exact match.
TURN Behavioral Health Systems,Mental health services,STEPS - San Diego,"4660 Viewridge Ave, Suite 100",San Diego,92123,32.823926197973,-117.123054221853,Health Domain,Move to Health Opportunity domain,Verified,https://turnbhs.org/location/steps/,Official STEPS page lists this address.,389,census_match_exact,US Census Batch Geocoder,No,389,"4660 Viewridge Ave, Suite 100, San Diego, CA, 92123",Match,Exact,"4660 VIEWRIDGE AVE, SAN DIEGO, CA, 92123",32.823926197973,-117.123054221853,195320636,L,06,073,008511,1020,060730085111020,Latitude/longitude filled from US Census Batch Geocoder exact match.
TURN Behavioral Health Systems,Mental health services,STEPS - Chula Vista,"336 Oxford Street, Suite 208",Chula Vista,91911,32.609816793587,-117.069458878617,Health Domain,Move to Health Opportunity domain,Verified,https://turnbhs.org/location/steps/,Official STEPS page lists this address.,390,census_match_exact,US Census Batch Geocoder,No,390,"336 Oxford Street, Suite 208, Chula Vista, CA, 91911",Match,Exact,"336 OXFORD ST, CHULA VISTA, CA, 91911",32.609816793587,-117.069458878617,195682355,R,06,073,013102,3003,060730131023003,Latitude/longitude filled from US Census Batch Geocoder exact match.
TURN Behavioral Health Systems,Mental health services,STEPS - Escondido,"311 E Washington Ave, Suite 103",Escondido,92025,33.127680884165,-117.081327861961,Health Domain,Move to Health Opportunity domain,Verified,https://turnbhs.org/location/steps/,Official STEPS page lists this address.,391,census_match_exact,US Census Batch Geocoder,No,391,"311 E Washington Ave, Suite 103, Escondido, CA, 92025",Match,Exact,"311 E WASHINGTON AVE, ESCONDIDO, CA, 92025",33.127680884165,-117.081327861961,195698324,R,06,073,020214,4000,060730202144000,Latitude/longitude filled from US Census Batch Geocoder exact match.
UC San Diego Center for Community Health,Leadership Development; Paid and Unpaid Work Experiences; Other Education & Employment Services; refugee/immigrant health; youth engagement,Center for Community Health / UCSD institutional campus,9500 Gilman Drive,La Jolla,92093-0021,,,Tier 4,Transition Pathways and Intensive Wraparound Support,Institutional address only / not confirmed service site,https://ucsd.edu/,"UCSD CCH does not clearly publish a standalone public service-site address on its CCH contact page. Use UCSD campus address only as institutional placeholder, not as youth-service access point.",392,census_no_match,US Census Batch Geocoder,Yes,392,"9500 Gilman Drive, La Jolla, CA, 92093",No_Match,,,,,,,,,,,,"Census could not geocode this row. Manually verify address, ZIP, suite/unit formatting, or use another geocoder."
UC San Diego Center for Community Health,Refugee and Immigrant Health Unit; youth leadership; community health equity,Refugee and Immigrant Health Unit,No public street address listed,San Diego County,Needs lookup,,,Tier 4,Transition Pathways and Intensive Wraparound Support,Not publicly mappable,https://communityhealth.ucsd.edu/work/refugee-health-unit,Official RHU page lists staff contacts but no public physical address. Program appears community/partner based.,393,excluded_non_mappable,not_uploaded,Yes,,,,,,,,,,,,,,,"Excluded from Census upload because it is not a specific physical street address, is mailing-only/PO Box, is virtual/mobile/multiple sites, or needs site-level lookup."
UC San Diego Center for Community Health,Refugee Health Unit; San Diego Refugee Communities Coalition; youth/community partner engagement,SDRCC / partner-based community sites,Multiple refugee community partner sites,San Diego County,Needs lookup,,,Tier 4,Transition Pathways and Intensive Wraparound Support,Confirmed but needs site-level expansion,https://communityhealth.ucsd.edu/work/refugee-health-unit,Do not map as one point unless using UCSD admin location. Specific partner organizations should be mapped separately when listed.,394,excluded_non_mappable,not_uploaded,Yes,,,,,,,,,,,,,,,"Excluded from Census upload because it is not a specific physical street address, is mailing-only/PO Box, is virtual/mobile/multiple sites, or needs site-level lookup."
Union of Pan Asian Communities (UPAC),Leadership Development; Paid and Unpaid Work Experiences; General Workforce Preparation; Entrepreneurship Skills Training; Financial Literacy; Counseling; Referrals; Transportation,UPAC Headquarters,1031 25th Street,San Diego,92102,32.71614775297,-117.140209358885,Tier 4,Transition Pathways and Intensive Wraparound Support,Verified,https://www.upacsd.org/,Official UPAC site footer lists headquarters.,395,census_match_exact,US Census Batch Geocoder,No,395,"1031 25th Street, San Diego, CA, 92102",Match,Exact,"1031 25TH ST, SAN DIEGO, CA, 92102",32.71614775297,-117.140209358885,657394169,R,06,073,004501,2003,060730045012003,Latitude/longitude filled from US Census Batch Geocoder exact match.
Union of Pan Asian Communities (UPAC),Youth Success Initiative; youth mentoring; community violence/gang prevention; youth/community leadership,Youth Success Initiative,"5348 University Ave, Suite F202",San Diego,92105,32.749032370429,-117.080471027936,Tier 4,Transition Pathways and Intensive Wraparound Support,Verified,https://www.upacsd.org/services/community-engagement-and-violence-prevention-programs/youth-success-initiative/,Official YSI page lists this address. Strong youth-support row.,396,census_match_exact,US Census Batch Geocoder,No,396,"5348 University Ave, Suite F202, San Diego, CA, 92105",Match,Exact,"5348 UNIVERSITY AVE, SAN DIEGO, CA, 92105",32.749032370429,-117.080471027936,195414718,L,06,073,002708,2000,060730027082000,Latitude/longitude filled from US Census Batch Geocoder exact match.
Union of Pan Asian Communities (UPAC),Community Violence Response Team; youth empowerment; gang prevention; grief/victim support; emergency support,Community Violence Response Team,"5348 University Ave, Suite 202",San Diego,92105,32.749032370429,-117.080471027936,Tier 4,Transition Pathways and Intensive Wraparound Support,Verified,https://www.upacsd.org/services/community-engagement-and-violence-prevention-programs/community-violence-response-team/,Official CVRT page lists this address. Cross-domain: youth supports + violence prevention + wraparound support.,397,census_match_exact,US Census Batch Geocoder,No,397,"5348 University Ave, Suite 202, San Diego, CA, 92105",Match,Exact,"5348 UNIVERSITY AVE, SAN DIEGO, CA, 92105",32.749032370429,-117.080471027936,195414718,L,06,073,002708,2000,060730027082000,Latitude/longitude filled from US Census Batch Geocoder exact match.
Union of Pan Asian Communities (UPAC),Children’s Mental Health; youth counseling; case management; family therapy,Children’s Mental Health Program,1031 25th Street,San Diego,92102,32.71614775297,-117.140209358885,Health Domain / Tier 4 review,Health Opportunity / Transition Pathways,Verified,https://www.upacsd.org/services/children-and-adolescent-mental-health-programs/childrens-mental-health/,"Official CMH page lists this address and says CMH serves youth ages 5–20. Best tagged Health, with youth-support overlap.",398,census_match_exact,US Census Batch Geocoder,No,398,"1031 25th Street, San Diego, CA, 92102",Match,Exact,"1031 25TH ST, SAN DIEGO, CA, 92102",32.71614775297,-117.140209358885,657394169,R,06,073,004501,2003,060730045012003,Latitude/longitude filled from US Census Batch Geocoder exact match.
Union of Pan Asian Communities (UPAC),Children’s Mental Health; school-based counseling/support,CMH San Diego School Sites,Multiple school sites listed by UPAC,San Diego,Needs lookup,,,Health Domain / Tier 4 review,Health Opportunity / Transition Pathways,Needs school-site expansion,https://www.upacsd.org/services/children-and-adolescent-mental-health-programs/childrens-mental-health/,"Official CMH page lists Bell Middle, Boone Elementary, Chollas/Mead Elementary, Edison Elementary, Empower Learning Academy, Gompers Prep, Horton Elementary, Knox Middle, Nye Elementary, Paradise Hills Elementary, Porter Elementary. Exact school addresses still need verified expansion.",399,excluded_non_mappable,not_uploaded,Yes,,,,,,,,,,,,,,,"Excluded from Census upload because it is not a specific physical street address, is mailing-only/PO Box, is virtual/mobile/multiple sites, or needs site-level lookup."
Union of Pan Asian Communities (UPAC),Children’s Mental Health; school-based counseling/support,CMH North County School Sites,Multiple school sites listed by UPAC,North County,Needs lookup,,,Health Domain / Tier 4 review,Health Opportunity / Transition Pathways,Needs school-site expansion,https://www.upacsd.org/services/children-and-adolescent-mental-health-programs/childrens-mental-health/,"Official CMH page lists Lake Elementary, Madison Middle, Lincoln Middle, and El Camino High. Exact addresses should be added from school directories in a later school-site expansion pass.",400,excluded_non_mappable,not_uploaded,Yes,,,,,,,,,,,,,,,"Excluded from Census upload because it is not a specific physical street address, is mailing-only/PO Box, is virtual/mobile/multiple sites, or needs site-level lookup."
Union of Pan Asian Communities (UPAC),Multicultural Community Counseling; culturally responsive youth mental health counseling,Multicultural Community Counseling,"8745 Aero Drive, Suite 330",San Diego,92123,32.809661028728,-117.139362778073,Health Domain / Tier 4 review,Health Opportunity / Transition Pathways,Verified,https://www.upacsd.org/services/children-and-adolescent-mental-health-programs/multicultural-community-counseling/,"Official MCC page lists address and says it serves API, Middle Eastern, and Latinx youth.",401,census_match_exact,US Census Batch Geocoder,No,401,"8745 Aero Drive, Suite 330, San Diego, CA, 92123",Match,Exact,"8745 AERO DR, SAN DIEGO, CA, 92123",32.809661028728,-117.139362778073,195680052,R,06,073,009301,3000,060730093013000,Latitude/longitude filled from US Census Batch Geocoder exact match.
Union of Pan Asian Communities (UPAC),Multicultural Community Counseling; school-based youth counseling,MCC School-Based Sites,Multiple school sites listed by UPAC,San Diego,Needs lookup,,,Health Domain / Tier 4 review,Health Opportunity / Transition Pathways,Needs school-site expansion,https://www.upacsd.org/services/children-and-adolescent-mental-health-programs/multicultural-community-counseling/,"Official MCC page lists Bethune K-8, Challenger Middle, Horace Mann, and Preuss as on-site service locations. Exact addresses should be verified separately.",402,excluded_non_mappable,not_uploaded,Yes,,,,,,,,,,,,,,,"Excluded from Census upload because it is not a specific physical street address, is mailing-only/PO Box, is virtual/mobile/multiple sites, or needs site-level lookup."
Union of Pan Asian Communities (UPAC),Teen Recovery Center; adolescent substance use treatment; counseling; case management,Teen Recovery Center,"3288 El Cajon Blvd, Suite 2",San Diego,92104,32.755327528177,-117.122735532859,Health Domain,Move to Health Opportunity domain,Verified,https://www.upacsd.org/services/addiction-treatment-and-recovery-programs/teen-recovery-center/,Official Teen Recovery Center page lists this address and serves youth ages 12–17.,403,census_match_exact,US Census Batch Geocoder,No,403,"3288 El Cajon Blvd, Suite 2, San Diego, CA, 92104",Match,Exact,"3288 EL CAJON BLVD, SAN DIEGO, CA, 92104",32.755327528177,-117.122735532859,195345633,L,06,073,001700,3013,060730017003013,Latitude/longitude filled from US Census Batch Geocoder exact match.
Union of Pan Asian Communities (UPAC),Teen Recovery Center; school-based substance-use support,Teen Recovery School-Based Sites,Multiple high school/community school sites,San Diego,Needs lookup,,,Health Domain,Move to Health Opportunity domain,Needs school-site expansion,https://www.upacsd.org/services/addiction-treatment-and-recovery-programs/teen-recovery-center/,"Official page says services can be accessed on-site at San Diego High, Hoover High, King-Chavez Community High School, Alba Community Day School, Morse High School, and Lincoln High. Exact addresses should be verified separately.",404,excluded_non_mappable,not_uploaded,Yes,,,,,,,,,,,,,,,"Excluded from Census upload because it is not a specific physical street address, is mailing-only/PO Box, is virtual/mobile/multiple sites, or needs site-level lookup."
Union of Pan Asian Communities (UPAC),Expanding Horizons; TAY substance use disorder treatment; peer support; counseling,Expanding Horizons - TAY SUD,No public street address listed,San Diego central region,Needs lookup,,,Health Domain,Move to Health Opportunity domain,Not publicly mappable from page,https://www.upacsd.org/services/addiction-treatment-and-recovery-programs/expanding-horizons/,Official page lists phone and central-region TAY focus but no physical street address in parsed page.,405,excluded_non_mappable,not_uploaded,Yes,,,,,,,,,,,,,,,"Excluded from Census upload because it is not a specific physical street address, is mailing-only/PO Box, is virtual/mobile/multiple sites, or needs site-level lookup."
Union of Pan Asian Communities (UPAC),Adult outpatient SUD treatment; transition-age/adult support,Adult Addiction Treatment and Recovery Program,"3288 El Cajon Blvd, Suite 13",San Diego,92104,32.755327528177,-117.122735532859,Health Domain / adult-heavy,Move to Health Opportunity domain,Verified,https://www.upacsd.org/services/addiction-treatment-and-recovery-programs/adult-alcohol-and-drug-treatment-recovery-program/,Official page lists address. Include only if mapping 18–24 overlap; otherwise adult-heavy.,406,census_match_exact,US Census Batch Geocoder,No,406,"3288 El Cajon Blvd, Suite 13, San Diego, CA, 92104",Match,Exact,"3288 EL CAJON BLVD, SAN DIEGO, CA, 92104",32.755327528177,-117.122735532859,195345633,L,06,073,001700,3013,060730017003013,Latitude/longitude filled from US Census Batch Geocoder exact match.
Union of Pan Asian Communities (UPAC),Problem gambling treatment; adult outpatient behavioral health,Problem Gambling Treatment,"3288 El Cajon Blvd, Suite 13",San Diego,92104,32.755327528177,-117.122735532859,Health Domain / adult-heavy,Move to Health Opportunity domain,Verified,https://www.upacsd.org/services/addiction-treatment-and-recovery-programs/problem-gambling-treatment/,Official page lists address and adults 18+. Include only for 18–24 overlap if needed.,407,census_match_exact,US Census Batch Geocoder,No,407,"3288 El Cajon Blvd, Suite 13, San Diego, CA, 92104",Match,Exact,"3288 EL CAJON BLVD, SAN DIEGO, CA, 92104",32.755327528177,-117.122735532859,195345633,L,06,073,001700,3013,060730017003013,Latitude/longitude filled from US Census Batch Geocoder exact match.
Union of Pan Asian Communities (UPAC),Adult/older adult mental health; employment services; case management,Counseling & Treatment Center,"7830 Clairemont Mesa Blvd, Suite 100",San Diego,92111,32.832797340674,-117.152607041582,Health Domain / adult-heavy,Move to Health Opportunity domain,Verified,https://www.upacsd.org/services/adult-and-older-adult-mental-health-programs/counseling-treatment-center/,Official page lists address. Adult-heavy; not core youth supports unless serving 18–24 young adults.,408,census_match_exact,US Census Batch Geocoder,No,408,"7830 Clairemont Mesa Blvd, Suite 100, San Diego, CA, 92111",Match,Exact,"7830 CLAIREMONT MESA BLVD, SAN DIEGO, CA, 92111",32.832797340674,-117.152607041582,195305221,L,06,073,008511,2003,060730085112003,Latitude/longitude filled from US Census Batch Geocoder exact match.
United Way of San Diego County,Assistance with School Supplies & Fees; General Workforce Preparation; education and economic mobility,UWSD Headquarters,4699 Murphy Canyon Road,San Diego,92123,32.827305123504,-117.11941435562,Tier 4,Transition Pathways and Intensive Wraparound Support,Verified,https://uwsd.org/contact-us/,Official contact page and footer list this address.,409,census_match_exact,US Census Batch Geocoder,No,409,"4699 Murphy Canyon Road, San Diego, CA, 92123",Match,Exact,"4699 MURPHY CANYON RD, SAN DIEGO, CA, 92123",32.827305123504,-117.11941435562,637240719,R,06,073,008511,1019,060730085111019,Latitude/longitude filled from US Census Batch Geocoder exact match.
United Way of San Diego County,STEAM-to-Careers; after-school high school career exposure; career readiness,STEAM-to-Careers Headquarters / Admin,4699 Murphy Canyon Road,San Diego,92123,32.827305123504,-117.11941435562,Tier 4,Transition Pathways and Intensive Wraparound Support,Verified admin / not direct program site,https://uwsd.org/steam-to-careers/,Official STEAM-to-Careers page lists UWSD address in footer. Program is school/partner based.,410,census_match_exact,US Census Batch Geocoder,No,410,"4699 Murphy Canyon Road, San Diego, CA, 92123",Match,Exact,"4699 MURPHY CANYON RD, SAN DIEGO, CA, 92123",32.827305123504,-117.11941435562,637240719,R,06,073,008511,1019,060730085111019,Latitude/longitude filled from US Census Batch Geocoder exact match.
United Way of San Diego County,STEAM-to-Careers; after-school high school career exposure,Lincoln High School partner site,4777 Imperial Ave,San Diego,92113,32.704065941375,-117.093060436328,Tier 4,Transition Pathways and Intensive Wraparound Support,Partner school site / address needs final school-directory verification,https://uwsd.org/steam-to-careers/,Official UWSD page names Lincoln High School as a program site. Address added from known school location; verify before final geocode.,411,census_match_exact,US Census Batch Geocoder,No,411,"4777 Imperial Ave, San Diego, CA, 92113",Match,Exact,"4777 IMPERIAL AVE, SAN DIEGO, CA, 92113",32.704065941375,-117.093060436328,657426198,R,06,073,003305,1001,060730033051001,Latitude/longitude filled from US Census Batch Geocoder exact match.
United Way of San Diego County,STEAM-to-Careers; after-school high school career exposure,Escondido High School partner site,1535 N Broadway,Escondido,92026,33.143964899629,-117.090238823323,Tier 4,Transition Pathways and Intensive Wraparound Support,Partner school site / address needs final school-directory verification,https://uwsd.org/steam-to-careers/,Official UWSD page names Escondido High School as a program site. Address added from known school location; verify before final geocode.,412,census_match_exact,US Census Batch Geocoder,No,412,"1535 N Broadway, Escondido, CA, 92026",Match,Exact,"1535 N BROADWAY, ESCONDIDO, CA, 92026",33.143964899629,-117.090238823323,195312310,L,06,073,020105,3002,060730201053002,Latitude/longitude filled from US Census Batch Geocoder exact match.
United Way of San Diego County,Dream with STEAM; summer career exploration; company visits,Dream with STEAM partner/company sites,Multiple employer/partner visit sites across San Diego County,Multiple,Needs lookup,,,Tier 4,Transition Pathways and Intensive Wraparound Support,Confirmed but variable locations,https://uwsd.org/steam-to-careers/,"Official page says students visit businesses across sectors, including Kura Oncology, Taylor Guitars, Rady Children’s Hospital, San Diego Zoo, Safari Park, and Dr. Bronner’s. Treat as variable field-trip sites unless program schedule is available.",413,excluded_non_mappable,not_uploaded,Yes,,,,,,,,,,,,,,,"Excluded from Census upload because it is not a specific physical street address, is mailing-only/PO Box, is virtual/mobile/multiple sites, or needs site-level lookup."
United Way of San Diego County,United for Literacy; early literacy; school/community literacy supports,United for Literacy partner sites,Multiple school/community partner sites,San Diego County,Needs lookup,,,Tier 2 / age mismatch review,Youth Development and Enrichment,Confirmed but likely outside 14–24 target,https://uwsd.org/united-for-literacy/,"Official page targets ages 3–8, so likely exclude from 14–24 YOI unless using family/younger-child supports.",414,excluded_non_mappable,not_uploaded,Yes,,,,,,,,,,,,,,,"Excluded from Census upload because it is not a specific physical street address, is mailing-only/PO Box, is virtual/mobile/multiple sites, or needs site-level lookup."
United Women of East Africa,Tutoring & Dropout Prevention; Postsecondary Preparation; Leadership Development; Paid and Unpaid Work Experiences; Workforce Preparation; Entrepreneurship; Financial Literacy; Housing Assistance; Referrals; Transportation; Child Care; Benefits Assistance,UWEAST Community Hub,6523 University Avenue,San Diego,92115,32.755306559907,-117.055784754203,Tier 4,Transition Pathways and Intensive Wraparound Support,Verified,https://www.uweast.org/contact-us/,Official contact page lists address. Strong service-access point.,415,census_match_exact,US Census Batch Geocoder,No,415,"6523 University Avenue, San Diego, CA, 92115",Match,Exact,"6523 UNIVERSITY AVE, SAN DIEGO, CA, 92115",32.755306559907,-117.055784754203,612877392,R,06,073,002903,2002,060730029032002,Latitude/longitude filled from US Census Batch Geocoder exact match.
United Women of East Africa,Education; youth programs; tutoring; fellowships; adult learning; entrepreneurship; financial literacy,UWEAST Education/Economic Empowerment Programs,6523 University Avenue,San Diego,92115,32.755306559907,-117.055784754203,Tier 4,Transition Pathways and Intensive Wraparound Support,Verified / same site,https://www.uweast.org/,"Official homepage describes youth programs, tutoring, fellowships, adult learning, entrepreneurship, and financial literacy. Same community hub address used.",416,census_match_exact,US Census Batch Geocoder,No,416,"6523 University Avenue, San Diego, CA, 92115",Match,Exact,"6523 UNIVERSITY AVE, SAN DIEGO, CA, 92115",32.755306559907,-117.055784754203,612877392,R,06,073,002903,2002,060730029032002,Latitude/longitude filled from US Census Batch Geocoder exact match.
United Women of East Africa,Health/wellness education; culturally competent wellness services; community advocacy,UWEAST Health and Wellness Services,6523 University Avenue,San Diego,92115,32.755306559907,-117.055784754203,Tier 3 / Health Domain review,Barrier-Reduction and Targeted Support / Health Opportunity,Verified / same site,https://www.uweast.org/,Official homepage describes youth/adult wellness and culturally competent prevention services. Tag as Health/Wraparound overlap.,417,census_match_exact,US Census Batch Geocoder,No,417,"6523 University Avenue, San Diego, CA, 92115",Match,Exact,"6523 UNIVERSITY AVE, SAN DIEGO, CA, 92115",32.755306559907,-117.055784754203,612877392,R,06,073,002903,2002,060730029032002,Latitude/longitude filled from US Census Batch Geocoder exact match.
United Women of East Africa,Catering/social enterprise; economic empowerment,Baraka & Bilal Catering,6523 University Avenue,San Diego,92115,32.755306559907,-117.055784754203,Tier 4,Transition Pathways and Intensive Wraparound Support,Verified contact association / program-support site,https://www.uweast.org/contact-us/,Official contact page lists Baraka & Bilal catering contact under UWEAST. Include only if mapping social enterprise/economic empowerment assets.,418,census_match_exact,US Census Batch Geocoder,No,418,"6523 University Avenue, San Diego, CA, 92115",Match,Exact,"6523 UNIVERSITY AVE, SAN DIEGO, CA, 92115",32.755306559907,-117.055784754203,612877392,R,06,073,002903,2002,060730029032002,Latitude/longitude filled from US Census Batch Geocoder exact match.
UPLIFT - Urban People Living In Faith & Trust,Tutoring & Dropout Prevention; Leadership Development; Other Education & Employment Services; Drug & Mental Health Counseling; Other Support Services; Virtual Education & Employment Services,UPLIFT Office Location,"1660 Hotel Circle North, Suite 450",San Diego,92108,32.759747725544,-117.175462936931,Tier 3,Barrier-Reduction and Targeted Support,Verified,https://www.upliftsandiego.org/contact-us,Official contact page lists office location. Good mappable admin/service coordination point.,419,census_match_exact,US Census Batch Geocoder,No,419,"1660 Hotel Circle North, Suite 450, San Diego, CA, 92108",Match,Exact,"1660 HOTEL CIR N, SAN DIEGO, CA, 92108",32.759747725544,-117.175462936931,636863244,R,06,073,008902,1003,060730089021003,Latitude/longitude filled from US Census Batch Geocoder exact match.
UPLIFT - Urban People Living In Faith & Trust,Mailing address,UPLIFT Mailing Address,2801 B Street #26,San Diego,92102,,,Tier 3,Barrier-Reduction and Targeted Support,Mailing only / not preferred for map,https://www.upliftsandiego.org/contact-us,Official page lists as mailing address. Do not map if using only service-access sites.,420,excluded_non_mappable,not_uploaded,Yes,,,,,,,,,,,,,,,"Excluded from Census upload because it is not a specific physical street address, is mailing-only/PO Box, is virtual/mobile/multiple sites, or needs site-level lookup."
UPLIFT - Urban People Living In Faith & Trust,Kids at Heart tutoring; low-income and English learner student tutoring,Public Library / Virtual Tutoring Sites,Multiple public libraries or Zoom,San Diego,Needs lookup,,,Tier 3,Barrier-Reduction and Targeted Support,Confirmed but not individually mappable,https://www.upliftsandiego.org/get-involved,Official volunteer page says tutoring occurs in public libraries or virtually. Need exact library list before site-level mapping.,421,excluded_non_mappable,not_uploaded,Yes,,,,,,,,,,,,,,,"Excluded from Census upload because it is not a specific physical street address, is mailing-only/PO Box, is virtual/mobile/multiple sites, or needs site-level lookup."
UPLIFT - Urban People Living In Faith & Trust,Triple Cross; DMV CA ID trips; housing/service access support,New Day Urban Ministries Partner Site,2459 Market Street,San Diego,92102,32.711526942932,-117.14116293253,Tier 3,Barrier-Reduction and Targeted Support,Partner/program site,https://newdayurbanministries.org/,"UPLIFT social post says it expanded DMV CA ID trips to New Day; New Day official site verifies address. Use as partner-service row, not UPLIFT headquarters.",422,census_match_exact,US Census Batch Geocoder,No,422,"2459 Market Street, San Diego, CA, 92102",Match,Exact,"2459 MARKET ST, SAN DIEGO, CA, 92102",32.711526942932,-117.14116293253,195347705,R,06,073,004800,2001,060730048002001,Latitude/longitude filled from US Census Batch Geocoder exact match.
UPLIFT - Urban People Living In Faith & Trust,Triple Cross; DMV CA ID trips; housing/service access support,San Diego Freedom Ranch Partner Site,1777 Buckman Springs Road,Campo,91906,32.65021894724,-116.487314697191,Tier 3 / Health Domain review,Barrier-Reduction and Targeted Support / Health Opportunity,Partner/program site,https://www.sdfreedomranch.org/,"UPLIFT social post says it expanded DMV CA ID trips to San Diego Freedom Ranch. Freedom Ranch is adult male residential SUD treatment, so tag as partner/health-adjacent rather than youth-support core.",423,census_match_exact,US Census Batch Geocoder,No,423,"1777 Buckman Springs Road, Campo, CA, 91906",Match,Exact,"1777 BUCKMAN SPRINGS RD, CAMPO, CA, 91906",32.65021894724,-116.487314697191,195752409,R,06,073,021101,2048,060730211012048,Latitude/longitude filled from US Census Batch Geocoder exact match.
Urban Corps of San Diego County,Tutoring & Dropout Prevention; Leadership Development; Paid and Unpaid Work Experiences; General Workforce Preparation; Drug & Mental Health Counseling,San Diego Location / Urban Corps Charter School,3127 Jefferson Street,San Diego,92110,32.755346559424,-117.203161369192,Tier 4,Transition Pathways and Intensive Wraparound Support,Verified,https://urbancorpssd.org/contact/,Official contact page lists San Diego location. Strong youth workforce/education row.,424,census_match_exact,US Census Batch Geocoder,No,424,"3127 Jefferson Street, San Diego, CA, 92110",Match,Exact,"3127 JEFFERSON ST, SAN DIEGO, CA, 92110",32.755346559424,-117.203161369192,195340776,L,06,073,006500,1012,060730065001012,Latitude/longitude filled from US Census Batch Geocoder exact match.
Urban Corps of San Diego County,Tutoring & Dropout Prevention; Leadership Development; Paid and Unpaid Work Experiences; General Workforce Preparation; Drug & Mental Health Counseling,North County / Diane Annala Chalmers Center,2200 Micro Place,Escondido,92029,33.130902674215,-117.125462258891,Tier 4,Transition Pathways and Intensive Wraparound Support,Verified,https://urbancorpssd.org/contact/,Official contact page lists North County location.,425,census_match_exact,US Census Batch Geocoder,No,425,"2200 Micro Place, Escondido, CA, 92029",Match,Exact,"2200 MICRO PL, ESCONDIDO, CA, 92029",33.130902674215,-117.125462258891,195311152,R,06,073,020311,1013,060730203111013,Latitude/longitude filled from US Census Batch Geocoder exact match.
Urban Corps of San Diego County,Recycling/e-waste; paid work experience; environmental job training,San Diego Recycling / E-Waste Center,3021 Moore Street,San Diego,92110,32.753940075798,-117.202793137946,Tier 4,Transition Pathways and Intensive Wraparound Support,Verified / program-support site,https://urbancorpssd.org/ewaste/,Official e-waste page lists this recycling center. Include if mapping worksite/job-training assets.,426,census_match_exact,US Census Batch Geocoder,No,426,"3021 Moore Street, San Diego, CA, 92110",Match,Exact,"3021 MOORE ST, SAN DIEGO, CA, 92110",32.753940075798,-117.202793137946,195340973,L,06,073,006500,1007,060730065001007,Latitude/longitude filled from US Census Batch Geocoder exact match.
Urban Corps of San Diego County,Recycling/e-waste; paid work experience; environmental job training,North County Recycling / E-Waste Center,2200 Micro Place,Escondido,92029,33.130902674215,-117.125462258891,Tier 4,Transition Pathways and Intensive Wraparound Support,Verified / duplicate site,https://urbancorpssd.org/ewaste/,Same as North County center; keep one physical-site row if deduplicating.,427,census_match_exact,US Census Batch Geocoder,No,427,"2200 Micro Place, Escondido, CA, 92029",Match,Exact,"2200 MICRO PL, ESCONDIDO, CA, 92029",33.130902674215,-117.125462258891,195311152,R,06,073,020311,1013,060730203111013,Latitude/longitude filled from US Census Batch Geocoder exact match.
Urban League San Diego County,Tutoring & Dropout Prevention; Alternative Secondary School Services; PostSecondary Preparation & Transition; Leadership Development; General Workforce Preparation,Urban League of San Diego County,"4305 University Ave, Suite 360",San Diego,92105,32.7495609364,-117.101845916617,Tier 4,Transition Pathways and Intensive Wraparound Support,Verified,https://sdul.org/contact-us/,Official contact page lists this address. Strong mappable row.,428,census_match_exact,US Census Batch Geocoder,No,428,"4305 University Ave, Suite 360, San Diego, CA, 92105",Match,Exact,"4305 UNIVERSITY AVE, SAN DIEGO, CA, 92105",32.7495609364,-117.101845916617,195347048,R,06,073,002402,3000,060730024023000,Latitude/longitude filled from US Census Batch Geocoder exact match.
Urban League San Diego County,Housing counseling; financial/budget counseling; workshops,HUD Housing Counseling Listing,"4305 University Ave, Suite 360",San Diego,92105,32.7495609364,-117.101845916617,Tier 3,Barrier-Reduction and Targeted Support,Verified / same site,https://apps.hud.gov/offices/hsg/sfh/hcc/hcs_print.cfm?filterLng=&filterMultiState=&filterSvc=&searchAffiliation=&searchCity=&searchLang=&searchName=&searchService=&searchZip=921&searchstate=CA&webListAction=Search,HUD listing confirms same address and housing/financial counseling. Same physical site as main office.,429,census_match_exact,US Census Batch Geocoder,No,429,"4305 University Ave, Suite 360, San Diego, CA, 92105",Match,Exact,"4305 UNIVERSITY AVE, SAN DIEGO, CA, 92105",32.7495609364,-117.101845916617,195347048,R,06,073,002402,3000,060730024023000,Latitude/longitude filled from US Census Batch Geocoder exact match.
Urban Street Angels,Post-Secondary Preparation & Transition; Occupational Skills Training; Housing Assistance; Drug & Mental Health Counseling; Referrals to Health & Community Services,San Diego Main / Programs Site,1404 Fifth Ave,San Diego,92101,32.719994040271,-117.16026275125,Tier 4,Transition Pathways and Intensive Wraparound Support,Verified,https://urbanstreetangels.org/programs/,"Official programs page lists 1404 Fifth Ave and describes supportive housing, job skills training, and mental health supports for TAY.",430,census_match_exact,US Census Batch Geocoder,No,430,"1404 Fifth Ave, San Diego, CA, 92101",Match,Exact,"1404 5TH AVE, SAN DIEGO, CA, 92101",32.719994040271,-117.16026275125,195343574,L,06,073,005601,2006,060730056012006,Latitude/longitude filled from US Census Batch Geocoder exact match.
Urban Street Angels,Housing; supportive resources; Vista TAY housing,VisTAY House / Vista Applicant Site,727 Ascot Drive,Vista,92083,33.200104356112,-117.259301653051,Tier 4,Transition Pathways and Intensive Wraparound Support,Verified,https://urbanstreetangels.org/applicant-form-vista/,Official Vista applicant page lists this address. Strong youth homelessness row.,431,census_match_exact,US Census Batch Geocoder,No,431,"727 Ascot Drive, Vista, CA, 92083",Match,Exact,"727 ASCOT DR, VISTA, CA, 92083",33.200104356112,-117.259301653051,657454410,R,06,073,019406,2000,060730194062000,Latitude/longitude filled from US Census Batch Geocoder exact match.
Urban Street Angels,Independent living housing for TAY,Urban Street Angels #1 Independent Living Home,1404 Fifth Ave,San Diego,92101,32.719994040271,-117.16026275125,Tier 4,Transition Pathways and Intensive Wraparound Support,Verified / same site,https://ilacalifornia.org/listing/san-diego-county/urban-street-angels-inc/,Independent Living Association listing confirms 1404 Fifth Ave and TAY priority population. Same physical site as main San Diego row.,432,census_match_exact,US Census Batch Geocoder,No,432,"1404 Fifth Ave, San Diego, CA, 92101",Match,Exact,"1404 5TH AVE, SAN DIEGO, CA, 92101",32.719994040271,-117.16026275125,195343574,L,06,073,005601,2006,060730056012006,Latitude/longitude filled from US Census Batch Geocoder exact match.
Urban Street Angels,Independent living housing for TAY,Urban Street Angels #2 Independent Living Home,Address not publicly displayed,La Mesa,Needs lookup,,,Tier 4,Transition Pathways and Intensive Wraparound Support,City-level only / needs address,https://ilacalifornia.org/listing/san-diego-county/urban-street-angels-ii/,ILA listing confirms La Mesa independent-living home but does not expose full address. Do not geocode until address is verified.,433,excluded_non_mappable,not_uploaded,Yes,,,,,,,,,,,,,,,"Excluded from Census upload because it is not a specific physical street address, is mailing-only/PO Box, is virtual/mobile/multiple sites, or needs site-level lookup."
Urban Street Angels,8 West social enterprise; job training; transitional employment,8 West / Urban Street Angels Social Enterprise,No public street address verified,San Diego,Needs lookup,,,Tier 4,Transition Pathways and Intensive Wraparound Support,Confirmed but not mappable,https://8west.org/our-cause/,"8 West confirms it is paired with Urban Street Angels’ supportive housing/job training model, but no public service address found in this pass.",434,excluded_non_mappable,not_uploaded,Yes,,,,,,,,,,,,,,,"Excluded from Census upload because it is not a specific physical street address, is mailing-only/PO Box, is virtual/mobile/multiple sites, or needs site-level lookup."
Urban Surf 4 Kids,Leadership Development; Other Education & Employment Services; surf therapy; mentorship; foster/homeless youth support,San Diego Office,"9380 Activity Rd, Suite H",San Diego,92126,32.897107279834,-117.125457685736,Tier 2,Youth Development and Enrichment,Verified,https://urbansurf4kids.org/contact-us/,Official contact/location page lists San Diego address.,435,census_match_non_exact_review,US Census Batch Geocoder,Yes,435,"9380 Activity Rd, Suite H, San Diego, CA, 92126",Match,Non_Exact,"9380 ACTIVITY RD, SAN DIEGO, CA, 92126",32.897107279834,-117.125457685736,195319140,L,06,073,008360,2005,060730083602005,Latitude/longitude filled from US Census Batch Geocoder non-exact match; review matched address before final use.
Urban Surf 4 Kids,Leadership Development; Other Education & Employment Services; surf therapy; mentorship; foster/homeless youth support,Orange County Office,3112 W. Alpine Street,Santa Ana,92704,33.700831714095,-117.910923759859,Exclude from San Diego County YOI,Outside San Diego County,Verified but outside region,https://urbansurf4kids.org/contact-us/,Official page lists this Orange County location. Exclude from San Diego County map.,436,census_match_exact,US Census Batch Geocoder,No,436,"3112 W. Alpine Street, Santa Ana, CA, 92704",Match,Exact,"3112 W ALPINE ST, SANTA ANA, CA, 92704",33.700831714095,-117.910923759859,657892462,L,06,059,074106,2030,060590741062030,Latitude/longitude filled from US Census Batch Geocoder exact match.
Urban Surf 4 Kids,Surf therapy camp / outdoor youth programming,Bonita Cove / Mission Bay Program Area,"Bonita Cove, Mission Bay",San Diego,92109,,,Tier 2,Youth Development and Enrichment,Program area / needs exact event-site verification,https://www.instagram.com/urbansurf4kids/,Social profile references Bonita Cove in Mission Bay. Use only as program-area row unless exact event location is confirmed.,437,excluded_non_mappable,not_uploaded,Yes,,,,,,,,,,,,,,,"Excluded from Census upload because it is not a specific physical street address, is mailing-only/PO Box, is virtual/mobile/multiple sites, or needs site-level lookup."
UrbanLife Ministries San Diego,Tutoring & Dropout Prevention; Post-Secondary Preparation & Transition; Paid and Unpaid Work Experiences; General Workforce Preparation; Financial Literacy Education,UrbanLife Ministries Official Contact Address,4141 Fairmount Avenue #101,San Diego,92105,32.752155106037,-117.100778178026,Tier 4,Transition Pathways and Intensive Wraparound Support,Verified,https://www.urbanlifesd.org/contact,Official contact page lists this address.,438,census_match_exact,US Census Batch Geocoder,No,438,"4141 Fairmount Avenue #101, San Diego, CA, 92105",Match,Exact,"4141 FAIRMOUNT AVE, SAN DIEGO, CA, 92105",32.752155106037,-117.100778178026,195347036,R,06,073,002302,2011,060730023022011,Latitude/longitude filled from US Census Batch Geocoder exact match.
UrbanLife Ministries San Diego,Tutoring; leadership; youth development; workforce/life skills,UrbanLife San Diego Public Primary Listing,4391 El Cajon Boulevard,San Diego,92105,32.755022693722,-117.100097770923,Tier 4,Transition Pathways and Intensive Wraparound Support,Medium verification / public listing,https://www.linkedin.com/company/urbanlife-san-diego,LinkedIn public listing gives this as primary location. Verify against provider before final map use.,439,census_match_exact,US Census Batch Geocoder,No,439,"4391 El Cajon Boulevard, San Diego, CA, 92105",Match,Exact,"4391 EL CAJON BLVD, SAN DIEGO, CA, 92105",32.755022693722,-117.100097770923,195347037,R,06,073,002302,1010,060730023021010,Latitude/longitude filled from US Census Batch Geocoder exact match.
UrbanLife Ministries San Diego,Youth development; community development; UrbanLife Village,Orange Avenue / City Heights Program Site,5202 Orange Ave,San Diego,92115,32.753132590464,-117.083581476994,Tier 4,Transition Pathways and Intensive Wraparound Support,Medium verification / program site,https://www.linkedin.com/company/urbanlife-san-diego,LinkedIn and social posts reference this location. Likely partner/church/community program site; verify if active.,440,census_match_exact,US Census Batch Geocoder,No,440,"5202 Orange Ave, San Diego, CA, 92115",Match,Exact,"5202 ORANGE AVE, SAN DIEGO, CA, 92115",32.753132590464,-117.083581476994,636471164,L,06,073,002708,1002,060730027081002,Latitude/longitude filled from US Census Batch Geocoder exact match.
UrbanLife Ministries San Diego,UrbanLife Farms; paid youth work experience; food/farm programming,Southeast UrbanLife Farms Site,210 Euclid Ave,San Diego,92114,32.706149760843,-117.085070203977,Tier 4,Transition Pathways and Intensive Wraparound Support,Medium verification / program-support site,https://www.facebook.com/UrbanlifeFarms/,UrbanLife Farms social listing gives Southeast location as 210 Euclid Ave. Include as farm/work-experience site after verification.,441,census_match_exact,US Census Batch Geocoder,No,441,"210 Euclid Ave, San Diego, CA, 92114",Match,Exact,"210 EUCLID AVE, SAN DIEGO, CA, 92114",32.706149760843,-117.085070203977,195351942,L,06,073,003304,2000,060730033042000,Latitude/longitude filled from US Census Batch Geocoder exact match.
UrbanLife Ministries San Diego,UrbanLife Farms; paid youth work experience; food/farm programming,UrbanLife Farms / LinkedIn Southeast Listing,291 S. Euclid,San Diego,92114,32.702238619867,-117.084946654667,Tier 4,Transition Pathways and Intensive Wraparound Support,Conflicting address / needs verification,https://www.linkedin.com/company/urbanlife-san-diego,"LinkedIn lists 291 S. Euclid, while UrbanLife Farms social listing says 210 Euclid Ave. Do not geocode both as final until confirmed.",442,census_match_non_exact_review,US Census Batch Geocoder,Yes,442,"291 S. Euclid, San Diego, CA, 92114",Match,Non_Exact,"291 S EUCLID AVE, SAN DIEGO, CA, 92114",32.702238619867,-117.084946654667,195352022,L,06,073,003101,1005,060730031011005,Latitude/longitude filled from US Census Batch Geocoder non-exact match; review matched address before final use.
UrbanLife Ministries San Diego,Social enterprise / cafe; youth/community workforce asset,UrbanLife Cafe,4300 El Cajon Blvd,San Diego,92105,32.755183527126,-117.101813477537,Tier 4,Transition Pathways and Intensive Wraparound Support,Verified public listing / program-support site,https://joe.coffee/locations/ca/san-diego/urbanlife-cafe-san-diego/,Public cafe listing gives this address. Include only if mapping social enterprise/work-experience assets.,443,census_match_exact,US Census Batch Geocoder,No,443,"4300 El Cajon Blvd, San Diego, CA, 92105",Match,Exact,"4300 EL CAJON BLVD, SAN DIEGO, CA, 92105",32.755183527126,-117.101813477537,612872814,L,06,073,002100,2013,060730021002013,Latitude/longitude filled from US Census Batch Geocoder exact match.
Vista Community Clinic,Post-Secondary Preparation & Transition; Leadership Development; Drug & Mental Health Counseling; Health Services; Referrals to Health & Community Services,La Tortuga Administrative and Program Offices,465 La Tortuga Drive,Vista,92081,33.190130055137,-117.25858484168,Tier 3,Barrier-Reduction and Targeted Support,Verified / admin-program office,https://www.vistacommunityclinic.org/locations/,Official VCC locations page lists this as administrative and program offices. Good HQ/program-admin row.,444,census_match_exact,US Census Batch Geocoder,No,444,"465 La Tortuga Drive, Vista, CA, 92081",Match,Exact,"465 LA TORTUGA DR, VISTA, CA, 92081",33.190130055137,-117.25858484168,637807537,L,06,073,019701,1004,060730197011004,Latitude/longitude filled from US Census Batch Geocoder exact match.
Vista Community Clinic,Health Services; Behavioral Health; Referrals to Health & Community Services,VCC: Vale Terrace,1000 Vale Terrace Drive,Vista,92084,33.209074859655,-117.229107456174,Tier 3 / Health Domain review,Barrier-Reduction and Targeted Support / Health Opportunity,Verified,https://www.vistacommunityclinic.org/locations/,Official VCC location. Also appears in public health facility listings as VCC parent facility.,445,census_match_exact,US Census Batch Geocoder,No,445,"1000 Vale Terrace Drive, Vista, CA, 92084",Match,Exact,"1000 VALE TERRACE DR, VISTA, CA, 92084",33.209074859655,-117.229107456174,195288762,L,06,073,019601,1002,060730196011002,Latitude/longitude filled from US Census Batch Geocoder exact match.
Vista Community Clinic,Health Services; Pediatrics; Teen Health; Referrals to Health & Community Services,VCC: Grapevine,134 Grapevine Road,Vista,92083,33.191128192053,-117.275156264658,Tier 3 / Health Domain review,Barrier-Reduction and Targeted Support / Health Opportunity,Verified,https://www.vistacommunityclinic.org/locations/,Official VCC location. FindHelp/public listings also associate Teen Clinic with this site; verify before tagging as teen clinic-specific.,446,census_match_exact,US Census Batch Geocoder,No,446,"134 Grapevine Road, Vista, CA, 92083",Match,Exact,"134 GRAPEVINE RD, VISTA, CA, 92083",33.191128192053,-117.275156264658,657365021,L,06,073,019405,3004,060730194053004,Latitude/longitude filled from US Census Batch Geocoder exact match.
Vista Community Clinic,Health Services; Pediatrics; Referrals to Health & Community Services,VCC: Durian Pediatrics,"105 Durian St., Suite A",Vista,92083,33.192938363818,-117.272869864004,Tier 3 / Health Domain review,Barrier-Reduction and Targeted Support / Health Opportunity,Verified,https://www.vistacommunityclinic.org/locations/,Official VCC pediatric location.,447,census_match_non_exact_review,US Census Batch Geocoder,Yes,447,"105 Durian St., Suite A, Vista, CA, 92083",Match,Non_Exact,"105 DURIAN ST, VISTA, CA, 92083",33.192938363818,-117.272869864004,195375733,R,06,073,019405,2003,060730194052003,Latitude/longitude filled from US Census Batch Geocoder non-exact match; review matched address before final use.
Vista Community Clinic,Health Services; Senior/adult care,VCC: Durian Senior Adult Care,"105 Durian Street, Suite B",Vista,92083,33.192938363818,-117.272869864004,Review / likely exclude from Youth Supports,Health Opportunity / adult-heavy,Verified but age mismatch,https://www.vistacommunityclinic.org/locations/,Senior adult care site. Exclude from 14–24 Youth Supports unless mapping all VCC assets.,448,census_match_non_exact_review,US Census Batch Geocoder,Yes,448,"105 Durian Street, Suite B, Vista, CA, 92083",Match,Non_Exact,"105 DURIAN ST, VISTA, CA, 92083",33.192938363818,-117.272869864004,195375733,R,06,073,019405,2003,060730194052003,Latitude/longitude filled from US Census Batch Geocoder non-exact match; review matched address before final use.
Vista Community Clinic,Health Services; Pediatrics; Family Medicine; Referrals to Health & Community Services,VCC: Fallbrook Pediatrics & Family Medicine,321 E Alvarado St,Fallbrook,92028,33.381964693933,-117.248831269055,Tier 3 / Health Domain review,Barrier-Reduction and Targeted Support / Health Opportunity,Verified,https://www.vistacommunityclinic.org/locations/,Official VCC North County clinic.,449,census_match_exact,US Census Batch Geocoder,No,449,"321 E Alvarado St, Fallbrook, CA, 92028",Match,Exact,"321 E ALVARADO ST, FALLBROOK, CA, 92028",33.381964693933,-117.248831269055,195455452,R,06,073,018904,2014,060730189042014,Latitude/longitude filled from US Census Batch Geocoder exact match.
Vista Community Clinic,Health Services; Pediatrics; Family Medicine; Behavioral Health; Referrals to Health & Community Services,VCC: Horne,517 N. Horne Street,Oceanside,92054,33.200854325137,-117.378116113051,Tier 3 / Health Domain review,Barrier-Reduction and Targeted Support / Health Opportunity,Verified,https://www.vistacommunityclinic.org/locations/,Official VCC Oceanside clinic.,450,census_match_exact,US Census Batch Geocoder,No,450,"517 N. Horne Street, Oceanside, CA, 92054",Match,Exact,"517 N HORNE ST, OCEANSIDE, CA, 92054",33.200854325137,-117.378116113051,195280230,L,06,073,018400,2001,060730184002001,Latitude/longitude filled from US Census Batch Geocoder exact match.
Vista Community Clinic,Health Services; Pediatrics; Dental; Referrals to Health & Community Services,VCC: Mission Pediatric & Family Dentistry,1910 Mission Ave,Oceanside,92058,33.203575176155,-117.365594368283,Tier 3 / Health Domain review,Barrier-Reduction and Targeted Support / Health Opportunity,Verified,https://www.vistacommunityclinic.org/locations/,Official VCC dental/pediatric site.,451,census_match_exact,US Census Batch Geocoder,No,451,"1910 Mission Ave, Oceanside, CA, 92058",Match,Exact,"1910 MISSION AVE, OCEANSIDE, CA, 92058",33.203575176155,-117.365594368283,195280471,L,06,073,018616,1034,060730186161034,Latitude/longitude filled from US Census Batch Geocoder exact match.
Vista Community Clinic,Health Services; Pediatrics; Women’s Health; Dental; Referrals to Health & Community Services,VCC: North River,4700 North River Road,Oceanside,92057,33.24532348017,-117.309944074893,Tier 3 / Health Domain review,Barrier-Reduction and Targeted Support / Health Opportunity,Verified,https://www.vistacommunityclinic.org/locations/,Official VCC Oceanside clinic. Also overlaps with Project REACH / Libby Lake area.,452,census_match_exact,US Census Batch Geocoder,No,452,"4700 North River Road, Oceanside, CA, 92057",Match,Exact,"4700 N RIVER RD, OCEANSIDE, CA, 92057",33.24532348017,-117.309944074893,195284087,L,06,073,018609,2000,060730186092000,Latitude/longitude filled from US Census Batch Geocoder exact match.
Vista Community Clinic,Health Services; Pediatrics; Dental; Referrals to Health & Community Services,VCC: Oceanside Pediatric & Family Dentistry,"815 College Boulevard, Suite 106",Oceanside,92057,33.239275253155,-117.291052289533,Tier 3 / Health Domain review,Barrier-Reduction and Targeted Support / Health Opportunity,Verified,https://www.vistacommunityclinic.org/locations/,Official VCC dental/pediatric site.,453,census_match_exact,US Census Batch Geocoder,No,453,"815 College Boulevard, Suite 106, Oceanside, CA, 92057",Match,Exact,"815 COLLEGE BLVD, OCEANSIDE, CA, 92057",33.239275253155,-117.291052289533,195426129,L,06,073,018524,2001,060730185242001,Latitude/longitude filled from US Census Batch Geocoder exact match.
Vista Community Clinic,Health Services; Pediatrics; Reproductive & Sexual Health; Referrals to Health & Community Services,VCC: Pier View,818 Pier View Way,Oceanside,92054,33.198402016875,-117.377584388396,Tier 3 / Health Domain review,Barrier-Reduction and Targeted Support / Health Opportunity,Verified,https://www.vistacommunityclinic.org/locations/,Official VCC Oceanside clinic.,454,census_match_exact,US Census Batch Geocoder,No,454,"818 Pier View Way, Oceanside, CA, 92054",Match,Exact,"818 PIER VIEW WAY, OCEANSIDE, CA, 92054",33.198402016875,-117.377584388396,612887982,L,06,073,018400,2013,060730184002013,Latitude/longitude filled from US Census Batch Geocoder exact match.
Vista Community Clinic,Health Services; Pediatrics; Teen Health; Referrals to Health & Community Services,VCC: Vista Village Pediatrics,950 Civic Center Drive,Vista,92083,,,Tier 3 / Health Domain review,Barrier-Reduction and Targeted Support / Health Opportunity,Verified,https://www.vistacommunityclinic.org/locations/,Official VCC pediatric location.,455,census_no_match,US Census Batch Geocoder,Yes,455,"950 Civic Center Drive, Vista, CA, 92083",No_Match,,,,,,,,,,,,"Census could not geocode this row. Manually verify address, ZIP, suite/unit formatting, or use another geocoder."
Vista Community Clinic,Youth Development; Project REACH; after-school programming; tutoring; life skills; leadership; community involvement; academic support; health education,Project REACH - Libby Lake,"4700 North River Road, Building C / Suite C",Oceanside,92057,33.24532348017,-117.309944074893,Tier 3 / Tier 2 review,Barrier-Reduction and Targeted Support / Youth Development,Verified,https://www.ci.oceanside.ca.us/government/housing-neighborhood-services/housing/community-resource-centers/libby-lake-community-center,Official City of Oceanside page lists VCC Project R.E.A.C.H. at Libby Lake; OUSD resource guide lists Libby Lake REACH at 4700 North River Road Ste. C.,456,census_match_non_exact_review,US Census Batch Geocoder,Yes,456,"4700 North River Road, Building C Suite C, Oceanside, CA, 92057",Match,Non_Exact,"4700 N RIVER RD, OCEANSIDE, CA, 92057",33.24532348017,-117.309944074893,195284087,L,06,073,018609,2000,060730186092000,Latitude/longitude filled from US Census Batch Geocoder non-exact match; review matched address before final use.
Vista Community Clinic,Youth Development; Project REACH; after-school programming; tutoring; employment readiness; academic achievement; mentoring; college/employment prep,Project REACH - Balderrama,709 San Diego Street,Oceanside,92058,33.204766499766,-117.371313808083,Tier 3 / Tier 2 review,Barrier-Reduction and Targeted Support / Youth Development,Verified via school/community resource guide,https://resources.finalsite.net/images/v1727808246/osideus/by8u5vkxdalcmeokkcvk/CommunityResourceGuideOUSDFinal.pdf,OUSD resource guide lists Balderrama REACH at 709 San Diego Street. Strong youth-support row.,457,census_match_exact,US Census Batch Geocoder,No,457,"709 San Diego Street, Oceanside, CA, 92058",Match,Exact,"709 SAN DIEGO ST, OCEANSIDE, CA, 92058",33.204766499766,-117.371313808083,612852330,L,06,073,018615,3004,060730186153004,Latitude/longitude filled from US Census Batch Geocoder exact match.
Vista Community Clinic,Youth Development; Project REACH; after-school programming; high-school-based support,Project REACH - Rancho Buena Vista High School,1601 Longhorn Drive,Vista,92081,33.164705179241,-117.245664454126,Tier 3 / Tier 2 review,Barrier-Reduction and Targeted Support / Youth Development,Medium verification / school-based,https://www.cde.ca.gov/schooldirectory/details?cdscode=37684523730728,Older volunteer/community partner sources identify RBV REACH on Rancho Buena Vista High School campus; CDE verifies the school address. Verify current activity before final map.,458,census_match_exact,US Census Batch Geocoder,No,458,"1601 Longhorn Drive, Vista, CA, 92081",Match,Exact,"1601 LONGHORN DR, VISTA, CA, 92081",33.164705179241,-117.245664454126,645509454,R,06,073,019810,1019,060730198101019,Latitude/longitude filled from US Census Batch Geocoder exact match.
Vista Community Clinic,Youth Development; Resilience Community Mentoring; support for youth on juvenile probation,Resilience Community Mentoring,No fixed public site listed,North County / San Diego County,Needs lookup,,,Tier 3,Barrier-Reduction and Targeted Support,Confirmed but not mappable,https://www.vistacommunityclinic.org/programs/,"Official VCC programs page confirms a 6-month mentoring program for youth on juvenile probation, but no site address is listed.",459,excluded_non_mappable,not_uploaded,Yes,,,,,,,,,,,,,,,"Excluded from Census upload because it is not a specific physical street address, is mailing-only/PO Box, is virtual/mobile/multiple sites, or needs site-level lookup."
Vista Community Clinic,Teen Health Services; outreach and education,Teen Health Services Outreach,Outreach / clinic-based across VCC sites,North County,Needs lookup,,,Tier 3 / Health Domain review,Barrier-Reduction and Targeted Support / Health Opportunity,Confirmed but site-level unclear,https://www.vistacommunityclinic.org/programs/,Official VCC programs page confirms Teen Health Services outreach and education. Use specific clinic rows above if exact service site is confirmed.,460,excluded_non_mappable,not_uploaded,Yes,,,,,,,,,,,,,,,"Excluded from Census upload because it is not a specific physical street address, is mailing-only/PO Box, is virtual/mobile/multiple sites, or needs site-level lookup."
Vista Hill Foundation,Occupational Skills Training; General Workforce Preparation; Other Education & Employment Services; Drug & Mental Health Counseling; Virtual Education & Employment Services,Main Office,8910 Clairemont Mesa Blvd,San Diego,92123-1104,32.831441749589,-117.135573733914,Tier 4,Transition Pathways and Intensive Wraparound Support,Verified / HQ,https://www.vistahill.org/,Official Vista Hill site lists main office. Use as HQ/admin row.,461,census_match_exact,US Census Batch Geocoder,No,461,"8910 Clairemont Mesa Blvd, San Diego, CA, 92123",Match,Exact,"8910 CLAIREMONT MESA BLVD, SAN DIEGO, CA, 92123",32.831441749589,-117.135573733914,195320591,L,06,073,008511,1011,060730085111011,Latitude/longitude filled from US Census Batch Geocoder exact match.
Vista Hill Foundation,Special Education; Transition Program; Pre-vocational and vocational training; Counseling; Disability support,Stein Education Center - Special Education Program,6145 Decena Drive,San Diego,92120,32.786211136339,-117.096699570302,Tier 4 / Education + Health review,Transition Pathways and Intensive Wraparound Support,Verified,https://www.vistahill.org/programs-services/stein-education-center-special-education-programs/,Official program page lists this address and says it serves students 5–18 and transition program young adults 18–22.,462,census_match_exact,US Census Batch Geocoder,No,462,"6145 Decena Drive, San Diego, CA, 92120",Match,Exact,"6145 DECENA DR, SAN DIEGO, CA, 92120",32.786211136339,-117.096699570302,195322152,R,06,073,009604,4001,060730096044001,Latitude/longitude filled from US Census Batch Geocoder exact match.
Vista Hill Foundation,Special Care Services; After School; disability support; behavioral support; skill development,Stein Education Center - Special Care Services,6145 Decena Drive,San Diego,92120,32.786211136339,-117.096699570302,Tier 4 / Education + Health review,Transition Pathways and Intensive Wraparound Support,Verified / same site,https://www.vistahill.org/programs-services/stein-education-center-special-care-services-after-school/,Official page lists same address; serves youth and young adults ages 5–25 with intellectual/developmental delays.,463,census_match_exact,US Census Batch Geocoder,No,463,"6145 Decena Drive, San Diego, CA, 92120",Match,Exact,"6145 DECENA DR, SAN DIEGO, CA, 92120",32.786211136339,-117.096699570302,195322152,R,06,073,009604,4001,060730096044001,Latitude/longitude filled from US Census Batch Geocoder exact match.
Vista Hill Foundation,Bridges Teen Center; adolescent substance-use treatment; behavioral/mental health support,Bridges Teen Center,Facility in Southeast San Diego; exact address not publicly listed,Southeast San Diego,Needs lookup,,,Health Domain,Move to Health Opportunity domain,Confirmed but not publicly mappable,https://www.vistahill.org/programs-services/bridges-teen-recovery-center/,Official page says the facility is in Southeast San Diego but does not expose a street address. Do not geocode without confirmation.,464,excluded_non_mappable,not_uploaded,Yes,,,,,,,,,,,,,,,"Excluded from Census upload because it is not a specific physical street address, is mailing-only/PO Box, is virtual/mobile/multiple sites, or needs site-level lookup."
Vista Hill Foundation,Learning Assistance Center; school-based mental health; special education support,LAC District Services / County Services,"School, home, and community-based services",Multiple,Needs lookup,,,Health Domain / school-based,Move to Health Opportunity domain,Clinic-without-walls / not one point,https://www.vistahill.org/programs-services/learning-assistance-center-lac-district/,"Official LAC page describes a clinic-without-walls model delivered at school, home, or community sites. Needs district/school-site expansion if used.",465,excluded_non_mappable,not_uploaded,Yes,,,,,,,,,,,,,,,"Excluded from Census upload because it is not a specific physical street address, is mailing-only/PO Box, is virtual/mobile/multiple sites, or needs site-level lookup."
Vista Hill Foundation,Merit Day Treatment; school/mental-health integrated program,Merit Day Treatment,No public street address listed,East County / school-based,Needs lookup,,,Health Domain / Education review,Move to Health or Education support,No mappable address found,https://www.vistahill.org/programs-services/merit-day-treatment/,Official Vista Hill pages list program but not a specific mappable site beyond main office footer.,466,excluded_non_mappable,not_uploaded,Yes,,,,,,,,,,,,,,,"Excluded from Census upload because it is not a specific physical street address, is mailing-only/PO Box, is virtual/mobile/multiple sites, or needs site-level lookup."
Vista Hill Foundation,ON TRACK; youth diversion; family communication support,ON TRACK,Host district / school-based locations,Chula Vista / La Mesa / Poway,Needs lookup,,,Tier 3 / Health review,Barrier-Reduction / diversion support,Not one public site,https://www.vistahill.org/programs-services/on-track/,"Official page says groups are offered through host districts in Chula Vista, La Mesa, or Poway. Exact meeting sites need manual verification.",467,excluded_non_mappable,not_uploaded,Yes,,,,,,,,,,,,,,,"Excluded from Census upload because it is not a specific physical street address, is mailing-only/PO Box, is virtual/mobile/multiple sites, or needs site-level lookup."
Vista Hill Foundation,S.A.F.I.R.; adolescent/family substance-use support groups,S.A.F.I.R.,No public street address listed,San Diego County,Needs lookup,,,Health Domain,Move to Health Opportunity domain,No mappable address found,https://www.vistahill.org/programs-services/s-a-f-i-r/,Official page lists program but not a separate street address beyond the main office footer.,468,excluded_non_mappable,not_uploaded,Yes,,,,,,,,,,,,,,,"Excluded from Census upload because it is not a specific physical street address, is mailing-only/PO Box, is virtual/mobile/multiple sites, or needs site-level lookup."
Walden Family Services,Housing Assistance; Drug & Mental Health Counseling; foster care; transitional housing; support for foster youth and young adults,Corporate Office / San Diego County Office,"8525 Gibbs Drive, Suite 100",San Diego,92123,32.810361911998,-117.143916051152,Tier 3,Barrier-Reduction and Targeted Support,Verified,https://waldenfamily.org/,Official Walden site footer lists corporate office. Good provider HQ row.,469,census_match_exact,US Census Batch Geocoder,No,469,"8525 Gibbs Drive, Suite 100, San Diego, CA, 92123",Match,Exact,"8525 GIBBS DR, SAN DIEGO, CA, 92123",32.810361911998,-117.143916051152,195321163,R,06,073,008511,3005,060730085113005,Latitude/longitude filled from US Census Batch Geocoder exact match.
Walden Family Services,Transitional Housing Program; foster youth support,Transitional Housing Program,Confidential or not publicly listed,San Diego County,Needs lookup,,,Tier 3,Barrier-Reduction and Targeted Support,Confirmed but not publicly mappable,https://waldenfamily.org/,"Official site confirms transitional housing support for foster youth, but no separate public site address was found.",470,excluded_non_mappable,not_uploaded,Yes,,,,,,,,,,,,,,,"Excluded from Census upload because it is not a specific physical street address, is mailing-only/PO Box, is virtual/mobile/multiple sites, or needs site-level lookup."
Women’s Empowerment International,No service types listed in Appendix A; economic empowerment grants; local/global partner funding,Women’s Empowerment International Mailing Address,PO Box 501406,San Diego,92150-1406,,,Review / Not enough detail,Unclassified from appendix,Mailing only / not mappable,https://womenempowerment.org/contact-2/,"Official contact page lists only a PO Box. Since Appendix A lists no service types, this should likely be excluded or kept as non-direct-service/grantmaking.",471,excluded_non_mappable,not_uploaded,Yes,,,,,,,,,,,,,,,"Excluded from Census upload because it is not a specific physical street address, is mailing-only/PO Box, is virtual/mobile/multiple sites, or needs site-level lookup."
Women’s Empowerment International,Economic empowerment partner funding; local partner organizations,Partner-based programming,Multiple partner organizations; not WEI direct service sites,San Diego County,Needs lookup,,,Review / Not enough detail,Unclassified from appendix,Not directly mappable as WEI site,https://womenempowerment.org/about-us/,WEI funds vetted nonprofit partners rather than clearly operating direct youth service sites. Map the partner organizations separately if needed.,472,excluded_non_mappable,not_uploaded,Yes,,,,,,,,,,,,,,,"Excluded from Census upload because it is not a specific physical street address, is mailing-only/PO Box, is virtual/mobile/multiple sites, or needs site-level lookup."
Words Alive,Tutoring & Dropout Prevention; Other Education & Employment Services; literacy; teen/family reading programs,Main Office,770 Park Blvd,San Diego,92101,,,Tier 2,Youth Development and Enrichment,Verified,https://www.wordsalive.org/our-location,Official location page lists 770 Park Blvd and says many partners are near the office.,473,census_no_match,US Census Batch Geocoder,Yes,473,"770 Park Blvd, San Diego, CA, 92101",No_Match,,,,,,,,,,,,"Census could not geocode this row. Manually verify address, ZIP, suite/unit formatting, or use another geocoder."
Words Alive,Tutoring & Dropout Prevention; Other Education & Employment Services; reading programs; partner-based literacy services,Partner School / Community Sites,Multiple partner sites across San Diego County,San Diego County,Needs lookup,,,Tier 2,Youth Development and Enrichment,Confirmed but needs partner-site expansion,https://www.wordsalive.org/our-location,"Official location page says over 70% of partners are within six miles of the office, but partner addresses are not listed on this page.",474,excluded_non_mappable,not_uploaded,Yes,,,,,,,,,,,,,,,"Excluded from Census upload because it is not a specific physical street address, is mailing-only/PO Box, is virtual/mobile/multiple sites, or needs site-level lookup."
YMCA of San Diego County,Leadership Development; General Workforce Preparation; Housing Assistance; Drug & Mental Health Counseling; Referrals to Health & Community Services,Association Services & Leadership Office,3708 Ruffin Road,San Diego,92123,32.823901,-117.122089,Tier 4,Transition Pathways and Intensive Wraparound Support,Verified / HQ,https://www.ymcasd.org/locations/,Official YMCA location page lists Association Services & Leadership Office. Use as HQ/admin row.,475,already_had_latlon,original_file,No,475,,,,,,,,,,,,,,Original latitude/longitude retained.
YMCA of San Diego County,TAY Services; housing crisis support; drop-in; meals; case management; overnight lodging,TAY Drop-In Center - Escondido,150 La Terraza Blvd,Escondido,92025,33.116373648463,-117.096067810355,Tier 4,Transition Pathways and Intensive Wraparound Support,Verified,https://www.ymcasd.org/about-y/news-center/events/locations-for-drop-in-centers-for-transition-age-youth/,Official YMCA TAY page lists this drop-in center for ages 13–25.,476,census_match_exact,US Census Batch Geocoder,No,476,"150 La Terraza Blvd, Escondido, CA, 92025",Match,Exact,"150 LA TERRAZA BLVD, ESCONDIDO, CA, 92025",33.116373648463,-117.096067810355,657419183,L,06,073,020500,1000,060730205001000,Latitude/longitude filled from US Census Batch Geocoder exact match.
YMCA of San Diego County,TAY Services; housing crisis support; drop-in; meals; case management; overnight lodging,TAY Drop-In Center - Oceanside,205 Barnes St,Oceanside,92054,33.20048505501,-117.365856612426,Tier 4,Transition Pathways and Intensive Wraparound Support,Verified,https://www.ymcasd.org/about-y/news-center/events/locations-for-drop-in-centers-for-transition-age-youth/,Official YMCA TAY page lists this drop-in center for ages 13–25.,477,census_match_exact,US Census Batch Geocoder,No,477,"205 Barnes St, Oceanside, CA, 92054",Match,Exact,"205 BARNES ST, OCEANSIDE, CA, 92054",33.20048505501,-117.365856612426,195280711,R,06,073,018509,1001,060730185091001,Latitude/longitude filled from US Census Batch Geocoder exact match.
YMCA of San Diego County,Childcare Resource Service; family support; referrals; youth/family resource navigation,Childcare Resource Service Department YMCA,"3333 Camino Del Rio S, #400",San Diego,92108,32.776142,-117.121612,Tier 3,Barrier-Reduction and Targeted Support,Verified,https://www.ymca.org/locations/childcare-resource-service-department-ymca,YUSA page lists this department and coordinates.,478,already_had_latlon,original_file,No,478,,,,,,,,,,,,,,Original latitude/longitude retained.
YMCA of San Diego County,Youth & Family Services; mental/behavioral health; foster youth; transitional housing; youth/young adult development,YMCA Youth & Family Services - systemwide,Multiple YFS/community sites across San Diego County,San Diego County,Needs lookup,,,Tier 4,Transition Pathways and Intensive Wraparound Support,Confirmed but not one fixed public site,https://www.ymcasd.org/community-support/ymca-youth-and-family-services/,"Official page describes YFS social services, mental/behavioral health, family preservation, transitional housing, and youth/young adult development.",479,excluded_non_mappable,not_uploaded,Yes,,,,,,,,,,,,,,,"Excluded from Census upload because it is not a specific physical street address, is mailing-only/PO Box, is virtual/mobile/multiple sites, or needs site-level lookup."
YMCA of San Diego County,Youth development; teen programming; family/community center,Border View Family YMCA,3601 Arey Dr,San Diego,92154,32.5967198,-116.9028125,Tier 2,Youth Development and Enrichment,Verified,https://www.ymca.org/locations/border-view-family-ymca,YUSA location page lists address and coordinates.,480,already_had_latlon,original_file,No,480,,,,,,,,,,,,,,Original latitude/longitude retained.
YMCA of San Diego County,Youth development; teen programming; family/community center,Cameron Family YMCA,10123 Riverwalk Drive,Santee,92071,32.851865057051,-116.979388638212,Tier 2,Youth Development and Enrichment,Verified,https://www.ymcasofca.org/locations/cameron-family-ymca,YMCA State Alliance page lists address.,481,census_match_exact,US Census Batch Geocoder,No,481,"10123 Riverwalk Drive, Santee, CA, 92071",Match,Exact,"10123 RIVERWALK DR, SANTEE, CA, 92071",32.851865057051,-116.979388638212,612880714,R,06,073,016615,2000,060730166152000,Latitude/longitude filled from US Census Batch Geocoder exact match.
YMCA of San Diego County,Youth development; teen programming; family/community center,Copley-Price Family YMCA,4300 El Cajon Blvd,San Diego,92105,32.755183527126,-117.101813477537,Tier 2,Youth Development and Enrichment,Verified,https://www.ymca.org/locations/copley-price-family-ymca,YUSA location page lists address.,482,census_match_exact,US Census Batch Geocoder,No,482,"4300 El Cajon Blvd, San Diego, CA, 92105",Match,Exact,"4300 EL CAJON BLVD, SAN DIEGO, CA, 92105",32.755183527126,-117.101813477537,612872814,L,06,073,002100,2013,060730021002013,Latitude/longitude filled from US Census Batch Geocoder exact match.
YMCA of San Diego County,Youth development; teen programming; family/community center,Dan McKinney Family YMCA,8355 Cliffridge Ave,La Jolla,92037,32.85895,-117.24278,Tier 2,Youth Development and Enrichment,Verified,https://www.ymca.org/locations/dan-mckinney-family-ymca,YUSA location page lists address and coordinates.,483,already_had_latlon,original_file,No,483,,,,,,,,,,,,,,Original latitude/longitude retained.
YMCA of San Diego County,Youth development; teen programming; family/community center,Escondido YMCA - Campus for Community Well-Being / Palomar Family YMCA,1050 N Broadway,Escondido,92026,33.134728,-117.087225,Tier 2,Youth Development and Enrichment,Verified,https://www.ymca.org/locations/escondido-ymca-campus-community-well-being,"YUSA page lists this site, formerly/related to Palomar Family YMCA.",484,already_had_latlon,original_file,No,484,,,,,,,,,,,,,,Original latitude/longitude retained.
YMCA of San Diego County,Youth development; teen programming; family/community center,Jackie Robinson Family YMCA,151 YMCA Way,San Diego,92102,32.705080532873,-117.097419435295,Tier 2,Youth Development and Enrichment,Verified,https://www.ymca.org/locations/jackie-robinson-family-ymca,YUSA location page lists address.,485,census_match_exact,US Census Batch Geocoder,No,485,"151 YMCA Way, San Diego, CA, 92102",Match,Exact,"151 YMCA WAY, SAN DIEGO, CA, 92102",32.705080532873,-117.097419435295,195756300,L,06,073,003301,2000,060730033012000,Latitude/longitude filled from US Census Batch Geocoder exact match.
YMCA of San Diego County,Youth development; teen programming; family/community center,Joe and Mary Mottino Family YMCA,4701 Mesa Dr,Oceanside,92056,33.22518756593,-117.292383052209,Tier 2,Youth Development and Enrichment,Verified,https://www.ymca.org/locations/joe-and-mary-mottino-family-ymca,YUSA location page lists address.,486,census_match_exact,US Census Batch Geocoder,No,486,"4701 Mesa Dr, Oceanside, CA, 92056",Match,Exact,"4701 MESA DR, OCEANSIDE, CA, 92056",33.22518756593,-117.292383052209,195713102,L,06,073,019301,2010,060730193012010,Latitude/longitude filled from US Census Batch Geocoder exact match.
YMCA of San Diego County,Youth development; teen programming; family/community center,Magdalena Ecke Family YMCA,200 Saxony Rd,Encinitas,92024,33.0509,-117.285699,Tier 2,Youth Development and Enrichment,Verified,https://www.ymca.org/locations/magdalena-ecke-family-ymca,YUSA location page lists address and coordinates.,487,already_had_latlon,original_file,No,487,,,,,,,,,,,,,,Original latitude/longitude retained.
YMCA of San Diego County,Youth development; teen programming; family/community center,McGrath Family YMCA,12006 Campo Road,Spring Valley,91978,32.732048249122,-116.939562814771,Tier 2,Youth Development and Enrichment,Verified / check current site page,https://docs.candid.org/edoc/10384225/document.pdf,YMCA annual report lists address; verify with current YMCA location page before final geocoding.,488,census_match_exact,US Census Batch Geocoder,No,488,"12006 Campo Road, Spring Valley, CA, 91978",Match,Exact,"12006 CAMPO RD, SPRING VALLEY, CA, 91978",32.732048249122,-116.939562814771,195365380,R,06,073,021305,2009,060730213052009,Latitude/longitude filled from US Census Batch Geocoder exact match.
YMCA of San Diego County,Youth development; teen programming; family/community center,Mission Valley YMCA,5505 Friars Road,San Diego,92110,32.763463729768,-117.195043943741,Tier 2,Youth Development and Enrichment,Verified,https://sandiego.kidsoutandabout.com/content/mission-valley-ymca,Public program listing and YMCA/YUSA references list this address.,489,census_match_exact,US Census Batch Geocoder,No,489,"5505 Friars Road, San Diego, CA, 92110",Match,Exact,"5505 FRIARS RD, SAN DIEGO, CA, 92110",32.763463729768,-117.195043943741,657428805,R,06,073,008902,1004,060730089021004,Latitude/longitude filled from US Census Batch Geocoder exact match.
YMCA of San Diego County,Youth development; teen programming; family/community center,Rancho Family YMCA,9410 Fairgrove Ln,San Diego,92129,32.95776,-117.124005,Tier 2,Youth Development and Enrichment,Verified,https://www.ymca.org/locations/rancho-family-ymca,YUSA location page lists address and coordinates.,490,already_had_latlon,original_file,No,490,,,,,,,,,,,,,,Original latitude/longitude retained.
YMCA of San Diego County,Youth development; teen programming; family/community center,South Bay Family YMCA,1201 Paseo Magda,Chula Vista,91910,32.6393,-117.011763,Tier 2,Youth Development and Enrichment,Verified,https://www.ymca.org/locations/south-bay-family-ymca,YUSA location page lists address and coordinates.,491,already_had_latlon,original_file,No,491,,,,,,,,,,,,,,Original latitude/longitude retained.
YMCA of San Diego County,Youth development; teen programming; family/community center,T. Claude and Gladys B. Ryan Family YMCA / Peninsula Family YMCA,4390 Valeta St,San Diego,92107,32.749705,-117.232846,Tier 2,Youth Development and Enrichment,Verified,https://www.ymca.org/locations/t-claude-and-gladys-b-ryan-family-ymca,YUSA location page lists address and coordinates.,492,already_had_latlon,original_file,No,492,,,,,,,,,,,,,,Original latitude/longitude retained.
YMCA of San Diego County,Youth development; teen programming; family/community center,Toby Wells YMCA,5105 Overland Ave,San Diego,92123,32.829506123938,-117.130948250349,Tier 2,Youth Development and Enrichment,Verified,https://www.ymca.org/locations/toby-wells-ymca,YUSA location page lists address.,493,census_match_exact,US Census Batch Geocoder,No,493,"5105 Overland Ave, San Diego, CA, 92123",Match,Exact,"5105 OVERLAND AVE, SAN DIEGO, CA, 92123",32.829506123938,-117.130948250349,195683797,L,06,073,008511,1022,060730085111022,Latitude/longitude filled from US Census Batch Geocoder exact match.
YMCA of San Diego County,Outdoor youth development; overnight camp; leadership; enrichment,YMCA Camp Marston,4761 Pine Hills Road,Julian,92036,33.042727776114,-116.621661107076,Tier 2,Youth Development and Enrichment,Verified,https://www.ymca.org/locations/ymca-camp-marston,YUSA camp location page lists address.,494,census_match_exact,US Census Batch Geocoder,No,494,"4761 Pine Hills Road, Julian, CA, 92036",Match,Exact,"4761 PINE HILLS RD, JULIAN, CA, 92036",33.042727776114,-116.621661107076,195337138,L,06,073,020904,3028,060730209043028,Latitude/longitude filled from US Census Batch Geocoder exact match.
YMCA of San Diego County,Outdoor youth development; overnight camp; equestrian programming,YMCA Raintree Ranch,2315 Frisius Dr,Julian,92036,33.04549797034,-116.610450490069,Tier 2,Youth Development and Enrichment,Verified,https://www.ymca.org/locations/ymca-raintree-ranch,YUSA camp location page lists address.,495,census_match_exact,US Census Batch Geocoder,No,495,"2315 Frisius Dr, Julian, CA, 92036",Match,Exact,"2315 FRISIUS DR, JULIAN, CA, 92036",33.04549797034,-116.610450490069,195694714,R,06,073,020904,3010,060730209043010,Latitude/longitude filled from US Census Batch Geocoder exact match.
YMCA of San Diego County,Outdoor youth development; surf camp; leadership; enrichment,YMCA Camp Surf,560 Silver Strand Blvd,Imperial Beach,91932,32.585714039686,-117.128355333325,Tier 2,Youth Development and Enrichment,Verified,https://www.ymca.org/locations/ymca-camp-surf,YUSA camp location page lists address.,496,census_match_exact,US Census Batch Geocoder,No,496,"560 Silver Strand Blvd, Imperial Beach, CA, 91932",Match,Exact,"560 SILVER STRAND BLVD, IMPERIAL BEACH, CA, 91932",32.585714039686,-117.128355333325,195749633,R,06,073,010501,1006,060730105011006,Latitude/longitude filled from US Census Batch Geocoder exact match.
YMCA of San Diego County,Skate/bike park; youth recreation; enrichment,Krause Family Skate & Bike Park,3401 Clairemont Dr,San Diego,92117,32.802906822535,-117.19826159274,Tier 2,Youth Development and Enrichment,Verified / program-support site,https://docs.candid.org/edoc/10384225/document.pdf,YMCA annual report lists this Mission Valley YMCA-associated skate/bike park. Include if recreation/youth enrichment sites are included.,497,census_match_exact,US Census Batch Geocoder,No,497,"3401 Clairemont Dr, San Diego, CA, 92117",Match,Exact,"3401 CLAIREMONT DR, SAN DIEGO, CA, 92117",32.802906822535,-117.19826159274,195680009,R,06,073,009102,2000,060730091022000,Latitude/longitude filled from US Census Batch Geocoder exact match.
YMCA of San Diego County,Youth development; family/community center,Beach and Bay Family YMCA,4606 Ingraham Street,San Diego,92109,32.801768235905,-117.241551009799,Tier 2,Youth Development and Enrichment,Older YMCA report / verify current,https://docs.candid.org/edoc/10384225/document.pdf,Listed in older YMCA annual report. Verify current active status before final map.,498,census_match_exact,US Census Batch Geocoder,No,498,"4606 Ingraham Street, San Diego, CA, 92109",Match,Exact,"4606 INGRAHAM ST, SAN DIEGO, CA, 92109",32.801768235905,-117.241551009799,195302978,L,06,073,007912,1006,060730079121006,Latitude/longitude filled from US Census Batch Geocoder exact match.
YMCA of San Diego County,Youth development; family/community center,John A. Davis Family YMCA,8881 Dallas Street,La Mesa,91942,32.790834926624,-117.00679905579,Tier 2,Youth Development and Enrichment,Older YMCA report / verify current,https://docs.candid.org/edoc/10384225/document.pdf,Listed in older YMCA annual report. Verify current active status before final map.,499,census_match_exact,US Census Batch Geocoder,No,499,"8881 Dallas Street, La Mesa, CA, 91942",Match,Exact,"8881 DALLAS ST, LA MESA, CA, 91942",32.790834926624,-117.00679905579,633384386,R,06,073,015001,1009,060730150011009,Latitude/longitude filled from US Census Batch Geocoder exact match.
YMCA of San Diego County,Youth development; community center,Shepherd YMCA Firehouse,7877 Herschel Avenue,La Jolla,92037,32.846565439,-117.273076671369,Tier 2,Youth Development and Enrichment,Older YMCA report / verify current,https://docs.candid.org/edoc/10384225/document.pdf,Listed in older YMCA annual report. Verify current active status before final map.,500,census_match_exact,US Census Batch Geocoder,No,500,"7877 Herschel Avenue, La Jolla, CA, 92037",Match,Exact,"7877 HERSCHEL AVE, LA JOLLA, CA, 92037",32.846565439,-117.273076671369,195298463,R,06,073,008201,2012,060730082012012,Latitude/longitude filled from US Census Batch Geocoder exact match.
YMCA of San Diego County,Gymnastics; youth recreation; enrichment,Magdalena Ecke YMCA Gymnastics Center,"6100 Avenida Encinas, Suite B",Carlsbad,92011,33.117786291626,-117.322734005817,Tier 2,Youth Development and Enrichment,Older YMCA report / verify current,https://docs.candid.org/edoc/10384225/document.pdf,Listed in older YMCA annual report. Verify current active status before final map.,501,census_match_non_exact_review,US Census Batch Geocoder,Yes,501,"6100 Avenida Encinas, Suite B, Carlsbad, CA, 92011",Match,Non_Exact,"6100 AVE ENCINAS, CARLSBAD, CA, 92008",33.117786291626,-117.322734005817,195449196,L,06,073,017813,2023,060730178132023,Latitude/longitude filled from US Census Batch Geocoder non-exact match; review matched address before final use.
YMCA of San Diego County,Gymnastics; youth recreation; enrichment,East County YMCA Gymnastics Center,"2471 Jamacha Blvd, Suites 102-104",El Cajon,92019,,,Tier 2,Youth Development and Enrichment,Older YMCA report / verify current,https://docs.candid.org/edoc/10384225/document.pdf,Listed in older YMCA annual report. Verify current active status before final map.,502,census_no_match,US Census Batch Geocoder,Yes,502,"2471 Jamacha Blvd, Suites 102-104, El Cajon, CA, 92019",No_Match,,,,,,,,,,,,"Census could not geocode this row. Manually verify address, ZIP, suite/unit formatting, or use another geocoder."
YMCA of San Diego County,Camp and sports; youth recreation; enrichment,Scripps Poway YMCA Camp and Sports Center,10481 Scripps Poway Parkway,San Diego,92131,,,Tier 2,Youth Development and Enrichment,Older YMCA report / verify current,https://docs.candid.org/edoc/10384225/document.pdf,Listed in older YMCA annual report. Verify current active status before final map.,503,census_no_match,US Census Batch Geocoder,Yes,503,"10481 Scripps Poway Parkway, San Diego, CA, 92131",No_Match,,,,,,,,,,,,"Census could not geocode this row. Manually verify address, ZIP, suite/unit formatting, or use another geocoder."
Young and Prosperous Foundation,No service types listed in Appendix A; mentorship; college access; wellness; leadership programming,Young and Prosperous Foundation - service area,No public street address verified,San Diego County / Promise Zone,Needs lookup,,,Review / Not enough detail,Unclassified from appendix,Countywide / no fixed public site,https://www.youngandprosperous.org/,"Official site describes mentorship, higher education, wellness, and San Diego Promise Zone service area, but no public street address is clearly listed.",504,excluded_non_mappable,not_uploaded,Yes,,,,,,,,,,,,,,,"Excluded from Census upload because it is not a specific physical street address, is mailing-only/PO Box, is virtual/mobile/multiple sites, or needs site-level lookup."
Young and Prosperous Foundation,Mentorship; college access; youth programs; wellness; leadership,Young and Prosperous Foundation Public Address Listing,1802 Mattero Ave,Chula Vista,91913-3522,32.606887778306,-116.995080705455,Review / Not enough detail,Unclassified from appendix,Third-party listing / likely admin or mailing,https://www.zeffy.com/organization/young-and-prosperous-foundation-california,Zeffy profile lists this address. Verify with provider before mapping.,505,census_match_exact,US Census Batch Geocoder,No,505,"1802 Mattero Ave, Chula Vista, CA, 91913",Match,Exact,"1802 MATTERO AVE, CHULA VISTA, CA, 91913",32.606887778306,-116.995080705455,652054870,R,06,073,013317,3001,060730133173001,Latitude/longitude filled from US Census Batch Geocoder exact match.
Young and Prosperous Foundation,Youth soccer/futsal; mentorship; wellness,Colina Park Program Area,Colina Park / City Heights area,San Diego,Needs lookup,,,Tier 2,Youth Development and Enrichment,Program area / needs exact field address,https://www.youngandprosperous.org/blank-1,Official staff page says YAP started free youth soccer and futsal teams at Colina Park. Exact field/court address should be verified before geocoding.,506,excluded_non_mappable,not_uploaded,Yes,,,,,,,,,,,,,,,"Excluded from Census upload because it is not a specific physical street address, is mailing-only/PO Box, is virtual/mobile/multiple sites, or needs site-level lookup."
Young and Prosperous Foundation,College access; mentoring; educational development,San Diego Promise Zone / City Heights and Southeast San Diego,Multiple school/community partner sites,San Diego,Needs lookup,,,Tier 2 / Tier 4 review,Youth Development and Enrichment / Transition Pathways,Partner-based; not one fixed site,https://www.sdfoundation.org/wp-content/uploads/2023/10/sdf-nonprofit-year-end-giving-guide-2023.pdf,San Diego Foundation giving guide describes YAP focus on City Heights and Southeast San Diego. Map only if partner/event sites are identified.,507,excluded_non_mappable,not_uploaded,Yes,,,,,,,,,,,,,,,"Excluded from Census upload because it is not a specific physical street address, is mailing-only/PO Box, is virtual/mobile/multiple sites, or needs site-level lookup."
Youth Assistance Coalition,Tutoring & Dropout Prevention; Alternative Secondary School Services; Postsecondary Preparation; school supplies; workforce preparation; referrals; virtual services,Youth Assistance Coalition Office,2801 B St #238,San Diego,92102,32.717871941799,-117.133745503119,Tier 4,Transition Pathways and Intensive Wraparound Support,Verified,https://www.yacsd.org/contact/,Official YAC contact page lists address.,508,census_match_exact,US Census Batch Geocoder,No,508,"2801 B St #238, San Diego, CA, 92102",Match,Exact,"2801 B ST, SAN DIEGO, CA, 92102",32.717871941799,-117.133745503119,612868645,R,06,073,004101,1002,060730041011002,Latitude/longitude filled from US Census Batch Geocoder exact match.
Youth Assistance Coalition,Youth homelessness outreach; mentorship; community collaboration,Youth Assistance Coalition Outreach / Mobile Service,Mobile/outreach; no additional fixed public site,San Diego,Needs lookup,,,Tier 4,Transition Pathways and Intensive Wraparound Support,Mobile / not directly mappable,https://www.yacsd.org/,Official site describes services for youth experiencing homelessness. Use office row unless outreach sites are provided.,509,excluded_non_mappable,not_uploaded,Yes,,,,,,,,,,,,,,,"Excluded from Census upload because it is not a specific physical street address, is mailing-only/PO Box, is virtual/mobile/multiple sites, or needs site-level lookup."
Youth Empowerments Finest (Youth Empowerment),Other Education & Employment Services; Drug & Mental Health Counseling; mentorship; restorative practices; youth leadership,Youth Empowerment San Diego / Youth Empowerments Finest,"4660 El Cajon Blvd, Unit 205",San Diego,92115,32.75588089814,-117.093986120941,Tier 1 / Health Domain review,Basic Youth Access and Navigation / Health Opportunity,Verified,https://www.youthempowermentsd.com/,Official site footer lists address and describes City Heights youth mentorship.,510,census_match_exact,US Census Batch Geocoder,No,510,"4660 El Cajon Blvd, Unit 205, San Diego, CA, 92115",Match,Exact,"4660 EL CAJON BLVD, SAN DIEGO, CA, 92115",32.75588089814,-117.093986120941,657321205,L,06,073,002301,2003,060730023012003,Latitude/longitude filled from US Census Batch Geocoder exact match.
Youth Empowerments Finest (Youth Empowerment),Restorative practices; youth leadership; SUD/MH support; mentoring middle school students,Behavioral Health Recovery Services Project Community Partner Sites,30 middle-school/community sites across San Diego County,San Diego County,Needs lookup,,,Tier 1 / Health Domain review,Basic Youth Access and Navigation / Health Opportunity,Confirmed but needs site expansion,https://www.shfcenter.org/stories/youth-empowerments-finest/,Sierra Health Foundation story says Youth Empowerments Finest trained youth leaders who mentored middle school students across 30 sites; exact sites are not listed.,511,census_no_match,US Census Batch Geocoder,Yes,511,"30 middle-school community sites across San Diego County, San Diego County, CA, ",No_Match,,,,,,,,,,,,"Census could not geocode this row. Manually verify address, ZIP, suite/unit formatting, or use another geocoder."
Zero to Necessary,General Workforce Preparation; Other Education & Employment Services; STEM education; robotics/coding/drone instruction,Zero To Necessary - public city/ZIP listing,No public street address verified,San Diego,92126,,,Tier 4,Transition Pathways and Intensive Wraparound Support,City/ZIP only,https://www.indeed.com/viewjob?jk=683bcb254ce67e63,"Indeed job listing places Zero To Necessary in San Diego, CA 92126 and describes STEM instructor work. No full street address found.",512,excluded_non_mappable,not_uploaded,Yes,,,,,,,,,,,,,,,"Excluded from Census upload because it is not a specific physical street address, is mailing-only/PO Box, is virtual/mobile/multiple sites, or needs site-level lookup."
Zero to Necessary,STEM education; robotics; remote learning; career/professional development,Zero To Necessary LinkedIn Listing,"San Diego, CA",San Diego,Needs lookup,,,Tier 4,Transition Pathways and Intensive Wraparound Support,City-level only,https://www.linkedin.com/company/zero-to-necessary,"LinkedIn lists headquarters as San Diego and specialties including STEM, remote learning, robotics, education, development, career, and professional.",513,excluded_non_mappable,not_uploaded,Yes,,,,,,,,,,,,,,,"Excluded from Census upload because it is not a specific physical street address, is mailing-only/PO Box, is virtual/mobile/multiple sites, or needs site-level lookup."
Zero to Necessary,Homeschool DIY STEM projects; entrepreneurship / education business accelerator participant,Jacobs Center Business Accelerator Listing,Jacobs Center / program partner; exact operating site not listed,San Diego,Needs lookup,,,Tier 4,Transition Pathways and Intensive Wraparound Support,Partner/program listing only,https://www.jacobscenter.org/cohort-4/,Jacobs Center cohort page says Zero to Necessary creates and delivers homeschool DIY STEM projects. Not a stable service-site address.,514,excluded_non_mappable,not_uploaded,Yes,,,,,,,,,,,,,,,"Excluded from Census upload because it is not a specific physical street address, is mailing-only/PO Box, is virtual/mobile/multiple sites, or needs site-level lookup."
Zero to Necessary,STEM instruction; UCSD Extended Studies / Sally Ride Science Academy partnership,Summer STEM Program Partner Sites,UC San Diego Extended Studies / Sally Ride Science Academy partner sites,San Diego,Needs lookup,,,Tier 4,Transition Pathways and Intensive Wraparound Support,Program partner sites need lookup,https://www.indeed.com/q-stem-camps-l-san-diego%2C-ca-jobs.html,Job listings mention summer programs in partnership with UC San Diego Extended Studies and Sally Ride Science Academy. Use only after confirming actual site address.,515,excluded_non_mappable,not_uploaded,Yes,,,,,,,,,,,,,,,"Excluded from Census upload because it is not a specific physical street address, is mailing-only/PO Box, is virtual/mobile/multiple sites, or needs site-level lookup."
